:020000040800F2
:10000000005000200186000821380008233800082D
:1000100000000000000000000000000000000000E0
:10002000000000000000000000000000398300080C
:100030000000000000000000E183000825380008EF
:100040005186000851860008518600085186000834
:100050005186000851860008518600085186000824
:1000600000000000393800084938000861380008ED
:100070005186000851860008E138000851860008C2
:1000800051860008518600085186000800000000D3
:1000900051860008518600085186000851860008E4
:1000A000518600085186000851860008D1380008A2
:1000B0005186000851860008000000000000000082
:1000C00010B5064C2378002B07D1054B002B02D02E
:1000D000044800E000BF0123237010BD7800002019
:1000E00000000000989B0008084B10B5002B03D0BF
:1000F0000749084800E000BF07480368002B00D10B
:1001000010BD064B002BFBD09847F9E7000000001C
:100110007C000020989B0008740000200000000074
:10012000002243088B4274D303098B425FD3030A36
:100130008B4244D3030B8B4228D3030C8B420DD349
:10014000FF22090212BA030C8B4202D312120902D7
:1001500065D0030B8B4219D300E0090AC30B8B4215
:1001600001D3CB03C01A5241830B8B4201D38B03C3
:10017000C01A5241430B8B4201D34B03C01A524168
:10018000030B8B4201D30B03C01A5241C30A8B42AB
:1001900001D3CB02C01A5241830A8B4201D38B0296
:1001A000C01A5241430A8B4201D34B02C01A52413A
:1001B000030A8B4201D30B02C01A5241CDD2C309AC
:1001C0008B4201D3CB01C01A524183098B4201D328
:1001D0008B01C01A524143098B4201D34B01C01A13
:1001E000524103098B4201D30B01C01A5241C3088B
:1001F0008B4201D3CB00C01A524183088B4201D3FA
:100200008B00C01A524143088B4201D34B00C01AE5
:100210005241411A00D20146524110467047FFE751
:1002200001B5002000F006F802BDC0460029F7D055
:1002300076E770477047C046002B11D1002A0FD1D6
:10024000002900D1002802D00021C943081C07B4AE
:10025000024802A14018029003BDC046D9FFFFFF2B
:1002600003B4684601B5029800F04EF8019B9E4623
:1002700002B00CBC7047C046F0B5CE4647461504E8
:100280002D0C2E0080B50704140C3F0C9946030C6E
:100290007E435D43674363437F19340CE4199C46F6
:1002A000A54203D980235B029846C4444B46514380
:1002B00043433604360C250C24046544A41959180C
:1002C000491920000CBC90469946F0BD70B500223B
:1002D0000C4B04000D0001F01DFA002804D1200091
:1002E000290001F077F970BD064B0022200029009B
:1002F00000F05AFE01F06EF980231B069C46604414
:10030000F1E7C0460000E041F0B557464E4645468D
:10031000DE46E0B5040083B00D00924699468B425C
:100320002FD82CD04946504601F01CFA290006006F
:10033000200001F017FA331A9846203B9B4600D55F
:1003400074E053465A4693401F005346424693403A
:100350001E00AF4229D826D05B46A41BBD41002B0E
:1003600000DA79E0002200230092019301235A462B
:1003700093400193012342469340009319E0824247
:10038000D0D900220023009201930C9B002B01D0B6
:100390001C605D600098019903B03CBC9046994692
:1003A000A246AB46F0BDA342D6D90022002300925C
:1003B00001934346002BE8D0FB0772081A434646D8
:1003C0007B080EE0AB4201D1A2420CD8A41A9D4199
:1003D000012024196D410021013E24184D41002EB9
:1003E00006D0AB42EED9013E24196D41002EF8D162
:1003F0005B460098019900196941002B22DB2B0014
:100400005A46D3402A004446E2401C005B46150091
:10041000002B2CDB26009E40330026004746BE40C2
:100420003200801A994100900191AEE742462023A4
:100430009B1A5246DA40414613004A468A4017004A
:100440001F4382E7424620239B1A2A0046469A40D1
:100450002300F3401343D5E74246202300219B1A93
:100460000022009101920122DA40019282E7424685
:10047000202326009B1ADE402F00B4469740664694
:100480003B003343C9E7C046F8B54546DE4657460C
:100490004E460C03E0B54E00C90F88460D00610AB8
:1004A000440F0C43C70019035800DB0F9B464B0A4F
:1004B000510F0B43760D400D1900D200D84500D1E5
:1004C000AEE0351A002D00DCF6E000280FD1134312
:1004D00000D1DBE06B1E002B00D037E1BA1A974247
:1004E000BF41641A7F42E41B0126170024E0C64B7B
:1004F0009E424DD080231B041943382D00DD07E1B7
:100500001F2D00DD38E12020431B9A460B0050468A
:100510008340994613004846EB4018430300504679
:100520008240501E8241E9401A43BA1A611A97422A
:10053000A441170064420C1B230262D56402650AC1
:10054000002D00D1DFE0280001F0EEF80300083BA9
:100550001F2B00DDD2E020223C00D21A9D40D44067
:100560009F4025439E4200DDC4E09E1B731C1F2B51
:1005700000DDF1E0202238002900D21AD840914055
:1005800097402C000143781E8741DC4000260F4332
:100590007B0709D00F233B40042B05D03B1DBB42FA
:1005A000BF417F42E4191F0023022CD5964B013630
:1005B0009E4200D19AE04546944BFF081C406007DC
:1005C000760564020743240B760D00212403230BD8
:1005D0000C0D8F4A24051C431440330523435B0054
:1005E000ED075B082B43380019003CBC9046994648
:1005F000A246AB46F8BD6446044300D111E20400B4
:1006000067467B07C6D145466007FF080743E408F5
:100610007D4B9E4230D024037605240B760DD4E723
:10062000331A9A46002B78DD002831D0764886426E
:10063000AED08020000401435346382B00DCE9E0B3
:100640000A43511E8A410021D219BA42BF410919F9
:100650007C4217000C192302D3D56B4B01369E4206
:1006600000D13AE10120694B1C407B0807401F4341
:10067000E007074364088BE723003B4300D1CBE14D
:100680008022120314432403240B9EE72E007FE7ED
:100690000800104300D1B4E0581E002800D0DEE06E
:1006A000BA18BA429B4164185B42E418170001264D
:1006B0002302A6D50226D5E7002D6ED1701C400579
:1006C000400D012800DCF9E0B81A844687428041D9
:1006D000E51A40422D1A280200D489E0D71BBA42FD
:1006E00092411C1B5242A51AD84629E745460024D0
:1006F00000276AE7454CF61A2C4049E73D002838A8
:10070000854000272EE7380001F00EF820301DE765
:100710000A43511E8A41002107E7002B00D0F3E075
:10072000701C43055B0D012B00DCADE0364B98429D
:1007300000D1D1E0BA18BA42BF4164187F42E4192F
:10074000E707520817436408060021E72E48854250
:1007500000D193E01D00D0E629001F3EF140202B80
:1007600000D18DE04022D31A9D402F437D1EAF4122
:1007700000240F43002644E72B000800203BD8400C
:100780000300202D00D17DE04020451BA9400A43F5
:10079000511E8A4100211A43C7E6002E50D01A4E3E
:1007A000B04257D080266B429946360434434B46BC
:1007B000382B00DDD6E01F2B00DD35E12026F51AB1
:1007C0002600AE40B2463E00DE40AC4635005646FE
:1007D0002E436546AF407D1EAF41DC403743D71BFB
:1007E000BA4292410C1B5242A41A0600D846A3E614
:1007F000644667462C4300D0A2E600250026002769
:1008000006E71E00C4E6C046FF070000FFFF7FFFAB
:10081000FFFF0F801F2B63DC2020C31A08009840C5
:100820009C46834653461000D84003005846184360
:1008300063469A40531E9A4153460243D94003E708
:1008400026003E4306D0EB439946002BC7D0944E7A
:10085000B042ACD10C0017000600D84698E6904B89
:100860009A450BD08246E7E6002800D09EE01800AB
:10087000104300D1E9E01C001700D846884E87E6F7
:10088000002572E7002182E723003B43002E00D0C1
:10089000ABE0002B00D1E7E00B00134300D177E67B
:1008A000BA18BA42BF4164187F42E419230200D447
:1008B000F2E07C4B17001C40060069E6200038433C
:1008C000002ED1D100285BD11C00144300D1A8E038
:1008D0001C001700D8465BE606000024002797E6B8
:1008E00050460B002038C34099465346202B00D178
:1008F00095E0402350461B1A99400A43511E8A41F5
:100900004B4600211A439FE6002E30D126003E437D
:1009100067D0DB439A46002B1CD0614EB04260D0BA
:100920005346382B00DD96E01F2B00DD9FE020268C
:10093000F31A26009E409C46B34653463E00DE40D6
:1009400033005E461E4363469F407B1E9F415346D5
:10095000DC403743BF189742924164185242A418B2
:10096000060078E627437C1EA741002437E74C4E5B
:10097000B04236D080265B4236049A463443CFE7F5
:100980001800104300D103E6B81A84466745AD410C
:10099000E01A6D42401B050200D42CE6D71BBA4278
:1009A00092411C1B5242A41AD846F1E5180010438C
:1009B00000D163E7F808670707438020E4080003D5
:1009C000044208D0DD08054205D1D2085907114379
:1009D0000F002C00D8467B0FE4001C43FF00304E74
:1009E000D6E50C0017000600D2E5002B38D00B002E
:1009F000134300D142E7F808670707438020E40863
:100A000000030442E7D0CB080342E4D1D2084907EF
:100A100011430F001C00DEE700270024D5E500216C
:100A20006BE700250027F3E54E462500203EF54004
:100A30004B462E00202B2DD04025ED1AAC402743ED
:100A40007C1EA74100243743C9E6802400252403E7
:100A5000134E0027DCE527437C1EA741002479E7DD
:100A60000C0017000E4E93E50C00170090E556465B
:100A70002300203EF34099465346202B0ED04023BE
:100A800056469B1B9C4027437C1EA7414B46002497
:100A90001F435FE70024D2E71700B2E50024F2E726
:100AA000FF070000FFFF7FFFF0B557464546DE46D3
:100AB0004E46E0B50C0398464E00230B87B0070066
:100AC00092469B46760DCD0F002E6BD06D4B9E420D
:100AD00035D080245B46420F2404DB0014431C43C2
:100AE000C3009946684BA3469C46002300276644F2
:100AF000029343461C035A00DB0F5046240B520D51
:100B0000984600D176E05F4B9A426DD08023410F2A
:100B10001B040B435C49E4008C461C43C3000020CB
:100B200062444146B6186940721C019194460743DD
:100B30000F2F00D9B0E0554ABF00D25997465B4607
:100B40000343994600D087E000239B4602330827E1
:100B50000293CEE742460192022867D0032800D1D3
:100B60000EE2012800D062E1002300240022994611
:100B700001990140CDB2002112030B0D120B1B0590
:100B80001343434A240513401C436400ED076408E3
:100B90002C434846210007B03CBC90469946A246EB
:100BA000AB46F0BD034399464FD05B46002B00D1C6
:100BB00089E1584600F0B8FD03000B3B1C2B00DD1B
:100BC0007AE11D22D31A3A0001005C46DA40083966
:100BD0008C4013008F4023439B46B94600232D4E83
:100BE0000027361A029384E7534623432AD1002470
:100BF000022096E75346234320D0002C00D157E132
:100C0000200000F091FD03000B3B1C2B00DD49E1AF
:100C10001D21CB1A51460200D9405346083A944050
:100C200093400C431B4A121A00207AE70125019BCE
:100C3000144C1D400023002299469CE7002400220A
:100C400001206EE7534603206BE700239B460133E8
:100C50000427002602934CE7032381460C270293C6
:100C600047E780220023002512039946054C82E7BE
:100C70005C464B4602986FE75C464B4601950298EE
:100C80006AE7C046FF07000001FCFFFF00A2000862
:100C9000FFFF0F800DFCFFFF4A464946170C1A0C58
:100CA0001B041B0C08041900000C41431500884666
:100CB00019007D4379430395894629001500454372
:100CC0004D44029545462D0CAA46029D5544A94522
:100CD00006D98A46802149028946CA445146039171
:100CE000290C0491414609042D04090C8846290069
:100CF000250C24044144240C0591210041438846DD
:100D0000210079438A466843414650448146080C95
:100D100048446F43824503D98021490289464F44A4
:100D2000010C894639004944029141460F04049957
:100D30003F0C88460004C01980444146049159463E
:100D40000F0C0904090C884659438A46390051435F
:100D5000894641464A435146090C8B467B43D2188B
:100D60005A44934203D980235B029B46D94451469F
:100D70000904090C8A46414661437C43130C120462
:100D80004B445244A1468A463C0041466C434D4385
:100D900051464D440F0C7D19A94503D980214902C4
:100DA00088464444049F0399B84641448B46834592
:100DB000804141428846514608042F04000C3F18E8
:100DC0005846029910188946904292414F44BA46BB
:100DD000524299469346C244D144CB448F42BF41CC
:100DE000C245894199459B41934592417F42494281
:100DF0002D0C52420F435B4213437F19FF185B4691
:100E00003C19DB0D059A64021C43430213435D1E2B
:100E1000AB415A46C00D034352021343E20156D57B
:100E200001205A0803401343E207134364085A4859
:100E3000604400284DDD5A0709D00F221A40042AC9
:100E400005D01A1D9A429B415B42E4181300E2014F
:100E500004D58020514AC00014406044504A90425A
:100E600000DDE3E60125DB0862071A436402019B0B
:100E70009146220B4405640D1D407CE680225946B4
:100E80001203114208D0144206D122431203120B5E
:100E900045469946434C6EE65B461A431203120BD5
:100EA000404C68E603005446283B9C400023B9E6CA
:100EB00000F03AFC2030A6E60300283B9F400023C8
:100EC000BB4699468AE600F02FFC203074E6B44613
:100ED000ADE701252A1A382A06DD019B00241D40B2
:100EE00000230022994646E61F2A21DC2025200007
:100EF000AD1A1E00AB40A840D6405D1EAB4130434A
:100F00001843D440430709D00F230340042B05D0D6
:100F10000300181D98429B415B42E418230221D52F
:100F20000125019B01241D4000230022994622E651
:100F30001F2521006D42281AC1400800202A1DD01B
:100F40005F35AA1A944023435C1EA341072503433F
:100F50001D400022002D09D00F2200241A40180045
:100F6000042AD6D1030065076402220BDB082B4359
:100F700001259946019B00241D40FCE50024E2E781
:100F8000802201251203224301991203120B0D4006
:100F90009946044CEFE5C046FF030000FFFFFFFE4B
:100FA000FE070000FF070000F0B54646D6464F4654
:100FB0000C03C0B5CD0F4E00610A440F0C43C100B5
:100FC0005800400D84468A460F001903500F490A05
:100FD0000143C648760DA846DB0FD200844500D1F8
:100FE000D8E001204340AB4200D1A6E06046351A6C
:100FF000002D00DC05E1002810D10B00134300D1C7
:10100000D7E06B1E002B00D04BE153469F1ABA4528
:101010008041641A4042241A01261EE0B34B9E42CE
:1010200048D080231B041943382D00DD19E11F2D02
:1010300000DD4CE120230F005B1B10009A409F4015
:10104000E840531E9A41E940074317435346DF1BCC
:10105000611ABA45A44164420C1B230200D4C5E0C6
:101060006402650A002D00D1F6E0280000F05CFB68
:101070000300083B1F2B00DDE9E020223C00D21AD0
:101080009D40D4409F4025439E4200DDDBE09E1BF7
:10109000731C1F2B00DD0AE120223800D21A290020
:1010A00097402C009140D8407A1E9741DC400026A2
:1010B00001430F437B0709D00F233B40042B05D08E
:1010C0003B1DBB42BF417F42E4191F00230225D5CF
:1010D000864B01369E4200D1AFE0854B01251C4076
:1010E00043466207FF08640276051743240B760D1A
:1010F0001D4000212403230B0C0D7E4A24051C43B4
:101100001440330523435B00ED075B082B43380095
:1011100019001CBC90469946A246F0BD01254346E5
:101120006207FF081743E4081D40704B9E4236D00B
:1011300024037605240B760DDBE76346F31A002BB8
:1011400000DC94E06046002835D068488642B1D083
:1011500080273F043943382B00DCFDE00A431700A9
:1011600000217A1E9741574457458041091944424E
:101170000C1923023AD55D4B01369E4200D14BE15A
:1011800001225B4B1C407B0817401F43E2071743BB
:1011900064088FE70800104300D024E721E723000C
:1011A0003B4300D1B9E18022120314432403240BF2
:1011B0009FE72E007EE70800104300D1CAE0581ECA
:1011C0008446002800D0E7E052445245804164182C
:1011D0004042241817000126230207D50226CFE734
:1011E00064462C4300D1B3E12C0067467B0700D056
:1011F00062E76307FF081F4301254346E4081D40DB
:1012000093E7002D78D1751C6D056D0D012D00DC67
:10121000F2E05046801A8245BF41651A7F42ED1BBD
:101220008446280200D48CE05046171ABA429241F4
:101230000C1B5542651B984614E7012543460024C4
:101240001D40002755E72A4CF61A2C4032E73D0096
:1012500028388540002717E7380000F065FA20306D
:1012600006E70A43170000217A1E9741EEE6002B9D
:1012700000D0E5E0731C9C465B055B0D012B00DC98
:101280009FE01A4B9C4500D1C5E052445245804135
:10129000641840422418E70752081743640866465A
:1012A00008E71248854200D185E01D00BCE6290010
:1012B0001F3EF140202B00D17FE04022D31A9D40F9
:1012C0002F437D1EAF4100240F4300268EE72B00E5
:1012D0000F00203BDF40202D71D040235D1BA94033
:1012E0000A43511E8A4100211743AFE6FF07000061
:1012F000FFFF7FFFFFFF0F80002E3ED0B34EB445AF
:1013000045D0802636046D423443382D00DDA8E0F8
:101310001F2D00DD1FE1202627005046761BB74019
:10132000E84007435046B040461EB041EC403843C9
:10133000171ABA4292410C1B5242A41A66469846AA
:101340008BE6644667462C4300D08BE600250026DA
:101350000027EAE61E00ADE61F2B60DC2027F81A06
:101360000F00844687401000D84007436046824003
:10137000501E8241D9401743F5E6260050460643E9
:1013800005D0ED43002DD3D0904EB445BDD10C0017
:101390001700664698468DE68C4883420BD063461C
:1013A000D9E6002D00D096E00800104300D1E2E01D
:1013B0000C0017009846854E7CE6002580E700214A
:1013C0008EE7230050460343002E00D0A8E0002BF8
:1013D00000D1DEE00B00134300D16BE652445245CE
:1013E00080416418404224181700230200D4FDE60F
:1013F000774B66461C405DE6250050460543002EAF
:10140000CFD1002D4FD10C00144300D1A0E00C002F
:10141000170098464EE666460024002785E61F0022
:101420000800203FF8400700202B00D18EE040202C
:10143000C31A99400A43511E8A410021174392E67C
:10144000002E14D126005046064362D0DB43002B09
:101450005CD187189742924164185242A41866469C
:1014600087E650462043441EA041002460E7574EC3
:10147000B4454ED0802636045B423443382B00DD21
:101480007FE01F2B00DD8BE0202627005046F61A58
:10149000B740D84007435046B040461EB0410743CE
:1014A000DC40BF18D6E70D00154300D102E65046D8
:1014B000801A8245BF41651A7F42ED1B844628028F
:1014C00000D48DE65046171ABA4292410C1B524284
:1014D000A41A9846EEE50D00154300D16BE750467F
:1014E0006707C00807438020E4080003044207D0D0
:1014F000CD08054204D12C009846D70849070F4370
:101500007B0FE4001C43FF00304ED3E52F4EB44563
:10151000B4D10C0017006646CCE500270024E8E5AE
:10152000002B39D00B00134300D144E7C0086707F4
:1015300007438020E40800030442E1D0CB080342C3
:10154000DED1D70849070F431C00D9E7002171E716
:1015500000250027E9E52E002700203EF740202D3A
:101560002FD04026751BAC4050462043441EA0415E
:1015700000243843DCE6802400252403134E002792
:10158000D3E5504620430700781E87410024BF184A
:1015900060E70C0017008DE50C0017000B4E89E585
:1015A0001E002700203EF740202B0CD04026F31AC7
:1015B0009C4050462043441EA04107430024BF18CE
:1015C00048E70024D0E70024F3E7C046FF07000007
:1015D000FFFF7FFF30B5134D0A034B00120B5B0D6D
:1015E000C90F0024AB4210DD0F4CA3420FDC802456
:1015F0000E4D64032243ED1A1F2D0BDD0C48C31A58
:10160000DA405442002900D11400200030BD094BBB
:10161000CC18FAE7084CE840A44663449A400243D9
:10162000EFE7C046FE0300001D0400003304000085
:1016300013040000FFFFFF7FEDFBFFFF10B5041E4A
:1016400028D000F071F8154B154A1B1AD21A1F2A20
:1016500015DD144AD21A9440002224035B05240BA2
:101660005B0D0021100024030A0D240B12052243F8
:101670000D4C1B05224013435B00590810BD21008F
:1016800091400A000B21081AC4405B052403240B77
:101690005B0DE6E7002300240022E2E71E040000C1
:1016A0003304000013040000FFFF0F808446101C69
:1016B00062468C46191C634600E0C0461FB500F028
:1016C000FBF8002801D40021C8421FBD10B500F06E
:1016D00055F84042013010BD10B500F0EDF800287B
:1016E00001DB002010BD012010BDC04610B500F088
:1016F000E3F8002801DD002010BD012010BDC04628
:1017000010B500F075F8002801DC002010BD0120A4
:1017100010BDC04610B500F06BF8002801DA0020BB
:1017200010BD012010BDC0461C2101231B0498429E
:1017300001D3000C10391B0A984201D3000A083962
:101740001B09984201D30009043902A2105C401819
:101750007047C046040302020101010100000000BD
:101760000000000010B5002903D1FFF7DDFF203095
:1017700002E0081CFFF7D8FF10BDC046F0B54F4689
:101780004646D6465C00C0B51F03DB0F9A46174B92
:101790000E034D0084468046360B6D0DC90F9146F1
:1017A0003F0B640D01209D4208D09C4201D0A54210
:1017B0000BD01CBC90469946A246F0BD634633430D
:1017C000F7D1AC42F5D13A43F3D10120BE42F0D17A
:1017D000C845EED1514507D0002DEAD163461E43DE
:1017E0003000461EB041E4E70020E2E7FF070000BA
:1017F000F0B54546DE4657464E46E0B51F033D0B65
:101800002C4F0E034C00AB465D008446360B640D36
:10181000C90F90466D0DDB0FBC422AD0254FBD424B
:101820002DD0002C0FD130430700814678427841FB
:10183000C0B2002D17D15F463A4314D14B46002069
:10184000002B0AD006E0002D02D15846024301D0F9
:10185000994218D04842012108433CBC9046994621
:10186000A246AB46F0BD0028F2D00120013B184350
:10187000F3E737000743D1D002204042EDE75F464F
:101880001743CED0F8E7AC42E4DC03DA481E01216E
:101890000843E2E75E45DDD806D000205E45DCD295
:1018A0000123481E1843D8E7C445D3D80020C445B7
:1018B000F6D3D2E7FF070000F0B54E464546DE46B8
:1018C00057465C00E0B51F03DB0F99462A4B0E0319
:1018D0004D00C90F8446360B6D0D8B4690463F0B6D
:1018E000640D9D4220D0244B9C4222D0002D12D169
:1018F000304343424341DBB2002C1FD0002B0CD0BD
:101900004B460120013B034318003CBC90469946DE
:10191000A246AB46F0BD002C16D0CB4517D05B4697
:10192000594201230B43EFE7310002230143EBD17E
:10193000D9E7390002231143E6D1D7E73A43DDD195
:1019400000230028E0D0EAE73A43E6D1E7E7A542E2
:10195000E5DC05DBBE42E2D807D00023BE42D3D28D
:101960005946012301390B43CEE7C445D7D800239C
:10197000C445F5D3C8E7C046FF0700000023C25C9A
:101980000133002AFBD1581E704700000378002B5A
:101990001CD0194B1B68194A92885A634378002B54
:1019A00019D0154B1B68154A92889A638378002BCF
:1019B00016D0114B1B68114A9288DA63C378002B4A
:1019C00013D10D4B1B6800221A6470470A4B1B6829
:1019D00000225A63E2E7084B1B6800229A63E5E79E
:1019E000054B1B680022DA63E8E7034B1B68034AD8
:1019F00092881A64E9E7C046244000209400002041
:101A000010B5002808D004220100054806F092FE17
:101A10000122034B9A7110BD0022014B1A60F7E7B7
:101A20009400002010B5054B9B79002B00D110BD10
:101A3000024800238371FFF7A9FFF8E79400002014
:101A400070B5164806F016FF154C0A22002120003A
:101A500006F079FE134D0021280004F049FC042112
:101A6000280004F045FC0821280004F041FC0C216A
:101A7000280004F03DFC2B6800225A639A63DA6365
:101A80001A64FF232370803B2372803BA3800233C0
:101A9000E371A371FFF7C6FF70BDC04640A2000806
:101AA0009400002024400020FF23181A014B988046
:101AB0007047C04694000020034B036054330B6012
:101AC000802313607047C046A000002001238B4094
:101AD000DBB20370437083707047000010B5036879
:101AE0001B685B0700D410BD0F4B01216022995485
:101AF00001329A5C11001831890059181C6D4C6034
:101B000011002231890059185C6D4C6011002C3194
:101B1000890059189C6D4C60D96D363292009B1823
:101B2000596002F09BFEDEE750110020884202D986
:101B3000401A01387047081AFCE7000070B5554C90
:101B4000AC235B00E5582900A06CFFF7EFFFE36CC6
:101B5000984200D870BDA5642000293004220021DD
:101B600006F0F1FD3123E35C072B00D98AE09A00EF
:101B700049498A589746474AFF2029215054013342
:101B800008315354C338C826B600FFF78DFF434CC5
:101B90002000FFF735FFFFF745FF293C3125615D48
:101BA000628E3F4806F0D8FD635D072B6DD0394B40
:101BB000DE64CFE7374AFF202A2150540133073132
:101BC0005354C338C826B600DFE7324AFF202B2122
:101BD0005054013306315354C338C826B600D4E7F5
:101BE0002C4AFF2129201154013011540133CE39E0
:101BF00053540C38C826B600C7E7264AFF212920CF
:101C0000115401301154013011540133CE39535461
:101C10000D38C826B600B8E71E4AFF212920115406
:101C200001301154013011540133CE395354553021
:101C3000C826B600A9E7174AFF202C2150540133CB
:101C400005315354C338C826B6009EE7114C618E47
:101C5000C9B220002930FFF739FF638E01339BB2F0
:101C60006386032B03D03C20C82676008DE7094B02
:101C700000225A8631215A5C01325A543C20C8262F
:101C8000760082E7002006007FE700212A33014A20
:101C9000D1548CE750110020B09B0008791100202E
:101CA00050A2000810B506F0CFF804007C4B186A6B
:101CB0002100FFF73BFF0A2800D8F0E0784B1C62B8
:101CC000BE2252009B5C002B5BD17E23FF33744A03
:101CD000D35C012B55D0137C002B14D01300D18B77
:101CE0004A1CDA835A8A93009B185A0091420FDBF0
:101CF0006B4B0022DA835A89511C5981002A07D084
:101D000000225A8104E0664B01225A810022DA83C4
:101D1000634B5B7D002B14D0614B198B4A1C1A83DB
:101D20005A8A93009B185A0091420FDB5C4B0022A9
:101D30001A83DA8A511CD982002A07D00022DA825B
:101D400004E0574B0122DA8200221A83544B5B894C
:101D5000002B00D182E0524B5B78002B72D0FF2227
:101D60004F4B5A714E4B9B78002B6FD0FF224C4B40
:101D70009A714B4BDB78002B6CD0FF22484BDA7109
:101D800071E07E23FF33464AD35C002B15D0137CD1
:101D9000002B0AD0130092895A81414B5B7D002BA6
:101DA00007D03F4B9A89DA82D0E701223C4B5A8117
:101DB000F3E701223A4BDA82C8E7394B1B7C002B50
:101DC0001AD0374B5B8A042B13D8354AD18B481C69
:101DD000D0839A00D3185A0091420DDB304B002279
:101DE000DA835A89511C5981002A05D000225A8170
:101DF00002E02B4B9A895A81294B5B7D002B1BD02B
:101E0000274B5B8A042B13D8254A118B481C10835F
:101E10009A00D3185A00914298DB214B00221A8372
:101E2000DA8A511CD982002A90D00022DA828DE70A
:101E30001B4B9A89DA8289E7194B0122DA82002248
:101E40001A8383E70022164B5A718BE70022144B4A
:101E50009A718EE70022124BDA7104E0104B0022D7
:101E60005A719A71DA710E4BDB8A002B0BD00C4B36
:101E70001B7D002B03D0FF22094B1A7206E00022C3
:101E8000074B1A7202E00022054B1A72044CA07B29
:101E9000FFF70AFE601DFFF7B3FDFFF7C3FD10BD9E
:101EA00050110020F8B51E4C200006F0E3FC1D4840
:101EB00006F0E0FC1C4806F0DDFC200006F0DAFC31
:101EC00001F020FAFFF7BCFD184CF222920000212D
:101ED000200006F038FC1E20FFF7E6FD2925FF2331
:101EE00063552A27E3552B26A3551148FFF788FD94
:101EF000FFF798FD192002F07FFA00236355E355A0
:101F0000A3559133FF33E3640020FFF7CDFD08486C
:101F1000FFF776FDFFF786FD192002F06DFAF8BD98
:101F20007CA20008A4A20008C4A20008501100204E
:101F300079110020F0B5CE4600B584B08C235B004B
:101F4000274AD058274B98420BD8ED2812D90123A5
:101F5000812B0BDC9A0024495458A04210D2013343
:101F6000F6E796214900A0235B00D15204B004BCDF
:101F70009146F0BD1D49A0235B00194AD152F5E7F7
:101F80001A001E3A164F910052185100A0267600F2
:101F9000B953013B9B00144A9B589DB2A2B2AD1AA3
:101FA000AAB211001B041D0CAA0052195300820092
:101FB00010184200981A0391FEF7B2F882B29146C7
:101FC0002204120C0004000C0090039B2900084816
:101FD00006F0C2FBBB5B4A469B1ABB53C6E7C04632
:101FE000501100201B0F0000D89C0008DE030000E9
:101FF000D8A2000810B505F027FFAC235B00034A08
:10200000D050034803F012FB10BDC0465011002011
:10201000C83F002010B5B9235B00054AD35C002BF4
:1020200002D1FFF73FFE10BDFFF788FDFBE7C0467A
:102030005011002070B504000378234DAB73017874
:10204000224806F089FB6178214806F085FB637819
:102050009B096B7063781B1103221340AB7063788C
:102060009B101A40EA7062785210012313402B75BE
:10207000A178184806F070FB0223E356002B1DDB05
:102080000022114BDA73A3785B0619D501220E4B9F
:102090001A74A3789B0615D400230B4D6B74A27899
:1020A0001F2313406B8205F0CFFEB6235B00E85080
:1020B0006C3BFF3B6B810023EB8370BD0122E0E7AB
:1020C0000022E4E70123E8E75011002010A30008F4
:1020D0002CA3000838A3000810B5244C802200214E
:1020E000200006F030FB7E232370703B6370C23308
:1020F000A3701F4BC72252009A5CE27009216171E4
:10210000A2712122E2719A7B22725A7862729A78C5
:10211000A272DA78E2721B7D002B22D080235B4210
:10212000134A127C002A1ED100221343DBB2104A4C
:10213000518A0B430D4C237398235B00D35A63736E
:102140000E220121200001F09FFDA0737F23E37385
:1021500010222100012001F02DFD064806F08AFB27
:1021600010BD0023DCE74022DFE7C0467C3E0020B4
:1021700050110020B8A3000810B50A4806F07AFBF9
:10218000094C802252000021200006F0DCFA0422D3
:102190000649200006F0CEFA2100022001F0F2FCF0
:1021A00010BDC046F8A300081113002014A40008B5
:1021B00010B50A4C802252000021200006F0C3FA1C
:1021C00009220749200006F0B5FA2100022001F09B
:1021D000D9FC2100034806F0BFFA10BD11130020FE
:1021E00040A4000824A4000810B50C4806F042FBE7
:1021F0000B4C802252000021200006F0A4FA0E228F
:102200000849200006F096FA2100022001F0BAFCED
:102210002100054806F0A0FA10BDC04678A50008C8
:102220001113002090A500085CA4000870B50500FB
:1022300001000C4806F090FA0B4C8022520000215D
:10224000200006F080FA2A000849200006F01CFB56
:102250002100022001F096FC2100054806F07CFADE
:1022600070BDC046A0A5000811130020C4A5000839
:102270005CA40008F0B5D6464F464646C0B584B0CB
:1022800005000E00140013780A000100D04806F083
:1022900063FA412D09D8AD00CE4B5B599F46C72349
:1022A0005B00CD4AD35C9E4205D004B01CBC904676
:1022B0009946A246F0BD01217823FF33D154F4E7BB
:1022C0002000FFF7B7FE2278C34B9A736278920919
:1022D0005A706278121103210A409A706278921043
:1022E0001140D9706178491001220A401A75022301
:1022F000E356002B27DB0023B74A5375A3785B0610
:1023000023D50123B44A1374A3789B061FD400235A
:10231000B14D6B74A2781F2313406B8205F094FDBE
:10232000B6235B00E8506C3BFF3B6B810023EB83E3
:102330007D33FF330122EA5421786278A378A748DD
:1023400006F00AFAB1E70123D6E70023DAE7012312
:10235000DEE7C7235B00A04AD35C9E42A5D12000E4
:10236000FFF768FE22789C4B9A73627892095A7044
:102370006278121103210A409A706278921011401B
:10238000D9706278521001210A401A7562781140A2
:1023900099760223E356002B23DA01238E4A5375E4
:1023A000A3785B061FD501238B4A1374A3789B0681
:1023B0001BD50122884B5A74A1781F220A405A82E9
:1023C00001225A810022DA837D32FF3200219954A2
:1023D00021786278A378824806F0BEF9FFF77CFE88
:1023E00063E70023DAE70023DEE70022E2E79D004F
:1023F000675DC722520078498A5C974203D0013357
:10240000062BF4DD51E76E1CA6193000FFF712FE13
:102410000021BE235B00704AD15432786419A3783E
:10242000E178009139006F4806F096F93DE7002306
:10243000E6E723781B0261781943674BC0225200FC
:1024400099520A329A5A914207D8511AC3235B0013
:10245000614AD1520023994611E0634806F07CF9A5
:102460005D4B00227E21FF315A549A767D39FF3927
:102470007A22FF32995418E701239C46E144A3785D
:10248000994500DB11E74B466A46D381D3899846CC
:10249000DD00ADB22B1DE75C3F023FB26B1DE35C7C
:1024A0001F43AB1DE25C120212B2EB1DE35C1A4348
:1024B000924639004D4806F04FF9C3235B00464A67
:1024C000D35A9F42D8DC9A45D6DD28000830201820
:1024D000FFF7B0FD404BC1225200414699529B7E0E
:1024E000012B00D0E1E63C4BDB7E9E4208D13A4B0B
:1024F00002329A5AC32149005B5A9A4200D1D4E66B
:102500003B4806F0B7F9344BC3225200995A023ABD
:102510009952DE76843AFF3ABD2149005A547E2111
:10252000FF315A54C1E623788A22FF322A498B545C
:102530000022182A00DDB8E6511C605CC721490062
:10254000254D695C884201D00132F2E753439BB2CA
:10255000C52040002B52274806F0FEF8A5E67E2352
:10256000FF331D4AD35C002B00D19EE60022237866
:102570009A4200DB99E6C1235B001749C95A530010
:10258000E0184078814201D00132F0E7E418A278E7
:10259000114B9A81184806F0DFF886E6C7235B00E6
:1025A0000D4AD35C9E4200D07FE605F04DFC0A4BFD
:1025B000B6225200985001210C32995475E6BFF3AF
:1025C0004F8F0E4A0E4BDA60BFF34F8FC046FDE7C8
:1025D000D8A50008D09B00085011002008A60008CC
:1025E00048A6000884A60008C0A6000800A70008A6
:1025F0001CA7000838A7000864A700080400FA0513
:1026000000ED00E02378002B05D00021B9235B000A
:10261000184AD15449E6174B002231215A545A86A0
:1026200030397332FF3299543FE62278114B9A8148
:102630003BE6C7235B000F4AD35C9E4202D0FF2ECD
:1026400000D032E622780B4B9A7601217A22FF32B3
:1026500099542AE62278120263781343054DDF2449
:1026600064002B53FFF788FD285BFFF7DFFDFFF7C2
:1026700083FD1AE65011002010B5C8B001F0A4FB8C
:10268000E0235B00194AD05C01F01AFD184B196871
:10269000002245A804F048FE09E0154B196845AC36
:1026A0000022684604F040FE6B4607CB07C4459BFA
:1026B000102B18D104AC822252004699200006F05B
:1026C00039F821780B4806F047F823783033DBB22D
:1026D000012BE2D804AB19795879587016226A4454
:1026E000FFF7C8FDD9E748B010BDC0465011002023
:1026F000584300208CA7000870B505000C4C8022C0
:1027000052000021200006F01EF82A00094920008E
:1027100006F0BAF82100084806F01EF82100022051
:1027200001F030FA2100054806F016F870BDC046E9
:1027300011130020ACA7000824A400085CA4000822
:1027400010B5012000F0A8FE0021E0235B00204A24
:10275000D154FFF711FDFFF747FDFFF70DFDFFF720
:1027600027FD00240FE0A2001A4B9B1899681A4815
:1027700001F0F6F9FFF700FDE1204002FFF7BCFF92
:10278000FFF7FAFC0134022CEDDDB623FF33104ACB
:10279000D35C002B0CD1BE23FF330D4AD35C002B3E
:1027A0000DD10B4B01229A767A21FF315A5410BD7C
:1027B000FFF7E2FCFFF718FDFFF7DEFCEBE7012176
:1027C000E0235B00D154002000F066FEE9E7C0463C
:1027D00050110020D89E0008AC40002010B50D48D4
:1027E00006F048F80C4C8E23FF33E15C0B4805F0F3
:1027F000B3FFC7235B00E15C094805F0ADFF902300
:10280000FF33E15C074805F0A7FF074806F032F800
:1028100010BDC046B8A7000850110020ECA7000862
:1028200010A8000834A8000858A80008F0B587B020
:102830000D0016005F4B984253D813185D4A93421F
:1028400000D88BE083B2DC43A4B21B0A05AA137044
:102850005070FA239B0000930223A021564802F0F7
:10286000F3FC03900700142001F0C6FD002F66D191
:10287000FA239B00009323002A00A0214E4802F077
:1028800097FD03900700142001F0B6FD002F5BD1E7
:102890002D19341BA4B205AA002313705370FA2318
:1028A0009B0000930223A221434802F0CDFC0600C6
:1028B000142001F0A1FD002E4BD1FA239B000093C0
:1028C00023002A00A2213C4802F072FD04001420DB
:1028D00001F092FD002C26D02100384805F03CFF85
:1028E00021E080B2013080B2030A05AA1370507053
:1028F00064230093623BA2212F4802F0A5FC040050
:10290000142001F079FD002C0FD1FA239B000093D5
:1029100033002A00A221284802F04AFD002809D1EC
:10292000142001F069FD07B0F0BD2100244805F036
:1029300013FFEAE70100234805F00EFFF0E70399D3
:10294000214805F009FF93E70399204805F004FFAB
:102950009EE731001E4805F0FFFEAEE783B21B0A7A
:1029600005AA13705070FA239B0000930223A02144
:10297000114802F069FC0400142001F03DFD002C18
:1029800013D1FA239B00009333002A00A0210A48A8
:1029900002F00EFD0400142001F02EFD002CC2D028
:1029A00021000C4805F0D8FEBDE721000A4805F0DB
:1029B000D3FEE6E7FFFF00007C3F00202CAA0008C2
:1029C0004CA9000874A900089CA90008CCA900081B
:1029D000FCA9000884AA00085CAA000810B5074CEE
:1029E00013220021200005F0AEFE1322210000205A
:1029F000FFF71CFFFFF7F2FE10BDC046DC120020FF
:102A000010B5FFF7EBFF8E23FF33094AD05C002897
:102A100000D004209023FF33054AD35C184300F014
:102A2000B1FC012000F0E8FC00F0FAFC10BDC0464B
:102A30005011002070B582B0A24BAC2252009958C0
:102A400008329858FFF772F8FA239B00984200D892
:102A500036E1BF235B009B4AD35C002B4ED0BB23E7
:102A60005B00984AD35C012B53D0B623FF33954AC1
:102A7000D35C002B54D0934BAC22520099580832AF
:102A8000995010329B5C002B4DD0002113008D4AD1
:102A9000D1548C4CB8235B00E05C00F05FFC00F08C
:102AA00005FDC0B2BE23FF33E35C98420DD0BE23C8
:102AB000FF33844AD05400283BD0834805F0DAFE27
:102AC0000121E0235B007F4AD1547C23FF337D4A00
:102AD000D35C002B36D17B4BAC2252009C580C327D
:102AE00098582100FFF722F8784B984200D8E7E089
:102AF000B2235B00734AD450002440E01400012547
:102B00007F33FF33D55400F0CDFFBB235B00E5548A
:102B1000A5E700217633FF33D154FFF771FFA4E717
:102B2000FFF70EFEA7E70121B8235B00654AD154E9
:102B3000AFE7674805F09EFE0021E0235B00614A95
:102B4000D154C2E7002000F07FFC002000F090FC90
:102B500000217C23FF335B4AD154BCE75949002252
:102B60006023CA540133CC5450310432594801F027
:102B700023FE6023534AD35C002BFAD00134092C86
:102B8000ECDD504B0022822149005A5004315A504A
:102B900004315A5004315A502AE04A4B110018317E
:102BA000890059184968822040001C58A446614495
:102BB00019501100223189005918496804301C58F5
:102BC000A4466144195011002C31890059184968F4
:102BD00004301C58A4466144195011003631890054
:102BE0005918496804301C58A446614419500132F0
:102BF000092AD2DD00240EE0324D230040339B0031
:102C0000EB1858680A21FDF78BFA230044339B0028
:102C1000ED1868600134032CEEDD2A4C8E26760018
:102C2000A3598C225200A2588A214900615890254C
:102C30006D0060590090284805F08EFDA059FEF700
:102C4000FDFC264A264BFDF72FFF0022254BFDF702
:102C50002BFF02000B00FDF717FC23003933FF3375
:102C6000186059600022204BFDF71EFFFDF72EFB78
:102C70001436A0536059FEF7E1FC184A184BFDF7D3
:102C800013FF0022174BFDF70FFF02000B00FDF7AB
:102C9000FBFB23002933FF33186059600022124BDD
:102CA000FDF702FFFDF712FB04356053FFF742F911
:102CB000A15B625BA0235B00E35E0C4805F04CFD6A
:102CC00002B070BD50110020ACAA000888130000AB
:102CD000C4AA0008FC420020DCAA000866666666FA
:102CE00066660A400000303F000024401CAB00082C
:102CF000F0B58BB01422002105A805F024FD2D4B62
:102D0000D96A04221143D962D96A0A400192019A10
:102D1000D96A80221143D962D96A0A400292029A82
:102D2000DA6A01273A43DA62DA6A3A400392039A8E
:102D3000D96A02221143D962DB6A1A400492049BC9
:102D40008024A401002221001B4802F0EAF800229E
:102D50001A491B4802F0E5F899252D0200222900A6
:102D6000A020C00502F0DDF8059406970024079422
:102D70000326089605A9104802F000F8114B0593A8
:102D800006970794089605A90D4801F0F7FF0595E9
:102D900006970794089605A9A020C00501F0EEFF4C
:102DA000402305930694079405A9054801F0E6FF22
:102DB0000BB0F0BD0010024000080050C4F000004D
:102DC00000040050A4F0000000B583B0114A116B5C
:102DD000012319431163126B13400193019B0022DD
:102DE0000321092001F028FE092001F055FE0022F0
:102DF00003210A2001F020FE0A2001F04DFE0022EE
:102E000003210B2001F018FE0B2001F045FE03B05A
:102E100000BDC0460010024010B5FFF7EBF8FFF709
:102E200009FE012004F02FFAF7E710B5012004F0A5
:102E30002AFAFBE710B5FFF7EDF8012004F023FABA
:102E4000F9E710B5FFF718FC012004F01CFAF9E7C8
:102E500000B583B001906423012201A9024804F067
:102E60004DF8019803B000BD7C41002072B6FEE72A
:102E700000B583B008220021684605F064FC2948AB
:102E8000294B03600023C3638022D2054260836024
:102E900005228263043A0261C36020214254013159
:102EA00043548362C221FF3141629639FF39425453
:102EB00003324261036383614363C36101F082FBB8
:102EC000002824D1194B009380235B0101936946AC
:102ED000144801F053FD00281BD1154B009369469F
:102EE000104801F04BFD002815D1124B00936946A4
:102EF0000C4801F043FD00280FD10F4B00936946A9
:102F0000084801F03BFD002809D103B000BDFFF7E0
:102F1000ADFFFFF7ABFFFFF7A9FFFFF7A7FFFFF735
:102F2000A5FFC046FC420020002401400400000828
:102F30000800000C100000102000001410B512480A
:102F4000124B0360124B4360002383600122C26076
:102F5000036143618361C361036202F00FF90028DA
:102F60000CD10021084802F0D7FA002808D100212E
:102F7000054802F0FDFA002804D110BDFFF776FFE6
:102F8000FFF774FFFFF772FF7C3F00200054004002
:102F90008266500000B587B00822002104A805F021
:102FA000D2FB10220021684605F0CDFB29482A4BB0
:102FB000036000234360836080225200C26003618B
:102FC000436103F070F9002835D100230493059381
:102FD00004A9204803F068FA00282ED1602300934A
:102FE000002301930293039300226946194803F0DA
:102FF000E7F9002823D10421164803F08DFA0028B0
:103000001FD104226946134803F0DAF900281AD1C7
:10301000082269460F4803F0D3F9002815D10C2285
:1030200069460C4803F0CCF9002810D1094800F09B
:10303000F7FA07B000BDFFF719FFFFF717FFFFF71B
:1030400015FFFFF713FFFFF711FFFFF70FFFFFF764
:103050000DFFC046244000200004004010B50B487E
:103060000B4B036096231B02436000238360C36005
:1030700003610C2242618361C3610362436203F016
:10308000EDFF002800D110BDFFF7F0FE7C410020CD
:103090000038014010B50B480B4B036096239B0191
:1030A000436000238360C36003610C22426183613B
:1030B000C3610362436203F0D1FF002800D110BD59
:1030C000FFF7D4FE2C420020004C004010B50B4806
:1030D0000B4B036096231B02436000238360C36095
:1030E00003610C2242618361C3610362436203F0A6
:1030F000B5FF002800D110BDFFF7B8FEAC4000209E
:103100000050004010B50748074B0360062343609A
:10311000064BC360836002F055FA002800D110BD51
:10312000FFF7A4FEC83F002000300040FF0F000062
:1031300010B50A480A4B0360002343607F22826077
:103140008032C260036143618361C36102F08AFF20
:10315000002800D110BDFFF789FEC04604420020C0
:103160000028004000B59BB0342200210DA805F0D6
:10317000EAFA1422002108A805F0E5FA202200212D
:10318000684605F0E0FA1C490B681C4A1A40802387
:103190001B0113430B6009230D9380235B020E93E5
:1031A00001231293002316930DA802F09FFA002822
:1031B0001CD10F2308930D3B099300230A930B9313
:1031C0000C93012108A802F01DFD002810D129232D
:1031D000009300230293059380239B02019368468A
:1031E00002F022FE002805D11BB000BDFFF73EFE15
:1031F000FFF73CFEFFF73AFE00700040FFE7FFFFDD
:10320000F0B5A5B001F0D2F8FFF7ACFFFFF770FD05
:10321000FFF7DAFDFFF72CFEFFF790FEFFF7BAFE8F
:10322000FFF71CFFFFF736FFFFF750FFFFF76AFFBE
:10323000FFF77EFFFEF736FE20A82B4C030025008B
:1032400046CD46C32A681A60002104F024F8274BB3
:1032500018601CA803002200C2CAC2C32A681A60F0
:10326000002104F018F8224B186015A80200230072
:10327000103362CB62C262CB62C21B681360002152
:1032800003F0CBFF1B4B18600EA8020023002C3369
:1032900062CB62C262CB62C21B681360002103F082
:1032A000BCFF154B186007A802002300483362CB0F
:1032B00062C262CB62C21B681360002103F0ADFFE3
:1032C0000E4B186068466B46643426CC26C326CC69
:1032D00026C322681A60002103F09FFF084B186084
:1032E00003F096FFFEE7C046EC9E0008584300201E
:1032F00028420020B0420020D83F0020304100206A
:103300000042002070B5134805F0B4FA124C0322B5
:103310000021200005F017FAFF23A370002415E018
:1033200080263602A025ED0500223100280001F09C
:10333000F8FD192001F060F801223100280001F0A9
:10334000F0FD192001F058F80134E4B2092CE7D956
:1033500070BDC0468CAB0008F402002010B5084BCD
:103360001B7883420AD0064B187042424241D2B2C7
:1033700080210902A020C00501F0D3FD10BDC04688
:10338000F4020020F8B504000100184805F0E4F943
:10339000174B9B789C4227D0154B9C70012722002D
:1033A0007A4001263240A025ED0580210901280040
:1033B00001F0B7FD62087A403240802149012800BF
:1033C00001F0AFFDA2087A4032400A4D8021490148
:1033D000280001F0A6FDE4087C4032002240802154
:1033E0000902280001F09DFDF8BDC0469CAB000815
:1033F000F40200200004005010B50400010006484B
:1034000005F0AAF9013C62426241D2B280218901F1
:10341000024801F086FD10BDB8AB0008000800505E
:1034200070B580256D00A024E4050022290020004D
:1034300001F077FD192000F0DFFF012229002000B4
:1034400001F06FFD70BD000010B5040001000648DA
:1034500005F082F9013C62426241D2B280218901C9
:10346000024801F05EFD10BDD4AB0008000400501E
:1034700010B504000100064805F06EF9013C6242F7
:103480006241D2B28021C901024801F04AFD10BD5B
:10349000F0AB00080004005010B5020020210248E3
:1034A00001F03FFD10BDC0460004005010B54021A2
:1034B000044801F02FFD002801D1002010BD01209B
:1034C000FCE7C0460004005010B5084B5A6B0121C0
:1034D0000A435A63996B802252050A439A63002279
:1034E00003210220404201F0A7FA10BD0010024063
:1034F00030B587B004001422002101A805F023F99B
:103500001B4B22689A4201D007B030BD194B5A6B51
:103510008025AD002A435A63D96A01221143D9623A
:10352000DB6A1A400092009B3C230193393B0293D3
:1035300001A9A020C00501F021FC0F480F4B03603A
:10354000002343608360C360802202614561802262
:10355000120182612022C261036201F0DDFA0028BB
:1035600003D1054BE3649C62CEE7FFF77FFCF8E7ED
:103570000024014000100240B44200200800024034
:1035800010B586B004001422002101A805F0DBF874
:103590002268104B9A4201D006B010BD0E4CE26A70
:1035A00002231A43E262E26A13400093009BC023A5
:1035B0009B000193122302930F3B04930133059365
:1035C00001A9064801F0DAFBA26B80239B03134399
:1035D000A363E1E7005400400010024000040050E3
:1035E0000268054B9A4200D07047044A116D80234F
:1035F000DB020B431365F7E7002800400010024090
:103600000268054B9A4200D07047044A936B02212E
:103610000B439363F8E7C0460004004000100240EB
:1036200010B588B004001422002103A805F08BF81F
:103630002268154B9A4201D008B010BD134BD96ACD
:1036400001221143D962D96A0A400192019ADA6AC9
:1036500002242243DA62DB6A23400293029BC023E6
:1036600003930494079403A9A020C00501F086FBEE
:10367000032303930494002305930693079403A95B
:10368000034801F07BFBD7E7000400400010024034
:103690000004005030B589B004001422002103A8B2
:1036A00005F051F82368534A934207D0524A934297
:1036B00039D0524A93426AD009B030BD504B596B51
:1036C0008022D2010A435A63D96A01221143D96286
:1036D000DB6A1A400092009BC023DB0003930223A5
:1036E0000493032506950233079303A9A020C00580
:1036F00001F044FB4348444B036045600023836072
:10370000C3608022026143618361603AC2610362E7
:1037100001F002FA002803D13A4B23679C62CBE701
:10372000FFF7A4FBF8E7364B996B802212030A439C
:103730009A63D96A01221143D962DB6A1A40019265
:10374000019B0323039302220492069303330793FE
:1037500003A9A020C00501F011FB2C482C4B0360ED
:103760000C23436000238360C360802202614361B5
:103770008361603AC261036201F0CEF9002803D18F
:10378000224B23679C6297E7FFF770FBF8E71C4B1F
:10379000996B802252030A439A63D96A0222114329
:1037A000D962DB6A13400293029B182303930492AD
:1037B000153B06930333079303A9164801F0DEFA7D
:1037C0001548164B03600D23436000238360C360DC
:1037D0008022026143618361603AC261036201F049
:1037E0009BF9002803D10C4B23679C6264E7FFF729
:1037F0003DFBF8E700380140004C0040005000401D
:10380000001002403441002030000240644000209B
:103810001C00024000040050DC3F00206C0002400D
:10382000FEE7FEE710B500F0D5FD04F0E3FC01284B
:1038300001D004F0F7FD10BD10B5024801F03EFACA
:1038400010BDC046B442002010B5034801F036FA5E
:10385000024801F033FA10BD6440002034410020DA
:1038600010B5024801F02AFA10BDC046DC3F002026
:103870007047000010B5002417E04908520892B2C2
:1038800001339BB2072B08D808005040C007F4D57D
:1038900049080B48414089B2F0E70A4BE218520050
:1038A000094B9B1859800134A4B2FF2C03D8220085
:1038B00000210023E6E70121044B034AD15410BD47
:1038C00001A0FFFFB01300001815002060270000C2
:1038D00010B5024802F00CFF10BDC0467C4100202C
:1038E00010B5034802F004FF024802F001FF10BDCA
:1038F0002C420020AC40002010B50368134A9342CC
:1039000006D0134A93420DD0124A934214D010BDF0
:10391000114C200002F04EFE01221049200003F05D
:103920002DFCF4E70E4C200002F044FE01220D496C
:10393000200003F023FCEAE70B4C200002F03AFEE3
:1039400001220A49200003F019FCE0E70038014099
:10395000004C0040005000407C4100201D1500201C
:103960002C4200203D220020AC4000205D2F002092
:1039700070B50368284A934206D0284A934217D06C
:10398000274A93422ED070BD04F05EFA2549264B9B
:10399000C85026480A5A531C4C798A1894719B05C2
:1039A0009B0D0B5205310122214803F0E7FBEAE7AA
:1039B00004F04AFA1B491F4BC8501F480B5A5A1CA7
:1039C0001E4C0C5DCB181E4DAC4663441C70930519
:1039D0009B0D0B52194B9C4661440122194803F080
:1039E000CDFBD0E704F030FA0E49174BC85017480A
:1039F0000B5A5A1C164C0C5DCB18164DAC46634442
:103A00001C7093059B0D0B52114B9C466144012287
:103A1000114803F0B3FBB6E700380140004C00400A
:103A20000050004018150020140800000C0400008D
:103A30007C410020341500002C110000250D0000F1
:103A4000260D00002C420020542200004C1E0000D5
:103A5000451A0000461A0000AC40002010B503686B
:103A60000A4A934206D00A4A934207D0094A93422F
:103A700008D010BD084804F0FDFEFAE7074804F03E
:103A8000F9FEF6E7064804F0F5FEF2E700380140DB
:103A9000004C00400050004008AC000830AC00086A
:103AA00058AC0008F8B5244804F0E4FE234C244A3E
:103AB0000021200004F047FE224F2760224ED2232F
:103AC0001B01E650214DD2235B01E55001232371F8
:103AD0001F4AA3541F4AA354611D0122380003F05A
:103AE0004DFB1D4BE1180122300003F047FB1B4B3F
:103AF000E1180122280003F041FB39680B682022FD
:103B000013430B6031680B6813430B6029680B6823
:103B100013430B60002205211B2000F08DFF1B20AA
:103B200000F0BAFF002205210E2000F085FF0E20D4
:103B300000F0B2FFF8BDC046ECAC0008181500203C
:103B4000642900007C4100202C420020AC40002071
:103B5000240D0000441A0000250D0000451A000045
:103B600010B504004160064804F0F6FD200003F0A3
:103B700075FA002800D110BDFFF778F9FBE7C046C1
:103B8000FCAC000870B505000C00022801D972B623
:103B9000FEE70800FDF7F2FE82B2D2231B016B4361
:103BA00003495858FA239B00210003F0A7F970BD80
:103BB0001815002010B5D2231B015843024BC058E2
:103BC000642303F09BF910BD1815002010B5234C99
:103BD0008022D2000021200004F0B5FD204BE11826
:103BE000204BCA5A204B9C466144200004F0A2FDA1
:103BF0001E49200004F07CFE04000121B623FF339F
:103C00001B4AD15403221B4904F060FE00281FD038
:103C100006221949200004F059FE002818D00C2271
:103C20001649200004F052FE00280CD00822144946
:103C3000200004F04BFE00280BD100217C23FF3331
:103C40000B4AD15404E001217C23FF33084AD154AC
:103C500010BD21000B4804F07FFDF9E7713800200A
:103C6000A7DCFFFF50220000501E0000B4AD00088A
:103C7000501100201CAD000820AD000828AD000840
:103C800038AD000844AD000830B505000023002021
:103C900003E0CC182C5D604001339342F9D330BD72
:103CA00070B53D4E8022D2000021300004F04BFD63
:103CB000822252000021394804F045FD384BF418A7
:103CC000384BE55A384BE1182A00300004F032FD39
:103CD000013D2A0000213000FFF7D6FF6419334A66
:103CE000944664442278FF2A01D090421AD1304B86
:103CF000304AD15C294B1970C02938D020D8B0295E
:103D000046D1264C01220423FF33E254E01C013249
:103D1000294904F00FFD294B18680022210003F007
:103D2000D1FA0CE00100264804F016FD1B490022E0
:103D30000423FF33CA54214B186803F0C3FA70BD43
:103D40000B003033DBB2012B22D8144C01220423A8
:103D5000FF33E254A1708A1EE01C174904F0EAFC0C
:103D6000164B18680022210003F0ACFAE7E70B4C71
:103D700001220423FF33E254E01C0A320E4904F00E
:103D8000D9FC0E4B18680022210003F09BFAD6E7FD
:103D90000C4804F0E1FCD2E7512B0020F80200208F
:103DA000C7E9FFFF30150000301100003916000090
:103DB0003A16000018150020532B0020584300200D
:103DC00058AD00087CAD000870B504F03DF84E4BCE
:103DD0004E4AD35A002B01D1002431E04C4BD45829
:103DE00004F032F801002000FDF7A0FEFA239B004A
:103DF0009842F1D904F028F8444C454BE050454B2B
:103E0000E0188022D200002104F09DFC0022002353
:103E1000414962523C496252404AA354404AA35429
:103E20000021404804F098FC62E07E282BD000215D
:103E30003B4B364AD1543C4B344AD35C012B52D0D5
:103E4000324B354A9A5A30495B5A9A424BD05A1CE7
:103E50002E49CB182F4884466344187893059B0D50
:103E6000294A8B522D4BCB5C012B11D0002BDCD07F
:103E7000022B1DD0032BDED17F282CD00021274B15
:103E8000224AD154D7E70133244A20498B54CEE744
:103E90001E49234C0A5D551C0D558A18234CA44617
:103EA000624410700138C4B201331C4A8B54C2E71B
:103EB000164A1B4D515D4E1C565552181B498C46D7
:103EC00062441070013CE4B2002CB4D10133134AB7
:103ED0000E498B54AFE70D4B0121134A9954002131
:103EE0000E4A9954A7E7104B084AD35C002B00D127
:103EF00070BD130000210C4A9954094A995C0C4A80
:103F00009952FFF7CDFEF3E72E110000181500209F
:103F100034150000260D00002C11000026110000B1
:103F2000271100009CAD000828110000301100008E
:103F30003015000070B504000D00104B104AD35C22
:103F4000002B04D0002C05D00021002013E0FFF747
:103F500091FCF7E7002010E022784240000AFF239E
:103F60001340084A944663445B00054AD3185B88B3
:103F7000584001340131A942EED370BD60270000E2
:103F800018150020B0130000F8B53E4D8022D20075
:103F90000021280004F0D7FB8222520000213A4879
:103FA00004F0D1FB394BEC18394FE65B394BE11883
:103FB0003200280004F0BEFBB11E2800FFF7BAFF54
:103FC0000100E05B831EE318334A944663441B7888
:103FD0001B0201382418644422781A4301D091420C
:103FE0001CD12D4B2D4AD15C274B1970B02924D000
:103FF00018D9B2292CD0C02916D1294804F03AFC8E
:1040000001220021274802F099F8BFF34F8F264A7A
:10401000264BDA60BFF34F8FC046FDE7244804F01B
:104020009BFBF8BDA52924D000200423FF33164AAA
:10403000D054204804F090FBF3E7134901220423F5
:10404000FF33CA541C4B1868002203F03BF9E8E721
:104050000D4C01220423FF33E254E01C07321749C0
:1040600004F068FB144B18680022210003F02AF9C1
:10407000D7E7BFF34F8F0C4A0C4BDA60BFF34F8F7B
:10408000C046FDE771380020F8020020A7DCFFFFE2
:1040900050220000501E0000592300001815002077
:1040A000B8AD0008044200200400FA0500ED00E06D
:1040B00058AD0008D8AD00085843002076380020DD
:1040C000F8B504000A2513E07E2E2FD00021974B6F
:1040D000974AD1543100974804F03EFB310096488E
:1040E00004F03AFB954B924AD35C012B00D1EEE0F1
:1040F0008F4B934A9A5A93495B5A9A4200D1E6E011
:104100005A1C8B49CB189048844663441E7893050B
:104110009B0D8C4A8B52002C00D1C3E08B4BCA5CA8
:10412000092ADFD893008A49CB589F460132874B32
:104130007F49CA54CAE77E4B01207C4958548549BF
:104140005E54013281495A5431007B4804F004FB2B
:104150000025C7E7764F754ABB5C591CB954FB185C
:104160007C4A944663441E703100734804F0F4FAAC
:10417000764ABB5C0133BB54B4E76D4F6B4ABB5C02
:10418000591CB954FB18734A944663441E7031009D
:10419000694804F0E1FA6D4ABB5C0133BB54A1E706
:1041A000634D624AAB5C591CA954EB18694A9446AA
:1041B00063441E703100604804F0CEFA634AAB5C81
:1041C0000133AB5400258DE7594B58495A5C501CBC
:1041D00058549B185F4A944663441E70354331001F
:1041E000554804F0B9FA002D05D05149574A8B5C67
:1041F00001338B5476E70721544B4D4AD15471E774
:104200004B4B4A495A5C501C58549B18514A94468F
:1042100063441E70013DEDB23100474804F09CFA42
:10422000002D00D05EE74249484A8B5C01338B5435
:1042300058E73F4F3D4ABB5C591CB954FB18454AEF
:10424000944663441E7031003B4804F085FA3F4AAF
:10425000BB5C0133BB5445E7354F344ABB5C591C4A
:10426000B954FB183B4A944663441E7031003248EF
:1042700004F072FA354ABB5C0133BB5432E77F2E3F
:1042800004D00021314B2A4AD1542BE7284B01217D
:104290002A4A995400212D4A995431002E4804F09D
:1042A0005BFA1FE70D2E25D0214B20495A5C501C8C
:1042B00058549B18274A944663441E70300004F0FB
:1042C00065FA1E4B1A4AD35C012B00D010E71B4B3A
:1042D000174AD35C002B0CD013000021174A9954C5
:1042E000124A9D5C1D481D529954002C1AD1FFF7AB
:1042F0006DFCF8BD31001A4804F02EFA0C490B4849
:104300000A5C531CDBB28A18124FBC46624416701A
:104310005A1C0A54CB1863440A221A70093A074BF4
:10432000CA54CEE7FFF730FEE3E7C046471E000061
:1043300018150020FCAD000804AE0008481E00005F
:104340004C1E00004E1E0000461A0000461E0000D3
:10435000909F0008501E00000CAE00085022000084
:1043600098AD000810B504000E4B1978FA208000B3
:10437000FBF7D6FE01000C4B1868FBF7D1FE00F0EE
:1043800097FB00280CD1032C01D9012009E0002261
:104390002100013800F050FB024B5C60002000E07F
:1043A000012010BD040000200000002010B5084AC4
:1043B000136840210B4313600320FFF7D3FF041E53
:1043C00002D00124200010BDFFF77EF8FAE7C046B6
:1043D00000200240034A1168034B1B785B181360EE
:1043E0007047C0465C43002004000020014B186861
:1043F0007047C0465C43002070B50400FFF7F6FF2D
:104400000500631C02D0044B1B78E418FFF7EEFF95
:10441000401B8442FAD870BD0400002010B582B061
:104420000400084B18680849FBF77AFE44430194DE
:1044300002E0019B013B0193019B002BF9D102B0EB
:1044400010BDC0460000002040420F0070B50400BF
:1044500003689A68520725D59A68520706D59A6864
:10446000920703D49A6810210A439A60FFF7BEFFAF
:10447000050023689B685B0712D5FFF7B7FF401B59
:104480000A28F6D923689B685B07F2D5636D102272
:1044900013436365A36D0F3A1343A365012000E046
:1044A000002070BD0020FCE770B504000268916830
:1044B00003230B40012B11D00023002B38D091682F
:1044C00005230B40012B10D0636D1022134363654D
:1044D000A36D0F3A1343A365012070BD1368DB077A
:1044E00001D40023E9E70123E7E7936802210B43A6
:1044F0009360236803221A60FFF778FF05002368A2
:104500009B68DB0712D5FFF771FF401B0A28F6D91D
:1045100023689B68DB07F2D5636D10221343636544
:10452000A36D0F3A1343A3650120D6E70020D4E71B
:104530000020D2E770B504000268916803230B40A5
:10454000012B10D00023002B37D191681C4B19424E
:1045500010D0636D102213436365A36D0F3A1343AC
:10456000A36501202AE01368DB0701D40023EAE7F2
:104570000123E8E7936801210B4393600120FFF7D3
:104580004DFFFFF733FF050023681B68DB0712D4DC
:10459000FFF72CFF401B0A28F6D923681B68DB07AE
:1045A000F2D4636D102213436365A36D0F3A134376
:1045B000A365012002E0002000E0002070BDC0469D
:1045C0001700008070B5041E00D1E6E0436D002B9B
:1045D00031D0636DDB0634D421688B68042213402C
:1045E0002FD1626D6E4802400630FF300243626593
:1045F000886803220240012A2CD00022002A43D1DD
:104600006268C020000682422BD08020C005824212
:1046100027D080200006824223D00A6992009208A7
:104620000A61604A11686048014011601168606861
:10463000014311601EE0836550228354FEF758FF4A
:10464000C7E7636D10221343636500225023E254D1
:10465000012070BD0A68D20701D40022CEE70122F2
:10466000CCE70A69920092080A6121680A696068C9
:1046700002430A612168CA6818208243CA6021681F
:10468000CA68A0680243CA60464A116847480140A8
:1046900011601168606B40060143116022689168E7
:1046A000C90004D4906880214905014391602168C4
:1046B000CA683F480240CA602068C268E16825694C
:1046C000022D40D00B432021615C49030B432C2178
:1046D000615C49000B43216B0B43A16989030B43C8
:1046E000E169C9030B431343C360636AC222FF320B
:1046F000934205D02168CA68A06A03431343CB6084
:104700002123E35C012B20D0E36B012B31D0236804
:104710001A69D20703D51A6901218A431A612268EE
:10472000536907218B43536122685369A16B0B4383
:1047300053610023A365636D03229343023A13433D
:104740006365002085E70423BCE71F33E35C002B8F
:1047500006D12268D16880235B020B43D360D3E784
:10476000636D202213436365A36D1F3A1343A36552
:10477000CAE7226813690F490B40136121680A696F
:10478000236C606C0343A06C034313430B612268EA
:10479000136901210B431361C1E7012059E7C046AA
:1047A000FDFEFFFF08270140FFFFC3FFFFFFFFFDE6
:1047B0001902FEFF03FCFFFFF8B504000E0017000E
:1047C00003689A68520702D502252800F8BD5022D6
:1047D000825C012A38D0012150228154DA680A43D0
:1047E000DA60C369012B2DD0FFF7A4FE0500002D70
:1047F000EBD1636D154A1A4080235B001343636558
:104800000023A3655022A354E36C114ADA62E36CDF
:10481000104A1A63E36C104A5A6323681C221A6018
:104820002268536810210B435360216840313B00DC
:104830003200E06C00F0BCF92268936804210B435D
:104840009360C2E70025D2E70225BEE7FEF0FFFF36
:10485000E1480008574900086349000870B50400A2
:104860005023C35C012B02D10225280070BD012218
:104870005023C254FFF7EAFD051E1DD12268D368FC
:1048800001218B43D360E06C2523C35C022B17D03E
:104890002268536810218B435360002D19D12000EA
:1048A000FFF702FE0500002D06D1636D0B4A134091
:1048B0000432FF321343636500225023E254D4E7ED
:1048C00000F0B1F9051EE3D0636D40221343636528
:1048D000DEE72000FFF7E8FDE5E7C046FEFEFFFF4C
:1048E00010B5836A5A6D502111422CD1596D802226
:1048F00092000A435A651A68D068C021090108422B
:1049000014D12021595C002910D1116809070DD557
:10491000916849070ED451680C20814351605A6D4B
:104920000B490A400431FF310A435A651800FDF76C
:10493000D5F810BD5A6D20210A435A659A6D1F396A
:104940000A439A65F2E7DB6C5B6B9847F1E7C04678
:10495000FEFEFFFF704710B5806AFFF7FBFF10BD3A
:10496000704710B5806A436D402213434365836DE1
:104970003C3A13438365FFF7F3FF10BD70B50400A5
:104980000D005023C35C012B4BD001225023C25495
:1049900003689A6852071AD4234A4968914229D079
:1049A000996A2A685203520B0A439A622B685B0386
:1049B00016D42B689B0305D51C4A11688023DB03A2
:1049C0000B43136000225023E25400202AE0436D81
:1049D00020221343436500225023C254012021E0CA
:1049E000124A116880231B040B4313600A20FFF74F
:1049F00015FDDEE7996A2A685203520B91439962CA
:104A00002B685B0304D5094A136809490B401360FE
:104A10002B689B03D6D5054A136806490B401360E3
:104A2000D0E7022070BDC0460110000008270140F9
:104A3000FFFF7FFFFFFFBFFF70B5002811DB82087B
:104A4000134DC0329200545903231840C000FC3368
:104A50001E008640B44389010B40834023435351D9
:104A600070BDC0B20F220240083A9208063292008E
:104A7000084BD3185D6803242040C000FF221400B7
:104A80008440A54389011140814029435960E7E7EB
:104A900000E100E000ED00E0002805DB1F231840E6
:104AA0001E3B8340014A13607047C04600E100E0AE
:104AB00001380A4B98420FD8094A50600948036AE6
:104AC0001B021B0AC02109060B43036200239360EB
:104AD00007331360002070470120FCE7FFFFFF0051
:104AE00010E000E000ED00E070B5066C1C25446CA1
:104AF00025400124AC407460046863608368102B17
:104B000004D0036899600368DA6070BD03689A6036
:104B10000368D960F9E7000070B5041E3DD0056850
:104B20001F4BE8181421FBF7FBFA800060641D4B53
:104B3000236402222523E2542B681B4A1A40A368EF
:104B4000E1680B4321690B4361690B43A1690B4386
:104B5000E1690B43216A0B4313432B608023DB0184
:104B6000A2689A4210D0114B19681C22656C15403E
:104B70000F20A840814319601968606C024060688A
:104B8000904002000A431A600023E36301212522BA
:104B9000A154013AA354002070BD0120FCE7C04697
:104BA000F8FFFDBF000002400F80FFFFA800024099
:104BB00070B504002420205C012832D00125242077
:104BC00025540130205C012804D000222423E25423
:104BD000022070BD0135243025540020E063256893
:104BE00028680126B04328602000FFF77DFF236B73
:104BF000002B0BD0226813680E210B431360226830
:104C0000136801210B4313600020E2E72268136858
:104C100004218B4313602268136806310B43136031
:104C2000EDE70220D5E710B52523C35C022B06D0A3
:104C30000423C36300222033C254012010BD026844
:104C400013680E218B43136001680A6801239A439D
:104C50000A60016C1C22446C22401C0094404C6091
:104C60002522835400222333C2540020E6E710B5E6
:104C70002523C35C022B03D00423C363012010BD92
:104C8000026813680E218B43136001680A680123D0
:104C90009A430A60016C1C22446C22401C00944020
:104CA0004C602522835400222333C254836B002B93
:104CB00002D098470020E2E70020E0E770B5036CDF
:104CC0001968046825681C23426C134004229A402A
:104CD0000A4214D06A0712D523689B0603D42368BE
:104CE000042293432360016C1C22436C1A4004236A
:104CF00093404B60036B002B00D0984770BD02229D
:104D00009A400A421AD0AA0718D523689B0606D4EF
:104D100023680A2293432360093A2523C254016C75
:104D20001C22436C1A40022393404B600022242330
:104D3000C254C36A002BE1D09847DFE708229A40AB
:104D40000A42DBD02B07D9D523680E229343236078
:104D5000016C0E32436C1A4001231C0094404C60DD
:104D6000C3632522835400222333C254436B002B98
:104D7000C4D09847C2E7C06B70470000F0B500236D
:104D800057E085685F000326BE40B543CE68BE404D
:104D9000354385604568A5432C004D682E090125E3
:104DA00035409D402C43446051E0DC080834A400A9
:104DB000265807251D40AD000F27AF40BE430F69A1
:104DC000AF403D003543255054E0052700E0002763
:104DD000AF403D0035430234A400464EA551464C39
:104DE0002568D44326002E404F68FF0301D51543A4
:104DF0002E00414D2E606D682E0026404F68BF0387
:104E000001D515432E003C4D6E60AD682E00264046
:104E10004F68FF0201D515432E00374DAE60ED6897
:104E20002C404E68B60201D52A431400324AD460A1
:104E300001330A681400DC405AD001249C4022400F
:104E4000F6D003254E683540013D012D99D9032444
:104E50004D682C40032C08D0C4685E000325B54083
:104E6000AC438D68B5402C43C46003244D682C408E
:104E7000022C9AD005685E0003242700B740BD438A
:104E80004F683C40B4402C430460C024A4024D68E9
:104E90002542CDD0194D6C6B012634436C639C08C0
:104EA000A51CAD00134EAE5903271F40BD000F27B0
:104EB000AF40BE43A027FF05B84288D0104FB8428C
:104EC0000ED0104FB8420DD00F4FB8420CD00F4F3C
:104ED000B8420BD00E4FB84200D176E7062777E7ED
:104EE000012775E7022773E7032771E704276FE7B8
:104EF000F0BDC04600000140000401400010024027
:104F00000004005000080050000C00500010005039
:104F1000001C005003690B4201D1002070470120A2
:104F2000FCE7002A01D1816270478161FCE70368D8
:104F30009A69920701D500229A6203689A69D2079A
:104F400003D49A6901210A439A617047F0B5059C20
:104F500005686868660D8027FF003740054E3E43B0
:104F6000B0438905890D120411430B4323430343C6
:104F70006B60F0BDFF63FF0370B504000E00150009
:104F800003689A69D2063BD55A68920104D45968DD
:104F90008022D2010A435A6023689A69920615D486
:104FA000731CF9D0FFF722FA401B864201D3002E72
:104FB000F2D1636C2022134363644123E254002343
:104FC0002232A354023AA354012018E01022DA61DD
:104FD00023682025DD612000FFF7A9FF22685368C0
:104FE00008490B405360636C0422134363644123FC
:104FF000E55400233E32A354023AA354012070BD6D
:105000000020FCE700E800FE70B504000D0016006B
:1050100023689B699B071CD4320029002000FFF7FE
:10502000ABFF002817D16B1CF2D0FFF7DFF9801B14
:10503000854201D3002DEBD1636C202213436364BE
:105040004123E25400232232A354023AA354012004
:1050500000E0002070BD0120FCE7F8B505000F005E
:1050600016001C002B689B693A009A4313005A42B1
:105070005341B34216D1631CF4D0FFF7B7F9069B36
:10508000C01A844201D3002CECD16B6C2022134354
:105090006B644123EA5400232232AB54023AAB54EE
:1050A000012000E00020F8BD70B505000C001600DE
:1050B0002B689B699B061AD4320021002800FFF759
:1050C0005BFF002815D1FFF791F9801B844201D3C3
:1050D000002CEDD16B6C202213436B644123EA5406
:1050E00000232232AB54023AAB54012070BD0020A1
:1050F000FCE70120FAE7000070B504000D0016007F
:1051000023689B695B0733D4320029002000FFF736
:1051100033FF00282ED123689A69920611D4FFF735
:1051200065F9801B854201D3002DE9D1636C2022F3
:10513000134363644123E2540022013BE254012003
:1051400070BD9A69520702D5228D002AF8D120221B
:10515000DA6121684B68084803404B6000236364B0
:10516000412162542232A354023AA3540120E7E7BA
:105170000020E5E70120E3E700E800FE10B5041E8B
:1051800059D04123C35C002B43D024224123E25455
:105190002268136801218B4313602268274B6168E2
:1051A0000B4013612268936825490B409360E368C4
:1051B000012B34D0226884231B02A1680B43936027
:1051C000E368022B32D0226851681E4B0B435360B8
:1051D0002268D3681A490B40D36021682369626949
:1051E0001343A26912021343CB602268E369216A68
:1051F0000B4313602268136801210B4313600023E3
:1052000063641F314122A15423630132A35400205F
:1052100010BD00224033C254FEF7B2F9B5E7226850
:1052200080231B02A1680B439360C9E72368802297
:1052300012015A60C7E70120EAE7C046FFFFFFF00E
:10524000FF7FFFFF00800002F0B585B004000391EE
:1052500016001D004123C35C202B02D0022005B0A4
:10526000F0BD2033C35C012B01D10220F7E70122FE
:105270004023C254FFF7BAF8070000901923012217
:10528000802109022000FFF7E8FE002800D083E01B
:1052900021224123E254113A0133E2540023636492
:1052A000666265856363638D9BB2FF2B0BD9FF2319
:1052B00023853D4B009380235B04EF32039920004C
:1052C000FFF744FE18E0628D92B22285D2B2364BCF
:1052D000009380239B0403992000FFF737FE0BE027
:1052E000628D92B22285D2B20023009380239B0468
:1052F00003992000FFF72AFE638D9BB2002B34D068
:105300003A000A992000FFF77FFE002846D1236863
:10531000626A12789A62636A01336362638D013B49
:105320009BB26385238D013B9BB22385628D92B234
:10533000002AE1D0002BDFD100970A9B00228021B8
:105340002000FFF78AFE00282AD1638D9BB2FF2B35
:10535000C6D9FF2323850023009380235B04FF220B
:1053600003992000FFF7F2FDC6E73A000A992000F2
:10537000FFF79AFE002815D123682022DA61216800
:105380004B680A4D2B404B604123E25400232232EC
:10539000A354023AA35462E7012060E701205EE7CC
:1053A00001205CE701205AE70020008000E800FEB1
:1053B000F0B585B00400039116001D004123C35CC5
:1053C000202B02D0022005B0F0BD2033C35C012B9E
:1053D00001D10220F7E701224023C254FFF706F86B
:1053E0000700009019230122802109022000FFF705
:1053F00034FE002800D083E022224123E254123AF6
:105400000133E25400236364666265856363638DE0
:105410009BB2FF2B0BD9FF2323853D4B00938023A9
:105420005B04EF3203992000FFF790FD18E0628DD6
:1054300092B22285D2B2364B009380239B0403990B
:105440002000FFF783FD0BE0628D92B22285D2B27D
:105450000023009380239B0403992000FFF776FD2F
:10546000638D9BB2002B34D03A000A992000FFF7DD
:1054700043FE002846D123685B6A626A1370636A40
:1054800001336362238D013B9BB22385628D013A18
:1054900092B26285628D92B2002AE1D0002BDFD1F8
:1054A00000970A9B002280212000FFF7D6FD0028EC
:1054B0002AD1638D9BB2FF2BC6D9FF2323850023FE
:1054C000009380235B04FF2203992000FFF73EFD39
:1054D000C6E73A000A992000FFF7E6FD002815D13B
:1054E00023682022DA6121684B680A4D2B404B600B
:1054F0004123E25400232232A354023AA35462E728
:10550000012060E701205EE701205CE701205AE707
:105510000024008000E800FEF0B54123C35C202B8E
:1055200001D00220F0BD2033C35C012B1CD04024ED
:1055300001220255412524234355066833689343CD
:10554000336006683368094F3B4033600668336850
:105550001943316001680B6813430B6020234355E6
:10556000002303550020DDE70220DBE7FFEFFFFF0C
:10557000F0B54123C35C202B01D00220F0BD2033C5
:10558000C35C012B1AD0402401220255412524235B
:105590004355066833689343336006683368084FA1
:1055A0003B4009021943316001680B6813430B60EB
:1055B00020234355002303550020DFE70220DDE7C9
:1055C000FFF0FFFF70B5041E28D00368144A1A606C
:1055D0000368144A1A60036842685A600368826864
:1055E0009A60FEF703FF05002368DA6852070AD0C5
:1055F000FEF7FCFE401B2A28F6D92368DB685B0710
:10560000F2D0032005E01969E268914202D01A61E4
:10561000002070BD044A1A600020FAE70120F8E774
:10562000CCCC000055550000AAAA00000368024A2D
:105630001A6000207047C046AAAA000010B5264B89
:10564000DA680C231340082B42D00C2B11D0042B0A
:1056500009D0214B5A68520B072313400133802095
:105660000002984010BD1C4B1B68DB0632D51B485E
:10567000F8E7910C0F230B401949C85C920D0323E6
:105680001A40541C144BDB68DB030DD4124B1B680F
:10569000DB0613D5114A00230021FAF7EDFD2200A5
:1056A0000023FAF7C9FDDDE70E4A00230021FAF7CF
:1056B000E3FD22000023FAF7BFFDD3E70A4A0023E7
:1056C0000021FAF7D9FD22000023FAF7B5FDC9E75A
:1056D0000448C7E70448C5E70010024000093D0040
:1056E0006C9F000800366E010024F400F0B583B012
:1056F000041E00D166E2B34BDA680C251540DE6863
:1057000080235B021E400368DB0736D5082D2CD0B2
:105710000C2D28D0636880225202934255D0A022DB
:10572000D202934258D0A74B1A68A7490A401A6080
:105730001A68802149020A400192019A1A68A34915
:105740000A401A606368002B52D0FEF74FFE070034
:105750009C4B1B689B0310D4FEF748FEC01B6428BB
:10576000F6D903202FE2002ED4D0964B1B689B0362
:1057700003D56368002B00D127E223689B076DD512
:10578000E3689A0605D58F48026820210A43026023
:105790008B43042D3CD00C2D38D0002B00D1B2E02F
:1057A00088490A680920824313430B60FEF71EFEF6
:1057B0000600844B1B685B0700D59BE0FEF716FED6
:1057C000801B0228F5D90320FDE17E4A1168802361
:1057D0005B020B431360B5E77A4B19688022D20253
:1057E0000A431A601968802252020A431A60A9E724
:1057F000FEF7FCFD0700734B1B689B03BDD5FEF74E
:10580000F5FDC01B6428F6D90320DCE1002EC4D1CD
:105810006C4A1268520702D5002B00D1D7E1694EBD
:1058200072686B490A40216909020A437260326852
:1058300009218A4313433360FFF700FFF26812091E
:105840000F231340634AD35CD840634B1860634B0B
:105850001868FEF787FD002800D0B4E12368DB0656
:105860002DD5002D62D1574B1B689B0503D5A3692D
:10587000002B00D1ADE1534A536859490B40216ACE
:105880000B43536053681B021B0AE16909060B4373
:105890005360236A590B013180231B028B40D1686E
:1058A00009090F220A404B498A5CD3404A4A1360D7
:1058B0004A4B1868FEF756FD002800D083E12368A4
:1058C0001B0700D490E06369002B68D03D4A136D3C
:1058D00001210B431365FEF789FD0600394B1B6D53
:1058E0009B0700D580E0FEF781FD801B0228F5D9DB
:1058F000032068E133494B68354A1340226912029C
:1059000013434B60AAE72F4A136801218B431360AE
:10591000FEF76CFD06002B4B1B685B079ED5FEF760
:1059200065FD801B0228F6D903204CE1A369002BFA
:1059300022D0244A116880235B000B431360FEF7DA
:1059400055FD06001F4B1B689B0506D4FEF74EFD58
:10595000801B0228F6D9032035E11A4A53682049F2
:105960000B40216A0B43536053681B021B0AE16919
:1059700009060B435360A2E7124A136819490B400A
:105980001360FEF733FD06000E4B1B689B0596D592
:10599000FEF72CFD801B0228F6D9032013E1094AEB
:1059A000136D01218B431365FEF720FD0600054BA7
:1059B0001B6D9B0718D5FEF719FD801B0228F6D931
:1059C000032000E100100240FFFFFEFFFFFFFBFF8E
:1059D000FFE0FFFF789F0008000000200800002083
:1059E000FF1FFFFFFFFEFFFF23685B0778D57D4B9E
:1059F0009B6BDB002CD47B4A916B80235B050B43B4
:105A000093630126784B1B68DB0523D5A3688022AE
:105A10005200934232D0002B37D1724B1A6D73492A
:105A20000A401A651A6D72490A401A65A368002B6C
:105A300045D0FEF7DBFC07006A4B1B6D9B054DD480
:105A4000FEF7D4FCC01B6B4B9842F5D90320BAE09B
:105A50000026D7E7644A116880235B000B4313607C
:105A6000FEF7C4FC0700604B1B68DB05CED4FEF7D5
:105A7000BDFCC01B6428F6D90320A4E0594A116D6F
:105A800080235B000B431365D0E7A022D200934232
:105A900009D0544B1A6D55490A401A651A6D54497C
:105AA0000A401A65C2E74F4B196D013AFF3A0A43A3
:105AB0001A65196D802252000A431A65B6E7FEF78F
:105AC00095FC0700474B1B6D9B0507D5FEF78EFC29
:105AD000C01B484B9842F5D9032074E0012E1AD020
:105AE000636A002B00D176E00C2D4FD0022B18D02A
:105AF0003C4A136840490B401360FEF777FC0400F2
:105B0000384B1B689B013FD5FEF770FC001B022839
:105B1000F6D9032057E0334A936B38490B4093631F
:105B2000DEE7304A136834490B401360FEF75EFC31
:105B300005002C4B1B689B0106D5FEF757FC401B4C
:105B40000228F6D903203EE02649CB682C4A1340B0
:105B5000A26AE06A0243206B02431343CB600A68E7
:105B600080235B0413430B60FEF740FC04001D4BD5
:105B70001B689B0106D4FEF739FC001B0228F6D9EE
:105B8000032020E000201EE000201CE0012B24D098
:105B9000144BDA6880235B021340A16A8B4201D068
:105BA000012010E0F0239B031340E16A8B4201D0F7
:105BB000012008E0C0231B041A40236B9A420ED038
:105BC000012000E0012003B0F0BD0120FBE701202F
:105BD000F9E70120F7E70020F5E70120F3E70020CF
:105BE000F1E7C0460010024000700040FFFEFFFFDA
:105BF000FFFBFFFF88130000FFFFFFFEFFFFFFEF2B
:105C0000FFFF02FF70B505000C00002800D1D1E0B5
:105C10006A4B1A68012313408B4235D32B689B07CC
:105C200006D5674AD368F0218B43A9680B43D3603C
:105C30002B68DB077BD56B68022B3CD0032B40D055
:105C4000012B44D05E4A1268920500D4B4E05C494E
:105C5000CA68032082431343CB60FEF7C7FB0600EC
:105C60006B68022B39D0032B45D0012B51D0544BFC
:105C7000DB680C221A425AD0FEF7B8FB801B514B4E
:105C80009842F4D903207DE04C4A136801218B43EC
:105C900023431360FEF7AAFB0600484B1A68012352
:105CA00013409C42BAD0FEF7A1FB801B454B9842A3
:105CB000F3D9032066E0424A12689203C7D4012058
:105CC00060E03F4A12689201C1D401205AE03C4A88
:105CD00012685207BBD4012054E0394BDA680C2318
:105CE0001340082B23D0FEF781FB801B354B9842D5
:105CF000F3D9032046E0324BDA680C2313400C2B17
:105D000015D0FEF773FB801B2E4B9842F3D903206E
:105D100038E02B4BDA680C231340042B07D0FEF736
:105D200065FB801B274B9842F3D903202AE0234BC5
:105D30001A68012313409C4225D32B685B0706D5C4
:105D40001F4AD36820490B40E9680B43D3602B6896
:105D50001B0707D51A49CB681C4A13402A69D20091
:105D60001343CB60FFF76AFC154BDA6812090F2367
:105D70001340174AD35CD840164B1860164B18686E
:105D8000FEF7F0FA70BD0D4A136801218B432343DF
:105D90001360FEF72BFB0600084B1A680123134023
:105DA0009C42CAD0FEF722FB801B064B9842F3D9D7
:105DB0000320E7E70120E5E70120E3E700200240B8
:105DC0000010024088130000FFF8FFFFFFC7FFFF2D
:105DD000789F00080000002008000020014B186890
:105DE0007047C0460000002010B5FFF7F7FF044BD6
:105DF000DA68120A07231340024AD35CD84010BD68
:105E000000100240889F000810B5FFF7E7FF044B21
:105E1000DA68D20A07231340024AD35CD84010BD87
:105E200000100240889F000870B5040003689B06BC
:105E300050D5674B9B6BDB0000D589E0644A916BC2
:105E400080235B050B4393630125624B1B68DB05D5
:105E500000D47FE05E4B1968C0239B031940626841
:105E60001340994206D0C0239B0211001940994269
:105E700000D184E0564B1B6DC02189020B4016D027
:105E80000A40934213D023689B0610D5504B186DDF
:105E9000514A02401E6D8021090331431965196D75
:105EA0004E4E314019651A65C30500D56EE0626833
:105EB000C0239B0211001940994200D176E0444969
:105EC0000B6DC02292026068024013430B65012DE6
:105ED00000D175E02368DB0706D53D4AD36C03216A
:105EE0008B43A1680B43D36423689B0706D5384ACC
:105EF000D36C0C218B43E1680B43D36423685B07AD
:105F000006D5334AD36C36490B4021690B43D36421
:105F100023681B0706D52E4AD36C32490B406169B2
:105F20000B43D3642368DB0506D5294AD36C2A4981
:105F30000B40A1690B43D36423681B0646D5244A52
:105F4000D36C29490B40E1690B43D364002070BD39
:105F500000257AE71F4A116880235B000B4313601A
:105F6000FEF744FA06001B4B1B68DB0500D571E702
:105F7000FEF73CFA801B6428F5D90320E7E7144BB1
:105F80001B689B0300D475E70120E0E7FEF72EFABB
:105F900006000F4B1B6D9B0500D588E7FEF726FA20
:105FA000801B124B9842F4D90320D0E708490B68B4
:105FB0000F480340C020800302401A430A607EE776
:105FC0000A008B6B0B490B40936383E70020BEE70D
:105FD0000010024000700040FFFFFCFFFFFFF7FFD2
:105FE000FFF3FFFFFFCFFFFFFFFFF3FF881300006A
:105FF000FFFFCFFFFFFFFFEF70B504000268D3681B
:10600000A0218B43D360FEF7F1F905002368DB681C
:106010009B0608D4FEF7EAF9401BFA239B0098423E
:10602000F4D9032000E0002070BD70B504000368BF
:10603000DA68520601D5002070BD01225242DA60B2
:10604000FEF7D4F905002368DB685B0608D4FEF789
:10605000CDF9401BFA239B009842F4D90320EBE7CB
:106060000020E9E770B5041E63D02123C35C002B38
:1060700041D002222123E2542368C8325A622368A5
:10608000773A5A622000FFF7D0FF051E39D1226807
:10609000936829490B40936021688A686368206986
:1060A0000343A069034313438B602368E2681A61CA
:1060B00021680B69A268120413430B612268D3683C
:1060C00080218B43D3602268D36C7D398B43D364AA
:1060D0002168CB6CE269606902431343CB64236897
:1060E0009B689B0615D52368FF225A62FE3A21233E
:1060F000E254280070BD00222033C254FDF770FA2C
:10610000B7E72368FF225A62FB3A2123E2540125B4
:10611000EFE72000FFF770FF0028E4D02368FF229C
:106120005A62FB3A2123E2540022013BE25401254A
:10613000DFE70125DDE7C046BFFF8FFF036850336F
:10614000890059180A60704703688022D20590427E
:1061500025D0154A904222D0144A90421FD0144AAA
:1061600090421CD08022D205904208D00E4A904224
:1061700005D00E4A904202D00D4A904203D10D4AFA
:106180001340CA681343802293430A691343036090
:106190008B68C3620B68836201234361704770227E
:1061A00093434A681343DDE70004004000080140C0
:1061B00000140140FFFCFFFF30B5036A0122934346
:1061C0000362036A446882697325AA430D682A43FF
:1061D0000225AB438D682B43446082614A68426369
:1061E000036230BD30B5036A102293430362036A31
:1061F00045688269074C22400C682402224320240F
:10620000A3438C6824012343456082614A6882630A
:10621000036230BDFF8CFFFF30B5036A0A4A1340AA
:106220000362036A4568C2697324A2430C6822436F
:10623000064C23408C68240223434560C2614A68AF
:10624000C263036230BDC046FFFEFFFFFFFDFFFFDC
:1062500030B5036A0A4A13400362036A4568C2699B
:10626000084C22400C6824022243074C23408C68CF
:10627000240323434560C2614A680264036230BD5F
:10628000FFEFFFFFFF8CFFFFFFDFFFFF10B51F23B6
:10629000194001248C40036AA3430362036A8A40C5
:1062A0001A43026210BD70B5041E1ED03923C35CB0
:1062B000002B14D0392502236355211D2068FFF7D8
:1062C00043FF01233E22A354043AA3540132A354B2
:1062D0000132A3540132A3546355002070BD002243
:1062E0003833C254FDF78CF9E4E70120F6E70000EB
:1062F00010B50400002924D13A23C35C013B5A1E87
:106300009341DBB2002B50D1002933D102223A3322
:10631000E25401222068FFF7B9FF23688022D205EA
:10632000934237D0234A934234D0234A934231D008
:10633000224A93422ED01A6801210A431A60002093
:1063400034E0042908D008290DD03D23C35C013B6B
:106350005A1E9341DBB2D5E73B23C35C013B5A1E77
:106360009341DBB2CEE73C23C35C013B5A1E934111
:10637000DBB2C7E7042905D0082907D002223D2354
:10638000E254C6E702223B23E254C2E702223C2346
:10639000E254BEE7996807220A40062A07D01A6825
:1063A00001210A431A60002000E0012010BD0020F6
:1063B000FCE7C04600040040000801400014014012
:1063C00070B504000D003823C35C012B68D0012197
:1063D0003823C154042A35D01AD9082A49D00C2AA6
:1063E0005CD129000068FFF733FF2268D169802360
:1063F0001B010B43D3612268D3692A490B40D36147
:106400002168CB69EA6812021343CB61002015E0D2
:10641000002A43D129000068FFF7CEFE2268936965
:1064200008210B4393612268936904398B4393617C
:1064300022689369E9680B439361002000223823A6
:10644000E25470BD29000068FFF7CCFE2268916914
:1064500080231B010B4393612268936911490B4010
:10646000936121688B69EA68120213438B610020F3
:10647000E4E729000068FFF7CFFE2268D36908210E
:106480000B43D3612268D36904398B43D3612268FB
:10649000D369E9680B43D3610020CFE70120CDE742
:1064A0000220CEE7FFFBFFFF30B53823C35C012B92
:1064B00029D001223823C25401320133C254026868
:1064C000536894687025AB430D682B435360036891
:1064D0008022D205934210D00C4A93420DD00C4A30
:1064E00093420AD00B4A934207D001223923C25467
:1064F0000022013BC254002030BD802294434A68F0
:1065000014439C60F1E70220F6E7C0460004004017
:1065100000080140001401403823C35C012B06D061
:106520000368196500223823C254002070470220F6
:10653000FCE710B5EFF31081012383F310880268A4
:106540001368C024A343136081F31088202383675A
:1065500010BD000030B5EFF31084012181F31088E5
:1065600002681368124D2B40136084F31088EFF318
:106570001084012383F31088026893688B4393602F
:1065800084F31088036E012B05D02023C3670023FA
:106590000366436630BDEFF3108183F31088026811
:1065A00013681024A343136081F31088EDE7C046FD
:1065B000DFFEFFFF70B50400826FC56F03689B6844
:1065C0001B0601D5212A07D023689B685B0646D5A8
:1065D000222D22D0002043E0EFF31081012383F32A
:1065E00010880268936880208343936081F3108849
:1065F000E06E002803D0FEF716FB002803D1200030
:10660000FFF797FFE0E7E06EFEF7B5FB2028F6D135
:1066100010228023E2501D3822E0EFF31081012385
:1066200083F310882268936840208343936081F34A
:106630001088206F002803D0FEF7F5FA002804D157
:106640002000FFF787FF00200AE0206FFEF793FB92
:106650002028F5D110228023E2501D3800E00020D0
:1066600070BD10B5EFF31081012383F31088026829
:1066700013684024A343136081F3108820238367A9
:1066800000238366FDF7EAF910BD704770B5846A90
:10669000A26FE56F23689B681B0601D5212A0ED0E7
:1066A00023689B685B0601D5222D0FD08022A3585A
:1066B00010210B43A3502000FDF71EF970BD0022EE
:1066C0005223E2522000FFF734FFE9E700225A2369
:1066D000E2522000FFF73EFFE8E710B5806A002392
:1066E0005A228352083A8352FDF706F910BD7047CB
:1066F00070B504000168CB6908688D68AA4A1A4021
:106700000AD19E0608D5860606D5636E002B00D1F9
:1067100045E12000984742E1002A00D18AE00122A9
:106720002A4003D1A14E304200D183E0DD0707D5D6
:10673000C50505D501260E62802561593143615199
:10674000990709D5002A07D0216802250D627E35F8
:106750006159042631436151590709D5002A07D0F0
:10676000216804250D627C3561590226314361514F
:1067700019070AD5810601D4002A06D02268082507
:106780001562802162582A4362501A050AD54201D7
:1067900008D52268802109011162802162582025D4
:1067A0002A4362508022A258002A00D1F7E09B06BB
:1067B00006D5830604D5636E002B01D020009847D0
:1067C0008023E25823689B685B0602D42823134287
:1067D00029D02000FFF7BEFE23689B685B061ED50C
:1067E000EFF31081012383F310882268936840201F
:1067F0008343936081F31088236F002B0BD06C4A86
:106800009A63206FFEF733FA002800D1C7E0206FAB
:10681000836B9847C3E02000FDF76EF8BFE02000CF
:10682000FDF76AF8BBE02000FDF766F80022802340
:10683000E250B4E0226E012A11D0DA0202D56A02D7
:1068400000D5A1E01A0600D4A5E0020600D4A2E01B
:10685000A36E002B00D1A2E0200098479FE0DA064B
:10686000EBD5C206E9D510230B6223689B685B0653
:1068700052D5226F13685B689BB2002B00D18EE06B
:106880005821615A8B4200D389E05A216352136820
:106890001B689B0609D55823E15A0233E35AC91AEB
:1068A00089B22000FFF723FF79E0EFF31080593918
:1068B00081F31088226813683E4D2B40136080F3EB
:1068C0001088EFF31080012383F310882268936807
:1068D0008B43936080F31088EFF31081012383F3DF
:1068E00010882268936840208343936081F3108866
:1068F0002023E36700232366EFF31081013383F342
:1069000010882268136830388343136081F310883D
:10691000206FFEF788F9BEE75823E15A0233E25AA6
:10692000891A89B2E35A9BB2002B38D0002936D09D
:10693000EFF31085012080F31088226813681E4E43
:106940003340136085F31088EFF31085012383F340
:106950001088226893688343936085F3108820230E
:10696000E367002323666366EFF31080013383F34C
:106970001088226813681025AB43136080F31088D9
:106980002000FFF7B4FE0AE080235B030B622000C7
:1069900000F032FC03E05B0601D5430600D470BD75
:1069A0002000FFF75EFEFAE70F0800002001000458
:1069B000DB660008FFFEFFFFDFFEFFFF10B5806A09
:1069C000036E012B02D0FFF760FE10BD5733C15A92
:1069D0004908FFF78CFEF8E770B5836A0268126811
:1069E00092062AD400215A229952EFF310840120F2
:1069F00080F3108819680A681C4D2A400A6084F3E5
:106A00001088EFF31084012282F3108819688A68D5
:106A100082438A6084F31088EFF31080012282F3AE
:106A2000108819688A684024A2438A6080F310881D
:106A30002022DA671A6E012A06D01A6E012A0FD0B8
:106A40001800FCF795FF70BDEFF3108082F31088FB
:106A500019680A68303CA2430A6080F31088ECE7AA
:106A60005732995A1800FFF742FEECE7FFFEFFFF8E
:106A7000F8B505000168836802691343426913434E
:106A8000C26913430A689F48024013430B602A6897
:106A900053689D490B40E9680B435360AB692A6812
:106AA0009A498A4201D0296A0B439168984801406B
:106AB0000B4393602B68974A93421CD0964A9342AB
:106AC0002DD0964A93425FD0954A93425ED08F4A2A
:106AD000934239D010228D498B425BD080231B0218
:106AE000E969994200D195E0082A00D9FAE09200BC
:106AF0008C4B9B589F468C4AD16C03220A40012A3A
:106B000009D0002A05D0022A3AD0032A05D0102243
:106B1000E1E70122DFE70422DDE70822DBE7824A22
:106B2000D16C0C220A40042A0AD005D9082A29D09F
:106B30000C2A07D10822CEE7002A03D10022CAE797
:106B40000422C8E71022C6E7774AD26CC0210901A7
:106B50000A408021C9008A420ED009D9802109014A
:106B60008A4215D0C02109018A4207D10822B2E722
:106B7000002A03D10022AEE70422ACE71022AAE7E4
:106B80000222A8E70222A6E70022A4E70022A2E749
:106B90000222A0E7022A2CD025D9042A30D0082AC4
:106BA00032D1802000020024002800D182E06A68EF
:106BB00053009B18984200D29AE01303984200D9E0
:106BC00098E0070E06025008002180197941002341
:106BD000F9F732FB554BC218554B9A4200D98BE05E
:106BE0002B68D86066E0002A0ED1FFF7FDF800247C
:106BF000DAE74D4B1B68DB0609D54E480024D3E786
:106C0000FEF71CFD0024CFE700200124CCE74A4812
:106C10000024C9E7082A33D89200484B9B589F4666
:106C2000802000020024002844D040006B685B08EC
:106C3000C0186968F9F774FA83B20004000C010007
:106C400010393F4A914259D80F2293434008083ADD
:106C5000104018432B68D8602CE0FFF7C5F80024DB
:106C6000E1E7FFF7D1F80024DDE72F4B1B68DB06D7
:106C700009D530480024D6E7FEF7E0FC0024D2E72F
:106C800000200124CFE72C480024CCE7802000021C
:106C9000002400280ED06B685B08C0186968F9F7FB
:106CA0003FFA0004000C0200103A254B9A4227D804
:106CB0002B68D86000236B66AB662000F8BDFFF739
:106CC00093F80024E5E7FFF79FF80024E1E7164B6F
:106CD0001B68DB0609D517480024DAE7FEF7AEFC8F
:106CE0000024D6E700200124D3E713480024D0E78E
:106CF0000124DFE70124DDE70124DBE70124D9E7F4
:106D00000124D7E7F369FFEFFFCFFFFF0048004002
:106D1000FFF4FFFF0038014000440040004C0040F9
:106D200000500040B8A100080010024000FDFFFF25
:106D3000FFFC0F0000093D000024F400DCA1000866
:106D4000EFFF0000436ADB0706D5026853682C4951
:106D50000B40816A0B435360436A9B0706D5026868
:106D6000536828490B40C16A0B435360436A5B0771
:106D700006D50268536824490B40016B0B435360EE
:106D8000436A1B0706D50268536820490B40416BD4
:106D90000B435360436ADB0606D5026893681C49BF
:106DA0000B40816B0B439360436A9B0606D50268D8
:106DB000936818490B40C16B0B439360436A5B06B1
:106DC0000BD50268536814490B40016C0B435360A8
:106DD00080235B03026C9A420AD0436A1B0606D5E5
:106DE000026853680D490B40816C0B435360704738
:106DF000026853680A490B40416C0B435360ECE74F
:106E0000FFFFFDFFFFFFFEFFFFFFFBFFFF7FFFFF19
:106E1000FFEFFFFFFFDFFFFFFFFFEFFFFFFFF7FFCA
:106E2000FFFF9FFFF0B5C64600B504000F00160037
:106E30009846069D2368DB693A009A4313005A423C
:106E40005341B34253D16B1CF4D0FDF7CFFA434604
:106E5000C01A85422CD3002D2AD023681A68520705
:106E6000E8D5DA691205E5D5802212011A62EFF33E
:106E70001080012181F31088226813681E4D2B4079
:106E8000136080F31088EFF31080012383F31088E0
:106E9000226893688B43936080F310882023A36754
:106EA000E3678022A35000225433E25403201FE002
:106EB000EFF31080012181F31088226813680E4DD2
:106EC0002B40136080F31088EFF31080012383F3CD
:106ED0001088226893688B43936080F31088202386
:106EE000A367E36700225433E254032000E000204C
:106EF00004BC9046F0BDC0465FFEFFFFF0B585B014
:106F000004000F0016001D00836F202B02D002200A
:106F100005B0F0BD002962D0002A62D080235B0159
:106F200082689A4205D07423E35C012B08D10220C9
:106F3000EEE70369002BF6D1CB07F4D50120E7E794
:106F400001227423E25400220C33E2505F3BA3671A
:106F5000FDF74CFA03905023E6520233E6528023A9
:106F60005B01A2689A4204D0002600227423E254F6
:106F700012E02369002B01D00026F6E73E0000272F
:106F8000F3E722683388DB05DB0D93620236522279
:106F9000A35A013B9BB2A3525223E35A9BB2002B4C
:106FA0000FD00095039B002280212000FFF73AFFBD
:106FB000002818D1002FE4D023683A789A6201376C
:106FC000E5E70095039B002240212000FFF72AFF00
:106FD000002801D003209BE72023A36798E7012026
:106FE00096E7012094E7032092E7000030B583B0D4
:106FF000040000228023C250FDF7F8F90500236841
:107000001B681B070DD423681B685B0716D420235D
:10701000A367E367002323667422A354002003B010
:1070200030BD0D4B00930300002280218903200016
:10703000FFF7F8FE0028E6D00320F0E7064B0093A8
:107040002B0000228021C9032000FFF7EBFE00285F
:10705000DDD00320E3E7C046FFFFFF0110B5041EAB
:107060002ED0836F002B21D02423A36722681368BE
:1070700001218B4313602000FFF7FAFC012814D094
:10708000636A002B18D1226853680E490B40536085
:10709000226893682A218B439360226813682939F8
:1070A0000B4313602000FFF7A1FF10BD00227433D3
:1070B000C254FCF7EFFAD7E72000FFF743FEE2E700
:1070C0000120F2E7FFB7FFFF70B5040041655823C8
:1070D000C25200212833C1505E3BC367036F002BAF
:1070E00013D02349D962036F22491963036F2249E0
:1070F0005963036F00219963016824311300426DC5
:10710000006FFDF755FD002828D100227423E254BA
:10711000EFF31080012181F3108823681D6801328C
:10712000FF322A431A6080F31088EFF310800123A6
:1071300083F31088226893680B43936080F3108870
:10714000EFF31081012383F31088226893684020B5
:107150000343936081F31088002070BD10228023C8
:10716000E25000220C3BE254543BE3670120F4E779
:10717000D9690008BD6900088D66000870B5C36F45
:10718000202B01D0022070BD00292DD0002A2DD047
:1071900080235B0184689C421FD07423C35C012B55
:1071A00026D001247423C454002303660368114CC1
:1071B000A3420FD05B681B020CD5EFF310850123AF
:1071C00083F31088046826688023DB04334323603C
:1071D00085F31088FFF778FFD5E70369002BDCD132
:1071E000CB07DAD50120CEE70120CCE70120CAE7A2
:1071F0000220C8E7004800407047842801D00330CF
:1072000070470020FCE7EFF30580431E984170476C
:1072100010B500F0D9FD002010BDF0B5CE4600B588
:1072200088B0040005914569002D18D08669002EAC
:1072300015D04768026891460822805EFFF7DDFF9F
:107240002269029601950090059B4946380000F09E
:1072500063FD0790079808B004BC9146F0BD6668CE
:10726000276825690823E05EFFF7C7FFAAB207ABCE
:1072700001930090059B3900300000F074FD012857
:10728000E8D00020E7E710B5002800D1013000F079
:10729000C9FE002010BD10B582B08268002A0AD055
:1072A000C368002B07D0416800680024009400F0F8
:1072B000B9F902B010BD41680068002200F0E6F99B
:1072C000F7E7000030B585B00500019114000023F8
:1072D0000393002A00D10134FFF795FF002812D054
:1072E000002303AA01A9280000F092FA012801D086
:1072F000FF2011E0039B002B10D080225205094B88
:107300001A60002008E00023220001A9280000F0F4
:10731000DFF9012804D0FF2005B030BD0020FBE7D5
:107320000020F9E704ED00E070B584B004000D0022
:107330001600029100230193002918D00023039323
:10734000531C1BD0FFF75FFF00281DD003AA01A923
:10735000280000F049FB012813D000230093039B71
:10736000002B1CD080225205134B1A6017E06B468D
:1073700080220092020023CB23C214E00126764231
:10738000E0E710230093EAE7320001A9280000F0AB
:1073900098FA01280AD0002E0BD1002300936B46E7
:1073A000220023CB23C2200004B070BD1023009321
:1073B000F5E74023F2E7C04604ED00E003000833A0
:1073C0004360012252428260C36003610023036074
:1073D000704700230361704743684B609A688A6076
:1073E0009A685160996008610368013303607047CF
:1073F00030B50C68631C02D00200083202E002695A
:1074000004E01A0053681D68AC42FAD253684B601E
:1074100099608A605160086103680133036030BD80
:1074200003694268816891608268416851605A6866
:10743000904206D0002202611A68013A1A60186868
:10744000704782685A60F5E710B5040000F0A0FFAD
:10745000A26BE36B9A4204D0002400F0A5FF200049
:1074600010BD0124F9E710B5040000F091FFA36BF3
:10747000002B04D0002400F097FF200010BD012451
:10748000F9E770B504001600856B026C002A0AD17A
:107490000368002B2ED1806800F0BCFE0023A3609F
:1074A0000135A56370BD002E0ED1406801F042F990
:1074B0006368226C944663446360A26893421BD362
:1074C000236863600020EBE7C06801F033F9236CA8
:1074D0005B42E268D218E26021688A4203D2A26865
:1074E00094466344E360022E08D1002D08D0013D8C
:1074F0000020D5E70020D3E70020D1E70020CFE728
:107500000020CDE710B50C00026C002A0BD0C36838
:107510009B18C36081688B4201D30368C360C16854
:10752000200001F007F910BD70B5050000F030FF34
:107530004523EC5C64B201E0013C64B2002C0BDD3D
:107540006B6A002B08D02800243000F0D7FD0028FB
:10755000F2D000F049FEEFE7FF224523EA5400F0A5
:1075600023FF00F015FF4423EC5C64B201E0013C12
:1075700064B2002C0BDD2B69002B08D028001030E2
:1075800000F0BCFD0028F2D000F02EFEEFE7FF2255
:107590004423EA5400F008FF70BD70B504000D00EC
:1075A000002823D000F0F4FE2268E36B206C010079
:1075B00059435118A1600021A1636260013B43431C
:1075C000D318E360FF234422A3540132A354002DB7
:1075D00011D12369002B05D02000103000F08EFD62
:1075E000002805D100F0E0FE012070BD72B6FEE774
:1075F00000F0C2FEF6E720001030FFF7DFFE2000AB
:107600002430FFF7DBFEEDE710B5029B002907D021
:107610001A60D863196401211800FFF7BEFF10BD7E
:107620001B60F6E770B584B01D0008AB1B7800281E
:1076300001D172B6FEE7002D08D0002A08D000293B
:1076400008D00124002C07D172B6FEE772B6FEE71F
:107650000124F7E70024F5E7002A02D1002900D031
:107660000024002C01D172B6FEE748240394039C49
:10767000482C01D072B6FEE7039C012646242E5505
:107680000095FFF7C1FF280004B070BDF0B583B0CE
:1076900006000F001500002801D172B6FEE7002990
:1076A00002D00800704300E00020483000F01CFFCA
:1076B000041E0AD00200483200214623C154009023
:1076C0002B0039003000FFF79FFF200003B0F0BD12
:1076D000F0B585B004000F0001921E00002806D00E
:1076E000002906D00125002D0AD172B6FEE772B638
:1076F000FEE7036C002B01D10125F4E70025F2E73A
:10770000022E03D0002D06D172B6FEE7E36B012BEB
:10771000F8D00025F6E700F06DFD002803D1019BAD
:10772000002B00D00025002D01D172B6FEE7002508
:1077300036E0320039002000FFF7A3FE636A002B19
:107740000CD02000243000F0D9FC002801D000F03B
:1077500013FE00F029FE012005B0F0BD0028F8D08E
:1077600000F00AFEF5E700F01FFE0020F4E700F04D
:107770001BFE01A902A800F005FD002841D1200050
:10778000FFF762FE002836D020001030019900F08B
:10779000A3FC2000FFF7C8FE00F0D8FB002827D08C
:1077A00000F0F6FDA36BE26B9342C2D3022EC0D071
:1077B000019B002BD7D0002D03D102A800F0DAFCEA
:1077C000013500F0F1FD00F037FB00F0E1FD44234E
:1077D000E35C5BB2013302D100224423E25445232F
:1077E000E35C5BB20133C2D100224523E254BEE721
:1077F00000F0C2FDD4E72000FFF796FE00F0A6FBE4
:10780000CEE72000FFF790FE00F0A0FB0020A3E7EA
:10781000F0B583B00400009116001F00002807D0C7
:10782000009B002B06D00123002B0AD172B6FEE785
:1078300072B6FEE7036C002B01D10133F4E700239D
:10784000F2E7022F03D0002B06D172B6FEE7E26BFF
:10785000012AF8D00023F6E700F0B6FD0190A36BF3
:10786000E26B934201D3022F23D14523E55C6DB235
:107870003A0000992000FFF704FE6B1C13D1636AE5
:10788000002B18D02000243000F038FC002814D041
:10789000002E14D0012333600124019800F098FDDC
:1078A000200003B0F0BD01356DB24523E55401243D
:1078B000F3E70024F1E70124EFE70124EDE70124D9
:1078C000EBE7F0B585B004000E000192002806D069
:1078D000002906D00125002D0AD172B6FEE772B646
:1078E000FEE7036C002B01D10125F4E70025F2E748
:1078F00000F080FC002803D1019B002B00D0002564
:10790000002D01D172B6FEE700272BE031002000E8
:10791000FFF7F8FD013DA5632369002B07D0200088
:10792000103000F0EBFB002801D000F025FD00F046
:107930003BFD012005B0F0BD00F036FD0020F9E769
:1079400002A800F017FC013716E000224423E2549D
:107950001DE000224523E2541EE02000FFF7E4FD75
:1079600000F0F4FA00F014FDA56B002DCED1019BC0
:10797000002BE1D0002FE3D000F016FD00F05CFA00
:1079800000F006FD4423E35C5BB20133DDD0452308
:10799000E35C5BB20133DCD000F006FD01A902A874
:1079A00000F0F0FB002813D12000FFF75CFD002859
:1079B000D3D020002430019900F08EFB2000FFF787
:1079C000B3FD00F0C3FA0028CCD100F0D5FCC9E724
:1079D0002000FFF7A9FD00F0B9FA2000FFF743FDF2
:1079E0000028BFD00020A5E7F0B583B004000091C7
:1079F0001600002807D0009B002B06D00123002B87
:107A00000AD172B6FEE772B6FEE7036C002B01D115
:107A10000133F4E70023F2E700F0D6FC0190A76BF6
:107A2000002F24D04423E55C6DB200992000FFF7BD
:107A300069FD7B1EA3636B1C13D12369002B18D037
:107A40002000103000F05AFB002814D0002E14D073
:107A5000012333600124019800F0BAFC200003B038
:107A6000F0BD01356DB24423E5540124F3E7002451
:107A7000F1E70124EFE70124EDE70124EBE7000043
:107A8000084B9B6A1B68002B06D0064B9A6AD2688B
:107A9000D2685268DA62704701225242014BDA62C0
:107AA000F9E7C046FC030020F0B583B000900193D5
:107AB000089C0A9E204B9C4662449200336B9C4675
:107AC000624407239A431700002931D000230F2B6B
:107AD00009D8C8180578F218343215700278002ACF
:107AE00001D00133F3E700224323F254062C00D9DE
:107AF0000624F46274640025B564301DFFF769FC48
:107B000030001830FFF765FC366107231C1BB46199
:107B10007662F5644933F554019A0099380000F013
:107B2000FBFB3060099B002B00D01E6003B0F0BD52
:107B300000223423F254D9E7FFFFFF3FF8B50024B9
:107B400008E0A3001B199A00104830308018FFF796
:107B500035FC0134062CF4D90D4C27003C37380095
:107B6000FFF72CFC260050363000FFF727FC074DAE
:107B700028001430FFF722FC20006430FFF71EFCC1
:107B80002800FFF71BFCAF62A667F8BDFC030020CE
:107B90007C04002010B5040000F0FAFB1F4AD36FEC
:107BA0000133D3671E4B1B68002B2BD01C4B5B682B
:107BB000002B07D11A4B1B68DB6AE26A934201D89B
:107BC000174B1C60164B9A6801329A60E26ADB68B8
:107BD0009A4201D9124BDA60211D93009B189A003A
:107BE000104830308018FFF7F7FB00F0DDFB0C4B3E
:107BF0005B68002B05D00A4B1B68DA6AE36A9A427D
:107C000008D310BD064B1C60D36F012BDAD1FFF7F0
:107C100095FFD7E700F0B0FBF3E7C0467C040020F7
:107C2000FC040020FC03002010B504005123C35CB9
:107C3000002B05D0012B0AD0022B07D072B6FEE72D
:107C4000006B00F0B5FC200000F0B2FC10BD00F0AD
:107C5000AFFCFBE770B513E000F09AFB0B4C236F11
:107C6000DD68281DFFF7DCFBE36F013BE367084A93
:107C70001369013B136100F097FB2800FFF7D4FF65
:107C8000034B1B69002BE7D170BDC0467C0400206C
:107C9000FC04002010B5FFF7DDFF034B1B6B012B2D
:107CA000F9D900F069FBF6E7FC03002070B5040089
:107CB0000D00164B5E6918680430FFF7B1FB631CBA
:107CC00012D03419114B1B685C60A64215D8104DB8
:107CD000A86A0E4B19680431FFF78AFBEB6A9C42D5
:107CE00012D20B4BDC620FE0002DEAD0074B196873
:107CF00004310748FFF770FB06E0064B986F034B13
:107D000019680431FFF774FB70BDC046FC04002005
:107D1000FC0300207C04002070B586B00B9D0C9CF9
:107D2000002D08D0002C08D054260496049E542E12
:107D300005D072B6FEE772B6FEE772B6FEE7049EA5
:107D4000256302265125665500250395029405AD4D
:107D500001950A9D0095FFF7A7FE2000FFF71AFF87
:107D6000059806B070BDF0B587B004900591140079
:107D70001F00900000F0B8FB061E20D0542000F039
:107D8000B3FB051E17D00663002D1AD00023512225
:107D9000AB54039302950D9B01930C9B00933B0006
:107DA000220005990498FFF77FFE2800FFF7F2FEF6
:107DB000012007B0F0BD300000F0FAFBE4E7002539
:107DC000E2E701204042F4E710B588B000240594B2
:107DD000069407AA06A905A8F9F76EFE059B02936B
:107DE000069B019300940023079A0F490F48FFF761
:107DF00093FF002806D00123012B05D0013310D0BA
:107E000008B010BD0023F7E772B601225242084BBA
:107E1000DA62084B02325A6000225A6100F08EFA90
:107E2000EEE772B6FEE7C04618AE0008957C000883
:107E3000FC030020FC040020024A93690133936193
:107E40007047C046FC040020014B58697047C0468B
:107E5000FC040020F8B53A4B9B69002B63D1384BEA
:107E60005D6901355D61002D12D1364B9B6A1B683F
:107E7000002B01D072B6FEE7324A916A324B986FFE
:107E8000906299672E4AD3690133D361FFF7F8FDF9
:107E90002C4BDB6A9D423CD20024294B1B68DA6ADA
:107EA00093009B189A00274B9B181B6B012B3FD903
:107EB00001243DE00124234B9B6A1B68002B2AD040
:107EC000204B9B6ADB68DE6873689D4228D3371DB0
:107ED0003800FFF7A5FAB36A002B03D03000183042
:107EE000FFF79EFAF26A164BDB689A4201D9144BEF
:107EF000DA6093009B189A001248303080183900DD
:107F0000FFF76AFAF26A0E4B1B68DB6A9A42D1D21B
:107F1000D1E70024CFE7012252420A4BDA62BCE7E4
:107F2000084AD362B9E7064A136A01331362002490
:107F3000034B5B6A002B00D001242000F8BDC04633
:107F4000FC040020FC0300207C04002070B5324BB0
:107F50009B69002B01D172B6FEE700F019FA2E4B97
:107F60009A69013A9A619B69002B51D12B4BDB6FC7
:107F7000002B04D1002400F017FA200070BD00246B
:107F8000274B5B69002B24D0254B1B6ADC68200043
:107F90001830FFF745FA251D2800FFF741FAE26A7D
:107FA0001D4BDB689A4201D91B4BDA6093009B188A
:107FB0009A001B48303080182900FFF70DFA164B45
:107FC0001B68DB6AE26A9A42DAD30122124B5A62D8
:107FD000D6E7002C01D0FFF753FD0F4B1C6A002C95
:107FE0000AD10D4B5B6A002B14D000F0C5F90124B7
:107FF000C1E7013C002C07D0FFF72CFF0028F8D088
:108000000122054B5A62F4E70022034B1A62E8E7AB
:108010000024B0E70024AEE7FC0400207C0400202C
:10802000FC03002010B5041E0ED00A4B9B69002BE8
:1080300001D072B6FEE7FFF7FFFE00212000FFF738
:1080400035FEFFF783FF00E00020002801D100F09B
:1080500093F910BDFC04002010B51D4B9B69002B4B
:108060000FD11B4B00225A62DB689A00D218910094
:10807000184A5218126B002A09D1002B05D0013B77
:10808000F3E70122124B5A6210BD72B6FEE7114AA5
:108090009900CC18A0001018446B64684463303217
:1080A000C91888000830121894420AD09A00D218D1
:1080B0009100084A5218526BD168054A1160D3608A
:1080C000E2E760688900034A52185063EEE7C04651
:1080D000FC040020FC03002010B50C00002801D196
:1080E00072B6FEE7044B19681831FFF781F90121D8
:1080F0002000FFF7DBFD10BDFC04002070B5C36855
:10810000DC68002C27D0250018352800FFF788F9F7
:10811000164B9B69002B20D1251D2800FFF780F905
:10812000E26A124BDB689A4201D9104BDA60930085
:108130009B189A000E48303080182900FFF74CF940
:10814000E26A0A4B1B68DB6A9A420CD90122074B90
:108150005A62012070BD72B6FEE72900044814304F
:10816000FFF73AF9ECE70020F4E7C046FC040020F2
:10817000FC030020024BDA6902605B6943607047D0
:10818000FC040020F8B505000C0000281AD00029D6
:108190001AD000F0FDF8134B58696968421A236839
:1081A0005E1C1AD00F4EF6692F68B74201D0884284
:1081B00015D29A420AD300232360012400F0F4F878
:1081C0002000F8BD72B6FEE772B6FEE79B1A236088
:1081D0002800FFF7CFFF0024F0E70024EEE701249A
:1081E000ECE7C046FC0400200122014B5A627047B4
:1081F000FC040020064B5B68002B05D0044B9B69F8
:10820000002B03D1022070470120FCE70020FAE791
:10821000FC04002070B5041E2CD0194B1B6898423A
:1082200001D072B6FEE7836C002B01D172B6FEE777
:10823000013B8364C26A416C8A421DD0002B1DD170
:10824000051D2800FFF7ECF8636CE3620722D21AE1
:10825000A2610B4AD268934201D9094AD3609A00BD
:10826000D3189A000748303080182900FFF7B4F877
:10827000012070BD0020FCE70020FAE70020F8E7AD
:10828000FC040020FC03002082B000230193064B75
:108290001B68013301D072B6FEE772B6019B002B5A
:1082A000FCD002B07047C0460C0000200000000067
:1082B0000B4A13681868203080F30988022080F385
:1082C0001488BFF36F8F3FBCAE4608BC04BC62B6D7
:1082D0001847C046C046C046C046C046C046C04615
:1082E000FC04002010B5084C00232360074A1360EB
:1082F000074B1868FA218900F7F712FF0138054B80
:1083000018600723236010BD10E000E018E000E0D3
:108310000000002014E000E010B5031F8024640476
:108320001C60043B1960043B02491960143B1A604D
:10833000403810BD898200087047000010B50C4B12
:108340001968FF2212040A431A601968FF221206F4
:108350000A431A60FFF7C6FF0022064B1A60FFF7B8
:10836000A7FFFFF779FEFFF78FFF002010BDC04683
:1083700020ED00E00C00002080225205034B1A6023
:10838000BFF34F8FBFF36F8F7047C04604ED00E01F
:1083900072B6044A136801331360BFF34F8FBFF303
:1083A0006F8F70470C000020064B1B68002B01D11B
:1083B00072B6FEE7013B034A1360002B00D162B6A0
:1083C0007047C0460C000020EFF3108072B6704773
:1083D00080F31088704700000000000000000000DB
:1083E000EFF309800E4B1A6820381060F0C0444645
:1083F0004D4656465F46F0C008B572B6FFF72CFEF4
:1084000062B60CBC116808681030F0C8A046A946D6
:10841000B246BB4680F309882038F0C81847C046EA
:10842000FC04002010B5FFF7CFFF0400FFF712FD9A
:10843000002803D080225205024B1A602000FFF76B
:10844000C7FF10BD04ED00E010B5114A53071BD063
:10845000D11D07239943C0231B015B1A9B180A00F7
:108460000C490A6000204860D318083B0724A34346
:108470008B6058601860981A50601360C86008617B
:1084800080231B064B6110BDC0231B01E8E7C046DB
:10849000240500202411002010B5124B1A688242D6
:1084A00019D359685C18A04203D140680918596073
:1084B000180041684418A24211D10A4CA468A24293
:1084C0000BD05268891841601A681268026098429D
:1084D00000D0186010BD1300E0E70460F7E7026009
:1084E000F5E7C0462411002070B50400FFF7A4FC96
:1084F0002E4B9B68002B0FD02C4B5B6923424AD13B
:10850000002C0CD00834630709D007239C4308349F
:10851000234204D072B6FEE7FFF796FFECE7002C8B
:108520003BD0224B1B699C4239D8204B1D6801E08F
:108530002B0015006A68944202D92A68002AF7D1F4
:108540001A4A926895422CD01E6808362A681A602A
:108550006B681B1B102B08D92819420701D072B673
:10856000FEE743606C60FFF797FF69680F4A136985
:108570005B1A1361D268934201D20C4AD3600B4B51
:108580005B690B436B6000232B60FFF7DFFC730715
:1085900009D072B6FEE70026F7E70026F5E70026C9
:1085A000F3E70026F1E7300070BDC046241100203B
:1085B00070B5002820D00500083D6B680F4A52694D
:1085C0001A4201D172B6FEE7010008390968002994
:1085D00001D072B6FEE70838040093434360FFF70A
:1085E0002BFC6368054A11698C46634413612800BB
:1085F000FFF752FFFFF7AAFC70BDC0462411002010
:108600000D4885460D480E490E4A002302E0D45815
:10861000C4500433C4188C42F9D30B4A0B4C0023CA
:1086200001E013600432A242FBD3FBF721F900F012
:108630005DF8FAF7E5FDFEE700500020000000209D
:1086400074000020C8AE00087800002064430020B9
:10865000FEE770B50D001600002404E000E000BF46
:10866000287001340135B442F8DB300070BD70B5BC
:108670001600002405E04D1C0878FAF7E9FB0134E8
:108680002900B442F7DB300070BD000010B50300D4
:108690000B4A1268002A08D0094A1068C3186A46B3
:1086A000934206D8064A136010BD054A0549116079
:1086B000F2E700F015F80C23036001204042F3E7D5
:1086C0003C11002068430020012040427047802375
:1086D0009B014B60002070470120704700207047CD
:1086E000014B18687047C0461000002070B5002686
:1086F0000C4D0D4C641BA410A64209D1002601F0BC
:108700004BFA0A4D0A4C641BA410A64205D170BD59
:10871000B300EB5898470136EEE7B300EB589847A3
:108720000136F2E7C0AE0008C0AE0008C0AE0008D7
:10873000C4AE0008002310B59A4200D110BDCC5C35
:10874000C4540133F8E703008218934200D1704704
:1087500019700133F9E700000FB40B4B13B51C6817
:10876000002C05D0A369002B02D1200000F0DAFA1A
:1087700005AB049AA1682000019300F015FE16BC19
:1087800008BC04B01847C04610000020084B70B564
:108790001C680500002C05D0A369002B02D1200025
:1087A00000F0C0FA2900A268200001F0A1F870BD15
:1087B0001000002070B505000E00002804D0836969
:1087C000002B01D100F0AEFAAB69AC68002B02D1EE
:1087D000280000F0A7FA244B9C420FD16C68A389B3
:1087E0001B0702D52369002B20D12100280000F0AF
:1087F0002BF900281AD00120404270BD1B4B9C422F
:1088000001D1AC68EBE71A4B9C42E8D1EC68E6E793
:10881000013B0136A360002B04DAA269934216DB08
:108820000A2914D023685A1C226019703178A36871
:108830000029EDD1013BA360002B0FDA22000A31A1
:10884000280000F0ABF8431CD5D00A20D5E7220061
:10885000280000F0A3F8431CE8D1CCE70A202368E5
:108860005A1C22601870C8E744AE000864AE0008C5
:1088700024AE000810B5034B01001868FFF79AFFFB
:1088800010BDC046100000200EB410B59DB002A966
:10889000029008610B4882248860486101204042B0
:1088A0001FABC881084804CBA400006801938C81E9
:1088B00000F04EFC0023029A13701DB010BC08BCDF
:1088C00003B01847FFFFFF7F10000020002330B5E2
:1088D0009A420AD0013AC45CCD5CAC4204D19A42BF
:1088E00002D00133002CF6D1631B180030BD00000C
:1088F000F8B5124B06001D680F00AC6D002C16D1A8
:10890000502000F011FBA865046044608460C460DE
:108910000461446184618462C46204634463846367
:10892000C463046444648464C46404774462AA6DC8
:1089300039003000012300F003F8F8BD10000020DA
:10894000F0B5002804D11068002801D1F0BD200046
:108950000E000578441C3778002F04D1002D10D16B
:1089600015602800F2E70136BD42F4D1002BEED1AC
:1089700014600370EAE733000EE001351C00002F9D
:1089800002D10D002678631C2F78BE42F5D1002E4F
:10899000F1D00024591E0C701360D7E7F8B505001C
:1089A0000E001400002804D08369002B01D100F0D0
:1089B000B9F9224B9C422DD16C68A369A360A389AD
:1089C0001B0731D52369002B2ED023682269F7B20B
:1089D000981A6369F6B2984205DB2100280000F07E
:1089E00033F9002826D1A3680130013BA360236836
:1089F0005A1C22601F706369984204D0A389DB0768
:108A00001AD50A2E18D12100280000F01DF90028DF
:108A100012D00FE00A4B9C4201D1AC68CDE7094B64
:108A20009C42CAD1EC68C8E72100280000F00CF88D
:108A30000028CAD0012676423000F8BD44AE0008B6
:108A400064AE000824AE0008364B70B51D68060001
:108A50000C00002D05D0AB69002B02D1280000F0DE
:108A600061F9314B9C420FD16C680C23E25E93B2EA
:108A700019072DD4D90611D40923012033603733C7
:108A80001343A381404270BD284B9C4201D1AC6886
:108A9000EBE7274B9C42E8D1EC68E6E75B0713D590
:108AA000616B002908D023004433994202D0300082
:108AB00000F044FA002363632422A3899343A38133
:108AC00000236360236923600823A2891343A381E1
:108AD0002369002B0BD1A0218022A3898900920059
:108AE0000B40934203D02100300000F0D9F901235C
:108AF000A289134011D00023A36063695B42A36184
:108B0000002023698342BED10C23E25E1306BAD54E
:108B100040231343A3810138B5E7920700D463696A
:108B2000A360EDE71000002044AE000864AE00082A
:108B300024AE0008F7B58A8905000C00130760D43D
:108B40004B68002B04DC0B6C002B01DC0020FEBD0D
:108B5000E76A002FFAD000232E682B6080235B0188
:108B60001A4034D0606DA3895B0706D56368C01ACC
:108B7000636B002B01D0236CC01A0200216A002312
:108B80002800E76AB847A189431C06D12B681D2B32
:108B900031D82C4ADA40D3072DD5002363602369EE
:108BA0002360CB0405D5431C02D12B68002B00D1D8
:108BB0006065616B2E600029C8D023004433994260
:108BC00002D0280000F0BAF900206063BFE701235B
:108BD000216A2800B847431CC5D12B68002BC2D09E
:108BE0001D2B01D0162B01D12E60AFE74023A289A7
:108BF0001343A381ABE740230B430120A3814042F1
:108C0000A5E70F69002FA1D00B680F60DB1B019354
:108C10000023920700D14B69A360019B002B00DC6D
:108C200094E7019B3A00216A2800A66AB047002811
:108C300003DC4023A2891343DFE7019B3F181B1A83
:108C40000193EAE7010040200B6970B505000C00B4
:108C5000002B01D1002070BD002804D08369002BB7
:108C600001D100F05FF80B4B9C4209D16C680C22DB
:108C7000A35E002BEED021002800FFF75BFFEAE7A0
:108C8000054B9C4201D1AC68F1E7044B9C42EED10C
:108C9000EC68ECE744AE000864AE000824AE0008BF
:108CA00010B5024900F0B2F810BDC046498C00086A
:108CB000002310B504000360436083608181436634
:108CC000C281036143618361190008225C30FFF7B0
:108CD0003AFD054B24626362044BA362044BE362DA
:108CE000044B236310BDC04681990008A999000870
:108CF000E19900080D9A000870B568254A1E554391
:108D00000E002900743100F063F9041E08D0002120
:108D10002A00016046600C30A0606832FFF713FD46
:108D2000200070BD836913B50400002B28D1836433
:108D3000C3640365134B144A1B6882620193984213
:108D400001D101238361200000F020F86060200041
:108D500000F01CF8A060200000F018F80022E0608D
:108D600004216068FFF7A4FF01220921A068FFF732
:108D70009FFF02221221E068FFF79AFF0123A361FF
:108D800013BDC04620AE0008A18C0008F8B51E4BEC
:108D900007001E68B369002B02D13000FFF7C2FF45
:108DA0004836B4687368013B04D53368002B07D09C
:108DB0003668F6E70C22A55E002D0DD06834F2E788
:108DC00004213800FFF798FF30600028F0D10C2311
:108DD00004003B602000F8BD012320005B42E381DA
:108DE0000233A38165662560A560656025616561C4
:108DF000A561082229005C30FFF7A5FC6563A56327
:108E0000A564E564E6E7C04620AE0008F7B50400B7
:108E10000700002601914834002C01D13000FEBD2E
:108E20006368A5680093009B013B009301D524680B
:108E3000F2E7AB89012B08D90E22AB5E013304D0D7
:108E400029003800019B984706436835EBE700008E
:108E500070B50E001D000E23C95E90B014000029ED
:108E600007DA00232B60B3891B0611D48023DB00B3
:108E70000FE001AA00F0F6FD0028F2DBF022029BD1
:108E800012021340054A9B185A4253412B60EDE7EA
:108E900040230020236010B070BDC04600E0FFFFFB
:108EA000F7B502268B8905000C00334206D023005B
:108EB00047332360236101236361F7BD01AB6A4639
:108EC000FFF7C6FF00990700280000F081F800288E
:108ED00008D10C22A35E9A05EFD4032293431E43CC
:108EE000A681E4E70F4BAB628023A2892060134385
:108EF000A381009B20616361019B002B0DD00E2399
:108F0000E15E280000F0C0FD002806D00322A389FE
:108F100093431A0001231343A381A0893843A081FE
:108F2000CBE7C046A18C000810B5034B01001868C0
:108F300000F04EF810BDC0461000002070B50500CE
:108F4000002910D00C1F2368002B00DAE418280039
:108F500000F0DDFD1D4A1368002B05D1636014602D
:108F6000280000F0D5FD70BDA34209D92168601822
:108F70008342F3D118685B6841182160EEE7130063
:108F80005A68002A01D0A242F9D919685818A0429B
:108F90000BD120680918581819608242E0D1106876
:108FA0005268411819605A60DAE7A04202D90C23CE
:108FB0002B60D5E721686018824203D1106852689F
:108FC0004118216062605C60CAE7C046441100201D
:108FD000032370B5CD1C9D43083506000C2D1ED211
:108FE0000C25A9421DD8300000F091FD254A1468D7
:108FF0002100002919D1244C2368002B03D1300013
:1090000000F0ACFC20602900300000F0A7FC431CFD
:109010002CD10C233000336000F07AFD03E0002DEA
:10902000DFDA0C233360002070BD0B685B1B1AD4A1
:109030000B2B03D90B60CC18256003E08C420ED1BA
:1090400063681360300000F063FD200007220B30DE
:10905000231D9043C31AE7D05A42E250E4E74B681D
:1090600063600C00EEE70C004968C2E70323C41CF0
:109070009C43A042E0D0211A300000F06FFC431C5A
:10908000DAD1C6E74411002048110020F0B58E68FF
:1090900085B007000C00039201939E4239D89023BB
:1090A0008A89DB001A4234D00325096923685B1AD8
:1090B0000293636902985D43EB0F5D19019B6D108C
:1090C00001331B18AB4200D91D00530532D52900CE
:1090D0003800FFF77DFF061E09D10C233B604023BB
:1090E0000120A28940421343A38105B0F0BD029A3A
:1090F0002169FFF71FFBA389144A1A4080231343F9
:10910000A381029B2661F61826606561019EED1A17
:10911000A560019BB34200D21E0032000399206873
:1091200000F0E3FCA36800209B1BA36023689E194A
:109130002660DAE72A00380000F0EBFC061EE0D1DA
:1091400021693800FFF7FAFEC7E7C0467FFBFFFF43
:10915000F0B59FB0029005938B890F0016001B0697
:1091600011D50B69002B0ED14021FFF731FF38607C
:109170003861002805D10C23029A013813601FB012
:10918000F0BD40237B61002306AD6B6120336B761D
:109190001033AB7634002378002B47D1A31B049304
:1091A0000DD0A31B320039000298FFF76FFF431C5C
:1091B00000D1B5E06A69049B944663446B612378EF
:1091C000002B00D1ACE00122002352426A6002A9C8
:1091D0005432521801342B60EB60AB601370AB65F6
:1091E000584E05222178300000F074FC621C0028E3
:1091F00020D12968CB0604D5532302AE20309B1919
:1092000018700B0704D553232B2002AE9B1918703E
:1092100023782A2B16D000200A21099B2278303A85
:10922000092A55D9002815D0099313E0252BB5D06C
:109230000134B0E70123801B8340296814000B43ED
:109240002B60CDE7059B181D1B680590002B39DBB3
:109250000993140023782E2B0BD16378621C2A2BE0
:109260003ED1059B02341A1D1B680592002B34DB8E
:109270000793354E21780322300000F02BFC0028A4
:1092800006D04023801B83402A68013413432B609F
:10929000217806222D48661C297600F01BFC002848
:1092A00046D02B4B002B2FD12968059B0722C905DF
:1092B00028D59B189343083305936B69039A9B1831
:1092C0006B6167E75B42EB6002230B432B60C0E7F7
:1092D0004B4301349B180120A0E701235B42C7E701
:1092E000002314000A201A006B6021783039092904
:1092F00003D9002BBDD00792BBE74243013452187B
:109300000123F2E70733D5E705AB00933A00114B91
:109310002900029800E000BF0390039B0133CCD1E9
:10932000BB890B985B0600D429E70120404226E761
:1093300005AB00933A00074B2900029800F0BEF9F4
:10934000EAE7C04684AE00088AAE00088EAE000888
:10935000000000008D900008936810B5013B9360F9
:10936000002B05DA9469A34208DBCBB20A2B05D0A7
:109370001368581C10601970C8B210BDFFF70EFBBF
:10938000FBE7F8B506000F001400D518AC4201D178
:10939000002007E021783A003000FFF7DDFF0134BC
:1093A000431CF3D1F8BD0000F0B59FB006000F00DC
:1093B00014000593002804D08369002B01D1FFF726
:1093C000B1FC7F4B9F425CD17768BB891B0762D59C
:1093D0003B69002B5FD0002306AD6B6120336B76B9
:1093E0001033AB760294029C2378002B5DD1029B54
:1093F000E31A04930DD0049B029A39003000FFF762
:10940000C0FF431C00D1CCE06A69049B94466344CE
:109410006B612378002B00D1C3E00122002352426C
:109420006A6002A95432521801342B60EB60AB60C1
:109430001370AB6521780522624800F04BFB631C7A
:109440009C46002835D12968CB0604D5532302AAAF
:1094500020309B1818700B0704D553232B2002AA29
:109460009B18187023782A2B2CD000200A21099BE6
:109470002278303A092A00D86BE000282AD00993D4
:1094800028E0514B9F4201D1B7689EE74F4B9F4266
:109490009BD1F76899E739003000FFF7D5FA00282B
:1094A00099D0012040421FB0F0BD252B9FD0013440
:1094B0009AE7444B2968C01A012383400B432B6071
:1094C0006446B7E7059B181D1B680590002B3ADB27
:1094D0000993644623782E2B0BD16378621C2A2BC8
:1094E0003FD1059B02341A1D1B680592002B35DB0A
:1094F000079321780322364800F0ECFA002807D0C1
:10950000334B2A68C01A4023834013432B60013435
:109510002178631C06222F480293297600F0DAFA9C
:10952000002844D02C4B002B2FD12968059B072203
:10953000C90528D59B189343083305936B69039A93
:109540009B186B614FE75B42EB6002230B432B6080
:10955000BFE74B4301349B18012089E701235B429D
:10956000C6E7002314000A201A006B602178303906
:10957000092903D9002BBCD00792BAE74243013432
:1095800052180123F2E70733D5E705AB00933A0001
:10959000124B2900300000E000BF0390039B013311
:1095A000CCD1BB895B0600D57BE70B987BE705AB8D
:1095B00000933A00094B2900300000F07FF8ECE7F7
:1095C00044AE000884AE000864AE000824AE000873
:1095D0008AAE00088EAE00080000000083930008E9
:1095E000F7B5150001938A680B6900900C0093424F
:1095F00000DA130022002B6043321278002A01D0D7
:1096000001332B6023689B0602D52B6802332B6045
:10961000062723681F4027D0230043331B785A1E98
:1096200093412268920630D4220001994332009877
:10963000089EB047431C25D0062320682A68E168AD
:1096400003400025042B03D18D1AEB43DB171D408B
:10965000A3682269934201DD9B1AED180027BD42E1
:1096600020D1002010E00137E3682A689B1A9F424E
:10967000D2DA22000123193201990098089EB047DE
:10968000431CF0D101204042FEBD3020E11843319F
:10969000087021005A1C45310978A2184332023360
:1096A0001170C1E7220001231A3201990098089E27
:1096B000B047431CE6D00137D1E70000F0B58BB0CE
:1096C00006920A0043320793059004920A7E0C002A
:1096D000109B6E2A00D18FE017D8632A2CD008D8AF
:1096E000002A00D199E0582A54D026004236327020
:1096F00029E0642A01D0692AF7D121681A6808068E
:1097000023D5111D1960156825E0732A00D188E062
:1097100008D86F2A29D0702AE7D1202209680A4385
:10972000226003E0752A20D0782ADED12200782139
:10973000453211706C4A30E00E001A684236111D35
:10974000196013683370012379E04906D9D5111DDA
:1097500019600023D55E002D03DA2D23049A6D4293
:109760001370624B0A2703932FE0206819680506DF
:1097700003D5081D18600D6805E04006F9D50D6891
:10978000081D1860ADB2594B082703936F2A18D0F3
:109790000A2716E045310A70544A03921A68216874
:1097A000101D18601568080622D5CB0702D52023A6
:1097B000194321601027002D03D1202322689A43EA
:1097C00022602300002243331A706368A360002BD9
:1097D0005CDB0422216891432160002D58D1049E56
:1097E000002B64D02600039B42361B7833705EE06A
:1097F0004806DAD5ADB2D8E709681A68080605D573
:10980000111D1960136862691A6006E04906F7D5F0
:10981000111D19601368A28A1A800023049E236117
:1098200054E01A68111D1960166800216268300042
:1098300000F050F9002801D0801B6060636823614C
:109840000023049A137041E02369320006990598B9
:10985000079DA847431C43D0236800259B070FD4CE
:10986000099BE06898423DDA18003BE022000123A2
:10987000193206990598079EB047431C30D0013530
:10988000E368099A9B1A9D42F0DBE9E7002DA9D015
:10989000049E28003900F6F7C9FC039B013E5B5C7F
:1098A000280033703900F6F73BFC051EF1D1082F74
:1098B00009D12368DB0706D563682269934202DC7D
:1098C0003023013E3370049B9B1B2361079B09AA35
:1098D00000932100069B0598FFF782FE431CB3D13D
:1098E000012040420BB0F0BDA6AE000895AE0008C6
:1098F00070B506000D001400002804D08369002B09
:1099000001D1FFF70FFA124B9C4211D17468A36882
:10991000013BA360002B05DAA269934212DBEBB294
:109920000A2B0FD02368E8B25A1C22601D7070BD4C
:10993000084B9C4201D1B468E9E7074B9C42E6D151
:10994000F468E4E7220029003000FFF727F8EEE78B
:1099500044AE000864AE000824AE0008002370B5D1
:10996000064C050008002360FEF790FE431C03D15F
:109970002368002B00D02B6070BDC04660430020E0
:1099800070B50C000E25495F00F0EAF8002803DBF3
:10999000636D1B18636570BDA389024A1340A381E0
:1099A000F9E7C046FFEFFFFFF8B51F008B89050000
:1099B0000C001600DB0505D50E23C95E002202232C
:1099C00000F074F8A389054A28001340A3813200EF
:1099D0000E23E15E3B0000F01FF8F8BDFFEFFFFF34
:1099E00070B50C000E25495F00F060F8A389421C99
:1099F00003D1054A1340A38170BD80225201134355
:109A0000A3816065F8E7C046FFEFFFFF10B50E23A6
:109A1000C95E00F015F810BD70B505000800110012
:109A20000022064C22601A00FEF721FE431C03D1DF
:109A30002368002B00D02B6070BDC046604300201F
:109A4000002370B5064C050008002360FEF73CFEBD
:109A5000431C03D12368002B00D02B6070BDC0468F
:109A600060430020002370B5064C0500080011007B
:109A70002360FEF72CFE431C03D12368002B00D08B
:109A80002B6070BD60430020002370B5064C0500BC
:109A900008002360FEF720FE431C03D12368002B3F
:109AA00000D02B6070BDC0466043002070B505003B
:109AB000080011000022064C22601A00FEF70EFE7C
:109AC000431C03D12368002B00D02B6070BDC0461F
:109AD00060430020C9B28218904201D10020704733
:109AE00003788B42FBD00130F6E710B5884202D9EB
:109AF0008B18984208D300239A4207D0CC5CC454F8
:109B00000133F9E78B5C8354013AFBD210BD7047F7
:109B10007047F8B507000D001600002905D11100A7
:109B2000FFF756FA04002000F8BD002A03D1FFF722
:109B300005FA3400F7E700F027F82C008642F2D946
:109B400031003800FFF744FA041EECD0290032003F
:109B5000FEF7F0FD29003800FFF7F0F9E3E7000019
:109B600070B50500080011000022064C22601A00A2
:109B7000FEF76FFD431C03D12368002B00D02B6040
:109B800070BDC046604300200B1F1B68181F002BD0
:109B900001DA0B58C0187047F8B5C046F8BC08BCCD
:109BA0009E467047F8B5C046F8BC08BC9E46704754
:109BB000761B0008B41B0008CA1B0008E01B000845
:109BC000FA1B0008181C0008361C00084C1C000872
:109BD000AA2200089E220008AA220008AA22000841
:109BE000AA220008AA220008AA220008AA22000825
:109BF000AA220008AA220008AA220008AA22000815
:109C0000AA220008AA220008AA220008AA22000804
:109C1000C022000852230008AA220008AA22000835
:109C2000AA2200085E250008AA2200082E240008A7
:109C3000AA220008AA220008AA220008AA220008D4
:109C4000AA220008AA220008AA220008AA220008C4
:109C50009C250008AA220008AA220008AA220008BF
:109C6000AA220008AA220008AA220008AA220008A4
:109C7000AA220008AA220008AA220008AA22000894
:109C8000AA220008AA220008AA220008AA22000884
:109C9000BE250008042600082A260008AA2200087B
:109CA000AA2200082625000832240008AA2200085B
:109CB000AA220008AA220008AA220008AA22000854
:109CC000AA220008AA220008AA220008AA22000844
:109CD00032260008542600081B0F00000E0F00005B
:109CE000010F0000F30E0000E40E0000D40E00008F
:109CF000C40E0000B30E0000A10E00008F0E000085
:109D00007C0E0000680E0000530E00003D0E0000A7
:109D1000270E0000100E0000F70D0000DE0D000001
:109D2000C40D0000A90D00008E0D0000710D000093
:109D3000530D0000350D0000150D0000F50C00005E
:109D4000D40C0000B20C00008F0C00006B0C000063
:109D5000460C0000210C0000FA0B0000D30B0000A1
:109D6000AB0B00006B0F0000420F0000180F00004B
:109D7000ED0E0000DA0A0000970E0000820A0000D3
:109D8000560A0000290A0000FC090000CE09000064
:109D9000A009000072090000440900001509000034
:109DA000E7080000B80800008A0800005C0800000E
:109DB0002E08000000080000D2070000A4070000E1
:109DC000770700004A0700001E070000F2060000A7
:109DD000C60600009B060000710600004706000052
:109DE0001D060000F5050000CC050000A5050000DB
:109DF0007E05000058050000330500000E05000038
:109E0000EA040000C7040000A4040000830400006A
:109E1000620400004104000022040000030400006A
:109E2000E5030000C8030000AC030000900300003D
:109E3000750300005A0300004103000028030000DE
:109E40000F0300005C030000E1020000CB020000F1
:109E5000B5020000A00200008C02000078020000A1
:109E60006502000052020000400200002E020000C5
:109E70001D0200000D020000FD010000ED010000C8
:109E8000DE010000D0010000C2010000B4010000AA
:109E9000A70100009A0100008D010000810100006F
:109EA000760100006B010000600100005501000018
:109EB0004B01000041010000370100002E010000AD
:109EC000250100001C010000140100000C0100002D
:109ED00004010000FC000000F5000000EE0000009E
:109EE000802500000096000000C20100080000006C
:109EF00004000000000000000000000080AB00082B
:109F0000192E000800000000000000008000000082
:109F1000000000000000000074AB0008352E0008AF
:109F200002000000000000008000000000000000AF
:109F30000000000068AB0008432E0008020000008B
:109F40000000000000010000000000000000000010
:109F500060AB00082B2E000800000000000000008D
:109F6000800000000000000000000000030406085C
:109F70000C1018203000000000000000000000005D
:109F8000010203040607080900000000010203049F
:109F9000C840000836410008544100087A410008D2
:109FA000A0410008C84100080042000832420008F1
:109FB000584200087E4200080000C1C081C1400133
:109FC00001C3C003800241C201C6C006800741C769
:109FD0000005C1C581C4400401CCC00C800D41CD39
:109FE000000FC1CF81CE400E000AC1CA81CB400B09
:109FF00001C9C009800841C801D8C018801941D9D9
:10A00000001BC1DB81DA401A001EC1DE81DF401F68
:10A0100001DDC01D801C41DC0014C1D481D5401578
:10A0200001D7C017801641D601D2C012801341D388
:10A030000011C1D181D0401001F0C030803141F118
:10A040000033C1F381F240320036C1F681F7403768
:10A0500001F5C035803441F4003CC1FC81FD403D38
:10A0600001FFC03F803E41FE01FAC03A803B41FB08
:10A070000039C1F981F840380028C1E881E9402958
:10A0800001EBC02B802A41EA01EEC02E802F41EF68
:10A09000002DC1ED81EC402C01E4C024802541E578
:10A0A0000027C1E781E640260022C1E281E3402388
:10A0B00001E1C021802041E001A0C060806141A198
:10A0C0000063C1A381A240620066C1A681A7406768
:10A0D00001A5C065806441A4006CC1AC81AD406D38
:10A0E00001AFC06F806E41AE01AAC06A806B41AB08
:10A0F0000069C1A981A840680078C1B881B94079D8
:10A1000001BBC07B807A41BA01BEC07E807F41BF67
:10A11000007DC1BD81BC407C01B4C074807541B577
:10A120000077C1B781B640760072C1B281B3407387
:10A1300001B1C071807041B00050C1908191405117
:10A140000193C053805241920196C0568057419767
:10A150000055C19581944054019CC05C805D419D37
:10A16000005FC19F819E405E005AC19A819B405B07
:10A170000199C059805841980188C0488049418957
:10A18000004BC18B818A404A004EC18E818F404F67
:10A19000018DC04D804C418C0044C1848185404577
:10A1A0000187C047804641860182C0428043418387
:10A1B0000041C18181804040BE6C0008C66C00082F
:10A1C000CE6C0008E46C0008DC6C0008E46C00084D
:10A1D000E46C0008E46C00088C6C00085A6C000801
:10A1E000626C00086A6C0008806C0008786C0008DB
:10A1F000806C0008806C0008806C0008206C0008EF
:10A20000980C0008580B0008580B0008540B000865
:10A21000700C0008700C0008620C0008540B000859
:10A22000700C0008620C0008700C0008540B000849
:10A23000780C0008780C0008780C00087C0E0008E8
:10A240004469737020496E69742E2E2E2E2E0D00D7
:10A250005B4C4F4749435D20446973706C6179548E
:10A260006573744D6F64652829204D6F64655B25A7
:10A27000645D506F735B25645D0D0A003D3D3D3D9F
:10A280003D3D3D3D3D3D3D3D3D3D3D3D3D3D3D3DFE
:10A290003D3D3D3D3D3D3D3D3D3D3D3D3D3D3D3DEE
:10A2A0003D3D0D002020536D6172742044524D20BD
:10A2B000436F6E74726F6C6C65722076312E300D48
:10A2C0000000000020204C45444F20436F2C2E20DE
:10A2D0004C74642E200D00005B4C6F6769635D2039
:10A2E00043616C6354656D70205B2564207E20257E
:10A2F000645D5B676170203A2025645D5B64656323
:10A3000069616D6C203A2025645D0D0A0000000033
:10A310005B4C4F474943205D205365742044524DA8
:10A32000205B4252543A25645D0000005B52474274
:10A330003A253032785D00005B4F50543A25303278
:10A34000785D0D0A000000005B4C4F4749435D20DB
:10A350004D6F64656D2053656E645F5374616E6408
:10A3600062790D005B4C4F4749435D2053656E6435
:10A370005F4D6F64656D5F5374617475735B2530F9
:10A3800032785D5B253032785D5B253032785D5BFD
:10A39000253032785D5B253032785D5B2530327850
:10A3A0005D5B253032785D5B253032785D5B253032
:10A3B00032785D0D0A0000005B4C4F4749435D2039
:10A3C0004D6F64656D2053656E645F537461747581
:10A3D000730D00005B4C4F4749435D204D6F646532
:10A3E0006D2053656E645F52656769737465725B57
:10A3F00025645D0D0A0000005B4C4F4749435D201A
:10A4000053656E645F424C455F636865636B200D06
:10A410000000000041540D0041542B494E464F3F6F
:10A420000D0000005B4C4F4749435D2053656E644F
:10A430005F424C455F636D64203A202573200A001B
:10A4400041542B5645523F0D0000000041542B4112
:10A450004456444154413F0D000000005B4C4F47BF
:10A4600049435D2053656E645F424C455F636D6494
:10A47000203A20257300000041542B4144564F4E92
:10A480000D00000041542B4144564F46460D00003C
:10A490005B4C4F4749435D20636F6D6D616E645F38
:10A4A000737472203A202573000000005B4C4F4704
:10A4B00049435D2053656E645F424C455F4144569D
:10A4C000444154415F5374617475735B25635D5BF4
:10A4D00025635D5B25635D5B25635D5B25635D5B7C
:10A4E00025635D5B25635D5B25635D5B25635D5B6C
:10A4F00025635D5B25635D5B25635D5B25635D0DAA
:10A500000A0000005B4C4F4749435D2053656E6471
:10A510005F424C455F414456444154415F53697426
:10A52000756174696F6E0D0041542B41445644416E
:10A5300054413D25642564253034640D000000003D
:10A540005B4C4F4749435D20424C455F4144564474
:10A550004154415F5345540D0000000041542B41CC
:10A560004456444154413D25730D000041542B4D48
:10A57000414E55463F0D00005B4C4F4749435D201F
:10A58000424C455F4D414E55465F5345540D0000CA
:10A5900041542B4D414E55463D44524D0D00000057
:10A5A0005B4C4F4749435D2053656E645F424C45A9
:10A5B0005F494E54455256414C5F534554202564E3
:10A5C0000D0A000041542B414456494E5445525601
:10A5D000414C3D25640D00005B4C4F4749435D20D5
:10A5E0004D6F64656D205061636B65745F5061727F
:10A5F00073655B253032785D5B253032785D5B2595
:10A600003032785D0D0A00005B4C4F4749435D20B6
:10A6100044524D2047726F757020436F6E74726F95
:10A620006C5B425254203A20253032785D5B5247B1
:10A6300042203A20253032785D5B4F7074203A20FA
:10A64000253032785D0D0A005B4C4F474943205D51
:10A65000204F6E65436F6E74726F6C205B42525474
:10A66000203A20253032785D5B524742203A20253F
:10A670003032785D5B4F7074203A20253032785D3F
:10A680000D0A00005B4C4F474943205D20416C6C34
:10A69000436F6E74726F6C5F5633205B25645D5B35
:10A6A0004252543A253032785D5B5247423A253067
:10A6B00032785D5B4F3A253032785D0D0A0000003C
:10A6C0005B4C4F474943205D2054686973204576B1
:10A6D000656E74206265206E6F7420696E636C75A0
:10A6E000646564202D205B45203A202564206D5D43
:10A6F0005B50203A20253464206D5D0D0A00000077
:10A700005B4C4F474943205D205B253464207E200D
:10A71000253464206D5D0D0A000000005B4C4F473E
:10A720004943205D20424C45204164764461746178
:10A73000205365740D0000005B4C4F474943205D7A
:10A74000205B25645D496E697420506F736974697C
:10A750006F6E202D205B25645D5B253464206D5D6C
:10A760000D0A00005B4C4F474943205D205B256488
:10A770005D20466C617368696E6720436F6E74720A
:10A780006F6C202D205B25645D0D0A000D0A5B4C6B
:10A790006F6769635D204D6F64656D204F505F4347
:10A7A0004F4445205B2532585D0D0A0041542B551E
:10A7B0004152543D25640D005B4C4F4749435D2099
:10A7C0003D3D3D3D3D3D3D3D3D3D3D3D3D4D6F6450
:10A7D000656D2052656769737465723D3D3D3D3D11
:10A7E0003D3D3D3D3D3D3D0D000000005B4C4F4774
:10A7F00049435D20312E2053656374696F6E204993
:10A800004420203A205B2025303278205D0D0A005C
:10A810005B4C4F4749435D20322E20446576696387
:10A82000652049442020203A205B202530327820C2
:10A830005D0D0A005B4C4F4749435D20332E20528B
:10A8400046204368616E6E656C20203A205B2025AF
:10A85000303278205D0D0A005B4C4F4749435D2044
:10A860003D3D3D3D3D3D3D3D3D3D3D3D3D3D3D3D18
:10A870003D3D3D3D3D3D3D3D3D3D3D3D3D3D3D3D08
:10A880003D3D3D3D3D3D3D0D000000005B6C6F6773
:10A8900069632E635D205361766520506167653181
:10A8A000205472616E736D697420526573756C7497
:10A8B000205B25645D0D0A005B6C6F6769632E6326
:10A8C0005D20536176652050616765302B31205BD8
:10A8D000305D205472616E736D69742052657375BA
:10A8E0006C74205B25645D0D0A0000005B6C6F6773
:10A8F00069632E635D205361766520506167653022
:10A900002B31205B315D205472616E736D69742050
:10A91000526573756C74205B25645D0D0A00000040
:10A920005B6C6F6769632E635D20536176652050B1
:10A9300061676530205472616E736D697420526571
:10A9400073756C74205B25645D0D0A005B6C6F672A
:10A9500069632E635D205061676531205472616EBA
:10A96000736D697420526573756C74205B25645D2A
:10A970000D0A00005B6C6F6769632E635D20506198
:10A980006765312052656365697665205265737528
:10A990006C74205B25645D0D0A0000005B6C6F67C2
:10A9A00069632E635D20506167652030202D203162
:10A9B0005B315D205472616E736D697420526573F2
:10A9C000756C74205B25645D0D0A00005B6C6F671D
:10A9D00069632E635D20506167652030202D203132
:10A9E0005B315D20526563656976652052657375DC
:10A9F0006C74205B25645D0D0A0000005B6C6F6762
:10AA000069632E635D20506167652030202D203101
:10AA10005B325D205472616E736D69742052657390
:10AA2000756C74205B25645D0D0A00005B6C6F67BC
:10AA300069632E635D20506167652030202D2031D1
:10AA40005B325D205265636569766520526573757A
:10AA50006C74205B25645D0D0A0000005B6C6F6701
:10AA600069632E635D2050616765203020547261F8
:10AA70006E736D697420526573756C74205B256408
:10AA80005D0D0A005B6C6F6769632E635D2050612A
:10AA9000676520302052656365697665205265736D
:10AAA000756C74205B25645D0D0A0000424C4520E6
:10AAB0005B20434F4E4E4543544544202020205DAB
:10AAC0000D000000424C45205B20444953434F4E4B
:10AAD0004E4543544544205D0D0000005B4C4F47FC
:10AAE00049435D204144432056616C7565205B43BA
:10AAF0004831203A2025645D5B434832203A2025C6
:10AB0000645D5B434833203A2025645D5B434834F1
:10AB1000203A2025645D0D0A000000005B4C6F6741
:10AB200069635D204261747465727920566F6C743C
:10AB3000616765205B424154203A20256420765DA0
:10AB40005B534F4C203A20256420765D5B54454D85
:10AB500050203A20256420E284835D0D0A00000025
:10AB6000626C655461736B00756172745461736BD0
:10AB70000000000070726F635461736B000000008E
:10AB800069646C655461736B000000005065726904
:10AB900020496E69742E2E2E2E2E0D00706572695E
:10ABA00052464D6F64756C65205B25645D2E2E2EBC
:10ABB0002E2E0D0A00000000706572695246576122
:10ABC0006B657570205B25645D2E2E2E2E2E0D0A72
:10ABD0000000000070657269424C4557616B6575F5
:10ABE00070205B25645D2E2E2E2E2E0D0A00000097
:10ABF00070657269424C4555415254205B25645D35
:10AC00002E2E2E2E2E0D0A005561727420555341A2
:10AC1000525431203A2048414C5F554152545F54C0
:10AC20007843706C7443616C6C6261636B0D0000FF
:10AC30005561727420555341525434203A20484192
:10AC40004C5F554152545F547843706C7443616C4F
:10AC50006C6261636B0D0000556172742055534145
:10AC6000525435203A2048414C5F554152545F546C
:10AC70007843706C7443616C6C6261636B0D0000AF
:10AC80005561727420555341525431203A20554138
:10AC900052545F49444C4543616C6C6261636B0D77
:10ACA0000000000055617274205553415254342005
:10ACB0003A20554152545F49444C4543616C6C62A3
:10ACC00061636B0D000000005561727420555341A3
:10ACD000525435203A20554152545F49444C454323
:10ACE000616C6C6261636B0D0000000055617274F1
:10ACF00020496E69742E2E2E2E2E0D005B5561722A
:10AD0000745D20424C452042617564204368616E49
:10AD10006765205B25645D0D0A0000002B4F4B002A
:10AD20002B4552524F5200002B4144564552544934
:10AD300053494E47000000002B5354414E444259A2
:10AD400000000000424C455F44617461205B257344
:10AD50005D200D0A000000000D0A5B4D6F64656DFB
:10AD60005D205263765F4C5243204572726F725B76
:10AD70002532585D5B2532585D0D0A000D0A5B4D8A
:10AD80006F64656D5D204F505F434F4445204572B1
:10AD9000726F725B2532585D0D0A00005265637652
:10ADA00054696D656F7574204275666665722043DF
:10ADB0006C656172200D0A005B4669726D77617285
:10ADC000655D20426F6F746C6F61646572204D6FBA
:10ADD0006465200D000000000D0A5B4669726D7706
:10ADE0006172655D204F505F434F4445204572724C
:10ADF0006F725B2532585D0D0A0000005B554152B1
:10AE000054205D005B253032785D00005B253032D8
:10AE1000785D0D0A0000000049444C450000000028
:10AE200014000020000000000000000000000000EE
:10AE30000000000000000000000000000000000012
:10AE40000000000000000000000000000000000002
:10AE500000000000000000000000000000000000F2
:10AE600000000000000000000000000000000000E2
:10AE700000000000000000000000000000000000D2
:10AE800000000000232D302B2000686C4C0065660C
:10AE9000674546470030313233343536373839412B
:10AEA0004243444546003031323334353637383941
:08AEB000616263646566000045
:08AEB8005054FF7F010000006F
:04AEC000E90000089D
:04AEC400C1000008C1
:10AEC800000020000100000004000000AAAAAAAAAD
:10AED800140000200000000044AE000864AE000822
:10AEE80024AE000800000000000000000000000080
:10AEF800000000000000000000000000000000004A
:10AF08000000000000000000000000000000000039
:10AF18000000000000000000000000000000000029
:10AF28000000000000000000000000000000000019
:04AF38000000000015
:040000050800860168
:00000001FF
