:020000040800F2
:1000000000500020C1950008F94F0008FB4F000880
:1000100000000000000000000000000000000000E0
:10002000000000000000000000000000F99200083D
:100030000000000000000000A1930008FD4F000830
:1000400011960008119600081196000811960008F4
:1000500011960008119600081196000811960008E4
:10006000000000001150000821500008395000081D
:100070001196000811960008B95000081196000862
:100080001196000811960008119600080000000063
:1000900011960008119600081196000811960008A4
:1000A000119600081196000811960008A950000842
:1000B00011960008119600080000000000000000E2
:1000C00010B5064C2378002B07D1054B002B02D02E
:1000D000044800E000BF0123237010BDE8010020A8
:1000E00000000000A8C60008044B10B5002B03D088
:1000F0000349044800E000BF10BDC04600000000F6
:10010000EC010020A8C60008002243088B4274D3EB
:1001100003098B425FD3030A8B4244D3030B8B4208
:1001200028D3030C8B420DD3FF22090212BA030C11
:100130008B4202D31212090265D0030B8B4219D3F2
:1001400000E0090AC30B8B4201D3CB03C01A524112
:10015000830B8B4201D38B03C01A5241430B8B425A
:1001600001D34B03C01A5241030B8B4201D30B0343
:10017000C01A5241C30A8B4201D3CB02C01A52416A
:10018000830A8B4201D38B02C01A5241430A8B422D
:1001900001D34B02C01A5241030A8B4201D30B0216
:1001A000C01A5241CDD2C3098B4201D3CB01C01A30
:1001B000524183098B4201D38B01C01A524143093A
:1001C0008B4201D34B01C01A524103098B4201D328
:1001D0000B01C01A5241C3088B4201D3CB00C01A95
:1001E000524183088B4201D38B00C01A524143080D
:1001F0008B4201D34B00C01A5241411A00D2014632
:10020000524110467047FFE701B5002000F0F0F8BA
:1002100002BDC0460029F7D076E7704703460B437E
:100220007FD4002243088B4274D303098B425FD3EF
:10023000030A8B4244D3030B8B4228D3030C8B421B
:100240000DD3FF22090212BA030C8B4202D3121201
:10025000090265D0030B8B4219D300E0090AC30BD6
:100260008B4201D3CB03C01A5241830B8B4201D383
:100270008B03C01A5241430B8B4201D34B03C01A6C
:100280005241030B8B4201D30B03C01A5241C30AE4
:100290008B4201D3CB02C01A5241830A8B4201D355
:1002A0008B02C01A5241430A8B4201D34B02C01A3F
:1002B0005241030A8B4201D30B02C01A5241CDD2E4
:1002C000C3098B4201D3CB01C01A524183098B422F
:1002D00001D38B01C01A524143098B4201D34B0118
:1002E000C01A524103098B4201D30B01C01A52417B
:1002F000C3088B4201D3CB00C01A524183088B4202
:1003000001D38B00C01A524143088B4201D34B00EA
:10031000C01A5241411A00D201465241104670475C
:100320005DE0CA0F00D04942031000D34042534061
:1003300000229C4603098B422DD3030A8B4212D321
:10034000FC22890112BA030A8B420CD38901921153
:100350008B4208D3890192118B4204D389013AD090
:10036000921100E08909C3098B4201D3CB01C01A65
:10037000524183098B4201D38B01C01A5241430978
:100380008B4201D34B01C01A524103098B4201D366
:100390000B01C01A5241C3088B4201D3CB00C01AD3
:1003A000524183088B4201D38B00C01A5241D9D2EB
:1003B00043088B4201D34B00C01A5241411A00D26C
:1003C0000146634652415B10104601D34042002B68
:1003D00000D54942704763465B1000D3404201B5E7
:1003E000002000F005F802BD0029F8D016E770479C
:1003F0007047C0468446081C6146FFE71FB500F001
:10040000E1FC002801D40021C8421FBD10B500F056
:1004100063FC4042013010BD10B500F0D3FC002851
:1004200001DB002010BD012010BDC04610B500F05A
:10043000C9FC002801DD002010BD012010BDC04610
:1004400010B500F071FC002801DC002010BD012077
:1004500010BDC04610B500F067FC002801DA00208E
:1004600010BD012010BDC046002B11D1002A0FD1B4
:10047000002900D1002802D00021C943081C07B47C
:10048000024802A14018029003BDC04665FFFFFF6D
:1004900003B4684601B5029800F0B0F8019B9E468F
:1004A00002B00CBC7047C046F0B5CE4647461504B6
:1004B0002D0C2E0080B50704140C3F0C9946030C3C
:1004C0007E435D43674363437F19340CE4199C46C4
:1004D000A54203D980235B029846C4444B4643435C
:1004E0005143250C36046544360C2404A4195B19C9
:1004F000591820000CBC90469946F0BD9E2110B5BD
:10050000C905041CFFF7A6FF002803D1201C00F03A
:10051000B5FF10BD9E21201CC90500F0D5FD00F0DF
:10052000ADFF80231B069C466044F2E710B5002116
:10053000041CFFF771FF002803D1201C00F00CF809
:1005400010BD80231B06E01800F006F802000B0027
:10055000002150429941F3E770B502F07DFC002282
:100560000B4B0D00040001F051FE02F075FD06007A
:1005700002F040FC0022074B01F048FE02000B0095
:100580002000290002F0B4F802F066FD310070BDD1
:100590000000F03D0000F041D0B5012602000B0044
:1005A000134F7642B6185F4104001248874219D9AA
:1005B000520504D08023E40AE4021B011C43080016
:1005C00002F0DEFB00220C4B01F020FE06000F00C3
:1005D000200002F00FFC32003B0000F0F9FF02F0B7
:1005E0008DFCD0BD8742EAD1B01CE1D8E7E7C04618
:1005F000FFFF1F00FFFF3F000000F041F0B54F4636
:100600004646D646C0B5040082B00D0091469846D5
:100610008B422FD82CD04146484602F011FD2900CC
:100620000600200002F00CFD331A9C46203B9A463F
:1006300000D576E04B46524693401F004B4662463B
:1006400093401E00AF4228D825D05346A41BBD417D
:10065000002B00DA7BE000220023009201930123AB
:10066000524693400193012362469340009318E061
:100670008242D0D900220023009201930A9B002BD2
:1006800001D01C605D600098019902B01CBC9046CE
:100690009946A246F0BDA342D7D90022002300927A
:1006A00001936346002BE9D0FB0798464146720848
:1006B0000A437B0866460EE0AB4201D1A2420CD849
:1006C000A41A9D41012024196D410021013E2418E6
:1006D0004D41002E06D0AB42EED9013E24196D41AA
:1006E000002EF8D100980199534600196941002B5A
:1006F00023DB2B005246D3402A006446E2401C0014
:1007000053461500002B2DDB26005746BE40330014
:1007100026006746BE403200801A99410090019140
:10072000ACE7624620239B1A4A46DA406146130032
:1007300042468A4017001F4380E7624620239B1AE7
:100740002A0066469A402300F3401343D4E76246EA
:10075000202300219B1A0022009101920122DA40FD
:10076000019280E72023624626009B1ADE402F007C
:10077000B0466646B74046463B003343C8E7C046EE
:10078000F8B54746CE4643025B0A4400C20F9C467A
:100790004800DD004B02240E5B0A000E80B598462F
:1007A00026009146C90FDB00271A8A4229D0002F64
:1007B00015DD00284AD1002B00D095E0ED08FF2C74
:1007C00000D188E06B025B0AE6B25B02F605580ACC
:1007D0003043D20710430CBC90469946F8BD002F19
:1007E00000D087E0601CC0B2012800DCB6E0EE1A41
:1007F000720100D5C5E0002E3DD100220026002365
:10080000E3E7002F00DC96E000285DD0FF2C60D0ED
:100810008022D20413431B2F00DDECE02022D21BE8
:1008200018009340F8405A1E93410343ED186B01A2
:100830007BD50134FF2C00D1B7E0012207262A40E6
:100840006B089A4D1D4015432E4029E0FF2CB5D072
:100850008022D20413431B2F00DDB2E02022D21BE2
:1008600019009340F9405A1E93410B43ED1A6B0156
:100870005BD5AD01AE09300002F0C4FB05388640FF
:10088000844265DC041B330020200134E340041B58
:10089000A640751EAE41334307261D0000241E40AE
:1008A00001224B461A40002E04D00F232B40042B6C
:1008B00000D004356B0100D480E70134E6B2FF2C90
:1008C0002FD1FF26002380E7002B52D1FF2C00D030
:1008D00074E70A00ED08002DF3D08023DB032B43DF
:1008E0005B025B0AFF2670E7013F002FBED0FF2CA2
:1008F000B1D163E7002C47D0FF2869D08024E404FD
:100900007A4225431B2A00DDC5E02C002026D44076
:10091000B21A95406A1E954125435D1B0400894625
:10092000A5E7AB015B0A50E7002401224B461A40C1
:100930006B07BAD142E7002F3BD10134E0B2012866
:100940004ADDFF2CBDD00726ED186D082E40A7E725
:100950000723574D241A35401E40A1E7002C1BD118
:10096000002D6ED1002B00D19AE00A001D003C0042
:1009700024E7013F002F00D158E7FF2C00D04AE7C1
:10098000A7E75E1B894676E7002D1CD10A00FF28E9
:100990001FD004001D0011E7002D5DD1002B17D1E1
:1009A00080230022DB03FF260FE70A00FF26002337
:1009B0000BE7002C21D1002D66D1FF28E9D11D00C5
:1009C00087E7012352E77A1CA7D0FA43FF2899D181
:1009D0000A001D00FF24F1E6002E21D1002D4FD08A
:1009E000002B4CD0ED186B019ED5314B07362E40B5
:1009F00001241D4054E7012318E7FF28DFD080249D
:100A0000E4047F4225431B2F4DDC2026F61B2C00DF
:100A1000B540FC406A1E95412543ED18040006E7E9
:100A2000002DCCD0002B00D153E780216046C903B4
:100A3000084203D04046084200D11D000121114068
:100A400047E7002B00D1B9E6EA1A500125D5072661
:100A50005D1B2E40894623E7FF24002B00D1ADE625
:100A600080226046D203104204D04046104201D199
:100A70001D00894601224B46FF241A409EE62B00AA
:100A8000DD080A0000249DE67A1CC6D0FF43FF283B
:100A9000B9D11D001DE701253FE7151E00D044E731
:100AA0000022002391E60125B7E7C046FFFFFF7D46
:100AB000FFFFFFFBF8B557464E464546DE4644026B
:100AC000E0B546008846640A360EC70F002E63D094
:100AD000FF2E24D08023E400DB041C43002399462E
:100AE0009B467F3E434642465D02D20F5B006D0A45
:100AF0001B0E9046924665D0FF2B55D080220021D8
:100B0000ED00D2047F3B1543F61A43464A467B402C
:100B10000F2A00D98DE06D48920082589746002C2C
:100B200054D108239946063BFF269B46DAE7002569
:100B3000534602291BD0032900D1BFE0012928D048
:100B400030007F30002820DD6A0704D00F222A40C1
:100B5000042A00D004352A0103D530005C4A8030D5
:100B60001540FE2803DCAC01640AC2B201E0FF229A
:100B700000246402D205600ADB07104318433CBC22
:100B800090469946A246AB46F8BD0122101A1B2892
:100B90007CDD00220024ECE7002C1DD104239946C3
:100BA000033B00269B469DE7FF3E002D20D10221FE
:100BB00043464A467B400A430F2AD8D8454892000C
:100BC00082589746002D19D10121F1E70C2399464F
:100BD000093BFF269B4685E7200002F013FA7626A4
:100BE000431F9C4000237642361A99469B4679E77C
:100BF0004A4603231A439146032186E7280002F060
:100C000001FA431F36189D40763600217DE7802487
:100C10000023E403FF22ACE700258023DB031C4212
:100C200028D01D4226D12B435C02640A4346FF2292
:100C30009FE762016C01A24224D21B210025013EE4
:100C4000012710006D005200002801DB944201D8FA
:100C5000121B3D4301390029F3D11400621E944157
:100C600025436DE7BA46594625005346022900D070
:100C700061E77CE78023DB031C436402640A3B00DA
:100C8000FF2276E7121B1A210125D9E79E362A009A
:100C9000B5402C00C240651EAC411443620704D02D
:100CA0000F222240042A00D00434620103D4A4019C
:100CB000640A00225DE7012200245AE78024E4034D
:100CC0002C436402640AFF2253E7C04698CD000813
:100CD000FFFFFFF7D8CD000870B542004E024C0070
:100CE00045026D0A120EC30F760A240EC90FFF2AA1
:100CF0000FD0FF2C11D00120A24200D070BDB54210
:100D0000FCD18B420DD0002AF8D12800451EA84105
:100D1000F4E70120002DF1D1EBE70120002EEDD109
:100D2000E9E70020EAE7C04670B54A004E024502F6
:100D300044006D0A240EC30F760A120EC90FFF2C51
:100D400015D0FF2A0ED0002C15D1002A01D1002E7B
:100D50001CD0002D14D08B4227D00220013B18401C
:100D6000013870BD002EEED002204042F9E7002D80
:100D7000FAD1FF2A0ED0002A0ED1002EEDD00BE0C2
:100D800001230139994308000130EAE70020002DD2
:100D9000E7D0E2E7002EE7D18B42DED1944205DDB9
:100DA0000221581E08400138DBE70024A24204DC7F
:100DB000B542D2D80020B542D3D2581E0123984361
:100DC0000130CEE730B5420044024D02C30F480067
:100DD000640A120E6D0A000EC90FFF2A12D0FF28F6
:100DE0000CD0002A12D1002819D1002D17D1002CC7
:100DF0002BD00220013B1840013826E0002DF0D016
:100E0000022022E0002CFBD1FF281FD000281FD198
:100E1000002D1DD10220013B1840013815E0002CA7
:100E20000ED08B42E5D10022904204DCAC42E0D8E7
:100E30000020AC4209D2581E01239843013004E03F
:100E40000123013999430800013030BD002DD7D16D
:100E50008B42CED18242E7DD0221581E0840013884
:100E6000F3E7C046F0B54E4657464546DE46E0B588
:100E700043025B0A450083B00F1C99462D0EC60F36
:100E8000002D57D0FF2D24D08020DB00C004184354
:100E9000002381469A469B467F3D7C027A00FB0FE9
:100EA000640A120E984623D0FF2A4BD0E300802418
:100EB0000020E4047F3A1C43AD186B1C47460193A5
:100EC000534677403A000F2B48D87D499B00CB58BA
:100ED0009F46002B00D085E008339A46063B9B4690
:100EE0007C027A00FB0FFF25640A120E9846DBD1C4
:100EF000002C00D090E0524601231A439246012074
:100F0000DBE74C4658461700022824D0032800D1BE
:100F1000CFE00022002301284DD15802D205400A1B
:100F2000FF071043384303B03CBC90469946A246A5
:100F3000AB46F0BD002B5BD104239A46033B002552
:100F40009B46AAE7FF35002C60D1524602231A4384
:100F500092460220B1E7FF220023DEE74B461B0C3E
:100F60009C464B462604360C180461463300220C7E
:100F70006446000C43434E435043544380191A0CBB
:100F80001218964203D9802149028C4664441B04FE
:100F90001B0C1004C01883015E1EB341800E184361
:100FA000130C1B199B0103431C00230179D501235A
:100FB00062081C401443019A7F32002A4DDD63070A
:100FC00004D00F232340042B00D00434230103D585
:100FD0003C4B019A1C408032FE2ABCDCA3015B0A18
:100FE000D2B29AE70C239A46093BFF259B4654E769
:100FF000180002F007F84A46431F76259A4000235E
:101000006D4291462D1A9A469B4646E75246032367
:101010001A439246032050E7200001F0F3FF431FDC
:101020002D1A9C40763D002047E780230027DB03F4
:10103000FF2272E7424666E74C463200584662E7B6
:1010400080234A46DB031A4222D01C4220D123438C
:101050005B025B0A4746FF225FE701239A1A1B2ABD
:1010600021DC23000199D3409E318C401A002300DB
:101070005C1EA34113435A0704D00F221A40042ACE
:1010800000D004335A0111D49B015B0A002244E7CB
:1010900080234A46DB0313435B025B0A3700FF22CF
:1010A0003BE7019587E70022002336E70122002372
:1010B00033E78023DB0323435B025B0AFF222CE739
:1010C00018CE0008FFFFFFF7F8B54746CE464400AC
:1010D000C20F80B547024802400A8446664648006F
:1010E0007F0A240EF60025009046FB00000EC90F73
:1010F000B146FF2800D185E001267140261A9142B1
:1011000057D0002E43DD002800D07FE0494600295B
:1011100000D1AAE0013E002E00D0F7E05B1A5A0190
:1011200000D48BE09B019C09200001F06BFF053887
:101130008440854200DDD3E0451B2300202001359B
:10114000EB40451BAC40621E94412343072400251D
:101150001C40012241460A40002C04D00F211940B6
:10116000042900D00433590100D480E00135ECB2E9
:10117000FF2D00D0A3E0FF2400235B02E405580A02
:10118000D207204310430CBC90469946F8BD002E70
:1011900074D1601CC0B2012800DCA7E04A469C1A4A
:1011A000620100D5B6E0002CBED10022002400234D
:1011B000E3E7002E00DC85E0002846D0FF2C49D074
:1011C00080224846D2041043814601221B2E09DCAE
:1011D00020204C46801B84404A462000F240441E9A
:1011E000A04102439B185A0128D50135FF2D00D19B
:1011F000A8E00122072494491A405B080B401343DE
:101200001C40A6E7002E00D078E775E7FF2C54D0ED
:1012100080224946D2041143894601221B2E09DC53
:1012200020214846891B88404A460100F240481E5A
:1012300081410A439B1A5A0100D573E701224146B6
:101240000A40590700D089E711E04846002858D1E4
:10125000FF2C0CD1DB08002B00D18CE78020C003D1
:1012600003435B025B0AFF2487E7FF2C25D0DB08E2
:10127000FF2DF0D05B025B0AECB27EE7002C4DD074
:10128000FF2818D08024E404724223431B2A00DD87
:10129000C4E01C002025D440AA1A93405A1E934152
:1012A00023434A460500D31A884638E7721CF8D013
:1012B000F243FF28EAD10A004B46FF25D7E79B01FE
:1012C0005B0A5AE7002E41D1651CE9B2012945DDD0
:1012D000FF2D00D14FE707244B445B081C4038E743
:1012E00007225A4B2D1A2340144032E7002C1DD1FF
:1012F000002B7AD14B46002B00D191E00A0000254B
:10130000B5E7013E002E19D14B446CE7FF2C84D188
:10131000FF25ACE74A468846D41A05E7002BC5D11D
:101320000A00FF28C8D005004B46A0E7002B49D192
:101330004B46002B77D00A00FF2598E7FF2C00D002
:1013400043E787E70A00FF24002316E7002C15D1A6
:10135000002B57D1FF28E6D14B467BE7002C20D14C
:10136000002B57D04946002953D04B445A0168D529
:101370000724364A1C4001251340EAE6FF28EBD03B
:101380008022D204764213431B2E53DC2025AD1B52
:101390001A00AB40F2405C1EA34113434B440500CE
:1013A00021E7002BD8D04946002900D152E78021FF
:1013B000C9030F4200D14DE76046084200D049E71B
:1013C0004B4647E74846FF25002800D14FE78022DB
:1013D000D203174204D06046104201D14B468846E2
:1013E00001224146FF250A4041E7484600281FD018
:1013F0001A1A500120D54A460724D31A1C408846A1
:101400000025A6E6741CC9D0F643FF28BCD14B4684
:1014100020E799464B460025DB082BE7012340E7F0
:1014200000220023A9E680230022DB03FF24A4E698
:1014300000251CE70123B1E7002AF1D013000025A5
:10144000FCE60025FAE6C046FFFFFF7DFFFFFFFB3D
:1014500042024B0240004900520A5B0A090E000E8C
:10146000FF2806D00020FF2902D11800431E984112
:101470007047FE38002AFBD1F4E7C0464102420023
:10148000C30F490A120E00207E2A0DD99D2A0CD8BE
:10149000802000040143952A0ADC9620821AD1405C
:1014A0004842002B00D108007047034A9818FBE718
:1014B000963A9140F4E7C046FFFFFF7F70B50028E1
:1014C0003DD0C317C5185D40C40F280001F09AFD38
:1014D0009E22121A962A07DCD2B2082833DD083879
:1014E00085406802400A23E0992A0BDD0523290084
:1014F0001B1AD94003001B339D402B005D1EAB41DE
:1015000019430D00052801DD431F9D402B000F49A5
:101510000B406E0709D00F263540042D05D004334B
:101520005D0102D59F220B40121A9B01580AD2B2CC
:101530004002D205400AE4071043204370BD002456
:1015400000220020F4E76802400AF1E7FFFFFFFBFA
:1015500070B5041E34D001F055FD9E22121A962A51
:1015600007DCD2B208282EDD083884406002400A29
:1015700021E0992A09DD030021001B3399404B1E0D
:10158000994105231B1ADC400C43052801DD431F4C
:101590009C4023000D490B40650709D00F252C40C6
:1015A000042C05D004335C0102D59F220B40121A93
:1015B0009B01580AD2B24002D205400A104370BDC6
:1015C00000220020F7E76002400AF4E7FFFFFFFB7C
:1015D000F0B54F464646D6460C000903C0B5490A49
:1015E000470F5E0039431F03DB0F9C4665007B0AF3
:1015F000570F1F436D0DE40F760DA146C000B8468E
:10160000D200AB1B64457BD0002B5FDD002E00D0E9
:10161000A4E03E00164300D112E15E1E002E00D071
:101620009EE1871A4346B84280410125C91A4042CB
:10163000091A0B0200D431E149024E0A002E00D1F2
:101640006EE1300001F0DEFC0300083B1F2B00DDE3
:1016500061E120223900D21A9E40D1409F400E43C2
:101660009D4200DD51E15D1B6B1C1F2B00DD7CE109
:101670002021C91A3D0030008F408840DD40791E8E
:101680008F41310007222843D940002507433A40C3
:10169000002A09D00F233B40042B05D03B1DBB4241
:1016A000BF417F42C9191F000B0200D426E26A1C09
:1016B000C64B55056D0D9A4200D106E1C44AFF089C
:1016C0000A40530752023B43120B8EE0002B00D01E
:1016D000B8E06B1C5B055B0D012B00DC30E1871A69
:1016E0004346B842B641CB1A76429E1B330200D520
:1016F0004CE13B003343A1D100220024002570E0DF
:10170000002B00DCE5E0002E00D183E0AF4EB542B7
:1017100060D0802636043743B846382B00DC3EE1E3
:10172000434613431F007A1E97413F18874280416A
:10173000404209180B0200D4B0E0A44B01359D4291
:1017400000D1C3E0A24A7B080A4001210F401F4399
:101750005108D30707221F433A4099E79B4EB542F1
:1017600038D0802636043743B846382B00DDDCE01D
:101770001F2B00DC30E11E004746203EF740BC46F0
:10178000202B04D04026F31A46469E4032431700D1
:1017900063467A1E97411F43CCE0002B00D104E240
:1017A0004346134300D159E14B07C0081843802337
:1017B000C9081B03194208D04546ED081D4204D153
:1017C0004346D008590708432900420FC9007F4DFE
:1017D0001143C0004B07CA087C49C00803438D422F
:1017E00068D012036D05120B6D0D00211203180055
:1017F000130B0A0D12051A43764B2D0513402B438C
:101800005B00E4075B08234319001CBC9046994623
:10181000A246F0BD3E00164312D05E1E002E00D040
:1018200000E1871887428041414440420918012560
:101830000B0233D5022585E764463300414610008C
:101840001D00C7E7002D00D0DAE00C000443F3D000
:101850005C1C00D19FE15D4CA64200D12FE1DB432F
:10186000382B00DD66E11F2B00DD83E1202405001D
:10187000E41A0F00DD40D940A0404346A7405B1A60
:10188000441EA04198462F433843171ABA4292414A
:1018900043465242991A64463500CAE607223A4046
:1018A000002A00D0F6E64B07CA084849FF083B4328
:1018B0008D4296D11900114300D19EE18021090388
:1018C0000A431203120B414D8FE71500002200233B
:1018D0008BE7002B00D0C7E06B1C5F057F0D012F4D
:1018E00000DCF1E0394DAB4200D1B9E085180A00C7
:1018F000854289414244494251180722CF076D0869
:101900002F4349083A401D00C2E607223049ED1A2C
:1019100031403A40BCE63E002838864000279FE62A
:10192000380001F06FFB20308EE6434613431F0062
:101930007A1E9741C71BB84280414042091A78E697
:101940000E003B0006431343002D61D1002E00D052
:10195000F4E0002B00D11BE164463900100039E7A8
:101960001A4FBB427AD03300FFE630001F3DE840FB
:10197000202B03D04021CB1A9E4037437B1E9F4132
:10198000072207433A400021002589E7171A4346FA
:10199000BA42B641591A76428E1B64464EE61F2B58
:1019A00000DDADE020264746F61AB740B9461700DD
:1019B000B246DF404E463E4337005646B240561EC2
:1019C000B24117434246DA408918AEE6FF070000ED
:1019D000FFFF7FFFFFFF0F8020264746F61AB74024
:1019E000B9461700B246DF404E463E4337005646E2
:1019F000B240561EB24117434246DA40891A99E76F
:101A00007F4CA6425BD0802424045B42214327E71D
:101A1000002E0CD1002B00D1CBE064463900100021
:101A2000774DD7E6764FBB4218D0330075E6002BD2
:101A300014D04B07C00818438023C9081B03194260
:101A400007D0FC081C4204D17907D0080843E146BE
:101A500021004C46420FC9001143C000684DB9E651
:101A60001D0000220023C0E6002D5BD10D000543C0
:101A700000D1E2E65D1C00D1B0E0614DAE421FD066
:101A8000DB43382B71DC1F2B00DD96E020250F0097
:101A9000ED1AAF40B9460700AA46DF404D463D4328
:101AA0002F005546A840D940451EA8418844074309
:101AB000BF18974292415142414435003AE664468C
:101AC00035004146100085E60B000343002D00D091
:101AD00063E6002BF5D04346134300D17AE687181E
:101AE0008742804107224144404209183A400B0294
:101AF00000D4D5E6434B01351940C9E5380069E605
:101B00001E004746203EF740BC46202B04D040260E
:101B1000F31A46469E403243170063467A1E9741A9
:101B20001F4302E6364DAE42CAD080252D045B42EB
:101B30002943A6E70843411E8841A6E6002B00D1B1
:101B400048E6871A4346B842B641CB1A76429E1BF6
:101B500033024BD5171A4346BA429241591A5242A0
:101B6000891A072264463A4092E501430F00791E24
:101B70008F419DE71C000F00203CE740202B03D045
:101B80004024E31A99400843411E884138437CE6CB
:101B90000022002425E6171A4346BA429241591AF8
:101BA0005242891A6446350043E541461000144DFF
:101BB00010E680220024120380E61D000F00203D65
:101BC000EF40BC46202B03D04025EB1A9940084338
:101BD00007006346781E87411F4369E787189742CD
:101BE0009B4141445B42C9183500A3E53B003343A8
:101BF000CED0072231003A4052E600231A00F4E525
:101C0000FF070000FFFF7FFFF0B55746DE464E4658
:101C10004546E0B5834607000E03480085B092466E
:101C20001C00360B400DCD0F002800D19DE0954BD8
:101C3000984239D08023F6001B041E43924A7B0F42
:101C400033439946944603006344009300230026DF
:101C5000FF00029323031B0B98466300E40F5246D8
:101C60005B0D019400D1B3E086498B4200D19EE028
:101C70004246D100802212040A435146490F1143C3
:101C80008B46814952468C4600996344CB1A002109
:101C9000D20000932B0063409A460F2E00D905E135
:101CA0007A4BB6009B599F465B463343994600D01A
:101CB000B8E002230826002700900293CAE7CB462B
:101CC0003A0002990195019B9A46022927D00329DF
:101CD00000D180E2012944D06D49009B8C466344C9
:101CE0001C00002C38DD530700D013E2D2085B46FD
:101CF000DB0109D55946674B19408B468021C90045
:101D00008C46009B63441C00634B9C4207DC5B4693
:101D100064055F075B0217431B0B620D02E00023A3
:101D20000027584A00211B031C0B0B0D1B052343E6
:101D300014055A4A380013401C4353466400DB071D
:101D400064081C43210005B03CBC90469946A2465D
:101D5000AB46F0BD0122524201231B1B382B00DC95
:101D6000ADE1002200230027DCE75B4633439946C0
:101D70005ED0002E00D18AE1300001F043F903006B
:101D80000B3B1C2B00DD7BE11D22D31A5A460100C0
:101D9000DA4008398E4013005F46334399468F403E
:101DA0003F4B00261B1A00930023029352E7414643
:101DB00053460B433B499B468C46009B6344009330
:101DC0005B46002B3BD1022300221E43022161E728
:101DD000434613439B4637D04346002B00D162E174
:101DE000404601F00FF903000B3B1C2B00DD53E1D3
:101DF00002004146083A914088461D21CB1A5146BF
:101E0000D9400B0041460B439B46534693401A0072
:101E1000009B25499C46604403008C466344009324
:101E2000002137E70323B14600900C26029311E707
:101E30000023009301330426002702930AE70323BB
:101E4000C3461E43032125E701331E43002201211F
:101E500020E700239A46802300271B03094A61E7F5
:101E6000802349461B03194200D1E2E0594619423A
:101E700000D0DEE00B431B0317001B0BA246014AF8
:101E800050E7C046FF07000001FCFFFF58CE0008E6
:101E9000FF030000FFFFFFFEFE070000FFFF0F80B3
:101EA0000DFCFFFF01F8FFFFF3030000D94500D947
:101EB000CBE000D1C6E03C0048460027009B013B38
:101EC00000935B46160E1B021E4313029846330412
:101ED0001B0C9946310C0191FEF79CF94A4642438E
:101EE0000B04210C050019438A4207D98919013DC9
:101EF0008E4203D88A4201D9851E8919881A019910
:101F0000FEF788F909048C464A4621046446424398
:101F1000090C030021438A4204D98919013B8E42EE
:101F200000D8F1E02D041D43AB464346891A4246D2
:101F3000280C12041D0C5B46140C22001B041B0C05
:101F40005A4303946B434443029568431B19150C91
:101F5000EB189C4203D980246402A44660441C0C04
:101F600015041B042D0C20185D19814277D373D002
:101F70000C1AA24A7D1BAF42BF419446009B7F4290
:101F80006344E01B1C00864200D1DBE00199FEF7B0
:101F900041F94A4642430B04290C070019438A427F
:101FA00007D98919013F8E4203D88A4201D9871E79
:101FB0008919881A0199FEF72DF909044A468946BC
:101FC00029044D464243090C030029438A4207D99C
:101FD0008919013B8E4203D88A4201D9831E89198F
:101FE0003F04891A3A00039F1A43380013041B0C5C
:101FF000584381460298150C6F4343434543484676
:10200000000C8446DB1963449F4203D980204002C0
:102010008446654448461F0C00041B04000C7D19CF
:102020001818A94200D284E000D17FE001231A43AE
:1020300057E680234A461B0313431B031B0BAA4688
:102040006F4A6FE6BA4200D935E74B46DC075808BD
:102050007B081C43FF0734E70024AF4289D2474482
:102060004745A4415B466442A4196418013BA6425B
:102070001ED2A0426DD800D1B6E0241A9B4678E764
:1020800003005A46283B9A400027914688E6584666
:1020900000F0B8FF203072E603005246283B9A4019
:1020A00093460022B4E6504600F0ACFF20309AE69A
:1020B000A642E2D1B845DCD9341A9B4659E71F2B1A
:1020C00065DC504C0099A4465C46614408008C4095
:1020D00011008240D940501E82410C4314435A469D
:1020E000DA401300620709D00F222240042A05D0EB
:1020F0002200141D9442894149425B181A0262D59C
:102100000122002300270DE68A4200D80AE7831E39
:10211000891907E70F231340042B00D1E6E5171DAB
:102120009742924153429B44FA08E0E5002800D1CF
:10213000D7E57118531EB14227D3A94215D358D001
:102140001A0073E7002B00DC04E6012300229B4405
:10215000CDE502234744474589415B429C464942BD
:1021600089190C19E344241A03E743465F004745E5
:102170009B41B8465B429E19023A8919A94200D098
:1021800054E7404500D051E7ABE51A00F6E71F21C0
:102190005F4649420C1BE740202B07D01A49009BA1
:1021A0008C46634418005B4683401A43501E8241AC
:1021B0003A4307270023174009D00F21002311407D
:1021C0001400042995D122005F075B021B0BD20883
:1021D00017430022A6E5802359461B030B431B032C
:1021E00017001B0B064A9DE5BD42B2D89B46002452
:1021F000BFE68045B9D31A00C3E7C046FF0300001D
:10220000FF0700001E0400003E040000F0B5574622
:10221000DE464E464546E0B5834606000F034800BD
:1022200087B092461D003F0B400DCC0F002800D117
:102230006FE0DE4B984238D08023FF001B041F4321
:10224000730F3B430193DA4B0027994600239B46CB
:10225000F60081442B0369001B0B52469846490D3A
:10226000ED0F002900D185E0D04B994200D173E0F9
:102270004346DA0080231B0413435246CC48520FD6
:1022800084461343524600206144D2008944210011
:10229000694000918C46012149448A460F2F00D99C
:1022A00090E0C449BF00CF59BF465B463B43019312
:1022B00000D06AE102230827002681469B46C9E731
:1022C00032005846019B61460091022800D175E01A
:1022D000032800D1FEE1012800D02CE100230027D3
:1022E000002600253F032A0D3F0BB34812053A4351
:1022F00002401B051343009A5B00D1075B080B43A8
:102300003000190007B03CBC90469946A246AB4647
:10231000F0BD5B463B43019300D12FE1002F00D17C
:10232000A5E1380000F06EFE03000B3B1C2B00DD26
:1023300096E11D22D31A5A460100DA405E4608395A
:102340008F4013008E403B4301939C4B00271B1A88
:10235000994600239B467DE7414653460B439349EC
:102360008C46E144002B00D01AE1022202201743E0
:1023700000228CE7134300D10DE14346002B00D12E
:1023800081E1404600F03EFE02000B3A1C2A00DDCF
:1023900072E10100434608398B4098461D239A1A82
:1023A0005346D3401A004346134352468A40494697
:1023B000081A824989468144002068E77B4B002740
:1023C00000268EE7140C1204120C1100370C360490
:1023D000350C794328008C462E00604360448346C8
:1023E00056432100300C80465846794340440291C0
:1023F000844506D98846802149028C46E0444146FE
:1024000002913604010C360C00048B4681191E0C17
:102410001B041B0C0391190079438C46280075435B
:102420006544A8465843050C45447743A94203D95F
:10243000802149028C466744290C8C4639000004EF
:10244000000C2D042D186144AB44059159460491AC
:1024500001990F043F0C080C390051434243904648
:1024600002008C46090C8B4662437C4344445C4426
:10247000A04503D98021490288464244210C884660
:1024800061460904090C8C463900594343437043A3
:102490007E430F0CF6182404BE19644442448C4653
:1024A000B34203D980235B0298464044029B6146B5
:1024B0009846049B370443449B46AB45AD416B4271
:1024C0000D0405992D0C8C467F196744FD18A8460C
:1024D0005D462D19A542A44193466442A446C344D7
:1024E000DC448F42BF4198459B4193459241A445AE
:1024F000A4415B427F421F43360C52426442BF19E3
:102500002243BF18624638184302D20D0399134381
:102510006A020A43501E82416146ED0D2A434E0273
:102520003243D90100D4B3E00126500832400243BF
:10253000DE0732435B08224C5444002C62DD510715
:1025400009D00F201040042805D0101D9042924160
:1025500052429B180200D90104D580241948E40096
:10256000034054441848844200DD27E75E075B02BD
:10257000D2081F0B630516435B0DB2E60023994694
:102580000133042700269B4664E603230197814616
:102590000C279B465EE6012201201743002276E6C7
:1025A000032303201F43434671E6C046FF07000094
:1025B00001FCFFFF98CE0008FFFF0F800DFCFFFF1E
:1025C000FF030000FFFFFFFEFE070000002380273F
:1025D00000933F030026434B83E6019B3200A44651
:1025E000584670E6AC466EE6802701993F033942B3
:1025F0002DD03B422BD11F433F033F0B00951600CC
:10260000384B6EE601252D1B382D00DD66E61F2DAB
:1026100040DC35481C005044160082408440EE40A7
:10262000501E824134431443EB40620709D00F220D
:102630002240042A05D02200141D944280414042C9
:102640001B181A023ED501230027002649E68027E1
:10265000019B3F031F433F033F0B0094214B40E688
:1026600003005A46283B9A40002601926DE65846E0
:1026700000F0C8FC203057E603005246283B9A4041
:102680001300002293E6504600F0BCFC20307BE6AD
:10269000CA4650E71F201E004042041BE640202D82
:1026A00003D0124C5444A3401A43501E824132437B
:1026B00007260027164009D00F20002310401400E1
:1026C0000428B9D122005E075B021F0BD208164313
:1026D000002306E680273F031F433F033F0B1600FE
:1026E000004BFEE5FF0700001E0400003E04000052
:1026F000F8B557464E464546DE460C000903E0B5A0
:10270000490A460F5F0031431E03DB0F760A9B46E2
:10271000530F3343C84E6500C000E40FD2006D0D67
:10272000A24681467F0D9C469046B74200D1B9E053
:102730005B46012673409B46EE1BA34500D183E018
:10274000002E63DD002F00D0B1E06346134300D1BB
:1027500023E1731E002B00D0BAE1861A6346B04213
:1027600080410125C91A4042091A0B0200D447E1F1
:1027700049024B0A98464346002B00D189E1404666
:1027800000F040FC0300083B1F2B00DD7CE1202211
:102790003000D21A4146D040994002009E400A4380
:1027A0009D4200DD6AE15D1B6B1C1F2B00DD94E187
:1027B000202110003500C91A8E40DA408840DD40E3
:1027C000711E8E4111000722284300250643324026
:1027D000002A09D00F233340042B05D0331DB34208
:1027E000B641764289191E000B0200D43DE26A1CF4
:1027F000914B55056D0D9A4200D119E18F4AF608AB
:102800000A40570752023743120B9BE0002E00D0BC
:10281000C5E06E1C7605760D012E00DC48E16746AA
:10282000861ACB1BB042BF417F42B8461F004346C9
:10283000FF1A3B00B8461B0200D55FE137439AD12F
:1028400000220024002579E0002E00DCFAE0002FB1
:1028500000D18DE0784B9D4267D0802367461B04F2
:102860001F43BC46382E00DC52E1634613435A1E18
:1028700093411E1886428041404209180B0200D441
:10288000BEE06D4B01359D4200D1D2E06B4A73082A
:102890000A4001210E401E435108D30707221E4360
:1028A000324095E71E00164300D045E740E7624BF3
:1028B0009D423AD0802367461B041F43BC46382EF6
:1028C00000DDEBE01F2E00DC3AE133006746203BE1
:1028D000DF403B00202E05D04027BF1B6646BE4090
:1028E000324390464646721E96413343DAE0002B4F
:1028F00000D114E26346134300D168E180234E0700
:10290000C008C9081B030643194208D06046C00826
:10291000184204D163460100D2085E071643F30053
:102920009946C900720F444D11434B46DE08424B95
:102930004F073743CA089D4200D16EE012036D0570
:10294000120B6D0D00211203130B0A0D12051A4311
:102950003B4B2D0513402B435B00E4075B082343EF
:10296000380019003CBC90469946A246AB46F8BDDB
:102970006346134311D0731E002B00D007E1861865
:102980008642804161444042091801250B0237D537
:1029900002257BE73E00614691463500C5E75C466F
:1029A000002D00D0E1E00B000343F3D0731C00D1F5
:1029B000ACE1214B9F4200D13AE1F343382B00DDDB
:1029C0006FE11F2B00DD8CE120250E00ED1AAE40DB
:1029D000B0460600AA46DE40454635432E00554621
:1029E000D940A8406346451EA8415B1A9C46304327
:1029F000161AB242924163465242991A3D00B4E619
:102A000007223240002A00D0E4E60B4BF6084F07BD
:102A10003743CA089D4200D090E73B00134300D1E2
:102A2000A6E180231B031A431203120B024D89E710
:102A300015000022002785E7FF070000FFFF7FFF4A
:102A4000FFFF0F80002E00D0C7E06B1C5E05760DE7
:102A5000012E00DCF0E0C84DAB4200D1B9E0851892
:102A60000A00854289416244494251180722CE0733
:102A70006D082E43490832401D00A9E6BF49ED1AF2
:102A8000114007223240A3E6320028388240002657
:102A900086E6300000F0B6FA203073E66346134352
:102AA0005A1E9341C61AB04280414042091A5CE660
:102AB0000E00674606431743002D5ED1002E00D05E
:102AC000F3E0002F00D11EE15C46614691462CE701
:102AD000A94FBE427BD01E00F1E610001F3DE8402A
:102AE000202B03D04021CB1A9A401643731E9E41DF
:102AF0000722064332400021002583E7161A634669
:102B0000B2428041591A40420B1A98465C4632E65E
:102B10001F2E00DDABE02027BB1B9A4663465746BD
:102B2000BB40994613004F46F3401F433B005746B6
:102B3000BA40571EBA4113436246F240891898E6DC
:102B40002027BB1B9A4663465746BB409946130055
:102B50004F46F3401F433B005746BA40571EBA4109
:102B600013436246F240891A9CE7834B9F425FD031
:102B700080252D047342294320E7002E0CD1002F1D
:102B800000D1D0E05C46614691467B4DCDE67A4F60
:102B9000BE421CD01E0065E6002F18D0C0084E07AC
:102BA00006438020C9080003014208D06346DC08C0
:102BB000044204D12100DA46D2085E071643F3002E
:102BC000994601245346C900720F11431C406A4DB7
:102BD000ABE61D0000220027B4E6002D59D10B0002
:102BE000034300D1D6E6731C00D1B2E0624B9F4292
:102BF0001ED0F343382B6FDC1F2B00DD97E0202520
:102C00000E00ED1AAE40B0460600AA46DE4045462C
:102C100035432E005546A840D940451EA8418C4456
:102C20000643B61896429241514261443D0025E662
:102C30003D006146914678E60B000343002D00D02D
:102C400055E6002BF5D06346134300D16DE6861898
:102C50008642804161444042091800220B0200D4A0
:102C6000D0E6464B01351940B2E5B1465DE633008A
:102C70006746203BDF403B00202E05D04027BF1B8E
:102C80006646BE40324390464646721E96413343E6
:102C9000EFE5394B9F42CBD080252D047342294369
:102CA000A8E70843411E8841A2E6002F00D13CE678
:102CB0006346861ACF1AB0429B415B42FB1A984684
:102CC0001B024ED5161A6346B2429241591A52421D
:102CD000891A5C4600227BE501430E00711E8E417D
:102CE0009FE71D000E00203DEE40B046202B04D093
:102CF0004025EB1A99400843814648464346411E09
:102D00008841184374E60022002417E6161A634629
:102D1000B2429241591A5242891A3D0025E5614654
:102D20009146154D01E680220024120379E61D002C
:102D30000E00203DEE40B046202B04D04025EB1A7B
:102D40009940084381464E464346711E8E411E43BC
:102D500067E7861896429B4161445B42C9183D0073
:102D60008CE547463743CED007224146324049E6FC
:102D700000273A00E6E5C046FF070000FFFF7FFF9F
:102D800070B500282DD0C317C5185D40C40F2800AA
:102D900000F038F9154B1B1A5B055B0D0A2815DD91
:102DA0000B38854000222D032D0B002110002D0330
:102DB0000A0D2D0B12052A430D4D1B052A40134306
:102DC0005B00E4075B082343190070BD0200290083
:102DD000153291400A000B21081AC5402D032D0B16
:102DE000E3E70024002300250022DEE71E040000A4
:102DF000FFFF0F8010B5041E25D000F003F9144B1F
:102E00001B1A5B055B0D0A2812DD0B38844000227B
:102E10002403240B0021100024030A0D240B1205A7
:102E200022430C4C1B05224013435B00590810BD84
:102E300002002100153291400A000B21081AC440FB
:102E40002403240BE6E7002300240022E2E7C04627
:102E50001E040000FFFF0F804100090E4B1C70B5DF
:102E6000DBB24602750AC40F012B14DDE0239B0080
:102E70006D07360BCB1800210A0D280012051C4DDA
:102E800032435B052A405B0813435B00E4075B08A1
:102E90002343190070BD002914D1002D1ED0280035
:102EA00000F0B0F80A281CDC0B232A001B1ADA40B9
:102EB000030015339D400F4B12031B1A5B05160BC5
:102EC0005B0DD8E7002D06D0320B802636036D0748
:102ED0001643094BCFE7084B0026CCE7002300261A
:102EE000C9E703002A000B3B9A400025E3E7C046F0
:102EF000FFFF0F8089030000FF070000F0B54C00C2
:102F0000640D0B03621C5B0A460F5205C90F1E437A
:102F1000C500520D012A29DD374BE718FE2F1CDCB6
:102F2000002F3BDD8001431E98410722F3006D0F07
:102F300003432B431A40002A04D00F221A40042ACC
:102F400000D004338022D2041A4024D00137FAB2D0
:102F5000FF2F02D09B01580A01E0FF22002040020F
:102F6000D205400AC90710430843F0BD3543002C81
:102F700004D1002D0AD100220020F0E7002DECD072
:102F80008020C0033043FF22E9E7002400235B02D6
:102F9000580AE2B2E3E7DB083C00F8E73B001733EE
:102FA000F3DB80231B0433431E26F61B1F2E14DD88
:102FB00002225242D71B1A00FA401700202E04D0DA
:102FC0000E4A94466444A3401D432B005D1EAB4152
:102FD00007223B431A400027ADE7094A2800A21800
:102FE000954093406C1EA541F04007222B430343BC
:102FF0001A4000279FE7C04680FCFFFFA2FCFFFFAE
:1030000082FCFFFF1C2101231B04984201D3000C0A
:1030100010391B0A984201D3000A08391B0998424B
:1030200001D30009043902A2105C40187047C04661
:103030000403020201010101000000000000000081
:1030400010B5002903D1FFF7DDFF203002E0081C96
:10305000FFF7D8FF10BDC04670B500220C4B04002E
:103060000D0000F081F8002804D12000290000F0B4
:1030700011F870BD064B002220002900FFF738FB35
:1030800000F008F880231B069C466044F1E7C04628
:103090000000E04130B5144D0A034B00120B5B0DEC
:1030A000C90F0024AB4211DD104CA34210DC802478
:1030B000640322430E4CE41A1F2C0CDD0D48C31A86
:1030C000DA4013005C42002900D11C00200030BD12
:1030D000094BCC18FAE7094DE040AC4663449A40EE
:1030E00013000343EEE7C046FE0300001D0400008A
:1030F0003304000013040000FFFFFF7FEDFBFFFF20
:103100008446101C62468C46191C634600E0C0468B
:103110001FB500F0D3F8002801D40021C8421FBD1C
:1031200010B500F02BF84042013010BD10B500F092
:10313000C5F8002801DB002010BD012010BDC046ED
:1031400010B500F0BBF8002801DD002010BD012003
:1031500010BDC04610B500F04DF8002801DC00207D
:1031600010BD012010BDC04610B500F043F8002886
:1031700001DA002010BD012010BDC046F0B54F4659
:103180004646D6468446C0B58046194E18030F03FE
:103190004D00000B5C0082463F0B6D0DC90F914640
:1031A000640DDB0F0120B5420AD0B44203D0A54222
:1031B00001D157450CD01CBC90469946A246F0BDA3
:1031C00066463E43F7D1AC42F5D154461443F2D1A2
:1031D0000120C845EFD1994207D0002DEBD16346BD
:1031E0001F433800471EB841E5E70020E3E7C0462B
:1031F000FF070000F0B54F464646D6464D00C0B525
:103200000E03C90F8A462C491F035C008046360B0B
:103210006D0D91463F0B640DDB0F8D421ED08C422D
:1032200016D0002D1ED130438446002C01D13A43E4
:1032300023D06246002A1AD09A4529D0514602204E
:103240000139084001381CBC90469946A246F0BDA1
:1032500039001143E5D002204042F4E73043FAD16F
:10326000AC420FD0002C0FD13A43E7D00CE0012242
:10327000013B934318000130E5E763460020002B33
:10328000E1D0DBE73A43E6D19A45D7D1A542D5DC78
:10329000A54205DBBE42D1D808D00020BE42D2D222
:1032A00050460123013898430130CCE7C845C5D8C2
:1032B0000020C845F4D3C6E7FF070000F0B54F462D
:1032C0004646D6464D00C0B50E03C90F8A462E4964
:1032D0001F035C008046360B6D0D91463F0B640D5D
:1032E000DB0F8D4218D08C4211D0002D18D1304305
:1032F0008446002C1ED13A431CD163460020002B8B
:1033000030D0514602200139084001382AE0390006
:103310001143EAD0022025E03043FBD1AC4226D055
:10332000002C26D13A4324D15146022001390840CD
:10333000013817E06246002A0FD09A45E1D1A54234
:1033400005DBBE42DDD819D00020BE420AD250466D
:10335000012301389843013004E00122013B9343EB
:10336000180001301CBC90469946A246F0BD3A4375
:10337000D0D19A45C5D1A542C3DCE0E7C845C0D845
:103380000020C845E3D3EDE7FF0700000023C25C3F
:103390000133002AFBD1581E7047000002B4714669
:1033A00049084900095C49008E4402BC7047C04688
:1033B00070B50C4E0D031C0349005B002D0B490D2D
:1033C000240B5B0DB14208D0064900208B4203D18B
:1033D00014432000441EA04170BD05430120002D70
:1033E000FAD1F1E7FF0700000378002B1CD0194B3E
:1033F0001B68194A92885A634378002B19D0154BE1
:103400001B68154A92889A638378002B16D0114B5B
:103410001B68114A9288DA63C378002B13D10D4BD5
:103420001B6800221A6470470A4B1B6800225A630B
:10343000E2E7084B1B6800229A63E5E7054B1B682F
:103440000022DA63E8E7034B1B68034A92881A6498
:10345000E9E7C0464C4200200402002010B50028D5
:1034600008D004220100054806F0A0FA034B01220F
:103470009A7110BD014B00221A60F7E70402002088
:1034800010B5054B9B79002B00D110BD02480023DD
:103490008371FFF7A9FFF8E704020020FF23181A41
:1034A000014B98807047C04604020020034B036024
:1034B00054330B60802313607047C0461002002015
:1034C00001238B40DBB2037043708370704770B58B
:1034D00004000E0002F042FB050002F03FFB401B1F
:1034E000B0420BD2022301223C21200003F02EF92E
:1034F000002804D0012002F037FBEEE7032070BD66
:10350000884202D9401A01387047081AFCE70000C7
:1035100070B5554CAC235B00E5582900A06CFFF753
:10352000EFFFE36C984200D870BDA56420002930FD
:103530000422002106F043FA3123E35C072B00D973
:103540008AE09A0049498A589746474A2921FF202C
:103550005054013308315354C338C826B600FFF71E
:103560009DFF434C2000FFF779FFFFF789FF293CBF
:103570003125615D628E3F4806F088FE635D072B52
:103580006DD0394BDE64CFE7374A2A21FF205054F3
:10359000013307315354C338C826B600DFE7324A37
:1035A0002B21FF205054013306315354C338C82611
:1035B000B600D4E72C4AFF212920115401301154C0
:1035C0000133CE3953540C38C826B600C7E7264A13
:1035D000FF212920115401301154013011540133BD
:1035E000CE3953540D38C826B600B8E71E4AFF211D
:1035F0002920115401301154013011540133CE39B6
:1036000053545530C826B600A9E7174A2C21FF208D
:103610005054013305315354C338C826B6009EE7D1
:10362000114C618EC9B220002930FFF749FF638E2B
:1036300001339BB26386032B03D03C20C82676005F
:103640008DE7094B00225A8631215A5C01325A54C7
:103650003C20C826760082E7002006007FE7024A69
:103660002A330021D1548CE7C0120020C0C60008C4
:10367000E9120020D8CE000810B5072001F040FB69
:10368000012001F077FB01F089FB10BD70B5234BE1
:10369000AC225200995808329858FFF731FFFA23AC
:1036A0009B00984220D91D4AC3235B00D35C002BAA
:1036B0001BD01A4ABF235B00D35C012B20D0174BD1
:1036C000AC22520099580832995018329B5C002B5A
:1036D0001DD0124ABC235B000021D1540F4ABC23E9
:1036E0005B00D05C01F0F8FA70BD1400012587334F
:1036F000FF33D55401F0C2FDBF235B00E554D8E78A
:103700007E33FF330021D154FFF7B6FFD7E7034ADA
:10371000BC235B000121D154E0E7C046C012002069
:1037200010B505F073FB044AAC235B00D05003488E
:1037300003F054F910BDC046C0120020F041002033
:1037400070B5050003781C4CA37301781B4806F084
:103750009DFD69781A4806F099FD6B789B096370A6
:103760006B781B1103221340A3706B789B101A40D7
:10377000E2706B785B10012633402375A9781148FD
:1037800006F084FDAB78DB09E373AB789B11334023
:103790002374AB785B111E406674AA781F23134014
:1037A000638205F033FBB6235B00E0506C3BFF3BCC
:1037B00063810023E38370BDC012002004CF0008A2
:1037C00020CF00082CCF000810B5244C7C2200210B
:1037D000200006F0F4F8043C7E232370703B6370F5
:1037E000C233A3701E4BCB2252009A5CE2700921B7
:1037F0006171A2712122E2719A7B22725A786272FF
:103800009A78A272DA78E2721B7D002B22D0802394
:103810005B42134A127C002A1ED100221343DBB202
:103820000F4A518A0B430F4C237398235B00D35AE2
:1038300063730D220121200001F004FEA0737F2399
:10384000E37310222100012001F08EFD064806F0EE
:10385000ABFD10BD0023DCE74022DFE7A8400020DD
:10386000C0120020A4400020ACCF000810B50A48C8
:1038700006F09AFD094CFC220021200006F09FF87A
:10388000043C04220649200006F090F821000220A2
:1038900001F052FD10BDC046ECCF0008F914002025
:1038A00008D0000870B5050001000C4806F0EEFCD9
:1038B0000B4C802252000021200006F080F82A00E4
:1038C0000849200006F07AFD2100022001F034FDB5
:1038D0002100054806F0DAFC70BDC04694D100080E
:1038E000F5140020B8D1000850D00008F0B5C64645
:1038F00000B584B005000291140013780A0001009D
:10390000D64806F0C3FC412D4AD8AD00D44B5B59D4
:103910009F46D44ACB235B00D35C029A93423FD1AB
:10392000D04A8023FF330121D15439E02000FFF732
:1039300007FF2378CB4DAB7363789B096B7063787B
:103940001B1103221340AB7063789B101A40EA707E
:103950006278521001231A402A75A278D2096A753A
:10396000A27892111A402A74A278521113406B74F3
:10397000A2781F2313406B8205F048FAB6235B0040
:10398000E8506C3BFF3B6B810023EB8301228533C6
:10399000FF33EA5421786278A378B34806F076FCC6
:1039A00004B004BC9046F0BDAE4ACB235B00D35CB0
:1039B000029A9342F4D12000FFF7C2FE2278A94B6D
:1039C0009A73627892095A706278121103210A4040
:1039D0009A70627892101140D97061784910012272
:1039E00011401975617811409976A178C909597506
:1039F000A178891111401974A17849110A405A74AB
:103A0000A1781F220A405A8201225A810022DA83B9
:103A100000218532FF32995421786278A378934847
:103A200006F034FCFFF7D0FEBAE76F1CE719380048
:103A3000FFF786FE8B4AC2235B000021D1543A78FF
:103A40006419A378E17800913100894806F01EFCE2
:103A5000A6E70023062BA3DC9D00665D8149CB22EF
:103A600052008A5CB242E0D00133F3E723781B02B4
:103A7000617819437B4BC422520099520A329A5AF8
:103A8000914206D8511A774AC7235B00D1520027CA
:103A90000FE0784806F0FAFB724B00228621FF31D6
:103AA0005A549A768222FF328539FF39995477E742
:103AB0000137A378BB4200DC72E7BBB29846DE0058
:103AC000B6B2331DE55C2D022DB2731DE35C1D43C0
:103AD000B31DE25C120212B2F31DE35C1A430392BF
:103AE0002900654806F0D2FB5E4AC7235B00D35A23
:103AF0009D42DDDC039A9A42DADD3000083020185E
:103B0000FFF71EFE574BC5225200414699529B7E3D
:103B1000012B00D044E7534BDB7E029A934209D13C
:103B2000504BC62252009A5AC72149005B5A9A420A
:103B300000D135E7514806F037FC4A4BC722520006
:103B4000995A023A9952029ADA760122C121490021
:103B50005A548621FF315A5422E72578414A92234C
:103B6000FF33D5540022182A00DD19E7531CE35C0B
:103B70003C48CB214900415C994201D00132F2E737
:103B80005543ABB20400C920400023523C4806F024
:103B90007DFB05E7334A8623FF33D35C002B00D13E
:103BA000FEE6002322789A4200DCF9E62D49C52280
:103BB0005200895A580022185278914201D001339C
:103BC000F0E720188278274B9A812E4806F05EFB9A
:103BD000E6E6244ACB235B00D35C029A934200D0F2
:103BE000DEE605F013F91F4BB6225200985014324E
:103BF00001219954D4E6BFF34F8F234B234ADA6057
:103C0000BFF34F8FC046FDE72378002B05D0154A40
:103C1000BD235B000021D154C2E6124B00223121AA
:103C20005A545A867B32FF3230399954B8E622789A
:103C30000C4B9A81B4E60B4ACB235B00D35C029A0F
:103C4000934202D0FF2A00D0AAE62278054B9A764A
:103C50008222FF3201219954A2E6C046CCD100084D
:103C6000E0C60008C0120020FCD100083CD20008C9
:103C700078D20008B4D20008F4D2000810D30008AB
:103C80002CD3000858D3000800ED00E00400FA052A
:103C90002278120263781343054D064C2B53FFF72D
:103CA000E5FD285BFFF7FEFDFFF7E0FD78E6C04687
:103CB000C01200203202000010B50C004A6C4123F3
:103CC000CB5CDBB20100104806F0E0FA636C9B07A6
:103CD00009D4636C5B070AD4636CDB070BD4636C99
:103CE0009B060CD410BD094806F05EFBF1E70848BE
:103CF00006F05AFBF0E7074806F056FBEFE70648E8
:103D000006F052FBEEE7C04680D60008A0D60008B9
:103D1000BCD60008CCD60008DCD6000870B505007B
:103D20000B4806F041FB082401E00134E4B2772C93
:103D30000CD8610005230222280002F007FD0028AC
:103D4000F3D12100034806F0A1FAEEE770BDC046AA
:103D5000E8D60008F8D60008F0B587B005000C00DA
:103D6000002600200021029003910AE07700EF5F17
:103D70003A00FB1702980399801859410290039169
:103D80000136A642F2DB02980399FCF705FC061CFB
:103D90002000FDF793FB011C301CFCF78BFE071C79
:103DA000002600220023029203931BE07300585F59
:103DB000FEF7E6FF04900591381CFFF74DF802006E
:103DC0000B0004980599FEF793FC02000B00FEF728
:103DD0001DFA02000B0002980399FDF7F9FB02900F
:103DE00003910136A642E1DB2000FEF7C9FF020085
:103DF0000B0002980399FDF707FFFFF77FF805F026
:103E0000FDFC041C381C05F081FC1A4B802292003A
:103E1000985004329C501849201CFDF723F8011CCF
:103E2000164805F03DFC05F0ADFC04B20B2C00DC9F
:103E30000C24104B822292009C52002210495A54AA
:103E400002315A5004315A5060395A520021FD3221
:103E5000FF32995404329D5804329858FEF7FCFF03
:103E600002000B0000942900064806F00FFA07B084
:103E7000F0BDC046C012002000009040000040414C
:103E80000A0200000CD70008F0B5D64600B5BEB057
:103E90000023EF2202A98C4662441370EE22624492
:103EA0001370ED2262441370B64806F07DFA1421B7
:103EB000B548FFF70CFB002810D0B34C2100B348E5
:103EC000FFF7FAFE2000FFF729FFB14AD7235B0076
:103ED0000021D1543EB004BC9246F0BD322302937F
:103EE000313B0193EE3302AA9446634400930123CD
:103EF0004F223C21A44802F051FB002806D1EF23B9
:103F000002AA94466344197840290DD0EF2302AAEF
:103F10009446634419789F4806F0B8F99C4AD72321
:103F20005B000021D154D5E79B4806F0AFF93DABCB
:103F300020221A7012320292313A01920093012328
:103F40005F323C21904802F059FA01F007FE04006C
:103F500032230293313B0193ED3302AA944663442A
:103F60000093012360223C21874802F017FB01F0F7
:103F7000F5FD001B642806D8EE2302AA944663448C
:103F80001B789B06E4D4EB2302AA94466344802268
:103F90001A707D4C3226029601250195009301236B
:103FA000203A3C21200002F029FAEA2302AA944692
:103FB000634411221A700296019500930123513235
:103FC0003C21200002F01AFA01F0C8FD050032235E
:103FD0000293313B0193ED2402AB9C466444009470
:103FE000012367223C21684802F0D8FA23781B0796
:103FF00008D401F0B3FD401B962803D8052001F03A
:10400000B3FDE4E7604D32260296062301933BABF5
:104010000093012368223C21280002F0BFFA3AAC49
:1040200003220021200005F0CAFC0296032301931D
:104030000094023B60223C21280002F0AFFA029675
:10404000313E0196ED2702AB9C4667440097012361
:1040500067223C21280002F0A1FA21786278A37837
:10406000387800904D4806F011F9494AD7235B0093
:10407000D6540622002106A805F0A1FC01F06EFD31
:104080000400002764E001235B420293073301939D
:1040900006AE0096053B68223C213B4802F07EFAC2
:1040A0007078000200B233781843F3781B021BB219
:1040B000B27813439A4675792D022DB233791D4398
:1040C0007E1CFDF7FBF904905046FDF7F7F90590CB
:1040D0002800FDF7F3F9051C049A111C101CFCF7CD
:1040E000C1FE0490059B191C181CFCF7BBFE011CAB
:1040F0000498FCF745FB0490291C281CFCF7B2FE31
:10410000011C0498FCF73CFB05F078FB05F03AFB3A
:104110007F0008ABD85301F021FD0500A020082145
:10412000C00501F0A1FF01280BD11D4802F056FC8B
:1041300001F014FD401B32281AD8012001F014FDB3
:10414000ECE7370001F00AFD001B164B984211D82E
:10415000632F0FDC124802F041FCA0200821C005AB
:1041600001F082FF01288ED0012001F0FDFCE9E77B
:104170003700E7E7391E03DD08A8FFF7EDFDA9E6E4
:104180000121F9E738D70008A441002054D70008DE
:10419000C012002064D700087CD7000890D7000820
:1041A000F04100208813000010B50C4C200006F0F0
:1041B000FBF80B4806F0F8F80A4806F0F5F820007E
:1041C00006F0F2F800F05CFD8F22D20000210648D4
:1041D00005F0F5FBFFF758FE10BDC046C0D700083C
:1041E000E8D700080CD80008C012002010B5134C06
:1041F0007A220021200005F0E2FB063C7E2323709A
:10420000773B6370BA33A370C03BE3700133237113
:10421000013363710133A37106220121200001F0F3
:1042200011F9E0717F23237209222100012001F09E
:104230009BF8034806F0B8F810BDC046AA4000201D
:1042400018D9000810B5134C7A220021200005F07F
:10425000B6FB063C7E232370773B6370BB33A370B1
:10426000C13BE37001332371013363710133A371E7
:1042700006220121200001F0E5F8E0717F2323727E
:1042800009222100012001F06FF8034806F08CF8A4
:1042900010BDC046AA40002030D9000870B504F017
:1042A000B5FD0500124C7A220021200005F087FBA5
:1042B000063C7E232370773B63709A33A3702B0EEA
:1042C000E3702B0C23712B0A6371A5710622012167
:1042D000200001F0B7F8E0717F232372092221004A
:1042E000012001F041F8034806F05EF870BDC046B9
:1042F000AA40002048D9000870B504F087FD0500E9
:10430000124C7A220021200005F059FB063C7E2346
:104310002370773B63709B33A3702B0EE3702B0CE1
:1043200023712B0A6371A57106220121200001F07F
:1043300089F8E0717F23237209222100012001F016
:1043400013F8034806F030F870BDC046AA400020BC
:1043500064D9000810B5C8B001F0E2F8414A8D23D5
:104360009B00D05C01F064FA3F4B1968002245A81D
:1043700003F0BCFF12E03B4A3C4B0121D1543C48C6
:1043800006F012F8FFF75EFF374B196845AC0022C4
:10439000684603F0ABFF6B4607CB07C4459B102B69
:1043A0005DD104AC822252004699200005F0FEFA4D
:1043B00023785F33DAB2212AE6D893002D4AD35806
:1043C0009F462D4805F0F0FF264A2C4B0121D15481
:1043D000FFF764FFD8E72A4805F0E6FFFFF78CFFF8
:1043E000204A224B0121D154CEE704AAD3781B06E0
:1043F000117909040B43517909020B439279134354
:10440000204C236004F002FD02001F4B186021685D
:104410000B1A144CFC20400023501C4805F036FFBA
:10442000164B0122E254AFE704ABD97809061A799A
:10443000120411435A79120211439B791943094C12
:10444000FA235B00E150124805F020FF074B0122E0
:10445000E25499E7034A094B0121D15494E748B04B
:1044600010BDC046C012002080450020720400002C
:1044700084D90008E8C70008A0D900086404000037
:10448000C0D9000838170020A0400020E8D9000853
:1044900030DA000870B504F0B9FC154AFC235B0063
:1044A000D5582D18134C7A220021200005F087FAE8
:1044B000063C7E232370773B6370AA33A3702B0ED8
:1044C000E3702B0C23712B0A6371A5710622012165
:1044D000200000F0B7FFE0717F2323720922210042
:1044E000012000F041FF044805F05EFF70BDC046AA
:1044F000C0120020AA4000205CDA0008F0B583B0AA
:1045000005000090019104F081FC04003B4A8323E4
:104510009B00D358834229D884239B00D3588342DD
:1045200024D880239B00D758BBB2EB1A9BB21EB293
:10453000002E1DDB314A324BD55C002D12D1023BDF
:10454000D05E0321FBF76AFE00B2B0420ADD009B99
:10455000D81BFA218900FBF761FE3F18274A802308
:104560009B00D750002D06D0012D12D003B0F0BD16
:104570005B421EB2DEE7214A82239B00D35EB34238
:10458000F4DC1E4B1E4A01219954963402329C5091
:10459000ECE71A4A82239B00D35EB342E6DD174A5A
:1045A000174B0021D15423002D33FF338421890080
:1045B0005350019B002B1DD0E01AFCF7C9FF114995
:1045C000FCF750FC041C1049FBF73AFF00280CD004
:1045D000211C0E48FCF76EFA0D49FCF743FCFBF773
:1045E0008DFF064AFE235B00D054044AFA235B0089
:1045F0000021D150FFF74EFFB8E7C046C01200209F
:104600000A0200006F12833A0AD7A33C0000A040C0
:1046100066666640F0B587B00622002104A805F062
:10462000CEF92E4AD7235B00D35C002B52D0012356
:104630005B4202930733019304AC0094053B68226C
:104640003C21274801F0AAFF63781B022078184319
:1046500000B2224ED4235B00F052E3781B02A5780F
:104660001D432DB2D5235B00F55263791B022479DB
:104670001C4324B2D6235B00F452FCF71FFF071C37
:104680002800FCF71BFF051C2000FCF717FF041C8B
:10469000391C381CFCF7E6FB071C291C281CFCF7FE
:1046A000E1FB011C381CFCF76BF8051C211C201CCD
:1046B000FCF7D8FB011C281CFCF762F805F09EF8FB
:1046C00005F060F800B2FA235B00F158FFF716FF1F
:1046D00007B0F0BD034805F067FEF9E7C0120020FF
:1046E000A4410020F0DA000810B504F08FFB0400AC
:1046F0001C4A1D4BD35C002B0AD11A4ABA235B001B
:10470000D0582100FEF7FCFE184B984223D810BD6C
:10471000A0200821C00501F0A7FC012814D0114AEF
:10472000134BD35C002BF2D17533FF33D0582100EB
:10473000FEF7E6FE0F4B9842E9D90A4ABA235B001E
:10474000D450FFF7ABFDE2E7FFF764FF054A084BE3
:104750000121D154E3E7034ABA235B00D450FFF7A9
:1047600045FDD4E7C012002064040000B70B000030
:10477000650400005FEA0000F0B58BB01422002150
:1047800005A805F01CF9324BD96A04221143D962FD
:10479000D96A0A400192019AD96A80221143D962EA
:1047A000D96A0A400292029ADA6A01252A43DA6239
:1047B000DA6A2A400392039AD96A02221143D96223
:1047C000DB6A1A400492049B8024A4010022210089
:1047D000204801F050FC00221F49204801F04BFC0A
:1047E0009926360200223100A020C00501F043FCCA
:1047F00005940695002407940327089705A91548F2
:1048000001F066FB164B059306950794089705A9DA
:10481000124801F05DFB059606950794089705A9D7
:10482000A020C00501F054FB402305930694079493
:1048300005A90A4801F04CFB082305930694079448
:1048400005A9A020C00501F043FB0BB0F0BDC04698
:104850000010024000080050C4F0000000040050A6
:10486000A4F0000000B583B0114A116B0123194375
:104870001163126B13400193019B00220321092055
:1048800001F084F9092001F0B1F9002203210A2086
:1048900001F07CF90A2001F0A9F9002203210B2084
:1048A00001F074F90B2001F0A1F903B000BDC0467E
:1048B00000100240F0B585B01A4C236D236D236DB6
:1048C000236D236D236D236D802109051940236D10
:1048D0008022D2041A40236D802040050340276DBA
:1048E000802080050740266D8025ED053540266D2A
:1048F000581E8341501E8241481E8141F60F029688
:10490000681E854101953800471EB8410090064851
:1049100005F0BCFC226D80231B041343236505B006
:10492000F0BDC046001002403CDB000810B5FEF7A9
:10493000F7FEFEF7ABFE012003F087FCF7E710B5AA
:10494000012003F082FCFBE710B5FFF7CDFE01204C
:1049500003F07BFCF9E710B5FFF7FCFC012003F046
:1049600074FCF9E700B583B001906423012201A92A
:10497000024803F0A5FA019803B000BDA44300204B
:1049800072B6FEE710B51248124B0360124B43603B
:10499000002383600122C260036143618361C361BC
:1049A000036201F0C5FC00280CD10021084801F089
:1049B0008BFF002808D10021054801F0B1FF002835
:1049C00004D110BDFFF7DCFFFFF7DAFFFFF7D8FFD8
:1049D000A4410020005400408266500010B50B48EE
:1049E0000B4B036096231B02436000238360C3606C
:1049F00003610C2242618361C3610362436203F07D
:104A00000FFB002800D110BDFFF7BAFFA443002020
:104A10000038014010B50B480B4B036096239B01F7
:104A2000436000238360C36003610C2242618361A1
:104A3000C3610362436203F0F3FA002800D110BDA2
:104A4000FFF79EFF54440020004C004010B50B4877
:104A50000B4B036096231B02436000238360C360FB
:104A600003610C2242618361C3610362436203F00C
:104A7000D7FA002800D110BDFFF782FFD4420020F2
:104A80000050004010B50748074B03600623436001
:104A9000064BC360836001F06DFF002800D110BD9C
:104AA000FFF76EFFF041002000300040FF0F0000D4
:104AB00010B50A480A4B0360002343607F228260DE
:104AC0008032C260036143618361C36102F0A2FC72
:104AD000002800D110BDFFF753FFC0462C44002032
:104AE0000028004000B59BB0342200210DA804F03E
:104AF00066FF1422002108A804F061FF2022002193
:104B0000684604F05CFF1C490B681C4A1A4080236D
:104B10001B0113430B6009230D9380235B020E934B
:104B200001231293002316930DA801F0B7FF00286C
:104B30001CD10F2308930D3B099300230A930B9379
:104B40000C93012108A802F035FA002810D129237E
:104B5000009300230293059380239B0201936846F0
:104B600002F03AFB002805D11BB000BDFFF708FF9B
:104B7000FFF706FFFFF704FF00700040FFE7FFFFAD
:104B8000F0B5A5B000F0CAFFFFF7ACFFFFF7F4FDEA
:104B9000FFF768FEFFF7F6FEFFF720FFFFF78AFE3C
:104BA000FFF738FFFFF752FFFFF76CFFFFF780FFBB
:104BB000FFF7FAFA20A82B4C0300250046CD46C388
:104BC0002A681A60002103F048FB274B18601CA8D4
:104BD00003002200C2CAC2C32A681A60002103F07F
:104BE0003CFB224B186015A802002300103362CB57
:104BF00062C262CB62C21B681360002103F0EFFA4D
:104C00001B4B18600EA8020023002C3362CB62C23B
:104C100062CB62C21B681360002103F0E0FA154BFF
:104C2000186007A802002300483362CB62C262CB3F
:104C300062C21B681360002103F0D1FA0E4B1860AA
:104C400068460300643426CC26C326CC26C32268DB
:104C50001A60002103F0C3FA084B186003F0BAFA97
:104C6000FEE7C04684CA000880450020504400206A
:104C7000D84400200042002058430020284400204F
:104C800070B5134805F090FB124C03220021200060
:104C900004F095FEFF23A370002415E08026360261
:104CA000A025ED0500223100280001F0E4F91920CB
:104CB00000F05AFF01223100280001F0DCF9192030
:104CC00000F052FF0134E4B2092CE7D970BDC046B0
:104CD000A0DB00086404002010B5084B1B78834259
:104CE0000AD0064B187042424241D2B280210902DA
:104CF000A020C00501F0BFF910BDC046640400202B
:104D0000F8B504000100184805F0C0FA174B9B786D
:104D10009C4227D0154B9C70012722007A40012627
:104D20003240A025ED0580210901280001F0A3F9FA
:104D300062087A40324080214901280001F09BF945
:104D4000A2087A4032400A4D80214901280001F032
:104D500092F9E4087C4032002240802109022800B8
:104D600001F089F9F8BDC046B0DB000864040020FA
:104D70000004005010B504000100064805F086FA52
:104D8000013C62426241D2B280218901024801F0B5
:104D900072F910BDCCDB00080008005070B580250A
:104DA0006D00A024E40500222900200001F063F931
:104DB000192000F0D9FE01222900200001F05BF942
:104DC00070BD000010B5084B5A6B01210A435A63AD
:104DD000996B802252050A439A6302200022032124
:104DE000404200F0D3FE10BD0010024010B586B066
:104DF00004001422002101A804F0E1FD2268104BF8
:104E00009A4201D006B010BD0E4CE26A02231A434A
:104E1000E262E26A13400093009BC0239B0001936F
:104E2000122302930F3B04930133059301A9064813
:104E300001F04EF8A26B80239B031343A363E1E7C9
:104E40000054004000100240000400500268054B6E
:104E50009A4200D07047044A116D8023DB020B4355
:104E60001365F7E7002800400010024030B589B014
:104E700004001422002103A804F0A1FD2368534A72
:104E8000934207D0524A934239D0524A93426AD051
:104E900009B030BD504B596B8022D2010A435A638E
:104EA000D96A01221143D962DB6A1A400092009B41
:104EB000C023DB00039302230493032506950233EA
:104EC0000793A02003A9C00501F002F84348444B12
:104ED0000360456000238360C360802202614361F8
:104EE0008361603AC261036200F0C0FE002803D112
:104EF0003A4B23679C62CBE7FFF742FDF8E7364B5E
:104F0000996B802212030A439A63D96A01221143E2
:104F1000D962DB6A1A400192019B032303930222A8
:104F20000492069303330793A02003A9C00500F061
:104F3000CFFF2C482C4B03600C234360002383607D
:104F4000C3608022026143618361603AC26103628F
:104F500000F08CFE002803D1224B23679C6297E768
:104F6000FFF70EFDF8E71C4B996B802252030A43B2
:104F70009A63D96A02221143D962DB6A1340029311
:104F8000029B182303930492153B06930333079364
:104F900003A9164800F09CFF1548164B03600D232B
:104FA000436000238360C3608022026143618361A8
:104FB000603AC261036200F059FE002803D10C4B35
:104FC00023679C6264E7FFF7DBFCF8E700380140E9
:104FD000004C004000500040001002405C430020A4
:104FE000300002408C4200201C00024000040050AF
:104FF000044200206C000240FEE7FEE710B500F01E
:10500000A1FD04F0D9F8012801D004F0EBF910BD9E
:1050100010B5024800F0FCFE10BDC046DC44002084
:1050200010B5034800F0F4FE024800F0F1FE10BD98
:105030008C4200205C43002010B5024800F0E8FEDE
:1050400010BDC046044200207047000010B5002487
:1050500017E04908520892B201339BB2072B08D8D7
:1050600008005040C007F4D549080B48414089B2B8
:10507000F0E70A4BE2185200094B9B1859800134A3
:10508000A4B2FF2C03D8220000210023E6E7044A43
:10509000044B0121D15410BD01A0FFFFB01300004B
:1050A0003C1700206027000010B5024802F002FB08
:1050B00010BDC046A443002010B5034802F0FAFA20
:1050C000024802F0F7FA10BD54440020D4420020F8
:1050D00010B50368134A934206D0134A93420DD089
:1050E000124A934214D010BD114C200002F044FA31
:1050F00001221049200003F023F8F4E70E4C2000B1
:1051000002F03AFA01220D49200003F019F8EAE70B
:105110000B4C200002F030FA01220A49200003F073
:105120000FF8E0E700380140004C0040005000401C
:10513000A443002041170020544400206124002093
:10514000D44200208131002070B50368284A934280
:1051500006D0284A934217D0274A93422ED070BDDA
:1051600003F054FE2549264BC85026480A5A531CC2
:105170004C798A1894719B059B0D0B5205310122C5
:10518000214802F0DDFFEAE703F040FE1B491F4B18
:10519000C8501F480B5A5A1C1E4C0C5DCB181E4D94
:1051A000AC4663441C7093059B0D0B52194B9C46F7
:1051B00061440122194802F0C3FFD0E703F026FE44
:1051C0000E49174BC85017480B5A5A1C164C0C5D09
:1051D000CB18164DAC4663441C7093059B0D0B52C7
:1051E000114B9C4661440122114802F0A9FFB6E729
:1051F00000380140004C0040005000403C170020A7
:10520000140800000C040000A44300203415000022
:105210002C110000250D0000260D00005444002034
:10522000542200004C1E0000451A0000461A0000DF
:10523000D442002010B503680A4A934206D00A4AB5
:10524000934207D0094A934208D010BD084805F0A0
:10525000ABF8FAE7074805F0A7F8F6E7064805F0C7
:10526000A3F8F2E700380140004C00400050004035
:105270001CDC000844DC00086CDC0008F8B524489D
:1052800005F092F8234C244A0021200004F097FBFB
:10529000224F2760224ED2231B01E650214DD223FC
:1052A0005B01E550012323711F4AA3541F4AA354F5
:1052B000611D0122380002F043FF1D4BE11801225D
:1052C000300002F03DFF1B4BE1180122280002F0E4
:1052D00037FF39680B68202213430B6031680B6875
:1052E00013430B6029680B6813430B6000220521F0
:1052F0001B2000F04BFC1B2000F078FC0022052155
:105300000E2000F043FC0E2000F070FCF8BDC046FB
:1053100000DD00083C17002064290000A4430020A1
:1053200054440020D4420020240D0000441A000000
:10533000250D0000451A000070B505000C0002287C
:1053400001D972B6FEE70800FEF720F8FA2382B210
:10535000D220000168439B002100024C005902F05A
:10536000AFFD70BD3C17002010B5C3001B1A18011B
:10537000C01A430102481858642302F0A1FD10BD71
:105380003C17002010B5234C8022D20000212000C1
:1053900004F015FB204BE118204BCA5A204B9C46C9
:1053A0006144200004F002FB1E49200005F038F89B
:1053B00004001D4A1D4B0121D15403221C4905F054
:1053C0001DF800281FD006221A49200005F016F803
:1053D000002818D00C221849200005F00FF80028EA
:1053E0000CD008221549200005F008F800280BD140
:1053F0000D4A8423FF330021D15404E00A4A842358
:10540000FF330121D15410BD21000D4804F03EFFAF
:10541000F9E7C046953A0020A7DCFFFF50220000C4
:10542000501E0000A8DD0008C01200202902000064
:1054300030DD000834DD00083CDD00084CDD0008EC
:1054400058DD000830B505000023002003E0CC182B
:105450002C5D604001339342F9D330BD70B5254EC9
:105460008022D2000021300004F0A9FA82225200EA
:105470000021214804F0A3FA204BF418204BE55AF0
:10548000204BE1182A00300004F090FA013D2A0078
:1054900000213000FFF7D6FF64191B4A944664448C
:1054A0002278FF2A01D0904216D11849184BCB5CC4
:1054B000114C23700423FF330122E254E01C154BEE
:1054C0009C466144033204F071FA134B18680022C1
:1054D000210002F0D9FE70BD0100104804F0D6FE94
:1054E00005490423FF330022CA540B4B186802F00D
:1054F000CBFEF0E7752D002068040020C7E9FFFF10
:105500003015000030110000391600003C17002053
:105510003A1600003B160000804500206CDD0008B4
:1055200070B503F073FC0400514A524BD35A002B60
:1055300031D0514BD55803F069FC01002800FDF72C
:10554000DFFFFA23DB00984225D903F05FFC484CCB
:10555000494BE050494BE0188022D200002104F072
:105560002EFA002200234649625242496252454ABD
:10557000A354454AA3540021444804F087FE6AE03E
:105580007E2930D03A4A404B0021D154384A404B12
:10559000D35C012B5AD0364B394A9A5A35495B5A5B
:1055A0009A4253D03248344A84505A1CC318334963
:1055B0008C466344197893059B0D2E4A8352314BD8
:1055C000C35C012B14D0002BDAD0022B21D0032B8B
:1055D000DCD17F2932D1264B2D4A7E399954294A74
:1055E00000219954D2E701332149264A8B54C9E757
:1055F0001F48254D425D561C46558218254DAC4628
:10560000624411700139244A815201331D4A835486
:10561000BCE717481C4D425D561C465582181D4D6F
:10562000AC46624411701C49425A013A92B242524D
:10563000002AABD10133134A8354A7E70C4A114B1C
:105640000020D054154804F021FE9FE7084A104B73
:10565000D35C002B00D170BD13000D4A002199547A
:10566000094A995C0E4A9952FFF7F8FEF3E7C046E3
:105670003C1700202E11000034150000260D0000FC
:105680002C110000261100002711000090DD0008F9
:1056900028110000301100002A110000ACDD0008C4
:1056A0003015000070B504000D00104A104BD35C9B
:1056B000002B04D0002C05D00021002013E0FFF7C0
:1056C000C5FCF7E7002010E022784240000AFF23E3
:1056D0001340084A944663445B00044AD3185B882D
:1056E000584001340131A942EED370BD3C1700206F
:1056F00060270000B0130000F8B53E4D8022D200B4
:105700000021280004F05BF98222520000213A486F
:1057100004F055F9394BEC18394FE65B394BE11879
:105720003200280004F042F9B11E2800FFF7BAFF4A
:105730000100E55BAB1EE318334A944663441B78D3
:105740001B02013D6419644422781A4301D090423F
:105750001AD12E4A2C4BD15C274B1970B02935D069
:1057600016D9B2291FD1244C0423FF330122E2545D
:10577000E01C0732264904F019F9264B186800226C
:10578000210002F081FD2BE0234804F07FFD27E09B
:10579000A52926D0184A0423FF330020D0541F48DF
:1057A00004F074FD1CE0C029F4D11D4804F0FCFD98
:1057B000012200211B4801F099FEBFF34F8F1A4BC5
:1057C0001A4ADA60BFF34F8FC046FDE70A49042347
:1057D000FF330122CA540F4B1868002202F054FD17
:1057E000F8BDBFF34F8F104B104ADA60BFF34F8FF5
:1057F000C046FDE7953A002068040020A7DCFFFFC3
:1058000050220000501E0000592300003C170020C9
:105810009A3A0020804500206CDD0008E0DD000899
:10582000C0DD00082C44002000ED00E00400FA0573
:10583000F8B504000A2513E07E2E2FD0974A984B26
:105840000021D1543100974804F020FD31009648E2
:1058500004F01CFD914A954BD35C012B00D1EEE086
:105860008E4B934A9A5A93495B5A9A4200D1E6E08A
:105870005A1C8A49CB189048844663441E78930585
:105880009B0D8C4A8B52002C00D1C3E08B4BCA5C21
:10589000092ADFD893008A49CB589F4601327F49B5
:1058A000864BCA54CAE77D4B7D490120585485492F
:1058B0005E54013281495A5431007B4804F0E6FCC1
:1058C0000025C7E7754F764ABB5C591CB954FB18D5
:1058D0007C4A944663441E703100734804F0D6FC41
:1058E000764ABB5C0133BB54B4E76C4F6C4ABB5C7B
:1058F000591CB954FB18734A944663441E70310016
:10590000694804F0C3FC6D4ABB5C0133BB54A1E79A
:10591000624D634AAB5C591CA954EB18694A944622
:1059200063441E703100604804F0B0FC634AAB5C15
:105930000133AB5400258DE7584B59495A5C501C34
:1059400058549B185F4A944663441E703543310097
:10595000554804F09BFC002D05D05049574A8B5CFC
:1059600001338B5476E74D4A544B0721D15471E7EC
:105970004A4B4B495A5C501C58549B18514A944608
:1059800063441E70013DEDB23100474804F07EFCD7
:10599000002D00D05EE74149484A8B5C01338B54AF
:1059A00058E73E4F3E4ABB5C591CB954FB18454A68
:1059B000944663441E7031003B4804F067FC3F4A44
:1059C000BB5C0133BB5445E7344F354ABB5C591CC3
:1059D000B954FB183B4A944663441E703100324868
:1059E00004F054FC354ABB5C0133BB5432E77F2ED4
:1059F00004D02A4A314B0021D1542BE7274B2B4AA4
:105A0000012199542D4A0021995431002E4804F067
:105A10003DFC1FE70D2E25D0204B21495A5C501C20
:105A200058549B18274A944663441E70300004F073
:105A300047FC1A4A1D4BD35C012B00D010E7174AD4
:105A40001A4BD35C002B0CD013000021174A995439
:105A5000134A9D5C1D481D529954002C1AD1FFF722
:105A600091FCF8BD31001A4804F010FC0B490C48B9
:105A70000A5C531CDBB28A18124FBC466244167093
:105A80005A1C0A54CB1863440A221A70074B093A6D
:105A9000CA54CEE7FFF730FEE3E7C0463C170020CC
:105AA000471E000004DE00080CDE0008481E00004F
:105AB0004C1E00004E1E0000461A0000461E00004C
:105AC00028CB0008501E000014DE00085022000001
:105AD000B8DA000810B504000E4B1978FA208000DF
:105AE000FAF712FB01000C4B1868FAF70DFB00F0F7
:105AF00089F800280CD1032C01D9012009E00022EB
:105B00002100013800F042F8024B5C60002000E008
:105B1000012010BD040000200000002010B5084A3C
:105B2000136840210B4313600320FFF7D3FF041ECB
:105B300002D00124200010BDFFF744F9FAE7C04667
:105B400000200240034A1168034B1B785B18136066
:105B50007047C0468445002004000020014B1868AF
:105B60007047C0468445002070B50400FFF7F6FF7B
:105B70000500631C02D0044B1B78E418FFF7EEFF0E
:105B8000401B8442FAD870BD0400002070B5002884
:105B900011DB8208134DC032920054590323184080
:105BA000C000FC331E008640B44389010B40834093
:105BB0002343535170BDC0B20F220240083A9208ED
:105BC00006329200084BD3185D6803242040C000C1
:105BD000FF2214008440A5438901114081402943DC
:105BE0005960E7E700E100E000ED00E0002805DB98
:105BF0001F2318401E3B8340014A13607047C04674
:105C000000E100E001380A4B98420FD8094A506081
:105C10000948036A1B021B0AC02109060B430362E1
:105C20000023936007331360002070470120FCE7D6
:105C3000FFFFFF0010E000E000ED00E070B5066C33
:105C40001C25446C25400124AC40746004686360EA
:105C50008368102B04D0036899600368DA6070BD14
:105C600003689A600368D960F9E7000070B5041E04
:105C70003DD005681F4BE8181421FAF745FA80005B
:105C800060641D4B236402222523E2542B681B4AC7
:105C90001A40A368E1680B4321690B4361690B4318
:105CA000A1690B43E1690B43216A0B4313432B604A
:105CB0008023DB01A2689A4210D0114B19681C2284
:105CC000656C15400F20A840814319601968606C0D
:105CD00002406068904002000A431A600023E363B8
:105CE00001212522A154013AA354002070BD0120B6
:105CF000FCE7C046F8FFFDBF000002400F80FFFF39
:105D0000A800024070B504002420205C012832D095
:105D10000125242025540130205C012804D00022D4
:105D20002423E254022070BD013524302554002084
:105D3000E063256828680126B04328602000FFF74B
:105D40007DFF236B002B0BD0226813680E210B43C1
:105D500013602268136801210B4313600020E2E7FF
:105D60002268136804218B4313602268136806318C
:105D70000B431360EDE70220D5E710B52523C35C84
:105D8000022B06D00423C36300222033C254012017
:105D900010BD026813680E218B43136001680A6806
:105DA00001239A430A60016C1C22446C22401C00AF
:105DB00094404C602522835400222333C254002097
:105DC000E6E710B52523C35C022B03D00423C3638D
:105DD000012010BD026813680E218B431360016817
:105DE0000A6801239A430A60016C1C22446C224019
:105DF0001C0094404C602522835400222333C2545B
:105E0000836B002B02D098470020E2E70020E0E7F8
:105E100070B5036C1968046825681C23426C134034
:105E200004229A400A4214D06A0712D523689B06BE
:105E300003D42368042293432360016C1C22436C27
:105E40001A40042393404B60036B002B00D098470B
:105E500070BD02229A400A421AD0AA0718D52368B8
:105E60009B0606D423680A2293432360093A25231C
:105E7000C254016C1C22436C1A40022393404B60B5
:105E800000222423C254C36A002BE1D09847DFE7E5
:105E900008229A400A42DBD02B07D9D523680E226C
:105EA00093432360016C0E32436C1A4001231C00A3
:105EB00094404C60C3632522835400222333C25490
:105EC000436B002BC4D09847C2E7C06B70470000FB
:105ED000F0B5002357E085685F000326BE40B54358
:105EE000CE68BE40354385604568A5432C004D68AB
:105EF0002E09012535409D402C43446051E0DC08CB
:105F00000834A400265807251D40AD000F27AF40D8
:105F1000BE430F69AF403D003543255054E005278F
:105F200000E00027AF403D0035430234A400464E58
:105F3000A551464C2568D44326002E404F68FF03E8
:105F400001D515432E00414D2E606D682E00264070
:105F50004F68BF0301D515432E003C4D6E60AD6800
:105F60002E0026404F68FF0201D515432E00374D05
:105F7000AE60ED682C404E68B60201D52A4314008D
:105F8000324AD46001330A681400DC405AD001243C
:105F90009C402240F6D003254E683540013D012D3E
:105FA00099D903244D682C40032C08D0C4685E00A6
:105FB0000325B540AC438D68B5402C43C460032431
:105FC0004D682C40022C9AD005685E0003242700FF
:105FD000B740BD434F683C40B4402C430460C024EC
:105FE000A4024D682542CDD0194D6C6B0126344377
:105FF0006C639C08A51CAD00134EAE5903271F40CF
:10600000BD000F27AF40BE43A027FF05B84288D090
:10601000104FB8420ED0104FB8420DD00F4FB842BB
:106020000CD00F4FB8420BD00E4FB84200D176E7DC
:10603000062777E7012775E7022773E7032771E74C
:1060400004276FE7F0BDC046000001400004014096
:10605000001002400004005000080050000C0050E6
:1060600000100050001C005003690B4201D10020B9
:1060700070470120FCE7002A01D1816270478161ED
:10608000FCE703689A69920701D500229A620368C7
:106090009A69D20703D49A6901210A439A61704729
:1060A000F0B5059C05686868660D8027FF003740DD
:1060B000054E3E43B0438905890D120411430B433D
:1060C000234303436B60F0BDFF63FF0370B504001F
:1060D0000E00150003689A69D2063BD55A689201F2
:1060E00004D459688022D2010A435A6023689A690D
:1060F000920615D4731CF9D0FFF730FD401B864281
:1061000001D3002EF2D1636C202213436364412338
:10611000E25400232232A354023AA354012018E08F
:106120001022DA6123682025DD612000FFF7A9FF36
:106130002268536808490B405360636C0422134380
:1061400063644123E55400233E32A354023AA3542E
:10615000012070BD0020FCE700E800FE70B50400DF
:106160000D00160023689B699B071CD43200290090
:106170002000FFF7ABFF002817D16B1CF2D0FFF710
:10618000EDFC801B854201D3002DEBD1636C2022F6
:10619000134363644123E25400232232A354023A9E
:1061A000A354012000E0002070BD0120FCE7F8B5F9
:1061B00005000F0016001C002B689B693A009A43EB
:1061C00013005A425341B34216D1631CF4D0FFF777
:1061D000C5FC069BC01A844201D3002CECD16B6C29
:1061E000202213436B644123EA5400232232AB5430
:1061F000023AAB54012000E00020F8BD70B582B037
:10620000040015001E00DAB2184B009380235B04D3
:10621000FFF746FF079A06992000FFF79FFF002827
:106220001ED1012E0DD023682A0A9A62079A069978
:106230002000FFF793FF002815D12368EDB29D627F
:1062400002E02368EDB29D62079B0093069B00224B
:1062500080212000FFF7ABFF002802D0012000E0E2
:10626000012002B070BD0120FBE7C0460020008085
:1062700070B582B0040015001E00DAB2174B00930F
:106280000023FFF70DFF079A06992000FFF766FF2E
:1062900000281ED1012E0DD023682A0A9A62079A7F
:1062A00006992000FFF75AFF002815D12368EDB2A8
:1062B0009D6202E02368EDB29D62079B0093069BFE
:1062C000002240212000FFF772FF002802D00120A9
:1062D00000E0012002B070BD0120FBE7002000803B
:1062E00070B505000C0016002B689B699B061AD43C
:1062F000320021002800FFF7E9FE002815D1FFF742
:106300002DFC801B844201D3002CEDD16B6C20222C
:1063100013436B644123EA5400232232AB54023A04
:10632000AB54012070BD0020FCE70120FAE700001B
:1063300010B5041E59D04123C35C002B43D0242246
:106340004123E2542268136801218B4313602268C1
:10635000274B61680B4013612268936825490B4005
:106360009360E368012B34D0226884231B02A16868
:106370000B439360E368022B32D0226851681E4BB6
:106380000B4353602268D3681A490B40D3602168DD
:10639000236962691343A26912021343CB60226826
:1063A000E369216A0B4313602268136801210B43E0
:1063B0001360002363641F314122A154236301321F
:1063C000A354002010BD00224033C254FEF70EFD3E
:1063D000B5E7226880231B02A1680B439360C9E7DD
:1063E0002368802212015A60C7E70120EAE7C0460D
:1063F000FFFFFFF0FF7FFFFF00800002F0B587B0D6
:1064000007000C00039204930CAB40CB1D88412382
:10641000C35C202B02D0022007B0F0BD002E07D0B5
:10642000002D05D04023C35C012B06D10220F3E7E9
:1064300080239B007B640120EEE701224023C254AD
:10644000FFF78CFB0590009019230122802109029F
:106450003800FFF7ACFE002801D00120DCE7212244
:106460004123FA541F320133FA5400237B647E62C5
:106470007D857B63059B01930E9B0093049B039A90
:1064800021003800FFF7BAFE00280FD17B8D9BB2A8
:10649000FF2B10D9FF233B850023009380235B044F
:1064A000FF2221003800FFF7FBFD21E000224023FE
:1064B000FA540120B0E77A8D92B23A85D2B2002325
:1064C000009380239B0421003800FFF7E9FD0FE0D3
:1064D0007A8D92B23A85D2B20023009380239B0436
:1064E00021003800FFF7DCFD7B8D9BB2002B35D0FF
:1064F000059A0E993800FFF731FE002845D13B6818
:106500007A6A12789A627B6A01337B627B8D013BE7
:106510009BB27B853B8D013B9BB23B857A8D92B2D2
:10652000002AE1D0002BDFD1059B00930E9B0022B7
:1065300080213800FFF73BFE002828D17B8D9BB2DD
:10654000FF2BC5D9FF233B850023009380235B04E9
:10655000FF2221003800FFF7A3FDC5E7059A0E9939
:106560003800FFF7BDFE002813D13B682022DA6116
:1065700039684B68084C23404B604123FA54002390
:106580002232BB54023ABB5446E7012044E70120C3
:1065900042E7012040E7C04600E800FEF0B5D646DD
:1065A00000B584B007000C00029203930AAB40CB05
:1065B0001D884123C35C202B04D0022004B004BCFE
:1065C0009246F0BD002E07D0002D05D04023C35CBD
:1065D000012B06D10220F1E780239B007B64012080
:1065E000ECE701224023C254FFF7B8FA824600903C
:1065F00019230122802109023800FFF7D8FD002865
:1066000001D00120DAE722224123FA541E3201335D
:10661000FA5400237B647E627D857B63534601933D
:106620000C9B0093039B029A21003800FFF720FE89
:1066300000280FD17B8D9BB2FF2B10D9FF233B8508
:10664000404B009380235B04FF2221003800FFF7BA
:1066500027FD21E000224023FA540120AEE77A8D85
:1066600092B23A85D2B2374B009380239B0421002B
:106670003800FFF715FD0FE07A8D92B23A85D2B25D
:106680000023009380239B0421003800FFF708FDBE
:106690007B8D9BB2002B38D0534600930C9B00227D
:1066A00004213800FFF783FD002845D13B685B6A71
:1066B0007A6A13707B6A01337B623B8D013B9BB22C
:1066C0003B857A8D013A92B27A857A8D92B2002A10
:1066D000DED0002BDCD1534600930C9B002280219E
:1066E0003800FFF764FD002828D17B8D9BB2FF2B7B
:1066F000C2D9FF233B850023009380235B04FF2244
:1067000021003800FFF7CCFCC2E752460C99380054
:10671000FFF7E6FD002813D13B682022DA613968D3
:106720004B68094C23404B604123FA54002322322A
:10673000BB54023ABB5441E701203FE701203DE74B
:1067400001203BE70024008000E800FEF0B587B0A0
:1067500006000C0003921F00002305934133C35C25
:10676000202B02D0022007B0F0BD03689B691B04F8
:1067700001D50220F7E74023C35C012B00D198E04C
:1067800001224023C25423320133C2540023436404
:106790003168F368012B16D0A205920DA0239B014E
:1067A00013434B60FFF7DAF9050032689169202343
:1067B0000B40591E8B41D9B2936910221A40531EC7
:1067C0009A41D3B211E0A205920D3E4B1343E8E784
:1067D0003268916920230B40591E8B41D9B29269CE
:1067E000102313405A1E9341DBB20B4313D17B1C81
:1067F000EED0FFF7B3F9401B874201D3002FE7D15A
:1068000020224123F254736C13437364002240230B
:10681000F2540120A7E733689B69DB0624D5009575
:106820003B00002220213000FFF7C1FC002844D1AA
:1068300033681022DA6133681032DA61059B039AFB
:10684000934223D0059B01330593059B039A9A42FB
:106850009ED820234122B354726C134373640022E8
:106860004023F25401207EE700953B0000222021C6
:106870003000FFF79CFC00281DD132682023D36133
:106880004122B35400222033F2546CE7326851683D
:106890008023DB010B43536000953B000022202145
:1068A0003000FFF784FC002809D133682022DA6128
:1068B000C8E7022057E7012055E7012053E70120F0
:1068C00051E7C04600200002F0B54123C35C202BF5
:1068D00001D00220F0BD2033C35C012B1CD040242A
:1068E000012202554125242343550668336893430A
:1068F000336006683368094F3B403360066833688D
:106900001943316001680B6813430B602023435522
:10691000002303550020DDE70220DBE7FFEFFFFF48
:10692000F0B54123C35C202B01D00220F0BD203301
:10693000C35C012B1AD04024012202554125242397
:106940004355066833689343336006683368084FDD
:106950003B4009021943316001680B6813430B6027
:1069600020234355002303550020DFE70220DDE705
:10697000FFF0FFFF70B5041E28D00368144A1A60A8
:106980000368144A1A60036842685A6003688268A0
:106990009A60FFF7E3F805002368DA6852070AD027
:1069A000FFF7DCF8401B2A28F6D92368DB685B0771
:1069B000F2D0032005E01969E268914202D01A6121
:1069C000002070BD044A1A600020FAE70120F8E7B1
:1069D000CCCC000055550000AAAA00000368024A6A
:1069E0001A6000207047C046AAAA000010B5264BC6
:1069F000DA680C231340082B42D00C2B11D0042B47
:106A000009D0214B5A68520B0723134001338020D1
:106A10000002984010BD1C4B1B68DB0632D51B489A
:106A2000F8E7910C0F230B401949C85C920D032322
:106A30001A40541C144BDB68DB030DD4124B1B684B
:106A4000DB0613D5114A00230021F9F72DFD2200A2
:106A50000023F9F709FDDDE70E4A00230021F9F7CD
:106A600023FD22000023F9F7FFFCD3E70A4A0023A5
:106A70000021F9F719FD22000023F9F7F5FCC9E719
:106A80000448C7E70448C5E70010024000093D007C
:106A900004CB000800366E010024F400F0B583B08A
:106AA000041E00D166E2B34BDA680C251540DE689F
:106AB00080235B021E400368DB0736D5082D2CD0EF
:106AC0000C2D28D0636880225202934255D0A02218
:106AD000D202934258D0A74B1A68A7490A401A60BD
:106AE0001A68802149020A400192019A1A68A34952
:106AF0000A401A606368002B52D0FFF72FF8070096
:106B00009C4B1B689B0310D4FFF728F8C01B64281C
:106B1000F6D903202FE2002ED4D0964B1B689B039E
:106B200003D56368002B00D127E223689B076DD54E
:106B3000E3689A0605D58F48026820210A4302605F
:106B40008B43042D3CD00C2D38D0002B00D1B2E06B
:106B500088490A680920824313430B60FEF7FEFF51
:106B60000600844B1B685B0700D59BE0FEF7F6FF31
:106B7000801B0228F5D90320FDE17E4A116880239D
:106B80005B020B431360B5E77A4B19688022D2028F
:106B90000A431A601968802252020A431A60A9E760
:106BA000FEF7DCFF0700734B1B689B03BDD5FEF7A8
:106BB000D5FFC01B6428F6D90320DCE1002EC4D128
:106BC0006C4A1268520702D5002B00D1D7E1694EFA
:106BD00072686B490A40216909020A43726032688F
:106BE00009218A4313433360FFF700FFF26812095B
:106BF0000F231340634AD35CD840634B1860634B48
:106C00001868FEF767FF002800D0B4E12368DB06B0
:106C10002DD5002D62D1574B1B689B0503D5A36969
:106C2000002B00D1ADE1534A536859490B40216A0A
:106C30000B43536053681B021B0AE16909060B43AF
:106C40005360236A590B013180231B028B40D168AA
:106C500009090F220A404B498A5CD3404A4A136013
:106C60004A4B1868FEF736FF002800D083E12368FE
:106C70001B0700D490E06369002B68D03D4A136D78
:106C800001210B431365FEF769FF0600394B1B6DAD
:106C90009B0700D580E0FEF761FF801B0228F5D935
:106CA000032068E133494B68354A134022691202D8
:106CB00013434B60AAE72F4A136801218B431360EB
:106CC000FEF74CFF06002B4B1B685B079ED5FEF7BB
:106CD00045FF801B0228F6D903204CE1A369002B55
:106CE00022D0244A116880235B000B431360FEF717
:106CF00035FF06001F4B1B689B0506D4FEF72EFFD1
:106D0000801B0228F6D9032035E11A4A536820492E
:106D10000B40216A0B43536053681B021B0AE16955
:106D200009060B435360A2E7124A136819490B4046
:106D30001360FEF713FF06000E4B1B689B0596D5EC
:106D4000FEF70CFF801B0228F6D9032013E1094A45
:106D5000136D01218B431365FEF700FF0600054B01
:106D60001B6D9B0718D5FEF7F9FE801B0228F6D98C
:106D7000032000E100100240FFFFFEFFFFFFFBFFCA
:106D8000FFE0FFFF10CB00080000002008000020FB
:106D9000FF1FFFFFFFFEFFFF23685B0778D57D4BDA
:106DA0009B6BDB002CD47B4A916B80235B050B43F0
:106DB00093630126784B1B68DB0523D5A3688022EB
:106DC0005200934232D0002B37D1724B1A6D734967
:106DD0000A401A651A6D72490A401A65A368002BA9
:106DE00045D0FEF7BBFE07006A4B1B6D9B054DD4DB
:106DF000FEF7B4FEC01B6B4B9842F5D90320BAE0F6
:106E00000026D7E7644A116880235B000B431360B8
:106E1000FEF7A4FE0700604B1B68DB05CED4FEF72F
:106E20009DFEC01B6428F6D90320A4E0594A116DC9
:106E300080235B000B431365D0E7A022D20093426E
:106E400009D0544B1A6D55490A401A651A6D5449B8
:106E50000A401A65C2E74F4B196D013AFF3A0A43DF
:106E60001A65196D802252000A431A65B6E7FEF7CB
:106E700075FE0700474B1B6D9B0507D5FEF76EFEA1
:106E8000C01B484B9842F5D9032074E0012E1AD05C
:106E9000636A002B00D176E00C2D4FD0022B18D066
:106EA0003C4A136840490B401360FEF757FE04004C
:106EB000384B1B689B013FD5FEF750FE001B022894
:106EC000F6D9032057E0334A936B38490B4093635C
:106ED000DEE7304A136834490B401360FEF73EFE8C
:106EE00005002C4B1B689B0106D5FEF737FE401BA7
:106EF0000228F6D903203EE02649CB682C4A1340ED
:106F0000A26AE06A0243206B02431343CB600A6823
:106F100080235B0413430B60FEF720FE04001D4B2F
:106F20001B689B0106D4FEF719FE001B0228F6D948
:106F3000032020E000201EE000201CE0012B24D0D4
:106F4000144BDA6880235B021340A16A8B4201D0A4
:106F5000012010E0F0239B031340E16A8B4201D033
:106F6000012008E0C0231B041A40236B9A420ED074
:106F7000012000E0012003B0F0BD0120FBE701206B
:106F8000F9E70120F7E70020F5E70120F3E700200B
:106F9000F1E7C0460010024000700040FFFEFFFF16
:106FA000FFFBFFFF88130000FFFFFFFEFFFFFFEF67
:106FB000FFFF02FF70B505000C00002800D1D1E0F2
:106FC0006A4B1A68012313408B4235D32B689B0709
:106FD00006D5674AD368F0218B43A9680B43D36079
:106FE0002B68DB077BD56B68022B3CD0032B40D092
:106FF000012B44D05E4A1268920500D4B4E05C498B
:10700000CA68032082431343CB60FEF7A7FD060046
:107010006B68022B39D0032B45D0012B51D0544B38
:10702000DB680C221A425AD0FEF798FD801B514BA8
:107030009842F4D903207DE04C4A136801218B4328
:1070400023431360FEF78AFD0600484B1A680123AC
:1070500013409C42BAD0FEF781FD801B454B9842FD
:10706000F3D9032066E0424A12689203C7D4012094
:1070700060E03F4A12689201C1D401205AE03C4AC4
:1070800012685207BBD4012054E0394BDA680C2354
:107090001340082B23D0FEF761FD801B354B98422F
:1070A000F3D9032046E0324BDA680C2313400C2B53
:1070B00015D0FEF753FD801B2E4B9842F3D90320C9
:1070C00038E02B4BDA680C231340042B07D0FEF773
:1070D00045FD801B274B9842F3D903202AE0234B20
:1070E0001A68012313409C4225D32B685B0706D501
:1070F0001F4AD36820490B40E9680B43D3602B68D3
:107100001B0707D51A49CB681C4A13402A69D200CD
:107110001343CB60FFF76AFC154BDA6812090F23A3
:107120001340174AD35CD840164B1860164B1868AA
:10713000FEF7D0FC70BD0D4A136801218B43234339
:107140001360FEF70BFD0600084B1A68012313407D
:107150009C42CAD0FEF702FD801B064B9842F3D931
:107160000320E7E70120E5E70120E3E700200240F4
:107170000010024088130000FFF8FFFFFFC7FFFF69
:1071800010CB00080000002008000020014B186808
:107190007047C0460000002010B5FFF7F7FF044B12
:1071A000DA68120A07231340024AD35CD84010BDA4
:1071B0000010024020CB000810B5FFF7E7FF044B9A
:1071C000DA68D20A07231340024AD35CD84010BDC4
:1071D0000010024020CB000870B5040003689B0635
:1071E00050D5674B9B6BDB0000D589E0644A916BFF
:1071F00080235B050B4393630125624B1B68DB0512
:1072000000D47FE05E4B1968C0239B03194062687D
:107210001340994206D0C0239B02110019409942A5
:1072200000D184E0564B1B6DC02189020B4016D063
:107230000A40934213D023689B0610D5504B186D1B
:10724000514A02401E6D8021090331431965196DB1
:107250004E4E314019651A65C30500D56EE062686F
:10726000C0239B0211001940994200D176E04449A5
:107270000B6DC02292026068024013430B65012D22
:1072800000D175E02368DB0706D53D4AD36C0321A6
:107290008B43A1680B43D36423689B0706D5384A08
:1072A000D36C0C218B43E1680B43D36423685B07E9
:1072B00006D5334AD36C36490B4021690B43D3645E
:1072C00023681B0706D52E4AD36C32490B406169EF
:1072D0000B43D3642368DB0506D5294AD36C2A49BE
:1072E0000B40A1690B43D36423681B0646D5244A8F
:1072F000D36C29490B40E1690B43D364002070BD76
:1073000000257AE71F4A116880235B000B43136056
:10731000FEF724FC06001B4B1B68DB0500D571E75C
:10732000FEF71CFC801B6428F5D90320E7E7144B0B
:107330001B689B0300D475E70120E0E7FEF70EFC15
:1073400006000F4B1B6D9B0500D588E7FEF706FC7A
:10735000801B124B9842F4D90320D0E708490B68F0
:107360000F480340C020800302401A430A607EE7B2
:107370000A008B6B0B490B40936383E70020BEE749
:107380000010024000700040FFFFFCFFFFFFF7FF0E
:10739000FFF3FFFFFFCFFFFFFFFFF3FF88130000A6
:1073A000FFFFCFFFFFFFFFEF70B504000268D36857
:1073B000A0218B43D360FEF7D1FB05002368DB6877
:1073C0009B0608D4FEF7CAFB401BFA239B00984299
:1073D000F4D9032000E0002070BD70B504000368FC
:1073E000DA68520601D5002070BD01225242DA60EF
:1073F000FEF7B4FB05002368DB685B0608D4FEF7E4
:10740000ADFB401BFA239B009842F4D90320EBE725
:107410000020E9E770B5041E63D02123C35C002B74
:1074200041D002222123E2542368C8325A622368E1
:10743000773A5A622000FFF7D0FF051E39D1226843
:10744000936829490B40936021688A6863682069C2
:107450000343A069034313438B602368E2681A6106
:1074600021680B69A268120413430B612268D36878
:1074700080218B43D3602268D36C7D398B43D364E6
:107480002168CB6CE269606902431343CB642368D3
:107490009B689B0615D52368FF225A62FE3A21237A
:1074A000E254280070BD00222033C254FDF7CEFC08
:1074B000B7E72368FF225A62FB3A2123E2540125F1
:1074C000EFE72000FFF770FF0028E4D02368FF22D9
:1074D0005A62FB3A2123E2540022013BE254012587
:1074E000DFE70125DDE7C046BFFF8FFF03685033AC
:1074F000890059180A60704710B5EFF31081012315
:1075000083F3108802681368C024A343136081F3D7
:1075100010882023836710BD30B5EFF3108401215C
:1075200081F3108802681368124D2B40136084F3B6
:107530001088EFF31084012383F3108802689368A6
:107540008B43936084F31088036E012B05D02023B6
:10755000C36700230366436630BDEFF3108183F3F6
:107560001088026813681024A343136081F3108805
:10757000EDE7C046DFFEFFFF70B50400826FC56F08
:1075800003689B681B0601D5212A07D023689B68E6
:107590005B0646D5222D22D0002043E0EFF3108178
:1075A000012383F3108802689368802083439360EB
:1075B00081F31088E06E002803D0FEF7DEFB002880
:1075C00003D12000FFF798FFE0E7E06EFEF77DFCB7
:1075D0002028F6D110228023E2501D3822E0EFF35C
:1075E0001081012383F3108822689368402083432D
:1075F000936081F31088206F002803D0FEF7BDFB55
:10760000002804D12000FFF787FF00200AE0206F48
:10761000FEF75BFC2028F5D110228023E2501D38B4
:1076200000E0002070BD10B5EFF31081012383F35B
:107630001088026813684024A343136081F3108804
:107640002023836700238366FDF7F4FD10BD704798
:1076500070B5846AA26FE56F23689B681B0601D52D
:10766000212A0ED023689B685B0601D5222D0FD0FE
:107670008022A35810210B43A3502000FDF728FDC2
:1076800070BD00225223E2522000FFF735FFE9E7E8
:1076900000225A23E2522000FFF73EFFE8E710B530
:1076A000806A00235A228352083A8352FDF710FD64
:1076B00010BD704770B504000168CB6908688D681B
:1076C000AA4A1A400AD19E0608D5860606D5636ED8
:1076D000002B00D145E12000984742E1002A00D16B
:1076E0008AE001222A4003D1A14E304200D183E03A
:1076F000DD0707D5C50505D501260E628025615930
:1077000031436151990709D5002A07D02168022524
:107710000D627E356159042631436151590709D5FF
:10772000002A07D0216804250D627C3561590226A4
:107730003143615119070AD5810601D4002A06D0C8
:10774000226808251562802162582A4362501A0572
:107750000AD5420108D522688021090111628021E1
:10776000625820252A4362508022A258002A00D164
:10777000F7E09B0606D5830604D5636E002B01D087
:10778000200098478023E25823689B685B0602D458
:107790002823134229D02000FFF7BEFE23689B68F0
:1077A0005B061ED5EFF31081012383F31088226856
:1077B000936840208343936081F31088236F002BEC
:1077C0000BD06C4A9A63206FFEF7FBFA002800D1B9
:1077D000C7E0206F836B9847C3E02000FDF778FC7B
:1077E000BFE02000FDF774FCBBE02000FDF770FC5B
:1077F00000228023E250B4E0226E012A11D0DA0286
:1078000002D56A0200D5A1E01A0600D4A5E002065E
:1078100000D4A2E0A36E002B00D1A2E02000984784
:107820009FE0DA06EBD5C206E9D510230B62236888
:107830009B685B0652D5226F13685B689BB2002B76
:1078400000D18EE05821615A8B4200D389E05A2141
:10785000635213681B689B0609D55823E15A02330B
:10786000E35AC91A89B22000FFF723FF79E0EFF34A
:107870001080593981F31088226813683E4D2B40DF
:10788000136080F31088EFF31080012383F31088D6
:10789000226893688B43936080F31088EFF3108124
:1078A000012383F310882268936840208343936008
:1078B00081F310882023E36700232366EFF3108110
:1078C000013383F3108822681368303883431360D0
:1078D00081F31088206FFEF750FABEE75823E15A73
:1078E0000233E25A891A89B2E35A9BB2002B38D08C
:1078F000002936D0EFF31085012080F3108822682C
:1079000013681E4E3340136085F31088EFF3108523
:10791000012383F31088226893688343936085F37F
:1079200010882023E367002323666366EFF310804B
:10793000013383F31088226813681025AB4313606A
:1079400080F310882000FFF7B4FE0AE080235B0379
:107950000B62200000F032FC03E05B0601D5430619
:1079600000D470BD2000FFF75EFEFAE70F080000AC
:10797000200100049F760008FFFEFFFFDFFEFFFFEF
:1079800010B5806A036E012B02D0FFF760FE10BDB8
:107990005733C15A4908FFF78CFEF8E770B5836A80
:1079A0000268126892062AD400215A229952EFF3F3
:1079B0001084012080F3108819680A681C4D2A4041
:1079C0000A6084F31088EFF31084012282F3108898
:1079D00019688A6882438A6084F31088EFF3108004
:1079E000012282F3108819688A684024A2438A60C1
:1079F00080F310882022DA671A6E012A06D01A6EE8
:107A0000012A0FD01800FDF79FFB70BDEFF3108027
:107A100082F3108819680A68303CA2430A6080F338
:107A20001088ECE75732995A1800FFF742FEECE74E
:107A3000FFFEFFFFF8B50500016883680269134384
:107A400042691343C26913430A689F4802401343C3
:107A50000B602A6853689D490B40E9680B435360EB
:107A6000AB692A689A498A4201D0296A0B43916816
:107A7000984801400B4393602B68974A93421CD06F
:107A8000964A93422DD0964A93425FD0954A9342AC
:107A90005ED08F4A934239D010228D498B425BD001
:107AA00080231B02E969994200D195E0082A00D998
:107AB000FAE092008C4B9B589F468C4AD16C032273
:107AC0000A40012A09D0002A05D0022A3AD0032A06
:107AD00005D01022E1E70122DFE70422DDE70822DA
:107AE000DBE7824AD16C0C220A40042A0AD005D96D
:107AF000082A29D00C2A07D10822CEE7002A03D170
:107B00000022CAE70422C8E71022C6E7774AD26CEF
:107B1000C02109010A408021C9008A420ED009D93A
:107B2000802109018A4215D0C02109018A4207D16A
:107B30000822B2E7002A03D10022AEE70422ACE714
:107B40001022AAE70222A8E70222A6E70022A4E761
:107B50000022A2E70222A0E7022A2CD025D9042A7B
:107B600030D0082A32D1802000020024002800D121
:107B700082E06A6853009B18984200D29AE013038F
:107B8000984200D998E0070E06025008002180199B
:107B900079410023F8F768FC554BC218554B9A42BF
:107BA00000D98BE02B68D86066E0002A0ED1FFF781
:107BB000F3FA0024DAE74D4B1B68DB0609D54E4883
:107BC0000024D3E7FEF712FF0024CFE700200124B2
:107BD000CCE74A480024C9E7082A33D89200484B2A
:107BE0009B589F46802000020024002844D040007B
:107BF0006B685B08C0186968F8F786FA83B20004FE
:107C0000000C010010393F4A914259D80F2293438A
:107C10004008083A104018432B68D8602CE0FFF762
:107C2000BBFA0024E1E7FFF7C7FA0024DDE72F4B9A
:107C30001B68DB0609D530480024D6E7FEF7D6FEE0
:107C40000024D2E700200124CFE72C480024CCE711
:107C500080200002002400280ED06B685B08C0184A
:107C60006968F8F751FA0004000C0200103A254B3D
:107C70009A4227D82B68D86000236B66AB66200039
:107C8000F8BDFFF789FA0024E5E7FFF795FA00242D
:107C9000E1E7164B1B68DB0609D517480024DAE735
:107CA000FEF7A4FE0024D6E700200124D3E7134802
:107CB0000024D0E70124DFE70124DDE70124DBE72E
:107CC0000124D9E70124D7E7F369FFEFFFCFFFFFD6
:107CD00000480040FFF4FFFF00380140004400402E
:107CE000004C00400050004050CD00080010024001
:107CF00000FDFFFFFFFC0F0000093D000024F40021
:107D000074CD0008EFFF0000436ADB0706D5026868
:107D100053682C490B40816A0B435360436A9B07AD
:107D200006D50268536828490B40C16A0B4353606B
:107D3000436A5B0706D50268536824490B40016B10
:107D40000B435360436A1B0706D5026853682049FA
:107D50000B40416B0B435360436ADB0606D5026858
:107D600093681C490B40816B0B439360436A9B06ED
:107D700006D50268936818490B40C16B0B439360AA
:107D8000436A5B060BD50268536814490B40016CCB
:107D90000B43536080235B03026C9A420AD0436A10
:107DA0001B0606D5026853680D490B40816C0B43D6
:107DB00053607047026853680A490B40416C0B439B
:107DC0005360ECE7FFFFFDFFFFFFFEFFFFFFFBFF40
:107DD000FF7FFFFFFFEFFFFFFFDFFFFFFFFFEFFF73
:107DE000FFFFF7FFFFFF9FFFF0B5C64600B5040099
:107DF0000F0016009846069D2368DB693A009A43F7
:107E000013005A425341B34253D16B1CF4D0FDF7D7
:107E1000A5FE4346C01A85422CD3002D2AD02368E4
:107E20001A685207E8D5DA691205E5D580221201F1
:107E30001A62EFF31080012181F310882268136821
:107E40001E4D2B40136080F31088EFF31080012348
:107E500083F31088226893688B43936080F31088C3
:107E60002023A367E3678022A35000225433E25407
:107E700003201FE0EFF31080012181F310882268B6
:107E800013680E4D2B40136080F31088EFF31080C1
:107E9000012383F31088226893688B43936080F3F7
:107EA00010882023A367E36700225433E2540320A1
:107EB00000E0002004BC9046F0BDC0465FFEFFFF1E
:107EC000F0B585B004000F0016001D00836F202B55
:107ED00002D0022005B0F0BD002962D0002A62D095
:107EE00080235B0182689A4205D07423E35C012BF6
:107EF00008D10220EEE70369002BF6D1CB07F4D5B9
:107F00000120E7E701227423E25400220C33E250FF
:107F10005F3BA367FDF722FE03905023E652023336
:107F2000E65280235B01A2689A4204D00026002218
:107F30007423E25412E02369002B01D00026F6E7F7
:107F40003E000027F3E722683388DB05DB0D9362F0
:107F500002365222A35A013B9BB2A3525223E35A48
:107F60009BB2002B0FD00095039B002280212000A4
:107F7000FFF73AFF002818D1002FE4D023683A78A1
:107F80009A620137E5E70095039B0022402120001B
:107F9000FFF72AFF002801D003209BE72023A367D7
:107FA00098E7012096E7012094E7032092E700007C
:107FB00030B583B0040000228023C250FDF7CEFD0F
:107FC000050023681B681B070DD423681B685B072B
:107FD00016D42023A367E367002323667422A354E7
:107FE000002003B030BD0D4B009303000022802120
:107FF00089032000FFF7F8FE0028E6D00320F0E711
:10800000064B00932B0000228021C9032000FFF7BC
:10801000EBFE0028DDD00320E3E7C046FFFFFF01B1
:1080200010B5041E2ED0836F002B21D02423A3670C
:108030002268136801218B4313602000FFF7FAFCCC
:10804000012814D0636A002B18D1226853680E49A6
:108050000B405360226893682A218B439360226807
:10806000136829390B4313602000FFF7A1FF10BDEF
:1080700000227433C254FCF7F9FED7E72000FFF763
:1080800043FEE2E70120F2E7FFB7FFFF70B504000F
:1080900041655823C25200212833C1505E3BC3675B
:1080A000036F002B13D02349D962036F2249196350
:1080B000036F22495963036F0021996301682431DA
:1080C0001300426D006FFDF71DFE002828D100222D
:1080D0007423E254EFF31080012181F310882368A8
:1080E0001D680132FF322A431A6080F31088EFF3D3
:1080F0001080012383F31088226893680B439360F8
:1081000080F31088EFF31081012383F31088226835
:10811000936840200343936081F31088002070BD72
:1081200010228023E25000220C3BE254543BE367D0
:108130000120F4E79D790008817900085176000854
:1081400070B5C36F202B01D0022070BD00292DD047
:10815000002A2DD080235B0184689C421FD07423A9
:10816000C35C012B26D001247423C454002303666E
:108170000368114CA3420FD05B681B020CD5EFF3D0
:108180001085012383F31088046826688023DB04AC
:108190003343236085F31088FFF778FFD5E7036941
:1081A000002BDCD1CB07DAD50120CEE70120CCE7CC
:1081B0000120CAE70220C8E7004800407047842831
:1081C00001D0033070470020FCE7EFF30580431E29
:1081D0009841704710B500F0D9FD002010BDF0B5F2
:1081E000CE4600B588B0040005914569002D18D031
:1081F0008669002E15D04768026891460822805E85
:10820000FFF7DDFF2269029601950090059B494624
:10821000380000F063FD0790079808B004BC914651
:10822000F0BD6668276825690823E05EFFF7C7FF91
:10823000AAB207AB01930090059B3900300000F013
:1082400074FD0128E8D00020E7E710B5002800D130
:10825000013000F0C9FE002010BD10B582B0826868
:10826000002A0AD0C368002B07D0416800680024A8
:10827000009400F0B9F902B010BD41680068002216
:1082800000F0E6F9F7E7000030B585B00500019190
:10829000140000230393002A00D10134FFF795FF57
:1082A000002812D0002303AA01A9280000F092FAA6
:1082B000012801D0FF2011E0039B002B10D0802269
:1082C0005205094B1A60002008E00023220001A992
:1082D000280000F0DFF9012804D0FF2005B030BDF0
:1082E0000020FBE70020F9E704ED00E070B584B062
:1082F00004000D001600029100230193002918D0FC
:1083000000230393531C1BD0FFF75FFF00281DD0F1
:1083100003AA01A9280000F049FB012813D000237B
:108320000093039B002B1CD080225205134B1A6034
:1083300017E06B4680220092020023CB23C214E098
:1083400001267642E0E710230093EAE7320001A914
:10835000280000F098FA01280AD0002E0BD1002343
:1083600000936B46220023CB23C2200004B070BDD3
:1083700010230093F5E74023F2E7C04604ED00E048
:10838000030008334360012252428260C3600361EC
:1083900000230360704700230361704743684B600C
:1083A0009A688A609A68516099600861036801332D
:1083B0000360704730B50C68631C02D002000832BD
:1083C00002E0026904E01A0053681D68AC42FAD268
:1083D00053684B6099608A6051600861036801339B
:1083E000036030BD036942688168916082684168BA
:1083F00051605A68904206D0002202611A68013A20
:108400001A601868704782685A60F5E710B5040072
:1084100000F09EFFA26BE36B9A4204D0002400F0B0
:10842000A3FF200010BD0124F9E710B5040000F0FF
:108430008FFFA36B002B04D0002400F095FF2000D9
:1084400010BD0124F9E770B504001600856B026CBD
:10845000002A0AD10368002B2ED1806800F0BCFEF0
:108460000023A3600135A56370BD002E0ED14068C6
:1084700001F09CFA6368226C944663446360A268CE
:1084800093421BD3236863600020EBE7C06801F0D0
:108490008DFA236C5B42E268D218E26021688A425E
:1084A00003D2A26894466344E360022E08D1002DF3
:1084B00008D0013D0020D5E70020D3E70020D1E718
:1084C0000020CFE70020CDE710B50C00026C002A99
:1084D0000BD0C3689B18C36081688B4201D30368CB
:1084E000C360C168200001F061FA10BD70B50500DD
:1084F00000F02EFF4523EC5C64B201E0013C64B265
:10850000002C0BDD6B6A002B08D02800243000F013
:10851000D7FD0028F2D000F049FEEFE7FF22452307
:10852000EA5400F021FF00F013FF4423EC5C64B236
:1085300001E0013C64B2002C0BDD2B69002B08D05C
:108540002800103000F0BCFD0028F2D000F02EFE14
:10855000EFE7FF224423EA5400F006FF70BD70B538
:1085600004000D00002823D000F0F2FE2268E36B27
:10857000206C010059435118A1600021A163626081
:10858000013B4343D318E360FF234422A354013249
:10859000A354002D11D12369002B05D020001030E9
:1085A00000F08EFD002805D100F0DEFE012070BD38
:1085B00072B6FEE700F0C0FEF6E720001030FFF7CD
:1085C000DFFE20002430FFF7DBFEEDE710B5029B55
:1085D000002907D01A60D863196401211800FFF739
:1085E000BEFF10BD1B60F6E770B584B01D0008AB80
:1085F0001B78002801D172B6FEE7002D08D0002AB2
:1086000008D0002908D00124002C07D172B6FEE75B
:1086100072B6FEE70124F7E70024F5E7002A02D14D
:10862000002900D00024002C01D172B6FEE74824B6
:108630000394039C482C01D072B6FEE7039C0126EC
:1086400046242E550095FFF7C1FF280004B070BDE9
:10865000F0B583B006000F001500002801D172B6F6
:10866000FEE7002902D00800704300E000204830F7
:1086700000F01AFF041E0AD00200483200214623EF
:10868000C15400902B0039003000FFF79FFF2000FD
:1086900003B0F0BDF0B585B004000F0001921E00DC
:1086A000002806D0002906D00125002D0AD172B677
:1086B000FEE772B6FEE7036C002B01D10125F4E75B
:1086C0000025F2E7022E03D0002D06D172B6FEE798
:1086D000E36B012BF8D00025F6E700F06DFD0028D4
:1086E00003D1019B002B00D00025002D01D172B6D3
:1086F000FEE7002536E0320039002000FFF7A3FE38
:10870000636A002B0CD02000243000F0D9FC002834
:1087100001D000F011FE00F027FE012005B0F0BDF1
:108720000028F8D000F008FEF5E700F01DFE00205C
:10873000F4E700F019FE01A902A800F005FD0028E9
:1087400041D12000FFF762FE002836D02000103013
:10875000019900F0A3FC2000FFF7C8FE00F0D8FB51
:10876000002827D000F0F4FDA36BE26B9342C2D344
:10877000022EC0D0019B002BD7D0002D03D102A820
:1087800000F0DAFC013500F0EFFD00F037FB00F0FF
:10879000DFFD4423E35C5BB2013302D100224423BA
:1087A000E2544523E35C5BB20133C2D1002245238E
:1087B000E254BEE700F0C0FDD4E72000FFF796FECC
:1087C00000F0A6FBCEE72000FFF790FE00F0A0FB34
:1087D0000020A3E7F0B583B00400009116001F004D
:1087E000002807D0009B002B06D00123002B0AD1C4
:1087F00072B6FEE772B6FEE7036C002B01D10133BF
:10880000F4E70023F2E7022F03D0002B06D172B663
:10881000FEE7E26B012AF8D00023F6E700F0B4FD92
:108820000190A36BE26B934201D3022F23D1452326
:10883000E55C6DB23A0000992000FFF704FE6B1C66
:1088400013D1636A002B18D02000243000F038FCCC
:10885000002814D0002E14D0012333600124019885
:1088600000F096FD200003B0F0BD01356DB2452348
:10887000E5540124F3E70024F1E70124EFE70124A4
:10888000EDE70124EBE7F0B585B004000E0001929E
:10889000002806D0002906D00125002D0AD172B685
:1088A000FEE772B6FEE7036C002B01D10125F4E769
:1088B0000025F2E700F080FC002803D1019B002B8B
:1088C00000D00025002D01D172B6FEE700272BE075
:1088D00031002000FFF7F8FD013DA5632369002B5F
:1088E00007D02000103000F0EBFB002801D000F092
:1088F00023FD00F039FD012005B0F0BD00F034FD8E
:108900000020F9E702A800F017FC013716E000226A
:108910004423E2541DE000224523E2541EE02000DF
:10892000FFF7E4FD00F0F4FA00F012FDA56B002D56
:10893000CED1019B002BE1D0002FE3D000F014FD3D
:1089400000F05CFA00F004FD4423E35C5BB2013309
:10895000DDD04523E35C5BB20133DCD000F004FDE5
:1089600001A902A800F0F0FB002813D12000FFF7B6
:108970005CFD0028D3D020002430019900F08EFB4C
:108980002000FFF7B3FD00F0C3FA0028CCD100F0BF
:10899000D3FCC9E72000FFF7A9FD00F0B9FA2000D9
:1089A000FFF743FD0028BFD00020A5E7F0B583B056
:1089B000040000911600002807D0009B002B06D071
:1089C0000123002B0AD172B6FEE772B6FEE7036CF4
:1089D000002B01D10133F4E70023F2E700F0D4FCCF
:1089E0000190A76B002F24D04423E55C6DB2009961
:1089F0002000FFF769FD7B1EA3636B1C13D1236965
:108A0000002B18D02000103000F05AFB002814D0A2
:108A1000002E14D0012333600124019800F0B8FC2B
:108A2000200003B0F0BD01356DB24423E5540124AC
:108A3000F3E70024F1E70124EFE70124EDE7012447
:108A4000EBE70000084B9B6A1B68002B06D0064B27
:108A50009A6AD268D2685268DA627047012252423A
:108A6000014BDA62F9E7C0466C050020F0B583B02F
:108A700000900193089C0A9E204B9C466244920001
:108A8000336B9C46624407239A431700002931D078
:108A900000230F2B09D8C8180578F2183432157046
:108AA0000278002A01D00133F3E700224323F25475
:108AB000062C00D90624F46274640025B564301DC8
:108AC000FFF769FC30001830FFF765FC36610723BB
:108AD0001C1BB4617662F5644933F554019A009920
:108AE000380000F0F9FB3060099B002B00D01E60BD
:108AF00003B0F0BD00223423F254D9E7FFFFFF3F5B
:108B0000F8B5002408E0A3001B199A001048303083
:108B10008018FFF735FC0134062CF4D90D4C2700E2
:108B20003C373800FFF72CFC260050363000FFF7AA
:108B300027FC074D28001430FFF722FC200064308A
:108B4000FFF71EFC2800FFF71BFCAF62A667F8BD0D
:108B50006C050020EC05002010B5040000F0F8FBC7
:108B60001F4AD36F0133D3671E4B1B68002B2BD0DA
:108B70001C4B5B68002B07D11A4B1B68DB6AE26A4F
:108B8000934201D8174B1C60164B9A6801329A60C9
:108B9000E26ADB689A4201D9124BDA60211D930028
:108BA0009B189A00104830308018FFF7F7FB00F050
:108BB000DBFB0C4B5B68002B05D00A4B1B68DA6AA9
:108BC000E36A9A4208D310BD064B1C60D36F012B99
:108BD000DAD1FFF795FFD7E700F0AEFBF3E7C04629
:108BE000EC0500206C0600206C05002010B5040088
:108BF0005123C35C002B05D0012B0AD0022B07D0D8
:108C000072B6FEE7006B00F0B3FC200000F0B0FC91
:108C100010BD00F0ADFCFBE770B513E000F098FB71
:108C20000B4C236FDD68281DFFF7DCFBE36F013B76
:108C3000E367084A1369013B136100F095FB2800C4
:108C4000FFF7D4FF034B1B69002BE7D170BDC04673
:108C5000EC0500206C06002010B5FFF7DDFF034B8C
:108C60001B6B012BF9D900F067FBF6E76C050020C0
:108C700070B504000D00164B5E6918680430FFF7EC
:108C8000B1FB631C12D03419114B1B685C60A64207
:108C900015D8104DA86A0E4B19680431FFF78AFBEE
:108CA000EB6A9C4212D20B4BDC620FE0002DEAD043
:108CB000074B196804310748FFF770FB06E0064BC5
:108CC000986F034B19680431FFF774FB70BDC04601
:108CD0006C0600206C050020EC05002070B586B005
:108CE0000B9D0C9C002D08D0002C08D05426049617
:108CF000049E542E05D072B6FEE772B6FEE772B639
:108D0000FEE7049E2563022651256655002503953E
:108D1000029405AD01950A9D0095FFF7A7FE20007E
:108D2000FFF71AFF059806B070BDF0B587B0049044
:108D3000059114001F00900000F0B6FB061E20D025
:108D4000542000F0B1FB051E17D00663002D1AD089
:108D500000235122AB54039302950D9B01930C9B6E
:108D600000933B00220005990498FFF77FFE28003E
:108D7000FFF7F2FE012007B0F0BD300000F0F8FB75
:108D8000E4E70025E2E701204042F4E710B588B0AF
:108D900000240594069407AA06A905A8FAF786FBFD
:108DA000059B0293069B019300940023079A0F49A9
:108DB0000F48FFF793FF002806D00123012B05D0B1
:108DC000013310D008B010BD0023F7E772B60122BE
:108DD0005242084BDA62084B02325A6000225A6152
:108DE00000F08CFAEEE772B6FEE7C04620DE00081F
:108DF000598C00086C0500206C060020024A93691B
:108E0000013393617047C0466C060020014B5869DE
:108E10007047C0466C060020F8B53A4B9B69002BA2
:108E200063D1384B5D6901355D61002D12D1364B40
:108E30009B6A1B68002B01D072B6FEE7324A916A2A
:108E4000324B986F906299672E4AD3690133D36190
:108E5000FFF7F8FD2C4BDB6A9D423CD20024294BE6
:108E60001B68DA6A93009B189A00274B9B181B6BB0
:108E7000012B3FD901243DE00124234B9B6A1B6851
:108E8000002B2AD0204B9B6ADB68DE6873689D420A
:108E900028D3371D3800FFF7A5FAB36A002B03D09B
:108EA00030001830FFF79EFAF26A164BDB689A42E0
:108EB00001D9144BDA6093009B189A0012483030A5
:108EC00080183900FFF76AFAF26A0E4B1B68DB6AFA
:108ED0009A42D1D2D1E70024CFE7012252420A4B75
:108EE000DA62BCE7084AD362B9E7064A136A01337B
:108EF00013620024034B5B6A002B00D00124200086
:108F0000F8BDC0466C0600206C050020EC05002072
:108F100070B5324B9B69002B01D172B6FEE700F0B1
:108F200017FA2E4B9A69013A9A619B69002B51D12D
:108F30002B4BDB6F002B04D1002400F015FA20002E
:108F400070BD0024274B5B69002B24D0254B1B6A86
:108F5000DC6820001830FFF745FA251D2800FFF7D0
:108F600041FAE26A1D4BDB689A4201D91B4BDA6079
:108F700093009B189A001B48303080182900FFF797
:108F80000DFA164B1B68DB6AE26A9A42DAD30122B9
:108F9000124B5A62D6E7002C01D0FFF753FD0F4B5E
:108FA0001C6A002C0AD10D4B5B6A002B14D000F018
:108FB000C3F90124C1E7013C002C07D0FFF72CFFC7
:108FC0000028F8D00122054B5A62F4E70022034B37
:108FD0001A62E8E70024B0E70024AEE76C06002040
:108FE000EC0500206C05002010B5041E0ED00A4BC5
:108FF0009B69002B01D072B6FEE7FFF7FFFE002150
:109000002000FFF735FEFFF783FF00E00020002877
:1090100001D100F091F910BD6C06002010B51D4B78
:109020009B69002B0FD11B4B00225A62DB689A0010
:10903000D2189100184A5218126B002A09D1002B3D
:1090400005D0013BF3E70122124B5A6210BD72B604
:10905000FEE7114A9900CC18A0001018446B646810
:1090600044633032C91888000830121894420AD07C
:109070009A00D2189100084A5218526BD168054ADA
:109080001160D360E2E760688900034A52185063B8
:10909000EEE7C0466C0600206C05002010B50C0001
:1090A000002801D172B6FEE7044B19681831FFF7AA
:1090B00081F901212000FFF7DBFD10BD6C060020C7
:1090C00070B5C368DC68002C27D02500183528004F
:1090D000FFF788F9164B9B69002B20D1251D28002E
:1090E000FFF780F9E26A124BDB689A4201D9104B14
:1090F000DA6093009B189A000E48303080182900DF
:10910000FFF74CF9E26A0A4B1B68DB6A9A420CD9FA
:109110000122074B5A62012070BD72B6FEE729009A
:1091200004481430FFF73AF9ECE70020F4E7C046B2
:109130006C0600206C050020024BDA6902605B6956
:10914000436070476C060020F8B505000C0000284D
:109150001AD000291AD000F0FBF8134B586969683F
:10916000421A23685E1C1AD00F4EF6692F68B74268
:1091700001D0884215D29A420AD3002323600124E9
:1091800000F0F2F82000F8BD72B6FEE772B6FEE716
:109190009B1A23602800FFF7CFFF0024F0E700248C
:1091A000EEE70124ECE7C0466C0600200122014BEB
:1091B0005A6270476C060020064B5B68002B05D096
:1091C000044B9B69002B03D1022070470120FCE770
:1091D0000020FAE76C06002070B5041E2CD0194B55
:1091E0001B68984201D072B6FEE7836C002B01D158
:1091F00072B6FEE7013B8364C26A416C8A421DD0AD
:10920000002B1DD1051D2800FFF7ECF8636CE3620D
:109210000722D21AA2610B4AD268934201D9094AA5
:10922000D3609A00D3189A0007483030801829007C
:10923000FFF7B4F8012070BD0020FCE70020FAE73A
:109240000020F8E76C0600206C05002082B00023A7
:109250000193064B1B68013301D072B6FEE772B66C
:10926000019B002BFCD002B07047C0460C000020D0
:109270000B4A13681868203080F30988022080F3B5
:109280001488BFF36F8F3FBCAE4608BC04BC62B607
:109290001847C046C046C046C046C046C046C04645
:1092A0006C06002010B5084C00232360074A1360A9
:1092B000074B1868FA218900F6F726FF0138054B9D
:1092C00018600723236010BD10E000E018E000E004
:1092D0000000002014E000E010B5031F80246404A7
:1092E0001C60043B1960043B02491960143B1A607E
:1092F000403810BD4D9200087047000010B50C4B6F
:109300001968FF2212040A431A601968FF22120624
:109310000A431A60FFF7C6FF0022064B1A60FFF7E8
:10932000A7FFFFF77BFEFFF791FF002010BDC046AF
:1093300020ED00E00C00002080225205034B1A6053
:10934000BFF34F8FBFF36F8F7047C04604ED00E04F
:1093500072B6044A136801331360BFF34F8FBFF333
:109360006F8F70470C000020064B1B68002B01D14B
:1093700072B6FEE7013B034A1360002B00D162B6D0
:109380007047C0460C000020EFF3108072B67047A3
:1093900080F310887047000000000000000000000B
:1093A000EFF309800E4B1A6820381060F0C0444675
:1093B0004D4656465F46F0C008B572B6FFF72EFE22
:1093C00062B60CBC116808681030F0C8A046A94607
:1093D000B246BB4680F309882038F0C81847C0461B
:1093E0006C06002010B5FFF7CFFF0400FFF714FD57
:1093F000002803D080225205024B1A602000FFF79C
:10940000C7FF10BD04ED00E010B5114A53071BD093
:10941000D11D07239943C0231B015B1A9B180A0027
:109420000C490A6000204860D318083B0724A34376
:109430008B6058601860981A50601360C8600861AB
:1094400080231B064B6110BDC0231B01E8E7C0460B
:10945000940600209412002010B5124B1A68824224
:1094600019D359685C18A04203D1406809185960A3
:10947000180041684418A24211D10A4CA468A242C3
:109480000BD05268891841601A68126802609842CD
:1094900000D0186010BD1300E0E70460F7E7026039
:1094A000F5E7C0469412002070B50400FFF7A6FC53
:1094B0002E4B9B68002B0FD02C4B5B6923424AD16B
:1094C000002C0CD00834630709D007239C430834D0
:1094D000234204D072B6FEE7FFF796FFECE7002CBC
:1094E0003BD0224B1B699C4239D8204B1D6801E0C0
:1094F0002B0015006A68944202D92A68002AF7D125
:109500001A4A926895422CD01E6808362A681A605A
:109510006B681B1B102B08D92819420701D072B6A3
:10952000FEE743606C60FFF797FF69680F4A1369B5
:109530005B1A1361D268934201D20C4AD3600B4B81
:109540005B690B436B6000232B60FFF7E1FC730743
:1095500009D072B6FEE70026F7E70026F5E70026F9
:10956000F3E70026F1E7300070BDC04694120020FA
:1095700070B5002820D00500083D6B680F4A52697D
:109580001A4201D172B6FEE70100083909680029C4
:1095900001D072B6FEE70838040093434360FFF73A
:1095A0002DFC6368054A11698C46634413612800E9
:1095B000FFF752FFFFF7ACFC70BDC04694120020CD
:1095C0000D4885460D480E490E4A002302E0D45846
:1095D000C4500433C4188C42F9D30B4A0B4C0023FB
:1095E00001E013600432A242FBD3FBF72DFD00F033
:1095F000B9F9FBF7C5FAFEE7005000200000002093
:10960000E401002008E10008E80100208C4500206A
:10961000FEE7F8B50D001700002405E06E1C00E021
:1096200000BF287001343500BC42F7DB3800F8BDBC
:1096300070B51600002405E04D1C0878FBF792F980
:1096400001342900B442F7DB300070BD10B50300CF
:109650000B4A1268002A08D0094A1068C3186A46E3
:10966000934206D8064A136010BD0649044A1160A9
:10967000F2E700F071F90C23036001204042F3E7A8
:10968000AC1200209045002001204042704780230A
:109690009B014B60002070470120704700207047FD
:1096A00070B5041C0D1C00F011F8002802D12C1C10
:1096B000201C70BD281C00F009F80028F8D0291CD7
:1096C000201CF6F7BDFE0028F1D0F1E7400040086D
:1096D0000ED00A4B0A4AC31893420BD9094A431EBB
:1096E000934209D9084B9C46604443425841704715
:1096F0000220FCE70420FAE70320F8E7000080FFDF
:10970000FFFFFF7EFEFF7F000000808043001B0EF6
:109710001900012210B5C41794437F3901343E2942
:1097200012DC002913DB80224002400A120410439D
:10973000162911DD1A00963AB63B1DD40100994056
:109740000B00904002000FE0F6F7F0FE10BD4B1C3E
:109750000FD12000E117F9E78022D2030A41172335
:109760001218591ACA400023E1172000F6F79CFE90
:10977000ECE700200021E9E7202301009B1AD940F3
:109780000B00DEE770B5FF25C30D2B401A007F3AB2
:1097900082B01E2A24DC511C1FDBC40F162A22DCD7
:1097A000154BA200D658011C301CF6F7E9FF0190BA
:1097B0000198311CF7F788FC43000ED0802143024A
:1097C0005B0A090419439623C00D05405D1BE9405F
:1097D0000800002C02D0404200E0002002B070BD22
:1097E000F7F74CFEFAE780214002400A09040843DB
:1097F000963B9840EDE7C04628DE0008F0B500250E
:109800008DB0041C00F04CF8234B061C5D576B1CFC
:109810000BD0211C201CF7F71BFE071E05D10021D1
:10982000201CF6F7F9FD002802D1301C0DB0F0BD68
:1098300001230293194B201C03930A97F9F70CFBA1
:10984000002206900791049005910023002D15D069
:1098500010001900F8F7D8F908900991022D0FD1DE
:1098600000F07AF8212303600A9B0193002B0DD1AD
:1098700008980999F9F742FB061CD6E70892099364
:1098800002A800F067F80028EED1E9E700F064F8DC
:109890000A9B01930360EBE71000002030DE000814
:1098A0002A49430070B50200041C5B088B423BD878
:1098B000002B38D000283EDB2549C6158B420BD83B
:1098C0008020000420423DD1002300E00B00520024
:1098D000591C0242FAD0F61A802352021B04520A83
:1098E0001A437F3E5300F10700D593008022701089
:1098F0001921002600255204AC189C4202DCA51850
:109900001B1BB61801395B0052080029F4D1002B4B
:1099100002D0012301369E43FC239B059C46761012
:109920006644C005801970BD011CF7F79BFA211C25
:10993000F6F726FFF7E7011CF7F7C6FB011CF7F760
:10994000B9F8F0E701235B42C5E7C046FFFF7F7F20
:10995000FFFF7F0000207047014B18687047C0462A
:109960001400002070B500260C4D0D4C641BA41093
:10997000A64209D1002602F097FE0A4D0A4C641B4C
:10998000A410A64205D170BDB300EB58984701362C
:10999000EEE7B300EB5898470136F2E700E1000824
:1099A00000E1000800E1000804E10008002310B510
:1099B0009A4200D110BDCC5CC4540133F8E70300D7
:1099C0001218934200D1704719700133F9E7F0B5CE
:1099D0008BB014001D1E129953DA802424061B1923
:1099E0001D0014002D230B702023149E03229E4380
:1099F000462E07D03300453B59424B411099013A5E
:109A0000CB18109309AB049308AB0393139B0092FC
:109A10000293109B220001932B0000F0A9FE070087
:109A2000472E02D1119BDB0724D5109BFB1807930F
:109A3000462E14D13B78302B0CD10022002320007D
:109A40002900F9F76DFB002804D10123109A9B1A15
:109A5000139A1360139B079A1B68D318079300226D
:109A6000002320002900F9F75BFB302200280DD0ED
:109A7000079B09933800099B159ADB1B13600BB0F9
:109A8000F0BD0023AFE7591C09911A70099B079993
:109A90008B42F8D3EEE7F0B5831C85B00193060046
:109AA0000C0002702B23002901DA2D234C42737025
:109AB000092C22DD02ABDD1D20000A21F6F794FC03
:109AC0006F1E3031397020000A21F6F7A7FB040021
:109AD00009280BDC023D3034019B2C7002AA0732AE
:109AE0001800AA4204D8801B05B0F0BD3D00E3E792
:109AF0002A7801351A700133F0E73023E418B37087
:109B0000301DF470EFE70000F0B595B00C000A923C
:109B10000B931A9D099001F097FD036818000C93B0
:109B2000F9F734FC0023129323680E900D930D99DE
:109B3000277E2B680722C90545D59B1893431A0039
:109B400008322A601A685B68A264E3640122E56C4B
:109B5000A66C6B005B080F935242AC4B30000F9920
:109B6000F9F726FC002830D10122A84B52423000E0
:109B70000F99F9F7E5FA002827D1002200233000D9
:109B80002900F9F7D3FA002803D023002D2243330C
:109B90001A709F4D472F00D89E4D032300260D9A23
:109BA000236101339A4322600B9B13AA0093210087
:109BB0000A9B099800F0F4F9431C00D093E00120BF
:109BC000404215B0F0BD0733B8E732002B0030003B
:109BD0002900F9F7EDFB002804D08F4D472FDCD882
:109BE0008E4DDAE780230D996268DB000B43511C30
:109BF00043D10732626012AA0021059211AA039292
:109C0000232223600691019308A9636852180292E7
:109C1000009332002B0004970998FFF7D8FE202309
:109C20003A0005009A43472A07D1119BDA1C02DB50
:109C30006268934245DD023FFFB21199652F25D836
:109C4000200001393A0050301191FFF724FF129A99
:109C5000060013182361012A02DC2268D20701D50D
:109C600001332361232308AA9B181B78002B9BD068
:109C700023002D2243331A7096E7672F00D176E137
:109C8000472FB8D1002AB6D10122B3E7662F19D1E8
:109C9000636800290CDD2161002B02D12268D20704
:109CA00002D501335B182361119B0026A365D9E718
:109CB000002B03D101222168114200D09A1C22619D
:109CC000F2E76727119B129A934205DB2268236112
:109CD000D207E9D50133E6E70121002B01DC491861
:109CE000C91A5218EBE72268530508D423692A00E1
:109CF0000A9909980B9DA847431C29D15FE7652F56
:109D000000D8E0E0A06CE16C00220023F9F708FA2B
:109D1000002834D00123424A0A9909980B9DA8478C
:109D2000431C00D14BE7119B129A934202DB23683C
:109D3000DB070DD50B9D0E9B0C9A0A990998A84735
:109D40000025431C00D13AE7129B013BAB420ADCE1
:109D500023689B0700D508E1139BE068984200DB6D
:109D60002FE718002DE7220001231A320A990998DB
:109D70000B9EB047431C00D121E70135E4E7119B5E
:109D8000002B2DDC0123264A0A9909980B9EB04727
:109D9000431C00D113E7119B002B05D1129B002B14
:109DA00002D12368DB07D3D50B9E0E9B0C9A0A9930
:109DB0000998B0470026431C00D100E7119B5B4285
:109DC000B34201DC129B92E7220001231A320A9966
:109DD00009980B9FB847431C00D1F0E60136EDE728
:109DE000A36D129F9F4200DD1F00002F08DD3B0086
:109DF0002A000A9909980B9EB047431C00D1DEE661
:109E000000230D93FB43DB170F9318E0FFFFEF7F59
:109E100040DE00083CDE000848DE000844DE0008A2
:109E20004CDE0008220001231A320A9909980B9E81
:109E3000B047431C00D1C2E60D9B01330D930F9B2D
:109E4000A66D0D9A3B40F31A9342EBDC119B129ADC
:109E5000AD19934210DB2368DB070DD4129F119BD1
:109E6000BE1BFF1AB74200DD3700002F0DDCFE439A
:109E7000F31700250C931CE00E9B0C9A0A99099885
:109E80000B9FB847431CE9D199E63B002A000A9989
:109E900009980B9DA847431CE9D190E622000123B5
:109EA0001A320A9909980B9EB047431C00D186E6E6
:109EB0000135119A129B0C999B1A3A000A409B1A81
:109EC000AB42EBDC44E7129B012B02DC01231A427C
:109ED00032D001232A000A9909980B9FB847431CE6
:109EE00000D16CE60E9B0C9A0A9909980B9F0135DC
:109EF000B847431C00D162E6A06CE16C129B0022C3
:109F00005F1E0023F9F70CF93B00002814D0002550
:109F10000AE0220001231A320A9909980B9FB847D8
:109F2000431C00D14BE60135129B013BAB42F0DCF8
:109F3000220033005032DBE62A000A9909980B9D73
:109F4000A847431CF4D13AE62200012319320A99AA
:109F500009980B9EB047431C00D130E60135E368F9
:109F6000139A9B1AAB42EFDCF6E60025F7E7002ACE
:109F700000D189E60021069112A9059111A903914A
:109F8000232108A809182360019300922B0004974D
:109F9000029132000998FFF71AFD050045E6C04618
:109FA000F7B5150001938A680B6900900C00934285
:109FB00000DA130022002B6043321278002A01D00D
:109FC00001332B6023689B0602D52B6802332B607C
:109FD000062723681F4027D0230043331B785A1ECF
:109FE00093412268920630D42200019943320098AE
:109FF000089EB047431C25D0062320682A68E168E4
:10A0000003400025042B03D18D1AEB43DB171D40C1
:10A01000A3682269934201DD9B1AED180027BD4217
:10A0200020D1002010E00137E3682A689B1ABB4268
:10A03000D2DD22000123193201990098089EB04711
:10A04000431CF0D101204042FEBD3020E1184331D5
:10A05000087021005A1C45310978A2184332023396
:10A060001170C1E7220001231A3201990098089E5D
:10A07000B047431CE6D00137D1E70000F0B589B006
:10A0800004920A0043320593039002920A7E0C0068
:10A090000E9B6E2A00D186E01FD8632A33D008D8E1
:10A0A000002A00D18CE0582A4DD0250042352A7074
:10A0B00030E0642A01D0692AF7D1196825680A1DA1
:10A0C000280629D508681A60002803DA2D23029A89
:10A0D000404213706B4E0A274FE0732A74D008D8A1
:10A0E0006F2A1FD0702AE0D1202209680A4322601B
:10A0F00003E0752A16D0782AD7D12200782145327C
:10A100001170614E22E025001A684235111D196058
:10A1100013682B70012365E008681A606906D3D5BF
:10A1200000B2D1E719682568081D186008682E0676
:10A1300005D5544E08276F2A1BD00A2719E06D0653
:10A14000F7D580B2F5E745314E4E0A70186822689F
:10A15000011D00681960150621D5D30702D52023FB
:10A160001A4322601027002803D1202322689A4333
:10A1700022602300002243331A706368A360002B1F
:10A1800058DB0422216891432160002854D1029DAC
:10A19000002B5AD02500337842352B7055E05506F8
:10A1A000DBD580B2D9E71A680D68101D49691860BF
:10A1B00013682E0601D5196002E06D06FBD51980E3
:10A1C0000023029D23614FE01A68111D1960156874
:10A1D00000216268280001F0B9FA002801D0401B74
:10A1E0006060636823610023029A13703CE0236976
:10A1F0002A0004990398059DA847431C3ED0236874
:10A200009B0715D4079BE068984239DA180037E0BD
:10A2100022000123193204990398059EB047431C7C
:10A220002CD00135E368079A9B1AAB42F0DCE9E7D2
:10A230000025F7E70028ADD0029D3900F5F7EAFFC9
:10A24000735C013D2B700028F7D1082F09D12368DA
:10A25000DB0706D563682269934202DC3023013DA7
:10A260002B70029B5B1B2361059B07AA00932100B7
:10A27000049B0398FFF794FE431CB8D10120404291
:10A2800009B0F0BD4EDE00085FDE00080FB40B4BD6
:10A2900013B51C68002C05D0A369002B02D1200047
:10A2A00001F03EF905AB049AA1682000019301F08A
:10A2B0007DFF16BC08BC04B01847C046140000203F
:10A2C000084B70B51C680500002C05D0A369002B55
:10A2D00002D1200001F024F92900A268200002F038
:10A2E0007BF870BD1400002070B505000E0000283A
:10A2F00004D08369002B01D101F012F9AB69AC687D
:10A30000002B02D1280001F00BF9244B9C420FD105
:10A310006C68A3891B0702D52369002B1FD121007C
:10A32000280000F029F9002819D00120404270BD12
:10A330001B4B9C4201D1AC68EBE71A4B9C42E8D125
:10A34000EC68E6E70136A360002B04DAA2699A42C2
:10A3500016DC0A2914D023685A1C22601970A368DD
:10A360003178013B0029EDD1A360002B0FDA2200E8
:10A370000A31280000F0AAF8431CD6D00A20D6E7FC
:10A380002200280000F0A2F8431CE8D1CDE70A2003
:10A3900023685A1C22601870C9E7C046A0DE000876
:10A3A000C0DE000880DE000810B5034B010018680D
:10A3B000FFF79AFF10BDC046140000200EB400B590
:10A3C0000B499CB01DAB029006900791049109487F
:10A3D000094904CB0591006802A9019301F0C0FD71
:10A3E0000023029A13701CB008BC03B01847C04683
:10A3F000FFFFFF7F140000200802FFFF002330B59D
:10A400009A420AD0013AC45CCD5CAC4204D193427A
:10A4100002D00133002CF6D1631B180030BD0000C0
:10A42000F8B5124B06001D680F00AC6D002C16D15C
:10A43000502001F081F9A865046044608460C46024
:10A440000461446184618462C4620463446384631C
:10A45000C463046444648464C46404774462AA6D7D
:10A4600039003000012300F003F8F8BD140000208B
:10A47000F0B5002804D11068002801D1F0BD2000FB
:10A480000E000578441C3778002F04D1002D10D120
:10A4900015602800F2E70136BD42F4D1002BEED161
:10A4A00014600370EAE733000DE00135002F03D19B
:10A4B0001C000D002678631C2F78BE42F5D1002EBB
:10A4C000F1D0002121701360D8E70000F8B5050035
:10A4D0000E001400002804D08369002B01D101F084
:10A4E0001FF8224B9C422DD16C68A369A360A389FD
:10A4F0001B0731D52369002B2ED023682269F7B2C0
:10A50000981A6369F6B2834205DC2100280000F046
:10A5100099FF002826D1A3680130013BA36023687E
:10A520005A1C22601F706369834204D0A389DB0731
:10A530001AD50A2E18D12100280000F083FF002828
:10A5400012D00FE00A4B9C4201D1AC68CDE7094B19
:10A550009C42CAD1EC68C8E72100280000F00CF842
:10A560000028CAD0012676423000F8BDA0DE0008DF
:10A57000C0DE000880DE0008364B70B51D6806009E
:10A580000C00002D05D0AB69002B02D1280000F093
:10A59000C7FF314B9C420FD16C680C23E25E93B233
:10A5A00019072DD4D90611D409230120336037337C
:10A5B0001343A381404270BD284B9C4201D1AC683B
:10A5C000EBE7274B9C42E8D1EC68E6E75B0713D545
:10A5D000616B002908D023004433994202D0300037
:10A5E00001F0B4FB002363632422A3899343A38176
:10A5F00000236360236923600823A2891343A38196
:10A600002369002B0BD1A0218022A389890092000D
:10A610000B40934203D02100300001F049F80123A0
:10A62000A289134011D00023A36063695B42A36138
:10A63000002023698342BED10C23E25E1306BAD503
:10A6400040231343A3810138B5E7920700D463691F
:10A65000A360EDE714000020A0DE0008C0DE0008C3
:10A6600080DE0008F0B503690C6989B00700059128
:10A670000026A34265DB0B00013C1433A5000393C5
:10A680005B1904930300143302935D19049B28683B
:10A690001B68591C0193F5F737FD0190B04229D092
:10A6A000039B02989C460696624608CA9446019A05
:10A6B00099B251431B0C534389190A0C9B180793F9
:10A6C0001E0C036889B29AB2069BD2180368521A0C
:10A6D000190C6B469B8BCB1A11145B18191492B290
:10A6E0001B041A43049B069104C06345DCD22B680B
:10A6F000002B2DD00599380001F048FA00281FDB07
:10A700000025019B0298013303990193026808C94F
:10A7100092B255199AB2AA1A05681B0C2D0CEB1AA5
:10A7200015145B191D1492B21B04134308C0049B3B
:10A730008B42EBD2029AA300D3181A68002A11D0D8
:10A74000019E300009B0F0BD2B68002B04D1013C04
:10A75000029B043DAB42F7D33C61CBE71A68002A69
:10A7600004D1013C029A043B9A42F7D33C61E7E7EB
:10A77000F0B516001F00446A9BB00290239D069618
:10A780000797002C08D1102000F0D6FF029B5862DA
:10A79000446084600460C460029B5B6A196800299D
:10A7A0000BD05A68012393404A608B60029801F0F5
:10A7B00010F80022029B5B6A1A60002F20DA012346
:10A7C0002B607B005B080793079CB24B220017931A
:10A7D0001A409A4217D1B04B229A1360069B002B65
:10A7E00003D1240301D100F087FDAC4B249A0893D8
:10A7F000002A02D0AA4B249A136008981BB0F0BD1F
:10A8000000232B60E0E7069E079F00220023300014
:10A810003900F8F785FC051E0BD00123229A13603E
:10A82000A04B249A0893002AE7D09F4A24990A60F3
:10A83000E3E718AB019319AB009332003B00029899
:10A8400001F022FA630003905B0D74D03A03974C39
:10A85000120B14432100964A300016959E180022D0
:10A86000944BF7F745FF944A944BF7F7CFFC944A83
:10A87000944BF6F7ADFE040030000D00F8F780FAB7
:10A88000914A924BF7F7C2FC02000B00200029000E
:10A89000F6F79EFE04000D00F8F7FCFB002207000F
:10A8A000002320002900F8F741FC002809D03800D7
:10A8B000F8F766FA2B002200F8F732FC43425841C1
:10A8C0003F1A01231493162F0DD88149FB00C91894
:10A8D00008684968069A079BF8F73CFC002846D0B0
:10A8E0000023013F1493189B9E1B00230A933300FF
:10A8F000013B0B9304D501239B1B0A9300230B936D
:10A90000002F36DB0B9B1197DB190B93002304936D
:10A91000209B0124092B00D984E0052B02DD0024B3
:10A92000043B2093209B981E032800D984E0F8F76D
:10A9300035FD7577286A189B199A9E18654BF21891
:10A94000202A0FDD40239B1A9C40634B0698F31886
:10A95000D8402043F8F74EFA0123604C013E091914
:10A9600016937CE7202306989B1A9840F2E71490F0
:10A97000B9E70A9BDB1B0A937B42049300231193E4
:10A98000C6E701230D93219B002B59DD0C930993FE
:10A99000029A556A00226A60043210001430696815
:10A9A000984252D9029800F0DCFE029B28605B6A54
:10A9B0001B680893099B0E2B00D90AE1002C00D1DB
:10A9C00007E1069B079C12931394002F00DC89E09B
:10A9D0000F213A003E4B0A40D2009B181D685E686A
:10A9E00002233C110E93E3060BD53D4B0C401A6A33
:10A9F0005B6A12981399F7F707F9032306900791FA
:10AA00000E9300233AE001230D93219BFB180C9336
:10AA100001330993002BBBDC0123B9E70023B1E725
:10AA20000023F1E700230D942093013B00220C93B7
:10AA3000099313332192ABE701230D93023BF5E712
:10AA400001230C9309931A00F4E701316960520065
:10AA5000A3E701231C420ED00E9B214A01330E9323
:10AA6000109B2800DB009B1831001A685B68F7F721
:10AA7000CDFB05000E00109B641001331093002CD9
:10AA8000E7D1069807992A003300F7F7BDF806903A
:10AA9000079142E00000F07F0F27000079DE0008F8
:10AAA0007CDE00084CDE00084DDE00080000F03FB0
:10AAB00001FCFFFF0000F83F61436F63A787D23FAF
:10AAC000B3C8608B288AC63FFB799F501344D33F9D
:10AAD00008DF00083204000012040000000010FE2D
:10AAE000E0DE000802230E93002F16D0129813996F
:10AAF0007C420D332340CE4ADB00D3181A685B68D2
:10AB0000F7F784FB002301261D000690079124110E
:10AB1000002C00D08CE0002BB9D1149B002B00D16D
:10AB200096E0069C079D0022C24B20002900F8F702
:10AB3000FDFA002800D18BE0099B002B00D187E0B3
:10AB40000C9B002B41DDBC4B002220002900F7F7B5
:10AB50005DFB0E9B0690079101330E930C9B7E1EAE
:10AB60000E981093F8F70CF9069A079BF7F74EFB2F
:10AB70000022B24BF6F72CFDB14A0E900F910E9CBD
:10AB80000F9D94460F9B634415931D00109B002B53
:10AB900061D1069807990022AA4BF7F7A9FD220078
:10ABA000159B06900791F8F7D5FA002800D0A8E287
:10ABB000A5480F99844661440B0006980799220026
:10ABC000F8F7B4FA002800D095E2129B139C069384
:10ABD0000794199B002B00DA5CE10E2F00DD59E190
:10ABE000934BFA009B185C681B6804930594219BA7
:10ABF000002B00DBD8E0099B002B00DDD4E000D067
:10AC00007DE20498059900228E4BF7F7FFFA069A29
:10AC1000079BF8F7A9FA099B04931E00002800D0AF
:10AC20004FE2089B089A5D1C3123013713704BE2F9
:10AC300034420AD00E9B854A01330E93EB009B18D9
:10AC40001A685B68F7F7E2FA3300641001355FE7D2
:10AC50003E00099B84E7109B0D995A1E744BD2004D
:10AC60009B181A685B68002949D000207849F6F7DC
:10AC7000CBFF2B002200F7F73BFD089B0E900F91B6
:10AC8000159306980799F8F705FA0400F8F778F88D
:10AC900002000B0006980799F7F72AFD159B303440
:10ACA0005D1C1C700E9A0F9B06900791F8F73EFAF8
:10ACB00000286CD1069A079B00205E49F7F718FD23
:10ACC0000E9A0F9BF8F732FA002800D0C3E0089BD9
:10ACD000109AEB1A9A4200DC77E70E980F9900223F
:10ACE000554BF7F793FA00220E900F9106980799AB
:10ACF000514BF7F78BFA159506900791C1E72000A5
:10AD00002900F7F783FA089C109A230094460E90C6
:10AD10000F916344159306980799F8F7BBF905005E
:10AD2000F8F72EF80B00020006980799F7F7E0FCF9
:10AD30003035159B2570013406900791A3422AD126
:10AD40000E980F99089A109B9446634400221D00A8
:10AD50003F4BF6F73DFC02000B0006980799F8F709
:10AD6000F9F9002800D076E00E9A0F9B00203849B0
:10AD7000F7F7BEFC02000B0006980799F8F7D6F922
:10AD8000002800D121E76B1E1A78302A01D0370045
:10AD90003FE01D00F7E7069807990022264BF7F7DA
:10ADA00035FA06900791B6E7089E049A059B069827
:10ADB0000799F6F729FFF8F76DF90400F7F7E0FFB8
:10ADC000049A059BF7F722FA02000B0006980799F0
:10ADD000F7F78EFC230030333370099A089B751CFB
:10ADE000EB1A9A4248D102000B00F6F7F1FB049AE5
:10ADF000059B06900791F8F7ADF900282AD1049A2F
:10AE0000059B06980799F8F78BF9002801D0E3070E
:10AE100020D40399029800F0DCFC00232B70229BC5
:10AE200001371F60249B002B00D1E6E41D60E4E4A1
:10AE300008DF00080000F03F0000244000001C4034
:10AE40000000C0FC000014400000C07CE0DE0008F0
:10AE50000000E03F3E006B1E1A78392A06D1089A9E
:10AE60009A4207D130231370130001361A78013249
:10AE70001A708CE71D00EEE70022A44BF7F7C6F925
:10AE800000220023069007912E00F8F749F90028C8
:10AE90008BD0BEE70D9A002A00D1DAE0209A012A71
:10AEA00000DDBDE0169A002A00D1B5E0984A9B1853
:10AEB000049D0A9C0A9A0121D2180A920B9A0298C0
:10AEC000D3180B9300F025FD0600002C0EDD0B9B24
:10AED000002B0BDD0B9A2300944200DD13000A9A2D
:10AEE000E41AD21A0A920B9AD31A0B93049B002BE2
:10AEF0001FD00D9B002B00D1AFE0002D11D03100F1
:10AF00002A00029800F09EFD039A010006000298B4
:10AF100000F008FD03991090029800F05AFC109B75
:10AF20000393049B5A1B04D00399029800F08AFDF6
:10AF300003900121029800F0ECFC119B0490002B7F
:10AF400000D1E3E11A000100029800F07BFD209B94
:10AF50000490012B00DD82E00025069BAB420ED160
:10AF6000079B1B03AB420AD1179B079A134206D0DB
:10AF70000A9B013501330A930B9B01330B93119B01
:10AF80000120002B6CD10B9B18181F2318407ED07A
:10AF900001331B1A042B70DD1C23181A0A9B24187A
:10AFA0001B180A930B9B1B180B930A9B002B05DDA8
:10AFB0001A000399029800F097FD03900B9B002B59
:10AFC00005DD1A000499029800F08EFD0490149B90
:10AFD000002B5ED00499039800F0D8FD002858DAC1
:10AFE00000230A220399029800F00CFC0D9B013FFC
:10AFF0000390002B00D190E1002331000A22029837
:10B0000000F000FC0C9B0600002B00DD88E0209B7C
:10B01000022B00DC84E044E03623189A9B1A47E7B1
:10B02000099B5D1E049BAB4208DB5D1B099B002B4B
:10B030000CDA0A9B099A9C1A00233BE7049B0495AF
:10B04000EA1A119B00259B181193EFE70A9C099BB4
:10B0500030E7049D0A9C0D9E37E7049A64E70025BB
:10B06000049B049A1B69109303339B00D318586800
:10B0700000F006FC2023181A85E7042B95D00A9AC5
:10B080001C33D2180A920B9AE418D3188CE70300E9
:10B09000F5E7099B002B3DDC209B022B3ADD099B49
:10B0A0000C930C9B002B0CD104990522029800F004
:10B0B000A9FB04900100039800F068FD002800DD62
:10B0C000AFE5219B089DDF43002309930499029873
:10B0D00000F07FFB002E00D19BE6099B002B05D0E2
:10B0E000B34203D01900029800F073FB31000298BC
:10B0F00000F06FFB8DE6109B04931E00E1E7002338
:10B10000FAE7109B370004931E008AE500002440F4
:10B11000330400000D9B002B00D1B2E0099B0C937F
:10B12000002C05DD31002200029800F0DDFC060055
:10B130003000002D11D07168029800F012FB310030
:10B14000040033690C319A1C92000C30FEF72EFC7F
:10B1500001222100029800F0C7FC09960600089B16
:10B160000A9304990398FFF77DFA09990D9004005A
:10B17000039800F00BFD320010900499029800F043
:10B180001FFD01230B93C36830340500002B04D14D
:10B190000100039800F0FAFC0B902900029800F0DF
:10B1A00018FB0B9B209A13430ED1069A01331342CE
:10B1B0000AD1392C26D0109B002B01DD0D9C313497
:10B1C0000A9B5D1C1C7081E7109B002B07DB1D0098
:10B1D000209B1D4322D10123069A13421ED10B9BB3
:10B1E000002BEDDD03990122029800F07DFC04990B
:10B1F000039000F0CBFC002802DCE1D1E307DFD5AF
:10B20000392CDBD10A9B0A9A5D1C392313706B1E03
:10B210001A78392A67D001321A7057E70A9B5D1CE9
:10B220000B9B002B04DD392CECD001340A9BC9E7C1
:10B230000A9B0C9A1C70089BEB1A93423ED0002389
:10B240000A220399029800F0DDFA099B0390B342A9
:10B2500009D100230A220999029800F0D3FA099033
:10B2600006000A957DE7099900230A22029800F05A
:10B27000C9FA002309900A223100029800F0C2FAAC
:10B28000EEE7099B0C93089B069304990398FFF73C
:10B29000E9F9069B30305D1C18700C9A089B04007D
:10B2A000EB1A9A4208DD00230A220399029800F063
:10B2B000A9FA06950390E8E7002309930399012270
:10B2C000029800F011FC0499039000F05FFC002844
:10B2D0009DDC01D1E3079AD46B1E1A78302A00D086
:10B2E000F4E61D00F8E7089A9A4203D131230137AA
:10B2F0001370EBE61D008AE70B4B249A08930B4B67
:10B30000002A01D0FFF777FAFFF777FA209B012B8D
:10B3100000DC21E6119D012035E60C9B002BB2DC00
:10B32000209B022BAFDDBCE670DE000878DE000853
:10B33000F7B58A8905000C00130760D44B68002B11
:10B3400004DC0B6C002B01DC0020FEBDE76A002F43
:10B35000FAD000232E682B6080235B01216A1A40FB
:10B3600034D0606DA3895B0706D56368C01A636B30
:10B37000002B01D0236CC01A0200216A0023280090
:10B38000E76AB847A189431C06D12B681D2B30D82A
:10B390002B4ADA40D3072CD500236360236923604E
:10B3A000CB0405D5431C02D12B68002B00D160656E
:10B3B000616B2E600029C7D023004433994202D02C
:10B3C000280000F0C3FC00206063BEE701232800D2
:10B3D000B847431CC6D12B68002BC3D01D2B01D00E
:10B3E000162B01D12E60AFE74023A2891343A3811E
:10B3F000ABE740230B430120A3814042A5E70F693F
:10B40000002FA1D00B680F60DB1B01930023920774
:10B4100000D14B69A360019B002B00DC94E7019BEA
:10B420003A00216A2800A66AB047002803DC4023BE
:10B43000A2891343DFE7019B3F181B1A0193EAE738
:10B44000010040200B6970B505000C00002B01D1F4
:10B45000002070BD002804D08369002B01D100F0CA
:10B460005FF80B4B9C4209D16C680C22A35E002B49
:10B47000EED021002800FFF75BFFEAE7054B9C4276
:10B4800001D1AC68F1E7044B9C42EED1EC68ECE7EB
:10B49000A0DE0008C0DE000880DE0008002310B532
:10B4A000040003604360836081814366C28103615D
:10B4B00043618361190008225C30FEF780FA054B76
:10B4C00024626362044BA362044BE362044B236374
:10B4D00010BDC04669C4000891C40008C9C4000872
:10B4E000F5C4000810B5024900F08CF810BDC04644
:10B4F00045B4000870B568254A1E55430E00290062
:10B50000743100F06DFC041E08D000212A00016097
:10B5100046600C30A0606832FEF751FA200070BD22
:10B52000836913B50400002B28D18364C3640365C9
:10B53000134B144A1B6882620193984201D1012384
:10B540008361200000F020F86060200000F01CF80B
:10B55000A060200000F018F80022E060042160687C
:10B56000FFF79CFF01220921A068FFF797FF022245
:10B570001221E068FFF792FF0123A36113BDC046CB
:10B5800038DE0008E5B40008F8B51C4B07001E685B
:10B59000B369002B02D13000FFF7C2FF4836B46810
:10B5A0007368013B04D53368002B07D03668F6E793
:10B5B0000C22A55E002D0DD06834F2E7042138007E
:10B5C000FFF798FF30600028F0D10C2304003B60A7
:10B5D0002000F8BD20000A4B656625606560A56007
:10B5E000E36025616561A561082229005C30FEF7F2
:10B5F000E6F96563A563A564E564E9E738DE00085C
:10B600000100FFFFF7B50400070000260191483450
:10B61000002C01D13000FEBD6368A5680093009B3B
:10B62000013B009301D52468F2E7AB89012B08D9CF
:10B630000E22AB5E013304D029003800019B9847ED
:10B6400006436835EBE70000034B1B68186A0028C7
:10B6500000D10248F030704714000020780000202C
:10B6600070B50E001D000E23C95E96B014000029AF
:10B6700007DA00232B60B3891B0611D48023DB007B
:10B680000FE06A4600F062FF0028F2DBF022019B27
:10B6900012021340054A9B185A4253412B60EDE7B2
:10B6A00040230020236016B070BDC04600E0FFFFBD
:10B6B000F7B502268B8905000C00334206D0230023
:10B6C00047332360236101236361F7BD01AB6A4601
:10B6D000FFF7C6FF00990700280000F081FB002853
:10B6E00008D10C22A35E9A05EFD4032293431E4394
:10B6F000A681E4E70F4BAB628023A289206013434D
:10B70000A381009B20616361019B002B0DD00E2360
:10B71000E15E280000F02CFF002806D00322A38958
:10B7200093431A0001231343A381A0893843A081C6
:10B73000CBE7C046E5B4000810B5034B010018681C
:10B7400000F04EFB10BDC04614000020C9B28218A4
:10B75000904201D10020704703788B42FBD001302A
:10B76000F6E770B5466A04000D00002E07D11020E0
:10B77000FFF7E2FF6062466086600660C660666A48
:10B78000F368002B13D0636AAA00DB689B18186863
:10B79000002818D101210E00AE40721D9200200039
:10B7A00000F0C6FA00280CD0456086600DE021222A
:10B7B0000421200000F0BCFA636AF060DB68002B13
:10B7C000E1D1002070BD02681A6000230361C360EC
:10B7D000F8E770B5446A06000D00002C07D1102070
:10B7E000FFF7AAFF7062446084600460C460002DAB
:10B7F00007D0736A6A68DB6892009B181A682A602F
:10B800001D6070BDF7B51E0014239C4607000C0098
:10B8100000200D698C4463461B68013099B2634671
:10B820001B6851431B0C534389190E0C9B1989B299
:10B830001E0C1B045B18614608C18C468542EADC7D
:10B84000002E1BD0A368AB4212DC63683800591C81
:10B85000FFF787FF2100236901909A1C92000C31A9
:10B860000C30FEF7A3F821003800FFF7B2FF019C6F
:10B870002B1D9B00E31801355E6025612000FEBD95
:10B880000300020C0020824201D11B0410301A0E6A
:10B8900001D108301B021A0F01D104301B019A0F8D
:10B8A00001D102309B00002B03DB01305B0000D490
:10B8B000202070470722036810B501001A400DD000
:10B8C00001240020234205D10230034203D0E3408B
:10B8D00020000B6010BD9B080B60FBE79CB21000C2
:10B8E000002C01D110201B0CDAB2002A01D1083043
:10B8F0001B0A1A0701D104301B099A0701D1023033
:10B900009B08DA07E8D45B0801D00130E4E7202087
:10B91000E0E710B50C000121FFF723FF012344618C
:10B92000036110BDF0B50B691400126989B00D00F8
:10B93000934201DA25000C002F6926696968BB195A
:10B940000293AB68BA19934200DA0131FFF709FF9D
:10B950000200BB1914329B00D3189C46002113002F
:10B96000049063451DD31435BF00EB191434B600A1
:10B970000593A319039501940793079B0199994295
:10B9800011D3029B002B06DD04235B429C446346DB
:10B990001B68002B51D0049B029A18001A6109B051
:10B9A000F0BD02C3DDE7019B1B6898B200281CD0E4
:10B9B00015000026039F02CF2C688BB24343090C6D
:10B9C0004143A4B21B199B190E0029680695090C66
:10B9D00071181E0C89190E0C9BB209040B4308C583
:10B9E000059BBB42E7D8069B5E60019B1B681D0C54
:10B9F0001ED0100000271368039E3168046889B2C6
:10BA00006943240C0919C9190F049BB23B43036015
:10BA100080CE43683F0C6F439BB2FB18090C5B1848
:10BA2000059906901F0C0430B142E6D806994B6088
:10BA3000019B0432043301939FE7029B013B029375
:10BA40009FE700000323F7B5134005000E00140024
:10BA5000002B08D02249013B9A00525800233100A4
:10BA6000FFF7D0FE0600A310019336D06C6A002CBD
:10BA700007D11020FFF760FE6862446084600460B4
:10BA8000C4606F6ABC68002C07D116492800FFF714
:10BA900040FF00230400B86003600122019B1342B1
:10BAA0000AD0310022002800FFF73CFF07003100D8
:10BAB0002800FFF78EFE3E00019B5B1001930CD027
:10BAC0002068002807D1220021002800FFF72AFF64
:10BAD0000023206003600400DFE73000FEBDC046A5
:10BAE000D0DF000871020000F0B50D0017002B69CF
:10BAF000541185B0E3180193013300934968AB6892
:10BB00000290009A934235DB0298FFF72AFE002349
:10BB10000200060019001432A3422EDBE343DB17B8
:10BB20001C402B00A40014192A69143392009A189F
:10BB300094461F22174024D00132D21B03920022C8
:10BB400019682000B9400A4304C404CB0399CA40D1
:10BB50009C45F5D84260002A02D0019B0233009335
:10BB6000009B0298013B33612900FFF732FE300051
:10BB700005B0F0BD01315B00C3E7980011500133FF
:10BB8000CAE704CB04C49C45FBD8E9E70A6903690A
:10BB900030B59B1A0DD192001430143184188918D5
:10BBA000043C043925680A68954204D00123954273
:10BBB00004D3180030BDA042F2D3FAE75B42F8E7A5
:10BBC000F0B50D0085B00700110028001400FFF744
:10BBD000DDFF061E08D101003800FFF7C2FD01237A
:10BBE0004661036105B0F0BD01230193002804DB29
:10BBF00023002C001D000023019361683800FFF72B
:10BC0000B0FD2F000022019B2669C3601434B300ED
:10BC1000E31802932B6914379B00FB18039303006E
:10BC20009446143320CC04CF0192AAB294446A46BD
:10BC3000614692882D0C8A1A0199090C691A15140B
:10BC400049190D1492B209040A431A60039AAC46CA
:10BC50000433BA42E6D802991A008C4205D3043A5A
:10BC60001368002B0ED00661BCE704CC91B261448E
:10BC70000D14120C5219151489B212040A43AC4661
:10BC800004C3E8E7013EEAE7F7B51D00012114000F
:10BC9000089FFFF766FD2B036D0006001B0B6D0D63
:10BCA00024D10193002C27D068460094FFF702FEB0
:10BCB000009C00281ED0019B20211A00091A8A40EE
:10BCC000C340224372610193019CB461631E9C4195
:10BCD00001343461002D18D0124BED1835232D1886
:10BCE0003D60181A099B18603000FEBD8022520387
:10BCF0001343D6E77461E7E701A8FFF7DBFD0124F2
:10BD0000019B346173612030E4E7074BC018074B97
:10BD10003860E3189B00F3185869FFF7B1FD640120
:10BD2000201ADFE7CDFBFFFFCEFBFFFFFFFFFF3F4A
:10BD30004A4370B51100140000F052F8051E03D0FC
:10BD400022000021FDF73BFE280070BD70B5050004
:10BD5000002910D00C1F2368002B00DAE4182800FB
:10BD600000F051FC1D4A1368002B05D1636014607C
:10BD7000280000F049FC70BDA34209D92168601871
:10BD80008342F3D118685B6841182160EEE7130025
:10BD90005A68002A01D0A242F9D919685818A0425D
:10BDA0000BD120680918581819608242E0D1106838
:10BDB0005268411819605A60DAE7A04202D90C2390
:10BDC0002B60D5E721686018824203D11068526861
:10BDD0004118216062605C60CAE7C046B41200206E
:10BDE000032370B5CD1C9D43083506000C2D1ED2D3
:10BDF0000C25A9421DD8300000F005FC254A146826
:10BE00002100002919D1244C2368002B03D13000D4
:10BE100000F018FB20602900300000F013FB431CE9
:10BE20002BD10C233000336000F0EEFB03E0002D3B
:10BE3000DFDA0C233360002070BD0B685B1B19D464
:10BE40000B2B03D90B60CC18256003E04B688C42A8
:10BE50000DD11360300000F0D7FB200007220B301B
:10BE6000231D9043C31AE7D05A42E250E4E76360CF
:10BE70000C00EFE70C004968C3E70323C41C9C4394
:10BE8000A042E1D0211A300000F0DCFA431CDBD1E3
:10BE9000C7E7C046B4120020B8120020F0B58E6883
:10BEA00085B007000C00039201939E423CD890237A
:10BEB0008A89DB001A4234D00325096923685B1A9A
:10BEC0000293636902985D43EB0F5D19019B6D104E
:10BED00001331B18AB4200D91D00530532D5290090
:10BEE0003800FFF77DFF061E09D10C233B6040237D
:10BEF0000120A28940421343A38105B0F0BD029AFC
:10BF00002169FDF753FDA389144A1A408023134386
:10BF1000A381029B2661F61826606561019EED1AD9
:10BF2000A560019B9E4200D9019E320003992068C2
:10BF300000F056FBA36800209B1BA36023689E199A
:10BF40002660DAE72A00380000F05FFB061EE0D129
:10BF500021693800FFF7FAFEC7E7C0467FFBFFFF05
:10BF6000F0B5A1B003901D008B890F0016001B06D1
:10BF700011D50B69002B0ED14021FFF731FF38603E
:10BF80003861002805D10C23039A0138136021B0D1
:10BF9000F0BD40237B61002308AC636120336376EE
:10BFA0001033A376079535002B78002B01D0252B75
:10BFB00046D1AB1B05930CD0320039000398FFF734
:10BFC0006DFF431C00D1AEE06269059B944663445B
:10BFD00063612B78002B00D1A5E00122002352429F
:10BFE000626004A9543252186E1C2360E360A3609F
:10BFF0001370A365317805225348FFF7A7FB751C22
:10C0000000281FD12268D30604D5532304A95B1846
:10C0100020211970130704D5532304A95B182B2181
:10C02000197033782A2B16D0350000210A20E368D6
:10C030002A786E1C303A092A4ED9002918D010E00F
:10C040000135B1E7404B2268C01A012383401343F6
:10C0500023602E00CEE7079B191D1B680791002B5C
:10C0600001DB0B9304E05B42E36002231343236094
:10C070002B782E2B0AD16B782A2B35D1079B0235D2
:10C080001A1D1B680792002B2BDB09932F4E297872
:10C0900003223000FFF75AFB002806D04023801B04
:10C0A00083402268013513432360297806222848FB
:10C0B0006E1C2176FFF74AFB00283CD0254B002B55
:10C0C00025D10722079B07339343083307936369FE
:10C0D000049A9B18636166E7434301219B1835006E
:10C0E000A6E701235B42D0E700230A201A000135AE
:10C0F000636029786E1C3039092903D9002BC5D01B
:10C100000992C3E74243012352183500F1E707AB18
:10C1100000933A00104B21000398FDF7F5FC0490C2
:10C12000049B0133D3D1BB890D985B0600D42EE765
:10C13000012040422BE707AB00933A00064B210059
:10C140000398FDF79BFFEAE7DCDF0008E2DF000869
:10C15000E6DF0008099B00089DBE0008936810B543
:10C16000013B9360002B04DA9469A34207DB0A29A0
:10C1700005D01368581C10601970080010BDFEF738
:10C18000A5F90100F9E7F8B506000F001400D5186D
:10C19000AC4201D1002007E021783A003000FFF7DF
:10C1A000DDFF0134431CF3D1F8BD0000F0B5A1B0B0
:10C1B00003900F0016001D00002805D08369059329
:10C1C000002B01D1FFF7ACF97B4B9F425CD1039B65
:10C1D0005F68BB891B0763D53B69002B60D00023D8
:10C1E00008AC6361203363761033A376079535007E
:10C1F0002B78002B01D0252B5CD1AB1B05930CD0E9
:10C20000320039000398FFF7BEFF431C00D1C4E0A1
:10C210006269059B9446634463612B78002B00D1CF
:10C22000BBE0012200235242626004A9543252183A
:10C230006E1C2360E360A3601370A3653178052250
:10C240005E48FFF783FA751C002835D12268D306B3
:10C2500004D5532304A95B1820211970130704D5B2
:10C26000532304A95B182B21197033782A2B2CD067
:10C27000350000210A20E3682A786E1C303A092A2A
:10C2800064D900292ED026E04D4B9F4202D1039B5A
:10C290009F689EE74B4B9F429BD1039BDF6898E7CB
:10C2A00039000398FEF768F9002898D00120404231
:10C2B00021B0F0BD01359BE7404B2268C01A012335
:10C2C0008340134323602E00B8E7079B191D1B68AA
:10C2D0000791002B01DB0B9304E05B42E360022338
:10C2E000134323602B782E2B0AD16B782A2B35D160
:10C2F000079B02351A1D1B680792002B2BDB099345
:10C30000314E297803223000FFF720FA002806D0AA
:10C310004023801B83402268013513432360297822
:10C3200006222A486E1C2176FFF710FA00283AD020
:10C33000274B002B25D10722079B07339343083354
:10C3400007936369049A9B18636150E74343012193
:10C350009B18350090E701235B42D0E700230A20B9
:10C360001A000135636029786E1C3039092903D918
:10C37000002BC5D00992C3E7424301235218350070
:10C38000F1E707AB00933A00124B21000398FDF749
:10C39000BBFB0490049B0133D3D1BB895B0600D562
:10C3A00084E70D9884E707AB00933A00094B21001E
:10C3B0000398FDF763FEECE7A0DE0008DCDF000871
:10C3C000C0DE000880DE0008E2DF0008E6DF0008CB
:10C3D000099B000887C1000870B506000D00140015
:10C3E000002804D08369002B01D1FFF799F8124B84
:10C3F0009C4211D17468A368013BA360002B05DA4D
:10C40000A269934212DBEBB20A2B0FD02368E8B289
:10C410005A1C22601D7070BD084B9C4201D1B4684B
:10C42000E9E7074B9C42E6D1F468E4E722002900E3
:10C430003000FEF74BF8EEE7A0DE0008C0DE000893
:10C4400080DE0008002370B5064C0500080023605C
:10C45000FDF7FCF8431C03D12368002B00D02B60B0
:10C4600070BDC0468845002070B50C000E25495FA0
:10C4700000F0F2F8002803DB636D1B18636570BDE4
:10C48000A389024A1340A381F9E7C046FFEFFFFFEB
:10C49000F8B51F008B8905000C001600DB0505D5DB
:10C4A0000E23C95E0022022300F074F8A389054A16
:10C4B00028001340A38132000E23E15E3B0000F010
:10C4C0001FF8F8BDFFEFFFFF70B50C000E25495FA8
:10C4D00000F060F8A389421C03D1054A1340A381F0
:10C4E00070BD802252011343A3816065F8E7C04606
:10C4F000FFEFFFFF10B50E23C95E00F015F810BD69
:10C5000070B50500080011000022064C22601A00D8
:10C51000FDF78EF8431C03D12368002B00D02B605D
:10C5200070BDC04688450020002370B5064C05004C
:10C5300008002360FDF7A8F8431C03D12368002BF3
:10C5400000D02B6070BDC04688450020002370B528
:10C55000064C0500080011002360FDF798F8431C05
:10C5600003D12368002B00D02B6070BD88450020CC
:10C57000002370B5064C050008002360FDF78CF819
:10C58000431C03D12368002B00D02B6070BDC04634
:10C590008845002070B50500080011000022064CF7
:10C5A00022601A00FDF77AF8431C03D12368002BA0
:10C5B00000D02B6070BDC0468845002082B00029A5
:10C5C00000D101A9101E06D0002B06D013780B60F5
:10C5D0001078431E984102B0704702204042FAE7AB
:10C5E00010B5884202D98B18984203D3002307E084
:10C5F0008B5C8354013AFBD210BDCC5CC454013334
:10C600009A42FAD1F8E770477047F8B507000D0075
:10C610001600002905D11100FFF7E2FB04002000FD
:10C62000F8BD002A03D1FFF791FB3400F7E700F0D3
:10C6300033F82C00B042F2D231003800FFF7D0FBC3
:10C64000041EECD029003200FDF7B0F929003800B3
:10C65000FFF77CFBE3E7000070B505000800110060
:10C660000022064C22601A00FCF7D3FF431C03D1C2
:10C670002368002B00D02B6070BDC0468845002089
:10C680000B1E04D0FF2A04D98A2303608B3B1800B9
:10C6900070470A700123FAE70B1F1B68181F002B55
:10C6A00001DA0B58C0187047F8B5C046F8BC08BC92
:10C6B0009E467047F8B5C046F8BC08BC9E46704719
:10C6C0004A350008883500089E350008B435000852
:10C6D000CE350008EC3500080A3600082036000880
:10C6E000A039000812390008A0390008A039000854
:10C6F000A0390008A0390008A0390008A0390008B6
:10C70000A0390008A0390008A0390008A0390008A5
:10C71000A0390008A0390008A0390008A039000895
:10C720002C390008A8390008A0390008A0390008F1
:10C73000A0390008943B0008A0390008523A0008CC
:10C74000A0390008A0390008A0390008A039000865
:10C75000A0390008A0390008A0390008A039000855
:10C76000D23B0008A0390008A0390008A039000811
:10C77000A0390008A0390008A0390008A039000835
:10C78000A0390008A0390008A0390008A039000825
:10C79000A0390008A0390008A0390008A039000815
:10C7A000F63B0008083C00082E3C0008A0390008B1
:10C7B000A03900085A3B00086C3A0008A03900086C
:10C7C000A0390008A0390008A0390008A0390008E5
:10C7D000A0390008A0390008A0390008A0390008D5
:10C7E000363C0008903C0008D6430008EA430008A5
:10C7F00088430008884300088843000888430008ED
:10C8000088430008884300088843000888430008DC
:10C8100088430008884300088843000888430008CC
:10C82000884300088843000828440008544400084E
:10C8300088430008884300088843000888430008AC
:10C84000884300088843000888430008884300089C
:10C85000884300088843000888430008884300088C
:10C86000884300088843000876430008C243000854
:10C87000802500000096000000C201001B0F000090
:10C880000E0F0000010F0000F30E0000E40E000088
:10C89000D40E0000C40E0000B30E0000A10E000074
:10C8A0008F0E00007C0E0000680E0000530E00008A
:10C8B0003D0E0000270E0000100E0000F70D0000D6
:10C8C000DE0D0000C40D0000A90D00008E0D00005B
:10C8D000710D0000530D0000350D0000150D000016
:10C8E000F50C0000D40C0000B20C00008F0C00000E
:10C8F0006B0C0000460C0000210C0000FA0B00003D
:10C90000D30B0000AB0B00006B0F0000420F0000C8
:10C91000180F0000ED0E0000DA0A0000970E00006C
:10C92000820A0000560A0000290A0000FC090000E3
:10C93000CE090000A00900007209000044090000AF
:10C9400015090000E7080000B80800008A08000088
:10C950005C0800002E08000000080000D20700005C
:10C96000A4070000770700004A0700001E07000028
:10C97000F2060000C60600009B06000071060000DB
:10C98000470600001D060000F5050000CC0500006C
:10C99000A50500007E0500005805000033050000D5
:10C9A0000E050000EA040000C7040000A404000013
:10C9B000830400006204000041040000220400001F
:10C9C00003040000E5030000C8030000AC030000FE
:10C9D00090030000750300005A03000041030000AB
:10C9E000280300000F0300005C030000E1020000C8
:10C9F000CB020000B5020000A00200008C02000083
:10CA000078020000650200005202000040020000AF
:10CA10002E0200001D0200000D020000FD010000BA
:10CA2000ED010000DE010000D0010000C2010000A5
:10CA3000B4010000A70100009A0100008D01000070
:10CA400081010000760100006B0100006001000020
:10CA5000550100004B0100004101000037010000BA
:10CA60002E010000250100001C010000140100003F
:10CA70000C01000004010000FC000000F5000000B3
:10CA8000EE000000080000000400000000000000AC
:10CA90000000000094DB00082D490008020000009F
:10CAA0000000000080000000000000000000000006
:10CAB00088DB00084949000802000000000000006F
:10CAC0008000000000000000000000007CDB000887
:10CAD00057490008020000000000000000010000AB
:10CAE000000000000000000074DB00083F4900085F
:10CAF00000000000000000008000000000000000B6
:10CB000000000000030406080C101820300000008C
:10CB100000000000000000000102030406070809ED
:10CB2000000000000102030438580008A65800085D
:10CB3000C4580008EA58000810590008385900087D
:10CB400070590008A2590008C8590008EE59000899
:10CB50000000C1C081C1400101C3C003800241C2C5
:10CB600001C6C006800741C70005C1C581C4400495
:10CB700001CCC00C800D41CD000FC1CF81CE400E45
:10CB8000000AC1CA81CB400B01C9C009800841C855
:10CB900001D8C018801941D9001BC1DB81DA401AC5
:10CBA000001EC1DE81DF401F01DDC01D801C41DC95
:10CBB0000014C1D481D5401501D7C017801641D6C5
:10CBC00001D2C012801341D30011C1D181D04010D5
:10CBD00001F0C030803141F10033C1F381F24032C5
:10CBE0000036C1F681F7403701F5C035803441F495
:10CBF000003CC1FC81FD403D01FFC03F803E41FE45
:10CC000001FAC03A803B41FB0039C1F981F8403854
:10CC10000028C1E881E9402901EBC02B802A41EAC4
:10CC200001EEC02E802F41EF002DC1ED81EC402C94
:10CC300001E4C024802541E50027C1E781E64026C4
:10CC40000022C1E281E3402301E1C021802041E0D4
:10CC500001A0C060806141A10063C1A381A24062C4
:10CC60000066C1A681A7406701A5C065806441A494
:10CC7000006CC1AC81AD406D01AFC06F806E41AE44
:10CC800001AAC06A806B41AB0069C1A981A8406854
:10CC90000078C1B881B9407901BBC07B807A41BAC4
:10CCA00001BEC07E807F41BF007DC1BD81BC407C94
:10CCB00001B4C074807541B50077C1B781B64076C4
:10CCC0000072C1B281B3407301B1C071807041B0D4
:10CCD0000050C190819140510193C05380524192C4
:10CCE0000196C056805741970055C1958194405494
:10CCF000019CC05C805D419D005FC19F819E405E44
:10CD0000005AC19A819B405B0199C0598058419853
:10CD10000188C04880494189004BC18B818A404AC3
:10CD2000004EC18E818F404F018DC04D804C418C93
:10CD30000044C184818540450187C04780464186C3
:10CD40000182C042804341830041C18181804040D3
:10CD5000827C00088A7C0008927C0008A87C00087D
:10CD6000A07C0008A87C0008A87C0008A87C00081B
:10CD7000507C00081E7C0008267C00082E7C0008E1
:10CD8000447C00083C7C0008447C0008447C00088B
:10CD9000447C0008E47B0008320C00086E0B00089D
:10CDA000920B0008300B0008920B00080E0C0008D4
:10CDB000920B0008300B00086E0B00086E0B000889
:10CDC0000E0C0008300B0008640C0008640C00080E
:10CDD000640C00081A0C00086E0B00086E0B0008AB
:10CDE000920B00082E0B0008920B00080E0C000896
:10CDF000920B00082E0B00086E0B00086E0B00084B
:10CE00000E0C00082E0B0008640C0008640C0008CF
:10CE1000640C0008180C00085C0F0008060F0008DE
:10CE2000060F000834100008020F0008020F000867
:10CE30002A10000834100008020F00082A10000809
:10CE4000020F0008341000083810000838100008DD
:10CE50003810000840100008AC1E00081E1D000815
:10CE6000621D0008C61C0008621D0008521E000852
:10CE7000621D0008C61C00081E1D00081E1D0008BB
:10CE8000521E0008C61C0008BE1C0008BE1C00087C
:10CE9000BE1C0008601E0008C4230008C62200084B
:10CEA000C6220008E4250008C0220008C0220008AD
:10CEB000CC250008E4250008C0220008CC25000885
:10CEC000C0220008E4250008DA250008DA25000859
:10CED000DA250008E82500085B4C4F4749435D20F0
:10CEE000446973706C6179546573744D6F6465281F
:10CEF00029204D6F64655B25645D506F735B25640D
:10CF00005D0D0A005B4C4F474943205D205365741B
:10CF10002044524D205B4252543A25645D0000008B
:10CF20005B5247423A253032785D00005B4F5054E7
:10CF30003A253032785D0D0A000000005B4C4F4707
:10CF400049435D204D6F64656D2053656E645F538A
:10CF500074616E6462790D005B4C4F4749435D20FC
:10CF600053656E645F4D6F64656D5F537461747576
:10CF7000735B253032785D5B253032785D5B253020
:10CF800032785D5B253032785D5B253032785D5BD1
:10CF9000253032785D5B253032785D5B2530327824
:10CFA0005D5B253032785D0D0A0000005B4C4F4719
:10CFB00049435D204D6F64656D2053656E645F531A
:10CFC00074617475730D00005B4C4F4749435D20DD
:10CFD0004D6F64656D2053656E645F52656769735C
:10CFE0007465725B25645D0D0A0000005B4C4F4761
:10CFF00049435D2053656E645F424C455F636865DD
:10D00000636B200D0000000041540D0041542B497A
:10D010004E464F3F0D0000005B4C4F4749435D209B
:10D0200053656E645F424C455F636D64203A202512
:10D0300073200A0041542B5645523F0D000000005A
:10D0400041542B414456444154413F0D00000000DF
:10D050005B4C4F4749435D2053656E645F424C45CE
:10D060005F636D64203A20257300000041542B411A
:10D0700044564F4E0D00000041542B4144564F463C
:10D08000460D00005B4C4F4749435D20636F6D6D5B
:10D09000616E645F737472203A2025730000000093
:10D0A0005B4C4F4749435D2053656E645F424C457E
:10D0B0005F414456444154415F5374617475735BDE
:10D0C00025635D5B25635D5B25635D5B25635D5B60
:10D0D00025635D5B25635D5B25635D5B25635D5B50
:10D0E00025635D5B25635D5B25635D5B25635D5B40
:10D0F00025635D0D0A0000005B4C4F4749435D20EE
:10D1000053656E645F424C455F414456444154410F
:10D110005F536974756174696F6E0D0041542B41E2
:10D120004456444154413D25642564253034640D02
:10D13000000000005B4C4F4749435D20424C455F77
:10D14000414456444154415F5345540D0000000092
:10D1500041542B414456444154413D25730D000038
:10D1600041542B4D414E55463F0D00005B4C4F47FF
:10D1700049435D20424C455F4D414E55465F534506
:10D18000540D000041542B4D414E55463D44524DE7
:10D190000D0000005B4C4F4749435D2053656E64B2
:10D1A0005F424C455F494E54455256414C5F534592
:10D1B000542025640D0A000041542B414456494E29
:10D1C00054455256414C3D25640D00005B4C4F4781
:10D1D00049435D204D6F64656D205061636B6574DC
:10D1E0005F50617273655B253032785D5B2530324C
:10D1F000785D5B253032785D0D0A00005B4C4F474F
:10D2000049435D2044524D2047726F757020436F33
:10D210006E74726F6C5B425254203A202530327823
:10D220005D5B524742203A20253032785D5B4F707B
:10D2300074203A20253032785D0D0A005B4C4F4750
:10D240004943205D204F6E65436F6E74726F6C2092
:10D250005B425254203A20253032785D5B5247427F
:10D26000203A20253032785D5B4F7074203A2025BB
:10D270003032785D0D0A00005B4C4F474943205D1A
:10D2800020416C6C436F6E74726F6C5F5633205B21
:10D2900025645D5B4252543A253032785D5B5247DB
:10D2A000423A253032785D5B4F3A253032785D0D59
:10D2B0000A0000005B4C4F474943205D20546869D9
:10D2C00073204576656E74206265206E6F742069E8
:10D2D0006E636C75646564202D205B45203A2025C3
:10D2E00064206D5D5B50203A20253464206D5D0D17
:10D2F0000A0000005B4C4F474943205D205B25340A
:10D3000064207E20253464206D5D0D0A000000003D
:10D310005B4C4F474943205D20424C452041647699
:10D3200044617461205365740D0000005B4C4F47ED
:10D330004943205D205B25645D496E697420506F10
:10D34000736974696F6E202D205B25645D5B2534E5
:10D3500064206D5D0D0A00005B4C4F474943205D22
:10D36000205B25645D20466C617368696E672043AD
:10D370006F6E74726F6C202D205B25645D0D0A004A
:10D3800041542B554152543D25640D005B4C4F4791
:10D3900049435D203D3D3D3D3D3D3D3D3D3D3D3DA8
:10D3A0003D4D6F64656D2052656769737465723DAC
:10D3B0003D3D3D3D3D3D3D3D3D3D3D0D00000000C1
:10D3C0005B4C4F4749435D20312E205365637469A0
:10D3D0006F6E20494420203A205B2025303278208F
:10D3E0005D0D0A005B4C4F4749435D20322E2044BF
:10D3F00065766963652049442020203A205B20251A
:10D40000303278205D0D0A005B4C4F4749435D2068
:10D41000332E205246204368616E6E656C20203AA0
:10D42000205B2025303278205D0D0A005B4C4F4791
:10D4300049435D203D3D3D3D3D3D3D3D3D3D3D3D07
:10D440003D3D3D3D3D3D3D3D3D3D3D3D3D3D3D3D0C
:10D450003D3D3D3D3D3D3D3D3D3D3D0D0000000020
:10D460005B6C6F6769632E635D2053617665205046
:10D4700061676531205472616E736D697420526505
:10D4800073756C74205B25645D0D0A005B6C6F67BF
:10D4900069632E635D205361766520506167653056
:10D4A0002B31205B305D205472616E736D69742086
:10D4B000526573756C74205B25645D0D0A00000075
:10D4C0005B6C6F6769632E635D20536176652050E6
:10D4D000616765302B31205B315D205472616E7362
:10D4E0006D697420526573756C74205B25645D0DE5
:10D4F0000A0000005B6C6F6769632E635D205361F7
:10D500007665205061676530205472616E736D6975
:10D510007420526573756C74205B25645D0D0A0080
:10D520005B6C6F6769632E635D20506167653120B6
:10D530005472616E736D697420526573756C7420DA
:10D540005B25645D0D0A00005B6C6F6769632E6389
:10D550005D2050616765312052656365697665209D
:10D56000526573756C74205B25645D0D0A000000C4
:10D570005B6C6F6769632E635D2050616765203067
:10D58000202D20315B315D205472616E736D6974A2
:10D5900020526573756C74205B25645D0D0A000074
:10D5A0005B6C6F6769632E635D2050616765203037
:10D5B000202D20315B315D205265636569766520E1
:10D5C000526573756C74205B25645D0D0A00000064
:10D5D0005B6C6F6769632E635D2050616765203007
:10D5E000202D20315B325D205472616E736D697441
:10D5F00020526573756C74205B25645D0D0A000014
:10D600005B6C6F6769632E635D20506167652030D6
:10D61000202D20315B325D2052656365697665207F
:10D62000526573756C74205B25645D0D0A00000003
:10D630005B6C6F6769632E635D20506167652030A6
:10D64000205472616E736D697420526573756C74C9
:10D65000205B25645D0D0A005B6C6F6769632E6358
:10D660005D2050616765203020526563656976658D
:10D6700020526573756C74205B25645D0D0A000093
:10D680005B25735D204552523D30782530386C580B
:10D690002053544154453D3078253032580D0A000E
:10D6A000202D2041524C4F202861726269747261B2
:10D6B00074696F6E206C6F7374290D00202D204EDD
:10D6C00041434B20284146290D000000202D2042D7
:10D6D0007573206572726F720D000000202D20544A
:10D6E000696D656F75740D00493243207363616E17
:10D6F0002E2E2E0D00000000202D203078253032F7
:10D700005820283762290D0A000000005B4D414770
:10D710005D2043616C6962207C427C3A204D303D43
:10D72000256C642C207369676D613D252E32662C53
:10D7300020543D25640D0A004D61676E6574696370
:10D740005F53656E736F725F496E6974202E2E2E63
:10D750000D00000049734465766963655265616434
:10D76000790000005B4552524F525D2057484F3DB3
:10D770003078253032580D0A000000005B4F4B5DB9
:10D780002057484F3D3078253032580D0A000000B0
:10D790005B4346475D20413D30782530325820427A
:10D7A0003D30782530325820433D3078253032588E
:10D7B00020205B53545D3D3078253032580D0A00EF
:10D7C0003D3D3D3D3D3D3D3D3D3D3D3D3D3D3D3D89
:10D7D0003D3D3D3D3D3D3D3D3D3D3D3D3D3D3D3D79
:10D7E0003D3D3D3D3D3D0D0020204D61676E657422
:10D7F000696320436F6E74726F6C6C657220763152
:10D800002E3028536C617665290D000020204C4590
:10D81000444F20436F2C2E204C74642E200D0000AA
:10D82000445244592070696E206F7574707574206D
:10D83000697320454E41424C45442E0D00000000C6
:10D84000445244592070696E206F7574707574204D
:10D8500069732044495341424C45442E0D00000059
:10D860005B6C6F6769635D205245475F413A2030CA
:10D8700078253032582C205245475F423A20307884
:10D88000253032582C205245475F433A20307825C6
:10D890003032580D0A0000005B6C6F6769635D20D1
:10D8A0004D61676E657469632053656E736F722096
:10D8B000446973636F6E6E6563742E2E2E2E212164
:10D8C0000D0000005B6C6F6769635D2064543D254B
:10D8D0006C75206D732C20583D256420593D2564BE
:10D8E000205A3D2564207C427C3D25642C206865BF
:10D8F0006164696E673D252E31660D0A00000000E7
:10D900005B6C6F6769635D20CE9454203D20256C6D
:10D9100075206D730D0A00005B6C6F6769635D2095
:10D9200020436F6E6E6563745F5251200D000000DE
:10D930005B6C6F6769635D2020436F6E6E65637417
:10D940005F41434B200D00005B6C6F6769635D2096
:10D95000204D6167656E7469635F54696D655F52E0
:10D9600051200D005B6C6F6769635D20204D61671E
:10D97000656E7469635F54696D655F41636B200D0B
:10D98000000000005B6C6F6769635D20536C61761B
:10D990006520436F6E6E6563742E2E2E21200D0060
:10D9A0005B6C6F6769635D204D61737465722043C2
:10D9B0006F6E6E6563742E2E2E21200D0000000008
:10D9C0005B6C6F6769635D20536C61766520546999
:10D9D000636B2054696D6520526571756573742E93
:10D9E0002E2E21200D0000005B6C6F6769635D20A7
:10D9F000536C617665205469636B2054696D6520B2
:10DA000052656376206D61737465725B25645D2079
:10DA1000736C6176655B25645D207469636B5F6F11
:10DA200066667365745B25645D200D0A0000000066
:10DA30005B6C6F6769635D20536C617665204D6137
:10DA4000676E657469632054696D652052656376FD
:10DA5000205B25645D200D0A000000005B6C6F6791
:10DA600069635D20204D6167656E7469635F546909
:10DA70006D655F53656E64200D0000005B6C6F6721
:10DA800069635D206D6173746572205469636B20F6
:10DA90005B25645D20536C617665205469636B205F
:10DAA0005B25645D204475726174696F6E205469F2
:10DAB000636B205B25645D200D0A00005B544553B9
:10DAC000544D4F44455D205370656564203D2025CD
:10DAD0002E3266206B6D2F682028252E326620732B
:10DAE00065632C20252E3266206D290D0A0000006A
:10DAF0005B6C6F6769635D204D61676E6574696318
:10DB00002053656E736F7220446973636F6E6E6528
:10DB10006374202E2E2E2E21210D00005B6C6F676A
:10DB200069635D20204D6167656E7469635F546948
:10DB30006D655F52656376200D0000005B525354A3
:10DB40005D20504F523D25642050494E3D256420B4
:10DB50005346543D256420495744473D256420578A
:10DB60005744473D2564204C5057523D25640D0ACB
:10DB700000000000626C655461736B007561727423
:10DB80005461736B0000000070726F635461736BBB
:10DB90000000000069646C655461736B0000000054
:10DBA0005065726920496E69742E2E2E2E2E0D003E
:10DBB0007065726952464D6F64756C65205B2564B3
:10DBC0005D2E2E2E2E2E0D0A00000000706572694B
:10DBD000524657616B657570205B25645D2E2E2E55
:10DBE0002E2E0D0A0000000070657269424C4557E8
:10DBF000616B657570205B25645D2E2E2E2E2E0DBB
:10DC00000A00000070657269424C4555415254202B
:10DC10005B25645D2E2E2E2E2E0D0A00556172742A
:10DC200020555341525431203A2048414C5F5541D0
:10DC300052545F547843706C7443616C6C626163DE
:10DC40006B0D0000556172742055534152543420BD
:10DC50003A2048414C5F554152545F547843706CB0
:10DC60007443616C6C6261636B0D0000556172748A
:10DC700020555341525435203A2048414C5F55417C
:10DC800052545F547843706C7443616C6C6261638E
:10DC90006B0D000055617274205553415254312070
:10DCA0003A20554152545F49444C4543616C6C6283
:10DCB00061636B0D00000000556172742055534183
:10DCC000525434203A20554152545F49444C454304
:10DCD000616C6C6261636B0D0000000055617274D1
:10DCE00020555341525435203A20554152545F49F2
:10DCF000444C4543616C6C6261636B0D0000000035
:10DD00005561727420496E69742E2E2E2E2E0D00D0
:10DD10005B556172745D20424C4520426175642000
:10DD20004368616E6765205B25645D0D0A00000035
:10DD30002B4F4B002B4552524F5200002B41445663
:10DD40004552544953494E47000000002B5354415B
:10DD50004E44425900000000424C455F44617461EA
:10DD6000205B25735D200D0A000000000D0A5B4D4D
:10DD70006F64656D5D205263765F4C52432045723F
:10DD8000726F725B2532585D5B2532585D0D0A005B
:10DD90005265637654696D656F7574204275666669
:10DDA000657220436C656172200D0A00455458204D
:10DDB0004572726F72205B253032785D0D0A00006B
:10DDC0005B4669726D776172655D20426F6F746C3E
:10DDD0006F61646572204D6F6465200D0000000066
:10DDE0000D0A5B4669726D776172655D204F505F09
:10DDF000434F4445204572726F725B2532585D0D6A
:10DE00000A0000005B55415254205D005B25303212
:10DE1000785D00005B253032785D0D0A000000005F
:10DE200049444C45000000000000004B000000CBBE
:10DE3000737172746600000018000020494E46009D
:10DE4000696E66004E414E006E616E0030003031EA
:10DE50003233343536373839414243444546003051
:10DE60003132333435363738396162636465660080
:10DE7000496E66696E697479004E614E000000005B
:10DE80000000000000000000000000000000000092
:10DE90000000000000000000000000000000000082
:10DEA0000000000000000000000000000000000072
:10DEB0000000000000000000000000000000000062
:10DEC0000000000000000000000000000000000052
:10DED0000000000000000000000000000000000042
:10DEE0000080E03779C34143176E05B5B5B8934656
:10DEF000F5F93FE9034F384D321D30F94877825A22
:10DF00003CBF737FDD4F1575000000000000F03F3F
:10DF10000000000000002440000000000000594004
:10DF20000000000000408F40000000000088C34057
:10DF300000000000006AF8400000000080842E41CC
:10DF400000000000D01263410000000084D7974118
:10DF50000000000065CDCD41000000205FA002421E
:10DF6000000000E876483742000000A2941A6D4293
:10DF7000000040E59C30A2420000901EC4BCD64286
:10DF800000003426F56B0C430080E03779C3414331
:10DF900000A0D8855734764300C84E676DC1AB43A7
:10DFA000003D9160E458E143408CB5781DAF1544C5
:10DFB00050EFE2D6E41A4B4492D54D06CFF08044A0
:10DFC000F64AE1C7022DB544B49DD9794378EA44B5
:10DFD00005000000190000007D000000232D302BFB
:10DFE0002000686C4C00656667454647004300505A
:10DFF0004F534958002E00002020202020202020B0
:10E0000020282828282820202020202020202020E8
:10E010002020202020202020881010101010101008
:10E020001010101010101010040404040404040450
:10E0300004041010101010101041414141414101E1
:10E0400001010101010101010101010101010101C0
:10E0500001010110101010101042424242424202CF
:10E060000202020202020202020202020202020290
:10E07000020202101010102000000000000000003A
:10E080000000000000000000000000000000000090
:10E090000000000000000000000000000000000080
:10E0A0000000000000000000000000000000000070
:10E0B0000000000000000000000000000000000060
:10E0C0000000000000000000000000000000000050
:10E0D0000000000000000000000000000000000040
:10E0E0000000000000000000000000000000000030
:08E0F000000000000000000028
:08E0F8000425FF7F0100000078
:04E10000E90000082A
:04E10400C10000084E
:10E10800000020000100000004000000AAAAAAAA3A
:10E11800010000001800002000000000A0DE000838
:10E12800C0DE000880DE00080000000000000000DB
:10E1380000000000000000000000000000000000D7
:10E1480000000000000000000000000000000000C7
:10E1580000000000000000000000000000000000B7
:10E1680000000000000000000000000000000000A7
:10E178000000000000000000430000000000000054
:10E188000000000000000000000000000000000087
:10E198000000000000000000430000000000000034
:10E1A8000000000000000000000000000000000067
:10E1B8000000000000000000430000000000000014
:10E1C8000000000000000000000000000000000047
:10E1D80000000000000000004300000000000000F4
:10E1E8000000000000000000000000000000000027
:10E1F80000000000000000004300000000000000D4
:10E208000000000000000000000000000000000006
:10E2180000000000000000004300000000000000B3
:10E2280000000000000000000000000000000000E6
:10E238000000000000000000430000000000000093
:10E2480000000000000000000000000000000000C6
:10E25800000000000000000081C60008BDC50008DD
:10E2680000000000F7DF0008F5DF0008E1DF000824
:10E27800E1DF0008E1DF0008E1DF0008E1DF000876
:10E28800E1DF0008E1DF0008E1DF0008E1DF000866
:10E29800FFFFFFFFFFFFFFFFFFFFFFFFFFFF000084
:10E2A80001004153434949000000000000000000FC
:10E2B8000000000000000000000000000000000056
:10E2C80000004153434949000000000000000000DD
:10E2D8000000000000000000000000000000000036
:04E2E8000000000032
:04000005080095C199
:00000001FF
