:020000040800F2
:100000000050002091800008C5490008C749000839
:1000100000000000000000000000000000000000E0
:10002000000000000000000000000000C97D000882
:100030000000000000000000717E0008C9490008AF
:10004000E1800008E1800008E1800008E18000080C
:10005000E1800008E1800008E1800008E1800008FC
:1000600000000000DD490008ED490008054A0008CD
:10007000E1800008E1800008294A0008E1800008CA
:10008000E1800008E1800008E18000080000000035
:10009000E1800008E1800008E1800008E1800008BC
:1000A000E1800008E1800008E1800008194A0008AA
:1000B000E1800008E180000800000000000000006E
:1000C00010B5064C2378002B07D1054B002B02D02E
:1000D000044800E000BF0123237010BDE8010020A8
:1000E0000000000090AC0008044B10B5002B03D0BA
:1000F0000349044800E000BF10BDC04600000000F6
:10010000EC01002090AC0008002243088B4274D31D
:1001100003098B425FD3030A8B4244D3030B8B4208
:1001200028D3030C8B420DD3FF22090212BA030C11
:100130008B4202D31212090265D0030B8B4219D3F2
:1001400000E0090AC30B8B4201D3CB03C01A524112
:10015000830B8B4201D38B03C01A5241430B8B425A
:1001600001D34B03C01A5241030B8B4201D30B0343
:10017000C01A5241C30A8B4201D3CB02C01A52416A
:10018000830A8B4201D38B02C01A5241430A8B422D
:1001900001D34B02C01A5241030A8B4201D30B0216
:1001A000C01A5241CDD2C3098B4201D3CB01C01A30
:1001B000524183098B4201D38B01C01A524143093A
:1001C0008B4201D34B01C01A524103098B4201D328
:1001D0000B01C01A5241C3088B4201D3CB00C01A95
:1001E000524183088B4201D38B00C01A524143080D
:1001F0008B4201D34B00C01A5241411A00D2014632
:10020000524110467047FFE701B5002000F0F0F8BA
:1002100002BDC0460029F7D076E7704703460B437E
:100220007FD4002243088B4274D303098B425FD3EF
:10023000030A8B4244D3030B8B4228D3030C8B421B
:100240000DD3FF22090212BA030C8B4202D3121201
:10025000090265D0030B8B4219D300E0090AC30BD6
:100260008B4201D3CB03C01A5241830B8B4201D383
:100270008B03C01A5241430B8B4201D34B03C01A6C
:100280005241030B8B4201D30B03C01A5241C30AE4
:100290008B4201D3CB02C01A5241830A8B4201D355
:1002A0008B02C01A5241430A8B4201D34B02C01A3F
:1002B0005241030A8B4201D30B02C01A5241CDD2E4
:1002C000C3098B4201D3CB01C01A524183098B422F
:1002D00001D38B01C01A524143098B4201D34B0118
:1002E000C01A524103098B4201D30B01C01A52417B
:1002F000C3088B4201D3CB00C01A524183088B4202
:1003000001D38B00C01A524143088B4201D34B00EA
:10031000C01A5241411A00D201465241104670475C
:100320005DE0CA0F00D04942031000D34042534061
:1003300000229C4603098B422DD3030A8B4212D321
:10034000FC22890112BA030A8B420CD38901921153
:100350008B4208D3890192118B4204D389013AD090
:10036000921100E08909C3098B4201D3CB01C01A65
:10037000524183098B4201D38B01C01A5241430978
:100380008B4201D34B01C01A524103098B4201D366
:100390000B01C01A5241C3088B4201D3CB00C01AD3
:1003A000524183088B4201D38B00C01A5241D9D2EB
:1003B00043088B4201D34B00C01A5241411A00D26C
:1003C0000146634652415B10104601D34042002B68
:1003D00000D54942704763465B1000D3404201B5E7
:1003E000002000F005F802BD0029F8D016E770479C
:1003F0007047C0468446081C6146FFE71FB500F001
:10040000E1FC002801D40021C8421FBD10B500F056
:1004100063FC4042013010BD10B500F0D3FC002851
:1004200001DB002010BD012010BDC04610B500F05A
:10043000C9FC002801DD002010BD012010BDC04610
:1004400010B500F071FC002801DC002010BD012077
:1004500010BDC04610B500F067FC002801DA00208E
:1004600010BD012010BDC046002B11D1002A0FD1B4
:10047000002900D1002802D00021C943081C07B47C
:10048000024802A14018029003BDC04665FFFFFF6D
:1004900003B4684601B5029800F0B0F8019B9E468F
:1004A00002B00CBC7047C046F0B5CE4647461504B6
:1004B0002D0C2E0080B50704140C3F0C9946030C3C
:1004C0007E435D43674363437F19340CE4199C46C4
:1004D000A54203D980235B029846C4444B4643435C
:1004E0005143250C36046544360C2404A4195B19C9
:1004F000591820000CBC90469946F0BD9E2110B5BD
:10050000C905041CFFF7A6FF002803D1201C00F03A
:10051000B5FF10BD9E21201CC90500F0D5FD00F0DF
:10052000ADFF80231B069C466044F2E710B5002116
:10053000041CFFF771FF002803D1201C00F00CF809
:1005400010BD80231B06E01800F006F802000B0027
:10055000002150429941F3E770B502F07DFC002282
:100560000B4B0D00040001F051FE02F075FD06007A
:1005700002F040FC0022074B01F048FE02000B0095
:100580002000290002F0B4F802F066FD310070BDD1
:100590000000F03D0000F041D0B5012602000B0044
:1005A000134F7642B6185F4104001248874219D9AA
:1005B000520504D08023E40AE4021B011C43080016
:1005C00002F0DEFB00220C4B01F020FE06000F00C3
:1005D000200002F00FFC32003B0000F0F9FF02F0B7
:1005E0008DFCD0BD8742EAD1B01CE1D8E7E7C04618
:1005F000FFFF1F00FFFF3F000000F041F0B54F4636
:100600004646D646C0B5040082B00D0091469846D5
:100610008B422FD82CD04146484602F011FD2900CC
:100620000600200002F00CFD331A9C46203B9A463F
:1006300000D576E04B46524693401F004B4662463B
:1006400093401E00AF4228D825D05346A41BBD417D
:10065000002B00DA7BE000220023009201930123AB
:10066000524693400193012362469340009318E061
:100670008242D0D900220023009201930A9B002BD2
:1006800001D01C605D600098019902B01CBC9046CE
:100690009946A246F0BDA342D7D90022002300927A
:1006A00001936346002BE9D0FB0798464146720848
:1006B0000A437B0866460EE0AB4201D1A2420CD849
:1006C000A41A9D41012024196D410021013E2418E6
:1006D0004D41002E06D0AB42EED9013E24196D41AA
:1006E000002EF8D100980199534600196941002B5A
:1006F00023DB2B005246D3402A006446E2401C0014
:1007000053461500002B2DDB26005746BE40330014
:1007100026006746BE403200801A99410090019140
:10072000ACE7624620239B1A4A46DA406146130032
:1007300042468A4017001F4380E7624620239B1AE7
:100740002A0066469A402300F3401343D4E76246EA
:10075000202300219B1A0022009101920122DA40FD
:10076000019280E72023624626009B1ADE402F007C
:10077000B0466646B74046463B003343C8E7C046EE
:10078000F8B54746CE4643025B0A4400C20F9C467A
:100790004800DD004B02240E5B0A000E80B598462F
:1007A00026009146C90FDB00271A8A4229D0002F64
:1007B00015DD00284AD1002B00D095E0ED08FF2C74
:1007C00000D188E06B025B0AE6B25B02F605580ACC
:1007D0003043D20710430CBC90469946F8BD002F19
:1007E00000D087E0601CC0B2012800DCB6E0EE1A41
:1007F000720100D5C5E0002E3DD100220026002365
:10080000E3E7002F00DC96E000285DD0FF2C60D0ED
:100810008022D20413431B2F00DDECE02022D21BE8
:1008200018009340F8405A1E93410343ED186B01A2
:100830007BD50134FF2C00D1B7E0012207262A40E6
:100840006B089A4D1D4015432E4029E0FF2CB5D072
:100850008022D20413431B2F00DDB2E02022D21BE2
:1008600019009340F9405A1E93410B43ED1A6B0156
:100870005BD5AD01AE09300002F0C4FB05388640FF
:10088000844265DC041B330020200134E340041B58
:10089000A640751EAE41334307261D0000241E40AE
:1008A00001224B461A40002E04D00F232B40042B6C
:1008B00000D004356B0100D480E70134E6B2FF2C90
:1008C0002FD1FF26002380E7002B52D1FF2C00D030
:1008D00074E70A00ED08002DF3D08023DB032B43DF
:1008E0005B025B0AFF2670E7013F002FBED0FF2CA2
:1008F000B1D163E7002C47D0FF2869D08024E404FD
:100900007A4225431B2A00DDC5E02C002026D44076
:10091000B21A95406A1E954125435D1B0400894625
:10092000A5E7AB015B0A50E7002401224B461A40C1
:100930006B07BAD142E7002F3BD10134E0B2012866
:100940004ADDFF2CBDD00726ED186D082E40A7E725
:100950000723574D241A35401E40A1E7002C1BD118
:10096000002D6ED1002B00D19AE00A001D003C0042
:1009700024E7013F002F00D158E7FF2C00D04AE7C1
:10098000A7E75E1B894676E7002D1CD10A00FF28E9
:100990001FD004001D0011E7002D5DD1002B17D1E1
:1009A00080230022DB03FF260FE70A00FF26002337
:1009B0000BE7002C21D1002D66D1FF28E9D11D00C5
:1009C00087E7012352E77A1CA7D0FA43FF2899D181
:1009D0000A001D00FF24F1E6002E21D1002D4FD08A
:1009E000002B4CD0ED186B019ED5314B07362E40B5
:1009F00001241D4054E7012318E7FF28DFD080249D
:100A0000E4047F4225431B2F4DDC2026F61B2C00DF
:100A1000B540FC406A1E95412543ED18040006E7E9
:100A2000002DCCD0002B00D153E780216046C903B4
:100A3000084203D04046084200D11D000121114068
:100A400047E7002B00D1B9E6EA1A500125D5072661
:100A50005D1B2E40894623E7FF24002B00D1ADE625
:100A600080226046D203104204D04046104201D199
:100A70001D00894601224B46FF241A409EE62B00AA
:100A8000DD080A0000249DE67A1CC6D0FF43FF283B
:100A9000B9D11D001DE701253FE7151E00D044E731
:100AA0000022002391E60125B7E7C046FFFFFF7D46
:100AB000FFFFFFFBF8B557464E464546DE4644026B
:100AC000E0B546008846640A360EC70F002E63D094
:100AD000FF2E24D08023E400DB041C43002399462E
:100AE0009B467F3E434642465D02D20F5B006D0A45
:100AF0001B0E9046924665D0FF2B55D080220021D8
:100B0000ED00D2047F3B1543F61A43464A467B402C
:100B10000F2A00D98DE06D48920082589746002C2C
:100B200054D108239946063BFF269B46DAE7002569
:100B3000534602291BD0032900D1BFE0012928D048
:100B400030007F30002820DD6A0704D00F222A40C1
:100B5000042A00D004352A0103D530005C4A8030D5
:100B60001540FE2803DCAC01640AC2B201E0FF229A
:100B700000246402D205600ADB07104318433CBC22
:100B800090469946A246AB46F8BD0122101A1B2892
:100B90007CDD00220024ECE7002C1DD104239946C3
:100BA000033B00269B469DE7FF3E002D20D10221FE
:100BB00043464A467B400A430F2AD8D8454892000C
:100BC00082589746002D19D10121F1E70C2399464F
:100BD000093BFF269B4685E7200002F013FA7626A4
:100BE000431F9C4000237642361A99469B4679E77C
:100BF0004A4603231A439146032186E7280002F060
:100C000001FA431F36189D40763600217DE7802487
:100C10000023E403FF22ACE700258023DB031C4212
:100C200028D01D4226D12B435C02640A4346FF2292
:100C30009FE762016C01A24224D21B210025013EE4
:100C4000012710006D005200002801DB944201D8FA
:100C5000121B3D4301390029F3D11400621E944157
:100C600025436DE7BA46594625005346022900D070
:100C700061E77CE78023DB031C436402640A3B00DA
:100C8000FF2276E7121B1A210125D9E79E362A009A
:100C9000B5402C00C240651EAC411443620704D02D
:100CA0000F222240042A00D00434620103D4A4019C
:100CB000640A00225DE7012200245AE78024E4034D
:100CC0002C436402640AFF2253E7C04694AD000837
:100CD000FFFFFFF7D4AD000870B542004E024C0094
:100CE00045026D0A120EC30F760A240EC90FFF2AA1
:100CF0000FD0FF2C11D00120A24200D070BDB54210
:100D0000FCD18B420DD0002AF8D12800451EA84105
:100D1000F4E70120002DF1D1EBE70120002EEDD109
:100D2000E9E70020EAE7C04670B54A004E024502F6
:100D300044006D0A240EC30F760A120EC90FFF2C51
:100D400015D0FF2A0ED0002C15D1002A01D1002E7B
:100D50001CD0002D14D08B4227D00220013B18401C
:100D6000013870BD002EEED002204042F9E7002D80
:100D7000FAD1FF2A0ED0002A0ED1002EEDD00BE0C2
:100D800001230139994308000130EAE70020002DD2
:100D9000E7D0E2E7002EE7D18B42DED1944205DDB9
:100DA0000221581E08400138DBE70024A24204DC7F
:100DB000B542D2D80020B542D3D2581E0123984361
:100DC0000130CEE730B5420044024D02C30F480067
:100DD000640A120E6D0A000EC90FFF2A12D0FF28F6
:100DE0000CD0002A12D1002819D1002D17D1002CC7
:100DF0002BD00220013B1840013826E0002DF0D016
:100E0000022022E0002CFBD1FF281FD000281FD198
:100E1000002D1DD10220013B1840013815E0002CA7
:100E20000ED08B42E5D10022904204DCAC42E0D8E7
:100E30000020AC4209D2581E01239843013004E03F
:100E40000123013999430800013030BD002DD7D16D
:100E50008B42CED18242E7DD0221581E0840013884
:100E6000F3E7C046F0B54E4657464546DE46E0B588
:100E700043025B0A450083B00F1C99462D0EC60F36
:100E8000002D57D0FF2D24D08020DB00C004184354
:100E9000002381469A469B467F3D7C027A00FB0FE9
:100EA000640A120E984623D0FF2A4BD0E300802418
:100EB0000020E4047F3A1C43AD186B1C47460193A5
:100EC000534677403A000F2B48D87D499B00CB58BA
:100ED0009F46002B00D085E008339A46063B9B4690
:100EE0007C027A00FB0FFF25640A120E9846DBD1C4
:100EF000002C00D090E0524601231A439246012074
:100F0000DBE74C4658461700022824D0032800D1BE
:100F1000CFE00022002301284DD15802D205400A1B
:100F2000FF071043384303B03CBC90469946A246A5
:100F3000AB46F0BD002B5BD104239A46033B002552
:100F40009B46AAE7FF35002C60D1524602231A4384
:100F500092460220B1E7FF220023DEE74B461B0C3E
:100F60009C464B462604360C180461463300220C7E
:100F70006446000C43434E435043544380191A0CBB
:100F80001218964203D9802149028C4664441B04FE
:100F90001B0C1004C01883015E1EB341800E184361
:100FA000130C1B199B0103431C00230179D501235A
:100FB00062081C401443019A7F32002A4DDD63070A
:100FC00004D00F232340042B00D00434230103D585
:100FD0003C4B019A1C408032FE2ABCDCA3015B0A18
:100FE000D2B29AE70C239A46093BFF259B4654E769
:100FF000180002F007F84A46431F76259A4000235E
:101000006D4291462D1A9A469B4646E75246032367
:101010001A439246032050E7200001F0F3FF431FDC
:101020002D1A9C40763D002047E780230027DB03F4
:10103000FF2272E7424666E74C463200584662E7B6
:1010400080234A46DB031A4222D01C4220D123438C
:101050005B025B0A4746FF225FE701239A1A1B2ABD
:1010600021DC23000199D3409E318C401A002300DB
:101070005C1EA34113435A0704D00F221A40042ACE
:1010800000D004335A0111D49B015B0A002244E7CB
:1010900080234A46DB0313435B025B0A3700FF22CF
:1010A0003BE7019587E70022002336E70122002372
:1010B00033E78023DB0323435B025B0AFF222CE739
:1010C00014AE0008FFFFFFF7F8B54746CE464400D0
:1010D000C20F80B547024802400A8446664648006F
:1010E0007F0A240EF60025009046FB00000EC90F73
:1010F000B146FF2800D185E001267140261A9142B1
:1011000057D0002E43DD002800D07FE0494600295B
:1011100000D1AAE0013E002E00D0F7E05B1A5A0190
:1011200000D48BE09B019C09200001F06BFF053887
:101130008440854200DDD3E0451B2300202001359B
:10114000EB40451BAC40621E94412343072400251D
:101150001C40012241460A40002C04D00F211940B6
:10116000042900D00433590100D480E00135ECB2E9
:10117000FF2D00D0A3E0FF2400235B02E405580A02
:10118000D207204310430CBC90469946F8BD002E70
:1011900074D1601CC0B2012800DCA7E04A469C1A4A
:1011A000620100D5B6E0002CBED10022002400234D
:1011B000E3E7002E00DC85E0002846D0FF2C49D074
:1011C00080224846D2041043814601221B2E09DCAE
:1011D00020204C46801B84404A462000F240441E9A
:1011E000A04102439B185A0128D50135FF2D00D19B
:1011F000A8E00122072494491A405B080B401343DE
:101200001C40A6E7002E00D078E775E7FF2C54D0ED
:1012100080224946D2041143894601221B2E09DC53
:1012200020214846891B88404A460100F240481E5A
:1012300081410A439B1A5A0100D573E701224146B6
:101240000A40590700D089E711E04846002858D1E4
:10125000FF2C0CD1DB08002B00D18CE78020C003D1
:1012600003435B025B0AFF2487E7FF2C25D0DB08E2
:10127000FF2DF0D05B025B0AECB27EE7002C4DD074
:10128000FF2818D08024E404724223431B2A00DD87
:10129000C4E01C002025D440AA1A93405A1E934152
:1012A00023434A460500D31A884638E7721CF8D013
:1012B000F243FF28EAD10A004B46FF25D7E79B01FE
:1012C0005B0A5AE7002E41D1651CE9B2012945DDD0
:1012D000FF2D00D14FE707244B445B081C4038E743
:1012E00007225A4B2D1A2340144032E7002C1DD1FF
:1012F000002B7AD14B46002B00D191E00A0000254B
:10130000B5E7013E002E19D14B446CE7FF2C84D188
:10131000FF25ACE74A468846D41A05E7002BC5D11D
:101320000A00FF28C8D005004B46A0E7002B49D192
:101330004B46002B77D00A00FF2598E7FF2C00D002
:1013400043E787E70A00FF24002316E7002C15D1A6
:10135000002B57D1FF28E6D14B467BE7002C20D14C
:10136000002B57D04946002953D04B445A0168D529
:101370000724364A1C4001251340EAE6FF28EBD03B
:101380008022D204764213431B2E53DC2025AD1B52
:101390001A00AB40F2405C1EA34113434B440500CE
:1013A00021E7002BD8D04946002900D152E78021FF
:1013B000C9030F4200D14DE76046084200D049E71B
:1013C0004B4647E74846FF25002800D14FE78022DB
:1013D000D203174204D06046104201D14B468846E2
:1013E00001224146FF250A4041E7484600281FD018
:1013F0001A1A500120D54A460724D31A1C408846A1
:101400000025A6E6741CC9D0F643FF28BCD14B4684
:1014100020E799464B460025DB082BE7012340E7F0
:1014200000220023A9E680230022DB03FF24A4E698
:1014300000251CE70123B1E7002AF1D013000025A5
:10144000FCE60025FAE6C046FFFFFF7DFFFFFFFB3D
:1014500042024B0240004900520A5B0A090E000E8C
:10146000FF2806D00020FF2902D11800431E984112
:101470007047FE38002AFBD1F4E7C0464102420023
:10148000C30F490A120E00207E2A0DD99D2A0CD8BE
:10149000802000040143952A0ADC9620821AD1405C
:1014A0004842002B00D108007047034A9818FBE718
:1014B000963A9140F4E7C046FFFFFF7F70B50028E1
:1014C0003DD0C317C5185D40C40F280001F09AFD38
:1014D0009E22121A962A07DCD2B2082833DD083879
:1014E00085406802400A23E0992A0BDD0523290084
:1014F0001B1AD94003001B339D402B005D1EAB41DE
:1015000019430D00052801DD431F9D402B000F49A5
:101510000B406E0709D00F263540042D05D004334B
:101520005D0102D59F220B40121A9B01580AD2B2CC
:101530004002D205400AE4071043204370BD002456
:1015400000220020F4E76802400AF1E7FFFFFFFBFA
:1015500070B5041E34D001F055FD9E22121A962A51
:1015600007DCD2B208282EDD083884406002400A29
:1015700021E0992A09DD030021001B3399404B1E0D
:10158000994105231B1ADC400C43052801DD431F4C
:101590009C4023000D490B40650709D00F252C40C6
:1015A000042C05D004335C0102D59F220B40121A93
:1015B0009B01580AD2B24002D205400A104370BDC6
:1015C00000220020F7E76002400AF4E7FFFFFFFB7C
:1015D000F0B54F464646D6460C000903C0B5490A49
:1015E000470F5E0039431F03DB0F9C4665007B0AF3
:1015F000570F1F436D0DE40F760DA146C000B8468E
:10160000D200AB1B64457BD0002B5FDD002E00D0E9
:10161000A4E03E00164300D112E15E1E002E00D071
:101620009EE1871A4346B84280410125C91A4042CB
:10163000091A0B0200D431E149024E0A002E00D1F2
:101640006EE1300001F0DEFC0300083B1F2B00DDE3
:1016500061E120223900D21A9E40D1409F400E43C2
:101660009D4200DD51E15D1B6B1C1F2B00DD7CE109
:101670002021C91A3D0030008F408840DD40791E8E
:101680008F41310007222843D940002507433A40C3
:10169000002A09D00F233B40042B05D03B1DBB4241
:1016A000BF417F42C9191F000B0200D426E26A1C09
:1016B000C64B55056D0D9A4200D106E1C44AFF089C
:1016C0000A40530752023B43120B8EE0002B00D01E
:1016D000B8E06B1C5B055B0D012B00DC30E1871A69
:1016E0004346B842B641CB1A76429E1B330200D520
:1016F0004CE13B003343A1D100220024002570E0DF
:10170000002B00DCE5E0002E00D183E0AF4EB542B7
:1017100060D0802636043743B846382B00DC3EE1E3
:10172000434613431F007A1E97413F18874280416A
:10173000404209180B0200D4B0E0A44B01359D4291
:1017400000D1C3E0A24A7B080A4001210F401F4399
:101750005108D30707221F433A4099E79B4EB542F1
:1017600038D0802636043743B846382B00DDDCE01D
:101770001F2B00DC30E11E004746203EF740BC46F0
:10178000202B04D04026F31A46469E4032431700D1
:1017900063467A1E97411F43CCE0002B00D104E240
:1017A0004346134300D159E14B07C0081843802337
:1017B000C9081B03194208D04546ED081D4204D153
:1017C0004346D008590708432900420FC9007F4DFE
:1017D0001143C0004B07CA087C49C00803438D422F
:1017E00068D012036D05120B6D0D00211203180055
:1017F000130B0A0D12051A43764B2D0513402B438C
:101800005B00E4075B08234319001CBC9046994623
:10181000A246F0BD3E00164312D05E1E002E00D040
:1018200000E1871887428041414440420918012560
:101830000B0233D5022585E764463300414610008C
:101840001D00C7E7002D00D0DAE00C000443F3D000
:101850005C1C00D19FE15D4CA64200D12FE1DB432F
:10186000382B00DD66E11F2B00DD83E1202405001D
:10187000E41A0F00DD40D940A0404346A7405B1A60
:10188000441EA04198462F433843171ABA4292414A
:1018900043465242991A64463500CAE607223A4046
:1018A000002A00D0F6E64B07CA084849FF083B4328
:1018B0008D4296D11900114300D19EE18021090388
:1018C0000A431203120B414D8FE71500002200233B
:1018D0008BE7002B00D0C7E06B1C5F057F0D012F4D
:1018E00000DCF1E0394DAB4200D1B9E085180A00C7
:1018F000854289414244494251180722CF076D0869
:101900002F4349083A401D00C2E607223049ED1A2C
:1019100031403A40BCE63E002838864000279FE62A
:10192000380001F06FFB20308EE6434613431F0062
:101930007A1E9741C71BB84280414042091A78E697
:101940000E003B0006431343002D61D1002E00D052
:10195000F4E0002B00D11BE164463900100039E7A8
:101960001A4FBB427AD03300FFE630001F3DE840FB
:10197000202B03D04021CB1A9E4037437B1E9F4132
:10198000072207433A400021002589E7171A4346FA
:10199000BA42B641591A76428E1B64464EE61F2B58
:1019A00000DDADE020264746F61AB740B9461700DD
:1019B000B246DF404E463E4337005646B240561EC2
:1019C000B24117434246DA408918AEE6FF070000ED
:1019D000FFFF7FFFFFFF0F8020264746F61AB74024
:1019E000B9461700B246DF404E463E4337005646E2
:1019F000B240561EB24117434246DA40891A99E76F
:101A00007F4CA6425BD0802424045B42214327E71D
:101A1000002E0CD1002B00D1CBE064463900100021
:101A2000774DD7E6764FBB4218D0330075E6002BD2
:101A300014D04B07C00818438023C9081B03194260
:101A400007D0FC081C4204D17907D0080843E146BE
:101A500021004C46420FC9001143C000684DB9E651
:101A60001D0000220023C0E6002D5BD10D000543C0
:101A700000D1E2E65D1C00D1B0E0614DAE421FD066
:101A8000DB43382B71DC1F2B00DD96E020250F0097
:101A9000ED1AAF40B9460700AA46DF404D463D4328
:101AA0002F005546A840D940451EA8418844074309
:101AB000BF18974292415142414435003AE664468C
:101AC00035004146100085E60B000343002D00D091
:101AD00063E6002BF5D04346134300D17AE687181E
:101AE0008742804107224144404209183A400B0294
:101AF00000D4D5E6434B01351940C9E5380069E605
:101B00001E004746203EF740BC46202B04D040260E
:101B1000F31A46469E403243170063467A1E9741A9
:101B20001F4302E6364DAE42CAD080252D045B42EB
:101B30002943A6E70843411E8841A6E6002B00D1B1
:101B400048E6871A4346B842B641CB1A76429E1BF6
:101B500033024BD5171A4346BA429241591A5242A0
:101B6000891A072264463A4092E501430F00791E24
:101B70008F419DE71C000F00203CE740202B03D045
:101B80004024E31A99400843411E884138437CE6CB
:101B90000022002425E6171A4346BA429241591AF8
:101BA0005242891A6446350043E541461000144DFF
:101BB00010E680220024120380E61D000F00203D65
:101BC000EF40BC46202B03D04025EB1A9940084338
:101BD00007006346781E87411F4369E787189742CD
:101BE0009B4141445B42C9183500A3E53B003343A8
:101BF000CED0072231003A4052E600231A00F4E525
:101C0000FF070000FFFF7FFFF0B55746DE464E4658
:101C10004546E0B5834607000E03480085B092466E
:101C20001C00360B400DCD0F002800D19DE0954BD8
:101C3000984239D08023F6001B041E43924A7B0F42
:101C400033439946944603006344009300230026DF
:101C5000FF00029323031B0B98466300E40F5246D8
:101C60005B0D019400D1B3E086498B4200D19EE028
:101C70004246D100802212040A435146490F1143C3
:101C80008B46814952468C4600996344CB1A002109
:101C9000D20000932B0063409A460F2E00D905E135
:101CA0007A4BB6009B599F465B463343994600D01A
:101CB000B8E002230826002700900293CAE7CB462B
:101CC0003A0002990195019B9A46022927D00329DF
:101CD00000D180E2012944D06D49009B8C466344C9
:101CE0001C00002C38DD530700D013E2D2085B46FD
:101CF000DB0109D55946674B19408B468021C90045
:101D00008C46009B63441C00634B9C4207DC5B4693
:101D100064055F075B0217431B0B620D02E00023A3
:101D20000027584A00211B031C0B0B0D1B052343E6
:101D300014055A4A380013401C4353466400DB071D
:101D400064081C43210005B03CBC90469946A2465D
:101D5000AB46F0BD0122524201231B1B382B00DC95
:101D6000ADE1002200230027DCE75B4633439946C0
:101D70005ED0002E00D18AE1300001F043F903006B
:101D80000B3B1C2B00DD7BE11D22D31A5A460100C0
:101D9000DA4008398E4013005F46334399468F403E
:101DA0003F4B00261B1A00930023029352E7414643
:101DB00053460B433B499B468C46009B6344009330
:101DC0005B46002B3BD1022300221E43022161E728
:101DD000434613439B4637D04346002B00D162E174
:101DE000404601F00FF903000B3B1C2B00DD53E1D3
:101DF00002004146083A914088461D21CB1A5146BF
:101E0000D9400B0041460B439B46534693401A0072
:101E1000009B25499C46604403008C466344009324
:101E2000002137E70323B14600900C26029311E707
:101E30000023009301330426002702930AE70323BB
:101E4000C3461E43032125E701331E43002201211F
:101E500020E700239A46802300271B03094A61E7F5
:101E6000802349461B03194200D1E2E0594619423A
:101E700000D0DEE00B431B0317001B0BA246014AF8
:101E800050E7C046FF07000001FCFFFF54AE00080A
:101E9000FF030000FFFFFFFEFE070000FFFF0F80B3
:101EA0000DFCFFFF01F8FFFFF3030000D94500D947
:101EB000CBE000D1C6E03C0048460027009B013B38
:101EC00000935B46160E1B021E4313029846330412
:101ED0001B0C9946310C0191FEF79CF94A4642438E
:101EE0000B04210C050019438A4207D98919013DC9
:101EF0008E4203D88A4201D9851E8919881A019910
:101F0000FEF788F909048C464A4621046446424398
:101F1000090C030021438A4204D98919013B8E42EE
:101F200000D8F1E02D041D43AB464346891A4246D2
:101F3000280C12041D0C5B46140C22001B041B0C05
:101F40005A4303946B434443029568431B19150C91
:101F5000EB189C4203D980246402A44660441C0C04
:101F600015041B042D0C20185D19814277D373D002
:101F70000C1AA24A7D1BAF42BF419446009B7F4290
:101F80006344E01B1C00864200D1DBE00199FEF7B0
:101F900041F94A4642430B04290C070019438A427F
:101FA00007D98919013F8E4203D88A4201D9871E79
:101FB0008919881A0199FEF72DF909044A468946BC
:101FC00029044D464243090C030029438A4207D99C
:101FD0008919013B8E4203D88A4201D9831E89198F
:101FE0003F04891A3A00039F1A43380013041B0C5C
:101FF000584381460298150C6F4343434543484676
:10200000000C8446DB1963449F4203D980204002C0
:102010008446654448461F0C00041B04000C7D19CF
:102020001818A94200D284E000D17FE001231A43AE
:1020300057E680234A461B0313431B031B0BAA4688
:102040006F4A6FE6BA4200D935E74B46DC075808BD
:102050007B081C43FF0734E70024AF4289D2474482
:102060004745A4415B466442A4196418013BA6425B
:102070001ED2A0426DD800D1B6E0241A9B4678E764
:1020800003005A46283B9A400027914688E6584666
:1020900000F0B8FF203072E603005246283B9A4019
:1020A00093460022B4E6504600F0ACFF20309AE69A
:1020B000A642E2D1B845DCD9341A9B4659E71F2B1A
:1020C00065DC504C0099A4465C46614408008C4095
:1020D00011008240D940501E82410C4314435A469D
:1020E000DA401300620709D00F222240042A05D0EB
:1020F0002200141D9442894149425B181A0262D59C
:102100000122002300270DE68A4200D80AE7831E39
:10211000891907E70F231340042B00D1E6E5171DAB
:102120009742924153429B44FA08E0E5002800D1CF
:10213000D7E57118531EB14227D3A94215D358D001
:102140001A0073E7002B00DC04E6012300229B4405
:10215000CDE502234744474589415B429C464942BD
:1021600089190C19E344241A03E743465F004745E5
:102170009B41B8465B429E19023A8919A94200D098
:1021800054E7404500D051E7ABE51A00F6E71F21C0
:102190005F4649420C1BE740202B07D01A49009BA1
:1021A0008C46634418005B4683401A43501E8241AC
:1021B0003A4307270023174009D00F21002311407D
:1021C0001400042995D122005F075B021B0BD20883
:1021D00017430022A6E5802359461B030B431B032C
:1021E00017001B0B064A9DE5BD42B2D89B46002452
:1021F000BFE68045B9D31A00C3E7C046FF0300001D
:10220000FF0700001E0400003E040000F0B5574622
:10221000DE464E464546E0B5834606000F034800BD
:1022200087B092461D003F0B400DCC0F002800D117
:102230006FE0DE4B984238D08023FF001B041F4321
:10224000730F3B430193DA4B0027994600239B46CB
:10225000F60081442B0369001B0B52469846490D3A
:10226000ED0F002900D185E0D04B994200D173E0F9
:102270004346DA0080231B0413435246CC48520FD6
:1022800084461343524600206144D2008944210011
:10229000694000918C46012149448A460F2F00D99C
:1022A00090E0C449BF00CF59BF465B463B43019312
:1022B00000D06AE102230827002681469B46C9E731
:1022C00032005846019B61460091022800D175E01A
:1022D000032800D1FEE1012800D02CE100230027D3
:1022E000002600253F032A0D3F0BB34812053A4351
:1022F00002401B051343009A5B00D1075B080B43A8
:102300003000190007B03CBC90469946A246AB4647
:10231000F0BD5B463B43019300D12FE1002F00D17C
:10232000A5E1380000F06EFE03000B3B1C2B00DD26
:1023300096E11D22D31A5A460100DA405E4608395A
:102340008F4013008E403B4301939C4B00271B1A88
:10235000994600239B467DE7414653460B439349EC
:102360008C46E144002B00D01AE1022202201743E0
:1023700000228CE7134300D10DE14346002B00D12E
:1023800081E1404600F03EFE02000B3A1C2A00DDCF
:1023900072E10100434608398B4098461D239A1A82
:1023A0005346D3401A004346134352468A40494697
:1023B000081A824989468144002068E77B4B002740
:1023C00000268EE7140C1204120C1100370C360490
:1023D000350C794328008C462E00604360448346C8
:1023E00056432100300C80465846794340440291C0
:1023F000844506D98846802149028C46E0444146FE
:1024000002913604010C360C00048B4681191E0C17
:102410001B041B0C0391190079438C46280075435B
:102420006544A8465843050C45447743A94203D95F
:10243000802149028C466744290C8C4639000004EF
:10244000000C2D042D186144AB44059159460491AC
:1024500001990F043F0C080C390051434243904648
:1024600002008C46090C8B4662437C4344445C4426
:10247000A04503D98021490288464244210C884660
:1024800061460904090C8C463900594343437043A3
:102490007E430F0CF6182404BE19644442448C4653
:1024A000B34203D980235B0298464044029B6146B5
:1024B0009846049B370443449B46AB45AD416B4271
:1024C0000D0405992D0C8C467F196744FD18A8460C
:1024D0005D462D19A542A44193466442A446C344D7
:1024E000DC448F42BF4198459B4193459241A445AE
:1024F000A4415B427F421F43360C52426442BF19E3
:102500002243BF18624638184302D20D0399134381
:102510006A020A43501E82416146ED0D2A434E0273
:102520003243D90100D4B3E00126500832400243BF
:10253000DE0732435B08224C5444002C62DD510715
:1025400009D00F201040042805D0101D9042924160
:1025500052429B180200D90104D580241948E40096
:10256000034054441848844200DD27E75E075B02BD
:10257000D2081F0B630516435B0DB2E60023994694
:102580000133042700269B4664E603230197814616
:102590000C279B465EE6012201201743002276E6C7
:1025A000032303201F43434671E6C046FF07000094
:1025B00001FCFFFF94AE0008FFFF0F800DFCFFFF42
:1025C000FF030000FFFFFFFEFE070000002380273F
:1025D00000933F030026434B83E6019B3200A44651
:1025E000584670E6AC466EE6802701993F033942B3
:1025F0002DD03B422BD11F433F033F0B00951600CC
:10260000384B6EE601252D1B382D00DD66E61F2DAB
:1026100040DC35481C005044160082408440EE40A7
:10262000501E824134431443EB40620709D00F220D
:102630002240042A05D02200141D944280414042C9
:102640001B181A023ED501230027002649E68027E1
:10265000019B3F031F433F033F0B0094214B40E688
:1026600003005A46283B9A40002601926DE65846E0
:1026700000F0C8FC203057E603005246283B9A4041
:102680001300002293E6504600F0BCFC20307BE6AD
:10269000CA4650E71F201E004042041BE640202D82
:1026A00003D0124C5444A3401A43501E824132437B
:1026B00007260027164009D00F20002310401400E1
:1026C0000428B9D122005E075B021F0BD208164313
:1026D000002306E680273F031F433F033F0B1600FE
:1026E000004BFEE5FF0700001E0400003E04000052
:1026F000F8B557464E464546DE460C000903E0B5A0
:10270000490A460F5F0031431E03DB0F760A9B46E2
:10271000530F3343C84E6500C000E40FD2006D0D67
:10272000A24681467F0D9C469046B74200D1B9E053
:102730005B46012673409B46EE1BA34500D183E018
:10274000002E63DD002F00D0B1E06346134300D1BB
:1027500023E1731E002B00D0BAE1861A6346B04213
:1027600080410125C91A4042091A0B0200D447E1F1
:1027700049024B0A98464346002B00D189E1404666
:1027800000F040FC0300083B1F2B00DD7CE1202211
:102790003000D21A4146D040994002009E400A4380
:1027A0009D4200DD6AE15D1B6B1C1F2B00DD94E187
:1027B000202110003500C91A8E40DA408840DD40E3
:1027C000711E8E4111000722284300250643324026
:1027D000002A09D00F233340042B05D0331DB34208
:1027E000B641764289191E000B0200D43DE26A1CF4
:1027F000914B55056D0D9A4200D119E18F4AF608AB
:102800000A40570752023743120B9BE0002E00D0BC
:10281000C5E06E1C7605760D012E00DC48E16746AA
:10282000861ACB1BB042BF417F42B8461F004346C9
:10283000FF1A3B00B8461B0200D55FE137439AD12F
:1028400000220024002579E0002E00DCFAE0002FB1
:1028500000D18DE0784B9D4267D0802367461B04F2
:102860001F43BC46382E00DC52E1634613435A1E18
:1028700093411E1886428041404209180B0200D441
:10288000BEE06D4B01359D4200D1D2E06B4A73082A
:102890000A4001210E401E435108D30707221E4360
:1028A000324095E71E00164300D045E740E7624BF3
:1028B0009D423AD0802367461B041F43BC46382EF6
:1028C00000DDEBE01F2E00DC3AE133006746203BE1
:1028D000DF403B00202E05D04027BF1B6646BE4090
:1028E000324390464646721E96413343DAE0002B4F
:1028F00000D114E26346134300D168E180234E0700
:10290000C008C9081B030643194208D06046C00826
:10291000184204D163460100D2085E071643F30053
:102920009946C900720F444D11434B46DE08424B95
:102930004F073743CA089D4200D16EE012036D0570
:10294000120B6D0D00211203130B0A0D12051A4311
:102950003B4B2D0513402B435B00E4075B082343EF
:10296000380019003CBC90469946A246AB46F8BDDB
:102970006346134311D0731E002B00D007E1861865
:102980008642804161444042091801250B0237D537
:1029900002257BE73E00614691463500C5E75C466F
:1029A000002D00D0E1E00B000343F3D0731C00D1F5
:1029B000ACE1214B9F4200D13AE1F343382B00DDDB
:1029C0006FE11F2B00DD8CE120250E00ED1AAE40DB
:1029D000B0460600AA46DE40454635432E00554621
:1029E000D940A8406346451EA8415B1A9C46304327
:1029F000161AB242924163465242991A3D00B4E619
:102A000007223240002A00D0E4E60B4BF6084F07BD
:102A10003743CA089D4200D090E73B00134300D1E2
:102A2000A6E180231B031A431203120B024D89E710
:102A300015000022002785E7FF070000FFFF7FFF4A
:102A4000FFFF0F80002E00D0C7E06B1C5E05760DE7
:102A5000012E00DCF0E0C84DAB4200D1B9E0851892
:102A60000A00854289416244494251180722CE0733
:102A70006D082E43490832401D00A9E6BF49ED1AF2
:102A8000114007223240A3E6320028388240002657
:102A900086E6300000F0B6FA203073E66346134352
:102AA0005A1E9341C61AB04280414042091A5CE660
:102AB0000E00674606431743002D5ED1002E00D05E
:102AC000F3E0002F00D11EE15C46614691462CE701
:102AD000A94FBE427BD01E00F1E610001F3DE8402A
:102AE000202B03D04021CB1A9A401643731E9E41DF
:102AF0000722064332400021002583E7161A634669
:102B0000B2428041591A40420B1A98465C4632E65E
:102B10001F2E00DDABE02027BB1B9A4663465746BD
:102B2000BB40994613004F46F3401F433B005746B6
:102B3000BA40571EBA4113436246F240891898E6DC
:102B40002027BB1B9A4663465746BB409946130055
:102B50004F46F3401F433B005746BA40571EBA4109
:102B600013436246F240891A9CE7834B9F425FD031
:102B700080252D047342294320E7002E0CD1002F1D
:102B800000D1D0E05C46614691467B4DCDE67A4F60
:102B9000BE421CD01E0065E6002F18D0C0084E07AC
:102BA00006438020C9080003014208D06346DC08C0
:102BB000044204D12100DA46D2085E071643F3002E
:102BC000994601245346C900720F11431C406A4DB7
:102BD000ABE61D0000220027B4E6002D59D10B0002
:102BE000034300D1D6E6731C00D1B2E0624B9F4292
:102BF0001ED0F343382B6FDC1F2B00DD97E0202520
:102C00000E00ED1AAE40B0460600AA46DE4045462C
:102C100035432E005546A840D940451EA8418C4456
:102C20000643B61896429241514261443D0025E662
:102C30003D006146914678E60B000343002D00D02D
:102C400055E6002BF5D06346134300D16DE6861898
:102C50008642804161444042091800220B0200D4A0
:102C6000D0E6464B01351940B2E5B1465DE633008A
:102C70006746203BDF403B00202E05D04027BF1B8E
:102C80006646BE40324390464646721E96413343E6
:102C9000EFE5394B9F42CBD080252D047342294369
:102CA000A8E70843411E8841A2E6002F00D13CE678
:102CB0006346861ACF1AB0429B415B42FB1A984684
:102CC0001B024ED5161A6346B2429241591A52421D
:102CD000891A5C4600227BE501430E00711E8E417D
:102CE0009FE71D000E00203DEE40B046202B04D093
:102CF0004025EB1A99400843814648464346411E09
:102D00008841184374E60022002417E6161A634629
:102D1000B2429241591A5242891A3D0025E5614654
:102D20009146154D01E680220024120379E61D002C
:102D30000E00203DEE40B046202B04D04025EB1A7B
:102D40009940084381464E464346711E8E411E43BC
:102D500067E7861896429B4161445B42C9183D0073
:102D60008CE547463743CED007224146324049E6FC
:102D700000273A00E6E5C046FF070000FFFF7FFF9F
:102D800070B500282DD0C317C5185D40C40F2800AA
:102D900000F038F9154B1B1A5B055B0D0A2815DD91
:102DA0000B38854000222D032D0B002110002D0330
:102DB0000A0D2D0B12052A430D4D1B052A40134306
:102DC0005B00E4075B082343190070BD0200290083
:102DD000153291400A000B21081AC5402D032D0B16
:102DE000E3E70024002300250022DEE71E040000A4
:102DF000FFFF0F8010B5041E25D000F003F9144B1F
:102E00001B1A5B055B0D0A2812DD0B38844000227B
:102E10002403240B0021100024030A0D240B1205A7
:102E200022430C4C1B05224013435B00590810BD84
:102E300002002100153291400A000B21081AC440FB
:102E40002403240BE6E7002300240022E2E7C04627
:102E50001E040000FFFF0F804100090E4B1C70B5DF
:102E6000DBB24602750AC40F012B14DDE0239B0080
:102E70006D07360BCB1800210A0D280012051C4DDA
:102E800032435B052A405B0813435B00E4075B08A1
:102E90002343190070BD002914D1002D1ED0280035
:102EA00000F0B0F80A281CDC0B232A001B1ADA40B9
:102EB000030015339D400F4B12031B1A5B05160BC5
:102EC0005B0DD8E7002D06D0320B802636036D0748
:102ED0001643094BCFE7084B0026CCE7002300261A
:102EE000C9E703002A000B3B9A400025E3E7C046F0
:102EF000FFFF0F8089030000FF070000F0B54C00C2
:102F0000640D0B03621C5B0A460F5205C90F1E437A
:102F1000C500520D012A29DD374BE718FE2F1CDCB6
:102F2000002F3BDD8001431E98410722F3006D0F07
:102F300003432B431A40002A04D00F221A40042ACC
:102F400000D004338022D2041A4024D00137FAB2D0
:102F5000FF2F02D09B01580A01E0FF22002040020F
:102F6000D205400AC90710430843F0BD3543002C81
:102F700004D1002D0AD100220020F0E7002DECD072
:102F80008020C0033043FF22E9E7002400235B02D6
:102F9000580AE2B2E3E7DB083C00F8E73B001733EE
:102FA000F3DB80231B0433431E26F61B1F2E14DD88
:102FB00002225242D71B1A00FA401700202E04D0DA
:102FC0000E4A94466444A3401D432B005D1EAB4152
:102FD00007223B431A400027ADE7094A2800A21800
:102FE000954093406C1EA541F04007222B430343BC
:102FF0001A4000279FE7C04680FCFFFFA2FCFFFFAE
:1030000082FCFFFF1C2101231B04984201D3000C0A
:1030100010391B0A984201D3000A08391B0998424B
:1030200001D30009043902A2105C40187047C04661
:103030000403020201010101000000000000000081
:1030400010B5002903D1FFF7DDFF203002E0081C96
:10305000FFF7D8FF10BDC04670B500220C4B04002E
:103060000D0000F081F8002804D12000290000F0B4
:1030700011F870BD064B002220002900FFF738FB35
:1030800000F008F880231B069C466044F1E7C04628
:103090000000E04130B5144D0A034B00120B5B0DEC
:1030A000C90F0024AB4211DD104CA34210DC802478
:1030B000640322430E4CE41A1F2C0CDD0D48C31A86
:1030C000DA4013005C42002900D11C00200030BD12
:1030D000094BCC18FAE7094DE040AC4663449A40EE
:1030E00013000343EEE7C046FE0300001D0400008A
:1030F0003304000013040000FFFFFF7FEDFBFFFF20
:103100008446101C62468C46191C634600E0C0468B
:103110001FB500F0D3F8002801D40021C8421FBD1C
:1031200010B500F02BF84042013010BD10B500F092
:10313000C5F8002801DB002010BD012010BDC046ED
:1031400010B500F0BBF8002801DD002010BD012003
:1031500010BDC04610B500F04DF8002801DC00207D
:1031600010BD012010BDC04610B500F043F8002886
:1031700001DA002010BD012010BDC046F0B54F4659
:103180004646D6468446C0B58046194E18030F03FE
:103190004D00000B5C0082463F0B6D0DC90F914640
:1031A000640DDB0F0120B5420AD0B44203D0A54222
:1031B00001D157450CD01CBC90469946A246F0BDA3
:1031C00066463E43F7D1AC42F5D154461443F2D1A2
:1031D0000120C845EFD1994207D0002DEBD16346BD
:1031E0001F433800471EB841E5E70020E3E7C0462B
:1031F000FF070000F0B54F464646D6464D00C0B525
:103200000E03C90F8A462C491F035C008046360B0B
:103210006D0D91463F0B640DDB0F8D421ED08C422D
:1032200016D0002D1ED130438446002C01D13A43E4
:1032300023D06246002A1AD09A4529D0514602204E
:103240000139084001381CBC90469946A246F0BDA1
:1032500039001143E5D002204042F4E73043FAD16F
:10326000AC420FD0002C0FD13A43E7D00CE0012242
:10327000013B934318000130E5E763460020002B33
:10328000E1D0DBE73A43E6D19A45D7D1A542D5DC78
:10329000A54205DBBE42D1D808D00020BE42D2D222
:1032A00050460123013898430130CCE7C845C5D8C2
:1032B0000020C845F4D3C6E7FF070000F0B54F462D
:1032C0004646D6464D00C0B50E03C90F8A462E4964
:1032D0001F035C008046360B6D0D91463F0B640D5D
:1032E000DB0F8D4218D08C4211D0002D18D1304305
:1032F0008446002C1ED13A431CD163460020002B8B
:1033000030D0514602200139084001382AE0390006
:103310001143EAD0022025E03043FBD1AC4226D055
:10332000002C26D13A4324D15146022001390840CD
:10333000013817E06246002A0FD09A45E1D1A54234
:1033400005DBBE42DDD819D00020BE420AD250466D
:10335000012301389843013004E00122013B9343EB
:10336000180001301CBC90469946A246F0BD3A4375
:10337000D0D19A45C5D1A542C3DCE0E7C845C0D845
:103380000020C845E3D3EDE7FF0700000023C25C3F
:103390000133002AFBD1581E7047000002B4714669
:1033A00049084900095C49008E4402BC7047C04688
:1033B00070B50C4E0D031C0349005B002D0B490D2D
:1033C000240B5B0DB14208D0064900208B4203D18B
:1033D00014432000441EA04170BD05430120002D70
:1033E000FAD1F1E7FF070000034B036054330B6091
:1033F000802313607047C0460402002070B50400AB
:103400000E0001F0A3FC050001F0A0FC401BB0423F
:103410000BD2022301223C21200002F08FFA002867
:1034200004D0012001F098FCEEE7032070BD0000FD
:1034300010B504F0DBFA394B1B68C31A384A9342C3
:1034400000D810BD354B186036495868FDF70AFDA5
:10345000011C354804F08CFE04F0FCFE00B21D286F
:1034600006DDC8235B00984203DDC820400000E071
:103470001E202A4B1B89022B0FD92C4A81239B002B
:10348000D35E9022FF32934207DC04332749753222
:103490008B52224B00221A811EE0204B5B89042BA9
:1034A0000ED9224A81239B00D35E1E2B08DD023BEE
:1034B0001E49812292008B52184B00225A810BE048
:1034C0001A4A81239B00D35E821E93421DDA013388
:1034D0001649812292008B52144A81239B00D35EAD
:1034E0001D2B04DC114A81239B001E21D1520F4A5F
:1034F00081239B00D25EC8235B009A42A1DD0B4A68
:103500007433C8214900D1529BE702308342E3DD86
:10351000013B0649812292008B52DDE758040020CE
:1035200087130000000090400000F041703B002035
:10353000884202D9401A01387047081AFCE710B5D2
:10354000072001F083F8012001F0BAF801F0CCF86F
:1035500010BD000070B53D4BAC22520099580832A6
:103560009858FFF7E5FFFA239B0098423DD9374A68
:10357000C1235B00D35C002B38D0344ABD235B00F1
:10358000D35C012B3DD0314BAC225200995808320C
:10359000995014329B5C002B3AD02C4ABA235B0022
:1035A0000021D154294CBA235B00E05C01F03AF8C9
:1035B00001F0E0F8C0B2264BE35C83420FD0234A0F
:1035C000234BD054002829D0224805F041FC1F4A43
:1035D0008C239B000121D154002001F0C1F81B4A2B
:1035E0008023FF33D35C002B24D170BD1400012550
:1035F0008333FF33D55401F0F9FABD235B00E55462
:10360000BBE77A33FF330021D154FFF798FFBAE7C5
:103610000E4ABA235B000121D154C3E70E4805F0DE
:1036200017FC0A4A8C239B000021D154012001F091
:1036300097F8D4E7002001F06BF8002001F07CF847
:10364000024A8023FF330021D154CEE7703B002093
:103650002D02000000AF000818AF000810B504F0FC
:10366000C5F9044AAC235B00D050034802F0AEFA1F
:1036700010BDC046703B00203041002010B50C004A
:103680004A6C4123CB5CDBB20100104805F066FBBD
:10369000636C9B0709D4636C5B070AD4636CDB071C
:1036A0000BD4636C9B060CD410BD094805F0D0FB0D
:1036B000F1E7084805F0CCFBF0E7074805F0C8FB48
:1036C000EFE7064805F0C4FBEEE7C046B0B60008D9
:1036D000D0B60008ECB60008FCB600080CB700082D
:1036E00070B505000B4805F0B3FB082401E0013478
:1036F000E4B2772C0CD8610005230222280002F0E6
:103700001DF90028F3D12100034805F027FBEEE75F
:1037100070BDC04618B7000828B70008F0B587B0DC
:1037200005000C00002600200021029003910AE011
:103730007700EF5F3A00FB17029803998018594110
:10374000029003910136A642F2DB02980399FCF73E
:1037500023FF061C2000FDF7B1FE011C301CFDF705
:10376000A9F9071C002600220023029203931BE004
:103770007300585FFFF704FB04900591381CFFF7B6
:103780006BFB02000B0004980599FEF7B1FF0200E5
:103790000B00FEF73BFD02000B0002980399FDF7BA
:1037A00017FF029003910136A642E1DB2000FFF7EC
:1037B000E7FA02000B0002980399FEF725FAFFF7DB
:1037C0009DFB04F083FD041C381C04F007FD224B14
:1037D000FE225200985004329C502049201CFDF7D4
:1037E00041FB011C1E4804F0C3FC04F033FD00B291
:1037F0001D2806DDC8235B00984203DDC820400079
:1038000000E01E20144C8127BF00E0530025154B1B
:10381000E5540233E5500433E550603BE5520022A5
:103820004C33E254104EF560356104F0DFF830603F
:103830003581758180239B00E0587060043BE5581A
:10384000E45FFFF709FB02000B0000942900074822
:1038500005F084FA07B0F0BD703B002000009040F6
:103860000000F04106020000580400203CB70008A8
:10387000F0B5D64600B5BEB00023EF2202A98C46B3
:1038800062441370EE2262441370ED22624413709E
:10389000B64805F0DDFA1421B548FFF7AFFD002862
:1038A00010D0B34C2100B348FFF7E8FE2000FFF72B
:1038B00017FFB14AD5235B000021D1543EB004BCB0
:1038C0009246F0BD32230293313B0193EE3302AABC
:1038D00094466344009301234F223C21A44801F005
:1038E00055FF002806D1EF2302AA944663441978B5
:1038F00040290DD0EF2302AA9446634419789F48CB
:1039000005F02CFA9C4AD5235B000021D154D5E761
:103910009B4805F023FA3DAB20221A701232029226
:10392000313A0192009301235F323C21904801F02B
:103930005DFE01F00BFA040032230293313B019348
:10394000ED3302AA944663440093012360223C2194
:10395000874801F01BFF01F0F9F9001B642806D825
:10396000EE2302AA944663441B789B06E4D4EB231F
:1039700002AA944663448C221A707D4C3226029629
:1039800001250195009301232C3A3C21200001F0F0
:103990002DFEEA2302AA9446634411221A7002966D
:1039A00001950093012351323C21200001F01EFEBD
:1039B00001F0CCF9050032230293313B0193ED2451
:1039C00002AB9C4664440094012367223C21684872
:1039D00001F0DCFE23781B0708D401F0B7F9401B87
:1039E000962803D8052001F0B7F9E4E7604D3226A8
:1039F0000296062301933BAB0093012368223C21EE
:103A0000280001F0C3FE3AAC03220021200004F09C
:103A10003EFD0296032301930094023B60223C2169
:103A2000280001F0B3FE0296313E0196ED2702AB6D
:103A30009C4667440097012367223C21280001F03F
:103A4000A5FE21786278A378387800904D4805F07B
:103A500085F9494AD5235B00D6540622002106A8E1
:103A600004F015FD01F072F90400002764E0012361
:103A70005B4202930733019306AE0096053B682232
:103A80003C213B4801F082FE7078000200B233789E
:103A90001843F3781B021BB2B27813439A46757928
:103AA0002D022DB233791D437E1CFDF707FD0490D6
:103AB0005046FDF703FD05902800FDF7FFFC051CAF
:103AC000049A111C101CFDF7CDF90490059B191CDC
:103AD000181CFDF7C7F9011C0498FCF751FE04906F
:103AE000291C281CFDF7BEF9011C0498FCF748FEB0
:103AF00004F0ECFB04F0AEFB7F0008ABD85301F000
:103B000025F90500A0200821C00501F0A5FB01282A
:103B10000BD11D4802F05AF801F018F9401B322869
:103B20001AD8012001F018F9ECE7370001F00EF97E
:103B3000001B164B984211D8632F0FDC124802F07D
:103B400045F8A0200821C00501F086FB01288ED091
:103B5000012001F001F9E9E73700E7E7391E03DD4D
:103B600008A8FFF7DBFDA9E60121F9E768B700081F
:103B7000E440002084B70008703B002094B70008A0
:103B8000ACB70008C0B7000830410020881300001F
:103B900010B50C4C200005F05BF90B4805F058F906
:103BA0000A4805F055F9200005F052F900F00EFD25
:103BB0008E22D2000021064804F069FCFFF758FE6F
:103BC00010BDC046F0B7000818B800083CB800089F
:103BD000703B002010B503F009FF04001B4AB82316
:103BE0005B00D0582100FFF7A3FC194B98422BD95A
:103BF000164AB8235B00D4503C220AE0501E134BF7
:103C00001918AF31FF3109789B18AF33FF331970A2
:103C10000200002AF2DC0D4BD6225200985AD7211E
:103C20004900585400219952713AFF3A06E0074B77
:103C30009B18AF33FF331B78C918013A002AF6DC12
:103C4000024AF5235B00D15210BDC046703B0020F4
:103C5000E7030000F8B5DE4657464E464546E0B558
:103C6000304BD42252009A5E924694B2FE22520009
:103C70009B5AE41AA4B226B2002E4FDB3700294D1E
:103C800081239B00EB5E9846274BEB5C9946274BC4
:103C90009B466A220021180004F0F9FB59461639A8
:103CA0007E230B706A3B4B70BD338B70D03BCB7067
:103CB000A433FF33EB5E1A120A714B71D3235B00FE
:103CC000EB5E1A128A71CB7153461B120B7253466C
:103CD0004B7236128E72CC723B120B734F7343468B
:103CE0001B128B734346CB734B460B74F5235B005F
:103CF000EB5A1A0A4A748B74FC235B00EB5CCB749E
:103D0000FF230B75803B4B751622012000F0CCFF82
:103D10003CBC90469946A246AB46F8BD67423FB2CE
:103D2000ADE7C046703B002006020000FA3F0020CD
:103D3000F0B5CE46474680B583B00400019103F04C
:103D400055FE0600944A82239B00D358834200D933
:103D500080E083239B00D35883427BD8FE235B0003
:103D6000D35AE41AA4B227B2002F00DA77E0B8469B
:103D70008A4B9B8CE41AA4B223B29946002B00DA3A
:103D800071E0864A2624135D590051182825485FA2
:103D90004043956C281A0F85390079434018906488
:103DA0000133DBB213550F2B02D926230021D15446
:103DB000FDF784FBF6218905FDF754F804F086FA37
:103DC00004F048FA80B2744A754BD55C002D11D1CD
:103DD000724ABB3BFF3BD35C002B0BD14B46032B02
:103DE00008DD9F2806D913004C2201219954320086
:103DF000C8321A65694A4C23D35C002B05D0136D79
:103E0000B34202D84C230021D154634A81239B0042
:103E1000D45EA200121913019B1AD800FA2189005E
:103E2000FCF7FCF903B299465C4A4C23D35C002BA7
:103E30000AD0083C24B24B4602339C4201DA0230DD
:103E400004B21D2C00DC1E24002D10D0012D1FD02B
:103E5000524B9F8403B00CBC90469946F0BD634220
:103E60001BB2984684E7644223B2994689E7FFF77C
:103E7000DFFA4445ECDC484B494A012199543100B2
:103E8000963102329950454BDE6042461A61DFE7B7
:103E9000424A136943441361FFF7DCFE3E4A404B3C
:103EA0000021D154C845D3DA33002D33FF3311003C
:103EB000832292008B50394BDB68F31A452B06D9CD
:103EC000364B1A69374B9A4256DC002300E0002338
:103ED000002B56D03049D62252008B5A01338B52D8
:103EE0002E4A538901335381019B002B4DD0F01A88
:103EF000FDF72EFB2C49FCF7B5FF041C2B49FCF702
:103F00009FFA002832D0211C2948FCF7D3FD29490B
:103F1000FCF7A8FF2849FCF7A5FF051C1F4C274903
:103F2000606DFCF79FFF011C281CFCF729FC24494D
:103F3000FCF7C0FD60650021FCF76EFA00281DD17A
:103F4000164B586D1F49FCF77BFA002802D0134B23
:103F50001C4A5A65FC218905104B586DFCF710FC72
:103F6000FCF7CCFA0C4AFC235B00D0540A4AF82335
:103F70005B000021D15008E00123A9E7002262651F
:103F8000DEE7064A138901331381044B00221A61CC
:103F90004C215A545CE7C046703B00205804002076
:103FA00006020000AF0400006F12833A0AD7A33C58
:103FB0000000A04066666640000048430000484498
:103FC00000007A4400007F43F0B587B0062200214C
:103FD00004A804F05CFA2E4AD5235B00D35C002BC6
:103FE00052D001235B4202930733019304AC009447
:103FF000053B68223C21274801F0C8FB63781B027F
:104000002078184300B2224ED2235B00F052E378AE
:104010001B02A5781D432DB2D3235B00F5526379B3
:104020001B0224791C4324B2D4235B00F452FDF715
:1040300045FA071C2800FDF741FA051C2000FDF792
:104040003DFA041C391C381CFCF70CFF071C291C0A
:10405000281CFCF707FF011C381CFCF791FB051C12
:10406000211C201CFCF7FEFE011C281CFCF788FB11
:1040700004F02CF904F0EEF800B2F8235B00F158DC
:10408000FFF756FE07B0F0BD034804F0E1FEF9E784
:10409000703B0020E440002040BB000810B503F056
:1040A000A5FCA0200821C00501F0D6F8012802D007
:1040B000FFF790FD10BD034801F088FDFFF784FF76
:1040C000F6E7C04630410020F0B58BB01422002145
:1040D00005A804F0DCF9324BD96A04221143D962F5
:1040E000D96A0A400192019AD96A80221143D962A1
:1040F000D96A0A400292029ADA6A01252A43DA62F0
:10410000DA6A2A400392039AD96A02221143D962D9
:10411000DB6A1A400492049B8024A401002221003F
:10412000204801F0A0F800221F49204801F09BF828
:104130009926360200223100A020C00501F093F834
:1041400005940695002407940327089705A91548A8
:1041500000F0B6FF164B059306950794089705A93E
:10416000124800F0ADFF059606950794089705A93B
:10417000A020C00500F0A4FF4023059306940794F7
:1041800005A90A4800F09CFF0823059306940794AC
:1041900005A9A020C00500F093FF0BB0F0BDC046FC
:1041A0000010024000080050C4F00000000400505D
:1041B000A4F0000000B583B0114A116B012319432C
:1041C0001163126B13400193019B0022032109200C
:1041D00000F0D4FD092000F001FE002203210A2096
:1041E00000F0CCFD0A2000F0F9FD002203210B2095
:1041F00000F0C4FD0B2000F0F1FD03B000BDC0468F
:1042000000100240F0B585B01A4C236D236D236D6C
:10421000236D236D236D236D802109051940236DC6
:104220008022D2041A40236D802040050340276D70
:10423000802080050740266D8025ED053540266DE0
:10424000581E8341501E8241481E8141F60F02963E
:10425000681E854101953800471EB8410090064808
:1042600004F07CFD226D80231B041343236505B0FD
:10427000F0BDC046001002406CBB000810B5FFF74F
:10428000EDF9FFF767F9012003F0CCF8F7E710B577
:10429000012003F0C7F8FBE710B5012003F0C2F8D6
:1042A000FBE710B5FFF7FAFE012003F0BBF8F9E7D2
:1042B00000B583B001906423012201A9024802F0F5
:1042C000F1FE019803B000BDE442002072B6FEE7A3
:1042D00010B51248124B0360124B436000238360F9
:1042E0000122C260036143618361C361036201F023
:1042F00017F900280CD10021084801F0DDFB002847
:1043000008D10021054801F003FC002804D110BDAC
:10431000FFF7DCFFFFF7DAFFFFF7D8FFE4400020EC
:10432000005400408266500010B50B480B4B0360F0
:1043300096231B02436000238360C36003610C2249
:1043400042618361C3610362436202F05BFF002844
:1043500000D110BDFFF7BAFFE44200200038014051
:1043600010B50B480B4B036096239B014360002361
:104370008360C36003610C2242618361C361036295
:10438000436202F03FFF002800D110BDFFF79EFFFF
:1043900094430020004C004010B50B480B4B0360C9
:1043A000E1235B02436000238360C36003610C224E
:1043B00042618361C3610362436202F023FF00280C
:1043C00000D110BDFFF782FF1442002000500040D2
:1043D00010B50748074B036006234360064BC360D4
:1043E000836001F0BFFB002800D110BDFFF76EFF16
:1043F0003041002000300040FF0F000010B50A4897
:104400000A4B0360002343607F2282608032C260D7
:10441000036143618361C36102F0F4F8002800D1B5
:1044200010BDFFF753FFC0466C430020002800403A
:1044300000B59BB0342200210DA804F028F8142206
:10444000002108A804F023F820220021684604F087
:104450001EF81C490B681C4A1A4080231B01134399
:104460000B6009230D9380235B020E9301231293AB
:10447000002316930DA801F009FC00281CD10F237E
:1044800008930D3B099300230A930B930C9301218E
:1044900008A801F087FE002810D1292300930023EB
:1044A0000293059380239B020193684601F08CFFE1
:1044B000002805D11BB000BDFFF708FFFFF706FF7E
:1044C000FFF704FF00700040FFE7FFFFF0B5A5B065
:1044D00000F01CFCFFF7ACFFFFF7F6FDFFF76AFEEC
:1044E000FFF7F6FEFFF720FFFFF78CFEFFF738FF20
:1044F000FFF752FFFFF76CFFFFF780FFFFF748FB66
:1045000020A82B4C0300250046CD46C32A681A601C
:10451000002102F08FFF274B18601CA80300220027
:10452000C2CAC2C32A681A60002102F083FF224B6C
:10453000186015A802002300103362CB62C262CB60
:1045400062C21B681360002102F036FF1B4B18602B
:104550000EA8020023002C3362CB62C262CB62C27F
:104560001B681360002102F027FF154B186007A895
:1045700002002300483362CB62C262CB62C21B6876
:104580001360002102F018FF0E4B1860684603000C
:10459000643426CC26C326CC26C322681A600021A8
:1045A00002F00AFF084B186002F001FFFEE7C04668
:1045B000A8AC0008C044002090430020184400200C
:1045C00040410020984200206843002070B5134805
:1045D00004F03EFC124C03220021200003F057FFA0
:1045E000FF23A370002415E080263602A025ED05E8
:1045F00000223100280000F036FE192000F0ACFB4C
:1046000001223100280000F02EFE192000F0A4FB4A
:104610000134E4B2092CE7D970BDC046D0BB000814
:10462000B004002010B5084B1B7883420AD0064B1B
:10463000187042424241D2B280210902A020C00536
:1046400000F011FE10BDC046B0040020F8B5040013
:104650000100184804F082FB174B9B789C4227D03E
:10466000154B9C70012722007A4001263240A0257C
:10467000ED0580210901280000F0F5FD62087A406F
:10468000324080214901280000F0EDFDA2087A4067
:1046900032400A4D80214901280000F0E4FDE40881
:1046A0007C403200224080210902280000F0DBFD1E
:1046B000F8BDC046E0BB0008B00400200004005074
:1046C00010B504000100064804F048FB013C6242BA
:1046D0006241D2B280218901024800F0C4FD10BDC0
:1046E000FCBB00080008005070B580256D00A024B8
:1046F000E40500222900200000F0B5FD192000F09B
:104700002BFB01222900200000F0ADFD70BD000050
:1047100010B504000100064804F020FB013C624291
:104720006241D2B280218901024800F09CFD10BD97
:1047300018BC00080004005010B504000100064831
:1047400004F00CFB013C62426241D2B28021C901FB
:10475000024800F088FD10BD34BC00080004005081
:1047600010B502002021024800F07DFD10BDC046BA
:104770000004005010B54021044800F06DFD0028F1
:1047800001D1002010BD0120FCE7C046000400500C
:1047900010B5084B5A6B01210A435A63996B80226A
:1047A00052050A439A63022000220321404200F08E
:1047B000E5FA10BD0010024010B586B004001422C6
:1047C000002101A803F063FE2268104B9A4201D039
:1047D00006B010BD0E4CE26A02231A43E262E26A9E
:1047E00013400093009BC0239B000193122302936C
:1047F0000F3B04930133059301A9064800F060FCC8
:10480000A26B80239B031343A363E1E700540040A2
:1048100000100240000400500268054B9A4200D08C
:104820007047044A116D8023DB020B431365F7E7E1
:10483000002800400010024030B589B00400142266
:10484000002103A803F023FE2368534A934207D0B4
:10485000524A934239D0524A93426AD009B030BD8D
:10486000504B596B8022D2010A435A63D96A012204
:104870001143D962DB6A1A400092009BC023DB001F
:104880000393022304930325069502330793A02084
:1048900003A9C00500F014FC4348444B0360456085
:1048A00000238360C3608022026143618361603AB8
:1048B000C261036200F0D2FA002803D13A4B2367A9
:1048C0009C62CBE7FFF702FDF8E7364B996B80223D
:1048D00012030A439A63D96A01221143D962DB6A3F
:1048E0001A400192019B0323039302220492069330
:1048F00003330793A02003A9C00500F0E1FB2C4877
:104900002C4B03600C23436000238360C360802230
:10491000026143618361603AC261036200F09EFA02
:10492000002803D1224B23679C6297E7FFF7CEFC58
:10493000F8E71C4B996B802252030A439A63D96AA9
:1049400002221143D962DB6A13400293029B1823AF
:1049500003930492153B06930333079303A9164868
:1049600000F0AEFB1548164B03600D234360002397
:104970008360C3608022026143618361603AC261E7
:10498000036200F06BFA002803D10C4B23679C6292
:1049900064E7FFF79BFCF8E700380140004C00405B
:1049A00000500040001002409C42002030000240B5
:1049B000CC4100201C000240000400504441002073
:1049C0006C000240FEE7FEE710B500F0B3F903F01B
:1049D00091F9012801D003F06DFA10BD10B502481D
:1049E00000F00EFB10BDC0461C44002010B503486B
:1049F00000F006FB024800F003FB10BDCC41002094
:104A00009C42002010B5024800F0FAFA10BDC046E2
:104A1000444100207047000010B5024801F03CFFFF
:104A200010BDC046E442002010B5034801F034FF39
:104A3000024801F031FF10BD9443002014420020D1
:104A400010B50368134A934206D0134A93420DD01F
:104A5000124A934214D010BD114C200001F07EFE8A
:104A600001221049200002F05DFCF4E70E4C20000A
:104A700001F074FE01220D49200002F053FCEAE728
:104A80000B4C200001F06AFE01220A49200002F0CE
:104A900049FCE0E700380140004C00400050004075
:104AA000E44200201112002094430020311F002016
:104AB00014420020512C002070B50368284A93420C
:104AC00006D0284A934217D0274A93422ED070BD71
:104AD00002F08CFF2549264BC85026480A5A531C21
:104AE0004C798A1894719B059B0D0B52053101225C
:104AF000214802F017FCEAE702F078FF1B491F4B40
:104B0000C8501F480B5A5A1C1E4C0C5DCB181E4D2A
:104B1000AC4663441C7093059B0D0B52194B9C468D
:104B200061440122194802F0FDFBD0E702F05EFF6C
:104B30000E49174BC85017480B5A5A1C164C0C5D9F
:104B4000CB18164DAC4663441C7093059B0D0B525D
:104B5000114B9C4661440122114802F0E3FBB6E789
:104B600000380140004C0040005000400C12002072
:104B7000140800000C040000E4420020341500007A
:104B80002C110000250D0000260D0000944300208C
:104B9000542200004C1E0000451A0000461A000076
:104BA0001442002010B503680A4A934206D00A4A0C
:104BB000934207D0094A934208D010BD084804F038
:104BC00047F9FAE7074804F043F9F6E7064804F026
:104BD0003FF9F2E700380140004C0040005000402F
:104BE0004CBC000874BC00089CBC0008F8B5244804
:104BF00004F02EF9234C244A0021200003F047FC46
:104C0000224F2760224ED2231B01E650214DD22392
:104C10005B01E550012323711F4AA3541F4AA3548B
:104C2000611D0122380002F07DFB1D4BE1180122BD
:104C3000300002F077FB1B4BE1180122280002F044
:104C400071FB39680B68202213430B6031680B68D5
:104C500013430B6029680B6813430B600022052186
:104C60001B2000F08BF81B2000F0B8F80022052173
:104C70000E2000F083F80E2000F0B0F8F8BDC0461A
:104C800030BD00080C12002064290000E44200201E
:104C90009443002014420020240D0000441A000018
:104CA000250D0000451A000010B5C3001B1A18019D
:104CB000C01A430102481858642302F0F3F910BDEA
:104CC0000C12002010B504000E4B1978FA20800059
:104CD000FBF71AFA01000C4B1868FBF715FA00F005
:104CE00089F800280CD1032C01D9012009E0002209
:104CF0002100013800F042F8024B5C60002000E027
:104D0000012010BD040000200000002010B5084A5A
:104D1000136840210B4313600320FFF7D3FF041EE9
:104D200002D00124200010BDFFF732FDFAE7C04693
:104D300000200240034A1168034B1B785B18136084
:104D40007047C046C444002004000020014B18688E
:104D50007047C046C444002070B50400FFF7F6FF5A
:104D60000500631C02D0044B1B78E418FFF7EEFF2C
:104D7000401B8442FAD870BD0400002070B50028A2
:104D800011DB8208134DC03292005459032318409E
:104D9000C000FC331E008640B44389010B408340B1
:104DA0002343535170BDC0B20F220240083A92080B
:104DB00006329200084BD3185D6803242040C000DF
:104DC000FF2214008440A5438901114081402943FA
:104DD0005960E7E700E100E000ED00E0002805DBB6
:104DE0001F2318401E3B8340014A13607047C04692
:104DF00000E100E001380A4B98420FD8094A5060A0
:104E00000948036A1B021B0AC02109060B430362FF
:104E10000023936007331360002070470120FCE7F4
:104E2000FFFFFF0010E000E000ED00E070B5066C51
:104E30001C25446C25400124AC4074600468636008
:104E40008368102B04D0036899600368DA6070BD32
:104E500003689A600368D960F9E7000070B5041E22
:104E60003DD005681F4BE8181421FBF74DF9800071
:104E700060641D4B236402222523E2542B681B4AE5
:104E80001A40A368E1680B4321690B4361690B4336
:104E9000A1690B43E1690B43216A0B4313432B6068
:104EA0008023DB01A2689A4210D0114B19681C22A2
:104EB000656C15400F20A840814319601968606C2B
:104EC00002406068904002000A431A600023E363D6
:104ED00001212522A154013AA354002070BD0120D4
:104EE000FCE7C046F8FFFDBF000002400F80FFFF57
:104EF000A800024070B504002420205C012832D0B4
:104F00000125242025540130205C012804D00022F2
:104F10002423E254022070BD0135243025540020A2
:104F2000E063256828680126B04328602000FFF769
:104F30007DFF236B002B0BD0226813680E210B43DF
:104F400013602268136801210B4313600020E2E71D
:104F50002268136804218B431360226813680631AA
:104F60000B431360EDE70220D5E710B52523C35CA2
:104F7000022B06D00423C36300222033C254012035
:104F800010BD026813680E218B43136001680A6824
:104F900001239A430A60016C1C22446C22401C00CD
:104FA00094404C602522835400222333C2540020B5
:104FB000E6E710B52523C35C022B03D00423C363AB
:104FC000012010BD026813680E218B431360016835
:104FD0000A6801239A430A60016C1C22446C224037
:104FE0001C0094404C602522835400222333C25479
:104FF000836B002B02D098470020E2E70020E0E717
:1050000070B5036C1968046825681C23426C134052
:1050100004229A400A4214D06A0712D523689B06DC
:1050200003D42368042293432360016C1C22436C45
:105030001A40042393404B60036B002B00D0984729
:1050400070BD02229A400A421AD0AA0718D52368D6
:105050009B0606D423680A2293432360093A25233A
:10506000C254016C1C22436C1A40022393404B60D3
:1050700000222423C254C36A002BE1D09847DFE703
:1050800008229A400A42DBD02B07D9D523680E228A
:1050900093432360016C0E32436C1A4001231C00C1
:1050A00094404C60C3632522835400222333C254AE
:1050B000436B002BC4D09847C2E7C06B7047000019
:1050C000F0B5002357E085685F000326BE40B54376
:1050D000CE68BE40354385604568A5432C004D68C9
:1050E0002E09012535409D402C43446051E0DC08E9
:1050F0000834A400265807251D40AD000F27AF40F7
:10510000BE430F69AF403D003543255054E00527AD
:1051100000E00027AF403D0035430234A400464E76
:10512000A551464C2568D44326002E404F68FF0306
:1051300001D515432E00414D2E606D682E0026408E
:105140004F68BF0301D515432E003C4D6E60AD681E
:105150002E0026404F68FF0201D515432E00374D23
:10516000AE60ED682C404E68B60201D52A431400AB
:10517000324AD46001330A681400DC405AD001245A
:105180009C402240F6D003254E683540013D012D5C
:1051900099D903244D682C40032C08D0C4685E00C4
:1051A0000325B540AC438D68B5402C43C46003244F
:1051B0004D682C40022C9AD005685E00032427001D
:1051C000B740BD434F683C40B4402C430460C0240A
:1051D000A4024D682542CDD0194D6C6B0126344395
:1051E0006C639C08A51CAD00134EAE5903271F40ED
:1051F000BD000F27AF40BE43A027FF05B84288D0AF
:10520000104FB8420ED0104FB8420DD00F4FB842D9
:105210000CD00F4FB8420BD00E4FB84200D176E7FA
:10522000062777E7012775E7022773E7032771E76A
:1052300004276FE7F0BDC0460000014000040140B4
:10524000001002400004005000080050000C005004
:1052500000100050001C005003690B4201D10020D7
:1052600070470120FCE7002A01D18162704781610B
:10527000FCE703689A69920701D500229A620368E5
:105280009A69D20703D49A6901210A439A61704747
:10529000F0B5059C05686868660D8027FF003740FB
:1052A000054E3E43B0438905890D120411430B435B
:1052B000234303436B60F0BDFF63FF0370B504003D
:1052C0000E00150003689A69D2063BD55A68920110
:1052D00004D459688022D2010A435A6023689A692B
:1052E000920615D4731CF9D0FFF730FD401B86429F
:1052F00001D3002EF2D1636C202213436364412357
:10530000E25400232232A354023AA354012018E0AD
:105310001022DA6123682025DD612000FFF7A9FF54
:105320002268536808490B405360636C042213439E
:1053300063644123E55400233E32A354023AA3544C
:10534000012070BD0020FCE700E800FE70B50400FD
:105350000D00160023689B699B071CD432002900AE
:105360002000FFF7ABFF002817D16B1CF2D0FFF72E
:10537000EDFC801B854201D3002DEBD1636C202214
:10538000134363644123E25400232232A354023ABC
:10539000A354012000E0002070BD0120FCE7F8B517
:1053A00005000F0016001C002B689B693A009A4309
:1053B00013005A425341B34216D1631CF4D0FFF795
:1053C000C5FC069BC01A844201D3002CECD16B6C47
:1053D000202213436B644123EA5400232232AB544E
:1053E000023AAB54012000E00020F8BD70B582B055
:1053F000040015001E00DAB2184B009380235B04F2
:10540000FFF746FF079A06992000FFF79FFF002845
:105410001ED1012E0DD023682A0A9A62079A069996
:105420002000FFF793FF002815D12368EDB29D629D
:1054300002E02368EDB29D62079B0093069B002269
:1054400080212000FFF7ABFF002802D0012000E000
:10545000012002B070BD0120FBE7C04600200080A3
:1054600070B582B0040015001E00DAB2174B00932D
:105470000023FFF70DFF079A06992000FFF766FF4C
:1054800000281ED1012E0DD023682A0A9A62079A9D
:1054900006992000FFF75AFF002815D12368EDB2C6
:1054A0009D6202E02368EDB29D62079B0093069B1C
:1054B000002240212000FFF772FF002802D00120C7
:1054C00000E0012002B070BD0120FBE70020008059
:1054D00070B505000C0016002B689B699B061AD45A
:1054E000320021002800FFF7E9FE002815D1FFF760
:1054F0002DFC801B844201D3002CEDD16B6C20224B
:1055000013436B644123EA5400232232AB54023A22
:10551000AB54012070BD0020FCE70120FAE7000039
:1055200010B5041E59D04123C35C002B43D0242264
:105530004123E2542268136801218B4313602268DF
:10554000274B61680B4013612268936825490B4023
:105550009360E368012B34D0226884231B02A16886
:105560000B439360E368022B32D0226851681E4BD4
:105570000B4353602268D3681A490B40D3602168FB
:10558000236962691343A26912021343CB60226844
:10559000E369216A0B4313602268136801210B43FE
:1055A0001360002363641F314122A154236301323D
:1055B000A354002010BD00224033C254FFF7FCF872
:1055C000B5E7226880231B02A1680B439360C9E7FB
:1055D0002368802212015A60C7E70120EAE7C0462B
:1055E000FFFFFFF0FF7FFFFF00800002F0B587B0F4
:1055F00007000C00039204930CAB40CB1D884123A1
:10560000C35C202B02D0022007B0F0BD002E07D0D3
:10561000002D05D04023C35C012B06D10220F3E707
:1056200080239B007B640120EEE701224023C254CB
:10563000FFF78CFB059000901923012280210902BD
:105640003800FFF7ACFE002801D00120DCE7212262
:105650004123FA541F320133FA5400237B647E62E3
:105660007D857B63059B01930E9B0093049B039AAE
:1056700021003800FFF7BAFE00280FD17B8D9BB2C6
:10568000FF2B10D9FF233B850023009380235B046D
:10569000FF2221003800FFF7FBFD21E0002240231C
:1056A000FA540120B0E77A8D92B23A85D2B2002343
:1056B000009380239B0421003800FFF7E9FD0FE0F1
:1056C0007A8D92B23A85D2B20023009380239B0454
:1056D00021003800FFF7DCFD7B8D9BB2002B35D01D
:1056E000059A0E993800FFF731FE002845D13B6836
:1056F0007A6A12789A627B6A01337B627B8D013B06
:105700009BB27B853B8D013B9BB23B857A8D92B2F0
:10571000002AE1D0002BDFD1059B00930E9B0022D5
:1057200080213800FFF73BFE002828D17B8D9BB2FB
:10573000FF2BC5D9FF233B850023009380235B0407
:10574000FF2221003800FFF7A3FDC5E7059A0E9957
:105750003800FFF7BDFE002813D13B682022DA6134
:1057600039684B68084C23404B604123FA540023AE
:105770002232BB54023ABB5446E7012044E70120E1
:1057800042E7012040E7C04600E800FEF0B5D646FB
:1057900000B584B007000C00029203930AAB40CB23
:1057A0001D884123C35C202B04D0022004B004BC1C
:1057B0009246F0BD002E07D0002D05D04023C35CDB
:1057C000012B06D10220F1E780239B007B6401209E
:1057D000ECE701224023C254FFF7B8FA824600905A
:1057E00019230122802109023800FFF7D8FD002883
:1057F00001D00120DAE722224123FA541E3201337C
:10580000FA5400237B647E627D857B63534601935B
:105810000C9B0093039B029A21003800FFF720FEA7
:1058200000280FD17B8D9BB2FF2B10D9FF233B8526
:10583000404B009380235B04FF2221003800FFF7D8
:1058400027FD21E000224023FA540120AEE77A8DA3
:1058500092B23A85D2B2374B009380239B04210049
:105860003800FFF715FD0FE07A8D92B23A85D2B27B
:105870000023009380239B0421003800FFF708FDDC
:105880007B8D9BB2002B38D0534600930C9B00229B
:1058900004213800FFF783FD002845D13B685B6A8F
:1058A0007A6A13707B6A01337B623B8D013B9BB24A
:1058B0003B857A8D013A92B27A857A8D92B2002A2E
:1058C000DED0002BDCD1534600930C9B00228021BC
:1058D0003800FFF764FD002828D17B8D9BB2FF2B99
:1058E000C2D9FF233B850023009380235B04FF2262
:1058F00021003800FFF7CCFCC2E752460C99380073
:10590000FFF7E6FD002813D13B682022DA613968F1
:105910004B68094C23404B604123FA540023223248
:10592000BB54023ABB5441E701203FE701203DE769
:1059300001203BE70024008000E800FEF0B587B0BE
:1059400006000C0003921F00002305934133C35C43
:10595000202B02D0022007B0F0BD03689B691B0416
:1059600001D50220F7E74023C35C012B00D198E06A
:1059700001224023C25423320133C2540023436422
:105980003168F368012B16D0A205920DA0239B016C
:1059900013434B60FFF7DAF9050032689169202361
:1059A0000B40591E8B41D9B2936910221A40531EE5
:1059B0009A41D3B211E0A205920D3E4B1343E8E7A2
:1059C0003268916920230B40591E8B41D9B29269EC
:1059D000102313405A1E9341DBB20B4313D17B1C9F
:1059E000EED0FFF7B3F9401B874201D3002FE7D178
:1059F00020224123F254736C13437364002240232A
:105A0000F2540120A7E733689B69DB0624D5009593
:105A10003B00002220213000FFF7C1FC002844D1C8
:105A200033681022DA6133681032DA61059B039A19
:105A3000934223D0059B01330593059B039A9A4219
:105A40009ED820234122B354726C13437364002206
:105A50004023F25401207EE700953B0000222021E4
:105A60003000FFF79CFC00281DD132682023D36151
:105A70004122B35400222033F2546CE7326851685B
:105A80008023DB010B43536000953B000022202163
:105A90003000FFF784FC002809D133682022DA6146
:105AA000C8E7022057E7012055E7012053E701200E
:105AB00051E7C04600200002F0B54123C35C202B13
:105AC00001D00220F0BD2033C35C012B1CD0402448
:105AD0000122025541252423435506683368934328
:105AE000336006683368094F3B40336006683368AB
:105AF0001943316001680B6813430B602023435541
:105B0000002303550020DDE70220DBE7FFEFFFFF66
:105B1000F0B54123C35C202B01D00220F0BD20331F
:105B2000C35C012B1AD040240122025541252423B5
:105B30004355066833689343336006683368084FFB
:105B40003B4009021943316001680B6813430B6045
:105B500020234355002303550020DFE70220DDE723
:105B6000FFF0FFFF70B5041E28D00368144A1A60C6
:105B70000368144A1A60036842685A6003688268BE
:105B80009A60FFF7E3F805002368DA6852070AD045
:105B9000FFF7DCF8401B2A28F6D92368DB685B078F
:105BA000F2D0032005E01969E268914202D01A613F
:105BB000002070BD044A1A600020FAE70120F8E7CF
:105BC000CCCC000055550000AAAA00000368024A88
:105BD0001A6000207047C046AAAA000010B5264BE4
:105BE000DA680C231340082B42D00C2B11D0042B65
:105BF00009D0214B5A68520B0723134001338020F0
:105C00000002984010BD1C4B1B68DB0632D51B48B8
:105C1000F8E7910C0F230B401949C85C920D032340
:105C20001A40541C144BDB68DB030DD4124B1B6869
:105C3000DB0613D5114A00230021FAF735FC2200B8
:105C40000023FAF711FCDDE70E4A00230021FAF7E2
:105C50002BFC22000023FAF707FCD3E70A4A0023B3
:105C60000021FAF721FC22000023FAF7FDFBC9E727
:105C70000448C7E70448C5E70010024000093D009A
:105C800028AD000800366E010024F400F0B583B0A2
:105C9000041E00D166E2B34BDA680C251540DE68BD
:105CA00080235B021E400368DB0736D5082D2CD00D
:105CB0000C2D28D0636880225202934255D0A02236
:105CC000D202934258D0A74B1A68A7490A401A60DB
:105CD0001A68802149020A400192019A1A68A34970
:105CE0000A401A606368002B52D0FFF72FF80700B4
:105CF0009C4B1B689B0310D4FFF728F8C01B64283B
:105D0000F6D903202FE2002ED4D0964B1B689B03BC
:105D100003D56368002B00D127E223689B076DD56C
:105D2000E3689A0605D58F48026820210A4302607D
:105D30008B43042D3CD00C2D38D0002B00D1B2E089
:105D400088490A680920824313430B60FEF7FEFF6F
:105D50000600844B1B685B0700D59BE0FEF7F6FF4F
:105D6000801B0228F5D90320FDE17E4A11688023BB
:105D70005B020B431360B5E77A4B19688022D202AD
:105D80000A431A601968802252020A431A60A9E77E
:105D9000FEF7DCFF0700734B1B689B03BDD5FEF7C6
:105DA000D5FFC01B6428F6D90320DCE1002EC4D146
:105DB0006C4A1268520702D5002B00D1D7E1694E18
:105DC00072686B490A40216909020A4372603268AD
:105DD00009218A4313433360FFF700FFF268120979
:105DE0000F231340634AD35CD840634B1860634B66
:105DF0001868FEF767FF002800D0B4E12368DB06CF
:105E00002DD5002D62D1574B1B689B0503D5A36987
:105E1000002B00D1ADE1534A536859490B40216A28
:105E20000B43536053681B021B0AE16909060B43CD
:105E30005360236A590B013180231B028B40D168C8
:105E400009090F220A404B498A5CD3404A4A136031
:105E50004A4B1868FEF736FF002800D083E123681C
:105E60001B0700D490E06369002B68D03D4A136D96
:105E700001210B431365FEF769FF0600394B1B6DCB
:105E80009B0700D580E0FEF761FF801B0228F5D953
:105E9000032068E133494B68354A134022691202F6
:105EA00013434B60AAE72F4A136801218B43136009
:105EB000FEF74CFF06002B4B1B685B079ED5FEF7D9
:105EC00045FF801B0228F6D903204CE1A369002B73
:105ED00022D0244A116880235B000B431360FEF735
:105EE00035FF06001F4B1B689B0506D4FEF72EFFEF
:105EF000801B0228F6D9032035E11A4A536820494D
:105F00000B40216A0B43536053681B021B0AE16973
:105F100009060B435360A2E7124A136819490B4064
:105F20001360FEF713FF06000E4B1B689B0596D50A
:105F3000FEF70CFF801B0228F6D9032013E1094A63
:105F4000136D01218B431365FEF700FF0600054B1F
:105F50001B6D9B0718D5FEF7F9FE801B0228F6D9AA
:105F6000032000E100100240FFFFFEFFFFFFFBFFE8
:105F7000FFE0FFFF34AD0008000000200800002013
:105F8000FF1FFFFFFFFEFFFF23685B0778D57D4BF8
:105F90009B6BDB002CD47B4A916B80235B050B430E
:105FA00093630126784B1B68DB0523D5A368802209
:105FB0005200934232D0002B37D1724B1A6D734985
:105FC0000A401A651A6D72490A401A65A368002BC7
:105FD00045D0FEF7BBFE07006A4B1B6D9B054DD4F9
:105FE000FEF7B4FEC01B6B4B9842F5D90320BAE014
:105FF0000026D7E7644A116880235B000B431360D7
:10600000FEF7A4FE0700604B1B68DB05CED4FEF74D
:106010009DFEC01B6428F6D90320A4E0594A116DE7
:1060200080235B000B431365D0E7A022D20093428C
:1060300009D0544B1A6D55490A401A651A6D5449D6
:106040000A401A65C2E74F4B196D013AFF3A0A43FD
:106050001A65196D802252000A431A65B6E7FEF7E9
:1060600075FE0700474B1B6D9B0507D5FEF76EFEBF
:10607000C01B484B9842F5D9032074E0012E1AD07A
:10608000636A002B00D176E00C2D4FD0022B18D084
:106090003C4A136840490B401360FEF757FE04006A
:1060A000384B1B689B013FD5FEF750FE001B0228B2
:1060B000F6D9032057E0334A936B38490B4093637A
:1060C000DEE7304A136834490B401360FEF73EFEAA
:1060D00005002C4B1B689B0106D5FEF737FE401BC5
:1060E0000228F6D903203EE02649CB682C4A13400B
:1060F000A26AE06A0243206B02431343CB600A6842
:1061000080235B0413430B60FEF720FE04001D4B4D
:106110001B689B0106D4FEF719FE001B0228F6D966
:10612000032020E000201EE000201CE0012B24D0F2
:10613000144BDA6880235B021340A16A8B4201D0C2
:10614000012010E0F0239B031340E16A8B4201D051
:10615000012008E0C0231B041A40236B9A420ED092
:10616000012000E0012003B0F0BD0120FBE7012089
:10617000F9E70120F7E70020F5E70120F3E7002029
:10618000F1E7C0460010024000700040FFFEFFFF34
:10619000FFFBFFFF88130000FFFFFFFEFFFFFFEF85
:1061A000FFFF02FF70B505000C00002800D1D1E010
:1061B0006A4B1A68012313408B4235D32B689B0727
:1061C00006D5674AD368F0218B43A9680B43D36097
:1061D0002B68DB077BD56B68022B3CD0032B40D0B0
:1061E000012B44D05E4A1268920500D4B4E05C49A9
:1061F000CA68032082431343CB60FEF7A7FD060065
:106200006B68022B39D0032B45D0012B51D0544B56
:10621000DB680C221A425AD0FEF798FD801B514BC6
:106220009842F4D903207DE04C4A136801218B4346
:1062300023431360FEF78AFD0600484B1A680123CA
:1062400013409C42BAD0FEF781FD801B454B98421B
:10625000F3D9032066E0424A12689203C7D40120B2
:1062600060E03F4A12689201C1D401205AE03C4AE2
:1062700012685207BBD4012054E0394BDA680C2372
:106280001340082B23D0FEF761FD801B354B98424D
:10629000F3D9032046E0324BDA680C2313400C2B71
:1062A00015D0FEF753FD801B2E4B9842F3D90320E7
:1062B00038E02B4BDA680C231340042B07D0FEF791
:1062C00045FD801B274B9842F3D903202AE0234B3E
:1062D0001A68012313409C4225D32B685B0706D51F
:1062E0001F4AD36820490B40E9680B43D3602B68F1
:1062F0001B0707D51A49CB681C4A13402A69D200EC
:106300001343CB60FFF76AFC154BDA6812090F23C1
:106310001340174AD35CD840164B1860164B1868C8
:10632000FEF7D0FC70BD0D4A136801218B43234357
:106330001360FEF70BFD0600084B1A68012313409B
:106340009C42CAD0FEF702FD801B064B9842F3D94F
:106350000320E7E70120E5E70120E3E70020024012
:106360000010024088130000FFF8FFFFFFC7FFFF87
:1063700034AD00080000002008000020014B186820
:106380007047C0460000002010B5FFF7F7FF044B30
:10639000DA68120A07231340024AD35CD84010BDC2
:1063A0000010024044AD000810B5FFF7E7FF044BB2
:1063B000DA68D20A07231340024AD35CD84010BDE2
:1063C0000010024044AD000870B5040003689B064D
:1063D00050D5674B9B6BDB0000D589E0644A916B1D
:1063E00080235B050B4393630125624B1B68DB0530
:1063F00000D47FE05E4B1968C0239B03194062689C
:106400001340994206D0C0239B02110019409942C3
:1064100000D184E0564B1B6DC02189020B4016D081
:106420000A40934213D023689B0610D5504B186D39
:10643000514A02401E6D8021090331431965196DCF
:106440004E4E314019651A65C30500D56EE062688D
:10645000C0239B0211001940994200D176E04449C3
:106460000B6DC02292026068024013430B65012D40
:1064700000D175E02368DB0706D53D4AD36C0321C4
:106480008B43A1680B43D36423689B0706D5384A26
:10649000D36C0C218B43E1680B43D36423685B0707
:1064A00006D5334AD36C36490B4021690B43D3647C
:1064B00023681B0706D52E4AD36C32490B4061690D
:1064C0000B43D3642368DB0506D5294AD36C2A49DC
:1064D0000B40A1690B43D36423681B0646D5244AAD
:1064E000D36C29490B40E1690B43D364002070BD94
:1064F00000257AE71F4A116880235B000B43136075
:10650000FEF724FC06001B4B1B68DB0500D571E77A
:10651000FEF71CFC801B6428F5D90320E7E7144B29
:106520001B689B0300D475E70120E0E7FEF70EFC33
:1065300006000F4B1B6D9B0500D588E7FEF706FC98
:10654000801B124B9842F4D90320D0E708490B680E
:106550000F480340C020800302401A430A607EE7D0
:106560000A008B6B0B490B40936383E70020BEE767
:106570000010024000700040FFFFFCFFFFFFF7FF2C
:10658000FFF3FFFFFFCFFFFFFFFFF3FF88130000C4
:10659000FFFFCFFFFFFFFFEF70B504000268D36875
:1065A000A0218B43D360FEF7D1FB05002368DB6895
:1065B0009B0608D4FEF7CAFB401BFA239B009842B7
:1065C000F4D9032000E0002070BD70B5040003681A
:1065D000DA68520601D5002070BD01225242DA600D
:1065E000FEF7B4FB05002368DB685B0608D4FEF702
:1065F000ADFB401BFA239B009842F4D90320EBE744
:106600000020E9E770B5041E63D02123C35C002B92
:1066100041D002222123E2542368C8325A622368FF
:10662000773A5A622000FFF7D0FF051E39D1226861
:10663000936829490B40936021688A6863682069E0
:106640000343A069034313438B602368E2681A6124
:1066500021680B69A268120413430B612268D36896
:1066600080218B43D3602268D36C7D398B43D36404
:106670002168CB6CE269606902431343CB642368F1
:106680009B689B0615D52368FF225A62FE3A212398
:10669000E254280070BD00222033C254FEF7BCF83B
:1066A000B7E72368FF225A62FB3A2123E25401250F
:1066B000EFE72000FFF770FF0028E4D02368FF22F7
:1066C0005A62FB3A2123E2540022013BE2540125A5
:1066D000DFE70125DDE7C046BFFF8FFF10B5EFF311
:1066E0001081012383F3108802681368C024A34338
:1066F000136081F310882023836710BD30B5EFF35A
:106700001084012181F3108802681368124D2B4018
:10671000136084F31088EFF31084012383F310884F
:10672000026893688B43936084F31088036E012B97
:1067300005D02023C36700230366436630BDEFF313
:10674000108183F31088026813681024A343136038
:1067500081F31088EDE7C046DFFEFFFF70B504004F
:10676000826FC56F03689B681B0601D5212A07D07D
:1067700023689B685B0646D5222D22D0002043E08B
:10678000EFF31081012383F310880268936880205F
:106790008343936081F31088E06E002803D0FEF7F6
:1067A000E4FB002803D12000FFF798FFE0E7E06E4C
:1067B000FEF783FC2028F6D110228023E2501D38FA
:1067C00022E0EFF31081012383F31088226893689D
:1067D00040208343936081F31088206F002803D00A
:1067E000FEF7C3FB002804D12000FFF787FF00203D
:1067F0000AE0206FFEF761FC2028F5D110228023EB
:10680000E2501D3800E0002070BD10B5EFF310819C
:10681000012383F31088026813684024A3431360A4
:1068200081F310882023836700238366FEF7BAF97B
:1068300010BD704770B5846AA26FE56F23689B68CE
:106840001B0601D5212A0ED023689B685B0601D563
:10685000222D0FD08022A35810210B43A3502000DB
:10686000FEF7EEF870BD00225223E2522000FFF73F
:1068700035FFE9E700225A23E2522000FFF73EFFEE
:10688000E8E710B5806A00235A228352083A8352FF
:10689000FEF7D6F810BD704770B504000168CB69EB
:1068A00008688D68AA4A1A400AD19E0608D586064D
:1068B00006D5636E002B00D145E12000984742E1E8
:1068C000002A00D18AE001222A4003D1A14E3042A1
:1068D00000D183E0DD0707D5C50505D501260E6289
:1068E0008025615931436151990709D5002A07D0A4
:1068F000216802250D627E356159042631436151BC
:10690000590709D5002A07D0216804250D627C3576
:10691000615902263143615119070AD5810601D414
:10692000002A06D0226808251562802162582A4371
:1069300062501A050AD5420108D522688021090152
:1069400011628021625820252A4362508022A25879
:10695000002A00D1F7E09B0606D5830604D5636EB6
:10696000002B01D0200098478023E25823689B68C1
:106970005B0602D42823134229D02000FFF7BEFE75
:1069800023689B685B061ED5EFF31081012383F318
:1069900010882268936840208343936081F31088B5
:1069A000236F002B0BD06C4A9A63206FFEF701FB1C
:1069B000002800D1C7E0206F836B9847C3E0200018
:1069C000FEF73EF8BFE02000FEF73AF8BBE02000FB
:1069D000FEF736F800228023E250B4E0226E012A4E
:1069E00011D0DA0202D56A0200D5A1E01A0600D45D
:1069F000A5E0020600D4A2E0A36E002B00D1A2E025
:106A0000200098479FE0DA06EBD5C206E9D51023AF
:106A10000B6223689B685B0652D5226F13685B6824
:106A20009BB2002B00D18EE05821615A8B4200D3DB
:106A300089E05A21635213681B689B0609D55823C5
:106A4000E15A0233E35AC91A89B22000FFF723FF43
:106A500079E0EFF31080593981F3108822681368C8
:106A60003E4D2B40136080F31088EFF3108001231C
:106A700083F31088226893688B43936080F31088B7
:106A8000EFF31081012383F310882268936840207C
:106A90008343936081F310882023E36700232366F8
:106AA000EFF31081013383F31088226813683038C4
:106AB0008343136081F31088206FFEF756FABEE718
:106AC0005823E15A0233E25A891A89B2E35A9BB237
:106AD000002B38D0002936D0EFF31085012080F349
:106AE0001088226813681E4E3340136085F31088A7
:106AF000EFF31085012383F31088226893688343A2
:106B0000936085F310882023E36700232366636680
:106B1000EFF31080013383F3108822681368102587
:106B2000AB43136080F310882000FFF7B4FE0AE047
:106B300080235B030B62200000F032FC03E05B0665
:106B400001D5430600D470BD2000FFF75EFEFAE7D2
:106B50000F0800002001000483680008FFFEFFFF0B
:106B6000DFFEFFFF10B5806A036E012B02D0FFF736
:106B700060FE10BD5733C15A4908FFF78CFEF8E795
:106B800070B5836A0268126892062AD400215A22DC
:106B90009952EFF31084012080F3108819680A6875
:106BA0001C4D2A400A6084F31088EFF31084012200
:106BB00082F3108819688A6882438A6084F3108897
:106BC000EFF31080012282F3108819688A6840244C
:106BD000A2438A6080F310882022DA671A6E012AA5
:106BE00006D01A6E012A0FD01800FDF765FF70BDA0
:106BF000EFF3108082F3108819680A68303CA243D2
:106C00000A6080F31088ECE75732995A1800FFF7B2
:106C100042FEECE7FFFEFFFFF8B505000168836860
:106C20000269134342691343C26913430A689F48C8
:106C3000024013430B602A6853689D490B40E96882
:106C40000B435360AB692A689A498A4201D0296A8A
:106C50000B439168984801400B4393602B68974A17
:106C600093421CD0964A93422DD0964A93425FD0CD
:106C7000954A93425ED08F4A934239D010228D4973
:106C80008B425BD080231B02E969994200D195E0D9
:106C9000082A00D9FAE092008C4B9B589F468C4AF8
:106CA000D16C03220A40012A09D0002A05D0022A09
:106CB0003AD0032A05D01022E1E70122DFE70422BF
:106CC000DDE70822DBE7824AD16C0C220A40042A65
:106CD0000AD005D9082A29D00C2A07D10822CEE7E4
:106CE000002A03D10022CAE70422C8E71022C6E71F
:106CF000774AD26CC02109010A408021C9008A422A
:106D00000ED009D9802109018A4215D0C02109017C
:106D10008A4207D10822B2E7002A03D10022AEE757
:106D20000422ACE71022AAE70222A8E70222A6E783
:106D30000022A4E70022A2E70222A0E7022A2CD028
:106D400025D9042A30D0082A32D18020000200241C
:106D5000002800D182E06A6853009B18984200D254
:106D60009AE01303984200D998E0070E06025008F3
:106D70000021801979410023F9F776FB554BC218A1
:106D8000554B9A4200D98BE02B68D86066E0002A08
:106D90000ED1FFF7F9FA0024DAE74D4B1B68DB064A
:106DA00009D54E480024D3E7FEF718FF0024CFE7AB
:106DB00000200124CCE74A480024C9E7082A33D838
:106DC0009200484B9B589F468020000200240028D8
:106DD00044D040006B685B08C0186968F9F794F903
:106DE00083B20004000C010010393F4A914259D887
:106DF0000F2293434008083A104018432B68D8608C
:106E00002CE0FFF7C1FA0024E1E7FFF7CDFA0024F8
:106E1000DDE72F4B1B68DB0609D530480024D6E799
:106E2000FEF7DCFE0024D2E700200124CFE72C4847
:106E30000024CCE780200002002400280ED06B68DC
:106E40005B08C0186968F9F75FF90004000C0200DC
:106E5000103A254B9A4227D82B68D86000236B66DE
:106E6000AB662000F8BDFFF78FFA0024E5E7FFF7D7
:106E70009BFA0024E1E7164B1B68DB0609D517488F
:106E80000024DAE7FEF7AAFE0024D6E7002001245A
:106E9000D3E713480024D0E70124DFE70124DDE72E
:106EA0000124DBE70124D9E70124D7E7F369FFEFE9
:106EB000FFCFFFFF00480040FFF4FFFF0038014014
:106EC00000440040004C0040005000404CAD000821
:106ED0000010024000FDFFFFFFFC0F0000093D0015
:106EE0000024F40070AD0008EFFF0000436ADB07E8
:106EF00006D5026853682C490B40816A0B435360E6
:106F0000436A9B0706D50268536828490B40C16A4B
:106F10000B435360436A5B0706D5026853682449F4
:106F20000B40016B0B435360436A1B0706D5026895
:106F3000536820490B40416B0B435360436ADB06A7
:106F400006D5026893681C490B40816B0B43936024
:106F5000436A9B0606D50268936818490B40C16BCB
:106F60000B439360436A5B060BD502685368144970
:106F70000B40016C0B43536080235B03026C9A420D
:106F80000AD0436A1B0606D5026853680D490B40B8
:106F9000816C0B4353607047026853680A490B4089
:106FA000416C0B435360ECE7FFFFFDFFFFFFFEFF6B
:106FB000FFFFFBFFFF7FFFFFFFEFFFFFFFDFFFFF95
:106FC000FFFFEFFFFFFFF7FFFFFF9FFFF0B5C64694
:106FD00000B504000F0016009846069D2368DB6983
:106FE0003A009A4313005A425341B34253D16B1CA7
:106FF000F4D0FDF7ABFE4346C01A85422CD3002DDA
:107000002AD023681A685207E8D5DA691205E5D54F
:10701000802212011A62EFF31080012181F310889F
:10702000226813681E4D2B40136080F31088EFF325
:107030001080012383F31088226893688B43936048
:1070400080F310882023A367E3678022A3500022E7
:107050005433E25403201FE0EFF31080012181F349
:107060001088226813680E4D2B40136080F310883F
:10707000EFF31080012383F31088226893688B4319
:10708000936080F310882023A367E36700225433C2
:10709000E254032000E0002004BC9046F0BDC0464E
:1070A0005FFEFFFFF0B585B004000F0016001D0065
:1070B000836F202B02D0022005B0F0BD002962D0E2
:1070C000002A62D080235B0182689A4205D0742333
:1070D000E35C012B08D10220EEE70369002BF6D117
:1070E000CB07F4D50120E7E701227423E254002204
:1070F0000C33E2505F3BA367FDF728FE039050235B
:10710000E6520233E65280235B01A2689A4204D021
:10711000002600227423E25412E02369002B01D0E0
:107120000026F6E73E000027F3E722683388DB05F8
:10713000DB0D936202365222A35A013B9BB2A3524B
:107140005223E35A9BB2002B0FD00095039B0022E1
:1071500080212000FFF73AFF002818D1002FE4D04B
:1071600023683A789A620137E5E70095039B00228D
:1071700040212000FFF72AFF002801D003209BE7D1
:107180002023A36798E7012096E7012094E70320D6
:1071900092E7000030B583B0040000228023C25083
:1071A000FDF7D4FD050023681B681B070DD4236879
:1071B0001B685B0716D42023A367E36700232366BD
:1071C0007422A354002003B030BD0D4B0093030084
:1071D0000022802189032000FFF7F8FE0028E6D076
:1071E0000320F0E7064B00932B0000228021C90307
:1071F0002000FFF7EBFE0028DDD00320E3E7C046C8
:10720000FFFFFF0110B5041E2ED0836F002B21D08D
:107210002423A3672268136801218B431360200095
:10722000FFF7FAFC012814D0636A002B18D12268FA
:1072300053680E490B405360226893682A218B43A0
:1072400093602268136829390B4313602000FFF70D
:10725000A1FF10BD00227433C254FDF7EDFAD7E749
:107260002000FFF743FEE2E70120F2E7FFB7FFFF50
:1072700070B5040041655823C25200212833C15023
:107280005E3BC367036F002B13D02349D962036FA2
:1072900022491963036F22495963036F00219963DF
:1072A000016824311300426D006FFDF723FE0028B2
:1072B00028D100227423E254EFF31080012181F3DE
:1072C000108823681D680132FF322A431A6080F358
:1072D0001088EFF31080012383F3108822689368ED
:1072E0000B43936080F31088EFF31081012383F345
:1072F00010882268936840200343936081F31088CC
:10730000002070BD10228023E25000220C3BE2548A
:10731000543BE3670120F4E7816B0008656B0008CC
:107320003568000870B5C36F202B01D0022070BDF6
:1073300000292DD0002A2DD080235B0184689C4237
:107340001FD07423C35C012B26D001247423C454A2
:10735000002303660368114CA3420FD05B681B0235
:107360000CD5EFF31085012383F310880468266899
:107370008023DB043343236085F31088FFF778FF15
:10738000D5E70369002BDCD1CB07DAD50120CEE7A6
:107390000120CCE70120CAE70220C8E700480040EE
:1073A0007047842801D0033070470020FCE710B5F7
:1073B00000F0DCFA002010BDF0B5CE4600B588B074
:1073C000040005914569002D18D08669002E15D05E
:1073D0004768026891460822805EFFF7E2FF226953
:1073E000029601950090059B4946380000F066FA28
:1073F0000790079808B004BC9146F0BD66682768FE
:1074000025690823E05EFFF7CCFFAAB207AB019322
:107410000090059B3900300000F077FA0128E8D091
:107420000020E7E710B5002800D1013000F0CCFBC8
:10743000002010BD10B582B08268002A0AD0C3684F
:10744000002B07D0416800680024009400F093F8F6
:1074500002B010BD41680068002200F0C0F8F7E7F4
:10746000030008334360012252428260C36003611B
:1074700000230360704700230361704743684B603B
:107480009A688A609A68516099600861036801335C
:107490000360704730B50C68631C02D002000832EC
:1074A00002E0026904E01A0053681D68AC42FAD297
:1074B00053684B6099608A605160086103680133CA
:1074C000036030BD036942688168916082684168E9
:1074D00051605A68904206D0002202611A68013A4F
:1074E0001A601868704782685A60F5E770B5040042
:1074F0000D00002823D000F093FC2268E36B206C81
:10750000010059435118A1600021A1636260013B51
:107510004343D318E360FF234422A3540132A3540E
:10752000002D11D12369002B05D02000103000F070
:10753000A5FB002805D100F07FFC012070BD72B6CC
:10754000FEE700F061FCF6E720001030FFF788FF4F
:1075500020002430FFF784FFEDE710B5029B0029DF
:1075600007D01A60D863196401211800FFF7BEFF25
:1075700010BD1B60F6E770B584B01D0008AB1B782A
:10758000002801D172B6FEE7002D08D0002A08D0ED
:10759000002908D00124002C07D172B6FEE772B68C
:1075A000FEE70124F7E70024F5E7002A02D10029CD
:1075B00000D00024002C01D172B6FEE748240394C9
:1075C000039C482C01D072B6FEE7039C012646249A
:1075D0002E550095FFF7C1FF280004B070BDF0B52F
:1075E00083B006000F001500002801D172B6FEE737
:1075F000002902D00800704300E00020483000F06D
:10760000BBFC041E0AD00200483200214623C154AC
:1076100000902B0039003000FFF79FFF200003B0DF
:10762000F0BD0000084B9B6A1B68002B06D0064B80
:107630009A6AD268D2685268DA627047012252426E
:10764000014BDA62F9E7C046B4040020F0B583B01C
:1076500000900193089C0A9E204B9C466244920035
:10766000336B9C46624407239A431700002931D0AC
:1076700000230F2B09D8C8180578F218343215707A
:107680000278002A01D00133F3E700224323F254A9
:10769000062C00D90624F46274640025B564301DFC
:1076A000FFF7E9FE30001830FFF7E5FE36610723EB
:1076B0001C1BB4617662F5644933F554019A009954
:1076C000380000F071FB3060099B002B00D01E6079
:1076D00003B0F0BD00223423F254D9E7FFFFFF3F8F
:1076E000F8B5002408E0A3001B199A0010483030B8
:1076F0008018FFF7B5FE0134062CF4D90D4C270095
:107700003C373800FFF7ACFE260050363000FFF75C
:10771000A7FE074D28001430FFF7A2FE20006430BA
:10772000FFF79EFE2800FFF79BFEAF62A667F8BD3D
:10773000B40400203405002010B5040000F070FBF4
:107740001F4AD36F0133D3671E4B1B68002B2BD00E
:107750001C4B5B68002B07D11A4B1B68DB6AE26A83
:10776000934201D8174B1C60164B9A6801329A60FD
:10777000E26ADB689A4201D9124BDA60211D93005C
:107780009B189A00104830308018FFF777FE00F001
:1077900053FB0C4B5B68002B05D00A4B1B68DA6A65
:1077A000E36A9A4208D310BD064B1C60D36F012BCD
:1077B000DAD1FFF795FFD7E700F026FBF3E7C046E5
:1077C00034050020B4050020B404002010B50400E6
:1077D0005123C35C002B05D0012B0AD0022B07D00C
:1077E00072B6FEE7006B00F02BFC200000F028FCD6
:1077F00010BD00F025FCFBE770B513E000F010FBB6
:107800000B4C236FDD68281DFFF75CFEE36F013B27
:10781000E367084A1369013B136100F00DFB280080
:10782000FFF7D4FF034B1B69002BE7D170BDC046A7
:1078300034050020B405002010B5FFF7DDFF034B31
:107840001B6B012BF9D900F0DFFAF6E7B404002036
:1078500070B504000D00164B5E6918680430FFF720
:1078600031FE631C12D03419114B1B685C60A642B8
:1078700015D8104DA86A0E4B19680431FFF70AFE9F
:10788000EB6A9C4212D20B4BDC620FE0002DEAD077
:10789000074B196804310748FFF7F0FD06E0064B77
:1078A000986F034B19680431FFF7F4FD70BDC046B3
:1078B000B4050020B40400203405002070B586B063
:1078C0000B9D0C9C002D08D0002C08D0542604964B
:1078D000049E542E05D072B6FEE772B6FEE772B66D
:1078E000FEE7049E25630226512566550025039573
:1078F000029405AD01950A9D0095FFF7A7FE2000B3
:10790000FFF71AFF059806B070BDF0B587B0049078
:10791000059114001F00900000F02EFB061E20D0E1
:10792000542000F029FB051E17D00663002D1AD045
:1079300000235122AB54039302950D9B01930C9BA2
:1079400000933B00220005990498FFF77FFE280072
:10795000FFF7F2FE012007B0F0BD300000F070FB31
:10796000E4E70025E2E701204042F4E710B588B0E3
:1079700000240594069407AA06A905A8FBF734FD80
:10798000059B0293069B019300940023079A0F49DD
:107990000F48FFF793FF002806D00123012B05D0E5
:1079A000013310D008B010BD0023F7E772B60122F2
:1079B0005242084BDA62084B02325A6000225A6186
:1079C00000F004FAEEE772B6FEE7C0463CBE0008DF
:1079D00039780008B4040020B4050020024A9369F5
:1079E000013393617047C046B4050020014B5869CC
:1079F0007047C046B4050020F8B53A4B9B69002B90
:107A000063D1384B5D6901355D61002D12D1364B74
:107A10009B6A1B68002B01D072B6FEE7324A916A5E
:107A2000324B986F906299672E4AD3690133D361C4
:107A3000FFF7F8FD2C4BDB6A9D423CD20024294B1A
:107A40001B68DA6A93009B189A00274B9B181B6BE4
:107A5000012B3FD901243DE00124234B9B6A1B6885
:107A6000002B2AD0204B9B6ADB68DE6873689D423E
:107A700028D3371D3800FFF725FDB36A002B03D04C
:107A800030001830FFF71EFDF26A164BDB689A4291
:107A900001D9144BDA6093009B189A0012483030D9
:107AA00080183900FFF7EAFCF26A0E4B1B68DB6AAC
:107AB0009A42D1D2D1E70024CFE7012252420A4BA9
:107AC000DA62BCE7084AD362B9E7064A136A0133AF
:107AD00013620024034B5B6A002B00D001242000BA
:107AE000F8BDC046B4050020B404002034050020D1
:107AF00070B5324B9B69002B01D172B6FEE700F0E6
:107B00008FF92E4B9A69013A9A619B69002B51D1EA
:107B10002B4BDB6F002B04D1002400F08DF92000EB
:107B200070BD0024274B5B69002B24D0254B1B6ABA
:107B3000DC6820001830FFF7C5FC251D2800FFF782
:107B4000C1FCE26A1D4BDB689A4201D91B4BDA602B
:107B500093009B189A001B48303080182900FFF7CB
:107B60008DFC164B1B68DB6AE26A9A42DAD301226B
:107B7000124B5A62D6E7002C01D0FFF753FD0F4B92
:107B80001C6A002C0AD10D4B5B6A002B14D000F04C
:107B90003BF90124C1E7013C002C07D0FFF72CFF83
:107BA0000028F8D00122054B5A62F4E70022034B6B
:107BB0001A62E8E70024B0E70024AEE7B40500202D
:107BC00034050020B404002010B5041E0ED00A4B6A
:107BD0009B69002B01D072B6FEE7FFF7FFFE002184
:107BE0002000FFF735FEFFF783FF00E000200028AC
:107BF00001D100F009F910BDB405002010B51D4BEE
:107C00009B69002B0FD11B4B00225A62DB689A0044
:107C1000D2189100184A5218126B002A09D1002B71
:107C200005D0013BF3E70122124B5A6210BD72B638
:107C3000FEE7114A9900CC18A0001018446B646844
:107C400044633032C91888000830121894420AD0B0
:107C50009A00D2189100084A5218526BD168054A0E
:107C60001160D360E2E760688900034A52185063EC
:107C7000EEE7C046B4050020B404002070B5C36828
:107C8000DC68002C27D0250018352800FFF71AFCE7
:107C9000164B9B69002B20D1251D2800FFF712FCF5
:107CA000E26A124BDB689A4201D9104BDA6093000A
:107CB0009B189A000E48303080182900FFF7DEFB31
:107CC000E26A0A4B1B68DB6A9A420CD90122074B15
:107CD0005A62012070BD72B6FEE7290004481430D4
:107CE000FFF7CCFBECE70020F4E7C046B40500202A
:107CF000B4040020064B5B68002B05D0044B9B6945
:107D0000002B03D1022070470120FCE70020FAE796
:107D1000B405002082B000230193064B1B68013399
:107D200001D072B6FEE772B6019B002BFCD002B008
:107D30007047C0460C00002000000000000000005A
:107D40000B4A13681868203080F30988022080F3FA
:107D50001488BFF36F8F3FBCAE4608BC04BC62B64C
:107D60001847C046C046C046C046C046C046C0468A
:107D7000B405002010B5084C00232360074A1360A7
:107D8000074B1868FA218900F8F7BEF90138054B4E
:107D900018600723236010BD10E000E018E000E049
:107DA0000000002014E000E010B5031F80246404EC
:107DB0001C60043B1960043B02491960143B1A60C3
:107DC000403810BD157D00087047000010B50C4B01
:107DD0001968FF2212040A431A601968FF2212066A
:107DE0000A431A60FFF7C6FF0022064B1A60FFF72E
:107DF000A7FFFFF703FFFFF78DFF002010BDC04670
:107E000020ED00E00C00002080225205034B1A6098
:107E1000BFF34F8FBFF36F8F7047C04604ED00E094
:107E200072B6044A136801331360BFF34F8FBFF378
:107E30006F8F70470C000020064B1B68002B01D190
:107E400072B6FEE7013B034A1360002B00D162B615
:107E50007047C0460C000020EFF3108072B67047E8
:107E600080F3108870470000000000000000000050
:107E7000EFF309800E4B1A6820381060F0C04446BA
:107E80004D4656465F46F0C008B572B6FFF7B6FEDF
:107E900062B60CBC116808681030F0C8A046A9464C
:107EA000B246BB4680F309882038F0C81847C04660
:107EB000B405002010B5FFF7CFFF0400FFF79CFDCD
:107EC000002803D080225205024B1A602000FFF7E1
:107ED000C7FF10BD04ED00E010B5114A53071BD0D9
:107EE000D11D07239943C0231B015B1A9B180A006D
:107EF0000C490A6000204860D318083B0724A343BC
:107F00008B6058601860981A50601360C8600861F0
:107F100080231B064B6110BDC0231B01E8E7C04650
:107F2000DC050020DC11002010B5124B1A688242DB
:107F300019D359685C18A04203D1406809185960E8
:107F4000180041684418A24211D10A4CA468A24208
:107F50000BD05268891841601A6812680260984212
:107F600000D0186010BD1300E0E70460F7E702607E
:107F7000F5E7C046DC11002070B50400FFF72EFDC8
:107F80002E4B9B68002B0FD02C4B5B6923424AD1B0
:107F9000002C0CD00834630709D007239C43083415
:107FA000234204D072B6FEE7FFF796FFECE7002C01
:107FB0003BD0224B1B699C4239D8204B1D6801E005
:107FC0002B0015006A68944202D92A68002AF7D16A
:107FD0001A4A926895422CD01E6808362A681A60A0
:107FE0006B681B1B102B08D92819420701D072B6E9
:107FF000FEE743606C60FFF797FF69680F4A1369FB
:108000005B1A1361D268934201D20C4AD3600B4BC6
:108010005B690B436B6000232B60FFF769FD7307FF
:1080200009D072B6FEE70026F7E70026F5E700263E
:10803000F3E70026F1E7300070BDC046DC110020F8
:1080400070B5002820D00500083D6B680F4A5269C2
:108050001A4201D172B6FEE7010008390968002909
:1080600001D072B6FEE70838040093434360FFF77F
:10807000B5FC6368054A11698C46634413612800A6
:10808000FFF752FFFFF734FD70BDC046DC11002042
:108090000D4885460D480E490E4A002302E0D4588B
:1080A000C4500433C4188C42F9D30B4A0B4C002340
:1080B00001E013600432A242FBD3FCF7ABFC00F0FA
:1080C000B9F9FCF703FAFEE7005000200000002099
:1080D000E401002028C10008E8010020CC44002071
:1080E000FEE7F8B50D001700002405E06E1C00E067
:1080F00000BF287001343500BC42F7DB3800F8BD02
:1081000070B51600002405E04D1C0878FCF7D0F887
:1081100001342900B442F7DB300070BD10B5030014
:108120000B4A1268002A08D0094A1068C3186A4628
:10813000934206D8064A136010BD0649044A1160EE
:10814000F2E700F071F90C23036001204042F3E7ED
:10815000F4110020D04400200120404270478023C9
:108160009B014B6000207047012070470020704742
:1081700070B5041C0D1C00F011F8002802D12C1C55
:10818000201C70BD281C00F009F80028F8D0291C1C
:10819000201CF8F755F90028F1D0F1E7400040081D
:1081A0000ED00A4B0A4AC31893420BD9094A431E00
:1081B000934209D9084B9C4660444342584170475A
:1081C0000220FCE70420FAE70320F8E7000080FF24
:1081D000FFFFFF7EFEFF7F000000808043001B0E3C
:1081E0001900012210B5C41794437F3901343E2988
:1081F00012DC002913DB80224002400A12041043E3
:10820000162911DD1A00963AB63B1DD4010099409B
:108210000B00904002000FE0F8F788F910BD4B1CEE
:108220000FD12000E117F9E78022D2030A4117237A
:108230001218591ACA400023E1172000F8F734F940
:10824000ECE700200021E9E7202301009B1AD94038
:108250000B00DEE770B5FF25C30D2B401A007F3AF7
:1082600082B01E2A24DC511C1FDBC40F162A22DC1C
:10827000154BA200D658011C301CF8F781FA01906A
:108280000198311CF8F720FF43000ED080214302F3
:108290005B0A090419439623C00D05405D1BE940A4
:1082A0000800002C02D0404200E0002002B070BD67
:1082B000F9F7E4F8FAE780214002400A090408438C
:1082C000963B9840EDE7C04644BE0008F0B5002557
:1082D0008DB0041C00F04CF8234B061C5D576B1C42
:1082E0000BD0211C201CF9F7B3F8071E05D1002183
:1082F000201CF8F791F8002802D1301C0DB0F0BD19
:1083000001230293194B201C03930A97FAF7A4FD4B
:10831000002206900791049005910023002D15D0AE
:1083200010001900F9F770FC08900991022D0FD187
:1083300000F07AF8212303600A9B0193002B0DD1F2
:1083400008980999FAF7DAFD061CD6E7089209930E
:1083500002A800F067F80028EED1E9E700F064F821
:108360000A9B01930360EBE7100000204CBE00085D
:108370002A49430070B50200041C5B088B423BD8BD
:10838000002B38D000283EDB2549C6158B420BD880
:108390008020000420423DD1002300E00B00520069
:1083A000591C0242FAD0F61A802352021B04520AC8
:1083B0001A437F3E5300F10700D5930080227010CE
:1083C0001921002600255204AC189C4202DCA51895
:1083D0001B1BB61801395B0052080029F4D1002B91
:1083E00002D0012301369E43FC239B059C46761058
:1083F0006644C005801970BD011CF8F733FD211CCF
:10840000F8F7BEF9F7E7011CF8F75EFE011CF8F774
:1084100051FBF0E701235B42C5E7C046FFFF7F7FCA
:10842000FFFF7F0000207047014B18687047C0466F
:108430001400002070B500260C4D0D4C641BA410D8
:10844000A64209D1002602F023FC0A4D0A4C641B07
:10845000A410A64205D170BDB300EB589847013671
:10846000EEE7B300EB5898470136F2E720C1000869
:1084700020C1000820C1000824C10008002310B555
:108480009A4200D110BDCC5CC4540133F8E703001C
:108490001218934200D1704719700133F9E7F0B513
:1084A0008BB014001D1E129953DA802424061B1968
:1084B0001D0014002D230B702023149E03229E43C5
:1084C000462E07D03300453B59424B411099013AA3
:1084D000CB18109309AB049308AB0393139B009242
:1084E0000293109B220001932B0000F00DFE070069
:1084F000472E02D1119BDB0724D5109BFB18079355
:10850000462E14D13B78302B0CD1002200232000C2
:108510002900FAF705FE002804D10123109A9B1ABE
:10852000139A1360139B079A1B68D31807930022B2
:10853000002320002900FAF7F3FD302200280DD097
:10854000079B09933800099B159ADB1B13600BB03E
:10855000F0BD0023AFE7591C09911A70099B0799D8
:108560008B42F8D3EEE7F0B5831C85B0019306008B
:108570000C0002702B23002901DA2D234C4273706A
:10858000092C22DD02ABDD1D20000A21F7F72CFFAC
:108590006F1E3031397020000A21F7F73FFE0400CA
:1085A00009280BDC023D3034019B2C7002AA0732F3
:1085B0001800AA4204D8801B05B0F0BD3D00E3E7D7
:1085C0002A7801351A700133F0E73023E418B370CC
:1085D000301DF470EFE70000F0B595B00C000A9282
:1085E0000B931A9D099001F0FBFC036818000C9393
:1085F000FAF7CCFE0023129323680E900D930D9989
:10860000277E2B680722C90545D59B1893431A007E
:1086100008322A601A685B68A264E3640122E56C90
:10862000A66C6B005B080F935242AC4B30000F9965
:10863000FAF7BEFE002830D10122A84B524230008A
:108640000F99FAF77DFD002827D100220023300082
:108650002900FAF76BFD002803D023002D224333B5
:108660001A709F4D472F00D89E4D032300260D9A68
:10867000236101339A4322600B9B13AA00932100CC
:108680000A9B099800F0F4F9431C00D093E0012004
:10869000404215B0F0BD0733B8E732002B00300080
:1086A0002900FAF785FE002804D08F4D472FDCD82B
:1086B0008E4DDAE780230D996268DB000B43511C75
:1086C00043D10732626012AA0021059211AA0392D7
:1086D000232223600691019308A96368521802922D
:1086E000009332002B0004970998FFF7D8FE20234F
:1086F0003A0005009A43472A07D1119BDA1C02DB96
:108700006268934245DD023FFFB21199652F25D87B
:10871000200001393A0050301191FFF724FF129ADE
:10872000060013182361012A02DC2268D20701D552
:1087300001332361232308AA9B181B78002B9BD0AD
:1087400023002D2243331A7096E7672F00D176E17C
:10875000472FB8D1002AB6D10122B3E7662F19D12D
:10876000636800290CDD2161002B02D12268D20749
:1087700002D501335B182361119B0026A365D9E75D
:10878000002B03D101222168114200D09A1C2261E2
:10879000F2E76727119B129A934205DB2268236157
:1087A000D207E9D50133E6E70121002B01DC4918A6
:1087B000C91A5218EBE72268530508D423692A0026
:1087C0000A9909980B9DA847431C29D15FE7652F9B
:1087D00000D8E0E0A06CE16C00220023FAF7A0FCD6
:1087E000002834D00123424A0A9909980B9DA847D2
:1087F000431C00D14BE7119B129A934202DB236882
:10880000DB070DD50B9D0E9B0C9A0A990998A8477A
:108810000025431C00D13AE7129B013BAB420ADC26
:1088200023689B0700D508E1139BE068984200DBB2
:108830002FE718002DE7220001231A320A99099820
:108840000B9EB047431C00D121E70135E4E7119BA3
:10885000002B2DDC0123264A0A9909980B9EB0476C
:10886000431C00D113E7119B002B05D1129B002B59
:1088700002D12368DB07D3D50B9E0E9B0C9A0A9975
:108880000998B0470026431C00D100E7119B5B42CA
:10889000B34201DC129B92E7220001231A320A99AB
:1088A00009980B9FB847431C00D1F0E60136EDE76D
:1088B000A36D129F9F4200DD1F00002F08DD3B00CB
:1088C0002A000A9909980B9EB047431C00D1DEE6A6
:1088D00000230D93FB43DB170F9318E0FFFFEF7F9F
:1088E0005CBE000858BE000864BE000860BE0008F8
:1088F00068BE0008220001231A320A9909980B9ECB
:10890000B047431C00D1C2E60D9B01330D930F9B72
:10891000A66D0D9A3B40F31A9342EBDC119B129A21
:10892000AD19934210DB2368DB070DD4129F119B16
:10893000BE1BFF1AB74200DD3700002F0DDCFE43DF
:10894000F31700250C931CE00E9B0C9A0A990998CA
:108950000B9FB847431CE9D199E63B002A000A99CE
:1089600009980B9DA847431CE9D190E622000123FA
:108970001A320A9909980B9EB047431C00D186E62B
:108980000135119A129B0C999B1A3A000A409B1AC6
:10899000AB42EBDC44E7129B012B02DC01231A42C1
:1089A00032D001232A000A9909980B9FB847431C2B
:1089B00000D16CE60E9B0C9A0A9909980B9F013521
:1089C000B847431C00D162E6A06CE16C129B002208
:1089D0005F1E0023FAF7A4FB3B00002814D00025FB
:1089E0000AE0220001231A320A9909980B9FB8471E
:1089F000431C00D14BE60135129B013BAB42F0DC3E
:108A0000220033005032DBE62A000A9909980B9DB8
:108A1000A847431CF4D13AE62200012319320A99EF
:108A200009980B9EB047431C00D130E60135E3683E
:108A3000139A9B1AAB42EFDCF6E60025F7E7002A13
:108A400000D189E60021069112A9059111A903918F
:108A5000232108A809182360019300922B00049792
:108A6000029132000998FFF71AFD050045E6C0465D
:108A7000F7B5150001938A680B6900900C009342CA
:108A800000DA130022002B6043321278002A01D052
:108A900001332B6023689B0602D52B6802332B60C1
:108AA000062723681F4027D0230043331B785A1E14
:108AB00093412268920630D42200019943320098F3
:108AC000089EB047431C25D0062320682A68E16829
:108AD00003400025042B03D18D1AEB43DB171D4007
:108AE000A3682269934201DD9B1AED180027BD425D
:108AF00020D1002010E00137E3682A689B1ABB42AE
:108B0000D2DD22000123193201990098089EB04756
:108B1000431CF0D101204042FEBD3020E11843311A
:108B2000087021005A1C45310978A21843320233DB
:108B30001170C1E7220001231A3201990098089EA2
:108B4000B047431CE6D00137D1E70000F0B589B04B
:108B500004920A0043320593039002920A7E0C00AD
:108B60000E9B6E2A00D186E01FD8632A33D008D826
:108B7000002A00D18CE0582A4DD0250042352A70B9
:108B800030E0642A01D0692AF7D1196825680A1DE6
:108B9000280629D508681A60002803DA2D23029ACE
:108BA000404213706B4E0A274FE0732A74D008D8E6
:108BB0006F2A1FD0702AE0D1202209680A43226060
:108BC00003E0752A16D0782AD7D1220078214532C1
:108BD0001170614E22E025001A684235111D19609E
:108BE00013682B70012365E008681A606906D3D505
:108BF00000B2D1E719682568081D186008682E06BC
:108C000005D5544E08276F2A1BD00A2719E06D0698
:108C1000F7D580B2F5E745314E4E0A7018682268E4
:108C2000011D00681960150621D5D30702D5202340
:108C30001A4322601027002803D1202322689A4378
:108C400022602300002243331A706368A360002B64
:108C500058DB0422216891432160002854D1029DF1
:108C6000002B5AD02500337842352B7055E055063D
:108C7000DBD580B2D9E71A680D68101D4969186004
:108C800013682E0601D5196002E06D06FBD5198028
:108C90000023029D23614FE01A68111D19601568B9
:108CA00000216268280001F01DFA002801D0401B55
:108CB0006060636823610023029A13703CE02369BB
:108CC0002A0004990398059DA847431C3ED02368B9
:108CD0009B0715D4079BE068984239DA180037E003
:108CE00022000123193204990398059EB047431CC2
:108CF0002CD00135E368079A9B1AAB42F0DCE9E718
:108D00000025F7E70028ADD0029D3900F7F782FA79
:108D1000735C013D2B700028F7D1082F09D123681F
:108D2000DB0706D563682269934202DC3023013DEC
:108D30002B70029B5B1B2361059B07AA00932100FC
:108D4000049B0398FFF794FE431CB8D101204042D6
:108D500009B0F0BD6ABE00087BBE00080FB40B4B23
:108D600013B51C68002C05D0A369002B02D120008C
:108D700001F0A2F805AB049AA1682000019301F06C
:108D800081FD16BC08BC04B01847C0461400002082
:108D900070B505000E00002804D08369002B01D1B6
:108DA00001F08AF8AB69AC68002B02D1280001F011
:108DB00083F8244B9C420FD16C68A3891B0702D512
:108DC0002369002B1FD12100280000F0A1F8002802
:108DD00019D00120404270BD1B4B9C4201D1AC68B0
:108DE000EBE71A4B9C42E8D1EC68E6E70136A3605A
:108DF000002B04DAA2699A4216DC0A2914D02368EF
:108E00005A1C22601970A3683178013B0029EDD10A
:108E1000A360002B0FDA22000A31280000F022F8AC
:108E2000431CD6D00A20D6E72200280000F01AF80A
:108E3000431CE8D1CDE70A2023685A1C2260187031
:108E4000C9E7C046BCBE0008DCBE00089CBE0008E6
:108E500010B5034B01001868FFF79AFF10BDC0461C
:108E600014000020F8B505000E001400002804D0FE
:108E70008369002B01D101F01FF8224B9C422DD1B8
:108E80006C68A369A360A3891B0731D52369002BF4
:108E90002ED023682269F7B2981A6369F6B283422A
:108EA00005DC2100280000F099FF002826D1A368E6
:108EB0000130013BA36023685A1C22601F70636964
:108EC000834204D0A389DB071AD50A2E18D12100CA
:108ED000280000F083FF002812D00FE00A4B9C42CC
:108EE00001D1AC68CDE7094B9C42CAD1EC68C8E718
:108EF0002100280000F00CF80028CAD00126764294
:108F00003000F8BDBCBE0008DCBE00089CBE0008F6
:108F1000364B70B51D6806000C00002D05D0AB69FE
:108F2000002B02D1280000F0C7FF314B9C420FD12B
:108F30006C680C23E25E93B219072DD4D90611D4C4
:108F400009230120336037331343A381404270BDAE
:108F5000284B9C4201D1AC68EBE7274B9C42E8D1FF
:108F6000EC68E6E75B0713D5616B002908D02300A6
:108F70004433994202D0300001F0B4FB0023636314
:108F80002422A3899343A381002363602369236080
:108F90000823A2891343A3812369002B0BD1A021AD
:108FA0008022A389890092000B40934203D02100C4
:108FB000300001F049F80123A289134011D00023A9
:108FC000A36063695B42A361002023698342BED131
:108FD0000C23E25E1306BAD540231343A381013864
:108FE000B5E7920700D46369A360EDE714000020A1
:108FF000BCBE0008DCBE00089CBE0008F0B50369DA
:109000000C6989B0070005910026A34265DB0B00BF
:10901000013C1433A50003935B190493030014333C
:1090200002935D19049B28681B68591C0193F7F78C
:109030006BF80190B04229D0039B02989C4606969B
:10904000624608CA9446019A99B251431B0C534395
:1090500089190A0C9B1807931E0C036889B29AB2EF
:10906000069BD2180368521A190C6B469B8BCB1ABD
:1090700011145B18191492B21B041A43049B069135
:1090800004C06345DCD22B68002B2DD00599380035
:1090900001F048FA00281FDB0025019B02980133EC
:1090A00003990193026808C992B255199AB2AA1A93
:1090B00005681B0C2D0CEB1A15145B191D1492B2CC
:1090C0001B04134308C0049B8B42EBD2029AA300FB
:1090D000D3181A68002A11D0019E300009B0F0BDE3
:1090E0002B68002B04D1013C029B043DAB42F7D31B
:1090F0003C61CBE71A68002A04D1013C029A043B88
:109100009A42F7D33C61E7E7F0B516001F00446AC6
:109110009BB00290239D06960797002C08D1102043
:1091200000F0D6FF029B5862446084600460C46013
:10913000029B5B6A196800290BD05A68012393408F
:109140004A608B60029801F010F80022029B5B6A73
:109150001A60002F20DA01232B607B005B08079345
:10916000079CB24B220017931A409A4217D1B04B7A
:10917000229A1360069B002B03D1240301D100F037
:1091800087FDAC4B249A0893002A02D0AA4B249A5C
:10919000136008981BB0F0BD00232B60E0E7069E2B
:1091A000079F0022002330003900F9F7B9FF051EA0
:1091B0000BD00123229A1360A04B249A0893002A13
:1091C000E7D09F4A24990A60E3E718AB019319ABF3
:1091D000009332003B00029801F022FA63000390F2
:1091E0005B0D74D03A03974C120B14432100964A3E
:1091F000300016959E180022944BF9F779FA944A9C
:10920000944BF9F703F8944A944BF8F7E1F904000A
:1092100030000D00F9F7B4FD914A924BF8F7F6FFD4
:1092200002000B0020002900F8F7D2F904000D001D
:10923000F9F730FF00220700002320002900F9F78A
:1092400075FF002809D03800F9F79AFD2B0022009D
:10925000F9F766FF434258413F1A01231493162F32
:109260000DD88149FB00C91808684968069A079B10
:10927000F9F770FF002846D00023013F1493189B94
:109280009E1B00230A933300013B0B9304D501235B
:109290009B1B0A9300230B93002F36DB0B9B11972C
:1092A000DB190B9300230493209B0124092B00D985
:1092B00084E0052B02DD0024043B2093209B981EB4
:1092C000032800D984E0FAF769F87577286A189BB3
:1092D000199A9E18654BF218202A0FDD40239B1A1D
:1092E0009C40634B0698F318D8402043F9F782FD61
:1092F0000123604C013E091916937CE72023069850
:109300009B1A9840F2E71490B9E70A9BDB1B0A937B
:109310007B42049300231193C6E701230D93219B05
:10932000002B59DD0C930993029A556A00226A605A
:109330000432100014306968984252D9029800F043
:10934000DCFE029B28605B6A1B680893099B0E2B5E
:1093500000D90AE1002C00D107E1069B079C12937B
:109360001394002F00DC89E00F213A003E4B0A40A5
:10937000D2009B181D685E6802233C110E93E30621
:109380000BD53D4B0C401A6A5B6A12981399F8F79B
:109390003BFC0323069007910E9300233AE0012340
:1093A0000D93219BFB180C9301330993002BBBDC1D
:1093B0000123B9E70023B1E70023F1E700230D946F
:1093C0002093013B00220C93099313332192ABE7C6
:1093D00001230D93023BF5E701230C9309931A0037
:1093E000F4E7013169605200A3E701231C420ED06B
:1093F0000E9B214A01330E93109B2800DB009B1823
:1094000031001A685B68F8F701FF05000E00109B39
:10941000641001331093002CE7D1069807992A00B5
:109420003300F8F7F1FB0690079142E00000F07F6F
:109430000F27000095BE000898BE000868BE00080F
:1094400069BE00080000F03F01FCFFFF0000F83F8C
:1094500061436F63A787D23FB3C8608B288AC63F3A
:10946000FB799F501344D33F28BF0008320400000B
:1094700012040000000010FE00BF000802230E933B
:10948000002F16D0129813997C420D332340CE4AF8
:10949000DB00D3181A685B68F8F7B8FE00230126D2
:1094A0001D00069007912411002C00D08CE0002BA9
:1094B000B9D1149B002B00D196E0069C079D002299
:1094C000C24B20002900F9F731FE002800D18BE0C3
:1094D000099B002B00D187E00C9B002B41DDBC4B8E
:1094E000002220002900F8F791FE0E9B06900791BC
:1094F00001330E930C9B7E1E0E981093F9F740FCDF
:10950000069A079BF8F782FE0022B24BF8F760F844
:10951000B14A0E900F910E9C0F9D94460F9B634491
:1095200015931D00109B002B61D10698079900220E
:10953000AA4BF9F7DDF82200159B06900791F9F781
:1095400009FE002800D0A8E2A5480F99844661448E
:109550000B00069807992200F9F7E8FD002800D0D3
:1095600095E2129B139C06930794199B002B00DA3B
:109570005CE10E2F00DD59E1934BFA009B185C680B
:109580001B6804930594219B002B00DBD8E0099B0A
:10959000002B00DDD4E000D07DE204980599002284
:1095A0008E4BF8F733FE069A079BF9F7DDFD099B12
:1095B00004931E00002800D04FE2089B089A5D1C0F
:1095C0003123013713704BE234420AD00E9B854A97
:1095D00001330E93EB009B181A685B68F8F716FED0
:1095E0003300641001355FE73E00099B84E7109B60
:1095F0000D995A1E744BD2009B181A685B6800299B
:1096000049D000207849F8F7FFFA2B002200F9F73B
:109610006FF8089B0E900F91159306980799F9F72C
:1096200039FD0400F9F7ACFB02000B00069807991E
:10963000F9F75EF8159B30345D1C1C700E9A0F9B79
:1096400006900791F9F772FD00286CD1069A079BE6
:1096500000205E49F9F74CF80E9A0F9BF9F766FD6A
:10966000002800D0C3E0089B109AEB1A9A4200DC55
:1096700077E70E980F990022554BF8F7C7FD0022A7
:109680000E900F9106980799514BF8F7BFFD15956D
:1096900006900791C1E720002900F8F7B7FD089C64
:1096A000109A230094460E900F91634415930698E8
:1096B0000799F9F7EFFC0500F9F762FB0B000200D0
:1096C00006980799F9F714F83035159B2570013481
:1096D00006900791A3422AD10E980F99089A109BE1
:1096E0009446634400221D003F4BF7F771FF0200D0
:1096F0000B0006980799F9F72DFD002800D076E0B9
:109700000E9A0F9B00203849F8F7F2FF02000B0079
:1097100006980799F9F70AFD002800D121E76B1E8A
:109720001A78302A01D037003FE01D00F7E706988D
:1097300007990022264BF8F769FD06900791B6E7D6
:10974000089E049A059B06980799F8F75DFAF9F7C1
:10975000A1FC0400F9F714FB049A059BF8F756FDE9
:1097600002000B0006980799F8F7C2FF2300303378
:109770003370099A089B751CEB1A9A4248D1020073
:109780000B00F7F725FF049A059B06900791F9F760
:10979000E1FC00282AD1049A059B06980799F9F75D
:1097A000BFFC002801D0E30720D40399029800F001
:1097B000DCFC00232B70229B01371F60249B002BB5
:1097C00000D1E6E41D60E4E428BF00080000F03F9B
:1097D0000000244000001C400000C0FC00001440B9
:1097E0000000C07C00BF00080000E03F3E006B1E90
:1097F0001A78392A06D1089A9A4207D13023137071
:10980000130001361A7801321A708CE71D00EEE75A
:109810000022A44BF8F7FAFC0022002306900791DF
:109820002E00F9F77DFC00288BD0BEE70D9A002AA8
:1098300000D1DAE0209A012A00DDBDE0169A002A64
:1098400000D1B5E0984A9B18049D0A9C0A9A012110
:10985000D2180A920B9A0298D3180B9300F025FDA8
:109860000600002C0EDD0B9B002B0BDD0B9A23005A
:10987000944200DD13000A9AE41AD21A0A920B9A53
:10988000D31A0B93049B002B1FD00D9B002B00D1F0
:10989000AFE0002D11D031002A00029800F09EFDAB
:1098A000039A01000600029800F008FD0399109049
:1098B000029800F05AFC109B0393049B5A1B04D09F
:1098C0000399029800F08AFD03900121029800F0AC
:1098D000ECFC119B0490002B00D1E3E11A00010085
:1098E000029800F07BFD209B0490012B00DD82E0BC
:1098F0000025069BAB420ED1079B1B03AB420AD14E
:10990000179B079A134206D00A9B013501330A932D
:109910000B9B01330B93119B0120002B6CD10B9BF4
:1099200018181F2318407ED001331B1A042B70DD3A
:109930001C23181A0A9B24181B180A930B9B1B182C
:109940000B930A9B002B05DD1A000399029800F087
:1099500097FD03900B9B002B05DD1A0004990298DC
:1099600000F08EFD0490149B002B5ED004990398A8
:1099700000F0D8FD002858DA00230A220399029843
:1099800000F00CFC0D9B013F0390002B00D190E1F7
:10999000002331000A22029800F000FC0C9B060014
:1099A000002B00DD88E0209B022B00DC84E044E0FB
:1099B0003623189A9B1A47E7099B5D1E049BAB420E
:1099C00008DB5D1B099B002B0CDA0A9B099A9C1A89
:1099D00000233BE7049B0495EA1A119B00259B1882
:1099E0001193EFE70A9C099B30E7049D0A9C0D9EAA
:1099F00037E7049A64E70025049B049A1B691093D7
:109A000003339B00D318586800F006FC2023181A73
:109A100085E7042B95D00A9A1C33D2180A920B9A28
:109A2000E418D3188CE70300F5E7099B002B3DDC15
:109A3000209B022B3ADD099B0C930C9B002B0CD135
:109A400004990522029800F0A9FB049001000398F4
:109A500000F068FD002800DDAFE5219B089DDF4395
:109A6000002309930499029800F07FFB002E00D197
:109A70009BE6099B002B05D0B34203D01900029846
:109A800000F073FB3100029800F06FFB8DE6109B35
:109A900004931E00E1E70023FAE7109B37000493CC
:109AA0001E008AE500002440330400000D9B002BBB
:109AB00000D1B2E0099B0C93002C05DD310022009F
:109AC000029800F0DDFC06003000002D11D0716816
:109AD000029800F012FB3100040033690C319A1C2B
:109AE00092000C30FEF7CAFC01222100029800F01F
:109AF000C7FC09960600089B0A9304990398FFF790
:109B00007DFA09990D900400039800F00BFD3200D6
:109B100010900499029800F01FFD01230B93C36875
:109B200030340500002B04D10100039800F0FAFC4A
:109B30000B902900029800F018FB0B9B209A13430E
:109B40000ED1069A013313420AD1392C26D0109B2C
:109B5000002B01DD0D9C31340A9B5D1C1C7081E7DC
:109B6000109B002B07DB1D00209B1D4322D10123EE
:109B7000069A13421ED10B9B002BEDDD03990122A7
:109B8000029800F07DFC0499039000F0CBFC0028C3
:109B900002DCE1D1E307DFD5392CDBD10A9B0A9A3D
:109BA0005D1C392313706B1E1A78392A67D0013275
:109BB0001A7057E70A9B5D1C0B9B002B04DD392CA8
:109BC000ECD001340A9BC9E70A9B0C9A1C70089BD5
:109BD000EB1A93423ED000230A220399029800F028
:109BE000DDFA099B0390B34209D100230A220999A7
:109BF000029800F0D3FA099006000A957DE70999CA
:109C000000230A22029800F0C9FA002309900A22D0
:109C10003100029800F0C2FAEEE7099B0C93089B12
:109C2000069304990398FFF7E9F9069B30305D1C11
:109C300018700C9A089B0400EB1A9A4208DD002366
:109C40000A220399029800F0A9FA06950390E8E722
:109C50000023099303990122029800F011FC049952
:109C6000039000F05FFC00289DDC01D1E3079AD44B
:109C70006B1E1A78302A00D0F4E61D00F8E7089A27
:109C80009A4203D1312301371370EBE61D008AE7B6
:109C90000B4B249A08930B4B002A01D0FFF777FA5D
:109CA000FFF777FA209B012B00DC21E6119D0120B4
:109CB00035E60C9B002BB2DC209B022BAFDDBCE613
:109CC0008CBE000894BE0008F7B58A8905000C0018
:109CD000130760D44B68002B04DC0B6C002B01DCF9
:109CE0000020FEBDE76A002FFAD000232E682B600B
:109CF00080235B01216A1A4034D0606DA3895B0721
:109D000006D56368C01A636B002B01D0236CC01AA0
:109D10000200216A00232800E76AB847A189431C92
:109D200006D12B681D2B30D82B4ADA40D3072CD50F
:109D30000023636023692360CB0405D5431C02D153
:109D40002B68002B00D16065616B2E600029C7D0A5
:109D500023004433994202D0280000F0C3FC0020C5
:109D60006063BEE701232800B847431CC6D12B68B7
:109D7000002BC3D01D2B01D0162B01D12E60AFE7D5
:109D80004023A2891343A381ABE740230B43012067
:109D9000A3814042A5E70F69002FA1D00B680F6097
:109DA000DB1B01930023920700D14B69A360019B49
:109DB000002B00DC94E7019B3A00216A2800A66A88
:109DC000B047002803DC4023A2891343DFE7019B4F
:109DD0003F181B1A0193EAE7010040200B6970B598
:109DE00005000C00002B01D1002070BD002804D01C
:109DF0008369002B01D100F05FF80B4B9C4209D125
:109E00006C680C22A35E002BEED021002800FFF727
:109E10005BFFEAE7054B9C4201D1AC68F1E7044BDC
:109E20009C42EED1EC68ECE7BCBE0008DCBE00084A
:109E30009CBE0008002310B50400036043608360EB
:109E400081814366C28103614361836119000822F5
:109E50005C30FEF71CFB054B24626362044BA3627B
:109E6000044BE362044B236310BDC046D5AA00082F
:109E7000FDAA000835AB000861AB000810B5024927
:109E800000F08CF810BDC046DD9D000870B5682557
:109E90004A1E55430E002900743100F06DFC041E6B
:109EA00008D000212A00016046600C30A0606832B2
:109EB000FEF7EDFA200070BD836913B50400002B96
:109EC00028D18364C3640365134B144A1B68826200
:109ED0000193984201D101238361200000F020F812
:109EE0006060200000F01CF8A060200000F018F86E
:109EF0000022E06004216068FFF79CFF0122092135
:109F0000A068FFF797FF02221221E068FFF792FF97
:109F10000123A36113BDC04654BE00087D9E000806
:109F2000F8B51C4B07001E68B369002B02D1300046
:109F3000FFF7C2FF4836B4687368013B04D5336845
:109F4000002B07D03668F6E70C22A55E002D0DD059
:109F50006834F2E704213800FFF798FF30600028EA
:109F6000F0D10C2304003B602000F8BD20000A4B18
:109F7000656625606560A560E36025616561A56132
:109F8000082229005C30FEF782FA6563A563A564A8
:109F9000E564E9E754BE00080100FFFFF7B50400DF
:109FA0000700002601914834002C01D13000FEBD8D
:109FB0006368A5680093009B013B009301D524686A
:109FC000F2E7AB89012B08D90E22AB5E013304D036
:109FD00029003800019B984706436835EBE70000ED
:109FE000034B1B68186A002800D10248F030704704
:109FF000140000207800002070B50E001D000E2314
:10A00000C95E96B01400002907DA00232B60B389DB
:10A010001B0611D48023DB000FE06A4600F0CCFD64
:10A020000028F2DBF022019B12021340054A9B1824
:10A030005A4253412B60EDE740230020236016B0C5
:10A0400070BDC04600E0FFFFF7B502268B89050012
:10A050000C00334206D023004733236023610123E1
:10A060006361F7BD01AB6A46FFF7C6FF00990700C1
:10A07000280000F081FB002808D10C22A35E9A057D
:10A08000EFD4032293431E43A681E4E70F4BAB6258
:10A090008023A28920601343A381009B2061636118
:10A0A000019B002B0DD00E23E15E280000F096FDF1
:10A0B000002806D00322A38993431A0001231343E7
:10A0C000A381A0893843A081CBE7C0467D9E0008CC
:10A0D00010B5034B0100186800F04EFB10BDC046E0
:10A0E00014000020C9B28218904201D100207047AC
:10A0F00003788B42FBD00130F6E770B5466A040066
:10A100000D00002E07D11020FFF7E2FF60624660CD
:10A1100086600660C660666AF368002B13D0636AC7
:10A12000AA00DB689B181868002818D101210E00CE
:10A13000AE40721D9200200000F0C6FA00280CD03C
:10A14000456086600DE021220421200000F0BCFA69
:10A15000636AF060DB68002BE1D1002070BD02680B
:10A160001A6000230361C360F8E770B5446A060013
:10A170000D00002C07D11020FFF7AAFF7062446089
:10A1800084600460C460002D07D0736A6A68DB686D
:10A1900092009B181A682A601D6070BDF7B51E00FA
:10A1A00014239C4607000C0000200D698C44634674
:10A1B0001B68013099B263461B6851431B0C534323
:10A1C00089190E0C9B1989B21E0C1B045B18614681
:10A1D00008C18C468542EADC002E1BD0A368AB4246
:10A1E00012DC63683800591CFFF787FF21002369E0
:10A1F00001909A1C92000C310C30FEF73FF92100BF
:10A200003800FFF7B2FF019C2B1D9B00E3180135BE
:10A210005E6025612000FEBD0300020C002082422A
:10A2200001D11B0410301A0E01D108301B021A0F85
:10A2300001D104301B019A0F01D102309B00002B89
:10A2400003DB01305B0000D4202070470722036845
:10A2500010B501001A400DD001240020234205D181
:10A260000230034203D0E34020000B6010BD9B0886
:10A270000B60FBE79CB21000002C01D110201B0CDE
:10A28000DAB2002A01D108301B0A1A0701D10430C2
:10A290001B099A0701D102309B08DA07E8D45B0852
:10A2A00001D00130E4E72020E0E710B50C000121E7
:10A2B000FFF723FF01234461036110BDF0B50B6973
:10A2C0001400126989B00D00934201DA25000C00D8
:10A2D0002F6926696968BB190293AB68BA19934262
:10A2E00000DA0131FFF709FF0200BB1914329B00AD
:10A2F000D3189C4600211300049063451DD31435E8
:10A30000BF00EB191434B6000593A319039501940B
:10A310000793079B0199994211D3029B002B06DDFD
:10A3200004235B429C4463461B68002B51D0049B72
:10A33000029A18001A6109B0F0BD02C3DDE7019B63
:10A340001B6898B200281CD015000026039F02CF7E
:10A350002C688BB24343090C4143A4B21B199B19CF
:10A360000E0029680695090C71181E0C89190E0C2F
:10A370009BB209040B4308C5059BBB42E7D8069B6B
:10A380005E60019B1B681D0C1ED010000027136827
:10A39000039E3168046889B26943240C0919C919FC
:10A3A0000F049BB23B43036080CE43683F0C6F4376
:10A3B0009BB2FB18090C5B18059906901F0C043022
:10A3C000B142E6D806994B60019B043204330193F5
:10A3D0009FE7029B013B02939FE700000323F7B531
:10A3E000134005000E001400002B08D02249013B49
:10A3F0009A00525800233100FFF7D0FE0600A31048
:10A40000019336D06C6A002C07D11020FFF760FE54
:10A410006862446084600460C4606F6ABC68002C39
:10A4200007D116492800FFF740FF00230400B86059
:10A4300003600122019B13420AD031002200280050
:10A44000FFF73CFF070031002800FFF78EFE3E00BB
:10A45000019B5B1001930CD02068002807D12200DB
:10A4600021002800FFF72AFF00232060036004007A
:10A47000DFE73000FEBDC046F0BF000871020000FB
:10A48000F0B50D0017002B69541185B0E318019346
:10A49000013300934968AB680290009A934235DB20
:10A4A0000298FFF72AFE002302000600190014326A
:10A4B000A3422EDBE343DB171C402B00A40014193E
:10A4C0002A69143392009A1894461F22174024D008
:10A4D0000132D21B0392002219682000B9400A43BE
:10A4E00004C404CB0399CA409C45F5D84260002AB5
:10A4F00002D0019B02330093009B0298013B336121
:10A500002900FFF732FE300005B0F0BD01315B00DD
:10A51000C3E7980011500133CAE704CB04C49C453B
:10A52000FBD8E9E70A69036930B59B1A0DD192009F
:10A530001430143184188918043C043925680A68D9
:10A54000954204D00123954204D3180030BDA042A7
:10A55000F2D3FAE75B42F8E7F0B50D0085B00700EB
:10A56000110028001400FFF7DDFF061E08D10100CE
:10A570003800FFF7C2FD01234661036105B0F0BD5D
:10A5800001230193002804DB23002C001D0000237D
:10A59000019361683800FFF7B0FD2F000022019B96
:10A5A0002669C3601434B300E31802932B6914378F
:10A5B0009B00FB18039303009446143320CC04CF74
:10A5C0000192AAB294446A46614692882D0C8A1A76
:10A5D0000199090C691A151449190D1492B209044C
:10A5E0000A431A60039AAC460433BA42E6D8029989
:10A5F0001A008C4205D3043A1368002B0ED0066172
:10A60000BCE704CC91B261440D14120C521915141C
:10A6100089B212040A43AC4604C3E8E7013EEAE704
:10A62000F7B51D0001211400089FFFF766FD2B03FD
:10A630006D0006001B0B6D0D24D10193002C27D05B
:10A6400068460094FFF702FE009C00281ED0019B84
:10A6500020211A00091A8A40C340224372610193E3
:10A66000019CB461631E9C4101343461002D18D0FB
:10A67000124BED1835232D183D60181A099B1860F0
:10A680003000FEBD802252031343D6E77461E7E732
:10A6900001A8FFF7DBFD0124019B346173612030C9
:10A6A000E4E7074BC018074B3860E3189B00F3182A
:10A6B0005869FFF7B1FD6401201ADFE7CDFBFFFF0A
:10A6C000CEFBFFFFFFFFFF3F4A4370B511001400B0
:10A6D00000F052F8051E03D022000021FDF7D7FE3E
:10A6E000280070BD70B50500002910D00C1F23682C
:10A6F000002B00DAE418280000F0A8FA1D4A1368BD
:10A70000002B05D163601460280000F0A0FA70BD32
:10A71000A34209D9216860188342F3D118685B68A5
:10A7200041182160EEE713005A68002A01D0A242C6
:10A73000F9D919685818A0420BD12068091858187F
:10A7400019608242E0D110685268411819605A605D
:10A75000DAE7A04202D90C232B60D5E72168601804
:10A76000824203D1106852684118216062605C60C7
:10A77000CAE7C046FC110020032370B5CD1C9D43E1
:10A78000083506000C2D1ED20C25A9421DD830001C
:10A7900000F05CFA254A14682100002919D1244CE4
:10A7A0002368002B03D1300000F082F920602900DB
:10A7B000300000F07DF9431C2BD10C2330003360B6
:10A7C00000F045FA03E0002DDFDA0C2333600020AF
:10A7D00070BD0B685B1B19D40B2B03D90B60CC1815
:10A7E000256003E04B688C420DD11360300000F00F
:10A7F0002EFA200007220B30231D9043C31AE7D006
:10A800005A42E250E4E763600C00EFE70C0049684D
:10A81000C3E70323C41C9C43A042E1D0211A3000AB
:10A8200000F046F9431CDBD1C7E7C046FC1100200D
:10A8300000120020936810B5013B9360002B04DAEE
:10A840009469A34207DB0A2905D01368581C1060DD
:10A850001970080010BDFEF705FB0100F9E7F8B517
:10A8600006000F001400D518AC4201D1002007E00B
:10A8700021783A003000FFF7DDFF0134431CF3D1AB
:10A88000F8BD0000F0B5A1B003900F0016001D0048
:10A89000002805D083690593002B01D1FFF70CFB3D
:10A8A0007B4B9F425CD1039B5F68BB891B0763D5D1
:10A8B0003B69002B60D0002308AC636120336376D2
:10A8C0001033A376079535002B78002B01D0252B6C
:10A8D0005CD1AB1B05930CD0320039000398FFF715
:10A8E000BEFF431C00D1C4E06269059B94466344EB
:10A8F00063612B78002B00D1BBE001220023524280
:10A90000626004A9543252186E1C2360E360A36095
:10A910001370A365317805225E48FFF7E3FB751CD1
:10A92000002835D12268D30604D5532304A95B1827
:10A9300020211970130704D5532304A95B182B2178
:10A94000197033782A2B2CD0350000210A20E368B7
:10A950002A786E1C303A092A64D900292ED026E0C4
:10A960004D4B9F4202D1039B9F689EE74B4B9F42FA
:10A970009BD1039BDF6898E739000398FEF7C8FA7C
:10A98000002898D00120404221B0F0BD01359BE75E
:10A99000404B2268C01A01238340134323602E00DA
:10A9A000B8E7079B191D1B680791002B01DB0B9370
:10A9B00004E05B42E3600223134323602B782E2BD9
:10A9C0000AD16B782A2B35D1079B02351A1D1B68DB
:10A9D0000792002B2BDB0993314E2978032230009C
:10A9E000FFF780FB002806D04023801B83402268AD
:10A9F000013513432360297806222A486E1C2176EC
:10AA0000FFF770FB00283AD0274B002B25D10722F7
:10AA1000079B07339343083307936369049A9B1892
:10AA2000636150E7434301219B18350090E7012300
:10AA30005B42D0E700230A201A00013563602978C1
:10AA40006E1C3039092903D9002BC5D00992C3E700
:10AA50004243012352183500F1E707AB00933A0057
:10AA6000124B21000398FDF7B7FD0490049B0133BE
:10AA7000D3D1BB895B0600D584E70D9884E707AB8B
:10AA800000933A00094B21000398FEF75FF8ECE7CA
:10AA9000BCBE0008FCBF0008DCBE00089CBE00086D
:10AAA00002C0000806C00008D98500085FA8000899
:10AAB000002370B5064C050008002360FDF72EFB4F
:10AAC000431C03D12368002B00D02B6070BDC0460F
:10AAD000C844002070B50C000E25495F00F0B8F89E
:10AAE000002803DB636D1B18636570BDA389024AF0
:10AAF0001340A381F9E7C046FFEFFFFFF8B51F0041
:10AB00008B8905000C001600DB0505D50E23C95EF8
:10AB10000022022300F074F8A389054A280013409C
:10AB2000A38132000E23E15E3B0000F01FF8F8BD68
:10AB3000FFEFFFFF70B50C000E25495F00F060F8D5
:10AB4000A389421C03D1054A1340A38170BD802212
:10AB500052011343A3816065F8E7C046FFEFFFFF92
:10AB600010B50E23C95E00F015F810BD70B50500D4
:10AB7000080011000022064C22601A00FDF7C0FAFE
:10AB8000431C03D12368002B00D02B6070BDC0464E
:10AB9000C8440020002370B5064C0500080023605F
:10ABA000FDF7DAFA431C03D12368002B00D02B6099
:10ABB00070BDC046C8440020002370B5064C050097
:10ABC000080011002360FDF7CAFA431C03D1236873
:10ABD000002B00D02B6070BDC8440020002370B54E
:10ABE000064C050008002360FDF7BEFA431C03D1A4
:10ABF0002368002B00D02B6070BDC046C8440020E5
:10AC000070B50500080011000022064C22601A00F1
:10AC1000FDF7ACFA431C03D12368002B00D02B6056
:10AC200070BDC046C844002082B0002900D101A9EF
:10AC3000101E06D0002B06D013780B601078431E30
:10AC4000984102B0704702204042FAE770477047CF
:10AC500070B50500080011000022064C22601A00A1
:10AC6000FDF73FFA431C03D12368002B00D02B6073
:10AC700070BDC046C84400200B1E04D0FF2A04D972
:10AC80008A2303608B3B180070470A700123FAE7A0
:10AC9000F8B5C046F8BC08BC9E467047F8B5C0463B
:08ACA000F8BC08BC9E46704799
:10ACA8000800000004000000000000000000000090
:10ACB800C4BB00087D42000800000000000000003E
:10ACC800800000000000000000000000B8BB000881
:10ACD800A3420008020000000000000080000000FD
:10ACE8000000000000000000ACBB00088F42000814
:10ACF8000200000000000000000100000000000049
:10AD080000000000A4BB00089942000800000000F1
:10AD180000000000800000000000000000000000AB
:10AD2800030406080C101820300000000000000082
:10AD380000000000010203040607080900000000E3
:10AD480001020304666E00086E6E0008766E000845
:10AD58008C6E0008846E00088C6E00088C6E0008EB
:10AD68008C6E0008346E0008026E00080A6E000837
:10AD7800126E0008286E0008206E0008286E000871
:10AD8800286E0008286E0008C86D0008320C0008FC
:10AD98006E0B0008920B0008300B0008920B00089D
:10ADA8000E0C0008920B0008300B00086E0B000810
:10ADB8006E0B00080E0C0008300B0008640C00082D
:10ADC800640C0008640C00081A0C00086E0B0008DC
:10ADD8006E0B0008920B00082E0B0008920B00085F
:10ADE8000E0C0008920B00082E0B00086E0B0008D2
:10ADF8006E0B00080E0C00082E0B0008640C0008EF
:10AE0800640C0008640C0008180C00085C0F0008AB
:10AE1800060F0008060F000834100008020F00088B
:10AE2800020F00082A10000834100008020F00085A
:10AE38002A100008020F0008341000083810000813
:10AE4800381000083810000840100008AC1E000830
:10AE58001E1D0008621D0008C61C0008621D0008AF
:10AE6800521E0008621D0008C61C00081E1D0008AE
:10AE78001E1D0008521E0008C61C0008BE1C000843
:10AE8800BE1C0008BE1C0008601E0008C423000881
:10AE9800C6220008C6220008E4250008C0220008CF
:10AEA800C0220008CC250008E4250008C0220008BC
:10AEB800CC250008C0220008E4250008DA2500088F
:10AEC800DA250008DA250008E82500085B4C4F471A
:10AED80049435D20446973706C6179546573744D9E
:10AEE8006F64652829204D6F64655B25645D506F2C
:10AEF800735B25645D0D0A00424C45205B20434F7F
:10AF08004E4E4543544544202020205D0D0000004E
:10AF1800424C45205B20444953434F4E4E454354D1
:10AF28004544205D0D0000005B4C4F474943205DC0
:10AF3800205365742044524D205B4252543A256494
:10AF48005D0000005B5247423A253032785D0000D0
:10AF58005B4F50543A253032785D0D0A00000000EE
:10AF68005B4C4F4749435D204D6F64656D205365C9
:10AF78006E645F5374616E6462790D005B4C4F4779
:10AF880049435D2053656E645F4D6F64656D5F5323
:10AF980074617475735B253032785D5B2530327867
:10AFA8005D5B253032785D5B253032785D5B25301E
:10AFB80032785D5B253032785D5B253032785D5BB9
:10AFC800253032785D5B253032785D0D0A0000004F
:10AFD8005B4C4F4749435D204D6F64656D20536559
:10AFE8006E645F5374617475730D00005B4C4F475A
:10AFF80049435D204D6F64656D2053656E645F52F3
:10B00800656769737465725B25645D0D0A000000ED
:10B018005B4C4F4749435D2053656E645F424C4526
:10B028005F636865636B200D0000000041540D00EC
:10B0380041542B494E464F3F0D0000005B4C4F4793
:10B0480049435D2053656E645F424C455F636D64A0
:10B05800203A202573200A0041542B5645523F0DB3
:10B068000000000041542B414456444154413F0DD7
:10B07800000000005B4C4F4749435D2053656E64F8
:10B088005F424C455F636D64203A202573000000E1
:10B0980041542B4144564F4E0D00000041542B4162
:10B0A80044564F46460D00005B4C4F4749435D20D0
:10B0B800636F6D6D616E645F737472203A202573DF
:10B0C800000000005B4C4F4749435D2053656E64A8
:10B0D8005F424C455F414456444154415F5374615B
:10B0E8007475735B25635D5B25635D5B25635D5BE1
:10B0F80025635D5B25635D5B25635D5B25635D5B48
:10B1080025635D5B25635D5B25635D5B25635D5B37
:10B1180025635D5B25635D0D0A0000005B4C4F47AE
:10B1280049435D2053656E645F424C455F41445618
:10B13800444154415F536974756174696F6E0D00C1
:10B1480041542B414456444154413D2564256425CE
:10B158003034640D000000005B4C4F4749435D20CC
:10B16800424C455F414456444154415F5345540D58
:10B178000000000041542B414456444154413D25B0
:10B18800730D000041542B4D414E55463F0D0000B4
:10B198005B4C4F4749435D20424C455F4D414E55FE
:10B1A800465F5345540D000041542B4D414E5546C2
:10B1B8003D4D41535445520D000000005B4C4F4734
:10B1C80049435D2053656E645F424C455F494E5468
:10B1D800455256414C5F5345542025640D0A0000E2
:10B1E80041542B414456494E54455256414C3D25F5
:10B1F800640D00005B4C4F4749435D204D6F64650B
:10B208006D205061636B65745F50617273655B2577
:10B218003032785D5B253032785D5B253032785D81
:10B228000D0A00005B4C4F4749435D2044524D20B6
:10B2380047726F757020436F6E74726F6C5B425209
:10B2480054203A20253032785D5B524742203A201C
:10B25800253032785D5B4F7074203A202530327883
:10B268005D0D0A005B4C4F474943205D204F6E65DA
:10B27800436F6E74726F6C205B425254203A2025E3
:10B288003032785D5B524742203A20253032785D73
:10B298005B4F7074203A20253032785D0D0A00002B
:10B2A8005B4C4F474943205D20416C6C436F6E7483
:10B2B800726F6C5F5633205B25645D5B4252543A73
:10B2C800253032785D5B5247423A253032785D5BF3
:10B2D8004F3A253032785D0D0A0000005B4C4F472D
:10B2E8004943205D2054686973204576656E742053
:10B2F8006265206E6F7420696E636C756465642086
:10B308002D205B45203A202564206D5D5B50203A56
:10B3180020253464206D5D0D0A0000005B4C4F470A
:10B328004943205D205B253464207E202534642039
:10B338006D5D0D0A000000005B4C4F474943205DDE
:10B3480020424C4520416476446174612053657401
:10B358000D0000005B4C4F474943205D205B25648E
:10B368005D496E697420506F736974696F6E202D22
:10B37800205B25645D5B253464206D5D0D0A00004B
:10B388005B4C4F474943205D205B25645D20466C3C
:10B39800617368696E6720436F6E74726F6C202DDD
:10B3A800205B25645D0D0A0041542B554152543DE4
:10B3B80025640D005B4C4F4749435D203D3D3D3DB5
:10B3C8003D3D3D3D3D3D3D3D3D4D6F64656D2052EC
:10B3D800656769737465723D3D3D3D3D3D3D3D3D4D
:10B3E8003D3D3D0D000000005B4C4F4749435D204B
:10B3F800312E2053656374696F6E20494420203ACA
:10B40800205B2025303278205D0D0A005B4C4F47C9
:10B4180049435D20322E204465766963652049449E
:10B428002020203A205B2025303278205D0D0A004C
:10B438005B4C4F4749435D20332E205246204368DA
:10B44800616E6E656C20203A205B202530327820B2
:10B458005D0D0A005B4C4F4749435D203D3D3D3D36
:10B468003D3D3D3D3D3D3D3D3D3D3D3D3D3D3D3D04
:10B478003D3D3D3D3D3D3D3D3D3D3D3D3D3D3D3DF4
:10B488003D3D3D0D000000005B6C6F6769632E63F6
:10B498005D20536176652050616765312054726183
:10B4A8006E736D697420526573756C74205B2564C6
:10B4B8005D0D0A005B6C6F6769632E635D205361E5
:10B4C80076652050616765302B31205B305D2054F4
:10B4D80072616E736D697420526573756C74205B4C
:10B4E80025645D0D0A0000005B6C6F6769632E635D
:10B4F8005D20536176652050616765302B31205B94
:10B50800315D205472616E736D6974205265737574
:10B518006C74205B25645D0D0A0000005B6C6F672E
:10B5280069632E635D2053617665205061676530DD
:10B53800205472616E736D697420526573756C74F2
:10B54800205B25645D0D0A005B6C6F6769632E6381
:10B558005D205061676531205472616E736D697446
:10B5680020526573756C74205B25645D0D0A0000BC
:10B578005B6C6F6769632E635D205061676531207E
:10B588005265636569766520526573756C74205BD6
:10B5980025645D0D0A0000005B6C6F6769632E63AC
:10B5A8005D20506167652030202D20315B315D20A2
:10B5B8005472616E736D697420526573756C742072
:10B5C8005B25645D0D0A00005B6C6F6769632E6321
:10B5D8005D20506167652030202D20315B315D2072
:10B5E8005265636569766520526573756C74205B76
:10B5F80025645D0D0A0000005B6C6F6769632E634C
:10B608005D20506167652030202D20315B325D2040
:10B618005472616E736D697420526573756C742011
:10B628005B25645D0D0A00005B6C6F6769632E63C0
:10B638005D20506167652030202D20315B325D2010
:10B648005265636569766520526573756C74205B15
:10B6580025645D0D0A0000005B6C6F6769632E63EB
:10B668005D20506167652030205472616E736D698A
:10B678007420526573756C74205B25645D0D0A0037
:10B688005B6C6F6769632E635D205061676520306E
:10B69800205265636569766520526573756C742000
:10B6A8005B25645D0D0A00005B25735D20455252E1
:10B6B8003D30782530386C582053544154453D303E
:10B6C80078253032580D0A00202D2041524C4F2049
:10B6D800286172626974726174696F6E206C6F732D
:10B6E80074290D00202D204E41434B202841462926
:10B6F8000D000000202D20427573206572726F7254
:10B708000D000000202D2054696D656F75740D00C3
:10B71800493243207363616E2E2E2E0D0000000007
:10B72800202D2030782530325820283762290D0AFC
:10B73800000000005B4D41475D2043616C69622059
:10B748007C427C3A204D303D256C642C207369671F
:10B758006D613D252E32662C20543D25640D0A006E
:10B768004D61676E657469635F53656E736F725F71
:10B77800496E6974202E2E2E0D0000004973446511
:10B788007669636552656164790000005B455252D1
:10B798004F525D2057484F3D3078253032580D0ABA
:10B7A800000000005B4F4B5D2057484F3D30782527
:10B7B8003032580D0A0000005B4346475D20413D8A
:10B7C80030782530325820423D30782530325820A4
:10B7D800433D30782530325820205B53545D3D304E
:10B7E80078253032580D0A003D3D3D3D3D3D3D3DFB
:10B7F8003D3D3D3D3D3D3D3D3D3D3D3D3D3D3D3D71
:10B808003D3D3D3D3D3D3D3D3D3D3D3D3D3D0D00CD
:10B8180020204D61676E6574696320436F6E747292
:10B828006F6C6C65722076312E30284D61737465AB
:10B8380072290D0020204C45444F20436F2C2E20A8
:10B848004C74642E200D0000445244592070696ED7
:10B85800206F757470757420697320454E41424C91
:10B8680045442E0D00000000445244592070696E72
:10B87800206F757470757420697320444953414270
:10B888004C45442E0D0000005B6C6F6769635D20BA
:10B898005245475F413A203078253032582C2052A3
:10B8A80045475F423A203078253032582C2052459F
:10B8B800475F433A203078253032580D0A0000009F
:10B8C8005B6C6F6769635D204D61676E6574696362
:10B8D8002053656E736F7220446973636F6E6E6573
:10B8E80063742E2E2E2E21210D0000005B6C6F67D5
:10B8F80069635D2064543D256C75206D732C205858
:10B908003D256420593D2564205A3D2564207C420C
:10B918007C3D25642C2068656164696E673D252E31
:10B9280031660D0A000000005B6C6F6769635D207B
:10B93800CE9454203D20256C75206D730D0A0000AF
:10B948005B6C6F6769635D2020436F6E6E6563741F
:10B958005F5251200D0000005B6C6F6769635D20CA
:10B9680020436F6E6E6563745F41434B200D00008A
:10B978005B6C6F6769635D20204D6167656E7469F4
:10B98800635F54696D655F5251200D005B6C6F6792
:10B9980069635D20204D6167656E7469635F5469F2
:10B9A8006D655F41636B200D000000005B6C6F6785
:10B9B80069635D20536C61766520436F6E6E6563C5
:10B9C800742E2E2E21200D005B6C6F6769635D203D
:10B9D8004D617374657220436F6E6E6563742E2EAD
:10B9E8002E21200D000000005B6C6F6769635D20ED
:10B9F800536C617665205469636B2054696D6520CA
:10BA0800526571756573742E2E2E21200D0000006D
:10BA18005B6C6F6769635D20536C61766520546960
:10BA2800636B2054696D652052656376206D617380
:10BA38007465725B25645D20736C6176655B256453
:10BA48005D207469636B5F6F66667365745B2564FC
:10BA58005D200D0A000000005B6C6F6769635D2064
:10BA6800536C617665204D61676E65746963205417
:10BA7800696D652052656376205B25645D200D0A3B
:10BA8800000000005B6C6F6769635D20204D616793
:10BA9800656E7469635F54696D655F53656E642094
:10BAA8000D0000005B6C6F6769635D206D617374E6
:10BAB8006572205469636B205B25645D20536C615B
:10BAC8007665205469636B205B25645D204475723C
:10BAD8006174696F6E205469636B205B25645D2017
:10BAE8000D0A00005B544553544D4F44455D2053A7
:10BAF80070656564203D20252E3266206B6D2F68A9
:10BB08002028252E3266207365632C20252E326668
:10BB1800206D290D0A0000005B6C6F6769635D206A
:10BB2800204D6167656E7469635F54696D655F5226
:10BB3800656376200D0000005B6C6F6769635D20AC
:10BB48004D61676E657469632053656E736F72200B
:10BB5800446973636F6E6E656374202E2E2E2E21DA
:10BB6800210D00005B5253545D20504F523D256417
:10BB78002050494E3D2564205346543D25642049B4
:10BB88005744473D256420575744473D2564204C7A
:10BB98005057523D25640D0A00000000626C655440
:10BBA80061736B00756172745461736B00000000FF
:10BBB80070726F635461736B0000000069646C6598
:10BBC8005461736B000000005065726920496E690A
:10BBD800742E2E2E2E2E0D007065726952464D6FF2
:10BBE80064756C65205B25645D2E2E2E2E2E0D0A45
:10BBF8000000000070657269524657616B65757088
:10BC0800205B25645D2E2E2E2E2E0D0A00000000CE
:10BC180070657269424C4557616B657570205B258C
:10BC2800645D2E2E2E2E2E0D0A000000706572699E
:10BC3800424C4555415254205B25645D2E2E2E2ED4
:10BC48002E0D0A005561727420555341525431200B
:10BC58003A2048414C5F554152545F547843706CC8
:10BC68007443616C6C6261636B0D000055617274A2
:10BC780020555341525434203A2048414C5F554195
:10BC880052545F547843706C7443616C6C626163A6
:10BC98006B0D000055617274205553415254352084
:10BCA8003A2048414C5F554152545F547843706C78
:10BCB8007443616C6C6261636B0D00005561727452
:10BCC80020555341525431203A20554152545F492E
:10BCD800444C4543616C6C6261636B0D000000006D
:10BCE8005561727420555341525434203A205541BD
:10BCF80052545F49444C4543616C6C6261636B0DFF
:10BD0800000000005561727420555341525435208B
:10BD18003A20554152545F49444C4543616C6C622A
:10BD280061636B0D000000005561727420496E69F3
:10BD3800742E2E2E2E2E0D005B556172745D2042DE
:10BD48004C452042617564204368616E6765205BDD
:10BD580025645D0D0A0000002B4F4B002B45525205
:10BD68004F5200002B4144564552544953494E47BF
:10BD7800000000002B5354414E444259000000007B
:10BD8800424C455F44617461205B25735D200D0A58
:10BD9800000000000D0A5B4D6F64656D5D20526305
:10BDA800765F4C5243204572726F725B2532585D44
:10BDB8005B2532585D0D0A005265637654696D65DE
:10BDC8006F75742042756666657220436C65617292
:10BDD800200D0A00455458204572726F72205B2569
:10BDE8003032785D0D0A00005B4669726D776172CA
:10BDF800655D20426F6F746C6F61646572204D6F72
:10BE08006465200D000000000D0A5B4669726D77BD
:10BE18006172655D204F505F434F44452045727203
:10BE28006F725B2532585D0D0A0000005B253032C9
:10BE3800785D000049444C45000000000000004BBC
:10BE4800000000CB737172746600000018000020B7
:10BE5800494E4600696E66004E414E006E616E00A6
:10BE68003000303132333435363738394142434483
:10BE780045460030313233343536373839616263FC
:10BE880064656600496E66696E697479004E614E34
:10BE9800000000000000000000000000000000009A
:10BEA800000000000000000000000000000000008A
:10BEB800000000000000000000000000000000007A
:10BEC800000000000000000000000000000000006A
:10BED800000000000000000000000000000000005A
:10BEE800000000000000000000000000000000004A
:10BEF80000000000000000000080E03779C34143E3
:10BF0800176E05B5B5B89346F5F93FE9034F384DB7
:10BF1800321D30F94877825A3CBF737FDD4F157563
:10BF2800000000000000F03F000000000000244076
:10BF380000000000000059400000000000408F4051
:10BF4800000000000088C34000000000006AF840BC
:10BF58000000000080842E4100000000D0126341E0
:10BF68000000000084D797410000000065CDCD4156
:10BF7800000000205FA00242000000E87648374237
:10BF8800000000A2941A6D42000040E59C30A242D5
:10BF98000000901EC4BCD64200003426F56B0C434A
:10BFA8000080E03779C3414300A0D88557347643F1
:10BFB80000C84E676DC1AB43003D9160E458E14352
:10BFC800408CB5781DAF154450EFE2D6E41A4B44C7
:10BFD80092D54D06CFF08044F64AE1C7022DB5440C
:10BFE800B49DD9794378EA4405000000190000009F
:10BFF8007D000000232D302B2000686C4C00656606
:10C0080067454647004300504F534958002E0000EB
:10C0180020202020202020202028282828282020F0
:10C028002020202020202020202020202020202008
:10C038008810101010101010101010101010101080
:10C048000404040404040404040410101010101060
:10C058001041414141414101010101010101010139
:10C06800010101010101010101010110101010106D
:10C07800104242424242420202020202020202020A
:10C088000202020202020202020202101010102032
:10C098000000000000000000000000000000000098
:10C0A8000000000000000000000000000000000088
:10C0B8000000000000000000000000000000000078
:10C0C8000000000000000000000000000000000068
:10C0D8000000000000000000000000000000000058
:10C0E8000000000000000000000000000000000048
:10C0F8000000000000000000000000000000000038
:10C108000000000000000000000000000000000027
:08C11800E444FF7F0100000078
:04C12000E90000082A
:04C12400C10000084E
:10C12800000020000100000004000000AAAAAAAA3A
:10C13800010000001800002000000000BCBE00083C
:10C14800DCBE00089CBE00080000000000000000E3
:10C1580000000000000000000000000000000000D7
:10C1680000000000000000000000000000000000C7
:10C1780000000000000000000000000000000000B7
:10C1880000000000000000000000000000000000A7
:10C198000000000000000000430000000000000054
:10C1A8000000000000000000000000000000000087
:10C1B8000000000000000000430000000000000034
:10C1C8000000000000000000000000000000000067
:10C1D8000000000000000000430000000000000014
:10C1E8000000000000000000000000000000000047
:10C1F80000000000000000004300000000000000F4
:10C208000000000000000000000000000000000026
:10C2180000000000000000004300000000000000D3
:10C228000000000000000000000000000000000006
:10C2380000000000000000004300000000000000B3
:10C2480000000000000000000000000000000000E6
:10C258000000000000000000430000000000000093
:10C2680000000000000000000000000000000000C6
:10C27800000000000000000079AC000829AC0008AC
:10C288000000000017C0000815C0000801C0000821
:10C2980001C0000801C0000801C0000801C0000872
:10C2A80001C0000801C0000801C0000801C0000862
:10C2B800FFFFFFFFFFFFFFFFFFFFFFFFFFFF000084
:10C2C80001004153434949000000000000000000FC
:10C2D8000000000000000000000000000000000056
:10C2E80000004153434949000000000000000000DD
:10C2F8000000000000000000000000000000000036
:04C308000000000031
:0400000508008091DE
:00000001FF
