Wind Monitoring Program V1.0
회 사 명 : (주)레도
작성일자 : 2021년 03월 16일 14:32:57


날짜/시간 	 배터리전압 	 태양광전압
2021-03-16 14:32:57:536	0	0
2021-03-16 14:32:57:544	0	0
2021-03-16 14:32:58:530	0	0
2021-03-16 14:32:58:544	0	0
2021-03-16 14:32:59:533	0	0
2021-03-16 14:32:59:548	0	0
2021-03-16 14:33:00:532	0	0
2021-03-16 14:33:00:547	0	0
2021-03-16 14:33:01:533	0	0
2021-03-16 14:33:01:549	0	0
2021-03-16 14:33:02:537	0	0
2021-03-16 14:33:02:551	0	0
2021-03-16 14:33:03:537	0	0
2021-03-16 14:33:03:552	0	0
2021-03-16 14:33:04:539	0	0
2021-03-16 14:33:04:555	0	0
2021-03-16 14:33:05:539	0	0
2021-03-16 14:33:05:556	0	0
2021-03-16 14:33:06:543	0	0
2021-03-16 14:33:06:557	0	0
2021-03-16 14:33:07:543	0	0
2021-03-16 14:33:07:567	0	0
2021-03-16 14:33:08:543	0	0
2021-03-16 14:33:08:559	0	0
2021-03-16 14:33:09:545	0	0
2021-03-16 14:33:09:562	0	0
2021-03-16 14:33:10:549	0	0
2021-03-16 14:33:10:562	0	0
2021-03-16 14:33:11:549	0	0
2021-03-16 14:33:11:564	0	0
2021-03-16 14:33:12:551	0	0
2021-03-16 14:33:12:565	0	0
2021-03-16 14:33:13:551	0	0
2021-03-16 14:33:13:567	0	0
2021-03-16 14:33:14:553	0	0
2021-03-16 14:33:14:568	0	0
2021-03-16 14:33:15:554	0	0
2021-03-16 14:33:15:571	0	0
2021-03-16 14:33:16:555	0	0
2021-03-16 14:33:16:571	0	0
2021-03-16 14:33:17:556	0	0
2021-03-16 14:33:17:573	0	0
2021-03-16 14:33:18:560	0	0
2021-03-16 14:33:18:576	0	0
2021-03-16 14:33:19:562	0	0
2021-03-16 14:33:19:605	0	0
2021-03-16 14:33:20:562	0	0
2021-03-16 14:33:20:577	0	0
2021-03-16 14:33:21:565	0	0
2021-03-16 14:33:21:580	0	0
2021-03-16 14:33:22:565	0	0
2021-03-16 14:33:22:581	0	0
2021-03-16 14:33:23:569	0	0
2021-03-16 14:33:23:582	0	0
2021-03-16 14:33:24:568	0	0
2021-03-16 14:33:24:584	0	0
2021-03-16 14:33:25:570	0	0
2021-03-16 14:33:25:587	0	0
2021-03-16 14:33:26:573	0	0
2021-03-16 14:33:26:586	0	0
2021-03-16 14:33:27:573	0	0
2021-03-16 14:33:27:588	0	0
2021-03-16 14:33:28:576	0	0
2021-03-16 14:33:28:591	0	0
2021-03-16 14:33:29:577	0	0
2021-03-16 14:33:29:592	0	0
2021-03-16 14:33:30:580	0	0
2021-03-16 14:33:30:593	0	0
2021-03-16 14:33:31:579	0	0
2021-03-16 14:33:31:596	0	0
2021-03-16 14:33:32:580	0	0
2021-03-16 14:33:32:595	0	0
2021-03-16 14:33:33:582	0	0
2021-03-16 14:33:33:597	0	0
2021-03-16 14:33:34:584	0	0
2021-03-16 14:33:34:597	0	0
2021-03-16 14:33:35:586	0	0
2021-03-16 14:33:35:600	0	0
2021-03-16 14:33:36:587	0	0
2021-03-16 14:33:36:600	0	0
2021-03-16 14:33:37:587	0	0
2021-03-16 14:33:37:602	0	0
2021-03-16 14:33:38:590	0	0
2021-03-16 14:33:38:604	0	0
2021-03-16 14:33:39:590	0	0
2021-03-16 14:33:39:606	0	0
2021-03-16 14:33:40:592	0	0
2021-03-16 14:33:40:610	0	0
2021-03-16 14:33:41:593	0	0
2021-03-16 14:33:41:610	0	0
2021-03-16 14:33:42:595	0	0
2021-03-16 14:33:42:610	0	0
2021-03-16 14:33:43:598	0	0
2021-03-16 14:33:43:613	0	0
2021-03-16 14:33:44:597	0	0
2021-03-16 14:33:44:613	0	0
2021-03-16 14:33:45:600	0	0
2021-03-16 14:33:45:614	0	0
2021-03-16 14:33:46:604	0	0
2021-03-16 14:33:46:617	0	0
2021-03-16 14:33:47:602	0	0
2021-03-16 14:33:47:619	0	0
2021-03-16 14:33:48:606	0	0
2021-03-16 14:33:48:619	0	0
2021-03-16 14:33:49:605	0	0
2021-03-16 14:33:49:621	0	0
2021-03-16 14:33:50:608	0	0
2021-03-16 14:33:50:622	0	0
2021-03-16 14:33:51:610	0	0
2021-03-16 14:33:51:624	0	0
2021-03-16 14:33:52:610	0	0
2021-03-16 14:33:52:627	0	0
2021-03-16 14:33:53:629	0	0
2021-03-16 14:33:54:613	0	0
2021-03-16 14:33:54:628	0	0
2021-03-16 14:33:55:617	0	0
2021-03-16 14:33:55:630	0	0
2021-03-16 14:33:56:616	0	0
2021-03-16 14:33:56:631	0	0
2021-03-16 14:33:57:619	0	0
2021-03-16 14:33:57:633	0	0
2021-03-16 14:33:58:619	0	0
2021-03-16 14:33:58:634	0	0
2021-03-16 14:33:59:620	0	0
2021-03-16 14:33:59:636	0	0
2021-03-16 14:34:00:621	0	0
2021-03-16 14:34:00:637	0	0
2021-03-16 14:34:01:624	0	0
2021-03-16 14:34:01:638	0	0
2021-03-16 14:34:02:626	0	0
2021-03-16 14:34:02:640	0	0
2021-03-16 14:34:03:625	0	0
2021-03-16 14:34:03:642	0	0
2021-03-16 14:34:04:627	0	0
2021-03-16 14:34:04:643	0	0
2021-03-16 14:34:05:630	0	0
2021-03-16 14:34:05:643	0	0
2021-03-16 14:34:06:630	0	0
2021-03-16 14:34:06:644	0	0
2021-03-16 14:34:07:631	0	0
2021-03-16 14:34:07:647	0	0
2021-03-16 14:34:08:634	0	0
2021-03-16 14:34:08:648	0	0
2021-03-16 14:34:09:635	0	0
2021-03-16 14:34:09:649	0	0
2021-03-16 14:34:10:637	0	0
2021-03-16 14:34:10:652	0	0
2021-03-16 14:34:11:640	0	0
2021-03-16 14:34:11:660	0	0
2021-03-16 14:34:12:640	0	0
2021-03-16 14:34:12:656	0	0
2021-03-16 14:34:13:643	0	0
2021-03-16 14:34:13:655	0	0
2021-03-16 14:34:14:642	0	0
2021-03-16 14:34:14:657	0	0
2021-03-16 14:34:15:645	0	0
2021-03-16 14:34:15:659	0	0
2021-03-16 14:34:16:645	0	0
2021-03-16 14:34:16:659	0	0
2021-03-16 14:34:17:645	0	0
2021-03-16 14:34:17:663	0	0
2021-03-16 14:34:18:647	0	0
2021-03-16 14:34:18:662	0	0
2021-03-16 14:34:19:648	0	0
2021-03-16 14:34:19:679	0	0
2021-03-16 14:34:20:650	0	0
2021-03-16 14:34:20:666	0	0
2021-03-16 14:34:21:652	0	0
2021-03-16 14:34:21:668	0	0
2021-03-16 14:34:22:654	0	0
2021-03-16 14:34:22:668	0	0
2021-03-16 14:34:23:654	0	0
2021-03-16 14:34:23:670	0	0
2021-03-16 14:34:24:658	0	0
2021-03-16 14:34:24:673	0	0
2021-03-16 14:34:25:657	0	0
2021-03-16 14:34:25:676	0	0
2021-03-16 14:34:26:659	0	0
2021-03-16 14:34:26:674	0	0
2021-03-16 14:34:27:661	0	0
2021-03-16 14:34:27:676	0	0
2021-03-16 14:34:28:664	0	0
2021-03-16 14:34:28:679	0	0
2021-03-16 14:34:29:663	0	0
2021-03-16 14:34:29:680	0	0
2021-03-16 14:34:30:667	0	0
2021-03-16 14:34:30:682	0	0
2021-03-16 14:34:31:666	0	0
2021-03-16 14:34:31:681	0	0
2021-03-16 14:34:32:668	0	0
2021-03-16 14:34:32:683	0	0
2021-03-16 14:34:33:669	0	0
2021-03-16 14:34:33:684	0	0
2021-03-16 14:34:34:672	0	0
2021-03-16 14:34:34:686	0	0
2021-03-16 14:34:35:672	0	0
2021-03-16 14:34:35:687	0	0
2021-03-16 14:34:36:675	0	0
2021-03-16 14:34:36:688	0	0
2021-03-16 14:34:37:675	0	0
2021-03-16 14:34:37:689	0	0
2021-03-16 14:34:38:678	0	0
2021-03-16 14:34:38:691	0	0
2021-03-16 14:34:39:677	0	0
2021-03-16 14:34:39:692	0	0
2021-03-16 14:34:40:677	0	0
2021-03-16 14:34:40:694	0	0
2021-03-16 14:34:41:688	0	0
2021-03-16 14:34:41:699	0	0
2021-03-16 14:34:42:680	0	0
2021-03-16 14:34:42:696	0	0
2021-03-16 14:34:43:692	0	0
2021-03-16 14:34:43:696	0	0
2021-03-16 14:34:44:682	0	0
2021-03-16 14:34:44:699	0	0
2021-03-16 14:34:45:686	0	0
2021-03-16 14:34:45:700	0	0
2021-03-16 14:34:46:688	0	0
2021-03-16 14:34:46:701	0	0
2021-03-16 14:34:47:686	0	0
2021-03-16 14:34:47:702	0	0
2021-03-16 14:34:48:691	0	0
2021-03-16 14:34:48:704	0	0
2021-03-16 14:34:49:690	0	0
2021-03-16 14:34:49:706	0	0
2021-03-16 14:34:50:691	0	0
2021-03-16 14:34:50:706	0	0
2021-03-16 14:34:51:869	0	0
2021-03-16 14:34:52:695	0	0
2021-03-16 14:34:52:711	0	0
2021-03-16 14:34:53:697	0	0
2021-03-16 14:34:53:710	0	0
2021-03-16 14:34:54:696	0	0
2021-03-16 14:34:54:711	0	0
2021-03-16 14:34:55:698	0	0
2021-03-16 14:34:55:714	0	0
2021-03-16 14:34:56:701	0	0
2021-03-16 14:34:56:714	0	0
2021-03-16 14:34:57:702	0	0
2021-03-16 14:34:57:716	0	0
2021-03-16 14:34:58:702	0	0
2021-03-16 14:34:58:716	0	0
2021-03-16 14:34:59:704	0	0
2021-03-16 14:34:59:718	0	0
2021-03-16 14:35:00:706	0	0
2021-03-16 14:35:00:720	0	0
2021-03-16 14:35:01:708	0	0
2021-03-16 14:35:01:720	0	0
2021-03-16 14:35:02:709	0	0
2021-03-16 14:35:02:722	0	0
2021-03-16 14:35:03:708	0	0
2021-03-16 14:35:03:724	0	0
2021-03-16 14:35:04:711	0	0
2021-03-16 14:35:04:727	0	0
2021-03-16 14:35:05:713	0	0
2021-03-16 14:35:05:727	0	0
2021-03-16 14:35:06:713	0	0
2021-03-16 14:35:06:728	0	0
2021-03-16 14:35:07:716	0	0
2021-03-16 14:35:07:729	0	0
2021-03-16 14:35:08:718	0	0
2021-03-16 14:35:08:732	0	0
2021-03-16 14:35:09:719	0	0
2021-03-16 14:35:09:734	0	0
2021-03-16 14:35:10:720	0	0
2021-03-16 14:35:10:740	0	0
2021-03-16 14:35:11:721	0	0
2021-03-16 14:35:11:735	0	0
2021-03-16 14:35:12:738	0	0
2021-03-16 14:35:12:744	0	0
2021-03-16 14:35:13:724	0	0
2021-03-16 14:35:13:739	0	0
2021-03-16 14:35:14:725	0	0
2021-03-16 14:35:14:741	0	0
2021-03-16 14:35:15:729	0	0
2021-03-16 14:35:15:743	0	0
2021-03-16 14:35:16:729	0	0
2021-03-16 14:35:16:743	0	0
2021-03-16 14:35:17:730	0	0
2021-03-16 14:35:17:745	0	0
2021-03-16 14:35:18:733	0	0
2021-03-16 14:35:18:747	0	0
2021-03-16 14:35:19:734	0	0
2021-03-16 14:35:19:748	0	0
2021-03-16 14:35:20:737	0	0
2021-03-16 14:35:20:751	0	0
2021-03-16 14:35:21:737	0	0
2021-03-16 14:35:21:751	0	0
2021-03-16 14:35:22:738	0	0
2021-03-16 14:35:22:753	0	0
2021-03-16 14:35:23:740	0	0
2021-03-16 14:35:23:758	0	0
2021-03-16 14:35:24:741	0	0
2021-03-16 14:35:24:756	0	0
2021-03-16 14:35:25:743	0	0
2021-03-16 14:35:25:758	0	0
2021-03-16 14:35:26:745	0	0
2021-03-16 14:35:26:759	0	0
2021-03-16 14:35:27:747	0	0
2021-03-16 14:35:27:761	0	0
2021-03-16 14:35:28:749	0	0
2021-03-16 14:35:28:765	0	0
2021-03-16 14:35:29:749	0	0
2021-03-16 14:35:29:766	0	0
2021-03-16 14:35:30:753	0	0
2021-03-16 14:35:30:770	0	0
2021-03-16 14:35:31:752	0	0
2021-03-16 14:35:31:767	0	0
2021-03-16 14:35:32:755	0	0
2021-03-16 14:35:32:770	0	0
2021-03-16 14:35:33:755	0	0
2021-03-16 14:35:33:770	0	0
2021-03-16 14:35:34:757	0	0
2021-03-16 14:35:34:772	0	0
2021-03-16 14:35:35:760	0	0
2021-03-16 14:35:35:773	0	0
2021-03-16 14:35:36:760	0	0
2021-03-16 14:35:36:776	0	0
2021-03-16 14:35:37:763	0	0
2021-03-16 14:35:37:777	0	0
2021-03-16 14:35:38:763	0	0
2021-03-16 14:35:38:780	0	0
2021-03-16 14:35:39:765	0	0
2021-03-16 14:35:39:780	0	0
2021-03-16 14:35:40:766	0	0
2021-03-16 14:35:40:783	0	0
2021-03-16 14:35:41:767	0	0
2021-03-16 14:35:41:782	0	0
2021-03-16 14:35:42:769	0	0
2021-03-16 14:35:42:785	0	0
2021-03-16 14:35:43:771	0	0
2021-03-16 14:35:43:785	0	0
2021-03-16 14:35:44:774	0	0
2021-03-16 14:35:44:787	0	0
2021-03-16 14:35:45:773	0	0
2021-03-16 14:35:45:791	0	0
2021-03-16 14:35:46:777	0	0
2021-03-16 14:35:46:790	0	0
2021-03-16 14:35:47:776	0	0
2021-03-16 14:35:47:791	0	0
2021-03-16 14:35:48:779	0	0
2021-03-16 14:35:48:793	0	0
2021-03-16 14:35:49:779	0	0
2021-03-16 14:35:49:794	0	0
2021-03-16 14:35:50:782	0	0
2021-03-16 14:35:50:797	0	0
2021-03-16 14:35:51:783	0	0
2021-03-16 14:35:51:799	0	0
2021-03-16 14:35:52:783	0	0
2021-03-16 14:35:52:799	0	0
2021-03-16 14:35:53:787	0	0
2021-03-16 14:35:53:801	0	0
2021-03-16 14:35:54:788	0	0
2021-03-16 14:35:54:803	0	0
2021-03-16 14:35:55:789	0	0
2021-03-16 14:35:55:803	0	0
2021-03-16 14:35:56:791	0	0
2021-03-16 14:35:56:805	0	0
2021-03-16 14:35:57:792	0	0
2021-03-16 14:35:57:806	0	0
2021-03-16 14:35:58:792	0	0
2021-03-16 14:35:58:807	0	0
2021-03-16 14:35:59:794	0	0
2021-03-16 14:35:59:809	0	0
2021-03-16 14:36:00:795	0	0
2021-03-16 14:36:00:812	0	0
2021-03-16 14:36:01:797	0	0
2021-03-16 14:36:01:813	0	0
2021-03-16 14:36:02:798	0	0
2021-03-16 14:36:02:814	0	0
2021-03-16 14:36:03:801	0	0
2021-03-16 14:36:03:816	0	0
2021-03-16 14:36:04:803	0	0
2021-03-16 14:36:04:817	0	0
2021-03-16 14:36:05:804	0	0
2021-03-16 14:36:05:819	0	0
2021-03-16 14:36:06:804	0	0
2021-03-16 14:36:06:822	0	0
2021-03-16 14:36:07:806	0	0
2021-03-16 14:36:07:824	0	0
2021-03-16 14:36:08:807	0	0
2021-03-16 14:36:08:823	0	0
2021-03-16 14:36:09:811	0	0
2021-03-16 14:36:09:828	0	0
2021-03-16 14:36:10:811	0	0
2021-03-16 14:36:10:826	0	0
2021-03-16 14:36:11:812	0	0
2021-03-16 14:36:11:827	0	0
2021-03-16 14:36:12:815	0	0
2021-03-16 14:36:12:830	0	0
2021-03-16 14:36:13:816	0	0
2021-03-16 14:36:13:831	0	0
2021-03-16 14:36:14:817	0	0
2021-03-16 14:36:14:832	0	0
2021-03-16 14:36:15:818	0	0
2021-03-16 14:36:15:833	0	0
2021-03-16 14:36:16:821	0	0
2021-03-16 14:36:16:835	0	0
2021-03-16 14:36:17:822	0	0
2021-03-16 14:36:17:838	0	0
2021-03-16 14:36:18:822	0	0
2021-03-16 14:36:18:838	0	0
2021-03-16 14:36:19:824	0	0
2021-03-16 14:36:19:840	0	0
2021-03-16 14:36:20:828	0	0
2021-03-16 14:36:20:844	0	0
2021-03-16 14:36:21:827	0	0
2021-03-16 14:36:21:844	0	0
2021-03-16 14:36:22:829	0	0
2021-03-16 14:36:22:845	0	0
2021-03-16 14:36:23:832	0	0
2021-03-16 14:36:23:846	0	0
2021-03-16 14:36:24:833	0	0
2021-03-16 14:36:24:850	0	0
2021-03-16 14:36:25:836	0	0
2021-03-16 14:36:25:849	0	0
2021-03-16 14:36:26:836	0	0
2021-03-16 14:36:26:850	0	0
2021-03-16 14:36:27:838	0	0
2021-03-16 14:36:27:852	0	0
2021-03-16 14:36:28:840	0	0
2021-03-16 14:36:28:853	0	0
2021-03-16 14:36:29:843	0	0
2021-03-16 14:36:29:855	0	0
2021-03-16 14:36:30:841	0	0
2021-03-16 14:36:30:857	0	0
2021-03-16 14:36:31:844	0	0
2021-03-16 14:36:31:859	0	0
2021-03-16 14:36:32:845	0	0
2021-03-16 14:36:32:860	0	0
2021-03-16 14:36:33:848	0	0
2021-03-16 14:36:33:862	0	0
2021-03-16 14:36:34:847	0	0
2021-03-16 14:36:34:863	0	0
2021-03-16 14:36:35:849	0	0
2021-03-16 14:36:35:867	0	0
2021-03-16 14:36:36:853	0	0
2021-03-16 14:36:36:866	0	0
2021-03-16 14:36:37:853	0	0
2021-03-16 14:36:37:868	0	0
2021-03-16 14:36:38:854	0	0
2021-03-16 14:36:38:871	0	0
2021-03-16 14:36:39:858	0	0
2021-03-16 14:36:39:873	0	0
2021-03-16 14:36:40:858	0	0
2021-03-16 14:36:40:872	0	0
2021-03-16 14:36:41:860	0	0
2021-03-16 14:36:41:875	0	0
2021-03-16 14:36:42:861	0	0
2021-03-16 14:36:42:876	0	0
2021-03-16 14:36:43:862	0	0
2021-03-16 14:36:43:878	0	0
2021-03-16 14:36:44:865	0	0
2021-03-16 14:36:44:879	0	0
2021-03-16 14:36:45:866	0	0
2021-03-16 14:36:45:882	0	0
2021-03-16 14:36:46:866	0	0
2021-03-16 14:36:46:881	0	0
2021-03-16 14:36:47:868	0	0
2021-03-16 14:36:47:884	0	0
2021-03-16 14:36:48:870	0	0
2021-03-16 14:36:48:885	0	0
2021-03-16 14:36:49:872	0	0
2021-03-16 14:36:49:887	0	0
2021-03-16 14:36:50:873	0	0
2021-03-16 14:36:50:891	0	0
2021-03-16 14:36:51:875	0	0
2021-03-16 14:36:51:890	0	0
2021-03-16 14:36:52:880	0	0
2021-03-16 14:36:52:891	0	0
2021-03-16 14:36:53:881	0	0
2021-03-16 14:36:53:893	0	0
2021-03-16 14:36:54:879	0	0
2021-03-16 14:36:54:898	0	0
2021-03-16 14:36:55:882	0	0
2021-03-16 14:36:55:897	0	0
2021-03-16 14:36:56:883	0	0
2021-03-16 14:36:56:903	0	0
2021-03-16 14:36:57:884	0	0
2021-03-16 14:36:57:900	0	0
2021-03-16 14:36:58:886	0	0
2021-03-16 14:36:58:901	0	0
2021-03-16 14:36:59:890	0	0
2021-03-16 14:36:59:903	0	0
2021-03-16 14:37:00:891	0	0
2021-03-16 14:37:00:905	0	0
2021-03-16 14:37:01:891	0	0
2021-03-16 14:37:01:908	0	0
2021-03-16 14:37:02:893	0	0
2021-03-16 14:37:02:907	0	0
2021-03-16 14:37:03:895	0	0
2021-03-16 14:37:03:909	0	0
2021-03-16 14:37:04:895	0	0
2021-03-16 14:37:04:911	0	0
2021-03-16 14:37:05:897	0	0
2021-03-16 14:37:05:913	0	0
2021-03-16 14:37:06:898	0	0
2021-03-16 14:37:06:913	0	0
2021-03-16 14:37:07:900	0	0
2021-03-16 14:37:07:916	0	0
2021-03-16 14:37:08:901	0	0
2021-03-16 14:37:08:918	0	0
2021-03-16 14:37:09:903	0	0
2021-03-16 14:37:09:919	0	0
2021-03-16 14:37:10:907	0	0
2021-03-16 14:37:10:920	0	0
2021-03-16 14:37:11:907	0	0
2021-03-16 14:37:11:923	0	0
2021-03-16 14:37:32:690	0	0
2021-03-16 14:37:32:700	0	0
2021-03-16 14:37:32:717	0	0
2021-03-16 14:37:32:735	0	0
2021-03-16 14:37:33:245	0	0
2021-03-16 14:37:33:261	0	0
2021-03-16 14:37:33:341	0	0
2021-03-16 14:37:33:357	0	0
2021-03-16 14:37:34:332	0	0
2021-03-16 14:37:34:350	0	0
2021-03-16 14:37:35:332	0	0
2021-03-16 14:37:35:347	0	0
2021-03-16 14:37:36:332	0	0
2021-03-16 14:37:36:348	0	0
2021-03-16 14:37:37:334	0	0
2021-03-16 14:37:37:354	0	0
2021-03-16 14:37:38:336	0	0
2021-03-16 14:37:38:350	0	0
2021-03-16 14:37:39:339	0	0
2021-03-16 14:37:39:352	0	0
2021-03-16 14:37:40:338	0	0
2021-03-16 14:37:40:355	0	0
2021-03-16 14:37:41:341	0	0
2021-03-16 14:37:41:355	0	0
2021-03-16 14:37:42:343	0	0
2021-03-16 14:37:42:357	0	0
2021-03-16 14:37:43:344	0	0
2021-03-16 14:37:43:358	0	0
2021-03-16 14:37:44:344	0	0
2021-03-16 14:37:44:359	0	0
2021-03-16 14:37:45:347	0	0
2021-03-16 14:37:45:361	0	0
2021-03-16 14:37:46:347	0	0
2021-03-16 14:37:46:364	0	0
2021-03-16 14:37:47:351	0	0
2021-03-16 14:37:47:365	0	0
2021-03-16 14:37:48:538	0	0
2021-03-16 14:37:49:414	0	0
2021-03-16 14:37:50:415	0	0
2021-03-16 14:37:51:356	0	0
2021-03-16 14:37:51:369	0	0
2021-03-16 14:37:52:358	0	0
2021-03-16 14:37:52:372	0	0
2021-03-16 14:37:53:360	0	0
2021-03-16 14:37:53:374	0	0
2021-03-16 14:37:54:359	0	0
2021-03-16 14:37:54:374	0	0
2021-03-16 14:37:55:361	0	0
2021-03-16 14:37:55:377	0	0
2021-03-16 14:37:56:366	0	0
2021-03-16 14:37:56:377	0	0
2021-03-16 14:37:57:365	0	0
2021-03-16 14:37:57:379	0	0
2021-03-16 14:37:58:367	0	0
2021-03-16 14:37:58:381	0	0
2021-03-16 14:37:59:653	0	0
2021-03-16 14:38:00:369	0	0
2021-03-16 14:38:00:384	0	0
2021-03-16 14:38:01:371	0	0
2021-03-16 14:38:01:386	0	0
2021-03-16 14:38:02:373	0	0
2021-03-16 14:38:02:386	0	0
2021-03-16 14:38:03:372	0	0
2021-03-16 14:38:03:389	0	0
2021-03-16 14:38:04:375	0	0
2021-03-16 14:38:04:390	0	0
2021-03-16 14:38:05:375	0	0
2021-03-16 14:38:05:392	0	0
2021-03-16 14:38:06:378	0	0
2021-03-16 14:38:06:392	0	0
2021-03-16 14:38:07:378	0	0
2021-03-16 14:38:07:395	0	0
2021-03-16 14:38:08:380	0	0
2021-03-16 14:38:08:395	0	0
2021-03-16 14:38:09:382	0	0
2021-03-16 14:38:09:397	0	0
2021-03-16 14:38:10:385	0	0
2021-03-16 14:38:10:399	0	0
2021-03-16 14:38:11:386	0	0
2021-03-16 14:38:11:401	0	0
2021-03-16 14:38:12:388	0	0
2021-03-16 14:38:12:401	0	0
2021-03-16 14:38:13:388	0	0
2021-03-16 14:38:13:403	0	0
2021-03-16 14:38:14:391	0	0
2021-03-16 14:38:14:405	0	0
2021-03-16 14:38:15:392	0	0
2021-03-16 14:38:15:405	0	0
2021-03-16 14:38:16:392	0	0
2021-03-16 14:38:16:409	0	0
2021-03-16 14:38:17:393	0	0
2021-03-16 14:38:17:408	0	0
2021-03-16 14:38:18:394	0	0
2021-03-16 14:38:18:410	0	0
2021-03-16 14:38:19:395	0	0
2021-03-16 14:38:19:412	0	0
2021-03-16 14:38:20:397	0	0
2021-03-16 14:38:20:415	0	0
2021-03-16 14:38:21:398	0	0
2021-03-16 14:38:21:415	0	0
2021-03-16 14:38:22:400	0	0
2021-03-16 14:38:22:416	0	0
2021-03-16 14:38:23:404	0	0
2021-03-16 14:38:23:418	0	0
2021-03-16 14:38:24:405	0	0
2021-03-16 14:38:24:419	0	0
2021-03-16 14:39:01:489	0	0
2021-03-16 14:39:01:505	0	0
2021-03-16 14:39:11:951	0	0
2021-03-16 14:39:11:966	0	0
2021-03-16 14:39:18:631	0	0
2021-03-16 14:39:18:645	0	0
2021-03-16 14:39:33:287	0	0
2021-03-16 14:39:33:301	0	0
2021-03-16 14:39:33:527	0	0
2021-03-16 14:39:33:541	0	0
2021-03-16 14:39:33:709	0	0
2021-03-16 14:39:33:725	0	0
2021-03-16 14:39:33:927	0	0
2021-03-16 14:39:33:942	0	0
2021-03-16 14:39:34:182	0	0
2021-03-16 14:39:34:199	0	0
2021-03-16 14:39:34:567	0	0
2021-03-16 14:39:34:582	0	0
2021-03-16 14:39:34:856	0	0
2021-03-16 14:39:34:869	0	0
2021-03-16 14:39:43:103	0	0
2021-03-16 14:39:43:120	0	0
2021-03-16 14:48:08:931	0	0
2021-03-16 14:48:08:942	0	0
2021-03-16 14:48:09:932	0	0
2021-03-16 14:48:09:943	0	0
2021-03-16 14:48:10:929	0	0
2021-03-16 14:48:10:946	0	0
2021-03-16 14:48:11:933	0	0
2021-03-16 14:48:11:946	0	0
2021-03-16 14:48:12:932	0	0
2021-03-16 14:48:12:949	0	0
2021-03-16 14:48:13:934	0	0
2021-03-16 14:48:13:950	0	0
2021-03-16 14:48:15:093	0	0
2021-03-16 14:48:16:017	0	0
2021-03-16 14:48:17:054	0	0
2021-03-16 14:48:17:940	0	0
2021-03-16 14:48:17:956	0	0
2021-03-16 14:48:18:942	0	0
2021-03-16 14:48:18:957	0	0
2021-03-16 14:48:19:945	0	0
2021-03-16 14:48:19:961	0	0
2021-03-16 14:48:20:946	0	0
2021-03-16 14:48:20:961	0	0
2021-03-16 14:48:21:947	0	0
2021-03-16 14:48:21:962	0	0
2021-03-16 14:48:22:950	0	0
2021-03-16 14:48:22:963	0	0
2021-03-16 14:48:23:951	0	0
2021-03-16 14:48:23:965	0	0
2021-03-16 14:48:24:953	0	0
2021-03-16 14:48:24:966	0	0
2021-03-16 14:48:25:952	0	0
2021-03-16 14:48:25:968	0	0
2021-03-16 14:48:26:955	0	0
2021-03-16 14:48:26:970	0	0
2021-03-16 14:48:27:957	0	0
2021-03-16 14:48:27:972	0	0
2021-03-16 14:48:28:958	0	0
2021-03-16 14:48:28:972	0	0
2021-03-16 14:48:29:958	0	0
2021-03-16 14:48:29:977	0	0
2021-03-16 14:48:30:961	0	0
2021-03-16 14:48:30:974	0	0
2021-03-16 14:48:31:961	0	0
2021-03-16 14:48:31:976	0	0
2021-03-16 14:48:32:963	0	0
2021-03-16 14:48:32:978	0	0
2021-03-16 14:48:33:966	0	0
2021-03-16 14:48:33:979	0	0
2021-03-16 14:48:34:966	0	0
2021-03-16 14:48:34:980	0	0
2021-03-16 14:48:35:968	0	0
2021-03-16 14:48:35:984	0	0
2021-03-16 14:48:36:969	0	0
2021-03-16 14:48:36:983	0	0
2021-03-16 14:48:37:969	0	0
2021-03-16 14:48:37:985	0	0
2021-03-16 14:48:38:970	0	0
2021-03-16 14:48:38:986	0	0
2021-03-16 14:48:39:972	0	0
2021-03-16 14:48:39:990	0	0
2021-03-16 14:48:40:973	0	0
2021-03-16 14:48:40:989	0	0
2021-03-16 14:48:41:974	0	0
2021-03-16 14:48:41:995	0	0
2021-03-16 14:48:42:977	0	0
2021-03-16 14:48:42:991	0	0
2021-03-16 14:48:43:980	0	0
2021-03-16 14:48:43:993	0	0
2021-03-16 14:48:44:980	0	0
2021-03-16 14:48:44:994	0	0
2021-03-16 14:48:45:981	0	0
2021-03-16 14:48:45:996	0	0
2021-03-16 14:48:46:982	0	0
2021-03-16 14:48:46:999	0	0
2021-03-16 14:48:47:984	0	0
2021-03-16 14:48:48:000	0	0
2021-03-16 14:48:48:984	0	0
2021-03-16 14:48:49:001	0	0
2021-03-16 14:48:49:988	0	0
2021-03-16 14:48:50:001	0	0
2021-03-16 14:48:50:989	0	0
2021-03-16 14:48:51:004	0	0
2021-03-16 14:48:51:989	0	0
2021-03-16 14:48:52:005	0	0
2021-03-16 14:48:52:991	0	0
2021-03-16 14:48:53:008	0	0
2021-03-16 14:48:53:992	0	0
2021-03-16 14:48:54:007	0	0
2021-03-16 14:48:54:993	0	0
2021-03-16 14:48:55:009	0	0
2021-03-16 14:48:55:997	0	0
2021-03-16 14:48:56:011	0	0
2021-03-16 14:48:56:998	0	0
2021-03-16 14:48:57:013	0	0
2021-03-16 14:48:57:998	0	0
2021-03-16 14:48:58:013	0	0
2021-03-16 14:48:58:999	0	0
2021-03-16 14:48:59:015	0	0
2021-03-16 14:49:00:001	0	0
2021-03-16 14:49:00:016	0	0
2021-03-16 14:49:01:002	0	0
2021-03-16 14:49:01:018	0	0
2021-03-16 14:49:02:005	0	0
2021-03-16 14:49:02:018	0	0
2021-03-16 14:49:03:008	0	0
2021-03-16 14:49:03:020	0	0
2021-03-16 14:49:04:007	0	0
2021-03-16 14:49:04:022	0	0
2021-03-16 14:49:05:007	0	0
2021-03-16 14:49:05:023	0	0
2021-03-16 14:49:06:009	0	0
2021-03-16 14:49:06:024	0	0
2021-03-16 14:49:07:010	0	0
2021-03-16 14:49:07:026	0	0
2021-03-16 14:49:08:012	0	0
2021-03-16 14:49:08:029	0	0
2021-03-16 14:49:09:013	0	0
2021-03-16 14:49:09:030	0	0
2021-03-16 14:49:10:015	0	0
2021-03-16 14:49:10:030	0	0
2021-03-16 14:49:11:018	0	0
2021-03-16 14:49:11:033	0	0
2021-03-16 14:49:12:017	0	0
2021-03-16 14:49:12:033	0	0
2021-03-16 14:49:13:019	0	0
2021-03-16 14:49:13:034	0	0
2021-03-16 14:49:14:023	0	0
2021-03-16 14:49:14:036	0	0
2021-03-16 14:49:15:022	0	0
2021-03-16 14:49:15:038	0	0
2021-03-16 14:49:16:024	0	0
2021-03-16 14:49:16:038	0	0
2021-03-16 14:49:17:025	0	0
2021-03-16 14:49:17:039	0	0
2021-03-16 14:49:18:027	0	0
2021-03-16 14:49:18:042	0	0
2021-03-16 14:49:19:028	0	0
2021-03-16 14:49:19:043	0	0
2021-03-16 14:49:20:028	0	0
2021-03-16 14:49:20:045	0	0
2021-03-16 14:49:21:031	0	0
2021-03-16 14:49:21:046	0	0
2021-03-16 14:49:22:033	0	0
2021-03-16 14:49:22:049	0	0
2021-03-16 14:49:23:033	0	0
2021-03-16 14:49:23:049	0	0
2021-03-16 14:49:24:035	0	0
2021-03-16 14:49:24:051	0	0
2021-03-16 14:49:25:038	0	0
2021-03-16 14:49:25:052	0	0
2021-03-16 14:49:26:039	0	0
2021-03-16 14:49:26:054	0	0
2021-03-16 14:49:27:040	0	0
2021-03-16 14:49:27:054	0	0
2021-03-16 14:49:28:041	0	0
2021-03-16 14:49:28:057	0	0
2021-03-16 14:49:29:041	0	0
2021-03-16 14:49:29:057	0	0
2021-03-16 14:49:30:043	0	0
2021-03-16 14:49:30:059	0	0
2021-03-16 14:49:31:045	0	0
2021-03-16 14:49:31:059	0	0
2021-03-16 14:49:32:047	0	0
2021-03-16 14:49:32:064	0	0
2021-03-16 14:49:33:050	0	0
2021-03-16 14:49:33:062	0	0
2021-03-16 14:49:34:049	0	0
2021-03-16 14:49:34:064	0	0
2021-03-16 14:49:35:050	0	0
2021-03-16 14:49:35:064	0	0
2021-03-16 14:49:36:050	0	0
2021-03-16 14:49:36:067	0	0
2021-03-16 14:49:37:052	0	0
2021-03-16 14:49:37:068	0	0
2021-03-16 14:49:38:054	0	0
2021-03-16 14:49:38:070	0	0
2021-03-16 14:49:39:056	0	0
2021-03-16 14:49:39:070	0	0
2021-03-16 14:49:40:056	0	0
2021-03-16 14:49:40:072	0	0
2021-03-16 14:49:41:058	0	0
2021-03-16 14:49:41:072	0	0
2021-03-16 14:49:42:058	0	0
2021-03-16 14:49:42:074	0	0
2021-03-16 14:49:43:060	0	0
2021-03-16 14:49:43:076	0	0
2021-03-16 14:49:44:064	0	0
2021-03-16 14:49:44:076	0	0
2021-03-16 14:49:45:063	0	0
2021-03-16 14:49:45:079	0	0
2021-03-16 14:49:46:065	0	0
2021-03-16 14:49:46:085	0	0
2021-03-16 14:49:47:065	0	0
2021-03-16 14:49:47:081	0	0
2021-03-16 14:49:48:067	0	0
2021-03-16 14:49:48:081	0	0
2021-03-16 14:49:49:068	0	0
2021-03-16 14:49:49:083	0	0
2021-03-16 14:49:50:069	0	0
2021-03-16 14:49:50:085	0	0
2021-03-16 14:49:51:071	0	0
2021-03-16 14:49:51:086	0	0
2021-03-16 14:49:52:072	0	0
2021-03-16 14:49:52:090	0	0
2021-03-16 14:49:53:073	0	0
2021-03-16 14:49:53:089	0	0
2021-03-16 14:49:54:075	0	0
2021-03-16 14:49:54:090	0	0
2021-03-16 14:49:55:078	0	0
2021-03-16 14:49:55:092	0	0
2021-03-16 14:49:56:079	0	0
2021-03-16 14:49:56:094	0	0
2021-03-16 14:49:57:079	0	0
2021-03-16 14:49:57:094	0	0
2021-03-16 14:49:58:083	0	0
2021-03-16 14:49:58:098	0	0
2021-03-16 14:49:59:085	0	0
2021-03-16 14:49:59:098	0	0
2021-03-16 14:50:00:085	0	0
2021-03-16 14:50:00:099	0	0
2021-03-16 14:50:01:087	0	0
2021-03-16 14:50:01:101	0	0
2021-03-16 14:50:02:088	0	0
2021-03-16 14:50:02:102	0	0
2021-03-16 14:50:03:091	0	0
2021-03-16 14:50:03:104	0	0
2021-03-16 14:50:04:093	0	0
2021-03-16 14:50:04:106	0	0
2021-03-16 14:50:05:093	0	0
2021-03-16 14:50:05:107	0	0
2021-03-16 14:50:06:092	0	0
2021-03-16 14:50:06:107	0	0
2021-03-16 14:50:07:095	0	0
2021-03-16 14:50:07:110	0	0
2021-03-16 14:50:08:096	0	0
2021-03-16 14:50:08:111	0	0
2021-03-16 14:50:09:097	0	0
2021-03-16 14:50:09:112	0	0
2021-03-16 14:50:10:098	0	0
2021-03-16 14:50:10:114	0	0
2021-03-16 14:50:11:101	0	0
2021-03-16 14:50:11:119	0	0
2021-03-16 14:50:12:102	0	0
2021-03-16 14:50:12:117	0	0
2021-03-16 14:50:13:102	0	0
2021-03-16 14:50:13:120	0	0
2021-03-16 14:50:14:105	0	0
2021-03-16 14:50:14:119	0	0
2021-03-16 14:50:15:106	0	0
2021-03-16 14:50:15:121	0	0
2021-03-16 14:50:16:111	0	0
2021-03-16 14:50:16:124	0	0
2021-03-16 14:50:17:108	0	0
2021-03-16 14:50:17:127	0	0
2021-03-16 14:50:18:112	0	0
2021-03-16 14:50:18:131	0	0
2021-03-16 14:50:19:113	0	0
2021-03-16 14:50:19:128	0	0
2021-03-16 14:50:20:112	0	0
2021-03-16 14:50:20:130	0	0
2021-03-16 14:50:21:114	0	0
2021-03-16 14:50:21:129	0	0
2021-03-16 14:50:22:117	0	0
2021-03-16 14:50:22:131	0	0
2021-03-16 14:50:23:118	0	0
2021-03-16 14:50:23:133	0	0
2021-03-16 14:50:24:119	0	0
2021-03-16 14:50:24:135	0	0
2021-03-16 14:50:25:122	0	0
2021-03-16 14:50:25:135	0	0
2021-03-16 14:50:26:124	0	0
2021-03-16 14:50:26:137	0	0
2021-03-16 14:50:27:123	0	0
2021-03-16 14:50:27:139	0	0
2021-03-16 14:50:28:128	0	0
2021-03-16 14:50:28:141	0	0
2021-03-16 14:50:29:127	0	0
2021-03-16 14:50:29:142	0	0
2021-03-16 14:50:30:130	0	0
2021-03-16 14:50:30:143	0	0
2021-03-16 14:50:31:131	0	0
2021-03-16 14:50:31:146	0	0
2021-03-16 14:50:32:132	0	0
2021-03-16 14:50:32:146	0	0
2021-03-16 14:50:33:131	0	0
2021-03-16 14:50:33:149	0	0
2021-03-16 14:50:34:134	0	0
2021-03-16 14:50:34:150	0	0
2021-03-16 14:50:35:135	0	0
2021-03-16 14:50:35:151	0	0
2021-03-16 14:50:36:137	0	0
2021-03-16 14:50:36:152	0	0
2021-03-16 14:50:37:139	0	0
2021-03-16 14:50:37:153	0	0
2021-03-16 14:50:38:141	0	0
2021-03-16 14:50:38:155	0	0
2021-03-16 14:50:39:141	0	0
2021-03-16 14:50:39:158	0	0
2021-03-16 14:50:40:145	0	0
2021-03-16 14:50:40:157	0	0
2021-03-16 14:50:41:143	0	0
2021-03-16 14:50:41:159	0	0
2021-03-16 14:50:42:146	0	0
2021-03-16 14:50:42:160	0	0
2021-03-16 14:50:43:146	0	0
2021-03-16 14:50:43:163	0	0
2021-03-16 14:50:44:147	0	0
2021-03-16 14:50:44:162	0	0
2021-03-16 14:50:45:151	0	0
2021-03-16 14:50:45:164	0	0
2021-03-16 14:50:46:151	0	0
2021-03-16 14:50:46:166	0	0
2021-03-16 14:50:47:153	0	0
2021-03-16 14:50:47:173	0	0
2021-03-16 14:50:48:154	0	0
2021-03-16 14:50:48:169	0	0
2021-03-16 14:50:49:156	0	0
2021-03-16 14:50:49:170	0	0
2021-03-16 14:50:50:158	0	0
2021-03-16 14:50:50:173	0	0
2021-03-16 14:50:51:158	0	0
2021-03-16 14:50:51:173	0	0
2021-03-16 14:50:52:159	0	0
2021-03-16 14:50:52:177	0	0
2021-03-16 14:50:53:161	0	0
2021-03-16 14:50:53:175	0	0
2021-03-16 14:50:54:163	0	0
2021-03-16 14:50:54:177	0	0
2021-03-16 14:50:55:163	0	0
2021-03-16 14:50:55:179	0	0
2021-03-16 14:50:56:164	0	0
2021-03-16 14:50:56:180	0	0
2021-03-16 14:50:57:168	0	0
2021-03-16 14:50:57:181	0	0
2021-03-16 14:50:58:168	0	0
2021-03-16 14:50:58:184	0	0
2021-03-16 14:50:59:170	0	0
2021-03-16 14:50:59:185	0	0
2021-03-16 14:51:00:171	0	0
2021-03-16 14:51:00:185	0	0
2021-03-16 14:51:01:171	0	0
2021-03-16 14:51:01:187	0	0
2021-03-16 14:51:02:173	0	0
2021-03-16 14:51:02:191	0	0
2021-03-16 14:51:03:175	0	0
2021-03-16 14:51:03:190	0	0
2021-03-16 14:51:04:177	0	0
2021-03-16 14:51:04:193	0	0
2021-03-16 14:51:05:178	0	0
2021-03-16 14:51:05:193	0	0
2021-03-16 14:51:06:180	0	0
2021-03-16 14:51:06:194	0	0
2021-03-16 14:51:07:181	0	0
2021-03-16 14:51:07:195	0	0
2021-03-16 14:51:08:182	0	0
2021-03-16 14:51:08:197	0	0
2021-03-16 14:51:09:185	0	0
2021-03-16 14:51:09:199	0	0
2021-03-16 14:51:10:185	0	0
2021-03-16 14:51:10:200	0	0
2021-03-16 14:51:11:188	0	0
2021-03-16 14:51:11:202	0	0
2021-03-16 14:51:12:190	0	0
2021-03-16 14:51:12:204	0	0
2021-03-16 14:51:13:190	0	0
2021-03-16 14:51:13:207	0	0
2021-03-16 14:51:14:190	0	0
2021-03-16 14:51:14:207	0	0
2021-03-16 14:51:15:194	0	0
2021-03-16 14:51:15:210	0	0
2021-03-16 14:51:16:194	0	0
2021-03-16 14:51:16:209	0	0
2021-03-16 14:51:17:196	0	0
2021-03-16 14:51:17:211	0	0
2021-03-16 14:51:18:197	0	0
2021-03-16 14:51:18:214	0	0
2021-03-16 14:51:19:199	0	0
2021-03-16 14:51:19:214	0	0
2021-03-16 14:51:20:200	0	0
2021-03-16 14:51:20:215	0	0
2021-03-16 14:51:21:203	0	0
2021-03-16 14:51:21:218	0	0
2021-03-16 14:51:22:203	0	0
2021-03-16 14:51:22:220	0	0
2021-03-16 14:51:23:206	0	0
2021-03-16 14:51:23:221	0	0
2021-03-16 14:51:24:208	0	0
2021-03-16 14:51:24:223	0	0
2021-03-16 14:51:25:207	0	0
2021-03-16 14:51:25:223	0	0
2021-03-16 14:51:26:210	0	0
2021-03-16 14:51:26:224	0	0
2021-03-16 14:51:27:211	0	0
2021-03-16 14:51:27:226	0	0
2021-03-16 14:51:28:213	0	0
2021-03-16 14:51:28:228	0	0
2021-03-16 14:51:29:213	0	0
2021-03-16 14:51:29:230	0	0
2021-03-16 14:51:30:216	0	0
2021-03-16 14:51:30:230	0	0
2021-03-16 14:51:31:219	0	0
2021-03-16 14:51:31:233	0	0
2021-03-16 14:51:32:218	0	0
2021-03-16 14:51:32:235	0	0
2021-03-16 14:51:33:220	0	0
2021-03-16 14:51:33:235	0	0
2021-03-16 14:51:34:221	0	0
2021-03-16 14:51:34:238	0	0
2021-03-16 14:51:35:226	0	0
2021-03-16 14:51:35:238	0	0
2021-03-16 14:51:36:224	0	0
2021-03-16 14:51:36:240	0	0
2021-03-16 14:51:37:226	0	0
2021-03-16 14:51:37:241	0	0
2021-03-16 14:51:38:228	0	0
2021-03-16 14:51:38:242	0	0
2021-03-16 14:51:39:229	0	0
2021-03-16 14:51:39:244	0	0
2021-03-16 14:51:40:231	0	0
2021-03-16 14:51:40:246	0	0
2021-03-16 14:51:41:233	0	0
2021-03-16 14:51:41:247	0	0
2021-03-16 14:51:42:236	0	0
2021-03-16 14:51:42:248	0	0
2021-03-16 14:51:43:234	0	0
2021-03-16 14:51:43:251	0	0
2021-03-16 14:51:44:237	0	0
2021-03-16 14:51:44:253	0	0
2021-03-16 14:51:45:240	0	0
2021-03-16 14:51:45:254	0	0
2021-03-16 14:51:46:240	0	0
2021-03-16 14:51:46:256	0	0
2021-03-16 14:51:47:242	0	0
2021-03-16 14:51:47:257	0	0
2021-03-16 14:51:48:244	0	0
2021-03-16 14:51:48:259	0	0
2021-03-16 14:51:49:244	0	0
2021-03-16 14:51:49:261	0	0
2021-03-16 14:51:50:246	0	0
2021-03-16 14:51:50:261	0	0
2021-03-16 14:51:51:251	0	0
2021-03-16 14:51:51:264	0	0
2021-03-16 14:51:52:250	0	0
2021-03-16 14:51:52:264	0	0
2021-03-16 14:51:53:251	0	0
2021-03-16 14:51:53:266	0	0
2021-03-16 14:51:54:251	0	0
2021-03-16 14:51:54:268	0	0
2021-03-16 14:51:55:254	0	0
2021-03-16 14:51:55:269	0	0
2021-03-16 14:51:56:256	0	0
2021-03-16 14:51:56:270	0	0
2021-03-16 14:51:57:256	0	0
2021-03-16 14:51:57:272	0	0
2021-03-16 14:51:58:260	0	0
2021-03-16 14:51:58:274	0	0
2021-03-16 14:51:59:261	0	0
2021-03-16 14:51:59:275	0	0
2021-03-16 14:52:00:262	0	0
2021-03-16 14:52:00:277	0	0
2021-03-16 14:52:01:262	0	0
2021-03-16 14:52:01:278	0	0
2021-03-16 14:52:02:265	0	0
2021-03-16 14:52:02:279	0	0
2021-03-16 14:52:03:268	0	0
2021-03-16 14:52:03:281	0	0
2021-03-16 14:52:04:267	0	0
2021-03-16 14:52:04:283	0	0
2021-03-16 14:52:05:268	0	0
2021-03-16 14:52:05:284	0	0
2021-03-16 14:52:06:271	0	0
2021-03-16 14:52:06:285	0	0
2021-03-16 14:52:07:271	0	0
2021-03-16 14:52:07:289	0	0
2021-03-16 14:52:08:275	0	0
2021-03-16 14:52:08:289	0	0
2021-03-16 14:52:09:275	0	0
2021-03-16 14:52:09:291	0	0
2021-03-16 14:52:10:276	0	0
2021-03-16 14:52:10:291	0	0
2021-03-16 14:52:11:277	0	0
2021-03-16 14:52:11:293	0	0
2021-03-16 14:52:12:279	0	0
2021-03-16 14:52:12:296	0	0
2021-03-16 14:52:13:281	0	0
2021-03-16 14:52:13:295	0	0
2021-03-16 14:52:14:281	0	0
2021-03-16 14:52:14:298	0	0
2021-03-16 14:52:15:282	0	0
2021-03-16 14:52:15:297	0	0
2021-03-16 14:52:16:283	0	0
2021-03-16 14:52:16:301	0	0
2021-03-16 14:52:17:286	0	0
2021-03-16 14:52:17:300	0	0
2021-03-16 14:52:18:286	0	0
2021-03-16 14:52:18:305	0	0
2021-03-16 14:52:19:287	0	0
2021-03-16 14:52:19:302	0	0
2021-03-16 14:52:20:289	0	0
2021-03-16 14:52:20:305	0	0
2021-03-16 14:52:21:289	0	0
2021-03-16 14:52:21:306	0	0
2021-03-16 14:52:22:291	0	0
2021-03-16 14:52:22:309	0	0
2021-03-16 14:52:23:293	0	0
2021-03-16 14:52:23:307	0	0
2021-03-16 14:52:24:294	0	0
2021-03-16 14:52:24:308	0	0
2021-03-16 14:52:25:294	0	0
2021-03-16 14:52:25:311	0	0
2021-03-16 14:52:26:296	0	0
2021-03-16 14:52:26:311	0	0
2021-03-16 14:52:27:298	0	0
2021-03-16 14:52:27:312	0	0
2021-03-16 14:52:28:300	0	0
2021-03-16 14:52:28:313	0	0
2021-03-16 14:52:29:299	0	0
2021-03-16 14:52:29:315	0	0
2021-03-16 14:52:30:300	0	0
2021-03-16 14:52:30:315	0	0
2021-03-16 14:52:31:301	0	0
2021-03-16 14:52:31:315	0	0
2021-03-16 14:52:32:302	0	0
2021-03-16 14:52:32:319	0	0
2021-03-16 14:58:38:779	0	0
2021-03-16 14:58:38:794	0	0
2021-03-16 14:58:39:781	0	0
2021-03-16 14:58:39:797	0	0
2021-03-16 14:58:40:836	0	0
2021-03-16 14:58:42:102	0	0
2021-03-16 14:58:42:783	0	0
2021-03-16 14:58:42:801	0	0
2021-03-16 14:58:43:784	0	0
2021-03-16 14:58:43:802	0	0
2021-03-16 14:58:44:786	0	0
2021-03-16 14:58:44:802	0	0
2021-03-16 14:58:45:788	0	0
2021-03-16 14:58:45:802	0	0
2021-03-16 14:58:46:788	0	0
2021-03-16 14:58:46:804	0	0
2021-03-16 14:58:47:790	0	0
2021-03-16 14:58:47:805	0	0
2021-03-16 14:58:48:884	0	0
2021-03-16 14:58:49:793	0	0
2021-03-16 14:58:49:808	0	0
2021-03-16 14:58:50:797	0	0
2021-03-16 14:58:50:809	0	0
2021-03-16 14:58:51:798	0	0
2021-03-16 14:58:51:811	0	0
2021-03-16 14:58:52:801	0	0
2021-03-16 14:58:52:813	0	0
2021-03-16 14:58:53:801	0	0
2021-03-16 14:58:53:813	0	0
2021-03-16 14:59:53:892	0	0
2021-03-16 14:59:53:901	0	0
2021-03-16 14:59:54:886	0	0
2021-03-16 14:59:54:901	0	0
2021-03-16 14:59:55:886	0	0
2021-03-16 14:59:55:902	0	0
2021-03-16 14:59:56:888	0	0
2021-03-16 14:59:56:902	0	0
2021-03-16 14:59:57:890	0	0
2021-03-16 14:59:57:904	0	0
2021-03-16 14:59:58:893	0	0
2021-03-16 14:59:58:905	0	0
2021-03-16 14:59:59:892	0	0
2021-03-16 14:59:59:907	0	0
2021-03-16 15:00:00:895	0	0
2021-03-16 15:00:00:908	0	0
2021-03-16 15:00:01:896	0	0
2021-03-16 15:00:01:910	0	0
2021-03-16 15:00:02:896	0	0
2021-03-16 15:00:02:916	0	0
2021-03-16 15:00:03:898	0	0
2021-03-16 15:00:03:912	0	0
2021-03-16 15:00:04:899	0	0
2021-03-16 15:00:04:916	0	0
2021-03-16 15:00:05:899	0	0
2021-03-16 15:00:05:915	0	0
2021-03-16 15:00:06:902	0	0
2021-03-16 15:00:06:916	0	0
2021-03-16 15:00:07:905	0	0
2021-03-16 15:00:07:917	0	0
2021-03-16 15:00:08:906	0	0
2021-03-16 15:00:08:919	0	0
2021-03-16 15:00:09:906	0	0
2021-03-16 15:00:09:920	0	0
2021-03-16 15:00:10:906	0	0
2021-03-16 15:00:10:921	0	0
2021-03-16 15:00:11:908	0	0
2021-03-16 15:00:11:923	0	0
2021-03-16 15:00:12:909	0	0
2021-03-16 15:00:12:924	0	0
2021-03-16 15:00:13:911	0	0
2021-03-16 15:00:13:929	0	0
2021-03-16 15:00:14:912	0	0
2021-03-16 15:00:14:929	0	0
2021-03-16 15:00:15:913	0	0
2021-03-16 15:00:15:929	0	0
2021-03-16 15:00:16:915	0	0
2021-03-16 15:00:16:932	0	0
2021-03-16 15:00:17:916	0	0
2021-03-16 15:00:17:933	0	0
2021-03-16 15:00:18:919	0	0
2021-03-16 15:00:18:933	0	0
2021-03-16 15:00:19:919	0	0
2021-03-16 15:00:19:935	0	0
2021-03-16 15:00:20:920	0	0
2021-03-16 15:00:20:936	0	0
2021-03-16 15:00:21:921	0	0
2021-03-16 15:00:21:939	0	0
2021-03-16 15:00:22:926	0	0
2021-03-16 15:00:22:939	0	0
2021-03-16 15:00:23:927	0	0
2021-03-16 15:00:23:940	0	0
2021-03-16 15:00:24:929	0	0
2021-03-16 15:00:24:941	0	0
2021-03-16 15:00:25:928	0	0
2021-03-16 15:00:25:947	0	0
2021-03-16 15:00:26:929	0	0
2021-03-16 15:00:26:945	0	0
2021-03-16 15:00:27:930	0	0
2021-03-16 15:00:27:946	0	0
2021-03-16 15:00:28:933	0	0
2021-03-16 15:00:28:948	0	0
2021-03-16 15:00:29:933	0	0
2021-03-16 15:00:29:949	0	0
2021-03-16 15:00:30:936	0	0
2021-03-16 15:00:30:953	0	0
2021-03-16 15:00:31:937	0	0
2021-03-16 15:00:31:953	0	0
2021-03-16 15:00:32:937	0	0
2021-03-16 15:00:32:954	0	0
2021-03-16 15:00:55:585	0	0
2021-03-16 15:00:57:081	0	0
2021-03-16 15:00:59:019	0	0
2021-03-16 15:02:58:631	0	0
2021-03-16 15:28:23:695	0	0
2021-03-16 15:28:23:706	0	0
2021-03-16 15:28:24:086	0	0
2021-03-16 15:28:24:102	0	0
2021-03-16 15:28:25:086	0	0
2021-03-16 15:28:25:102	0	0
2021-03-16 15:28:26:089	0	0
2021-03-16 15:28:26:102	0	0
2021-03-16 15:28:27:089	0	0
2021-03-16 15:28:27:104	0	0
2021-03-16 15:28:28:092	0	0
2021-03-16 15:28:28:105	0	0
2021-03-16 15:28:29:091	0	0
2021-03-16 15:28:29:107	0	0
2021-03-16 15:28:30:093	0	0
2021-03-16 15:28:30:108	0	0
2021-03-16 15:28:31:095	0	0
2021-03-16 15:28:31:113	0	0
2021-03-16 15:28:32:095	0	0
2021-03-16 15:28:32:110	0	0
2021-03-16 15:28:33:096	0	0
2021-03-16 15:28:33:112	0	0
2021-03-16 15:28:34:098	0	0
2021-03-16 15:28:34:112	0	0
2021-03-16 15:28:35:099	0	0
2021-03-16 15:28:35:113	0	0
2021-03-16 15:28:36:099	0	0
2021-03-16 15:28:36:114	0	0
2021-03-16 15:28:37:102	0	0
2021-03-16 15:28:37:116	0	0
2021-03-16 15:28:38:102	0	0
2021-03-16 15:28:38:117	0	0
2021-03-16 15:28:39:103	0	0
2021-03-16 15:28:39:118	0	0
2021-03-16 15:28:40:107	0	0
2021-03-16 15:28:40:119	0	0
2021-03-16 15:28:41:106	0	0
2021-03-16 15:28:41:126	0	0
2021-03-16 15:28:42:107	0	0
2021-03-16 15:28:42:121	0	0
2021-03-16 15:28:43:107	0	0
2021-03-16 15:28:43:122	0	0
2021-03-16 15:28:44:109	0	0
2021-03-16 15:28:44:124	0	0
2021-03-16 15:28:45:109	0	0
2021-03-16 15:28:45:124	0	0
2021-03-16 15:28:46:111	0	0
2021-03-16 15:28:46:126	0	0
2021-03-16 15:28:47:113	0	0
2021-03-16 15:28:47:133	0	0
2021-03-16 15:28:48:112	0	0
2021-03-16 15:28:48:128	0	0
2021-03-16 15:28:49:114	0	0
2021-03-16 15:28:49:129	0	0
2021-03-16 15:28:50:116	0	0
2021-03-16 15:28:50:130	0	0
2021-03-16 15:28:51:117	0	0
2021-03-16 15:28:51:131	0	0
2021-03-16 15:28:52:119	0	0
2021-03-16 15:28:52:132	0	0
2021-03-16 15:28:53:121	0	0
2021-03-16 15:28:53:137	0	0
2021-03-16 15:28:54:119	0	0
2021-03-16 15:28:54:135	0	0
2021-03-16 15:28:55:122	0	0
2021-03-16 15:28:55:136	0	0
2021-03-16 15:28:56:124	0	0
2021-03-16 15:28:56:137	0	0
2021-03-16 15:28:57:123	0	0
2021-03-16 15:28:57:139	0	0
2021-03-16 15:28:58:125	0	0
2021-03-16 15:28:58:140	0	0
2021-03-16 15:28:59:125	0	0
2021-03-16 15:28:59:140	0	0
2021-03-16 15:29:00:129	0	0
2021-03-16 15:29:00:141	0	0
2021-03-16 15:29:01:129	0	0
2021-03-16 15:29:01:148	0	0
2021-03-16 15:29:02:130	0	0
2021-03-16 15:29:02:149	0	0
2021-03-16 15:29:03:130	0	0
2021-03-16 15:29:03:146	0	0
2021-03-16 15:29:04:132	0	0
2021-03-16 15:29:04:149	0	0
2021-03-16 15:29:05:132	0	0
2021-03-16 15:29:05:147	0	0
2021-03-16 15:29:06:224	0	0
2021-03-16 15:29:06:243	0	0
2021-03-16 15:29:07:135	0	0
2021-03-16 15:29:07:150	0	0
2021-03-16 15:29:08:137	0	0
2021-03-16 15:29:08:151	0	0
2021-03-16 15:29:09:138	0	0
2021-03-16 15:29:09:153	0	0
2021-03-16 15:29:10:138	0	0
2021-03-16 15:29:10:154	0	0
2021-03-16 15:29:11:142	0	0
2021-03-16 15:29:11:155	0	0
2021-03-16 15:29:12:142	0	0
2021-03-16 15:29:12:162	0	0
2021-03-16 15:29:13:143	0	0
2021-03-16 15:29:13:158	0	0
2021-03-16 15:29:14:144	0	0
2021-03-16 15:29:14:158	0	0
2021-03-16 15:29:15:144	0	0
2021-03-16 15:29:15:160	0	0
2021-03-16 15:29:16:147	0	0
2021-03-16 15:29:16:160	0	0
2021-03-16 15:29:17:149	0	0
2021-03-16 15:29:17:163	0	0
2021-03-16 15:29:18:149	0	0
2021-03-16 15:29:18:163	0	0
2021-03-16 15:29:19:152	0	0
2021-03-16 15:29:19:165	0	0
2021-03-16 15:29:20:151	0	0
2021-03-16 15:29:20:166	0	0
2021-03-16 15:29:21:153	0	0
2021-03-16 15:29:21:166	0	0
2021-03-16 15:29:22:154	0	0
2021-03-16 15:29:22:169	0	0
2021-03-16 15:29:23:156	0	0
2021-03-16 15:29:23:171	0	0
2021-03-16 15:29:24:157	0	0
2021-03-16 15:29:24:171	0	0
2021-03-16 15:29:25:157	0	0
2021-03-16 15:29:25:172	0	0
2021-03-16 15:29:26:157	0	0
2021-03-16 15:29:26:173	0	0
2021-03-16 15:29:27:161	0	0
2021-03-16 15:29:27:174	0	0
2021-03-16 15:29:28:160	0	0
2021-03-16 15:29:28:176	0	0
2021-03-16 15:29:29:163	0	0
2021-03-16 15:29:29:177	0	0
2021-03-16 15:29:30:164	0	0
2021-03-16 15:29:30:179	0	0
2021-03-16 15:29:31:167	0	0
2021-03-16 15:29:31:181	0	0
2021-03-16 15:29:32:167	0	0
2021-03-16 15:29:32:182	0	0
2021-03-16 15:29:33:171	0	0
2021-03-16 15:29:33:183	0	0
2021-03-16 15:29:34:170	0	0
2021-03-16 15:29:34:184	0	0
2021-03-16 15:29:35:171	0	0
2021-03-16 15:29:35:186	0	0
2021-03-16 15:29:36:172	0	0
2021-03-16 15:29:36:187	0	0
2021-03-16 15:29:37:174	0	0
2021-03-16 15:29:37:190	0	0
2021-03-16 15:29:38:175	0	0
2021-03-16 15:29:38:194	0	0
2021-03-16 15:29:39:175	0	0
2021-03-16 15:29:39:191	0	0
2021-03-16 15:29:40:177	0	0
2021-03-16 15:29:40:192	0	0
2021-03-16 15:29:41:177	0	0
2021-03-16 15:29:41:193	0	0
2021-03-16 15:29:42:180	0	0
2021-03-16 15:29:42:199	0	0
2021-03-16 15:29:43:183	0	0
2021-03-16 15:29:43:201	0	0
2021-03-16 15:29:44:183	0	0
2021-03-16 15:29:44:197	0	0
2021-03-16 15:29:45:184	0	0
2021-03-16 15:29:45:199	0	0
2021-03-16 15:29:46:186	0	0
2021-03-16 15:29:46:200	0	0
2021-03-16 15:29:47:187	0	0
2021-03-16 15:29:47:201	0	0
2021-03-16 15:29:48:188	0	0
2021-03-16 15:29:48:202	0	0
2021-03-16 15:29:49:188	0	0
2021-03-16 15:29:49:205	0	0
2021-03-16 15:29:50:189	0	0
2021-03-16 15:29:50:207	0	0
2021-03-16 15:29:51:192	0	0
2021-03-16 15:29:51:206	0	0
2021-03-16 15:29:52:195	0	0
2021-03-16 15:29:52:208	0	0
2021-03-16 15:29:53:194	0	0
2021-03-16 15:29:53:208	0	0
2021-03-16 15:29:54:196	0	0
2021-03-16 15:29:54:210	0	0
2021-03-16 15:29:55:197	0	0
2021-03-16 15:29:55:211	0	0
2021-03-16 15:29:56:198	0	0
2021-03-16 15:29:56:214	0	0
2021-03-16 15:29:57:200	0	0
2021-03-16 15:29:57:214	0	0
2021-03-16 15:29:58:200	0	0
2021-03-16 15:29:58:216	0	0
2021-03-16 15:29:59:204	0	0
2021-03-16 15:29:59:217	0	0
2021-03-16 15:30:00:204	0	0
2021-03-16 15:30:00:218	0	0
2021-03-16 15:30:01:206	0	0
2021-03-16 15:30:01:220	0	0
2021-03-16 15:30:02:207	0	0
2021-03-16 15:30:02:220	0	0
2021-03-16 15:30:03:208	0	0
2021-03-16 15:30:03:226	0	0
2021-03-16 15:30:04:208	0	0
2021-03-16 15:30:04:225	0	0
2021-03-16 15:30:05:209	0	0
2021-03-16 15:30:05:225	0	0
2021-03-16 15:30:06:211	0	0
2021-03-16 15:30:06:226	0	0
2021-03-16 15:30:07:214	0	0
2021-03-16 15:30:07:228	0	0
2021-03-16 15:30:08:213	0	0
2021-03-16 15:30:08:229	0	0
2021-03-16 15:30:09:215	0	0
2021-03-16 15:30:09:230	0	0
2021-03-16 15:30:10:218	0	0
2021-03-16 15:30:10:236	0	0
2021-03-16 15:30:11:218	0	0
2021-03-16 15:30:11:233	0	0
2021-03-16 15:30:12:218	0	0
2021-03-16 15:30:12:234	0	0
2021-03-16 15:30:13:221	0	0
2021-03-16 15:30:13:237	0	0
2021-03-16 15:30:14:223	0	0
2021-03-16 15:30:14:237	0	0
2021-03-16 15:30:15:224	0	0
2021-03-16 15:30:15:238	0	0
2021-03-16 15:30:16:224	0	0
2021-03-16 15:30:16:240	0	0
2021-03-16 15:30:17:226	0	0
2021-03-16 15:30:17:241	0	0
2021-03-16 15:30:18:228	0	0
2021-03-16 15:30:18:243	0	0
2021-03-16 15:30:19:231	0	0
2021-03-16 15:30:19:244	0	0
2021-03-16 15:30:20:231	0	0
2021-03-16 15:30:20:246	0	0
2021-03-16 15:30:21:232	0	0
2021-03-16 15:30:21:246	0	0
2021-03-16 15:30:22:232	0	0
2021-03-16 15:30:22:248	0	0
2021-03-16 15:30:23:234	0	0
2021-03-16 15:30:23:250	0	0
2021-03-16 15:30:24:236	0	0
2021-03-16 15:30:24:251	0	0
2021-03-16 15:30:25:237	0	0
2021-03-16 15:30:25:254	0	0
2021-03-16 15:30:26:239	0	0
2021-03-16 15:30:26:253	0	0
2021-03-16 15:30:27:240	0	0
2021-03-16 15:30:27:260	0	0
2021-03-16 15:30:28:242	0	0
2021-03-16 15:30:28:261	0	0
2021-03-16 15:30:29:243	0	0
2021-03-16 15:30:29:258	0	0
2021-03-16 15:30:30:245	0	0
2021-03-16 15:30:30:264	0	0
2021-03-16 15:30:31:244	0	0
2021-03-16 15:30:31:261	0	0
2021-03-16 15:30:32:248	0	0
2021-03-16 15:30:32:261	0	0
2021-03-16 15:30:33:248	0	0
2021-03-16 15:30:33:263	0	0
2021-03-16 15:30:34:252	0	0
2021-03-16 15:30:34:264	0	0
2021-03-16 15:30:35:252	0	0
2021-03-16 15:30:35:270	0	0
2021-03-16 15:30:36:251	0	0
2021-03-16 15:30:36:267	0	0
2021-03-16 15:30:37:253	0	0
2021-03-16 15:30:37:271	0	0
2021-03-16 15:30:38:256	0	0
2021-03-16 15:30:38:269	0	0
2021-03-16 15:30:39:257	0	0
2021-03-16 15:30:39:272	0	0
2021-03-16 15:30:40:257	0	0
2021-03-16 15:30:40:273	0	0
2021-03-16 15:30:41:261	0	0
2021-03-16 15:30:41:274	0	0
2021-03-16 15:30:42:261	0	0
2021-03-16 15:30:42:276	0	0
2021-03-16 15:30:43:263	0	0
2021-03-16 15:30:43:277	0	0
2021-03-16 15:30:44:265	0	0
2021-03-16 15:30:44:279	0	0
2021-03-16 15:30:45:266	0	0
2021-03-16 15:30:45:280	0	0
2021-03-16 15:30:46:265	0	0
2021-03-16 15:30:46:280	0	0
2021-03-16 15:30:47:268	0	0
2021-03-16 15:30:47:283	0	0
2021-03-16 15:30:48:270	0	0
2021-03-16 15:30:48:284	0	0
2021-03-16 15:30:49:270	0	0
2021-03-16 15:30:49:285	0	0
2021-03-16 15:30:50:273	0	0
2021-03-16 15:30:50:288	0	0
2021-03-16 15:30:51:274	0	0
2021-03-16 15:30:51:288	0	0
2021-03-16 15:30:52:275	0	0
2021-03-16 15:30:52:290	0	0
2021-03-16 15:30:53:277	0	0
2021-03-16 15:30:53:292	0	0
2021-03-16 15:30:54:277	0	0
2021-03-16 15:30:54:293	0	0
2021-03-16 15:30:55:279	0	0
2021-03-16 15:30:55:294	0	0
2021-03-16 15:30:56:283	0	0
2021-03-16 15:30:56:296	0	0
2021-03-16 15:30:57:282	0	0
2021-03-16 15:30:57:297	0	0
2021-03-16 15:30:58:283	0	0
2021-03-16 15:30:58:298	0	0
2021-03-16 15:30:59:285	0	0
2021-03-16 15:30:59:299	0	0
2021-03-16 15:31:00:286	0	0
2021-03-16 15:31:00:302	0	0
2021-03-16 15:31:01:287	0	0
2021-03-16 15:31:01:302	0	0
2021-03-16 15:31:02:288	0	0
2021-03-16 15:31:02:304	0	0
2021-03-16 15:31:03:292	0	0
2021-03-16 15:31:03:305	0	0
2021-03-16 15:31:04:292	0	0
2021-03-16 15:31:04:306	0	0
2021-03-16 15:31:05:294	0	0
2021-03-16 15:31:05:309	0	0
2021-03-16 15:31:06:293	0	0
2021-03-16 15:31:06:309	0	0
2021-03-16 15:31:07:296	0	0
2021-03-16 15:31:07:310	0	0
2021-03-16 15:31:08:297	0	0
2021-03-16 15:31:08:313	0	0
2021-03-16 15:31:09:299	0	0
2021-03-16 15:31:09:313	0	0
2021-03-16 15:31:10:301	0	0
2021-03-16 15:31:10:315	0	0
2021-03-16 15:31:11:302	0	0
2021-03-16 15:31:11:319	0	0
2021-03-16 15:31:12:302	0	0
2021-03-16 15:31:12:318	0	0
2021-03-16 15:31:13:305	0	0
2021-03-16 15:31:13:319	0	0
2021-03-16 15:31:14:306	0	0
2021-03-16 15:31:14:320	0	0
2021-03-16 15:31:15:308	0	0
2021-03-16 15:31:15:322	0	0
2021-03-16 15:31:16:309	0	0
2021-03-16 15:31:16:329	0	0
2021-03-16 15:31:17:311	0	0
2021-03-16 15:31:17:325	0	0
2021-03-16 15:31:18:311	0	0
2021-03-16 15:31:18:325	0	0
2021-03-16 15:31:19:311	0	0
2021-03-16 15:31:19:327	0	0
2021-03-16 15:31:20:313	0	0
2021-03-16 15:31:20:328	0	0
2021-03-16 15:31:21:315	0	0
2021-03-16 15:31:21:329	0	0
2021-03-16 15:31:22:317	0	0
2021-03-16 15:31:22:333	0	0
2021-03-16 15:31:23:318	0	0
2021-03-16 15:31:23:337	0	0
2021-03-16 15:31:24:319	0	0
2021-03-16 15:31:24:334	0	0
2021-03-16 15:31:25:320	0	0
2021-03-16 15:31:25:337	0	0
2021-03-16 15:31:26:321	0	0
2021-03-16 15:31:26:335	0	0
2021-03-16 15:31:27:321	0	0
2021-03-16 15:31:27:337	0	0
2021-03-16 15:31:28:325	0	0
2021-03-16 15:31:28:338	0	0
2021-03-16 15:31:29:325	0	0
2021-03-16 15:31:29:340	0	0
2021-03-16 15:31:30:326	0	0
2021-03-16 15:31:30:340	0	0
2021-03-16 15:31:31:327	0	0
2021-03-16 15:31:31:343	0	0
2021-03-16 15:31:32:329	0	0
2021-03-16 15:31:32:343	0	0
2021-03-16 15:31:33:331	0	0
2021-03-16 15:31:33:346	0	0
2021-03-16 15:31:34:331	0	0
2021-03-16 15:31:34:346	0	0
2021-03-16 15:31:35:331	0	0
2021-03-16 15:31:35:346	0	0
2021-03-16 15:31:36:333	0	0
2021-03-16 15:31:36:349	0	0
2021-03-16 15:31:37:337	0	0
2021-03-16 15:31:37:356	0	0
2021-03-16 15:31:38:337	0	0
2021-03-16 15:31:38:354	0	0
2021-03-16 15:31:39:337	0	0
2021-03-16 15:31:39:352	0	0
2021-03-16 15:31:40:339	0	0
2021-03-16 15:31:40:353	0	0
2021-03-16 15:31:41:339	0	0
2021-03-16 15:31:41:355	0	0
2021-03-16 15:31:42:342	0	0
2021-03-16 15:31:42:357	0	0
2021-03-16 15:31:43:342	0	0
2021-03-16 15:31:43:358	0	0
2021-03-16 15:31:44:344	0	0
2021-03-16 15:31:44:361	0	0
2021-03-16 15:31:45:345	0	0
2021-03-16 15:31:45:360	0	0
2021-03-16 15:31:46:347	0	0
2021-03-16 15:31:46:363	0	0
2021-03-16 15:31:47:350	0	0
2021-03-16 15:31:47:364	0	0
2021-03-16 15:31:48:350	0	0
2021-03-16 15:31:48:365	0	0
2021-03-16 15:31:49:350	0	0
2021-03-16 15:31:49:365	0	0
2021-03-16 15:31:50:352	0	0
2021-03-16 15:31:50:366	0	0
2021-03-16 15:31:51:354	0	0
2021-03-16 15:31:51:368	0	0
2021-03-16 15:31:52:354	0	0
2021-03-16 15:31:52:370	0	0
2021-03-16 15:31:53:356	0	0
2021-03-16 15:31:53:370	0	0
2021-03-16 15:31:54:357	0	0
2021-03-16 15:31:54:372	0	0
2021-03-16 15:31:55:360	0	0
2021-03-16 15:31:55:374	0	0
2021-03-16 15:31:56:359	0	0
2021-03-16 15:31:56:374	0	0
2021-03-16 15:31:57:361	0	0
2021-03-16 15:31:57:376	0	0
2021-03-16 15:31:58:364	0	0
2021-03-16 15:31:58:381	0	0
2021-03-16 15:31:59:365	0	0
2021-03-16 15:31:59:378	0	0
2021-03-16 15:32:00:365	0	0
2021-03-16 15:32:00:380	0	0
2021-03-16 15:32:01:367	0	0
2021-03-16 15:32:01:385	0	0
2021-03-16 15:32:02:369	0	0
2021-03-16 15:32:02:382	0	0
2021-03-16 15:32:03:369	0	0
2021-03-16 15:32:03:384	0	0
2021-03-16 15:32:04:370	0	0
2021-03-16 15:32:04:385	0	0
2021-03-16 15:32:05:372	0	0
2021-03-16 15:32:05:387	0	0
2021-03-16 15:32:06:374	0	0
2021-03-16 15:32:06:389	0	0
2021-03-16 15:32:07:374	0	0
2021-03-16 15:32:07:389	0	0
2021-03-16 15:32:08:377	0	0
2021-03-16 15:32:08:395	0	0
2021-03-16 15:32:09:379	0	0
2021-03-16 15:32:09:395	0	0
2021-03-16 15:32:10:378	0	0
2021-03-16 15:32:10:394	0	0
2021-03-16 15:32:11:380	0	0
2021-03-16 15:32:11:395	0	0
2021-03-16 15:32:12:381	0	0
2021-03-16 15:32:12:397	0	0
2021-03-16 15:32:13:384	0	0
2021-03-16 15:32:13:404	0	0
2021-03-16 15:32:14:385	0	0
2021-03-16 15:32:14:400	0	0
2021-03-16 15:32:15:385	0	0
2021-03-16 15:32:15:400	0	0
2021-03-16 15:32:16:388	0	0
2021-03-16 15:32:16:401	0	0
2021-03-16 15:32:17:389	0	0
2021-03-16 15:32:17:403	0	0
2021-03-16 15:32:18:390	0	0
2021-03-16 15:32:18:404	0	0
2021-03-16 15:32:19:391	0	0
2021-03-16 15:32:19:409	0	0
2021-03-16 15:32:20:392	0	0
2021-03-16 15:32:20:407	0	0
2021-03-16 15:32:21:395	0	0
2021-03-16 15:32:21:408	0	0
2021-03-16 15:32:22:395	0	0
2021-03-16 15:32:22:409	0	0
2021-03-16 15:32:23:397	0	0
2021-03-16 15:32:23:411	0	0
2021-03-16 15:32:24:396	0	0
2021-03-16 15:32:24:412	0	0
2021-03-16 15:32:25:400	0	0
2021-03-16 15:32:25:413	0	0
2021-03-16 15:32:26:400	0	0
2021-03-16 15:32:26:414	0	0
2021-03-16 15:32:27:401	0	0
2021-03-16 15:32:27:416	0	0
2021-03-16 15:32:28:403	0	0
2021-03-16 15:32:28:418	0	0
2021-03-16 15:32:29:404	0	0
2021-03-16 15:32:29:418	0	0
2021-03-16 15:32:30:406	0	0
2021-03-16 15:32:30:421	0	0
2021-03-16 15:32:31:407	0	0
2021-03-16 15:32:31:421	0	0
2021-03-16 15:32:32:409	0	0
2021-03-16 15:32:32:424	0	0
2021-03-16 15:32:33:410	0	0
2021-03-16 15:32:33:424	0	0
2021-03-16 15:32:34:412	0	0
2021-03-16 15:32:34:427	0	0
2021-03-16 15:32:35:414	0	0
2021-03-16 15:32:35:428	0	0
2021-03-16 15:32:36:413	0	0
2021-03-16 15:32:36:429	0	0
2021-03-16 15:32:37:416	0	0
2021-03-16 15:32:37:430	0	0
2021-03-16 15:32:38:416	0	0
2021-03-16 15:32:38:430	0	0
2021-03-16 15:32:39:418	0	0
2021-03-16 15:32:39:437	0	0
2021-03-16 15:32:40:419	0	0
2021-03-16 15:32:40:436	0	0
2021-03-16 15:32:41:420	0	0
2021-03-16 15:32:41:435	0	0
2021-03-16 15:32:42:422	0	0
2021-03-16 15:32:42:436	0	0
2021-03-16 15:32:43:422	0	0
2021-03-16 15:32:43:437	0	0
2021-03-16 15:32:44:424	0	0
2021-03-16 15:32:44:438	0	0
2021-03-16 15:32:45:427	0	0
2021-03-16 15:32:45:441	0	0
2021-03-16 15:32:46:427	0	0
2021-03-16 15:32:46:440	0	0
2021-03-16 15:32:47:429	0	0
2021-03-16 15:32:47:444	0	0
2021-03-16 15:32:48:428	0	0
2021-03-16 15:32:48:444	0	0
2021-03-16 15:32:49:430	0	0
2021-03-16 15:32:49:445	0	0
2021-03-16 15:32:50:432	0	0
2021-03-16 15:32:50:447	0	0
2021-03-16 15:32:51:434	0	0
2021-03-16 15:32:51:448	0	0
2021-03-16 15:32:52:435	0	0
2021-03-16 15:32:52:449	0	0
2021-03-16 15:32:53:437	0	0
2021-03-16 15:32:53:453	0	0
2021-03-16 15:32:54:437	0	0
2021-03-16 15:32:54:453	0	0
2021-03-16 15:32:55:439	0	0
2021-03-16 15:32:55:454	0	0
2021-03-16 15:32:56:443	0	0
2021-03-16 15:32:56:455	0	0
2021-03-16 15:32:57:441	0	0
2021-03-16 15:32:57:457	0	0
2021-03-16 15:32:58:442	0	0
2021-03-16 15:32:58:457	0	0
2021-03-16 15:32:59:445	0	0
2021-03-16 15:32:59:460	0	0
2021-03-16 15:33:00:444	0	0
2021-03-16 15:33:00:460	0	0
2021-03-16 15:33:01:446	0	0
2021-03-16 15:33:01:461	0	0
2021-03-16 15:33:02:448	0	0
2021-03-16 15:33:02:463	0	0
2021-03-16 15:33:03:450	0	0
2021-03-16 15:33:03:465	0	0
2021-03-16 15:33:04:451	0	0
2021-03-16 15:33:04:466	0	0
2021-03-16 15:33:05:453	0	0
2021-03-16 15:33:05:468	0	0
2021-03-16 15:33:06:454	0	0
2021-03-16 15:33:06:468	0	0
2021-03-16 15:33:07:456	0	0
2021-03-16 15:33:07:471	0	0
2021-03-16 15:33:08:458	0	0
2021-03-16 15:33:08:473	0	0
2021-03-16 15:33:09:459	0	0
2021-03-16 15:33:09:476	0	0
2021-03-16 15:33:10:461	0	0
2021-03-16 15:33:10:475	0	0
2021-03-16 15:33:11:462	0	0
2021-03-16 15:33:11:477	0	0
2021-03-16 15:33:12:463	0	0
2021-03-16 15:33:12:478	0	0
2021-03-16 15:33:13:465	0	0
2021-03-16 15:33:13:480	0	0
2021-03-16 15:33:14:467	0	0
2021-03-16 15:33:14:480	0	0
2021-03-16 15:33:15:468	0	0
2021-03-16 15:33:15:487	0	0
2021-03-16 15:33:16:470	0	0
2021-03-16 15:33:16:484	0	0
2021-03-16 15:33:17:471	0	0
2021-03-16 15:33:17:484	0	0
2021-03-16 15:33:18:471	0	0
2021-03-16 15:33:18:486	0	0
2021-03-16 15:33:19:474	0	0
2021-03-16 15:33:19:486	0	0
2021-03-16 15:33:20:473	0	0
2021-03-16 15:33:20:488	0	0
2021-03-16 15:33:21:475	0	0
2021-03-16 15:33:21:491	0	0
2021-03-16 15:33:22:477	0	0
2021-03-16 15:33:22:491	0	0
2021-03-16 15:33:23:477	0	0
2021-03-16 15:33:23:494	0	0
2021-03-16 15:33:24:479	0	0
2021-03-16 15:33:24:499	0	0
2021-03-16 15:33:25:482	0	0
2021-03-16 15:33:25:495	0	0
2021-03-16 15:33:26:485	0	0
2021-03-16 15:33:26:497	0	0
2021-03-16 15:33:27:485	0	0
2021-03-16 15:33:27:499	0	0
2021-03-16 15:33:28:485	0	0
2021-03-16 15:33:28:500	0	0
2021-03-16 15:33:29:486	0	0
2021-03-16 15:33:29:500	0	0
2021-03-16 15:33:30:487	0	0
2021-03-16 15:33:30:502	0	0
2021-03-16 15:33:31:488	0	0
2021-03-16 15:33:31:503	0	0
2021-03-16 15:33:32:489	0	0
2021-03-16 15:33:32:505	0	0
2021-03-16 15:33:33:492	0	0
2021-03-16 15:33:33:507	0	0
2021-03-16 15:33:34:494	0	0
2021-03-16 15:33:34:513	0	0
2021-03-16 15:33:35:494	0	0
2021-03-16 15:33:35:509	0	0
2021-03-16 15:33:36:496	0	0
2021-03-16 15:33:36:510	0	0
2021-03-16 15:33:37:497	0	0
2021-03-16 15:33:37:512	0	0
2021-03-16 15:33:38:499	0	0
2021-03-16 15:33:38:514	0	0
2021-03-16 15:33:39:501	0	0
2021-03-16 15:33:39:514	0	0
2021-03-16 15:33:40:500	0	0
2021-03-16 15:33:40:516	0	0
2021-03-16 15:33:41:504	0	0
2021-03-16 15:33:41:518	0	0
2021-03-16 15:33:42:505	0	0
2021-03-16 15:33:42:519	0	0
2021-03-16 15:33:43:506	0	0
2021-03-16 15:33:43:521	0	0
2021-03-16 15:33:44:507	0	0
2021-03-16 15:33:44:521	0	0
2021-03-16 15:33:45:508	0	0
2021-03-16 15:33:45:527	0	0
2021-03-16 15:33:46:510	0	0
2021-03-16 15:33:46:524	0	0
2021-03-16 15:33:47:511	0	0
2021-03-16 15:33:47:529	0	0
2021-03-16 15:33:48:515	0	0
2021-03-16 15:33:48:527	0	0
2021-03-16 15:33:49:516	0	0
2021-03-16 15:33:49:529	0	0
2021-03-16 15:33:50:517	0	0
2021-03-16 15:33:50:531	0	0
2021-03-16 15:33:51:518	0	0
2021-03-16 15:33:51:531	0	0
2021-03-16 15:33:52:517	0	0
2021-03-16 15:33:52:533	0	0
2021-03-16 15:33:53:520	0	0
2021-03-16 15:33:53:534	0	0
2021-03-16 15:33:54:522	0	0
2021-03-16 15:33:54:537	0	0
2021-03-16 15:33:55:523	0	0
2021-03-16 15:33:55:543	0	0
2021-03-16 15:33:56:525	0	0
2021-03-16 15:33:56:539	0	0
2021-03-16 15:33:57:526	0	0
2021-03-16 15:33:57:541	0	0
2021-03-16 15:33:58:526	0	0
2021-03-16 15:33:58:542	0	0
2021-03-16 15:33:59:529	0	0
2021-03-16 15:33:59:544	0	0
2021-03-16 15:34:00:531	0	0
2021-03-16 15:34:00:545	0	0
2021-03-16 15:34:01:532	0	0
2021-03-16 15:34:01:546	0	0
2021-03-16 15:34:02:534	0	0
2021-03-16 15:34:02:547	0	0
2021-03-16 15:34:03:534	0	0
2021-03-16 15:34:03:549	0	0
2021-03-16 15:34:04:536	0	0
2021-03-16 15:34:04:550	0	0
2021-03-16 15:34:05:537	0	0
2021-03-16 15:34:05:551	0	0
2021-03-16 15:34:06:537	0	0
2021-03-16 15:34:06:554	0	0
2021-03-16 15:34:07:540	0	0
2021-03-16 15:34:07:560	0	0
2021-03-16 15:34:08:542	0	0
2021-03-16 15:34:08:556	0	0
2021-03-16 15:34:09:542	0	0
2021-03-16 15:34:09:557	0	0
2021-03-16 15:34:10:544	0	0
2021-03-16 15:34:10:558	0	0
2021-03-16 15:34:11:545	0	0
2021-03-16 15:34:11:560	0	0
2021-03-16 15:34:12:548	0	0
2021-03-16 15:34:12:562	0	0
2021-03-16 15:34:13:550	0	0
2021-03-16 15:34:13:564	0	0
2021-03-16 15:34:14:550	0	0
2021-03-16 15:34:14:564	0	0
2021-03-16 15:34:15:552	0	0
2021-03-16 15:34:15:565	0	0
2021-03-16 15:34:16:552	0	0
2021-03-16 15:34:16:566	0	0
2021-03-16 15:34:17:554	0	0
2021-03-16 15:34:17:568	0	0
2021-03-16 15:34:18:554	0	0
2021-03-16 15:34:18:569	0	0
2021-03-16 15:34:19:556	0	0
2021-03-16 15:34:19:575	0	0
2021-03-16 15:34:20:557	0	0
2021-03-16 15:34:20:572	0	0
2021-03-16 15:34:21:558	0	0
2021-03-16 15:34:21:573	0	0
2021-03-16 15:34:22:560	0	0
2021-03-16 15:34:22:574	0	0
2021-03-16 15:34:23:560	0	0
2021-03-16 15:34:23:577	0	0
2021-03-16 15:34:24:563	0	0
2021-03-16 15:34:24:578	0	0
2021-03-16 15:34:25:563	0	0
2021-03-16 15:34:25:578	0	0
2021-03-16 15:34:26:565	0	0
2021-03-16 15:34:26:580	0	0
2021-03-16 15:34:27:566	0	0
2021-03-16 15:34:27:581	0	0
2021-03-16 15:34:28:568	0	0
2021-03-16 15:34:28:582	0	0
2021-03-16 15:34:29:569	0	0
2021-03-16 15:34:29:584	0	0
2021-03-16 15:34:30:570	0	0
2021-03-16 15:34:30:585	0	0
2021-03-16 15:34:31:572	0	0
2021-03-16 15:34:31:586	0	0
2021-03-16 15:34:32:572	0	0
2021-03-16 15:34:32:588	0	0
2021-03-16 15:34:33:575	0	0
2021-03-16 15:34:33:588	0	0
2021-03-16 15:34:34:577	0	0
2021-03-16 15:34:34:590	0	0
2021-03-16 15:34:35:579	0	0
2021-03-16 15:34:35:595	0	0
2021-03-16 15:34:36:580	0	0
2021-03-16 15:34:36:594	0	0
2021-03-16 15:34:37:578	0	0
2021-03-16 15:34:37:595	0	0
2021-03-16 15:34:38:582	0	0
2021-03-16 15:34:38:596	0	0
2021-03-16 15:34:39:582	0	0
2021-03-16 15:34:39:598	0	0
2021-03-16 15:34:40:584	0	0
2021-03-16 15:34:40:599	0	0
2021-03-16 15:34:41:585	0	0
2021-03-16 15:34:41:600	0	0
2021-03-16 15:34:42:586	0	0
2021-03-16 15:34:42:602	0	0
2021-03-16 15:34:43:588	0	0
2021-03-16 15:34:43:602	0	0
2021-03-16 15:34:44:590	0	0
2021-03-16 15:34:44:605	0	0
2021-03-16 15:34:45:591	0	0
2021-03-16 15:34:45:606	0	0
2021-03-16 15:34:46:594	0	0
2021-03-16 15:34:46:606	0	0
2021-03-16 15:34:47:593	0	0
2021-03-16 15:34:47:609	0	0
2021-03-16 15:34:48:596	0	0
2021-03-16 15:34:48:611	0	0
2021-03-16 15:34:49:598	0	0
2021-03-16 15:34:49:614	0	0
2021-03-16 15:34:50:599	0	0
2021-03-16 15:34:50:612	0	0
2021-03-16 15:34:51:600	0	0
2021-03-16 15:34:51:615	0	0
2021-03-16 15:34:52:600	0	0
2021-03-16 15:34:52:615	0	0
2021-03-16 15:34:53:603	0	0
2021-03-16 15:34:53:617	0	0
2021-03-16 15:34:54:604	0	0
2021-03-16 15:34:54:624	0	0
2021-03-16 15:34:55:606	0	0
2021-03-16 15:34:55:620	0	0
2021-03-16 15:34:56:606	0	0
2021-03-16 15:34:56:621	0	0
2021-03-16 15:34:57:607	0	0
2021-03-16 15:34:57:624	0	0
2021-03-16 15:34:58:610	0	0
2021-03-16 15:34:58:624	0	0
2021-03-16 15:34:59:611	0	0
2021-03-16 15:34:59:627	0	0
2021-03-16 15:35:00:614	0	0
2021-03-16 15:35:00:627	0	0
2021-03-16 15:35:01:614	0	0
2021-03-16 15:35:01:629	0	0
2021-03-16 15:35:02:615	0	0
2021-03-16 15:35:02:633	0	0
2021-03-16 15:35:03:615	0	0
2021-03-16 15:35:03:632	0	0
2021-03-16 15:35:04:618	0	0
2021-03-16 15:35:04:633	0	0
2021-03-16 15:35:05:620	0	0
2021-03-16 15:35:05:633	0	0
2021-03-16 15:35:06:621	0	0
2021-03-16 15:35:06:637	0	0
2021-03-16 15:35:07:624	0	0
2021-03-16 15:35:07:637	0	0
2021-03-16 15:35:08:624	0	0
2021-03-16 15:35:08:637	0	0
2021-03-16 15:35:09:625	0	0
2021-03-16 15:35:09:640	0	0
2021-03-16 15:35:10:628	0	0
2021-03-16 15:35:10:642	0	0
2021-03-16 15:35:11:629	0	0
2021-03-16 15:35:11:642	0	0
2021-03-16 15:35:12:631	0	0
2021-03-16 15:35:12:646	0	0
2021-03-16 15:35:13:632	0	0
2021-03-16 15:35:13:646	0	0
2021-03-16 15:35:14:633	0	0
2021-03-16 15:35:14:652	0	0
2021-03-16 15:35:15:634	0	0
2021-03-16 15:35:15:649	0	0
2021-03-16 15:35:16:635	0	0
2021-03-16 15:35:16:650	0	0
2021-03-16 15:35:17:637	0	0
2021-03-16 15:35:17:651	0	0
2021-03-16 15:35:18:640	0	0
2021-03-16 15:35:18:653	0	0
2021-03-16 15:35:19:640	0	0
2021-03-16 15:35:19:655	0	0
2021-03-16 15:35:20:640	0	0
2021-03-16 15:35:20:655	0	0
2021-03-16 15:35:21:642	0	0
2021-03-16 15:35:21:657	0	0
2021-03-16 15:35:22:643	0	0
2021-03-16 15:35:22:658	0	0
2021-03-16 15:35:23:645	0	0
2021-03-16 15:35:23:660	0	0
2021-03-16 15:35:24:647	0	0
2021-03-16 15:35:24:667	0	0
2021-03-16 15:35:25:648	0	0
2021-03-16 15:35:25:662	0	0
2021-03-16 15:35:26:649	0	0
2021-03-16 15:35:26:664	0	0
2021-03-16 15:35:27:652	0	0
2021-03-16 15:35:27:666	0	0
2021-03-16 15:35:28:652	0	0
2021-03-16 15:35:28:667	0	0
2021-03-16 15:35:29:654	0	0
2021-03-16 15:35:29:669	0	0
2021-03-16 15:35:30:656	0	0
2021-03-16 15:35:30:669	0	0
2021-03-16 15:35:31:655	0	0
2021-03-16 15:35:31:671	0	0
2021-03-16 15:35:32:658	0	0
2021-03-16 15:35:32:675	0	0
2021-03-16 15:35:33:659	0	0
2021-03-16 15:35:33:675	0	0
2021-03-16 15:35:34:663	0	0
2021-03-16 15:35:34:676	0	0
2021-03-16 15:35:35:662	0	0
2021-03-16 15:35:35:678	0	0
2021-03-16 15:35:36:666	0	0
2021-03-16 15:35:36:679	0	0
2021-03-16 15:35:37:664	0	0
2021-03-16 15:35:37:683	0	0
2021-03-16 15:35:38:668	0	0
2021-03-16 15:35:38:681	0	0
2021-03-16 15:35:39:668	0	0
2021-03-16 15:35:39:688	0	0
2021-03-16 15:35:40:671	0	0
2021-03-16 15:35:40:685	0	0
2021-03-16 15:35:41:672	0	0
2021-03-16 15:35:41:690	0	0
2021-03-16 15:35:42:671	0	0
2021-03-16 15:35:42:688	0	0
2021-03-16 15:35:43:675	0	0
2021-03-16 15:35:43:689	0	0
2021-03-16 15:35:44:676	0	0
2021-03-16 15:35:44:690	0	0
2021-03-16 15:35:45:677	0	0
2021-03-16 15:35:45:692	0	0
2021-03-16 15:35:46:678	0	0
2021-03-16 15:35:46:693	0	0
2021-03-16 15:35:47:678	0	0
2021-03-16 15:35:47:695	0	0
2021-03-16 15:35:48:680	0	0
2021-03-16 15:35:48:697	0	0
2021-03-16 15:35:49:683	0	0
2021-03-16 15:35:49:696	0	0
2021-03-16 15:35:50:683	0	0
2021-03-16 15:35:50:703	0	0
2021-03-16 15:35:51:687	0	0
2021-03-16 15:35:51:702	0	0
2021-03-16 15:35:52:686	0	0
2021-03-16 15:35:52:700	0	0
2021-03-16 15:35:53:687	0	0
2021-03-16 15:35:53:703	0	0
2021-03-16 15:35:54:690	0	0
2021-03-16 15:35:54:704	0	0
2021-03-16 15:35:55:690	0	0
2021-03-16 15:35:55:709	0	0
2021-03-16 15:35:56:692	0	0
2021-03-16 15:35:56:707	0	0
2021-03-16 15:35:57:693	0	0
2021-03-16 15:35:57:709	0	0
2021-03-16 15:35:58:694	0	0
2021-03-16 15:35:58:709	0	0
2021-03-16 15:35:59:698	0	0
2021-03-16 15:35:59:714	0	0
2021-03-16 15:36:00:698	0	0
2021-03-16 15:36:00:717	0	0
2021-03-16 15:36:01:699	0	0
2021-03-16 15:36:01:713	0	0
2021-03-16 15:36:02:699	0	0
2021-03-16 15:36:02:715	0	0
2021-03-16 15:36:03:702	0	0
2021-03-16 15:36:03:715	0	0
2021-03-16 15:36:04:703	0	0
2021-03-16 15:36:04:718	0	0
2021-03-16 15:36:05:703	0	0
2021-03-16 15:36:05:720	0	0
2021-03-16 15:36:06:706	0	0
2021-03-16 15:36:06:725	0	0
2021-03-16 15:36:07:706	0	0
2021-03-16 15:36:07:722	0	0
2021-03-16 15:36:08:709	0	0
2021-03-16 15:36:08:729	0	0
2021-03-16 15:36:09:709	0	0
2021-03-16 15:36:09:725	0	0
2021-03-16 15:36:10:712	0	0
2021-03-16 15:36:10:727	0	0
2021-03-16 15:36:11:714	0	0
2021-03-16 15:36:11:728	0	0
2021-03-16 15:36:12:715	0	0
2021-03-16 15:36:12:734	0	0
2021-03-16 15:36:13:716	0	0
2021-03-16 15:36:13:731	0	0
2021-03-16 15:36:14:717	0	0
2021-03-16 15:36:14:733	0	0
2021-03-16 15:36:15:719	0	0
2021-03-16 15:36:15:733	0	0
2021-03-16 15:36:16:721	0	0
2021-03-16 15:36:16:735	0	0
2021-03-16 15:36:17:724	0	0
2021-03-16 15:36:17:740	0	0
2021-03-16 15:36:18:723	0	0
2021-03-16 15:36:18:738	0	0
2021-03-16 15:36:19:726	0	0
2021-03-16 15:36:19:739	0	0
2021-03-16 15:36:20:727	0	0
2021-03-16 15:36:20:741	0	0
2021-03-16 15:36:21:728	0	0
2021-03-16 15:36:21:744	0	0
2021-03-16 15:36:22:728	0	0
2021-03-16 15:36:22:746	0	0
2021-03-16 15:36:23:731	0	0
2021-03-16 15:36:23:746	0	0
2021-03-16 15:36:24:732	0	0
2021-03-16 15:36:24:746	0	0
2021-03-16 15:36:25:732	0	0
2021-03-16 15:36:25:748	0	0
2021-03-16 15:36:26:735	0	0
2021-03-16 15:36:26:750	0	0
2021-03-16 15:36:27:737	0	0
2021-03-16 15:36:27:756	0	0
2021-03-16 15:36:28:737	0	0
2021-03-16 15:36:28:753	0	0
2021-03-16 15:36:29:738	0	0
2021-03-16 15:36:29:754	0	0
2021-03-16 15:36:30:740	0	0
2021-03-16 15:36:30:755	0	0
2021-03-16 15:36:31:742	0	0
2021-03-16 15:36:31:757	0	0
2021-03-16 15:36:32:743	0	0
2021-03-16 15:36:32:757	0	0
2021-03-16 15:36:33:744	0	0
2021-03-16 15:36:33:759	0	0
2021-03-16 15:36:34:747	0	0
2021-03-16 15:36:34:761	0	0
2021-03-16 15:36:35:748	0	0
2021-03-16 15:36:35:767	0	0
2021-03-16 15:36:36:749	0	0
2021-03-16 15:36:36:764	0	0
2021-03-16 15:36:37:750	0	0
2021-03-16 15:36:37:765	0	0
2021-03-16 15:36:38:752	0	0
2021-03-16 15:36:38:766	0	0
2021-03-16 15:36:39:754	0	0
2021-03-16 15:36:39:769	0	0
2021-03-16 15:36:40:755	0	0
2021-03-16 15:36:40:771	0	0
2021-03-16 15:36:41:755	0	0
2021-03-16 15:36:41:771	0	0
2021-03-16 15:36:42:758	0	0
2021-03-16 15:36:42:772	0	0
2021-03-16 15:36:43:761	0	0
2021-03-16 15:36:43:774	0	0
2021-03-16 15:36:44:762	0	0
2021-03-16 15:36:44:776	0	0
2021-03-16 15:36:45:763	0	0
2021-03-16 15:36:45:777	0	0
2021-03-16 15:36:46:763	0	0
2021-03-16 15:36:46:781	0	0
2021-03-16 15:36:47:766	0	0
2021-03-16 15:36:47:780	0	0
2021-03-16 15:36:48:768	0	0
2021-03-16 15:36:48:781	0	0
2021-03-16 15:36:49:769	0	0
2021-03-16 15:36:49:784	0	0
2021-03-16 15:36:50:770	0	0
2021-03-16 15:36:50:785	0	0
2021-03-16 15:36:51:771	0	0
2021-03-16 15:36:51:786	0	0
2021-03-16 15:36:52:771	0	0
2021-03-16 15:36:52:787	0	0
2021-03-16 15:36:53:775	0	0
2021-03-16 15:36:53:789	0	0
2021-03-16 15:36:54:775	0	0
2021-03-16 15:36:54:790	0	0
2021-03-16 15:36:55:776	0	0
2021-03-16 15:36:55:792	0	0
2021-03-16 15:36:56:780	0	0
2021-03-16 15:36:56:795	0	0
2021-03-16 15:36:57:780	0	0
2021-03-16 15:36:57:794	0	0
2021-03-16 15:36:58:782	0	0
2021-03-16 15:36:58:796	0	0
2021-03-16 15:36:59:785	0	0
2021-03-16 15:36:59:800	0	0
2021-03-16 15:37:00:783	0	0
2021-03-16 15:37:00:798	0	0
2021-03-16 15:37:01:785	0	0
2021-03-16 15:37:01:800	0	0
2021-03-16 15:37:02:788	0	0
2021-03-16 15:37:02:807	0	0
2021-03-16 15:37:03:789	0	0
2021-03-16 15:37:03:804	0	0
2021-03-16 15:37:04:789	0	0
2021-03-16 15:37:04:806	0	0
2021-03-16 15:37:05:793	0	0
2021-03-16 15:37:05:806	0	0
2021-03-16 15:37:06:794	0	0
2021-03-16 15:37:06:812	0	0
2021-03-16 15:37:07:794	0	0
2021-03-16 15:37:07:809	0	0
2021-03-16 15:37:08:798	0	0
2021-03-16 15:37:08:813	0	0
2021-03-16 15:37:09:797	0	0
2021-03-16 15:37:09:812	0	0
2021-03-16 15:37:10:800	0	0
2021-03-16 15:37:10:815	0	0
2021-03-16 15:37:11:801	0	0
2021-03-16 15:37:11:815	0	0
2021-03-16 15:37:12:802	0	0
2021-03-16 15:37:12:815	0	0
2021-03-16 15:37:13:803	0	0
2021-03-16 15:37:13:818	0	0
2021-03-16 15:37:14:805	0	0
2021-03-16 15:37:14:819	0	0
2021-03-16 15:37:15:806	0	0
2021-03-16 15:37:15:821	0	0
2021-03-16 15:37:16:808	0	0
2021-03-16 15:37:16:823	0	0
2021-03-16 15:37:17:808	0	0
2021-03-16 15:37:17:823	0	0
2021-03-16 15:37:18:809	0	0
2021-03-16 15:37:18:826	0	0
2021-03-16 15:37:19:811	0	0
2021-03-16 15:37:19:826	0	0
2021-03-16 15:37:20:813	0	0
2021-03-16 15:37:20:828	0	0
2021-03-16 15:37:21:815	0	0
2021-03-16 15:37:21:828	0	0
2021-03-16 15:37:22:814	0	0
2021-03-16 15:37:22:829	0	0
2021-03-16 15:37:23:817	0	0
2021-03-16 15:37:23:832	0	0
2021-03-16 15:37:24:817	0	0
2021-03-16 15:37:24:833	0	0
2021-03-16 15:37:25:819	0	0
2021-03-16 15:37:25:834	0	0
2021-03-16 15:37:26:821	0	0
2021-03-16 15:37:26:835	0	0
2021-03-16 15:37:27:822	0	0
2021-03-16 15:37:27:836	0	0
2021-03-16 15:37:28:823	0	0
2021-03-16 15:37:28:842	0	0
2021-03-16 15:37:29:826	0	0
2021-03-16 15:37:29:840	0	0
2021-03-16 15:37:30:827	0	0
2021-03-16 15:37:30:841	0	0
2021-03-16 15:37:31:832	0	0
2021-03-16 15:37:31:842	0	0
2021-03-16 15:37:32:831	0	0
2021-03-16 15:37:32:843	0	0
2021-03-16 15:37:33:830	0	0
2021-03-16 15:37:33:847	0	0
2021-03-16 15:37:34:831	0	0
2021-03-16 15:37:34:847	0	0
2021-03-16 15:37:35:832	0	0
2021-03-16 15:37:35:848	0	0
2021-03-16 15:37:36:834	0	0
2021-03-16 15:37:36:849	0	0
2021-03-16 15:37:37:836	0	0
2021-03-16 15:37:37:852	0	0
2021-03-16 15:37:38:838	0	0
2021-03-16 15:37:38:853	0	0
2021-03-16 15:37:39:840	0	0
2021-03-16 15:37:39:854	0	0
2021-03-16 15:37:40:839	0	0
2021-03-16 15:37:40:854	0	0
2021-03-16 15:37:41:844	0	0
2021-03-16 15:37:41:857	0	0
2021-03-16 15:37:42:842	0	0
2021-03-16 15:37:42:859	0	0
2021-03-16 15:37:43:846	0	0
2021-03-16 15:37:43:860	0	0
2021-03-16 15:37:44:847	0	0
2021-03-16 15:37:44:863	0	0
2021-03-16 15:37:45:847	0	0
2021-03-16 15:37:45:862	0	0
2021-03-16 15:37:46:849	0	0
2021-03-16 15:37:46:864	0	0
2021-03-16 15:37:47:849	0	0
2021-03-16 15:37:47:865	0	0
2021-03-16 15:37:48:851	0	0
2021-03-16 15:37:48:866	0	0
2021-03-16 15:37:49:853	0	0
2021-03-16 15:37:49:869	0	0
2021-03-16 15:37:50:854	0	0
2021-03-16 15:37:50:869	0	0
2021-03-16 15:37:51:856	0	0
2021-03-16 15:37:51:870	0	0
2021-03-16 15:37:52:856	0	0
2021-03-16 15:37:52:871	0	0
2021-03-16 15:37:53:860	0	0
2021-03-16 15:37:53:873	0	0
2021-03-16 15:37:54:860	0	0
2021-03-16 15:37:54:875	0	0
2021-03-16 15:37:55:861	0	0
2021-03-16 15:37:55:876	0	0
2021-03-16 15:37:56:862	0	0
2021-03-16 15:37:56:877	0	0
2021-03-16 15:37:57:864	0	0
2021-03-16 15:37:57:879	0	0
2021-03-16 15:37:58:866	0	0
2021-03-16 15:37:58:881	0	0
2021-03-16 15:37:59:866	0	0
2021-03-16 15:37:59:882	0	0
2021-03-16 15:38:00:868	0	0
2021-03-16 15:38:00:882	0	0
2021-03-16 15:38:01:871	0	0
2021-03-16 15:38:01:884	0	0
2021-03-16 15:38:02:871	0	0
2021-03-16 15:38:02:886	0	0
2021-03-16 15:38:03:872	0	0
2021-03-16 15:38:03:886	0	0
2021-03-16 15:38:04:875	0	0
2021-03-16 15:38:04:889	0	0
2021-03-16 15:38:05:875	0	0
2021-03-16 15:38:05:891	0	0
2021-03-16 15:38:06:877	0	0
2021-03-16 15:38:06:896	0	0
2021-03-16 15:38:07:878	0	0
2021-03-16 15:38:07:893	0	0
2021-03-16 15:38:08:879	0	0
2021-03-16 15:38:08:898	0	0
2021-03-16 15:38:09:882	0	0
2021-03-16 15:38:09:895	0	0
2021-03-16 15:38:10:881	0	0
2021-03-16 15:38:10:897	0	0
2021-03-16 15:38:11:884	0	0
2021-03-16 15:38:11:898	0	0
2021-03-16 15:38:12:884	0	0
2021-03-16 15:38:12:900	0	0
2021-03-16 15:38:13:887	0	0
2021-03-16 15:38:13:901	0	0
2021-03-16 15:38:14:886	0	0
2021-03-16 15:38:14:902	0	0
2021-03-16 15:38:15:889	0	0
2021-03-16 15:38:15:904	0	0
2021-03-16 15:38:16:891	0	0
2021-03-16 15:38:16:905	0	0
2021-03-16 15:38:17:892	0	0
2021-03-16 15:38:17:907	0	0
2021-03-16 15:38:18:894	0	0
2021-03-16 15:38:18:908	0	0
2021-03-16 15:38:19:896	0	0
2021-03-16 15:38:19:912	0	0
2021-03-16 15:38:20:898	0	0
2021-03-16 15:38:20:910	0	0
2021-03-16 15:38:21:898	0	0
2021-03-16 15:38:21:912	0	0
2021-03-16 15:38:22:898	0	0
2021-03-16 15:38:22:914	0	0
2021-03-16 15:38:23:900	0	0
2021-03-16 15:38:23:914	0	0
2021-03-16 15:38:24:902	0	0
2021-03-16 15:38:24:917	0	0
2021-03-16 15:38:25:902	0	0
2021-03-16 15:38:25:917	0	0
2021-03-16 15:38:26:905	0	0
2021-03-16 15:38:26:919	0	0
2021-03-16 15:38:27:905	0	0
2021-03-16 15:38:27:919	0	0
2021-03-16 15:38:28:907	0	0
2021-03-16 15:38:28:923	0	0
2021-03-16 15:38:29:908	0	0
2021-03-16 15:38:29:922	0	0
2021-03-16 15:38:30:909	0	0
2021-03-16 15:38:30:924	0	0
2021-03-16 15:38:31:911	0	0
2021-03-16 15:38:31:925	0	0
2021-03-16 15:38:32:911	0	0
2021-03-16 15:38:32:927	0	0
2021-03-16 15:38:33:913	0	0
2021-03-16 15:38:33:933	0	0
2021-03-16 15:38:34:915	0	0
2021-03-16 15:38:34:929	0	0
2021-03-16 15:38:35:915	0	0
2021-03-16 15:38:35:931	0	0
2021-03-16 15:38:36:918	0	0
2021-03-16 15:38:36:937	0	0
2021-03-16 15:38:37:919	0	0
2021-03-16 15:38:37:933	0	0
2021-03-16 15:38:38:920	0	0
2021-03-16 15:38:38:936	0	0
2021-03-16 15:38:39:921	0	0
2021-03-16 15:38:39:936	0	0
2021-03-16 15:38:40:925	0	0
2021-03-16 15:38:40:938	0	0
2021-03-16 15:38:41:925	0	0
2021-03-16 15:38:41:939	0	0
2021-03-16 15:38:42:925	0	0
2021-03-16 15:38:42:940	0	0
2021-03-16 15:38:43:927	0	0
2021-03-16 15:38:43:942	0	0
2021-03-16 15:38:44:929	0	0
2021-03-16 15:38:44:943	0	0
2021-03-16 15:38:45:929	0	0
2021-03-16 15:38:45:944	0	0
2021-03-16 15:38:46:933	0	0
2021-03-16 15:38:46:946	0	0
2021-03-16 15:38:47:933	0	0
2021-03-16 15:38:47:952	0	0
2021-03-16 15:38:48:934	0	0
2021-03-16 15:38:48:949	0	0
2021-03-16 15:38:49:936	0	0
2021-03-16 15:38:49:951	0	0
2021-03-16 15:38:50:939	0	0
2021-03-16 15:38:50:951	0	0
2021-03-16 15:38:51:938	0	0
2021-03-16 15:38:51:955	0	0
2021-03-16 15:38:52:939	0	0
2021-03-16 15:38:52:955	0	0
2021-03-16 15:38:53:942	0	0
2021-03-16 15:38:53:956	0	0
2021-03-16 15:38:54:944	0	0
2021-03-16 15:38:54:957	0	0
2021-03-16 15:38:55:945	0	0
2021-03-16 15:38:55:961	0	0
2021-03-16 15:38:56:945	0	0
2021-03-16 15:38:56:959	0	0
2021-03-16 15:38:57:947	0	0
2021-03-16 15:38:57:962	0	0
2021-03-16 15:38:58:947	0	0
2021-03-16 15:38:58:963	0	0
2021-03-16 15:38:59:951	0	0
2021-03-16 15:38:59:965	0	0
2021-03-16 15:39:00:951	0	0
2021-03-16 15:39:00:966	0	0
2021-03-16 15:39:01:951	0	0
2021-03-16 15:39:01:967	0	0
2021-03-16 15:39:02:954	0	0
2021-03-16 15:39:02:969	0	0
2021-03-16 15:39:03:955	0	0
2021-03-16 15:39:03:969	0	0
2021-03-16 15:39:04:956	0	0
2021-03-16 15:39:04:971	0	0
2021-03-16 15:39:05:958	0	0
2021-03-16 15:39:05:973	0	0
2021-03-16 15:39:06:959	0	0
2021-03-16 15:39:06:978	0	0
2021-03-16 15:39:07:960	0	0
2021-03-16 15:39:07:975	0	0
2021-03-16 15:39:08:960	0	0
2021-03-16 15:39:08:977	0	0
2021-03-16 15:39:09:964	0	0
2021-03-16 15:39:09:979	0	0
2021-03-16 15:39:10:964	0	0
2021-03-16 15:39:10:978	0	0
2021-03-16 15:39:11:964	0	0
2021-03-16 15:39:11:980	0	0
2021-03-16 15:39:12:965	0	0
2021-03-16 15:39:12:981	0	0
2021-03-16 15:39:13:967	0	0
2021-03-16 15:39:13:982	0	0
2021-03-16 15:39:14:968	0	0
2021-03-16 15:39:14:982	0	0
2021-03-16 15:39:15:970	0	0
2021-03-16 15:39:15:985	0	0
2021-03-16 15:39:16:971	0	0
2021-03-16 15:39:16:984	0	0
2021-03-16 15:39:17:973	0	0
2021-03-16 15:39:17:986	0	0
2021-03-16 15:39:18:973	0	0
2021-03-16 15:39:18:988	0	0
2021-03-16 15:39:19:972	0	0
2021-03-16 15:39:19:988	0	0
2021-03-16 15:39:20:975	0	0
2021-03-16 15:39:20:989	0	0
2021-03-16 15:39:21:976	0	0
2021-03-16 15:39:21:990	0	0
2021-03-16 15:39:22:976	0	0
2021-03-16 15:39:22:992	0	0
2021-03-16 15:39:23:978	0	0
2021-03-16 15:39:23:993	0	0
2021-03-16 15:39:24:978	0	0
2021-03-16 15:39:24:993	0	0
2021-03-16 15:39:25:980	0	0
2021-03-16 15:39:25:998	0	0
2021-03-16 15:39:26:980	0	0
2021-03-16 15:39:26:997	0	0
2021-03-16 15:39:27:981	0	0
2021-03-16 15:39:27:997	0	0
2021-03-16 15:39:28:983	0	0
2021-03-16 15:39:28:998	0	0
2021-03-16 15:39:29:986	0	0
2021-03-16 15:39:30:001	0	0
2021-03-16 15:39:30:985	0	0
2021-03-16 15:39:30:999	0	0
2021-03-16 15:39:31:985	0	0
2021-03-16 15:39:32:000	0	0
2021-03-16 15:39:32:987	0	0
2021-03-16 15:39:33:002	0	0
2021-03-16 15:39:33:990	0	0
2021-03-16 15:39:34:003	0	0
2021-03-16 15:39:34:991	0	0
2021-03-16 15:39:35:005	0	0
2021-03-16 15:39:35:990	0	0
2021-03-16 15:39:36:005	0	0
2021-03-16 15:39:36:991	0	0
2021-03-16 15:39:37:005	0	0
2021-03-16 15:39:37:992	0	0
2021-03-16 15:39:38:007	0	0
2021-03-16 15:39:38:994	0	0
2021-03-16 15:39:39:013	0	0
2021-03-16 15:39:39:996	0	0
2021-03-16 15:39:40:009	0	0
2021-03-16 15:39:40:996	0	0
2021-03-16 15:39:41:010	0	0
2021-03-16 15:39:41:997	0	0
2021-03-16 15:39:42:012	0	0
2021-03-16 15:39:43:000	0	0
2021-03-16 15:39:43:012	0	0
2021-03-16 15:39:43:998	0	0
2021-03-16 15:39:44:013	0	0
2021-03-16 15:39:45:001	0	0
2021-03-16 15:39:45:015	0	0
2021-03-16 15:39:46:001	0	0
2021-03-16 15:39:46:015	0	0
2021-03-16 15:39:47:003	0	0
2021-03-16 15:39:47:016	0	0
2021-03-16 15:39:48:003	0	0
2021-03-16 15:39:48:017	0	0
2021-03-16 15:39:49:004	0	0
2021-03-16 15:39:49:018	0	0
2021-03-16 15:39:50:006	0	0
2021-03-16 15:39:50:020	0	0
2021-03-16 15:39:51:006	0	0
2021-03-16 15:39:51:021	0	0
2021-03-16 15:39:52:007	0	0
2021-03-16 15:39:52:024	0	0
2021-03-16 15:39:53:007	0	0
2021-03-16 15:39:53:022	0	0
2021-03-16 15:39:54:010	0	0
2021-03-16 15:39:54:024	0	0
2021-03-16 15:39:55:010	0	0
2021-03-16 15:39:55:025	0	0
2021-03-16 15:39:56:010	0	0
2021-03-16 15:39:56:026	0	0
2021-03-16 15:39:57:010	0	0
2021-03-16 15:39:57:026	0	0
2021-03-16 15:39:58:013	0	0
2021-03-16 15:39:58:027	0	0
2021-03-16 15:39:59:014	0	0
2021-03-16 15:39:59:028	0	0
2021-03-16 15:40:00:013	0	0
2021-03-16 15:40:00:031	0	0
2021-03-16 15:40:01:016	0	0
2021-03-16 15:40:01:031	0	0
2021-03-16 15:40:02:016	0	0
2021-03-16 15:40:02:031	0	0
2021-03-16 15:40:03:017	0	0
2021-03-16 15:40:03:032	0	0
2021-03-16 15:40:04:019	0	0
2021-03-16 15:40:04:034	0	0
2021-03-16 15:40:05:020	0	0
2021-03-16 15:40:05:034	0	0
2021-03-16 15:40:06:021	0	0
2021-03-16 15:40:06:036	0	0
2021-03-16 15:40:07:021	0	0
2021-03-16 15:40:07:036	0	0
2021-03-16 15:40:08:023	0	0
2021-03-16 15:40:08:036	0	0
2021-03-16 15:40:09:024	0	0
2021-03-16 15:40:09:038	0	0
2021-03-16 15:40:10:026	0	0
2021-03-16 15:40:10:040	0	0
2021-03-16 15:40:11:025	0	0
2021-03-16 15:40:11:041	0	0
2021-03-16 15:40:12:027	0	0
2021-03-16 15:40:12:043	0	0
2021-03-16 15:40:13:031	0	0
2021-03-16 15:40:13:045	0	0
2021-03-16 15:40:14:031	0	0
2021-03-16 15:40:14:045	0	0
2021-03-16 15:40:15:031	0	0
2021-03-16 15:40:15:046	0	0
2021-03-16 15:40:16:034	0	0
2021-03-16 15:40:16:048	0	0
2021-03-16 15:40:17:036	0	0
2021-03-16 15:40:17:050	0	0
2021-03-16 15:40:18:037	0	0
2021-03-16 15:40:18:051	0	0
2021-03-16 15:40:19:039	0	0
2021-03-16 15:40:19:052	0	0
2021-03-16 15:40:20:039	0	0
2021-03-16 15:40:20:054	0	0
2021-03-16 15:40:21:040	0	0
2021-03-16 15:40:21:055	0	0
2021-03-16 15:40:22:042	0	0
2021-03-16 15:40:22:057	0	0
2021-03-16 15:40:23:043	0	0
2021-03-16 15:40:23:058	0	0
2021-03-16 15:40:24:045	0	0
2021-03-16 15:40:24:059	0	0
2021-03-16 15:40:25:044	0	0
2021-03-16 15:40:25:060	0	0
2021-03-16 15:40:26:049	0	0
2021-03-16 15:40:26:063	0	0
2021-03-16 15:40:27:048	0	0
2021-03-16 15:40:27:062	0	0
2021-03-16 15:40:28:050	0	0
2021-03-16 15:40:28:064	0	0
2021-03-16 15:40:29:052	0	0
2021-03-16 15:40:29:065	0	0
2021-03-16 15:40:30:051	0	0
2021-03-16 15:40:30:068	0	0
2021-03-16 15:40:31:055	0	0
2021-03-16 15:40:31:068	0	0
2021-03-16 15:40:32:056	0	0
2021-03-16 15:40:32:073	0	0
2021-03-16 15:40:33:055	0	0
2021-03-16 15:40:33:070	0	0
2021-03-16 15:40:34:058	0	0
2021-03-16 15:40:34:072	0	0
2021-03-16 15:40:35:059	0	0
2021-03-16 15:40:35:074	0	0
2021-03-16 15:40:36:059	0	0
2021-03-16 15:40:36:074	0	0
2021-03-16 15:40:37:062	0	0
2021-03-16 15:40:37:077	0	0
2021-03-16 15:40:38:063	0	0
2021-03-16 15:40:38:078	0	0
2021-03-16 15:40:39:064	0	0
2021-03-16 15:40:39:079	0	0
2021-03-16 15:40:40:066	0	0
2021-03-16 15:40:40:080	0	0
2021-03-16 15:40:41:068	0	0
2021-03-16 15:40:41:081	0	0
2021-03-16 15:40:42:068	0	0
2021-03-16 15:40:42:082	0	0
2021-03-16 15:40:43:069	0	0
2021-03-16 15:40:43:084	0	0
2021-03-16 15:40:44:097	0	0
2021-03-16 15:40:44:102	0	0
2021-03-16 15:40:45:072	0	0
2021-03-16 15:40:45:087	0	0
2021-03-16 15:40:46:075	0	0
2021-03-16 15:40:46:089	0	0
2021-03-16 15:40:47:074	0	0
2021-03-16 15:40:47:089	0	0
2021-03-16 15:40:48:077	0	0
2021-03-16 15:40:48:091	0	0
2021-03-16 15:40:49:078	0	0
2021-03-16 15:40:49:092	0	0
2021-03-16 15:40:50:079	0	0
2021-03-16 15:40:50:094	0	0
2021-03-16 15:40:51:080	0	0
2021-03-16 15:40:51:099	0	0
2021-03-16 15:40:52:081	0	0
2021-03-16 15:40:52:096	0	0
2021-03-16 15:40:53:083	0	0
2021-03-16 15:40:53:100	0	0
2021-03-16 15:40:54:083	0	0
2021-03-16 15:40:54:098	0	0
2021-03-16 15:40:55:086	0	0
2021-03-16 15:40:55:100	0	0
2021-03-16 15:40:56:085	0	0
2021-03-16 15:40:56:101	0	0
2021-03-16 15:40:57:088	0	0
2021-03-16 15:40:57:103	0	0
2021-03-16 15:40:58:090	0	0
2021-03-16 15:40:58:103	0	0
2021-03-16 15:40:59:091	0	0
2021-03-16 15:40:59:106	0	0
2021-03-16 15:41:00:091	0	0
2021-03-16 15:41:00:106	0	0
2021-03-16 15:41:01:092	0	0
2021-03-16 15:41:01:109	0	0
2021-03-16 15:41:02:095	0	0
2021-03-16 15:41:02:109	0	0
2021-03-16 15:41:03:096	0	0
2021-03-16 15:41:03:109	0	0
2021-03-16 15:41:04:097	0	0
2021-03-16 15:41:04:113	0	0
2021-03-16 15:41:05:098	0	0
2021-03-16 15:41:05:112	0	0
2021-03-16 15:41:06:098	0	0
2021-03-16 15:41:06:113	0	0
2021-03-16 15:41:07:100	0	0
2021-03-16 15:41:07:114	0	0
2021-03-16 15:41:08:101	0	0
2021-03-16 15:41:08:115	0	0
2021-03-16 15:41:09:101	0	0
2021-03-16 15:41:09:116	0	0
2021-03-16 15:41:10:104	0	0
2021-03-16 15:41:10:120	0	0
2021-03-16 15:41:11:105	0	0
2021-03-16 15:41:11:119	0	0
2021-03-16 15:41:12:106	0	0
2021-03-16 15:41:12:120	0	0
2021-03-16 15:41:13:106	0	0
2021-03-16 15:41:13:122	0	0
2021-03-16 15:41:14:107	0	0
2021-03-16 15:41:14:122	0	0
2021-03-16 15:41:15:109	0	0
2021-03-16 15:41:15:123	0	0
2021-03-16 15:41:16:109	0	0
2021-03-16 15:41:16:124	0	0
2021-03-16 15:41:17:112	0	0
2021-03-16 15:41:17:124	0	0
2021-03-16 15:41:18:111	0	0
2021-03-16 15:41:18:127	0	0
2021-03-16 15:41:19:112	0	0
2021-03-16 15:41:19:127	0	0
2021-03-16 15:41:20:115	0	0
2021-03-16 15:41:20:129	0	0
2021-03-16 15:41:21:115	0	0
2021-03-16 15:41:21:130	0	0
2021-03-16 15:41:22:117	0	0
2021-03-16 15:41:22:134	0	0
2021-03-16 15:41:23:118	0	0
2021-03-16 15:41:23:133	0	0
2021-03-16 15:41:24:119	0	0
2021-03-16 15:41:24:136	0	0
2021-03-16 15:41:25:121	0	0
2021-03-16 15:41:25:135	0	0
2021-03-16 15:41:26:120	0	0
2021-03-16 15:41:26:135	0	0
2021-03-16 15:41:27:121	0	0
2021-03-16 15:41:27:137	0	0
2021-03-16 15:41:28:124	0	0
2021-03-16 15:41:28:138	0	0
2021-03-16 15:41:29:125	0	0
2021-03-16 15:41:29:139	0	0
2021-03-16 15:41:30:126	0	0
2021-03-16 15:41:30:142	0	0
2021-03-16 15:41:31:128	0	0
2021-03-16 15:41:31:141	0	0
2021-03-16 15:41:32:127	0	0
2021-03-16 15:41:32:143	0	0
2021-03-16 15:41:33:130	0	0
2021-03-16 15:41:33:145	0	0
2021-03-16 15:41:34:131	0	0
2021-03-16 15:41:34:146	0	0
2021-03-16 15:41:35:130	0	0
2021-03-16 15:41:35:146	0	0
2021-03-16 15:41:36:131	0	0
2021-03-16 15:41:36:148	0	0
2021-03-16 15:41:37:134	0	0
2021-03-16 15:41:37:148	0	0
2021-03-16 15:41:38:133	0	0
2021-03-16 15:41:38:149	0	0
2021-03-16 15:41:39:137	0	0
2021-03-16 15:41:39:150	0	0
2021-03-16 15:41:40:137	0	0
2021-03-16 15:41:40:151	0	0
2021-03-16 15:41:41:137	0	0
2021-03-16 15:41:41:152	0	0
2021-03-16 15:41:42:139	0	0
2021-03-16 15:41:42:154	0	0
2021-03-16 15:41:43:142	0	0
2021-03-16 15:41:43:159	0	0
2021-03-16 15:41:44:142	0	0
2021-03-16 15:41:44:156	0	0
2021-03-16 15:41:45:142	0	0
2021-03-16 15:41:45:157	0	0
2021-03-16 15:41:46:142	0	0
2021-03-16 15:41:46:160	0	0
2021-03-16 15:41:47:143	0	0
2021-03-16 15:41:47:159	0	0
2021-03-16 15:41:48:147	0	0
2021-03-16 15:41:48:160	0	0
2021-03-16 15:41:49:147	0	0
2021-03-16 15:41:49:161	0	0
2021-03-16 15:41:50:146	0	0
2021-03-16 15:41:50:163	0	0
2021-03-16 15:41:51:147	0	0
2021-03-16 15:41:51:163	0	0
2021-03-16 15:41:52:149	0	0
2021-03-16 15:41:52:164	0	0
2021-03-16 15:41:53:150	0	0
2021-03-16 15:41:53:165	0	0
2021-03-16 15:41:54:151	0	0
2021-03-16 15:41:54:165	0	0
2021-03-16 15:41:55:153	0	0
2021-03-16 15:41:55:168	0	0
2021-03-16 15:41:56:154	0	0
2021-03-16 15:41:56:167	0	0
2021-03-16 15:41:57:155	0	0
2021-03-16 15:41:57:169	0	0
2021-03-16 15:41:58:155	0	0
2021-03-16 15:41:58:171	0	0
2021-03-16 15:41:59:157	0	0
2021-03-16 15:41:59:172	0	0
2021-03-16 15:42:00:159	0	0
2021-03-16 15:42:00:173	0	0
2021-03-16 15:42:01:159	0	0
2021-03-16 15:42:01:172	0	0
2021-03-16 15:42:02:160	0	0
2021-03-16 15:42:02:175	0	0
2021-03-16 15:42:03:162	0	0
2021-03-16 15:42:03:177	0	0
2021-03-16 15:42:04:162	0	0
2021-03-16 15:42:04:176	0	0
2021-03-16 15:42:05:165	0	0
2021-03-16 15:42:05:180	0	0
2021-03-16 15:42:06:164	0	0
2021-03-16 15:42:06:180	0	0
2021-03-16 15:42:07:166	0	0
2021-03-16 15:42:07:180	0	0
2021-03-16 15:42:08:166	0	0
2021-03-16 15:42:08:180	0	0
2021-03-16 15:42:09:168	0	0
2021-03-16 15:42:09:187	0	0
2021-03-16 15:42:10:169	0	0
2021-03-16 15:42:10:184	0	0
2021-03-16 15:42:11:168	0	0
2021-03-16 15:42:11:183	0	0
2021-03-16 15:42:12:169	0	0
2021-03-16 15:42:12:184	0	0
2021-03-16 15:42:13:171	0	0
2021-03-16 15:42:13:185	0	0
2021-03-16 15:42:14:172	0	0
2021-03-16 15:42:14:188	0	0
2021-03-16 15:42:15:173	0	0
2021-03-16 15:42:15:188	0	0
2021-03-16 15:42:16:174	0	0
2021-03-16 15:42:16:189	0	0
2021-03-16 15:42:17:174	0	0
2021-03-16 15:42:17:190	0	0
2021-03-16 15:42:18:175	0	0
2021-03-16 15:42:18:190	0	0
2021-03-16 15:42:19:176	0	0
2021-03-16 15:42:19:191	0	0
2021-03-16 15:42:20:178	0	0
2021-03-16 15:42:20:193	0	0
2021-03-16 15:42:21:179	0	0
2021-03-16 15:42:21:194	0	0
2021-03-16 15:42:22:179	0	0
2021-03-16 15:42:22:195	0	0
2021-03-16 15:42:23:180	0	0
2021-03-16 15:42:23:196	0	0
2021-03-16 15:42:24:182	0	0
2021-03-16 15:42:24:197	0	0
2021-03-16 15:42:25:182	0	0
2021-03-16 15:42:25:199	0	0
2021-03-16 15:42:26:184	0	0
2021-03-16 15:42:26:199	0	0
2021-03-16 15:42:27:187	0	0
2021-03-16 15:42:27:199	0	0
2021-03-16 15:42:28:184	0	0
2021-03-16 15:42:28:200	0	0
2021-03-16 15:42:29:187	0	0
2021-03-16 15:42:29:202	0	0
2021-03-16 15:42:30:189	0	0
2021-03-16 15:42:30:202	0	0
2021-03-16 15:42:31:188	0	0
2021-03-16 15:42:31:204	0	0
2021-03-16 15:42:32:190	0	0
2021-03-16 15:42:32:205	0	0
2021-03-16 15:42:33:192	0	0
2021-03-16 15:42:33:206	0	0
2021-03-16 15:42:34:191	0	0
2021-03-16 15:42:34:207	0	0
2021-03-16 15:42:35:192	0	0
2021-03-16 15:42:35:208	0	0
2021-03-16 15:42:36:194	0	0
2021-03-16 15:42:36:208	0	0
2021-03-16 15:42:37:194	0	0
2021-03-16 15:42:37:210	0	0
2021-03-16 15:42:38:196	0	0
2021-03-16 15:42:38:213	0	0
2021-03-16 15:42:39:197	0	0
2021-03-16 15:42:39:212	0	0
2021-03-16 15:42:40:198	0	0
2021-03-16 15:42:40:212	0	0
2021-03-16 15:42:41:200	0	0
2021-03-16 15:42:41:213	0	0
2021-03-16 15:42:42:200	0	0
2021-03-16 15:42:42:216	0	0
2021-03-16 15:42:43:202	0	0
2021-03-16 15:42:43:216	0	0
2021-03-16 15:42:44:203	0	0
2021-03-16 15:42:44:222	0	0
2021-03-16 15:42:45:203	0	0
2021-03-16 15:42:45:218	0	0
2021-03-16 15:42:46:205	0	0
2021-03-16 15:42:46:219	0	0
2021-03-16 15:42:47:206	0	0
2021-03-16 15:42:47:220	0	0
2021-03-16 15:42:48:208	0	0
2021-03-16 15:42:48:222	0	0
2021-03-16 15:42:49:207	0	0
2021-03-16 15:42:49:222	0	0
2021-03-16 15:42:50:209	0	0
2021-03-16 15:42:50:224	0	0
2021-03-16 15:42:51:210	0	0
2021-03-16 15:42:51:225	0	0
2021-03-16 15:42:52:212	0	0
2021-03-16 15:42:52:227	0	0
2021-03-16 15:42:53:211	0	0
2021-03-16 15:42:53:225	0	0
2021-03-16 15:42:54:213	0	0
2021-03-16 15:42:54:227	0	0
2021-03-16 15:42:55:214	0	0
2021-03-16 15:42:55:228	0	0
2021-03-16 15:42:56:216	0	0
2021-03-16 15:42:56:229	0	0
2021-03-16 15:42:57:215	0	0
2021-03-16 15:42:57:231	0	0
2021-03-16 15:42:58:217	0	0
2021-03-16 15:42:58:232	0	0
2021-03-16 15:42:59:219	0	0
2021-03-16 15:42:59:238	0	0
2021-03-16 15:43:00:219	0	0
2021-03-16 15:43:00:233	0	0
2021-03-16 15:43:01:219	0	0
2021-03-16 15:43:01:234	0	0
2021-03-16 15:43:02:219	0	0
2021-03-16 15:43:02:234	0	0
2021-03-16 15:43:03:221	0	0
2021-03-16 15:43:03:237	0	0
2021-03-16 15:43:04:224	0	0
2021-03-16 15:43:04:237	0	0
2021-03-16 15:43:05:223	0	0
2021-03-16 15:43:05:239	0	0
2021-03-16 15:43:06:225	0	0
2021-03-16 15:43:06:239	0	0
2021-03-16 15:43:07:229	0	0
2021-03-16 15:43:07:242	0	0
2021-03-16 15:43:08:228	0	0
2021-03-16 15:43:08:241	0	0
2021-03-16 15:43:09:229	0	0
2021-03-16 15:43:09:242	0	0
2021-03-16 15:43:10:230	0	0
2021-03-16 15:43:10:244	0	0
2021-03-16 15:43:11:229	0	0
2021-03-16 15:43:11:245	0	0
2021-03-16 15:43:12:232	0	0
2021-03-16 15:43:12:250	0	0
2021-03-16 15:43:13:233	0	0
2021-03-16 15:43:13:248	0	0
2021-03-16 15:43:14:233	0	0
2021-03-16 15:43:14:248	0	0
2021-03-16 15:43:15:236	0	0
2021-03-16 15:43:15:250	0	0
2021-03-16 15:43:16:236	0	0
2021-03-16 15:43:16:250	0	0
2021-03-16 15:43:17:237	0	0
2021-03-16 15:43:17:252	0	0
2021-03-16 15:43:18:237	0	0
2021-03-16 15:43:18:253	0	0
2021-03-16 15:43:19:238	0	0
2021-03-16 15:43:19:254	0	0
2021-03-16 15:43:20:241	0	0
2021-03-16 15:43:20:257	0	0
2021-03-16 15:43:21:242	0	0
2021-03-16 15:43:21:257	0	0
2021-03-16 15:43:22:243	0	0
2021-03-16 15:43:22:258	0	0
2021-03-16 15:43:23:243	0	0
2021-03-16 15:43:23:261	0	0
2021-03-16 15:43:24:246	0	0
2021-03-16 15:43:24:260	0	0
2021-03-16 15:43:25:247	0	0
2021-03-16 15:43:25:261	0	0
2021-03-16 15:43:26:249	0	0
2021-03-16 15:43:26:263	0	0
2021-03-16 15:43:27:251	0	0
2021-03-16 15:43:27:266	0	0
2021-03-16 15:43:28:251	0	0
2021-03-16 15:43:28:266	0	0
2021-03-16 15:43:29:253	0	0
2021-03-16 15:43:29:267	0	0
2021-03-16 15:43:30:255	0	0
2021-03-16 15:43:30:268	0	0
2021-03-16 15:43:31:255	0	0
2021-03-16 15:43:31:270	0	0
2021-03-16 15:43:32:257	0	0
2021-03-16 15:43:32:272	0	0
2021-03-16 15:43:33:258	0	0
2021-03-16 15:43:33:272	0	0
2021-03-16 15:43:34:259	0	0
2021-03-16 15:43:34:274	0	0
2021-03-16 15:43:35:263	0	0
2021-03-16 15:43:35:276	0	0
2021-03-16 15:43:36:262	0	0
2021-03-16 15:43:36:276	0	0
2021-03-16 15:43:37:264	0	0
2021-03-16 15:43:37:277	0	0
2021-03-16 15:43:38:264	0	0
2021-03-16 15:43:38:278	0	0
2021-03-16 15:43:39:265	0	0
2021-03-16 15:43:39:280	0	0
2021-03-16 15:43:40:267	0	0
2021-03-16 15:43:40:283	0	0
2021-03-16 15:43:41:267	0	0
2021-03-16 15:43:41:282	0	0
2021-03-16 15:43:42:269	0	0
2021-03-16 15:43:42:284	0	0
2021-03-16 15:43:43:272	0	0
2021-03-16 15:43:43:285	0	0
2021-03-16 15:43:44:272	0	0
2021-03-16 15:43:44:287	0	0
2021-03-16 15:43:45:273	0	0
2021-03-16 15:43:45:287	0	0
2021-03-16 15:43:46:275	0	0
2021-03-16 15:43:46:289	0	0
2021-03-16 15:43:47:276	0	0
2021-03-16 15:43:47:290	0	0
2021-03-16 15:43:48:277	0	0
2021-03-16 15:43:48:292	0	0
2021-03-16 15:43:49:278	0	0
2021-03-16 15:43:49:293	0	0
2021-03-16 15:43:50:279	0	0
2021-03-16 15:43:50:294	0	0
2021-03-16 15:43:51:282	0	0
2021-03-16 15:43:51:295	0	0
2021-03-16 15:43:52:282	0	0
2021-03-16 15:43:52:297	0	0
2021-03-16 15:43:53:282	0	0
2021-03-16 15:43:53:298	0	0
2021-03-16 15:43:54:285	0	0
2021-03-16 15:43:54:300	0	0
2021-03-16 15:43:55:286	0	0
2021-03-16 15:43:55:301	0	0
2021-03-16 15:43:56:288	0	0
2021-03-16 15:43:56:302	0	0
2021-03-16 15:43:57:289	0	0
2021-03-16 15:43:57:303	0	0
2021-03-16 15:43:58:289	0	0
2021-03-16 15:43:58:304	0	0
2021-03-16 15:43:59:292	0	0
2021-03-16 15:43:59:307	0	0
2021-03-16 15:44:00:293	0	0
2021-03-16 15:44:00:307	0	0
2021-03-16 15:44:01:294	0	0
2021-03-16 15:44:01:309	0	0
2021-03-16 15:44:02:296	0	0
2021-03-16 15:44:02:311	0	0
2021-03-16 15:44:03:298	0	0
2021-03-16 15:44:03:311	0	0
2021-03-16 15:44:04:299	0	0
2021-03-16 15:44:04:313	0	0
2021-03-16 15:44:05:300	0	0
2021-03-16 15:44:05:316	0	0
2021-03-16 15:44:06:303	0	0
2021-03-16 15:44:06:315	0	0
2021-03-16 15:44:07:303	0	0
2021-03-16 15:44:07:318	0	0
2021-03-16 15:44:08:306	0	0
2021-03-16 15:44:08:319	0	0
2021-03-16 15:44:09:307	0	0
2021-03-16 15:44:09:322	0	0
2021-03-16 15:44:10:306	0	0
2021-03-16 15:44:10:322	0	0
2021-03-16 15:44:11:311	0	0
2021-03-16 15:44:11:326	0	0
2021-03-16 15:44:12:310	0	0
2021-03-16 15:44:12:325	0	0
2021-03-16 15:44:13:312	0	0
2021-03-16 15:44:13:326	0	0
2021-03-16 15:44:14:314	0	0
2021-03-16 15:44:14:328	0	0
2021-03-16 15:44:15:315	0	0
2021-03-16 15:44:15:329	0	0
2021-03-16 15:44:16:316	0	0
2021-03-16 15:44:16:331	0	0
2021-03-16 15:44:17:318	0	0
2021-03-16 15:44:17:332	0	0
2021-03-16 15:44:18:319	0	0
2021-03-16 15:44:18:333	0	0
2021-03-16 15:44:19:320	0	0
2021-03-16 15:44:19:334	0	0
2021-03-16 15:44:20:322	0	0
2021-03-16 15:44:20:336	0	0
2021-03-16 15:44:21:324	0	0
2021-03-16 15:44:21:338	0	0
2021-03-16 15:44:22:323	0	0
2021-03-16 15:44:22:339	0	0
2021-03-16 15:44:23:328	0	0
2021-03-16 15:44:23:340	0	0
2021-03-16 15:44:24:329	0	0
2021-03-16 15:44:24:343	0	0
2021-03-16 15:44:25:327	0	0
2021-03-16 15:44:25:342	0	0
2021-03-16 15:44:26:330	0	0
2021-03-16 15:44:26:344	0	0
2021-03-16 15:44:27:331	0	0
2021-03-16 15:44:27:346	0	0
2021-03-16 15:44:28:333	0	0
2021-03-16 15:44:28:352	0	0
2021-03-16 15:44:29:332	0	0
2021-03-16 15:44:29:348	0	0
2021-03-16 15:44:30:335	0	0
2021-03-16 15:44:30:350	0	0
2021-03-16 15:44:31:336	0	0
2021-03-16 15:44:31:356	0	0
2021-03-16 15:44:32:338	0	0
2021-03-16 15:44:32:353	0	0
2021-03-16 15:44:33:337	0	0
2021-03-16 15:44:33:353	0	0
2021-03-16 15:44:34:340	0	0
2021-03-16 15:44:34:355	0	0
2021-03-16 15:44:35:341	0	0
2021-03-16 15:44:35:356	0	0
2021-03-16 15:44:36:343	0	0
2021-03-16 15:44:36:357	0	0
2021-03-16 15:44:37:343	0	0
2021-03-16 15:44:37:358	0	0
2021-03-16 15:44:38:345	0	0
2021-03-16 15:44:38:359	0	0
2021-03-16 15:44:39:345	0	0
2021-03-16 15:44:39:360	0	0
2021-03-16 15:44:40:348	0	0
2021-03-16 15:44:40:363	0	0
2021-03-16 15:44:41:348	0	0
2021-03-16 15:44:41:365	0	0
2021-03-16 15:44:42:348	0	0
2021-03-16 15:44:42:364	0	0
2021-03-16 15:44:43:352	0	0
2021-03-16 15:44:43:366	0	0
2021-03-16 15:44:44:351	0	0
2021-03-16 15:44:44:367	0	0
2021-03-16 15:44:45:355	0	0
2021-03-16 15:44:45:426	0	0
2021-03-16 15:44:46:356	0	0
2021-03-16 15:44:46:368	0	0
2021-03-16 15:44:47:356	0	0
2021-03-16 15:44:47:371	0	0
2021-03-16 15:44:48:359	0	0
2021-03-16 15:44:48:371	0	0
2021-03-16 15:44:49:359	0	0
2021-03-16 15:44:49:374	0	0
2021-03-16 15:44:50:359	0	0
2021-03-16 15:44:50:375	0	0
2021-03-16 15:44:51:361	0	0
2021-03-16 15:44:51:375	0	0
2021-03-16 15:44:52:361	0	0
2021-03-16 15:44:52:376	0	0
2021-03-16 15:44:53:363	0	0
2021-03-16 15:44:53:383	0	0
2021-03-16 15:44:54:366	0	0
2021-03-16 15:44:54:379	0	0
2021-03-16 15:44:55:366	0	0
2021-03-16 15:44:55:380	0	0
2021-03-16 15:44:56:367	0	0
2021-03-16 15:44:56:382	0	0
2021-03-16 15:44:57:370	0	0
2021-03-16 15:44:57:382	0	0
2021-03-16 15:44:58:369	0	0
2021-03-16 15:44:58:384	0	0
2021-03-16 15:44:59:371	0	0
2021-03-16 15:44:59:386	0	0
2021-03-16 15:45:00:373	0	0
2021-03-16 15:45:00:388	0	0
2021-03-16 15:45:01:372	0	0
2021-03-16 15:45:01:390	0	0
2021-03-16 15:45:02:375	0	0
2021-03-16 15:45:02:389	0	0
2021-03-16 15:45:03:377	0	0
2021-03-16 15:45:03:391	0	0
2021-03-16 15:45:04:378	0	0
2021-03-16 15:45:04:392	0	0
2021-03-16 15:45:05:378	0	0
2021-03-16 15:45:05:393	0	0
2021-03-16 15:45:06:381	0	0
2021-03-16 15:45:06:395	0	0
2021-03-16 15:45:07:380	0	0
2021-03-16 15:45:07:396	0	0
2021-03-16 15:45:08:383	0	0
2021-03-16 15:45:08:402	0	0
2021-03-16 15:45:09:385	0	0
2021-03-16 15:45:09:398	0	0
2021-03-16 15:45:10:385	0	0
2021-03-16 15:45:10:404	0	0
2021-03-16 15:45:11:386	0	0
2021-03-16 15:45:11:401	0	0
2021-03-16 15:45:12:389	0	0
2021-03-16 15:45:12:402	0	0
2021-03-16 15:45:13:388	0	0
2021-03-16 15:45:13:403	0	0
2021-03-16 15:45:14:390	0	0
2021-03-16 15:45:14:406	0	0
2021-03-16 15:45:15:392	0	0
2021-03-16 15:45:15:406	0	0
2021-03-16 15:45:16:394	0	0
2021-03-16 15:45:16:408	0	0
2021-03-16 15:45:17:393	0	0
2021-03-16 15:45:17:410	0	0
2021-03-16 15:45:18:394	0	0
2021-03-16 15:45:18:412	0	0
2021-03-16 15:45:19:397	0	0
2021-03-16 15:45:19:411	0	0
2021-03-16 15:45:20:398	0	0
2021-03-16 15:45:20:412	0	0
2021-03-16 15:45:21:399	0	0
2021-03-16 15:45:21:414	0	0
2021-03-16 15:45:22:401	0	0
2021-03-16 15:45:22:416	0	0
2021-03-16 15:45:23:403	0	0
2021-03-16 15:45:23:418	0	0
2021-03-16 15:45:24:402	0	0
2021-03-16 15:45:24:418	0	0
2021-03-16 15:45:25:403	0	0
2021-03-16 15:45:25:419	0	0
2021-03-16 15:45:26:407	0	0
2021-03-16 15:45:26:422	0	0
2021-03-16 15:45:27:406	0	0
2021-03-16 15:45:27:424	0	0
2021-03-16 15:45:28:407	0	0
2021-03-16 15:45:28:422	0	0
2021-03-16 15:45:29:410	0	0
2021-03-16 15:45:29:423	0	0
2021-03-16 15:45:30:411	0	0
2021-03-16 15:45:30:425	0	0
2021-03-16 15:45:31:411	0	0
2021-03-16 15:45:31:426	0	0
2021-03-16 15:45:32:412	0	0
2021-03-16 15:45:32:432	0	0
2021-03-16 15:45:33:416	0	0
2021-03-16 15:45:33:427	0	0
2021-03-16 15:45:34:415	0	0
2021-03-16 15:45:34:430	0	0
2021-03-16 15:45:35:417	0	0
2021-03-16 15:45:35:433	0	0
2021-03-16 15:45:36:419	0	0
2021-03-16 15:45:36:432	0	0
2021-03-16 15:45:37:417	0	0
2021-03-16 15:45:37:433	0	0
2021-03-16 15:45:38:420	0	0
2021-03-16 15:45:38:435	0	0
2021-03-16 15:45:39:421	0	0
2021-03-16 15:45:39:436	0	0
2021-03-16 15:45:40:424	0	0
2021-03-16 15:45:40:438	0	0
2021-03-16 15:45:41:424	0	0
2021-03-16 15:45:41:438	0	0
2021-03-16 15:45:42:426	0	0
2021-03-16 15:45:42:440	0	0
2021-03-16 15:45:43:426	0	0
2021-03-16 15:45:43:442	0	0
2021-03-16 15:45:44:428	0	0
2021-03-16 15:45:44:443	0	0
2021-03-16 15:45:45:430	0	0
2021-03-16 15:45:45:443	0	0
2021-03-16 15:45:46:431	0	0
2021-03-16 15:45:46:445	0	0
2021-03-16 15:45:47:433	0	0
2021-03-16 15:45:47:445	0	0
2021-03-16 15:45:48:433	0	0
2021-03-16 15:45:48:447	0	0
2021-03-16 15:45:49:435	0	0
2021-03-16 15:45:49:448	0	0
2021-03-16 15:45:50:436	0	0
2021-03-16 15:45:50:449	0	0
2021-03-16 15:45:51:437	0	0
2021-03-16 15:45:51:452	0	0
2021-03-16 15:45:52:439	0	0
2021-03-16 15:45:52:453	0	0
2021-03-16 15:45:53:439	0	0
2021-03-16 15:45:53:457	0	0
2021-03-16 15:45:54:440	0	0
2021-03-16 15:45:54:456	0	0
2021-03-16 15:45:55:441	0	0
2021-03-16 15:45:55:458	0	0
2021-03-16 15:45:56:443	0	0
2021-03-16 15:45:56:458	0	0
2021-03-16 15:45:57:444	0	0
2021-03-16 15:45:57:461	0	0
2021-03-16 15:45:58:446	0	0
2021-03-16 15:45:58:461	0	0
2021-03-16 15:45:59:447	0	0
2021-03-16 15:45:59:462	0	0
2021-03-16 15:46:00:448	0	0
2021-03-16 15:46:00:463	0	0
2021-03-16 15:46:01:450	0	0
2021-03-16 15:46:01:465	0	0
2021-03-16 15:46:02:451	0	0
2021-03-16 15:46:02:466	0	0
2021-03-16 15:46:03:453	0	0
2021-03-16 15:46:03:468	0	0
2021-03-16 15:46:04:453	0	0
2021-03-16 15:46:04:469	0	0
2021-03-16 15:46:05:456	0	0
2021-03-16 15:46:05:470	0	0
2021-03-16 15:46:06:457	0	0
2021-03-16 15:46:06:472	0	0
2021-03-16 15:46:07:458	0	0
2021-03-16 15:46:07:473	0	0
2021-03-16 15:46:08:460	0	0
2021-03-16 15:46:08:474	0	0
2021-03-16 15:46:09:461	0	0
2021-03-16 15:46:09:475	0	0
2021-03-16 15:46:10:461	0	0
2021-03-16 15:46:10:478	0	0
2021-03-16 15:46:11:463	0	0
2021-03-16 15:46:11:478	0	0
2021-03-16 15:46:12:466	0	0
2021-03-16 15:46:12:480	0	0
2021-03-16 15:46:13:468	0	0
2021-03-16 15:46:13:483	0	0
2021-03-16 15:46:14:468	0	0
2021-03-16 15:46:14:482	0	0
2021-03-16 15:46:15:469	0	0
2021-03-16 15:46:15:484	0	0
2021-03-16 15:46:16:471	0	0
2021-03-16 15:46:16:486	0	0
2021-03-16 15:46:17:471	0	0
2021-03-16 15:46:17:486	0	0
2021-03-16 15:46:18:472	0	0
2021-03-16 15:46:18:488	0	0
2021-03-16 15:46:19:475	0	0
2021-03-16 15:46:19:488	0	0
2021-03-16 15:46:20:475	0	0
2021-03-16 15:46:20:491	0	0
2021-03-16 15:46:21:477	0	0
2021-03-16 15:46:21:511	0	0
2021-03-16 15:46:22:478	0	0
2021-03-16 15:46:22:494	0	0
2021-03-16 15:46:23:480	0	0
2021-03-16 15:46:23:494	0	0
2021-03-16 15:46:24:482	0	0
2021-03-16 15:46:24:496	0	0
2021-03-16 15:46:25:482	0	0
2021-03-16 15:46:25:498	0	0
2021-03-16 15:46:26:484	0	0
2021-03-16 15:46:26:498	0	0
2021-03-16 15:46:27:485	0	0
2021-03-16 15:46:27:500	0	0
2021-03-16 15:46:28:487	0	0
2021-03-16 15:46:28:501	0	0
2021-03-16 15:46:29:487	0	0
2021-03-16 15:46:29:502	0	0
2021-03-16 15:46:30:489	0	0
2021-03-16 15:46:30:505	0	0
2021-03-16 15:46:31:490	0	0
2021-03-16 15:46:31:505	0	0
2021-03-16 15:46:32:492	0	0
2021-03-16 15:46:32:507	0	0
2021-03-16 15:46:33:495	0	0
2021-03-16 15:46:33:508	0	0
2021-03-16 15:46:34:495	0	0
2021-03-16 15:46:34:509	0	0
2021-03-16 15:46:35:496	0	0
2021-03-16 15:46:35:510	0	0
2021-03-16 15:46:36:497	0	0
2021-03-16 15:46:36:512	0	0
2021-03-16 15:46:37:500	0	0
2021-03-16 15:46:37:514	0	0
2021-03-16 15:46:38:500	0	0
2021-03-16 15:46:38:515	0	0
2021-03-16 15:46:39:501	0	0
2021-03-16 15:46:39:516	0	0
2021-03-16 15:46:40:504	0	0
2021-03-16 15:46:40:517	0	0
2021-03-16 15:46:41:504	0	0
2021-03-16 15:46:41:518	0	0
2021-03-16 15:46:42:505	0	0
2021-03-16 15:46:42:564	0	0
2021-03-16 15:46:43:505	0	0
2021-03-16 15:46:43:522	0	0
2021-03-16 15:46:44:509	0	0
2021-03-16 15:46:44:523	0	0
2021-03-16 15:46:45:509	0	0
2021-03-16 15:46:45:525	0	0
2021-03-16 15:46:46:511	0	0
2021-03-16 15:46:46:525	0	0
2021-03-16 15:46:47:512	0	0
2021-03-16 15:46:47:527	0	0
2021-03-16 15:46:48:514	0	0
2021-03-16 15:46:48:528	0	0
2021-03-16 15:46:49:515	0	0
2021-03-16 15:46:49:529	0	0
2021-03-16 15:46:50:515	0	0
2021-03-16 15:46:50:531	0	0
2021-03-16 15:46:51:518	0	0
2021-03-16 15:46:51:533	0	0
2021-03-16 15:46:52:519	0	0
2021-03-16 15:46:52:534	0	0
2021-03-16 15:46:53:522	0	0
2021-03-16 15:46:53:534	0	0
2021-03-16 15:46:54:523	0	0
2021-03-16 15:46:54:885	0	0
2021-03-16 15:46:55:523	0	0
2021-03-16 15:46:55:537	0	0
2021-03-16 15:46:56:526	0	0
2021-03-16 15:46:56:541	0	0
2021-03-16 15:46:57:526	0	0
2021-03-16 15:46:57:540	0	0
2021-03-16 15:46:58:529	0	0
2021-03-16 15:46:58:541	0	0
2021-03-16 15:46:59:528	0	0
2021-03-16 15:46:59:542	0	0
2021-03-16 15:47:00:531	0	0
2021-03-16 15:47:00:544	0	0
2021-03-16 15:47:01:531	0	0
2021-03-16 15:47:01:546	0	0
2021-03-16 15:47:02:533	0	0
2021-03-16 15:47:02:547	0	0
2021-03-16 15:47:03:533	0	0
2021-03-16 15:47:03:549	0	0
2021-03-16 15:47:04:535	0	0
2021-03-16 15:47:04:550	0	0
2021-03-16 15:47:05:535	0	0
2021-03-16 15:47:05:552	0	0
2021-03-16 15:47:06:537	0	0
2021-03-16 15:47:06:552	0	0
2021-03-16 15:47:07:539	0	0
2021-03-16 15:47:07:553	0	0
2021-03-16 15:47:08:539	0	0
2021-03-16 15:47:08:554	0	0
2021-03-16 15:47:09:541	0	0
2021-03-16 15:47:09:556	0	0
2021-03-16 15:47:10:543	0	0
2021-03-16 15:47:10:558	0	0
2021-03-16 15:47:11:544	0	0
2021-03-16 15:47:11:559	0	0
2021-03-16 15:47:12:545	0	0
2021-03-16 15:47:12:560	0	0
2021-03-16 15:47:13:546	0	0
2021-03-16 15:47:13:561	0	0
2021-03-16 15:47:14:548	0	0
2021-03-16 15:47:14:563	0	0
2021-03-16 15:47:15:550	0	0
2021-03-16 15:47:15:565	0	0
2021-03-16 15:47:16:552	0	0
2021-03-16 15:47:16:566	0	0
2021-03-16 15:47:17:553	0	0
2021-03-16 15:47:17:567	0	0
2021-03-16 15:47:18:553	0	0
2021-03-16 15:47:18:569	0	0
2021-03-16 15:47:19:554	0	0
2021-03-16 15:47:19:569	0	0
2021-03-16 15:47:20:557	0	0
2021-03-16 15:47:20:571	0	0
2021-03-16 15:47:21:558	0	0
2021-03-16 15:47:21:573	0	0
2021-03-16 15:47:22:558	0	0
2021-03-16 15:47:22:574	0	0
2021-03-16 15:47:23:560	0	0
2021-03-16 15:47:23:575	0	0
2021-03-16 15:47:24:560	0	0
2021-03-16 15:47:24:577	0	0
2021-03-16 15:47:25:563	0	0
2021-03-16 15:47:25:578	0	0
2021-03-16 15:47:26:565	0	0
2021-03-16 15:47:26:579	0	0
2021-03-16 15:47:27:565	0	0
2021-03-16 15:47:27:580	0	0
2021-03-16 15:47:28:568	0	0
2021-03-16 15:47:28:582	0	0
2021-03-16 15:47:29:568	0	0
2021-03-16 15:47:29:583	0	0
2021-03-16 15:47:30:569	0	0
2021-03-16 15:47:30:586	0	0
2021-03-16 15:47:31:571	0	0
2021-03-16 15:47:31:586	0	0
2021-03-16 15:47:32:571	0	0
2021-03-16 15:47:32:586	0	0
2021-03-16 15:47:33:575	0	0
2021-03-16 15:47:33:589	0	0
2021-03-16 15:47:34:575	0	0
2021-03-16 15:47:34:592	0	0
2021-03-16 15:47:35:576	0	0
2021-03-16 15:47:35:591	0	0
2021-03-16 15:47:36:579	0	0
2021-03-16 15:47:36:592	0	0
2021-03-16 15:47:37:578	0	0
2021-03-16 15:47:37:594	0	0
2021-03-16 15:47:38:582	0	0
2021-03-16 15:47:38:597	0	0
2021-03-16 15:47:39:582	0	0
2021-03-16 15:47:39:596	0	0
2021-03-16 15:47:40:583	0	0
2021-03-16 15:47:40:599	0	0
2021-03-16 15:47:41:584	0	0
2021-03-16 15:47:41:599	0	0
2021-03-16 15:47:42:584	0	0
2021-03-16 15:47:42:600	0	0
2021-03-16 15:47:43:587	0	0
2021-03-16 15:47:43:601	0	0
2021-03-16 15:47:44:590	0	0
2021-03-16 15:47:44:602	0	0
2021-03-16 15:47:45:590	0	0
2021-03-16 15:47:45:604	0	0
2021-03-16 15:47:46:590	0	0
2021-03-16 15:47:46:605	0	0
2021-03-16 15:47:47:591	0	0
2021-03-16 15:47:47:607	0	0
2021-03-16 15:47:48:594	0	0
2021-03-16 15:47:48:608	0	0
2021-03-16 15:47:49:596	0	0
2021-03-16 15:47:49:610	0	0
2021-03-16 15:47:50:596	0	0
2021-03-16 15:47:50:611	0	0
2021-03-16 15:47:51:598	0	0
2021-03-16 15:47:51:614	0	0
2021-03-16 15:47:52:598	0	0
2021-03-16 15:47:52:614	0	0
2021-03-16 15:47:53:601	0	0
2021-03-16 15:47:53:614	0	0
2021-03-16 15:47:54:602	0	0
2021-03-16 15:47:54:616	0	0
2021-03-16 15:47:55:603	0	0
2021-03-16 15:47:55:618	0	0
2021-03-16 15:47:56:605	0	0
2021-03-16 15:47:56:619	0	0
2021-03-16 15:47:57:605	0	0
2021-03-16 15:47:57:620	0	0
2021-03-16 15:47:58:606	0	0
2021-03-16 15:47:58:622	0	0
2021-03-16 15:47:59:608	0	0
2021-03-16 15:47:59:687	0	0
2021-03-16 15:48:00:610	0	0
2021-03-16 15:48:00:624	0	0
2021-03-16 15:48:01:610	0	0
2021-03-16 15:48:01:626	0	0
2021-03-16 15:48:02:612	0	0
2021-03-16 15:48:02:628	0	0
2021-03-16 15:48:03:613	0	0
2021-03-16 15:48:03:628	0	0
2021-03-16 15:48:04:614	0	0
2021-03-16 15:48:04:631	0	0
2021-03-16 15:48:05:617	0	0
2021-03-16 15:48:05:631	0	0
2021-03-16 15:48:06:617	0	0
2021-03-16 15:48:06:632	0	0
2021-03-16 15:48:07:618	0	0
2021-03-16 15:48:07:633	0	0
2021-03-16 15:48:08:622	0	0
2021-03-16 15:48:08:636	0	0
2021-03-16 15:48:09:622	0	0
2021-03-16 15:48:09:635	0	0
2021-03-16 15:48:10:624	0	0
2021-03-16 15:48:10:638	0	0
2021-03-16 15:48:11:624	0	0
2021-03-16 15:48:11:640	0	0
2021-03-16 15:48:12:625	0	0
2021-03-16 15:48:12:640	0	0
2021-03-16 15:48:13:628	0	0
2021-03-16 15:48:13:642	0	0
2021-03-16 15:48:14:629	0	0
2021-03-16 15:48:14:644	0	0
2021-03-16 15:48:15:631	0	0
2021-03-16 15:48:15:649	0	0
2021-03-16 15:48:16:630	0	0
2021-03-16 15:48:16:646	0	0
2021-03-16 15:48:17:631	0	0
2021-03-16 15:48:17:647	0	0
2021-03-16 15:48:18:633	0	0
2021-03-16 15:48:18:648	0	0
2021-03-16 15:48:19:635	0	0
2021-03-16 15:48:19:650	0	0
2021-03-16 15:48:20:638	0	0
2021-03-16 15:48:20:652	0	0
2021-03-16 15:48:21:640	0	0
2021-03-16 15:48:21:652	0	0
2021-03-16 15:48:22:639	0	0
2021-03-16 15:48:22:654	0	0
2021-03-16 15:48:23:639	0	0
2021-03-16 15:48:23:657	0	0
2021-03-16 15:48:24:643	0	0
2021-03-16 15:48:24:657	0	0
2021-03-16 15:48:25:642	0	0
2021-03-16 15:48:25:658	0	0
2021-03-16 15:48:26:644	0	0
2021-03-16 15:48:26:659	0	0
2021-03-16 15:48:27:646	0	0
2021-03-16 15:48:27:661	0	0
2021-03-16 15:48:28:648	0	0
2021-03-16 15:48:28:662	0	0
2021-03-16 15:48:29:649	0	0
2021-03-16 15:48:29:664	0	0
2021-03-16 15:48:30:650	0	0
2021-03-16 15:48:30:665	0	0
2021-03-16 15:48:31:651	0	0
2021-03-16 15:48:31:865	0	0
2021-03-16 15:48:32:653	0	0
2021-03-16 15:48:32:668	0	0
2021-03-16 15:48:33:655	0	0
2021-03-16 15:48:33:670	0	0
2021-03-16 15:48:34:656	0	0
2021-03-16 15:48:34:671	0	0
2021-03-16 15:48:35:658	0	0
2021-03-16 15:48:35:672	0	0
2021-03-16 15:48:36:659	0	0
2021-03-16 15:48:36:674	0	0
2021-03-16 15:48:37:660	0	0
2021-03-16 15:48:37:674	0	0
2021-03-16 15:48:38:663	0	0
2021-03-16 15:48:38:676	0	0
2021-03-16 15:48:39:664	0	0
2021-03-16 15:48:39:677	0	0
2021-03-16 15:48:40:666	0	0
2021-03-16 15:48:40:679	0	0
2021-03-16 15:48:41:665	0	0
2021-03-16 15:48:41:681	0	0
2021-03-16 15:48:42:666	0	0
2021-03-16 15:48:42:681	0	0
2021-03-16 15:48:43:669	0	0
2021-03-16 15:48:43:683	0	0
2021-03-16 15:48:44:669	0	0
2021-03-16 15:48:44:684	0	0
2021-03-16 15:48:45:671	0	0
2021-03-16 15:48:45:691	0	0
2021-03-16 15:48:46:674	0	0
2021-03-16 15:48:46:687	0	0
2021-03-16 15:48:47:674	0	0
2021-03-16 15:48:47:688	0	0
2021-03-16 15:48:48:676	0	0
2021-03-16 15:48:48:690	0	0
2021-03-16 15:48:49:677	0	0
2021-03-16 15:48:49:691	0	0
2021-03-16 15:48:50:677	0	0
2021-03-16 15:48:50:693	0	0
2021-03-16 15:48:51:678	0	0
2021-03-16 15:48:51:694	0	0
2021-03-16 15:48:52:680	0	0
2021-03-16 15:48:52:696	0	0
2021-03-16 15:48:53:684	0	0
2021-03-16 15:48:53:697	0	0
2021-03-16 15:48:54:685	0	0
2021-03-16 15:48:54:698	0	0
2021-03-16 15:48:55:685	0	0
2021-03-16 15:48:55:700	0	0
2021-03-16 15:48:56:687	0	0
2021-03-16 15:48:56:701	0	0
2021-03-16 15:48:57:688	0	0
2021-03-16 15:48:57:702	0	0
2021-03-16 15:48:58:688	0	0
2021-03-16 15:48:58:704	0	0
2021-03-16 15:48:59:690	0	0
2021-03-16 15:48:59:706	0	0
2021-03-16 15:49:00:692	0	0
2021-03-16 15:49:00:707	0	0
2021-03-16 15:49:01:694	0	0
2021-03-16 15:49:01:709	0	0
2021-03-16 15:49:02:696	0	0
2021-03-16 15:49:02:715	0	0
2021-03-16 15:49:03:697	0	0
2021-03-16 15:49:04:359	0	0
2021-03-16 15:49:04:698	0	0
2021-03-16 15:49:04:713	0	0
2021-03-16 15:49:05:700	0	0
2021-03-16 15:49:05:713	0	0
2021-03-16 15:49:06:700	0	0
2021-03-16 15:49:06:717	0	0
2021-03-16 15:49:07:701	0	0
2021-03-16 15:49:07:716	0	0
2021-03-16 15:49:08:703	0	0
2021-03-16 15:49:08:718	0	0
2021-03-16 15:49:09:706	0	0
2021-03-16 15:49:09:720	0	0
2021-03-16 15:49:10:707	0	0
2021-03-16 15:49:10:721	0	0
2021-03-16 15:49:11:707	0	0
2021-03-16 15:49:11:722	0	0
2021-03-16 15:49:12:709	0	0
2021-03-16 15:49:12:723	0	0
2021-03-16 15:49:13:711	0	0
2021-03-16 15:49:13:725	0	0
2021-03-16 15:49:14:710	0	0
2021-03-16 15:49:14:726	0	0
2021-03-16 15:49:15:714	0	0
2021-03-16 15:49:15:729	0	0
2021-03-16 15:49:16:713	0	0
2021-03-16 15:49:16:729	0	0
2021-03-16 15:49:17:717	0	0
2021-03-16 15:49:17:731	0	0
2021-03-16 15:49:18:717	0	0
2021-03-16 15:49:18:732	0	0
2021-03-16 15:49:19:719	0	0
2021-03-16 15:49:19:734	0	0
2021-03-16 15:49:20:719	0	0
2021-03-16 15:49:20:734	0	0
2021-03-16 15:49:21:723	0	0
2021-03-16 15:49:21:736	0	0
2021-03-16 15:49:22:723	0	0
2021-03-16 15:49:22:738	0	0
2021-03-16 15:49:23:725	0	0
2021-03-16 15:49:23:740	0	0
2021-03-16 15:49:24:727	0	0
2021-03-16 15:49:24:741	0	0
2021-03-16 15:49:25:727	0	0
2021-03-16 15:49:25:743	0	0
2021-03-16 15:49:26:730	0	0
2021-03-16 15:49:26:745	0	0
2021-03-16 15:49:27:731	0	0
2021-03-16 15:49:27:745	0	0
2021-03-16 15:49:28:732	0	0
2021-03-16 15:49:28:747	0	0
2021-03-16 15:49:29:732	0	0
2021-03-16 15:49:29:749	0	0
2021-03-16 15:49:30:735	0	0
2021-03-16 15:49:30:750	0	0
2021-03-16 15:49:31:736	0	0
2021-03-16 15:49:31:751	0	0
2021-03-16 15:49:32:737	0	0
2021-03-16 15:49:32:753	0	0
2021-03-16 15:49:33:737	0	0
2021-03-16 15:49:33:753	0	0
2021-03-16 15:49:34:741	0	0
2021-03-16 15:49:34:755	0	0
2021-03-16 15:49:35:741	0	0
2021-03-16 15:49:35:756	0	0
2021-03-16 15:49:36:742	0	0
2021-03-16 15:49:36:759	0	0
2021-03-16 15:49:38:318	0	0
2021-03-16 15:49:38:336	0	0
2021-03-16 15:49:38:746	0	0
2021-03-16 15:49:38:766	0	0
2021-03-16 15:49:39:748	0	0
2021-03-16 15:49:39:761	0	0
2021-03-16 15:49:40:748	0	0
2021-03-16 15:49:40:763	0	0
2021-03-16 15:49:41:750	0	0
2021-03-16 15:49:41:763	0	0
2021-03-16 15:49:42:752	0	0
2021-03-16 15:49:42:771	0	0
2021-03-16 15:49:43:753	0	0
2021-03-16 15:49:43:767	0	0
2021-03-16 15:49:44:753	0	0
2021-03-16 15:49:44:771	0	0
2021-03-16 15:49:45:754	0	0
2021-03-16 15:49:45:769	0	0
2021-03-16 15:49:46:756	0	0
2021-03-16 15:49:46:771	0	0
2021-03-16 15:49:47:756	0	0
2021-03-16 15:49:47:771	0	0
2021-03-16 15:49:48:758	0	0
2021-03-16 15:49:48:772	0	0
2021-03-16 15:49:49:759	0	0
2021-03-16 15:49:49:774	0	0
2021-03-16 15:49:50:762	0	0
2021-03-16 15:49:50:774	0	0
2021-03-16 15:49:51:763	0	0
2021-03-16 15:49:51:777	0	0
2021-03-16 15:49:52:763	0	0
2021-03-16 15:49:52:782	0	0
2021-03-16 15:49:53:764	0	0
2021-03-16 15:49:53:779	0	0
2021-03-16 15:49:54:779	0	0
2021-03-16 15:49:54:784	0	0
2021-03-16 15:49:55:767	0	0
2021-03-16 15:49:55:782	0	0
2021-03-16 15:49:56:769	0	0
2021-03-16 15:49:56:783	0	0
2021-03-16 15:49:57:769	0	0
2021-03-16 15:49:57:785	0	0
2021-03-16 15:49:58:772	0	0
2021-03-16 15:49:58:785	0	0
2021-03-16 15:49:59:771	0	0
2021-03-16 15:49:59:787	0	0
2021-03-16 15:50:00:774	0	0
2021-03-16 15:50:00:788	0	0
2021-03-16 15:50:01:775	0	0
2021-03-16 15:50:01:789	0	0
2021-03-16 15:50:02:778	0	0
2021-03-16 15:50:02:791	0	0
2021-03-16 15:50:03:778	0	0
2021-03-16 15:50:03:798	0	0
2021-03-16 15:50:04:780	0	0
2021-03-16 15:50:04:794	0	0
2021-03-16 15:50:05:781	0	0
2021-03-16 15:50:05:795	0	0
2021-03-16 15:50:06:784	0	0
2021-03-16 15:50:06:797	0	0
2021-03-16 15:50:07:783	0	0
2021-03-16 15:50:07:803	0	0
2021-03-16 15:50:08:785	0	0
2021-03-16 15:50:08:860	0	0
2021-03-16 15:50:09:785	0	0
2021-03-16 15:50:09:800	0	0
2021-03-16 15:50:10:787	0	0
2021-03-16 15:50:10:801	0	0
2021-03-16 15:50:11:790	0	0
2021-03-16 15:50:11:803	0	0
2021-03-16 15:50:12:790	0	0
2021-03-16 15:50:12:805	0	0
2021-03-16 15:50:13:791	0	0
2021-03-16 15:50:13:806	0	0
2021-03-16 15:50:14:792	0	0
2021-03-16 15:50:14:807	0	0
2021-03-16 15:50:15:794	0	0
2021-03-16 15:50:15:809	0	0
2021-03-16 15:50:16:794	0	0
2021-03-16 15:50:16:810	0	0
2021-03-16 15:50:17:798	0	0
2021-03-16 15:50:17:816	0	0
2021-03-16 15:50:18:799	0	0
2021-03-16 15:50:18:811	0	0
2021-03-16 15:50:19:799	0	0
2021-03-16 15:50:19:814	0	0
2021-03-16 15:50:20:800	0	0
2021-03-16 15:50:20:814	0	0
2021-03-16 15:50:21:801	0	0
2021-03-16 15:50:21:816	0	0
2021-03-16 15:50:22:802	0	0
2021-03-16 15:50:22:817	0	0
2021-03-16 15:50:23:805	0	0
2021-03-16 15:50:23:819	0	0
2021-03-16 15:50:24:806	0	0
2021-03-16 15:50:24:821	0	0
2021-03-16 15:50:25:807	0	0
2021-03-16 15:50:25:821	0	0
2021-03-16 15:50:26:807	0	0
2021-03-16 15:50:26:823	0	0
2021-03-16 15:50:27:809	0	0
2021-03-16 15:50:27:823	0	0
2021-03-16 15:50:28:812	0	0
2021-03-16 15:50:28:826	0	0
2021-03-16 15:50:29:812	0	0
2021-03-16 15:50:29:827	0	0
2021-03-16 15:50:30:813	0	0
2021-03-16 15:50:30:828	0	0
2021-03-16 15:50:31:815	0	0
2021-03-16 15:50:31:829	0	0
2021-03-16 15:50:32:815	0	0
2021-03-16 15:50:32:830	0	0
2021-03-16 15:50:33:818	0	0
2021-03-16 15:50:33:837	0	0
2021-03-16 15:50:34:819	0	0
2021-03-16 15:50:34:833	0	0
2021-03-16 15:50:35:819	0	0
2021-03-16 15:50:35:836	0	0
2021-03-16 15:50:36:820	0	0
2021-03-16 15:50:36:836	0	0
2021-03-16 15:50:37:823	0	0
2021-03-16 15:50:37:837	0	0
2021-03-16 15:50:38:825	0	0
2021-03-16 15:50:38:839	0	0
2021-03-16 15:50:39:826	0	0
2021-03-16 15:50:39:845	0	0
2021-03-16 15:50:40:829	0	0
2021-03-16 15:50:40:844	0	0
2021-03-16 15:50:41:829	0	0
2021-03-16 15:50:41:842	0	0
2021-03-16 15:50:42:830	0	0
2021-03-16 15:50:42:844	0	0
2021-03-16 15:50:43:831	0	0
2021-03-16 15:50:43:849	0	0
2021-03-16 15:50:44:833	0	0
2021-03-16 15:50:44:847	0	0
2021-03-16 15:50:45:834	0	0
2021-03-16 15:50:45:854	0	0
2021-03-16 15:50:46:835	0	0
2021-03-16 15:50:46:850	0	0
2021-03-16 15:50:47:837	0	0
2021-03-16 15:50:47:852	0	0
2021-03-16 15:50:48:838	0	0
2021-03-16 15:50:48:853	0	0
2021-03-16 15:50:49:840	0	0
2021-03-16 15:50:49:854	0	0
2021-03-16 15:50:50:841	0	0
2021-03-16 15:50:50:861	0	0
2021-03-16 15:50:51:841	0	0
2021-03-16 15:50:51:856	0	0
2021-03-16 15:50:52:843	0	0
2021-03-16 15:50:52:859	0	0
2021-03-16 15:50:53:845	0	0
2021-03-16 15:50:53:859	0	0
2021-03-16 15:50:54:845	0	0
2021-03-16 15:50:54:861	0	0
2021-03-16 15:50:55:848	0	0
2021-03-16 15:50:55:861	0	0
2021-03-16 15:50:56:848	0	0
2021-03-16 15:50:56:863	0	0
2021-03-16 15:50:57:850	0	0
2021-03-16 15:50:57:865	0	0
2021-03-16 15:50:58:851	0	0
2021-03-16 15:50:58:871	0	0
2021-03-16 15:50:59:852	0	0
2021-03-16 15:50:59:871	0	0
2021-03-16 15:51:00:855	0	0
2021-03-16 15:51:00:869	0	0
2021-03-16 15:51:01:856	0	0
2021-03-16 15:51:01:871	0	0
2021-03-16 15:51:02:858	0	0
2021-03-16 15:51:02:871	0	0
2021-03-16 15:51:03:857	0	0
2021-03-16 15:51:03:873	0	0
2021-03-16 15:51:04:859	0	0
2021-03-16 15:51:04:874	0	0
2021-03-16 15:51:05:862	0	0
2021-03-16 15:51:05:876	0	0
2021-03-16 15:51:06:863	0	0
2021-03-16 15:51:06:877	0	0
2021-03-16 15:51:07:863	0	0
2021-03-16 15:51:07:877	0	0
2021-03-16 15:51:08:863	0	0
2021-03-16 15:51:08:878	0	0
2021-03-16 15:51:09:866	0	0
2021-03-16 15:51:09:880	0	0
2021-03-16 15:51:10:866	0	0
2021-03-16 15:51:10:882	0	0
2021-03-16 15:51:11:868	0	0
2021-03-16 15:51:11:882	0	0
2021-03-16 15:51:12:869	0	0
2021-03-16 15:51:12:884	0	0
2021-03-16 15:51:13:870	0	0
2021-03-16 15:51:13:885	0	0
2021-03-16 15:51:14:871	0	0
2021-03-16 15:51:14:886	0	0
2021-03-16 15:51:15:873	0	0
2021-03-16 15:51:15:887	0	0
2021-03-16 15:51:16:874	0	0
2021-03-16 15:51:16:888	0	0
2021-03-16 15:51:17:874	0	0
2021-03-16 15:51:17:890	0	0
2021-03-16 15:51:18:876	0	0
2021-03-16 15:51:18:890	0	0
2021-03-16 15:51:19:878	0	0
2021-03-16 15:51:19:892	0	0
2021-03-16 15:51:20:879	0	0
2021-03-16 15:51:20:893	0	0
2021-03-16 15:51:21:880	0	0
2021-03-16 15:51:21:894	0	0
2021-03-16 15:51:22:882	0	0
2021-03-16 15:51:22:895	0	0
2021-03-16 15:51:23:883	0	0
2021-03-16 15:51:23:896	0	0
2021-03-16 15:51:24:884	0	0
2021-03-16 15:51:24:898	0	0
2021-03-16 15:51:25:885	0	0
2021-03-16 15:51:25:899	0	0
2021-03-16 15:51:26:887	0	0
2021-03-16 15:51:26:902	0	0
2021-03-16 15:51:27:888	0	0
2021-03-16 15:51:27:901	0	0
2021-03-16 15:51:28:889	0	0
2021-03-16 15:51:28:904	0	0
2021-03-16 15:51:29:890	0	0
2021-03-16 15:51:29:905	0	0
2021-03-16 15:51:30:892	0	0
2021-03-16 15:51:30:906	0	0
2021-03-16 15:51:31:893	0	0
2021-03-16 15:51:31:910	0	0
2021-03-16 15:51:32:897	0	0
2021-03-16 15:51:32:908	0	0
2021-03-16 15:51:33:896	0	0
2021-03-16 15:51:33:910	0	0
2021-03-16 15:51:34:898	0	0
2021-03-16 15:51:34:911	0	0
2021-03-16 15:51:35:898	0	0
2021-03-16 15:51:35:913	0	0
2021-03-16 15:51:36:901	0	0
2021-03-16 15:51:36:916	0	0
2021-03-16 15:51:37:900	0	0
2021-03-16 15:51:37:915	0	0
2021-03-16 15:51:38:902	0	0
2021-03-16 15:51:38:916	0	0
2021-03-16 15:51:39:903	0	0
2021-03-16 15:51:39:918	0	0
2021-03-16 15:51:40:904	0	0
2021-03-16 15:51:40:923	0	0
2021-03-16 15:51:41:904	0	0
2021-03-16 15:51:41:920	0	0
2021-03-16 15:51:42:907	0	0
2021-03-16 15:51:42:922	0	0
2021-03-16 15:51:43:909	0	0
2021-03-16 15:51:43:923	0	0
2021-03-16 15:51:44:911	0	0
2021-03-16 15:51:44:925	0	0
2021-03-16 15:51:45:912	0	0
2021-03-16 15:51:45:927	0	0
2021-03-16 15:51:46:912	0	0
2021-03-16 15:51:46:927	0	0
2021-03-16 15:51:47:915	0	0
2021-03-16 15:51:47:937	0	0
2021-03-16 15:51:48:915	0	0
2021-03-16 15:51:48:930	0	0
2021-03-16 15:51:49:918	0	0
2021-03-16 15:51:49:932	0	0
2021-03-16 15:51:50:918	0	0
2021-03-16 15:51:50:934	0	0
2021-03-16 15:51:51:919	0	0
2021-03-16 15:51:51:935	0	0
2021-03-16 15:51:52:923	0	0
2021-03-16 15:51:52:939	0	0
2021-03-16 15:51:53:922	0	0
2021-03-16 15:51:53:937	0	0
2021-03-16 15:51:54:924	0	0
2021-03-16 15:51:54:944	0	0
2021-03-16 15:51:55:926	0	0
2021-03-16 15:51:55:940	0	0
2021-03-16 15:51:56:927	0	0
2021-03-16 15:51:56:941	0	0
2021-03-16 15:51:57:928	0	0
2021-03-16 15:51:57:944	0	0
2021-03-16 15:51:58:930	0	0
2021-03-16 15:51:58:945	0	0
2021-03-16 15:51:59:931	0	0
2021-03-16 15:51:59:946	0	0
2021-03-16 15:52:00:931	0	0
2021-03-16 15:52:00:947	0	0
2021-03-16 15:52:01:933	0	0
2021-03-16 15:52:01:948	0	0
2021-03-16 15:52:02:935	0	0
2021-03-16 15:52:02:950	0	0
2021-03-16 15:52:03:937	0	0
2021-03-16 15:52:03:956	0	0
2021-03-16 15:52:04:937	0	0
2021-03-16 15:52:04:953	0	0
2021-03-16 15:52:05:939	0	0
2021-03-16 15:52:05:956	0	0
2021-03-16 15:52:06:942	0	0
2021-03-16 15:52:06:957	0	0
2021-03-16 15:52:07:944	0	0
2021-03-16 15:52:07:957	0	0
2021-03-16 15:52:08:944	0	0
2021-03-16 15:52:08:960	0	0
2021-03-16 15:52:09:945	0	0
2021-03-16 15:52:09:960	0	0
2021-03-16 15:52:10:946	0	0
2021-03-16 15:52:10:962	0	0
2021-03-16 15:52:11:948	0	0
2021-03-16 15:52:11:968	0	0
2021-03-16 15:52:12:950	0	0
2021-03-16 15:52:12:966	0	0
2021-03-16 15:52:13:951	0	0
2021-03-16 15:52:13:965	0	0
2021-03-16 15:52:14:952	0	0
2021-03-16 15:52:14:967	0	0
2021-03-16 15:52:15:954	0	0
2021-03-16 15:52:15:968	0	0
2021-03-16 15:52:16:954	0	0
2021-03-16 15:52:16:971	0	0
2021-03-16 15:52:17:958	0	0
2021-03-16 15:52:17:973	0	0
2021-03-16 15:52:18:959	0	0
2021-03-16 15:52:18:974	0	0
2021-03-16 15:52:19:958	0	0
2021-03-16 15:52:19:974	0	0
2021-03-16 15:52:20:960	0	0
2021-03-16 15:52:20:976	0	0
2021-03-16 15:52:21:962	0	0
2021-03-16 15:52:21:976	0	0
2021-03-16 15:52:22:962	0	0
2021-03-16 15:52:22:978	0	0
2021-03-16 15:52:23:964	0	0
2021-03-16 15:52:23:979	0	0
2021-03-16 15:52:24:966	0	0
2021-03-16 15:52:24:982	0	0
2021-03-16 15:52:25:967	0	0
2021-03-16 15:52:25:982	0	0
2021-03-16 15:52:26:969	0	0
2021-03-16 15:52:26:984	0	0
2021-03-16 15:52:27:970	0	0
2021-03-16 15:52:27:985	0	0
2021-03-16 15:52:28:974	0	0
2021-03-16 15:52:28:989	0	0
2021-03-16 15:52:29:973	0	0
2021-03-16 15:52:29:992	0	0
2021-03-16 15:52:30:974	0	0
2021-03-16 15:52:30:989	0	0
2021-03-16 15:52:31:975	0	0
2021-03-16 15:52:31:990	0	0
2021-03-16 15:52:32:978	0	0
2021-03-16 15:52:32:993	0	0
2021-03-16 15:52:33:979	0	0
2021-03-16 15:52:33:993	0	0
2021-03-16 15:52:34:981	0	0
2021-03-16 15:52:34:996	0	0
2021-03-16 15:52:35:981	0	0
2021-03-16 15:52:35:996	0	0
2021-03-16 15:52:36:983	0	0
2021-03-16 15:52:36:999	0	0
2021-03-16 15:52:37:985	0	0
2021-03-16 15:52:37:999	0	0
2021-03-16 15:52:38:986	0	0
2021-03-16 15:52:39:002	0	0
2021-03-16 15:52:39:989	0	0
2021-03-16 15:52:40:002	0	0
2021-03-16 15:52:40:989	0	0
2021-03-16 15:52:41:004	0	0
2021-03-16 15:52:41:990	0	0
2021-03-16 15:52:42:005	0	0
2021-03-16 15:52:42:993	0	0
2021-03-16 15:52:43:006	0	0
2021-03-16 15:52:43:994	0	0
2021-03-16 15:52:44:009	0	0
2021-03-16 15:52:44:995	0	0
2021-03-16 15:52:45:009	0	0
2021-03-16 15:52:45:997	0	0
2021-03-16 15:52:46:011	0	0
2021-03-16 15:52:46:998	0	0
2021-03-16 15:52:47:013	0	0
2021-03-16 15:52:47:999	0	0
2021-03-16 15:52:48:013	0	0
2021-03-16 15:52:49:001	0	0
2021-03-16 15:52:49:015	0	0
2021-03-16 15:52:50:001	0	0
2021-03-16 15:52:50:017	0	0
2021-03-16 15:52:51:003	0	0
2021-03-16 15:52:51:018	0	0
2021-03-16 15:52:52:004	0	0
2021-03-16 15:52:52:021	0	0
2021-03-16 15:52:53:006	0	0
2021-03-16 15:52:53:020	0	0
2021-03-16 15:52:54:006	0	0
2021-03-16 15:52:54:022	0	0
2021-03-16 15:52:55:009	0	0
2021-03-16 15:52:55:025	0	0
2021-03-16 15:52:56:010	0	0
2021-03-16 15:52:56:024	0	0
2021-03-16 15:52:57:011	0	0
2021-03-16 15:52:57:026	0	0
2021-03-16 15:52:58:013	0	0
2021-03-16 15:52:58:028	0	0
2021-03-16 15:52:59:014	0	0
2021-03-16 15:52:59:028	0	0
2021-03-16 15:53:00:015	0	0
2021-03-16 15:53:00:030	0	0
2021-03-16 15:53:01:016	0	0
2021-03-16 15:53:01:031	0	0
2021-03-16 15:53:02:018	0	0
2021-03-16 15:53:02:037	0	0
2021-03-16 15:53:03:018	0	0
2021-03-16 15:53:03:035	0	0
2021-03-16 15:53:04:022	0	0
2021-03-16 15:53:04:038	0	0
2021-03-16 15:53:05:023	0	0
2021-03-16 15:53:05:037	0	0
2021-03-16 15:53:06:023	0	0
2021-03-16 15:53:06:039	0	0
2021-03-16 15:53:07:026	0	0
2021-03-16 15:53:07:039	0	0
2021-03-16 15:53:08:027	0	0
2021-03-16 15:53:08:040	0	0
2021-03-16 15:53:09:028	0	0
2021-03-16 15:53:09:047	0	0
2021-03-16 15:53:10:029	0	0
2021-03-16 15:53:10:044	0	0
2021-03-16 15:53:11:032	0	0
2021-03-16 15:53:11:047	0	0
2021-03-16 15:53:12:031	0	0
2021-03-16 15:53:12:046	0	0
2021-03-16 15:53:13:033	0	0
2021-03-16 15:53:13:049	0	0
2021-03-16 15:53:14:035	0	0
2021-03-16 15:53:14:049	0	0
2021-03-16 15:53:15:037	0	0
2021-03-16 15:53:15:054	0	0
2021-03-16 15:53:16:036	0	0
2021-03-16 15:53:16:052	0	0
2021-03-16 15:53:17:039	0	0
2021-03-16 15:53:17:053	0	0
2021-03-16 15:53:18:041	0	0
2021-03-16 15:53:18:053	0	0
2021-03-16 15:53:19:041	0	0
2021-03-16 15:53:19:056	0	0
2021-03-16 15:53:20:042	0	0
2021-03-16 15:53:20:059	0	0
2021-03-16 15:53:21:044	0	0
2021-03-16 15:53:21:059	0	0
2021-03-16 15:53:22:043	0	0
2021-03-16 15:53:22:059	0	0
2021-03-16 15:53:23:047	0	0
2021-03-16 15:53:23:061	0	0
2021-03-16 15:53:24:048	0	0
2021-03-16 15:53:24:063	0	0
2021-03-16 15:53:25:048	0	0
2021-03-16 15:53:25:064	0	0
2021-03-16 15:53:26:051	0	0
2021-03-16 15:53:26:065	0	0
2021-03-16 15:53:27:051	0	0
2021-03-16 15:53:27:066	0	0
2021-03-16 15:53:28:053	0	0
2021-03-16 15:53:28:066	0	0
2021-03-16 15:53:29:054	0	0
2021-03-16 15:53:29:069	0	0
2021-03-16 15:53:30:054	0	0
2021-03-16 15:53:30:069	0	0
2021-03-16 15:53:31:056	0	0
2021-03-16 15:53:31:070	0	0
2021-03-16 15:53:32:057	0	0
2021-03-16 15:53:32:072	0	0
2021-03-16 15:53:33:059	0	0
2021-03-16 15:53:33:074	0	0
2021-03-16 15:53:34:060	0	0
2021-03-16 15:53:34:074	0	0
2021-03-16 15:53:35:061	0	0
2021-03-16 15:53:35:076	0	0
2021-03-16 15:53:36:063	0	0
2021-03-16 15:53:36:076	0	0
2021-03-16 15:53:37:064	0	0
2021-03-16 15:53:37:079	0	0
2021-03-16 15:53:38:067	0	0
2021-03-16 15:53:38:080	0	0
2021-03-16 15:53:39:066	0	0
2021-03-16 15:53:39:081	0	0
2021-03-16 15:53:40:067	0	0
2021-03-16 15:53:40:083	0	0
2021-03-16 15:53:41:069	0	0
2021-03-16 15:53:41:088	0	0
2021-03-16 15:53:42:072	0	0
2021-03-16 15:53:42:087	0	0
2021-03-16 15:53:43:072	0	0
2021-03-16 15:53:43:086	0	0
2021-03-16 15:53:44:073	0	0
2021-03-16 15:53:44:088	0	0
2021-03-16 15:53:45:075	0	0
2021-03-16 15:53:45:088	0	0
2021-03-16 15:53:46:078	0	0
2021-03-16 15:53:46:092	0	0
2021-03-16 15:53:47:077	0	0
2021-03-16 15:53:47:096	0	0
2021-03-16 15:53:48:079	0	0
2021-03-16 15:53:48:093	0	0
2021-03-16 15:53:49:080	0	0
2021-03-16 15:53:49:095	0	0
2021-03-16 15:53:50:081	0	0
2021-03-16 15:53:50:096	0	0
2021-03-16 15:53:51:084	0	0
2021-03-16 15:53:51:098	0	0
2021-03-16 15:53:52:084	0	0
2021-03-16 15:53:52:099	0	0
2021-03-16 15:53:53:086	0	0
2021-03-16 15:53:53:100	0	0
2021-03-16 15:53:54:086	0	0
2021-03-16 15:53:54:101	0	0
2021-03-16 15:53:55:088	0	0
2021-03-16 15:53:55:102	0	0
2021-03-16 15:53:56:091	0	0
2021-03-16 15:53:56:106	0	0
2021-03-16 15:53:57:091	0	0
2021-03-16 15:53:57:105	0	0
2021-03-16 15:53:58:091	0	0
2021-03-16 15:53:58:107	0	0
2021-03-16 15:53:59:092	0	0
2021-03-16 15:53:59:108	0	0
2021-03-16 15:54:00:094	0	0
2021-03-16 15:54:00:109	0	0
2021-03-16 15:54:01:097	0	0
2021-03-16 15:54:01:111	0	0
2021-03-16 15:54:02:097	0	0
2021-03-16 15:54:02:112	0	0
2021-03-16 15:54:03:098	0	0
2021-03-16 15:54:03:114	0	0
2021-03-16 15:54:04:103	0	0
2021-03-16 15:54:04:115	0	0
2021-03-16 15:54:05:102	0	0
2021-03-16 15:54:05:116	0	0
2021-03-16 15:54:06:103	0	0
2021-03-16 15:54:06:117	0	0
2021-03-16 15:54:07:103	0	0
2021-03-16 15:54:07:119	0	0
2021-03-16 15:54:08:108	0	0
2021-03-16 15:54:08:119	0	0
2021-03-16 15:54:09:108	0	0
2021-03-16 15:54:09:121	0	0
2021-03-16 15:54:10:108	0	0
2021-03-16 15:54:10:123	0	0
2021-03-16 15:54:11:109	0	0
2021-03-16 15:54:11:124	0	0
2021-03-16 15:54:12:110	0	0
2021-03-16 15:54:12:124	0	0
2021-03-16 15:54:13:110	0	0
2021-03-16 15:54:13:127	0	0
2021-03-16 15:54:14:111	0	0
2021-03-16 15:54:14:129	0	0
2021-03-16 15:54:15:115	0	0
2021-03-16 15:54:15:128	0	0
2021-03-16 15:54:16:114	0	0
2021-03-16 15:54:16:130	0	0
2021-03-16 15:54:17:117	0	0
2021-03-16 15:54:17:130	0	0
2021-03-16 15:54:18:117	0	0
2021-03-16 15:54:18:132	0	0
2021-03-16 15:54:19:120	0	0
2021-03-16 15:54:19:134	0	0
2021-03-16 15:54:20:120	0	0
2021-03-16 15:54:20:134	0	0
2021-03-16 15:54:21:121	0	0
2021-03-16 15:54:21:138	0	0
2021-03-16 15:54:22:121	0	0
2021-03-16 15:54:22:138	0	0
2021-03-16 15:54:23:123	0	0
2021-03-16 15:54:23:138	0	0
2021-03-16 15:54:24:125	0	0
2021-03-16 15:54:24:139	0	0
2021-03-16 15:54:25:127	0	0
2021-03-16 15:54:25:140	0	0
2021-03-16 15:54:26:128	0	0
2021-03-16 15:54:26:142	0	0
2021-03-16 15:54:27:128	0	0
2021-03-16 15:54:27:143	0	0
2021-03-16 15:54:28:131	0	0
2021-03-16 15:54:28:145	0	0
2021-03-16 15:54:29:131	0	0
2021-03-16 15:54:29:147	0	0
2021-03-16 15:54:30:132	0	0
2021-03-16 15:54:30:146	0	0
2021-03-16 15:54:31:134	0	0
2021-03-16 15:54:31:149	0	0
2021-03-16 15:54:32:135	0	0
2021-03-16 15:54:32:150	0	0
2021-03-16 15:54:33:136	0	0
2021-03-16 15:54:33:155	0	0
2021-03-16 15:54:34:136	0	0
2021-03-16 15:54:34:152	0	0
2021-03-16 15:54:35:138	0	0
2021-03-16 15:54:35:153	0	0
2021-03-16 15:54:36:140	0	0
2021-03-16 15:54:36:154	0	0
2021-03-16 15:54:37:142	0	0
2021-03-16 15:54:37:157	0	0
2021-03-16 15:54:38:143	0	0
2021-03-16 15:54:38:157	0	0
2021-03-16 15:54:39:144	0	0
2021-03-16 15:54:39:159	0	0
2021-03-16 15:54:40:144	0	0
2021-03-16 15:54:40:159	0	0
2021-03-16 15:54:41:145	0	0
2021-03-16 15:54:41:162	0	0
2021-03-16 15:54:42:149	0	0
2021-03-16 15:54:42:163	0	0
2021-03-16 15:54:43:149	0	0
2021-03-16 15:54:43:165	0	0
2021-03-16 15:54:44:149	0	0
2021-03-16 15:54:44:164	0	0
2021-03-16 15:54:45:152	0	0
2021-03-16 15:54:45:166	0	0
2021-03-16 15:54:46:153	0	0
2021-03-16 15:54:46:168	0	0
2021-03-16 15:54:47:155	0	0
2021-03-16 15:54:47:169	0	0
2021-03-16 15:54:48:156	0	0
2021-03-16 15:54:48:170	0	0
2021-03-16 15:54:49:157	0	0
2021-03-16 15:54:49:172	0	0
2021-03-16 15:54:50:157	0	0
2021-03-16 15:54:50:174	0	0
2021-03-16 15:54:51:159	0	0
2021-03-16 15:54:51:174	0	0
2021-03-16 15:54:52:162	0	0
2021-03-16 15:54:52:177	0	0
2021-03-16 15:54:53:162	0	0
2021-03-16 15:54:53:180	0	0
2021-03-16 15:54:54:164	0	0
2021-03-16 15:54:54:179	0	0
2021-03-16 15:54:55:167	0	0
2021-03-16 15:54:55:180	0	0
2021-03-16 15:54:56:167	0	0
2021-03-16 15:54:56:183	0	0
2021-03-16 15:54:57:168	0	0
2021-03-16 15:54:57:184	0	0
2021-03-16 15:54:58:171	0	0
2021-03-16 15:54:58:186	0	0
2021-03-16 15:54:59:172	0	0
2021-03-16 15:54:59:187	0	0
2021-03-16 15:55:00:174	0	0
2021-03-16 15:55:00:187	0	0
2021-03-16 15:55:01:175	0	0
2021-03-16 15:55:01:189	0	0
2021-03-16 15:55:02:175	0	0
2021-03-16 15:55:02:190	0	0
2021-03-16 15:55:03:178	0	0
2021-03-16 15:55:03:191	0	0
2021-03-16 15:55:04:179	0	0
2021-03-16 15:55:04:199	0	0
2021-03-16 15:55:05:181	0	0
2021-03-16 15:55:05:194	0	0
2021-03-16 15:55:06:180	0	0
2021-03-16 15:55:06:196	0	0
2021-03-16 15:55:07:184	0	0
2021-03-16 15:55:07:198	0	0
2021-03-16 15:55:08:185	0	0
2021-03-16 15:55:08:204	0	0
2021-03-16 15:55:09:187	0	0
2021-03-16 15:55:09:201	0	0
2021-03-16 15:55:10:189	0	0
2021-03-16 15:55:10:203	0	0
2021-03-16 15:55:11:189	0	0
2021-03-16 15:55:11:204	0	0
2021-03-16 15:55:12:190	0	0
2021-03-16 15:55:12:205	0	0
2021-03-16 15:55:13:191	0	0
2021-03-16 15:55:13:208	0	0
2021-03-16 15:55:14:194	0	0
2021-03-16 15:55:14:209	0	0
2021-03-16 15:55:15:195	0	0
2021-03-16 15:55:15:209	0	0
2021-03-16 15:55:16:197	0	0
2021-03-16 15:55:16:211	0	0
2021-03-16 15:55:17:198	0	0
2021-03-16 15:55:17:212	0	0
2021-03-16 15:55:18:199	0	0
2021-03-16 15:55:18:214	0	0
2021-03-16 15:55:19:271	0	0
2021-03-16 15:55:19:280	0	0
2021-03-16 15:55:20:203	0	0
2021-03-16 15:55:20:216	0	0
2021-03-16 15:55:21:202	0	0
2021-03-16 15:55:21:219	0	0
2021-03-16 15:55:22:203	0	0
2021-03-16 15:55:22:220	0	0
2021-03-16 15:55:23:206	0	0
2021-03-16 15:55:23:220	0	0
2021-03-16 15:55:24:207	0	0
2021-03-16 15:55:24:222	0	0
2021-03-16 15:55:25:208	0	0
2021-03-16 15:55:25:223	0	0
2021-03-16 15:55:26:211	0	0
2021-03-16 15:55:26:225	0	0
2021-03-16 15:55:27:210	0	0
2021-03-16 15:55:27:226	0	0
2021-03-16 15:55:28:213	0	0
2021-03-16 15:55:28:228	0	0
2021-03-16 15:55:29:215	0	0
2021-03-16 15:55:29:229	0	0
2021-03-16 15:55:30:216	0	0
2021-03-16 15:55:30:231	0	0
2021-03-16 15:55:31:217	0	0
2021-03-16 15:55:31:232	0	0
2021-03-16 15:55:32:218	0	0
2021-03-16 15:55:32:233	0	0
2021-03-16 15:55:33:220	0	0
2021-03-16 15:55:33:234	0	0
2021-03-16 15:55:34:222	0	0
2021-03-16 15:55:34:236	0	0
2021-03-16 15:55:35:223	0	0
2021-03-16 15:55:35:238	0	0
2021-03-16 15:55:36:225	0	0
2021-03-16 15:55:36:239	0	0
2021-03-16 15:55:37:226	0	0
2021-03-16 15:55:37:240	0	0
2021-03-16 15:55:38:227	0	0
2021-03-16 15:55:38:242	0	0
2021-03-16 15:55:39:229	0	0
2021-03-16 15:55:39:243	0	0
2021-03-16 15:55:40:231	0	0
2021-03-16 15:55:40:245	0	0
2021-03-16 15:55:41:231	0	0
2021-03-16 15:55:41:245	0	0
2021-03-16 15:55:42:231	0	0
2021-03-16 15:55:42:247	0	0
2021-03-16 15:55:43:236	0	0
2021-03-16 15:55:43:250	0	0
2021-03-16 15:55:44:237	0	0
2021-03-16 15:55:44:251	0	0
2021-03-16 15:55:45:236	0	0
2021-03-16 15:55:45:252	0	0
2021-03-16 15:55:46:240	0	0
2021-03-16 15:55:46:253	0	0
2021-03-16 15:55:47:239	0	0
2021-03-16 15:55:47:254	0	0
2021-03-16 15:55:48:241	0	0
2021-03-16 15:55:48:257	0	0
2021-03-16 15:55:49:243	0	0
2021-03-16 15:55:49:259	0	0
2021-03-16 15:55:50:243	0	0
2021-03-16 15:55:50:258	0	0
2021-03-16 15:55:51:246	0	0
2021-03-16 15:55:51:265	0	0
2021-03-16 15:55:52:247	0	0
2021-03-16 15:55:52:261	0	0
2021-03-16 15:55:53:248	0	0
2021-03-16 15:55:53:263	0	0
2021-03-16 15:55:54:251	0	0
2021-03-16 15:55:54:265	0	0
2021-03-16 15:55:55:251	0	0
2021-03-16 15:55:55:266	0	0
2021-03-16 15:55:56:256	0	0
2021-03-16 15:55:56:268	0	0
2021-03-16 15:55:57:253	0	0
2021-03-16 15:55:57:270	0	0
2021-03-16 15:55:58:257	0	0
2021-03-16 15:55:58:272	0	0
2021-03-16 15:55:59:256	0	0
2021-03-16 15:55:59:271	0	0
2021-03-16 15:56:00:259	0	0
2021-03-16 15:56:00:273	0	0
2021-03-16 15:56:01:260	0	0
2021-03-16 15:56:01:275	0	0
2021-03-16 15:56:02:262	0	0
2021-03-16 15:56:02:276	0	0
2021-03-16 15:56:03:263	0	0
2021-03-16 15:56:03:278	0	0
2021-03-16 15:56:04:265	0	0
2021-03-16 15:56:04:280	0	0
2021-03-16 15:56:05:266	0	0
2021-03-16 15:56:05:280	0	0
2021-03-16 15:56:06:267	0	0
2021-03-16 15:56:06:282	0	0
2021-03-16 15:56:07:270	0	0
2021-03-16 15:56:07:284	0	0
2021-03-16 15:56:08:269	0	0
2021-03-16 15:56:08:285	0	0
2021-03-16 15:56:09:271	0	0
2021-03-16 15:56:09:287	0	0
2021-03-16 15:56:10:273	0	0
2021-03-16 15:56:10:287	0	0
2021-03-16 15:56:11:274	0	0
2021-03-16 15:56:11:289	0	0
2021-03-16 15:56:12:275	0	0
2021-03-16 15:56:12:290	0	0
2021-03-16 15:56:13:276	0	0
2021-03-16 15:56:13:293	0	0
2021-03-16 15:56:14:277	0	0
2021-03-16 15:56:14:292	0	0
2021-03-16 15:56:15:279	0	0
2021-03-16 15:56:15:293	0	0
2021-03-16 15:56:16:280	0	0
2021-03-16 15:56:16:295	0	0
2021-03-16 15:56:17:281	0	0
2021-03-16 15:56:17:297	0	0
2021-03-16 15:56:18:283	0	0
2021-03-16 15:56:18:297	0	0
2021-03-16 15:56:19:284	0	0
2021-03-16 15:56:19:299	0	0
2021-03-16 15:56:20:286	0	0
2021-03-16 15:56:20:302	0	0
2021-03-16 15:56:21:287	0	0
2021-03-16 15:56:21:301	0	0
2021-03-16 15:56:22:288	0	0
2021-03-16 15:56:22:303	0	0
2021-03-16 15:56:23:289	0	0
2021-03-16 15:56:23:303	0	0
2021-03-16 15:56:24:290	0	0
2021-03-16 15:56:24:305	0	0
2021-03-16 15:56:25:292	0	0
2021-03-16 15:56:25:305	0	0
2021-03-16 15:56:26:293	0	0
2021-03-16 15:56:26:307	0	0
2021-03-16 15:56:27:293	0	0
2021-03-16 15:56:27:310	0	0
2021-03-16 15:56:28:295	0	0
2021-03-16 15:56:28:310	0	0
2021-03-16 15:56:29:297	0	0
2021-03-16 15:56:29:311	0	0
2021-03-16 15:56:30:298	0	0
2021-03-16 15:56:30:311	0	0
2021-03-16 15:56:31:298	0	0
2021-03-16 15:56:31:313	0	0
2021-03-16 15:56:32:299	0	0
2021-03-16 15:56:32:314	0	0
2021-03-16 15:56:33:301	0	0
2021-03-16 15:56:33:317	0	0
2021-03-16 15:56:34:303	0	0
2021-03-16 15:56:34:318	0	0
2021-03-16 15:56:35:304	0	0
2021-03-16 15:56:35:318	0	0
2021-03-16 15:56:36:304	0	0
2021-03-16 15:56:36:320	0	0
2021-03-16 15:56:37:306	0	0
2021-03-16 15:56:37:320	0	0
2021-03-16 15:56:38:306	0	0
2021-03-16 15:56:38:323	0	0
2021-03-16 15:56:39:309	0	0
2021-03-16 15:56:39:323	0	0
2021-03-16 15:56:40:310	0	0
2021-03-16 15:56:40:325	0	0
2021-03-16 15:56:41:312	0	0
2021-03-16 15:56:41:325	0	0
2021-03-16 15:56:42:377	0	0
2021-03-16 15:56:42:381	0	0
2021-03-16 15:56:43:314	0	0
2021-03-16 15:56:43:328	0	0
2021-03-16 15:56:44:314	0	0
2021-03-16 15:56:44:329	0	0
2021-03-16 15:56:45:315	0	0
2021-03-16 15:56:45:330	0	0
2021-03-16 15:56:46:320	0	0
2021-03-16 15:56:46:331	0	0
2021-03-16 15:56:47:319	0	0
2021-03-16 15:56:47:333	0	0
2021-03-16 15:56:48:320	0	0
2021-03-16 15:56:48:335	0	0
2021-03-16 15:56:49:322	0	0
2021-03-16 15:56:49:336	0	0
2021-03-16 15:56:50:323	0	0
2021-03-16 15:56:50:337	0	0
2021-03-16 15:56:51:325	0	0
2021-03-16 15:56:51:338	0	0
2021-03-16 15:56:52:327	0	0
2021-03-16 15:56:52:339	0	0
2021-03-16 15:56:53:328	0	0
2021-03-16 15:56:53:341	0	0
2021-03-16 15:56:54:327	0	0
2021-03-16 15:56:54:341	0	0
2021-03-16 15:56:55:329	0	0
2021-03-16 15:56:55:344	0	0
2021-03-16 15:56:56:330	0	0
2021-03-16 15:56:56:344	0	0
2021-03-16 15:56:57:331	0	0
2021-03-16 15:56:57:346	0	0
2021-03-16 15:56:58:334	0	0
2021-03-16 15:56:58:346	0	0
2021-03-16 15:56:59:333	0	0
2021-03-16 15:56:59:348	0	0
2021-03-16 15:57:00:336	0	0
2021-03-16 15:57:00:350	0	0
2021-03-16 15:57:01:336	0	0
2021-03-16 15:57:01:351	0	0
2021-03-16 15:57:02:338	0	0
2021-03-16 15:57:02:352	0	0
2021-03-16 15:57:03:338	0	0
2021-03-16 15:57:03:354	0	0
2021-03-16 15:57:04:341	0	0
2021-03-16 15:57:04:354	0	0
2021-03-16 15:57:05:342	0	0
2021-03-16 15:57:05:356	0	0
2021-03-16 15:57:06:609	0	0
2021-03-16 15:57:07:345	0	0
2021-03-16 15:57:07:360	0	0
2021-03-16 15:57:08:409	0	0
2021-03-16 15:57:09:346	0	0
2021-03-16 15:57:09:361	0	0
2021-03-16 15:57:10:347	0	0
2021-03-16 15:57:10:363	0	0
2021-03-16 15:57:11:350	0	0
2021-03-16 15:57:11:364	0	0
2021-03-16 15:57:12:353	0	0
2021-03-16 15:57:12:366	0	0
2021-03-16 17:09:30:993	0	0
2021-03-16 17:09:31:003	0	0
2021-03-16 17:09:31:988	0	0
2021-03-16 17:09:32:002	0	0
2021-03-16 17:09:32:989	0	0
2021-03-16 17:09:33:004	0	0
2021-03-16 17:09:33:992	0	0
2021-03-16 17:09:34:014	0	0
2021-03-16 17:09:34:993	0	0
2021-03-16 17:09:35:008	0	0
2021-03-16 17:09:35:994	0	0
2021-03-16 17:09:36:008	0	0
2021-03-16 17:09:36:994	0	0
2021-03-16 17:09:37:008	0	0
2021-03-16 17:09:37:994	0	0
2021-03-16 17:09:38:010	0	0
2021-03-16 17:09:38:996	0	0
2021-03-16 17:09:39:012	0	0
2021-03-16 17:09:39:999	0	0
2021-03-16 17:09:40:012	0	0
2021-03-16 17:09:41:001	0	0
2021-03-16 17:09:41:015	0	0
2021-03-16 17:09:42:002	0	0
2021-03-16 17:09:42:018	0	0
2021-03-16 17:09:43:004	0	0
2021-03-16 17:09:43:016	0	0
2021-03-16 17:09:44:002	0	0
2021-03-16 17:09:44:017	0	0
2021-03-16 17:09:45:005	0	0
2021-03-16 17:09:45:025	0	0
2021-03-16 17:09:46:004	0	0
2021-03-16 17:09:46:020	0	0
2021-03-16 17:09:47:007	0	0
2021-03-16 17:09:47:022	0	0
2021-03-16 17:09:48:009	0	0
2021-03-16 17:09:48:022	0	0
2021-03-16 17:09:49:009	0	0
2021-03-16 17:09:49:025	0	0
2021-03-16 17:09:50:010	0	0
2021-03-16 17:09:50:026	0	0
2021-03-16 17:09:51:012	0	0
2021-03-16 17:09:51:026	0	0
2021-03-16 17:09:52:013	0	0
2021-03-16 17:09:52:028	0	0
2021-03-16 17:09:53:014	0	0
2021-03-16 17:09:53:029	0	0
2021-03-16 17:09:54:016	0	0
2021-03-16 17:09:54:030	0	0
2021-03-16 17:09:55:017	0	0
2021-03-16 17:09:55:032	0	0
2021-03-16 17:09:56:018	0	0
2021-03-16 17:09:56:033	0	0
2021-03-16 17:09:57:021	0	0
2021-03-16 17:09:57:034	0	0
2021-03-16 17:09:58:021	0	0
2021-03-16 17:09:58:037	0	0
2021-03-16 17:09:59:023	0	0
2021-03-16 17:09:59:037	0	0
2021-03-16 17:10:00:023	0	0
2021-03-16 17:10:00:039	0	0
2021-03-16 17:10:01:024	0	0
2021-03-16 17:10:01:039	0	0
2021-03-16 17:10:02:026	0	0
2021-03-16 17:10:02:042	0	0
2021-03-16 17:10:03:027	0	0
2021-03-16 17:10:03:042	0	0
2021-03-16 17:10:04:029	0	0
2021-03-16 17:10:04:042	0	0
2021-03-16 17:10:05:030	0	0
2021-03-16 17:10:05:045	0	0
2021-03-16 17:10:06:032	0	0
2021-03-16 17:10:06:045	0	0
2021-03-16 17:10:07:033	0	0
2021-03-16 17:10:07:047	0	0
2021-03-16 17:10:08:034	0	0
2021-03-16 17:10:08:048	0	0
2021-03-16 17:10:09:034	0	0
2021-03-16 17:10:09:049	0	0
2021-03-16 17:10:10:035	0	0
2021-03-16 17:10:10:051	0	0
2021-03-16 17:10:11:038	0	0
2021-03-16 17:10:11:052	0	0
2021-03-16 17:10:12:037	0	0
2021-03-16 17:10:12:052	0	0
2021-03-16 17:10:13:039	0	0
2021-03-16 17:10:13:055	0	0
2021-03-16 17:10:14:042	0	0
2021-03-16 17:10:14:055	0	0
2021-03-16 17:10:15:044	0	0
2021-03-16 17:10:15:061	0	0
2021-03-16 17:10:16:044	0	0
2021-03-16 17:10:16:058	0	0
2021-03-16 17:10:17:047	0	0
2021-03-16 17:10:17:091	0	0
2021-03-16 17:10:18:048	0	0
2021-03-16 17:10:18:063	0	0
2021-03-16 17:10:19:048	0	0
2021-03-16 17:10:19:067	0	0
2021-03-16 17:10:20:049	0	0
2021-03-16 17:10:20:064	0	0
2021-03-16 17:10:21:050	0	0
2021-03-16 17:10:21:067	0	0
2021-03-16 17:10:22:054	0	0
2021-03-16 17:10:22:067	0	0
2021-03-16 17:10:23:054	0	0
2021-03-16 17:10:23:068	0	0
2021-03-16 17:10:24:055	0	0
2021-03-16 17:10:24:069	0	0
2021-03-16 17:10:25:057	0	0
2021-03-16 17:10:25:076	0	0
2021-03-16 17:10:26:058	0	0
2021-03-16 17:10:26:073	0	0
2021-03-16 17:10:27:061	0	0
2021-03-16 17:10:27:074	0	0
2021-03-16 17:10:28:062	0	0
2021-03-16 17:10:28:080	0	0
2021-03-16 17:10:29:062	0	0
2021-03-16 17:10:29:082	0	0
2021-03-16 17:10:30:063	0	0
2021-03-16 17:10:30:077	0	0
2021-03-16 17:10:31:065	0	0
2021-03-16 17:10:31:079	0	0
2021-03-16 17:10:32:066	0	0
2021-03-16 17:10:32:085	0	0
2021-03-16 17:10:33:067	0	0
2021-03-16 17:10:33:081	0	0
2021-03-16 17:10:34:068	0	0
2021-03-16 17:10:34:082	0	0
2021-03-16 17:10:35:071	0	0
2021-03-16 17:10:35:084	0	0
2021-03-16 17:10:36:071	0	0
2021-03-16 17:10:36:085	0	0
2021-03-16 17:10:37:073	0	0
2021-03-16 17:10:37:087	0	0
2021-03-16 17:10:38:074	0	0
2021-03-16 17:10:38:091	0	0
2021-03-16 17:10:39:075	0	0
2021-03-16 17:10:39:089	0	0
2021-03-16 17:10:40:077	0	0
2021-03-16 17:10:40:092	0	0
2021-03-16 17:10:41:079	0	0
2021-03-16 17:10:41:093	0	0
2021-03-16 17:10:42:080	0	0
2021-03-16 17:10:42:094	0	0
2021-03-16 17:10:43:080	0	0
2021-03-16 17:10:43:095	0	0
2021-03-16 17:10:44:083	0	0
2021-03-16 17:10:44:101	0	0
2021-03-16 17:10:45:082	0	0
2021-03-16 17:10:45:098	0	0
2021-03-16 17:10:46:084	0	0
2021-03-16 17:10:46:099	0	0
2021-03-16 17:10:47:086	0	0
2021-03-16 17:10:47:100	0	0
2021-03-16 17:10:48:088	0	0
2021-03-16 17:10:48:103	0	0
2021-03-16 17:10:49:089	0	0
2021-03-16 17:10:49:104	0	0
2021-03-16 17:10:50:090	0	0
2021-03-16 17:10:50:105	0	0
2021-03-16 17:10:51:093	0	0
2021-03-16 17:10:51:110	0	0
2021-03-16 17:10:52:094	0	0
2021-03-16 17:10:52:107	0	0
2021-03-16 17:10:53:094	0	0
2021-03-16 17:10:53:116	0	0
2021-03-16 17:10:54:095	0	0
2021-03-16 17:10:54:110	0	0
2021-03-16 17:10:55:099	0	0
2021-03-16 17:10:55:113	0	0
2021-03-16 17:10:56:099	0	0
2021-03-16 17:10:56:113	0	0
2021-03-16 17:10:57:100	0	0
2021-03-16 17:10:57:114	0	0
2021-03-16 17:10:58:101	0	0
2021-03-16 17:10:58:116	0	0
2021-03-16 17:10:59:103	0	0
2021-03-16 17:10:59:118	0	0
2021-03-16 17:11:00:104	0	0
2021-03-16 17:11:00:119	0	0
2021-03-16 17:11:01:106	0	0
2021-03-16 17:11:01:120	0	0
2021-03-16 17:11:02:106	0	0
2021-03-16 17:11:02:121	0	0
2021-03-16 17:11:03:107	0	0
2021-03-16 17:11:03:123	0	0
2021-03-16 17:11:04:110	0	0
2021-03-16 17:11:04:125	0	0
2021-03-16 17:11:05:111	0	0
2021-03-16 17:11:05:125	0	0
2021-03-16 17:11:06:113	0	0
2021-03-16 17:11:06:129	0	0
2021-03-16 17:11:07:114	0	0
2021-03-16 17:11:07:128	0	0
2021-03-16 17:11:08:116	0	0
2021-03-16 17:11:08:130	0	0
2021-03-16 17:11:09:118	0	0
2021-03-16 17:11:09:131	0	0
2021-03-16 17:11:10:118	0	0
2021-03-16 17:11:10:132	0	0
2021-03-16 17:11:11:120	0	0
2021-03-16 17:11:11:134	0	0
2021-03-16 17:11:12:122	0	0
2021-03-16 17:11:12:136	0	0
2021-03-16 17:11:13:122	0	0
2021-03-16 17:11:13:137	0	0
2021-03-16 17:11:14:122	0	0
2021-03-16 17:11:14:138	0	0
2021-03-16 17:11:15:126	0	0
2021-03-16 17:11:15:141	0	0
2021-03-16 17:11:16:127	0	0
2021-03-16 17:11:16:141	0	0
2021-03-16 17:11:17:127	0	0
2021-03-16 17:11:17:143	0	0
2021-03-16 17:11:18:130	0	0
2021-03-16 17:11:18:144	0	0
2021-03-16 17:11:19:131	0	0
2021-03-16 17:11:19:146	0	0
2021-03-16 17:11:20:132	0	0
2021-03-16 17:11:20:147	0	0
2021-03-16 17:11:21:134	0	0
2021-03-16 17:11:21:149	0	0
2021-03-16 17:11:22:136	0	0
2021-03-16 17:11:22:155	0	0
2021-03-16 17:11:23:138	0	0
2021-03-16 17:11:23:152	0	0
2021-03-16 17:11:24:139	0	0
2021-03-16 17:11:24:154	0	0
2021-03-16 17:11:25:140	0	0
2021-03-16 17:11:25:155	0	0
2021-03-16 17:11:26:142	0	0
2021-03-16 17:11:26:156	0	0
2021-03-16 17:11:27:144	0	0
2021-03-16 17:11:27:159	0	0
2021-03-16 17:11:28:144	0	0
2021-03-16 17:11:28:161	0	0
2021-03-16 17:11:29:146	0	0
2021-03-16 17:11:29:161	0	0
2021-03-16 17:11:30:147	0	0
2021-03-16 17:11:30:162	0	0
2021-03-16 17:11:31:148	0	0
2021-03-16 17:11:31:165	0	0
2021-03-16 17:11:32:152	0	0
2021-03-16 17:11:32:166	0	0
2021-03-16 17:11:33:153	0	0
2021-03-16 17:11:33:168	0	0
2021-03-16 17:11:34:155	0	0
2021-03-16 17:11:34:168	0	0
2021-03-16 17:11:35:158	0	0
2021-03-16 17:11:35:170	0	0
2021-03-16 17:11:36:158	0	0
2021-03-16 17:11:36:172	0	0
2021-03-16 17:11:37:160	0	0
2021-03-16 17:11:37:174	0	0
2021-03-16 17:11:38:161	0	0
2021-03-16 17:11:38:176	0	0
2021-03-16 17:11:39:163	0	0
2021-03-16 17:11:39:181	0	0
2021-03-16 17:11:40:164	0	0
2021-03-16 17:11:40:178	0	0
2021-03-16 17:11:41:166	0	0
2021-03-16 17:11:41:179	0	0
2021-03-16 17:11:42:167	0	0
2021-03-16 17:11:42:183	0	0
2021-03-16 17:11:43:168	0	0
2021-03-16 17:11:43:184	0	0
2021-03-16 17:11:44:170	0	0
2021-03-16 17:11:44:185	0	0
2021-03-16 17:11:45:172	0	0
2021-03-16 17:11:45:187	0	0
2021-03-16 17:11:46:174	0	0
2021-03-16 17:11:46:193	0	0
2021-03-16 17:11:47:175	0	0
2021-03-16 17:11:47:191	0	0
2021-03-16 17:11:48:178	0	0
2021-03-16 17:11:48:196	0	0
2021-03-16 17:11:49:178	0	0
2021-03-16 17:11:49:194	0	0
2021-03-16 17:11:50:181	0	0
2021-03-16 17:11:50:195	0	0
2021-03-16 17:11:51:183	0	0
2021-03-16 17:11:51:196	0	0
2021-03-16 17:11:52:184	0	0
2021-03-16 17:11:52:204	0	0
2021-03-16 17:11:53:185	0	0
2021-03-16 17:11:53:201	0	0
2021-03-16 17:11:54:186	0	0
2021-03-16 17:11:54:202	0	0
2021-03-16 17:11:55:189	0	0
2021-03-16 17:11:55:203	0	0
2021-03-16 17:11:56:190	0	0
2021-03-16 17:11:56:204	0	0
2021-03-16 17:11:57:191	0	0
2021-03-16 17:11:57:206	0	0
2021-03-16 17:11:58:192	0	0
2021-03-16 17:11:58:208	0	0
2021-03-16 17:11:59:195	0	0
2021-03-16 17:11:59:209	0	0
2021-03-16 17:12:00:196	0	0
2021-03-16 17:12:00:211	0	0
2021-03-16 17:12:01:199	0	0
2021-03-16 17:12:01:213	0	0
2021-03-16 17:12:02:200	0	0
2021-03-16 17:12:02:214	0	0
2021-03-16 17:12:03:200	0	0
2021-03-16 17:12:03:216	0	0
2021-03-16 17:12:04:205	0	0
2021-03-16 17:12:04:218	0	0
2021-03-16 17:12:05:205	0	0
2021-03-16 17:12:05:224	0	0
2021-03-16 17:12:06:206	0	0
2021-03-16 17:12:06:221	0	0
2021-03-16 17:12:07:207	0	0
2021-03-16 17:12:07:223	0	0
2021-03-16 17:12:08:212	0	0
2021-03-16 17:12:08:223	0	0
2021-03-16 17:12:09:211	0	0
2021-03-16 17:12:09:224	0	0
2021-03-16 17:12:10:213	0	0
2021-03-16 17:12:10:232	0	0
2021-03-16 17:12:11:229	0	0
2021-03-16 17:12:12:216	0	0
2021-03-16 17:12:12:230	0	0
2021-03-16 17:12:13:218	0	0
2021-03-16 17:12:13:232	0	0
2021-03-16 17:12:14:217	0	0
2021-03-16 17:12:14:233	0	0
2021-03-16 17:12:15:220	0	0
2021-03-16 17:12:15:239	0	0
2021-03-16 17:12:16:220	0	0
2021-03-16 17:12:16:236	0	0
2021-03-16 17:15:23:502	0	0
2021-03-16 17:15:23:549	0	0
2021-03-16 17:15:24:502	0	0
2021-03-16 17:15:24:514	0	0
2021-03-16 17:15:25:501	0	0
2021-03-16 17:15:25:517	0	0
2021-03-16 17:15:26:502	0	0
2021-03-16 17:15:26:518	0	0
2021-03-16 17:15:27:619	0	0
2021-03-16 17:15:28:507	0	0
2021-03-16 17:15:28:521	0	0
2021-03-16 17:15:29:691	0	0
2021-03-16 17:15:30:509	0	0
2021-03-16 17:15:30:524	0	0
2021-03-16 17:15:31:511	0	0
2021-03-16 17:15:31:524	0	0
2021-03-16 17:15:32:803	0	0
2021-03-16 17:15:33:749	0	0
2021-03-16 17:15:34:515	0	0
2021-03-16 17:15:34:529	0	0
2021-03-16 17:15:35:517	0	0
2021-03-16 17:15:35:531	0	0
2021-03-16 17:15:36:518	0	0
2021-03-16 17:15:36:532	0	0
2021-03-16 17:15:37:519	0	0
2021-03-16 17:15:37:534	0	0
2021-03-16 17:15:38:521	0	0
2021-03-16 17:15:38:536	0	0
2021-03-16 17:15:39:522	0	0
2021-03-16 17:15:39:537	0	0
2021-03-16 17:15:40:523	0	0
2021-03-16 17:15:40:538	0	0
2021-03-16 17:15:41:525	0	0
2021-03-16 17:15:41:540	0	0
2021-03-16 17:15:42:528	0	0
2021-03-16 17:15:42:541	0	0
2021-03-16 17:15:43:529	0	0
2021-03-16 17:15:43:543	0	0
2021-03-16 17:15:44:530	0	0
2021-03-16 17:15:44:544	0	0
2021-03-16 17:15:45:533	0	0
2021-03-16 17:15:45:545	0	0
2021-03-16 17:15:46:533	0	0
2021-03-16 17:15:46:547	0	0
2021-03-16 17:15:47:535	0	0
2021-03-16 17:15:47:550	0	0
2021-03-16 17:15:48:536	0	0
2021-03-16 17:15:48:555	0	0
2021-03-16 17:15:49:537	0	0
2021-03-16 17:15:49:552	0	0
2021-03-16 17:15:50:539	0	0
2021-03-16 17:15:50:553	0	0
2021-03-16 17:15:51:540	0	0
2021-03-16 17:15:51:554	0	0
2021-03-16 17:15:52:541	0	0
2021-03-16 17:15:52:556	0	0
2021-03-16 17:15:53:544	0	0
2021-03-16 17:15:53:558	0	0
2021-03-16 17:15:54:544	0	0
2021-03-16 17:15:54:560	0	0
2021-03-16 17:16:04:376	0	0
2021-03-16 17:16:05:730	0	0
2021-03-16 17:16:21:543	0	0
2021-03-16 17:16:30:249	0	0
2021-03-16 17:16:37:187	0	0
2021-03-16 17:16:37:741	0	0
2021-03-16 17:16:44:316	0	0
2021-03-16 17:16:44:674	0	0
2021-03-16 17:17:15:856	0	0
2021-03-16 17:18:15:484	0	0
2021-03-16 17:18:15:496	0	0
2021-03-16 17:18:15:766	0	0
2021-03-16 17:18:15:782	0	0
2021-03-16 17:18:16:768	0	0
2021-03-16 17:18:16:782	0	0
2021-03-16 17:18:17:767	0	0
2021-03-16 17:18:17:783	0	0
2021-03-16 17:18:18:772	0	0
2021-03-16 17:18:18:785	0	0
2021-03-16 17:18:19:771	0	0
2021-03-16 17:18:19:784	0	0
2021-03-16 17:18:20:771	0	0
2021-03-16 17:18:20:788	0	0
2021-03-16 17:18:21:776	0	0
2021-03-16 17:18:21:788	0	0
2021-03-16 17:18:22:776	0	0
2021-03-16 17:18:22:790	0	0
2021-03-16 17:18:23:777	0	0
2021-03-16 17:18:23:791	0	0
2021-03-16 17:18:24:777	0	0
2021-03-16 17:18:24:793	0	0
2021-03-16 17:18:25:780	0	0
2021-03-16 17:18:25:795	0	0
2021-03-16 17:18:26:782	0	0
2021-03-16 17:18:26:796	0	0
2021-03-16 17:18:27:782	0	0
2021-03-16 17:18:27:797	0	0
2021-03-16 17:18:28:784	0	0
2021-03-16 17:18:28:799	0	0
2021-03-16 17:18:29:785	0	0
2021-03-16 17:18:29:800	0	0
2021-03-16 17:18:30:788	0	0
2021-03-16 17:18:30:801	0	0
2021-03-16 17:18:31:789	0	0
2021-03-16 17:18:31:803	0	0
2021-03-16 17:18:32:791	0	0
2021-03-16 17:18:32:806	0	0
2021-03-16 17:18:33:790	0	0
2021-03-16 17:18:33:806	0	0
2021-03-16 17:18:34:792	0	0
2021-03-16 17:18:34:807	0	0
2021-03-16 17:18:35:794	0	0
2021-03-16 17:18:35:809	0	0
2021-03-16 17:18:36:795	0	0
2021-03-16 17:18:36:811	0	0
2021-03-16 17:18:37:798	0	0
2021-03-16 17:18:37:816	0	0
2021-03-16 17:18:38:800	0	0
2021-03-16 17:18:38:817	0	0
2021-03-16 17:18:39:799	0	0
2021-03-16 17:18:39:815	0	0
2021-03-16 17:18:40:801	0	0
2021-03-16 17:18:40:816	0	0
2021-03-16 17:18:41:803	0	0
2021-03-16 17:18:41:818	0	0
2021-03-16 17:18:42:805	0	0
2021-03-16 17:18:42:820	0	0
2021-03-16 17:18:43:806	0	0
2021-03-16 17:18:43:821	0	0
2021-03-16 17:18:44:808	0	0
2021-03-16 17:18:44:824	0	0
2021-03-16 17:18:45:809	0	0
2021-03-16 17:18:45:825	0	0
2021-03-16 17:18:46:813	0	0
2021-03-16 17:18:46:831	0	0
2021-03-16 17:18:47:813	0	0
2021-03-16 17:18:47:828	0	0
2021-03-16 17:18:48:814	0	0
2021-03-16 17:18:48:829	0	0
2021-03-16 17:18:49:817	0	0
2021-03-16 17:18:49:831	0	0
2021-03-16 17:18:50:818	0	0
2021-03-16 17:18:50:833	0	0
2021-03-16 17:18:51:819	0	0
2021-03-16 17:18:51:834	0	0
2021-03-16 17:18:52:822	0	0
2021-03-16 17:18:52:836	0	0
2021-03-16 17:18:53:824	0	0
2021-03-16 17:18:53:837	0	0
2021-03-16 17:18:54:825	0	0
2021-03-16 17:18:54:843	0	0
2021-03-16 17:18:55:827	0	0
2021-03-16 17:18:55:841	0	0
2021-03-16 17:18:56:826	0	0
2021-03-16 17:18:56:842	0	0
2021-03-16 17:18:57:831	0	0
2021-03-16 17:18:57:850	0	0
2021-03-16 17:18:58:831	0	0
2021-03-16 17:18:58:849	0	0
2021-03-16 17:18:59:833	0	0
2021-03-16 17:18:59:847	0	0
2021-03-16 17:19:00:834	0	0
2021-03-16 17:19:00:849	0	0
2021-03-16 17:19:01:836	0	0
2021-03-16 17:19:01:849	0	0
2021-03-16 17:19:02:837	0	0
2021-03-16 17:19:02:856	0	0
2021-03-16 17:19:03:838	0	0
2021-03-16 17:19:03:853	0	0
2021-03-16 17:19:04:841	0	0
2021-03-16 17:19:04:854	0	0
2021-03-16 17:19:05:841	0	0
2021-03-16 17:19:05:857	0	0
2021-03-16 17:19:06:843	0	0
2021-03-16 17:19:06:863	0	0
2021-03-16 17:19:07:845	0	0
2021-03-16 17:19:07:860	0	0
2021-03-16 17:19:08:846	0	0
2021-03-16 17:19:08:861	0	0
2021-03-16 17:19:09:847	0	0
2021-03-16 17:19:09:865	0	0
2021-03-16 17:19:10:850	0	0
2021-03-16 17:19:10:863	0	0
2021-03-16 17:19:11:849	0	0
2021-03-16 17:19:11:865	0	0
2021-03-16 17:19:12:851	0	0
2021-03-16 17:19:12:867	0	0
2021-03-16 17:19:13:853	0	0
2021-03-16 17:19:13:871	0	0
2021-03-16 17:19:14:855	0	0
2021-03-16 17:19:14:870	0	0
2021-03-16 17:19:15:858	0	0
2021-03-16 17:19:15:870	0	0
2021-03-16 17:19:16:858	0	0
2021-03-16 17:19:16:875	0	0
2021-03-16 17:19:17:858	0	0
2021-03-16 17:19:17:875	0	0
2021-03-16 17:19:18:862	0	0
2021-03-16 17:19:18:876	0	0
2021-03-16 17:19:19:863	0	0
2021-03-16 17:19:19:876	0	0
2021-03-16 17:19:20:864	0	0
2021-03-16 17:19:20:879	0	0
2021-03-16 17:19:21:866	0	0
2021-03-16 17:19:21:880	0	0
2021-03-16 17:19:22:866	0	0
2021-03-16 17:19:22:882	0	0
2021-03-16 17:19:23:869	0	0
2021-03-16 17:19:23:884	0	0
2021-03-16 17:19:24:870	0	0
2021-03-16 17:19:24:886	0	0
2021-03-16 17:19:25:873	0	0
2021-03-16 17:19:25:888	0	0
2021-03-16 17:19:26:874	0	0
2021-03-16 17:19:26:889	0	0
2021-03-16 17:19:27:875	0	0
2021-03-16 17:19:27:892	0	0
2021-03-16 17:19:28:877	0	0
2021-03-16 17:19:28:891	0	0
2021-03-16 17:19:29:876	0	0
2021-03-16 17:19:29:891	0	0
2021-03-16 17:19:30:879	0	0
2021-03-16 17:19:30:893	0	0
2021-03-16 17:19:31:879	0	0
2021-03-16 17:19:31:895	0	0
2021-03-16 17:19:32:882	0	0
2021-03-16 17:19:32:896	0	0
2021-03-16 17:19:33:882	0	0
2021-03-16 17:19:33:916	0	0
2021-03-16 17:19:34:884	0	0
2021-03-16 17:19:34:899	0	0
2021-03-16 17:19:35:887	0	0
2021-03-16 17:19:35:900	0	0
2021-03-16 17:19:36:888	0	0
2021-03-16 17:19:36:908	0	0
2021-03-16 17:19:37:887	0	0
2021-03-16 17:19:37:904	0	0
2021-03-16 17:19:38:889	0	0
2021-03-16 17:19:38:905	0	0
2021-03-16 17:19:39:892	0	0
2021-03-16 17:19:39:906	0	0
2021-03-16 17:19:40:891	0	0
2021-03-16 17:19:40:907	0	0
2021-03-16 17:19:41:894	0	0
2021-03-16 17:19:41:908	0	0
2021-03-16 17:19:42:896	0	0
2021-03-16 17:19:42:910	0	0
2021-03-16 17:19:43:897	0	0
2021-03-16 17:19:43:910	0	0
2021-03-16 17:19:44:897	0	0
2021-03-16 17:19:44:912	0	0
2021-03-16 17:19:46:046	0	0
2021-03-16 17:19:46:899	0	0
2021-03-16 17:19:46:915	0	0
2021-03-16 17:19:47:900	0	0
2021-03-16 17:19:47:916	0	0
2021-03-16 17:19:49:227	0	0
2021-03-16 17:19:49:905	0	0
2021-03-16 17:19:49:919	0	0
2021-03-16 17:19:50:907	0	0
2021-03-16 17:19:50:920	0	0
2021-03-16 17:19:51:906	0	0
2021-03-16 17:19:51:922	0	0
2021-03-16 17:19:52:907	0	0
2021-03-16 17:19:52:923	0	0
2021-03-16 17:19:53:908	0	0
2021-03-16 17:19:53:924	0	0
2021-03-16 17:19:54:910	0	0
2021-03-16 17:19:54:925	0	0
2021-03-16 17:19:55:913	0	0
2021-03-16 17:19:55:927	0	0
2021-03-16 17:19:56:914	0	0
2021-03-16 17:19:56:928	0	0
2021-03-16 17:19:57:915	0	0
2021-03-16 17:19:57:930	0	0
2021-03-16 17:19:58:916	0	0
2021-03-16 17:19:58:930	0	0
2021-03-16 17:19:59:918	0	0
2021-03-16 17:19:59:932	0	0
2021-03-16 17:20:00:919	0	0
2021-03-16 17:20:00:938	0	0
2021-03-16 17:20:01:920	0	0
2021-03-16 17:20:01:939	0	0
2021-03-16 17:20:02:921	0	0
2021-03-16 17:20:02:936	0	0
2021-03-16 17:20:03:924	0	0
2021-03-16 17:20:03:937	0	0
2021-03-16 17:20:04:925	0	0
2021-03-16 17:20:04:939	0	0
2021-03-16 17:20:05:924	0	0
2021-03-16 17:20:05:942	0	0
2021-03-16 17:20:06:927	0	0
2021-03-16 17:20:06:942	0	0
2021-03-16 17:20:07:929	0	0
2021-03-16 17:20:07:945	0	0
2021-03-16 17:20:08:930	0	0
2021-03-16 17:20:08:944	0	0
2021-03-16 17:20:09:930	0	0
2021-03-16 17:20:09:947	0	0
2021-03-16 17:20:10:932	0	0
2021-03-16 17:20:10:947	0	0
2021-03-16 17:20:11:935	0	0
2021-03-16 17:20:11:952	0	0
2021-03-16 17:20:12:936	0	0
2021-03-16 17:20:12:950	0	0
2021-03-16 17:20:13:936	0	0
2021-03-16 17:20:13:952	0	0
2021-03-16 17:20:14:938	0	0
2021-03-16 17:20:14:958	0	0
2021-03-16 17:20:15:939	0	0
2021-03-16 17:20:15:955	0	0
2021-03-16 17:20:16:942	0	0
2021-03-16 17:20:16:955	0	0
2021-03-16 17:20:17:942	0	0
2021-03-16 17:20:17:961	0	0
2021-03-16 17:20:18:943	0	0
2021-03-16 17:20:18:958	0	0
2021-03-16 17:20:19:946	0	0
2021-03-16 17:20:19:962	0	0
2021-03-16 17:20:20:946	0	0
2021-03-16 17:20:20:960	0	0
2021-03-16 17:20:21:946	0	0
2021-03-16 17:20:21:964	0	0
2021-03-16 17:20:22:949	0	0
2021-03-16 17:20:22:964	0	0
2021-03-16 17:20:23:949	0	0
2021-03-16 17:20:23:966	0	0
2021-03-16 17:20:24:952	0	0
2021-03-16 17:20:24:967	0	0
2021-03-16 17:35:01:195	0	0
2021-03-16 17:35:01:231	0	0
2021-03-16 17:35:02:188	0	0
2021-03-16 17:35:02:202	0	0
2021-03-16 17:35:03:187	0	0
2021-03-16 17:35:03:209	0	0
2021-03-16 17:35:04:188	0	0
2021-03-16 17:35:04:206	0	0
2021-03-16 17:35:05:189	0	0
2021-03-16 17:35:05:207	0	0
2021-03-16 17:35:06:190	0	0
2021-03-16 17:35:06:205	0	0
2021-03-16 17:35:07:193	0	0
2021-03-16 17:35:07:206	0	0
2021-03-16 17:35:08:193	0	0
2021-03-16 17:35:08:207	0	0
2021-03-16 17:35:09:193	0	0
2021-03-16 17:35:09:209	0	0
2021-03-16 17:35:10:195	0	0
2021-03-16 17:35:10:210	0	0
2021-03-16 17:35:11:198	0	0
2021-03-16 17:35:11:211	0	0
2021-03-16 17:35:12:198	0	0
2021-03-16 17:35:12:213	0	0
2021-03-16 17:35:13:200	0	0
2021-03-16 17:35:13:215	0	0
2021-03-16 17:35:14:201	0	0
2021-03-16 17:35:14:215	0	0
2021-03-16 17:35:15:201	0	0
2021-03-16 17:35:15:217	0	0
2021-03-16 17:37:30:246	0	0
2021-03-16 17:37:30:261	0	0
2021-03-16 17:37:35:117	0	0
2021-03-16 17:37:35:131	0	0
2021-03-16 17:37:39:389	0	0
2021-03-16 17:37:39:404	0	0
2021-03-16 17:37:39:789	0	0
2021-03-16 17:37:39:804	0	0
2021-03-16 17:37:39:989	0	0
2021-03-16 17:37:40:005	0	0
2021-03-16 17:37:40:213	0	0
2021-03-16 17:37:40:228	0	0
2021-03-16 17:37:40:421	0	0
2021-03-16 17:37:40:436	0	0
2021-03-16 17:37:40:597	0	0
2021-03-16 17:37:40:613	0	0
2021-03-16 17:37:40:821	0	0
2021-03-16 17:37:40:836	0	0
2021-03-16 17:37:41:069	0	0
2021-03-16 17:37:41:084	0	0
2021-03-16 17:37:41:309	0	0
2021-03-16 17:37:41:324	0	0
2021-03-16 17:37:41:629	0	0
2021-03-16 17:37:41:644	0	0
2021-03-16 17:46:14:415	0	0
2021-03-16 17:46:22:164	0	0
2021-03-16 17:46:33:047	0	0
2021-03-16 17:46:34:662	0	0
2021-03-16 17:46:35:826	0	0
2021-03-16 17:46:36:660	0	0
2021-03-16 17:46:37:876	0	0
2021-03-16 17:46:40:282	0	0
2021-03-16 17:46:43:412	0	0
2021-03-16 17:53:20:693	0	0
2021-03-16 17:53:20:702	0	0
2021-03-16 17:53:21:687	0	0
2021-03-16 17:53:21:702	0	0
2021-03-16 17:53:22:688	0	0
2021-03-16 17:53:22:703	0	0
2021-03-16 17:53:23:690	0	0
2021-03-16 17:53:23:704	0	0
2021-03-16 17:53:24:691	0	0
2021-03-16 17:53:24:707	0	0
2021-03-16 17:53:25:695	0	0
2021-03-16 17:53:25:708	0	0
2021-03-16 17:53:26:696	0	0
2021-03-16 17:53:26:710	0	0
2021-03-16 17:53:27:696	0	0
2021-03-16 17:53:27:710	0	0
2021-03-16 17:53:28:696	0	0
2021-03-16 17:53:28:712	0	0
2021-03-16 17:53:29:699	0	0
2021-03-16 17:53:29:714	0	0
2021-03-16 17:53:30:700	0	0
2021-03-16 17:53:30:714	0	0
2021-03-16 17:53:31:701	0	0
2021-03-16 17:53:31:716	0	0
2021-03-16 17:53:32:703	0	0
2021-03-16 17:53:32:718	0	0
2021-03-16 17:53:33:703	0	0
2021-03-16 17:53:33:718	0	0
2021-03-16 17:53:34:707	0	0
2021-03-16 17:53:34:720	0	0
2021-03-16 17:53:35:706	0	0
2021-03-16 17:53:35:721	0	0
2021-03-16 17:53:36:709	0	0
2021-03-16 17:53:36:723	0	0
2021-03-16 17:53:37:708	0	0
2021-03-16 17:53:37:724	0	0
2021-03-16 17:53:38:712	0	0
2021-03-16 17:53:38:725	0	0
2021-03-16 17:53:39:713	0	0
2021-03-16 17:53:39:727	0	0
2021-03-16 17:53:40:714	0	0
2021-03-16 17:53:40:729	0	0
2021-03-16 17:53:41:715	0	0
2021-03-16 17:53:41:730	0	0
2021-03-16 17:53:42:717	0	0
2021-03-16 17:53:42:732	0	0
2021-03-16 17:53:43:720	0	0
2021-03-16 17:53:43:734	0	0
2021-03-16 17:53:44:719	0	0
2021-03-16 17:53:44:734	0	0
2021-03-16 17:53:45:720	0	0
2021-03-16 17:53:45:737	0	0
2021-03-16 17:53:46:725	0	0
2021-03-16 17:53:46:737	0	0
2021-03-16 17:53:47:723	0	0
2021-03-16 17:53:47:738	0	0
2021-03-16 17:53:48:725	0	0
2021-03-16 17:53:48:740	0	0
2021-03-16 17:53:49:726	0	0
2021-03-16 17:53:49:741	0	0
2021-03-16 17:53:50:730	0	0
2021-03-16 17:53:50:743	0	0
2021-03-16 17:53:51:729	0	0
2021-03-16 17:53:51:745	0	0
2021-03-16 17:53:52:731	0	0
2021-03-16 17:53:52:746	0	0
2021-03-16 17:53:53:733	0	0
2021-03-16 17:53:53:747	0	0
2021-03-16 17:53:54:735	0	0
2021-03-16 17:53:54:754	0	0
2021-03-16 17:53:55:737	0	0
2021-03-16 17:53:55:749	0	0
2021-03-16 17:53:56:736	0	0
2021-03-16 17:53:56:752	0	0
2021-03-16 17:53:57:736	0	0
2021-03-16 17:53:57:752	0	0
2021-03-16 17:53:58:740	0	0
2021-03-16 17:53:58:755	0	0
2021-03-16 17:53:59:741	0	0
2021-03-16 17:53:59:755	0	0
2021-03-16 17:54:00:742	0	0
2021-03-16 17:54:00:757	0	0
2021-03-16 17:54:01:744	0	0
2021-03-16 17:54:01:759	0	0
2021-03-16 17:54:02:744	0	0
2021-03-16 17:54:02:760	0	0
2021-03-16 17:54:03:748	0	0
2021-03-16 17:54:03:761	0	0
2021-03-16 17:54:04:748	0	0
2021-03-16 17:54:04:763	0	0
2021-03-16 17:54:05:749	0	0
2021-03-16 17:54:05:765	0	0
2021-03-16 17:54:06:751	0	0
2021-03-16 17:54:06:766	0	0
2021-03-16 17:54:07:754	0	0
2021-03-16 17:54:07:767	0	0
2021-03-16 17:54:08:753	0	0
2021-03-16 17:54:08:794	0	0
2021-03-16 17:54:09:755	0	0
2021-03-16 17:54:09:770	0	0
2021-03-16 17:54:10:756	0	0
2021-03-16 17:54:10:773	0	0
2021-03-16 17:54:11:758	0	0
2021-03-16 17:54:11:773	0	0
2021-03-16 17:54:12:760	0	0
2021-03-16 17:54:12:775	0	0
2021-03-16 17:54:13:763	0	0
2021-03-16 17:54:13:776	0	0
2021-03-16 17:54:14:764	0	0
2021-03-16 17:54:14:778	0	0
2021-03-16 17:54:15:763	0	0
2021-03-16 17:54:15:778	0	0
2021-03-16 17:54:16:764	0	0
2021-03-16 17:54:16:781	0	0
2021-03-16 17:54:17:768	0	0
2021-03-16 17:54:17:781	0	0
2021-03-16 17:54:18:767	0	0
2021-03-16 17:54:18:783	0	0
2021-03-16 17:54:19:770	0	0
2021-03-16 17:54:19:785	0	0
2021-03-16 17:54:20:771	0	0
2021-03-16 17:54:20:786	0	0
2021-03-16 17:54:21:774	0	0
2021-03-16 17:54:21:788	0	0
2021-03-16 17:54:22:773	0	0
2021-03-16 17:54:22:789	0	0
2021-03-16 17:54:23:775	0	0
2021-03-16 17:54:23:792	0	0
2021-03-16 17:54:24:776	0	0
2021-03-16 17:54:24:791	0	0
2021-03-16 17:54:25:780	0	0
2021-03-16 17:54:25:793	0	0
2021-03-16 17:54:26:780	0	0
2021-03-16 17:54:26:795	0	0
2021-03-16 17:54:27:782	0	0
2021-03-16 17:54:27:796	0	0
2021-03-16 17:54:28:784	0	0
2021-03-16 17:54:28:798	0	0
2021-03-16 17:54:29:785	0	0
2021-03-16 17:54:29:804	0	0
2021-03-16 17:54:30:785	0	0
2021-03-16 17:54:30:800	0	0
2021-03-16 17:54:31:786	0	0
2021-03-16 17:54:31:802	0	0
2021-03-16 17:54:32:790	0	0
2021-03-16 17:54:32:803	0	0
2021-03-16 17:54:33:790	0	0
2021-03-16 17:54:33:804	0	0
2021-03-16 17:54:34:790	0	0
2021-03-16 17:54:34:806	0	0
2021-03-16 17:54:35:793	0	0
2021-03-16 17:54:35:807	0	0
2021-03-16 17:54:36:793	0	0
2021-03-16 17:54:36:809	0	0
2021-03-16 17:54:37:796	0	0
2021-03-16 17:54:37:812	0	0
2021-03-16 17:54:38:798	0	0
2021-03-16 17:54:38:811	0	0
2021-03-16 17:54:39:797	0	0
2021-03-16 17:54:39:813	0	0
2021-03-16 17:54:40:800	0	0
2021-03-16 17:54:40:815	0	0
2021-03-16 17:54:41:801	0	0
2021-03-16 17:54:41:816	0	0
2021-03-16 17:54:42:805	0	0
2021-03-16 17:54:42:825	0	0
2021-03-16 17:54:43:803	0	0
2021-03-16 17:54:43:820	0	0
2021-03-16 17:54:44:806	0	0
2021-03-16 17:54:44:826	0	0
2021-03-16 17:54:45:807	0	0
2021-03-16 17:54:45:822	0	0
2021-03-16 17:54:46:809	0	0
2021-03-16 17:54:46:824	0	0
2021-03-16 17:54:47:809	0	0
2021-03-16 17:54:47:824	0	0
2021-03-16 17:54:48:811	0	0
2021-03-16 17:54:48:826	0	0
2021-03-16 17:54:49:814	0	0
2021-03-16 17:54:49:829	0	0
2021-03-16 17:54:50:815	0	0
2021-03-16 17:54:50:830	0	0
2021-03-16 17:54:51:816	0	0
2021-03-16 17:54:51:831	0	0
2021-03-16 17:54:52:818	0	0
2021-03-16 17:54:52:833	0	0
2021-03-16 17:54:53:818	0	0
2021-03-16 17:54:53:834	0	0
2021-03-16 17:54:54:821	0	0
2021-03-16 17:54:54:835	0	0
2021-03-16 17:54:55:825	0	0
2021-03-16 17:54:55:835	0	0
2021-03-16 17:54:56:823	0	0
2021-03-16 17:54:56:838	0	0
2021-03-16 17:54:57:824	0	0
2021-03-16 17:54:57:839	0	0
2021-03-16 17:54:58:825	0	0
2021-03-16 17:54:58:841	0	0
2021-03-16 17:54:59:827	0	0
2021-03-16 17:54:59:845	0	0
2021-03-16 17:55:00:827	0	0
2021-03-16 17:55:00:843	0	0
2021-03-16 17:55:01:832	0	0
2021-03-16 17:55:01:844	0	0
2021-03-16 17:55:02:832	0	0
2021-03-16 17:55:02:846	0	0
2021-03-16 17:55:03:833	0	0
2021-03-16 17:55:03:847	0	0
2021-03-16 17:55:04:833	0	0
2021-03-16 17:55:04:848	0	0
2021-03-16 17:55:05:834	0	0
2021-03-16 17:55:05:850	0	0
2021-03-16 17:55:06:836	0	0
2021-03-16 17:55:06:851	0	0
2021-03-16 17:55:07:837	0	0
2021-03-16 17:55:07:854	0	0
2021-03-16 17:55:08:842	0	0
2021-03-16 17:55:08:854	0	0
2021-03-16 17:55:09:841	0	0
2021-03-16 17:55:09:856	0	0
2021-03-16 17:55:10:845	0	0
2021-03-16 17:55:10:859	0	0
2021-03-16 17:55:11:843	0	0
2021-03-16 17:55:11:859	0	0
2021-03-16 17:55:12:845	0	0
2021-03-16 17:55:12:861	0	0
2021-03-16 17:55:13:846	0	0
2021-03-16 17:55:13:862	0	0
2021-03-16 17:55:14:847	0	0
2021-03-16 17:55:14:863	0	0
2021-03-16 17:55:15:852	0	0
2021-03-16 17:55:15:866	0	0
2021-03-16 17:55:16:851	0	0
2021-03-16 17:55:16:866	0	0
2021-03-16 17:55:17:852	0	0
2021-03-16 17:55:17:869	0	0
2021-03-16 17:55:18:853	0	0
2021-03-16 17:55:18:869	0	0
2021-03-16 17:55:19:856	0	0
2021-03-16 17:55:19:870	0	0
2021-03-16 17:55:20:858	0	0
2021-03-16 17:55:20:872	0	0
2021-03-16 17:55:21:858	0	0
2021-03-16 17:55:21:874	0	0
2021-03-16 17:55:22:859	0	0
2021-03-16 17:55:22:874	0	0
2021-03-16 17:55:23:863	0	0
2021-03-16 17:55:23:877	0	0
2021-03-16 17:55:24:864	0	0
2021-03-16 17:55:24:877	0	0
2021-03-16 17:55:25:865	0	0
2021-03-16 17:55:25:886	0	0
2021-03-16 17:55:26:866	0	0
2021-03-16 17:55:26:882	0	0
2021-03-16 17:55:27:868	0	0
2021-03-16 17:55:27:886	0	0
2021-03-16 17:55:28:869	0	0
2021-03-16 17:55:28:884	0	0
2021-03-16 17:55:29:869	0	0
2021-03-16 17:55:29:884	0	0
2021-03-16 17:55:30:872	0	0
2021-03-16 17:55:30:891	0	0
2021-03-16 17:55:31:872	0	0
2021-03-16 17:55:31:886	0	0
2021-03-16 17:55:32:875	0	0
2021-03-16 17:55:32:891	0	0
2021-03-16 17:55:33:876	0	0
2021-03-16 17:55:33:890	0	0
2021-03-16 17:55:34:876	0	0
2021-03-16 17:55:34:892	0	0
2021-03-16 17:55:35:879	0	0
2021-03-16 17:55:35:892	0	0
2021-03-16 17:55:36:880	0	0
2021-03-16 17:55:36:894	0	0
2021-03-16 17:55:37:881	0	0
2021-03-16 17:55:37:896	0	0
2021-03-16 17:55:38:882	0	0
2021-03-16 17:55:38:897	0	0
2021-03-16 17:55:39:883	0	0
2021-03-16 17:55:39:898	0	0
2021-03-16 17:55:40:883	0	0
2021-03-16 17:55:40:900	0	0
2021-03-16 17:55:41:887	0	0
2021-03-16 17:55:41:901	0	0
2021-03-16 17:55:42:889	0	0
2021-03-16 17:55:42:903	0	0
2021-03-16 17:55:43:889	0	0
2021-03-16 17:55:43:903	0	0
2021-03-16 17:55:44:891	0	0
2021-03-16 17:55:44:905	0	0
2021-03-16 17:55:45:891	0	0
2021-03-16 17:55:45:905	0	0
2021-03-16 17:55:46:892	0	0
2021-03-16 17:55:46:909	0	0
2021-03-16 17:55:47:894	0	0
2021-03-16 17:55:47:910	0	0
2021-03-16 17:55:48:894	0	0
2021-03-16 17:55:48:910	0	0
2021-03-16 17:55:49:896	0	0
2021-03-16 17:55:49:913	0	0
2021-03-16 17:55:50:898	0	0
2021-03-16 17:55:50:912	0	0
2021-03-16 17:55:51:899	0	0
2021-03-16 17:55:51:915	0	0
2021-03-16 17:55:52:901	0	0
2021-03-16 17:55:52:915	0	0
2021-03-16 17:55:53:901	0	0
2021-03-16 17:55:53:917	0	0
2021-03-16 17:55:54:905	0	0
2021-03-16 17:55:54:918	0	0
2021-03-16 17:55:55:904	0	0
2021-03-16 17:55:55:920	0	0
2021-03-16 17:55:56:908	0	0
2021-03-16 17:55:56:926	0	0
2021-03-16 17:55:57:907	0	0
2021-03-16 17:55:57:922	0	0
2021-03-16 17:55:58:907	0	0
2021-03-16 17:55:58:923	0	0
2021-03-16 17:55:59:910	0	0
2021-03-16 17:55:59:925	0	0
2021-03-16 17:56:00:911	0	0
2021-03-16 17:56:00:926	0	0
2021-03-16 18:01:26:398	0	0
2021-03-16 18:01:27:329	0	0
2021-03-16 18:01:28:329	0	0
2021-03-16 18:01:29:333	0	0
2021-03-16 18:01:30:331	0	0
2021-03-16 18:01:31:332	0	0
2021-03-16 18:01:32:334	0	0
2021-03-16 18:01:33:336	0	0
2021-03-16 18:01:34:335	0	0
2021-03-16 18:01:35:338	0	0
2021-03-16 18:01:36:339	0	0
2021-03-16 18:01:37:340	0	0
2021-03-16 18:01:38:341	0	0
2021-03-16 18:01:39:344	0	0
2021-03-16 18:01:40:344	0	0
2021-03-16 18:25:58:258	0	0
2021-03-16 18:25:58:268	0	0
2021-03-16 18:25:59:253	0	0
2021-03-16 18:25:59:268	0	0
2021-03-16 18:26:00:255	0	0
2021-03-16 18:26:00:270	0	0
2021-03-16 18:26:01:255	0	0
2021-03-16 18:26:01:271	0	0
2021-03-16 18:26:02:256	0	0
2021-03-16 18:26:02:275	0	0
2021-03-16 18:26:03:259	0	0
2021-03-16 18:26:03:274	0	0
2021-03-16 18:26:04:260	0	0
2021-03-16 18:26:04:274	0	0
2021-03-16 18:26:05:260	0	0
2021-03-16 18:26:05:275	0	0
2021-03-16 18:26:06:264	0	0
2021-03-16 18:26:06:277	0	0
2021-03-16 18:26:07:263	0	0
2021-03-16 18:26:07:279	0	0
2021-03-16 18:26:08:268	0	0
2021-03-16 18:26:08:280	0	0
2021-03-16 18:26:09:265	0	0
2021-03-16 18:26:09:280	0	0
2021-03-16 18:26:10:268	0	0
2021-03-16 18:26:10:282	0	0
2021-03-16 18:26:11:270	0	0
2021-03-16 18:26:11:287	0	0
2021-03-16 18:26:12:269	0	0
