Magnetic Sensor Monitoring Program V1.0
회 사 명 : (주)래도
작성일자 : 2025년 10월 31일 16:55:02


날짜 	시간 	X축 	Y축 	Z축 	방위 	분당교통량(min/count) 	차량속도(km/h) 	rel 	abs_rel 	threshold_t 	state
2025-10-31	16:55:02[680]	-118	-87	-241	216.400911289223	0	0	-568	568	30	0
2025-10-31	16:55:02[882]	-118	-94	-240	218.541183621281	0	0	-567	567	30	0
2025-10-31	16:55:03[080]	-119	-86	-236	215.855228346216	0	0	-563	563	30	0
2025-10-31	16:55:03[266]	-120	-92	-239	217.476179561361	0	0	-566	566	30	0
2025-10-31	16:55:03[464]	-116	-93	-232	218.7199928743	0	0	-559	559	30	0
2025-10-31	16:55:03[667]	-122	-87	-238	215.493228010734	0	0	-565	565	30	0
2025-10-31	16:55:03[896]	-121	-92	-241	217.246838125441	0	0	-568	568	30	0
2025-10-31	16:55:04[057]	-118	-86	-242	216.085073042852	0	0	-569	569	30	0
2025-10-31	16:55:04[246]	-120	-89	-234	216.563095868594	0	0	-561	561	30	0
2025-10-31	16:55:04[456]	-116	-97	-235	219.902600262021	0	0	-562	562	30	0
2025-10-31	16:55:04[643]	-120	-95	-229	218.367485384862	0	0	-556	556	30	0
2025-10-31	16:55:04[840]	-123	-90	-233	216.193207305565	0	0	-560	560	30	0
2025-10-31	16:55:05[035]	-120	-91	-236	217.174254833591	0	0	-563	563	30	0
2025-10-31	16:55:05[226]	-125	-90	-237	215.753887254437	0	0	-564	564	30	0
2025-10-31	16:55:05[432]	-121	-90	-228	216.6419315563	0	0	-555	555	30	0
2025-10-31	16:55:05[624]	-128	-93	-232	216.000748954161	0	0	-559	559	30	0
2025-10-31	16:55:05[817]	-125	-91	-231	216.054618166461	0	0	-558	558	30	0
2025-10-31	16:55:06[008]	-124	-88	-232	215.362461887069	0	0	-559	559	30	0
2025-10-31	16:55:06[215]	-124	-90	-232	215.972387049285	0	0	-559	559	30	0
2025-10-31	16:55:06[415]	-118	-91	-231	217.638922328422	0	0	-558	558	30	0
2025-10-31	16:55:06[605]	-122	-93	-233	217.318095383749	0	0	-560	560	30	0
2025-10-31	16:55:06[808]	-125	-89	-225	215.450866071264	0	0	-552	552	30	0
2025-10-31	16:55:07[010]	-124	-92	-227	216.573030978519	0	0	-554	554	30	0
2025-10-31	16:55:07[187]	-125	-91	-235	216.054618166461	0	0	-562	562	30	0
2025-10-31	16:55:07[393]	-124	-86	-237	214.743180158304	0	0	-564	564	30	0
2025-10-31	16:55:07[585]	-126	-89	-229	215.235442120112	0	0	-556	556	30	0
2025-10-31	16:55:07[776]	-124	-84	-228	214.114472945341	0	0	-555	555	30	0
2025-10-31	16:55:07[967]	-123	-93	-228	217.092837297042	0	0	-555	555	30	0
2025-10-31	16:55:08[177]	-126	-95	-235	217.015133784743	0	0	-562	562	30	0
2025-10-31	16:55:08[366]	-120	-87	-230	215.942111871382	0	0	-557	557	30	0
2025-10-31	16:55:08[575]	-123	-93	-233	217.092837297042	0	0	-560	560	30	0
2025-10-31	16:55:08[752]	-117	-95	-230	219.075418018018	0	0	-557	557	30	0
2025-10-31	16:55:08[959]	-126	-86	-232	214.315087599997	0	0	-559	559	30	0
2025-10-31	16:55:09[157]	-121	-93	-231	217.545701187252	0	0	-558	558	30	0
2025-10-31	16:55:09[343]	-125	-88	-230	215.145545499706	0	0	-557	557	30	0
2025-10-31	16:55:09[561]	-121	-89	-234	216.335864566892	0	0	-561	561	30	0
2025-10-31	16:55:09[749]	-119	-91	-233	217.405356631409	0	0	-560	560	30	0
2025-10-31	16:55:10[032]	-122	-89	-234	216.111057521575	0	0	-561	561	30	0
2025-10-31	16:55:10[235]	-127	-87	-231	214.412678681763	0	0	-558	558	30	0
2025-10-31	16:55:10[428]	-125	-91	-233	216.054618166461	0	0	-560	560	30	0
2025-10-31	16:55:10[614]	-127	-83	-230	213.166354693839	0	0	-557	557	30	0
2025-10-31	16:55:10[825]	-121	-90	-232	216.6419315563	0	0	-559	559	30	0
2025-10-31	16:55:11[015]	-119	-86	-233	215.855228346216	0	0	-560	560	30	0
2025-10-31	16:55:11[212]	-122	-82	-231	213.906276988442	0	0	-558	558	30	0
2025-10-31	16:55:11[401]	-122	-90	-238	216.416378519886	0	0	-565	565	30	0
2025-10-31	16:55:11[606]	-121	-90	-231	216.6419315563	0	0	-558	558	30	0
2025-10-31	16:55:11[797]	-121	-92	-231	217.246838125441	0	0	-558	558	30	0
2025-10-31	16:55:11[991]	-116	-91	-231	218.113572668568	0	0	-558	558	30	0
2025-10-31	16:55:12[182]	-122	-90	-228	216.416378519886	0	0	-555	555	30	0
2025-10-31	16:55:12[390]	-121	-93	-234	217.545701187252	0	0	-561	561	30	0
2025-10-31	16:55:12[586]	-118	-84	-236	215.445710327598	0	0	-563	563	30	0
2025-10-31	16:55:12[786]	-124	-93	-229	216.869897645844	0	0	-556	556	30	0
2025-10-31	16:55:12[971]	-122	-88	-232	215.803344108371	0	0	-559	559	30	0
2025-10-31	16:55:13[177]	-124	-88	-230	215.362461887069	0	0	-557	557	30	0
2025-10-31	16:55:13[361]	-122	-91	-230	216.719317757278	0	0	-557	557	30	0
2025-10-31	16:55:13[568]	-122	-91	-238	216.719317757278	0	0	-565	565	30	0
2025-10-31	16:55:13[767]	-126	-95	-232	217.015133784743	0	0	-559	559	30	0
2025-10-31	16:55:13[953]	-124	-87	-231	215.053995057583	0	0	-558	558	30	0
2025-10-31	16:55:14[142]	-122	-90	-233	216.416378519886	0	0	-560	560	30	0
2025-10-31	16:55:14[355]	-115	-92	-233	218.65980825409	0	0	-560	560	30	0
2025-10-31	16:55:14[542]	-119	-91	-231	217.405356631409	0	0	-558	558	30	0
2025-10-31	16:55:14[740]	-120	-89	-232	216.563095868594	0	0	-559	559	30	0
2025-10-31	16:55:14[934]	-122	-89	-236	216.111057521575	0	0	-563	563	30	0
2025-10-31	16:55:15[142]	-124	-88	-232	215.362461887069	0	0	-559	559	30	0
2025-10-31	16:55:15[330]	-125	-88	-235	215.145545499706	0	0	-562	562	30	0
2025-10-31	16:55:15[523]	-127	-92	-231	215.919927135973	0	0	-558	558	30	0
2025-10-31	16:55:15[711]	-122	-88	-232	215.803344108371	0	0	-559	559	30	0
2025-10-31	16:55:15[917]	-124	-88	-232	215.362461887069	0	0	-559	559	30	0
2025-10-31	16:55:16[111]	-120	-88	-231	216.253837737445	0	0	-558	558	30	0
2025-10-31	16:55:16[300]	-120	-89	-230	216.563095868594	0	0	-557	557	30	0
2025-10-31	16:55:16[507]	-123	-87	-239	215.272421448598	0	0	-566	566	30	0
2025-10-31	16:55:16[700]	-127	-87	-235	214.412678681763	0	0	-562	562	30	0
2025-10-31	16:55:16[907]	-123	-89	-229	215.888642955216	0	0	-556	556	30	0
2025-10-31	16:55:17[084]	-129	-87	-232	213.99645914825	0	0	-559	559	30	0
2025-10-31	16:55:17[286]	-125	-87	-230	214.837916805999	0	0	-557	557	30	0
2025-10-31	16:55:17[487]	-124	-87	-234	215.053995057583	0	0	-561	561	30	0
2025-10-31	16:55:17[688]	-123	-91	-236	216.495420759121	0	0	-563	563	30	0
2025-10-31	16:55:17[874]	-125	-89	-233	215.450866071264	0	0	-560	560	30	0
2025-10-31	16:55:18[064]	-122	-89	-230	216.111057521575	0	0	-557	557	30	0
2025-10-31	16:55:18[278]	-128	-89	-231	214.811371991547	0	0	-558	558	30	0
2025-10-31	16:55:18[482]	-127	-89	-232	215.022287379849	0	0	-559	559	30	0
2025-10-31	16:55:18[686]	-120	-94	-234	218.072781873991	0	0	-561	561	30	0
2025-10-31	16:55:18[859]	-123	-86	-230	214.960745212848	0	0	-557	557	30	0
2025-10-31	16:55:19[057]	-121	-88	-232	216.027373385104	0	0	-559	559	30	0
2025-10-31	16:55:19[247]	-126	-84	-228	213.69006752598	0	0	-555	555	30	0
2025-10-31	16:55:19[439]	-119	-89	-235	216.792783588082	0	0	-562	562	30	0
2025-10-31	16:55:19[631]	-120	-89	-230	216.563095868594	0	0	-557	557	30	0
2025-10-31	16:55:19[886]	-118	-82	-231	214.796026278268	0	0	-558	558	30	0
2025-10-31	16:55:20[031]	-119	-97	-229	219.184373470509	0	0	-556	556	30	0
2025-10-31	16:55:20[230]	-123	-90	-229	216.193207305565	0	0	-556	556	30	0
2025-10-31	16:55:20[415]	-125	-92	-229	216.353068292047	0	0	-556	556	30	0
2025-10-31	16:55:20[635]	-126	-88	-235	214.930937301111	0	0	-562	562	30	0
2025-10-31	16:55:20[814]	-122	-88	-231	215.803344108371	0	0	-558	558	30	0
2025-10-31	16:55:21[013]	-120	-95	-233	218.367485384862	0	0	-560	560	30	0
2025-10-31	16:55:21[207]	-123	-93	-234	217.092837297042	0	0	-561	561	30	0
2025-10-31	16:55:21[408]	-121	-94	-233	217.842186986384	0	0	-560	560	30	0
2025-10-31	16:55:21[599]	-122	-83	-234	214.228545839802	0	0	-561	561	30	0
2025-10-31	16:55:21[790]	-118	-85	-231	215.766676490723	0	0	-558	558	30	0
2025-10-31	16:55:21[986]	-121	-92	-228	217.246838125441	0	0	-555	555	30	0
2025-10-31	16:55:22[189]	-124	-92	-228	216.573030978519	0	0	-555	555	30	0
2025-10-31	16:55:22[393]	-119	-88	-231	216.482769891693	0	0	-558	558	30	0
2025-10-31	16:55:22[575]	-117	-89	-236	217.259658841162	0	0	-563	563	30	0
2025-10-31	16:55:22[788]	-127	-85	-238	213.794052492597	0	0	-565	565	30	0
2025-10-31	16:55:22[980]	-125	-91	-231	216.054618166461	0	0	-558	558	30	0
2025-10-31	16:55:23[179]	-127	-90	-233	215.323728900228	0	0	-560	560	30	0
2025-10-31	16:55:23[358]	-126	-85	-232	214.003727419113	0	0	-559	559	30	0
2025-10-31	16:55:23[553]	-122	-88	-235	215.803344108371	0	0	-562	562	30	0
2025-10-31	16:55:23[757]	-123	-89	-237	215.888642955216	0	0	-564	564	30	0
2025-10-31	16:55:23[946]	-120	-88	-230	216.253837737445	0	0	-557	557	30	0
2025-10-31	16:55:24[158]	-120	-93	-234	217.775684305955	0	0	-561	561	30	0
2025-10-31	16:55:24[344]	-119	-89	-234	216.792783588082	0	0	-561	561	30	0
2025-10-31	16:55:24[548]	-123	-87	-232	215.272421448598	0	0	-559	559	30	0
2025-10-31	16:55:24[733]	-119	-91	-233	217.405356631409	0	0	-560	560	30	0
2025-10-31	16:55:24[924]	-125	-91	-230	216.054618166461	0	0	-557	557	30	0
2025-10-31	16:55:25[132]	-120	-94	-238	218.072781873991	0	0	-565	565	30	0
2025-10-31	16:55:25[341]	-124	-91	-231	216.273864223701	0	0	-558	558	30	0
2025-10-31	16:55:25[526]	-122	-94	-235	217.613956848733	0	0	-562	562	30	0
2025-10-31	16:55:25[716]	-124	-92	-230	216.573030978519	0	0	-557	557	30	0
2025-10-31	16:55:25[916]	-127	-87	-236	214.412678681763	0	0	-563	563	30	0
2025-10-31	16:55:26[120]	-121	-91	-231	216.945585553618	0	0	-558	558	30	0
2025-10-31	16:55:26[327]	-125	-90	-236	215.753887254437	0	0	-563	563	30	0
2025-10-31	16:55:26[513]	-119	-88	-230	216.482769891693	0	0	-557	557	30	0
2025-10-31	16:55:26[735]	-127	-90	-233	215.323728900228	0	0	-560	560	30	0
2025-10-31	16:55:26[952]	-122	-87	-233	215.493228010734	0	0	-560	560	30	0
2025-10-31	16:55:27[096]	-126	-86	-228	214.315087599997	0	0	-555	555	30	0
2025-10-31	16:55:27[284]	-122	-92	-229	217.019886254831	0	0	-556	556	30	0
2025-10-31	16:55:27[498]	-120	-87	-223	215.942111871382	0	0	-550	550	30	0
2025-10-31	16:55:27[683]	-124	-99	-236	218.603414788528	0	0	-563	563	30	0
2025-10-31	16:55:27[884]	-128	-91	-235	215.410448290852	0	0	-562	562	30	0
2025-10-31	16:55:28[083]	-121	-93	-231	217.545701187252	0	0	-558	558	30	0
2025-10-31	16:55:28[272]	-125	-94	-234	216.943165866153	0	0	-561	561	30	0
2025-10-31	16:55:28[460]	-122	-91	-230	216.719317757278	0	0	-557	557	30	0
2025-10-31	16:55:28[683]	-118	-87	-235	216.400911289223	0	0	-562	562	30	0
2025-10-31	16:55:28[868]	-126	-94	-237	216.724107172925	0	0	-564	564	30	0
2025-10-31	16:55:29[050]	-126	-93	-238	216.430858120162	0	0	-565	565	30	0
2025-10-31	16:55:29[236]	-119	-93	-231	218.008074653332	0	0	-558	558	30	0
2025-10-31	16:55:29[444]	-126	-86	-235	214.315087599997	0	0	-562	562	30	0
2025-10-31	16:55:29[646]	-120	-87	-239	215.942111871382	0	0	-566	566	30	0
2025-10-31	16:55:29[833]	-124	-88	-231	215.362461887069	0	0	-558	558	30	0
2025-10-31	16:55:30[030]	-121	-87	-229	215.716447194739	0	0	-556	556	30	0
2025-10-31	16:55:30[220]	-124	-90	-231	215.972387049285	0	0	-558	558	30	0
2025-10-31	16:55:30[424]	-122	-90	-233	216.416378519886	0	0	-560	560	30	0
2025-10-31	16:55:30[631]	-117	-92	-230	218.178847635216	0	0	-557	557	30	0
2025-10-31	16:55:30[840]	-126	-85	-232	214.003727419113	0	0	-559	559	30	0
2025-10-31	16:55:31[011]	-126	-90	-235	215.537677791974	0	0	-562	562	30	0
2025-10-31	16:55:31[203]	-122	-91	-235	216.719317757278	0	0	-562	562	30	0
2025-10-31	16:55:31[418]	-121	-88	-231	216.027373385104	0	0	-558	558	30	0
2025-10-31	16:55:31[604]	-123	-89	-235	215.888642955216	0	0	-562	562	30	0
2025-10-31	16:55:31[797]	-124	-86	-232	214.743180158304	0	0	-559	559	30	0
2025-10-31	16:55:32[009]	-124	-86	-233	214.743180158304	0	0	-560	560	30	0
2025-10-31	16:55:32[196]	-122	-90	-234	216.416378519886	0	0	-561	561	30	0
2025-10-31	16:55:32[382]	-128	-89	-232	214.811371991547	0	0	-559	559	30	0
2025-10-31	16:55:32[568]	-118	-89	-232	217.024960270007	0	0	-559	559	30	0
2025-10-31	16:55:32[786]	-117	-91	-234	217.874983651098	0	0	-561	561	30	0
2025-10-31	16:55:32[973]	-122	-87	-230	215.493228010734	0	0	-557	557	30	0
2025-10-31	16:55:33[178]	-122	-94	-233	217.613956848733	0	0	-560	560	30	0
2025-10-31	16:55:33[366]	-125	-91	-235	216.054618166461	0	0	-562	562	30	0
2025-10-31	16:55:33[568]	-119	-90	-234	217.100308385735	0	0	-561	561	30	0
2025-10-31	16:55:33[750]	-125	-92	-234	216.353068292047	0	0	-561	561	30	0
2025-10-31	16:55:33[976]	-117	-89	-229	217.259658841162	0	0	-556	556	30	0
2025-10-31	16:55:34[150]	-124	-89	-235	215.668589474706	0	0	-562	562	30	0
2025-10-31	16:55:34[352]	-125	-92	-232	216.353068292047	0	0	-559	559	30	0
2025-10-31	16:55:34[553]	-128	-92	-233	215.706691400603	0	0	-560	560	30	0
2025-10-31	16:55:34[738]	-122	-91	-241	216.719317757278	0	0	-568	568	30	0
2025-10-31	16:55:34[929]	-122	-90	-239	216.416378519886	0	0	-566	566	30	0
2025-10-31	16:55:35[127]	-121	-90	-237	216.6419315563	0	0	-564	564	30	0
2025-10-31	16:55:35[313]	-124	-92	-229	216.573030978519	0	0	-556	556	30	0
2025-10-31	16:55:35[518]	-126	-91	-230	215.837652954278	0	0	-557	557	30	0
2025-10-31	16:55:35[746]	-117	-92	-234	218.178847635216	0	0	-561	561	30	0
2025-10-31	16:55:35[934]	-126	-92	-229	216.135376611589	0	0	-556	556	30	0
2025-10-31	16:55:36[118]	-125	-89	-236	215.450866071264	0	0	-563	563	30	0
2025-10-31	16:55:36[320]	-125	-87	-236	214.837916805999	0	0	-563	563	30	0
2025-10-31	16:55:36[509]	-123	-89	-231	215.888642955216	0	0	-558	558	30	0
2025-10-31	16:55:36[696]	-125	-89	-232	215.450866071264	0	0	-559	559	30	0
2025-10-31	16:55:36[901]	-123	-92	-233	216.795293808431	0	0	-560	560	30	0
2025-10-31	16:55:37[088]	-121	-88	-233	216.027373385104	0	0	-560	560	30	0
2025-10-31	16:55:37[289]	-119	-85	-230	215.537677791974	0	0	-557	557	30	0
2025-10-31	16:55:37[490]	-124	-96	-236	217.746805387275	0	0	-563	563	30	0
2025-10-31	16:55:37[694]	-119	-87	-231	216.170255332091	0	0	-558	558	30	0
2025-10-31	16:55:37[867]	-128	-90	-237	215.112011184422	0	0	-564	564	30	0
2025-10-31	16:55:38[070]	-132	-91	-232	214.582144250733	0	0	-559	559	30	0
2025-10-31	16:55:38[272]	-124	-96	-237	217.746805387275	0	0	-564	564	30	0
2025-10-31	16:55:38[458]	-126	-86	-233	214.315087599997	0	0	-560	560	30	0
2025-10-31	16:55:38[662]	-120	-89	-237	216.563095868594	0	0	-564	564	30	0
2025-10-31	16:55:38[853]	-121	-85	-229	215.087248553276	0	0	-556	556	30	0
2025-10-31	16:55:39[050]	-119	-92	-227	217.707941035417	0	0	-554	554	30	0
2025-10-31	16:55:39[238]	-123	-92	-233	216.795293808431	0	0	-560	560	30	0
2025-10-31	16:55:39[455]	-123	-87	-234	215.272421448598	0	0	-561	561	30	0
2025-10-31	16:55:39[642]	-126	-91	-237	215.837652954278	0	0	-564	564	30	0
2025-10-31	16:55:39[831]	-125	-87	-231	214.837916805999	0	0	-558	558	30	0
2025-10-31	16:55:40[050]	-123	-92	-232	216.795293808431	0	0	-559	559	30	0
2025-10-31	16:55:40[221]	-119	-90	-233	217.100308385735	0	0	-560	560	30	0
2025-10-31	16:55:40[422]	-127	-90	-233	215.323728900228	0	0	-560	560	30	0
2025-10-31	16:55:40[615]	-124	-95	-231	217.456773709601	0	0	-558	558	30	0
2025-10-31	16:55:40[827]	-122	-91	-233	216.719317757278	0	0	-560	560	30	0
2025-10-31	16:55:41[014]	-128	-92	-231	215.706691400603	0	0	-558	558	30	0
2025-10-31	16:55:41[214]	-122	-95	-233	217.907482671727	0	0	-560	560	30	0
2025-10-31	16:55:41[401]	-119	-89	-235	216.792783588082	0	0	-562	562	30	0
2025-10-31	16:55:41[586]	-123	-88	-230	215.581717583081	0	0	-557	557	30	0
2025-10-31	16:55:41[821]	-124	-86	-233	214.743180158304	0	0	-560	560	30	0
2025-10-31	16:55:41[993]	-123	-92	-235	216.795293808431	0	0	-562	562	30	0
2025-10-31	16:55:42[179]	-119	-85	-233	215.537677791974	0	0	-560	560	30	0
2025-10-31	16:55:42[382]	-125	-87	-233	214.837916805999	0	0	-560	560	30	0
2025-10-31	16:55:42[604]	-123	-89	-236	215.888642955216	0	0	-563	563	30	0
2025-10-31	16:55:42[773]	-123	-90	-233	216.193207305565	0	0	-560	560	30	0
2025-10-31	16:55:42[972]	-125	-94	-231	216.943165866153	0	0	-558	558	30	0
2025-10-31	16:55:43[160]	-126	-88	-235	214.930937301111	0	0	-562	562	30	0
2025-10-31	16:55:43[362]	-124	-91	-231	216.273864223701	0	0	-558	558	30	0
2025-10-31	16:55:43[563]	-122	-94	-232	217.613956848733	0	0	-559	559	30	0
2025-10-31	16:55:43[749]	-118	-92	-233	217.942153350119	0	0	-560	560	30	0
2025-10-31	16:55:43[970]	-125	-90	-237	215.753887254437	0	0	-564	564	30	0
2025-10-31	16:55:44[167]	-126	-89	-234	215.235442120112	0	0	-561	561	30	0
2025-10-31	16:55:44[354]	-125	-87	-232	214.837916805999	0	0	-559	559	30	0
2025-10-31	16:55:44[542]	-120	-85	-230	215.311213439633	0	0	-557	557	30	0
2025-10-31	16:55:44[760]	-119	-88	-233	216.482769891693	0	0	-560	560	30	0
2025-10-31	16:55:44[947]	-122	-94	-234	217.613956848733	0	0	-561	561	30	0
2025-10-31	16:55:45[126]	-122	-85	-235	214.865748712604	0	0	-562	562	30	0
2025-10-31	16:55:45[320]	-121	-96	-233	218.428077345684	0	0	-560	560	30	0
2025-10-31	16:55:45[521]	-128	-87	-236	214.203456828176	0	0	-563	563	30	0
2025-10-31	16:55:45[711]	-122	-90	-230	216.416378519886	0	0	-557	557	30	0
2025-10-31	16:55:45[912]	-121	-92	-231	217.246838125441	0	0	-558	558	30	0
2025-10-31	16:55:46[119]	-123	-90	-236	216.193207305565	0	0	-563	563	30	0
2025-10-31	16:55:46[300]	-122	-96	-235	218.198685176018	0	0	-562	562	30	0
2025-10-31	16:55:46[539]	-126	-90	-233	215.537677791974	0	0	-560	560	30	0
2025-10-31	16:55:46[708]	-126	-90	-229	215.537677791974	0	0	-556	556	30	0
2025-10-31	16:55:46[908]	-129	-90	-232	214.902495615925	0	0	-559	559	30	0
2025-10-31	16:55:47[099]	-122	-94	-227	217.613956848733	0	0	-554	554	30	0
2025-10-31	16:55:47[285]	-119	-92	-232	217.707941035417	0	0	-559	559	30	0
2025-10-31	16:55:47[487]	-124	-90	-232	215.972387049285	0	0	-559	559	30	0
2025-10-31	16:55:47[676]	-123	-91	-234	216.495420759121	0	0	-561	561	30	0
2025-10-31	16:55:47[879]	-122	-90	-236	216.416378519886	0	0	-563	563	30	0
2025-10-31	16:55:48[066]	-117	-89	-223	217.259658841162	0	0	-550	550	30	0
2025-10-31	16:55:48[267]	-128	-88	-233	214.508522987668	0	0	-560	560	30	0
2025-10-31	16:55:48[453]	-121	-89	-230	216.335864566892	0	0	-557	557	30	0
2025-10-31	16:55:48[670]	-117	-94	-230	218.77905007884	0	0	-557	557	30	0
2025-10-31	16:55:48[886]	-125	-90	-234	215.753887254437	0	0	-561	561	30	0
2025-10-31	16:55:49[074]	-121	-89	-234	216.335864566892	0	0	-561	561	30	0
2025-10-31	16:55:49[282]	-126	-91	-239	215.837652954278	0	0	-566	566	30	0
2025-10-31	16:55:49[466]	-121	-90	-237	216.6419315563	0	0	-564	564	30	0
2025-10-31	16:55:49[652]	-120	-95	-233	218.367485384862	0	0	-560	560	30	0
2025-10-31	16:55:49[855]	-123	-87	-236	215.272421448598	0	0	-563	563	30	0
2025-10-31	16:55:50[041]	-126	-95	-236	217.015133784743	0	0	-563	563	30	0
2025-10-31	16:55:50[250]	-124	-92	-228	216.573030978519	0	0	-555	555	30	0
2025-10-31	16:55:50[435]	-119	-92	-228	217.707941035417	0	0	-555	555	30	0
2025-10-31	16:55:50[626]	-123	-87	-231	215.272421448598	0	0	-558	558	30	0
2025-10-31	16:55:50[857]	-119	-90	-234	217.100308385735	0	0	-561	561	30	0
2025-10-31	16:55:51[038]	-119	-90	-234	217.100308385735	0	0	-561	561	30	0
2025-10-31	16:55:51[206]	-125	-89	-234	215.450866071264	0	0	-561	561	30	0
2025-10-31	16:55:51[410]	-123	-87	-236	215.272421448598	0	0	-563	563	30	0
2025-10-31	16:55:51[614]	-120	-90	-233	216.869897645844	0	0	-560	560	30	0
2025-10-31	16:55:51[800]	-124	-93	-233	216.869897645844	0	0	-560	560	30	0
2025-10-31	16:55:52[019]	-121	-94	-234	217.842186986384	0	0	-561	561	30	0
2025-10-31	16:55:52[207]	-126	-86	-235	214.315087599997	0	0	-562	562	30	0
2025-10-31	16:55:52[394]	-125	-92	-232	216.353068292047	0	0	-559	559	30	0
2025-10-31	16:55:52[581]	-123	-94	-236	217.388062403285	0	0	-563	563	30	0
2025-10-31	16:55:52[801]	-121	-92	-238	217.246838125441	0	0	-565	565	30	0
2025-10-31	16:55:53[001]	-118	-91	-227	217.638922328422	0	0	-554	554	30	0
2025-10-31	16:55:53[175]	-130	-94	-226	215.869823517721	0	0	-553	553	30	0
2025-10-31	16:55:53[362]	-120	-86	-234	215.627907291421	0	0	-561	561	30	0
2025-10-31	16:55:53[565]	-128	-91	-231	215.410448290852	0	0	-558	558	30	0
2025-10-31	16:55:53[782]	-119	-91	-232	217.405356631409	0	0	-559	559	30	0
2025-10-31	16:55:53[970]	-125	-87	-231	214.837916805999	0	0	-558	558	30	0
2025-10-31	16:55:54[140]	-126	-91	-231	215.837652954278	0	0	-558	558	30	0
2025-10-31	16:55:54[358]	-123	-89	-236	215.888642955216	0	0	-563	563	30	0
2025-10-31	16:55:54[547]	-124	-89	-230	215.668589474706	0	0	-557	557	30	0
2025-10-31	16:55:54[733]	-125	-90	-229	215.753887254437	0	0	-556	556	30	0
2025-10-31	16:55:54[938]	-119	-89	-233	216.792783588082	0	0	-560	560	30	0
2025-10-31	16:55:55[126]	-125	-94	-237	216.943165866153	0	0	-564	564	30	0
2025-10-31	16:55:55[343]	-124	-92	-231	216.573030978519	0	0	-558	558	30	0
2025-10-31	16:55:55[516]	-124	-90	-236	215.972387049285	0	0	-563	563	30	0
2025-10-31	16:55:55[718]	-126	-88	-232	214.930937301111	0	0	-559	559	30	0
2025-10-31	16:55:55[922]	-123	-85	-231	214.646679956071	0	0	-558	558	30	0
2025-10-31	16:55:56[110]	-125	-87	-233	214.837916805999	0	0	-560	560	30	0
2025-10-31	16:55:56[329]	-124	-93	-234	216.869897645844	0	0	-561	561	30	0
2025-10-31	16:55:56[548]	-122	-89	-236	216.111057521575	0	0	-563	563	30	0
2025-10-31	16:55:56[720]	-124	-90	-236	215.972387049285	0	0	-563	563	30	0
2025-10-31	16:55:56[921]	-128	-86	-236	213.896166563364	0	0	-563	563	30	0
2025-10-31	16:55:57[110]	-121	-90	-236	216.6419315563	0	0	-563	563	30	0
2025-10-31	16:55:57[308]	-121	-91	-231	216.945585553618	0	0	-558	558	30	0
2025-10-31	16:55:57[514]	-126	-92	-235	216.135376611589	0	0	-562	562	30	0
2025-10-31	16:55:57[706]	-122	-92	-236	217.019886254831	0	0	-563	563	30	0
2025-10-31	16:55:57[877]	-126	-89	-235	215.235442120112	0	0	-562	562	30	0
2025-10-31	16:55:58[092]	-128	-92	-228	215.706691400603	0	0	-555	555	30	0
2025-10-31	16:55:58[292]	-120	-96	-229	218.65980825409	0	0	-556	556	30	0
2025-10-31	16:55:58[460]	-126	-87	-233	214.624155079949	0	0	-560	560	30	0
2025-10-31	16:55:58[652]	-119	-85	-232	215.537677791974	0	0	-559	559	30	0
2025-10-31	16:55:58[886]	-119	-84	-228	215.217592968193	0	0	-555	555	30	0
2025-10-31	16:55:59[072]	-122	-84	-238	214.548367056011	0	0	-565	565	30	0
2025-10-31	16:55:59[244]	-124	-90	-229	215.972387049285	0	0	-556	556	30	0
2025-10-31	16:55:59[458]	-126	-89	-232	215.235442120112	0	0	-559	559	30	0
2025-10-31	16:55:59[673]	-120	-87	-233	215.942111871382	0	0	-560	560	30	0
2025-10-31	16:55:59[836]	-117	-88	-238	216.948170519983	0	0	-565	565	30	0
2025-10-31	16:56:00[039]	-126	-88	-231	214.930937301111	0	0	-558	558	30	0
2025-10-31	16:56:00[225]	-122	-89	-237	216.111057521575	0	0	-564	564	30	0
2025-10-31	16:56:00[441]	-122	-87	-232	215.493228010734	0	0	-559	559	30	0
2025-10-31	16:56:00[645]	-126	-85	-231	214.003727419113	0	0	-558	558	30	0
2025-10-31	16:56:00[832]	-121	-89	-232	216.335864566892	0	0	-559	559	30	0
2025-10-31	16:56:01[020]	-128	-93	-229	216.000748954161	0	0	-556	556	30	0
2025-10-31	16:56:01[237]	-120	-89	-230	216.563095868594	0	0	-557	557	30	0
2025-10-31	16:56:01[425]	-126	-90	-231	215.537677791974	0	0	-558	558	30	0
2025-10-31	16:56:01[595]	-125	-92	-235	216.353068292047	0	0	-562	562	30	0
2025-10-31	16:56:01[831]	-125	-88	-233	215.145545499706	0	0	-560	560	30	0
2025-10-31	16:56:02[003]	-122	-84	-230	214.548367056011	0	0	-557	557	30	0
2025-10-31	16:56:02[190]	-121	-88	-229	216.027373385104	0	0	-556	556	30	0
2025-10-31	16:56:02[407]	-116	-90	-232	217.806529944704	0	0	-559	559	30	0
2025-10-31	16:56:02[580]	-125	-87	-229	214.837916805999	0	0	-556	556	30	0
2025-10-31	16:56:02[797]	-131	-89	-231	214.19176905968	0	0	-558	558	30	0
2025-10-31	16:56:02[982]	-126	-87	-232	214.624155079949	0	0	-559	559	30	0
2025-10-31	16:56:03[173]	-127	-87	-232	214.412678681763	0	0	-559	559	30	0
2025-10-31	16:56:04[432]	-234	-561	561	247.358382668983	32638	18	30	0	0	255
2025-10-31	16:56:04[541]	-120	-83	-235	214.670317910981	0	0	-562	562	30	0
2025-10-31	16:56:04[743]	-124	-81	-237	213.153605866781	0	0	-564	564	30	0
2025-10-31	16:56:04[945]	-116	-76	-237	213.231711067979	0	0	-564	564	30	0
2025-10-31	16:56:05[134]	-128	-75	-241	210.367636984149	0	0	-568	568	30	0
2025-10-31	16:56:05[446]	-123	-86	-245	214.960745212848	0	0	-572	572	30	0
2025-10-31	16:56:05[632]	-126	-89	-250	215.235442120112	0	0	-577	577	30	0
2025-10-31	16:56:05[808]	-104	-88	-258	220.236358309274	0	0	-585	585	30	0
2025-10-31	16:56:06[039]	-121	-87	-267	215.716447194739	0	0	-594	594	30	0
2025-10-31	16:56:06[210]	-107	-68	-279	212.436530601482	0	0	-606	606	30	0
2025-10-31	16:56:06[398]	-93	-47	-282	206.810954300349	0	0	-609	609	30	0
2025-10-31	16:56:06[615]	-84	-14	-273	189.462322208026	0	0	-600	600	30	0
2025-10-31	16:56:06[804]	-86	-9	-278	185.974323286481	0	0	-605	605	30	0
2025-10-31	16:56:06[991]	-112	-39	-287	199.198847283852	0	0	-614	614	30	0
2025-10-31	16:56:07[194]	-139	-41	-280	196.434163206253	0	0	-607	607	30	0
2025-10-31	16:56:07[380]	-152	-40	-285	194.743562836471	0	0	-612	612	30	0
2025-10-31	16:56:07[583]	-159	-35	-280	192.414292646086	0	0	-607	607	30	0
2025-10-31	16:56:07[792]	-133	-47	-276	199.462565609364	0	0	-603	603	30	0
2025-10-31	16:56:07[973]	-125	-43	-268	198.983217059226	0	0	-595	595	30	0
2025-10-31	16:56:08[161]	-130	-48	-274	200.265697470947	0	0	-601	601	30	0
2025-10-31	16:56:08[380]	-133	-54	-272	202.097892115689	0	0	-599	599	30	0
2025-10-31	16:56:08[584]	-138	-51	-268	200.282559088917	0	0	-595	595	30	0
2025-10-31	16:56:08[761]	-134	-51	-274	200.836675364944	0	0	-601	601	30	0
2025-10-31	16:56:08[942]	-133	-54	-270	202.097892115689	0	0	-597	597	30	0
2025-10-31	16:56:09[161]	-135	-49	-259	199.949022183557	0	0	-586	586	30	0
2025-10-31	16:56:09[361]	-132	-45	-273	198.82471001824	0	0	-600	600	30	0
2025-10-31	16:56:09[563]	-132	-48	-268	199.9831065219	0	0	-595	595	30	0
2025-10-31	16:56:09[737]	-133	-50	-274	200.603241073417	0	0	-601	601	30	0
2025-10-31	16:56:09[923]	-136	-48	-266	199.440034828176	0	0	-593	593	30	0
2025-10-31	16:56:10[126]	-139	-43	-265	197.189584556154	0	0	-592	592	30	0
2025-10-31	16:56:10[330]	-134	-50	-275	200.462271523422	0	0	-602	602	30	0
2025-10-31	16:56:10[541]	-131	-41	-270	197.378925016924	0	0	-597	597	30	0
2025-10-31	16:56:10[738]	-135	-45	-271	198.434948822922	0	0	-598	598	30	0
2025-10-31	16:56:10[909]	-132	-39	-272	196.46001481204	0	0	-599	599	30	0
2025-10-31	16:56:11[129]	-131	-46	-273	199.348471534947	0	0	-600	600	30	0
2025-10-31	16:56:11[316]	-131	-52	-270	201.65043281467	0	0	-597	597	30	0
2025-10-31	16:56:11[502]	-145	-45	-274	197.24145939894	0	0	-601	601	30	0
2025-10-31	16:56:11[690]	-158	-21	-276	187.570888900834	0	0	-603	603	30	0
2025-10-31	16:56:11[893]	-151	-14	-273	185.297048104597	0	0	-600	600	30	0
2025-10-31	16:56:12[098]	-144	-17	-269	186.73292132686	0	0	-596	596	30	0
2025-10-31	16:56:12[300]	-133	-44	-279	198.305613197199	0	0	-606	606	30	0
2025-10-31	16:56:12[472]	-130	-43	-270	198.302626241748	0	0	-597	597	30	0
2025-10-31	16:56:12[699]	-132	-28	-263	191.976132444203	0	0	-590	590	30	0
2025-10-31	16:56:12[877]	-140	-13	-254	185.30510960621	0	0	-581	581	30	0
2025-10-31	16:56:13[066]	-151	-12	-264	184.543757651467	0	0	-591	591	30	0
2025-10-31	16:56:13[287]	-146	-5	-265	181.96141766777	0	0	-592	592	30	0
2025-10-31	16:56:13[458]	-147	-27	-267	190.40771131249	0	0	-594	594	30	0
2025-10-31	16:56:13[662]	-140	-58	-268	202.503528499767	0	0	-595	595	30	0
2025-10-31	16:56:13[869]	-140	-79	-257	209.435416361393	0	0	-584	584	30	0
2025-10-31	16:56:14[051]	-128	-73	-255	209.696652537699	0	0	-582	582	30	0
2025-10-31	16:56:14[242]	-131	-73	-254	209.128821388543	0	0	-581	581	30	0
2025-10-31	16:56:14[458]	-131	-61	-255	204.968987319102	0	0	-582	582	30	0
2025-10-31	16:56:14[629]	-143	-63	-262	203.776343497234	0	0	-589	589	30	0
2025-10-31	16:56:14[831]	-148	-63	-253	203.058274599437	0	0	-580	580	30	0
2025-10-31	16:56:15[050]	-154	-70	-263	204.443954780417	0	0	-590	590	30	0
2025-10-31	16:56:15[220]	-152	-74	-257	205.958769261561	0	0	-584	584	30	0
2025-10-31	16:56:15[423]	-155	-69	-262	203.996777288566	0	0	-589	589	30	0
2025-10-31	16:56:15[611]	-149	-70	-261	205.164074973294	0	0	-588	588	30	0
2025-10-31	16:56:15[830]	-147	-66	-256	204.179107146689	0	0	-583	583	30	0
2025-10-31	16:56:16[015]	-149	-65	-262	203.568832723767	0	0	-589	589	30	0
2025-10-31	16:56:16[202]	-149	-72	-260	205.79083101215	0	0	-587	587	30	0
2025-10-31	16:56:16[436]	-154	-68	-257	203.824260582895	0	0	-584	584	30	0
2025-10-31	16:56:16[634]	-144	-73	-256	206.88247607083	0	0	-583	583	30	0
2025-10-31	16:56:16[824]	-145	-77	-262	207.969843227113	0	0	-589	589	30	0
2025-10-31	16:56:16[998]	-142	-75	-263	207.841626069958	0	0	-590	590	30	0
2025-10-31	16:56:17[200]	-142	-73	-261	207.206993833083	0	0	-588	588	30	0
2025-10-31	16:56:17[402]	-143	-78	-261	208.610459665965	0	0	-588	588	30	0
2025-10-31	16:56:17[592]	-143	-75	-253	207.675910460029	0	0	-580	580	30	0
2025-10-31	16:56:17[767]	-138	-75	-252	208.523118606312	0	0	-579	579	30	0
2025-10-31	16:56:17[986]	-144	-76	-253	207.824096384253	0	0	-580	580	30	0
2025-10-31	16:56:18[174]	-139	-76	-257	208.668188391532	0	0	-584	584	30	0
2025-10-31	16:56:18[361]	-141	-67	-258	205.416006229752	0	0	-585	585	30	0
2025-10-31	16:56:18[548]	-139	-64	-259	204.722839552311	0	0	-586	586	30	0
2025-10-31	16:56:18[750]	-148	-58	-264	201.399810132082	0	0	-591	591	30	0
2025-10-31	16:56:18[997]	-140	-52	-272	200.376435213836	0	0	-599	599	30	0
2025-10-31	16:56:19[154]	-140	-53	-271	200.735233937997	0	0	-598	598	30	0
2025-10-31	16:56:19[324]	-147	-51	-269	199.133643205905	0	0	-596	596	30	0
2025-10-31	16:56:19[546]	-150	-66	-276	203.749494492867	0	0	-603	603	30	0
2025-10-31	16:56:19[778]	-159	-73	-273	204.660777887348	0	0	-600	600	30	0
2025-10-31	16:56:19[934]	-154	-76	-267	206.266638357083	0	0	-594	594	30	0
2025-10-31	16:56:20[109]	-144	-74	-265	207.198127948509	0	0	-592	592	30	0
2025-10-31	16:56:20[323]	-137	-78	-263	209.65472278833	0	0	-590	590	30	0
2025-10-31	16:56:20[544]	-133	-85	-256	212.582554209924	0	0	-583	583	30	0
2025-10-31	16:56:20[748]	-124	-87	-251	215.053995057583	0	0	-578	578	30	0
2025-10-31	16:56:20[934]	-120	-84	-236	214.992020198559	0	0	-563	563	30	0
2025-10-31	16:56:21[121]	-129	-85	-231	213.381475647205	0	0	-558	558	30	0
2025-10-31	16:56:21[346]	-116	-96	-226	219.610688240027	0	0	-553	553	30	0
2025-10-31	16:56:21[513]	-127	-99	-214	217.937397329584	0	0	-541	541	30	0
2025-10-31	16:56:21[700]	-137	-96	-215	215.020078854255	0	0	-542	542	30	0
2025-10-31	16:56:21[888]	-158	-110	-219	214.8457334198	0	0	-546	546	30	0
2025-10-31	16:56:22[116]	-159	-112	-219	215.160962613999	0	0	-546	546	30	0
2025-10-31	16:56:22[307]	-152	-126	-224	219.656944241425	0	0	-551	551	30	0
2025-10-31	16:56:22[497]	-149	-131	-215	221.321761278007	0	0	-542	542	30	0
2025-10-31	16:56:22[714]	-144	-130	-219	222.075022050844	0	0	-546	546	30	0
2025-10-31	16:56:22[901]	-150	-126	-221	220.03025927189	0	0	-548	548	30	0
2025-10-31	16:56:23[167]	-150	-127	-216	220.253476856572	0	0	-543	543	30	0
2025-10-31	16:56:23[371]	-147	-127	-219	220.825230108088	0	0	-546	546	30	0
2025-10-31	16:56:23[557]	-151	-127	-213	220.06583565944	0	0	-540	540	30	0
2025-10-31	16:56:23[769]	-141	-125	-216	221.557784714103	0	0	-543	543	30	0
2025-10-31	16:56:23[965]	-149	-129	-206	220.885090901763	0	0	-533	533	30	0
2025-10-31	16:56:24[135]	-150	-129	-218	220.695531039492	0	0	-545	545	30	0
2025-10-31	16:56:24[353]	-147	-129	-214	221.26860300084	0	0	-541	541	30	0
2025-10-31	16:56:24[539]	-152	-131	-220	220.756147726102	0	0	-547	547	30	0
2025-10-31	16:56:24[727]	-151	-126	-212	219.842873026782	0	0	-539	539	30	0
2025-10-31	16:56:24[930]	-149	-126	-220	220.219116125168	0	0	-547	547	30	0
2025-10-31	16:56:25[137]	-150	-127	-215	220.253476856572	0	0	-542	542	30	0
2025-10-31	16:56:25[348]	-149	-127	-216	220.442580980286	0	0	-543	543	30	0
2025-10-31	16:56:25[511]	-150	-133	-218	221.562335007635	0	0	-545	545	30	0
2025-10-31	16:56:25[725]	-151	-132	-219	221.159050974663	0	0	-546	546	30	0
2025-10-31	16:56:25[919]	-153	-129	-212	220.135485562239	0	0	-539	539	30	0
2025-10-31	16:56:26[110]	-151	-123	-214	219.165211003159	0	0	-541	541	30	0
2025-10-31	16:56:26[296]	-148	-125	-212	220.184255462606	0	0	-539	539	30	0
2025-10-31	16:56:26[501]	-149	-126	-217	220.219116125168	0	0	-544	544	30	0
2025-10-31	16:56:26[688]	-150	-123	-215	219.351752626265	0	0	-542	542	30	0
2025-10-31	16:56:26[890]	-147	-127	-215	220.825230108088	0	0	-542	542	30	0
2025-10-31	16:56:27[109]	-147	-127	-217	220.825230108088	0	0	-544	544	30	0
2025-10-31	16:56:27[326]	-146	-128	-216	221.241444314528	0	0	-543	543	30	0
2025-10-31	16:56:27[481]	-143	-129	-214	222.053552619988	0	0	-541	541	30	0
2025-10-31	16:56:27[697]	-148	-124	-211	219.957548930829	0	0	-538	538	30	0
2025-10-31	16:56:27[889]	-149	-126	-219	220.219116125168	0	0	-546	546	30	0
2025-10-31	16:56:29[239]	-548	548	30	135	4817	255	0	0	-129	126
2025-10-31	16:56:29[377]	-144	-128	-218	221.63353933657	0	0	-545	545	30	0
2025-10-31	16:56:29[535]	-150	-123	-220	219.351752626265	0	0	-547	547	30	0
2025-10-31	16:56:29[751]	-152	-123	-220	218.980148731351	0	0	-547	547	30	0
2025-10-31	16:56:29[938]	-149	-123	-217	219.539787407852	0	0	-544	544	30	0
2025-10-31	16:56:30[141]	-149	-123	-214	219.539787407852	0	0	-541	541	30	0
2025-10-31	16:56:31[490]	-542	542	30	135	4817	255	0	0	-129	126
2025-10-31	16:56:31[694]	-152	-120	-222	218.290163192243	0	0	-549	549	30	0
2025-10-31	16:56:31[908]	-147	-121	-217	219.45879522196	0	0	-544	544	30	0
2025-10-31	16:56:32[080]	-152	-122	-220	218.751628334962	0	0	-547	547	30	0
2025-10-31	16:56:32[282]	-151	-129	-216	220.507418520085	0	0	-543	543	30	0
2025-10-31	16:56:32[480]	-142	-131	-215	222.692627003038	0	0	-542	542	30	0
2025-10-31	16:56:32[702]	-151	-131	-221	220.943262138705	0	0	-548	548	30	0
2025-10-31	16:56:32[889]	-153	-121	-215	218.33869836023	0	0	-542	542	30	0
2025-10-31	16:56:33[047]	-148	-130	-213	221.295372557923	0	0	-540	540	30	0
2025-10-31	16:56:33[302]	-145	-130	-222	221.877869537884	0	0	-549	549	30	0
2025-10-31	16:56:33[494]	-151	-128	-219	220.287348310212	0	0	-546	546	30	0
2025-10-31	16:56:33[683]	-151	-128	-216	220.287348310212	0	0	-543	543	30	0
2025-10-31	16:56:33[859]	-151	-126	-219	219.842873026782	0	0	-546	546	30	0
2025-10-31	16:56:34[060]	-150	-120	-215	218.65980825409	0	0	-542	542	30	0
2025-10-31	16:56:34[260]	-152	-126	-213	219.656944241425	0	0	-540	540	30	0
2025-10-31	16:56:35[621]	-545	545	30	135	4817	255	0	0	-129	126
2025-10-31	16:56:35[827]	-146	-126	-220	220.794642998291	0	0	-547	547	30	0
2025-10-31	16:56:37[203]	-545	545	30	135	4817	255	0	0	-129	126
2025-10-31	16:56:37[387]	-148	-131	-218	221.513170228963	0	0	-545	545	30	0
2025-10-31	16:56:37[587]	-146	-124	-223	220.341745890324	0	0	-550	550	30	0
2025-10-31	16:56:37[792]	-147	-126	-221	220.601294645004	0	0	-548	548	30	0
2025-10-31	16:56:37[980]	-149	-122	-214	219.310340650211	0	0	-541	541	30	0
2025-10-31	16:56:38[201]	-150	-128	-211	220.475231527166	0	0	-538	538	30	0
2025-10-31	16:56:38[370]	-146	-126	-223	220.794642998291	0	0	-550	550	30	0
2025-10-31	16:56:38[558]	-148	-125	-214	220.184255462606	0	0	-541	541	30	0
2025-10-31	16:56:38[777]	-149	-129	-217	220.885090901763	0	0	-544	544	30	0
2025-10-31	16:56:38[974]	-149	-127	-219	220.442580980286	0	0	-546	546	30	0
2025-10-31	16:56:39[153]	-150	-125	-216	219.805571092265	0	0	-543	543	30	0
2025-10-31	16:56:39[352]	-149	-132	-216	221.537926943865	0	0	-543	543	30	0
2025-10-31	16:56:39[554]	-151	-128	-217	220.287348310212	0	0	-544	544	30	0
2025-10-31	16:56:39[758]	-146	-125	-218	220.568960687086	0	0	-545	545	30	0
2025-10-31	16:56:39[914]	-147	-131	-215	221.706035012155	0	0	-542	542	30	0
2025-10-31	16:56:40[116]	-150	-131	-220	221.131795961678	0	0	-547	547	30	0
2025-10-31	16:56:40[342]	-146	-131	-218	221.900367879469	0	0	-545	545	30	0
2025-10-31	16:56:40[538]	-147	-127	-220	220.825230108088	0	0	-547	547	30	0
2025-10-31	16:56:40[709]	-144	-125	-219	220.959795981596	0	0	-546	546	30	0
2025-10-31	16:56:40[926]	-150	-124	-215	219.579404716238	0	0	-542	542	30	0
2025-10-31	16:56:41[114]	-149	-120	-214	218.846895848803	0	0	-541	541	30	0
2025-10-31	16:56:41[300]	-148	-124	-221	219.957548930829	0	0	-548	548	30	0
2025-10-31	16:56:41[521]	-144	-123	-218	220.502848385332	0	0	-545	545	30	0
2025-10-31	16:56:41[692]	-146	-124	-214	220.341745890324	0	0	-541	541	30	0
2025-10-31	16:56:41[893]	-145	-120	-219	219.610688240027	0	0	-546	546	30	0
2025-10-31	16:56:42[096]	-150	-126	-221	220.03025927189	0	0	-548	548	30	0
2025-10-31	16:56:42[300]	-145	-126	-217	220.989515329483	0	0	-544	544	30	0
2025-10-31	16:56:43[688]	-546	546	30	135	4817	255	0	0	-129	126
2025-10-31	16:56:43[841]	-147	-124	-218	220.148883904698	0	0	-545	545	30	0
2025-10-31	16:56:44[056]	-154	-128	-220	219.732302871956	0	0	-547	547	30	0
2025-10-31	16:56:44[244]	-148	-125	-213	220.184255462606	0	0	-540	540	30	0
2025-10-31	16:56:44[446]	-146	-121	-213	219.650822570471	0	0	-540	540	30	0
2025-10-31	16:56:44[650]	-147	-127	-215	220.825230108088	0	0	-542	542	30	0
2025-10-31	16:56:44[835]	-151	-124	-219	219.392568039308	0	0	-546	546	30	0
2025-10-31	16:56:45[033]	-147	-124	-215	220.148883904698	0	0	-542	542	30	0
2025-10-31	16:56:45[256]	-145	-130	-214	221.877869537884	0	0	-541	541	30	0
2025-10-31	16:56:45[444]	-148	-129	-214	221.076110677247	0	0	-541	541	30	0
2025-10-31	16:56:45[614]	-149	-125	-220	219.994167447049	0	0	-547	547	30	0
2025-10-31	16:56:45[831]	-148	-129	-212	221.076110677247	0	0	-539	539	30	0
2025-10-31	16:56:46[034]	-154	-124	-219	218.840836970857	0	0	-546	546	30	0
2025-10-31	16:56:46[242]	-150	-129	-217	220.695531039492	0	0	-544	544	30	0
2025-10-31	16:56:46[394]	-148	-127	-223	220.633161037443	0	0	-550	550	30	0
2025-10-31	16:56:46[593]	-147	-127	-218	220.825230108088	0	0	-545	545	30	0
2025-10-31	16:56:46[847]	-147	-127	-216	220.825230108088	0	0	-543	543	30	0
2025-10-31	16:56:46[985]	-152	-131	-219	220.756147726102	0	0	-546	546	30	0
2025-10-31	16:56:47[214]	-152	-127	-217	219.87964445696	0	0	-544	544	30	0
2025-10-31	16:56:47[404]	-146	-130	-216	221.682218831665	0	0	-543	543	30	0
2025-10-31	16:56:47[607]	-149	-126	-215	220.219116125168	0	0	-542	542	30	0
2025-10-31	16:56:47[794]	-154	-128	-223	219.732302871956	0	0	-550	550	30	0
2025-10-31	16:56:49[188]	-547	547	30	135	4817	255	0	0	-129	126
2025-10-31	16:56:49[376]	-146	-131	-219	221.900367879469	0	0	-546	546	30	0
2025-10-31	16:56:49[557]	-153	-130	-215	220.353664508804	0	0	-542	542	30	0
2025-10-31	16:56:49[762]	-145	-128	-219	221.436731937094	0	0	-546	546	30	0
2025-10-31	16:56:49[963]	-150	-127	-215	220.253476856572	0	0	-542	542	30	0
2025-10-31	16:56:51[332]	-544	544	30	135	4817	255	0	0	-129	126
2025-10-31	16:56:51[520]	-150	-131	-221	221.131795961678	0	0	-548	548	30	0
2025-10-31	16:56:52[906]	-548	548	30	135	4817	255	0	0	-129	126
2025-10-31	16:56:53[066]	-149	-129	-216	220.885090901763	0	0	-543	543	30	0
2025-10-31	16:56:53[284]	-146	-129	-217	221.462580570012	0	0	-544	544	30	0
2025-10-31	16:56:53[458]	-144	-126	-222	221.18592516571	0	0	-549	549	30	0
2025-10-31	16:56:53[660]	-150	-128	-222	220.475231527166	0	0	-549	549	30	0
2025-10-31	16:56:53[861]	-147	-132	-210	221.922544600576	0	0	-537	537	30	0
2025-10-31	16:56:54[096]	-147	-123	-214	219.920392139985	0	0	-541	541	30	0
2025-10-31	16:56:54[248]	-148	-129	-220	221.076110677247	0	0	-547	547	30	0
2025-10-31	16:56:54[463]	-152	-127	-221	219.87964445696	0	0	-548	548	30	0
2025-10-31	16:56:54[620]	-150	-126	-216	220.03025927189	0	0	-543	543	30	0
2025-10-31	16:56:54[839]	-144	-130	-221	222.075022050844	0	0	-548	548	30	0
2025-10-31	16:56:55[066]	-147	-127	-220	220.825230108088	0	0	-547	547	30	0
2025-10-31	16:56:55[224]	-151	-125	-220	219.618452947868	0	0	-547	547	30	0
2025-10-31	16:56:55[441]	-142	-125	-216	221.356871787794	0	0	-543	543	30	0
2025-10-31	16:56:55[613]	-147	-123	-220	219.920392139985	0	0	-547	547	30	0
2025-10-31	16:56:55[834]	-144	-132	-218	222.510447078001	0	0	-545	545	30	0
2025-10-31	16:56:56[021]	-149	-128	-220	220.66456991416	0	0	-547	547	30	0
2025-10-31	16:56:56[208]	-146	-125	-218	220.568960687086	0	0	-545	545	30	0
2025-10-31	16:56:56[425]	-146	-127	-220	221.018801343578	0	0	-547	547	30	0
2025-10-31	16:56:56[598]	-148	-133	-214	221.944406542247	0	0	-541	541	30	0
2025-10-31	16:56:57[979]	-551	551	30	135	4817	255	0	0	-129	126
2025-10-31	16:56:58[199]	-151	-127	-218	220.06583565944	0	0	-545	545	30	0
2025-10-31	16:56:58[394]	-149	-128	-218	220.66456991416	0	0	-545	545	30	0
2025-10-31	16:56:58[577]	-150	-126	-218	220.03025927189	0	0	-545	545	30	0
2025-10-31	16:56:59[933]	-552	552	30	135	4817	255	0	0	-129	126
2025-10-31	16:57:00[107]	-155	-122	-212	218.206169439514	0	0	-539	539	30	0
2025-10-31	16:57:00[341]	-145	-126	-214	220.989515329483	0	0	-541	541	30	0
2025-10-31	16:57:00[525]	-147	-129	-216	221.26860300084	0	0	-543	543	30	0
2025-10-31	16:57:01[891]	-547	547	30	135	4817	255	0	0	-129	126
2025-10-31	16:57:02[121]	-145	-130	-222	221.877869537884	0	0	-549	549	30	0
2025-10-31	16:57:03[464]	-554	554	30	135	4817	255	0	0	-129	126
2025-10-31	16:57:03[688]	-155	-129	-217	219.769192824447	0	0	-544	544	30	0
2025-10-31	16:57:03[870]	-150	-125	-217	219.805571092265	0	0	-544	544	30	0
2025-10-31	16:57:04[055]	-141	-128	-219	222.23321159883	0	0	-546	546	30	0
2025-10-31	16:57:04[243]	-150	-128	-219	220.475231527166	0	0	-546	546	30	0
2025-10-31	16:57:04[463]	-145	-128	-214	221.436731937094	0	0	-541	541	30	0
2025-10-31	16:57:05[828]	-544	544	30	135	4817	255	0	0	-129	126
2025-10-31	16:57:06[029]	-146	-128	-218	221.241444314528	0	0	-545	545	30	0
2025-10-31	16:57:06[186]	-148	-122	-219	219.499588529798	0	0	-546	546	30	0
2025-10-31	16:57:06[389]	-150	-130	-220	220.914383220025	0	0	-547	547	30	0
2025-10-31	16:57:07[733]	-541	541	30	135	4817	255	0	0	-129	126
2025-10-31	16:57:07[957]	-150	-127	-220	220.253476856572	0	0	-547	547	30	0
2025-10-31	16:57:08[175]	-146	-130	-218	221.682218831665	0	0	-545	545	30	0
2025-10-31	16:57:08[379]	-148	-123	-219	219.729329248359	0	0	-546	546	30	0
2025-10-31	16:57:08[571]	-153	-127	-214	219.69489039379	0	0	-541	541	30	0
2025-10-31	16:57:08[777]	-152	-128	-221	220.100907546212	0	0	-548	548	30	0
2025-10-31	16:57:08[947]	-147	-122	-217	219.690365256546	0	0	-544	544	30	0
2025-10-31	16:57:09[152]	-150	-125	-211	219.805571092265	0	0	-538	538	30	0
2025-10-31	16:57:09[345]	-155	-126	-216	219.107772382681	0	0	-543	543	30	0
2025-10-31	16:57:09[579]	-149	-123	-221	219.539787407852	0	0	-548	548	30	0
2025-10-31	16:57:10[915]	-549	549	30	135	4817	255	0	0	-129	126
2025-10-31	16:57:11[117]	-149	-128	-222	220.66456991416	0	0	-549	549	30	0
2025-10-31	16:57:11[326]	-149	-126	-218	220.219116125168	0	0	-545	545	30	0
2025-10-31	16:57:11[510]	-146	-127	-224	221.018801343578	0	0	-551	551	30	0
2025-10-31	16:57:11[697]	-144	-130	-218	222.075022050844	0	0	-545	545	30	0
2025-10-31	16:57:11[903]	-155	-128	-216	219.550113895461	0	0	-543	543	30	0
2025-10-31	16:57:12[101]	-147	-127	-218	220.825230108088	0	0	-545	545	30	0
2025-10-31	16:57:12[267]	-150	-123	-216	219.351752626265	0	0	-543	543	30	0
2025-10-31	16:57:12[480]	-146	-125	-221	220.568960687086	0	0	-548	548	30	0
2025-10-31	16:57:12[692]	-152	-125	-213	219.432799647355	0	0	-540	540	30	0
2025-10-31	16:57:12[897]	-148	-126	-220	220.409456814394	0	0	-547	547	30	0
2025-10-31	16:57:13[071]	-149	-132	-214	221.537926943865	0	0	-541	541	30	0
2025-10-31	16:57:13[272]	-144	-130	-216	222.075022050844	0	0	-543	543	30	0
2025-10-31	16:57:13[463]	-149	-131	-221	221.321761278007	0	0	-548	548	30	0
2025-10-31	16:57:13[676]	-145	-130	-215	221.877869537884	0	0	-542	542	30	0
2025-10-31	16:57:13[873]	-145	-128	-219	221.436731937094	0	0	-546	546	30	0
2025-10-31	16:57:14[066]	-147	-129	-215	221.26860300084	0	0	-542	542	30	0
2025-10-31	16:57:14[259]	-149	-122	-221	219.310340650211	0	0	-548	548	30	0
2025-10-31	16:57:14[445]	-145	-126	-219	220.989515329483	0	0	-546	546	30	0
2025-10-31	16:57:14[659]	-149	-125	-218	219.994167447049	0	0	-545	545	30	0
2025-10-31	16:57:14[840]	-144	-129	-219	221.855042535302	0	0	-546	546	30	0
2025-10-31	16:57:15[028]	-151	-127	-215	220.06583565944	0	0	-542	542	30	0
2025-10-31	16:57:15[232]	-144	-125	-226	220.959795981596	0	0	-553	553	30	0
2025-10-31	16:57:15[423]	-148	-127	-221	220.633161037443	0	0	-548	548	30	0
2025-10-31	16:57:15[610]	-147	-124	-217	220.148883904698	0	0	-544	544	30	0
2025-10-31	16:57:15[799]	-147	-127	-215	220.825230108088	0	0	-542	542	30	0
2025-10-31	16:57:16[035]	-151	-128	-219	220.287348310212	0	0	-546	546	30	0
2025-10-31	16:57:16[206]	-149	-126	-218	220.219116125168	0	0	-545	545	30	0
2025-10-31	16:57:16[403]	-149	-128	-217	220.66456991416	0	0	-544	544	30	0
2025-10-31	16:57:16[582]	-148	-130	-214	221.295372557923	0	0	-541	541	30	0
2025-10-31	16:57:16[797]	-153	-131	-216	220.570440701022	0	0	-543	543	30	0
2025-10-31	16:57:17[008]	-148	-125	-218	220.184255462606	0	0	-545	545	30	0
2025-10-31	16:57:17[162]	-146	-132	-220	222.11703654746	0	0	-547	547	30	0
2025-10-31	16:57:17[366]	-144	-125	-221	220.959795981596	0	0	-548	548	30	0
2025-10-31	16:57:17[585]	-156	-127	-220	219.149123667271	0	0	-547	547	30	0
2025-10-31	16:57:17[771]	-149	-129	-221	220.885090901763	0	0	-548	548	30	0
2025-10-31	16:57:19[147]	-543	543	30	135	4817	255	0	0	-129	126
2025-10-31	16:57:19[352]	-147	-125	-214	220.375848671571	0	0	-541	541	30	0
2025-10-31	16:57:19[510]	-149	-130	-217	221.104151986912	0	0	-544	544	30	0
2025-10-31	16:57:19[746]	-143	-129	-220	222.053552619988	0	0	-547	547	30	0
2025-10-31	16:57:19[956]	-145	-129	-222	221.658056142739	0	0	-549	549	30	0
2025-10-31	16:57:20[134]	-146	-126	-215	220.794642998291	0	0	-542	542	30	0
2025-10-31	16:57:20[320]	-149	-133	-218	221.752657209677	0	0	-545	545	30	0
2025-10-31	16:57:20[511]	-145	-128	-215	221.436731937094	0	0	-542	542	30	0
2025-10-31	16:57:21[909]	-545	545	30	135	4817	255	0	0	-129	126
2025-10-31	16:57:23[259]	-543	543	30	135	4817	255	0	0	-129	126
2025-10-31	16:57:23[482]	-144	-125	-214	220.959795981596	0	0	-541	541	30	0
2025-10-31	16:57:23[676]	-145	-125	-218	220.763605200941	0	0	-545	545	30	0
2025-10-31	16:57:23[855]	-148	-127	-214	220.633161037443	0	0	-541	541	30	0
2025-10-31	16:57:24[090]	-153	-124	-218	219.023297617083	0	0	-545	545	30	0
2025-10-31	16:57:24[267]	-152	-127	-219	219.87964445696	0	0	-546	546	30	0
2025-10-31	16:57:25[632]	-543	543	30	135	4817	255	0	0	-129	126
2025-10-31	16:57:25[838]	-149	-123	-217	219.539787407852	0	0	-544	544	30	0
2025-10-31	16:57:26[010]	-145	-128	-218	221.436731937094	0	0	-545	545	30	0
2025-10-31	16:57:26[213]	-154	-121	-219	218.157226587369	0	0	-546	546	30	0
2025-10-31	16:57:26[410]	-157	-129	-221	219.408442244243	0	0	-548	548	30	0
2025-10-31	16:57:26[610]	-147	-124	-220	220.148883904698	0	0	-547	547	30	0
2025-10-31	16:57:26[807]	-144	-123	-225	220.502848385332	0	0	-552	552	30	0
2025-10-31	16:57:27[010]	-149	-130	-221	221.104151986912	0	0	-548	548	30	0
2025-10-31	16:57:27[200]	-149	-126	-220	220.219116125168	0	0	-547	547	30	0
2025-10-31	16:57:27[392]	-149	-129	-215	220.885090901763	0	0	-542	542	30	0
2025-10-31	16:57:27[588]	-150	-128	-221	220.475231527166	0	0	-548	548	30	0
2025-10-31	16:57:27[780]	-142	-124	-217	221.128743768014	0	0	-544	544	30	0
2025-10-31	16:57:27[963]	-150	-123	-214	219.351752626265	0	0	-541	541	30	0
2025-10-31	16:57:28[183]	-148	-129	-216	221.076110677247	0	0	-543	543	30	0
2025-10-31	16:57:28[357]	-154	-125	-220	219.065834540451	0	0	-547	547	30	0
2025-10-31	16:57:28[523]	-151	-124	-215	219.392568039308	0	0	-542	542	30	0
2025-10-31	16:57:28[747]	-145	-127	-221	221.213887964618	0	0	-548	548	30	0
2025-10-31	16:57:30[159]	-545	545	30	135	4817	255	0	0	-129	126
2025-10-31	16:57:30[328]	-151	-132	-222	221.159050974663	0	0	-549	549	30	0
2025-10-31	16:57:30[558]	-151	-127	-217	220.06583565944	0	0	-544	544	30	0
2025-10-31	16:57:30[686]	-146	-129	-213	221.462580570012	0	0	-540	540	30	0
2025-10-31	16:57:30[936]	-151	-133	-217	221.37342821612	0	0	-544	544	30	0
2025-10-31	16:57:31[122]	-147	-127	-217	220.825230108088	0	0	-544	544	30	0
2025-10-31	16:57:31[309]	-148	-131	-221	221.513170228963	0	0	-548	548	30	0
2025-10-31	16:57:31[505]	-147	-131	-216	221.706035012155	0	0	-543	543	30	0
2025-10-31	16:57:31[666]	-152	-126	-223	219.656944241425	0	0	-550	550	30	0
2025-10-31	16:57:31[899]	-151	-126	-216	219.842873026782	0	0	-543	543	30	0
2025-10-31	16:57:32[101]	-149	-127	-212	220.442580980286	0	0	-539	539	30	0
2025-10-31	16:57:32[273]	-148	-127	-219	220.633161037443	0	0	-546	546	30	0
2025-10-31	16:57:32[487]	-151	-129	-221	220.507418520085	0	0	-548	548	30	0
2025-10-31	16:57:32[663]	-144	-126	-218	221.18592516571	0	0	-545	545	30	0
2025-10-31	16:57:32[886]	-147	-131	-221	221.706035012155	0	0	-548	548	30	0
2025-10-31	16:57:33[053]	-149	-127	-213	220.442580980286	0	0	-540	540	30	0
2025-10-31	16:57:33[255]	-146	-129	-213	221.462580570012	0	0	-540	540	30	0
2025-10-31	16:57:33[442]	-145	-128	-213	221.436731937094	0	0	-540	540	30	0
2025-10-31	16:57:33[649]	-150	-125	-219	219.805571092265	0	0	-546	546	30	0
2025-10-31	16:57:33[820]	-147	-128	-216	221.047663417884	0	0	-543	543	30	0
2025-10-31	16:57:34[006]	-141	-124	-221	221.329451367284	0	0	-548	548	30	0
2025-10-31	16:57:34[242]	-154	-130	-222	220.16958004171	0	0	-549	549	30	0
2025-10-31	16:57:34[453]	-149	-129	-214	220.885090901763	0	0	-541	541	30	0
2025-10-31	16:57:34[647]	-147	-131	-219	221.706035012155	0	0	-546	546	30	0
2025-10-31	16:57:34[851]	-147	-126	-212	220.601294645004	0	0	-539	539	30	0
2025-10-31	16:57:36[101]	-540	540	30	135	4817	255	0	0	-129	126
2025-10-31	16:57:36[268]	-150	-130	-217	220.914383220025	0	0	-544	544	30	0
2025-10-31	16:57:36[478]	-143	-129	-214	222.053552619988	0	0	-541	541	30	0
2025-10-31	16:57:36[716]	-146	-126	-220	220.794642998291	0	0	-547	547	30	0
2025-10-31	16:57:36[884]	-148	-124	-219	219.957548930829	0	0	-546	546	30	0
2025-10-31	16:57:37[047]	-148	-126	-220	220.409456814394	0	0	-547	547	30	0
2025-10-31	16:57:37[273]	-147	-125	-214	220.375848671571	0	0	-541	541	30	0
2025-10-31	16:57:37[490]	-147	-128	-219	221.047663417884	0	0	-546	546	30	0
2025-10-31	16:57:37[691]	-151	-125	-224	219.618452947868	0	0	-551	551	30	0
2025-10-31	16:57:37[878]	-149	-126	-223	220.219116125168	0	0	-550	550	30	0
2025-10-31	16:57:38[074]	-150	-125	-221	219.805571092265	0	0	-548	548	30	0
2025-10-31	16:57:38[297]	-146	-126	-220	220.794642998291	0	0	-547	547	30	0
2025-10-31	16:57:38[450]	-146	-129	-224	221.462580570012	0	0	-551	551	30	0
2025-10-31	16:57:38[653]	-148	-128	-221	220.855376258896	0	0	-548	548	30	0
2025-10-31	16:57:38[842]	-143	-122	-214	220.469048418194	0	0	-541	541	30	0
2025-10-31	16:57:39[057]	-147	-130	-214	221.488057348301	0	0	-541	541	30	0
2025-10-31	16:57:39[263]	-146	-126	-211	220.794642998291	0	0	-538	538	30	0
2025-10-31	16:57:39[402]	-147	-132	-216	221.922544600576	0	0	-543	543	30	0
2025-10-31	16:57:39[634]	-148	-124	-220	219.957548930829	0	0	-547	547	30	0
2025-10-31	16:57:39[854]	-144	-132	-216	222.510447078001	0	0	-543	543	30	0
2025-10-31	16:57:40[027]	-145	-127	-222	221.213887964618	0	0	-549	549	30	0
2025-10-31	16:57:40[231]	-145	-127	-217	221.213887964618	0	0	-544	544	30	0
2025-10-31	16:57:40[446]	-149	-129	-220	220.885090901763	0	0	-547	547	30	0
2025-10-31	16:57:40[620]	-143	-131	-218	222.492298272934	0	0	-545	545	30	0
2025-10-31	16:57:40[777]	-146	-130	-222	221.682218831665	0	0	-549	549	30	0
2025-10-31	16:57:41[010]	-148	-122	-222	219.499588529798	0	0	-549	549	30	0
2025-10-31	16:57:41[214]	-144	-127	-217	221.410503259162	0	0	-544	544	30	0
2025-10-31	16:57:41[401]	-152	-131	-218	220.756147726102	0	0	-545	545	30	0
2025-10-31	16:57:41[558]	-152	-129	-219	220.320740839595	0	0	-546	546	30	0
2025-10-31	16:57:42[957]	-543	543	30	135	4817	255	0	0	-129	126
2025-10-31	16:57:43[162]	-149	-120	-219	218.846895848803	0	0	-546	546	30	0
2025-10-31	16:57:43[317]	-145	-123	-217	220.30713749441	0	0	-544	544	30	0
2025-10-31	16:57:43[553]	-146	-130	-214	221.682218831665	0	0	-541	541	30	0
2025-10-31	16:57:43[754]	-152	-124	-216	219.207203504968	0	0	-543	543	30	0
2025-10-31	16:57:43[941]	-144	-127	-215	221.410503259162	0	0	-542	542	30	0
2025-10-31	16:57:44[143]	-144	-124	-215	220.732106699709	0	0	-542	542	30	0
2025-10-31	16:57:44[331]	-149	-129	-219	220.885090901763	0	0	-546	546	30	0
2025-10-31	16:57:44[533]	-145	-125	-221	220.763605200941	0	0	-548	548	30	0
2025-10-31	16:57:44[704]	-152	-129	-215	220.320740839595	0	0	-542	542	30	0
2025-10-31	16:57:44[889]	-149	-127	-226	220.442580980286	0	0	-553	553	30	0
2025-10-31	16:57:45[141]	-153	-129	-217	220.135485562239	0	0	-544	544	30	0
2025-10-31	16:57:45[314]	-152	-126	-224	219.656944241425	0	0	-551	551	30	0
2025-10-31	16:57:45[504]	-152	-126	-220	219.656944241425	0	0	-547	547	30	0
2025-10-31	16:57:45[690]	-146	-129	-220	221.462580570012	0	0	-547	547	30	0
2025-10-31	16:57:45[892]	-148	-127	-214	220.633161037443	0	0	-541	541	30	0
2025-10-31	16:57:46[107]	-149	-128	-223	220.66456991416	0	0	-550	550	30	0
2025-10-31	16:57:46[284]	-152	-126	-221	219.656944241425	0	0	-548	548	30	0
2025-10-31	16:57:46[500]	-146	-123	-215	220.112990165078	0	0	-542	542	30	0
2025-10-31	16:57:46[687]	-150	-123	-217	219.351752626265	0	0	-544	544	30	0
2025-10-31	16:57:46[895]	-148	-125	-218	220.184255462606	0	0	-545	545	30	0
2025-10-31	16:57:47[097]	-151	-124	-217	219.392568039308	0	0	-544	544	30	0
2025-10-31	16:57:47[282]	-150	-131	-216	221.131795961678	0	0	-543	543	30	0
2025-10-31	16:57:47[498]	-157	-124	-221	218.301993830009	0	0	-548	548	30	0
2025-10-31	16:57:47[675]	-153	-124	-218	219.023297617083	0	0	-545	545	30	0
2025-10-31	16:57:47[856]	-149	-129	-217	220.885090901763	0	0	-544	544	30	0
2025-10-31	16:57:48[061]	-153	-127	-222	219.69489039379	0	0	-549	549	30	0
2025-10-31	16:57:48[264]	-153	-125	-218	219.248597909634	0	0	-545	545	30	0
2025-10-31	16:57:48[462]	-148	-125	-218	220.184255462606	0	0	-545	545	30	0
2025-10-31	16:57:48[637]	-151	-126	-221	219.842873026782	0	0	-548	548	30	0
2025-10-31	16:57:48[872]	-149	-127	-217	220.442580980286	0	0	-544	544	30	0
2025-10-31	16:57:49[072]	-150	-129	-218	220.695531039492	0	0	-545	545	30	0
2025-10-31	16:57:49[261]	-147	-127	-215	220.825230108088	0	0	-542	542	30	0
2025-10-31	16:57:49[431]	-146	-122	-224	219.882685150027	0	0	-551	551	30	0
2025-10-31	16:57:49[622]	-150	-131	-220	221.131795961678	0	0	-547	547	30	0
2025-10-31	16:57:49[794]	-149	-125	-217	219.994167447049	0	0	-544	544	30	0
2025-10-31	16:57:50[051]	-149	-126	-223	220.219116125168	0	0	-550	550	30	0
2025-10-31	16:57:50[215]	-148	-131	-218	221.513170228963	0	0	-545	545	30	0
2025-10-31	16:57:50[402]	-147	-128	-215	221.047663417884	0	0	-542	542	30	0
2025-10-31	16:57:50[622]	-156	-126	-217	218.927543592792	0	0	-544	544	30	0
2025-10-31	16:57:51[993]	-543	543	30	135	4817	255	0	0	-129	126
2025-10-31	16:57:52[188]	-146	-127	-222	221.018801343578	0	0	-549	549	30	0
2025-10-31	16:57:52[361]	-149	-125	-224	219.994167447049	0	0	-551	551	30	0
2025-10-31	16:57:52[548]	-149	-125	-225	219.994167447049	0	0	-552	552	30	0
2025-10-31	16:57:52[753]	-145	-129	-219	221.658056142739	0	0	-546	546	30	0
2025-10-31	16:57:52[957]	-154	-131	-214	220.386129102512	0	0	-541	541	30	0
2025-10-31	16:57:53[146]	-149	-128	-218	220.66456991416	0	0	-545	545	30	0
2025-10-31	16:57:53[335]	-151	-126	-221	219.842873026782	0	0	-548	548	30	0
2025-10-31	16:57:53[557]	-150	-129	-217	220.695531039492	0	0	-544	544	30	0
2025-10-31	16:57:53[710]	-151	-132	-218	221.159050974663	0	0	-545	545	30	0
2025-10-31	16:57:53[930]	-150	-129	-213	220.695531039492	0	0	-540	540	30	0
2025-10-31	16:57:54[132]	-151	-128	-218	220.287348310212	0	0	-545	545	30	0
2025-10-31	16:57:55[518]	-546	546	30	135	4817	255	0	0	-129	126
2025-10-31	16:57:55[702]	-150	-129	-219	220.695531039492	0	0	-546	546	30	0
2025-10-31	16:57:55[917]	-145	-128	-221	221.436731937094	0	0	-548	548	30	0
2025-10-31	16:57:56[106]	-145	-131	-214	222.096181134904	0	0	-541	541	30	0
2025-10-31	16:57:56[311]	-147	-125	-224	220.375848671571	0	0	-551	551	30	0
2025-10-31	16:57:56[479]	-146	-125	-221	220.568960687086	0	0	-548	548	30	0
2025-10-31	16:57:56[686]	-148	-133	-217	221.944406542247	0	0	-544	544	30	0
2025-10-31	16:57:56[855]	-151	-132	-216	221.159050974663	0	0	-543	543	30	0
2025-10-31	16:57:58[160]	-545	545	30	135	4817	255	0	0	-129	126
2025-10-31	16:57:58[348]	-152	-125	-223	219.432799647355	0	0	-550	550	30	0
2025-10-31	16:57:58[535]	-149	-125	-217	219.994167447049	0	0	-544	544	30	0
2025-10-31	16:57:58[742]	-147	-129	-219	221.26860300084	0	0	-546	546	30	0
2025-10-31	16:57:58[958]	-149	-127	-217	220.442580980286	0	0	-544	544	30	0
2025-10-31	16:57:59[140]	-147	-127	-217	220.825230108088	0	0	-544	544	30	0
2025-10-31	16:57:59[324]	-151	-125	-222	219.618452947868	0	0	-549	549	30	0
2025-10-31	16:57:59[514]	-156	-126	-220	218.927543592792	0	0	-547	547	30	0
2025-10-31	16:57:59[731]	-150	-126	-217	220.03025927189	0	0	-544	544	30	0
2025-10-31	16:57:59[890]	-145	-123	-216	220.30713749441	0	0	-543	543	30	0
2025-10-31	16:58:00[104]	-149	-129	-221	220.885090901763	0	0	-548	548	30	0
2025-10-31	16:58:00[317]	-146	-130	-215	221.682218831665	0	0	-542	542	30	0
2025-10-31	16:58:00[507]	-146	-131	-216	221.900367879469	0	0	-543	543	30	0
2025-10-31	16:58:00[692]	-146	-127	-216	221.018801343578	0	0	-543	543	30	0
2025-10-31	16:58:00[891]	-153	-126	-219	219.472459848344	0	0	-546	546	30	0
2025-10-31	16:58:01[086]	-146	-126	-220	220.794642998291	0	0	-547	547	30	0
2025-10-31	16:58:01[290]	-147	-126	-222	220.601294645004	0	0	-549	549	30	0
2025-10-31	16:58:01[503]	-148	-127	-216	220.633161037443	0	0	-543	543	30	0
2025-10-31	16:58:01[680]	-154	-134	-218	221.027504059249	0	0	-545	545	30	0
2025-10-31	16:58:01[885]	-153	-129	-215	220.135485562239	0	0	-542	542	30	0
2025-10-31	16:58:02[074]	-145	-125	-224	220.763605200941	0	0	-551	551	30	0
2025-10-31	16:58:02[299]	-151	-124	-220	219.392568039308	0	0	-547	547	30	0
2025-10-31	16:58:02[466]	-152	-126	-220	219.656944241425	0	0	-547	547	30	0
2025-10-31	16:58:02[656]	-143	-129	-225	222.053552619988	0	0	-552	552	30	0
2025-10-31	16:58:02[877]	-153	-130	-219	220.353664508804	0	0	-546	546	30	0
2025-10-31	16:58:03[063]	-150	-128	-218	220.475231527166	0	0	-545	545	30	0
2025-10-31	16:58:03[248]	-152	-125	-218	219.432799647355	0	0	-545	545	30	0
2025-10-31	16:58:03[436]	-149	-128	-219	220.66456991416	0	0	-546	546	30	0
2025-10-31	16:58:03[652]	-146	-127	-219	221.018801343578	0	0	-546	546	30	0
2025-10-31	16:58:03[807]	-151	-124	-220	219.392568039308	0	0	-547	547	30	0
2025-10-31	16:58:04[028]	-146	-132	-218	222.11703654746	0	0	-545	545	30	0
2025-10-31	16:58:04[250]	-149	-126	-221	220.219116125168	0	0	-548	548	30	0
2025-10-31	16:58:04[431]	-151	-124	-216	219.392568039308	0	0	-543	543	30	0
2025-10-31	16:58:04[591]	-140	-127	-221	222.212519157968	0	0	-548	548	30	0
2025-10-31	16:58:04[812]	-153	-134	-214	221.212426449441	0	0	-541	541	30	0
2025-10-31	16:58:06[169]	-550	550	30	135	4817	255	0	0	-129	126
2025-10-31	16:58:06[400]	-148	-127	-225	220.633161037443	0	0	-552	552	30	0
2025-10-31	16:58:06[573]	-149	-127	-220	220.442580980286	0	0	-547	547	30	0
2025-10-31	16:58:06[775]	-150	-125	-217	219.805571092265	0	0	-544	544	30	0
2025-10-31	16:58:06[962]	-151	-126	-218	219.842873026782	0	0	-545	545	30	0
2025-10-31	16:58:07[153]	-144	-128	-217	221.63353933657	0	0	-544	544	30	0
2025-10-31	16:58:07[355]	-149	-129	-216	220.885090901763	0	0	-543	543	30	0
2025-10-31	16:58:07[567]	-153	-125	-221	219.248597909634	0	0	-548	548	30	0
2025-10-31	16:58:07[762]	-150	-128	-221	220.475231527166	0	0	-548	548	30	0
2025-10-31	16:58:07[978]	-145	-129	-221	221.658056142739	0	0	-548	548	30	0
2025-10-31	16:58:08[172]	-147	-123	-220	219.920392139985	0	0	-547	547	30	0
2025-10-31	16:58:08[371]	-145	-126	-217	220.989515329483	0	0	-544	544	30	0
2025-10-31	16:58:08[556]	-150	-128	-220	220.475231527166	0	0	-547	547	30	0
2025-10-31	16:58:08[752]	-153	-126	-218	219.472459848344	0	0	-545	545	30	0
2025-10-31	16:58:08[924]	-149	-128	-220	220.66456991416	0	0	-547	547	30	0
2025-10-31	16:58:09[167]	-147	-130	-224	221.488057348301	0	0	-551	551	30	0
2025-10-31	16:58:09[331]	-151	-129	-218	220.507418520085	0	0	-545	545	30	0
2025-10-31	16:58:09[542]	-146	-128	-219	221.241444314528	0	0	-546	546	30	0
2025-10-31	16:58:09[721]	-149	-128	-223	220.66456991416	0	0	-550	550	30	0
2025-10-31	16:58:09[909]	-151	-128	-218	220.287348310212	0	0	-545	545	30	0
2025-10-31	16:58:10[122]	-150	-129	-219	220.695531039492	0	0	-546	546	30	0
2025-10-31	16:58:10[300]	-153	-126	-222	219.472459848344	0	0	-549	549	30	0
2025-10-31	16:58:10[523]	-147	-129	-214	221.26860300084	0	0	-541	541	30	0
2025-10-31	16:58:10[708]	-147	-124	-223	220.148883904698	0	0	-550	550	30	0
2025-10-31	16:58:10[870]	-146	-128	-219	221.241444314528	0	0	-546	546	30	0
2025-10-31	16:58:11[067]	-151	-126	-222	219.842873026782	0	0	-549	549	30	0
2025-10-31	16:58:11[285]	-153	-128	-216	219.915896590406	0	0	-543	543	30	0
2025-10-31	16:58:11[491]	-148	-122	-214	219.499588529798	0	0	-541	541	30	0
2025-10-31	16:58:11[675]	-151	-125	-217	219.618452947868	0	0	-544	544	30	0
2025-10-31	16:58:11[861]	-149	-128	-219	220.66456991416	0	0	-546	546	30	0
2025-10-31	16:58:12[065]	-151	-124	-218	219.392568039308	0	0	-545	545	30	0
2025-10-31	16:58:12[283]	-144	-126	-220	221.18592516571	0	0	-547	547	30	0
2025-10-31	16:58:12[483]	-147	-128	-215	221.047663417884	0	0	-542	542	30	0
2025-10-31	16:58:12[644]	-147	-124	-218	220.148883904698	0	0	-545	545	30	0
2025-10-31	16:58:12[851]	-147	-129	-221	221.26860300084	0	0	-548	548	30	0
2025-10-31	16:58:13[052]	-151	-131	-221	220.943262138705	0	0	-548	548	30	0
2025-10-31	16:58:13[241]	-149	-120	-221	218.846895848803	0	0	-548	548	30	0
2025-10-31	16:58:14[615]	-546	546	30	135	4817	255	0	0	-129	126
2025-10-31	16:58:14[830]	-142	-124	-223	221.128743768014	0	0	-550	550	30	0
2025-10-31	16:58:14[988]	-146	-125	-219	220.568960687086	0	0	-546	546	30	0
2025-10-31	16:58:15[205]	-146	-133	-215	222.332233719554	0	0	-542	542	30	0
2025-10-31	16:58:15[393]	-148	-127	-217	220.633161037443	0	0	-544	544	30	0
2025-10-31	16:58:15[596]	-149	-125	-221	219.994167447049	0	0	-548	548	30	0
2025-10-31	16:58:15[798]	-152	-125	-222	219.432799647355	0	0	-549	549	30	0
2025-10-31	16:58:16[009]	-149	-129	-224	220.885090901763	0	0	-551	551	30	0
2025-10-31	16:58:16[217]	-147	-125	-218	220.375848671571	0	0	-545	545	30	0
2025-10-31	16:58:16[389]	-148	-127	-218	220.633161037443	0	0	-545	545	30	0
2025-10-31	16:58:17[710]	-541	541	30	135	4817	255	0	0	-129	126
2025-10-31	16:58:17[948]	-149	-128	-219	220.66456991416	0	0	-546	546	30	0
2025-10-31	16:58:18[148]	-148	-125	-219	220.184255462606	0	0	-546	546	30	0
2025-10-31	16:58:18[337]	-152	-129	-216	220.320740839595	0	0	-543	543	30	0
2025-10-31	16:58:19[630]	-543	543	30	135	4817	255	0	0	-129	126
2025-10-31	16:58:19[802]	-151	-131	-216	220.943262138705	0	0	-543	543	30	0
2025-10-31	16:58:20[005]	-148	-126	-217	220.409456814394	0	0	-544	544	30	0
2025-10-31	16:58:20[210]	-150	-123	-218	219.351752626265	0	0	-545	545	30	0
2025-10-31	16:58:20[380]	-154	-125	-221	219.065834540451	0	0	-548	548	30	0
2025-10-31	16:58:20[583]	-148	-128	-220	220.855376258896	0	0	-547	547	30	0
2025-10-31	16:58:20[787]	-148	-129	-218	221.076110677247	0	0	-545	545	30	0
2025-10-31	16:58:20[974]	-149	-131	-216	221.321761278007	0	0	-543	543	30	0
2025-10-31	16:58:21[180]	-151	-126	-221	219.842873026782	0	0	-548	548	30	0
2025-10-31	16:58:21[394]	-151	-133	-221	221.37342821612	0	0	-548	548	30	0
2025-10-31	16:58:21[581]	-150	-127	-223	220.253476856572	0	0	-550	550	30	0
2025-10-31	16:58:21[754]	-157	-119	-215	217.160736668195	0	0	-542	542	30	0
2025-10-31	16:58:21[958]	-144	-125	-220	220.959795981596	0	0	-547	547	30	0
2025-10-31	16:58:22[184]	-145	-128	-215	221.436731937094	0	0	-542	542	30	0
2025-10-31	16:58:23[521]	-546	546	30	135	4817	255	0	0	-129	126
2025-10-31	16:58:23[723]	-147	-126	-221	220.601294645004	0	0	-548	548	30	0
2025-10-31	16:58:23[923]	-148	-130	-215	221.295372557923	0	0	-542	542	30	0
2025-10-31	16:58:24[130]	-148	-123	-216	219.729329248359	0	0	-543	543	30	0
2025-10-31	16:58:24[315]	-147	-125	-226	220.375848671571	0	0	-553	553	30	0
2025-10-31	16:58:24[529]	-148	-131	-217	221.513170228963	0	0	-544	544	30	0
2025-10-31	16:58:24[702]	-145	-125	-217	220.763605200941	0	0	-544	544	30	0
2025-10-31	16:58:24[917]	-149	-124	-223	219.767727121868	0	0	-550	550	30	0
2025-10-31	16:58:25[107]	-156	-125	-218	218.704570572728	0	0	-545	545	30	0
2025-10-31	16:58:26[456]	-543	543	30	135	4817	255	0	0	-129	126
2025-10-31	16:58:26[673]	-144	-130	-221	222.075022050844	0	0	-548	548	30	0
2025-10-31	16:58:26[893]	-148	-128	-218	220.855376258896	0	0	-545	545	30	0
2025-10-31	16:58:27[063]	-148	-130	-216	221.295372557923	0	0	-543	543	30	0
2025-10-31	16:58:27[254]	-153	-126	-216	219.472459848344	0	0	-543	543	30	0
2025-10-31	16:58:27[457]	-142	-128	-216	222.031765970128	0	0	-543	543	30	0
2025-10-31	16:58:27[648]	-144	-128	-221	221.63353933657	0	0	-548	548	30	0
2025-10-31	16:58:27[837]	-150	-126	-220	220.03025927189	0	0	-547	547	30	0
2025-10-31	16:58:28[026]	-150	-124	-218	219.579404716238	0	0	-545	545	30	0
2025-10-31	16:58:28[253]	-149	-122	-221	219.310340650211	0	0	-548	548	30	0
2025-10-31	16:58:28[460]	-147	-127	-223	220.825230108088	0	0	-550	550	30	0
2025-10-31	16:58:28[617]	-146	-126	-219	220.794642998291	0	0	-546	546	30	0
2025-10-31	16:58:28[821]	-151	-130	-220	220.726053902403	0	0	-547	547	30	0
2025-10-31	16:58:29[052]	-154	-125	-216	219.065834540451	0	0	-543	543	30	0
2025-10-31	16:58:29[210]	-153	-129	-212	220.135485562239	0	0	-539	539	30	0
2025-10-31	16:58:29[398]	-149	-128	-218	220.66456991416	0	0	-545	545	30	0
2025-10-31	16:58:29[617]	-146	-125	-222	220.568960687086	0	0	-549	549	30	0
2025-10-31	16:58:29[805]	-149	-127	-216	220.442580980286	0	0	-543	543	30	0
2025-10-31	16:58:30[021]	-148	-128	-220	220.855376258896	0	0	-547	547	30	0
2025-10-31	16:58:30[211]	-142	-125	-218	221.356871787794	0	0	-545	545	30	0
2025-10-31	16:58:30[392]	-146	-128	-220	221.241444314528	0	0	-547	547	30	0
2025-10-31	16:58:30[583]	-146	-131	-215	221.900367879469	0	0	-542	542	30	0
2025-10-31	16:58:30[784]	-149	-128	-214	220.66456991416	0	0	-541	541	30	0
2025-10-31	16:58:30[989]	-153	-126	-225	219.472459848344	0	0	-552	552	30	0
2025-10-31	16:58:31[168]	-149	-127	-225	220.442580980286	0	0	-552	552	30	0
2025-10-31	16:58:31[397]	-142	-130	-220	222.47388308838	0	0	-547	547	30	0
2025-10-31	16:58:31[565]	-148	-133	-219	221.944406542247	0	0	-546	546	30	0
2025-10-31	16:58:32[922]	-546	546	30	135	4817	255	0	0	-129	126
2025-10-31	16:58:33[140]	-154	-127	-220	219.511560692715	0	0	-547	547	30	0
2025-10-31	16:58:33[341]	-150	-129	-221	220.695531039492	0	0	-548	548	30	0
2025-10-31	16:58:33[528]	-154	-127	-221	219.511560692715	0	0	-548	548	30	0
2025-10-31	16:58:33[734]	-149	-129	-218	220.885090901763	0	0	-545	545	30	0
2025-10-31	16:58:33[934]	-148	-120	-222	219.035512898747	0	0	-549	549	30	0
2025-10-31	16:58:34[123]	-148	-123	-221	219.729329248359	0	0	-548	548	30	0
2025-10-31	16:58:35[473]	-548	548	30	135	4817	255	0	0	-129	126
2025-10-31	16:58:35[684]	-151	-130	-219	220.726053902403	0	0	-546	546	30	0
2025-10-31	16:58:37[053]	-547	547	30	135	4817	255	0	0	-129	126
2025-10-31	16:58:37[252]	-151	-128	-219	220.287348310212	0	0	-546	546	30	0
2025-10-31	16:58:38[616]	-546	546	30	135	4817	255	0	0	-129	126
2025-10-31	16:58:38[708]	-144	-130	-220	222.075022050844	0	0	-547	547	30	0
2025-10-31	16:58:38[924]	-145	-123	-214	220.30713749441	0	0	-541	541	30	0
2025-10-31	16:58:39[125]	-146	-126	-215	220.794642998291	0	0	-542	542	30	0
2025-10-31	16:58:39[310]	-150	-124	-220	219.579404716238	0	0	-547	547	30	0
2025-10-31	16:58:39[516]	-148	-126	-215	220.409456814394	0	0	-542	542	30	0
2025-10-31	16:58:39[738]	-151	-125	-221	219.618452947868	0	0	-548	548	30	0
2025-10-31	16:58:39[895]	-149	-128	-219	220.66456991416	0	0	-546	546	30	0
2025-10-31	16:58:40[083]	-145	-130	-218	221.877869537884	0	0	-545	545	30	0
2025-10-31	16:58:40[285]	-153	-124	-221	219.023297617083	0	0	-548	548	30	0
2025-10-31	16:58:40[491]	-152	-128	-224	220.100907546212	0	0	-551	551	30	0
2025-10-31	16:58:40[698]	-145	-130	-225	221.877869537884	0	0	-552	552	30	0
2025-10-31	16:58:40[886]	-146	-129	-215	221.462580570012	0	0	-542	542	30	0
2025-10-31	16:58:41[072]	-137	-121	-214	221.451318026096	0	0	-541	541	30	0
2025-10-31	16:58:41[278]	-151	-128	-218	220.287348310212	0	0	-545	545	30	0
2025-10-31	16:58:41[475]	-148	-128	-221	220.855376258896	0	0	-548	548	30	0
2025-10-31	16:58:41[678]	-147	-120	-218	219.225674097337	0	0	-545	545	30	0
2025-10-31	16:58:41[868]	-154	-126	-218	219.2894068625	0	0	-545	545	30	0
2025-10-31	16:58:42[054]	-147	-135	-218	222.56335175319	0	0	-545	545	30	0
2025-10-31	16:58:42[240]	-150	-128	-218	220.475231527166	0	0	-545	545	30	0
2025-10-31	16:58:42[445]	-147	-126	-219	220.601294645004	0	0	-546	546	30	0
2025-10-31	16:58:42[633]	-156	-127	-219	219.149123667271	0	0	-546	546	30	0
2025-10-31	16:58:44[025]	-549	549	30	135	4817	255	0	0	-129	126
2025-10-31	16:58:44[213]	-148	-132	-218	221.729512076816	0	0	-545	545	30	0
2025-10-31	16:58:44[414]	-151	-125	-218	219.618452947868	0	0	-545	545	30	0
2025-10-31	16:58:44[601]	-151	-125	-216	219.618452947868	0	0	-543	543	30	0
2025-10-31	16:58:44[805]	-151	-126	-217	219.842873026782	0	0	-544	544	30	0
2025-10-31	16:58:44[989]	-152	-125	-215	219.432799647355	0	0	-542	542	30	0
2025-10-31	16:58:45[210]	-147	-128	-220	221.047663417884	0	0	-547	547	30	0
2025-10-31	16:58:45[397]	-148	-125	-218	220.184255462606	0	0	-545	545	30	0
2025-10-31	16:58:45[590]	-151	-124	-220	219.392568039308	0	0	-547	547	30	0
2025-10-31	16:58:45[792]	-153	-121	-220	218.33869836023	0	0	-547	547	30	0
2025-10-31	16:58:47[142]	-549	549	30	135	4817	255	0	0	-129	126
2025-10-31	16:58:47[356]	-150	-123	-222	219.351752626265	0	0	-549	549	30	0
2025-10-31	16:58:48[716]	-546	546	30	135	4817	255	0	0	-129	126
2025-10-31	16:58:48[946]	-149	-126	-219	220.219116125168	0	0	-546	546	30	0
2025-10-31	16:58:49[122]	-141	-127	-214	222.009655024835	0	0	-541	541	30	0
2025-10-31	16:58:50[483]	-543	543	30	135	4817	255	0	0	-129	126
2025-10-31	16:58:50[683]	-149	-127	-217	220.442580980286	0	0	-544	544	30	0
2025-10-31	16:58:50[870]	-153	-129	-219	220.135485562239	0	0	-546	546	30	0
2025-10-31	16:58:51[101]	-148	-132	-213	221.729512076816	0	0	-540	540	30	0
2025-10-31	16:58:51[277]	-147	-126	-213	220.601294645004	0	0	-540	540	30	0
2025-10-31	16:58:51[584]	-147	-121	-223	219.45879522196	0	0	-550	550	30	0
2025-10-31	16:58:51[760]	-151	-122	-217	218.936374631488	0	0	-544	544	30	0
2025-10-31	16:58:51[930]	-146	-123	-213	220.112990165078	0	0	-540	540	30	0
2025-10-31	16:58:53[333]	-543	543	30	135	4817	255	0	0	-129	126
2025-10-31	16:58:53[545]	-155	-131	-218	220.203201033164	0	0	-545	545	30	0
2025-10-31	16:58:53[728]	-149	-125	-220	219.994167447049	0	0	-547	547	30	0
2025-10-31	16:58:53[931]	-149	-126	-218	220.219116125168	0	0	-545	545	30	0
2025-10-31	16:58:54[114]	-152	-129	-218	220.320740839595	0	0	-545	545	30	0
2025-10-31	16:58:54[329]	-147	-124	-217	220.148883904698	0	0	-544	544	30	0
2025-10-31	16:58:54[490]	-145	-121	-221	219.844415682594	0	0	-548	548	30	0
2025-10-31	16:58:54[692]	-146	-124	-224	220.341745890324	0	0	-551	551	30	0
2025-10-31	16:58:54[908]	-153	-128	-219	219.915896590406	0	0	-546	546	30	0
2025-10-31	16:58:56[294]	-541	541	30	135	4817	255	0	0	-129	126
2025-10-31	16:58:56[505]	-148	-131	-220	221.513170228963	0	0	-547	547	30	0
2025-10-31	16:58:56[670]	-147	-124	-218	220.148883904698	0	0	-545	545	30	0
2025-10-31	16:58:56[855]	-150	-127	-220	220.253476856572	0	0	-547	547	30	0
2025-10-31	16:58:57[060]	-152	-122	-212	218.751628334962	0	0	-539	539	30	0
2025-10-31	16:58:57[276]	-145	-128	-216	221.436731937094	0	0	-543	543	30	0
2025-10-31	16:58:57[450]	-150	-125	-222	219.805571092265	0	0	-549	549	30	0
2025-10-31	16:58:57[656]	-153	-124	-219	219.023297617083	0	0	-546	546	30	0
2025-10-31	16:58:57[844]	-153	-125	-221	219.248597909634	0	0	-548	548	30	0
2025-10-31	16:58:59[216]	-544	544	30	135	4817	255	0	0	-129	126
2025-10-31	16:58:59[418]	-151	-123	-220	219.165211003159	0	0	-547	547	30	0
2025-10-31	16:58:59[603]	-149	-129	-221	220.885090901763	0	0	-548	548	30	0
2025-10-31	16:58:59[791]	-147	-123	-222	219.920392139985	0	0	-549	549	30	0
2025-10-31	16:58:59[975]	-153	-126	-216	219.472459848344	0	0	-543	543	30	0
2025-10-31	16:59:00[199]	-143	-120	-226	220.002057906072	0	0	-553	553	30	0
2025-10-31	16:59:00[378]	-149	-128	-225	220.66456991416	0	0	-552	552	30	0
2025-10-31	16:59:00[580]	-153	-125	-214	219.248597909634	0	0	-541	541	30	0
2025-10-31	16:59:00[768]	-145	-124	-218	220.536148818032	0	0	-545	545	30	0
2025-10-31	16:59:00[988]	-148	-127	-215	220.633161037443	0	0	-542	542	30	0
2025-10-31	16:59:01[143]	-146	-120	-223	219.417394243469	0	0	-550	550	30	0
2025-10-31	16:59:01[394]	-149	-125	-216	219.994167447049	0	0	-543	543	30	0
2025-10-31	16:59:01[577]	-149	-121	-223	219.079379285953	0	0	-550	550	30	0
2025-10-31	16:59:01[757]	-147	-130	-221	221.488057348301	0	0	-548	548	30	0
2025-10-31	16:59:01[957]	-147	-125	-220	220.375848671571	0	0	-547	547	30	0
2025-10-31	16:59:02[163]	-153	-126	-223	219.472459848344	0	0	-550	550	30	0
2025-10-31	16:59:02[351]	-152	-129	-215	220.320740839595	0	0	-542	542	30	0
2025-10-31	16:59:02[534]	-152	-129	-220	220.320740839595	0	0	-547	547	30	0
2025-10-31	16:59:02[740]	-149	-128	-219	220.66456991416	0	0	-546	546	30	0
2025-10-31	16:59:02[924]	-148	-125	-219	220.184255462606	0	0	-546	546	30	0
2025-10-31	16:59:03[145]	-153	-126	-218	219.472459848344	0	0	-545	545	30	0
2025-10-31	16:59:03[299]	-150	-125	-221	219.805571092265	0	0	-548	548	30	0
2025-10-31	16:59:03[517]	-146	-131	-216	221.900367879469	0	0	-543	543	30	0
2025-10-31	16:59:03[748]	-153	-123	-221	218.796552098308	0	0	-548	548	30	0
2025-10-31	16:59:03[908]	-148	-129	-219	221.076110677247	0	0	-546	546	30	0
2025-10-31	16:59:04[126]	-150	-125	-221	219.805571092265	0	0	-548	548	30	0
2025-10-31	16:59:04[301]	-152	-127	-215	219.87964445696	0	0	-542	542	30	0
2025-10-31	16:59:04[498]	-145	-126	-220	220.989515329483	0	0	-547	547	30	0
2025-10-31	16:59:04[700]	-150	-126	-217	220.03025927189	0	0	-544	544	30	0
2025-10-31	16:59:04[897]	-148	-127	-217	220.633161037443	0	0	-544	544	30	0
2025-10-31	16:59:05[087]	-146	-123	-221	220.112990165078	0	0	-548	548	30	0
2025-10-31	16:59:05[269]	-152	-124	-219	219.207203504968	0	0	-546	546	30	0
2025-10-31	16:59:05[497]	-149	-123	-213	219.539787407852	0	0	-540	540	30	0
2025-10-31	16:59:05[692]	-149	-125	-218	219.994167447049	0	0	-545	545	30	0
2025-10-31	16:59:05[877]	-150	-127	-217	220.253476856572	0	0	-544	544	30	0
2025-10-31	16:59:06[066]	-150	-121	-218	218.891961681817	0	0	-545	545	30	0
2025-10-31	16:59:06[267]	-149	-128	-216	220.66456991416	0	0	-543	543	30	0
2025-10-31	16:59:06[453]	-150	-130	-216	220.914383220025	0	0	-543	543	30	0
2025-10-31	16:59:06[660]	-154	-123	-217	218.614407487433	0	0	-544	544	30	0
2025-10-31	16:59:06[846]	-154	-119	-217	217.694240466689	0	0	-544	544	30	0
2025-10-31	16:59:07[053]	-147	-117	-216	218.516926307103	0	0	-543	543	30	0
2025-10-31	16:59:07[241]	-146	-127	-220	221.018801343578	0	0	-547	547	30	0
2025-10-31	16:59:07[432]	-151	-127	-224	220.06583565944	0	0	-551	551	30	0
2025-10-31	16:59:07[638]	-146	-125	-220	220.568960687086	0	0	-547	547	30	0
2025-10-31	16:59:07[846]	-150	-124	-223	219.579404716238	0	0	-550	550	30	0
2025-10-31	16:59:08[049]	-152	-127	-218	219.87964445696	0	0	-545	545	30	0
2025-10-31	16:59:08[224]	-148	-125	-220	220.184255462606	0	0	-547	547	30	0
2025-10-31	16:59:08[427]	-150	-125	-221	219.805571092265	0	0	-548	548	30	0
2025-10-31	16:59:08[630]	-142	-122	-219	220.667686016811	0	0	-546	546	30	0
2025-10-31	16:59:08[819]	-146	-130	-219	221.682218831665	0	0	-546	546	30	0
2025-10-31	16:59:09[018]	-152	-120	-220	218.290163192243	0	0	-547	547	30	0
2025-10-31	16:59:09[209]	-151	-123	-218	219.165211003159	0	0	-545	545	30	0
2025-10-31	16:59:09[412]	-152	-128	-214	220.100907546212	0	0	-541	541	30	0
2025-10-31	16:59:09[582]	-152	-123	-216	218.980148731351	0	0	-543	543	30	0
2025-10-31	16:59:09[816]	-150	-126	-217	220.03025927189	0	0	-544	544	30	0
2025-10-31	16:59:09[996]	-146	-128	-218	221.241444314528	0	0	-545	545	30	0
2025-10-31	16:59:10[156]	-153	-125	-218	219.248597909634	0	0	-545	545	30	0
2025-10-31	16:59:10[362]	-145	-126	-220	220.989515329483	0	0	-547	547	30	0
2025-10-31	16:59:10[581]	-147	-123	-218	219.920392139985	0	0	-545	545	30	0
2025-10-31	16:59:10[765]	-148	-126	-221	220.409456814394	0	0	-548	548	30	0
2025-10-31	16:59:10[968]	-155	-125	-218	218.884496433715	0	0	-545	545	30	0
2025-10-31	16:59:11[162]	-151	-126	-221	219.842873026782	0	0	-548	548	30	0
2025-10-31	16:59:11[366]	-151	-126	-216	219.842873026782	0	0	-543	543	30	0
2025-10-31	16:59:11[583]	-151	-124	-219	219.392568039308	0	0	-546	546	30	0
2025-10-31	16:59:11[740]	-149	-125	-219	219.994167447049	0	0	-546	546	30	0
2025-10-31	16:59:11[944]	-145	-128	-218	221.436731937094	0	0	-545	545	30	0
2025-10-31	16:59:13[329]	-542	542	30	135	4817	255	0	0	-129	126
2025-10-31	16:59:13[541]	-147	-123	-217	219.920392139985	0	0	-544	544	30	0
2025-10-31	16:59:13[715]	-147	-123	-222	219.920392139985	0	0	-549	549	30	0
2025-10-31	16:59:13[929]	-150	-122	-217	219.122607393357	0	0	-544	544	30	0
2025-10-31	16:59:14[096]	-148	-128	-223	220.855376258896	0	0	-550	550	30	0
2025-10-31	16:59:14[299]	-154	-123	-219	218.614407487433	0	0	-546	546	30	0
2025-10-31	16:59:14[490]	-147	-126	-222	220.601294645004	0	0	-549	549	30	0
2025-10-31	16:59:14[690]	-153	-126	-222	219.472459848344	0	0	-549	549	30	0
2025-10-31	16:59:14[894]	-151	-126	-216	219.842873026782	0	0	-543	543	30	0
2025-10-31	16:59:15[093]	-147	-128	-217	221.047663417884	0	0	-544	544	30	0
2025-10-31	16:59:15[314]	-147	-132	-222	221.922544600576	0	0	-549	549	30	0
2025-10-31	16:59:15[509]	-150	-126	-214	220.03025927189	0	0	-541	541	30	0
2025-10-31	16:59:16[870]	-544	544	30	135	4817	255	0	0	-129	126
2025-10-31	16:59:17[059]	-150	-127	-213	220.253476856572	0	0	-540	540	30	0
2025-10-31	16:59:17[215]	-144	-128	-222	221.63353933657	0	0	-549	549	30	0
2025-10-31	16:59:17[438]	-150	-131	-218	221.131795961678	0	0	-545	545	30	0
2025-10-31	16:59:18[806]	-543	543	30	135	4817	255	0	0	-129	126
2025-10-31	16:59:19[027]	-146	-125	-219	220.568960687086	0	0	-546	546	30	0
2025-10-31	16:59:19[226]	-148	-126	-216	220.409456814394	0	0	-543	543	30	0
2025-10-31	16:59:19[405]	-146	-123	-221	220.112990165078	0	0	-548	548	30	0
2025-10-31	16:59:19[587]	-148	-130	-221	221.295372557923	0	0	-548	548	30	0
2025-10-31	16:59:19[840]	-146	-120	-216	219.417394243469	0	0	-543	543	30	0
2025-10-31	16:59:20[006]	-146	-128	-214	221.241444314528	0	0	-541	541	30	0
2025-10-31	16:59:20[180]	-150	-133	-220	221.562335007635	0	0	-547	547	30	0
2025-10-31	16:59:20[385]	-150	-124	-216	219.579404716238	0	0	-543	543	30	0
2025-10-31	16:59:20[603]	-149	-122	-219	219.310340650211	0	0	-546	546	30	0
2025-10-31	16:59:20[794]	-150	-128	-219	220.475231527166	0	0	-546	546	30	0
2025-10-31	16:59:20[957]	-148	-127	-214	220.633161037443	0	0	-541	541	30	0
2025-10-31	16:59:21[159]	-150	-125	-219	219.805571092265	0	0	-546	546	30	0
2025-10-31	16:59:21[365]	-151	-124	-213	219.392568039308	0	0	-540	540	30	0
2025-10-31	16:59:21[566]	-155	-127	-218	219.329642656106	0	0	-545	545	30	0
2025-10-31	16:59:21[755]	-150	-122	-222	219.122607393357	0	0	-549	549	30	0
2025-10-31	16:59:21[939]	-152	-130	-215	220.539151741483	0	0	-542	542	30	0
2025-10-31	16:59:22[159]	-153	-127	-218	219.69489039379	0	0	-545	545	30	0
2025-10-31	16:59:22[334]	-148	-126	-212	220.409456814394	0	0	-539	539	30	0
2025-10-31	16:59:22[550]	-153	-120	-218	218.107576877515	0	0	-545	545	30	0
2025-10-31	16:59:22[720]	-150	-130	-218	220.914383220025	0	0	-545	545	30	0
2025-10-31	16:59:22[924]	-147	-127	-221	220.825230108088	0	0	-548	548	30	0
2025-10-31	16:59:23[128]	-148	-122	-216	219.499588529798	0	0	-543	543	30	0
2025-10-31	16:59:23[315]	-150	-122	-217	219.122607393357	0	0	-544	544	30	0
2025-10-31	16:59:23[520]	-147	-128	-218	221.047663417884	0	0	-545	545	30	0
2025-10-31	16:59:23[732]	-147	-123	-220	219.920392139985	0	0	-547	547	30	0
2025-10-31	16:59:23[893]	-149	-123	-222	219.539787407852	0	0	-549	549	30	0
2025-10-31	16:59:24[079]	-154	-129	-215	219.951640322052	0	0	-542	542	30	0
2025-10-31	16:59:24[314]	-150	-126	-219	220.03025927189	0	0	-546	546	30	0
2025-10-31	16:59:24[497]	-149	-126	-221	220.219116125168	0	0	-548	548	30	0
2025-10-31	16:59:24[703]	-150	-125	-220	219.805571092265	0	0	-547	547	30	0
2025-10-31	16:59:24[869]	-145	-123	-212	220.30713749441	0	0	-539	539	30	0
2025-10-31	16:59:25[101]	-148	-119	-219	218.801162686494	0	0	-546	546	30	0
2025-10-31	16:59:25[316]	-150	-124	-215	219.579404716238	0	0	-542	542	30	0
2025-10-31	16:59:25[508]	-148	-127	-215	220.633161037443	0	0	-542	542	30	0
2025-10-31	16:59:25[679]	-154	-125	-219	219.065834540451	0	0	-546	546	30	0
2025-10-31	16:59:25[889]	-149	-126	-216	220.219116125168	0	0	-543	543	30	0
2025-10-31	16:59:26[091]	-150	-130	-221	220.914383220025	0	0	-548	548	30	0
2025-10-31	16:59:26[261]	-144	-124	-222	220.732106699709	0	0	-549	549	30	0
2025-10-31	16:59:26[508]	-153	-128	-223	219.915896590406	0	0	-550	550	30	0
2025-10-31	16:59:26[646]	-148	-126	-219	220.409456814394	0	0	-546	546	30	0
2025-10-31	16:59:26[848]	-145	-132	-221	222.312999997876	0	0	-548	548	30	0
2025-10-31	16:59:27[037]	-147	-127	-216	220.825230108088	0	0	-543	543	30	0
2025-10-31	16:59:28[342]	-551	551	30	135	4817	255	0	0	-129	126
2025-10-31	16:59:29[696]	-545	545	30	135	4817	255	0	0	-129	126
2025-10-31	16:59:29[895]	-150	-124	-218	219.579404716238	0	0	-545	545	30	0
2025-10-31	16:59:30[093]	-148	-127	-215	220.633161037443	0	0	-542	542	30	0
2025-10-31	16:59:30[255]	-148	-126	-212	220.409456814394	0	0	-539	539	30	0
2025-10-31	16:59:30[492]	-144	-131	-217	222.293487132297	0	0	-544	544	30	0
2025-10-31	16:59:30[711]	-151	-124	-216	219.392568039308	0	0	-543	543	30	0
2025-10-31	16:59:30[864]	-149	-126	-212	220.219116125168	0	0	-539	539	30	0
2025-10-31	16:59:32[151]	-549	549	30	135	4817	255	0	0	-129	126
2025-10-31	16:59:32[334]	-150	-124	-216	219.579404716238	0	0	-543	543	30	0
2025-10-31	16:59:33[718]	-539	539	30	135	4817	255	0	0	-129	126
2025-10-31	16:59:33[891]	-148	-123	-214	219.729329248359	0	0	-541	541	30	0
2025-10-31	16:59:34[113]	-148	-126	-217	220.409456814394	0	0	-544	544	30	0
2025-10-31	16:59:34[307]	-150	-128	-217	220.475231527166	0	0	-544	544	30	0
2025-10-31	16:59:34[512]	-148	-130	-214	221.295372557923	0	0	-541	541	30	0
2025-10-31	16:59:34[704]	-148	-133	-220	221.944406542247	0	0	-547	547	30	0
2025-10-31	16:59:36[074]	-544	544	30	135	4817	255	0	0	-129	126
2025-10-31	16:59:36[232]	-148	-122	-217	219.499588529798	0	0	-544	544	30	0
2025-10-31	16:59:36[463]	-148	-124	-214	219.957548930829	0	0	-541	541	30	0
2025-10-31	16:59:36[664]	-149	-129	-218	220.885090901763	0	0	-545	545	30	0
2025-10-31	16:59:36[868]	-149	-128	-221	220.66456991416	0	0	-548	548	30	0
2025-10-31	16:59:37[024]	-146	-123	-220	220.112990165078	0	0	-547	547	30	0
2025-10-31	16:59:37[223]	-150	-132	-217	221.347777219694	0	0	-544	544	30	0
2025-10-31	16:59:37[447]	-149	-128	-218	220.66456991416	0	0	-545	545	30	0
2025-10-31	16:59:37[656]	-152	-127	-221	219.87964445696	0	0	-548	548	30	0
2025-10-31	16:59:37[863]	-151	-129	-222	220.507418520085	0	0	-549	549	30	0
2025-10-31	16:59:38[043]	-150	-127	-219	220.253476856572	0	0	-546	546	30	0
2025-10-31	16:59:38[230]	-158	-126	-216	218.57125225117	0	0	-543	543	30	0
2025-10-31	16:59:38[440]	-145	-130	-218	221.877869537884	0	0	-545	545	30	0
2025-10-31	16:59:38[622]	-151	-127	-217	220.06583565944	0	0	-544	544	30	0
2025-10-31	16:59:38[826]	-150	-129	-220	220.695531039492	0	0	-547	547	30	0
2025-10-31	16:59:39[017]	-147	-131	-219	221.706035012155	0	0	-546	546	30	0
2025-10-31	16:59:39[247]	-155	-124	-223	218.65980825409	0	0	-550	550	30	0
2025-10-31	16:59:39[373]	-145	-131	-218	222.096181134904	0	0	-545	545	30	0
2025-10-31	16:59:39[559]	-152	-127	-217	219.87964445696	0	0	-544	544	30	0
2025-10-31	16:59:39[765]	-143	-125	-215	221.157546872085	0	0	-542	542	30	0
2025-10-31	16:59:41[175]	-551	551	30	135	4817	255	0	0	-129	126
2025-10-31	16:59:41[365]	-147	-125	-217	220.375848671571	0	0	-544	544	30	0
2025-10-31	16:59:41[573]	-152	-125	-221	219.432799647355	0	0	-548	548	30	0
2025-10-31	16:59:41[738]	-148	-126	-223	220.409456814394	0	0	-550	550	30	0
2025-10-31	16:59:41[953]	-154	-127	-216	219.511560692715	0	0	-543	543	30	0
2025-10-31	16:59:42[415]	-146	-127	-218	221.018801343578	0	0	-545	545	30	0
2025-10-31	16:59:43[824]	-545	545	30	135	4817	255	0	0	-129	126
2025-10-31	16:59:44[028]	-151	-128	-218	220.287348310212	0	0	-545	545	30	0
2025-10-31	16:59:44[214]	-152	-127	-214	219.87964445696	0	0	-541	541	30	0
2025-10-31	16:59:44[385]	-145	-126	-218	220.989515329483	0	0	-545	545	30	0
2025-10-31	16:59:44[603]	-148	-124	-222	219.957548930829	0	0	-549	549	30	0
2025-10-31	16:59:44[760]	-149	-130	-218	221.104151986912	0	0	-545	545	30	0
2025-10-31	16:59:44[987]	-148	-123	-220	219.729329248359	0	0	-547	547	30	0
2025-10-31	16:59:45[159]	-148	-128	-216	220.855376258896	0	0	-543	543	30	0
2025-10-31	16:59:45[386]	-149	-121	-216	219.079379285953	0	0	-543	543	30	0
2025-10-31	16:59:45[584]	-149	-136	-216	222.388318622102	0	0	-543	543	30	0
2025-10-31	16:59:45[759]	-140	-126	-212	221.987212495817	0	0	-539	539	30	0
2025-10-31	16:59:45[961]	-147	-127	-222	220.825230108088	0	0	-549	549	30	0
2025-10-31	16:59:46[179]	-153	-126	-220	219.472459848344	0	0	-547	547	30	0
2025-10-31	16:59:46[351]	-156	-123	-220	218.254420352517	0	0	-547	547	30	0
2025-10-31	16:59:46[565]	-147	-126	-221	220.601294645004	0	0	-548	548	30	0
2025-10-31	16:59:46[739]	-148	-126	-221	220.409456814394	0	0	-548	548	30	0
2025-10-31	16:59:46[943]	-150	-126	-215	220.03025927189	0	0	-542	542	30	0
2025-10-31	16:59:47[130]	-150	-129	-223	220.695531039492	0	0	-550	550	30	0
2025-10-31	16:59:47[320]	-149	-125	-214	219.994167447049	0	0	-541	541	30	0
2025-10-31	16:59:47[558]	-150	-126	-215	220.03025927189	0	0	-542	542	30	0
2025-10-31	16:59:47[738]	-147	-127	-221	220.825230108088	0	0	-548	548	30	0
2025-10-31	16:59:49[100]	-544	544	30	135	4817	255	0	0	-129	126
2025-10-31	16:59:49[298]	-146	-128	-220	221.241444314528	0	0	-547	547	30	0
2025-10-31	16:59:49[497]	-149	-126	-218	220.219116125168	0	0	-545	545	30	0
2025-10-31	16:59:49[675]	-150	-126	-220	220.03025927189	0	0	-547	547	30	0
2025-10-31	16:59:49[893]	-149	-132	-216	221.537926943865	0	0	-543	543	30	0
2025-10-31	16:59:50[097]	-150	-124	-217	219.579404716238	0	0	-544	544	30	0
2025-10-31	16:59:50[297]	-150	-127	-218	220.253476856572	0	0	-545	545	30	0
2025-10-31	16:59:50[457]	-146	-126	-216	220.794642998291	0	0	-543	543	30	0
2025-10-31	16:59:50[674]	-150	-125	-223	219.805571092265	0	0	-550	550	30	0
2025-10-31	16:59:50[844]	-150	-130	-216	220.914383220025	0	0	-543	543	30	0
2025-10-31	16:59:51[034]	-151	-132	-216	221.159050974663	0	0	-543	543	30	0
2025-10-31	16:59:51[266]	-145	-121	-216	219.844415682594	0	0	-543	543	30	0
2025-10-31	16:59:51[466]	-154	-128	-216	219.732302871956	0	0	-543	543	30	0
2025-10-31	16:59:51[653]	-148	-128	-216	220.855376258896	0	0	-543	543	30	0
2025-10-31	16:59:51[861]	-150	-126	-218	220.03025927189	0	0	-545	545	30	0
2025-10-31	16:59:52[045]	-148	-127	-215	220.633161037443	0	0	-542	542	30	0
2025-10-31	16:59:52[245]	-149	-127	-220	220.442580980286	0	0	-547	547	30	0
2025-10-31	16:59:52[433]	-147	-123	-219	219.920392139985	0	0	-546	546	30	0
2025-10-31	16:59:53[779]	-545	545	30	135	4817	255	0	0	-129	126
2025-10-31	16:59:53[981]	-151	-132	-220	221.159050974663	0	0	-547	547	30	0
2025-10-31	16:59:54[210]	-150	-128	-220	220.475231527166	0	0	-547	547	30	0
2025-10-31	16:59:54[400]	-150	-119	-219	218.426139975714	0	0	-546	546	30	0
2025-10-31	16:59:54[609]	-149	-126	-225	220.219116125168	0	0	-552	552	30	0
2025-10-31	16:59:54[783]	-151	-125	-218	219.618452947868	0	0	-545	545	30	0
2025-10-31	16:59:55[004]	-158	-124	-216	218.125181971296	0	0	-543	543	30	0
2025-10-31	16:59:55[174]	-144	-129	-211	221.855042535302	0	0	-538	538	30	0
2025-10-31	16:59:55[357]	-153	-124	-218	219.023297617083	0	0	-545	545	30	0
2025-10-31	16:59:55[550]	-149	-127	-212	220.442580980286	0	0	-539	539	30	0
2025-10-31	16:59:55[768]	-152	-134	-218	221.398721882777	0	0	-545	545	30	0
2025-10-31	16:59:55[973]	-150	-126	-219	220.03025927189	0	0	-546	546	30	0
2025-10-31	16:59:57[263]	-547	547	30	135	4817	255	0	0	-129	126
2025-10-31	16:59:57[453]	-153	-131	-222	220.570440701022	0	0	-549	549	30	0
2025-10-31	16:59:57[629]	-151	-126	-221	219.842873026782	0	0	-548	548	30	0
2025-10-31	16:59:58[989]	-538	538	30	135	4817	255	0	0	-129	126
2025-10-31	16:59:59[191]	-149	-127	-222	220.442580980286	0	0	-549	549	30	0
2025-10-31	16:59:59[391]	-147	-128	-223	221.047663417884	0	0	-550	550	30	0
2025-10-31	16:59:59[611]	-152	-118	-218	217.822754149145	0	0	-545	545	30	0
2025-10-31	16:59:59[782]	-149	-126	-216	220.219116125168	0	0	-543	543	30	0
2025-10-31	16:59:59[969]	-152	-130	-222	220.539151741483	0	0	-549	549	30	0
2025-10-31	17:00:00[183]	-153	-131	-219	220.570440701022	0	0	-546	546	30	0
2025-10-31	17:00:00[391]	-150	-132	-218	221.347777219694	0	0	-545	545	30	0
2025-10-31	17:00:00[592]	-147	-123	-220	219.920392139985	0	0	-547	547	30	0
2025-10-31	17:00:00[798]	-150	-122	-220	219.122607393357	0	0	-547	547	30	0
2025-10-31	17:00:00[955]	-156	-126	-216	218.927543592792	0	0	-543	543	30	0
2025-10-31	17:00:01[141]	-151	-124	-213	219.392568039308	0	0	-540	540	30	0
2025-10-31	17:00:01[389]	-155	-128	-219	219.550113895461	0	0	-546	546	30	0
2025-10-31	17:00:01[562]	-142	-121	-214	220.434737615583	0	0	-541	541	30	0
2025-10-31	17:00:01[734]	-150	-124	-218	219.579404716238	0	0	-545	545	30	0
2025-10-31	17:00:01[956]	-146	-128	-220	221.241444314528	0	0	-547	547	30	0
2025-10-31	17:00:02[145]	-148	-122	-216	219.499588529798	0	0	-543	543	30	0
2025-10-31	17:00:02[347]	-147	-125	-215	220.375848671571	0	0	-542	542	30	0
2025-10-31	17:00:02[505]	-149	-124	-219	219.767727121868	0	0	-546	546	30	0
2025-10-31	17:00:02[722]	-146	-124	-227	220.341745890324	0	0	-554	554	30	0
2025-10-31	17:00:02[909]	-152	-129	-219	220.320740839595	0	0	-546	546	30	0
2025-10-31	17:00:03[111]	-148	-128	-217	220.855376258896	0	0	-544	544	30	0
2025-10-31	17:00:03[317]	-149	-125	-222	219.994167447049	0	0	-549	549	30	0
2025-10-31	17:00:03[481]	-146	-120	-217	219.417394243469	0	0	-544	544	30	0
2025-10-31	17:00:03[694]	-147	-129	-218	221.26860300084	0	0	-545	545	30	0
2025-10-31	17:00:05[088]	-544	544	30	135	4817	255	0	0	-129	126
2025-10-31	17:00:05[305]	-145	-122	-221	220.076562623304	0	0	-548	548	30	0
2025-10-31	17:00:05[474]	-149	-125	-223	219.994167447049	0	0	-550	550	30	0
2025-10-31	17:00:05[681]	-152	-130	-217	220.539151741483	0	0	-544	544	30	0
2025-10-31	17:00:05[864]	-147	-133	-216	222.137594773888	0	0	-543	543	30	0
2025-10-31	17:00:06[081]	-145	-125	-220	220.763605200941	0	0	-547	547	30	0
2025-10-31	17:00:06[241]	-148	-125	-215	220.184255462606	0	0	-542	542	30	0
2025-10-31	17:00:07[658]	-542	542	30	135	4817	255	0	0	-129	126
2025-10-31	17:00:07[859]	-151	-121	-215	218.706051811049	0	0	-542	542	30	0
2025-10-31	17:00:08[030]	-153	-128	-218	219.915896590406	0	0	-545	545	30	0
2025-10-31	17:00:08[238]	-148	-131	-216	221.513170228963	0	0	-543	543	30	0
2025-10-31	17:00:08[420]	-144	-126	-216	221.18592516571	0	0	-543	543	30	0
2025-10-31	17:00:08[592]	-150	-128	-213	220.475231527166	0	0	-540	540	30	0
2025-10-31	17:00:08[787]	-150	-123	-219	219.351752626265	0	0	-546	546	30	0
2025-10-31	17:00:08[995]	-152	-124	-222	219.207203504968	0	0	-549	549	30	0
2025-10-31	17:00:09[190]	-152	-128	-219	220.100907546212	0	0	-546	546	30	0
2025-10-31	17:00:09[400]	-149	-126	-223	220.219116125168	0	0	-550	550	30	0
2025-10-31	17:00:09[594]	-147	-124	-222	220.148883904698	0	0	-549	549	30	0
2025-10-31	17:00:09[772]	-155	-130	-221	219.986886244964	0	0	-548	548	30	0
2025-10-31	17:00:10[095]	-149	-122	-226	219.310340650211	0	0	-553	553	30	0
2025-10-31	17:00:10[321]	-151	-128	-221	220.287348310212	0	0	-548	548	30	0
2025-10-31	17:00:10[492]	-148	-125	-225	220.184255462606	0	0	-552	552	30	0
2025-10-31	17:00:10[686]	-149	-126	-218	220.219116125168	0	0	-545	545	30	0
2025-10-31	17:00:10[873]	-149	-125	-221	219.994167447049	0	0	-548	548	30	0
2025-10-31	17:00:11[058]	-153	-126	-221	219.472459848344	0	0	-548	548	30	0
2025-10-31	17:00:11[286]	-149	-125	-220	219.994167447049	0	0	-547	547	30	0
2025-10-31	17:00:11[462]	-154	-124	-223	218.840836970857	0	0	-550	550	30	0
2025-10-31	17:00:11[668]	-157	-129	-219	219.408442244243	0	0	-546	546	30	0
2025-10-31	17:00:11[855]	-148	-125	-223	220.184255462606	0	0	-550	550	30	0
2025-10-31	17:00:12[069]	-154	-127	-222	219.511560692715	0	0	-549	549	30	0
2025-10-31	17:00:12[257]	-152	-126	-226	219.656944241425	0	0	-553	553	30	0
2025-10-31	17:00:12[450]	-151	-122	-220	218.936374631488	0	0	-547	547	30	0
2025-10-31	17:00:12[633]	-147	-125	-222	220.375848671571	0	0	-549	549	30	0
2025-10-31	17:00:12[841]	-150	-133	-215	221.562335007635	0	0	-542	542	30	0
2025-10-31	17:00:13[056]	-154	-126	-220	219.2894068625	0	0	-547	547	30	0
2025-10-31	17:00:13[224]	-152	-127	-220	219.87964445696	0	0	-547	547	30	0
2025-10-31	17:00:13[415]	-153	-127	-221	219.69489039379	0	0	-548	548	30	0
2025-10-31	17:00:13[604]	-147	-125	-214	220.375848671571	0	0	-541	541	30	0
2025-10-31	17:00:13[850]	-151	-125	-218	219.618452947868	0	0	-545	545	30	0
2025-10-31	17:00:14[014]	-148	-124	-222	219.957548930829	0	0	-549	549	30	0
2025-10-31	17:00:14[200]	-151	-123	-220	219.165211003159	0	0	-547	547	30	0
2025-10-31	17:00:14[396]	-151	-125	-220	219.618452947868	0	0	-547	547	30	0
2025-10-31	17:00:14[614]	-154	-130	-219	220.16958004171	0	0	-546	546	30	0
2025-10-31	17:00:14[810]	-145	-128	-221	221.436731937094	0	0	-548	548	30	0
2025-10-31	17:00:14[977]	-146	-129	-220	221.462580570012	0	0	-547	547	30	0
2025-10-31	17:00:15[180]	-149	-127	-222	220.442580980286	0	0	-549	549	30	0
2025-10-31	17:00:15[350]	-148	-124	-220	219.957548930829	0	0	-547	547	30	0
2025-10-31	17:00:15[571]	-152	-127	-225	219.87964445696	0	0	-552	552	30	0
2025-10-31	17:00:15[757]	-145	-127	-221	221.213887964618	0	0	-548	548	30	0
2025-10-31	17:00:15[988]	-144	-122	-219	220.272012181158	0	0	-546	546	30	0
2025-10-31	17:00:17[349]	-544	544	30	135	4817	255	0	0	-129	126
2025-10-31	17:00:17[552]	-147	-128	-224	221.047663417884	0	0	-551	551	30	0
2025-10-31	17:00:17[751]	-151	-123	-221	219.165211003159	0	0	-548	548	30	0
2025-10-31	17:00:17[911]	-154	-129	-220	219.951640322052	0	0	-547	547	30	0
2025-10-31	17:00:18[118]	-151	-132	-218	221.159050974663	0	0	-545	545	30	0
2025-10-31	17:00:18[330]	-150	-121	-219	218.891961681817	0	0	-546	546	30	0
2025-10-31	17:00:18[537]	-150	-125	-222	219.805571092265	0	0	-549	549	30	0
2025-10-31	17:00:18[722]	-142	-123	-220	220.899018302315	0	0	-547	547	30	0
2025-10-31	17:00:18[894]	-143	-123	-226	220.700137179808	0	0	-553	553	30	0
2025-10-31	17:00:19[138]	-152	-124	-224	219.207203504968	0	0	-551	551	30	0
2025-10-31	17:00:19[310]	-149	-127	-220	220.442580980286	0	0	-547	547	30	0
2025-10-31	17:00:19[489]	-151	-126	-219	219.842873026782	0	0	-546	546	30	0
2025-10-31	17:00:19[677]	-149	-128	-217	220.66456991416	0	0	-544	544	30	0
2025-10-31	17:00:19[878]	-149	-125	-219	219.994167447049	0	0	-546	546	30	0
2025-10-31	17:00:20[082]	-148	-126	-220	220.409456814394	0	0	-547	547	30	0
2025-10-31	17:00:20[270]	-156	-131	-219	220.021644660691	0	0	-546	546	30	0
2025-10-31	17:00:20[473]	-153	-127	-221	219.69489039379	0	0	-548	548	30	0
2025-10-31	17:00:20[679]	-148	-126	-219	220.409456814394	0	0	-546	546	30	0
2025-10-31	17:00:20[854]	-145	-126	-224	220.989515329483	0	0	-551	551	30	0
2025-10-31	17:00:22[243]	-544	544	30	135	4817	255	0	0	-129	126
2025-10-31	17:00:22[354]	-149	-128	-222	220.66456991416	0	0	-549	549	30	0
2025-10-31	17:00:22[541]	-146	-127	-217	221.018801343578	0	0	-544	544	30	0
2025-10-31	17:00:22[747]	-148	-129	-219	221.076110677247	0	0	-546	546	30	0
2025-10-31	17:00:22[954]	-145	-121	-224	219.844415682594	0	0	-551	551	30	0
2025-10-31	17:00:23[124]	-145	-124	-222	220.536148818032	0	0	-549	549	30	0
2025-10-31	17:00:23[297]	-150	-124	-218	219.579404716238	0	0	-545	545	30	0
2025-10-31	17:00:23[530]	-147	-126	-214	220.601294645004	0	0	-541	541	30	0
2025-10-31	17:00:23[718]	-149	-127	-219	220.442580980286	0	0	-546	546	30	0
2025-10-31	17:00:23[918]	-152	-129	-223	220.320740839595	0	0	-550	550	30	0
2025-10-31	17:00:24[106]	-145	-122	-215	220.076562623304	0	0	-542	542	30	0
2025-10-31	17:00:24[274]	-146	-129	-223	221.462580570012	0	0	-550	550	30	0
2025-10-31	17:00:24[531]	-151	-127	-223	220.06583565944	0	0	-550	550	30	0
2025-10-31	17:00:24[716]	-150	-126	-222	220.03025927189	0	0	-549	549	30	0
2025-10-31	17:00:25[956]	-547	547	30	135	4817	255	0	0	-129	126
2025-10-31	17:00:26[154]	-150	-129	-221	220.695531039492	0	0	-548	548	30	0
2025-10-31	17:00:26[363]	-150	-128	-217	220.475231527166	0	0	-544	544	30	0
2025-10-31	17:00:26[551]	-146	-132	-215	222.11703654746	0	0	-542	542	30	0
2025-10-31	17:00:26[738]	-148	-128	-215	220.855376258896	0	0	-542	542	30	0
2025-10-31	17:00:26[929]	-147	-126	-215	220.601294645004	0	0	-542	542	30	0
2025-10-31	17:00:27[146]	-147	-122	-217	219.690365256546	0	0	-544	544	30	0
2025-10-31	17:00:27[336]	-148	-128	-219	220.855376258896	0	0	-546	546	30	0
2025-10-31	17:00:28[721]	-542	542	30	135	4817	255	0	0	-129	126
2025-10-31	17:00:28[893]	-150	-129	-219	220.695531039492	0	0	-546	546	30	0
2025-10-31	17:00:29[112]	-146	-127	-217	221.018801343578	0	0	-544	544	30	0
2025-10-31	17:00:29[286]	-149	-125	-216	219.994167447049	0	0	-543	543	30	0
2025-10-31	17:00:29[497]	-152	-126	-222	219.656944241425	0	0	-549	549	30	0
2025-10-31	17:00:29[708]	-146	-129	-217	221.462580570012	0	0	-544	544	30	0
2025-10-31	17:00:29[885]	-147	-123	-214	219.920392139985	0	0	-541	541	30	0
2025-10-31	17:00:30[066]	-152	-128	-220	220.100907546212	0	0	-547	547	30	0
2025-10-31	17:00:30[299]	-154	-122	-216	218.386539517685	0	0	-543	543	30	0
2025-10-31	17:00:30[496]	-152	-124	-214	219.207203504968	0	0	-541	541	30	0
2025-10-31	17:00:30[658]	-149	-128	-215	220.66456991416	0	0	-542	542	30	0
2025-10-31	17:00:32[047]	-546	546	30	135	4817	255	0	0	-129	126
2025-10-31	17:00:32[241]	-151	-127	-220	220.06583565944	0	0	-547	547	30	0
2025-10-31	17:00:32[429]	-152	-126	-213	219.656944241425	0	0	-540	540	30	0
2025-10-31	17:00:32[634]	-148	-123	-218	219.729329248359	0	0	-545	545	30	0
2025-10-31	17:00:32[839]	-146	-125	-218	220.568960687086	0	0	-545	545	30	0
2025-10-31	17:00:33[034]	-147	-129	-227	221.26860300084	0	0	-554	554	30	0
2025-10-31	17:00:33[226]	-149	-132	-216	221.537926943865	0	0	-543	543	30	0
2025-10-31	17:00:33[418]	-141	-130	-216	222.675617029052	0	0	-543	543	30	0
2025-10-31	17:00:33[632]	-149	-122	-219	219.310340650211	0	0	-546	546	30	0
2025-10-31	17:00:33[819]	-145	-128	-221	221.436731937094	0	0	-548	548	30	0
2025-10-31	17:00:33[975]	-149	-126	-221	220.219116125168	0	0	-548	548	30	0
2025-10-31	17:00:34[198]	-145	-129	-216	221.658056142739	0	0	-543	543	30	0
2025-10-31	17:00:35[575]	-543	543	30	135	4817	255	0	0	-129	126
2025-10-31	17:00:35[966]	-149	-124	-217	219.767727121868	0	0	-544	544	30	0
2025-10-31	17:00:36[169]	-149	-126	-218	220.219116125168	0	0	-545	545	30	0
2025-10-31	17:00:36[358]	-147	-124	-216	220.148883904698	0	0	-543	543	30	0
2025-10-31	17:00:36[562]	-147	-129	-217	221.26860300084	0	0	-544	544	30	0
2025-10-31	17:00:36[744]	-141	-126	-215	221.784516008252	0	0	-542	542	30	0
2025-10-31	17:00:36[964]	-153	-124	-217	219.023297617083	0	0	-544	544	30	0
2025-10-31	17:00:37[121]	-147	-124	-221	220.148883904698	0	0	-548	548	30	0
2025-10-31	17:00:37[341]	-150	-127	-214	220.253476856572	0	0	-541	541	30	0
2025-10-31	17:00:37[527]	-149	-131	-214	221.321761278007	0	0	-541	541	30	0
2025-10-31	17:00:37[717]	-151	-125	-219	219.618452947868	0	0	-546	546	30	0
2025-10-31	17:00:37[953]	-144	-125	-220	220.959795981596	0	0	-547	547	30	0
2025-10-31	17:00:38[120]	-153	-126	-218	219.472459848344	0	0	-545	545	30	0
2025-10-31	17:00:39[511]	-548	548	30	135	4817	255	0	0	-129	126
2025-10-31	17:00:39[708]	-147	-126	-221	220.601294645004	0	0	-548	548	30	0
2025-10-31	17:00:39[868]	-151	-131	-222	220.943262138705	0	0	-549	549	30	0
2025-10-31	17:00:40[085]	-146	-127	-215	221.018801343578	0	0	-542	542	30	0
2025-10-31	17:00:40[272]	-148	-127	-219	220.633161037443	0	0	-546	546	30	0
2025-10-31	17:00:40[484]	-149	-126	-216	220.219116125168	0	0	-543	543	30	0
2025-10-31	17:00:40[662]	-148	-130	-221	221.295372557923	0	0	-548	548	30	0
2025-10-31	17:00:42[045]	-546	546	30	135	4817	255	0	0	-129	126
2025-10-31	17:00:42[255]	-153	-124	-214	219.023297617083	0	0	-541	541	30	0
2025-10-31	17:00:42[437]	-152	-126	-217	219.656944241425	0	0	-544	544	30	0
2025-10-31	17:00:42[626]	-150	-124	-216	219.579404716238	0	0	-543	543	30	0
2025-10-31	17:00:42[826]	-151	-127	-219	220.06583565944	0	0	-546	546	30	0
2025-10-31	17:00:43[012]	-153	-129	-220	220.135485562239	0	0	-547	547	30	0
2025-10-31	17:00:43[243]	-145	-126	-215	220.989515329483	0	0	-542	542	30	0
2025-10-31	17:00:43[421]	-144	-128	-212	221.63353933657	0	0	-539	539	30	0
2025-10-31	17:00:43[638]	-149	-127	-216	220.442580980286	0	0	-543	543	30	0
2025-10-31	17:00:43[840]	-149	-121	-220	219.079379285953	0	0	-547	547	30	0
2025-10-31	17:00:44[024]	-148	-124	-216	219.957548930829	0	0	-543	543	30	0
2025-10-31	17:00:44[206]	-149	-128	-219	220.66456991416	0	0	-546	546	30	0
2025-10-31	17:00:44[417]	-150	-125	-220	219.805571092265	0	0	-547	547	30	0
2025-10-31	17:00:44[619]	-151	-131	-217	220.943262138705	0	0	-544	544	30	0
2025-10-31	17:00:44[791]	-151	-125	-217	219.618452947868	0	0	-544	544	30	0
2025-10-31	17:00:44[995]	-151	-128	-215	220.287348310212	0	0	-542	542	30	0
2025-10-31	17:00:45[208]	-148	-128	-216	220.855376258896	0	0	-543	543	30	0
2025-10-31	17:00:45[391]	-147	-128	-210	221.047663417884	0	0	-537	537	30	0
2025-10-31	17:00:45[587]	-146	-128	-209	221.241444314528	0	0	-536	536	30	0
2025-10-31	17:00:45[776]	-149	-129	-215	220.885090901763	0	0	-542	542	30	0
2025-10-31	17:00:45[960]	-150	-127	-221	220.253476856572	0	0	-548	548	30	0
2025-10-31	17:00:46[180]	-149	-125	-216	219.994167447049	0	0	-543	543	30	0
2025-10-31	17:00:46[386]	-150	-123	-218	219.351752626265	0	0	-545	545	30	0
2025-10-31	17:00:47[715]	-547	547	30	135	4817	255	0	0	-129	126
2025-10-31	17:00:47[915]	-147	-128	-221	221.047663417884	0	0	-548	548	30	0
2025-10-31	17:00:48[089]	-152	-124	-216	219.207203504968	0	0	-543	543	30	0
2025-10-31	17:00:48[304]	-144	-125	-218	220.959795981596	0	0	-545	545	30	0
2025-10-31	17:00:48[539]	-151	-131	-213	220.943262138705	0	0	-540	540	30	0
2025-10-31	17:00:49[889]	-545	545	30	135	4817	255	0	0	-129	126
2025-10-31	17:00:50[092]	-149	-130	-221	221.104151986912	0	0	-548	548	30	0
2025-10-31	17:00:50[280]	-151	-130	-213	220.726053902403	0	0	-540	540	30	0
2025-10-31	17:00:50[467]	-150	-135	-216	221.987212495817	0	0	-543	543	30	0
2025-10-31	17:00:50[699]	-150	-132	-212	221.347777219694	0	0	-539	539	30	0
2025-10-31	17:00:50[877]	-150	-126	-220	220.03025927189	0	0	-547	547	30	0
2025-10-31	17:00:51[060]	-151	-131	-215	220.943262138705	0	0	-542	542	30	0
2025-10-31	17:00:51[272]	-148	-126	-218	220.409456814394	0	0	-545	545	30	0
2025-10-31	17:00:51[466]	-150	-122	-218	219.122607393357	0	0	-545	545	30	0
2025-10-31	17:00:51[669]	-149	-124	-221	219.767727121868	0	0	-548	548	30	0
2025-10-31	17:00:51[842]	-145	-127	-222	221.213887964618	0	0	-549	549	30	0
2025-10-31	17:00:52[029]	-147	-127	-219	220.825230108088	0	0	-546	546	30	0
2025-10-31	17:00:52[262]	-150	-129	-214	220.695531039492	0	0	-541	541	30	0
2025-10-31	17:00:52[447]	-153	-124	-218	219.023297617083	0	0	-545	545	30	0
2025-10-31	17:00:52[653]	-152	-127	-223	219.87964445696	0	0	-550	550	30	0
2025-10-31	17:00:52[824]	-146	-125	-220	220.568960687086	0	0	-547	547	30	0
2025-10-31	17:00:53[042]	-148	-127	-219	220.633161037443	0	0	-546	546	30	0
2025-10-31	17:00:54[384]	-545	545	30	135	4817	255	0	0	-129	126
2025-10-31	17:00:54[605]	-146	-129	-216	221.462580570012	0	0	-543	543	30	0
2025-10-31	17:00:54[807]	-148	-121	-217	219.268318979937	0	0	-544	544	30	0
2025-10-31	17:00:54[995]	-146	-127	-211	221.018801343578	0	0	-538	538	30	0
2025-10-31	17:00:55[184]	-145	-124	-217	220.536148818032	0	0	-544	544	30	0
2025-10-31	17:00:55[502]	-153	-127	-216	219.69489039379	0	0	-543	543	30	0
2025-10-31	17:00:55[667]	-149	-129	-214	220.885090901763	0	0	-541	541	30	0
2025-10-31	17:00:55[844]	-145	-132	-223	222.312999997876	0	0	-550	550	30	0
2025-10-31	17:00:56[049]	-153	-129	-215	220.135485562239	0	0	-542	542	30	0
2025-10-31	17:00:56[252]	-149	-125	-216	219.994167447049	0	0	-543	543	30	0
2025-10-31	17:00:56[425]	-144	-126	-219	221.18592516571	0	0	-546	546	30	0
2025-10-31	17:00:56[646]	-148	-130	-219	221.295372557923	0	0	-546	546	30	0
2025-10-31	17:00:56[846]	-150	-133	-216	221.562335007635	0	0	-543	543	30	0
2025-10-31	17:00:57[051]	-152	-126	-221	219.656944241425	0	0	-548	548	30	0
2025-10-31	17:00:57[248]	-150	-128	-222	220.475231527166	0	0	-549	549	30	0
2025-10-31	17:00:57[437]	-152	-125	-222	219.432799647355	0	0	-549	549	30	0
2025-10-31	17:00:58[795]	-542	542	30	135	4817	255	0	0	-129	126
2025-10-31	17:00:58[998]	-146	-129	-215	221.462580570012	0	0	-542	542	30	0
2025-10-31	17:00:59[204]	-154	-124	-217	218.840836970857	0	0	-544	544	30	0
2025-10-31	17:00:59[418]	-154	-125	-221	219.065834540451	0	0	-548	548	30	0
2025-10-31	17:01:00[764]	-539	539	30	135	4817	255	0	0	-129	126
2025-10-31	17:01:00[938]	-149	-125	-212	219.994167447049	0	0	-539	539	30	0
2025-10-31	17:01:01[159]	-144	-125	-221	220.959795981596	0	0	-548	548	30	0
2025-10-31	17:01:02[539]	-545	545	30	135	4817	255	0	0	-129	126
2025-10-31	17:01:02[736]	-148	-125	-223	220.184255462606	0	0	-550	550	30	0
2025-10-31	17:01:02[964]	-145	-123	-218	220.30713749441	0	0	-545	545	30	0
2025-10-31	17:01:03[124]	-146	-130	-216	221.682218831665	0	0	-543	543	30	0
2025-10-31	17:01:03[356]	-154	-129	-219	219.951640322052	0	0	-546	546	30	0
2025-10-31	17:01:03[516]	-147	-123	-218	219.920392139985	0	0	-545	545	30	0
2025-10-31	17:01:03[690]	-152	-129	-217	220.320740839595	0	0	-544	544	30	0
2025-10-31	17:01:03[908]	-149	-126	-220	220.219116125168	0	0	-547	547	30	0
2025-10-31	17:01:04[107]	-151	-127	-215	220.06583565944	0	0	-542	542	30	0
2025-10-31	17:01:04[302]	-152	-129	-213	220.320740839595	0	0	-540	540	30	0
2025-10-31	17:01:04[488]	-145	-128	-217	221.436731937094	0	0	-544	544	30	0
2025-10-31	17:01:04[691]	-152	-127	-222	219.87964445696	0	0	-549	549	30	0
2025-10-31	17:01:04[881]	-147	-122	-222	219.690365256546	0	0	-549	549	30	0
2025-10-31	17:01:05[070]	-151	-129	-220	220.507418520085	0	0	-547	547	30	0
2025-10-31	17:01:05[276]	-149	-127	-220	220.442580980286	0	0	-547	547	30	0
2025-10-31	17:01:05[478]	-154	-125	-211	219.065834540451	0	0	-538	538	30	0
2025-10-31	17:01:05[684]	-148	-129	-222	221.076110677247	0	0	-549	549	30	0
2025-10-31	17:01:05[868]	-150	-126	-219	220.03025927189	0	0	-546	546	30	0
2025-10-31	17:01:06[057]	-153	-129	-221	220.135485562239	0	0	-548	548	30	0
2025-10-31	17:01:06[260]	-151	-128	-219	220.287348310212	0	0	-546	546	30	0
2025-10-31	17:01:06[446]	-150	-131	-216	221.131795961678	0	0	-543	543	30	0
2025-10-31	17:01:06[637]	-154	-131	-222	220.386129102512	0	0	-549	549	30	0
2025-10-31	17:01:06[852]	-153	-129	-216	220.135485562239	0	0	-543	543	30	0
2025-10-31	17:01:07[063]	-152	-128	-222	220.100907546212	0	0	-549	549	30	0
2025-10-31	17:01:07[246]	-146	-128	-218	221.241444314528	0	0	-545	545	30	0
2025-10-31	17:01:07[429]	-150	-132	-220	221.347777219694	0	0	-547	547	30	0
2025-10-31	17:01:07[632]	-149	-131	-221	221.321761278007	0	0	-548	548	30	0
2025-10-31	17:01:07[847]	-149	-123	-211	219.539787407852	0	0	-538	538	30	0
2025-10-31	17:01:08[028]	-148	-128	-217	220.855376258896	0	0	-544	544	30	0
2025-10-31	17:01:09[338]	-541	541	30	135	4817	255	0	0	-129	126
2025-10-31	17:01:10[660]	-545	545	30	135	4817	255	0	0	-129	126
2025-10-31	17:01:10[863]	-151	-129	-217	220.507418520085	0	0	-544	544	30	0
2025-10-31	17:01:11[079]	-146	-126	-217	220.794642998291	0	0	-544	544	30	0
2025-10-31	17:01:11[271]	-146	-123	-222	220.112990165078	0	0	-549	549	30	0
2025-10-31	17:01:11[458]	-147	-129	-216	221.26860300084	0	0	-543	543	30	0
2025-10-31	17:01:11[645]	-153	-129	-218	220.135485562239	0	0	-545	545	30	0
2025-10-31	17:01:13[046]	-544	544	30	135	4817	255	0	0	-129	126
2025-10-31	17:01:13[208]	-143	-130	-219	222.273689006094	0	0	-546	546	30	0
2025-10-31	17:01:13[412]	-145	-129	-219	221.658056142739	0	0	-546	546	30	0
2025-10-31	17:01:13[595]	-151	-128	-217	220.287348310212	0	0	-544	544	30	0
2025-10-31	17:01:13[828]	-153	-125	-219	219.248597909634	0	0	-546	546	30	0
2025-10-31	17:01:14[004]	-155	-128	-221	219.550113895461	0	0	-548	548	30	0
2025-10-31	17:01:14[192]	-145	-128	-215	221.436731937094	0	0	-542	542	30	0
2025-10-31	17:01:14[365]	-148	-127	-221	220.633161037443	0	0	-548	548	30	0
2025-10-31	17:01:14[695]	-147	-126	-221	220.601294645004	0	0	-548	548	30	0
2025-10-31	17:01:14[904]	-150	-127	-220	220.253476856572	0	0	-547	547	30	0
2025-10-31	17:01:15[082]	-149	-125	-222	219.994167447049	0	0	-549	549	30	0
2025-10-31	17:01:15[287]	-150	-125	-221	219.805571092265	0	0	-548	548	30	0
2025-10-31	17:01:15[475]	-146	-131	-215	221.900367879469	0	0	-542	542	30	0
2025-10-31	17:01:15[676]	-150	-127	-215	220.253476856572	0	0	-542	542	30	0
2025-10-31	17:01:15[878]	-146	-124	-213	220.341745890324	0	0	-540	540	30	0
2025-10-31	17:01:16[082]	-148	-127	-223	220.633161037443	0	0	-550	550	30	0
2025-10-31	17:01:17[442]	-542	542	30	135	4817	255	0	0	-129	126
2025-10-31	17:01:17[646]	-145	-130	-219	221.877869537884	0	0	-546	546	30	0
2025-10-31	17:01:17[858]	-146	-133	-216	222.332233719554	0	0	-543	543	30	0
2025-10-31	17:01:18[045]	-150	-129	-215	220.695531039492	0	0	-542	542	30	0
2025-10-31	17:01:18[257]	-142	-130	-221	222.47388308838	0	0	-548	548	30	0
2025-10-31	17:01:18[456]	-148	-128	-214	220.855376258896	0	0	-541	541	30	0
2025-10-31	17:01:18[638]	-149	-128	-217	220.66456991416	0	0	-544	544	30	0
2025-10-31	17:01:18[811]	-148	-130	-216	221.295372557923	0	0	-543	543	30	0
2025-10-31	17:01:18[980]	-155	-127	-217	219.329642656106	0	0	-544	544	30	0
2025-10-31	17:01:19[222]	-143	-131	-213	222.492298272934	0	0	-540	540	30	0
2025-10-31	17:01:19[417]	-146	-129	-221	221.462580570012	0	0	-548	548	30	0
2025-10-31	17:01:19[618]	-150	-125	-218	219.805571092265	0	0	-545	545	30	0
2025-10-31	17:01:19[790]	-140	-132	-218	223.315315682104	0	0	-545	545	30	0
2025-10-31	17:01:19[979]	-148	-128	-214	220.855376258896	0	0	-541	541	30	0
2025-10-31	17:01:20[259]	-150	-119	-221	218.426139975714	0	0	-548	548	30	0
2025-10-31	17:01:20[494]	-152	-125	-217	219.432799647355	0	0	-544	544	30	0
2025-10-31	17:01:20[700]	-147	-123	-216	219.920392139985	0	0	-543	543	30	0
2025-10-31	17:01:20[884]	-149	-125	-221	219.994167447049	0	0	-548	548	30	0
2025-10-31	17:01:22[247]	-541	541	30	135	4817	255	0	0	-129	126
2025-10-31	17:01:22[497]	-147	-128	-221	221.047663417884	0	0	-548	548	30	0
2025-10-31	17:01:22[616]	-150	-131	-220	221.131795961678	0	0	-547	547	30	0
2025-10-31	17:01:22[805]	-147	-126	-221	220.601294645004	0	0	-548	548	30	0
2025-10-31	17:01:24[217]	-546	546	30	135	4817	255	0	0	-129	126
2025-10-31	17:01:24[401]	-143	-128	-212	221.831879624406	0	0	-539	539	30	0
2025-10-31	17:01:24[604]	-150	-122	-217	219.122607393357	0	0	-544	544	30	0
2025-10-31	17:01:24[805]	-149	-122	-218	219.310340650211	0	0	-545	545	30	0
2025-10-31	17:01:25[002]	-150	-120	-217	218.65980825409	0	0	-544	544	30	0
2025-10-31	17:01:25[176]	-150	-122	-221	219.122607393357	0	0	-548	548	30	0
2025-10-31	17:01:25[365]	-151	-126	-223	219.842873026782	0	0	-550	550	30	0
2025-10-31	17:01:25[870]	-148	-129	-219	221.076110677247	0	0	-546	546	30	0
2025-10-31	17:01:26[054]	-148	-125	-222	220.184255462606	0	0	-549	549	30	0
2025-10-31	17:01:26[244]	-148	-129	-215	221.076110677247	0	0	-542	542	30	0
2025-10-31	17:01:26[431]	-145	-126	-218	220.989515329483	0	0	-545	545	30	0
2025-10-31	17:01:26[618]	-149	-125	-217	219.994167447049	0	0	-544	544	30	0
2025-10-31	17:01:26[836]	-145	-128	-214	221.436731937094	0	0	-541	541	30	0
2025-10-31	17:01:27[057]	-148	-127	-220	220.633161037443	0	0	-547	547	30	0
2025-10-31	17:01:28[412]	-551	551	30	135	4817	255	0	0	-129	126
2025-10-31	17:01:28[616]	-152	-124	-223	219.207203504968	0	0	-550	550	30	0
2025-10-31	17:01:28[821]	-151	-128	-216	220.287348310212	0	0	-543	543	30	0
2025-10-31	17:01:29[015]	-149	-126	-220	220.219116125168	0	0	-547	547	30	0
2025-10-31	17:01:29[204]	-151	-129	-214	220.507418520085	0	0	-541	541	30	0
2025-10-31	17:01:29[384]	-149	-129	-216	220.885090901763	0	0	-543	543	30	0
2025-10-31	17:01:29[561]	-153	-131	-223	220.570440701022	0	0	-550	550	30	0
2025-10-31	17:01:30[937]	-547	547	30	135	4817	255	0	0	-129	126
2025-10-31	17:01:31[170]	-150	-127	-217	220.253476856572	0	0	-544	544	30	0
2025-10-31	17:01:31[372]	-150	-130	-217	220.914383220025	0	0	-544	544	30	0
2025-10-31	17:01:31[578]	-142	-125	-217	221.356871787794	0	0	-544	544	30	0
2025-10-31	17:01:31[762]	-149	-132	-219	221.537926943865	0	0	-546	546	30	0
2025-10-31	17:01:31[954]	-150	-119	-217	218.426139975714	0	0	-544	544	30	0
2025-10-31	17:01:32[149]	-149	-128	-214	220.66456991416	0	0	-541	541	30	0
2025-10-31	17:01:32[358]	-147	-131	-220	221.706035012155	0	0	-547	547	30	0
2025-10-31	17:01:32[532]	-144	-127	-216	221.410503259162	0	0	-543	543	30	0
2025-10-31	17:01:32[741]	-148	-124	-219	219.957548930829	0	0	-546	546	30	0
2025-10-31	17:01:32[939]	-150	-122	-214	219.122607393357	0	0	-541	541	30	0
2025-10-31	17:01:33[112]	-150	-125	-218	219.805571092265	0	0	-545	545	30	0
2025-10-31	17:01:33[342]	-148	-127	-218	220.633161037443	0	0	-545	545	30	0
2025-10-31	17:01:33[536]	-146	-128	-219	221.241444314528	0	0	-546	546	30	0
2025-10-31	17:01:34[905]	-543	543	30	135	4817	255	0	0	-129	126
2025-10-31	17:01:35[085]	-154	-124	-221	218.840836970857	0	0	-548	548	30	0
2025-10-31	17:01:35[273]	-148	-126	-215	220.409456814394	0	0	-542	542	30	0
2025-10-31	17:01:35[475]	-152	-125	-223	219.432799647355	0	0	-550	550	30	0
2025-10-31	17:01:35[661]	-149	-126	-217	220.219116125168	0	0	-544	544	30	0
2025-10-31	17:01:35[880]	-147	-127	-217	220.825230108088	0	0	-544	544	30	0
2025-10-31	17:01:36[052]	-154	-130	-217	220.16958004171	0	0	-544	544	30	0
2025-10-31	17:01:36[267]	-148	-125	-213	220.184255462606	0	0	-540	540	30	0
2025-10-31	17:01:36[471]	-151	-123	-221	219.165211003159	0	0	-548	548	30	0
2025-10-31	17:01:36[650]	-148	-126	-220	220.409456814394	0	0	-547	547	30	0
2025-10-31	17:01:36[850]	-146	-126	-221	220.794642998291	0	0	-548	548	30	0
2025-10-31	17:01:37[053]	-144	-125	-215	220.959795981596	0	0	-542	542	30	0
2025-10-31	17:01:37[255]	-147	-127	-216	220.825230108088	0	0	-543	543	30	0
2025-10-31	17:01:38[575]	-545	545	30	135	4817	255	0	0	-129	126
2025-10-31	17:01:38[839]	-144	-128	-221	221.63353933657	0	0	-548	548	30	0
2025-10-31	17:01:38[997]	-153	-130	-214	220.353664508804	0	0	-541	541	30	0
2025-10-31	17:01:39[190]	-152	-122	-217	218.751628334962	0	0	-544	544	30	0
2025-10-31	17:01:39[375]	-151	-126	-220	219.842873026782	0	0	-547	547	30	0
2025-10-31	17:01:39[578]	-153	-127	-213	219.69489039379	0	0	-540	540	30	0
2025-10-31	17:01:39[807]	-150	-128	-219	220.475231527166	0	0	-546	546	30	0
2025-10-31	17:01:40[031]	-148	-128	-218	220.855376258896	0	0	-545	545	30	0
2025-10-31	17:01:40[154]	-151	-125	-220	219.618452947868	0	0	-547	547	30	0
2025-10-31	17:01:40[372]	-154	-126	-215	219.2894068625	0	0	-542	542	30	0
2025-10-31	17:01:40[574]	-148	-125	-217	220.184255462606	0	0	-544	544	30	0
2025-10-31	17:01:40[765]	-144	-126	-216	221.18592516571	0	0	-543	543	30	0
2025-10-31	17:01:40[982]	-143	-130	-221	222.273689006094	0	0	-548	548	30	0
2025-10-31	17:01:41[155]	-151	-127	-215	220.06583565944	0	0	-542	542	30	0
2025-10-31	17:01:41[378]	-148	-127	-219	220.633161037443	0	0	-546	546	30	0
2025-10-31	17:01:41[561]	-149	-120	-221	218.846895848803	0	0	-548	548	30	0
2025-10-31	17:01:41[749]	-151	-123	-219	219.165211003159	0	0	-546	546	30	0
2025-10-31	17:01:41[969]	-147	-125	-218	220.375848671571	0	0	-545	545	30	0
2025-10-31	17:01:42[140]	-146	-128	-221	221.241444314528	0	0	-548	548	30	0
2025-10-31	17:01:42[327]	-157	-125	-220	218.526044031328	0	0	-547	547	30	0
2025-10-31	17:01:42[514]	-149	-125	-219	219.994167447049	0	0	-546	546	30	0
2025-10-31	17:01:42[715]	-148	-131	-222	221.513170228963	0	0	-549	549	30	0
2025-10-31	17:01:42[939]	-146	-128	-214	221.241444314528	0	0	-541	541	30	0
2025-10-31	17:01:43[127]	-151	-123	-215	219.165211003159	0	0	-542	542	30	0
2025-10-31	17:01:43[317]	-147	-122	-219	219.690365256546	0	0	-546	546	30	0
2025-10-31	17:01:43[505]	-153	-127	-218	219.69489039379	0	0	-545	545	30	0
2025-10-31	17:01:43[707]	-149	-126	-218	220.219116125168	0	0	-545	545	30	0
2025-10-31	17:01:43[910]	-148	-130	-215	221.295372557923	0	0	-542	542	30	0
2025-10-31	17:01:44[116]	-146	-130	-219	221.682218831665	0	0	-546	546	30	0
2025-10-31	17:01:44[332]	-147	-130	-217	221.488057348301	0	0	-544	544	30	0
2025-10-31	17:01:45[686]	-543	543	30	135	4817	255	0	0	-129	126
2025-10-31	17:01:45[891]	-155	-127	-222	219.329642656106	0	0	-549	549	30	0
2025-10-31	17:01:46[097]	-148	-127	-224	220.633161037443	0	0	-551	551	30	0
2025-10-31	17:01:46[252]	-150	-122	-219	219.122607393357	0	0	-546	546	30	0
2025-10-31	17:01:46[461]	-148	-129	-217	221.076110677247	0	0	-544	544	30	0
2025-10-31	17:01:46[646]	-152	-128	-220	220.100907546212	0	0	-547	547	30	0
2025-10-31	17:01:46[867]	-151	-127	-219	220.06583565944	0	0	-546	546	30	0
2025-10-31	17:01:47[054]	-150	-127	-219	220.253476856572	0	0	-546	546	30	0
2025-10-31	17:01:47[260]	-151	-129	-220	220.507418520085	0	0	-547	547	30	0
2025-10-31	17:01:47[449]	-153	-122	-219	218.568354573556	0	0	-546	546	30	0
2025-10-31	17:01:47[637]	-152	-129	-219	220.320740839595	0	0	-546	546	30	0
2025-10-31	17:01:47[811]	-153	-133	-215	220.999814239487	0	0	-542	542	30	0
2025-10-31	17:01:48[059]	-146	-134	-221	222.545968325473	0	0	-548	548	30	0
2025-10-31	17:01:48[249]	-152	-124	-218	219.207203504968	0	0	-545	545	30	0
2025-10-31	17:01:48[432]	-147	-126	-215	220.601294645004	0	0	-542	542	30	0
2025-10-31	17:01:48[593]	-151	-125	-219	219.618452947868	0	0	-546	546	30	0
2025-10-31	17:01:48[816]	-147	-125	-218	220.375848671571	0	0	-545	545	30	0
2025-10-31	17:01:49[004]	-152	-126	-217	219.656944241425	0	0	-544	544	30	0
2025-10-31	17:01:50[365]	-545	545	30	135	4817	255	0	0	-129	126
2025-10-31	17:01:50[579]	-146	-127	-220	221.018801343578	0	0	-547	547	30	0
2025-10-31	17:01:50[794]	-149	-129	-213	220.885090901763	0	0	-540	540	30	0
2025-10-31	17:01:50[962]	-145	-123	-212	220.30713749441	0	0	-539	539	30	0
2025-10-31	17:01:51[149]	-147	-131	-216	221.706035012155	0	0	-543	543	30	0
2025-10-31	17:01:51[381]	-147	-125	-222	220.375848671571	0	0	-549	549	30	0
2025-10-31	17:01:51[557]	-147	-123	-214	219.920392139985	0	0	-541	541	30	0
2025-10-31	17:01:52[968]	-549	549	30	135	4817	255	0	0	-129	126
2025-10-31	17:01:53[116]	-150	-129	-217	220.695531039492	0	0	-544	544	30	0
2025-10-31	17:01:53[329]	-152	-125	-216	219.432799647355	0	0	-543	543	30	0
2025-10-31	17:01:53[506]	-151	-131	-218	220.943262138705	0	0	-545	545	30	0
2025-10-31	17:01:53[721]	-148	-133	-217	221.944406542247	0	0	-544	544	30	0
2025-10-31	17:01:53[883]	-145	-127	-220	221.213887964618	0	0	-547	547	30	0
2025-10-31	17:01:54[117]	-146	-123	-216	220.112990165078	0	0	-543	543	30	0
2025-10-31	17:01:54[277]	-143	-126	-218	221.383886103845	0	0	-545	545	30	0
2025-10-31	17:01:54[520]	-149	-127	-216	220.442580980286	0	0	-543	543	30	0
2025-10-31	17:01:54[710]	-148	-134	-222	222.157862116344	0	0	-549	549	30	0
2025-10-31	17:01:54[902]	-146	-125	-219	220.568960687086	0	0	-546	546	30	0
2025-10-31	17:01:55[076]	-147	-127	-217	220.825230108088	0	0	-544	544	30	0
2025-10-31	17:01:56[445]	-542	542	30	135	4817	255	0	0	-129	126
2025-10-31	17:01:57[831]	-543	543	30	135	4817	255	0	0	-129	126
2025-10-31	17:01:58[032]	-149	-126	-220	220.219116125168	0	0	-547	547	30	0
2025-10-31	17:01:58[264]	-147	-128	-216	221.047663417884	0	0	-543	543	30	0
2025-10-31	17:01:58[413]	-152	-129	-223	220.320740839595	0	0	-550	550	30	0
2025-10-31	17:01:58[590]	-153	-127	-216	219.69489039379	0	0	-543	543	30	0
2025-10-31	17:01:58[796]	-149	-130	-219	221.104151986912	0	0	-546	546	30	0
2025-10-31	17:01:59[074]	-149	-126	-216	220.219116125168	0	0	-543	543	30	0
2025-10-31	17:01:59[265]	-153	-121	-218	218.33869836023	0	0	-545	545	30	0
2025-10-31	17:01:59[498]	-151	-122	-223	218.936374631488	0	0	-550	550	30	0
2025-10-31	17:01:59[703]	-151	-122	-217	218.936374631488	0	0	-544	544	30	0
2025-10-31	17:01:59[877]	-155	-126	-218	219.107772382681	0	0	-545	545	30	0
2025-10-31	17:02:00[064]	-144	-125	-215	220.959795981596	0	0	-542	542	30	0
2025-10-31	17:02:00[311]	-146	-125	-224	220.568960687086	0	0	-551	551	30	0
2025-10-31	17:02:00[456]	-147	-126	-220	220.601294645004	0	0	-547	547	30	0
2025-10-31	17:02:00[804]	-151	-124	-216	219.392568039308	0	0	-543	543	30	0
2025-10-31	17:02:00[869]	-148	-128	-216	220.855376258896	0	0	-543	543	30	0
2025-10-31	17:02:01[059]	-151	-131	-218	220.943262138705	0	0	-545	545	30	0
2025-10-31	17:02:01[276]	-154	-128	-217	219.732302871956	0	0	-544	544	30	0
2025-10-31	17:02:01[496]	-149	-127	-217	220.442580980286	0	0	-544	544	30	0
2025-10-31	17:02:01[619]	-150	-127	-220	220.253476856572	0	0	-547	547	30	0
2025-10-31	17:02:01[883]	-146	-128	-219	221.241444314528	0	0	-546	546	30	0
2025-10-31	17:02:02[075]	-149	-128	-222	220.66456991416	0	0	-549	549	30	0
2025-10-31	17:02:02[210]	-147	-129	-219	221.26860300084	0	0	-546	546	30	0
2025-10-31	17:02:02[451]	-149	-125	-221	219.994167447049	0	0	-548	548	30	0
2025-10-31	17:02:03[784]	-545	545	30	135	4817	255	0	0	-129	126
2025-10-31	17:02:04[000]	-143	-127	-219	221.608660580204	0	0	-546	546	30	0
2025-10-31	17:02:04[221]	-148	-130	-220	221.295372557923	0	0	-547	547	30	0
2025-10-31	17:02:04[410]	-148	-123	-221	219.729329248359	0	0	-548	548	30	0
2025-10-31	17:02:04[598]	-146	-126	-216	220.794642998291	0	0	-543	543	30	0
2025-10-31	17:02:04[754]	-153	-129	-220	220.135485562239	0	0	-547	547	30	0
2025-10-31	17:02:05[004]	-151	-127	-221	220.06583565944	0	0	-548	548	30	0
2025-10-31	17:02:05[192]	-149	-127	-222	220.442580980286	0	0	-549	549	30	0
2025-10-31	17:02:05[391]	-152	-127	-217	219.87964445696	0	0	-544	544	30	0
2025-10-31	17:02:05[758]	-148	-123	-216	219.729329248359	0	0	-543	543	30	0
2025-10-31	17:02:05[975]	-152	-124	-216	219.207203504968	0	0	-543	543	30	0
2025-10-31	17:02:06[181]	-151	-129	-215	220.507418520085	0	0	-542	542	30	0
2025-10-31	17:02:06[351]	-151	-125	-213	219.618452947868	0	0	-540	540	30	0
2025-10-31	17:02:07[737]	-546	546	30	135	4817	255	0	0	-129	126
2025-10-31	17:02:07[934]	-145	-127	-218	221.213887964618	0	0	-545	545	30	0
2025-10-31	17:02:08[158]	-144	-123	-214	220.502848385332	0	0	-541	541	30	0
2025-10-31	17:02:08[364]	-147	-128	-223	221.047663417884	0	0	-550	550	30	0
2025-10-31	17:02:08[531]	-152	-124	-216	219.207203504968	0	0	-543	543	30	0
2025-10-31	17:02:08[721]	-149	-129	-217	220.885090901763	0	0	-544	544	30	0
2025-10-31	17:02:08[922]	-149	-130	-217	221.104151986912	0	0	-544	544	30	0
2025-10-31	17:02:09[123]	-153	-124	-220	219.023297617083	0	0	-547	547	30	0
2025-10-31	17:02:09[311]	-143	-127	-221	221.608660580204	0	0	-548	548	30	0
2025-10-31	17:02:09[482]	-149	-124	-223	219.767727121868	0	0	-550	550	30	0
2025-10-31	17:02:09[701]	-142	-128	-217	222.031765970128	0	0	-544	544	30	0
2025-10-31	17:02:09[886]	-152	-126	-220	219.656944241425	0	0	-547	547	30	0
2025-10-31	17:02:10[045]	-151	-129	-221	220.507418520085	0	0	-548	548	30	0
2025-10-31	17:02:10[327]	-150	-124	-218	219.579404716238	0	0	-545	545	30	0
2025-10-31	17:02:10[482]	-145	-123	-222	220.30713749441	0	0	-549	549	30	0
2025-10-31	17:02:10[679]	-147	-129	-222	221.26860300084	0	0	-549	549	30	0
2025-10-31	17:02:10[840]	-153	-123	-218	218.796552098308	0	0	-545	545	30	0
2025-10-31	17:02:11[076]	-150	-126	-219	220.03025927189	0	0	-546	546	30	0
2025-10-31	17:02:11[265]	-150	-127	-218	220.253476856572	0	0	-545	545	30	0
2025-10-31	17:02:11[452]	-149	-127	-212	220.442580980286	0	0	-539	539	30	0
2025-10-31	17:02:11[626]	-151	-123	-220	219.165211003159	0	0	-547	547	30	0
2025-10-31	17:02:12[221]	-150	-131	-218	221.131795961678	0	0	-545	545	30	0
2025-10-31	17:02:12[224]	-146	-127	-211	221.018801343578	0	0	-538	538	30	0
2025-10-31	17:02:12[227]	-144	-127	-221	221.410503259162	0	0	-548	548	30	0
2025-10-31	17:02:12[435]	-148	-127	-217	220.633161037443	0	0	-544	544	30	0
2025-10-31	17:02:12[638]	-146	-125	-219	220.568960687086	0	0	-546	546	30	0
2025-10-31	17:02:12[827]	-150	-129	-218	220.695531039492	0	0	-545	545	30	0
2025-10-31	17:02:13[036]	-149	-129	-226	220.885090901763	0	0	-553	553	30	0
2025-10-31	17:02:13[214]	-142	-125	-213	221.356871787794	0	0	-540	540	30	0
2025-10-31	17:02:13[434]	-152	-124	-219	219.207203504968	0	0	-546	546	30	0
2025-10-31	17:02:13[620]	-147	-129	-221	221.26860300084	0	0	-548	548	30	0
2025-10-31	17:02:13[782]	-148	-127	-218	220.633161037443	0	0	-545	545	30	0
2025-10-31	17:02:14[000]	-148	-124	-216	219.957548930829	0	0	-543	543	30	0
2025-10-31	17:02:14[199]	-147	-123	-211	219.920392139985	0	0	-538	538	30	0
2025-10-31	17:02:14[386]	-147	-128	-216	221.047663417884	0	0	-543	543	30	0
2025-10-31	17:02:14[609]	-147	-129	-214	221.26860300084	0	0	-541	541	30	0
2025-10-31	17:02:14[780]	-149	-128	-218	220.66456991416	0	0	-545	545	30	0
2025-10-31	17:02:15[013]	-146	-121	-218	219.650822570471	0	0	-545	545	30	0
2025-10-31	17:02:15[174]	-151	-125	-213	219.618452947868	0	0	-540	540	30	0
2025-10-31	17:02:15[392]	-154	-123	-221	218.614407487433	0	0	-548	548	30	0
2025-10-31	17:02:15[565]	-150	-126	-217	220.03025927189	0	0	-544	544	30	0
2025-10-31	17:02:15[780]	-149	-134	-212	221.965960353055	0	0	-539	539	30	0
2025-10-31	17:02:15[981]	-144	-128	-215	221.63353933657	0	0	-542	542	30	0
2025-10-31	17:02:16[152]	-144	-124	-220	220.732106699709	0	0	-547	547	30	0
2025-10-31	17:02:16[340]	-149	-127	-214	220.442580980286	0	0	-541	541	30	0
2025-10-31	17:02:16[572]	-154	-124	-215	218.840836970857	0	0	-542	542	30	0
2025-10-31	17:02:16[747]	-150	-126	-219	220.03025927189	0	0	-546	546	30	0
2025-10-31	17:02:16[953]	-149	-127	-215	220.442580980286	0	0	-542	542	30	0
2025-10-31	17:02:17[171]	-149	-128	-218	220.66456991416	0	0	-545	545	30	0
2025-10-31	17:02:17[353]	-147	-131	-214	221.706035012155	0	0	-541	541	30	0
2025-10-31	17:02:17[540]	-146	-125	-211	220.568960687086	0	0	-538	538	30	0
2025-10-31	17:02:17[937]	-149	-125	-219	219.994167447049	0	0	-546	546	30	0
2025-10-31	17:02:19[109]	-550	550	30	135	4817	255	0	0	-129	126
2025-10-31	17:02:19[302]	-149	-124	-215	219.767727121868	0	0	-542	542	30	0
2025-10-31	17:02:19[598]	-147	-129	-221	221.26860300084	0	0	-548	548	30	0
2025-10-31	17:02:19[787]	-150	-128	-219	220.475231527166	0	0	-546	546	30	0
2025-10-31	17:02:19[988]	-147	-130	-216	221.488057348301	0	0	-543	543	30	0
2025-10-31	17:02:20[190]	-150	-126	-215	220.03025927189	0	0	-542	542	30	0
2025-10-31	17:02:20[361]	-152	-123	-216	218.980148731351	0	0	-543	543	30	0
2025-10-31	17:02:20[564]	-148	-127	-219	220.633161037443	0	0	-546	546	30	0
2025-10-31	17:02:20[755]	-147	-128	-221	221.047663417884	0	0	-548	548	30	0
2025-10-31	17:02:20[954]	-153	-127	-214	219.69489039379	0	0	-541	541	30	0
2025-10-31	17:02:22[332]	-547	547	30	135	4817	255	0	0	-129	126
2025-10-31	17:02:23[707]	-547	547	30	135	4817	255	0	0	-129	126
2025-10-31	17:02:23[894]	-150	-128	-220	220.475231527166	0	0	-547	547	30	0
2025-10-31	17:02:24[111]	-145	-127	-214	221.213887964618	0	0	-541	541	30	0
2025-10-31	17:02:24[302]	-150	-128	-215	220.475231527166	0	0	-542	542	30	0
2025-10-31	17:02:24[504]	-150	-129	-219	220.695531039492	0	0	-546	546	30	0
2025-10-31	17:02:24[670]	-152	-126	-217	219.656944241425	0	0	-544	544	30	0
2025-10-31	17:02:24[908]	-150	-123	-219	219.351752626265	0	0	-546	546	30	0
2025-10-31	17:02:25[091]	-143	-129	-218	222.053552619988	0	0	-545	545	30	0
2025-10-31	17:02:25[295]	-145	-124	-215	220.536148818032	0	0	-542	542	30	0
2025-10-31	17:02:25[479]	-148	-128	-222	220.855376258896	0	0	-549	549	30	0
2025-10-31	17:02:25[666]	-143	-125	-220	221.157546872085	0	0	-547	547	30	0
2025-10-31	17:02:25[869]	-149	-127	-219	220.442580980286	0	0	-546	546	30	0
2025-10-31	17:02:26[059]	-147	-132	-222	221.922544600576	0	0	-549	549	30	0
2025-10-31	17:02:26[262]	-152	-130	-215	220.539151741483	0	0	-542	542	30	0
2025-10-31	17:02:27[630]	-542	542	30	135	4817	255	0	0	-129	126
2025-10-31	17:02:27[786]	-149	-123	-217	219.539787407852	0	0	-544	544	30	0
2025-10-31	17:02:28[031]	-152	-126	-218	219.656944241425	0	0	-545	545	30	0
2025-10-31	17:02:28[233]	-150	-131	-223	221.131795961678	0	0	-550	550	30	0
2025-10-31	17:02:28[437]	-148	-126	-219	220.409456814394	0	0	-546	546	30	0
2025-10-31	17:02:28[606]	-157	-124	-218	218.301993830009	0	0	-545	545	30	0
2025-10-31	17:02:28[814]	-148	-126	-218	220.409456814394	0	0	-545	545	30	0
2025-10-31	17:02:29[013]	-155	-125	-220	218.884496433715	0	0	-547	547	30	0
2025-10-31	17:02:29[197]	-150	-124	-221	219.579404716238	0	0	-548	548	30	0
2025-10-31	17:02:29[388]	-143	-124	-220	220.929633626775	0	0	-547	547	30	0
2025-10-31	17:02:29[592]	-152	-129	-223	220.320740839595	0	0	-550	550	30	0
2025-10-31	17:02:29[761]	-149	-128	-224	220.66456991416	0	0	-551	551	30	0
2025-10-31	17:02:29[995]	-153	-124	-220	219.023297617083	0	0	-547	547	30	0
2025-10-31	17:02:30[184]	-146	-127	-217	221.018801343578	0	0	-544	544	30	0
2025-10-31	17:02:31[541]	-540	540	30	135	4817	255	0	0	-129	126
2025-10-31	17:02:31[761]	-151	-121	-224	218.706051811049	0	0	-551	551	30	0
2025-10-31	17:02:31[949]	-149	-126	-221	220.219116125168	0	0	-548	548	30	0
2025-10-31	17:02:32[140]	-150	-124	-223	219.579404716238	0	0	-550	550	30	0
2025-10-31	17:02:32[338]	-146	-125	-222	220.568960687086	0	0	-549	549	30	0
2025-10-31	17:02:32[556]	-145	-132	-218	222.312999997876	0	0	-545	545	30	0
2025-10-31	17:02:32[700]	-148	-127	-224	220.633161037443	0	0	-551	551	30	0
2025-10-31	17:02:32[885]	-150	-126	-220	220.03025927189	0	0	-547	547	30	0
2025-10-31	17:02:33[114]	-149	-125	-220	219.994167447049	0	0	-547	547	30	0
2025-10-31	17:02:33[321]	-149	-126	-219	220.219116125168	0	0	-546	546	30	0
2025-10-31	17:02:33[509]	-146	-129	-218	221.462580570012	0	0	-545	545	30	0
2025-10-31	17:02:33[710]	-151	-128	-215	220.287348310212	0	0	-542	542	30	0
2025-10-31	17:02:35[058]	-542	542	30	135	4817	255	0	0	-129	126
2025-10-31	17:02:35[276]	-153	-127	-220	219.69489039379	0	0	-547	547	30	0
2025-10-31	17:02:35[465]	-147	-124	-213	220.148883904698	0	0	-540	540	30	0
2025-10-31	17:02:35[691]	-142	-130	-218	222.47388308838	0	0	-545	545	30	0
2025-10-31	17:02:35[871]	-151	-126	-221	219.842873026782	0	0	-548	548	30	0
2025-10-31	17:02:36[055]	-151	-124	-217	219.392568039308	0	0	-544	544	30	0
2025-10-31	17:02:36[243]	-155	-124	-211	218.65980825409	0	0	-538	538	30	0
2025-10-31	17:02:36[429]	-147	-132	-217	221.922544600576	0	0	-544	544	30	0
2025-10-31	17:02:36[655]	-151	-129	-215	220.507418520085	0	0	-542	542	30	0
2025-10-31	17:02:36[837]	-146	-126	-217	220.794642998291	0	0	-544	544	30	0
2025-10-31	17:02:37[042]	-147	-125	-220	220.375848671571	0	0	-547	547	30	0
2025-10-31	17:02:37[228]	-150	-136	-212	222.197548480133	0	0	-539	539	30	0
2025-10-31	17:02:37[417]	-154	-122	-216	218.386539517685	0	0	-543	543	30	0
2025-10-31	17:02:37[642]	-146	-123	-221	220.112990165078	0	0	-548	548	30	0
2025-10-31	17:02:37[837]	-152	-128	-218	220.100907546212	0	0	-545	545	30	0
2025-10-31	17:02:38[010]	-153	-126	-223	219.472459848344	0	0	-550	550	30	0
2025-10-31	17:02:38[207]	-147	-132	-219	221.922544600576	0	0	-546	546	30	0
2025-10-31	17:02:38[448]	-150	-126	-216	220.03025927189	0	0	-543	543	30	0
2025-10-31	17:02:39[799]	-543	543	30	135	4817	255	0	0	-129	126
2025-10-31	17:02:39[987]	-145	-127	-218	221.213887964618	0	0	-545	545	30	0
2025-10-31	17:02:40[192]	-145	-130	-220	221.877869537884	0	0	-547	547	30	0
2025-10-31	17:02:40[383]	-145	-126	-218	220.989515329483	0	0	-545	545	30	0
2025-10-31	17:02:40[554]	-150	-126	-220	220.03025927189	0	0	-547	547	30	0
2025-10-31	17:02:40[792]	-149	-129	-223	220.885090901763	0	0	-550	550	30	0
2025-10-31	17:02:40[962]	-148	-133	-218	221.944406542247	0	0	-545	545	30	0
2025-10-31	17:02:41[164]	-151	-123	-220	219.165211003159	0	0	-547	547	30	0
2025-10-31	17:02:41[350]	-149	-128	-221	220.66456991416	0	0	-548	548	30	0
2025-10-31	17:02:41[556]	-155	-123	-224	218.433701379254	0	0	-551	551	30	0
2025-10-31	17:02:41[757]	-151	-125	-226	219.618452947868	0	0	-553	553	30	0
2025-10-31	17:02:41[937]	-146	-124	-222	220.341745890324	0	0	-549	549	30	0
2025-10-31	17:02:42[153]	-155	-130	-219	219.986886244964	0	0	-546	546	30	0
2025-10-31	17:02:42[382]	-148	-127	-221	220.633161037443	0	0	-548	548	30	0
2025-10-31	17:02:42[538]	-151	-129	-219	220.507418520085	0	0	-546	546	30	0
2025-10-31	17:02:42[736]	-149	-126	-223	220.219116125168	0	0	-550	550	30	0
2025-10-31	17:02:44[099]	-549	549	30	135	4817	255	0	0	-129	126
2025-10-31	17:02:44[254]	-156	-127	-215	219.149123667271	0	0	-542	542	30	0
2025-10-31	17:02:44[491]	-148	-131	-219	221.513170228963	0	0	-546	546	30	0
2025-10-31	17:02:44[692]	-153	-126	-218	219.472459848344	0	0	-545	545	30	0
2025-10-31	17:02:44[880]	-151	-130	-218	220.726053902403	0	0	-545	545	30	0
2025-10-31	17:02:45[041]	-150	-131	-218	221.131795961678	0	0	-545	545	30	0
2025-10-31	17:02:45[245]	-151	-127	-221	220.06583565944	0	0	-548	548	30	0
2025-10-31	17:02:45[501]	-149	-124	-219	219.767727121868	0	0	-546	546	30	0
2025-10-31	17:02:45[665]	-147	-131	-217	221.706035012155	0	0	-544	544	30	0
2025-10-31	17:02:45[821]	-153	-124	-218	219.023297617083	0	0	-545	545	30	0
2025-10-31	17:02:46[069]	-155	-124	-218	218.65980825409	0	0	-545	545	30	0
2025-10-31	17:02:46[302]	-147	-127	-218	220.825230108088	0	0	-545	545	30	0
2025-10-31	17:02:46[445]	-150	-131	-217	221.131795961678	0	0	-544	544	30	0
2025-10-31	17:02:46[603]	-144	-130	-214	222.075022050844	0	0	-541	541	30	0
2025-10-31	17:02:46[867]	-148	-132	-217	221.729512076816	0	0	-544	544	30	0
2025-10-31	17:02:47[050]	-145	-130	-222	221.877869537884	0	0	-549	549	30	0
2025-10-31	17:02:47[227]	-147	-126	-215	220.601294645004	0	0	-542	542	30	0
2025-10-31	17:02:47[417]	-146	-124	-218	220.341745890324	0	0	-545	545	30	0
2025-10-31	17:02:47[655]	-150	-128	-215	220.475231527166	0	0	-542	542	30	0
2025-10-31	17:02:47[842]	-145	-130	-223	221.877869537884	0	0	-550	550	30	0
2025-10-31	17:02:49[185]	-544	544	30	135	4817	255	0	0	-129	126
2025-10-31	17:02:49[356]	-148	-132	-222	221.729512076816	0	0	-549	549	30	0
2025-10-31	17:02:49[591]	-145	-126	-219	220.989515329483	0	0	-546	546	30	0
2025-10-31	17:02:49[777]	-144	-122	-222	220.272012181158	0	0	-549	549	30	0
2025-10-31	17:02:49[979]	-150	-129	-213	220.695531039492	0	0	-540	540	30	0
2025-10-31	17:02:50[180]	-152	-126	-219	219.656944241425	0	0	-546	546	30	0
2025-10-31	17:02:50[332]	-145	-126	-218	220.989515329483	0	0	-545	545	30	0
2025-10-31	17:02:50[583]	-146	-129	-219	221.462580570012	0	0	-546	546	30	0
2025-10-31	17:02:50[767]	-148	-127	-219	220.633161037443	0	0	-546	546	30	0
2025-10-31	17:02:50[936]	-149	-127	-220	220.442580980286	0	0	-547	547	30	0
2025-10-31	17:02:51[154]	-147	-130	-221	221.488057348301	0	0	-548	548	30	0
2025-10-31	17:02:51[360]	-152	-127	-217	219.87964445696	0	0	-544	544	30	0
2025-10-31	17:02:51[549]	-148	-127	-216	220.633161037443	0	0	-543	543	30	0
2025-10-31	17:02:51[736]	-147	-121	-222	219.45879522196	0	0	-549	549	30	0
2025-10-31	17:02:51[957]	-150	-129	-224	220.695531039492	0	0	-551	551	30	0
2025-10-31	17:02:52[130]	-150	-125	-216	219.805571092265	0	0	-543	543	30	0
2025-10-31	17:02:52[332]	-150	-125	-219	219.805571092265	0	0	-546	546	30	0
2025-10-31	17:02:52[530]	-148	-124	-220	219.957548930829	0	0	-547	547	30	0
2025-10-31	17:02:52[694]	-150	-129	-220	220.695531039492	0	0	-547	547	30	0
2025-10-31	17:02:52[928]	-149	-124	-217	219.767727121868	0	0	-544	544	30	0
2025-10-31	17:02:53[131]	-147	-130	-217	221.488057348301	0	0	-544	544	30	0
2025-10-31	17:02:53[305]	-150	-130	-221	220.914383220025	0	0	-548	548	30	0
2025-10-31	17:02:53[506]	-151	-122	-219	218.936374631488	0	0	-546	546	30	0
2025-10-31	17:02:53[717]	-149	-125	-218	219.994167447049	0	0	-545	545	30	0
2025-10-31	17:02:53[895]	-150	-124	-219	219.579404716238	0	0	-546	546	30	0
2025-10-31	17:02:54[113]	-151	-126	-217	219.842873026782	0	0	-544	544	30	0
2025-10-31	17:02:54[300]	-154	-126	-219	219.2894068625	0	0	-546	546	30	0
2025-10-31	17:02:54[485]	-152	-130	-215	220.539151741483	0	0	-542	542	30	0
2025-10-31	17:02:54[661]	-147	-130	-219	221.488057348301	0	0	-546	546	30	0
2025-10-31	17:02:54[860]	-149	-127	-212	220.442580980286	0	0	-539	539	30	0
2025-10-31	17:02:55[066]	-157	-121	-225	217.621464157326	0	0	-552	552	30	0
2025-10-31	17:02:56[468]	-547	547	30	135	4817	255	0	0	-129	126
2025-10-31	17:02:56[628]	-153	-131	-222	220.570440701022	0	0	-549	549	30	0
2025-10-31	17:02:56[873]	-152	-124	-214	219.207203504968	0	0	-541	541	30	0
2025-10-31	17:02:57[035]	-146	-130	-219	221.682218831665	0	0	-546	546	30	0
2025-10-31	17:02:57[317]	-147	-130	-217	221.488057348301	0	0	-544	544	30	0
2025-10-31	17:02:57[507]	-146	-124	-220	220.341745890324	0	0	-547	547	30	0
2025-10-31	17:02:57[751]	-147	-131	-215	221.706035012155	0	0	-542	542	30	0
2025-10-31	17:02:57[911]	-146	-122	-215	219.882685150027	0	0	-542	542	30	0
2025-10-31	17:02:58[102]	-150	-124	-220	219.579404716238	0	0	-547	547	30	0
2025-10-31	17:02:58[303]	-145	-127	-216	221.213887964618	0	0	-543	543	30	0
2025-10-31	17:02:58[505]	-154	-132	-215	220.601294645004	0	0	-542	542	30	0
2025-10-31	17:02:58[693]	-149	-124	-215	219.767727121868	0	0	-542	542	30	0
2025-10-31	17:02:58[907]	-148	-128	-219	220.855376258896	0	0	-546	546	30	0
2025-10-31	17:02:59[083]	-146	-127	-219	221.018801343578	0	0	-546	546	30	0
2025-10-31	17:02:59[287]	-141	-129	-219	222.455195620187	0	0	-546	546	30	0
2025-10-31	17:02:59[475]	-151	-128	-218	220.287348310212	0	0	-545	545	30	0
2025-10-31	17:02:59[663]	-151	-122	-219	218.936374631488	0	0	-546	546	30	0
2025-10-31	17:02:59[878]	-148	-126	-219	220.409456814394	0	0	-546	546	30	0
2025-10-31	17:03:00[097]	-150	-129	-217	220.695531039492	0	0	-544	544	30	0
2025-10-31	17:03:00[253]	-147	-123	-219	219.920392139985	0	0	-546	546	30	0
2025-10-31	17:03:00[457]	-150	-128	-219	220.475231527166	0	0	-546	546	30	0
2025-10-31	17:03:00[646]	-151	-134	-217	221.586401725228	0	0	-544	544	30	0
2025-10-31	17:03:00[865]	-150	-127	-221	220.253476856572	0	0	-548	548	30	0
2025-10-31	17:03:02[229]	-548	548	30	135	4817	255	0	0	-129	126
2025-10-31	17:03:03[593]	-541	541	30	135	53759	102	0	0	-129	18
2025-10-31	17:03:04[998]	-543	543	30	135	4817	255	0	0	-129	126
2025-10-31	17:03:05[176]	-155	-130	-218	219.986886244964	0	0	-545	545	30	0
2025-10-31	17:03:05[386]	-154	-125	-218	219.065834540451	0	0	-545	545	30	0
2025-10-31	17:03:06[710]	-546	546	30	135	4817	255	0	0	-129	126
2025-10-31	17:03:06[909]	-149	-130	-215	221.104151986912	0	0	-542	542	30	0
2025-10-31	17:03:07[144]	-152	-123	-221	218.980148731351	0	0	-548	548	30	0
2025-10-31	17:03:08[469]	-541	541	30	135	4817	255	0	0	-129	126
2025-10-31	17:03:08[719]	-156	-126	-217	218.927543592792	0	0	-544	544	30	0
2025-10-31	17:03:08[911]	-151	-124	-222	219.392568039308	0	0	-549	549	30	0
2025-10-31	17:03:09[068]	-153	-128	-219	219.915896590406	0	0	-546	546	30	0
2025-10-31	17:03:09[290]	-150	-126	-214	220.03025927189	0	0	-541	541	30	0
2025-10-31	17:03:09[487]	-153	-127	-218	219.69489039379	0	0	-545	545	30	0
2025-10-31	17:03:09[691]	-146	-124	-216	220.341745890324	0	0	-543	543	30	0
2025-10-31	17:03:09[890]	-145	-122	-218	220.076562623304	0	0	-545	545	30	0
2025-10-31	17:03:10[087]	-152	-126	-221	219.656944241425	0	0	-548	548	30	0
2025-10-31	17:03:11[438]	-542	542	30	135	4817	255	0	0	-129	126
2025-10-31	17:03:11[629]	-149	-127	-218	220.442580980286	0	0	-545	545	30	0
2025-10-31	17:03:11[833]	-154	-125	-219	219.065834540451	0	0	-546	546	30	0
2025-10-31	17:03:12[038]	-147	-127	-218	220.825230108088	0	0	-545	545	30	0
2025-10-31	17:03:12[248]	-150	-129	-217	220.695531039492	0	0	-544	544	30	0
2025-10-31	17:03:12[427]	-155	-125	-218	218.884496433715	0	0	-545	545	30	0
2025-10-31	17:03:13[761]	-551	551	30	135	4817	255	0	0	-129	126
2025-10-31	17:03:14[028]	-150	-128	-218	220.475231527166	0	0	-545	545	30	0
2025-10-31	17:03:14[163]	-148	-124	-221	219.957548930829	0	0	-548	548	30	0
2025-10-31	17:03:14[354]	-144	-131	-221	222.293487132297	0	0	-548	548	30	0
2025-10-31	17:03:14[541]	-143	-127	-218	221.608660580204	0	0	-545	545	30	0
2025-10-31	17:03:14[762]	-155	-126	-215	219.107772382681	0	0	-542	542	30	0
2025-10-31	17:03:14[949]	-153	-127	-217	219.69489039379	0	0	-544	544	30	0
2025-10-31	17:03:15[135]	-145	-122	-215	220.076562623304	0	0	-542	542	30	0
2025-10-31	17:03:15[383]	-147	-127	-218	220.825230108088	0	0	-545	545	30	0
2025-10-31	17:03:15[572]	-146	-127	-219	221.018801343578	0	0	-546	546	30	0
2025-10-31	17:03:15[770]	-146	-130	-225	221.682218831665	0	0	-552	552	30	0
2025-10-31	17:03:15[976]	-148	-127	-222	220.633161037443	0	0	-549	549	30	0
2025-10-31	17:03:17[338]	-550	550	30	135	4817	255	0	0	-129	126
2025-10-31	17:03:17[536]	-153	-125	-217	219.248597909634	0	0	-544	544	30	0
2025-10-31	17:03:17[728]	-154	-128	-216	219.732302871956	0	0	-543	543	30	0
2025-10-31	17:03:17[934]	-150	-127	-218	220.253476856572	0	0	-545	545	30	0
2025-10-31	17:03:18[121]	-147	-132	-221	221.922544600576	0	0	-548	548	30	0
2025-10-31	17:03:18[306]	-149	-122	-221	219.310340650211	0	0	-548	548	30	0
2025-10-31	17:03:18[494]	-150	-127	-218	220.253476856572	0	0	-545	545	30	0
2025-10-31	17:03:19[900]	-546	546	30	135	4817	255	0	0	-129	126
2025-10-31	17:03:20[045]	-150	-127	-215	220.253476856572	0	0	-542	542	30	0
2025-10-31	17:03:20[244]	-149	-120	-220	218.846895848803	0	0	-547	547	30	0
2025-10-31	17:03:20[565]	-153	-130	-222	220.353664508804	0	0	-549	549	30	0
2025-10-31	17:03:21[958]	-548	548	30	135	4817	255	0	0	-129	126
2025-10-31	17:03:22[140]	-148	-126	-211	220.409456814394	0	0	-538	538	30	0
2025-10-31	17:03:23[515]	-547	547	30	135	4817	255	0	0	-129	126
2025-10-31	17:03:23[702]	-152	-123	-220	218.980148731351	0	0	-547	547	30	0
2025-10-31	17:03:23[902]	-149	-132	-218	221.537926943865	0	0	-545	545	30	0
2025-10-31	17:03:25[227]	-544	544	30	135	4817	255	0	0	-129	126
2025-10-31	17:03:25[430]	-154	-128	-223	219.732302871956	0	0	-550	550	30	0
2025-10-31	17:03:25[652]	-153	-130	-214	220.353664508804	0	0	-541	541	30	0
2025-10-31	17:03:25[856]	-151	-128	-219	220.287348310212	0	0	-546	546	30	0
2025-10-31	17:03:26[042]	-149	-123	-219	219.539787407852	0	0	-546	546	30	0
2025-10-31	17:03:26[259]	-150	-126	-216	220.03025927189	0	0	-543	543	30	0
2025-10-31	17:03:26[434]	-144	-133	-221	222.725911231273	0	0	-548	548	30	0
2025-10-31	17:03:26[609]	-151	-132	-226	221.159050974663	0	0	-553	553	30	0
2025-10-31	17:03:26[834]	-150	-121	-216	218.891961681817	0	0	-543	543	30	0
2025-10-31	17:03:27[032]	-146	-129	-218	221.462580570012	0	0	-545	545	30	0
2025-10-31	17:03:27[229]	-152	-124	-218	219.207203504968	0	0	-545	545	30	0
2025-10-31	17:03:27[414]	-148	-130	-212	221.295372557923	0	0	-539	539	30	0
2025-10-31	17:03:27[579]	-150	-126	-220	220.03025927189	0	0	-547	547	30	0
2025-10-31	17:03:27[829]	-147	-126	-217	220.601294645004	0	0	-544	544	30	0
2025-10-31	17:03:27[993]	-149	-123	-218	219.539787407852	0	0	-545	545	30	0
2025-10-31	17:03:28[211]	-151	-128	-221	220.287348310212	0	0	-548	548	30	0
2025-10-31	17:03:28[369]	-153	-127	-215	219.69489039379	0	0	-542	542	30	0
2025-10-31	17:03:28[625]	-145	-126	-215	220.989515329483	0	0	-542	542	30	0
2025-10-31	17:03:28[796]	-154	-129	-215	219.951640322052	0	0	-542	542	30	0
2025-10-31	17:03:28[961]	-151	-130	-218	220.726053902403	0	0	-545	545	30	0
2025-10-31	17:03:29[177]	-149	-124	-223	219.767727121868	0	0	-550	550	30	0
2025-10-31	17:03:29[382]	-151	-129	-218	220.507418520085	0	0	-545	545	30	0
2025-10-31	17:03:29[598]	-146	-127	-212	221.018801343578	0	0	-539	539	30	0
2025-10-31	17:03:29[778]	-153	-126	-220	219.472459848344	0	0	-547	547	30	0
2025-10-31	17:03:29[964]	-147	-124	-218	220.148883904698	0	0	-545	545	30	0
2025-10-31	17:03:30[171]	-152	-122	-218	218.751628334962	0	0	-545	545	30	0
2025-10-31	17:03:30[385]	-147	-126	-218	220.601294645004	0	0	-545	545	30	0
2025-10-31	17:03:30[548]	-149	-123	-215	219.539787407852	0	0	-542	542	30	0
2025-10-31	17:03:30[736]	-145	-129	-220	221.658056142739	0	0	-547	547	30	0
2025-10-31	17:03:30[974]	-149	-130	-220	221.104151986912	0	0	-547	547	30	0
2025-10-31	17:03:31[142]	-152	-126	-216	219.656944241425	0	0	-543	543	30	0
2025-10-31	17:03:31[332]	-152	-130	-216	220.539151741483	0	0	-543	543	30	0
2025-10-31	17:03:31[539]	-146	-129	-219	221.462580570012	0	0	-546	546	30	0
2025-10-31	17:03:31[727]	-152	-125	-218	219.432799647355	0	0	-545	545	30	0
2025-10-31	17:03:31[944]	-146	-123	-217	220.112990165078	0	0	-544	544	30	0
2025-10-31	17:03:32[151]	-151	-124	-216	219.392568039308	0	0	-543	543	30	0
2025-10-31	17:03:32[328]	-147	-126	-222	220.601294645004	0	0	-549	549	30	0
2025-10-31	17:03:32[513]	-151	-126	-217	219.842873026782	0	0	-544	544	30	0
2025-10-31	17:03:32[731]	-152	-127	-224	219.87964445696	0	0	-551	551	30	0
2025-10-31	17:03:32[919]	-150	-125	-218	219.805571092265	0	0	-545	545	30	0
2025-10-31	17:03:33[117]	-149	-120	-222	218.846895848803	0	0	-549	549	30	0
2025-10-31	17:03:33[302]	-151	-129	-218	220.507418520085	0	0	-545	545	30	0
2025-10-31	17:03:33[515]	-154	-126	-217	219.2894068625	0	0	-544	544	30	0
2025-10-31	17:03:33[720]	-149	-131	-218	221.321761278007	0	0	-545	545	30	0
2025-10-31	17:03:33[905]	-153	-131	-218	220.570440701022	0	0	-545	545	30	0
2025-10-31	17:03:34[075]	-147	-128	-223	221.047663417884	0	0	-550	550	30	0
2025-10-31	17:03:34[292]	-150	-123	-219	219.351752626265	0	0	-546	546	30	0
2025-10-31	17:03:34[481]	-149	-127	-220	220.442580980286	0	0	-547	547	30	0
2025-10-31	17:03:34[670]	-151	-124	-218	219.392568039308	0	0	-545	545	30	0
2025-10-31	17:03:34[858]	-149	-123	-218	219.539787407852	0	0	-545	545	30	0
2025-10-31	17:03:35[102]	-149	-128	-215	220.66456991416	0	0	-542	542	30	0
2025-10-31	17:03:35[306]	-149	-127	-219	220.442580980286	0	0	-546	546	30	0
2025-10-31	17:03:35[435]	-151	-126	-222	219.842873026782	0	0	-549	549	30	0
2025-10-31	17:03:36[841]	-553	553	30	135	4817	255	0	0	-129	126
2025-10-31	17:03:37[026]	-152	-128	-224	220.100907546212	0	0	-551	551	30	0
2025-10-31	17:03:37[212]	-154	-127	-222	219.511560692715	0	0	-549	549	30	0
2025-10-31	17:03:37[427]	-147	-126	-221	220.601294645004	0	0	-548	548	30	0
2025-10-31	17:03:37[587]	-151	-124	-219	219.392568039308	0	0	-546	546	30	0
2025-10-31	17:03:37[811]	-151	-127	-217	220.06583565944	0	0	-544	544	30	0
2025-10-31	17:03:37[979]	-150	-128	-218	220.475231527166	0	0	-545	545	30	0
2025-10-31	17:03:39[366]	-549	549	30	135	4817	255	0	0	-129	126
2025-10-31	17:03:39[584]	-147	-124	-222	220.148883904698	0	0	-549	549	30	0
2025-10-31	17:03:39[772]	-151	-127	-215	220.06583565944	0	0	-542	542	30	0
2025-10-31	17:03:39[959]	-149	-127	-219	220.442580980286	0	0	-546	546	30	0
2025-10-31	17:03:40[129]	-148	-125	-218	220.184255462606	0	0	-545	545	30	0
2025-10-31	17:03:40[348]	-153	-125	-220	219.248597909634	0	0	-547	547	30	0
2025-10-31	17:03:40[550]	-148	-126	-215	220.409456814394	0	0	-542	542	30	0
2025-10-31	17:03:40[720]	-148	-126	-220	220.409456814394	0	0	-547	547	30	0
2025-10-31	17:03:40[954]	-157	-127	-215	218.969991191719	0	0	-542	542	30	0
2025-10-31	17:03:41[152]	-148	-126	-219	220.409456814394	0	0	-546	546	30	0
2025-10-31	17:03:41[353]	-146	-128	-213	221.241444314528	0	0	-540	540	30	0
2025-10-31	17:03:41[547]	-153	-128	-223	219.915896590406	0	0	-550	550	30	0
2025-10-31	17:03:41[720]	-154	-130	-219	220.16958004171	0	0	-546	546	30	0
2025-10-31	17:03:41[967]	-148	-124	-215	219.957548930829	0	0	-542	542	30	0
2025-10-31	17:03:42[093]	-148	-122	-220	219.499588529798	0	0	-547	547	30	0
2025-10-31	17:03:42[293]	-150	-126	-216	220.03025927189	0	0	-543	543	30	0
2025-10-31	17:03:42[483]	-155	-129	-222	219.769192824447	0	0	-549	549	30	0
2025-10-31	17:03:42[743]	-149	-131	-221	221.321761278007	0	0	-548	548	30	0
2025-10-31	17:03:42[919]	-150	-129	-224	220.695531039492	0	0	-551	551	30	0
2025-10-31	17:03:43[107]	-144	-135	-220	223.152389734005	0	0	-547	547	30	0
2025-10-31	17:03:43[293]	-149	-125	-215	219.994167447049	0	0	-542	542	30	0
2025-10-31	17:03:43[482]	-151	-124	-219	219.392568039308	0	0	-546	546	30	0
2025-10-31	17:03:44[853]	-544	544	30	135	4817	255	0	0	-129	126
2025-10-31	17:03:45[057]	-148	-125	-219	220.184255462606	0	0	-546	546	30	0
2025-10-31	17:03:45[233]	-151	-129	-218	220.507418520085	0	0	-545	545	30	0
2025-10-31	17:03:45[420]	-148	-127	-219	220.633161037443	0	0	-546	546	30	0
2025-10-31	17:03:45[665]	-147	-130	-217	221.488057348301	0	0	-544	544	30	0
2025-10-31	17:03:45[852]	-148	-129	-217	221.076110677247	0	0	-544	544	30	0
2025-10-31	17:03:46[039]	-149	-129	-225	220.885090901763	0	0	-552	552	30	0
2025-10-31	17:03:46[226]	-150	-130	-219	220.914383220025	0	0	-546	546	30	0
2025-10-31	17:03:46[429]	-145	-126	-220	220.989515329483	0	0	-547	547	30	0
2025-10-31	17:03:46[634]	-153	-126	-223	219.472459848344	0	0	-550	550	30	0
2025-10-31	17:03:46[805]	-148	-128	-224	220.855376258896	0	0	-551	551	30	0
2025-10-31	17:03:47[022]	-149	-125	-221	219.994167447049	0	0	-548	548	30	0
2025-10-31	17:03:47[226]	-145	-134	-218	222.742196011328	0	0	-545	545	30	0
2025-10-31	17:03:47[426]	-146	-131	-220	221.900367879469	0	0	-547	547	30	0
2025-10-31	17:03:47[582]	-155	-124	-217	218.65980825409	0	0	-544	544	30	0
2025-10-31	17:03:47[770]	-150	-129	-219	220.695531039492	0	0	-546	546	30	0
2025-10-31	17:03:48[016]	-151	-126	-212	219.842873026782	0	0	-539	539	30	0
2025-10-31	17:03:48[207]	-147	-126	-216	220.601294645004	0	0	-543	543	30	0
2025-10-31	17:03:48[469]	-153	-122	-215	218.568354573556	0	0	-542	542	30	0
2025-10-31	17:03:48[691]	-149	-124	-219	219.767727121868	0	0	-546	546	30	0
2025-10-31	17:03:48[910]	-152	-128	-214	220.100907546212	0	0	-541	541	30	0
2025-10-31	17:03:49[095]	-154	-127	-219	219.511560692715	0	0	-546	546	30	0
2025-10-31	17:03:49[281]	-150	-133	-214	221.562335007635	0	0	-541	541	30	0
2025-10-31	17:03:49[468]	-145	-125	-217	220.763605200941	0	0	-544	544	30	0
2025-10-31	17:03:49[699]	-145	-123	-212	220.30713749441	0	0	-539	539	30	0
2025-10-31	17:03:49[892]	-151	-126	-215	219.842873026782	0	0	-542	542	30	0
2025-10-31	17:03:50[088]	-152	-127	-219	219.87964445696	0	0	-546	546	30	0
2025-10-31	17:03:50[230]	-149	-126	-221	220.219116125168	0	0	-548	548	30	0
2025-10-31	17:03:51[630]	-544	544	30	135	4817	255	0	0	-129	126
2025-10-31	17:03:51[821]	-153	-119	-216	217.874983651098	0	0	-543	543	30	0
2025-10-31	17:03:52[024]	-149	-120	-223	218.846895848803	0	0	-550	550	30	0
2025-10-31	17:03:53[321]	-540	540	30	135	4817	255	0	0	-129	126
2025-10-31	17:03:53[478]	-150	-129	-218	220.695531039492	0	0	-545	545	30	0
2025-10-31	17:03:53[698]	-149	-127	-220	220.442580980286	0	0	-547	547	30	0
2025-10-31	17:03:53[885]	-146	-125	-218	220.568960687086	0	0	-545	545	30	0
2025-10-31	17:03:54[069]	-148	-125	-218	220.184255462606	0	0	-545	545	30	0
2025-10-31	17:03:54[256]	-148	-129	-222	221.076110677247	0	0	-549	549	30	0
2025-10-31	17:03:54[475]	-150	-126	-214	220.03025927189	0	0	-541	541	30	0
2025-10-31	17:03:54[630]	-150	-126	-215	220.03025927189	0	0	-542	542	30	0
2025-10-31	17:03:54[849]	-146	-131	-216	221.900367879469	0	0	-543	543	30	0
2025-10-31	17:03:55[053]	-152	-129	-214	220.320740839595	0	0	-541	541	30	0
2025-10-31	17:03:55[222]	-150	-127	-222	220.253476856572	0	0	-549	549	30	0
2025-10-31	17:03:55[449]	-150	-127	-218	220.253476856572	0	0	-545	545	30	0
2025-10-31	17:03:55[644]	-152	-128	-221	220.100907546212	0	0	-548	548	30	0
2025-10-31	17:03:55[831]	-153	-127	-221	219.69489039379	0	0	-548	548	30	0
2025-10-31	17:03:56[067]	-151	-129	-211	220.507418520085	0	0	-538	538	30	0
2025-10-31	17:03:56[239]	-147	-119	-224	218.990994042505	0	0	-551	551	30	0
2025-10-31	17:03:56[407]	-149	-127	-223	220.442580980286	0	0	-550	550	30	0
2025-10-31	17:03:56[658]	-151	-121	-225	218.706051811049	0	0	-552	552	30	0
2025-10-31	17:03:56[831]	-147	-124	-217	220.148883904698	0	0	-544	544	30	0
2025-10-31	17:03:57[001]	-151	-124	-219	219.392568039308	0	0	-546	546	30	0
2025-10-31	17:03:58[302]	-551	551	30	135	4817	255	0	0	-129	126
2025-10-31	17:03:58[491]	-152	-128	-216	220.100907546212	0	0	-543	543	30	0
2025-10-31	17:03:58[697]	-150	-127	-220	220.253476856572	0	0	-547	547	30	0
2025-10-31	17:03:58[888]	-146	-124	-216	220.341745890324	0	0	-543	543	30	0
2025-10-31	17:03:59[090]	-151	-126	-219	219.842873026782	0	0	-546	546	30	0
2025-10-31	17:03:59[277]	-147	-130	-215	221.488057348301	0	0	-542	542	30	0
2025-10-31	17:03:59[465]	-150	-128	-220	220.475231527166	0	0	-547	547	30	0
2025-10-31	17:03:59[650]	-151	-129	-219	220.507418520085	0	0	-546	546	30	0
2025-10-31	17:03:59[867]	-151	-125	-219	219.618452947868	0	0	-546	546	30	0
2025-10-31	17:04:00[075]	-146	-126	-215	220.794642998291	0	0	-542	542	30	0
2025-10-31	17:04:00[252]	-152	-125	-217	219.432799647355	0	0	-544	544	30	0
2025-10-31	17:04:00[461]	-149	-123	-215	219.539787407852	0	0	-542	542	30	0
2025-10-31	17:04:00[651]	-149	-126	-218	220.219116125168	0	0	-545	545	30	0
2025-10-31	17:04:00[867]	-149	-127	-211	220.442580980286	0	0	-538	538	30	0
2025-10-31	17:04:01[052]	-155	-126	-218	219.107772382681	0	0	-545	545	30	0
2025-10-31	17:04:01[253]	-151	-128	-217	220.287348310212	0	0	-544	544	30	0
2025-10-31	17:04:01[434]	-146	-131	-221	221.900367879469	0	0	-548	548	30	0
2025-10-31	17:04:01[646]	-149	-129	-218	220.885090901763	0	0	-545	545	30	0
2025-10-31	17:04:01[835]	-145	-130	-217	221.877869537884	0	0	-544	544	30	0
2025-10-31	17:04:03[208]	-539	539	30	135	4817	255	0	0	-129	126
2025-10-31	17:04:03[401]	-147	-134	-222	222.351194240541	0	0	-549	549	30	0
2025-10-31	17:04:03[604]	-150	-129	-220	220.695531039492	0	0	-547	547	30	0
2025-10-31	17:04:03[776]	-150	-131	-218	221.131795961678	0	0	-545	545	30	0
2025-10-31	17:04:05[128]	-544	544	30	135	4817	255	0	0	-129	126
2025-10-31	17:04:05[358]	-153	-127	-219	219.69489039379	0	0	-546	546	30	0
2025-10-31	17:04:05[540]	-154	-127	-219	219.511560692715	0	0	-546	546	30	0
2025-10-31	17:04:05[742]	-148	-126	-215	220.409456814394	0	0	-542	542	30	0
2025-10-31	17:04:05[952]	-148	-128	-222	220.855376258896	0	0	-549	549	30	0
2025-10-31	17:04:06[162]	-151	-133	-216	221.37342821612	0	0	-543	543	30	0
2025-10-31	17:04:06[319]	-154	-127	-214	219.511560692715	0	0	-541	541	30	0
2025-10-31	17:04:06[537]	-153	-126	-216	219.472459848344	0	0	-543	543	30	0
2025-10-31	17:04:06[708]	-151	-128	-220	220.287348310212	0	0	-547	547	30	0
2025-10-31	17:04:06[926]	-157	-126	-222	218.748707763065	0	0	-549	549	30	0
2025-10-31	17:04:07[098]	-153	-127	-224	219.69489039379	0	0	-551	551	30	0
2025-10-31	17:04:07[286]	-150	-124	-216	219.579404716238	0	0	-543	543	30	0
2025-10-31	17:04:07[490]	-148	-127	-225	220.633161037443	0	0	-552	552	30	0
2025-10-31	17:04:07[702]	-151	-125	-220	219.618452947868	0	0	-547	547	30	0
2025-10-31	17:04:07[896]	-149	-124	-222	219.767727121868	0	0	-549	549	30	0
2025-10-31	17:04:08[097]	-156	-130	-222	219.805571092265	0	0	-549	549	30	0
2025-10-31	17:04:08[288]	-149	-125	-226	219.994167447049	0	0	-553	553	30	0
2025-10-31	17:04:08[472]	-147	-126	-220	220.601294645004	0	0	-547	547	30	0
2025-10-31	17:04:09[835]	-547	547	30	135	4817	255	0	0	-129	126
2025-10-31	17:04:10[054]	-149	-125	-220	219.994167447049	0	0	-547	547	30	0
2025-10-31	17:04:10[253]	-149	-128	-225	220.66456991416	0	0	-552	552	30	0
2025-10-31	17:04:10[428]	-149	-128	-219	220.66456991416	0	0	-546	546	30	0
2025-10-31	17:04:10[618]	-147	-120	-221	219.225674097337	0	0	-548	548	30	0
2025-10-31	17:04:10[834]	-148	-126	-221	220.409456814394	0	0	-548	548	30	0
2025-10-31	17:04:11[035]	-148	-124	-217	219.957548930829	0	0	-544	544	30	0
2025-10-31	17:04:11[222]	-148	-130	-216	221.295372557923	0	0	-543	543	30	0
2025-10-31	17:04:11[429]	-148	-124	-222	219.957548930829	0	0	-549	549	30	0
2025-10-31	17:04:11[614]	-151	-126	-220	219.842873026782	0	0	-547	547	30	0
2025-10-31	17:04:11[800]	-155	-134	-224	220.843943398724	0	0	-551	551	30	0
2025-10-31	17:04:11[989]	-156	-128	-224	219.369317242365	0	0	-551	551	30	0
2025-10-31	17:04:12[207]	-152	-121	-226	218.521635420227	0	0	-553	553	30	0
2025-10-31	17:04:12[392]	-151	-124	-220	219.392568039308	0	0	-547	547	30	0
2025-10-31	17:04:12[595]	-151	-126	-220	219.842873026782	0	0	-547	547	30	0
2025-10-31	17:04:12[783]	-153	-125	-221	219.248597909634	0	0	-548	548	30	0
2025-10-31	17:04:12[985]	-149	-129	-224	220.885090901763	0	0	-551	551	30	0
2025-10-31	17:04:13[175]	-155	-121	-217	217.977206164427	0	0	-544	544	30	0
2025-10-31	17:04:13[378]	-145	-129	-218	221.658056142739	0	0	-545	545	30	0
2025-10-31	17:04:13[565]	-148	-125	-219	220.184255462606	0	0	-546	546	30	0
2025-10-31	17:04:13[769]	-149	-127	-218	220.442580980286	0	0	-545	545	30	0
2025-10-31	17:04:13[971]	-151	-125	-217	219.618452947868	0	0	-544	544	30	0
2025-10-31	17:04:14[143]	-147	-122	-216	219.690365256546	0	0	-543	543	30	0
2025-10-31	17:04:14[348]	-151	-124	-218	219.392568039308	0	0	-545	545	30	0
2025-10-31	17:04:14[553]	-153	-126	-216	219.472459848344	0	0	-543	543	30	0
2025-10-31	17:04:14[753]	-155	-129	-215	219.769192824447	0	0	-542	542	30	0
2025-10-31	17:04:14[940]	-145	-128	-217	221.436731937094	0	0	-544	544	30	0
2025-10-31	17:04:15[149]	-154	-125	-218	219.065834540451	0	0	-545	545	30	0
2025-10-31	17:04:15[361]	-147	-127	-215	220.825230108088	0	0	-542	542	30	0
2025-10-31	17:04:15[545]	-151	-128	-216	220.287348310212	0	0	-543	543	30	0
2025-10-31	17:04:15[735]	-147	-125	-212	220.375848671571	0	0	-539	539	30	0
2025-10-31	17:04:15[936]	-148	-125	-225	220.184255462606	0	0	-552	552	30	0
2025-10-31	17:04:16[151]	-148	-123	-219	219.729329248359	0	0	-546	546	30	0
2025-10-31	17:04:16[337]	-148	-123	-223	219.729329248359	0	0	-550	550	30	0
2025-10-31	17:04:16[526]	-149	-129	-218	220.885090901763	0	0	-545	545	30	0
2025-10-31	17:04:16[714]	-145	-126	-218	220.989515329483	0	0	-545	545	30	0
2025-10-31	17:04:16[917]	-152	-125	-217	219.432799647355	0	0	-544	544	30	0
2025-10-31	17:04:17[197]	-148	-125	-218	220.184255462606	0	0	-545	545	30	0
2025-10-31	17:04:18[575]	-551	551	30	135	4817	255	0	0	-129	126
2025-10-31	17:04:18[760]	-150	-128	-215	220.475231527166	0	0	-542	542	30	0
2025-10-31	17:04:18[977]	-149	-124	-213	219.767727121868	0	0	-540	540	30	0
2025-10-31	17:04:19[194]	-150	-125	-222	219.805571092265	0	0	-549	549	30	0
2025-10-31	17:04:19[353]	-147	-131	-214	221.706035012155	0	0	-541	541	30	0
2025-10-31	17:04:19[555]	-150	-125	-220	219.805571092265	0	0	-547	547	30	0
2025-10-31	17:04:19[760]	-147	-126	-219	220.601294645004	0	0	-546	546	30	0
2025-10-31	17:04:21[114]	-544	544	30	135	4817	255	0	0	-129	126
2025-10-31	17:04:22[515]	-545	545	30	135	4817	255	0	0	-129	126
2025-10-31	17:04:22[691]	-149	-125	-218	219.994167447049	0	0	-545	545	30	0
2025-10-31	17:04:22[908]	-151	-123	-220	219.165211003159	0	0	-547	547	30	0
2025-10-31	17:04:23[096]	-152	-133	-217	221.18592516571	0	0	-544	544	30	0
2025-10-31	17:04:23[321]	-147	-121	-216	219.45879522196	0	0	-543	543	30	0
2025-10-31	17:04:23[487]	-146	-127	-223	221.018801343578	0	0	-550	550	30	0
2025-10-31	17:04:23[690]	-146	-128	-219	221.241444314528	0	0	-546	546	30	0
2025-10-31	17:04:23[890]	-153	-131	-218	220.570440701022	0	0	-545	545	30	0
2025-10-31	17:04:24[067]	-147	-124	-219	220.148883904698	0	0	-546	546	30	0
2025-10-31	17:04:24[281]	-150	-123	-222	219.351752626265	0	0	-549	549	30	0
2025-10-31	17:04:24[491]	-148	-128	-220	220.855376258896	0	0	-547	547	30	0
2025-10-31	17:04:24[647]	-150	-126	-222	220.03025927189	0	0	-549	549	30	0
2025-10-31	17:04:24[877]	-147	-126	-217	220.601294645004	0	0	-544	544	30	0
2025-10-31	17:04:25[054]	-153	-131	-217	220.570440701022	0	0	-544	544	30	0
2025-10-31	17:04:25[240]	-144	-127	-217	221.410503259162	0	0	-544	544	30	0
2025-10-31	17:04:25[453]	-153	-133	-222	220.999814239487	0	0	-549	549	30	0
2025-10-31	17:04:25[643]	-149	-127	-218	220.442580980286	0	0	-545	545	30	0
2025-10-31	17:04:25[840]	-151	-126	-225	219.842873026782	0	0	-552	552	30	0
2025-10-31	17:04:26[059]	-146	-128	-215	221.241444314528	0	0	-542	542	30	0
2025-10-31	17:04:26[254]	-152	-121	-214	218.521635420227	0	0	-541	541	30	0
2025-10-31	17:04:26[444]	-149	-129	-217	220.885090901763	0	0	-544	544	30	0
2025-10-31	17:04:26[611]	-151	-122	-222	218.936374631488	0	0	-549	549	30	0
2025-10-31	17:04:26[860]	-151	-124	-221	219.392568039308	0	0	-548	548	30	0
2025-10-31	17:04:27[002]	-151	-125	-219	219.618452947868	0	0	-546	546	30	0
2025-10-31	17:04:27[190]	-147	-126	-219	220.601294645004	0	0	-546	546	30	0
2025-10-31	17:04:27[429]	-149	-126	-216	220.219116125168	0	0	-543	543	30	0
2025-10-31	17:04:27[623]	-150	-125	-220	219.805571092265	0	0	-547	547	30	0
2025-10-31	17:04:27[792]	-146	-128	-219	221.241444314528	0	0	-546	546	30	0
2025-10-31	17:04:28[002]	-149	-125	-215	219.994167447049	0	0	-542	542	30	0
2025-10-31	17:04:28[204]	-153	-123	-215	218.796552098308	0	0	-542	542	30	0
2025-10-31	17:04:28[374]	-152	-130	-218	220.539151741483	0	0	-545	545	30	0
2025-10-31	17:04:29[768]	-543	543	30	135	4817	255	0	0	-129	126
2025-10-31	17:04:29[938]	-150	-131	-218	221.131795961678	0	0	-545	545	30	0
2025-10-31	17:04:30[124]	-147	-130	-216	221.488057348301	0	0	-543	543	30	0
2025-10-31	17:04:30[343]	-148	-126	-216	220.409456814394	0	0	-543	543	30	0
2025-10-31	17:04:30[558]	-145	-128	-217	221.436731937094	0	0	-544	544	30	0
2025-10-31	17:04:30[702]	-146	-125	-219	220.568960687086	0	0	-546	546	30	0
2025-10-31	17:04:30[926]	-157	-125	-216	218.526044031328	0	0	-543	543	30	0
2025-10-31	17:04:31[141]	-151	-121	-220	218.706051811049	0	0	-547	547	30	0
2025-10-31	17:04:31[354]	-152	-128	-217	220.100907546212	0	0	-544	544	30	0
2025-10-31	17:04:31[540]	-146	-123	-219	220.112990165078	0	0	-546	546	30	0
2025-10-31	17:04:32[872]	-548	548	30	135	4817	255	0	0	-129	126
2025-10-31	17:04:33[057]	-150	-125	-222	219.805571092265	0	0	-549	549	30	0
2025-10-31	17:04:33[294]	-155	-127	-217	219.329642656106	0	0	-544	544	30	0
2025-10-31	17:04:33[497]	-155	-126	-222	219.107772382681	0	0	-549	549	30	0
2025-10-31	17:04:33[703]	-152	-127	-221	219.87964445696	0	0	-548	548	30	0
2025-10-31	17:04:35[160]	-544	544	30	135	4817	255	0	0	-129	126
2025-10-31	17:04:35[215]	-144	-125	-224	220.959795981596	0	0	-551	551	30	0
2025-10-31	17:04:35[435]	-147	-127	-218	220.825230108088	0	0	-545	545	30	0
2025-10-31	17:04:35[656]	-152	-130	-217	220.539151741483	0	0	-544	544	30	0
2025-10-31	17:04:35[851]	-146	-125	-220	220.568960687086	0	0	-547	547	30	0
2025-10-31	17:04:36[030]	-152	-130	-216	220.539151741483	0	0	-543	543	30	0
2025-10-31	17:04:36[237]	-144	-127	-216	221.410503259162	0	0	-543	543	30	0
2025-10-31	17:04:37[608]	-550	550	30	135	4817	255	0	0	-129	126
2025-10-31	17:04:37[794]	-149	-122	-218	219.310340650211	0	0	-545	545	30	0
2025-10-31	17:04:37[982]	-145	-127	-218	221.213887964618	0	0	-545	545	30	0
2025-10-31	17:04:38[199]	-154	-128	-222	219.732302871956	0	0	-549	549	30	0
2025-10-31	17:04:38[390]	-148	-127	-218	220.633161037443	0	0	-545	545	30	0
2025-10-31	17:04:38[549]	-146	-128	-217	221.241444314528	0	0	-544	544	30	0
2025-10-31	17:04:38[750]	-149	-126	-215	220.219116125168	0	0	-542	542	30	0
2025-10-31	17:04:38[973]	-151	-125	-224	219.618452947868	0	0	-551	551	30	0
2025-10-31	17:04:39[158]	-150	-131	-214	221.131795961678	0	0	-541	541	30	0
2025-10-31	17:04:39[362]	-151	-127	-219	220.06583565944	0	0	-546	546	30	0
2025-10-31	17:04:39[576]	-148	-135	-219	222.369887336642	0	0	-546	546	30	0
2025-10-31	17:04:39[769]	-151	-132	-221	221.159050974663	0	0	-548	548	30	0
2025-10-31	17:04:39[968]	-145	-125	-221	220.763605200941	0	0	-548	548	30	0
2025-10-31	17:04:40[130]	-153	-126	-223	219.472459848344	0	0	-550	550	30	0
2025-10-31	17:04:40[334]	-155	-124	-216	218.65980825409	0	0	-543	543	30	0
2025-10-31	17:04:40[554]	-151	-128	-214	220.287348310212	0	0	-541	541	30	0
2025-10-31	17:04:40[750]	-145	-130	-219	221.877869537884	0	0	-546	546	30	0
2025-10-31	17:04:40[928]	-150	-123	-219	219.351752626265	0	0	-546	546	30	0
2025-10-31	17:04:41[103]	-148	-128	-223	220.855376258896	0	0	-550	550	30	0
2025-10-31	17:04:41[327]	-147	-127	-215	220.825230108088	0	0	-542	542	30	0
2025-10-31	17:04:41[490]	-148	-127	-223	220.633161037443	0	0	-550	550	30	0
2025-10-31	17:04:41[709]	-155	-125	-221	218.884496433715	0	0	-548	548	30	0
2025-10-31	17:04:41[912]	-151	-119	-217	218.24091887303	0	0	-544	544	30	0
2025-10-31	17:04:42[103]	-152	-129	-220	220.320740839595	0	0	-547	547	30	0
2025-10-31	17:04:42[286]	-151	-122	-217	218.936374631488	0	0	-544	544	30	0
2025-10-31	17:04:42[492]	-152	-126	-218	219.656944241425	0	0	-545	545	30	0
2025-10-31	17:04:42[696]	-144	-129	-215	221.855042535302	0	0	-542	542	30	0
2025-10-31	17:04:44[056]	-545	545	30	135	4817	255	0	0	-129	126
2025-10-31	17:04:44[275]	-154	-125	-222	219.065834540451	0	0	-549	549	30	0
2025-10-31	17:04:44[463]	-147	-129	-214	221.26860300084	0	0	-541	541	30	0
2025-10-31	17:04:45[871]	-543	543	30	135	4817	255	0	0	-129	126
2025-10-31	17:04:46[042]	-151	-127	-216	220.06583565944	0	0	-543	543	30	0
2025-10-31	17:04:46[224]	-151	-134	-219	221.586401725228	0	0	-546	546	30	0
2025-10-31	17:04:46[433]	-152	-128	-221	220.100907546212	0	0	-548	548	30	0
2025-10-31	17:04:46[630]	-146	-127	-218	221.018801343578	0	0	-545	545	30	0
2025-10-31	17:04:46[833]	-145	-124	-216	220.536148818032	0	0	-543	543	30	0
2025-10-31	17:04:47[012]	-155	-129	-223	219.769192824447	0	0	-550	550	30	0
2025-10-31	17:04:47[196]	-152	-124	-220	219.207203504968	0	0	-547	547	30	0
2025-10-31	17:04:47[480]	-149	-124	-222	219.767727121868	0	0	-549	549	30	0
2025-10-31	17:04:47[684]	-149	-121	-216	219.079379285953	0	0	-543	543	30	0
2025-10-31	17:04:47[905]	-140	-125	-220	221.760299703898	0	0	-547	547	30	0
2025-10-31	17:04:49[324]	-549	549	30	135	4817	255	0	0	-129	126
2025-10-31	17:04:49[483]	-149	-126	-220	220.219116125168	0	0	-547	547	30	0
2025-10-31	17:04:49[667]	-147	-125	-226	220.375848671571	0	0	-553	553	30	0
2025-10-31	17:04:49[867]	-148	-124	-221	219.957548930829	0	0	-548	548	30	0
2025-10-31	17:04:50[052]	-152	-125	-222	219.432799647355	0	0	-549	549	30	0
2025-10-31	17:04:51[428]	-545	545	30	135	4817	255	0	0	-129	126
2025-10-31	17:04:51[633]	-154	-133	-220	220.815083874882	0	0	-547	547	30	0
2025-10-31	17:04:51[829]	-157	-125	-218	218.526044031328	0	0	-545	545	30	0
2025-10-31	17:04:52[006]	-150	-127	-223	220.253476856572	0	0	-550	550	30	0
2025-10-31	17:04:53[291]	-546	546	30	135	4817	255	0	0	-129	126
2025-10-31	17:04:53[451]	-150	-132	-222	221.347777219694	0	0	-549	549	30	0
2025-10-31	17:04:53[668]	-154	-132	-216	220.601294645004	0	0	-543	543	30	0
2025-10-31	17:04:53[887]	-150	-128	-219	220.475231527166	0	0	-546	546	30	0
2025-10-31	17:04:54[059]	-152	-126	-221	219.656944241425	0	0	-548	548	30	0
2025-10-31	17:04:54[279]	-155	-123	-224	218.433701379254	0	0	-551	551	30	0
2025-10-31	17:04:54[464]	-146	-127	-220	221.018801343578	0	0	-547	547	30	0
2025-10-31	17:04:54[650]	-145	-126	-218	220.989515329483	0	0	-545	545	30	0
2025-10-31	17:04:54[859]	-151	-130	-224	220.726053902403	0	0	-551	551	30	0
2025-10-31	17:04:55[034]	-150	-127	-224	220.253476856572	0	0	-551	551	30	0
2025-10-31	17:04:55[262]	-153	-123	-220	218.796552098308	0	0	-547	547	30	0
2025-10-31	17:04:55[449]	-147	-125	-221	220.375848671571	0	0	-548	548	30	0
2025-10-31	17:04:56[716]	-547	547	30	135	4817	255	0	0	-129	126
2025-10-31	17:04:58[111]	-549	549	30	135	4817	255	0	0	-129	126
2025-10-31	17:04:58[295]	-148	-126	-220	220.409456814394	0	0	-547	547	30	0
2025-10-31	17:04:58[474]	-147	-125	-221	220.375848671571	0	0	-548	548	30	0
2025-10-31	17:04:58[707]	-153	-130	-217	220.353664508804	0	0	-544	544	30	0
2025-10-31	17:04:58[906]	-152	-124	-218	219.207203504968	0	0	-545	545	30	0
2025-10-31	17:04:59[047]	-144	-129	-213	221.855042535302	0	0	-540	540	30	0
2025-10-31	17:04:59[284]	-150	-124	-219	219.579404716238	0	0	-546	546	30	0
2025-10-31	17:04:59[455]	-151	-127	-217	220.06583565944	0	0	-544	544	30	0
2025-10-31	17:04:59[660]	-150	-127	-211	220.253476856572	0	0	-538	538	30	0
2025-10-31	17:04:59[863]	-148	-127	-220	220.633161037443	0	0	-547	547	30	0
2025-10-31	17:05:00[067]	-147	-126	-220	220.601294645004	0	0	-547	547	30	0
2025-10-31	17:05:00[272]	-151	-123	-219	219.165211003159	0	0	-546	546	30	0
2025-10-31	17:05:00[454]	-149	-126	-220	220.219116125168	0	0	-547	547	30	0
2025-10-31	17:05:00[628]	-149	-127	-216	220.442580980286	0	0	-543	543	30	0
2025-10-31	17:05:00[835]	-148	-127	-213	220.633161037443	0	0	-540	540	30	0
2025-10-31	17:05:01[038]	-145	-127	-218	221.213887964618	0	0	-545	545	30	0
2025-10-31	17:05:01[222]	-148	-119	-215	218.801162686494	0	0	-542	542	30	0
2025-10-31	17:05:01[408]	-150	-127	-222	220.253476856572	0	0	-549	549	30	0
2025-10-31	17:05:01[613]	-148	-130	-221	221.295372557923	0	0	-548	548	30	0
2025-10-31	17:05:03[023]	-548	548	30	135	4817	255	0	0	-129	126
2025-10-31	17:05:03[171]	-156	-124	-219	218.480198248343	0	0	-546	546	30	0
2025-10-31	17:05:03[415]	-152	-124	-217	219.207203504968	0	0	-544	544	30	0
2025-10-31	17:05:03[604]	-148	-123	-223	219.729329248359	0	0	-550	550	30	0
2025-10-31	17:05:04[911]	-542	542	30	135	4817	255	0	0	-129	126
2025-10-31	17:05:05[160]	-151	-119	-221	218.24091887303	0	0	-548	548	30	0
2025-10-31	17:05:05[378]	-147	-127	-215	220.825230108088	0	0	-542	542	30	0
2025-10-31	17:05:05[577]	-149	-128	-214	220.66456991416	0	0	-541	541	30	0
2025-10-31	17:05:05[749]	-149	-128	-225	220.66456991416	0	0	-552	552	30	0
2025-10-31	17:05:05[936]	-147	-130	-220	221.488057348301	0	0	-547	547	30	0
2025-10-31	17:05:06[142]	-150	-129	-220	220.695531039492	0	0	-547	547	30	0
2025-10-31	17:05:06[347]	-153	-126	-220	219.472459848344	0	0	-547	547	30	0
2025-10-31	17:05:06[538]	-147	-125	-218	220.375848671571	0	0	-545	545	30	0
2025-10-31	17:05:06[801]	-147	-127	-218	220.825230108088	0	0	-545	545	30	0
2025-10-31	17:05:07[031]	-153	-126	-219	219.472459848344	0	0	-546	546	30	0
2025-10-31	17:05:07[223]	-145	-128	-222	221.436731937094	0	0	-549	549	30	0
2025-10-31	17:05:07[395]	-150	-129	-219	220.695531039492	0	0	-546	546	30	0
2025-10-31	17:05:07[614]	-147	-127	-221	220.825230108088	0	0	-548	548	30	0
2025-10-31	17:05:07[810]	-151	-126	-221	219.842873026782	0	0	-548	548	30	0
2025-10-31	17:05:08[002]	-149	-130	-219	221.104151986912	0	0	-546	546	30	0
2025-10-31	17:05:08[159]	-149	-125	-221	219.994167447049	0	0	-548	548	30	0
2025-10-31	17:05:08[379]	-146	-127	-223	221.018801343578	0	0	-550	550	30	0
2025-10-31	17:05:08[602]	-153	-123	-219	218.796552098308	0	0	-546	546	30	0
2025-10-31	17:05:08[786]	-151	-123	-220	219.165211003159	0	0	-547	547	30	0
2025-10-31	17:05:08[941]	-148	-131	-211	221.513170228963	0	0	-538	538	30	0
2025-10-31	17:05:09[143]	-150	-126	-216	220.03025927189	0	0	-543	543	30	0
2025-10-31	17:05:09[373]	-151	-131	-219	220.943262138705	0	0	-546	546	30	0
2025-10-31	17:05:09[578]	-151	-127	-217	220.06583565944	0	0	-544	544	30	0
2025-10-31	17:05:09[766]	-147	-128	-220	221.047663417884	0	0	-547	547	30	0
2025-10-31	17:05:09[959]	-147	-131	-221	221.706035012155	0	0	-548	548	30	0
2025-10-31	17:05:10[144]	-151	-122	-218	218.936374631488	0	0	-545	545	30	0
2025-10-31	17:05:10[329]	-146	-128	-223	221.241444314528	0	0	-550	550	30	0
2025-10-31	17:05:10[558]	-160	-121	-221	217.098394059658	0	0	-548	548	30	0
2025-10-31	17:05:10[777]	-153	-128	-223	219.915896590406	0	0	-550	550	30	0
2025-10-31	17:05:10[926]	-151	-122	-221	218.936374631488	0	0	-548	548	30	0
2025-10-31	17:05:11[177]	-149	-122	-221	219.310340650211	0	0	-548	548	30	0
2025-10-31	17:05:11[297]	-145	-127	-224	221.213887964618	0	0	-551	551	30	0
2025-10-31	17:05:11[483]	-145	-126	-218	220.989515329483	0	0	-545	545	30	0
2025-10-31	17:05:11[749]	-152	-126	-219	219.656944241425	0	0	-546	546	30	0
2025-10-31	17:05:11[905]	-150	-124	-224	219.579404716238	0	0	-551	551	30	0
2025-10-31	17:05:12[128]	-154	-125	-220	219.065834540451	0	0	-547	547	30	0
2025-10-31	17:05:12[331]	-150	-129	-222	220.695531039492	0	0	-549	549	30	0
2025-10-31	17:05:12[501]	-149	-131	-222	221.321761278007	0	0	-549	549	30	0
2025-10-31	17:05:12[693]	-148	-128	-218	220.855376258896	0	0	-545	545	30	0
2025-10-31	17:05:12[922]	-147	-125	-218	220.375848671571	0	0	-545	545	30	0
2025-10-31	17:05:13[096]	-149	-127	-218	220.442580980286	0	0	-545	545	30	0
2025-10-31	17:05:13[273]	-146	-120	-217	219.417394243469	0	0	-544	544	30	0
2025-10-31	17:05:13[490]	-152	-129	-221	220.320740839595	0	0	-548	548	30	0
2025-10-31	17:05:13[674]	-150	-129	-217	220.695531039492	0	0	-544	544	30	0
2025-10-31	17:05:13[881]	-147	-123	-219	219.920392139985	0	0	-546	546	30	0
2025-10-31	17:05:14[101]	-147	-130	-221	221.488057348301	0	0	-548	548	30	0
2025-10-31	17:05:14[287]	-148	-123	-221	219.729329248359	0	0	-548	548	30	0
2025-10-31	17:05:14[474]	-153	-126	-222	219.472459848344	0	0	-549	549	30	0
2025-10-31	17:05:14[661]	-151	-130	-215	220.726053902403	0	0	-542	542	30	0
2025-10-31	17:05:14[867]	-146	-122	-220	219.882685150027	0	0	-547	547	30	0
2025-10-31	17:05:15[055]	-156	-129	-221	219.588130847683	0	0	-548	548	30	0
2025-10-31	17:05:15[246]	-145	-125	-218	220.763605200941	0	0	-545	545	30	0
2025-10-31	17:05:15[432]	-148	-130	-216	221.295372557923	0	0	-543	543	30	0
2025-10-31	17:05:15[668]	-153	-126	-216	219.472459848344	0	0	-543	543	30	0
2025-10-31	17:05:15[856]	-147	-123	-222	219.920392139985	0	0	-549	549	30	0
2025-10-31	17:05:16[036]	-149	-124	-218	219.767727121868	0	0	-545	545	30	0
2025-10-31	17:05:16[236]	-152	-123	-220	218.980148731351	0	0	-547	547	30	0
2025-10-31	17:05:16[455]	-156	-128	-219	219.369317242365	0	0	-546	546	30	0
2025-10-31	17:05:16[637]	-147	-129	-210	221.26860300084	0	0	-537	537	30	0
2025-10-31	17:05:16[799]	-143	-123	-213	220.700137179808	0	0	-540	540	30	0
2025-10-31	17:05:17[026]	-153	-123	-219	218.796552098308	0	0	-546	546	30	0
2025-10-31	17:05:17[217]	-154	-125	-216	219.065834540451	0	0	-543	543	30	0
2025-10-31	17:05:17[421]	-151	-127	-220	220.06583565944	0	0	-547	547	30	0
2025-10-31	17:05:17[625]	-146	-129	-213	221.462580570012	0	0	-540	540	30	0
2025-10-31	17:05:17[762]	-152	-127	-224	219.87964445696	0	0	-551	551	30	0
2025-10-31	17:05:17[996]	-151	-127	-215	220.06583565944	0	0	-542	542	30	0
2025-10-31	17:05:18[181]	-144	-125	-218	220.959795981596	0	0	-545	545	30	0
2025-10-31	17:05:18[385]	-148	-127	-217	220.633161037443	0	0	-544	544	30	0
2025-10-31	17:05:18[571]	-146	-128	-219	221.241444314528	0	0	-546	546	30	0
2025-10-31	17:05:19[960]	-545	545	30	135	4817	255	0	0	-129	126
2025-10-31	17:05:20[152]	-150	-126	-214	220.03025927189	0	0	-541	541	30	0
2025-10-31	17:05:20[335]	-148	-123	-216	219.729329248359	0	0	-543	543	30	0
2025-10-31	17:05:20[540]	-150	-126	-217	220.03025927189	0	0	-544	544	30	0
2025-10-31	17:05:20[740]	-153	-121	-219	218.33869836023	0	0	-546	546	30	0
2025-10-31	17:05:20[927]	-148	-128	-222	220.855376258896	0	0	-549	549	30	0
2025-10-31	17:05:21[129]	-146	-126	-215	220.794642998291	0	0	-542	542	30	0
2025-10-31	17:05:21[318]	-145	-129	-213	221.658056142739	0	0	-540	540	30	0
2025-10-31	17:05:21[505]	-143	-126	-213	221.383886103845	0	0	-540	540	30	0
2025-10-31	17:05:21[736]	-147	-123	-222	219.920392139985	0	0	-549	549	30	0
2025-10-31	17:05:21[910]	-146	-129	-214	221.462580570012	0	0	-541	541	30	0
2025-10-31	17:05:22[097]	-146	-128	-217	221.241444314528	0	0	-544	544	30	0
2025-10-31	17:05:22[299]	-150	-125	-218	219.805571092265	0	0	-545	545	30	0
2025-10-31	17:05:22[512]	-149	-124	-215	219.767727121868	0	0	-542	542	30	0
2025-10-31	17:05:22[702]	-144	-127	-217	221.410503259162	0	0	-544	544	30	0
2025-10-31	17:05:24[074]	-539	539	30	135	4817	255	0	0	-129	126
2025-10-31	17:05:24[261]	-148	-123	-213	219.729329248359	0	0	-540	540	30	0
2025-10-31	17:05:25[651]	-549	549	30	135	4817	255	0	0	-129	126
2025-10-31	17:05:25[839]	-153	-124	-216	219.023297617083	0	0	-543	543	30	0
2025-10-31	17:05:25[994]	-150	-127	-220	220.253476856572	0	0	-547	547	30	0
2025-10-31	17:05:26[212]	-148	-128	-213	220.855376258896	0	0	-540	540	30	0
2025-10-31	17:05:26[429]	-148	-124	-215	219.957548930829	0	0	-542	542	30	0
2025-10-31	17:05:26[597]	-146	-124	-219	220.341745890324	0	0	-546	546	30	0
2025-10-31	17:05:26[803]	-148	-119	-220	218.801162686494	0	0	-547	547	30	0
2025-10-31	17:05:27[006]	-145	-129	-218	221.658056142739	0	0	-545	545	30	0
2025-10-31	17:05:27[210]	-153	-128	-220	219.915896590406	0	0	-547	547	30	0
2025-10-31	17:05:27[395]	-152	-121	-225	218.521635420227	0	0	-552	552	30	0
2025-10-31	17:05:27[612]	-145	-124	-216	220.536148818032	0	0	-543	543	30	0
2025-10-31	17:05:27[814]	-147	-130	-222	221.488057348301	0	0	-549	549	30	0
2025-10-31	17:05:28[002]	-152	-127	-217	219.87964445696	0	0	-544	544	30	0
2025-10-31	17:05:28[159]	-146	-124	-222	220.341745890324	0	0	-549	549	30	0
2025-10-31	17:05:28[378]	-147	-126	-217	220.601294645004	0	0	-544	544	30	0
2025-10-31	17:05:28[581]	-149	-123	-221	219.539787407852	0	0	-548	548	30	0
2025-10-31	17:05:28[767]	-152	-122	-219	218.751628334962	0	0	-546	546	30	0
2025-10-31	17:05:28[972]	-148	-123	-215	219.729329248359	0	0	-542	542	30	0
2025-10-31	17:05:29[174]	-149	-127	-224	220.442580980286	0	0	-551	551	30	0
2025-10-31	17:05:29[369]	-152	-127	-210	219.87964445696	0	0	-537	537	30	0
2025-10-31	17:05:29[563]	-150	-124	-222	219.579404716238	0	0	-549	549	30	0
2025-10-31	17:05:29[732]	-150	-128	-223	220.475231527166	0	0	-550	550	30	0
2025-10-31	17:05:29[981]	-142	-130	-218	222.47388308838	0	0	-545	545	30	0
2025-10-31	17:05:30[155]	-149	-123	-215	219.539787407852	0	0	-542	542	30	0
2025-10-31	17:05:31[425]	-538	538	30	135	4817	255	0	0	-129	126
2025-10-31	17:05:31[641]	-155	-126	-214	219.107772382681	0	0	-541	541	30	0
2025-10-31	17:05:32[898]	-548	548	30	135	4817	255	0	0	-129	126
2025-10-31	17:05:33[084]	-152	-125	-216	219.432799647355	0	0	-543	543	30	0
2025-10-31	17:05:33[272]	-148	-123	-212	219.729329248359	0	0	-539	539	30	0
2025-10-31	17:05:33[472]	-144	-128	-221	221.63353933657	0	0	-548	548	30	0
2025-10-31	17:05:33[674]	-150	-128	-218	220.475231527166	0	0	-545	545	30	0
2025-10-31	17:05:35[063]	-542	542	30	135	4817	255	0	0	-129	126
2025-10-31	17:05:35[267]	-149	-128	-224	220.66456991416	0	0	-551	551	30	0
2025-10-31	17:05:35[467]	-147	-129	-220	221.26860300084	0	0	-547	547	30	0
2025-10-31	17:05:35[637]	-151	-126	-218	219.842873026782	0	0	-545	545	30	0
2025-10-31	17:05:35[822]	-147	-130	-223	221.488057348301	0	0	-550	550	30	0
2025-10-31	17:05:36[037]	-151	-125	-214	219.618452947868	0	0	-541	541	30	0
2025-10-31	17:05:36[230]	-152	-127	-223	219.87964445696	0	0	-550	550	30	0
2025-10-31	17:05:36[413]	-149	-125	-225	219.994167447049	0	0	-552	552	30	0
2025-10-31	17:05:36[634]	-150	-125	-227	219.805571092265	0	0	-554	554	30	0
2025-10-31	17:05:36[825]	-151	-131	-212	220.943262138705	0	0	-539	539	30	0
2025-10-31	17:05:37[008]	-152	-130	-219	220.539151741483	0	0	-546	546	30	0
2025-10-31	17:05:37[210]	-142	-128	-215	222.031765970128	0	0	-542	542	30	0
2025-10-31	17:05:37[411]	-145	-128	-223	221.436731937094	0	0	-550	550	30	0
2025-10-31	17:05:37[596]	-151	-131	-221	220.943262138705	0	0	-548	548	30	0
2025-10-31	17:05:37[786]	-151	-133	-227	221.37342821612	0	0	-554	554	30	0
2025-10-31	17:05:37[974]	-147	-125	-222	220.375848671571	0	0	-549	549	30	0
2025-10-31	17:05:38[194]	-151	-129	-227	220.507418520085	0	0	-554	554	30	0
2025-10-31	17:05:38[384]	-153	-128	-222	219.915896590406	0	0	-549	549	30	0
2025-10-31	17:05:38[572]	-145	-121	-225	219.844415682594	0	0	-552	552	30	0
2025-10-31	17:05:38[772]	-143	-129	-214	222.053552619988	0	0	-541	541	30	0
2025-10-31	17:05:38[974]	-148	-122	-219	219.499588529798	0	0	-546	546	30	0
2025-10-31	17:05:40[333]	-550	550	30	135	4817	255	0	0	-129	126
2025-10-31	17:05:41[740]	-547	547	30	135	4817	255	0	0	-129	126
2025-10-31	17:05:41[927]	-147	-125	-222	220.375848671571	0	0	-549	549	30	0
2025-10-31	17:05:42[329]	-148	-133	-219	221.944406542247	0	0	-546	546	30	0
2025-10-31	17:05:42[488]	-150	-129	-223	220.695531039492	0	0	-550	550	30	0
2025-10-31	17:05:42[734]	-154	-126	-224	219.2894068625	0	0	-551	551	30	0
2025-10-31	17:05:42[923]	-150	-130	-223	220.914383220025	0	0	-550	550	30	0
2025-10-31	17:05:43[079]	-147	-127	-218	220.825230108088	0	0	-545	545	30	0
2025-10-31	17:05:43[263]	-152	-127	-221	219.87964445696	0	0	-548	548	30	0
2025-10-31	17:05:43[521]	-149	-130	-221	221.104151986912	0	0	-548	548	30	0
2025-10-31	17:05:43[700]	-150	-125	-222	219.805571092265	0	0	-549	549	30	0
2025-10-31	17:05:43[880]	-150	-129	-220	220.695531039492	0	0	-547	547	30	0
2025-10-31	17:05:44[088]	-152	-132	-222	220.971736333515	0	0	-549	549	30	0
2025-10-31	17:05:44[276]	-151	-125	-221	219.618452947868	0	0	-548	548	30	0
2025-10-31	17:05:44[481]	-147	-128	-219	221.047663417884	0	0	-546	546	30	0
2025-10-31	17:05:44[668]	-147	-126	-216	220.601294645004	0	0	-543	543	30	0
2025-10-31	17:05:44[853]	-150	-126	-216	220.03025927189	0	0	-543	543	30	0
2025-10-31	17:05:45[057]	-151	-127	-220	220.06583565944	0	0	-547	547	30	0
2025-10-31	17:05:46[428]	-549	549	30	135	4817	255	0	0	-129	126
2025-10-31	17:05:46[631]	-146	-128	-216	221.241444314528	0	0	-543	543	30	0
2025-10-31	17:05:46[789]	-152	-123	-221	218.980148731351	0	0	-548	548	30	0
2025-10-31	17:05:47[029]	-152	-126	-214	219.656944241425	0	0	-541	541	30	0
2025-10-31	17:05:47[222]	-150	-128	-219	220.475231527166	0	0	-546	546	30	0
2025-10-31	17:05:47[427]	-150	-125	-216	219.805571092265	0	0	-543	543	30	0
2025-10-31	17:05:47[609]	-148	-131	-221	221.513170228963	0	0	-548	548	30	0
2025-10-31	17:05:47[810]	-148	-125	-218	220.184255462606	0	0	-545	545	30	0
2025-10-31	17:05:48[015]	-148	-124	-220	219.957548930829	0	0	-547	547	30	0
2025-10-31	17:05:48[203]	-149	-128	-219	220.66456991416	0	0	-546	546	30	0
2025-10-31	17:05:48[424]	-148	-127	-217	220.633161037443	0	0	-544	544	30	0
2025-10-31	17:05:48[594]	-151	-129	-217	220.507418520085	0	0	-544	544	30	0
2025-10-31	17:05:48[807]	-151	-129	-222	220.507418520085	0	0	-549	549	30	0
2025-10-31	17:05:49[023]	-151	-124	-223	219.392568039308	0	0	-550	550	30	0
2025-10-31	17:05:49[141]	-151	-122	-217	218.936374631488	0	0	-544	544	30	0
2025-10-31	17:05:49[400]	-154	-130	-215	220.16958004171	0	0	-542	542	30	0
2025-10-31	17:05:49[602]	-150	-126	-221	220.03025927189	0	0	-548	548	30	0
2025-10-31	17:05:50[945]	-551	551	30	135	4817	255	0	0	-129	126
2025-10-31	17:05:51[240]	-151	-125	-217	219.618452947868	0	0	-544	544	30	0
2025-10-31	17:05:51[406]	-149	-125	-220	219.994167447049	0	0	-547	547	30	0
2025-10-31	17:05:51[639]	-154	-126	-221	219.2894068625	0	0	-548	548	30	0
2025-10-31	17:05:51[834]	-149	-127	-223	220.442580980286	0	0	-550	550	30	0
2025-10-31	17:05:52[020]	-150	-123	-221	219.351752626265	0	0	-548	548	30	0
2025-10-31	17:05:52[188]	-150	-118	-221	218.190949820387	0	0	-548	548	30	0
2025-10-31	17:05:52[438]	-149	-124	-219	219.767727121868	0	0	-546	546	30	0
2025-10-31	17:05:52[579]	-148	-123	-223	219.729329248359	0	0	-550	550	30	0
2025-10-31	17:05:52[780]	-150	-129	-222	220.695531039492	0	0	-549	549	30	0
2025-10-31	17:05:53[048]	-151	-130	-224	220.726053902403	0	0	-551	551	30	0
2025-10-31	17:05:53[175]	-148	-126	-219	220.409456814394	0	0	-546	546	30	0
2025-10-31	17:05:53[395]	-153	-127	-220	219.69489039379	0	0	-547	547	30	0
2025-10-31	17:05:53[582]	-150	-124	-220	219.579404716238	0	0	-547	547	30	0
2025-10-31	17:05:53[770]	-143	-131	-222	222.492298272934	0	0	-549	549	30	0
2025-10-31	17:05:53[986]	-149	-124	-227	219.767727121868	0	0	-554	554	30	0
2025-10-31	17:05:54[188]	-150	-134	-219	221.77547739348	0	0	-546	546	30	0
2025-10-31	17:05:54[383]	-153	-129	-220	220.135485562239	0	0	-547	547	30	0
2025-10-31	17:05:54[553]	-146	-126	-221	220.794642998291	0	0	-548	548	30	0
2025-10-31	17:05:54[756]	-150	-127	-220	220.253476856572	0	0	-547	547	30	0
2025-10-31	17:05:54[960]	-152	-128	-221	220.100907546212	0	0	-548	548	30	0
2025-10-31	17:05:55[144]	-148	-121	-218	219.268318979937	0	0	-545	545	30	0
2025-10-31	17:05:55[348]	-150	-124	-225	219.579404716238	0	0	-552	552	30	0
2025-10-31	17:05:55[552]	-151	-124	-222	219.392568039308	0	0	-549	549	30	0
2025-10-31	17:05:55[749]	-149	-125	-222	219.994167447049	0	0	-549	549	30	0
2025-10-31	17:05:55[942]	-149	-122	-220	219.310340650211	0	0	-547	547	30	0
2025-10-31	17:05:56[133]	-151	-124	-221	219.392568039308	0	0	-548	548	30	0
2025-10-31	17:05:56[348]	-155	-129	-222	219.769192824447	0	0	-549	549	30	0
2025-10-31	17:05:56[528]	-149	-124	-218	219.767727121868	0	0	-545	545	30	0
2025-10-31	17:05:56[696]	-148	-130	-222	221.295372557923	0	0	-549	549	30	0
2025-10-31	17:05:56[939]	-152	-128	-224	220.100907546212	0	0	-551	551	30	0
2025-10-31	17:05:57[131]	-148	-126	-217	220.409456814394	0	0	-544	544	30	0
2025-10-31	17:05:57[326]	-147	-125	-222	220.375848671571	0	0	-549	549	30	0
2025-10-31	17:05:57[493]	-153	-127	-220	219.69489039379	0	0	-547	547	30	0
2025-10-31	17:05:57[694]	-152	-126	-222	219.656944241425	0	0	-549	549	30	0
2025-10-31	17:05:57[897]	-146	-129	-217	221.462580570012	0	0	-544	544	30	0
2025-10-31	17:05:58[099]	-154	-123	-223	218.614407487433	0	0	-550	550	30	0
2025-10-31	17:05:58[308]	-149	-130	-222	221.104151986912	0	0	-549	549	30	0
2025-10-31	17:05:58[515]	-149	-129	-220	220.885090901763	0	0	-547	547	30	0
2025-10-31	17:05:58[679]	-151	-122	-222	218.936374631488	0	0	-549	549	30	0
2025-10-31	17:05:58[890]	-153	-127	-220	219.69489039379	0	0	-547	547	30	0
2025-10-31	17:05:59[078]	-152	-125	-222	219.432799647355	0	0	-549	549	30	0
2025-10-31	17:05:59[273]	-151	-122	-221	218.936374631488	0	0	-548	548	30	0
2025-10-31	17:05:59[473]	-148	-128	-219	220.855376258896	0	0	-546	546	30	0
2025-10-31	17:05:59[661]	-150	-132	-226	221.347777219694	0	0	-553	553	30	0
2025-10-31	17:06:01[125]	-550	550	30	135	4817	255	0	0	-129	126
2025-10-31	17:06:01[368]	-148	-130	-224	221.295372557923	0	0	-551	551	30	0
2025-10-31	17:06:01[558]	-146	-125	-222	220.568960687086	0	0	-549	549	30	0
2025-10-31	17:06:01[743]	-153	-127	-219	219.69489039379	0	0	-546	546	30	0
2025-10-31	17:06:01[928]	-154	-123	-220	218.614407487433	0	0	-547	547	30	0
2025-10-31	17:06:02[103]	-145	-128	-216	221.436731937094	0	0	-543	543	30	0
2025-10-31	17:06:02[319]	-148	-132	-217	221.729512076816	0	0	-544	544	30	0
2025-10-31	17:06:02[481]	-150	-127	-222	220.253476856572	0	0	-549	549	30	0
2025-10-31	17:06:02[682]	-152	-122	-222	218.751628334962	0	0	-549	549	30	0
2025-10-31	17:06:02[919]	-153	-130	-215	220.353664508804	0	0	-542	542	30	0
2025-10-31	17:06:03[118]	-152	-129	-217	220.320740839595	0	0	-544	544	30	0
2025-10-31	17:06:04[483]	-551	551	30	135	4817	255	0	0	-129	126
2025-10-31	17:06:04[659]	-144	-131	-222	222.293487132297	0	0	-549	549	30	0
2025-10-31	17:06:04[872]	-149	-128	-220	220.66456991416	0	0	-547	547	30	0
2025-10-31	17:06:05[048]	-146	-125	-220	220.568960687086	0	0	-547	547	30	0
2025-10-31	17:06:05[236]	-149	-130	-219	221.104151986912	0	0	-546	546	30	0
2025-10-31	17:06:05[440]	-150	-130	-225	220.914383220025	0	0	-552	552	30	0
2025-10-31	17:06:05[643]	-151	-126	-224	219.842873026782	0	0	-551	551	30	0
2025-10-31	17:06:05[814]	-149	-129	-212	220.885090901763	0	0	-539	539	30	0
2025-10-31	17:06:06[012]	-149	-128	-223	220.66456991416	0	0	-550	550	30	0
2025-10-31	17:06:06[217]	-154	-132	-223	220.601294645004	0	0	-550	550	30	0
2025-10-31	17:06:06[424]	-149	-126	-223	220.219116125168	0	0	-550	550	30	0
2025-10-31	17:06:06[640]	-149	-125	-222	219.994167447049	0	0	-549	549	30	0
2025-10-31	17:06:06[832]	-150	-127	-222	220.253476856572	0	0	-549	549	30	0
2025-10-31	17:06:07[304]	-150	-124	-217	219.579404716238	0	0	-544	544	30	0
2025-10-31	17:06:08[679]	-548	548	30	135	4817	255	0	0	-129	126
2025-10-31	17:06:08[864]	-153	-132	-220	220.785821477266	0	0	-547	547	30	0
2025-10-31	17:06:09[067]	-147	-126	-212	220.601294645004	0	0	-539	539	30	0
2025-10-31	17:06:09[271]	-149	-125	-218	219.994167447049	0	0	-545	545	30	0
2025-10-31	17:06:09[485]	-151	-126	-222	219.842873026782	0	0	-549	549	30	0
2025-10-31	17:06:09[659]	-144	-128	-220	221.63353933657	0	0	-547	547	30	0
2025-10-31	17:06:09[878]	-150	-127	-217	220.253476856572	0	0	-544	544	30	0
2025-10-31	17:06:10[165]	-146	-128	-219	221.241444314528	0	0	-546	546	30	0
2025-10-31	17:06:10[353]	-153	-131	-221	220.570440701022	0	0	-548	548	30	0
2025-10-31	17:06:10[529]	-153	-127	-221	219.69489039379	0	0	-548	548	30	0
2025-10-31	17:06:10[715]	-155	-133	-223	220.631722565412	0	0	-550	550	30	0
2025-10-31	17:06:10[959]	-146	-122	-222	219.882685150027	0	0	-549	549	30	0
2025-10-31	17:06:11[165]	-148	-126	-222	220.409456814394	0	0	-549	549	30	0
2025-10-31	17:06:11[357]	-144	-129	-218	221.855042535302	0	0	-545	545	30	0
2025-10-31	17:06:11[529]	-147	-124	-216	220.148883904698	0	0	-543	543	30	0
2025-10-31	17:06:11[701]	-152	-132	-221	220.971736333515	0	0	-548	548	30	0
2025-10-31	17:06:11[922]	-146	-127	-220	221.018801343578	0	0	-547	547	30	0
2025-10-31	17:06:12[111]	-153	-124	-217	219.023297617083	0	0	-544	544	30	0
2025-10-31	17:06:12[283]	-153	-124	-220	219.023297617083	0	0	-547	547	30	0
2025-10-31	17:06:12[504]	-149	-125	-222	219.994167447049	0	0	-549	549	30	0
2025-10-31	17:06:12[692]	-152	-127	-219	219.87964445696	0	0	-546	546	30	0
2025-10-31	17:06:12[882]	-149	-126	-222	220.219116125168	0	0	-549	549	30	0
2025-10-31	17:06:13[100]	-152	-132	-220	220.971736333515	0	0	-547	547	30	0
2025-10-31	17:06:13[316]	-148	-125	-224	220.184255462606	0	0	-551	551	30	0
2025-10-31	17:06:13[478]	-151	-122	-222	218.936374631488	0	0	-549	549	30	0
2025-10-31	17:06:13[683]	-149	-125	-218	219.994167447049	0	0	-545	545	30	0
2025-10-31	17:06:13[887]	-156	-125	-219	218.704570572728	0	0	-546	546	30	0
2025-10-31	17:06:14[071]	-144	-131	-218	222.293487132297	0	0	-545	545	30	0
2025-10-31	17:06:14[260]	-147	-125	-217	220.375848671571	0	0	-544	544	30	0
2025-10-31	17:06:14[477]	-147	-123	-220	219.920392139985	0	0	-547	547	30	0
2025-10-31	17:06:14[636]	-150	-121	-219	218.891961681817	0	0	-546	546	30	0
2025-10-31	17:06:14[870]	-150	-123	-216	219.351752626265	0	0	-543	543	30	0
2025-10-31	17:06:15[065]	-149	-127	-218	220.442580980286	0	0	-545	545	30	0
2025-10-31	17:06:15[261]	-150	-121	-217	218.891961681817	0	0	-544	544	30	0
2025-10-31	17:06:15[416]	-149	-123	-218	219.539787407852	0	0	-545	545	30	0
2025-10-31	17:06:15[621]	-148	-120	-215	219.035512898747	0	0	-542	542	30	0
2025-10-31	17:06:15[849]	-150	-128	-222	220.475231527166	0	0	-549	549	30	0
2025-10-31	17:06:16[034]	-147	-127	-225	220.825230108088	0	0	-552	552	30	0
2025-10-31	17:06:16[252]	-146	-129	-219	221.462580570012	0	0	-546	546	30	0
2025-10-31	17:06:16[431]	-151	-127	-220	220.06583565944	0	0	-547	547	30	0
2025-10-31	17:06:16[620]	-153	-128	-220	219.915896590406	0	0	-547	547	30	0
2025-10-31	17:06:16[833]	-147	-126	-217	220.601294645004	0	0	-544	544	30	0
2025-10-31	17:06:17[025]	-153	-123	-222	218.796552098308	0	0	-549	549	30	0
2025-10-31	17:06:17[192]	-152	-127	-215	219.87964445696	0	0	-542	542	30	0
2025-10-31	17:06:18[587]	-544	544	30	135	4817	255	0	0	-129	126
2025-10-31	17:06:18[804]	-154	-129	-216	219.951640322052	0	0	-543	543	30	0
2025-10-31	17:06:19[003]	-154	-127	-217	219.511560692715	0	0	-544	544	30	0
2025-10-31	17:06:19[179]	-147	-128	-224	221.047663417884	0	0	-551	551	30	0
2025-10-31	17:06:19[383]	-148	-125	-220	220.184255462606	0	0	-547	547	30	0
2025-10-31	17:06:19[557]	-150	-128	-216	220.475231527166	0	0	-543	543	30	0
2025-10-31	17:06:19[759]	-152	-126	-218	219.656944241425	0	0	-545	545	30	0
2025-10-31	17:06:19[977]	-149	-121	-219	219.079379285953	0	0	-546	546	30	0
2025-10-31	17:06:20[174]	-152	-127	-218	219.87964445696	0	0	-545	545	30	0
2025-10-31	17:06:20[342]	-150	-126	-220	220.03025927189	0	0	-547	547	30	0
2025-10-31	17:06:20[563]	-151	-122	-217	218.936374631488	0	0	-544	544	30	0
2025-10-31	17:06:20[773]	-152	-123	-218	218.980148731351	0	0	-545	545	30	0
2025-10-31	17:06:20[950]	-145	-124	-218	220.536148818032	0	0	-545	545	30	0
2025-10-31	17:06:21[124]	-150	-127	-223	220.253476856572	0	0	-550	550	30	0
2025-10-31	17:06:21[355]	-148	-121	-216	219.268318979937	0	0	-543	543	30	0
2025-10-31	17:06:21[497]	-147	-129	-214	221.26860300084	0	0	-541	541	30	0
2025-10-31	17:06:21[729]	-145	-125	-218	220.763605200941	0	0	-545	545	30	0
2025-10-31	17:06:21[920]	-149	-126	-214	220.219116125168	0	0	-541	541	30	0
2025-10-31	17:06:22[083]	-154	-128	-222	219.732302871956	0	0	-549	549	30	0
2025-10-31	17:06:22[282]	-151	-126	-220	219.842873026782	0	0	-547	547	30	0
2025-10-31	17:06:22[532]	-147	-125	-219	220.375848671571	0	0	-546	546	30	0
2025-10-31	17:06:22[718]	-148	-127	-211	220.633161037443	0	0	-538	538	30	0
2025-10-31	17:06:22[918]	-148	-121	-220	219.268318979937	0	0	-547	547	30	0
2025-10-31	17:06:23[133]	-150	-126	-220	220.03025927189	0	0	-547	547	30	0
2025-10-31	17:06:23[295]	-151	-127	-218	220.06583565944	0	0	-545	545	30	0
2025-10-31	17:06:23[512]	-147	-130	-214	221.488057348301	0	0	-541	541	30	0
2025-10-31	17:06:23[704]	-150	-125	-221	219.805571092265	0	0	-548	548	30	0
2025-10-31	17:06:23[899]	-153	-123	-220	218.796552098308	0	0	-547	547	30	0
2025-10-31	17:06:24[103]	-150	-123	-214	219.351752626265	0	0	-541	541	30	0
2025-10-31	17:06:24[291]	-146	-132	-221	222.11703654746	0	0	-548	548	30	0
2025-10-31	17:06:24[472]	-145	-131	-220	222.096181134904	0	0	-547	547	30	0
2025-10-31	17:06:24[651]	-144	-122	-217	220.272012181158	0	0	-544	544	30	0
2025-10-31	17:06:24[871]	-145	-133	-222	222.528335238367	0	0	-549	549	30	0
2025-10-31	17:06:25[068]	-147	-121	-221	219.45879522196	0	0	-548	548	30	0
2025-10-31	17:06:25[339]	-148	-120	-214	219.035512898747	0	0	-541	541	30	0
2025-10-31	17:06:25[528]	-150	-123	-216	219.351752626265	0	0	-543	543	30	0
2025-10-31	17:06:25[750]	-147	-128	-217	221.047663417884	0	0	-544	544	30	0
2025-10-31	17:06:25[922]	-149	-131	-216	221.321761278007	0	0	-543	543	30	0
2025-10-31	17:06:26[109]	-152	-128	-216	220.100907546212	0	0	-543	543	30	0
2025-10-31	17:06:26[356]	-149	-123	-221	219.539787407852	0	0	-548	548	30	0
2025-10-31	17:06:26[506]	-147	-125	-214	220.375848671571	0	0	-541	541	30	0
2025-10-31	17:06:26[688]	-148	-123	-214	219.729329248359	0	0	-541	541	30	0
2025-10-31	17:06:26[941]	-150	-121	-215	218.891961681817	0	0	-542	542	30	0
2025-10-31	17:06:27[126]	-149	-130	-217	221.104151986912	0	0	-544	544	30	0
2025-10-31	17:06:28[478]	-547	547	30	135	4817	255	0	0	-129	126
2025-10-31	17:06:28[693]	-152	-125	-217	219.432799647355	0	0	-544	544	30	0
2025-10-31	17:06:28[900]	-153	-125	-223	219.248597909634	0	0	-550	550	30	0
2025-10-31	17:06:29[090]	-148	-125	-217	220.184255462606	0	0	-544	544	30	0
2025-10-31	17:06:29[258]	-147	-122	-216	219.690365256546	0	0	-543	543	30	0
2025-10-31	17:06:29[463]	-147	-129	-220	221.26860300084	0	0	-547	547	30	0
2025-10-31	17:06:29[679]	-148	-129	-219	221.076110677247	0	0	-546	546	30	0
2025-10-31	17:06:29[965]	-150	-135	-215	221.987212495817	0	0	-542	542	30	0
2025-10-31	17:06:30[161]	-149	-126	-219	220.219116125168	0	0	-546	546	30	0
2025-10-31	17:06:30[325]	-147	-130	-213	221.488057348301	0	0	-540	540	30	0
2025-10-31	17:06:30[513]	-151	-126	-219	219.842873026782	0	0	-546	546	30	0
2025-10-31	17:06:30[731]	-145	-128	-218	221.436731937094	0	0	-545	545	30	0
2025-10-31	17:06:30[946]	-154	-126	-219	219.2894068625	0	0	-546	546	30	0
2025-10-31	17:06:31[139]	-149	-134	-216	221.965960353055	0	0	-543	543	30	0
2025-10-31	17:06:31[326]	-151	-129	-217	220.507418520085	0	0	-544	544	30	0
2025-10-31	17:06:31[514]	-148	-122	-220	219.499588529798	0	0	-547	547	30	0
2025-10-31	17:06:31[752]	-154	-127	-225	219.511560692715	0	0	-552	552	30	0
2025-10-31	17:06:31[909]	-150	-126	-222	220.03025927189	0	0	-549	549	30	0
2025-10-31	17:06:32[115]	-149	-130	-221	221.104151986912	0	0	-548	548	30	0
2025-10-31	17:06:32[318]	-150	-128	-223	220.475231527166	0	0	-550	550	30	0
2025-10-31	17:06:32[527]	-148	-127	-222	220.633161037443	0	0	-549	549	30	0
2025-10-31	17:06:32[709]	-149	-127	-221	220.442580980286	0	0	-548	548	30	0
2025-10-31	17:06:32[900]	-150	-125	-218	219.805571092265	0	0	-545	545	30	0
2025-10-31	17:06:33[086]	-150	-126	-220	220.03025927189	0	0	-547	547	30	0
2025-10-31	17:06:33[292]	-152	-127	-220	219.87964445696	0	0	-547	547	30	0
2025-10-31	17:06:33[516]	-149	-126	-218	220.219116125168	0	0	-545	545	30	0
2025-10-31	17:06:33[684]	-146	-129	-222	221.462580570012	0	0	-549	549	30	0
2025-10-31	17:06:34[962]	-542	542	30	135	4817	255	0	0	-129	126
2025-10-31	17:06:35[153]	-143	-126	-219	221.383886103845	0	0	-546	546	30	0
2025-10-31	17:06:35[365]	-153	-131	-218	220.570440701022	0	0	-545	545	30	0
2025-10-31	17:06:35[544]	-147	-130	-223	221.488057348301	0	0	-550	550	30	0
2025-10-31	17:06:36[869]	-545	545	30	135	4817	255	0	0	-129	126
2025-10-31	17:06:37[106]	-145	-129	-217	221.658056142739	0	0	-544	544	30	0
2025-10-31	17:06:37[310]	-148	-124	-222	219.957548930829	0	0	-549	549	30	0
2025-10-31	17:06:37[523]	-149	-128	-225	220.66456991416	0	0	-552	552	30	0
2025-10-31	17:06:37[713]	-150	-127	-215	220.253476856572	0	0	-542	542	30	0
2025-10-31	17:06:37[888]	-150	-130	-219	220.914383220025	0	0	-546	546	30	0
2025-10-31	17:06:38[112]	-152	-125	-222	219.432799647355	0	0	-549	549	30	0
2025-10-31	17:06:38[293]	-150	-126	-219	220.03025927189	0	0	-546	546	30	0
2025-10-31	17:06:38[481]	-148	-129	-216	221.076110677247	0	0	-543	543	30	0
2025-10-31	17:06:38[670]	-154	-123	-218	218.614407487433	0	0	-545	545	30	0
2025-10-31	17:06:40[040]	-547	547	30	135	4817	255	0	0	-129	126
2025-10-31	17:06:40[244]	-149	-130	-223	221.104151986912	0	0	-550	550	30	0
2025-10-31	17:06:40[459]	-149	-125	-219	219.994167447049	0	0	-546	546	30	0
2025-10-31	17:06:40[662]	-154	-123	-217	218.614407487433	0	0	-544	544	30	0
2025-10-31	17:06:40[915]	-152	-129	-216	220.320740839595	0	0	-543	543	30	0
2025-10-31	17:06:41[129]	-150	-127	-220	220.253476856572	0	0	-547	547	30	0
2025-10-31	17:06:42[492]	-551	551	30	135	4817	255	0	0	-129	126
2025-10-31	17:06:42[697]	-149	-129	-226	220.885090901763	0	0	-553	553	30	0
2025-10-31	17:06:42[883]	-148	-127	-219	220.633161037443	0	0	-546	546	30	0
2025-10-31	17:06:43[090]	-146	-125	-221	220.568960687086	0	0	-548	548	30	0
2025-10-31	17:06:43[272]	-155	-127	-220	219.329642656106	0	0	-547	547	30	0
2025-10-31	17:06:43[486]	-148	-127	-218	220.633161037443	0	0	-545	545	30	0
2025-10-31	17:06:43[679]	-145	-127	-214	221.213887964618	0	0	-541	541	30	0
2025-10-31	17:06:43[892]	-154	-127	-220	219.511560692715	0	0	-547	547	30	0
2025-10-31	17:06:44[067]	-146	-123	-219	220.112990165078	0	0	-546	546	30	0
2025-10-31	17:06:44[269]	-152	-125	-219	219.432799647355	0	0	-546	546	30	0
2025-10-31	17:06:44[467]	-149	-125	-216	219.994167447049	0	0	-543	543	30	0
2025-10-31	17:06:44[671]	-148	-126	-218	220.409456814394	0	0	-545	545	30	0
2025-10-31	17:06:46[021]	-543	543	30	135	4817	255	0	0	-129	126
2025-10-31	17:06:46[206]	-149	-126	-219	220.219116125168	0	0	-546	546	30	0
2025-10-31	17:06:46[427]	-149	-127	-221	220.442580980286	0	0	-548	548	30	0
2025-10-31	17:06:47[796]	-547	547	30	135	4817	255	0	0	-129	126
2025-10-31	17:06:48[016]	-150	-127	-218	220.253476856572	0	0	-545	545	30	0
2025-10-31	17:06:48[216]	-147	-129	-216	221.26860300084	0	0	-543	543	30	0
2025-10-31	17:06:48[402]	-153	-127	-214	219.69489039379	0	0	-541	541	30	0
2025-10-31	17:06:48[573]	-151	-125	-218	219.618452947868	0	0	-545	545	30	0
2025-10-31	17:06:48[799]	-147	-127	-217	220.825230108088	0	0	-544	544	30	0
2025-10-31	17:06:48[965]	-148	-124	-220	219.957548930829	0	0	-547	547	30	0
2025-10-31	17:06:49[169]	-147	-125	-215	220.375848671571	0	0	-542	542	30	0
2025-10-31	17:06:49[357]	-152	-128	-225	220.100907546212	0	0	-552	552	30	0
2025-10-31	17:06:49[557]	-151	-125	-220	219.618452947868	0	0	-547	547	30	0
2025-10-31	17:06:49[762]	-152	-126	-220	219.656944241425	0	0	-547	547	30	0
2025-10-31	17:06:49[965]	-149	-121	-215	219.079379285953	0	0	-542	542	30	0
2025-10-31	17:06:50[152]	-147	-130	-227	221.488057348301	0	0	-554	554	30	0
2025-10-31	17:06:50[325]	-148	-128	-223	220.855376258896	0	0	-550	550	30	0
2025-10-31	17:06:50[509]	-148	-124	-223	219.957548930829	0	0	-550	550	30	0
2025-10-31	17:06:50[729]	-147	-129	-220	221.26860300084	0	0	-547	547	30	0
2025-10-31	17:06:50[962]	-152	-127	-225	219.87964445696	0	0	-552	552	30	0
2025-10-31	17:06:51[135]	-153	-126	-220	219.472459848344	0	0	-547	547	30	0
2025-10-31	17:06:51[340]	-149	-131	-221	221.321761278007	0	0	-548	548	30	0
2025-10-31	17:06:51[514]	-153	-122	-226	218.568354573556	0	0	-553	553	30	0
2025-10-31	17:06:51[716]	-149	-126	-222	220.219116125168	0	0	-549	549	30	0
2025-10-31	17:06:53[112]	-549	549	30	135	4817	255	0	0	-129	126
2025-10-31	17:06:53[297]	-145	-125	-219	220.763605200941	0	0	-546	546	30	0
2025-10-31	17:06:53[481]	-152	-128	-221	220.100907546212	0	0	-548	548	30	0
2025-10-31	17:06:53[701]	-151	-119	-223	218.24091887303	0	0	-550	550	30	0
2025-10-31	17:06:53[875]	-149	-124	-219	219.767727121868	0	0	-546	546	30	0
2025-10-31	17:06:54[085]	-149	-125	-219	219.994167447049	0	0	-546	546	30	0
2025-10-31	17:06:54[278]	-148	-124	-223	219.957548930829	0	0	-550	550	30	0
2025-10-31	17:06:54[436]	-146	-130	-220	221.682218831665	0	0	-547	547	30	0
2025-10-31	17:06:54[665]	-153	-128	-219	219.915896590406	0	0	-546	546	30	0
2025-10-31	17:06:54[856]	-150	-126	-220	220.03025927189	0	0	-547	547	30	0
2025-10-31	17:06:55[039]	-147	-131	-220	221.706035012155	0	0	-547	547	30	0
2025-10-31	17:06:55[240]	-147	-127	-217	220.825230108088	0	0	-544	544	30	0
2025-10-31	17:06:55[445]	-146	-124	-223	220.341745890324	0	0	-550	550	30	0
2025-10-31	17:06:55[630]	-147	-124	-224	220.148883904698	0	0	-551	551	30	0
2025-10-31	17:06:55[852]	-152	-124	-221	219.207203504968	0	0	-548	548	30	0
2025-10-31	17:06:56[029]	-152	-129	-222	220.320740839595	0	0	-549	549	30	0
2025-10-31	17:06:56[222]	-148	-131	-219	221.513170228963	0	0	-546	546	30	0
2025-10-31	17:06:57[606]	-551	551	30	135	4817	255	0	0	-129	126
2025-10-31	17:06:57[806]	-152	-125	-221	219.432799647355	0	0	-548	548	30	0
2025-10-31	17:06:58[013]	-151	-129	-220	220.507418520085	0	0	-547	547	30	0
2025-10-31	17:06:58[205]	-149	-120	-223	218.846895848803	0	0	-550	550	30	0
2025-10-31	17:06:58[407]	-155	-124	-221	218.65980825409	0	0	-548	548	30	0
2025-10-31	17:06:58[583]	-151	-122	-220	218.936374631488	0	0	-547	547	30	0
2025-10-31	17:06:58[781]	-156	-133	-224	220.449718862336	0	0	-551	551	30	0
2025-10-31	17:06:58[953]	-148	-126	-214	220.409456814394	0	0	-541	541	30	0
2025-10-31	17:06:59[159]	-152	-121	-222	218.521635420227	0	0	-549	549	30	0
2025-10-31	17:06:59[361]	-152	-129	-221	220.320740839595	0	0	-548	548	30	0
2025-10-31	17:06:59[549]	-152	-126	-217	219.656944241425	0	0	-544	544	30	0
2025-10-31	17:06:59[738]	-149	-124	-217	219.767727121868	0	0	-544	544	30	0
2025-10-31	17:06:59[942]	-149	-125	-225	219.994167447049	0	0	-552	552	30	0
2025-10-31	17:07:00[145]	-151	-124	-216	219.392568039308	0	0	-543	543	30	0
2025-10-31	17:07:00[335]	-149	-125	-221	219.994167447049	0	0	-548	548	30	0
2025-10-31	17:07:00[543]	-152	-126	-218	219.656944241425	0	0	-545	545	30	0
2025-10-31	17:07:00[743]	-150	-124	-220	219.579404716238	0	0	-547	547	30	0
2025-10-31	17:07:00[934]	-149	-126	-215	220.219116125168	0	0	-542	542	30	0
2025-10-31	17:07:01[121]	-149	-124	-226	219.767727121868	0	0	-553	553	30	0
2025-10-31	17:07:01[325]	-154	-124	-218	218.840836970857	0	0	-545	545	30	0
2025-10-31	17:07:01[545]	-146	-128	-215	221.241444314528	0	0	-542	542	30	0
2025-10-31	17:07:01[728]	-152	-127	-216	219.87964445696	0	0	-543	543	30	0
2025-10-31	17:07:01[922]	-153	-127	-220	219.69489039379	0	0	-547	547	30	0
2025-10-31	17:07:02[108]	-151	-126	-222	219.842873026782	0	0	-549	549	30	0
2025-10-31	17:07:02[326]	-154	-129	-222	219.951640322052	0	0	-549	549	30	0
2025-10-31	17:07:03[688]	-544	544	30	135	4817	255	0	0	-129	126
2025-10-31	17:07:03[877]	-146	-128	-220	221.241444314528	0	0	-547	547	30	0
2025-10-31	17:07:05[246]	-548	548	30	135	4817	255	0	0	-129	126
2025-10-31	17:07:05[454]	-151	-125	-220	219.618452947868	0	0	-547	547	30	0
2025-10-31	17:07:05[633]	-150	-126	-217	220.03025927189	0	0	-544	544	30	0
2025-10-31	17:07:05[834]	-147	-128	-217	221.047663417884	0	0	-544	544	30	0
2025-10-31	17:07:06[024]	-152	-126	-220	219.656944241425	0	0	-547	547	30	0
2025-10-31	17:07:06[245]	-150	-122	-221	219.122607393357	0	0	-548	548	30	0
2025-10-31	17:07:06[417]	-150	-128	-220	220.475231527166	0	0	-547	547	30	0
2025-10-31	17:07:06[625]	-149	-128	-219	220.66456991416	0	0	-546	546	30	0
2025-10-31	17:07:06[810]	-149	-126	-221	220.219116125168	0	0	-548	548	30	0
2025-10-31	17:07:07[002]	-148	-129	-215	221.076110677247	0	0	-542	542	30	0
2025-10-31	17:07:07[218]	-144	-125	-219	220.959795981596	0	0	-546	546	30	0
2025-10-31	17:07:07[406]	-149	-123	-218	219.539787407852	0	0	-545	545	30	0
2025-10-31	17:07:07[620]	-151	-128	-221	220.287348310212	0	0	-548	548	30	0
2025-10-31	17:07:07[807]	-150	-124	-223	219.579404716238	0	0	-550	550	30	0
2025-10-31	17:07:07[964]	-150	-131	-220	221.131795961678	0	0	-547	547	30	0
2025-10-31	17:07:09[403]	-551	551	30	135	4817	255	0	0	-129	126
2025-10-31	17:07:09[563]	-150	-131	-218	221.131795961678	0	0	-545	545	30	0
2025-10-31	17:07:09[764]	-153	-132	-218	220.785821477266	0	0	-545	545	30	0
2025-10-31	17:07:09[939]	-149	-124	-218	219.767727121868	0	0	-545	545	30	0
2025-10-31	17:07:10[144]	-143	-126	-219	221.383886103845	0	0	-546	546	30	0
2025-10-31	17:07:10[331]	-150	-127	-221	220.253476856572	0	0	-548	548	30	0
2025-10-31	17:07:10[520]	-151	-121	-217	218.706051811049	0	0	-544	544	30	0
2025-10-31	17:07:10[727]	-147	-128	-218	221.047663417884	0	0	-545	545	30	0
2025-10-31	17:07:10[924]	-147	-128	-224	221.047663417884	0	0	-551	551	30	0
2025-10-31	17:07:11[110]	-147	-131	-215	221.706035012155	0	0	-542	542	30	0
2025-10-31	17:07:11[343]	-150	-129	-218	220.695531039492	0	0	-545	545	30	0
2025-10-31	17:07:11[528]	-152	-122	-216	218.751628334962	0	0	-543	543	30	0
2025-10-31	17:07:11[720]	-153	-126	-219	219.472459848344	0	0	-546	546	30	0
2025-10-31	17:07:11[891]	-149	-127	-223	220.442580980286	0	0	-550	550	30	0
2025-10-31	17:07:13[280]	-546	546	30	135	4817	255	0	0	-129	126
2025-10-31	17:07:13[472]	-153	-124	-219	219.023297617083	0	0	-546	546	30	0
2025-10-31	17:07:13[684]	-152	-126	-220	219.656944241425	0	0	-547	547	30	0
2025-10-31	17:07:13[888]	-153	-125	-218	219.248597909634	0	0	-545	545	30	0
2025-10-31	17:07:14[076]	-150	-121	-218	218.891961681817	0	0	-545	545	30	0
2025-10-31	17:07:14[282]	-149	-124	-214	219.767727121868	0	0	-541	541	30	0
2025-10-31	17:07:14[492]	-150	-132	-216	221.347777219694	0	0	-543	543	30	0
2025-10-31	17:07:14[642]	-154	-127	-219	219.511560692715	0	0	-546	546	30	0
2025-10-31	17:07:14[841]	-153	-125	-219	219.248597909634	0	0	-546	546	30	0
2025-10-31	17:07:15[044]	-152	-118	-222	217.822754149145	0	0	-549	549	30	0
2025-10-31	17:07:15[247]	-147	-130	-219	221.488057348301	0	0	-546	546	30	0
2025-10-31	17:07:15[454]	-156	-125	-220	218.704570572728	0	0	-547	547	30	0
2025-10-31	17:07:15[605]	-153	-126	-215	219.472459848344	0	0	-542	542	30	0
2025-10-31	17:07:15[859]	-150	-125	-222	219.805571092265	0	0	-549	549	30	0
2025-10-31	17:07:16[029]	-150	-124	-217	219.579404716238	0	0	-544	544	30	0
2025-10-31	17:07:16[245]	-150	-129	-219	220.695531039492	0	0	-546	546	30	0
2025-10-31	17:07:16[419]	-148	-126	-217	220.409456814394	0	0	-544	544	30	0
2025-10-31	17:07:16[632]	-150	-129	-216	220.695531039492	0	0	-543	543	30	0
2025-10-31	17:07:16[840]	-153	-127	-216	219.69489039379	0	0	-543	543	30	0
2025-10-31	17:07:17[015]	-150	-126	-221	220.03025927189	0	0	-548	548	30	0
2025-10-31	17:07:18[401]	-545	545	30	135	4817	255	0	0	-129	126
2025-10-31	17:07:18[591]	-150	-129	-224	220.695531039492	0	0	-551	551	30	0
2025-10-31	17:07:18[805]	-150	-120	-219	218.65980825409	0	0	-546	546	30	0
2025-10-31	17:07:18[969]	-147	-127	-220	220.825230108088	0	0	-547	547	30	0
2025-10-31	17:07:19[199]	-149	-125	-213	219.994167447049	0	0	-540	540	30	0
2025-10-31	17:07:19[369]	-149	-129	-218	220.885090901763	0	0	-545	545	30	0
2025-10-31	17:07:19[544]	-157	-126	-220	218.748707763065	0	0	-547	547	30	0
2025-10-31	17:07:19[777]	-146	-125	-219	220.568960687086	0	0	-546	546	30	0
2025-10-31	17:07:19[978]	-151	-125	-217	219.618452947868	0	0	-544	544	30	0
2025-10-31	17:07:20[165]	-151	-129	-219	220.507418520085	0	0	-546	546	30	0
2025-10-31	17:07:20[346]	-151	-124	-212	219.392568039308	0	0	-539	539	30	0
2025-10-31	17:07:20[528]	-146	-130	-216	221.682218831665	0	0	-543	543	30	0
2025-10-31	17:07:20[735]	-155	-131	-221	220.203201033164	0	0	-548	548	30	0
2025-10-31	17:07:20[938]	-156	-119	-220	217.337131158161	0	0	-547	547	30	0
2025-10-31	17:07:21[111]	-150	-125	-215	219.805571092265	0	0	-542	542	30	0
2025-10-31	17:07:21[314]	-156	-121	-221	217.798623261595	0	0	-548	548	30	0
2025-10-31	17:07:21[518]	-152	-128	-220	220.100907546212	0	0	-547	547	30	0
2025-10-31	17:07:22[903]	-546	546	30	135	4817	255	0	0	-129	126
2025-10-31	17:07:23[103]	-149	-128	-218	220.66456991416	0	0	-545	545	30	0
2025-10-31	17:07:23[327]	-148	-122	-214	219.499588529798	0	0	-541	541	30	0
2025-10-31	17:07:23[483]	-150	-127	-219	220.253476856572	0	0	-546	546	30	0
2025-10-31	17:07:23[689]	-151	-124	-218	219.392568039308	0	0	-545	545	30	0
2025-10-31	17:07:23[869]	-154	-126	-220	219.2894068625	0	0	-547	547	30	0
2025-10-31	17:07:24[046]	-153	-124	-214	219.023297617083	0	0	-541	541	30	0
2025-10-31	17:07:24[251]	-148	-124	-218	219.957548930829	0	0	-545	545	30	0
2025-10-31	17:07:24[467]	-150	-125	-217	219.805571092265	0	0	-544	544	30	0
2025-10-31	17:07:24[680]	-148	-124	-217	219.957548930829	0	0	-544	544	30	0
2025-10-31	17:07:24[877]	-144	-122	-219	220.272012181158	0	0	-546	546	30	0
2025-10-31	17:07:25[058]	-153	-124	-218	219.023297617083	0	0	-545	545	30	0
2025-10-31	17:07:25[250]	-152	-128	-221	220.100907546212	0	0	-548	548	30	0
2025-10-31	17:07:25[997]	-146	-125	-217	220.568960687086	0	0	-544	544	30	0
2025-10-31	17:07:26[232]	-150	-129	-213	220.695531039492	0	0	-540	540	30	0
2025-10-31	17:07:26[451]	-147	-130	-215	221.488057348301	0	0	-542	542	30	0
2025-10-31	17:07:26[634]	-150	-127	-218	220.253476856572	0	0	-545	545	30	0
2025-10-31	17:07:26[799]	-149	-124	-222	219.767727121868	0	0	-549	549	30	0
2025-10-31	17:07:27[003]	-149	-128	-217	220.66456991416	0	0	-544	544	30	0
2025-10-31	17:07:28[349]	-548	548	30	135	4817	255	0	0	-129	126
2025-10-31	17:07:28[472]	-151	-127	-220	220.06583565944	0	0	-547	547	30	0
2025-10-31	17:07:29[865]	-549	549	30	135	4817	255	0	0	-129	126
2025-10-31	17:07:30[055]	-152	-126	-219	219.656944241425	0	0	-546	546	30	0
2025-10-31	17:07:30[249]	-142	-127	-222	221.808373343446	0	0	-549	549	30	0
2025-10-31	17:07:30[415]	-147	-130	-221	221.488057348301	0	0	-548	548	30	0
2025-10-31	17:07:30[631]	-148	-125	-219	220.184255462606	0	0	-546	546	30	0
2025-10-31	17:07:30[846]	-147	-130	-223	221.488057348301	0	0	-550	550	30	0
2025-10-31	17:07:31[028]	-151	-125	-221	219.618452947868	0	0	-548	548	30	0
2025-10-31	17:07:31[234]	-151	-121	-219	218.706051811049	0	0	-546	546	30	0
2025-10-31	17:07:31[447]	-151	-125	-220	219.618452947868	0	0	-547	547	30	0
2025-10-31	17:07:31[613]	-151	-122	-217	218.936374631488	0	0	-544	544	30	0
2025-10-31	17:07:31[802]	-148	-131	-217	221.513170228963	0	0	-544	544	30	0
2025-10-31	17:07:32[016]	-151	-130	-223	220.726053902403	0	0	-550	550	30	0
2025-10-31	17:07:32[220]	-152	-127	-217	219.87964445696	0	0	-544	544	30	0
2025-10-31	17:07:32[405]	-151	-124	-223	219.392568039308	0	0	-550	550	30	0
2025-10-31	17:07:32[599]	-149	-131	-222	221.321761278007	0	0	-549	549	30	0
2025-10-31	17:07:32[813]	-153	-124	-225	219.023297617083	0	0	-552	552	30	0
2025-10-31	17:07:32[990]	-149	-127	-223	220.442580980286	0	0	-550	550	30	0
2025-10-31	17:07:33[175]	-149	-130	-219	221.104151986912	0	0	-546	546	30	0
2025-10-31	17:07:33[380]	-153	-132	-217	220.785821477266	0	0	-544	544	30	0
2025-10-31	17:07:33[567]	-149	-124	-220	219.767727121868	0	0	-547	547	30	0
2025-10-31	17:07:33[753]	-150	-123	-221	219.351752626265	0	0	-548	548	30	0
2025-10-31	17:07:33[974]	-146	-128	-225	221.241444314528	0	0	-552	552	30	0
2025-10-31	17:07:34[164]	-147	-126	-217	220.601294645004	0	0	-544	544	30	0
2025-10-31	17:07:34[375]	-150	-122	-220	219.122607393357	0	0	-547	547	30	0
2025-10-31	17:07:34[566]	-152	-125	-219	219.432799647355	0	0	-546	546	30	0
2025-10-31	17:07:34[755]	-155	-132	-217	220.418144135592	0	0	-544	544	30	0
2025-10-31	17:07:34[943]	-145	-130	-219	221.877869537884	0	0	-546	546	30	0
2025-10-31	17:07:35[131]	-150	-128	-224	220.475231527166	0	0	-551	551	30	0
2025-10-31	17:07:35[333]	-151	-126	-222	219.842873026782	0	0	-549	549	30	0
2025-10-31	17:07:35[534]	-149	-130	-220	221.104151986912	0	0	-547	547	30	0
2025-10-31	17:07:35[738]	-151	-122	-219	218.936374631488	0	0	-546	546	30	0
2025-10-31	17:07:35[924]	-149	-127	-220	220.442580980286	0	0	-547	547	30	0
2025-10-31	17:07:36[112]	-155	-127	-217	219.329642656106	0	0	-544	544	30	0
2025-10-31	17:07:36[317]	-153	-128	-224	219.915896590406	0	0	-551	551	30	0
2025-10-31	17:07:36[502]	-151	-122	-224	218.936374631488	0	0	-551	551	30	0
2025-10-31	17:07:36[707]	-151	-128	-222	220.287348310212	0	0	-549	549	30	0
2025-10-31	17:07:36[910]	-149	-126	-220	220.219116125168	0	0	-547	547	30	0
2025-10-31	17:07:37[128]	-148	-131	-220	221.513170228963	0	0	-547	547	30	0
2025-10-31	17:07:37[315]	-149	-122	-220	219.310340650211	0	0	-547	547	30	0
2025-10-31	17:07:37[507]	-153	-127	-218	219.69489039379	0	0	-545	545	30	0
2025-10-31	17:07:37[691]	-150	-127	-219	220.253476856572	0	0	-546	546	30	0
2025-10-31	17:07:37[879]	-154	-131	-218	220.386129102512	0	0	-545	545	30	0
2025-10-31	17:07:38[083]	-151	-130	-218	220.726053902403	0	0	-545	545	30	0
2025-10-31	17:07:38[272]	-147	-128	-219	221.047663417884	0	0	-546	546	30	0
2025-10-31	17:07:38[494]	-153	-124	-217	219.023297617083	0	0	-544	544	30	0
2025-10-31	17:07:38[662]	-155	-124	-219	218.65980825409	0	0	-546	546	30	0
2025-10-31	17:07:38[883]	-148	-125	-213	220.184255462606	0	0	-540	540	30	0
2025-10-31	17:07:39[055]	-151	-121	-220	218.706051811049	0	0	-547	547	30	0
2025-10-31	17:07:39[275]	-154	-129	-225	219.951640322052	0	0	-552	552	30	0
2025-10-31	17:07:39[477]	-152	-126	-218	219.656944241425	0	0	-545	545	30	0
2025-10-31	17:07:39[629]	-146	-129	-217	221.462580570012	0	0	-544	544	30	0
2025-10-31	17:07:39[833]	-153	-125	-221	219.248597909634	0	0	-548	548	30	0
2025-10-31	17:07:40[054]	-150	-130	-220	220.914383220025	0	0	-547	547	30	0
2025-10-31	17:07:40[240]	-147	-128	-220	221.047663417884	0	0	-547	547	30	0
2025-10-31	17:07:40[427]	-154	-129	-218	219.951640322052	0	0	-545	545	30	0
2025-10-31	17:07:40[645]	-152	-127	-217	219.87964445696	0	0	-544	544	30	0
2025-10-31	17:07:40[814]	-151	-123	-221	219.165211003159	0	0	-548	548	30	0
2025-10-31	17:07:41[018]	-152	-128	-219	220.100907546212	0	0	-546	546	30	0
2025-10-31	17:07:41[207]	-150	-126	-229	220.03025927189	0	0	-556	556	30	0
2025-10-31	17:07:41[441]	-149	-125	-218	219.994167447049	0	0	-545	545	30	0
2025-10-31	17:07:41[622]	-151	-128	-215	220.287348310212	0	0	-542	542	30	0
2025-10-31	17:07:41[826]	-150	-129	-217	220.695531039492	0	0	-544	544	30	0
2025-10-31	17:07:42[014]	-149	-126	-220	220.219116125168	0	0	-547	547	30	0
2025-10-31	17:07:42[191]	-147	-128	-221	221.047663417884	0	0	-548	548	30	0
2025-10-31	17:07:42[411]	-150	-126	-213	220.03025927189	0	0	-540	540	30	0
2025-10-31	17:07:43[755]	-544	544	30	135	4817	255	0	0	-129	126
2025-10-31	17:07:43[972]	-148	-127	-215	220.633161037443	0	0	-542	542	30	0
2025-10-31	17:07:45[359]	-546	546	30	135	4817	255	0	0	-129	126
2025-10-31	17:07:45[560]	-153	-126	-220	219.472459848344	0	0	-547	547	30	0
2025-10-31	17:07:47[110]	-549	549	30	135	4817	255	0	0	-129	126
2025-10-31	17:07:47[299]	-149	-129	-220	220.885090901763	0	0	-547	547	30	0
2025-10-31	17:07:47[502]	-148	-129	-217	221.076110677247	0	0	-544	544	30	0
2025-10-31	17:07:47[691]	-148	-129	-223	221.076110677247	0	0	-550	550	30	0
2025-10-31	17:07:47[911]	-146	-128	-221	221.241444314528	0	0	-548	548	30	0
2025-10-31	17:07:48[099]	-147	-123	-220	219.920392139985	0	0	-547	547	30	0
2025-10-31	17:07:48[288]	-149	-123	-215	219.539787407852	0	0	-542	542	30	0
2025-10-31	17:07:48[477]	-145	-124	-219	220.536148818032	0	0	-546	546	30	0
2025-10-31	17:07:48[650]	-152	-125	-225	219.432799647355	0	0	-552	552	30	0
2025-10-31	17:07:48[867]	-147	-124	-221	220.148883904698	0	0	-548	548	30	0
2025-10-31	17:07:49[057]	-147	-127	-219	220.825230108088	0	0	-546	546	30	0
2025-10-31	17:07:49[276]	-151	-124	-221	219.392568039308	0	0	-548	548	30	0
2025-10-31	17:07:49[450]	-151	-126	-215	219.842873026782	0	0	-542	542	30	0
2025-10-31	17:07:49[654]	-150	-126	-222	220.03025927189	0	0	-549	549	30	0
2025-10-31	17:07:49[858]	-151	-130	-221	220.726053902403	0	0	-548	548	30	0
2025-10-31	17:07:50[066]	-157	-128	-216	219.189900572281	0	0	-543	543	30	0
2025-10-31	17:07:50[250]	-148	-121	-217	219.268318979937	0	0	-544	544	30	0
2025-10-31	17:07:50[422]	-145	-127	-215	221.213887964618	0	0	-542	542	30	0
2025-10-31	17:07:51[801]	-548	548	30	135	4817	255	0	0	-129	126
2025-10-31	17:07:51[988]	-149	-129	-225	220.885090901763	0	0	-552	552	30	0
2025-10-31	17:07:52[194]	-148	-132	-216	221.729512076816	0	0	-543	543	30	0
2025-10-31	17:07:52[398]	-157	-125	-218	218.526044031328	0	0	-545	545	30	0
2025-10-31	17:07:52[599]	-147	-120	-223	219.225674097337	0	0	-550	550	30	0
2025-10-31	17:07:52[768]	-152	-124	-223	219.207203504968	0	0	-550	550	30	0
2025-10-31	17:07:53[006]	-151	-131	-222	220.943262138705	0	0	-549	549	30	0
2025-10-31	17:07:53[179]	-147	-125	-219	220.375848671571	0	0	-546	546	30	0
2025-10-31	17:07:53[382]	-149	-127	-219	220.442580980286	0	0	-546	546	30	0
2025-10-31	17:07:53[569]	-148	-129	-216	221.076110677247	0	0	-543	543	30	0
2025-10-31	17:07:53[781]	-150	-128	-223	220.475231527166	0	0	-550	550	30	0
2025-10-31	17:07:53[983]	-148	-131	-217	221.513170228963	0	0	-544	544	30	0
2025-10-31	17:07:55[339]	-541	541	30	135	4817	255	0	0	-129	126
2025-10-31	17:07:55[554]	-149	-125	-215	219.994167447049	0	0	-542	542	30	0
2025-10-31	17:07:55[850]	-147	-128	-215	221.047663417884	0	0	-542	542	30	0
2025-10-31	17:07:56[046]	-153	-128	-220	219.915896590406	0	0	-547	547	30	0
2025-10-31	17:07:56[204]	-146	-129	-220	221.462580570012	0	0	-547	547	30	0
2025-10-31	17:07:56[430]	-150	-132	-222	221.347777219694	0	0	-549	549	30	0
2025-10-31	17:07:56[614]	-147	-125	-220	220.375848671571	0	0	-547	547	30	0
2025-10-31	17:07:56[803]	-149	-127	-218	220.442580980286	0	0	-545	545	30	0
2025-10-31	17:07:57[012]	-148	-124	-219	219.957548930829	0	0	-546	546	30	0
2025-10-31	17:07:57[196]	-149	-123	-221	219.539787407852	0	0	-548	548	30	0
2025-10-31	17:07:57[396]	-152	-126	-224	219.656944241425	0	0	-551	551	30	0
2025-10-31	17:07:57[599]	-151	-129	-221	220.507418520085	0	0	-548	548	30	0
2025-10-31	17:07:57[831]	-148	-127	-217	220.633161037443	0	0	-544	544	30	0
2025-10-31	17:07:57[975]	-147	-123	-219	219.920392139985	0	0	-546	546	30	0
2025-10-31	17:07:58[177]	-152	-128	-219	220.100907546212	0	0	-546	546	30	0
2025-10-31	17:07:58[390]	-155	-127	-218	219.329642656106	0	0	-545	545	30	0
2025-10-31	17:07:58[579]	-151	-121	-221	218.706051811049	0	0	-548	548	30	0
2025-10-31	17:07:58[779]	-148	-130	-216	221.295372557923	0	0	-543	543	30	0
2025-10-31	17:07:58[958]	-154	-123	-220	218.614407487433	0	0	-547	547	30	0
2025-10-31	17:07:59[160]	-145	-128	-222	221.436731937094	0	0	-549	549	30	0
2025-10-31	17:07:59[345]	-145	-125	-220	220.763605200941	0	0	-547	547	30	0
2025-10-31	17:07:59[535]	-150	-125	-219	219.805571092265	0	0	-546	546	30	0
2025-10-31	17:07:59[754]	-150	-126	-217	220.03025927189	0	0	-544	544	30	0
2025-10-31	17:07:59[957]	-153	-127	-224	219.69489039379	0	0	-551	551	30	0
2025-10-31	17:08:00[129]	-151	-130	-217	220.726053902403	0	0	-544	544	30	0
2025-10-31	17:08:00[331]	-151	-128	-220	220.287348310212	0	0	-547	547	30	0
2025-10-31	17:08:01[692]	-543	543	30	135	4817	255	0	0	-129	126
2025-10-31	17:08:01[897]	-151	-127	-224	220.06583565944	0	0	-551	551	30	0
2025-10-31	17:08:02[101]	-155	-131	-227	220.203201033164	0	0	-554	554	30	0
2025-10-31	17:08:02[287]	-148	-130	-219	221.295372557923	0	0	-546	546	30	0
2025-10-31	17:08:02[493]	-151	-121	-218	218.706051811049	0	0	-545	545	30	0
2025-10-31	17:08:02[680]	-154	-124	-218	218.840836970857	0	0	-545	545	30	0
2025-10-31	17:08:02[883]	-146	-128	-215	221.241444314528	0	0	-542	542	30	0
2025-10-31	17:08:03[070]	-156	-126	-219	218.927543592792	0	0	-546	546	30	0
2025-10-31	17:08:03[282]	-156	-125	-222	218.704570572728	0	0	-549	549	30	0
2025-10-31	17:08:03[493]	-148	-128	-217	220.855376258896	0	0	-544	544	30	0
2025-10-31	17:08:03[680]	-148	-125	-215	220.184255462606	0	0	-542	542	30	0
2025-10-31	17:08:03[839]	-150	-129	-213	220.695531039492	0	0	-540	540	30	0
2025-10-31	17:08:04[073]	-152	-126	-217	219.656944241425	0	0	-544	544	30	0
2025-10-31	17:08:04[259]	-150	-123	-218	219.351752626265	0	0	-545	545	30	0
2025-10-31	17:08:04[461]	-145	-127	-221	221.213887964618	0	0	-548	548	30	0
2025-10-31	17:08:04[650]	-150	-127	-221	220.253476856572	0	0	-548	548	30	0
2025-10-31	17:08:04[837]	-151	-128	-218	220.287348310212	0	0	-545	545	30	0
2025-10-31	17:08:05[053]	-144	-126	-220	221.18592516571	0	0	-547	547	30	0
2025-10-31	17:08:05[262]	-145	-120	-219	219.610688240027	0	0	-546	546	30	0
2025-10-31	17:08:05[413]	-149	-128	-215	220.66456991416	0	0	-542	542	30	0
2025-10-31	17:08:05[616]	-146	-128	-226	221.241444314528	0	0	-553	553	30	0
2025-10-31	17:08:05[819]	-152	-123	-221	218.980148731351	0	0	-548	548	30	0
2025-10-31	17:08:06[040]	-145	-127	-219	221.213887964618	0	0	-546	546	30	0
2025-10-31	17:08:06[230]	-150	-129	-217	220.695531039492	0	0	-544	544	30	0
2025-10-31	17:08:06[423]	-148	-128	-223	220.855376258896	0	0	-550	550	30	0
2025-10-31	17:08:06[635]	-154	-128	-224	219.732302871956	0	0	-551	551	30	0
2025-10-31	17:08:06[809]	-150	-130	-224	220.914383220025	0	0	-551	551	30	0
2025-10-31	17:08:07[023]	-148	-129	-227	221.076110677247	0	0	-554	554	30	0
2025-10-31	17:08:08[385]	-546	546	30	135	4817	255	0	0	-129	126
2025-10-31	17:08:08[572]	-152	-121	-215	218.521635420227	0	0	-542	542	30	0
2025-10-31	17:08:08[758]	-149	-128	-221	220.66456991416	0	0	-548	548	30	0
2025-10-31	17:08:08[986]	-146	-129	-215	221.462580570012	0	0	-542	542	30	0
2025-10-31	17:08:09[186]	-153	-121	-220	218.33869836023	0	0	-547	547	30	0
2025-10-31	17:08:09[335]	-157	-122	-220	217.849709819692	0	0	-547	547	30	0
2025-10-31	17:08:09[554]	-149	-133	-222	221.752657209677	0	0	-549	549	30	0
2025-10-31	17:08:09[766]	-151	-128	-223	220.287348310212	0	0	-550	550	30	0
2025-10-31	17:08:09[972]	-149	-123	-220	219.539787407852	0	0	-547	547	30	0
2025-10-31	17:08:10[135]	-152	-125	-225	219.432799647355	0	0	-552	552	30	0
2025-10-31	17:08:11[468]	-550	550	30	135	4817	255	0	0	-129	126
2025-10-31	17:08:11[694]	-154	-124	-226	218.840836970857	0	0	-553	553	30	0
2025-10-31	17:08:11[912]	-151	-128	-219	220.287348310212	0	0	-546	546	30	0
2025-10-31	17:08:12[098]	-150	-123	-223	219.351752626265	0	0	-550	550	30	0
2025-10-31	17:08:12[285]	-150	-126	-221	220.03025927189	0	0	-548	548	30	0
2025-10-31	17:08:12[499]	-153	-126	-218	219.472459848344	0	0	-545	545	30	0
2025-10-31	17:08:12[691]	-148	-127	-218	220.633161037443	0	0	-545	545	30	0
2025-10-31	17:08:12[972]	-151	-129	-222	220.507418520085	0	0	-549	549	30	0
2025-10-31	17:08:13[175]	-152	-128	-215	220.100907546212	0	0	-542	542	30	0
2025-10-31	17:08:13[364]	-151	-124	-213	219.392568039308	0	0	-540	540	30	0
2025-10-31	17:08:13[591]	-147	-126	-213	220.601294645004	0	0	-540	540	30	0
2025-10-31	17:08:14[906]	-547	547	30	135	4817	255	0	0	-129	126
2025-10-31	17:08:15[126]	-153	-128	-218	219.915896590406	0	0	-545	545	30	0
2025-10-31	17:08:15[346]	-152	-129	-222	220.320740839595	0	0	-549	549	30	0
2025-10-31	17:08:15[519]	-152	-126	-216	219.656944241425	0	0	-543	543	30	0
2025-10-31	17:08:15[752]	-153	-129	-216	220.135485562239	0	0	-543	543	30	0
2025-10-31	17:08:15[925]	-151	-123	-219	219.165211003159	0	0	-546	546	30	0
2025-10-31	17:08:16[112]	-149	-127	-221	220.442580980286	0	0	-548	548	30	0
2025-10-31	17:08:16[314]	-146	-132	-219	222.11703654746	0	0	-546	546	30	0
2025-10-31	17:08:16[534]	-152	-127	-216	219.87964445696	0	0	-543	543	30	0
2025-10-31	17:08:16[704]	-147	-124	-215	220.148883904698	0	0	-542	542	30	0
2025-10-31	17:08:16[875]	-149	-126	-213	220.219116125168	0	0	-540	540	30	0
2025-10-31	17:08:17[117]	-149	-126	-225	220.219116125168	0	0	-552	552	30	0
2025-10-31	17:08:17[300]	-151	-121	-224	218.706051811049	0	0	-551	551	30	0
2025-10-31	17:08:17[467]	-148	-126	-217	220.409456814394	0	0	-544	544	30	0
2025-10-31	17:08:17[670]	-150	-125	-220	219.805571092265	0	0	-547	547	30	0
2025-10-31	17:08:17[891]	-151	-129	-218	220.507418520085	0	0	-545	545	30	0
2025-10-31	17:08:18[108]	-154	-131	-222	220.386129102512	0	0	-549	549	30	0
2025-10-31	17:08:18[277]	-156	-126	-218	218.927543592792	0	0	-545	545	30	0
2025-10-31	17:08:18[508]	-146	-122	-218	219.882685150027	0	0	-545	545	30	0
2025-10-31	17:08:18[671]	-151	-127	-223	220.06583565944	0	0	-550	550	30	0
2025-10-31	17:08:18[879]	-149	-129	-218	220.885090901763	0	0	-545	545	30	0
2025-10-31	17:08:19[070]	-153	-130	-222	220.353664508804	0	0	-549	549	30	0
2025-10-31	17:08:19[256]	-149	-131	-216	221.321761278007	0	0	-543	543	30	0
2025-10-31	17:08:19[462]	-153	-131	-220	220.570440701022	0	0	-547	547	30	0
2025-10-31	17:08:19[667]	-146	-124	-219	220.341745890324	0	0	-546	546	30	0
2025-10-31	17:08:19[873]	-147	-131	-220	221.706035012155	0	0	-547	547	30	0
2025-10-31	17:08:20[055]	-149	-127	-221	220.442580980286	0	0	-548	548	30	0
2025-10-31	17:08:20[246]	-151	-122	-219	218.936374631488	0	0	-546	546	30	0
2025-10-31	17:08:20[415]	-151	-126	-214	219.842873026782	0	0	-541	541	30	0
2025-10-31	17:08:20[606]	-149	-123	-224	219.539787407852	0	0	-551	551	30	0
2025-10-31	17:08:20[843]	-147	-130	-216	221.488057348301	0	0	-543	543	30	0
2025-10-31	17:08:21[060]	-154	-131	-222	220.386129102512	0	0	-549	549	30	0
2025-10-31	17:08:21[232]	-152	-127	-223	219.87964445696	0	0	-550	550	30	0
2025-10-31	17:08:21[418]	-147	-125	-216	220.375848671571	0	0	-543	543	30	0
2025-10-31	17:08:21[623]	-147	-127	-221	220.825230108088	0	0	-548	548	30	0
2025-10-31	17:08:21[811]	-145	-124	-219	220.536148818032	0	0	-546	546	30	0
2025-10-31	17:08:22[016]	-154	-125	-223	219.065834540451	0	0	-550	550	30	0
2025-10-31	17:08:23[383]	-550	550	30	135	4817	255	0	0	-129	126
2025-10-31	17:08:23[571]	-150	-129	-221	220.695531039492	0	0	-548	548	30	0
2025-10-31	17:08:23[755]	-149	-126	-217	220.219116125168	0	0	-544	544	30	0
2025-10-31	17:08:23[963]	-148	-128	-218	220.855376258896	0	0	-545	545	30	0
2025-10-31	17:08:24[174]	-150	-130	-225	220.914383220025	0	0	-552	552	30	0
2025-10-31	17:08:24[367]	-153	-129	-226	220.135485562239	0	0	-553	553	30	0
2025-10-31	17:08:24[552]	-153	-127	-217	219.69489039379	0	0	-544	544	30	0
2025-10-31	17:08:24[727]	-151	-125	-223	219.618452947868	0	0	-550	550	30	0
2025-10-31	17:08:26[118]	-548	548	30	135	4817	255	0	0	-129	126
2025-10-31	17:08:26[333]	-154	-127	-219	219.511560692715	0	0	-546	546	30	0
2025-10-31	17:08:26[501]	-154	-128	-219	219.732302871956	0	0	-546	546	30	0
2025-10-31	17:08:26[710]	-151	-129	-219	220.507418520085	0	0	-546	546	30	0
2025-10-31	17:08:28[104]	-549	549	30	135	4817	255	0	0	-129	126
2025-10-31	17:08:28[302]	-153	-122	-213	218.568354573556	0	0	-540	540	30	0
2025-10-31	17:08:28[461]	-152	-120	-219	218.290163192243	0	0	-546	546	30	0
2025-10-31	17:08:28[665]	-148	-123	-216	219.729329248359	0	0	-543	543	30	0
2025-10-31	17:08:28[895]	-152	-123	-215	218.980148731351	0	0	-542	542	30	0
2025-10-31	17:08:30[215]	-546	546	30	135	4817	255	0	0	-129	126
2025-10-31	17:08:30[458]	-146	-126	-218	220.794642998291	0	0	-545	545	30	0
2025-10-31	17:08:30[645]	-160	-128	-220	218.65980825409	0	0	-547	547	30	0
2025-10-31	17:08:30[824]	-149	-128	-218	220.66456991416	0	0	-545	545	30	0
2025-10-31	17:08:31[043]	-150	-130	-221	220.914383220025	0	0	-548	548	30	0
2025-10-31	17:08:31[230]	-151	-124	-223	219.392568039308	0	0	-550	550	30	0
2025-10-31	17:08:31[422]	-152	-127	-225	219.87964445696	0	0	-552	552	30	0
2025-10-31	17:08:31[610]	-152	-122	-222	218.751628334962	0	0	-549	549	30	0
2025-10-31	17:08:31[799]	-158	-128	-223	219.011851624224	0	0	-550	550	30	0
2025-10-31	17:08:32[021]	-143	-127	-214	221.608660580204	0	0	-541	541	30	0
2025-10-31	17:08:32[210]	-150	-131	-218	221.131795961678	0	0	-545	545	30	0
2025-10-31	17:08:32[398]	-152	-119	-219	218.057204961573	0	0	-546	546	30	0
2025-10-31	17:08:32[611]	-149	-127	-224	220.442580980286	0	0	-551	551	30	0
2025-10-31	17:08:32[801]	-143	-127	-223	221.608660580204	0	0	-550	550	30	0
2025-10-31	17:08:32[971]	-154	-124	-219	218.840836970857	0	0	-546	546	30	0
2025-10-31	17:08:34[367]	-547	547	30	135	4817	255	0	0	-129	126
2025-10-31	17:08:34[518]	-144	-125	-222	220.959795981596	0	0	-549	549	30	0
2025-10-31	17:08:34[737]	-153	-125	-216	219.248597909634	0	0	-543	543	30	0
2025-10-31	17:08:34[940]	-149	-126	-219	220.219116125168	0	0	-546	546	30	0
2025-10-31	17:08:36[230]	-546	546	30	135	4817	255	0	0	-129	126
2025-10-31	17:08:36[448]	-156	-124	-222	218.480198248343	0	0	-549	549	30	0
2025-10-31	17:08:36[626]	-151	-128	-221	220.287348310212	0	0	-548	548	30	0
2025-10-31	17:08:36[803]	-157	-129	-217	219.408442244243	0	0	-544	544	30	0
2025-10-31	17:08:36[997]	-149	-125	-218	219.994167447049	0	0	-545	545	30	0
2025-10-31	17:08:37[242]	-152	-123	-222	218.980148731351	0	0	-549	549	30	0
2025-10-31	17:08:37[406]	-147	-127	-217	220.825230108088	0	0	-544	544	30	0
2025-10-31	17:08:37[588]	-152	-127	-224	219.87964445696	0	0	-551	551	30	0
2025-10-31	17:08:37[806]	-151	-128	-216	220.287348310212	0	0	-543	543	30	0
2025-10-31	17:08:37[998]	-155	-129	-220	219.769192824447	0	0	-547	547	30	0
2025-10-31	17:08:38[212]	-151	-129	-220	220.507418520085	0	0	-547	547	30	0
2025-10-31	17:08:38[391]	-149	-123	-223	219.539787407852	0	0	-550	550	30	0
2025-10-31	17:08:38[590]	-146	-129	-218	221.462580570012	0	0	-545	545	30	0
2025-10-31	17:08:38[767]	-155	-125	-213	218.884496433715	0	0	-540	540	30	0
2025-10-31	17:08:38[956]	-153	-122	-217	218.568354573556	0	0	-544	544	30	0
2025-10-31	17:08:39[145]	-154	-128	-221	219.732302871956	0	0	-548	548	30	0
2025-10-31	17:08:40[539]	-548	548	30	135	4817	255	0	0	-129	126
2025-10-31	17:08:40[728]	-155	-135	-222	221.054813770962	0	0	-549	549	30	0
2025-10-31	17:08:40[929]	-150	-130	-218	220.914383220025	0	0	-545	545	30	0
2025-10-31	17:08:41[118]	-152	-129	-214	220.320740839595	0	0	-541	541	30	0
2025-10-31	17:08:41[321]	-151	-130	-221	220.726053902403	0	0	-548	548	30	0
2025-10-31	17:08:41[494]	-149	-127	-218	220.442580980286	0	0	-545	545	30	0
2025-10-31	17:08:41[710]	-148	-126	-217	220.409456814394	0	0	-544	544	30	0
2025-10-31	17:08:41[897]	-150	-127	-220	220.253476856572	0	0	-547	547	30	0
2025-10-31	17:08:42[086]	-155	-126	-218	219.107772382681	0	0	-545	545	30	0
2025-10-31	17:08:42[308]	-151	-126	-214	219.842873026782	0	0	-541	541	30	0
2025-10-31	17:08:42[509]	-150	-135	-218	221.987212495817	0	0	-545	545	30	0
2025-10-31	17:08:42[695]	-146	-127	-219	221.018801343578	0	0	-546	546	30	0
2025-10-31	17:08:42[898]	-151	-125	-219	219.618452947868	0	0	-546	546	30	0
2025-10-31	17:08:44[253]	-547	547	30	135	4817	255	0	0	-129	126
2025-10-31	17:08:44[455]	-147	-120	-222	219.225674097337	0	0	-549	549	30	0
2025-10-31	17:08:44[627]	-149	-130	-221	221.104151986912	0	0	-548	548	30	0
2025-10-31	17:08:44[846]	-149	-127	-218	220.442580980286	0	0	-545	545	30	0
2025-10-31	17:08:45[057]	-150	-127	-219	220.253476856572	0	0	-546	546	30	0
2025-10-31	17:08:45[235]	-154	-125	-223	219.065834540451	0	0	-550	550	30	0
2025-10-31	17:08:45[435]	-145	-127	-219	221.213887964618	0	0	-546	546	30	0
2025-10-31	17:08:45[641]	-149	-130	-218	221.104151986912	0	0	-545	545	30	0
2025-10-31	17:08:45[808]	-147	-129	-220	221.26860300084	0	0	-547	547	30	0
2025-10-31	17:08:46[028]	-150	-126	-220	220.03025927189	0	0	-547	547	30	0
2025-10-31	17:08:46[202]	-154	-127	-223	219.511560692715	0	0	-550	550	30	0
2025-10-31	17:08:46[424]	-151	-125	-219	219.618452947868	0	0	-546	546	30	0
2025-10-31	17:08:46[621]	-146	-129	-216	221.462580570012	0	0	-543	543	30	0
2025-10-31	17:08:46[809]	-149	-126	-217	220.219116125168	0	0	-544	544	30	0
2025-10-31	17:08:47[024]	-150	-125	-218	219.805571092265	0	0	-545	545	30	0
2025-10-31	17:08:47[212]	-150	-129	-214	220.695531039492	0	0	-541	541	30	0
2025-10-31	17:08:47[389]	-146	-120	-217	219.417394243469	0	0	-544	544	30	0
2025-10-31	17:08:47[596]	-159	-131	-223	219.485088408755	0	0	-550	550	30	0
2025-10-31	17:08:47[781]	-149	-127	-217	220.442580980286	0	0	-544	544	30	0
2025-10-31	17:08:47[980]	-152	-124	-219	219.207203504968	0	0	-546	546	30	0
2025-10-31	17:08:48[189]	-148	-130	-217	221.295372557923	0	0	-544	544	30	0
2025-10-31	17:08:48[389]	-153	-132	-219	220.785821477266	0	0	-546	546	30	0
2025-10-31	17:08:48[565]	-150	-129	-218	220.695531039492	0	0	-545	545	30	0
2025-10-31	17:08:49[928]	-546	546	30	135	4817	255	0	0	-129	126
2025-10-31	17:08:50[170]	-151	-125	-221	219.618452947868	0	0	-548	548	30	0
2025-10-31	17:08:50[341]	-153	-124	-221	219.023297617083	0	0	-548	548	30	0
2025-10-31	17:08:50[530]	-151	-129	-217	220.507418520085	0	0	-544	544	30	0
2025-10-31	17:08:50[718]	-148	-128	-220	220.855376258896	0	0	-547	547	30	0
2025-10-31	17:08:50[934]	-149	-123	-218	219.539787407852	0	0	-545	545	30	0
2025-10-31	17:08:51[135]	-148	-128	-217	220.855376258896	0	0	-544	544	30	0
2025-10-31	17:08:52[416]	-544	544	30	135	4817	255	0	0	-129	126
2025-10-31	17:08:52[605]	-153	-121	-220	218.33869836023	0	0	-547	547	30	0
2025-10-31	17:08:52[786]	-155	-124	-221	218.65980825409	0	0	-548	548	30	0
2025-10-31	17:08:54[130]	-548	548	30	135	4817	255	0	0	-129	126
2025-10-31	17:08:54[325]	-150	-127	-223	220.253476856572	0	0	-550	550	30	0
2025-10-31	17:08:54[545]	-149	-126	-224	220.219116125168	0	0	-551	551	30	0
2025-10-31	17:08:54[762]	-151	-129	-215	220.507418520085	0	0	-542	542	30	0
2025-10-31	17:08:54[951]	-148	-123	-219	219.729329248359	0	0	-546	546	30	0
2025-10-31	17:08:55[154]	-152	-127	-220	219.87964445696	0	0	-547	547	30	0
2025-10-31	17:08:55[324]	-150	-127	-215	220.253476856572	0	0	-542	542	30	0
2025-10-31	17:08:55[562]	-149	-128	-216	220.66456991416	0	0	-543	543	30	0
2025-10-31	17:08:55[731]	-152	-125	-220	219.432799647355	0	0	-547	547	30	0
2025-10-31	17:08:55[921]	-152	-122	-220	218.751628334962	0	0	-547	547	30	0
2025-10-31	17:08:56[119]	-154	-123	-219	218.614407487433	0	0	-546	546	30	0
2025-10-31	17:08:56[325]	-149	-127	-219	220.442580980286	0	0	-546	546	30	0
2025-10-31	17:08:56[510]	-147	-129	-210	221.26860300084	0	0	-537	537	30	0
2025-10-31	17:08:56[709]	-146	-124	-219	220.341745890324	0	0	-546	546	30	0
2025-10-31	17:08:56[901]	-148	-131	-220	221.513170228963	0	0	-547	547	30	0
2025-10-31	17:08:57[116]	-148	-126	-221	220.409456814394	0	0	-548	548	30	0
2025-10-31	17:08:57[273]	-152	-126	-219	219.656944241425	0	0	-546	546	30	0
2025-10-31	17:08:57[478]	-148	-123	-217	219.729329248359	0	0	-544	544	30	0
2025-10-31	17:08:57[879]	-155	-129	-216	219.769192824447	0	0	-543	543	30	0
2025-10-31	17:08:58[069]	-153	-130	-214	220.353664508804	0	0	-541	541	30	0
2025-10-31	17:08:58[285]	-148	-127	-219	220.633161037443	0	0	-546	546	30	0
2025-10-31	17:08:58[459]	-148	-132	-221	221.729512076816	0	0	-548	548	30	0
2025-10-31	17:08:58[679]	-145	-126	-221	220.989515329483	0	0	-548	548	30	0
2025-10-31	17:08:58[867]	-144	-123	-218	220.502848385332	0	0	-545	545	30	0
2025-10-31	17:08:59[053]	-150	-126	-222	220.03025927189	0	0	-549	549	30	0
2025-10-31	17:08:59[270]	-150	-125	-217	219.805571092265	0	0	-544	544	30	0
2025-10-31	17:08:59[459]	-152	-127	-217	219.87964445696	0	0	-544	544	30	0
2025-10-31	17:08:59[614]	-150	-127	-222	220.253476856572	0	0	-549	549	30	0
2025-10-31	17:08:59[833]	-153	-125	-222	219.248597909634	0	0	-549	549	30	0
2025-10-31	17:09:00[052]	-153	-128	-222	219.915896590406	0	0	-549	549	30	0
2025-10-31	17:09:00[243]	-150	-122	-227	219.122607393357	0	0	-554	554	30	0
2025-10-31	17:09:00[431]	-150	-132	-222	221.347777219694	0	0	-549	549	30	0
2025-10-31	17:09:00[615]	-149	-134	-216	221.965960353055	0	0	-543	543	30	0
2025-10-31	17:09:00[834]	-147	-126	-217	220.601294645004	0	0	-544	544	30	0
2025-10-31	17:09:01[030]	-150	-125	-222	219.805571092265	0	0	-549	549	30	0
2025-10-31	17:09:01[220]	-150	-130	-224	220.914383220025	0	0	-551	551	30	0
2025-10-31	17:09:01[438]	-146	-127	-221	221.018801343578	0	0	-548	548	30	0
2025-10-31	17:09:01[610]	-142	-124	-220	221.128743768014	0	0	-547	547	30	0
2025-10-31	17:09:01[800]	-147	-124	-218	220.148883904698	0	0	-545	545	30	0
2025-10-31	17:09:01[988]	-157	-121	-219	217.621464157326	0	0	-546	546	30	0
2025-10-31	17:09:02[176]	-150	-124	-222	219.579404716238	0	0	-549	549	30	0
2025-10-31	17:09:02[405]	-147	-123	-221	219.920392139985	0	0	-548	548	30	0
2025-10-31	17:09:02[562]	-152	-123	-220	218.980148731351	0	0	-547	547	30	0
2025-10-31	17:09:02[778]	-153	-132	-218	220.785821477266	0	0	-545	545	30	0
2025-10-31	17:09:02[991]	-155	-121	-223	217.977206164427	0	0	-550	550	30	0
2025-10-31	17:09:03[155]	-149	-124	-215	219.767727121868	0	0	-542	542	30	0
2025-10-31	17:09:03[388]	-154	-125	-219	219.065834540451	0	0	-546	546	30	0
2025-10-31	17:09:03[560]	-156	-129	-223	219.588130847683	0	0	-550	550	30	0
2025-10-31	17:09:03[770]	-150	-126	-221	220.03025927189	0	0	-548	548	30	0
2025-10-31	17:09:03[980]	-149	-128	-217	220.66456991416	0	0	-544	544	30	0
2025-10-31	17:09:05[293]	-548	548	30	135	4817	255	0	0	-129	126
2025-10-31	17:09:05[551]	-152	-130	-216	220.539151741483	0	0	-543	543	30	0
2025-10-31	17:09:05[725]	-153	-128	-221	219.915896590406	0	0	-548	548	30	0
2025-10-31	17:09:05[912]	-150	-124	-218	219.579404716238	0	0	-545	545	30	0
2025-10-31	17:09:06[124]	-149	-126	-219	220.219116125168	0	0	-546	546	30	0
2025-10-31	17:09:06[301]	-146	-126	-222	220.794642998291	0	0	-549	549	30	0
2025-10-31	17:09:06[506]	-143	-128	-217	221.831879624406	0	0	-544	544	30	0
2025-10-31	17:09:07[883]	-549	549	30	135	4817	255	0	0	-129	126
2025-10-31	17:09:07[977]	-153	-129	-218	220.135485562239	0	0	-545	545	30	0
2025-10-31	17:09:08[179]	-150	-131	-222	221.131795961678	0	0	-549	549	30	0
2025-10-31	17:09:08[366]	-148	-129	-222	221.076110677247	0	0	-549	549	30	0
2025-10-31	17:09:08[566]	-147	-128	-225	221.047663417884	0	0	-552	552	30	0
2025-10-31	17:09:08[752]	-153	-132	-218	220.785821477266	0	0	-545	545	30	0
2025-10-31	17:09:09[000]	-149	-128	-218	220.66456991416	0	0	-545	545	30	0
2025-10-31	17:09:09[190]	-146	-126	-223	220.794642998291	0	0	-550	550	30	0
2025-10-31	17:09:09[371]	-152	-124	-221	219.207203504968	0	0	-548	548	30	0
2025-10-31	17:09:09[546]	-149	-124	-219	219.767727121868	0	0	-546	546	30	0
2025-10-31	17:09:09[730]	-153	-127	-217	219.69489039379	0	0	-544	544	30	0
2025-10-31	17:09:09[949]	-151	-125	-219	219.618452947868	0	0	-546	546	30	0
2025-10-31	17:09:10[151]	-151	-129	-221	220.507418520085	0	0	-548	548	30	0
2025-10-31	17:09:10[306]	-152	-130	-220	220.539151741483	0	0	-547	547	30	0
2025-10-31	17:09:10[526]	-149	-127	-219	220.442580980286	0	0	-546	546	30	0
2025-10-31	17:09:10[703]	-150	-125	-220	219.805571092265	0	0	-547	547	30	0
2025-10-31	17:09:10[913]	-146	-132	-218	222.11703654746	0	0	-545	545	30	0
2025-10-31	17:09:11[129]	-147	-126	-223	220.601294645004	0	0	-550	550	30	0
2025-10-31	17:09:11[320]	-149	-123	-220	219.539787407852	0	0	-547	547	30	0
2025-10-31	17:09:11[504]	-149	-124	-219	219.767727121868	0	0	-546	546	30	0
2025-10-31	17:09:11[693]	-152	-125	-215	219.432799647355	0	0	-542	542	30	0
2025-10-31	17:09:11[897]	-152	-125	-226	219.432799647355	0	0	-553	553	30	0
2025-10-31	17:09:12[100]	-146	-125	-222	220.568960687086	0	0	-549	549	30	0
2025-10-31	17:09:12[429]	-150	-123	-228	219.351752626265	0	0	-555	555	30	0
2025-10-31	17:09:12[584]	-151	-125	-219	219.618452947868	0	0	-546	546	30	0
2025-10-31	17:09:12[786]	-153	-130	-218	220.353664508804	0	0	-545	545	30	0
2025-10-31	17:09:12[989]	-149	-128	-219	220.66456991416	0	0	-546	546	30	0
2025-10-31	17:09:13[176]	-147	-121	-226	219.45879522196	0	0	-553	553	30	0
2025-10-31	17:09:13[364]	-153	-128	-219	219.915896590406	0	0	-546	546	30	0
2025-10-31	17:09:13[579]	-149	-129	-218	220.885090901763	0	0	-545	545	30	0
2025-10-31	17:09:13[756]	-144	-124	-222	220.732106699709	0	0	-549	549	30	0
2025-10-31	17:09:13[957]	-149	-125	-222	219.994167447049	0	0	-549	549	30	0
2025-10-31	17:09:14[145]	-147	-127	-220	220.825230108088	0	0	-547	547	30	0
2025-10-31	17:09:14[472]	-149	-128	-221	220.66456991416	0	0	-548	548	30	0
2025-10-31	17:09:14[646]	-147	-129	-216	221.26860300084	0	0	-543	543	30	0
2025-10-31	17:09:14[831]	-142	-127	-216	221.808373343446	0	0	-543	543	30	0
2025-10-31	17:09:15[059]	-152	-126	-218	219.656944241425	0	0	-545	545	30	0
2025-10-31	17:09:15[241]	-150	-125	-217	219.805571092265	0	0	-544	544	30	0
2025-10-31	17:09:15[428]	-149	-125	-225	219.994167447049	0	0	-552	552	30	0
2025-10-31	17:09:15[631]	-151	-131	-223	220.943262138705	0	0	-550	550	30	0
2025-10-31	17:09:15[817]	-150	-127	-215	220.253476856572	0	0	-542	542	30	0
2025-10-31	17:09:17[546]	-546	546	30	135	4817	255	0	0	-129	126
2025-10-31	17:09:17[795]	-149	-127	-217	220.442580980286	0	0	-544	544	30	0
2025-10-31	17:09:17[982]	-157	-126	-224	218.748707763065	0	0	-551	551	30	0
2025-10-31	17:09:18[183]	-146	-125	-221	220.568960687086	0	0	-548	548	30	0
2025-10-31	17:09:18[371]	-152	-125	-220	219.432799647355	0	0	-547	547	30	0
2025-10-31	17:09:18[581]	-150	-125	-221	219.805571092265	0	0	-548	548	30	0
2025-10-31	17:09:18[779]	-152	-126	-218	219.656944241425	0	0	-545	545	30	0
2025-10-31	17:09:18[967]	-148	-127	-219	220.633161037443	0	0	-546	546	30	0
2025-10-31	17:09:20[324]	-552	552	30	135	4817	255	0	0	-129	126
2025-10-31	17:09:20[553]	-155	-125	-217	218.884496433715	0	0	-544	544	30	0
2025-10-31	17:09:20[731]	-151	-127	-216	220.06583565944	0	0	-543	543	30	0
2025-10-31	17:09:21[009]	-146	-129	-222	221.462580570012	0	0	-549	549	30	0
2025-10-31	17:09:21[211]	-150	-127	-219	220.253476856572	0	0	-546	546	30	0
2025-10-31	17:09:21[413]	-146	-128	-219	221.241444314528	0	0	-546	546	30	0
2025-10-31	17:09:21[617]	-151	-124	-220	219.392568039308	0	0	-547	547	30	0
2025-10-31	17:09:21[805]	-150	-127	-218	220.253476856572	0	0	-545	545	30	0
2025-10-31	17:09:21[995]	-150	-129	-220	220.695531039492	0	0	-547	547	30	0
2025-10-31	17:09:22[196]	-151	-132	-223	221.159050974663	0	0	-550	550	30	0
2025-10-31	17:09:22[399]	-149	-131	-216	221.321761278007	0	0	-543	543	30	0
2025-10-31	17:09:22[586]	-146	-124	-216	220.341745890324	0	0	-543	543	30	0
2025-10-31	17:09:22[772]	-153	-131	-220	220.570440701022	0	0	-547	547	30	0
2025-10-31	17:09:22[995]	-157	-121	-219	217.621464157326	0	0	-546	546	30	0
2025-10-31	17:09:24[366]	-547	547	30	135	4817	255	0	0	-129	126
2025-10-31	17:09:24[559]	-150	-130	-219	220.914383220025	0	0	-546	546	30	0
2025-10-31	17:09:24[756]	-154	-128	-217	219.732302871956	0	0	-544	544	30	0
2025-10-31	17:09:24[924]	-152	-126	-219	219.656944241425	0	0	-546	546	30	0
2025-10-31	17:09:25[118]	-150	-126	-223	220.03025927189	0	0	-550	550	30	0
2025-10-31	17:09:25[334]	-149	-128	-221	220.66456991416	0	0	-548	548	30	0
2025-10-31	17:09:25[524]	-151	-126	-219	219.842873026782	0	0	-546	546	30	0
2025-10-31	17:09:25[706]	-144	-124	-220	220.732106699709	0	0	-547	547	30	0
2025-10-31	17:09:26[120]	-149	-127	-213	220.442580980286	0	0	-540	540	30	0
2025-10-31	17:09:26[286]	-152	-125	-219	219.432799647355	0	0	-546	546	30	0
2025-10-31	17:09:26[499]	-144	-129	-221	221.855042535302	0	0	-548	548	30	0
2025-10-31	17:09:26[717]	-151	-127	-218	220.06583565944	0	0	-545	545	30	0
2025-10-31	17:09:26[874]	-150	-131	-221	221.131795961678	0	0	-548	548	30	0
2025-10-31	17:09:27[111]	-146	-128	-217	221.241444314528	0	0	-544	544	30	0
2025-10-31	17:09:27[294]	-151	-125	-218	219.618452947868	0	0	-545	545	30	0
2025-10-31	17:09:27[497]	-145	-125	-215	220.763605200941	0	0	-542	542	30	0
2025-10-31	17:09:28[765]	-545	545	30	135	4817	255	0	0	-129	126
2025-10-31	17:09:28[969]	-147	-129	-219	221.26860300084	0	0	-546	546	30	0
2025-10-31	17:09:29[144]	-153	-125	-218	219.248597909634	0	0	-545	545	30	0
2025-10-31	17:09:29[349]	-148	-122	-220	219.499588529798	0	0	-547	547	30	0
2025-10-31	17:09:29[546]	-155	-126	-217	219.107772382681	0	0	-544	544	30	0
2025-10-31	17:09:29[741]	-149	-126	-212	220.219116125168	0	0	-539	539	30	0
2025-10-31	17:09:29[943]	-146	-132	-217	222.11703654746	0	0	-544	544	30	0
2025-10-31	17:09:30[131]	-152	-128	-220	220.100907546212	0	0	-547	547	30	0
2025-10-31	17:09:30[318]	-148	-126	-219	220.409456814394	0	0	-546	546	30	0
2025-10-31	17:09:30[507]	-150	-126	-224	220.03025927189	0	0	-551	551	30	0
2025-10-31	17:09:30[726]	-153	-122	-216	218.568354573556	0	0	-543	543	30	0
2025-10-31	17:09:30[932]	-152	-129	-217	220.320740839595	0	0	-544	544	30	0
2025-10-31	17:09:31[119]	-154	-129	-218	219.951640322052	0	0	-545	545	30	0
2025-10-31	17:09:31[386]	-150	-127	-222	220.253476856572	0	0	-549	549	30	0
2025-10-31	17:09:31[574]	-147	-127	-217	220.825230108088	0	0	-544	544	30	0
2025-10-31	17:09:31[805]	-146	-124	-217	220.341745890324	0	0	-544	544	30	0
2025-10-31	17:09:32[003]	-144	-122	-220	220.272012181158	0	0	-547	547	30	0
2025-10-31	17:09:33[364]	-545	545	30	135	4817	255	0	0	-129	126
2025-10-31	17:09:33[552]	-148	-130	-217	221.295372557923	0	0	-544	544	30	0
2025-10-31	17:09:33[754]	-152	-128	-226	220.100907546212	0	0	-553	553	30	0
2025-10-31	17:09:33[942]	-150	-126	-216	220.03025927189	0	0	-543	543	30	0
2025-10-31	17:09:34[165]	-152	-126	-219	219.656944241425	0	0	-546	546	30	0
2025-10-31	17:09:34[333]	-150	-122	-218	219.122607393357	0	0	-545	545	30	0
2025-10-31	17:09:34[538]	-151	-132	-218	221.159050974663	0	0	-545	545	30	0
2025-10-31	17:09:34[741]	-150	-124	-219	219.579404716238	0	0	-546	546	30	0
2025-10-31	17:09:34[927]	-146	-130	-218	221.682218831665	0	0	-545	545	30	0
2025-10-31	17:09:35[114]	-147	-128	-219	221.047663417884	0	0	-546	546	30	0
2025-10-31	17:09:35[331]	-147	-126	-217	220.601294645004	0	0	-544	544	30	0
2025-10-31	17:09:35[536]	-152	-127	-217	219.87964445696	0	0	-544	544	30	0
2025-10-31	17:09:35[722]	-148	-126	-219	220.409456814394	0	0	-546	546	30	0
2025-10-31	17:09:35[924]	-147	-129	-219	221.26860300084	0	0	-546	546	30	0
2025-10-31	17:09:36[134]	-146	-131	-223	221.900367879469	0	0	-550	550	30	0
2025-10-31	17:09:37[503]	-547	547	30	135	4817	255	0	0	-129	126
2025-10-31	17:09:37[677]	-147	-132	-220	221.922544600576	0	0	-547	547	30	0
2025-10-31	17:09:37[862]	-151	-125	-216	219.618452947868	0	0	-543	543	30	0
2025-10-31	17:09:38[065]	-148	-128	-218	220.855376258896	0	0	-545	545	30	0
2025-10-31	17:09:38[281]	-146	-128	-223	221.241444314528	0	0	-550	550	30	0
2025-10-31	17:09:38[437]	-154	-130	-221	220.16958004171	0	0	-548	548	30	0
2025-10-31	17:09:38[673]	-152	-135	-214	221.610134199182	0	0	-541	541	30	0
2025-10-31	17:09:38[859]	-152	-121	-221	218.521635420227	0	0	-548	548	30	0
2025-10-31	17:09:39[078]	-147	-125	-224	220.375848671571	0	0	-551	551	30	0
2025-10-31	17:09:39[267]	-151	-129	-221	220.507418520085	0	0	-548	548	30	0
2025-10-31	17:09:39[469]	-152	-124	-218	219.207203504968	0	0	-545	545	30	0
2025-10-31	17:09:39[639]	-153	-131	-223	220.570440701022	0	0	-550	550	30	0
2025-10-31	17:09:39[813]	-152	-124	-211	219.207203504968	0	0	-538	538	30	0
2025-10-31	17:09:40[028]	-151	-123	-218	219.165211003159	0	0	-545	545	30	0
2025-10-31	17:09:41[388]	-547	547	30	135	4817	255	0	0	-129	126
2025-10-31	17:09:41[577]	-153	-128	-222	219.915896590406	0	0	-549	549	30	0
2025-10-31	17:09:41[796]	-148	-126	-219	220.409456814394	0	0	-546	546	30	0
2025-10-31	17:09:42[009]	-157	-130	-220	219.625622627676	0	0	-547	547	30	0
2025-10-31	17:09:42[217]	-154	-128	-219	219.732302871956	0	0	-546	546	30	0
2025-10-31	17:09:42[390]	-152	-122	-214	218.751628334962	0	0	-541	541	30	0
2025-10-31	17:09:42[602]	-153	-126	-217	219.472459848344	0	0	-544	544	30	0
2025-10-31	17:09:42[807]	-150	-132	-215	221.347777219694	0	0	-542	542	30	0
2025-10-31	17:09:44[152]	-545	545	30	135	4817	255	0	0	-129	126
2025-10-31	17:09:44[355]	-155	-124	-220	218.65980825409	0	0	-547	547	30	0
2025-10-31	17:09:44[545]	-146	-126	-217	220.794642998291	0	0	-544	544	30	0
2025-10-31	17:09:44[714]	-152	-125	-219	219.432799647355	0	0	-546	546	30	0
2025-10-31	17:09:44[932]	-149	-129	-219	220.885090901763	0	0	-546	546	30	0
2025-10-31	17:09:45[135]	-147	-126	-219	220.601294645004	0	0	-546	546	30	0
2025-10-31	17:09:45[321]	-151	-126	-215	219.842873026782	0	0	-542	542	30	0
2025-10-31	17:09:45[524]	-154	-130	-215	220.16958004171	0	0	-542	542	30	0
2025-10-31	17:09:45[724]	-146	-127	-215	221.018801343578	0	0	-542	542	30	0
2025-10-31	17:09:45[911]	-149	-128	-226	220.66456991416	0	0	-553	553	30	0
2025-10-31	17:09:47[285]	-550	550	30	135	4817	255	0	0	-129	126
2025-10-31	17:09:47[473]	-148	-130	-217	221.295372557923	0	0	-544	544	30	0
2025-10-31	17:09:47[677]	-149	-126	-218	220.219116125168	0	0	-545	545	30	0
2025-10-31	17:09:47[862]	-150	-134	-217	221.77547739348	0	0	-544	544	30	0
2025-10-31	17:09:48[067]	-145	-125	-221	220.763605200941	0	0	-548	548	30	0
2025-10-31	17:09:48[286]	-152	-126	-227	219.656944241425	0	0	-554	554	30	0
2025-10-31	17:09:48[469]	-149	-125	-227	219.994167447049	0	0	-554	554	30	0
2025-10-31	17:09:49[852]	-553	553	30	135	4817	255	0	0	-129	126
2025-10-31	17:09:51[223]	-553	553	30	135	4817	255	0	0	-129	126
2025-10-31	17:09:52[585]	-553	553	30	135	4817	255	0	0	-129	126
2025-10-31	17:09:52[755]	-143	-124	-219	220.929633626775	0	0	-546	546	30	0
2025-10-31	17:09:52[978]	-145	-124	-217	220.536148818032	0	0	-544	544	30	0
2025-10-31	17:09:53[189]	-147	-121	-222	219.45879522196	0	0	-549	549	30	0
2025-10-31	17:09:53[381]	-151	-128	-226	220.287348310212	0	0	-553	553	30	0
2025-10-31	17:09:53[569]	-150	-125	-222	219.805571092265	0	0	-549	549	30	0
2025-10-31	17:09:53[779]	-150	-117	-225	217.954230875133	0	0	-552	552	30	0
2025-10-31	17:09:53[968]	-153	-123	-227	218.796552098308	0	0	-554	554	30	0
2025-10-31	17:09:54[164]	-149	-130	-217	221.104151986912	0	0	-544	544	30	0
2025-10-31	17:09:54[348]	-148	-130	-221	221.295372557923	0	0	-548	548	30	0
2025-10-31	17:09:54[561]	-147	-134	-224	222.351194240541	0	0	-551	551	30	0
2025-10-31	17:09:54[740]	-152	-127	-225	219.87964445696	0	0	-552	552	30	0
2025-10-31	17:09:54[946]	-144	-130	-223	222.075022050844	0	0	-550	550	30	0
2025-10-31	17:09:55[159]	-145	-124	-223	220.536148818032	0	0	-550	550	30	0
2025-10-31	17:09:55[337]	-147	-118	-223	218.754747321323	0	0	-550	550	30	0
2025-10-31	17:09:56[673]	-547	547	30	135	4817	255	0	0	-129	126
2025-10-31	17:09:56[863]	-149	-136	-223	222.388318622102	0	0	-550	550	30	0
2025-10-31	17:09:57[099]	-153	-125	-221	219.248597909634	0	0	-548	548	30	0
2025-10-31	17:09:57[302]	-154	-124	-224	218.840836970857	0	0	-551	551	30	0
2025-10-31	17:09:57[493]	-149	-129	-231	220.885090901763	0	0	-558	558	30	0
2025-10-31	17:09:57[648]	-146	-126	-230	220.794642998291	0	0	-557	557	30	0
2025-10-31	17:09:59[035]	-554	554	30	135	4817	255	0	0	-129	126
2025-10-31	17:12:22[040]	-110	-138	-106	231.441600099335	0	0	-326	326	30	0
2025-10-31	17:12:39[286]	-139	-147	34	226.602261346271	1	0	-186	186	30	0
2025-10-31	17:12:42[136]	-151	-109	-95	215.823796659624	2	0	-315	315	30	0
2025-10-31	17:12:45[368]	-149	-94	-136	212.246699745424	3	0	-356	356	30	0
2025-10-31	17:13:05[469]	-151	-102	-112	214.038895967979	5	0	-332	332	30	0
2025-10-31	17:36:58[958]	-155	-127	-246	219.329642656106	0	0	-571	571	30	0
2025-10-31	17:37:13[609]	-131	-126	-255	223.885436727515	1	0	-580	580	30	0
2025-10-31	17:38:56[272]	515	1218	32513	67.0801773388838	1	0	-580	580	30	0
2025-10-31	17:38:56[348]	515	1217	32513	67.0632921874358	1	0	-580	580	30	0
2025-10-31	17:38:56[443]	515	1217	32513	67.0632921874358	1	0	-580	580	30	0
2025-10-31	17:38:56[523]	515	1217	32513	67.0632921874358	1	0	-580	580	30	0
2025-10-31	17:39:29[192]	515	1218	32513	67.0801773388838	1	0	-580	580	30	0
2025-10-31	17:39:29[274]	515	1217	32513	67.0632921874358	1	0	-580	580	30	0
2025-10-31	17:39:29[363]	515	1217	32513	67.0632921874358	1	0	-580	580	30	0
2025-10-31	17:39:29[443]	515	1217	32513	67.0632921874358	1	0	-580	580	30	0
2025-10-31	17:39:43[364]	155	-105	-265	325.885527054659	0	0	-590	590	38	0
2025-10-31	17:40:13[434]	-77	179	-273	113.275808498586	1	0	-598	598	37	0
2025-10-31	17:41:18[489]	515	1218	32704	67.0801773388838	1	0	0	127	37	0
2025-10-31	17:41:18[575]	515	1217	32704	67.0632921874358	1	0	0	127	37	0
2025-10-31	17:41:18[663]	515	1217	32704	67.0632921874358	1	0	0	127	37	0
2025-10-31	17:41:18[771]	515	1217	32704	67.0632921874358	1	0	0	127	37	0
2025-10-31	17:43:16[064]	-143	75	-287	152.324089539971	0	0	-612	612	36	0
2025-10-31	17:43:19[100]	-144	33	-272	167.092591328734	1	0	-597	597	34	0
2025-10-31	17:43:20[515]	-144	33	-272	167.092591328734	1	0	-597	597	34	0
2025-10-31	17:43:25[913]	-144	33	-272	167.092591328734	1	0	-597	597	34	0
2025-10-31	17:43:26[408]	-144	33	-272	167.092591328734	1	0	-597	597	34	0
2025-10-31	17:44:43[831]	-144	33	-272	167.092591328734	1	0	-597	597	34	0
2025-10-31	17:45:11[240]	515	1218	32623	67.0801773388838	1	0	0	255	32546	0
2025-10-31	17:45:11[317]	515	1217	32623	67.0632921874358	1	0	0	255	32546	0
2025-10-31	17:45:11[410]	515	1217	32623	67.0632921874358	1	0	0	255	32546	0
2025-10-31	17:45:11[489]	515	1217	32623	67.0632921874358	1	0	0	255	32546	0
2025-10-31	17:45:30[033]	515	1217	32623	67.0632921874358	1	0	0	255	32546	0
2025-10-31	17:45:30[831]	515	1217	32623	67.0632921874358	1	0	0	255	32546	0
2025-10-31	17:45:31[940]	515	1217	32623	67.0632921874358	1	0	0	255	32546	0
2025-10-31	17:45:32[541]	515	1217	32623	67.0632921874358	1	0	0	255	32546	0
2025-10-31	17:45:34[046]	515	1217	32623	67.0632921874358	1	0	0	255	32546	0
2025-10-31	17:45:34[541]	515	1217	32623	67.0632921874358	1	0	0	255	32546	0
2025-10-31	17:45:35[843]	515	1217	32623	67.0632921874358	1	0	0	255	32546	0
2025-10-31	17:45:36[638]	515	1217	32623	67.0632921874358	1	0	0	255	32546	0
2025-10-31	17:45:37[149]	515	1217	32623	67.0632921874358	1	0	0	255	32546	0
2025-10-31	17:45:37[740]	515	1217	32623	67.0632921874358	1	0	0	255	32546	0
2025-10-31	17:45:38[240]	515	1217	32623	67.0632921874358	1	0	0	255	32546	0
2025-10-31	17:45:38[940]	515	1217	32623	67.0632921874358	1	0	0	255	32546	0
2025-10-31	17:45:39[452]	515	1217	32623	67.0632921874358	1	0	0	255	32546	0
2025-10-31	17:45:39[696]	-144	27	-284	169.380344723845	0	0	-609	609	34	0
2025-10-31	17:46:50[719]	515	1218	32740	67.0801773388838	0	0	-609	609	34	0
2025-10-31	17:46:50[799]	515	1217	32740	67.0632921874358	0	0	-609	609	34	0
2025-10-31	17:46:50[888]	515	1217	32740	67.0632921874358	0	0	-609	609	34	0
2025-10-31	17:46:50[968]	515	1217	32740	67.0632921874358	0	0	-609	609	34	0
2025-10-31	17:46:51[179]	515	1217	32740	67.0632921874358	0	0	-609	609	34	0
2025-10-31	17:46:51[770]	515	1217	32740	67.0632921874358	0	0	-609	609	34	0
2025-10-31	17:46:52[282]	515	1217	32740	67.0632921874358	0	0	-609	609	34	0
2025-10-31	17:46:53[386]	515	1217	32740	67.0632921874358	0	0	-609	609	34	0
2025-10-31	17:46:54[282]	515	1217	32740	67.0632921874358	0	0	-609	609	34	0
2025-10-31	17:46:54[778]	515	1217	32740	67.0632921874358	0	0	-609	609	34	0
2025-10-31	17:46:55[289]	515	1217	32740	67.0632921874358	0	0	-609	609	34	0
2025-10-31	17:46:56[281]	515	1217	32740	67.0632921874358	0	0	-609	609	34	0
2025-10-31	17:46:56[889]	515	1217	32740	67.0632921874358	0	0	-609	609	34	0
2025-10-31	17:46:57[480]	515	1217	32740	67.0632921874358	0	0	-609	609	34	0
2025-10-31	17:46:57[992]	515	1217	32740	67.0632921874358	0	0	-609	609	34	0
2025-10-31	17:46:58[584]	515	1217	32740	67.0632921874358	0	0	-609	609	34	0
2025-10-31	17:46:59[192]	515	1217	32740	67.0632921874358	0	0	-609	609	34	0
2025-10-31	17:47:00[391]	515	1217	32740	67.0632921874358	0	0	-609	609	34	0
2025-10-31	17:47:01[001]	515	1217	32740	67.0632921874358	0	0	-609	609	34	0
2025-10-31	17:47:01[594]	515	1217	32740	67.0632921874358	0	0	-609	609	34	0
2025-10-31	17:47:02[201]	515	1217	32740	67.0632921874358	0	0	-609	609	34	0
2025-10-31	17:47:03[096]	515	1217	32740	67.0632921874358	0	0	-609	609	34	0
2025-10-31	17:47:03[687]	515	1217	32740	67.0632921874358	0	0	-609	609	34	0
2025-10-31	17:47:04[241]	515	1217	32740	67.0632921874358	0	0	-609	609	34	0
2025-10-31	17:47:05[305]	515	1217	32740	67.0632921874358	0	0	-609	609	34	0
2025-10-31	17:47:06[103]	515	1217	32740	67.0632921874358	0	0	-609	609	34	0
2025-10-31	17:47:07[012]	515	1217	32740	67.0632921874358	0	0	-609	609	34	0
2025-10-31	17:47:07[510]	515	1217	32740	67.0632921874358	0	0	-609	609	34	0
2025-10-31	17:47:09[017]	515	1217	32740	67.0632921874358	0	0	-609	609	34	0
2025-10-31	17:47:10[406]	515	1217	32740	67.0632921874358	0	0	-609	609	34	0
2025-10-31	17:47:11[013]	515	1217	32740	67.0632921874358	0	0	-609	609	34	0
2025-10-31	17:47:11[818]	515	1217	32740	67.0632921874358	0	0	-609	609	34	0
2025-10-31	17:47:12[641]	515	1217	32740	67.0632921874358	0	0	-609	609	34	0
2025-10-31	17:47:13[117]	515	1217	32740	67.0632921874358	0	0	-609	609	34	0
2025-10-31	17:47:13[821]	515	1217	32740	67.0632921874358	0	0	-609	609	34	0
2025-10-31	17:47:15[323]	515	1217	32740	67.0632921874358	0	0	-609	609	34	0
2025-10-31	17:47:15[914]	515	1217	32740	67.0632921874358	0	0	-609	609	34	0
2025-10-31	17:47:17[138]	515	1217	32740	67.0632921874358	0	0	-609	609	34	0
2025-10-31	17:47:17[627]	515	1217	32740	67.0632921874358	0	0	-609	609	34	0
2025-10-31	17:47:18[123]	515	1217	32740	67.0632921874358	0	0	-609	609	34	0
2025-10-31	17:47:18[637]	515	1217	32740	67.0632921874358	0	0	-609	609	34	0
2025-10-31	17:47:19[129]	515	1217	32740	67.0632921874358	0	0	-609	609	34	0
2025-10-31	17:47:20[139]	515	1217	32740	67.0632921874358	0	0	-609	609	34	0
2025-10-31	17:47:20[633]	515	1217	32740	67.0632921874358	0	0	-609	609	34	0
2025-10-31	17:47:21[135]	515	1217	32740	67.0632921874358	0	0	-609	609	34	0
2025-10-31	17:47:21[833]	515	1217	32740	67.0632921874358	0	0	-609	609	34	0
2025-10-31	17:47:22[441]	515	1217	32740	67.0632921874358	0	0	-609	609	34	0
2025-10-31	17:47:23[145]	515	1217	32740	67.0632921874358	0	0	-609	609	34	0
2025-10-31	17:47:23[854]	515	1217	32740	67.0632921874358	0	0	-609	609	34	0
2025-10-31	17:47:24[841]	515	1217	32740	67.0632921874358	0	0	-609	609	34	0
2025-10-31	17:47:26[839]	515	1217	32740	67.0632921874358	0	0	-609	609	34	0
2025-10-31	17:47:27[352]	515	1217	32740	67.0632921874358	0	0	-609	609	34	0
2025-10-31	17:47:28[249]	515	1217	32740	67.0632921874358	0	0	-609	609	34	0
2025-10-31	17:47:29[072]	515	1217	32740	67.0632921874358	0	0	-609	609	34	0
2025-10-31	17:47:29[565]	515	1217	32740	67.0632921874358	0	0	-609	609	34	0
2025-10-31	17:47:30[156]	515	1217	32740	67.0632921874358	0	0	-609	609	34	0
2025-10-31	17:47:30[764]	515	1217	32740	67.0632921874358	0	0	-609	609	34	0
2025-10-31	17:47:31[476]	515	1217	32740	67.0632921874358	0	0	-609	609	34	0
2025-10-31	17:47:32[167]	515	1217	32740	67.0632921874358	0	0	-609	609	34	0
2025-10-31	17:47:32[662]	515	1217	32740	67.0632921874358	0	0	-609	609	34	0
2025-10-31	17:47:33[367]	515	1217	32740	67.0632921874358	0	0	-609	609	34	0
2025-10-31	17:47:33[869]	515	1217	32740	67.0632921874358	0	0	-609	609	34	0
2025-10-31	17:47:34[662]	515	1217	32740	67.0632921874358	0	0	-609	609	34	0
2025-10-31	17:47:35[365]	515	1217	32740	67.0632921874358	0	0	-609	609	34	0
2025-10-31	17:47:35[863]	515	1217	32740	67.0632921874358	0	0	-609	609	34	0
2025-10-31	17:47:36[775]	515	1217	32740	67.0632921874358	0	0	-609	609	34	0
2025-10-31	17:47:37[271]	515	1217	32740	67.0632921874358	0	0	-609	609	34	0
2025-10-31	17:47:37[877]	515	1217	32740	67.0632921874358	0	0	-609	609	34	0
2025-10-31	17:47:38[595]	515	1217	32740	67.0632921874358	0	0	-609	609	34	0
2025-10-31	17:47:39[082]	515	1217	32740	67.0632921874358	0	0	-609	609	34	0
2025-10-31	17:47:39[573]	515	1217	32740	67.0632921874358	0	0	-609	609	34	0
2025-10-31	17:47:40[085]	515	1217	32740	67.0632921874358	0	0	-609	609	34	0
2025-10-31	17:47:40[773]	515	1217	32740	67.0632921874358	0	0	-609	609	34	0
2025-10-31	17:47:41[478]	515	1217	32740	67.0632921874358	0	0	-609	609	34	0
2025-10-31	17:47:42[389]	515	1217	32740	67.0632921874358	0	0	-609	609	34	0
2025-10-31	17:47:43[388]	515	1217	32740	67.0632921874358	0	0	-609	609	34	0
2025-10-31	17:47:44[692]	515	1217	32740	67.0632921874358	0	0	-609	609	34	0
2025-10-31	17:47:45[286]	515	1217	32740	67.0632921874358	0	0	-609	609	34	0
2025-10-31	17:47:46[084]	515	1217	32740	67.0632921874358	0	0	-609	609	34	0
2025-10-31	17:47:46[690]	515	1217	32740	67.0632921874358	0	0	-609	609	34	0
2025-10-31	17:47:48[499]	515	1217	32740	67.0632921874358	0	0	-609	609	34	0
2025-10-31	17:47:49[091]	515	1217	32740	67.0632921874358	0	0	-609	609	34	0
2025-10-31	17:47:50[099]	515	1217	32740	67.0632921874358	0	0	-609	609	34	0
2025-10-31	17:47:50[706]	515	1217	32740	67.0632921874358	0	0	-609	609	34	0
2025-10-31	17:47:51[413]	515	1217	32740	67.0632921874358	0	0	-609	609	34	0
2025-10-31	17:47:52[515]	515	1217	32740	67.0632921874358	0	0	-609	609	34	0
2025-10-31	17:47:53[319]	515	1217	32740	67.0632921874358	0	0	-609	609	34	0
2025-10-31	17:47:54[005]	515	1217	32740	67.0632921874358	0	0	-609	609	34	0
2025-10-31	17:47:54[520]	515	1217	32740	67.0632921874358	0	0	-609	609	34	0
2025-10-31	17:47:55[416]	515	1217	32740	67.0632921874358	0	0	-609	609	34	0
2025-10-31	17:47:56[030]	515	1217	32740	67.0632921874358	0	0	-609	609	34	0
2025-10-31	17:47:56[721]	515	1217	32740	67.0632921874358	0	0	-609	609	34	0
2025-10-31	17:47:57[616]	515	1217	32740	67.0632921874358	0	0	-609	609	34	0
2025-10-31	17:47:58[816]	515	1217	32740	67.0632921874358	0	0	-609	609	34	0
2025-10-31	17:47:59[423]	515	1217	32740	67.0632921874358	0	0	-609	609	34	0
2025-10-31	17:48:00[015]	515	1217	32740	67.0632921874358	0	0	-609	609	34	0
2025-10-31	17:48:00[838]	515	1217	32740	67.0632921874358	0	0	-609	609	34	0
2025-10-31	17:48:01[424]	515	1217	32740	67.0632921874358	0	0	-609	609	34	0
2025-10-31	17:48:02[037]	515	1217	32740	67.0632921874358	0	0	-609	609	34	0
2025-10-31	17:48:02[831]	515	1217	32740	67.0632921874358	0	0	-609	609	34	0
2025-10-31	17:48:03[734]	515	1217	32740	67.0632921874358	0	0	-609	609	34	0
2025-10-31	17:48:04[239]	515	1217	32740	67.0632921874358	0	0	-609	609	34	0
2025-10-31	17:48:04[737]	515	1217	32740	67.0632921874358	0	0	-609	609	34	0
2025-10-31	17:48:05[742]	515	1217	32740	67.0632921874358	0	0	-609	609	34	0
2025-10-31	17:48:06[336]	515	1217	32740	67.0632921874358	0	0	-609	609	34	0
2025-10-31	17:48:06[942]	515	1217	32740	67.0632921874358	0	0	-609	609	34	0
2025-10-31	17:48:07[447]	515	1217	32740	67.0632921874358	0	0	-609	609	34	0
2025-10-31	17:48:07[939]	515	1217	32740	67.0632921874358	0	0	-609	609	34	0
2025-10-31	17:48:08[446]	515	1217	32740	67.0632921874358	0	0	-609	609	34	0
2025-10-31	17:48:09[038]	515	1217	32740	67.0632921874358	0	0	-609	609	34	0
2025-10-31	17:48:09[744]	515	1217	32740	67.0632921874358	0	0	-609	609	34	0
2025-10-31	17:48:10[656]	515	1217	32740	67.0632921874358	0	0	-609	609	34	0
2025-10-31	17:48:11[244]	515	1217	32740	67.0632921874358	0	0	-609	609	34	0
2025-10-31	17:48:12[253]	515	1217	32740	67.0632921874358	0	0	-609	609	34	0
2025-10-31	17:48:12[846]	515	1217	32740	67.0632921874358	0	0	-609	609	34	0
2025-10-31	17:48:13[357]	515	1217	32740	67.0632921874358	0	0	-609	609	34	0
2025-10-31	17:48:14[260]	515	1217	32740	67.0632921874358	0	0	-609	609	34	0
2025-10-31	17:48:15[575]	515	1217	32740	67.0632921874358	0	0	-609	609	34	0
2025-10-31	17:48:16[657]	515	1217	32740	67.0632921874358	0	0	-609	609	34	0
2025-10-31	17:48:17[369]	515	1217	32740	67.0632921874358	0	0	-609	609	34	0
2025-10-31	17:48:17[971]	515	1217	32740	67.0632921874358	0	0	-609	609	34	0
2025-10-31	17:48:18[462]	515	1217	32740	67.0632921874358	0	0	-609	609	34	0
2025-10-31	17:48:18[978]	515	1217	32740	67.0632921874358	0	0	-609	609	34	0
2025-10-31	17:48:19[568]	515	1217	32740	67.0632921874358	0	0	-609	609	34	0
2025-10-31	17:48:20[670]	515	1217	32740	67.0632921874358	0	0	-609	609	34	0
2025-10-31	17:48:21[385]	515	1217	32740	67.0632921874358	0	0	-609	609	34	0
2025-10-31	17:48:22[194]	515	1217	32740	67.0632921874358	0	0	-609	609	34	0
2025-10-31	17:48:22[973]	515	1217	32740	67.0632921874358	0	0	-609	609	34	0
2025-10-31	17:48:24[090]	515	1217	32740	67.0632921874358	0	0	-609	609	34	0
2025-10-31	17:48:24[885]	515	1217	32740	67.0632921874358	0	0	-609	609	34	0
2025-10-31	17:48:25[386]	515	1217	32740	67.0632921874358	0	0	-609	609	34	0
2025-10-31	17:48:26[189]	515	1217	32740	67.0632921874358	0	0	-609	609	34	0
2025-10-31	17:48:26[780]	515	1217	32740	67.0632921874358	0	0	-609	609	34	0
2025-10-31	17:48:27[289]	515	1217	32740	67.0632921874358	0	0	-609	609	34	0
2025-10-31	17:48:27[785]	515	1217	32740	67.0632921874358	0	0	-609	609	34	0
2025-10-31	17:48:28[585]	515	1217	32740	67.0632921874358	0	0	-609	609	34	0
2025-10-31	17:48:29[596]	515	1217	32740	67.0632921874358	0	0	-609	609	34	0
2025-10-31	17:48:30[300]	515	1217	32740	67.0632921874358	0	0	-609	609	34	0
2025-10-31	17:48:31[991]	515	1217	32740	67.0632921874358	0	0	-609	609	34	0
2025-10-31	17:48:32[599]	515	1217	32740	67.0632921874358	0	0	-609	609	34	0
2025-10-31	17:48:33[310]	515	1217	32740	67.0632921874358	0	0	-609	609	34	0
2025-10-31	17:48:34[202]	515	1217	32740	67.0632921874358	0	0	-609	609	34	0
2025-10-31	17:48:34[813]	515	1217	32740	67.0632921874358	0	0	-609	609	34	0
2025-10-31	17:48:35[304]	515	1217	32740	67.0632921874358	0	0	-609	609	34	0
2025-10-31	17:48:36[317]	515	1217	32740	67.0632921874358	0	0	-609	609	34	0
2025-10-31	17:48:36[808]	515	1217	32740	67.0632921874358	0	0	-609	609	34	0
2025-10-31	17:48:37[915]	515	1217	32740	67.0632921874358	0	0	-609	609	34	0
2025-10-31	17:48:38[508]	515	1217	32740	67.0632921874358	0	0	-609	609	34	0
2025-10-31	17:48:39[017]	515	1217	32740	67.0632921874358	0	0	-609	609	34	0
2025-10-31	17:48:40[027]	515	1217	32740	67.0632921874358	0	0	-609	609	34	0
2025-10-31	17:48:41[323]	515	1217	32740	67.0632921874358	0	0	-609	609	34	0
2025-10-31	17:48:42[525]	515	1217	32740	67.0632921874358	0	0	-609	609	34	0
2025-10-31	17:48:43[319]	515	1217	32740	67.0632921874358	0	0	-609	609	34	0
2025-10-31	17:48:44[116]	515	1217	32740	67.0632921874358	0	0	-609	609	34	0
2025-10-31	17:48:44[819]	515	1217	32740	67.0632921874358	0	0	-609	609	34	0
2025-10-31	17:48:45[435]	515	1217	32740	67.0632921874358	0	0	-609	609	34	0
2025-10-31	17:48:46[242]	515	1217	32740	67.0632921874358	0	0	-609	609	34	0
2025-10-31	17:48:47[123]	515	1217	32740	67.0632921874358	0	0	-609	609	34	0
2025-10-31	17:48:47[649]	515	1217	32740	67.0632921874358	0	0	-609	609	34	0
2025-10-31	17:48:48[228]	515	1217	32740	67.0632921874358	0	0	-609	609	34	0
2025-10-31	17:48:48[931]	515	1217	32740	67.0632921874358	0	0	-609	609	34	0
2025-10-31	17:48:49[429]	515	1217	32740	67.0632921874358	0	0	-609	609	34	0
2025-10-31	17:48:50[036]	515	1217	32740	67.0632921874358	0	0	-609	609	34	0
2025-10-31	17:48:50[739]	515	1217	32740	67.0632921874358	0	0	-609	609	34	0
2025-10-31	17:48:52[446]	515	1217	32740	67.0632921874358	0	0	-609	609	34	0
2025-10-31	17:48:53[049]	515	1217	32740	67.0632921874358	0	0	-609	609	34	0
2025-10-31	17:48:53[539]	515	1217	32740	67.0632921874358	0	0	-609	609	34	0
2025-10-31	17:48:54[954]	515	1217	32740	67.0632921874358	0	0	-609	609	34	0
2025-10-31	17:48:55[851]	515	1217	32740	67.0632921874358	0	0	-609	609	34	0
2025-10-31	17:48:57[657]	515	1217	32740	67.0632921874358	0	0	-609	609	34	0
2025-10-31	17:48:58[353]	515	1217	32740	67.0632921874358	0	0	-609	609	34	0
2025-10-31	17:48:59[181]	515	1217	32740	67.0632921874358	0	0	-609	609	34	0
2025-10-31	17:48:59[964]	515	1217	32740	67.0632921874358	0	0	-609	609	34	0
2025-10-31	17:49:01[174]	515	1217	32740	67.0632921874358	0	0	-609	609	34	0
2025-10-31	17:49:01[857]	515	1217	32740	67.0632921874358	0	0	-609	609	34	0
2025-10-31	17:49:02[368]	515	1217	32740	67.0632921874358	0	0	-609	609	34	0
2025-10-31	17:49:03[370]	515	1217	32740	67.0632921874358	0	0	-609	609	34	0
2025-10-31	17:49:03[874]	515	1217	32740	67.0632921874358	0	0	-609	609	34	0
2025-10-31	17:49:04[576]	515	1217	32740	67.0632921874358	0	0	-609	609	34	0
2025-10-31	17:49:05[176]	515	1217	32740	67.0632921874358	0	0	-609	609	34	0
2025-10-31	17:49:05[792]	515	1217	32740	67.0632921874358	0	0	-609	609	34	0
2025-10-31	17:49:06[291]	515	1217	32740	67.0632921874358	0	0	-609	609	34	0
2025-10-31	17:49:06[880]	515	1217	32740	67.0632921874358	0	0	-609	609	34	0
2025-10-31	17:49:07[470]	515	1217	32740	67.0632921874358	0	0	-609	609	34	0
2025-10-31	17:49:07[982]	515	1217	32740	67.0632921874358	0	0	-609	609	34	0
2025-10-31	17:49:08[489]	515	1217	32740	67.0632921874358	0	0	-609	609	34	0
2025-10-31	17:49:09[502]	515	1217	32740	67.0632921874358	0	0	-609	609	34	0
2025-10-31	17:49:10[189]	515	1217	32740	67.0632921874358	0	0	-609	609	34	0
2025-10-31	17:49:11[278]	515	1217	32740	67.0632921874358	0	0	-609	609	34	0
2025-10-31	17:49:12[077]	515	1217	32740	67.0632921874358	0	0	-609	609	34	0
2025-10-31	17:49:12[687]	515	1217	32740	67.0632921874358	0	0	-609	609	34	0
2025-10-31	17:49:13[307]	515	1217	32740	67.0632921874358	0	0	-609	609	34	0
2025-10-31	17:49:14[286]	515	1217	32740	67.0632921874358	0	0	-609	609	34	0
2025-10-31	17:49:15[085]	515	1217	32740	67.0632921874358	0	0	-609	609	34	0
2025-10-31	17:49:15[604]	515	1217	32740	67.0632921874358	0	0	-609	609	34	0
2025-10-31	17:49:16[396]	515	1217	32740	67.0632921874358	0	0	-609	609	34	0
2025-10-31	17:49:17[202]	515	1217	32740	67.0632921874358	0	0	-609	609	34	0
2025-10-31	17:49:18[225]	515	1217	32740	67.0632921874358	0	0	-609	609	34	0
2025-10-31	17:49:19[325]	515	1217	32740	67.0632921874358	0	0	-609	609	34	0
2025-10-31	17:49:20[508]	515	1217	32740	67.0632921874358	0	0	-609	609	34	0
2025-10-31	17:49:21[227]	515	1217	32740	67.0632921874358	0	0	-609	609	34	0
2025-10-31	17:49:23[406]	515	1217	32740	67.0632921874358	0	0	-609	609	34	0
2025-10-31	17:49:24[109]	515	1217	32740	67.0632921874358	0	0	-609	609	34	0
2025-10-31	17:49:25[023]	515	1217	32740	67.0632921874358	0	0	-609	609	34	0
2025-10-31	17:49:27[327]	515	1217	32740	67.0632921874358	0	0	-609	609	34	0
2025-10-31	17:49:27[819]	515	1217	32740	67.0632921874358	0	0	-609	609	34	0
2025-10-31	17:49:28[546]	515	1217	32740	67.0632921874358	0	0	-609	609	34	0
2025-10-31	17:49:29[130]	515	1217	32740	67.0632921874358	0	0	-609	609	34	0
2025-10-31	17:49:30[129]	515	1217	32740	67.0632921874358	0	0	-609	609	34	0
2025-10-31	17:49:31[327]	515	1217	32740	67.0632921874358	0	0	-609	609	34	0
2025-10-31	17:49:31[930]	515	1217	32740	67.0632921874358	0	0	-609	609	34	0
2025-10-31	17:49:32[432]	515	1217	32740	67.0632921874358	0	0	-609	609	34	0
2025-10-31	17:49:33[938]	515	1217	32740	67.0632921874358	0	0	-609	609	34	0
2025-10-31	17:49:36[041]	515	1217	32740	67.0632921874358	0	0	-609	609	34	0
2025-10-31	17:49:36[939]	515	1217	32740	67.0632921874358	0	0	-609	609	34	0
2025-10-31	17:49:37[646]	515	1217	32740	67.0632921874358	0	0	-609	609	34	0
2025-10-31	17:49:38[247]	515	1217	32740	67.0632921874358	0	0	-609	609	34	0
2025-10-31	17:49:39[047]	515	1217	32740	67.0632921874358	0	0	-609	609	34	0
2025-10-31	17:49:39[872]	515	1217	32740	67.0632921874358	0	0	-609	609	34	0
2025-10-31	17:49:41[358]	515	1217	32740	67.0632921874358	0	0	-609	609	34	0
2025-10-31	17:49:42[158]	515	1217	32740	67.0632921874358	0	0	-609	609	34	0
2025-10-31	17:49:43[272]	515	1217	32740	67.0632921874358	0	0	-609	609	34	0
2025-10-31	17:49:44[765]	515	1217	32740	67.0632921874358	0	0	-609	609	34	0
2025-10-31	17:49:45[573]	515	1217	32740	67.0632921874358	0	0	-609	609	34	0
2025-10-31	17:49:46[059]	515	1217	32740	67.0632921874358	0	0	-609	609	34	0
2025-10-31	17:49:46[683]	515	1217	32740	67.0632921874358	0	0	-609	609	34	0
2025-10-31	17:49:47[273]	515	1217	32740	67.0632921874358	0	0	-609	609	34	0
2025-10-31	17:49:48[164]	515	1217	32740	67.0632921874358	0	0	-609	609	34	0
2025-10-31	17:49:48[872]	515	1217	32740	67.0632921874358	0	0	-609	609	34	0
2025-10-31	17:49:49[575]	515	1217	32740	67.0632921874358	0	0	-609	609	34	0
2025-10-31	17:49:50[276]	515	1217	32740	67.0632921874358	0	0	-609	609	34	0
2025-10-31	17:49:50[868]	515	1217	32740	67.0632921874358	0	0	-609	609	34	0
2025-10-31	17:49:51[485]	515	1217	32740	67.0632921874358	0	0	-609	609	34	0
2025-10-31	17:49:52[374]	515	1217	32740	67.0632921874358	0	0	-609	609	34	0
2025-10-31	17:49:53[081]	515	1217	32740	67.0632921874358	0	0	-609	609	34	0
2025-10-31	17:49:54[087]	515	1217	32740	67.0632921874358	0	0	-609	609	34	0
2025-10-31	17:49:54[674]	515	1217	32740	67.0632921874358	0	0	-609	609	34	0
2025-10-31	17:49:55[891]	515	1217	32740	67.0632921874358	0	0	-609	609	34	0
2025-10-31	17:49:56[493]	515	1217	32740	67.0632921874358	0	0	-609	609	34	0
2025-10-31	17:49:56[994]	515	1217	32740	67.0632921874358	0	0	-609	609	34	0
2025-10-31	17:49:57[489]	515	1217	32740	67.0632921874358	0	0	-609	609	34	0
2025-10-31	17:49:58[083]	515	1217	32740	67.0632921874358	0	0	-609	609	34	0
2025-10-31	17:49:59[604]	515	1217	32740	67.0632921874358	0	0	-609	609	34	0
2025-10-31	17:50:00[921]	515	1217	32740	67.0632921874358	0	0	-609	609	34	0
2025-10-31	17:50:01[396]	515	1217	32740	67.0632921874358	0	0	-609	609	34	0
2025-10-31	17:50:02[099]	515	1217	32740	67.0632921874358	0	0	-609	609	34	0
2025-10-31	17:50:03[507]	515	1217	32740	67.0632921874358	0	0	-609	609	34	0
2025-10-31	17:50:04[411]	515	1217	32740	67.0632921874358	0	0	-609	609	34	0
2025-10-31	17:50:05[018]	515	1217	32740	67.0632921874358	0	0	-609	609	34	0
2025-10-31	17:50:05[721]	515	1217	32740	67.0632921874358	0	0	-609	609	34	0
2025-10-31	17:50:06[217]	515	1217	32740	67.0632921874358	0	0	-609	609	34	0
2025-10-31	17:50:06[717]	515	1217	32740	67.0632921874358	0	0	-609	609	34	0
2025-10-31	17:50:07[332]	515	1217	32740	67.0632921874358	0	0	-609	609	34	0
2025-10-31	17:50:07[815]	515	1217	32740	67.0632921874358	0	0	-609	609	34	0
2025-10-31	17:50:08[426]	515	1217	32740	67.0632921874358	0	0	-609	609	34	0
2025-10-31	17:50:09[729]	515	1217	32740	67.0632921874358	0	0	-609	609	34	0
2025-10-31	17:50:10[208]	515	1217	32740	67.0632921874358	0	0	-609	609	34	0
2025-10-31	17:50:10[822]	515	1217	32740	67.0632921874358	0	0	-609	609	34	0
2025-10-31	17:50:11[312]	515	1217	32740	67.0632921874358	0	0	-609	609	34	0
2025-10-31	17:50:11[824]	515	1217	32740	67.0632921874358	0	0	-609	609	34	0
2025-10-31	17:50:12[630]	515	1217	32740	67.0632921874358	0	0	-609	609	34	0
2025-10-31	17:50:14[536]	515	1217	32740	67.0632921874358	0	0	-609	609	34	0
2025-10-31	17:50:15[260]	515	1217	32740	67.0632921874358	0	0	-609	609	34	0
2025-10-31	17:50:15[821]	515	1217	32740	67.0632921874358	0	0	-609	609	34	0
2025-10-31	17:50:17[149]	515	1217	32740	67.0632921874358	0	0	-609	609	34	0
2025-10-31	17:50:17[725]	515	1217	32740	67.0632921874358	0	0	-609	609	34	0
2025-10-31	17:50:18[961]	515	1217	32740	67.0632921874358	0	0	-609	609	34	0
2025-10-31	17:50:21[256]	515	1217	32740	67.0632921874358	0	0	-609	609	34	0
2025-10-31	17:50:21[847]	515	1217	32740	67.0632921874358	0	0	-609	609	34	0
2025-10-31	17:50:22[451]	515	1217	32740	67.0632921874358	0	0	-609	609	34	0
2025-10-31	17:50:22[951]	515	1217	32740	67.0632921874358	0	0	-609	609	34	0
2025-10-31	17:50:23[853]	515	1217	32740	67.0632921874358	0	0	-609	609	34	0
2025-10-31	17:50:24[351]	515	1217	32740	67.0632921874358	0	0	-609	609	34	0
2025-10-31	17:50:25[252]	515	1217	32740	67.0632921874358	0	0	-609	609	34	0
2025-10-31	17:50:26[468]	515	1217	32740	67.0632921874358	0	0	-609	609	34	0
2025-10-31	17:50:27[061]	515	1217	32740	67.0632921874358	0	0	-609	609	34	0
2025-10-31	17:50:27[869]	515	1217	32740	67.0632921874358	0	0	-609	609	34	0
2025-10-31	17:50:28[554]	515	1217	32740	67.0632921874358	0	0	-609	609	34	0
2025-10-31	17:50:29[185]	515	1217	32740	67.0632921874358	0	0	-609	609	34	0
2025-10-31	17:50:29[871]	515	1217	32740	67.0632921874358	0	0	-609	609	34	0
2025-10-31	17:50:30[678]	515	1217	32740	67.0632921874358	0	0	-609	609	34	0
2025-10-31	17:50:31[659]	515	1217	32740	67.0632921874358	0	0	-609	609	34	0
2025-10-31	17:50:33[702]	515	1217	32740	67.0632921874358	0	0	-609	609	34	0
2025-10-31	17:50:35[768]	515	1217	32740	67.0632921874358	0	0	-609	609	34	0
2025-10-31	17:50:36[281]	515	1217	32740	67.0632921874358	0	0	-609	609	34	0
2025-10-31	17:50:38[690]	515	1217	32740	67.0632921874358	0	0	-609	609	34	0
2025-10-31	17:50:39[621]	515	1217	32740	67.0632921874358	0	0	-609	609	34	0
2025-10-31	17:50:40[290]	515	1217	32740	67.0632921874358	0	0	-609	609	34	0
2025-10-31	17:50:40[987]	515	1217	32740	67.0632921874358	0	0	-609	609	34	0
2025-10-31	17:50:41[894]	515	1217	32740	67.0632921874358	0	0	-609	609	34	0
2025-10-31	17:50:43[903]	515	1217	32740	67.0632921874358	0	0	-609	609	34	0
2025-10-31	17:50:44[913]	515	1217	32740	67.0632921874358	0	0	-609	609	34	0
2025-10-31	17:50:45[702]	515	1217	32740	67.0632921874358	0	0	-609	609	34	0
2025-10-31	17:50:46[510]	515	1217	32740	67.0632921874358	0	0	-609	609	34	0
2025-10-31	17:50:47[409]	515	1217	32740	67.0632921874358	0	0	-609	609	34	0
2025-10-31	17:50:48[030]	515	1217	32740	67.0632921874358	0	0	-609	609	34	0
2025-10-31	17:50:49[325]	515	1217	32740	67.0632921874358	0	0	-609	609	34	0
2025-10-31	17:50:50[708]	515	1217	32740	67.0632921874358	0	0	-609	609	34	0
2025-10-31	17:50:51[524]	515	1217	32740	67.0632921874358	0	0	-609	609	34	0
2025-10-31	17:50:52[321]	515	1217	32740	67.0632921874358	0	0	-609	609	34	0
2025-10-31	17:50:52[927]	515	1217	32740	67.0632921874358	0	0	-609	609	34	0
2025-10-31	17:50:53[413]	515	1217	32740	67.0632921874358	0	0	-609	609	34	0
2025-10-31	17:50:54[831]	515	1217	32740	67.0632921874358	0	0	-609	609	34	0
2025-10-31	17:50:55[728]	515	1217	32740	67.0632921874358	0	0	-609	609	34	0
2025-10-31	17:50:56[238]	515	1217	32740	67.0632921874358	0	0	-609	609	34	0
2025-10-31	17:50:56[940]	515	1217	32740	67.0632921874358	0	0	-609	609	34	0
2025-10-31	17:50:57[634]	515	1217	32740	67.0632921874358	0	0	-609	609	34	0
2025-10-31	17:50:58[131]	515	1217	32740	67.0632921874358	0	0	-609	609	34	0
2025-10-31	17:50:58[638]	515	1217	32740	67.0632921874358	0	0	-609	609	34	0
2025-10-31	17:50:59[349]	515	1217	32740	67.0632921874358	0	0	-609	609	34	0
2025-10-31	17:51:00[352]	515	1217	32740	67.0632921874358	0	0	-609	609	34	0
2025-10-31	17:51:02[034]	515	1217	32740	67.0632921874358	0	0	-609	609	34	0
2025-10-31	17:51:02[562]	515	1217	32740	67.0632921874358	0	0	-609	609	34	0
2025-10-31	17:51:03[446]	515	1217	32740	67.0632921874358	0	0	-609	609	34	0
2025-10-31	17:51:04[548]	515	1217	32740	67.0632921874358	0	0	-609	609	34	0
2025-10-31	17:51:05[142]	515	1217	32740	67.0632921874358	0	0	-609	609	34	0
2025-10-31	17:51:05[856]	515	1217	32740	67.0632921874358	0	0	-609	609	34	0
2025-10-31	17:51:06[363]	515	1217	32740	67.0632921874358	0	0	-609	609	34	0
2025-10-31	17:51:07[345]	515	1217	32740	67.0632921874358	0	0	-609	609	34	0
2025-10-31	17:51:08[755]	515	1217	32740	67.0632921874358	0	0	-609	609	34	0
2025-10-31	17:51:09[551]	515	1217	32740	67.0632921874358	0	0	-609	609	34	0
2025-10-31	17:51:10[160]	515	1217	32740	67.0632921874358	0	0	-609	609	34	0
2025-10-31	17:51:11[772]	515	1217	32740	67.0632921874358	0	0	-609	609	34	0
2025-10-31	17:51:12[772]	515	1217	32740	67.0632921874358	0	0	-609	609	34	0
2025-10-31	17:51:13[568]	515	1217	32740	67.0632921874358	0	0	-609	609	34	0
2025-10-31	17:51:14[289]	515	1217	32740	67.0632921874358	0	0	-609	609	34	0
2025-10-31	17:51:15[197]	515	1217	32740	67.0632921874358	0	0	-609	609	34	0
2025-10-31	17:51:15[878]	515	1217	32740	67.0632921874358	0	0	-609	609	34	0
2025-10-31	17:51:16[372]	515	1217	32740	67.0632921874358	0	0	-609	609	34	0
2025-10-31	17:51:17[072]	515	1217	32740	67.0632921874358	0	0	-609	609	34	0
2025-10-31	17:51:17[880]	515	1217	32740	67.0632921874358	0	0	-609	609	34	0
2025-10-31	17:51:18[878]	515	1217	32740	67.0632921874358	0	0	-609	609	34	0
2025-10-31	17:51:19[717]	515	1217	32740	67.0632921874358	0	0	-609	609	34	0
2025-10-31	17:51:20[399]	515	1217	32740	67.0632921874358	0	0	-609	609	34	0
2025-10-31	17:51:20[883]	515	1217	32740	67.0632921874358	0	0	-609	609	34	0
2025-10-31	17:51:21[393]	515	1217	32740	67.0632921874358	0	0	-609	609	34	0
2025-10-31	17:51:21[892]	515	1217	32740	67.0632921874358	0	0	-609	609	34	0
2025-10-31	17:51:22[793]	515	1217	32740	67.0632921874358	0	0	-609	609	34	0
2025-10-31	17:51:23[402]	515	1217	32740	67.0632921874358	0	0	-609	609	34	0
2025-10-31	17:51:24[123]	515	1217	32740	67.0632921874358	0	0	-609	609	34	0
2025-10-31	17:51:25[693]	515	1217	32740	67.0632921874358	0	0	-609	609	34	0
2025-10-31	17:51:26[299]	515	1217	32740	67.0632921874358	0	0	-609	609	34	0
2025-10-31	17:51:26[796]	515	1217	32740	67.0632921874358	0	0	-609	609	34	0
2025-10-31	17:51:28[009]	515	1217	32740	67.0632921874358	0	0	-609	609	34	0
2025-10-31	17:51:28[491]	515	1217	32740	67.0632921874358	0	0	-609	609	34	0
2025-10-31	17:51:30[013]	515	1217	32740	67.0632921874358	0	0	-609	609	34	0
2025-10-31	17:51:31[313]	515	1217	32740	67.0632921874358	0	0	-609	609	34	0
2025-10-31	17:51:33[011]	515	1217	32740	67.0632921874358	0	0	-609	609	34	0
2025-10-31	17:51:33[613]	515	1217	32740	67.0632921874358	0	0	-609	609	34	0
2025-10-31	17:51:34[111]	515	1217	32740	67.0632921874358	0	0	-609	609	34	0
2025-10-31	17:51:35[026]	515	1217	32740	67.0632921874358	0	0	-609	609	34	0
2025-10-31	17:51:35[738]	515	1217	32740	67.0632921874358	0	0	-609	609	34	0
2025-10-31	17:51:37[337]	515	1217	32740	67.0632921874358	0	0	-609	609	34	0
2025-10-31	17:51:37[929]	515	1217	32740	67.0632921874358	0	0	-609	609	34	0
2025-10-31	17:51:38[733]	515	1217	32740	67.0632921874358	0	0	-609	609	34	0
2025-10-31	17:51:39[635]	515	1217	32740	67.0632921874358	0	0	-609	609	34	0
2025-10-31	17:51:40[133]	515	1217	32740	67.0632921874358	0	0	-609	609	34	0
2025-10-31	17:51:40[926]	515	1217	32740	67.0632921874358	0	0	-609	609	34	0
2025-10-31	17:51:41[736]	515	1217	32740	67.0632921874358	0	0	-609	609	34	0
2025-10-31	17:51:42[329]	515	1217	32740	67.0632921874358	0	0	-609	609	34	0
2025-10-31	17:51:42[936]	515	1217	32740	67.0632921874358	0	0	-609	609	34	0
2025-10-31	17:51:45[571]	515	1217	32740	67.0632921874358	0	0	-609	609	34	0
2025-10-31	17:51:46[446]	515	1217	32740	67.0632921874358	0	0	-609	609	34	0
2025-10-31	17:51:47[252]	515	1217	32740	67.0632921874358	0	0	-609	609	34	0
2025-10-31	17:51:48[038]	515	1217	32740	67.0632921874358	0	0	-609	609	34	0
2025-10-31	17:51:50[963]	515	1217	32740	67.0632921874358	0	0	-609	609	34	0
2025-10-31	17:51:51[570]	515	1217	32740	67.0632921874358	0	0	-609	609	34	0
2025-10-31	17:51:52[066]	515	1217	32740	67.0632921874358	0	0	-609	609	34	0
2025-10-31	17:51:52[866]	515	1217	32740	67.0632921874358	0	0	-609	609	34	0
2025-10-31	17:51:53[962]	515	1217	32740	67.0632921874358	0	0	-609	609	34	0
2025-10-31	17:51:55[381]	515	1217	32740	67.0632921874358	0	0	-609	609	34	0
2025-10-31	17:51:55[864]	515	1217	32740	67.0632921874358	0	0	-609	609	34	0
2025-10-31	17:51:57[586]	515	1217	32740	67.0632921874358	0	0	-609	609	34	0
2025-10-31	17:51:58[067]	515	1217	32740	67.0632921874358	0	0	-609	609	34	0
2025-10-31	17:51:58[588]	515	1217	32740	67.0632921874358	0	0	-609	609	34	0
2025-10-31	17:51:59[371]	515	1217	32740	67.0632921874358	0	0	-609	609	34	0
2025-10-31	17:52:00[181]	515	1217	32740	67.0632921874358	0	0	-609	609	34	0
2025-10-31	17:52:00[875]	515	1217	32740	67.0632921874358	0	0	-609	609	34	0
2025-10-31	17:52:01[795]	515	1217	32740	67.0632921874358	0	0	-609	609	34	0
2025-10-31	17:52:02[384]	515	1217	32740	67.0632921874358	0	0	-609	609	34	0
2025-10-31	17:52:03[379]	515	1217	32740	67.0632921874358	0	0	-609	609	34	0
2025-10-31	17:52:04[014]	515	1217	32740	67.0632921874358	0	0	-609	609	34	0
2025-10-31	17:52:05[503]	515	1217	32740	67.0632921874358	0	0	-609	609	34	0
2025-10-31	17:52:05[989]	515	1217	32740	67.0632921874358	0	0	-609	609	34	0
2025-10-31	17:52:07[394]	515	1217	32740	67.0632921874358	0	0	-609	609	34	0
2025-10-31	17:52:08[530]	515	1217	32740	67.0632921874358	0	0	-609	609	34	0
2025-10-31	17:52:09[801]	515	1217	32740	67.0632921874358	0	0	-609	609	34	0
2025-10-31	17:52:10[696]	515	1217	32740	67.0632921874358	0	0	-609	609	34	0
2025-10-31	17:52:11[904]	515	1217	32740	67.0632921874358	0	0	-609	609	34	0
2025-10-31	17:52:13[300]	515	1217	32740	67.0632921874358	0	0	-609	609	34	0
2025-10-31	17:52:14[208]	515	1217	32740	67.0632921874358	0	0	-609	609	34	0
2025-10-31	17:52:14[706]	515	1217	32740	67.0632921874358	0	0	-609	609	34	0
2025-10-31	17:52:15[201]	515	1217	32740	67.0632921874358	0	0	-609	609	34	0
2025-10-31	17:52:17[320]	515	1217	32740	67.0632921874358	0	0	-609	609	34	0
2025-10-31	17:52:18[230]	515	1217	32740	67.0632921874358	0	0	-609	609	34	0
2025-10-31	17:52:19[630]	515	1217	32740	67.0632921874358	0	0	-609	609	34	0
2025-10-31	17:52:21[837]	515	1217	32740	67.0632921874358	0	0	-609	609	34	0
2025-10-31	17:52:22[925]	515	1217	32740	67.0632921874358	0	0	-609	609	34	0
2025-10-31	17:52:23[436]	515	1217	32740	67.0632921874358	0	0	-609	609	34	0
2025-10-31	17:52:24[130]	515	1217	32740	67.0632921874358	0	0	-609	609	34	0
2025-10-31	17:52:24[740]	515	1217	32740	67.0632921874358	0	0	-609	609	34	0
2025-10-31	17:52:25[239]	515	1217	32740	67.0632921874358	0	0	-609	609	34	0
2025-10-31	17:52:25[837]	515	1217	32740	67.0632921874358	0	0	-609	609	34	0
2025-10-31	17:52:26[454]	515	1217	32740	67.0632921874358	0	0	-609	609	34	0
2025-10-31	17:52:26[972]	515	1217	32740	67.0632921874358	0	0	-609	609	34	0
2025-10-31	17:52:27[559]	515	1217	32740	67.0632921874358	0	0	-609	609	34	0
2025-10-31	17:52:28[149]	515	1217	32740	67.0632921874358	0	0	-609	609	34	0
2025-10-31	17:52:29[797]	515	1217	32740	67.0632921874358	0	0	-609	609	34	0
2025-10-31	17:52:30[253]	515	1217	32740	67.0632921874358	0	0	-609	609	34	0
2025-10-31	17:52:31[554]	515	1217	32740	67.0632921874358	0	0	-609	609	34	0
2025-10-31	17:52:32[085]	515	1217	32740	67.0632921874358	0	0	-609	609	34	0
2025-10-31	17:52:32[658]	515	1217	32740	67.0632921874358	0	0	-609	609	34	0
2025-10-31	17:52:33[270]	515	1217	32740	67.0632921874358	0	0	-609	609	34	0
2025-10-31	17:52:33[891]	515	1217	32740	67.0632921874358	0	0	-609	609	34	0
2025-10-31	17:52:34[860]	515	1217	32740	67.0632921874358	0	0	-609	609	34	0
2025-10-31	17:52:36[562]	515	1217	32740	67.0632921874358	0	0	-609	609	34	0
2025-10-31	17:52:37[075]	515	1217	32740	67.0632921874358	0	0	-609	609	34	0
2025-10-31	17:52:38[387]	515	1217	32740	67.0632921874358	0	0	-609	609	34	0
2025-10-31	17:52:39[071]	515	1217	32740	67.0632921874358	0	0	-609	609	34	0
2025-10-31	17:52:40[173]	515	1217	32740	67.0632921874358	0	0	-609	609	34	0
2025-10-31	17:52:40[674]	515	1217	32740	67.0632921874358	0	0	-609	609	34	0
2025-10-31	17:52:41[267]	515	1217	32740	67.0632921874358	0	0	-609	609	34	0
2025-10-31	17:52:41[782]	515	1217	32740	67.0632921874358	0	0	-609	609	34	0
2025-10-31	17:52:42[479]	515	1217	32740	67.0632921874358	0	0	-609	609	34	0
2025-10-31	17:52:43[380]	515	1217	32740	67.0632921874358	0	0	-609	609	34	0
2025-10-31	17:52:45[085]	515	1217	32740	67.0632921874358	0	0	-609	609	34	0
2025-10-31	17:52:46[096]	515	1217	32740	67.0632921874358	0	0	-609	609	34	0
2025-10-31	17:52:46[821]	515	1217	32740	67.0632921874358	0	0	-609	609	34	0
2025-10-31	17:52:48[902]	515	1217	32740	67.0632921874358	0	0	-609	609	34	0
2025-10-31	17:52:49[516]	515	1217	32740	67.0632921874358	0	0	-609	609	34	0
2025-10-31	17:52:50[017]	515	1217	32740	67.0632921874358	0	0	-609	609	34	0
2025-10-31	17:52:50[502]	515	1217	32740	67.0632921874358	0	0	-609	609	34	0
2025-10-31	17:52:51[304]	515	1217	32740	67.0632921874358	0	0	-609	609	34	0
2025-10-31	17:52:53[514]	515	1217	32740	67.0632921874358	0	0	-609	609	34	0
2025-10-31	17:52:54[742]	515	1217	32740	67.0632921874358	0	0	-609	609	34	0
2025-10-31	17:52:55[813]	515	1217	32740	67.0632921874358	0	0	-609	609	34	0
2025-10-31	17:52:56[617]	515	1217	32740	67.0632921874358	0	0	-609	609	34	0
2025-10-31	17:52:57[517]	515	1217	32740	67.0632921874358	0	0	-609	609	34	0
2025-10-31	17:52:58[020]	515	1217	32740	67.0632921874358	0	0	-609	609	34	0
2025-10-31	17:52:59[120]	515	1217	32740	67.0632921874358	0	0	-609	609	34	0
2025-10-31	17:53:00[235]	515	1217	32740	67.0632921874358	0	0	-609	609	34	0
2025-10-31	17:53:03[356]	515	1217	32740	67.0632921874358	0	0	-609	609	34	0
2025-10-31	17:53:04[926]	515	1217	32740	67.0632921874358	0	0	-609	609	34	0
2025-10-31	17:53:05[524]	515	1217	32740	67.0632921874358	0	0	-609	609	34	0
2025-10-31	17:53:06[637]	515	1217	32740	67.0632921874358	0	0	-609	609	34	0
2025-10-31	17:53:07[538]	515	1217	32740	67.0632921874358	0	0	-609	609	34	0
2025-10-31	17:53:09[052]	515	1217	32740	67.0632921874358	0	0	-609	609	34	0
2025-10-31	17:53:12[556]	515	1217	32740	67.0632921874358	0	0	-609	609	34	0
2025-10-31	17:53:13[176]	515	1217	32740	67.0632921874358	0	0	-609	609	34	0
2025-10-31	17:53:13[767]	515	1217	32740	67.0632921874358	0	0	-609	609	34	0
2025-10-31	17:53:15[163]	515	1217	32740	67.0632921874358	0	0	-609	609	34	0
2025-10-31	17:53:15[687]	515	1217	32740	67.0632921874358	0	0	-609	609	34	0
2025-10-31	17:53:16[757]	515	1217	32740	67.0632921874358	0	0	-609	609	34	0
2025-10-31	17:53:18[751]	515	1217	32740	67.0632921874358	0	0	-609	609	34	0
2025-10-31	17:53:19[466]	515	1217	32740	67.0632921874358	0	0	-609	609	34	0
2025-10-31	17:53:21[568]	515	1217	32740	67.0632921874358	0	0	-609	609	34	0
2025-10-31	17:53:22[067]	515	1217	32740	67.0632921874358	0	0	-609	609	34	0
2025-10-31	17:53:23[689]	515	1217	32740	67.0632921874358	0	0	-609	609	34	0
2025-10-31	17:53:24[500]	515	1217	32740	67.0632921874358	0	0	-609	609	34	0
2025-10-31	17:53:24[976]	515	1217	32740	67.0632921874358	0	0	-609	609	34	0
2025-10-31	17:53:26[185]	515	1217	32740	67.0632921874358	0	0	-609	609	34	0
2025-10-31	17:53:26[977]	515	1217	32740	67.0632921874358	0	0	-609	609	34	0
2025-10-31	17:53:27[488]	515	1217	32740	67.0632921874358	0	0	-609	609	34	0
2025-10-31	17:53:28[479]	515	1217	32740	67.0632921874358	0	0	-609	609	34	0
2025-10-31	17:53:28[992]	515	1217	32740	67.0632921874358	0	0	-609	609	34	0
2025-10-31	17:53:29[586]	515	1217	32740	67.0632921874358	0	0	-609	609	34	0
2025-10-31	17:53:30[703]	515	1217	32740	67.0632921874358	0	0	-609	609	34	0
2025-10-31	17:53:31[308]	515	1217	32740	67.0632921874358	0	0	-609	609	34	0
2025-10-31	17:53:32[004]	515	1217	32740	67.0632921874358	0	0	-609	609	34	0
2025-10-31	17:53:33[401]	515	1217	32740	67.0632921874358	0	0	-609	609	34	0
2025-10-31	17:53:34[304]	515	1217	32740	67.0632921874358	0	0	-609	609	34	0
2025-10-31	17:53:35[798]	515	1217	32740	67.0632921874358	0	0	-609	609	34	0
2025-10-31	17:53:36[402]	515	1217	32740	67.0632921874358	0	0	-609	609	34	0
2025-10-31	17:53:37[349]	515	1217	32740	67.0632921874358	0	0	-609	609	34	0
2025-10-31	17:53:38[704]	515	1217	32740	67.0632921874358	0	0	-609	609	34	0
2025-10-31	17:53:40[021]	515	1217	32740	67.0632921874358	0	0	-609	609	34	0
2025-10-31	17:53:40[615]	515	1217	32740	67.0632921874358	0	0	-609	609	34	0
2025-10-31	17:53:42[329]	515	1217	32740	67.0632921874358	0	0	-609	609	34	0
2025-10-31	17:53:42[820]	515	1217	32740	67.0632921874358	0	0	-609	609	34	0
2025-10-31	17:53:43[940]	515	1217	32740	67.0632921874358	0	0	-609	609	34	0
2025-10-31	17:53:44[842]	515	1217	32740	67.0632921874358	0	0	-609	609	34	0
2025-10-31	17:53:45[540]	515	1217	32740	67.0632921874358	0	0	-609	609	34	0
2025-10-31	17:53:46[223]	515	1217	32740	67.0632921874358	0	0	-609	609	34	0
2025-10-31	17:53:47[126]	515	1217	32740	67.0632921874358	0	0	-609	609	34	0
2025-10-31	17:53:47[625]	515	1217	32740	67.0632921874358	0	0	-609	609	34	0
2025-10-31	17:53:48[744]	515	1217	32740	67.0632921874358	0	0	-609	609	34	0
2025-10-31	17:53:50[026]	515	1217	32740	67.0632921874358	0	0	-609	609	34	0
2025-10-31	17:53:51[252]	515	1217	32740	67.0632921874358	0	0	-609	609	34	0
2025-10-31	17:53:51[845]	515	1217	32740	67.0632921874358	0	0	-609	609	34	0
2025-10-31	17:53:52[951]	515	1217	32740	67.0632921874358	0	0	-609	609	34	0
2025-10-31	17:53:53[558]	515	1217	32740	67.0632921874358	0	0	-609	609	34	0
2025-10-31	17:53:54[536]	515	1217	32740	67.0632921874358	0	0	-609	609	34	0
2025-10-31	17:53:55[148]	515	1217	32740	67.0632921874358	0	0	-609	609	34	0
2025-10-31	17:53:57[147]	515	1217	32740	67.0632921874358	0	0	-609	609	34	0
2025-10-31	17:53:57[674]	515	1217	32740	67.0632921874358	0	0	-609	609	34	0
2025-10-31	17:53:58[254]	515	1217	32740	67.0632921874358	0	0	-609	609	34	0
2025-10-31	17:53:59[057]	515	1217	32740	67.0632921874358	0	0	-609	609	34	0
2025-10-31	17:53:59[957]	515	1217	32740	67.0632921874358	0	0	-609	609	34	0
2025-10-31	17:54:00[657]	515	1217	32740	67.0632921874358	0	0	-609	609	34	0
2025-10-31	17:54:01[772]	515	1217	32740	67.0632921874358	0	0	-609	609	34	0
2025-10-31	17:54:02[666]	515	1217	32740	67.0632921874358	0	0	-609	609	34	0
2025-10-31	17:54:04[066]	515	1217	32740	67.0632921874358	0	0	-609	609	34	0
2025-10-31	17:54:05[267]	515	1217	32740	67.0632921874358	0	0	-609	609	34	0
2025-10-31	17:54:06[383]	515	1217	32740	67.0632921874358	0	0	-609	609	34	0
2025-10-31	17:54:06[880]	515	1217	32740	67.0632921874358	0	0	-609	609	34	0
2025-10-31	17:54:07[676]	515	1217	32740	67.0632921874358	0	0	-609	609	34	0
2025-10-31	17:54:09[087]	515	1217	32740	67.0632921874358	0	0	-609	609	34	0
2025-10-31	17:54:09[878]	515	1217	32740	67.0632921874358	0	0	-609	609	34	0
2025-10-31	17:54:10[794]	515	1217	32740	67.0632921874358	0	0	-609	609	34	0
2025-10-31	17:54:11[583]	515	1217	32740	67.0632921874358	0	0	-609	609	34	0
