Magnetic Sensor Monitoring Program V1.0
회 사 명 : (주)래도
작성일자 : 2025년 11월 03일 13:31:49


날짜 	시간 	X축 	Y축 	Z축 	방위 	분당교통량(min/count) 	차량속도(km/h) 	rel 	abs_rel 	threshold_t 	state	X축 	Y축 	Z축 	방위 	분당교통량(min / count) 	차량속도(km / h) 	rel 	abs_rel 	threshold_t 	state	최종 분당교통량(min / count) 	최종 차량속도(km / h)
2025-11-03	13:31:49[116]	-170	-40	-276	193.240519915187	0	0	-586	586	30	0	82	29	-334	19.476575498932	1	0	-679	679	32	0	1	16.1
2025-11-03	13:37:14[487]	0	0	0	0	0	0	0	0	0	0	94	50	-309	28.0091767080138	0	0	-654	654	32	0	1	10.6
2025-11-03	13:54:09[558]	-282	-211	-301	216.804825806118	0	0	-752	752	30	0	83	282	19	73.5994602843547	1	0	-264	264	32	0	1	125.5
2025-11-03	13:58:37[146]	-275	38	-346	172.132586592606	0	0	-797	797	32	0	128	233	-144	61.2175331068184	3	0	-427	427	34	0	1	26.2
2025-11-03	13:59:09[610]	-400	-14	-246	182.004534032106	1	0	-697	697	36	0	160	205	-114	52.0283962389496	1	0	-397	397	32	0	2	4.3
2025-11-03	14:00:35[965]	-228	-250	-290	227.635184582451	0	0	-741	741	32	0	127	198	-166	57.3233134567059	3	0	-449	449	30	0	1	10.5
2025-11-03	14:15:02[936]	0	0	0	0	0	0	0	0	0	0	76	286	-358	75.1184702968595	1	0	-518	518	102	1	0	0.0
2025-11-03	14:15:03[123]	0	0	0	0	0	0	0	0	0	0	67	301	-367	77.4510390101063	1	0	-527	527	102	1	0	0.0
2025-11-03	14:15:03[332]	0	0	0	0	0	0	0	0	0	0	58	299	-372	79.0221063173133	1	0	-532	532	102	1	0	0.0
2025-11-03	14:15:03[519]	0	0	0	0	0	0	0	0	0	0	55	299	-378	79.5771570941702	1	0	-538	538	102	1	0	0.0
2025-11-03	14:15:03[712]	0	0	0	0	0	0	0	0	0	0	53	284	-385	79.4290759725776	1	0	-545	545	102	1	0	0.0
2025-11-03	14:15:03[920]	0	0	0	0	0	0	0	0	0	0	48	278	-407	80.2037900825255	1	0	-567	567	102	1	0	0.0
2025-11-03	14:15:04[112]	0	0	0	0	0	0	0	0	0	0	58	277	-425	78.173903296215	1	0	-585	585	102	1	0	0.0
2025-11-03	14:15:06[101]	0	0	0	0	0	0	0	0	0	0	67	264	-447	75.7596762570594	1	0	-607	607	102	1	0	0.0
2025-11-03	14:15:06[105]	0	0	0	0	0	0	0	0	0	0	94	252	-463	69.543686236722	1	0	-623	623	102	1	0	0.0
2025-11-03	14:15:06[111]	0	0	0	0	0	0	0	0	0	0	119	239	-467	63.5309215631682	1	0	-627	627	102	1	0	0.0
2025-11-03	14:15:06[116]	0	0	0	0	0	0	0	0	0	0	148	234	-460	57.68752137387	1	0	-620	620	102	1	0	0.0
2025-11-03	14:15:06[121]	0	0	0	0	0	0	0	0	0	0	182	235	-434	52.2433609597689	1	0	-594	594	102	1	0	0.0
2025-11-03	14:15:06[126]	0	0	0	0	0	0	0	0	0	0	210	232	-389	47.8494745606772	1	0	-549	549	102	1	0	0.0
2025-11-03	14:15:06[133]	0	0	0	0	0	0	0	0	0	0	219	219	-334	45	1	0	-494	494	102	1	0	0.0
2025-11-03	14:15:06[138]	0	0	0	0	0	0	0	0	0	0	203	198	-298	44.2856258042411	1	0	-458	458	102	1	0	0.0
2025-11-03	14:15:06[145]	0	0	0	0	0	0	0	0	0	0	184	181	-279	44.5290863888051	1	0	-439	439	102	1	0	0.0
2025-11-03	14:15:06[150]	0	0	0	0	0	0	0	0	0	0	169	171	-272	45.3370301098578	1	0	-432	432	102	1	0	0.0
2025-11-03	14:15:06[288]	0	0	0	0	0	0	0	0	0	0	165	178	-269	47.1705212535097	1	0	-429	429	102	1	0	0.0
2025-11-03	14:15:06[480]	0	0	0	0	0	0	0	0	0	0	167	188	-288	48.3853826506921	1	0	-448	448	102	1	0	0.0
2025-11-03	14:15:06[671]	0	0	0	0	0	0	0	0	0	0	127	200	-289	57.5844526701413	1	0	-449	449	102	1	0	0.0
2025-11-03	14:15:06[879]	0	0	0	0	0	0	0	0	0	0	90	218	-373	67.5670090778746	1	0	-533	533	102	1	0	0.0
2025-11-03	14:15:07[073]	0	0	0	0	0	0	0	0	0	0	208	221	-324	46.7357045889284	1	0	-484	484	102	1	0	0.0
2025-11-03	14:15:07[263]	0	0	0	0	0	0	0	0	0	0	204	177	-248	40.9464457681686	1	0	-408	408	102	1	0	0.0
2025-11-03	14:15:07[492]	0	0	0	0	0	0	0	0	0	0	173	181	-189	46.2945995181643	1	0	-349	349	102	1	0	0.0
2025-11-03	14:15:07[663]	0	0	0	0	0	0	0	0	0	0	140	169	-182	50.3615689806317	1	0	-342	342	102	1	0	0.0
2025-11-03	14:15:07[855]	0	0	0	0	0	0	0	0	0	0	132	166	-183	51.5089564405026	1	0	-343	343	102	1	0	0.0
2025-11-03	14:15:08[063]	0	0	0	0	0	0	0	0	0	0	123	172	-188	54.4308237067936	1	0	-348	348	102	1	0	0.0
2025-11-03	14:15:08[255]	0	0	0	0	0	0	0	0	0	0	119	162	-194	53.7001907991549	1	0	-354	354	102	1	0	0.0
2025-11-03	14:15:08[462]	0	0	0	0	0	0	0	0	0	0	119	168	-192	54.6887865603668	1	0	-352	352	102	1	0	0.0
2025-11-03	14:15:08[655]	0	0	0	0	0	0	0	0	0	0	115	167	-196	55.4478175494739	1	0	-356	356	102	1	0	0.0
2025-11-03	14:15:08[847]	0	0	0	0	0	0	0	0	0	0	125	164	-193	52.6855271483816	1	0	-353	353	102	1	0	0.0
2025-11-03	14:15:09[055]	0	0	0	0	0	0	0	0	0	0	119	170	-197	55.0079798014413	1	0	-357	357	102	1	0	0.0
2025-11-03	14:15:09[246]	0	0	0	0	0	0	0	0	0	0	115	159	-195	54.1228962053785	1	0	-355	355	102	1	0	0.0
2025-11-03	14:15:09[440]	0	0	0	0	0	0	0	0	0	0	119	170	-196	55.0079798014413	1	0	-356	356	102	1	0	0.0
2025-11-03	14:15:09[649]	0	0	0	0	0	0	0	0	0	0	111	169	-200	56.7029014802214	1	0	-360	360	102	1	0	0.0
2025-11-03	14:15:09[838]	0	0	0	0	0	0	0	0	0	0	119	168	-201	54.6887865603668	1	0	-361	361	102	1	0	0.0
2025-11-03	14:15:49[314]	0	0	0	0	0	0	0	0	0	0	118	196	-266	58.9503428133774	1	0	-426	426	102	1	0	0.0
2025-11-03	14:15:49[519]	0	0	0	0	0	0	0	0	0	0	121	193	-271	57.914632042321	1	0	-431	431	102	1	0	0.0
2025-11-03	14:15:49[711]	0	0	0	0	0	0	0	0	0	0	126	189	-268	56.3099324740202	1	0	-428	428	102	1	0	0.0
2025-11-03	14:15:49[987]	0	0	0	0	0	0	0	0	0	0	122	193	-261	57.7020225041278	1	0	-421	421	102	1	0	0.0
2025-11-03	14:15:50[110]	0	0	0	0	0	0	0	0	0	0	121	191	-260	57.645420396533	1	0	-420	420	102	1	0	0.0
2025-11-03	14:15:50[302]	0	0	0	0	0	0	0	0	0	0	116	193	-271	58.9926061728505	1	0	-431	431	102	1	0	0.0
2025-11-03	14:15:50[493]	0	0	0	0	0	0	0	0	0	0	120	197	-270	58.6528573567868	1	0	-430	430	102	1	0	0.0
2025-11-03	14:15:50[703]	0	0	0	0	0	0	0	0	0	0	123	191	-267	57.2193129232194	1	0	-427	427	102	1	0	0.0
2025-11-03	14:15:50[892]	0	0	0	0	0	0	0	0	0	0	120	194	-263	58.2608592041848	1	0	-423	423	102	1	0	0.0
2025-11-03	14:15:51[085]	0	0	0	0	0	0	0	0	0	0	118	192	-270	58.4258092497147	1	0	-430	430	102	1	0	0.0
2025-11-03	14:15:51[293]	0	0	0	0	0	0	0	0	0	0	119	197	-266	58.8654666874806	1	0	-426	426	102	1	0	0.0
2025-11-03	14:15:51[486]	0	0	0	0	0	0	0	0	0	0	120	188	-272	57.4499965078066	1	0	-432	432	102	1	0	0.0
2025-11-03	14:15:51[678]	0	0	0	0	0	0	0	0	0	0	115	191	-273	58.9480961843736	1	0	-433	433	102	1	0	0.0
2025-11-03	14:15:51[884]	0	0	0	0	0	0	0	0	0	0	126	191	-270	56.5877280160973	1	0	-430	430	102	1	0	0.0
2025-11-03	14:15:52[077]	0	0	0	0	0	0	0	0	0	0	119	199	-269	59.1210004763876	1	0	-429	429	102	1	0	0.0
2025-11-03	14:15:52[268]	0	0	0	0	0	0	0	0	0	0	123	191	-275	57.2193129232194	1	0	-435	435	102	1	0	0.0
2025-11-03	14:15:52[478]	0	0	0	0	0	0	0	0	0	0	124	196	-271	57.6803834918198	1	0	-431	431	102	1	0	0.0
2025-11-03	14:16:56[173]	0	0	0	0	0	0	0	0	0	0	113	194	-284	59.7803026708152	0	0	-444	444	102	1	0	0.0
2025-11-03	14:16:56[360]	0	0	0	0	0	0	0	0	0	0	113	185	-273	58.5829635298367	0	0	-433	433	102	1	0	0.0
2025-11-03	14:16:56[551]	0	0	0	0	0	0	0	0	0	0	111	190	-278	59.7060778699425	0	0	-438	438	102	1	0	0.0
2025-11-03	14:16:56[743]	0	0	0	0	0	0	0	0	0	0	114	190	-277	59.0362434679265	0	0	-437	437	102	1	0	0.0
2025-11-03	14:16:56[951]	0	0	0	0	0	0	0	0	0	0	113	187	-278	58.8563515016985	0	0	-438	438	102	1	0	0.0
2025-11-03	14:16:57[142]	0	0	0	0	0	0	0	0	0	0	115	186	-278	58.2723450069965	0	0	-438	438	102	1	0	0.0
2025-11-03	14:16:57[335]	0	0	0	0	0	0	0	0	0	0	113	194	-279	59.7803026708152	0	0	-439	439	102	1	0	0.0
2025-11-03	14:16:57[542]	0	0	0	0	0	0	0	0	0	0	117	194	-278	58.9061245859895	0	0	-438	438	102	1	0	0.0
2025-11-03	14:16:57[734]	0	0	0	0	0	0	0	0	0	0	117	192	-284	58.6429147759901	0	0	-444	444	102	1	0	0.0
2025-11-03	14:16:57[931]	0	0	0	0	0	0	0	0	0	0	122	190	-278	57.2952664229982	0	0	-438	438	102	1	0	0.0
2025-11-03	14:16:58[134]	0	0	0	0	0	0	0	0	0	0	119	192	-279	58.2097102141706	0	0	-439	439	102	1	0	0.0
2025-11-03	14:16:58[326]	0	0	0	0	0	0	0	0	0	0	115	192	-281	59.0801482712204	0	0	-441	441	102	1	0	0.0
2025-11-03	14:16:58[522]	0	0	0	0	0	0	0	0	0	0	120	190	-273	57.7243556854224	0	0	-433	433	102	1	0	0.0
2025-11-03	14:16:58[728]	0	0	0	0	0	0	0	0	0	0	111	185	-274	59.0362434679265	0	0	-434	434	102	1	0	0.0
2025-11-03	14:16:58[918]	0	0	0	0	0	0	0	0	0	0	117	189	-270	58.2405199151872	0	0	-430	430	102	1	0	0.0
2025-11-03	14:16:59[110]	0	0	0	0	0	0	0	0	0	0	115	193	-274	59.2111918692975	0	0	-434	434	102	1	0	0.0
2025-11-03	14:16:59[318]	0	0	0	0	0	0	0	0	0	0	116	188	-281	58.3245312618908	0	0	-441	441	102	1	0	0.0
2025-11-03	14:19:21[454]	0	0	0	0	0	0	0	0	0	0	118	182	-282	57.042575142885	0	0	-442	442	102	1	0	0.0
2025-11-03	14:19:21[461]	0	0	0	0	0	0	0	0	0	0	117	195	-287	59.0362434679265	0	0	-447	447	102	1	0	0.0
2025-11-03	14:19:21[467]	0	0	0	0	0	0	0	0	0	0	115	189	-288	58.6809253593194	0	0	-448	448	102	1	0	0.0
2025-11-03	14:19:21[471]	0	0	0	0	0	0	0	0	0	0	114	192	-288	59.3002774491856	0	0	-448	448	102	1	0	0.0
2025-11-03	14:19:21[475]	0	0	0	0	0	0	0	0	0	0	108	193	-288	60.7692565978418	0	0	-448	448	102	1	0	0.0
2025-11-03	14:19:21[481]	0	0	0	0	0	0	0	0	0	0	116	197	-294	59.509041119238	0	0	-454	454	102	1	0	0.0
2025-11-03	14:19:21[485]	0	0	0	0	0	0	0	0	0	0	116	184	-284	57.7712425649014	0	0	-444	444	102	1	0	0.0
2025-11-03	14:19:21[491]	0	0	0	0	0	0	0	0	0	0	117	188	-289	58.104326144697	0	0	-449	449	102	1	0	0.0
2025-11-03	14:19:21[496]	0	0	0	0	0	0	0	0	0	0	125	190	-287	56.659292653523	0	0	-447	447	102	1	0	0.0
2025-11-03	14:19:21[501]	0	0	0	0	0	0	0	0	0	0	117	184	-281	57.5489609898937	0	0	-441	441	102	1	0	0.0
2025-11-03	14:19:21[507]	0	0	0	0	0	0	0	0	0	0	113	188	-285	58.9914461513995	0	0	-445	445	102	1	0	0.0
2025-11-03	14:19:21[511]	0	0	0	0	0	0	0	0	0	0	113	193	-290	59.6513585718222	0	0	-450	450	102	1	0	0.0
2025-11-03	14:19:21[517]	0	0	0	0	0	0	0	0	0	0	116	192	-291	58.8610275630211	0	0	-451	451	102	1	0	0.0
2025-11-03	14:19:21[521]	0	0	0	0	0	0	0	0	0	0	117	188	-291	58.104326144697	0	0	-451	451	102	1	0	0.0
2025-11-03	14:19:21[526]	0	0	0	0	0	0	0	0	0	0	114	189	-277	58.9026871142206	0	0	-437	437	102	1	0	0.0
2025-11-03	14:19:21[530]	0	0	0	0	0	0	0	0	0	0	114	195	-288	59.6887867733184	0	0	-448	448	102	1	0	0.0
2025-11-03	14:19:21[535]	0	0	0	0	0	0	0	0	0	0	118	182	-284	57.042575142885	0	0	-444	444	102	1	0	0.0
2025-11-03	14:19:21[541]	0	0	0	0	0	0	0	0	0	0	114	194	-288	59.5602756193569	0	0	-448	448	102	1	0	0.0
2025-11-03	14:19:21[546]	0	0	0	0	0	0	0	0	0	0	112	188	-287	59.2158534736736	0	0	-447	447	102	1	0	0.0
2025-11-03	14:19:21[550]	0	0	0	0	0	0	0	0	0	0	114	191	-286	59.1687700924458	0	0	-446	446	102	1	0	0.0
2025-11-03	14:19:21[555]	0	0	0	0	0	0	0	0	0	0	114	193	-291	59.4307758822126	0	0	-451	451	102	1	0	0.0
2025-11-03	14:19:21[561]	0	0	0	0	0	0	0	0	0	0	119	189	-287	57.8042660652868	0	0	-447	447	102	1	0	0.0
2025-11-03	14:19:21[566]	0	0	0	0	0	0	0	0	0	0	110	194	-286	60.4463163676926	0	0	-446	446	102	1	0	0.0
2025-11-03	14:19:21[571]	0	0	0	0	0	0	0	0	0	0	122	190	-289	57.2952664229982	0	0	-449	449	102	1	0	0.0
2025-11-03	14:19:21[578]	0	0	0	0	0	0	0	0	0	0	118	184	-283	57.3277707113169	0	0	-443	443	102	1	0	0.0
2025-11-03	14:19:21[582]	0	0	0	0	0	0	0	0	0	0	121	189	-292	57.3721552505182	0	0	-452	452	102	1	0	0.0
2025-11-03	14:19:21[587]	0	0	0	0	0	0	0	0	0	0	118	185	-283	57.4687282699551	0	0	-443	443	102	1	0	0.0
2025-11-03	14:19:21[592]	0	0	0	0	0	0	0	0	0	0	118	188	-283	57.8851693997033	0	0	-443	443	102	1	0	0.0
2025-11-03	14:19:21[596]	0	0	0	0	0	0	0	0	0	0	112	193	-283	59.8729401832213	0	0	-443	443	102	1	0	0.0
2025-11-03	14:19:21[601]	0	0	0	0	0	0	0	0	0	0	113	189	-285	59.1254891582314	0	0	-445	445	102	1	0	0.0
2025-11-03	14:19:21[605]	0	0	0	0	0	0	0	0	0	0	116	185	-288	57.9111763953028	0	0	-448	448	102	1	0	0.0
2025-11-03	14:19:21[611]	0	0	0	0	0	0	0	0	0	0	119	193	-291	58.3428336984231	0	0	-451	451	102	1	0	0.0
2025-11-03	14:19:21[643]	0	0	0	0	0	0	0	0	0	0	118	189	-290	58.0218745346332	0	0	-450	450	102	1	0	0.0
2025-11-03	14:19:21[648]	0	0	0	0	0	0	0	0	0	0	114	186	-291	58.4957332807958	0	0	-451	451	102	1	0	0.0
2025-11-03	14:19:21[654]	0	0	0	0	0	0	0	0	0	0	117	186	-284	57.8287828714554	0	0	-444	444	102	1	0	0.0
2025-11-03	14:19:21[658]	0	0	0	0	0	0	0	0	0	0	120	187	-284	57.3112548800913	0	0	-444	444	102	1	0	0.0
2025-11-03	14:19:21[662]	0	0	0	0	0	0	0	0	0	0	112	184	-281	58.6713071321958	0	0	-441	441	102	1	0	0.0
2025-11-03	14:19:21[667]	0	0	0	0	0	0	0	0	0	0	120	187	-282	57.3112548800913	0	0	-442	442	102	1	0	0.0
2025-11-03	14:19:21[672]	0	0	0	0	0	0	0	0	0	0	115	185	-281	58.1340223063963	0	0	-441	441	102	1	0	0.0
2025-11-03	14:19:21[677]	0	0	0	0	0	0	0	0	0	0	108	192	-293	60.6422464572087	0	0	-453	453	102	1	0	0.0
2025-11-03	14:19:21[682]	0	0	0	0	0	0	0	0	0	0	112	190	-283	59.4817693211248	0	0	-443	443	102	1	0	0.0
2025-11-03	14:19:21[687]	0	0	0	0	0	0	0	0	0	0	112	194	-287	60.0013184604715	0	0	-447	447	102	1	0	0.0
2025-11-03	14:19:21[692]	0	0	0	0	0	0	0	0	0	0	116	190	-287	58.594836334075	0	0	-447	447	102	1	0	0.0
2025-11-03	14:19:21[697]	0	0	0	0	0	0	0	0	0	0	115	187	-284	58.4095958670941	0	0	-444	444	102	1	0	0.0
2025-11-03	14:19:21[703]	0	0	0	0	0	0	0	0	0	0	119	189	-291	57.8042660652868	0	0	-451	451	102	1	0	0.0
2025-11-03	14:19:21[709]	0	0	0	0	0	0	0	0	0	0	117	183	-293	57.4074185274007	0	0	-453	453	102	1	0	0.0
2025-11-03	14:19:21[714]	0	0	0	0	0	0	0	0	0	0	117	181	-286	57.1210154525858	0	0	-446	446	102	1	0	0.0
2025-11-03	14:19:21[892]	0	0	0	0	0	0	0	0	0	0	119	191	-284	58.0755810990899	0	0	-444	444	102	1	0	0.0
2025-11-03	14:19:22[098]	0	0	0	0	0	0	0	0	0	0	109	184	-285	59.3578683628353	0	0	-445	445	102	1	0	0.0
2025-11-03	14:19:22[289]	0	0	0	0	0	0	0	0	0	0	116	197	-285	59.509041119238	0	0	-445	445	102	1	0	0.0
2025-11-03	14:19:22[484]	0	0	0	0	0	0	0	0	0	0	110	189	-291	59.8001419288565	0	0	-451	451	102	1	0	0.0
2025-11-03	14:19:22[690]	0	0	0	0	0	0	0	0	0	0	113	189	-287	59.1254891582314	0	0	-447	447	102	1	0	0.0
2025-11-03	14:19:22[883]	0	0	0	0	0	0	0	0	0	0	114	194	-289	59.5602756193569	0	0	-449	449	102	1	0	0.0
2025-11-03	14:19:23[074]	0	0	0	0	0	0	0	0	0	0	113	184	-284	58.4446480241007	0	0	-444	444	102	1	0	0.0
2025-11-03	14:19:23[282]	0	0	0	0	0	0	0	0	0	0	118	185	-288	57.4687282699551	0	0	-448	448	102	1	0	0.0
2025-11-03	14:19:23[474]	0	0	0	0	0	0	0	0	0	0	117	189	-280	58.2405199151872	0	0	-440	440	102	1	0	0.0
2025-11-03	14:19:23[666]	0	0	0	0	0	0	0	0	0	0	119	186	-292	57.389499037301	0	0	-452	452	102	1	0	0.0
2025-11-03	14:19:23[863]	0	0	0	0	0	0	0	0	0	0	115	191	-284	58.9480961843736	0	0	-444	444	102	1	0	0.0
2025-11-03	14:19:24[066]	0	0	0	0	0	0	0	0	0	0	115	193	-291	59.2111918692975	0	0	-451	451	102	1	0	0.0
2025-11-03	14:19:24[258]	0	0	0	0	0	0	0	0	0	0	116	187	-278	58.1878099213056	0	0	-438	438	102	1	0	0.0
2025-11-03	14:19:24[450]	0	0	0	0	0	0	0	0	0	0	111	187	-289	59.3073571204103	0	0	-449	449	102	1	0	0.0
2025-11-03	14:19:24[658]	0	0	0	0	0	0	0	0	0	0	116	186	-294	58.0500285536668	0	0	-454	454	102	1	0	0.0
2025-11-03	14:19:24[850]	0	0	0	0	0	0	0	0	0	0	115	192	-291	59.0801482712204	0	0	-451	451	102	1	0	0.0
2025-11-03	14:19:25[042]	0	0	0	0	0	0	0	0	0	0	115	191	-285	58.9480961843736	0	0	-445	445	102	1	0	0.0
2025-11-03	14:19:25[249]	0	0	0	0	0	0	0	0	0	0	122	188	-287	57.0190024545445	0	0	-447	447	102	1	0	0.0
2025-11-03	14:19:26[055]	0	0	0	0	0	0	0	0	0	0	115	185	-287	58.1340223063963	0	0	-447	447	102	1	0	0.0
2025-11-03	14:19:26[061]	0	0	0	0	0	0	0	0	0	0	118	186	-279	57.6086067933662	0	0	-439	439	102	1	0	0.0
2025-11-03	14:19:26[067]	0	0	0	0	0	0	0	0	0	0	118	188	-292	57.8851693997033	0	0	-452	452	102	1	0	0.0
2025-11-03	14:19:26[073]	0	0	0	0	0	0	0	0	0	0	112	194	-291	60.0013184604715	0	0	-451	451	102	1	0	0.0
2025-11-03	14:19:26[225]	0	0	0	0	0	0	0	0	0	0	113	185	-284	58.5829635298367	0	0	-444	444	102	1	0	0.0
2025-11-03	14:19:26[433]	0	0	0	0	0	0	0	0	0	0	114	182	-286	57.9380563171864	0	0	-446	446	102	1	0	0.0
2025-11-03	14:19:26[626]	0	0	0	0	0	0	0	0	0	0	115	188	-284	58.5457857398707	0	0	-444	444	102	1	0	0.0
2025-11-03	14:19:26[817]	0	0	0	0	0	0	0	0	0	0	116	189	-283	58.4602032224002	0	0	-443	443	102	1	0	0.0
2025-11-03	14:19:27[009]	0	0	0	0	0	0	0	0	0	0	118	185	-285	57.4687282699551	0	0	-445	445	102	1	0	0.0
2025-11-03	14:19:27[216]	0	0	0	0	0	0	0	0	0	0	122	187	-285	56.879312781268	0	0	-445	445	102	1	0	0.0
2025-11-03	14:19:27[409]	0	0	0	0	0	0	0	0	0	0	118	193	-286	58.5584277257578	0	0	-446	446	102	1	0	0.0
2025-11-03	14:19:27[601]	0	0	0	0	0	0	0	0	0	0	115	191	-281	58.9480961843736	0	0	-441	441	102	1	0	0.0
2025-11-03	14:19:27[809]	0	0	0	0	0	0	0	0	0	0	113	187	-285	58.8563515016985	0	0	-445	445	102	1	0	0.0
2025-11-03	14:19:28[001]	0	0	0	0	0	0	0	0	0	0	110	187	-279	59.5344550805401	0	0	-439	439	102	1	0	0.0
2025-11-03	14:19:28[194]	0	0	0	0	0	0	0	0	0	0	120	185	-285	57.0305960965379	0	0	-445	445	102	1	0	0.0
2025-11-03	14:19:28[402]	0	0	0	0	0	0	0	0	0	0	116	186	-286	58.0500285536668	0	0	-446	446	102	1	0	0.0
2025-11-03	14:19:28[594]	0	0	0	0	0	0	0	0	0	0	114	191	-286	59.1687700924458	0	0	-446	446	102	1	0	0.0
2025-11-03	14:19:28[786]	0	0	0	0	0	0	0	0	0	0	112	193	-287	59.8729401832213	0	0	-447	447	102	1	0	0.0
2025-11-03	14:19:28[976]	0	0	0	0	0	0	0	0	0	0	111	191	-281	59.8369087615607	0	0	-441	441	102	1	0	0.0
2025-11-03	14:19:29[186]	0	0	0	0	0	0	0	0	0	0	116	187	-294	58.1878099213056	0	0	-454	454	102	1	0	0.0
2025-11-03	14:19:29[377]	0	0	0	0	0	0	0	0	0	0	113	185	-287	58.5829635298367	0	0	-447	447	102	1	0	0.0
2025-11-03	14:19:29[569]	0	0	0	0	0	0	0	0	0	0	107	191	-285	60.7420399508709	0	0	-445	445	102	1	0	0.0
2025-11-03	14:19:29[777]	0	0	0	0	0	0	0	0	0	0	120	192	-286	57.9946167919165	0	0	-446	446	102	1	0	0.0
2025-11-03	14:19:29[969]	0	0	0	0	0	0	0	0	0	0	116	192	-292	58.8610275630211	0	0	-452	452	102	1	0	0.0
2025-11-03	14:19:30[160]	0	0	0	0	0	0	0	0	0	0	119	182	-291	56.8214883406073	0	0	-451	451	102	1	0	0.0
2025-11-03	14:19:30[377]	0	0	0	0	0	0	0	0	0	0	112	182	-289	58.3924977537511	0	0	-449	449	102	1	0	0.0
2025-11-03	14:19:30[561]	0	0	0	0	0	0	0	0	0	0	116	192	-288	58.8610275630211	0	0	-448	448	102	1	0	0.0
2025-11-03	14:19:30[755]	0	0	0	0	0	0	0	0	0	0	113	186	-287	58.7201943042171	0	0	-447	447	102	1	0	0.0
2025-11-03	14:19:30[944]	0	0	0	0	0	0	0	0	0	0	116	191	-281	58.7284410133881	0	0	-441	441	102	1	0	0.0
2025-11-03	14:19:31[153]	0	0	0	0	0	0	0	0	0	0	119	193	-287	58.3428336984231	0	0	-447	447	102	1	0	0.0
2025-11-03	14:19:31[343]	0	0	0	0	0	0	0	0	0	0	114	189	-287	58.9026871142206	0	0	-447	447	102	1	0	0.0
2025-11-03	14:19:31[536]	0	0	0	0	0	0	0	0	0	0	117	186	-286	57.8287828714554	0	0	-446	446	102	1	0	0.0
2025-11-03	14:19:31[744]	0	0	0	0	0	0	0	0	0	0	113	192	-296	59.5214155314905	0	0	-456	456	102	1	0	0.0
2025-11-03	14:19:31[935]	0	0	0	0	0	0	0	0	0	0	113	187	-296	58.8563515016985	0	0	-456	456	102	1	0	0.0
2025-11-03	14:19:32[129]	0	0	0	0	0	0	0	0	0	0	123	191	-292	57.2193129232194	0	0	-452	452	102	1	0	0.0
2025-11-03	14:19:32[337]	0	0	0	0	0	0	0	0	0	0	114	191	-284	59.1687700924458	0	0	-444	444	102	1	0	0.0
2025-11-03	14:19:32[527]	0	0	0	0	0	0	0	0	0	0	116	189	-288	58.4602032224002	0	0	-448	448	102	1	0	0.0
2025-11-03	14:19:32[719]	0	0	0	0	0	0	0	0	0	0	104	191	-285	61.4315922747505	0	0	-445	445	102	1	0	0.0
2025-11-03	14:19:32[927]	0	0	0	0	0	0	0	0	0	0	118	192	-284	58.4258092497147	0	0	-444	444	102	1	0	0.0
2025-11-03	14:19:33[120]	0	0	0	0	0	0	0	0	0	0	121	186	-281	56.9544828024931	0	0	-441	441	102	1	0	0.0
2025-11-03	14:19:33[314]	0	0	0	0	0	0	0	0	0	0	115	188	-283	58.5457857398707	0	0	-443	443	102	1	0	0.0
2025-11-03	14:19:33[503]	0	0	0	0	0	0	0	0	0	0	123	187	-288	56.6649203697914	0	0	-448	448	102	1	0	0.0
2025-11-03	14:19:33[712]	0	0	0	0	0	0	0	0	0	0	114	198	-294	60.0684881594922	0	0	-454	454	102	1	0	0.0
2025-11-03	14:19:33[903]	0	0	0	0	0	0	0	0	0	0	112	189	-285	59.3493320429471	0	0	-445	445	102	1	0	0.0
2025-11-03	14:19:34[112]	0	0	0	0	0	0	0	0	0	0	111	189	-282	59.5742161980387	0	0	-442	442	102	1	0	0.0
2025-11-03	14:19:34[304]	0	0	0	0	0	0	0	0	0	0	118	198	-288	59.2067661177604	0	0	-448	448	102	1	0	0.0
2025-11-03	14:19:34[494]	0	0	0	0	0	0	0	0	0	0	112	188	-288	59.2158534736736	0	0	-448	448	102	1	0	0.0
2025-11-03	14:19:34[687]	0	0	0	0	0	0	0	0	0	0	116	191	-290	58.7284410133881	0	0	-450	450	102	1	0	0.0
2025-11-03	14:19:34[902]	0	0	0	0	0	0	0	0	0	0	114	183	-287	58.0791237800668	0	0	-447	447	102	1	0	0.0
2025-11-03	14:19:36[148]	0	0	0	0	0	0	0	0	0	0	115	193	-291	59.2111918692975	0	0	-451	451	102	1	0	0.0
2025-11-03	14:19:36[153]	0	0	0	0	0	0	0	0	0	0	120	193	-285	58.128235438472	0	0	-445	445	102	1	0	0.0
2025-11-03	14:19:36[160]	0	0	0	0	0	0	0	0	0	0	121	189	-284	57.3721552505182	0	0	-444	444	102	1	0	0.0
2025-11-03	14:19:36[165]	0	0	0	0	0	0	0	0	0	0	114	191	-281	59.1687700924458	0	0	-441	441	102	1	0	0.0
2025-11-03	14:19:36[172]	0	0	0	0	0	0	0	0	0	0	112	190	-292	59.4817693211248	0	0	-452	452	102	1	0	0.0
2025-11-03	14:19:36[179]	0	0	0	0	0	0	0	0	0	0	112	188	-290	59.2158534736736	0	0	-450	450	102	1	0	0.0
2025-11-03	14:19:36[271]	0	0	0	0	0	0	0	0	0	0	113	191	-287	59.3904632487409	0	0	-447	447	102	1	0	0.0
2025-11-03	14:19:36[463]	0	0	0	0	0	0	0	0	0	0	120	186	-285	57.1714582085875	0	0	-445	445	102	1	0	0.0
2025-11-03	14:19:36[662]	0	0	0	0	0	0	0	0	0	0	111	184	-294	58.8990630927508	0	0	-454	454	102	1	0	0.0
2025-11-03	14:19:36[877]	0	0	0	0	0	0	0	0	0	0	116	187	-291	58.1878099213056	0	0	-451	451	102	1	0	0.0
2025-11-03	14:19:37[054]	0	0	0	0	0	0	0	0	0	0	108	189	-290	60.2551187030578	0	0	-450	450	102	1	0	0.0
2025-11-03	14:19:37[247]	0	0	0	0	0	0	0	0	0	0	122	180	-282	55.8714529258548	0	0	-442	442	102	1	0	0.0
2025-11-03	14:19:37[458]	0	0	0	0	0	0	0	0	0	0	115	186	-283	58.2723450069965	0	0	-443	443	102	1	0	0.0
2025-11-03	14:19:37[646]	0	0	0	0	0	0	0	0	0	0	121	189	-290	57.3721552505182	0	0	-450	450	102	1	0	0.0
2025-11-03	14:19:37[841]	0	0	0	0	0	0	0	0	0	0	120	183	-284	56.7456334252879	0	0	-444	444	102	1	0	0.0
2025-11-03	14:19:38[031]	0	0	0	0	0	0	0	0	0	0	111	188	-287	59.4413129292886	0	0	-447	447	102	1	0	0.0
2025-11-03	14:19:38[239]	0	0	0	0	0	0	0	0	0	0	113	193	-285	59.6513585718222	0	0	-445	445	102	1	0	0.0
2025-11-03	14:19:38[430]	0	0	0	0	0	0	0	0	0	0	112	189	-279	59.3493320429471	0	0	-439	439	102	1	0	0.0
2025-11-03	14:19:38[623]	0	0	0	0	0	0	0	0	0	0	117	185	-288	57.689412136484	0	0	-448	448	102	1	0	0.0
2025-11-03	14:19:38[834]	0	0	0	0	0	0	0	0	0	0	111	188	-287	59.4413129292886	0	0	-447	447	102	1	0	0.0
2025-11-03	14:19:39[027]	0	0	0	0	0	0	0	0	0	0	115	184	-297	57.9946167919165	0	0	-457	457	102	1	0	0.0
2025-11-03	14:19:39[215]	0	0	0	0	0	0	0	0	0	0	113	195	-286	59.9082580122553	0	0	-446	446	102	1	0	0.0
2025-11-03	14:19:39[423]	0	0	0	0	0	0	0	0	0	0	121	189	-285	57.3721552505182	0	0	-445	445	102	1	0	0.0
2025-11-03	14:19:39[620]	0	0	0	0	0	0	0	0	0	0	122	189	-282	57.1576503333245	0	0	-442	442	102	1	0	0.0
2025-11-03	14:19:39[806]	0	0	0	0	0	0	0	0	0	0	126	187	-281	56.0280366944268	0	0	-441	441	102	1	0	0.0
2025-11-03	14:19:40[007]	0	0	0	0	0	0	0	0	0	0	126	188	-291	56.1695019230829	0	0	-451	451	102	1	0	0.0
2025-11-03	14:19:40[207]	0	0	0	0	0	0	0	0	0	0	135	183	-281	53.583621480114	0	0	-441	441	102	1	0	0.0
2025-11-03	14:19:40[398]	0	0	0	0	0	0	0	0	0	0	127	188	-293	55.9597181343989	0	0	-453	453	102	1	0	0.0
2025-11-03	14:19:40[589]	0	0	0	0	0	0	0	0	0	0	115	190	-293	58.8150253412616	0	0	-453	453	102	1	0	0.0
2025-11-03	14:19:41[792]	0	0	0	0	0	0	0	0	0	0	89	188	-299	64.6669262255617	0	0	-459	459	102	1	0	0.0
2025-11-03	14:19:41[800]	0	0	0	0	0	0	0	0	0	0	86	211	-337	67.8250291923568	0	0	-497	497	102	1	0	0.0
2025-11-03	14:19:41[806]	0	0	0	0	0	0	0	0	0	0	109	235	-400	65.1167251684555	0	0	-560	560	102	1	0	0.0
2025-11-03	14:19:41[812]	0	0	0	0	0	0	0	0	0	0	187	242	-366	52.3057595333108	0	0	-526	526	102	1	0	0.0
2025-11-03	14:19:41[819]	0	0	0	0	0	0	0	0	0	0	199	199	-305	45	0	0	-465	465	102	1	0	0.0
2025-11-03	14:19:41[824]	0	0	0	0	0	0	0	0	0	0	195	178	-253	42.3904700510292	0	0	-413	413	102	1	0	0.0
2025-11-03	14:19:41[981]	0	0	0	0	0	0	0	0	0	0	177	178	-227	45.1613961351204	0	0	-387	387	102	1	0	0.0
2025-11-03	14:19:42[174]	0	0	0	0	0	0	0	0	0	0	147	169	-206	48.982520571829	0	0	-366	366	102	1	0	0.0
2025-11-03	14:19:42[374]	0	0	0	0	0	0	0	0	0	0	129	161	-210	51.2968187189844	0	0	-370	370	102	1	0	0.0
2025-11-03	14:19:42[575]	0	0	0	0	0	0	0	0	0	0	121	162	-212	53.2434469728943	0	0	-372	372	102	1	0	0.0
2025-11-03	14:19:42[765]	0	0	0	0	0	0	0	0	0	0	117	159	-206	53.6525417911147	0	0	-366	366	102	1	0	0.0
2025-11-03	14:19:42[958]	0	0	0	0	0	0	0	0	0	0	118	160	-214	53.5912254322276	0	0	-374	374	102	1	0	0.0
2025-11-03	14:19:43[149]	0	0	0	0	0	0	0	0	0	0	114	158	-207	54.1888360773588	0	0	-367	367	102	1	0	0.0
2025-11-03	14:19:43[357]	0	0	0	0	0	0	0	0	0	0	112	165	-216	55.8318146749747	0	0	-376	376	102	1	0	0.0
2025-11-03	14:19:43[549]	0	0	0	0	0	0	0	0	0	0	117	163	-211	54.3295396426981	0	0	-371	371	102	1	0	0.0
2025-11-03	14:19:43[741]	0	0	0	0	0	0	0	0	0	0	110	166	-217	56.4695303328669	0	0	-377	377	102	1	0	0.0
2025-11-03	14:19:43[953]	0	0	0	0	0	0	0	0	0	0	117	160	-219	53.8238619430405	0	0	-379	379	102	1	0	0.0
2025-11-03	14:19:44[145]	0	0	0	0	0	0	0	0	0	0	116	160	-216	54.0578881286177	0	0	-376	376	102	1	0	0.0
2025-11-03	14:19:44[334]	0	0	0	0	0	0	0	0	0	0	111	160	-217	55.249020783756	0	0	-377	377	102	1	0	0.0
2025-11-03	14:19:44[546]	0	0	0	0	0	0	0	0	0	0	110	164	-218	56.1489896964418	0	0	-378	378	102	1	0	0.0
2025-11-03	14:19:44[733]	0	0	0	0	0	0	0	0	0	0	108	162	-219	56.3099324740202	0	0	-379	379	102	1	0	0.0
2025-11-03	14:50:43[117]	0	0	0	0	0	0	0	0	0	0	58	-212	-506	285.30084557245	0	0	-666	666	100	1	0	0.0
2025-11-03	14:50:43[128]	0	0	0	0	0	0	0	0	0	0	56	-210	-497	284.931417178138	0	0	-657	657	100	1	0	0.0
2025-11-03	14:50:43[137]	0	0	0	0	0	0	0	0	0	0	59	-212	-498	285.551985370382	0	0	-658	658	100	1	0	0.0
2025-11-03	14:50:43[147]	0	0	0	0	0	0	0	0	0	0	56	-209	-500	284.99964671363	0	0	-660	660	100	1	0	0.0
2025-11-03	14:50:43[155]	0	0	0	0	0	0	0	0	0	0	53	-212	-502	284.036243467926	0	0	-662	662	100	1	0	0.0
2025-11-03	14:50:43[164]	0	0	0	0	0	0	0	0	0	0	61	-208	-505	286.344789669211	0	0	-665	665	100	1	0	0.0
2025-11-03	14:50:43[171]	0	0	0	0	0	0	0	0	0	0	52	-209	-506	283.971721220975	0	0	-666	666	100	1	0	0.0
2025-11-03	14:50:43[323]	0	0	0	0	0	0	0	0	0	0	55	-209	-504	284.743562836471	0	0	-664	664	100	1	0	0.0
2025-11-03	14:50:43[515]	0	0	0	0	0	0	0	0	0	0	52	-212	-503	283.781597235654	0	0	-663	663	100	1	0	0.0
2025-11-03	14:50:43[723]	0	0	0	0	0	0	0	0	0	0	56	-211	-503	284.863791621446	0	0	-663	663	100	1	0	0.0
2025-11-03	14:50:43[914]	0	0	0	0	0	0	0	0	0	0	62	-211	-497	286.374837799199	0	0	-657	657	100	1	0	0.0
2025-11-03	14:50:44[107]	0	0	0	0	0	0	0	0	0	0	53	-211	-499	284.100118335013	0	0	-659	659	100	1	0	0.0
2025-11-03	14:50:44[301]	0	0	0	0	0	0	0	0	0	0	56	-213	16	284.730321380845	0	0	-656	656	100	1	0	0.0
2025-11-03	14:50:44[508]	0	0	0	0	0	0	0	0	0	0	52	-207	-500	284.101352280257	0	0	-660	660	100	1	0	0.0
2025-11-03	14:50:44[701]	0	0	0	0	0	0	0	0	0	0	57	-211	-497	285.117167654587	0	0	-657	657	100	1	0	0.0
2025-11-03	14:50:44[890]	0	0	0	0	0	0	0	0	0	0	52	-210	-502	283.907777809855	0	0	-662	662	100	1	0	0.0
2025-11-03	14:50:45[082]	0	0	0	0	0	0	0	0	0	0	51	-208	-497	283.776694713246	0	0	-657	657	100	1	0	0.0
2025-11-03	14:50:45[296]	0	0	0	0	0	0	0	0	0	0	55	-215	-498	284.349332042947	0	0	-658	658	100	1	0	0.0
2025-11-03	14:50:45[482]	0	0	0	0	0	0	0	0	0	0	58	-209	-501	285.509970873766	0	0	-661	661	100	1	0	0.0
2025-11-03	14:50:45[675]	0	0	0	0	0	0	0	0	0	0	63	-208	-502	286.850753214072	0	0	-662	662	100	1	0	0.0
2025-11-03	14:50:45[870]	0	0	0	0	0	0	0	0	0	0	53	-216	-492	283.786317988672	0	0	-652	652	100	1	0	0.0
2025-11-03	14:50:46[074]	0	0	0	0	0	0	0	0	0	0	53	-211	-506	284.100118335013	0	0	-666	666	100	1	0	0.0
2025-11-03	14:50:46[266]	0	0	0	0	0	0	0	0	0	0	52	-206	-505	284.167055522631	0	0	-665	665	100	1	0	0.0
2025-11-03	14:50:46[465]	0	0	0	0	0	0	0	0	0	0	55	-212	-498	284.543833993456	0	0	-658	658	100	1	0	0.0
2025-11-03	14:50:46[654]	0	0	0	0	0	0	0	0	0	0	59	-210	-503	285.692834276937	0	0	-663	663	100	1	0	0.0
2025-11-03	14:50:46[859]	0	0	0	0	0	0	0	0	0	0	54	-206	-499	284.688786773318	0	0	-659	659	100	1	0	0.0
2025-11-03	14:50:48[019]	0	0	0	0	0	0	0	0	0	0	61	-206	-499	286.494891005062	0	0	-659	659	100	1	0	0.0
2025-11-03	14:50:48[026]	0	0	0	0	0	0	0	0	0	0	53	-205	-501	284.495649953041	0	0	-661	661	100	1	0	0.0
2025-11-03	14:50:48[033]	0	0	0	0	0	0	0	0	0	0	55	-216	-491	284.285625046595	0	0	-651	651	100	1	0	0.0
2025-11-03	14:50:48[042]	0	0	0	0	0	0	0	0	0	0	56	-209	-504	284.99964671363	0	0	-664	664	100	1	0	0.0
2025-11-03	14:50:48[049]	0	0	0	0	0	0	0	0	0	0	54	-215	-491	284.098930291396	0	0	-651	651	100	1	0	0.0
2025-11-03	14:50:48[060]	0	0	0	0	0	0	0	0	0	0	59	-209	-502	285.7641954313	0	0	-662	662	100	1	0	0.0
2025-11-03	14:50:48[217]	0	0	0	0	0	0	0	0	0	0	58	-207	-496	285.652512678119	0	0	-656	656	100	1	0	0.0
2025-11-03	14:50:48[425]	0	0	0	0	0	0	0	0	0	0	57	-206	-496	285.46671479305	0	0	-656	656	100	1	0	0.0
2025-11-03	14:50:48[619]	0	0	0	0	0	0	0	0	0	0	58	-215	-498	285.097155158191	0	0	-658	658	100	1	0	0.0
2025-11-03	14:50:48[810]	0	0	0	0	0	0	0	0	0	0	50	-204	-499	283.771599717082	0	0	-659	659	100	1	0	0.0
2025-11-03	14:50:49[001]	0	0	0	0	0	0	0	0	0	0	56	-214	-499	284.664461488411	0	0	-659	659	100	1	0	0.0
2025-11-03	14:50:49[211]	0	0	0	0	0	0	0	0	0	0	57	-206	-495	285.46671479305	0	0	-655	655	100	1	0	0.0
2025-11-03	14:50:49[462]	0	0	0	0	0	0	0	0	0	0	52	-207	-498	284.101352280257	0	0	-658	658	100	1	0	0.0
2025-11-03	14:50:49[594]	0	0	0	0	0	0	0	0	0	0	62	-216	-504	286.015439606266	0	0	-664	664	100	1	0	0.0
2025-11-03	14:50:49[786]	0	0	0	0	0	0	0	0	0	0	53	-208	-499	284.295205679746	0	0	-659	659	100	1	0	0.0
2025-11-03	14:50:49[994]	0	0	0	0	0	0	0	0	0	0	55	-205	-498	285.018360631151	0	0	-658	658	100	1	0	0.0
2025-11-03	14:50:50[188]	0	0	0	0	0	0	0	0	0	0	57	-210	-502	285.185837262201	0	0	-662	662	100	1	0	0.0
2025-11-03	14:50:50[379]	0	0	0	0	0	0	0	0	0	0	58	-215	-510	285.097155158191	0	0	-670	670	100	1	0	0.0
2025-11-03	14:50:50[570]	0	0	0	0	0	0	0	0	0	0	58	-207	-496	285.652512678119	0	0	-656	656	100	1	0	0.0
2025-11-03	14:50:50[777]	0	0	0	0	0	0	0	0	0	0	62	-207	-495	286.67384717027	0	0	-655	655	100	1	0	0.0
2025-11-03	14:50:50[972]	0	0	0	0	0	0	0	0	0	0	59	-213	-503	285.482481714048	0	0	-663	663	100	1	0	0.0
2025-11-03	14:50:51[165]	0	0	0	0	0	0	0	0	0	0	57	-212	-501	285.04910200577	0	0	-661	661	100	1	0	0.0
2025-11-03	14:50:51[353]	0	0	0	0	0	0	0	0	0	0	62	-208	-504	286.598104392861	0	0	-664	664	100	1	0	0.0
2025-11-03	14:50:51[560]	0	0	0	0	0	0	0	0	0	0	58	-207	-504	285.652512678119	0	0	-664	664	100	1	0	0.0
2025-11-03	14:50:51[753]	0	0	0	0	0	0	0	0	0	0	56	-204	-498	285.350136492424	0	0	-658	658	100	1	0	0.0
2025-11-03	14:50:51[945]	0	0	0	0	0	0	0	0	0	0	60	-203	-499	286.465914295083	0	0	-659	659	100	1	0	0.0
2025-11-03	14:50:52[136]	0	0	0	0	0	0	0	0	0	0	56	-210	-493	284.931417178138	0	0	-653	653	100	1	0	0.0
2025-11-03	14:50:52[348]	0	0	0	0	0	0	0	0	0	0	54	-207	-500	284.620873988632	0	0	-660	660	100	1	0	0.0
2025-11-03	14:50:52[537]	0	0	0	0	0	0	0	0	0	0	59	-213	-498	285.482481714048	0	0	-658	658	100	1	0	0.0
2025-11-03	14:50:52[730]	0	0	0	0	0	0	0	0	0	0	56	-208	-503	285.068488159492	0	0	-749	663	100	1	0	0.0
2025-11-03	14:50:52[920]	0	0	0	0	0	0	0	0	0	0	57	-207	-498	285.395549253995	0	0	-658	658	100	1	0	0.0
2025-11-03	14:50:53[128]	0	0	0	0	0	0	0	0	0	0	54	-208	-499	284.553572790713	0	0	-659	659	100	1	0	0.0
2025-11-03	14:50:53[321]	0	0	0	0	0	0	0	0	0	0	56	-211	-504	284.863791621446	0	0	-664	664	100	1	0	0.0
2025-11-03	14:50:53[563]	0	0	0	0	0	0	0	0	0	0	51	-206	-499	283.905281914251	0	0	-659	659	100	1	0	0.0
2025-11-03	14:50:53[707]	0	0	0	0	0	0	0	0	0	0	54	-212	-506	284.290325081818	0	0	-666	666	100	1	0	0.0
2025-11-03	14:50:53[912]	0	0	0	0	0	0	0	0	0	0	53	-208	-498	284.295205679746	0	0	-658	658	100	1	0	0.0
2025-11-03	14:50:54[104]	0	0	0	0	0	0	0	0	0	0	59	-209	-503	285.7641954313	0	0	-663	663	100	1	0	0.0
2025-11-03	14:50:54[296]	0	0	0	0	0	0	0	0	0	0	53	-206	-504	284.428226721786	0	0	-664	664	100	1	0	0.0
2025-11-03	14:50:54[488]	0	0	0	0	0	0	0	0	0	0	60	-202	-497	286.542983404563	0	0	-657	657	100	1	0	0.0
2025-11-03	14:50:54[697]	0	0	0	0	0	0	0	0	0	0	52	-208	-501	284.036243467926	0	0	-661	661	100	1	0	0.0
2025-11-03	14:50:54[888]	0	0	0	0	0	0	0	0	0	0	52	-211	-503	283.844405637316	0	0	-663	663	100	1	0	0.0
2025-11-03	14:50:55[101]	0	0	0	0	0	0	0	0	0	0	54	-203	-505	284.896277176709	0	0	-665	665	100	1	0	0.0
2025-11-03	14:50:55[272]	0	0	0	0	0	0	0	0	0	0	63	-209	-496	286.774666453939	0	0	-656	656	100	1	0	0.0
2025-11-03	14:50:55[479]	0	0	0	0	0	0	0	0	0	0	54	-205	-504	284.757319325885	0	0	-664	664	100	1	0	0.0
2025-11-03	14:50:55[672]	0	0	0	0	0	0	0	0	0	0	57	-212	-502	285.04910200577	0	0	-662	662	100	1	0	0.0
2025-11-03	14:50:55[865]	0	0	0	0	0	0	0	0	0	0	62	-211	-501	286.374837799199	0	0	-661	661	100	1	0	0.0
2025-11-03	14:50:56[056]	0	0	0	0	0	0	0	0	0	0	59	-206	-502	285.982123959683	0	0	-662	662	100	1	0	0.0
2025-11-03	14:50:56[263]	0	0	0	0	0	0	0	0	0	0	56	-206	-503	285.208039190635	0	0	-663	663	100	1	0	0.0
2025-11-03	14:50:56[457]	0	0	0	0	0	0	0	0	0	0	53	-200	-503	284.842227057911	0	0	-663	663	100	1	0	0.0
2025-11-03	14:50:56[650]	0	0	0	0	0	0	0	0	0	0	53	-205	-500	284.495649953041	0	0	-660	660	100	1	0	0.0
2025-11-03	14:50:56[838]	0	0	0	0	0	0	0	0	0	0	53	-205	-502	284.495649953041	0	0	-662	662	100	1	0	0.0
2025-11-03	14:50:57[048]	0	0	0	0	0	0	0	0	0	0	67	-203	-502	288.265435176945	0	0	-662	662	100	1	0	0.0
2025-11-03	14:50:57[240]	0	0	0	0	0	0	0	0	0	0	56	-201	-498	285.568207278078	0	0	-658	658	100	1	0	0.0
2025-11-03	14:50:57[431]	0	0	0	0	0	0	0	0	0	0	56	-209	-507	284.99964671363	0	0	-667	667	100	1	0	0.0
2025-11-03	14:50:57[642]	0	0	0	0	0	0	0	0	0	0	55	-203	-501	285.159546182002	0	0	-661	661	100	1	0	0.0
2025-11-03	14:50:57[831]	0	0	0	0	0	0	0	0	0	0	56	-204	-500	285.350136492424	0	0	-660	660	100	1	0	0.0
2025-11-03	14:50:58[025]	0	0	0	0	0	0	0	0	0	0	56	-213	-502	284.730321380845	0	0	-662	662	100	1	0	0.0
2025-11-03	14:50:58[221]	0	0	0	0	0	0	0	0	0	0	57	-208	-497	285.325019985392	0	0	-657	657	100	1	0	0.0
2025-11-03	14:50:58[615]	0	0	0	0	0	0	0	0	0	0	56	-210	-505	284.931417178138	0	0	-665	665	100	1	0	0.0
2025-11-03	14:50:58[807]	0	0	0	0	0	0	0	0	0	0	58	-209	-496	285.509970873766	0	0	-656	656	100	1	0	0.0
2025-11-03	14:50:59[000]	0	0	0	0	0	0	0	0	0	0	55	-207	-509	284.879721752003	0	0	-669	669	100	1	0	0.0
2025-11-03	14:50:59[207]	0	0	0	0	0	0	0	0	0	0	56	-206	-503	285.208039190635	0	0	-663	663	100	1	0	0.0
2025-11-03	14:50:59[399]	0	0	0	0	0	0	0	0	0	0	51	-206	-496	283.905281914251	0	0	-656	656	100	1	0	0.0
2025-11-03	14:50:59[594]	0	0	0	0	0	0	0	0	0	0	59	-201	-498	286.358669766164	0	0	-658	658	100	1	0	0.0
2025-11-03	14:50:59[992]	0	0	0	0	0	0	0	0	0	0	56	-211	-499	284.863791621446	0	0	-659	659	100	1	0	0.0
2025-11-03	14:51:00[185]	0	0	0	0	0	0	0	0	0	0	60	-205	-496	286.313852426261	0	0	-656	656	100	1	0	0.0
2025-11-03	14:51:00[376]	0	0	0	0	0	0	0	0	0	0	57	-207	-495	285.395549253995	0	0	-655	655	100	1	0	0.0
2025-11-03	14:51:00[566]	0	0	0	0	0	0	0	0	0	0	55	-207	-498	284.879721752003	0	0	-658	658	100	1	0	0.0
2025-11-03	14:51:00[775]	0	0	0	0	0	0	0	0	0	0	51	-210	-504	283.650419134757	0	0	-664	664	100	1	0	0.0
2025-11-03	14:51:00[969]	0	0	0	0	0	0	0	0	0	0	53	-207	-505	284.361414661813	0	0	-665	665	100	1	0	0.0
2025-11-03	14:51:01[161]	0	0	0	0	0	0	0	0	0	0	55	-211	-507	284.609819429727	0	0	-667	667	100	1	0	0.0
2025-11-03	14:51:01[558]	0	0	0	0	0	0	0	0	0	0	62	-209	-508	286.523027541548	0	0	-668	668	100	1	0	0.0
2025-11-03	14:51:01[751]	0	0	0	0	0	0	0	0	0	0	55	-207	-500	284.879721752003	0	0	-660	660	100	1	0	0.0
2025-11-03	14:51:01[943]	0	0	0	0	0	0	0	0	0	0	53	-203	-503	284.632363015851	0	0	-663	663	100	1	0	0.0
2025-11-03	14:51:02[135]	0	0	0	0	0	0	0	0	0	0	56	-206	-496	285.208039190635	0	0	-656	656	100	1	0	0.0
2025-11-03	14:51:02[342]	0	0	0	0	0	0	0	0	0	0	54	-208	-502	284.553572790713	0	0	-662	662	100	1	0	0.0
2025-11-03	14:51:02[534]	0	0	0	0	0	0	0	0	0	0	55	-203	-504	285.159546182002	0	0	-664	664	100	1	0	0.0
2025-11-03	14:51:02[728]	0	0	0	0	0	0	0	0	0	0	59	-208	-502	285.836191879068	0	0	-662	662	100	1	0	0.0
2025-11-03	14:51:02[920]	0	0	0	0	0	0	0	0	0	0	61	-211	-506	286.124556603772	0	0	-666	666	100	1	0	0.0
2025-11-03	14:51:03[128]	0	0	0	0	0	0	0	0	0	0	55	-212	-502	284.543833993456	0	0	-662	662	100	1	0	0.0
2025-11-03	14:51:03[317]	0	0	0	0	0	0	0	0	0	0	54	-210	-502	284.420773127511	0	0	-662	662	100	1	0	0.0
2025-11-03	14:51:03[704]	0	0	0	0	0	0	0	0	0	0	55	-204	-493	285.088630812736	0	0	-653	653	100	1	0	0.0
2025-11-03	14:51:03[913]	0	0	0	0	0	0	0	0	0	0	53	-207	-499	284.361414661813	0	16	-659	659	100	1	0	0.0
2025-11-03	14:51:04[102]	0	0	0	0	0	0	0	0	0	0	56	-204	-498	285.350136492424	0	0	-658	658	100	1	0	0.0
2025-11-03	14:51:04[295]	0	0	0	0	0	0	0	0	0	0	57	-209	-499	285.255118703058	0	0	-659	659	100	1	0	0.0
2025-11-03	14:51:04[486]	0	0	0	0	0	0	0	0	0	0	56	-209	-500	284.99964671363	0	0	-660	660	100	1	0	0.0
2025-11-03	14:51:04[694]	0	0	0	0	0	0	0	0	0	0	55	-205	-499	285.018360631151	0	0	-659	659	100	1	0	0.0
2025-11-03	14:51:04[886]	0	0	0	0	0	0	0	0	0	0	62	-211	-508	286.374837799199	0	0	-668	668	100	1	0	0.0
2025-11-03	14:51:05[080]	0	0	0	0	0	0	0	0	0	0	54	-203	-495	284.896277176709	0	0	-655	655	100	1	0	0.0
2025-11-03	14:51:05[271]	0	0	0	0	0	0	0	0	0	0	56	-217	-503	284.470294100066	0	0	-663	663	100	1	0	0.0
2025-11-03	14:51:05[480]	0	0	0	0	0	0	0	0	0	0	59	-208	-496	285.836191879068	0	0	-656	656	100	1	0	0.0
2025-11-03	14:51:05[672]	0	0	0	0	0	0	0	0	0	0	55	-210	-503	284.67639313745	0	0	-663	663	100	1	0	0.0
2025-11-03	14:51:05[860]	0	0	0	0	0	0	0	0	0	0	55	-206	-504	284.948727080787	0	0	-664	664	100	1	0	0.0
2025-11-03	14:51:06[053]	0	0	0	0	0	0	0	0	0	0	60	-208	-504	286.090816348852	0	0	-664	664	100	1	0	0.0
2025-11-03	14:51:06[262]	0	0	0	0	0	0	0	0	0	0	58	-207	-501	285.652512678119	0	0	-661	661	100	1	0	0.0
2025-11-03	14:51:06[453]	0	0	0	0	0	0	0	0	0	0	58	-208	-500	285.580923848252	0	0	-660	660	100	1	0	0.0
2025-11-03	14:51:06[644]	0	0	0	0	0	0	0	0	0	0	58	-210	-500	285.439645535319	0	0	-660	660	100	1	0	0.0
2025-11-03	14:51:06[840]	0	0	0	0	0	0	0	0	0	0	59	-212	-491	285.551985370382	0	0	-651	651	100	1	0	0.0
2025-11-03	14:51:07[047]	0	0	0	0	0	0	0	0	0	0	55	-212	-500	284.543833993456	0	0	-660	660	100	1	0	0.0
2025-11-03	14:51:07[239]	0	0	0	0	0	0	0	0	0	0	62	-210	-501	286.44860812704	0	0	-661	661	100	1	0	0.0
2025-11-03	14:51:07[429]	0	0	0	0	0	0	0	0	0	0	54	-212	-505	284.290325081818	0	0	-665	665	100	1	0	0.0
2025-11-03	14:51:07[639]	0	0	0	0	0	0	0	0	0	0	51	-206	-499	283.905281914251	0	0	-659	659	100	1	0	0.0
2025-11-03	14:51:07[829]	0	0	0	0	0	0	0	0	0	0	61	-218	-494	285.632497303055	0	0	-654	654	100	1	0	0.0
2025-11-03	14:51:08[021]	0	0	0	0	0	0	0	0	0	0	55	-207	-503	284.879721752003	0	0	-663	663	100	1	0	0.0
2025-11-03	14:51:08[213]	0	0	0	0	0	0	0	0	0	0	63	-208	-495	286.850753214072	0	0	-655	655	100	1	0	0.0
2025-11-03	14:51:08[424]	0	0	0	0	0	0	0	0	0	0	54	-212	-500	284.290325081818	0	0	-660	660	100	1	0	0.0
2025-11-03	14:51:08[612]	0	0	0	0	0	0	0	0	0	0	57	-212	-499	285.04910200577	0	0	-659	659	100	1	0	0.0
2025-11-03	14:51:08[804]	0	0	0	0	0	0	0	0	0	0	60	-207	-499	286.164499152257	0	0	-659	659	100	1	0	0.0
2025-11-03	14:51:08[998]	0	0	0	0	0	0	0	0	0	0	55	-212	-505	284.543833993456	0	0	-665	665	100	1	0	0.0
2025-11-03	14:51:09[206]	0	0	0	0	0	0	0	0	0	0	58	-207	-503	285.652512678119	0	0	-663	663	100	1	0	0.0
2025-11-03	14:51:09[397]	0	0	0	0	0	0	0	0	0	0	61	-207	-500	286.419506743182	0	0	-660	660	100	1	0	0.0
2025-11-03	14:51:09[593]	0	0	0	0	0	0	0	0	0	0	57	-207	-499	285.395549253995	0	0	-659	659	100	1	0	0.0
2025-11-03	14:51:09[784]	0	0	0	0	0	0	0	0	0	0	64	-212	-500	286.798371781305	0	0	-660	660	100	1	0	0.0
2025-11-03	14:51:09[989]	0	0	0	0	0	0	0	0	0	0	53	-212	-503	284.036243467926	0	0	-663	663	100	1	0	0.0
2025-11-03	14:51:10[182]	0	0	0	0	0	0	0	0	0	0	55	-213	-505	284.478429238377	0	0	-665	665	100	1	0	0.0
2025-11-03	14:51:10[373]	0	0	0	0	0	0	0	0	0	0	54	-211	-500	284.355258988153	0	0	-660	660	100	1	0	0.0
2025-11-03	14:51:10[563]	0	0	0	0	0	0	0	0	0	0	54	-211	-500	284.355258988153	0	0	-660	660	100	1	0	0.0
2025-11-03	14:51:10[772]	0	0	0	0	0	0	0	0	0	0	59	-208	-500	285.836191879068	0	0	-660	660	100	1	0	0.0
2025-11-03	14:51:10[963]	0	0	0	0	0	0	0	0	0	0	55	-201	-498	285.303347462301	0	0	-658	658	100	1	0	0.0
2025-11-03	14:51:11[158]	0	0	0	0	0	0	0	0	0	0	62	-206	-496	286.750264505026	0	0	-656	656	100	1	0	0.0
2025-11-03	14:51:11[348]	0	0	0	0	0	0	0	0	0	0	56	-209	-493	284.99964671363	0	0	-653	653	100	1	0	0.0
2025-11-03	14:51:11[556]	0	0	0	0	0	0	0	0	0	0	58	-202	-496	286.020292302071	0	0	-656	656	100	1	0	0.0
2025-11-03	14:51:11[750]	0	0	0	0	0	0	0	0	0	0	64	-210	-493	286.949224233821	0	0	-653	653	100	1	0	0.0
2025-11-03	14:51:11[939]	0	0	0	0	0	0	0	0	0	0	56	-207	-501	285.137949583133	0	0	-661	661	100	1	0	0.0
2025-11-03	14:51:12[132]	0	0	0	0	0	0	0	0	0	0	61	-207	-497	286.419506743182	0	0	-657	657	100	1	0	0.0
2025-11-03	14:51:12[340]	0	0	0	0	0	0	0	0	0	0	62	-208	-502	286.598104392861	0	0	-662	662	100	1	0	0.0
2025-11-03	14:51:12[535]	0	0	0	0	0	0	0	0	0	0	54	-206	-500	284.688786773318	0	0	-660	660	100	1	0	0.0
2025-11-03	14:51:12[723]	0	0	0	0	0	0	0	0	0	0	58	-206	-499	285.724745722747	0	0	-659	659	100	1	0	0.0
2025-11-03	14:51:12[916]	0	0	0	0	0	0	0	0	0	0	58	-215	-505	285.097155158191	0	0	-665	665	100	1	0	0.0
2025-11-03	14:51:13[123]	0	0	0	0	0	0	0	0	0	0	52	-207	-491	284.101352280257	0	0	-651	651	100	1	0	0.0
2025-11-03	14:51:13[317]	0	0	0	0	0	0	0	0	0	0	59	-212	-502	285.551985370382	0	0	-662	662	100	1	0	0.0
2025-11-03	14:51:13[507]	0	0	0	0	0	0	0	0	0	0	52	-211	-492	283.844405637316	0	0	-652	652	100	1	0	0.0
2025-11-03	14:51:13[702]	0	0	0	0	0	0	0	0	0	0	63	-208	-498	286.850753214072	0	0	-658	658	100	1	0	0.0
2025-11-03	14:51:13[910]	0	0	0	0	0	0	0	0	0	0	56	-204	-500	285.350136492424	0	0	-660	660	100	1	0	0.0
2025-11-03	14:51:14[100]	0	0	0	0	0	0	0	0	0	0	59	-213	-502	285.482481714048	0	0	-662	662	100	1	0	0.0
2025-11-03	14:51:14[290]	0	0	0	0	0	0	0	0	0	0	60	-209	-496	286.017784718392	0	0	-656	656	100	1	0	0.0
2025-11-03	14:51:14[486]	0	0	0	0	0	0	0	0	0	0	54	-212	-499	284.290325081818	0	0	-659	659	100	1	0	0.0
2025-11-03	14:51:14[691]	0	0	0	0	0	0	0	0	0	0	52	-212	-494	283.781597235654	0	0	-654	654	100	1	0	0.0
2025-11-03	14:51:14[884]	0	0	0	0	0	0	0	0	0	0	54	-207	-495	284.620873988632	0	0	-655	655	100	1	0	0.0
2025-11-03	14:51:15[076]	0	0	0	0	0	0	0	0	0	0	53	-206	-500	284.428226721786	0	0	-660	660	100	1	0	0.0
2025-11-03	14:51:15[475]	0	0	0	0	0	0	0	0	0	0	56	-207	-493	285.137949583133	0	0	-653	653	100	1	0	0.0
2025-11-03	14:51:15[667]	0	0	0	0	0	0	0	0	0	0	56	-211	-501	284.863791621446	0	0	-661	661	100	1	0	0.0
2025-11-03	14:51:15[861]	0	0	0	0	0	0	0	0	0	0	53	-215	-502	283.84797761916	0	0	-662	662	100	1	0	0.0
2025-11-03	14:51:16[052]	0	0	0	0	0	0	0	0	0	0	49	-206	-490	283.379963127061	0	0	-650	650	100	1	0	0.0
2025-11-03	14:51:16[258]	0	0	0	0	0	0	0	0	0	0	52	-203	-499	284.367812564674	0	0	-659	659	100	1	0	0.0
2025-11-03	14:51:16[451]	0	0	0	0	0	0	0	0	0	0	56	-205	-502	285.278765329661	0	0	-662	662	100	1	0	0.0
2025-11-03	14:51:16[642]	0	0	0	0	0	0	0	0	0	0	55	-209	-493	284.743562836471	0	0	-653	653	100	1	0	0.0
2025-11-03	14:51:16[835]	0	0	0	0	0	0	0	0	0	0	56	-199	-499	285.716975398735	0	0	-659	659	100	1	0	0.0
2025-11-03	14:51:17[042]	0	0	0	0	0	0	0	0	0	0	52	-211	-499	283.844405637316	0	0	-659	659	100	1	0	0.0
2025-11-03	14:51:17[234]	0	0	0	0	0	0	0	0	0	0	56	-211	-500	284.863791621446	0	0	-660	660	100	1	0	0.0
2025-11-03	14:51:17[427]	0	0	0	0	0	0	0	0	0	0	60	-200	-499	286.699244233994	0	0	-659	659	100	1	0	0.0
2025-11-03	14:51:17[619]	0	0	0	0	0	0	0	0	0	0	54	-208	-500	284.553572790713	0	0	-660	660	100	1	0	0.0
2025-11-03	14:51:17[826]	0	0	0	0	0	0	0	0	0	0	60	-208	-503	286.090816348852	0	0	-663	663	100	1	0	0.0
2025-11-03	14:51:18[020]	0	0	0	0	0	0	0	0	0	0	55	-201	-502	285.303347462301	0	0	-662	662	100	1	0	0.0
2025-11-03	14:51:18[210]	0	0	0	0	0	0	0	0	0	0	54	-209	-497	284.486875138386	0	0	-657	657	100	1	0	0.0
2025-11-03	14:51:18[402]	0	0	0	0	0	0	0	0	0	0	56	-209	-496	284.99964671363	0	0	-656	656	100	1	0	0.0
2025-11-03	14:51:18[609]	0	0	0	0	0	0	0	0	0	0	50	-209	-500	283.454252180703	0	0	-660	660	100	1	0	0.0
2025-11-03	14:51:18[804]	0	0	0	0	0	0	0	0	0	0	54	-204	-501	284.826479970356	0	0	-661	661	100	1	0	0.0
2025-11-03	14:51:18[994]	0	0	0	0	0	0	0	0	0	0	53	-208	-504	284.295205679746	0	0	-664	664	100	1	0	0.0
2025-11-03	14:51:19[186]	0	0	0	0	0	0	0	0	0	0	53	-206	-500	284.428226721786	0	0	-660	660	100	1	0	0.0
2025-11-03	14:51:19[396]	0	0	0	0	0	0	0	0	0	0	56	-205	-504	285.278765329661	0	0	-664	664	100	1	0	0.0
2025-11-03	14:51:19[585]	0	0	0	0	0	0	0	0	0	0	59	-205	-495	286.056076599398	0	0	-655	655	100	1	0	0.0
2025-11-03	14:51:19[778]	0	0	0	0	0	0	0	0	0	0	59	-206	-504	285.982123959683	0	0	-664	664	100	1	0	0.0
2025-11-03	14:51:19[970]	0	0	0	0	0	0	0	0	0	0	64	-205	-505	287.338109142361	0	0	-665	665	100	1	0	0.0
2025-11-03	14:51:20[175]	0	0	0	0	0	0	0	0	0	0	64	-205	-505	287.338109142361	0	0	-665	665	100	1	0	0.0
2025-11-03	14:51:20[371]	0	0	0	0	0	0	0	0	0	0	51	-211	-499	283.588129189884	0	0	-659	659	100	1	0	0.0
2025-11-03	14:51:20[562]	0	0	0	0	0	0	0	0	0	0	53	-204	-501	284.563692590936	0	0	-661	661	100	1	0	0.0
2025-11-03	14:51:20[756]	0	0	0	0	0	0	0	0	0	0	51	-207	-498	283.840695491656	0	0	-658	658	100	1	0	0.0
2025-11-03	14:51:20[962]	0	0	0	0	0	0	0	0	0	0	58	-205	-501	285.797631484453	0	0	-661	661	100	1	0	0.0
2025-11-03	14:51:21[155]	0	0	0	0	0	0	0	0	0	0	57	-206	-497	285.46671479305	0	0	-657	657	100	1	0	0.0
2025-11-03	14:51:21[346]	0	0	0	0	0	0	0	0	0	0	54	-210	-501	284.420773127511	0	0	-661	661	100	1	0	0.0
2025-11-03	14:51:21[539]	0	0	0	0	0	0	0	0	0	0	58	-203	-508	285.945395900923	0	0	-668	668	100	1	0	0.0
2025-11-03	14:54:13[610]	0	0	0	0	0	0	0	0	0	0	53	-209	-499	284.229591821213	0	0	-659	659	100	1	0	0.0
2025-11-03	14:54:13[799]	0	0	0	0	0	0	0	0	0	0	59	-207	-500	285.908831911302	0	0	-660	660	100	1	0	0.0
2025-11-03	14:54:13[989]	0	0	0	0	0	0	0	0	0	0	56	-211	-507	284.863791621446	0	0	-667	667	100	1	0	0.0
2025-11-03	14:54:14[195]	0	0	0	0	0	0	0	0	0	0	56	-213	-499	284.730321380845	0	0	-659	659	100	1	0	0.0
2025-11-03	14:54:14[390]	0	0	0	0	0	0	0	0	0	0	54	-205	-508	284.757319325885	0	0	-668	668	100	1	0	0.0
2025-11-03	14:54:14[580]	0	0	0	0	0	0	0	0	0	0	54	-207	-503	284.620873988632	0	0	-663	663	100	1	0	0.0
2025-11-03	14:54:14[771]	0	0	0	0	0	0	0	0	0	0	59	-207	-504	285.908831911302	0	0	-664	664	100	1	0	0.0
2025-11-03	14:54:14[980]	0	0	0	0	0	0	0	0	0	0	53	-206	-505	284.428226721786	0	0	-665	665	100	1	0	0.0
2025-11-03	14:54:15[174]	0	0	0	0	0	0	0	0	0	0	58	-212	-504	285.30084557245	0	0	-664	664	100	1	0	0.0
2025-11-03	14:54:15[368]	0	0	0	0	0	0	0	0	0	0	50	-210	-498	283.392497753751	0	0	-658	658	100	1	0	0.0
2025-11-03	14:54:15[556]	0	0	0	0	0	0	0	0	0	0	54	-208	-502	284.553572790713	0	0	-662	662	100	1	0	0.0
2025-11-03	14:54:15[762]	0	0	0	0	0	0	0	0	0	0	54	-208	-503	284.553572790713	0	0	-663	663	100	1	0	0.0
2025-11-03	14:54:15[956]	0	0	0	0	0	0	0	0	0	0	52	-207	-502	284.101352280257	0	0	-662	662	100	1	0	0.0
2025-11-03	14:54:16[151]	0	0	0	0	0	0	0	0	0	0	58	-210	-506	285.439645535319	0	0	-666	666	100	1	0	0.0
2025-11-03	14:54:16[340]	0	0	0	0	0	0	0	0	0	0	55	-209	-497	284.743562836471	0	0	-657	657	100	1	0	0.0
2025-11-03	14:54:16[551]	0	0	0	0	0	0	0	0	0	0	51	-207	-503	283.840695491656	0	0	-663	663	100	1	0	0.0
2025-11-03	14:54:16[740]	0	0	0	0	0	0	0	0	0	0	57	-203	-503	285.684114027041	0	0	-663	663	100	1	0	0.0
2025-11-03	14:54:16[931]	0	0	0	0	0	0	0	0	0	0	53	-210	-501	284.16456526796	0	0	-661	661	100	1	0	0.0
2025-11-03	14:54:17[124]	0	0	0	0	0	0	0	0	0	0	57	-205	-503	285.538525029032	0	0	-663	663	100	1	0	0.0
2025-11-03	14:54:17[331]	0	0	0	0	0	0	0	0	0	0	0	-211	-500	270	0	0	-660	660	100	1	0	0.0
2025-11-03	14:54:17[523]	0	0	0	0	0	0	0	0	0	0	49	-203	-495	283.570434385161	0	0	-655	655	100	1	0	0.0
2025-11-03	14:54:17[715]	0	0	0	0	0	0	0	0	0	0	53	-210	-505	284.16456526796	0	0	-665	665	100	1	0	0.0
2025-11-03	14:54:17[911]	0	0	0	0	0	0	0	0	0	0	55	-211	-513	284.609819429727	0	0	-673	673	100	1	0	0.0
2025-11-03	14:54:18[114]	0	0	0	0	0	0	0	0	0	0	55	-212	-504	284.543833993456	0	0	-664	664	100	1	0	0.0
2025-11-03	14:54:18[307]	0	0	0	0	0	0	0	0	0	0	60	-206	-499	286.238841629692	0	0	-659	659	100	1	0	0.0
2025-11-03	14:54:18[499]	0	0	0	0	0	0	0	0	0	0	49	-206	-501	283.379963127061	0	0	-661	661	100	1	0	0.0
2025-11-03	14:54:18[693]	0	0	0	0	0	0	0	0	0	0	55	-207	-503	284.879721752003	0	0	-663	663	100	1	0	0.0
2025-11-03	14:54:18[901]	0	0	0	0	0	0	0	0	0	0	51	-212	-497	283.526394594055	0	0	-657	657	100	1	0	0.0
2025-11-03	14:54:19[090]	0	0	0	0	0	0	0	0	0	0	48	-208	-504	282.994616791916	0	0	-664	664	100	1	0	0.0
2025-11-03	14:54:19[282]	0	0	0	0	0	0	0	0	0	0	60	-207	-504	286.164499152257	0	0	-664	664	100	1	0	0.0
2025-11-03	14:54:19[474]	0	0	0	0	0	0	0	0	0	0	54	-209	-508	284.486875138386	0	0	-668	668	100	1	0	0.0
2025-11-03	14:54:19[687]	0	0	0	0	0	0	0	0	0	0	55	-210	-506	284.67639313745	0	0	-666	666	100	1	0	0.0
2025-11-03	14:54:19[876]	0	0	0	0	0	0	0	0	0	0	55	-213	-497	284.478429238377	0	0	-657	657	100	1	0	0.0
2025-11-03	14:54:20[070]	0	0	0	0	0	0	0	0	0	0	57	-206	-508	285.46671479305	0	0	-668	668	100	1	0	0.0
2025-11-03	14:54:20[259]	0	0	0	0	0	0	0	0	0	0	56	-205	-497	285.278765329661	0	0	-657	657	100	1	0	0.0
2025-11-03	14:54:20[466]	0	0	0	0	0	0	0	0	0	0	55	-214	-500	284.413597701185	0	0	-660	660	100	1	0	0.0
2025-11-03	14:54:20[662]	0	0	0	0	0	0	0	0	0	0	52	-213	-509	283.719345264022	0	0	-669	669	100	1	0	0.0
2025-11-03	14:54:20[851]	0	0	0	0	0	0	0	0	0	0	50	-216	-496	283.033356325914	0	0	-656	656	100	1	0	0.0
2025-11-03	14:54:21[042]	0	0	0	0	0	0	0	0	0	0	48	-209	-502	282.93453735272	0	0	-662	662	100	1	0	0.0
2025-11-03	14:54:21[252]	0	0	0	0	0	0	0	0	0	0	57	-213	-507	284.981632572391	0	0	-667	667	100	1	0	0.0
2025-11-03	14:54:21[443]	0	0	0	0	0	0	0	0	0	0	56	-208	-505	285.068488159492	0	0	-665	665	100	1	0	0.0
2025-11-03	14:54:21[634]	0	0	0	0	0	0	0	0	0	0	62	-213	-504	286.229211682388	0	0	-664	664	100	1	0	0.0
2025-11-03	14:54:21[826]	0	0	0	0	0	0	0	0	0	0	56	-206	-508	285.208039190635	0	0	-668	668	100	1	0	0.0
2025-11-03	14:54:22[034]	0	0	0	0	0	0	0	0	0	0	55	-211	-507	284.609819429727	0	0	-667	667	100	1	0	0.0
2025-11-03	14:54:22[227]	0	0	0	0	0	0	0	0	0	0	50	-203	-501	283.836839007882	0	0	-661	661	100	1	0	0.0
2025-11-03	14:54:22[421]	0	0	0	0	0	0	0	0	0	0	54	-210	-500	284.420773127511	0	0	-660	660	100	1	0	0.0
2025-11-03	14:54:22[609]	0	0	0	0	0	0	0	0	0	0	56	-214	-500	284.664461488411	0	0	-660	660	100	1	0	0.0
2025-11-03	14:54:22[817]	0	0	0	0	0	0	0	0	0	0	57	-207	-505	285.395549253995	0	0	-665	665	100	1	0	0.0
2025-11-03	14:54:23[013]	0	0	0	0	0	0	0	0	0	0	54	-208	-503	284.553572790713	0	0	-663	663	100	1	0	0.0
2025-11-03	14:54:23[202]	0	0	0	0	0	0	0	0	0	0	57	-208	-509	285.325019985392	0	0	-669	669	100	1	0	0.0
2025-11-03	14:54:23[394]	0	0	0	0	0	0	0	0	0	0	56	-212	-506	284.796762245057	0	0	-666	666	100	1	0	0.0
2025-11-03	14:54:23[602]	0	0	0	0	0	0	0	0	0	0	49	-206	-507	283.379963127061	0	0	-667	667	100	1	0	0.0
2025-11-03	14:54:23[794]	0	0	0	0	0	0	0	0	0	0	58	-216	-508	285.030430523433	0	0	-668	668	100	1	0	0.0
2025-11-03	14:54:23[986]	0	0	0	0	0	0	0	0	0	0	52	-208	-506	284.036243467926	0	0	-666	666	100	1	0	0.0
2025-11-03	14:54:24[178]	0	0	0	0	0	0	0	0	0	0	54	-212	-502	284.290325081818	0	0	-662	662	100	1	0	0.0
2025-11-03	14:54:24[384]	0	0	0	0	0	0	0	0	0	0	54	-209	-502	284.486875138386	0	0	-662	662	100	1	0	0.0
2025-11-03	14:54:24[577]	0	0	0	0	0	0	0	0	0	0	56	-210	-504	284.931417178138	0	0	-664	664	100	1	0	0.0
2025-11-03	14:54:24[769]	0	0	0	0	0	0	0	0	0	0	52	-213	-509	283.719345264022	0	0	-669	669	100	1	0	0.0
2025-11-03	14:54:24[961]	0	0	0	0	0	0	0	0	0	0	54	-209	-502	284.486875138386	0	0	-662	662	100	1	0	0.0
2025-11-03	14:54:25[171]	0	0	0	0	0	0	0	0	0	0	57	-212	-500	285.04910200577	0	0	-660	660	100	1	0	0.0
2025-11-03	14:54:25[363]	0	0	0	0	0	0	0	0	0	0	54	-211	-507	284.355258988153	0	0	-667	667	100	1	0	0.0
2025-11-03	14:54:25[554]	0	0	0	0	0	0	0	0	0	0	49	-202	-497	283.635112709017	0	0	-657	657	100	1	0	0.0
2025-11-03	14:54:25[747]	0	0	0	0	0	0	0	0	0	0	56	-205	-506	285.278765329661	0	0	-666	666	100	1	0	0.0
2025-11-03	14:54:25[953]	0	0	0	0	0	0	0	0	0	0	58	-217	-505	284.964279680707	0	0	-665	665	100	1	0	0.0
2025-11-03	14:54:26[145]	0	0	0	0	0	0	0	0	0	0	52	-205	-503	284.233361197725	0	0	-663	663	100	1	0	0.0
2025-11-03	14:54:26[336]	0	0	0	0	0	0	0	0	0	0	56	-210	-503	284.931417178138	0	0	-663	663	100	1	0	0.0
2025-11-03	14:54:26[528]	0	0	0	0	0	0	0	0	0	0	47	-207	-506	282.792302027141	0	0	-666	666	100	1	0	0.0
2025-11-03	14:54:26[736]	0	0	0	0	0	0	0	0	0	0	54	-207	-507	284.620873988632	0	0	-667	667	100	1	0	0.0
2025-11-03	14:54:26[930]	0	0	0	0	0	0	0	0	0	0	61	-212	-512	286.052424007157	0	0	-672	672	100	1	0	0.0
2025-11-03	14:54:27[121]	0	0	0	0	0	0	0	0	0	0	58	-212	-501	285.30084557245	0	0	-661	661	100	1	0	0.0
2025-11-03	14:54:27[312]	0	0	0	0	0	0	0	0	0	0	54	-211	-504	284.355258988153	0	0	-664	664	100	1	0	0.0
2025-11-03	14:54:27[521]	0	0	0	0	0	0	0	0	0	0	51	-207	-505	283.840695491656	0	0	-665	665	100	1	0	0.0
2025-11-03	14:54:27[713]	0	0	0	0	0	0	0	0	0	0	58	-205	-499	285.797631484453	0	0	-659	659	100	1	0	0.0
2025-11-03	14:54:27[905]	0	0	0	0	0	0	0	0	0	0	52	-207	-512	284.101352280257	0	0	-672	672	100	1	0	0.0
2025-11-03	14:54:28[097]	0	0	0	0	0	0	0	0	0	0	57	-216	-504	284.782726042616	0	0	-664	664	100	1	0	0.0
2025-11-03	14:54:28[305]	0	0	0	0	0	0	0	0	0	0	51	-211	-506	283.588129189884	0	0	-666	666	100	1	0	0.0
2025-11-03	14:54:30[145]	0	0	0	0	0	0	0	0	0	0	52	-209	-494	283.971721220975	0	0	-654	654	100	1	0	0.0
2025-11-03	14:54:30[161]	0	0	0	0	0	0	0	0	0	0	56	-208	-501	285.068488159492	0	0	-661	661	100	1	0	0.0
2025-11-03	14:54:30[172]	0	0	0	0	0	0	0	0	0	0	54	-213	-506	284.225963898752	0	0	-666	666	100	1	0	0.0
2025-11-03	14:54:30[179]	0	0	0	0	0	0	0	0	0	0	59	-211	-498	285.622100262711	0	0	-658	658	100	1	0	0.0
2025-11-03	14:54:30[188]	0	0	0	0	0	0	0	0	0	0	57	-214	-500	284.91475173954	0	0	-660	660	100	1	0	0.0
2025-11-03	14:54:30[195]	0	0	0	0	0	0	0	0	0	0	59	-210	-502	285.692834276937	0	0	-662	662	100	1	0	0.0
2025-11-03	14:54:30[201]	0	0	0	0	0	0	0	0	0	0	54	-205	-498	284.757319325885	0	0	-658	658	100	1	0	0.0
2025-11-03	14:54:30[206]	0	0	0	0	0	0	0	0	0	0	62	-207	-502	286.67384717027	0	0	-662	662	100	1	0	0.0
2025-11-03	14:54:30[214]	0	0	0	0	0	0	0	0	0	0	50	-208	-503	283.516568108791	0	0	-663	663	100	1	0	0.0
2025-11-03	14:54:30[255]	0	0	0	0	0	0	0	0	0	0	54	-214	-506	284.162168055313	0	0	-666	666	100	1	0	0.0
2025-11-03	14:54:30[449]	0	0	0	0	0	0	0	0	0	0	56	-209	-246	284.99964671363	0	0	-662	662	100	1	0	0.0
2025-11-03	14:54:30[657]	0	0	0	0	0	0	0	0	0	0	53	-208	-510	284.295205679746	0	0	-670	670	100	1	0	0.0
2025-11-03	14:54:30[848]	0	0	0	0	0	0	0	0	0	0	57	-211	-503	285.117167654587	0	0	-663	663	100	1	0	0.0
2025-11-03	14:54:31[044]	0	0	0	0	0	0	0	0	0	0	56	-207	-502	285.137949583133	0	0	-662	662	100	1	0	0.0
2025-11-03	14:54:31[233]	0	0	0	0	0	0	0	0	0	0	57	-206	-504	285.46671479305	0	0	-664	664	100	1	0	0.0
2025-11-03	14:54:31[438]	0	0	0	0	0	0	0	0	0	0	54	-212	-504	284.290325081818	0	0	-664	664	100	1	0	0.0
2025-11-03	14:54:31[636]	0	0	0	0	0	0	0	0	0	0	54	-214	-498	284.162168055313	0	0	-658	658	100	1	0	0.0
2025-11-03	14:54:31[823]	0	0	0	0	0	0	0	0	0	0	57	-210	-508	285.185837262201	0	0	-668	668	100	1	0	0.0
2025-11-03	14:54:32[015]	0	0	0	0	0	0	0	0	0	0	50	-209	-506	283.454252180703	0	0	-666	666	100	1	0	0.0
2025-11-03	14:54:32[227]	0	0	0	0	0	0	0	0	0	0	50	-206	-507	283.64291477599	0	0	-667	667	100	1	0	0.0
2025-11-03	14:54:32[415]	0	0	0	0	0	0	0	0	0	0	50	-207	-509	283.579453081689	0	0	-669	669	100	1	0	0.0
2025-11-03	14:54:32[607]	0	0	0	0	0	0	0	0	0	0	48	-211	-503	282.816002193659	0	0	-663	663	100	1	0	0.0
2025-11-03	14:54:32[800]	0	0	0	0	0	0	0	0	0	0	54	-205	-505	284.757319325885	0	0	-665	665	100	1	0	0.0
2025-11-03	14:54:33[007]	0	0	0	0	0	0	0	0	0	0	56	-213	-508	284.730321380845	0	0	-668	668	100	1	0	0.0
2025-11-03	14:54:33[199]	0	0	0	0	0	0	0	0	0	0	53	-208	-506	284.295205679746	0	0	-666	666	100	1	0	0.0
2025-11-03	14:54:33[392]	0	0	0	0	0	0	0	0	0	0	54	-207	-506	284.620873988632	0	0	-666	666	100	1	0	0.0
2025-11-03	14:54:33[583]	0	0	0	0	0	0	0	0	0	0	56	-207	-502	285.137949583133	0	0	-662	662	100	1	0	0.0
2025-11-03	14:54:33[792]	0	0	0	0	0	0	0	0	0	0	55	-212	-510	284.543833993456	0	11	-670	670	100	1	0	0.0
2025-11-03	14:54:33[983]	0	0	0	0	0	0	0	0	0	0	55	-214	-500	284.413597701185	0	0	-660	660	100	1	0	0.0
2025-11-03	14:54:34[366]	0	0	0	0	0	0	0	0	0	0	55	-209	-504	284.743562836471	0	0	-664	664	100	1	0	0.0
2025-11-03	14:54:34[575]	0	0	0	0	0	0	0	0	0	0	54	-214	-505	284.162168055313	0	0	-665	665	100	1	0	0.0
2025-11-03	14:54:34[767]	0	0	0	0	0	0	0	0	0	0	56	-211	-502	284.863791621446	0	0	-662	662	100	1	0	0.0
2025-11-03	14:54:34[958]	0	0	0	0	0	0	0	0	0	0	56	-213	-501	284.730321380845	0	0	-661	661	100	1	0	0.0
2025-11-03	14:54:35[151]	0	0	0	0	0	0	0	0	0	0	55	-211	-246	284.609819429727	0	0	-662	662	100	1	0	0.0
2025-11-03	14:54:35[358]	0	0	0	0	0	0	0	0	0	0	56	-205	-506	285.278765329661	0	0	-666	666	100	1	0	0.0
2025-11-03	14:54:35[550]	0	0	0	0	0	0	0	0	0	0	57	-206	-499	285.46671479305	0	0	-659	659	100	1	0	0.0
2025-11-03	14:54:35[743]	0	0	0	0	0	0	0	0	0	0	52	-206	-505	284.167055522631	0	0	-665	665	100	1	0	0.0
2025-11-03	14:54:35[936]	0	0	0	0	0	0	0	0	0	0	61	-207	-494	286.419506743182	0	0	-654	654	100	1	0	0.0
2025-11-03	14:54:36[144]	0	0	0	0	0	0	0	0	0	0	54	-204	-500	284.826479970356	0	0	-660	660	100	1	0	0.0
2025-11-03	14:54:36[334]	0	0	0	0	0	0	0	0	0	0	53	-204	-496	284.563692590936	0	0	-656	656	100	1	0	0.0
2025-11-03	14:54:36[526]	0	0	0	0	0	0	0	0	0	0	55	-212	-503	284.543833993456	0	0	-663	663	100	1	0	0.0
2025-11-03	14:54:36[926]	0	0	0	0	0	0	0	0	0	0	53	-211	-504	284.100118335013	0	0	-664	664	100	1	0	0.0
2025-11-03	14:54:37[118]	0	0	0	0	0	0	0	0	0	0	52	-210	-499	283.907777809855	0	0	-659	659	100	1	0	0.0
2025-11-03	14:54:37[310]	0	0	0	0	0	0	0	0	0	0	53	-205	-498	284.495649953041	0	0	-658	658	100	1	0	0.0
2025-11-03	14:54:37[504]	0	0	0	0	0	0	0	0	0	0	50	-209	-508	283.454252180703	0	0	-668	668	100	1	0	0.0
2025-11-03	14:54:37[710]	0	0	0	0	0	0	0	0	0	0	57	-208	-500	285.325019985392	0	0	-660	660	100	1	0	0.0
2025-11-03	14:54:37[902]	0	0	0	0	0	0	0	0	0	0	58	-209	-505	285.509970873766	0	0	-665	665	100	1	0	0.0
2025-11-03	14:54:38[098]	0	0	0	0	0	0	0	0	0	0	56	-204	-502	285.350136492424	0	0	-662	662	100	1	0	0.0
2025-11-03	14:54:38[285]	0	0	0	0	0	0	0	0	0	0	56	-207	-507	285.137949583133	0	0	-667	667	100	1	0	0.0
2025-11-03	14:54:38[495]	0	0	0	0	0	0	0	0	0	0	54	-205	-498	284.757319325885	0	0	-658	658	100	1	0	0.0
2025-11-03	14:54:38[690]	0	0	0	0	0	0	0	0	0	0	53	-214	-504	283.910180350088	0	0	-664	664	100	1	0	0.0
2025-11-03	14:54:38[878]	0	0	0	0	0	0	0	0	0	0	60	-216	-507	285.524110996754	0	0	-667	667	100	1	0	0.0
2025-11-03	14:54:39[070]	0	0	0	0	0	0	0	0	0	0	53	-203	-503	284.632363015851	0	0	-663	663	100	1	0	0.0
2025-11-03	14:54:39[277]	0	0	0	0	0	0	0	0	0	0	53	-208	-504	284.295205679746	0	0	-664	664	100	1	0	0.0
2025-11-03	14:54:39[470]	0	0	0	0	0	0	0	0	0	0	59	-207	-503	285.908831911302	0	0	-663	663	100	1	0	0.0
2025-11-03	14:54:39[662]	0	0	0	0	0	0	0	0	0	0	49	-211	-501	283.07391885825	0	0	-661	661	100	1	0	0.0
2025-11-03	14:54:39[854]	0	0	0	0	0	0	0	0	0	0	50	-211	-503	283.331297414376	0	0	-663	663	100	1	0	0.0
2025-11-03	14:54:40[064]	0	0	0	0	0	0	0	0	0	0	55	-202	-500	285.231115445345	0	0	-660	660	100	1	0	0.0
2025-11-03	14:54:40[254]	0	0	0	0	0	0	0	0	0	0	61	-211	-503	286.124556603772	0	0	-663	663	100	1	0	0.0
2025-11-03	14:54:40[445]	0	0	0	0	0	0	0	0	0	0	55	-203	-507	285.159546182002	0	0	-667	667	100	1	0	0.0
2025-11-03	14:54:40[637]	0	0	0	0	0	0	0	0	0	0	49	-202	-493	283.635112709017	0	0	-653	653	100	1	0	0.0
2025-11-03	14:54:40[845]	0	0	0	0	0	0	0	0	0	0	57	-213	-509	284.981632572391	0	0	-669	669	100	1	0	0.0
2025-11-03	14:54:41[040]	0	0	0	0	0	0	0	0	0	0	52	-210	-505	283.907777809855	0	0	-665	665	100	1	0	0.0
2025-11-03	14:54:41[230]	0	0	0	0	0	0	0	0	0	0	52	-201	-503	284.504773277197	0	0	-663	663	100	1	0	0.0
2025-11-03	14:54:41[421]	0	0	0	0	0	0	0	0	0	0	48	-210	-506	282.875001559612	0	0	-666	666	100	1	0	0.0
2025-11-03	14:54:41[629]	0	0	0	0	0	0	0	0	0	0	61	-200	-503	286.961705886533	0	0	-663	663	100	1	0	0.0
2025-11-03	14:54:41[821]	0	0	0	0	0	0	0	0	0	0	56	-210	-509	284.931417178138	0	0	-669	669	100	1	0	0.0
2025-11-03	14:54:42[012]	0	0	0	0	0	0	0	0	0	0	52	-210	-501	283.907777809855	0	0	-661	661	100	1	0	0.0
2025-11-03	14:54:42[205]	0	0	0	0	0	0	0	0	0	0	56	-204	-507	285.350136492424	0	0	-667	667	100	1	0	0.0
2025-11-03	14:54:42[413]	0	0	0	0	0	0	0	0	0	0	54	-210	-505	284.420773127511	0	0	-665	665	100	1	0	0.0
2025-11-03	14:54:42[604]	0	0	0	0	0	0	0	0	0	0	60	-206	-503	286.238841629692	0	0	-663	663	100	1	0	0.0
2025-11-03	14:54:42[798]	0	0	0	0	0	0	0	0	0	0	53	-211	-494	284.100118335013	0	0	-654	654	100	1	0	0.0
2025-11-03	14:54:42[988]	0	0	0	0	0	0	0	0	0	0	56	-204	-507	285.350136492424	0	0	-667	667	100	1	0	0.0
2025-11-03	14:54:43[197]	0	0	0	0	0	0	0	0	0	0	50	-202	-503	283.902687114221	0	0	-663	663	100	1	0	0.0
2025-11-03	14:54:43[388]	0	0	0	0	0	0	0	0	0	0	57	-206	-504	285.46671479305	0	0	-664	664	100	1	0	0.0
2025-11-03	14:54:43[580]	0	0	0	0	0	0	0	0	0	0	53	-205	-495	284.495649953041	0	0	-655	655	100	1	0	0.0
2025-11-03	14:54:43[774]	0	0	0	0	0	0	0	0	0	0	53	-209	-502	284.229591821213	0	0	-662	662	100	1	0	0.0
2025-11-03	14:54:43[980]	0	0	0	0	0	0	0	0	0	0	55	-210	-504	284.67639313745	0	0	-664	664	100	1	0	0.0
2025-11-03	14:54:44[172]	0	0	0	0	0	0	0	0	0	0	58	-213	-503	285.232355184385	0	0	-663	663	100	1	0	0.0
2025-11-03	14:54:44[367]	0	0	0	0	0	0	0	0	0	0	59	-210	-506	285.692834276937	0	0	-666	666	100	1	0	0.0
2025-11-03	14:54:44[557]	0	0	0	0	0	0	0	0	0	0	50	-211	-503	283.331297414376	0	0	-663	663	100	1	0	0.0
2025-11-03	14:54:44[765]	0	0	0	0	0	0	0	0	0	0	56	-205	-501	285.278765329661	0	0	-661	661	100	1	0	0.0
2025-11-03	14:54:44[956]	0	0	0	0	0	0	0	0	0	0	56	-204	-506	285.350136492424	0	0	-666	666	100	1	0	0.0
2025-11-03	14:54:45[148]	0	0	0	0	0	0	0	0	0	0	55	-207	-501	284.879721752003	0	0	-661	661	100	1	0	0.0
2025-11-03	14:54:45[343]	0	0	0	0	0	0	0	0	0	0	54	-213	-504	284.225963898752	0	0	-664	664	100	1	0	0.0
2025-11-03	14:54:45[548]	0	0	0	0	0	0	0	0	0	0	52	-208	-503	284.036243467926	0	0	-663	663	100	1	0	0.0
2025-11-03	14:54:45[742]	0	0	0	0	0	0	0	0	0	0	52	-207	-507	284.101352280257	0	0	-667	667	100	1	0	0.0
2025-11-03	14:54:45[932]	0	0	0	0	0	0	0	0	0	0	53	-213	-508	283.972933240087	0	0	-668	668	100	1	0	0.0
2025-11-03	14:54:46[124]	0	0	0	0	0	0	0	0	0	0	51	-213	-502	283.465208094812	0	0	-662	662	100	1	0	0.0
2025-11-03	14:54:46[333]	0	0	0	0	0	0	0	0	0	0	63	-209	-504	286.774666453939	0	0	-664	664	100	1	0	0.0
2025-11-03	14:54:46[525]	0	0	0	0	0	0	0	0	0	0	54	-205	-500	284.757319325885	0	0	-660	660	100	1	0	0.0
2025-11-03	14:54:46[716]	0	0	0	0	0	0	0	0	0	0	48	-209	-506	282.93453735272	0	0	-666	666	100	1	0	0.0
2025-11-03	14:54:46[907]	0	0	0	0	0	0	0	0	0	0	52	-211	-499	283.844405637316	0	0	-659	659	100	1	0	0.0
2025-11-03	14:54:47[116]	0	0	0	0	0	0	0	0	0	0	54	-206	-501	284.688786773318	0	0	-661	661	100	1	0	0.0
2025-11-03	14:54:47[308]	0	0	0	0	0	0	0	0	0	0	55	-206	-509	284.948727080787	0	0	-669	669	100	1	0	0.0
2025-11-03	14:54:47[499]	0	0	0	0	0	0	0	0	0	0	53	-208	-500	284.295205679746	0	0	-660	660	100	1	0	0.0
2025-11-03	14:54:47[692]	0	0	0	0	0	0	0	0	0	0	46	-206	-500	282.587693381649	0	0	-660	660	100	1	0	0.0
2025-11-03	14:54:47[899]	0	0	0	0	0	0	0	0	0	0	57	-211	-509	285.117167654587	0	0	-669	669	100	1	0	0.0
2025-11-03	14:54:48[090]	0	0	0	0	0	0	0	0	0	0	56	-211	-504	284.863791621446	0	0	-664	664	100	1	0	0.0
2025-11-03	14:54:48[287]	0	0	0	0	0	0	0	0	0	0	52	-211	-498	283.844405637316	0	0	-658	658	100	1	0	0.0
2025-11-03	14:54:48[476]	0	0	0	0	0	0	0	0	0	0	54	-209	-509	284.486875138386	0	0	-669	669	100	1	0	0.0
2025-11-03	14:54:48[683]	0	0	0	0	0	0	0	0	0	0	54	-208	-514	284.553572790713	0	0	-674	674	100	1	0	0.0
2025-11-03	14:54:48[874]	0	0	0	0	0	0	0	0	0	0	55	-210	-501	284.67639313745	0	0	-661	661	100	1	0	0.0
2025-11-03	14:54:49[071]	0	0	0	0	0	0	0	0	0	0	53	-206	-503	284.428226721786	0	0	-663	663	100	1	0	0.0
2025-11-03	14:54:49[259]	0	0	0	0	0	0	0	0	0	0	59	-211	-507	285.622100262711	0	0	-667	667	100	1	0	0.0
2025-11-03	14:54:49[467]	0	0	0	0	0	0	0	0	0	0	57	-219	-503	284.588918732875	0	0	-663	663	100	1	0	0.0
2025-11-03	14:54:49[658]	0	0	0	0	0	0	0	0	0	0	55	-212	-504	284.543833993456	0	0	-664	664	100	1	0	0.0
2025-11-03	14:54:49[851]	0	0	0	0	0	0	0	0	0	0	50	-207	-502	283.579453081689	0	0	-662	662	100	1	0	0.0
2025-11-03	14:54:50[044]	0	0	0	0	0	0	0	0	0	0	57	-208	-504	285.325019985392	0	0	-664	664	100	1	0	0.0
2025-11-03	14:54:50[251]	0	0	0	0	0	0	0	0	0	0	52	-205	-502	284.233361197725	0	0	-662	662	100	1	0	0.0
2025-11-03	14:54:50[443]	0	0	0	0	0	0	0	0	0	0	55	-202	-501	285.231115445345	0	0	-661	661	100	1	0	0.0
2025-11-03	14:54:50[634]	0	0	0	0	0	0	0	0	0	0	55	-208	-507	284.811336378925	0	0	-667	667	100	1	0	0.0
2025-11-03	14:54:50[829]	0	0	0	0	0	0	0	0	0	0	57	-202	-505	285.75791038059	0	0	-665	665	100	1	0	0.0
2025-11-03	14:54:51[021]	0	0	0	0	0	0	0	0	0	0	51	-215	-497	283.34445098974	0	0	-657	657	100	1	0	0.0
2025-11-03	14:54:51[226]	0	0	0	0	0	0	0	0	0	0	57	-213	-507	284.981632572391	0	0	-667	667	100	1	0	0.0
2025-11-03	14:54:51[418]	0	0	0	0	0	0	0	0	0	0	53	-209	-507	284.229591821213	0	0	-667	667	100	1	0	0.0
2025-11-03	14:54:51[610]	0	0	0	0	0	0	0	0	0	0	58	-210	-504	285.439645535319	0	0	-664	664	100	1	0	0.0
2025-11-03	14:54:51[805]	0	0	0	0	0	0	0	0	0	0	51	-206	-499	283.905281914251	0	0	-659	659	100	1	0	0.0
2025-11-03	14:54:52[012]	0	0	0	0	0	0	0	0	0	0	51	-210	-508	283.650419134757	0	0	-668	668	100	1	0	0.0
2025-11-03	14:54:52[208]	0	0	0	0	0	0	0	0	0	0	58	-211	-503	285.369939750778	0	0	-663	663	100	1	0	0.0
2025-11-03	14:54:52[394]	0	0	0	0	0	0	0	0	0	0	56	-214	-502	284.664461488411	0	0	-662	662	100	1	0	0.0
2025-11-03	14:54:52[585]	0	0	0	0	0	0	0	0	0	0	56	-211	-499	284.863791621446	0	0	-659	659	100	1	0	0.0
2025-11-03	14:54:52[797]	0	0	0	0	0	0	0	0	0	0	56	-209	-507	284.99964671363	0	0	-667	667	100	1	0	0.0
2025-11-03	14:54:52[987]	0	0	0	0	0	0	0	0	0	0	75	-200	-514	290.556045219583	0	0	-674	674	100	1	0	0.0
2025-11-03	14:54:53[177]	0	0	0	0	0	0	0	0	0	0	55	-209	-507	284.743562836471	0	0	-667	667	100	1	0	0.0
2025-11-03	14:54:53[370]	0	0	0	0	0	0	0	0	0	0	68	-216	-508	287.474774256256	0	0	-668	668	100	1	0	0.0
2025-11-03	14:54:53[579]	0	0	0	0	0	0	0	0	0	0	73	-215	-500	288.754142063997	0	0	-660	660	100	1	0	0.0
2025-11-03	14:54:53[766]	0	0	0	0	0	0	0	0	0	0	77	-230	-511	288.509649927288	0	0	-671	671	100	1	0	0.0
2025-11-03	14:54:53[958]	0	0	0	0	0	0	0	0	0	0	85	-230	-503	290.282559088917	0	0	-663	663	100	1	0	0.0
2025-11-03	14:54:54[166]	0	0	0	0	0	0	0	0	0	0	106	-234	-508	294.370120053874	0	0	-668	668	100	1	0	0.0
2025-11-03	14:54:54[359]	0	0	0	0	0	0	0	0	0	0	99	-237	-503	292.671343621981	0	0	-663	663	100	1	0	0.0
2025-11-03	14:54:54[551]	0	0	0	0	0	0	0	0	0	0	87	-235	-504	290.315195626732	0	0	-664	664	100	1	0	0.0
2025-11-03	14:54:54[742]	0	0	0	0	0	0	0	0	0	0	100	-241	-504	292.535407787052	0	0	-664	664	100	1	0	0.0
2025-11-03	14:54:54[954]	0	0	0	0	0	0	0	0	0	0	103	-237	-503	293.489725099026	0	0	-663	663	100	1	0	0.0
2025-11-03	14:54:55[147]	0	0	0	0	0	0	0	0	0	0	110	-238	-504	294.805665754816	0	0	-664	664	100	1	0	0.0
2025-11-03	14:55:04[406]	0	0	0	0	0	0	0	0	0	0	87	-226	-511	291.054497618317	0	0	-1075	1075	30	0	0	0.0
2025-11-03	14:55:04[599]	0	0	0	0	0	0	0	0	0	0	80	-227	-513	289.41362515984	0	0	-1077	1077	30	0	0	0.0
2025-11-03	14:55:04[804]	0	0	0	0	0	0	0	0	0	0	90	-227	-508	291.627126283917	0	0	-1072	1072	30	0	0	0.0
2025-11-03	14:55:04[996]	0	0	0	0	0	0	0	0	0	0	90	-222	-505	292.06789956241	0	0	-1069	1069	30	0	0	0.0
2025-11-03	14:55:05[188]	0	0	0	0	0	0	0	0	0	0	96	-228	-506	292.833654177918	0	0	-1070	1070	30	0	0	0.0
2025-11-03	14:55:05[379]	0	0	0	0	0	0	0	0	0	0	92	-234	-507	291.46288592472	0	0	-1071	1071	30	0	0	0.0
2025-11-03	14:55:05[570]	0	0	0	0	0	0	0	0	0	0	92	-227	-507	292.062040499182	0	0	-1071	1071	30	0	0	0.0
2025-11-03	14:55:05[779]	0	0	0	0	0	0	0	0	0	0	91	-231	-500	291.501434324048	0	0	-1064	1064	30	0	0	0.0
2025-11-03	14:55:05[966]	0	0	0	0	0	0	0	0	0	0	85	-230	-504	290.282559088917	0	0	-1068	1068	30	0	0	0.0
2025-11-03	14:55:06[172]	0	0	0	0	0	0	0	0	0	0	86	-231	-503	290.420015609278	0	0	-1067	1067	30	0	0	0.0
2025-11-03	14:55:06[362]	0	0	0	0	0	0	0	0	0	0	92	-229	-506	291.887633318196	0	0	-1070	1070	30	0	0	0.0
2025-11-03	14:55:06[554]	0	0	0	0	0	0	0	0	0	0	90	-235	-511	290.955776730632	0	0	-1075	1075	30	0	0	0.0
2025-11-03	14:55:06[746]	0	0	0	0	0	0	0	0	0	0	91	-232	-505	291.417166352942	0	0	-1069	1069	30	0	0	0.0
2025-11-03	14:55:06[955]	0	0	0	0	0	0	0	0	0	0	93	-235	-506	291.590918958249	0	0	-1070	1070	30	0	0	0.0
2025-11-03	14:55:07[145]	0	0	0	0	0	0	0	0	0	0	94	-233	-500	291.970797845812	0	0	-1064	1064	30	0	0	0.0
2025-11-03	14:55:07[338]	0	0	0	0	0	0	0	0	0	0	93	-229	-508	292.102736878453	0	0	-1072	1072	30	0	0	0.0
2025-11-03	14:55:07[530]	0	0	0	0	0	0	0	0	0	0	92	-234	-503	291.46288592472	0	0	-1067	1067	30	0	0	0.0
2025-11-03	14:55:07[738]	0	0	0	0	0	0	0	0	0	0	94	-235	-510	291.801409486352	0	0	-1074	1074	30	0	0	0.0
2025-11-03	14:55:07[930]	0	0	0	0	0	0	0	0	0	0	94	-236	-505	291.71764378651	0	0	-1069	1069	30	0	0	0.0
2025-11-03	14:55:08[121]	0	0	0	0	0	0	0	0	0	0	98	-241	-507	292.128576691421	0	0	-1071	1071	30	0	0	0.0
2025-11-03	14:55:08[313]	0	0	0	0	0	0	0	0	0	0	92	-235	-514	291.379814597118	0	0	-1078	1078	30	0	0	0.0
2025-11-03	14:55:08[523]	0	0	0	0	0	0	0	0	0	0	90	-237	-501	290.794114955504	0	0	-1065	1065	30	0	0	0.0
2025-11-03	14:55:08[713]	0	0	0	0	0	0	0	0	0	0	95	-229	-506	292.530979230465	0	0	-1070	1070	30	0	0	0.0
2025-11-03	14:55:08[904]	0	0	0	0	0	0	0	0	0	0	91	-236	-508	291.086301061468	0	0	-1072	1072	30	0	0	0.0
2025-11-03	14:55:09[097]	0	0	0	0	0	0	0	0	0	0	94	-236	-512	291.71764378651	0	0	-1076	1076	30	0	0	0.0
2025-11-03	14:55:09[305]	0	0	0	0	0	0	0	0	0	0	92	-237	-509	291.215497906899	0	0	-1073	1073	30	0	0	0.0
2025-11-03	14:55:09[499]	0	0	0	0	0	0	0	0	0	0	92	-233	-502	291.546574489902	0	0	-1066	1066	30	0	0	0.0
2025-11-03	14:55:09[688]	0	0	0	0	0	0	0	0	0	0	89	-240	-509	290.346459398054	0	0	-1073	1073	30	0	0	0.0
2025-11-03	14:55:09[880]	0	0	0	0	0	0	0	0	0	0	93	-227	-504	292.278501846781	0	0	-1068	1068	30	0	0	0.0
2025-11-03	14:55:10[086]	0	0	0	0	0	0	0	0	0	0	93	-227	-504	292.278501846781	0	0	-1068	1068	30	0	0	0.0
2025-11-03	14:55:10[281]	0	0	0	0	0	0	0	0	0	0	89	-233	-508	290.905569336916	0	0	-1072	1072	30	0	0	0.0
2025-11-03	14:55:10[472]	0	0	0	0	0	0	0	0	0	0	87	-232	-503	290.556045219583	0	0	-1067	1067	30	0	0	0.0
2025-11-03	14:55:10[665]	0	0	0	0	0	0	0	0	0	0	91	-233	-504	291.333525622204	0	0	-1068	1068	30	0	0	0.0
2025-11-03	14:55:10[875]	0	0	0	0	0	0	0	0	0	0	94	-231	-501	292.142705699845	0	0	-1065	1065	30	0	0	0.0
2025-11-03	14:55:11[065]	0	0	0	0	0	0	0	0	0	0	89	-235	-506	290.74284961431	0	0	-1070	1070	30	0	0	0.0
2025-11-03	14:55:11[257]	0	0	0	0	0	0	0	0	0	0	87	-232	-505	290.556045219583	0	0	-1069	1069	30	0	0	0.0
2025-11-03	14:55:11[449]	0	0	0	0	0	0	0	0	0	0	94	-236	-510	291.71764378651	0	0	-1074	1074	30	0	0	0.0
2025-11-03	14:55:11[656]	0	0	0	0	0	0	0	0	0	0	88	-232	-507	290.772254682046	0	0	-1071	1071	30	0	0	0.0
2025-11-03	14:55:11[848]	0	0	0	0	0	0	0	0	0	0	89	-232	-502	290.987846970094	0	0	-1066	1066	30	0	0	0.0
2025-11-03	14:55:12[042]	0	0	0	0	0	0	0	0	0	0	96	-234	-509	292.306205054908	0	0	-1073	1073	30	0	0	0.0
2025-11-03	14:55:12[233]	0	0	0	0	0	0	0	0	0	0	94	-237	-503	291.634488532485	0	0	-1067	1067	30	0	0	0.0
2025-11-03	14:55:12[441]	0	0	0	0	0	0	0	0	0	0	91	-235	-504	291.168099470552	0	0	-1068	1068	30	0	0	0.0
2025-11-03	14:55:12[632]	0	0	0	0	0	0	0	0	0	0	90	-238	-502	290.714174844349	0	0	-1066	1066	30	0	0	0.0
2025-11-03	14:55:12[824]	0	0	0	0	0	0	0	0	0	0	91	-235	-507	291.168099470552	0	0	-1071	1071	30	0	0	0.0
2025-11-03	14:55:13[019]	0	0	0	0	0	0	0	0	0	0	89	-231	-506	291.070745232549	0	0	-1070	1070	30	0	0	0.0
2025-11-03	14:55:13[224]	0	0	0	0	0	0	0	0	0	0	86	-235	-501	290.100475656834	0	0	-1065	1065	30	0	0	0.0
2025-11-03	14:55:13[416]	0	0	0	0	0	0	0	0	0	0	95	-231	-507	292.355180445736	0	0	-1071	1071	30	0	0	0.0
2025-11-03	14:55:13[603]	0	0	0	0	0	0	0	0	0	0	84	-230	-507	290.063072666088	0	0	-1071	1071	30	0	0	0.0
2025-11-03	14:55:13[814]	0	0	0	0	0	0	0	0	0	0	92	-234	-506	291.46288592472	0	0	-1070	1070	30	0	0	0.0
2025-11-03	14:55:14[001]	0	0	0	0	0	0	0	0	0	0	91	-230	-500	291.586336249102	0	0	-1064	1064	30	0	0	0.0
2025-11-03	14:55:14[203]	0	0	0	0	0	0	0	0	0	0	90	-234	-500	291.037511025422	0	0	-1064	1064	30	0	0	0.0
2025-11-03	14:55:14[395]	0	0	0	0	0	0	0	0	0	0	89	-235	-506	290.74284961431	0	0	-1070	1070	30	0	0	0.0
2025-11-03	14:55:14[587]	0	0	0	0	0	0	0	0	0	0	94	-239	-500	291.469984234159	0	0	-1064	1064	30	0	0	0.0
2025-11-03	14:55:14[783]	0	0	0	0	0	0	0	0	0	0	89	-228	-498	291.323231230098	0	0	-1062	1062	30	0	0	0.0
2025-11-03	14:55:14[987]	0	0	0	0	0	0	0	0	0	0	88	-231	-504	290.854458039578	0	0	-1068	1068	30	0	0	0.0
2025-11-03	14:55:15[179]	0	0	0	0	0	0	0	0	0	0	88	-233	-507	290.690668513933	0	0	-1071	1071	30	0	0	0.0
2025-11-03	14:55:15[371]	0	0	0	0	0	0	0	0	0	0	95	-231	-508	292.355180445736	0	0	-1072	1072	30	0	0	0.0
2025-11-03	14:55:15[565]	0	0	0	0	0	0	0	0	0	0	91	-225	-503	292.020596556016	0	0	-1067	1067	30	0	0	0.0
2025-11-03	14:55:15[771]	0	0	0	0	0	0	0	0	0	0	94	-234	-509	291.885792016673	0	0	-1073	1073	30	0	0	0.0
2025-11-03	14:55:15[962]	0	0	0	0	0	0	0	0	0	0	91	-238	-506	290.924501744921	0	0	-1070	1070	30	0	0	0.0
2025-11-03	14:55:16[348]	0	0	0	0	0	0	0	0	0	0	88	-232	-500	290.772254682046	0	0	-1064	1064	30	0	0	0.0
2025-11-03	14:55:16[555]	0	0	0	0	0	0	0	0	0	0	92	-241	-501	290.893992813027	0	0	-1065	1065	30	0	0	0.0
2025-11-03	14:55:16[753]	0	0	0	0	0	0	0	0	0	0	90	-234	-502	291.037511025422	0	0	-1066	1066	30	0	0	0.0
2025-11-03	14:55:16[942]	0	0	0	0	0	0	0	0	0	0	94	-237	-501	291.634488532485	0	0	-1065	1065	30	0	0	0.0
2025-11-03	14:55:17[131]	0	0	0	0	0	0	0	0	0	0	97	-236	-497	292.343493117381	0	0	-1061	1061	30	0	0	0.0
2025-11-03	14:55:17[338]	0	0	0	0	0	0	0	0	0	0	97	-239	-496	292.090154670832	0	0	-1060	1060	30	0	0	0.0
2025-11-03	14:55:17[531]	0	0	0	0	0	0	0	0	0	0	95	-234	-500	292.09631162966	0	0	-1064	1064	30	0	0	0.0
2025-11-03	14:55:17[724]	0	0	0	0	0	0	0	0	0	0	94	-233	-503	291.970797845812	0	0	-1067	1067	30	0	0	0.0
2025-11-03	14:55:17[914]	0	0	0	0	0	0	0	0	0	0	93	-237	-503	291.425293798087	0	0	-1067	1067	30	0	0	0.0
2025-11-03	14:55:18[122]	0	0	0	0	0	0	0	0	0	0	94	-239	-496	291.469984234159	0	0	-1060	1060	30	0	0	0.0
2025-11-03	14:55:18[315]	0	0	0	0	0	0	0	0	0	0	96	-233	-499	292.39250193705	0	0	-1063	1063	30	0	0	0.0
2025-11-03	14:55:18[506]	0	0	0	0	0	0	0	0	0	0	87	-235	-501	290.315195626732	0	0	-1065	1065	30	0	0	0.0
2025-11-03	14:55:18[698]	0	0	0	0	0	0	0	0	0	0	90	-237	-507	290.794114955504	0	0	-1071	1071	30	0	0	0.0
2025-11-03	14:55:18[907]	0	0	0	0	0	0	0	0	0	0	99	-233	-505	293.020284721483	0	0	-1069	1069	30	0	0	0.0
2025-11-03	14:55:19[098]	0	0	0	0	0	0	0	0	0	0	93	-235	-502	291.590918958249	0	0	-1066	1066	30	0	0	0.0
2025-11-03	14:55:19[289]	0	0	0	0	0	0	0	0	0	0	88	-240	-502	290.136303428248	0	0	-1066	1066	30	0	0	0.0
2025-11-03	14:55:19[484]	0	0	0	0	0	0	0	0	0	0	90	-231	-501	291.286405113659	0	0	-1065	1065	30	0	0	0.0
2025-11-03	14:55:19[690]	0	0	0	0	0	0	0	0	0	0	86	-231	-503	290.420015609278	0	0	-1067	1067	30	0	0	0.0
2025-11-03	14:55:19[882]	0	0	0	0	0	0	0	0	0	0	86	-232	-509	290.339222112652	0	0	-1073	1073	30	0	0	0.0
2025-11-03	14:55:20[076]	0	0	0	0	0	0	0	0	0	0	94	-232	-512	292.056433527039	0	0	-1076	1076	30	0	0	0.0
2025-11-03	14:55:20[268]	0	0	0	0	0	0	0	0	0	0	92	-234	-505	291.46288592472	0	0	-1069	1069	30	0	0	0.0
2025-11-03	14:55:20[474]	0	0	0	0	0	0	0	0	0	0	91	-236	-506	291.086301061468	0	0	-1070	1070	30	0	0	0.0
2025-11-03	14:55:20[666]	0	0	0	0	0	0	0	0	0	0	92	-233	-505	291.546574489902	0	0	-1069	1069	30	0	0	0.0
2025-11-03	14:55:20[858]	0	0	0	0	0	0	0	0	0	0	92	-235	-500	291.379814597118	0	0	-1064	1064	30	0	0	0.0
2025-11-03	14:55:21[051]	0	0	0	0	0	0	0	0	0	0	90	-233	-501	291.119856153425	0	0	-1065	1065	30	0	0	0.0
2025-11-03	14:55:21[258]	0	0	0	0	0	0	0	0	0	0	94	-235	-503	291.801409486352	0	0	-1067	1067	30	0	0	0.0
2025-11-03	14:55:21[450]	0	0	0	0	0	0	0	0	0	0	96	-239	-509	291.884027712455	0	0	-1073	1073	30	0	0	0.0
2025-11-03	14:55:21[642]	0	0	0	0	0	0	0	0	0	0	93	-226	-500	292.367382819917	0	0	-1064	1064	30	0	0	0.0
2025-11-03	14:55:21[836]	0	0	0	0	0	0	0	0	0	0	92	-232	-510	291.630886836518	0	0	-1074	1074	30	0	0	0.0
2025-11-03	14:55:22[042]	0	0	0	0	0	0	0	0	0	0	98	-231	-501	292.988716802081	0	0	-1065	1065	30	0	0	0.0
2025-11-03	14:55:22[234]	0	0	0	0	0	0	0	0	0	0	91	-234	-506	291.250505507133	0	0	-1070	1070	30	0	0	0.0
2025-11-03	14:55:22[426]	0	0	0	0	0	0	0	0	0	0	86	-228	-506	290.666123430953	0	0	-1070	1070	30	0	0	0.0
2025-11-03	14:55:22[618]	0	0	0	0	0	0	0	0	0	0	83	-231	-508	289.763736353096	0	0	-1072	1072	30	0	0	0.0
2025-11-03	14:55:22[813]	0	0	0	0	0	0	0	0	0	0	91	-230	-507	291.586336249102	0	0	-1071	1071	30	0	0	0.0
2025-11-03	14:55:23[023]	0	0	0	0	0	0	0	0	0	0	89	-231	-513	291.070745232549	0	0	-1077	1077	30	0	0	0.0
2025-11-03	14:55:23[213]	0	0	0	0	0	0	0	0	0	0	95	-238	-502	291.759890812812	0	0	-1066	1066	30	0	0	0.0
2025-11-03	14:55:23[405]	0	0	0	0	0	0	0	0	0	0	87	-235	-503	290.315195626732	0	0	-1067	1067	30	0	0	0.0
2025-11-03	14:55:23[597]	0	0	0	0	0	0	0	0	0	0	91	-236	-504	291.086301061468	0	0	-1068	1068	30	0	0	0.0
2025-11-03	14:55:23[808]	0	0	0	0	0	0	0	0	0	0	97	-238	-504	292.173992396108	0	0	-1068	1068	30	0	0	0.0
2025-11-03	14:55:23[998]	0	0	0	0	0	0	0	0	0	0	92	-236	-507	291.297354049034	0	0	-1071	1071	30	0	0	0.0
2025-11-03	14:55:24[189]	0	0	0	0	0	0	0	0	0	0	91	-241	-512	290.686203513435	0	0	-1076	1076	30	0	0	0.0
2025-11-03	14:55:24[381]	0	0	0	0	0	0	0	0	0	0	88	-234	-508	290.609692937532	0	0	-1072	1072	30	0	0	0.0
2025-11-03	14:55:24[589]	0	0	0	0	0	0	0	0	0	0	92	-232	-508	291.630886836518	0	0	-1072	1072	30	0	0	0.0
2025-11-03	14:55:24[782]	0	0	0	0	0	0	0	0	0	0	94	-234	-504	291.885792016673	0	0	-1068	1068	30	0	0	0.0
2025-11-03	14:55:24[973]	0	0	0	0	0	0	0	0	0	0	93	-235	-504	291.590918958249	0	0	-1068	1068	30	0	0	0.0
2025-11-03	14:55:25[165]	0	0	0	0	0	0	0	0	0	0	90	-227	-508	291.627126283917	0	0	-1072	1072	30	0	0	0.0
2025-11-03	14:55:25[372]	0	0	0	0	0	0	0	0	0	0	96	-231	-504	292.567009077875	0	0	-1068	1068	30	0	0	0.0
2025-11-03	14:55:25[568]	0	0	0	0	0	0	0	0	0	0	90	-233	-503	291.119856153425	0	0	-1067	1067	30	0	0	0.0
2025-11-03	14:55:25[758]	0	0	0	0	0	0	0	0	0	0	96	-234	-504	292.306205054908	0	0	-1068	1068	30	0	0	0.0
2025-11-03	14:55:25[965]	0	0	0	0	0	0	0	0	0	0	94	-236	-505	291.71764378651	0	0	-1069	1069	30	0	0	0.0
2025-11-03	14:55:26[157]	0	0	0	0	0	0	0	0	0	0	91	-237	-500	291.005103913768	0	0	-1064	1064	30	0	0	0.0
2025-11-03	14:55:26[351]	0	0	0	0	0	0	0	0	0	0	93	-235	-501	291.590918958249	0	0	-1065	1065	30	0	0	0.0
2025-11-03	14:55:26[540]	0	0	0	0	0	0	0	0	0	0	89	-228	-510	291.323231230098	0	0	-1074	1074	30	0	0	0.0
2025-11-03	14:55:26[748]	0	0	0	0	0	0	0	0	0	0	92	-231	-506	291.715829595531	0	0	-1070	1070	30	0	0	0.0
2025-11-03	14:55:26[941]	0	0	0	0	0	0	0	0	0	0	84	-232	-509	289.903749537308	0	0	-1073	1073	30	0	0	0.0
2025-11-03	14:55:27[132]	0	0	0	0	0	0	0	0	0	0	99	-232	-511	293.109112534053	0	0	-1075	1075	30	0	0	0.0
2025-11-03	14:55:27[322]	0	0	0	0	0	0	0	0	0	0	92	-230	-508	291.801409486352	0	0	-1072	1072	30	0	0	0.0
2025-11-03	14:55:27[532]	0	0	0	0	0	0	0	0	0	0	93	-235	-495	291.590918958249	0	0	-1059	1059	30	0	0	0.0
2025-11-03	14:55:27[723]	0	0	0	0	0	0	0	0	0	0	91	-235	-505	291.168099470552	0	0	-1069	1069	30	0	0	0.0
2025-11-03	14:55:27[914]	0	0	0	0	0	0	0	0	0	0	98	-236	-501	292.550875481667	0	0	-1065	1065	30	0	0	0.0
2025-11-03	14:55:28[105]	0	0	0	0	0	0	0	0	0	0	94	-237	-511	291.634488532485	0	0	-1075	1075	30	0	0	0.0
2025-11-03	14:55:28[317]	0	0	0	0	0	0	0	0	0	0	93	-239	-509	291.262073401083	0	0	-1073	1073	30	0	0	0.0
2025-11-03	14:55:28[508]	0	0	0	0	0	0	0	0	0	0	91	-238	-508	290.924501744921	0	0	-1072	1072	30	0	0	0.0
2025-11-03	14:55:28[697]	0	0	0	0	0	0	0	0	0	0	90	-236	-511	290.87464682645	0	0	-1075	1075	30	0	0	0.0
2025-11-03	14:55:28[890]	0	0	0	0	0	0	0	0	0	0	92	-237	-504	291.215497906899	0	0	-1068	1068	30	0	0	0.0
2025-11-03	14:55:29[098]	0	0	0	0	0	0	0	0	0	0	95	-231	-507	292.355180445736	0	0	-1071	1071	30	0	0	0.0
2025-11-03	14:55:29[288]	0	0	0	0	0	0	0	0	0	0	95	-235	-511	292.011283197919	0	0	-1075	1075	30	0	0	0.0
2025-11-03	14:55:29[484]	0	0	0	0	0	0	0	0	0	0	95	-240	-506	291.595310448968	0	0	-1070	1070	30	0	0	0.0
2025-11-03	14:55:29[673]	0	0	0	0	0	0	0	0	0	0	91	-230	-508	291.586336249102	0	0	-1072	1072	30	0	0	0.0
2025-11-03	14:55:29[880]	0	0	0	0	0	0	0	0	0	0	86	-237	-506	289.944275094763	0	0	-1070	1070	30	0	0	0.0
2025-11-03	14:55:30[073]	0	0	0	0	0	0	0	0	0	0	96	-232	-507	292.479434397103	0	0	-1071	1071	30	0	0	0.0
2025-11-03	14:55:30[265]	0	0	0	0	0	0	0	0	0	0	94	-236	-505	291.71764378651	0	0	-1069	1069	30	0	0	0.0
2025-11-03	14:55:30[456]	0	0	0	0	0	0	0	0	0	0	94	-235	-508	291.801409486352	0	0	-1072	1072	30	0	0	0.0
2025-11-03	14:55:30[664]	0	0	0	0	0	0	0	0	0	0	90	-233	-508	291.119856153425	0	0	-1072	1072	30	0	0	0.0
2025-11-03	14:55:30[857]	0	0	0	0	0	0	0	0	0	0	87	-236	-499	290.236109338644	0	0	-1063	1063	30	0	0	0.0
2025-11-03	14:55:31[050]	0	0	0	0	0	0	0	0	0	0	94	-234	-499	291.885792016673	0	0	-1063	1063	30	0	0	0.0
2025-11-03	14:55:31[259]	0	0	0	0	0	0	0	0	0	0	89	-236	-504	290.662394572183	0	0	-1068	1068	30	0	0	0.0
2025-11-03	14:55:31[448]	0	0	0	0	0	0	0	0	0	0	92	-239	-503	291.053573761057	0	0	-1067	1067	30	0	0	0.0
2025-11-03	14:55:31[640]	0	0	0	0	0	0	0	0	0	0	95	-238	-507	291.759890812812	0	0	-1071	1071	30	0	0	0.0
2025-11-03	14:55:31[837]	0	0	0	0	0	0	0	0	0	0	94	-238	-504	291.551937422042	0	0	-1068	1068	30	0	0	0.0
2025-11-03	14:55:32[043]	0	0	0	0	0	0	0	0	0	0	94	-237	-503	291.634488532485	0	0	-1067	1067	30	0	0	0.0
2025-11-03	14:55:32[232]	0	0	0	0	0	0	0	0	0	0	89	-233	-503	290.905569336916	0	0	-1067	1067	30	0	0	0.0
2025-11-03	14:55:32[426]	0	0	0	0	0	0	0	0	0	0	93	-231	-504	291.929587750175	0	0	-1068	1068	30	0	0	0.0
2025-11-03	14:55:32[615]	0	0	0	0	0	0	0	0	0	0	90	-233	-506	291.119856153425	0	0	-1070	1070	30	0	0	0.0
2025-11-03	14:55:32[824]	0	0	0	0	0	0	0	0	0	0	85	-239	-504	289.577855155989	0	0	-1068	1068	30	0	0	0.0
2025-11-03	14:55:33[019]	0	0	0	0	0	0	0	0	0	0	96	-231	-507	292.567009077875	0	0	-1071	1071	30	0	0	0.0
2025-11-03	14:55:33[210]	0	0	0	0	0	0	0	0	0	0	93	-231	-508	291.929587750175	0	0	-1072	1072	30	0	0	0.0
2025-11-03	14:55:33[401]	0	0	0	0	0	0	0	0	0	0	97	-234	-504	292.515469473807	0	0	-1068	1068	30	0	0	0.0
2025-11-03	14:55:33[610]	0	0	0	0	0	0	0	0	0	0	88	-232	-504	290.772254682046	0	0	-1068	1068	30	0	0	0.0
2025-11-03	14:55:33[799]	0	0	0	0	0	0	0	0	0	0	94	-231	-505	292.142705699845	0	0	-1069	1069	30	0	0	0.0
2025-11-03	14:55:33[993]	0	0	0	0	0	0	0	0	0	0	92	-231	-501	291.715829595531	0	0	-1065	1065	30	0	0	0.0
2025-11-03	14:55:34[184]	0	0	0	0	0	0	0	0	0	0	93	-233	-504	291.758999590682	0	0	-1068	1068	30	0	0	0.0
2025-11-03	14:55:34[391]	0	0	0	0	0	0	0	0	0	0	87	-238	-501	290.079694056017	0	0	-1065	1065	30	0	0	0.0
2025-11-03	14:55:34[577]	0	0	0	0	0	0	0	0	0	0	91	-230	-502	291.586336249102	0	0	-1066	1066	30	0	0	0.0
2025-11-03	14:55:34[782]	0	0	0	0	0	0	0	0	0	0	86	-236	-503	290.022083236645	0	0	-1067	1067	30	0	0	0.0
2025-11-03	14:55:34[973]	0	0	0	0	0	0	0	0	0	0	85	-236	-503	289.807472870516	0	0	-1067	1067	30	0	0	0.0
2025-11-03	14:55:35[167]	0	0	0	0	0	0	0	0	0	0	92	-237	-499	291.215497906899	0	0	-1063	1063	30	0	0	0.0
2025-11-03	14:55:35[357]	0	0	0	0	0	0	0	0	0	0	85	-225	-505	290.695450734063	0	0	-1069	1069	30	0	0	0.0
2025-11-03	14:55:35[568]	0	0	0	0	0	0	0	0	0	0	93	-237	-506	291.425293798087	0	0	-1070	1070	30	0	0	0.0
2025-11-03	14:55:35[757]	0	0	0	0	0	0	0	0	0	0	92	-232	-506	291.630886836518	0	0	-1070	1070	30	0	0	0.0
2025-11-03	14:55:35[949]	0	0	0	0	0	0	0	0	0	0	97	-236	-503	292.343493117381	0	0	-1067	1067	30	0	0	0.0
2025-11-03	14:55:36[143]	0	0	0	0	0	0	0	0	0	0	86	-236	-506	290.022083236645	0	0	-1070	1070	30	0	0	0.0
2025-11-03	14:55:36[350]	0	0	0	0	0	0	0	0	0	0	96	-237	-507	292.051062719077	0	0	-1071	1071	30	0	0	0.0
2025-11-03	14:55:36[541]	0	0	0	0	0	0	0	0	0	0	93	-228	-505	292.190288896123	0	0	-1069	1069	30	0	0	0.0
2025-11-03	14:55:36[728]	0	0	0	0	0	0	0	0	0	0	94	-230	-505	292.229621091238	0	0	-1069	1069	30	0	0	0.0
2025-11-03	14:55:36[940]	0	0	0	0	0	0	0	0	0	0	88	-235	-508	290.529321443763	0	0	-1072	1072	30	0	0	0.0
2025-11-03	14:55:37[132]	0	0	0	0	0	0	0	0	0	0	85	-231	-504	290.201867546562	0	0	-1068	1068	30	0	0	0.0
2025-11-03	14:55:37[320]	0	0	0	0	0	0	0	0	0	0	90	-232	-509	291.20281864381	0	0	-1073	1073	30	0	0	0.0
2025-11-03	14:55:37[513]	0	0	0	0	0	0	0	0	0	0	91	-239	-506	290.844488354711	0	0	-1070	1070	30	0	0	0.0
2025-11-03	14:55:37[721]	0	0	0	0	0	0	0	0	0	0	105	-226	-504	294.919664369832	0	0	-1068	1068	30	0	0	0.0
2025-11-03	14:55:37[916]	0	0	0	0	0	0	0	0	0	0	95	-235	-501	292.011283197919	0	0	-1065	1065	30	0	0	0.0
2025-11-03	14:55:38[105]	0	0	0	0	0	0	0	0	0	0	95	-232	-500	292.268253654649	0	0	-1064	1064	30	0	0	0.0
2025-11-03	14:55:38[296]	0	0	0	0	0	0	0	0	0	0	95	-235	-504	292.011283197919	0	0	-1068	1068	30	0	0	0.0
2025-11-03	14:55:38[504]	0	0	0	0	0	0	0	0	0	0	90	-232	-500	291.20281864381	0	0	-1064	1064	30	0	0	0.0
2025-11-03	14:55:38[696]	0	0	0	0	0	0	0	0	0	0	98	-232	-499	292.899866528466	0	0	-1063	1063	30	0	0	0.0
2025-11-03	14:55:38[891]	0	0	0	0	0	0	0	0	0	0	94	-234	-503	291.885792016673	0	0	-1067	1067	30	0	0	0.0
2025-11-03	14:55:39[081]	0	0	0	0	0	0	0	0	0	0	89	-241	-501	290.268916154137	0	0	-1065	1065	30	0	0	0.0
2025-11-03	14:55:39[288]	0	0	0	0	0	0	0	0	0	0	91	-228	-498	291.758069268057	0	0	-1062	1062	30	0	0	0.0
2025-11-03	14:55:39[479]	0	0	0	0	0	0	0	0	0	0	89	-234	-498	290.823905724924	0	0	-1062	1062	30	0	0	0.0
2025-11-03	14:55:39[672]	0	0	0	0	0	0	0	0	0	0	86	-234	-502	290.179458664511	0	0	-1066	1066	30	0	0	0.0
2025-11-03	14:55:39[866]	0	0	0	0	0	0	0	0	0	0	95	-238	-504	291.759890812812	0	0	-1068	1068	30	0	0	0.0
2025-11-03	14:55:40[074]	0	0	0	0	0	0	0	0	0	0	94	-237	-499	291.634488532485	0	0	-1063	1063	30	0	0	0.0
2025-11-03	14:55:40[264]	0	0	0	0	0	0	0	0	0	0	89	-232	-502	290.987846970094	0	0	-1066	1066	30	0	0	0.0
2025-11-03	14:55:40[456]	0	0	0	0	0	0	0	0	0	0	95	-233	-506	292.18196626322	0	0	-1070	1070	30	0	0	0.0
2025-11-03	14:55:40[648]	0	0	0	0	0	0	0	0	0	0	91	-237	-502	291.005103913768	0	0	-1066	1066	30	0	0	0.0
2025-11-03	14:55:40[856]	0	0	0	0	0	0	0	0	0	0	91	-237	-504	291.005103913768	0	0	-1068	1068	30	0	0	0.0
2025-11-03	14:55:41[050]	0	0	0	0	0	0	0	0	0	0	93	-228	-505	292.190288896123	0	0	-1069	1069	30	0	0	0.0
2025-11-03	14:55:41[239]	0	0	0	0	0	0	0	0	0	0	86	-236	-503	290.022083236645	0	0	-1067	1067	30	0	0	0.0
2025-11-03	14:55:41[432]	0	0	0	0	0	0	0	0	0	0	94	-231	-509	292.142705699845	0	0	-1073	1073	30	0	0	0.0
2025-11-03	14:55:41[643]	0	0	0	0	0	0	0	0	0	0	94	-238	-505	291.551937422042	0	0	-1069	1069	30	0	0	0.0
2025-11-03	14:55:41[832]	0	0	0	0	0	0	0	0	0	0	93	-235	-500	291.590918958249	0	0	-1064	1064	30	0	0	0.0
2025-11-03	14:55:42[023]	0	0	0	0	0	0	0	0	0	0	91	-237	-499	291.005103913768	0	0	-1063	1063	30	0	0	0.0
2025-11-03	14:55:42[215]	0	0	0	0	0	0	0	0	0	0	90	-239	-499	290.634820302183	0	0	-1063	1063	30	0	0	0.0
2025-11-03	14:55:42[424]	0	0	0	0	0	0	0	0	0	0	97	-236	-505	292.343493117381	0	0	-1069	1069	30	0	0	0.0
2025-11-03	14:55:42[615]	0	0	0	0	0	0	0	0	0	0	90	-236	-501	290.87464682645	0	0	-1065	1065	30	0	0	0.0
2025-11-03	14:55:42[807]	0	0	0	0	0	0	0	0	0	0	90	-238	-502	290.714174844349	0	0	-1066	1066	30	0	0	0.0
2025-11-03	14:55:42[999]	0	0	0	0	0	0	0	0	0	0	88	-235	-501	290.529321443763	0	0	-1065	1065	30	0	0	0.0
2025-11-03	14:55:43[211]	0	0	0	0	0	0	0	0	0	0	90	-234	-499	291.037511025422	0	0	-1063	1063	30	0	0	0.0
2025-11-03	14:55:43[403]	0	0	0	0	0	0	0	0	0	0	95	-231	-496	292.355180445736	0	0	-1060	1060	30	0	0	0.0
2025-11-03	14:55:43[591]	0	0	0	0	0	0	0	0	0	0	95	-235	-498	292.011283197919	0	0	-1062	1062	30	0	0	0.0
2025-11-03	14:55:43[784]	0	0	0	0	0	0	0	0	0	0	95	-241	-496	291.513906195752	0	0	-1060	1060	30	0	0	0.0
2025-11-03	14:55:43[992]	0	0	0	0	0	0	0	0	0	0	89	-232	-493	290.987846970094	0	0	-1057	1057	30	0	0	0.0
2025-11-03	14:55:44[187]	0	0	0	0	0	0	0	0	0	0	89	-237	-507	290.582534251221	0	0	-1071	1071	30	0	0	0.0
2025-11-03	14:55:44[375]	0	0	0	0	0	0	0	0	0	0	93	-228	-504	292.190288896123	0	0	-1068	1068	30	0	0	0.0
2025-11-03	14:55:44[566]	0	0	0	0	0	0	0	0	0	0	89	-232	-504	290.987846970094	0	0	-1068	1068	30	0	0	0.0
2025-11-03	14:55:44[774]	0	0	0	0	0	0	0	0	0	0	88	-234	-504	290.609692937532	0	0	-1068	1068	30	0	0	0.0
2025-11-03	14:55:44[968]	0	0	0	0	0	0	0	0	0	0	94	-232	-499	292.056433527039	0	0	-1063	1063	30	0	0	0.0
2025-11-03	14:55:45[159]	0	0	0	0	0	0	0	0	0	0	90	-231	-507	291.286405113659	0	0	-1071	1071	30	0	0	0.0
2025-11-03	14:55:45[349]	0	0	0	0	0	0	0	0	0	0	90	-230	-502	291.370622269343	0	0	-1066	1066	30	0	0	0.0
2025-11-03	14:55:45[560]	0	0	0	0	0	0	0	0	0	0	94	-233	-505	291.970797845812	0	0	-1069	1069	30	0	0	0.0
2025-11-03	14:55:45[748]	0	0	0	0	0	0	0	0	0	0	90	-234	-504	291.037511025422	0	0	-1068	1068	30	0	0	0.0
2025-11-03	14:55:45[940]	0	0	0	0	0	0	0	0	0	0	91	-241	-495	290.686203513435	0	0	-1059	1059	30	0	0	0.0
2025-11-03	14:55:46[244]	0	0	0	0	0	0	0	0	0	0	328	-415	-57	308.321484583625	0	0	-621	621	30	1	0	0.0
2025-11-03	14:55:46[437]	0	0	0	0	0	0	0	0	0	0	1007	-1730	325	300.202868540663	0	0	-239	239	30	1	0	0.0
2025-11-03	14:55:46[632]	0	0	0	0	0	0	0	0	0	0	599	-889	542	303.971726268958	0	0	-22	22	30	1	0	0.0
2025-11-03	14:55:46[820]	0	0	0	0	0	0	0	0	0	0	92	-226	-495	292.150237928351	0	0	-1059	1059	30	0	0	0.0
2025-11-03	14:55:47[223]	0	0	0	0	0	0	0	0	0	0	92	-229	-503	291.887633318196	0	0	-1067	1067	30	0	0	0.0
2025-11-03	14:55:47[412]	0	0	0	0	0	0	0	0	0	0	94	-239	-500	291.469984234159	0	0	-1064	1064	30	0	0	0.0
2025-11-03	14:55:47[606]	0	0	0	0	0	0	0	0	0	0	92	-235	-504	291.379814597118	0	0	-1068	1068	30	0	0	0.0
2025-11-03	14:55:47[812]	0	0	0	0	0	0	0	0	0	0	89	-242	-502	290.19193713283	0	0	-1066	1066	30	0	0	0.0
2025-11-03	14:55:48[004]	0	0	0	0	0	0	0	0	0	0	95	-237	-508	291.843079136833	0	0	-1072	1072	30	0	0	0.0
2025-11-03	14:55:48[196]	0	0	0	0	0	0	0	0	0	0	92	-234	-506	291.46288592472	0	0	-1070	1070	30	0	0	0.0
2025-11-03	14:55:48[391]	0	0	0	0	0	0	0	0	0	0	98	-237	-510	292.46519765258	1	0	-1074	1074	30	0	0	0.0
2025-11-03	14:55:48[597]	0	0	0	0	0	0	0	0	0	0	91	-233	-501	291.333525622204	1	0	-1065	1065	30	0	0	0.0
2025-11-03	14:55:48[883]	0	0	0	0	0	0	0	0	0	0	522	-687	39	307.228489636621	1	0	-525	525	30	1	0	0.0
2025-11-03	14:55:49[076]	0	0	0	0	0	0	0	0	0	0	92	-244	-475	290.658910063307	1	0	-1039	1039	30	1	0	0.0
2025-11-03	14:55:49[574]	0	0	0	0	0	0	0	0	0	0	89	-232	-506	290.987846970094	1	0	-1070	1070	30	0	0	0.0
2025-11-03	14:55:49[764]	0	0	0	0	0	0	0	0	0	0	97	-234	-501	292.515469473807	1	0	-1065	1065	30	0	0	0.0
2025-11-03	14:55:49[955]	0	0	0	0	0	0	0	0	0	0	92	-235	-506	291.379814597118	1	0	-1070	1070	30	0	0	0.0
2025-11-03	14:55:50[164]	0	0	0	0	0	0	0	0	0	0	97	-239	-506	292.090154670832	1	0	-1070	1070	30	0	0	0.0
2025-11-03	14:55:50[356]	0	0	0	0	0	0	0	0	0	0	90	-237	-508	290.794114955504	1	0	-1072	1072	30	0	0	0.0
2025-11-03	14:55:50[547]	0	0	0	0	0	0	0	0	0	0	92	-229	-508	291.887633318196	1	0	-1072	1072	30	0	0	0.0
2025-11-03	14:55:50[743]	0	0	0	0	0	0	0	0	0	0	86	-240	-510	289.714294515298	1	0	-1074	1074	30	0	0	0.0
2025-11-03	14:55:50[948]	0	0	0	0	0	0	0	0	0	0	90	-237	-505	290.794114955504	1	0	-1069	1069	30	0	0	0.0
2025-11-03	14:55:51[139]	0	0	0	0	0	0	0	0	0	0	94	-236	-504	291.71764378651	1	0	-1068	1068	30	0	0	0.0
2025-11-03	14:55:51[331]	0	0	0	0	0	0	0	0	0	0	92	-236	-504	291.297354049034	1	0	-1068	1068	30	0	0	0.0
2025-11-03	14:55:51[523]	0	0	0	0	0	0	0	0	0	0	93	-239	-509	291.262073401083	1	0	-1073	1073	30	0	0	0.0
2025-11-03	14:55:51[733]	0	0	0	0	0	0	0	0	0	0	94	-236	-504	291.71764378651	1	0	-1068	1068	30	0	0	0.0
2025-11-03	14:55:51[925]	0	0	0	0	0	0	0	0	0	0	89	-231	-500	291.070745232549	1	0	-1064	1064	30	0	0	0.0
2025-11-03	14:55:52[116]	0	0	0	0	0	0	0	0	0	0	91	-234	-504	291.250505507133	1	0	-1068	1068	30	0	0	0.0
2025-11-03	14:55:52[307]	0	0	0	0	0	0	0	0	0	0	91	-232	-507	291.417166352942	1	0	-1071	1071	30	0	0	0.0
2025-11-03	14:55:52[514]	0	0	0	0	0	0	0	0	0	0	93	-233	-510	291.758999590682	1	0	-1074	1074	30	0	0	0.0
2025-11-03	14:55:52[708]	0	0	0	0	0	0	0	0	0	0	89	-235	-509	290.74284961431	1	0	-1073	1073	30	0	0	0.0
2025-11-03	14:55:52[898]	0	0	0	0	0	0	0	0	0	0	89	-243	-513	290.115516473236	1	0	-1077	1077	30	0	0	0.0
2025-11-03	14:55:53[091]	0	0	0	0	0	0	0	0	0	0	92	-234	-505	291.46288592472	1	0	-1069	1069	30	0	0	0.0
2025-11-03	14:55:53[299]	0	0	0	0	0	0	0	0	0	0	87	-237	-511	290.157610894545	1	0	-1075	1075	30	0	0	0.0
2025-11-03	14:55:53[490]	0	0	0	0	0	0	0	0	0	0	87	-240	-510	289.925580658184	1	0	-1074	1074	30	0	0	0.0
2025-11-03	14:55:53[685]	0	0	0	0	0	0	0	0	0	0	92	-232	-511	291.630886836518	1	0	-1075	1075	30	0	0	0.0
2025-11-03	14:55:53[890]	0	0	0	0	0	0	0	0	0	0	93	-232	-510	291.843976922437	1	0	-1074	1074	30	0	0	0.0
2025-11-03	14:55:54[083]	0	0	0	0	0	0	0	0	0	0	88	-229	-511	291.020743165347	1	0	-1075	1075	30	0	0	0.0
2025-11-03	14:55:54[276]	0	0	0	0	0	0	0	0	0	0	86	-233	-507	290.259038655298	1	0	-1071	1071	30	0	0	0.0
2025-11-03	14:55:54[466]	0	0	0	0	0	0	0	0	0	0	89	-233	-509	290.905569336916	1	0	-1073	1073	30	0	0	0.0
2025-11-03	14:55:54[676]	0	0	0	0	0	0	0	0	0	0	94	-235	-501	291.801409486352	1	0	-1065	1065	30	0	0	0.0
2025-11-03	14:55:54[869]	0	0	0	0	0	0	0	0	0	0	94	-256	-471	290.162603990786	1	0	-1035	1035	30	0	0	0.0
2025-11-03	14:55:55[156]	0	0	0	0	0	0	0	0	0	0	366	-729	785	296.659287571566	1	0	221	221	30	1	0	0.0
2025-11-03	14:55:55[346]	0	0	0	0	0	0	0	0	0	0	573	-1461	1628	291.414968839058	1	0	1064	1064	30	1	0	0.0
2025-11-03	14:55:55[554]	0	0	0	0	0	0	0	0	0	0	188	-355	107	297.904686040549	1	0	-457	457	30	1	0	0.0
2025-11-03	14:55:55[750]	0	0	0	0	0	0	0	0	0	0	84	-237	-485	289.515873009583	1	0	-1049	1049	30	1	0	0.0
2025-11-03	14:55:56[242]	0	0	0	0	0	0	0	0	0	0	91	-225	-496	292.020596556016	1	0	-1060	1060	30	0	0	0.0
2025-11-03	14:55:56[433]	0	0	0	0	0	0	0	0	0	0	87	-240	-504	289.925580658184	1	0	-1068	1068	30	0	0	0.0
2025-11-03	14:55:56[626]	0	0	0	0	0	0	0	0	0	0	98	-235	-503	292.63717485069	1	0	-1067	1067	30	0	0	0.0
2025-11-03	14:55:56[819]	0	0	0	0	0	0	0	0	0	0	89	-234	-497	290.823905724924	1	0	-1061	1061	30	0	0	0.0
2025-11-03	14:55:57[025]	0	0	0	0	0	0	0	0	0	0	88	-233	-504	290.690668513933	1	0	-1068	1068	30	0	0	0.0
2025-11-03	14:55:57[218]	0	0	0	0	0	0	0	0	0	0	91	-244	-501	290.453041681987	1	0	-1065	1065	30	0	0	0.0
2025-11-03	14:55:57[410]	0	0	0	0	0	0	0	0	0	0	92	-239	-499	291.053573761057	2	0	-1063	1063	30	0	0	0.0
2025-11-03	14:55:57[601]	0	0	0	0	0	0	0	0	0	0	93	-235	-491	291.590918958249	2	0	-1055	1055	30	0	0	0.0
2025-11-03	14:55:57[812]	0	0	0	0	0	0	0	0	0	0	94	-234	-501	291.885792016673	2	0	-1065	1065	30	0	0	0.0
2025-11-03	14:55:58[002]	0	0	0	0	0	0	0	0	0	0	91	-237	-503	291.005103913768	2	0	-1067	1067	30	0	0	0.0
2025-11-03	14:55:58[194]	0	0	0	0	0	0	0	0	0	0	87	-235	-504	290.315195626732	2	0	-1068	1068	30	0	0	0.0
2025-11-03	14:55:58[386]	0	0	0	0	0	0	0	0	0	0	93	-237	-512	291.425293798087	2	0	-1065	1065	30	0	0	0.0
2025-11-03	14:55:58[596]	0	0	0	0	0	0	0	0	0	0	90	-239	-499	290.634820302183	2	0	-1063	1063	30	0	0	0.0
2025-11-03	14:55:58[789]	0	0	0	0	0	0	0	0	0	0	91	-228	-502	291.758069268057	2	0	-1066	1066	30	0	0	0.0
2025-11-03	14:55:58[980]	0	0	0	0	0	0	0	0	0	0	91	-238	-504	290.924501744921	2	0	-1068	1068	30	0	0	0.0
2025-11-03	14:55:59[169]	0	0	0	0	0	0	0	0	0	0	86	-232	-505	290.339222112652	2	0	-1069	1069	30	0	0	0.0
2025-11-03	14:55:59[379]	0	0	0	0	0	0	0	0	0	0	83	-235	-504	289.452787060219	2	0	-1068	1068	30	0	0	0.0
2025-11-03	14:55:59[571]	0	0	0	0	0	0	0	0	0	0	92	-237	-501	291.215497906899	2	0	-1065	1065	30	0	0	0.0
2025-11-03	14:55:59[763]	0	0	0	0	0	0	0	0	0	0	86	-235	-507	290.100475656834	2	0	-1071	1071	30	0	0	0.0
2025-11-03	14:55:59[955]	0	0	0	0	0	0	0	0	0	0	87	-233	-500	290.47515711401	2	0	-1064	1064	30	0	0	0.0
2025-11-03	14:56:00[162]	0	0	0	0	0	0	0	0	0	0	87	-236	-504	290.236109338644	2	0	-1068	1068	30	0	0	0.0
2025-11-03	14:56:00[352]	0	0	0	0	0	0	0	0	0	0	93	-232	-504	291.843976922437	2	0	-1068	1068	30	0	0	0.0
2025-11-03	14:56:00[546]	0	0	0	0	0	0	0	0	0	0	84	-238	-502	289.440034828176	2	0	-1066	1066	30	0	0	0.0
2025-11-03	14:56:00[736]	0	0	0	0	0	0	0	0	0	0	83	-238	-508	289.225681019326	2	0	-1072	1072	30	0	0	0.0
2025-11-03	14:56:00[944]	0	0	0	0	0	0	0	0	0	0	89	-231	-511	291.070745232549	2	0	-1075	1075	30	0	0	0.0
2025-11-03	14:56:01[138]	0	0	0	0	0	0	0	0	0	0	92	-231	-508	291.715829595531	2	0	-1072	1072	30	0	0	0.0
2025-11-03	14:56:01[328]	0	0	0	0	0	0	0	0	0	0	89	-231	-504	291.070745232549	2	0	-1068	1068	30	0	0	0.0
2025-11-03	14:56:01[520]	0	0	0	0	0	0	0	0	0	0	92	-230	-501	291.801409486352	2	0	-1065	1065	30	0	0	0.0
2025-11-03	14:56:01[727]	0	0	0	0	0	0	0	0	0	0	88	-235	-499	290.529321443763	2	0	-1063	1063	30	0	0	0.0
2025-11-03	14:56:01[919]	0	0	0	0	0	0	0	0	0	0	87	-234	-498	290.394876082048	2	0	-1062	1062	30	0	0	0.0
2025-11-03	14:56:02[110]	0	0	0	0	0	0	0	0	0	0	92	-235	-502	291.379814597118	2	0	-1066	1066	30	0	0	0.0
2025-11-03	14:56:02[301]	0	0	0	0	0	0	0	0	0	0	91	-236	-502	291.086301061468	2	0	-1066	1066	30	0	0	0.0
2025-11-03	14:56:02[513]	0	0	0	0	0	0	0	0	0	0	95	-234	-501	292.09631162966	2	0	-1065	1065	30	0	0	0.0
2025-11-03	14:56:02[703]	0	0	0	0	0	0	0	0	0	0	93	-233	-506	291.758999590682	2	0	-1070	1070	30	0	0	0.0
2025-11-03	14:56:02[893]	0	0	0	0	0	0	0	0	0	0	85	-239	-508	289.577855155989	2	0	-1072	1072	30	0	0	0.0
2025-11-03	14:56:03[090]	0	0	0	0	0	0	0	0	0	0	88	-236	-513	290.449547610793	2	0	-1077	1077	30	0	0	0.0
2025-11-03	14:56:03[294]	0	0	0	0	0	0	0	0	0	0	83	-229	-507	289.92281635175	2	0	-1071	1071	30	0	0	0.0
2025-11-03	14:56:03[488]	0	0	0	0	0	0	0	0	0	0	89	-228	-505	291.323231230098	2	0	-1069	1069	30	0	0	0.0
2025-11-03	14:56:03[679]	0	0	0	0	0	0	0	0	0	0	85	-235	-504	289.885165113855	2	0	-1068	1068	30	0	0	0.0
2025-11-03	14:56:03[888]	0	0	0	0	0	0	0	0	0	0	96	-234	-501	292.306205054908	2	0	-1065	1065	30	0	0	0.0
2025-11-03	14:56:04[082]	0	0	0	0	0	0	0	0	0	0	89	-237	-506	290.582534251221	2	0	-1070	1070	30	0	0	0.0
2025-11-03	14:56:04[270]	0	0	0	0	0	0	0	0	0	0	90	-238	-504	290.714174844349	2	0	-1068	1068	30	0	0	0.0
2025-11-03	14:56:04[461]	0	0	0	0	0	0	0	0	0	0	89	-233	-504	290.905569336916	2	0	-1068	1068	30	0	0	0.0
2025-11-03	14:56:04[670]	0	0	0	0	0	0	0	0	0	0	84	-238	-507	289.440034828176	2	0	-1071	1071	30	0	0	0.0
2025-11-03	14:56:04[865]	0	0	0	0	0	0	0	0	0	0	93	-232	-512	291.843976922437	2	0	-1076	1076	30	0	0	0.0
2025-11-03	14:56:05[057]	0	0	0	0	0	0	0	0	0	0	92	-238	-498	291.134239880367	2	0	-1062	1062	30	0	0	0.0
2025-11-03	14:56:05[246]	0	0	0	0	0	0	0	0	0	0	94	-234	-503	291.885792016673	2	0	-1067	1067	30	0	0	0.0
2025-11-03	14:56:05[454]	0	0	0	0	0	0	0	0	0	0	90	-235	-509	290.955776730632	2	0	-1073	1073	30	0	0	0.0
2025-11-03	14:56:05[647]	0	0	0	0	0	0	0	0	0	0	92	-232	-500	291.630886836518	2	0	-1064	1064	30	0	0	0.0
2025-11-03	14:56:05[830]	0	0	0	0	0	0	0	0	0	0	92	-230	-498	291.801409486352	2	0	-1062	1062	30	0	0	0.0
2025-11-03	14:56:06[040]	0	0	0	0	0	0	0	0	0	0	87	-234	-506	290.394876082048	2	0	-1070	1070	30	0	0	0.0
2025-11-03	14:56:06[233]	0	0	0	0	0	0	0	0	0	0	91	-238	-500	290.924501744921	2	0	-1064	1064	30	0	0	0.0
2025-11-03	14:56:06[422]	0	0	0	0	0	0	0	0	0	0	90	-239	-503	290.634820302183	2	0	-1067	1067	30	0	0	0.0
2025-11-03	14:56:06[615]	0	0	0	0	0	0	0	0	0	0	94	-236	-508	291.71764378651	2	0	-1072	1072	30	0	0	0.0
2025-11-03	14:56:06[822]	0	0	0	0	0	0	0	0	0	0	94	-235	-511	291.801409486352	2	0	-1075	1075	30	0	0	0.0
2025-11-03	14:56:07[015]	0	0	0	0	0	0	0	0	0	0	92	-234	-509	291.46288592472	2	0	-1073	1073	30	0	0	0.0
2025-11-03	14:56:07[205]	0	0	0	0	0	0	0	0	0	0	88	-234	-510	290.609692937532	2	0	-1074	1074	30	0	0	0.0
2025-11-03	14:56:07[415]	0	0	0	0	0	0	0	0	0	0	86	-236	-505	290.022083236645	2	0	-1069	1069	30	0	0	0.0
2025-11-03	14:56:07[606]	0	0	0	0	0	0	0	0	0	0	86	-231	-508	290.420015609278	2	0	-1072	1072	30	0	0	0.0
2025-11-03	14:56:07[797]	0	0	0	0	0	0	0	0	0	0	86	-238	-508	289.867045007087	2	0	-1072	1072	30	0	0	0.0
2025-11-03	14:56:07[991]	0	0	0	0	0	0	0	0	0	0	93	-234	-505	291.674649119024	2	0	-1069	1069	30	0	0	0.0
2025-11-03	14:56:08[198]	0	0	0	0	0	0	0	0	0	0	92	-233	-512	291.546574489902	2	0	-1076	1076	30	0	0	0.0
2025-11-03	14:56:08[390]	0	0	0	0	0	0	0	0	0	0	89	-233	-509	290.905569336916	2	0	-1073	1073	30	0	0	0.0
2025-11-03	14:56:08[583]	0	0	0	0	0	0	0	0	0	0	92	-234	-509	291.46288592472	2	0	-1073	1073	30	0	0	0.0
2025-11-03	14:56:08[774]	0	0	0	0	0	0	0	0	0	0	88	-229	-509	291.020743165347	2	0	-1073	1073	30	0	0	0.0
2025-11-03	14:56:08[982]	0	0	0	0	0	0	0	0	0	0	87	-236	-508	290.236109338644	2	0	-1072	1072	30	0	0	0.0
2025-11-03	14:56:09[173]	0	0	0	0	0	0	0	0	0	0	88	-231	-508	290.854458039578	2	0	-1072	1072	30	0	0	0.0
2025-11-03	14:56:09[366]	0	0	0	0	0	0	0	0	0	0	87	-234	-505	290.394876082048	2	0	-1069	1069	30	0	0	0.0
2025-11-03	14:56:09[558]	0	0	0	0	0	0	0	0	0	0	87	-233	-506	290.47515711401	2	0	-1070	1070	30	0	0	0.0
2025-11-03	14:56:09[768]	0	0	0	0	0	0	0	0	0	0	91	-233	-512	291.333525622204	2	0	-1076	1076	30	0	0	0.0
2025-11-03	14:56:09[958]	0	0	0	0	0	0	0	0	0	0	85	-232	-510	290.121788981564	2	0	-1074	1074	30	0	0	0.0
2025-11-03	14:56:10[149]	0	0	0	0	0	0	0	0	0	0	91	-232	-506	291.417166352942	2	0	-1070	1070	30	0	0	0.0
2025-11-03	14:56:10[341]	0	0	0	0	0	0	0	0	0	0	91	-233	-509	291.333525622204	2	0	-1073	1073	30	0	0	0.0
2025-11-03	14:56:10[549]	0	0	0	0	0	0	0	0	0	0	91	-232	-508	291.417166352942	2	0	-1072	1072	30	0	0	0.0
2025-11-03	14:56:10[742]	0	0	0	0	0	0	0	0	0	0	81	-236	-507	288.943263061252	2	0	-1071	1071	30	0	0	0.0
2025-11-03	14:56:10[933]	0	0	0	0	0	0	0	0	0	0	90	-231	-506	291.286405113659	2	0	-1070	1070	30	0	0	0.0
2025-11-03	14:56:11[128]	0	0	0	0	0	0	0	0	0	0	91	-240	-506	290.765057623986	2	0	-1070	1070	30	0	0	0.0
2025-11-03	14:56:11[333]	0	0	0	0	0	0	0	0	0	0	90	-234	-503	291.037511025422	2	0	-1067	1067	30	0	0	0.0
2025-11-03	14:56:11[517]	0	0	0	0	0	0	0	0	0	0	96	-230	-509	292.65523270868	2	0	-1073	1073	30	0	0	0.0
2025-11-03	14:56:11[725]	0	0	0	0	0	0	0	0	0	0	93	-238	-502	291.343386122046	2	0	-1066	1066	30	0	0	0.0
2025-11-03	14:56:11[916]	0	0	0	0	0	0	0	0	0	0	90	-233	-511	291.119856153425	2	0	-1075	1075	30	0	0	0.0
2025-11-03	14:56:12[109]	0	0	0	0	0	0	0	0	0	0	87	-238	-502	290.079694056017	2	0	-1066	1066	30	0	0	0.0
2025-11-03	14:56:12[300]	0	0	0	0	0	0	0	0	0	0	85	-235	-502	289.885165113855	2	0	-1066	1066	30	0	0	0.0
2025-11-03	14:56:12[508]	0	0	0	0	0	0	0	0	0	0	85	-231	-510	290.201867546562	2	0	-1074	1074	30	0	0	0.0
2025-11-03	14:56:12[701]	0	0	0	0	0	0	0	0	0	0	85	-233	-506	290.042316744894	2	0	-1070	1070	30	0	0	0.0
2025-11-03	14:56:12[891]	0	0	0	0	0	0	0	0	0	0	93	-234	-506	291.674649119024	2	0	-1070	1070	30	0	0	0.0
2025-11-03	14:56:13[084]	0	0	0	0	0	0	0	0	0	0	90	-230	-506	291.370622269343	2	0	-1070	1070	30	0	0	0.0
2025-11-03	14:56:13[290]	0	0	0	0	0	0	0	0	0	0	89	-234	-506	290.823905724924	2	0	-1070	1070	30	0	0	0.0
2025-11-03	14:56:13[486]	0	0	0	0	0	0	0	0	0	0	90	-242	-509	290.400209394843	2	0	-1073	1073	30	0	0	0.0
2025-11-03	14:56:13[674]	0	0	0	0	0	0	0	0	0	0	86	-229	-502	290.583459466062	2	0	-1066	1066	30	0	0	0.0
2025-11-03	14:56:13[867]	0	0	0	0	0	0	0	0	0	0	84	-236	-505	289.592281891052	2	0	-1069	1069	30	0	0	0.0
2025-11-03	14:56:14[075]	0	0	0	0	0	0	0	0	0	0	85	-240	-509	289.502448506662	2	0	-1073	1073	30	0	0	0.0
2025-11-03	14:56:14[267]	0	0	0	0	0	0	0	0	0	0	87	-231	-505	290.637546984688	2	0	-1069	1069	30	0	0	0.0
2025-11-03	14:56:14[458]	0	0	0	0	0	0	0	0	0	0	92	-236	-504	291.297354049034	2	0	-1068	1068	30	0	0	0.0
2025-11-03	14:56:14[652]	0	0	0	0	0	0	0	0	0	0	86	-232	-500	290.339222112652	2	0	-1064	1064	30	0	0	0.0
2025-11-03	14:56:14[858]	0	0	0	0	0	0	0	0	0	0	87	-224	-506	291.22581437334	2	0	-1070	1070	30	0	0	0.0
2025-11-03	14:56:15[051]	0	0	0	0	0	0	0	0	0	0	92	-234	-504	291.46288592472	2	0	-1068	1068	30	0	0	0.0
2025-11-03	14:56:15[243]	0	0	0	0	0	0	0	0	0	0	87	-242	-509	289.773720884381	2	0	-1073	1073	30	0	0	0.0
2025-11-03	14:56:15[437]	0	0	0	0	0	0	0	0	0	0	87	-238	-503	290.079694056017	2	0	-1067	1067	30	0	0	0.0
2025-11-03	14:56:15[643]	0	0	0	0	0	0	0	0	0	0	91	-237	-505	291.005103913768	2	0	-1069	1069	30	0	0	0.0
2025-11-03	14:56:15[835]	0	0	0	0	0	0	0	0	0	0	88	-232	-507	290.772254682046	2	0	-1071	1071	30	0	0	0.0
2025-11-03	14:56:16[028]	0	0	0	0	0	0	0	0	0	0	84	-240	-506	289.290046219189	2	0	-1070	1070	30	0	0	0.0
2025-11-03	14:56:16[218]	0	0	0	0	0	0	0	0	0	0	88	-238	-497	290.291767667994	2	0	-1061	1061	30	0	0	0.0
2025-11-03	14:56:16[427]	0	0	0	0	0	0	0	0	0	0	82	-238	-504	289.010766416167	2	0	-1068	1068	30	0	0	0.0
2025-11-03	14:56:16[618]	0	0	0	0	0	0	0	0	0	0	91	-234	-508	291.250505507133	2	0	-1072	1072	30	0	0	0.0
2025-11-03	14:56:16[811]	0	0	0	0	0	0	0	0	0	0	86	-237	-507	289.944275094763	2	0	-1071	1071	30	0	0	0.0
2025-11-03	14:56:17[004]	0	0	0	0	0	0	0	0	0	0	85	-231	-512	290.201867546562	2	0	-1076	1076	30	0	0	0.0
2025-11-03	14:56:17[211]	0	0	0	0	0	0	0	0	0	0	87	-238	-510	290.079694056017	2	0	-1074	1074	30	0	0	0.0
2025-11-03	14:56:17[401]	0	0	0	0	0	0	0	0	0	0	87	-238	-507	290.079694056017	2	0	-1071	1071	30	0	0	0.0
2025-11-03	14:56:17[599]	0	0	0	0	0	0	0	0	0	0	84	-232	-504	289.903749537308	2	0	-1068	1068	30	0	0	0.0
2025-11-03	14:56:17[789]	0	0	0	0	0	0	0	0	0	0	89	-233	-510	290.905569336916	2	0	-1074	1074	30	0	0	0.0
2025-11-03	14:56:17[996]	0	0	0	0	0	0	0	0	0	0	87	-233	-499	290.47515711401	2	0	-1063	1063	30	0	0	0.0
2025-11-03	14:56:18[185]	0	0	0	0	0	0	0	0	0	0	98	-232	-502	292.899866528466	2	0	-1066	1066	30	0	0	0.0
2025-11-03	14:56:18[380]	0	0	0	0	0	0	0	0	0	0	87	-229	-507	290.80241829048	2	0	-1071	1071	30	0	0	0.0
2025-11-03	14:56:18[569]	0	0	0	0	0	0	0	0	0	0	87	-234	-507	290.394876082048	2	0	-1071	1071	30	0	0	0.0
2025-11-03	14:56:18[775]	0	0	0	0	0	0	0	0	0	0	87	-234	-507	290.394876082048	2	0	-1071	1071	30	0	0	0.0
2025-11-03	14:56:18[970]	0	0	0	0	0	0	0	0	0	0	86	-240	-510	289.714294515298	2	0	-1074	1074	30	0	0	0.0
2025-11-03	14:56:19[167]	0	0	0	0	0	0	0	0	0	0	87	-236	-508	290.236109338644	2	0	-1072	1072	30	0	0	0.0
2025-11-03	14:56:19[354]	0	0	0	0	0	0	0	0	0	0	88	-236	-506	290.449547610793	2	0	-1070	1070	30	0	0	0.0
2025-11-03	14:56:19[561]	0	0	0	0	0	0	0	0	0	0	83	-231	-506	289.763736353096	2	0	-1070	1070	30	0	0	0.0
2025-11-03	14:56:19[754]	0	0	0	0	0	0	0	0	0	0	82	-237	-504	289.085188264382	2	0	-1068	1068	30	0	0	0.0
2025-11-03	14:56:19[946]	0	0	0	0	0	0	0	0	0	0	84	-233	-508	289.824995079131	2	0	-1072	1072	30	0	0	0.0
2025-11-03	14:56:20[137]	0	0	0	0	0	0	0	0	0	0	85	-238	-504	289.653824058053	2	0	-1068	1068	30	0	0	0.0
2025-11-03	14:56:20[349]	0	0	0	0	0	0	0	0	0	0	88	-234	-509	290.609692937532	2	0	-1073	1073	30	0	0	0.0
2025-11-03	14:56:20[538]	0	0	0	0	0	0	0	0	0	0	82	-234	-511	289.311856564353	2	0	-1075	1075	30	0	0	0.0
2025-11-03	14:56:20[729]	0	0	0	0	0	0	0	0	0	0	87	-232	-509	290.556045219583	2	0	-1073	1073	30	0	0	0.0
2025-11-03	14:56:20[921]	0	0	0	0	0	0	0	0	0	0	88	-229	-512	291.020743165347	2	0	-1076	1076	30	0	0	0.0
2025-11-03	14:56:21[130]	0	0	0	0	0	0	0	0	0	0	87	-234	-510	290.394876082048	2	0	-1074	1074	30	0	0	0.0
2025-11-03	14:56:21[322]	0	0	0	0	0	0	0	0	0	0	89	-233	-505	290.905569336916	2	0	-1069	1069	30	0	0	0.0
2025-11-03	14:56:21[513]	0	0	0	0	0	0	0	0	0	0	84	-233	-502	289.824995079131	2	0	-1066	1066	30	0	0	0.0
2025-11-03	14:56:21[705]	0	0	0	0	0	0	0	0	0	0	96	-256	-509	290.556045219583	2	0	-1073	1073	30	0	0	0.0
2025-11-03	14:56:21[917]	0	0	0	0	0	0	0	0	0	0	86	-235	-505	290.100475656834	2	0	-1069	1069	30	0	0	0.0
2025-11-03	14:56:22[105]	0	0	0	0	0	0	0	0	0	0	86	-239	-510	289.790386833249	2	0	-1074	1074	30	0	0	0.0
2025-11-03	14:56:22[297]	0	0	0	0	0	0	0	0	0	0	91	-237	-511	291.005103913768	2	0	-1075	1075	30	0	0	0.0
2025-11-03	14:56:22[492]	0	0	0	0	0	0	0	0	0	0	89	-240	-505	290.346459398054	2	0	-1069	1069	30	0	0	0.0
2025-11-03	14:56:22[700]	0	0	0	0	0	0	0	0	0	0	91	-235	-511	291.168099470552	2	0	-1075	1075	30	0	0	0.0
2025-11-03	14:56:22[889]	0	0	0	0	0	0	0	0	0	0	93	-234	-513	291.674649119024	2	0	-1077	1077	30	0	0	0.0
2025-11-03	14:56:23[081]	0	0	0	0	0	0	0	0	0	0	87	-242	-512	289.773720884381	2	0	-1076	1076	30	0	0	0.0
2025-11-03	14:56:23[272]	0	0	0	0	0	0	0	0	0	0	92	-232	-510	291.630886836518	2	0	-1074	1074	30	0	0	0.0
2025-11-03	14:56:24[762]	0	0	0	0	0	0	0	0	0	0	85	-233	-510	290.042316744894	2	0	-1074	1074	30	0	0	0.0
2025-11-03	14:56:24[773]	0	0	0	0	0	0	0	0	0	0	91	-237	-512	291.005103913768	2	0	-1076	1076	30	0	0	0.0
2025-11-03	14:56:24[781]	0	0	0	0	0	0	0	0	0	0	91	-238	-507	290.924501744921	2	0	-1071	1071	30	0	0	0.0
2025-11-03	14:56:24[802]	0	0	0	0	0	0	0	0	0	0	93	-236	-504	291.507802644519	2	0	-1068	1068	30	0	0	0.0
2025-11-03	14:56:24[809]	0	0	0	0	0	0	0	0	0	0	93	-231	-512	291.929587750175	2	0	-1076	1076	30	0	0	0.0
2025-11-03	14:56:24[817]	0	0	0	0	0	0	0	0	0	0	94	-242	-505	291.227651188635	2	0	-1069	1069	30	0	0	0.0
2025-11-03	14:56:24[836]	0	0	0	0	0	0	0	0	0	0	93	-228	-509	292.190288896123	2	0	-1073	1073	30	0	0	0.0
2025-11-03	14:56:24[845]	0	0	0	0	0	0	0	0	0	0	94	-235	-507	291.801409486352	2	0	-1071	1071	30	0	0	0.0
2025-11-03	14:56:25[049]	0	0	0	0	0	0	0	0	0	0	86	-235	-509	290.100475656834	2	0	-1073	1073	30	0	0	0.0
2025-11-03	14:56:25[243]	0	0	0	0	0	0	0	0	0	0	86	-233	-500	290.259038655298	2	0	-1064	1064	30	0	0	0.0
2025-11-03	14:56:25[431]	0	0	0	0	0	0	0	0	0	0	91	-239	-510	290.844488354711	2	0	-1074	1074	30	0	0	0.0
2025-11-03	14:56:25[624]	0	0	0	0	0	0	0	0	0	0	78	-239	-508	288.074602759535	2	0	-1072	1072	30	0	0	0.0
2025-11-03	14:56:25[832]	0	0	0	0	0	0	0	0	0	0	94	-233	-503	291.970797845812	2	0	-1067	1067	30	0	0	0.0
2025-11-03	14:56:26[023]	0	0	0	0	0	0	0	0	0	0	88	-233	-510	290.690668513933	2	0	-1074	1074	30	0	0	0.0
2025-11-03	14:56:26[216]	0	0	0	0	0	0	0	0	0	0	91	-241	-504	290.686203513435	2	0	-1068	1068	30	0	0	0.0
2025-11-03	14:56:26[411]	0	0	0	0	0	0	0	0	0	0	87	-235	-513	290.315195626732	2	0	-1077	1077	30	0	0	0.0
2025-11-03	14:56:26[618]	0	0	0	0	0	0	0	0	0	0	86	-239	-507	289.790386833249	2	0	-1071	1071	30	0	0	0.0
2025-11-03	14:56:26[812]	0	0	0	0	0	0	0	0	0	0	86	-233	-501	290.259038655298	2	0	-1065	1065	30	0	0	0.0
2025-11-03	14:56:27[004]	0	0	0	0	0	0	0	0	0	0	86	-237	-510	289.944275094763	2	0	-1074	1074	30	0	0	0.0
2025-11-03	14:56:27[194]	0	0	0	0	0	0	0	0	0	0	94	-240	-508	291.388622827819	2	0	-1072	1072	30	0	0	0.0
2025-11-03	14:56:27[400]	0	0	0	0	0	0	0	0	0	0	93	-234	-508	291.674649119024	2	0	-1072	1072	30	0	0	0.0
2025-11-03	14:56:27[792]	0	0	0	0	0	0	0	0	0	0	93	-240	-511	291.181349500266	2	0	-1075	1075	30	0	0	0.0
2025-11-03	14:56:27[988]	0	0	0	0	0	0	0	0	0	0	93	-235	-509	291.590918958249	2	0	-1073	1073	30	0	0	0.0
2025-11-03	14:56:28[175]	0	0	0	0	0	0	0	0	0	0	86	-231	-505	290.420015609278	2	0	-1069	1069	30	0	0	0.0
2025-11-03	14:56:28[371]	0	0	0	0	0	0	0	0	0	0	83	-228	-508	290.003281091317	2	0	-1072	1072	30	0	0	0.0
2025-11-03	14:56:28[576]	0	0	0	0	0	0	0	0	0	0	84	-233	-508	289.824995079131	2	0	-1072	1072	30	0	0	0.0
2025-11-03	14:56:28[768]	0	0	0	0	0	0	0	0	0	0	88	-233	-507	290.690668513933	2	0	-1071	1071	30	0	0	0.0
2025-11-03	14:56:28[961]	0	0	0	0	0	0	0	0	0	0	91	-236	-503	291.086301061468	2	0	-1067	1067	30	0	0	0.0
2025-11-03	14:56:29[154]	0	0	0	0	0	0	0	0	0	0	92	-239	-501	291.053573761057	2	0	-1065	1065	30	0	0	0.0
2025-11-03	14:56:29[363]	0	0	0	0	0	0	0	0	0	0	86	-231	-511	290.420015609278	2	0	-1075	1075	30	0	0	0.0
2025-11-03	14:56:29[553]	0	0	0	0	0	0	0	0	0	0	89	-239	-509	290.424572803445	2	0	-1073	1073	30	0	0	0.0
2025-11-03	14:56:29[744]	0	0	0	0	0	0	0	0	0	0	88	-237	-500	290.37036510267	2	0	-1064	1064	30	0	0	0.0
2025-11-03	14:56:29[939]	0	0	0	0	0	0	0	0	0	0	90	-242	-506	290.400209394843	2	0	-1070	1070	30	0	0	0.0
2025-11-03	14:56:30[144]	0	0	0	0	0	0	0	0	0	0	90	-232	-506	291.20281864381	2	0	-1070	1070	30	0	0	0.0
2025-11-03	14:56:30[336]	0	0	0	0	0	0	0	0	0	0	86	-235	-508	290.100475656834	2	0	-1072	1072	30	0	0	0.0
2025-11-03	14:56:30[530]	0	0	0	0	0	0	0	0	0	0	91	-231	-506	291.501434324048	2	0	-1070	1070	30	0	0	0.0
2025-11-03	14:56:30[723]	0	0	0	0	0	0	0	0	0	0	90	-256	-503	289.369762034901	2	0	-1067	1067	30	0	0	0.0
2025-11-03	14:56:30[930]	0	0	0	0	0	0	0	0	0	0	94	-233	-500	291.970797845812	2	0	-1064	1064	30	0	0	0.0
2025-11-03	14:56:31[113]	0	0	0	0	0	0	0	0	0	0	87	-230	-506	290.719669085615	2	0	-1070	1070	30	0	0	0.0
2025-11-03	14:56:31[320]	0	0	0	0	0	0	0	0	0	0	91	-236	-504	291.086301061468	2	0	-1068	1068	30	0	0	0.0
2025-11-03	14:56:31[515]	0	0	0	0	0	0	0	0	0	0	84	-234	-505	289.746836605426	2	0	-1069	1069	30	0	0	0.0
2025-11-03	14:56:31[703]	0	0	0	0	0	0	0	0	0	0	88	-234	-506	290.609692937532	2	0	-1070	1070	30	0	0	0.0
2025-11-03	14:56:31[896]	0	0	0	0	0	0	0	0	0	0	85	-226	-502	290.611591280236	2	0	-1066	1066	30	0	0	0.0
2025-11-03	14:56:32[105]	0	0	0	0	0	0	0	0	0	0	80	-233	-507	288.949787927114	2	0	-1071	1071	30	0	0	0.0
2025-11-03	14:56:32[298]	0	0	0	0	0	0	0	0	0	0	88	-237	-505	290.37036510267	2	0	-1069	1069	30	0	0	0.0
2025-11-03	14:56:32[490]	0	0	0	0	0	0	0	0	0	0	83	-235	-512	289.452787060219	2	0	-1076	1076	30	0	0	0.0
2025-11-03	14:56:32[680]	0	0	0	0	0	0	0	0	0	0	92	-240	-514	290.973493421321	2	0	-1078	1078	30	0	0	0.0
2025-11-03	14:56:32[888]	0	0	0	0	0	0	0	0	0	0	81	-233	-512	289.169469857177	2	0	-1076	1076	30	0	0	0.0
2025-11-03	14:56:33[078]	0	0	0	0	0	0	0	0	0	0	86	-233	-510	290.259038655298	2	0	-1074	1074	30	0	0	0.0
2025-11-03	14:56:33[272]	0	0	0	0	0	0	0	0	0	0	92	-231	-501	291.715829595531	2	0	-1065	1065	30	0	0	0.0
2025-11-03	14:56:33[481]	0	0	0	0	0	0	0	0	0	0	79	-235	-510	288.581111208701	2	0	-1074	1074	30	0	0	0.0
2025-11-03	14:56:33[675]	0	0	0	0	0	0	0	0	0	0	92	-239	-508	291.053573761057	2	0	-1072	1072	30	0	0	0.0
2025-11-03	14:56:33[863]	0	0	0	0	0	0	0	0	0	0	91	-233	-509	291.333525622204	2	0	-1073	1073	30	0	0	0.0
2025-11-03	14:56:34[056]	0	0	0	0	0	0	0	0	0	0	81	-236	-506	288.943263061252	2	0	-1070	1070	30	0	0	0.0
2025-11-03	14:56:34[263]	0	0	0	0	0	0	0	0	0	0	93	-232	-507	291.843976922437	2	0	-1071	1071	30	0	0	0.0
2025-11-03	14:56:34[453]	0	0	0	0	0	0	0	0	0	0	93	-234	-515	291.674649119024	2	0	-1079	1079	30	0	0	0.0
2025-11-03	14:56:34[647]	0	0	0	0	0	0	0	0	0	0	90	-238	-508	290.714174844349	2	0	-1072	1072	30	0	0	0.0
2025-11-03	14:56:34[838]	0	0	0	0	0	0	0	0	0	0	89	-234	-504	290.823905724924	2	0	-1068	1068	30	0	0	0.0
2025-11-03	14:56:35[047]	0	0	0	0	0	0	0	0	0	0	84	-239	-501	289.364761239542	2	0	-1065	1065	30	0	0	0.0
2025-11-03	14:56:35[238]	0	0	0	0	0	0	0	0	0	0	97	-236	-506	292.343493117381	2	0	-1070	1070	30	0	0	0.0
2025-11-03	14:56:35[432]	0	0	0	0	0	0	0	0	0	0	89	-235	-500	290.74284961431	2	0	-1064	1064	30	0	0	0.0
2025-11-03	14:56:35[625]	0	0	0	0	0	0	0	0	0	0	91	-233	-497	291.333525622204	2	0	-1061	1061	30	0	0	0.0
2025-11-03	14:56:35[817]	0	0	0	0	0	0	0	0	0	0	87	-231	-510	290.637546984688	2	0	-1074	1074	30	0	0	0.0
2025-11-03	14:56:36[024]	0	0	0	0	0	0	0	0	0	0	88	-241	-495	290.059424531394	2	0	-1059	1059	30	0	0	0.0
2025-11-03	14:56:36[215]	0	0	0	0	0	0	0	0	0	0	87	-236	-507	290.236109338644	2	0	-1071	1071	30	0	0	0.0
2025-11-03	14:56:36[409]	0	0	0	0	0	0	0	0	0	0	84	-234	-503	289.746836605426	2	0	-1067	1067	30	0	0	0.0
2025-11-03	14:56:36[598]	0	0	0	0	0	0	0	0	0	0	89	-241	-506	290.268916154137	2	0	-1070	1070	30	0	0	0.0
2025-11-03	14:56:36[805]	0	0	0	0	0	0	0	0	0	0	86	-236	-506	290.022083236645	2	0	-1070	1070	30	0	0	0.0
2025-11-03	14:56:37[000]	0	0	0	0	0	0	0	0	0	0	94	-238	-506	291.551937422042	2	0	-1070	1070	30	0	0	0.0
2025-11-03	14:56:37[190]	0	0	0	0	0	0	0	0	0	0	90	-243	-502	290.323136829663	2	0	-1066	1066	30	0	0	0.0
2025-11-03	14:56:37[398]	0	0	0	0	0	0	0	0	0	0	92	-235	-505	291.379814597118	2	0	-1069	1069	30	0	0	0.0
2025-11-03	14:56:37[589]	0	0	0	0	0	0	0	0	0	0	88	-238	-504	290.291767667994	2	0	-1068	1068	30	0	0	0.0
2025-11-03	14:56:37[782]	0	0	0	0	0	0	0	0	0	0	83	-232	-501	289.685107581842	2	0	-1065	1065	30	0	0	0.0
2025-11-03	14:56:37[975]	0	0	0	0	0	0	0	0	0	0	92	-231	-504	291.715829595531	2	0	-1068	1068	30	0	0	0.0
2025-11-03	14:56:38[182]	0	0	0	0	0	0	0	0	0	0	84	-236	-507	289.592281891052	2	0	-1071	1071	30	0	0	0.0
2025-11-03	14:56:38[376]	0	0	0	0	0	0	0	0	0	0	86	-238	-509	289.867045007087	2	0	-1073	1073	30	0	0	0.0
2025-11-03	14:56:38[568]	0	0	0	0	0	0	0	0	0	0	87	-238	-502	290.079694056017	2	0	-1066	1066	30	0	0	0.0
2025-11-03	14:56:38[760]	0	0	0	0	0	0	0	0	0	0	88	-235	-507	290.529321443763	2	0	-1071	1071	30	0	0	0.0
2025-11-03	14:56:38[966]	0	0	0	0	0	0	0	0	0	0	90	-234	-508	291.037511025422	2	0	-1072	1072	30	0	0	0.0
2025-11-03	14:56:39[158]	0	0	0	0	0	0	0	0	0	0	84	-237	-512	289.515873009583	2	0	-1076	1076	30	0	0	0.0
2025-11-03	14:56:39[349]	0	0	0	0	0	0	0	0	0	0	93	-226	-505	292.367382819917	2	0	-1069	1069	30	0	0	0.0
2025-11-03	14:56:39[540]	0	0	0	0	0	0	0	0	0	0	83	-230	-502	289.842970373458	2	0	-1066	1066	30	0	0	0.0
2025-11-03	14:56:39[735]	0	0	0	0	0	0	0	0	0	0	86	-230	-508	290.501425808566	2	0	-1072	1072	30	0	0	0.0
2025-11-03	14:56:39[945]	0	0	0	0	0	0	0	0	0	0	84	-237	-506	289.515873009583	2	0	-1070	1070	30	0	0	0.0
2025-11-03	14:56:40[135]	0	0	0	0	0	0	0	0	0	0	91	-235	-507	291.168099470552	2	0	-1071	1071	30	0	0	0.0
2025-11-03	14:56:40[326]	0	0	0	0	0	0	0	0	0	0	90	-230	-505	291.370622269343	2	0	-1069	1069	30	0	0	0.0
2025-11-03	14:56:40[530]	0	0	0	0	0	0	0	0	0	0	89	-236	-505	290.662394572183	2	0	-1069	1069	30	0	0	0.0
2025-11-03	14:56:40[726]	0	0	0	0	0	0	0	0	0	0	94	-232	-500	292.056433527039	2	0	-1064	1064	30	0	0	0.0
2025-11-03	14:56:40[915]	0	0	0	0	0	0	0	0	0	0	92	-227	-505	292.062040499182	2	0	-1069	1069	30	0	0	0.0
2025-11-03	14:56:41[107]	0	0	0	0	0	0	0	0	0	0	85	-244	-501	289.206326418295	2	0	-1065	1065	30	0	0	0.0
2025-11-03	14:56:41[315]	0	0	0	0	0	0	0	0	0	0	90	-237	-505	290.794114955504	2	0	-1069	1069	30	0	0	0.0
2025-11-03	14:56:41[507]	0	0	0	0	0	0	0	0	0	0	82	-271	-461	286.834924107774	2	0	-1025	1025	30	0	0	0.0
2025-11-03	14:56:41[797]	0	0	0	0	0	0	0	0	0	0	443	-578	127	307.467854409106	2	0	-437	437	30	1	0	0.0
2025-11-03	14:56:42[003]	0	0	0	0	0	0	0	0	0	0	106	-280	-368	290.735233937997	2	0	-932	932	30	1	0	0.0
2025-11-03	14:56:42[196]	0	0	0	0	0	0	0	0	0	0	89	-241	-463	290.268916154137	2	0	-1027	1027	30	1	0	0.0
2025-11-03	14:56:42[391]	0	0	0	0	0	0	0	0	0	0	89	-236	-490	290.662394572183	2	0	-1054	1054	30	0	0	0.0
2025-11-03	14:56:42[787]	0	0	0	0	0	0	0	0	0	0	139	-292	-358	295.455727968123	2	0	-922	922	30	1	0	0.0
2025-11-03	14:56:42[969]	0	0	0	0	0	0	0	0	0	0	87	-230	-489	290.719669085615	2	0	-1053	1053	30	0	0	0.0
2025-11-03	14:56:43[369]	0	0	0	0	0	0	0	0	0	0	88	-225	-499	291.361020161253	2	0	-1063	1063	30	0	0	0.0
2025-11-03	14:56:43[560]	0	0	0	0	0	0	0	0	0	0	80	-233	-510	288.949787927114	2	0	-1074	1074	30	0	0	0.0
2025-11-03	14:56:43[752]	0	0	0	0	0	0	0	0	0	0	84	-240	-502	289.290046219189	2	0	-1066	1066	30	0	0	0.0
2025-11-03	14:56:43[961]	0	0	0	0	0	0	0	0	0	0	93	-237	-505	291.425293798087	2	0	-1069	1069	30	0	0	0.0
2025-11-03	14:56:44[152]	0	0	0	0	0	0	0	0	0	0	97	-257	-475	290.678106772276	2	0	-1039	1039	30	0	0	0.0
2025-11-03	14:56:44[444]	0	0	0	0	0	0	0	0	0	0	51	-320	-224	279.055357508085	2	0	-788	788	30	1	0	0.0
2025-11-03	14:56:44[649]	0	0	0	0	0	0	0	0	0	0	95	-240	-495	291.595310448968	2	0	-1059	1059	30	0	0	0.0
2025-11-03	14:56:45[032]	0	0	0	0	0	0	0	0	0	0	91	-233	-494	291.333525622204	2	0	-1058	1058	30	0	0	0.0
2025-11-03	14:56:45[224]	0	0	0	0	0	0	0	0	0	0	95	-238	-502	291.759890812812	2	0	-1066	1066	30	0	0	0.0
2025-11-03	14:56:45[432]	0	0	0	0	0	0	0	0	0	0	91	-234	-502	291.250505507133	2	0	-1066	1066	30	0	0	0.0
2025-11-03	14:56:45[624]	0	0	0	0	0	0	0	0	0	0	89	-242	-495	290.19193713283	2	0	-1059	1059	34	0	0	0.0
2025-11-03	14:56:45[816]	0	0	0	0	0	0	0	0	0	0	92	-238	-504	291.134239880367	2	0	-1068	1068	34	0	0	0.0
2025-11-03	14:56:46[010]	0	0	0	0	0	0	0	0	0	0	91	-239	-498	290.844488354711	2	0	-1062	1062	34	0	0	0.0
2025-11-03	14:56:46[218]	0	0	0	0	0	0	0	0	0	0	91	-238	-505	290.924501744921	2	0	-1069	1069	34	0	0	0.0
2025-11-03	14:56:46[410]	0	0	0	0	0	0	0	0	0	0	90	-235	-504	290.955776730632	2	0	-1068	1068	34	0	0	0.0
2025-11-03	14:56:46[599]	0	0	0	0	0	0	0	0	0	0	98	-241	-495	292.128576691421	2	0	-1059	1059	34	0	0	0.0
2025-11-03	14:56:46[794]	0	0	0	0	0	0	0	0	0	0	88	-238	-502	290.291767667994	2	0	-1066	1066	34	0	0	0.0
2025-11-03	14:56:47[001]	0	0	0	0	0	0	0	0	0	0	93	-235	-500	291.590918958249	2	0	-1064	1064	34	0	0	0.0
2025-11-03	14:56:47[195]	0	0	0	0	0	0	0	0	0	0	91	-235	-498	291.168099470552	2	0	-1062	1062	34	0	0	0.0
2025-11-03	14:56:47[384]	0	0	0	0	0	0	0	0	0	0	87	-233	-508	290.47515711401	2	0	-1072	1072	34	0	0	0.0
2025-11-03	14:56:47[576]	0	0	0	0	0	0	0	0	0	0	86	-230	-505	290.501425808566	2	0	-1069	1069	34	0	0	0.0
2025-11-03	14:56:47[783]	0	0	0	0	0	0	0	0	0	0	91	-243	-508	290.530201387546	2	0	-1072	1072	34	0	0	0.0
2025-11-03	14:56:47[974]	0	0	0	0	0	0	0	0	0	0	87	-234	-501	290.394876082048	2	0	-1065	1065	34	0	0	0.0
2025-11-03	14:56:48[166]	0	0	0	0	0	0	0	0	0	0	81	-235	-511	289.01809183702	2	0	-1075	1075	34	0	0	0.0
2025-11-03	14:56:48[362]	0	0	0	0	0	0	0	0	0	0	89	-235	12552	290.74284961431	2	0	-1068	1068	34	0	0	0.0
2025-11-03	14:56:48[566]	0	0	0	0	0	0	0	0	0	0	92	-233	-495	291.546574489902	2	0	-1059	1059	34	0	0	0.0
2025-11-03	14:56:48[759]	0	0	0	0	0	0	0	0	0	0	90	-238	-503	290.714174844349	1	0	-1067	1067	34	0	0	0.0
2025-11-03	14:56:48[954]	0	0	0	0	0	0	0	0	0	0	96	-240	-499	291.801409486352	1	0	-1063	1063	34	0	0	0.0
2025-11-03	14:56:49[142]	0	0	0	0	0	0	0	0	0	0	92	-235	-503	291.379814597118	1	0	-1067	1067	34	0	0	0.0
2025-11-03	14:56:49[342]	0	0	0	0	0	0	0	0	0	0	87	-230	-507	290.719669085615	1	0	-1071	1071	34	0	0	0.0
2025-11-03	14:56:49[545]	0	0	0	0	0	0	0	0	0	0	91	-237	-507	291.005103913768	1	0	-1071	1071	34	0	0	0.0
2025-11-03	14:56:49[738]	0	0	0	0	0	0	0	0	0	0	84	-235	-506	289.669267664017	1	0	-1070	1070	34	0	0	0.0
2025-11-03	14:56:49[928]	0	0	0	0	0	0	0	0	0	0	91	-230	-502	291.586336249102	1	0	-1066	1066	34	0	0	0.0
2025-11-03	14:56:50[134]	0	0	0	0	0	0	0	0	0	0	89	-239	-503	290.424572803445	1	0	-1067	1067	34	0	0	0.0
2025-11-03	14:56:50[325]	0	0	0	0	0	0	0	0	0	0	93	-235	-505	291.590918958249	1	0	-1069	1069	34	0	0	0.0
2025-11-03	14:56:50[777]	0	0	0	0	0	0	0	0	0	0	89	-235	-505	290.74284961431	1	0	-1069	1069	34	0	0	0.0
2025-11-03	14:56:50[795]	0	0	0	0	0	0	0	0	0	0	88	-228	-504	291.10483858493	1	0	-1068	1068	33	0	0	0.0
2025-11-03	14:56:50[918]	0	0	0	0	0	0	0	0	0	0	85	-233	-511	290.042316744894	1	0	-1075	1075	33	0	0	0.0
2025-11-03	14:56:51[111]	0	0	0	0	0	0	0	0	0	0	92	-233	-510	291.546574489902	1	0	-1074	1074	33	0	0	0.0
2025-11-03	14:56:51[302]	0	0	0	0	0	0	0	0	0	0	90	-231	-505	291.286405113659	1	0	-1069	1069	33	0	0	0.0
2025-11-03	14:56:51[493]	0	0	0	0	0	0	0	0	0	0	89	-232	-507	290.987846970094	1	0	-1071	1071	33	0	0	0.0
2025-11-03	14:56:51[702]	0	0	0	0	0	0	0	0	0	0	90	-231	-507	291.286405113659	1	0	-1071	1071	33	0	0	0.0
2025-11-03	14:56:51[892]	0	0	0	0	0	0	0	0	0	0	86	-231	-502	290.420015609278	1	0	-1066	1066	33	0	0	0.0
2025-11-03	14:56:52[087]	0	0	0	0	0	0	0	0	0	0	87	-236	-508	290.236109338644	1	0	-1072	1072	33	0	0	0.0
2025-11-03	14:56:52[277]	0	0	0	0	0	0	0	0	0	0	85	-234	-506	289.963444278501	1	0	-1070	1070	33	0	0	0.0
2025-11-03	14:56:52[487]	0	0	0	0	0	0	0	0	0	0	86	-238	-499	289.867045007087	1	0	-1063	1063	33	0	0	0.0
2025-11-03	14:56:52[677]	0	0	0	0	0	0	0	0	0	0	90	-231	-503	291.286405113659	1	0	-1067	1067	33	0	0	0.0
2025-11-03	14:56:52[869]	0	0	0	0	0	0	0	0	0	0	88	-241	-508	290.059424531394	1	0	-1072	1072	33	0	0	0.0
2025-11-03	14:56:53[062]	0	0	0	0	0	0	0	0	0	0	91	-231	-505	291.501434324048	1	0	-1069	1069	33	0	0	0.0
2025-11-03	14:56:53[268]	0	0	0	0	0	0	0	0	0	0	94	-239	-493	291.469984234159	1	0	-1057	1057	33	0	0	0.0
2025-11-03	14:56:53[462]	0	0	0	0	0	0	0	0	0	0	93	-238	-503	291.343386122046	1	0	-1067	1067	33	0	0	0.0
2025-11-03	14:56:53[652]	0	0	0	0	0	0	0	0	0	0	93	-239	-505	291.262073401083	1	0	-1069	1069	33	0	0	0.0
2025-11-03	14:56:53[849]	0	0	0	0	0	0	0	0	0	0	84	-227	-500	290.306693788211	1	0	-1064	1064	33	0	0	0.0
2025-11-03	14:56:54[245]	0	0	0	0	0	0	0	0	0	0	80	-234	-498	288.874549758203	1	0	-1062	1062	33	0	0	0.0
2025-11-03	14:56:54[443]	0	0	0	0	0	0	0	0	0	0	88	-235	-506	290.529321443763	1	0	-1070	1070	33	0	0	0.0
2025-11-03	14:56:54[628]	0	0	0	0	0	0	0	0	0	0	92	-232	-507	291.630886836518	1	0	-1071	1071	33	0	0	0.0
2025-11-03	14:56:54[835]	0	0	0	0	0	0	0	0	0	0	89	-233	-507	290.905569336916	1	0	-1071	1071	33	0	0	0.0
2025-11-03	14:56:55[021]	0	0	0	0	0	0	0	0	0	0	86	-230	-512	290.501425808566	1	0	-1076	1076	33	0	0	0.0
2025-11-03	14:56:55[228]	0	0	0	0	0	0	0	0	0	0	88	-235	-505	290.529321443763	1	0	-1069	1069	33	0	0	0.0
2025-11-03	14:56:55[422]	0	0	0	0	0	0	0	0	0	0	86	-236	-511	290.022083236645	1	0	-1075	1075	33	0	0	0.0
2025-11-03	14:56:55[613]	0	0	0	0	0	0	0	0	0	0	96	-231	-504	292.567009077875	1	0	-1068	1068	33	0	0	0.0
2025-11-03	14:56:55[808]	0	0	0	0	0	0	0	0	0	0	91	-237	-502	291.005103913768	1	0	-1066	1066	32	0	0	0.0
2025-11-03	14:56:56[012]	0	0	0	0	0	0	0	0	0	0	85	-237	-505	289.730361254731	1	0	-1069	1069	32	0	0	0.0
2025-11-03	14:56:56[204]	0	0	0	0	0	0	0	0	0	0	93	-239	-507	291.262073401083	1	0	-1071	1071	32	0	0	0.0
2025-11-03	14:56:56[398]	0	0	0	0	0	0	0	0	0	0	80	-242	-511	288.292775964565	1	0	-1075	1075	32	0	0	0.0
2025-11-03	14:56:56[588]	0	0	0	0	0	0	0	0	0	0	89	-232	-507	290.987846970094	1	0	-1071	1071	32	0	0	0.0
2025-11-03	14:56:56[799]	0	0	0	0	0	0	0	0	0	0	84	-236	-508	289.592281891052	1	0	-1072	1072	32	0	0	0.0
2025-11-03	14:56:56[988]	0	0	0	0	0	0	0	0	0	0	90	-238	-507	290.714174844349	1	0	-1071	1071	32	0	0	0.0
2025-11-03	14:56:57[180]	0	0	0	0	0	0	0	0	0	0	85	-240	-506	289.502448506662	1	0	-1070	1070	32	0	0	0.0
2025-11-03	14:56:57[377]	0	0	0	0	0	0	0	0	0	0	90	-233	-506	291.119856153425	1	0	-1070	1070	32	0	0	0.0
2025-11-03	14:56:57[580]	0	0	0	0	0	0	0	0	0	0	88	-235	-501	290.529321443763	1	0	-1065	1065	32	0	0	0.0
2025-11-03	14:56:57[773]	0	0	0	0	0	0	0	0	0	0	87	-234	-513	290.394876082048	0	0	-1077	1077	32	0	0	0.0
2025-11-03	14:56:57[966]	0	0	0	0	0	0	0	0	0	0	86	-240	-506	289.714294515298	0	0	-1070	1070	32	0	0	0.0
2025-11-03	14:56:58[155]	0	0	0	0	0	0	0	0	0	0	91	-234	-514	291.250505507133	0	0	-1078	1078	32	0	0	0.0
2025-11-03	14:56:58[366]	0	0	0	0	0	0	0	0	0	0	85	-232	-508	290.121788981564	0	0	-1072	1072	32	0	0	0.0
2025-11-03	14:56:58[555]	0	0	0	0	0	0	0	0	0	0	86	-235	-509	290.100475656834	0	0	-1073	1073	32	0	0	0.0
2025-11-03	14:56:58[748]	0	0	0	0	0	0	0	0	0	0	88	-232	-506	290.772254682046	0	0	-1070	1070	32	0	0	0.0
2025-11-03	14:56:58[940]	0	0	0	0	0	0	0	0	0	0	89	-231	-510	291.070745232549	0	0	-1074	1074	32	0	0	0.0
2025-11-03	14:56:59[147]	0	0	0	0	0	0	0	0	0	0	82	-235	-508	289.235727142257	0	0	-1072	1072	32	0	0	0.0
2025-11-03	14:56:59[339]	0	0	0	0	0	0	0	0	0	0	90	-236	-505	290.87464682645	0	0	-1069	1069	32	0	0	0.0
2025-11-03	14:56:59[531]	0	0	0	0	0	0	0	0	0	0	92	-235	-509	291.379814597118	0	0	-1073	1073	32	0	0	0.0
2025-11-03	14:56:59[723]	0	0	0	0	0	0	0	0	0	0	93	-237	-504	291.425293798087	0	0	-1068	1068	32	0	0	0.0
2025-11-03	14:56:59[932]	0	0	0	0	0	0	0	0	0	0	84	-242	-505	289.142268191466	0	0	-1069	1069	32	0	0	0.0
2025-11-03	14:57:00[123]	0	0	0	0	0	0	0	0	0	0	84	-231	-511	289.9831065219	0	0	-1075	1075	32	0	0	0.0
2025-11-03	14:57:00[319]	0	0	0	0	0	0	0	0	0	0	87	-229	-509	290.80241829048	0	0	-1073	1073	32	0	0	0.0
2025-11-03	14:57:00[507]	0	0	0	0	0	0	0	0	0	0	86	-237	-507	289.944275094763	0	0	-1071	1071	32	0	0	0.0
2025-11-03	14:57:00[717]	0	0	0	0	0	0	0	0	0	0	91	-234	-511	291.250505507133	0	0	-1075	1075	32	0	0	0.0
2025-11-03	14:57:00[908]	0	0	0	0	0	0	0	0	0	0	87	-234	-511	290.394876082048	0	0	-1075	1075	32	0	0	0.0
2025-11-03	14:57:01[099]	0	0	0	0	0	0	0	0	0	0	86	-234	-509	290.179458664511	0	0	-1073	1073	32	0	0	0.0
2025-11-03	14:57:01[291]	0	0	0	0	0	0	0	0	0	0	87	-228	-510	290.885801460693	0	0	-1074	1074	32	0	0	0.0
2025-11-03	14:57:01[486]	0	0	0	0	0	0	0	0	0	0	88	-230	-248	290.937285274275	0	0	-1068	1068	32	0	0	0.0
2025-11-03	14:57:01[693]	0	0	0	0	0	0	0	0	0	0	89	-237	-511	290.582534251221	0	0	-1075	1075	32	0	0	0.0
2025-11-03	14:57:01[887]	0	0	0	0	0	0	0	0	0	0	93	-236	-503	291.507802644519	0	0	-1067	1067	32	0	0	0.0
2025-11-03	14:57:02[079]	0	0	0	0	0	0	0	0	0	0	87	-233	-505	290.47515711401	0	0	-1069	1069	32	0	0	0.0
2025-11-03	14:57:02[268]	0	0	0	0	0	0	0	0	0	0	92	-235	-507	291.379814597118	0	0	-1071	1071	32	0	0	0.0
2025-11-03	14:57:02[479]	0	0	0	0	0	0	0	0	0	0	95	-231	-511	292.355180445736	0	0	-1075	1075	32	0	0	0.0
2025-11-03	14:57:02[668]	0	0	0	0	0	0	0	0	0	0	90	-229	-507	291.455476907917	0	0	-1071	1071	32	0	0	0.0
2025-11-03	14:57:02[861]	0	0	0	0	0	0	0	0	0	0	89	-225	-499	291.581549554305	0	0	-1063	1063	32	0	0	0.0
2025-11-03	14:57:03[057]	0	0	0	0	0	0	0	0	0	0	86	-227	-507	290.749424647587	0	0	-1071	1071	32	0	0	0.0
2025-11-03	14:57:03[260]	0	0	0	0	0	0	0	0	0	0	86	-231	-505	290.420015609278	0	0	-1069	1069	32	0	0	0.0
2025-11-03	14:57:03[453]	0	0	0	0	0	0	0	0	0	0	93	-237	-510	291.425293798087	0	0	-1074	1074	32	0	0	0.0
2025-11-03	14:57:03[644]	0	0	0	0	0	0	0	0	0	0	86	-233	-501	290.259038655298	0	0	-1065	1065	32	0	0	0.0
2025-11-03	14:57:03[839]	0	0	0	0	0	0	0	0	0	0	96	-237	-502	292.051062719077	0	0	-1066	1066	32	0	0	0.0
2025-11-03	14:57:04[046]	0	0	0	0	0	0	0	0	0	0	100	-234	-501	293.139461763212	0	0	-1065	1065	32	0	0	0.0
2025-11-03	14:57:04[236]	0	0	0	0	0	0	0	0	0	0	89	-239	-499	290.424572803445	0	0	-1063	1063	32	0	0	0.0
2025-11-03	14:57:04[431]	0	0	0	0	0	0	0	0	0	0	92	-239	-501	291.053573761057	0	0	-1065	1065	32	0	0	0.0
2025-11-03	14:57:04[621]	0	0	0	0	0	0	0	0	0	0	94	-238	-502	291.551937422042	0	0	-1066	1066	32	0	0	0.0
2025-11-03	14:57:04[830]	0	0	0	0	0	0	0	0	0	0	88	-228	-500	291.10483858493	0	0	-1064	1064	32	0	0	0.0
2025-11-03	14:57:05[025]	0	0	0	0	0	0	0	0	0	0	90	-229	-507	291.455476907917	0	0	-1071	1071	32	0	0	0.0
2025-11-03	14:57:05[211]	0	0	0	0	0	0	0	0	0	0	86	-226	-508	290.833370157015	0	0	-1072	1072	32	0	0	0.0
2025-11-03	14:57:05[404]	0	0	0	0	0	0	0	0	0	0	84	-231	-502	289.9831065219	0	0	-1066	1066	32	0	0	0.0
2025-11-03	14:57:05[613]	0	0	0	0	0	0	0	0	0	0	88	-237	-505	290.37036510267	0	0	-1069	1069	32	0	0	0.0
2025-11-03	14:57:05[804]	0	0	0	0	0	0	0	0	0	0	94	-236	-504	291.71764378651	0	0	-1068	1068	32	0	0	0.0
2025-11-03	14:57:05[999]	0	0	0	0	0	0	0	0	0	0	88	-232	-500	290.772254682046	0	0	-1064	1064	32	0	0	0.0
2025-11-03	14:57:06[188]	0	0	0	0	0	0	0	0	0	0	90	-238	-503	290.714174844349	0	0	-1067	1067	32	0	0	0.0
2025-11-03	14:57:06[397]	0	0	0	0	0	0	0	0	0	0	90	-236	-507	290.87464682645	0	0	-1071	1071	32	0	0	0.0
2025-11-03	14:57:06[587]	0	0	0	0	0	0	0	0	0	0	95	-234	-501	292.09631162966	0	0	-1065	1065	32	0	0	0.0
2025-11-03	14:57:06[782]	0	0	0	0	0	0	0	0	0	0	90	-236	-508	290.87464682645	0	0	-1072	1072	32	0	0	0.0
2025-11-03	14:57:06[973]	0	0	0	0	0	0	0	0	0	0	86	-232	-507	290.339222112652	0	0	-1071	1071	32	0	0	0.0
2025-11-03	14:57:07[179]	0	0	0	0	0	0	0	0	0	0	93	-233	-511	291.758999590682	0	0	-1075	1075	32	0	0	0.0
2025-11-03	14:57:07[374]	0	0	0	0	0	0	0	0	0	0	88	-240	-503	290.136303428248	0	0	-1067	1067	32	0	0	0.0
2025-11-03	14:57:07[566]	0	0	0	0	0	0	0	0	0	0	91	-239	-509	290.844488354711	0	0	-1073	1073	32	0	0	0.0
2025-11-03	14:57:07[756]	0	0	0	0	0	0	0	0	0	0	88	-236	-507	290.449547610793	0	0	-1071	1071	32	0	0	0.0
2025-11-03	14:57:07[962]	0	0	0	0	0	0	0	0	0	0	89	-234	-506	290.823905724924	0	0	-1070	1070	32	0	0	0.0
2025-11-03	14:57:08[154]	0	0	0	0	0	0	0	0	0	0	90	-228	-507	291.540975918538	0	0	-1071	1071	32	0	0	0.0
2025-11-03	14:57:08[349]	0	0	0	0	0	0	0	0	0	0	85	-238	-508	289.653824058053	0	0	-1072	1072	32	0	0	0.0
2025-11-03	14:57:08[540]	0	0	0	0	0	0	0	0	0	0	85	-230	-504	290.282559088917	0	0	-1068	1068	32	0	0	0.0
2025-11-03	14:57:08[735]	0	0	0	0	0	0	0	0	0	0	87	-230	-508	290.719669085615	0	0	-1072	1072	32	0	0	0.0
2025-11-03	14:57:08[943]	0	0	0	0	0	0	0	0	0	0	88	-236	-503	290.449547610793	0	0	-1067	1067	32	0	0	0.0
2025-11-03	14:57:09[135]	0	0	0	0	0	0	0	0	0	0	84	-221	-506	290.811321755981	0	0	-1070	1070	32	0	0	0.0
2025-11-03	14:57:09[326]	0	0	0	0	0	0	0	0	0	0	91	-236	-506	291.086301061468	0	0	-1070	1070	32	0	0	0.0
2025-11-03	14:57:09[523]	0	0	0	0	0	0	0	0	0	0	89	-236	-512	290.662394572183	0	0	-1076	1076	32	0	0	0.0
2025-11-03	14:57:09[729]	0	0	0	0	0	0	0	0	0	0	91	-233	-506	291.333525622204	0	0	-1070	1070	32	0	0	0.0
2025-11-03	14:57:09[921]	0	0	0	0	0	0	0	0	0	0	88	-235	-498	290.529321443763	0	0	-1062	1062	32	0	0	0.0
2025-11-03	14:57:10[112]	0	0	0	0	0	0	0	0	0	0	92	-239	-506	291.053573761057	0	0	-1070	1070	32	0	0	0.0
2025-11-03	14:57:10[303]	0	0	0	0	0	0	0	0	0	0	89	-236	-503	290.662394572183	0	0	-1067	1067	32	0	0	0.0
2025-11-03	14:57:10[512]	0	0	0	0	0	0	0	0	0	0	89	-236	-505	290.662394572183	0	0	-1069	1069	32	0	0	0.0
2025-11-03	14:57:10[706]	0	0	0	0	0	0	0	0	0	0	90	-232	-500	291.20281864381	0	0	-1064	1064	32	0	0	0.0
2025-11-03	14:57:10[894]	0	0	0	0	0	0	0	0	0	0	90	-235	-503	290.955776730632	0	0	-1067	1067	32	0	0	0.0
2025-11-03	14:57:11[086]	0	0	0	0	0	0	0	0	0	0	91	-240	-502	290.765057623986	0	0	-1066	1066	32	0	0	0.0
2025-11-03	14:57:11[294]	0	0	0	0	0	0	0	0	0	0	93	-239	-504	291.262073401083	0	0	-1068	1068	32	0	0	0.0
2025-11-03	14:57:11[491]	0	0	0	0	0	0	0	0	0	0	90	-235	-503	290.955776730632	0	0	-1067	1067	32	0	0	0.0
2025-11-03	14:57:11[680]	0	0	0	0	0	0	0	0	0	0	86	-232	-507	290.339222112652	0	0	-1071	1071	32	0	0	0.0
2025-11-03	14:57:11[870]	0	0	0	0	0	0	0	0	0	0	89	-234	-508	290.823905724924	0	0	-1072	1072	32	0	0	0.0
2025-11-03	14:57:12[080]	0	0	0	0	0	0	0	0	0	0	89	-232	-506	290.987846970094	0	0	-1070	1070	32	0	0	0.0
2025-11-03	14:57:12[269]	0	0	0	0	0	0	0	0	0	0	95	-234	-501	292.09631162966	0	0	-1065	1065	32	0	0	0.0
2025-11-03	14:57:12[462]	0	0	0	0	0	0	0	0	0	0	91	-238	-495	290.924501744921	0	0	-1059	1059	32	0	0	0.0
2025-11-03	14:57:12[654]	0	0	0	0	0	0	0	0	0	0	91	-232	-505	291.417166352942	0	0	-1069	1069	32	0	0	0.0
2025-11-03	14:57:12[865]	0	0	0	0	0	0	0	0	0	0	96	-231	-504	292.567009077875	0	0	-1068	1068	32	0	0	0.0
2025-11-03	14:57:13[055]	0	0	0	0	0	0	0	0	0	0	91	-236	-504	291.086301061468	0	0	-1068	1068	32	0	0	0.0
2025-11-03	14:57:13[245]	0	0	0	0	0	0	0	0	0	0	98	-236	-505	292.550875481667	0	0	-1069	1069	32	0	0	0.0
2025-11-03	14:57:13[438]	0	0	0	0	0	0	0	0	0	0	91	-236	-502	291.086301061468	0	0	-1066	1066	32	0	0	0.0
2025-11-03	14:57:13[645]	0	0	0	0	0	0	0	0	0	0	88	-240	-502	290.136303428248	0	0	-1066	1066	32	0	0	0.0
2025-11-03	14:57:13[838]	0	0	0	0	0	0	0	0	0	0	98	-238	-513	292.38013505196	0	0	-1077	1077	32	0	0	0.0
2025-11-03	14:57:14[030]	0	0	0	0	0	0	0	0	0	0	93	-223	-504	292.638106201647	0	0	-1068	1068	32	0	0	0.0
2025-11-03	14:57:14[222]	0	0	0	0	0	0	0	0	0	0	84	-233	-505	289.824995079131	0	0	-1069	1069	32	0	0	0.0
2025-11-03	14:57:14[415]	0	0	0	0	0	0	0	0	0	0	87	-230	-506	290.719669085615	0	0	-1070	1070	32	0	0	0.0
2025-11-03	14:57:14[623]	0	0	0	0	0	0	0	0	0	0	87	-233	-506	290.47515711401	0	0	-1070	1070	32	0	0	0.0
2025-11-03	14:57:14[816]	0	0	0	0	0	0	0	0	0	0	91	-229	-505	291.67187893194	0	0	-1069	1069	32	0	0	0.0
2025-11-03	14:57:15[008]	0	0	0	0	0	0	0	0	0	0	89	-234	-507	290.823905724924	0	0	-1071	1071	32	0	0	0.0
2025-11-03	14:57:15[199]	0	0	0	0	0	0	0	0	0	0	88	-236	-503	290.449547610793	0	0	-1067	1067	32	0	0	0.0
2025-11-03	14:57:15[408]	0	0	0	0	0	0	0	0	0	0	94	-235	-509	291.801409486352	0	0	-1073	1073	32	0	0	0.0
2025-11-03	14:57:15[599]	0	0	0	0	0	0	0	0	0	0	95	-232	-510	292.268253654649	0	0	-1074	1074	32	0	0	0.0
2025-11-03	14:57:15[790]	0	0	0	0	0	0	0	0	0	0	95	-234	-508	292.09631162966	0	0	-1072	1072	32	0	0	0.0
2025-11-03	14:57:15[985]	0	0	0	0	0	0	0	0	0	0	89	-237	-502	290.582534251221	0	0	-1066	1066	32	0	0	0.0
2025-11-03	14:57:16[190]	0	0	0	0	0	0	0	0	0	0	85	-235	-505	289.885165113855	0	0	-1069	1069	32	0	0	0.0
2025-11-03	14:57:16[382]	0	0	0	0	0	0	0	0	0	0	89	-237	-495	290.582534251221	0	0	-1059	1059	32	0	0	0.0
2025-11-03	14:57:16[572]	0	0	0	0	0	0	0	0	0	0	92	-230	-496	291.801409486352	0	0	-1060	1060	32	0	0	0.0
2025-11-03	14:57:16[781]	0	0	0	0	0	0	0	0	0	0	88	-231	-502	290.854458039578	0	0	-1066	1066	32	0	0	0.0
2025-11-03	14:57:16[973]	0	0	0	0	0	0	0	0	0	0	86	-232	-499	290.339222112652	0	0	-1063	1063	32	0	0	0.0
2025-11-03	14:57:17[163]	0	0	0	0	0	0	0	0	0	0	98	-235	-502	292.63717485069	0	0	-1066	1066	32	0	0	0.0
2025-11-03	14:57:17[357]	0	0	0	0	0	0	0	0	0	0	93	-228	-510	292.190288896123	0	0	-1074	1074	32	0	0	0.0
2025-11-03	14:57:17[563]	0	0	0	0	0	0	0	0	0	0	92	-235	-503	291.379814597118	0	0	-1067	1067	32	0	0	0.0
2025-11-03	14:57:17[755]	0	0	0	0	0	0	0	0	0	0	93	-234	-503	291.674649119024	0	0	-1067	1067	32	0	0	0.0
2025-11-03	14:57:17[944]	0	0	0	0	0	0	0	0	0	0	90	-230	-505	291.370622269343	0	0	-1069	1069	32	0	0	0.0
2025-11-03	14:57:18[154]	0	0	0	0	0	0	0	0	0	0	88	-235	-504	290.529321443763	0	0	-1068	1068	32	0	0	0.0
2025-11-03	14:57:18[343]	0	0	0	0	0	0	0	0	0	0	89	-234	-508	290.823905724924	0	0	-1072	1072	32	0	0	0.0
2025-11-03	14:57:18[538]	0	0	0	0	0	0	0	0	0	0	93	-227	-512	292.278501846781	0	0	-1076	1076	32	0	0	0.0
2025-11-03	14:57:18[727]	0	0	0	0	0	0	0	0	0	0	95	-234	-510	292.09631162966	0	0	-1074	1074	32	0	0	0.0
2025-11-03	14:57:18[934]	0	0	0	0	0	0	0	0	0	0	85	-233	-502	290.042316744894	0	0	-1066	1066	32	0	0	0.0
2025-11-03	14:57:19[126]	0	0	0	0	0	0	0	0	0	0	94	-237	-508	291.634488532485	0	0	-1072	1072	32	0	0	0.0
2025-11-03	14:57:19[319]	0	0	0	0	0	0	0	0	0	0	88	-235	-498	290.529321443763	0	0	-1062	1062	32	0	0	0.0
2025-11-03	14:57:19[511]	0	0	0	0	0	0	0	0	0	0	89	-237	-502	290.582534251221	0	0	-1066	1066	32	0	0	0.0
2025-11-03	14:57:19[719]	0	0	0	0	0	0	0	0	0	0	88	-235	-504	290.529321443763	0	0	-1068	1068	32	0	0	0.0
2025-11-03	14:57:19[911]	0	0	0	0	0	0	0	0	0	0	91	-238	-509	290.924501744921	0	0	-1073	1073	32	0	0	0.0
2025-11-03	14:57:20[103]	0	0	0	0	0	0	0	0	0	0	92	-235	-511	291.379814597118	0	0	-1075	1075	32	0	0	0.0
2025-11-03	14:57:20[294]	0	0	0	0	0	0	0	0	0	0	93	-234	-510	291.674649119024	0	0	-1074	1074	32	0	0	0.0
2025-11-03	14:57:20[506]	0	0	0	0	0	0	0	0	0	0	83	-231	-511	289.763736353096	0	0	-1075	1075	32	0	0	0.0
2025-11-03	14:57:20[694]	0	0	0	0	0	0	0	0	0	0	87	-237	-506	290.157610894545	0	0	-1070	1070	32	0	0	0.0
2025-11-03	14:57:20[885]	0	0	0	0	0	0	0	0	0	0	94	-237	-499	291.634488532485	0	0	-1063	1063	32	0	0	0.0
2025-11-03	14:57:21[079]	0	0	0	0	0	0	0	0	0	0	93	-234	-495	291.674649119024	0	0	-1059	1059	32	0	0	0.0
2025-11-03	14:57:21[470]	0	0	0	0	0	0	0	0	0	0	96	-230	-500	292.65523270868	0	0	-1064	1064	32	0	0	0.0
2025-11-03	14:57:21[676]	0	0	0	0	0	0	0	0	0	0	94	-236	-507	291.71764378651	0	0	-1071	1071	32	0	0	0.0
2025-11-03	14:57:21[868]	0	0	0	0	0	0	0	0	0	0	98	-233	-508	292.811663858708	0	0	-1072	1072	32	0	0	0.0
2025-11-03	14:57:22[063]	0	0	0	0	0	0	0	0	0	0	90	-237	-502	290.794114955504	0	0	-1066	1066	32	0	0	0.0
2025-11-03	14:57:22[253]	0	0	0	0	0	0	0	0	0	0	91	-236	-498	291.086301061468	0	0	-1062	1062	32	0	0	0.0
2025-11-03	14:57:22[460]	0	0	0	0	0	0	0	0	0	0	93	-231	-500	291.929587750175	0	0	-1064	1064	32	0	0	0.0
2025-11-03	14:57:22[655]	0	0	0	0	0	0	0	0	0	0	91	-234	-503	291.250505507133	0	0	-1067	1067	32	0	0	0.0
2025-11-03	14:57:22[843]	0	0	0	0	0	0	0	0	0	0	97	-233	-503	292.602402047175	0	0	-1067	1067	32	0	0	0.0
2025-11-03	14:57:23[037]	0	0	0	0	0	0	0	0	0	0	90	-235	-508	290.955776730632	0	0	-1072	1072	32	0	0	0.0
2025-11-03	14:57:23[243]	0	0	0	0	0	0	0	0	0	0	90	-234	-507	291.037511025422	0	0	-1071	1071	32	0	0	0.0
2025-11-03	14:57:23[439]	0	0	0	0	0	0	0	0	0	0	91	-233	-511	291.333525622204	0	0	-1075	1075	32	0	0	0.0
2025-11-03	14:57:23[627]	0	0	0	0	0	0	0	0	0	0	93	-228	-513	292.190288896123	0	0	-1077	1077	32	0	0	0.0
2025-11-03	14:57:23[820]	0	0	0	0	0	0	0	0	0	0	92	-239	-506	291.053573761057	0	0	-1070	1070	32	0	0	0.0
2025-11-03	14:57:24[689]	0	0	0	0	0	0	0	0	0	0	90	-235	-507	290.955776730632	0	0	-1071	1071	32	0	0	0.0
2025-11-03	14:57:24[707]	0	0	0	0	0	0	0	0	0	0	96	-228	-505	292.833654177918	0	0	-1069	1069	32	0	0	0.0
2025-11-03	14:57:24[748]	0	0	0	0	0	0	0	0	0	0	90	-237	-502	290.794114955504	0	0	-1066	1066	32	0	0	0.0
2025-11-03	14:57:24[781]	0	0	0	0	0	0	0	0	0	0	92	-231	-502	291.715829595531	0	0	-1066	1066	32	0	0	0.0
2025-11-03	14:57:24[812]	0	0	0	0	0	0	0	0	0	0	92	-237	-505	291.215497906899	0	0	-1069	1069	32	0	0	0.0
2025-11-03	14:57:25[004]	0	0	0	0	0	0	0	0	0	0	95	-236	-506	291.926874496424	0	0	-1070	1070	32	0	0	0.0
2025-11-03	14:57:25[196]	0	0	0	0	0	0	0	0	0	0	88	-235	-499	290.529321443763	0	0	-1063	1063	32	0	0	0.0
2025-11-03	14:57:25[387]	0	0	0	0	0	0	0	0	0	0	88	-237	-507	290.37036510267	0	0	-1071	1071	32	0	0	0.0
2025-11-03	14:57:25[598]	0	0	0	0	0	0	0	0	0	0	90	-235	-506	290.955776730632	0	0	-1070	1070	32	0	0	0.0
2025-11-03	14:57:25[788]	0	0	0	0	0	0	0	0	0	0	86	-237	-508	289.944275094763	0	0	-1072	1072	32	0	0	0.0
2025-11-03	14:57:25[978]	0	0	0	0	0	0	0	0	0	0	81	-233	-508	289.169469857177	0	0	-1072	1072	32	0	0	0.0
2025-11-03	14:57:26[173]	0	0	0	0	0	0	0	0	0	0	89	-233	-510	290.905569336916	0	0	-1074	1074	32	0	0	0.0
2025-11-03	14:57:26[379]	0	0	0	0	0	0	0	0	0	0	91	-234	-502	291.250505507133	0	0	-1066	1066	32	0	0	0.0
2025-11-03	14:57:26[572]	0	0	0	0	0	0	0	0	0	0	92	-235	-503	291.379814597118	0	0	-1067	1067	32	0	0	0.0
2025-11-03	14:57:26[765]	0	0	0	0	0	0	0	0	0	0	93	-237	-508	291.425293798087	0	0	-1072	1072	32	0	0	0.0
2025-11-03	14:57:26[955]	0	0	0	0	0	0	0	0	0	0	95	-236	-503	291.926874496424	0	0	-1067	1067	32	0	0	0.0
2025-11-03	14:57:27[163]	0	0	0	0	0	0	0	0	0	0	87	-234	-510	290.394876082048	0	0	-1074	1074	32	0	0	0.0
2025-11-03	14:57:27[355]	0	0	0	0	0	0	0	0	0	0	91	-232	-512	291.417166352942	0	0	-1076	1076	32	0	0	0.0
2025-11-03	14:57:27[547]	0	0	0	0	0	0	0	0	0	0	90	-235	-505	290.955776730632	0	0	-1069	1069	32	0	0	0.0
2025-11-03	14:57:27[740]	0	0	0	0	0	0	0	0	0	0	85	-230	-509	290.282559088917	0	0	-1073	1073	32	0	0	0.0
2025-11-03	14:57:27[947]	0	0	0	0	0	0	0	0	0	0	86	-232	-507	290.339222112652	0	0	-1071	1071	32	0	0	0.0
2025-11-03	14:57:28[139]	0	0	0	0	0	0	0	0	0	0	96	-231	-505	292.567009077875	0	0	-1069	1069	32	0	0	0.0
2025-11-03	14:57:28[331]	0	0	0	0	0	0	0	0	0	0	87	-233	-504	290.47515711401	0	0	-1068	1068	32	0	0	0.0
2025-11-03	14:57:28[523]	0	0	0	0	0	0	0	0	0	0	85	-233	-504	290.042316744894	0	0	-1068	1068	32	0	0	0.0
2025-11-03	14:57:28[731]	0	0	0	0	0	0	0	0	0	0	94	-231	-508	292.142705699845	0	0	-1072	1072	32	0	0	0.0
2025-11-03	14:57:28[922]	0	0	0	0	0	0	0	0	0	0	91	-233	-501	291.333525622204	0	0	-1065	1065	32	0	0	0.0
2025-11-03	14:57:29[114]	0	0	0	0	0	0	0	0	0	0	93	-229	-504	292.102736878453	0	0	-1068	1068	32	0	0	0.0
2025-11-03	14:57:29[307]	0	0	0	0	0	0	0	0	0	0	94	-229	-510	292.317186517066	0	0	-1074	1074	32	0	0	0.0
2025-11-03	14:57:29[515]	0	0	0	0	0	0	0	0	0	0	90	-239	-504	290.634820302183	0	10	-1068	1068	32	0	0	0.0
2025-11-03	14:57:29[804]	0	0	0	0	0	0	0	0	0	0	90	-229	-505	291.455476907917	0	0	-1069	1069	32	0	0	0.0
2025-11-03	14:57:29[898]	0	0	0	0	0	0	0	0	0	0	92	-236	-509	291.297354049034	0	0	-1073	1073	32	0	0	0.0
2025-11-03	14:57:30[089]	0	0	0	0	0	0	0	0	0	0	82	-240	-509	288.863587555624	0	0	-1073	1073	32	0	0	0.0
2025-11-03	14:57:30[298]	0	0	0	0	0	0	0	0	0	0	85	-227	-504	290.528379466295	0	0	-1068	1068	32	0	0	0.0
2025-11-03	14:57:30[490]	0	0	0	0	0	0	0	0	0	0	93	-233	-505	291.758999590682	0	0	-1069	1069	32	0	0	0.0
2025-11-03	14:57:30[682]	0	0	0	0	0	0	0	0	0	0	93	-237	-508	291.425293798087	0	0	-1072	1072	32	0	0	0.0
2025-11-03	14:57:30[876]	0	0	0	0	0	0	0	0	0	0	93	-239	-500	291.262073401083	0	0	-1064	1064	32	0	0	0.0
2025-11-03	14:57:31[082]	0	0	0	0	0	0	0	0	0	0	91	-228	-503	291.758069268057	0	0	-1067	1067	32	0	0	0.0
2025-11-03	14:57:31[275]	0	0	0	0	0	0	0	0	0	0	90	-233	-509	291.119856153425	0	0	-1073	1073	32	0	0	0.0
2025-11-03	14:57:31[468]	0	0	0	0	0	0	0	0	0	0	86	-223	-502	291.089144336329	0	0	-1066	1066	32	0	0	0.0
2025-11-03	14:57:31[660]	0	0	0	0	0	0	0	0	0	0	89	-240	-503	290.346459398054	0	0	-1067	1067	32	0	0	0.0
2025-11-03	14:57:31[866]	0	0	0	0	0	0	0	0	0	0	92	-233	-498	291.546574489902	0	0	-1062	1062	32	0	0	0.0
2025-11-03	14:57:32[058]	0	0	0	0	0	0	0	0	0	0	87	-238	-505	290.079694056017	0	0	-1069	1069	32	0	0	0.0
2025-11-03	14:57:32[249]	0	0	0	0	0	0	0	0	0	0	89	-238	-505	290.503262388349	0	0	-1069	1069	32	0	0	0.0
2025-11-03	14:57:32[444]	0	0	0	0	0	0	0	0	0	0	87	-237	-503	290.157610894545	0	0	-1067	1067	32	0	0	0.0
2025-11-03	14:57:32[650]	0	0	0	0	0	0	0	0	0	0	93	-235	-505	291.590918958249	0	0	-1069	1069	32	0	0	0.0
2025-11-03	14:57:32[842]	0	0	0	0	0	0	0	0	0	0	92	-237	-506	291.215497906899	0	0	-1070	1070	32	0	0	0.0
2025-11-03	14:57:33[032]	0	0	0	0	0	0	0	0	0	0	91	-235	-506	291.168099470552	0	0	-1070	1070	32	0	0	0.0
2025-11-03	14:57:33[226]	0	0	0	0	0	0	0	0	0	0	90	-233	-508	291.119856153425	0	0	-1072	1072	32	0	0	0.0
2025-11-03	14:57:33[434]	0	0	0	0	0	0	0	0	0	0	88	-229	-509	291.020743165347	0	0	-1073	1073	32	0	0	0.0
2025-11-03	14:57:33[625]	0	0	0	0	0	0	0	0	0	0	87	-236	-504	290.236109338644	0	0	-1068	1068	32	0	0	0.0
2025-11-03	14:57:33[819]	0	0	0	0	0	0	0	0	0	0	90	-235	-502	290.955776730632	0	0	-1066	1066	32	0	0	0.0
2025-11-03	14:57:34[009]	0	0	0	0	0	0	0	0	0	0	87	-232	-506	290.556045219583	0	0	-1070	1070	32	0	0	0.0
2025-11-03	14:57:34[217]	0	0	0	0	0	0	0	0	0	0	87	-234	-502	290.394876082048	0	0	-1066	1066	32	0	0	0.0
2025-11-03	14:57:34[410]	0	0	0	0	0	0	0	0	0	0	90	-235	-497	290.955776730632	0	0	-1061	1061	32	0	0	0.0
2025-11-03	14:57:34[601]	0	0	0	0	0	0	0	0	0	0	88	-235	-498	290.529321443763	0	0	-1062	1062	32	0	0	0.0
2025-11-03	14:57:34[794]	0	0	0	0	0	0	0	0	0	0	86	-231	-501	290.420015609278	0	0	-1065	1065	32	0	0	0.0
2025-11-03	14:57:35[002]	0	0	0	0	0	0	0	0	0	0	89	-235	-509	290.74284961431	0	0	-1073	1073	32	0	0	0.0
2025-11-03	14:57:35[194]	0	0	0	0	0	0	0	0	0	0	83	-231	-510	289.763736353096	0	0	-1074	1074	32	0	0	0.0
2025-11-03	14:57:35[384]	0	0	0	0	0	0	0	0	0	0	87	-229	-510	290.80241829048	0	0	-1074	1074	32	0	0	0.0
2025-11-03	14:57:35[579]	0	0	0	0	0	0	0	0	0	0	95	-233	-503	292.18196626322	0	0	-1067	1067	32	0	0	0.0
2025-11-03	14:57:35[787]	0	0	0	0	0	0	0	0	0	0	88	-236	-507	290.449547610793	0	0	-1071	1071	32	0	0	0.0
2025-11-03	14:57:35[977]	0	0	0	0	0	0	0	0	0	0	88	-231	-502	290.854458039578	0	0	-1066	1066	32	0	0	0.0
2025-11-03	14:57:36[171]	0	0	0	0	0	0	0	0	0	0	91	-239	-509	290.844488354711	0	0	-1073	1073	32	0	0	0.0
2025-11-03	14:57:36[361]	0	0	0	0	0	0	0	0	0	0	90	-241	-507	290.477843567262	0	0	-1071	1071	32	0	0	0.0
2025-11-03	14:57:36[568]	0	0	0	0	0	0	0	0	0	0	88	-237	-503	290.37036510267	0	0	-1067	1067	32	0	0	0.0
2025-11-03	14:57:36[760]	0	0	0	0	0	0	0	0	0	0	88	-237	-501	290.37036510267	0	0	-1065	1065	32	0	0	0.0
2025-11-03	14:57:36[952]	0	0	0	0	0	0	0	0	0	0	88	-234	-508	290.609692937532	0	0	-1072	1072	32	0	0	0.0
2025-11-03	14:57:37[145]	0	0	0	0	0	0	0	0	0	0	93	-231	-499	291.929587750175	0	0	-1063	1063	32	0	0	0.0
2025-11-03	14:57:37[353]	0	0	0	0	0	0	0	0	0	0	95	-239	-500	291.67730329883	0	0	-1064	1064	32	0	0	0.0
2025-11-03	14:57:37[545]	0	0	0	0	0	0	0	0	0	0	87	-236	-501	290.236109338644	0	0	-1065	1065	32	0	0	0.0
2025-11-03	14:57:37[739]	0	0	0	0	0	0	0	0	0	0	89	-239	-505	290.424572803445	0	0	-1069	1069	32	0	0	0.0
2025-11-03	14:57:37[929]	0	0	0	0	0	0	0	0	0	0	93	-236	-500	291.507802644519	0	0	-1064	1064	32	0	0	0.0
2025-11-03	14:57:38[136]	0	0	0	0	0	0	0	0	0	0	94	-235	-500	291.801409486352	0	0	-1064	1064	32	0	0	0.0
2025-11-03	14:57:38[331]	0	0	0	0	0	0	0	0	0	0	93	-235	-512	291.590918958249	0	0	-1076	1076	32	0	0	0.0
2025-11-03	14:57:38[521]	0	0	0	0	0	0	0	0	0	0	93	-239	-499	291.262073401083	0	0	-1063	1063	32	0	0	0.0
2025-11-03	14:57:38[713]	0	0	0	0	0	0	0	0	0	0	80	-233	-510	288.949787927114	0	0	-1074	1074	32	0	0	0.0
2025-11-03	14:57:38[920]	0	0	0	0	0	0	0	0	0	0	92	-241	-503	290.893992813027	0	0	-1067	1067	32	0	0	0.0
2025-11-03	14:57:39[111]	0	0	0	0	0	0	0	0	0	0	86	-234	-503	290.179458664511	0	0	-1067	1067	32	0	0	0.0
2025-11-03	14:57:39[304]	0	0	0	0	0	0	0	0	0	0	92	-231	-509	291.715829595531	0	0	-1073	1073	32	0	0	0.0
2025-11-03	14:57:39[498]	0	0	0	0	0	0	0	0	0	0	86	-232	-510	290.339222112652	0	0	-1074	1074	32	0	0	0.0
2025-11-03	14:57:39[706]	0	0	0	0	0	0	0	0	0	0	92	-231	-508	291.715829595531	0	0	-1072	1072	32	0	0	0.0
2025-11-03	14:57:39[896]	0	0	0	0	0	0	0	0	0	0	92	-231	-509	291.715829595531	0	0	-1073	1073	32	0	0	0.0
2025-11-03	14:57:40[088]	0	0	0	0	0	0	0	0	0	0	90	-234	-495	291.037511025422	0	0	-1059	1059	32	0	0	0.0
2025-11-03	14:57:40[280]	0	0	0	0	0	0	0	0	0	0	91	-238	-504	290.924501744921	0	0	-1068	1068	32	0	0	0.0
2025-11-03	14:57:40[488]	0	0	0	0	0	0	0	0	0	0	94	-232	-504	292.056433527039	0	0	-1068	1068	32	0	0	0.0
2025-11-03	14:57:40[670]	0	0	0	0	0	0	0	0	0	0	87	-230	-496	290.719669085615	0	0	-1060	1060	32	0	0	0.0
2025-11-03	14:57:40[879]	0	0	0	0	0	0	0	0	0	0	93	-235	-499	291.590918958249	0	0	-1063	1063	32	0	0	0.0
2025-11-03	14:57:41[070]	0	0	0	0	0	0	0	0	0	0	88	-232	-507	290.772254682046	0	0	-1071	1071	32	0	0	0.0
2025-11-03	14:57:41[262]	0	0	0	0	0	0	0	0	0	0	87	-235	-505	290.315195626732	0	0	-1069	1069	32	0	0	0.0
2025-11-03	14:57:41[939]	0	0	0	0	0	0	0	0	0	0	90	-237	-493	290.794114955504	0	0	-1057	1057	32	0	0	0.0
2025-11-03	14:57:41[982]	0	0	0	0	0	0	0	0	0	0	86	-234	-506	290.179458664511	0	0	-1070	1070	32	0	0	0.0
2025-11-03	14:57:42[036]	0	0	0	0	0	0	0	0	0	0	91	-239	-501	290.844488354711	0	0	-1065	1065	32	0	0	0.0
2025-11-03	14:57:42[099]	0	0	0	0	0	0	0	0	0	0	86	-232	-501	290.339222112652	0	0	-1065	1065	32	0	0	0.0
2025-11-03	14:57:42[237]	0	0	0	0	0	0	0	0	0	0	95	-240	-498	291.595310448968	0	0	-1062	1062	32	0	0	0.0
2025-11-03	14:57:42[447]	0	0	0	0	0	0	0	0	0	0	94	-236	-506	291.71764378651	0	0	-1070	1070	32	0	0	0.0
2025-11-03	14:57:42[638]	0	0	0	0	0	0	0	0	0	0	87	-235	-498	290.315195626732	0	0	-1062	1062	32	0	0	0.0
2025-11-03	14:57:42[829]	0	0	0	0	0	0	0	0	0	0	90	-236	-497	290.87464682645	0	0	-1061	1061	32	0	0	0.0
2025-11-03	14:57:43[020]	0	0	0	0	0	0	0	0	0	0	89	-231	-507	291.070745232549	0	0	-1071	1071	32	0	0	0.0
2025-11-03	14:57:43[228]	0	0	0	0	0	0	0	0	0	0	92	-233	-511	291.546574489902	0	0	-1075	1075	32	0	0	0.0
2025-11-03	14:57:43[421]	0	0	0	0	0	0	0	0	0	0	83	-225	-500	290.248457362088	0	0	-1064	1064	32	0	0	0.0
2025-11-03	14:57:43[613]	0	0	0	0	0	0	0	0	0	0	97	-231	-515	292.778188774611	0	0	-1079	1079	32	0	0	0.0
2025-11-03	14:57:43[807]	0	0	0	0	0	0	0	0	0	0	81	-217	-513	290.469189632482	0	0	-1077	1077	32	0	0	0.0
2025-11-03	14:57:44[015]	0	0	0	0	0	0	0	0	0	0	91	-224	-496	292.109448343752	0	0	-1060	1060	32	0	0	0.0
2025-11-03	14:57:44[204]	0	0	0	0	0	0	0	0	0	0	89	-231	-505	291.070745232549	0	0	-1069	1069	32	0	0	0.0
2025-11-03	14:57:44[397]	0	0	0	0	0	0	0	0	0	0	81	-228	-507	289.558251536997	0	0	-1071	1071	32	0	0	0.0
2025-11-03	14:57:44[591]	0	0	0	0	0	0	0	0	0	0	79	-232	-508	288.804593884769	0	0	-1072	1072	32	0	0	0.0
2025-11-03	14:57:44[784]	0	0	0	0	0	0	0	0	0	0	90	-230	-504	291.370622269343	0	0	-1068	1068	32	0	0	0.0
2025-11-03	14:57:44[992]	0	0	0	0	0	0	0	0	0	0	87	-222	-498	291.399810132082	0	0	-1062	1062	32	0	0	0.0
2025-11-03	14:57:45[183]	0	0	0	0	0	0	0	0	0	0	68	-258	-488	284.765423109929	0	0	-1052	1052	32	0	0	0.0
2025-11-03	14:57:45[376]	0	0	0	0	0	0	0	0	0	0	72	-262	-509	285.366085212823	0	0	-1073	1073	32	0	0	0.0
2025-11-03	14:57:45[568]	0	0	0	0	0	0	0	0	0	0	68	-259	-518	284.710890850174	0	0	-1082	1082	32	0	0	0.0
2025-11-03	14:57:45[775]	0	0	0	0	0	0	0	0	0	0	76	-263	-518	286.117886437051	0	0	-1082	1082	32	0	0	0.0
2025-11-03	14:57:45[969]	0	0	0	0	0	0	0	0	0	0	76	-257	-521	286.473993938189	0	0	-1085	1085	32	0	0	0.0
2025-11-03	14:57:46[159]	0	0	0	0	0	0	0	0	0	0	71	-259	-517	285.329966184339	0	0	-1081	1081	32	0	0	0.0
2025-11-03	14:57:46[351]	0	0	0	0	0	0	0	0	0	0	77	-259	-518	286.557071375637	0	0	-1082	1082	32	0	0	0.0
2025-11-03	14:57:46[559]	0	0	0	0	0	0	0	0	0	0	77	-257	-514	286.678788761991	0	0	-1078	1078	32	0	0	0.0
2025-11-03	14:57:46[751]	0	0	0	0	0	0	0	0	0	0	80	-257	-525	287.290531998784	0	0	-1089	1089	32	0	0	0.0
2025-11-03	14:57:46[943]	0	0	0	0	0	0	0	0	0	0	78	-253	-510	287.134551114913	0	0	-1074	1074	32	0	0	0.0
2025-11-03	14:57:47[135]	0	0	0	0	0	0	0	0	0	0	72	-259	-523	285.535519953097	0	0	-1087	1087	32	0	0	0.0
2025-11-03	14:57:47[348]	0	0	0	0	0	0	0	0	0	0	80	-260	-524	287.102728969052	254	0	-1088	1088	32	0	0	0.0
2025-11-03	14:57:47[537]	0	0	0	0	0	0	0	0	0	0	79	-259	-523	286.962717839755	0	0	-1087	1087	32	0	0	0.0
2025-11-03	14:57:47[727]	0	0	0	0	0	0	0	0	0	0	75	-259	-515	286.149710091744	0	0	-1079	1079	32	0	0	0.0
2025-11-03	14:57:47[918]	0	0	0	0	0	0	0	0	0	0	76	-254	-518	286.657845556579	0	0	-1082	1082	32	0	0	0.0
2025-11-03	14:57:48[130]	0	0	0	0	0	0	0	0	0	0	73	-252	-517	286.155379493031	0	0	-1081	1081	32	0	0	0.0
2025-11-03	14:57:48[319]	0	0	0	0	0	0	0	0	0	0	70	-255	-518	285.350136492424	0	0	-1082	1082	32	0	0	0.0
2025-11-03	14:57:48[512]	0	0	0	0	0	0	0	0	0	0	70	-257	-519	285.236252790169	0	0	-1083	1083	32	0	0	0.0
2025-11-03	14:57:48[703]	0	0	0	0	0	0	0	0	0	0	77	-258	-513	286.61771347506	0	0	-1077	1077	32	0	0	0.0
2025-11-03	14:57:48[912]	0	0	0	0	0	0	0	0	0	0	79	-262	-509	286.779462283803	0	0	-1073	1073	32	0	0	0.0
2025-11-03	14:57:49[103]	0	0	0	0	0	0	0	0	0	0	82	-257	-514	287.696122748514	0	0	-1078	1078	32	0	0	0.0
2025-11-03	14:57:49[295]	0	0	0	0	0	0	0	0	0	0	78	-253	-516	287.134551114913	0	0	-1080	1080	32	0	0	0.0
2025-11-03	14:57:49[488]	0	0	0	0	0	0	0	0	0	0	77	-254	-518	286.864659233132	0	0	-1082	1082	32	0	0	0.0
2025-11-03	14:57:49[695]	0	0	0	0	0	0	0	0	0	0	74	-256	-519	286.122598777717	0	0	-1083	1083	32	0	0	0.0
2025-11-03	14:57:49[886]	0	0	0	0	0	0	0	0	0	0	80	-262	-516	286.979710844586	0	0	-1080	1080	32	0	0	0.0
2025-11-03	14:57:50[081]	0	0	0	0	0	0	0	0	0	0	79	-252	-517	287.405794018616	0	0	-1081	1081	32	0	0	0.0
2025-11-03	14:57:50[271]	0	0	0	0	0	0	0	0	0	0	80	-255	-516	287.417970792203	0	0	-1080	1080	32	0	0	0.0
2025-11-03	14:57:50[482]	0	0	0	0	0	0	0	0	0	0	72	-256	-513	285.708637829016	0	0	-1077	1077	32	0	0	0.0
2025-11-03	14:57:50[670]	0	0	0	0	0	0	0	0	0	0	77	-256	-515	286.740301754385	0	0	-1079	1079	32	0	0	0.0
2025-11-03	14:57:50[864]	0	0	0	0	0	0	0	0	0	0	76	-261	-515	286.234912282271	0	0	-1079	1079	32	0	0	0.0
2025-11-03	14:57:51[055]	0	0	0	0	0	0	0	0	0	0	73	-260	-515	285.68310779639	0	0	-1079	1079	32	0	0	0.0
2025-11-03	14:57:51[262]	0	0	0	0	0	0	0	0	0	0	80	-260	-521	287.102728969052	0	0	-1085	1085	32	0	0	0.0
2025-11-03	14:57:51[455]	0	0	0	0	0	0	0	0	0	0	75	-257	-515	286.268765260992	0	0	-1079	1079	32	0	0	0.0
2025-11-03	14:57:51[646]	0	0	0	0	0	0	0	0	0	0	82	-260	-513	287.504472726844	0	0	-1077	1077	32	0	0	0.0
2025-11-03	14:57:51[837]	0	0	0	0	0	0	0	0	0	0	80	-252	-512	287.612577842924	0	0	-1076	1076	32	0	0	0.0
2025-11-03	14:57:52[046]	0	0	0	0	0	0	0	0	0	0	80	-254	-519	287.482375182122	0	0	-1083	1083	32	0	0	0.0
2025-11-03	14:57:52[238]	0	0	0	0	0	0	0	0	0	0	84	-257	-521	288.099889604313	0	0	-1085	1085	32	0	0	0.0
2025-11-03	14:57:52[425]	0	0	0	0	0	0	0	0	0	0	80	-257	-521	287.290531998784	0	0	-1085	1085	32	0	0	0.0
2025-11-03	14:57:52[633]	0	0	0	0	0	0	0	0	0	0	81	-259	-519	287.366619883259	0	0	-1083	1083	32	0	0	0.0
2025-11-03	14:57:52[827]	0	0	0	0	0	0	0	0	0	0	79	-255	-517	287.213186132292	0	0	-1081	1081	32	0	0	0.0
2025-11-03	14:57:53[019]	0	0	0	0	0	0	0	0	0	0	85	-260	-514	288.103763034507	0	0	-1078	1078	32	0	0	0.0
2025-11-03	14:57:53[211]	0	0	0	0	0	0	0	0	0	0	77	-257	-520	286.678788761991	0	0	-1084	1084	32	0	0	0.0
2025-11-03	14:57:53[419]	0	0	0	0	0	0	0	0	0	0	82	-261	-515	287.441479966639	0	0	-1079	1079	32	0	0	0.0
2025-11-03	14:57:53[610]	0	0	0	0	0	0	0	0	0	0	75	-254	-516	286.450584184273	0	0	-1080	1080	32	0	0	0.0
2025-11-03	14:57:53[803]	0	0	0	0	0	0	0	0	0	0	73	-254	-517	286.034734362065	0	0	-1081	1081	32	0	0	0.0
2025-11-03	14:57:53[993]	0	0	0	0	0	0	0	0	0	0	73	-254	-512	286.034734362065	0	0	-1076	1076	32	0	0	0.0
2025-11-03	14:57:54[203]	0	0	0	0	0	0	0	0	0	0	82	-254	-521	287.891877129198	0	0	-1085	1085	32	0	0	0.0
2025-11-03	14:57:54[393]	0	0	0	0	0	0	0	0	0	0	79	-253	-511	287.341128894973	0	0	-1075	1075	32	0	0	0.0
2025-11-03	14:57:54[585]	0	0	0	0	0	0	0	0	0	0	73	-259	-522	285.740664533066	0	0	-1086	1086	32	0	0	0.0
2025-11-03	14:57:54[776]	0	0	0	0	0	0	0	0	0	0	80	-258	-518	287.227488226451	0	0	-1082	1082	32	0	0	0.0
2025-11-03	14:57:54[986]	0	0	0	0	0	0	0	0	0	0	75	-255	-522	286.389540334035	0	0	-1086	1086	32	0	0	0.0
2025-11-03	14:57:55[177]	0	0	0	0	0	0	0	0	0	0	82	-258	-514	287.631789571112	0	0	-1078	1078	32	0	0	0.0
2025-11-03	14:57:55[370]	0	0	0	0	0	0	0	0	0	0	79	-260	-519	286.901202437106	0	0	-1083	1083	32	0	0	0.0
2025-11-03	14:57:55[561]	0	0	0	0	0	0	0	0	0	0	81	-262	-512	287.179532917035	0	0	-1076	1076	32	0	0	0.0
2025-11-03	14:57:55[769]	0	0	0	0	0	0	0	0	0	0	72	-252	-518	285.945395900923	0	0	-1082	1082	32	0	0	0.0
2025-11-03	14:57:55[960]	0	0	0	0	0	0	0	0	0	0	79	-254	-518	287.276927872503	0	0	-1082	1082	32	0	0	0.0
2025-11-03	14:57:56[152]	0	0	0	0	0	0	0	0	0	0	74	-257	-511	286.063106633133	0	0	-1075	1075	32	0	0	0.0
2025-11-03	14:57:56[344]	0	0	0	0	0	0	0	0	0	0	78	-259	-519	286.760110832393	0	0	-1083	1083	32	0	0	0.0
2025-11-03	14:57:56[554]	0	0	0	0	0	0	0	0	0	0	78	-253	-510	287.134551114913	0	0	-1074	1074	32	0	0	0.0
2025-11-03	14:57:56[744]	0	0	0	0	0	0	0	0	0	0	81	-259	-517	287.366619883259	0	0	-1081	1081	32	0	0	0.0
2025-11-03	14:57:56[937]	0	0	0	0	0	0	0	0	0	0	77	-253	-520	286.927513064147	0	0	-1084	1084	32	0	0	0.0
2025-11-03	14:57:57[129]	0	0	0	0	0	0	0	0	0	0	75	-256	-518	286.328935554952	0	0	-1082	1082	32	0	0	0.0
2025-11-03	14:57:57[338]	0	0	0	0	0	0	0	0	0	0	78	-253	-520	287.134551114913	0	0	-1084	1084	32	0	0	0.0
2025-11-03	14:57:57[528]	0	0	0	0	0	0	0	0	0	0	76	-259	-511	286.353603199182	0	0	-1075	1075	32	0	0	0.0
2025-11-03	14:57:58[086]	0	0	0	0	0	0	0	0	0	0	79	-256	-512	287.149898919575	0	0	-1076	1076	32	0	0	0.0
2025-11-03	14:57:58[139]	0	0	0	0	0	0	0	0	0	0	71	-254	-517	285.617142422224	0	0	-1081	1081	32	0	0	0.0
2025-11-03	14:57:58[190]	0	0	0	0	0	0	0	0	0	0	80	-256	-514	287.354024636261	0	0	-1078	1078	32	0	0	0.0
2025-11-03	14:57:58[316]	0	0	0	0	0	0	0	0	0	0	79	-256	-521	287.149898919575	0	0	-1085	1085	32	0	0	0.0
2025-11-03	14:57:58[506]	0	0	0	0	0	0	0	0	0	0	80	-260	-519	287.102728969052	0	0	-1083	1083	32	0	0	0.0
2025-11-03	14:57:58[696]	0	0	0	0	0	0	0	0	0	0	74	-245	-517	286.806459265127	0	0	-1081	1081	32	0	0	0.0
2025-11-03	14:57:58[904]	0	0	0	0	0	0	0	0	0	0	73	-257	-521	285.857022018028	0	0	-1085	1085	32	0	0	0.0
2025-11-03	14:57:59[096]	0	0	0	0	0	0	0	0	0	0	72	-262	-517	285.366085212823	0	0	-1081	1081	32	0	0	0.0
2025-11-03	14:57:59[289]	0	0	0	0	0	0	0	0	0	0	83	-257	-511	287.89823590832	0	0	-1075	1075	32	0	0	0.0
2025-11-03	14:57:59[480]	0	0	0	0	0	0	0	0	0	0	75	-255	-518	286.389540334035	0	0	-1082	1082	32	0	0	0.0
2025-11-03	14:57:59[691]	0	0	0	0	0	0	0	0	0	0	75	-253	-521	286.512071754406	0	0	-1085	1085	32	0	0	0.0
2025-11-03	14:57:59[881]	0	0	0	0	0	0	0	0	0	0	72	-249	-521	286.12757582596	0	0	-1085	1085	32	0	0	0.0
2025-11-03	14:58:00[073]	0	0	0	0	0	0	0	0	0	0	81	-256	-514	287.557696844849	0	0	-1078	1078	32	0	0	0.0
2025-11-03	14:58:00[266]	0	0	0	0	0	0	0	0	0	0	76	-258	-518	286.413583882566	0	0	-1082	1082	32	0	0	0.0
2025-11-03	14:58:00[476]	0	0	0	0	0	0	0	0	0	0	81	-252	-519	287.818888914523	0	0	-1083	1083	32	0	0	0.0
2025-11-03	14:58:00[663]	0	0	0	0	0	0	0	0	0	0	71	-250	-519	285.854546432378	0	0	-1083	1083	32	0	0	0.0
2025-11-03	14:58:00[855]	0	0	0	0	0	0	0	0	0	0	78	-259	-514	286.760110832393	0	0	-1078	1078	32	0	0	0.0
2025-11-03	14:58:01[048]	0	0	0	0	0	0	0	0	0	0	75	-257	-518	286.268765260992	0	0	-1082	1082	32	0	0	0.0
2025-11-03	14:58:01[256]	0	0	0	0	0	0	0	0	0	0	76	-251	-519	286.845726915791	0	0	-1083	1083	32	0	0	0.0
2025-11-03	14:58:01[448]	0	0	0	0	0	0	0	0	0	0	78	-253	-518	287.134551114913	0	0	-1082	1082	32	0	0	0.0
2025-11-03	14:58:01[641]	0	0	0	0	0	0	0	0	0	0	76	-256	-521	286.534837857345	0	0	-1085	1085	32	0	0	0.0
2025-11-03	14:58:01[830]	0	0	0	0	0	0	0	0	0	0	79	-255	-521	287.213186132292	0	0	-1085	1085	32	0	0	0.0
2025-11-03	14:58:02[042]	0	0	0	0	0	0	0	0	0	0	78	-256	-526	286.945323377379	0	0	-1090	1090	32	0	0	0.0
2025-11-03	14:58:02[231]	0	0	0	0	0	0	0	0	0	0	74	-255	-516	286.182521415205	0	0	-1080	1080	32	0	0	0.0
2025-11-03	14:58:02[423]	0	0	0	0	0	0	0	0	0	0	75	-251	-516	286.636396969057	0	0	-1080	1080	32	0	0	0.0
2025-11-03	14:58:02[614]	0	0	0	0	0	0	0	0	0	0	78	-257	-517	286.88314589049	0	0	-1081	1081	32	0	0	0.0
2025-11-03	14:58:02[903]	0	0	0	0	0	0	0	0	0	0	80	-252	-514	287.612577842924	0	0	-1078	1078	32	0	0	0.0
2025-11-03	14:58:03[015]	0	0	0	0	0	0	0	0	0	0	75	-255	-522	286.389540334035	0	0	-1086	1086	32	0	0	0.0
2025-11-03	14:58:03[207]	0	0	0	0	0	0	0	0	0	0	77	-256	-517	286.740301754385	0	0	-1081	1081	32	0	0	0.0
2025-11-03	14:58:03[399]	0	0	0	0	0	0	0	0	0	0	80	-263	-517	286.918843707349	0	0	-1081	1081	32	0	0	0.0
2025-11-03	14:58:03[610]	0	0	0	0	0	0	0	0	0	0	77	-256	-512	286.740301754385	0	0	-1076	1076	32	0	0	0.0
2025-11-03	14:58:03[801]	0	0	0	0	0	0	0	0	0	0	78	-250	-515	287.327921777241	0	0	-1079	1079	32	0	0	0.0
2025-11-03	14:58:03[991]	0	0	0	0	0	0	0	0	0	0	79	-255	-523	287.213186132292	0	0	-1087	1087	32	0	0	0.0
2025-11-03	14:58:04[186]	0	0	0	0	0	0	0	0	0	0	73	-255	-521	285.975067456796	0	0	-1085	1085	32	0	0	0.0
2025-11-03	14:58:04[390]	0	0	0	0	0	0	0	0	0	0	84	-261	-524	287.840204307704	0	0	-1088	1088	32	0	0	0.0
2025-11-03	14:58:04[584]	0	0	0	0	0	0	0	0	0	0	86	-258	-516	288.434948822922	0	0	-1080	1080	32	0	0	0.0
2025-11-03	14:58:04[775]	0	0	0	0	0	0	0	0	0	0	77	-256	-514	286.740301754385	0	0	-1078	1078	32	0	0	0.0
2025-11-03	14:58:04[967]	0	0	0	0	0	0	0	0	0	0	75	-257	-520	286.268765260992	0	0	-1084	1084	32	0	0	0.0
2025-11-03	14:58:05[176]	0	0	0	0	0	0	0	0	0	0	77	-257	-524	286.678788761991	0	0	-1088	1088	32	0	0	0.0
2025-11-03	14:58:05[367]	0	0	0	0	0	0	0	0	0	0	78	-254	-517	287.071021291319	0	0	-1081	1081	32	0	0	0.0
2025-11-03	14:58:05[558]	0	0	0	0	0	0	0	0	0	0	78	-259	-518	286.760110832393	0	0	-1082	1082	32	0	0	0.0
2025-11-03	14:58:05[753]	0	0	0	0	0	0	0	0	0	0	79	-258	-519	287.024669372235	0	0	-1083	1083	32	0	0	0.0
2025-11-03	14:58:05[945]	0	0	0	0	0	0	0	0	0	0	81	-257	-520	287.493553599901	0	0	-1084	1084	32	0	0	0.0
2025-11-03	14:58:06[152]	0	0	0	0	0	0	0	0	0	0	78	-256	-518	286.945323377379	0	0	-1082	1082	32	0	0	0.0
2025-11-03	14:58:06[343]	0	0	0	0	0	0	0	0	0	0	79	-259	-523	286.962717839755	0	0	-1087	1087	32	0	0	0.0
2025-11-03	14:58:06[537]	0	0	0	0	0	0	0	0	0	0	72	-258	-516	285.592810939266	0	0	-1080	1080	32	0	0	0.0
2025-11-03	14:58:06[727]	0	0	0	0	0	0	0	0	0	0	70	-256	-515	285.292987685986	0	0	-1079	1079	32	0	0	0.0
2025-11-03	14:58:06[934]	0	0	0	0	0	0	0	0	0	0	80	-256	-520	287.354024636261	0	0	-1084	1084	32	0	0	0.0
2025-11-03	14:58:07[129]	0	0	0	0	0	0	0	0	0	0	72	-252	-519	285.945395900923	0	0	-1083	1083	32	0	0	0.0
2025-11-03	14:58:07[319]	0	0	0	0	0	0	0	0	0	0	76	-258	-511	286.413583882566	0	0	-1075	1075	32	0	0	0.0
2025-11-03	14:58:07[510]	0	0	0	0	0	0	0	0	0	0	77	-255	-515	286.802257031148	0	0	-1079	1079	32	0	0	0.0
2025-11-03	14:58:07[718]	0	0	0	0	0	0	0	0	0	0	80	-258	-519	287.227488226451	0	0	-1083	1083	32	0	0	0.0
2025-11-03	14:58:07[909]	0	0	0	0	0	0	0	0	0	0	80	-257	-521	287.290531998784	0	0	-1085	1085	32	0	0	0.0
2025-11-03	14:58:08[103]	0	0	0	0	0	0	0	0	0	0	78	-256	-517	286.945323377379	0	0	-1081	1081	32	0	0	0.0
2025-11-03	14:58:09[470]	0	0	0	0	0	0	0	0	0	0	79	-254	-518	287.276927872503	0	0	-1082	1082	32	0	0	0.0
2025-11-03	14:58:09[525]	0	0	0	0	0	0	0	0	0	0	79	-253	-518	287.341128894973	0	0	-1082	1082	32	0	0	0.0
2025-11-03	14:58:09[575]	0	0	0	0	0	0	0	0	0	0	79	-256	-517	287.149898919575	0	0	-1081	1081	32	0	0	0.0
2025-11-03	14:58:09[630]	0	0	0	0	0	0	0	0	0	0	81	-254	-524	287.687359489758	0	0	-1088	1088	32	0	0	0.0
2025-11-03	14:58:09[698]	0	0	0	0	0	0	0	0	0	0	77	-257	-515	286.678788761991	0	0	-1079	1079	32	0	0	0.0
2025-11-03	14:58:09[750]	0	0	0	0	0	0	0	0	0	0	71	-252	-517	285.734971633671	0	0	-1081	1081	32	0	0	0.0
2025-11-03	14:58:09[799]	0	0	0	0	0	0	0	0	0	0	80	-261	-511	287.041004479585	0	0	-1075	1075	32	0	0	0.0
2025-11-03	14:58:09[846]	0	0	0	0	0	0	0	0	0	0	75	-262	-516	285.974274819603	0	0	-1080	1080	32	0	0	0.0
2025-11-03	14:58:09[897]	0	0	0	0	0	0	0	0	0	0	79	-251	-517	287.470928127543	0	0	-1081	1081	32	0	0	0.0
2025-11-03	14:58:10[069]	0	0	0	0	0	0	0	0	0	0	74	-255	-514	286.182521415205	0	0	-1078	1078	32	0	0	0.0
2025-11-03	14:58:10[261]	0	0	0	0	0	0	0	0	0	0	82	-259	-523	287.567907756013	0	0	-1087	1087	32	0	0	0.0
2025-11-03	14:58:10[453]	0	0	0	0	0	0	0	0	0	0	76	-253	-515	286.720018627395	0	0	-1079	1079	32	0	0	0.0
2025-11-03	14:58:10[644]	0	0	0	0	0	0	0	0	0	0	74	-259	-519	285.945395900923	0	0	-1083	1083	32	0	0	0.0
2025-11-03	14:58:10[853]	0	0	0	0	0	0	0	0	0	0	77	-262	-518	286.377699916862	0	0	-1082	1082	32	0	0	0.0
2025-11-03	14:58:11[048]	0	0	0	0	0	0	0	0	0	0	82	-254	-512	287.891877129198	0	0	-1076	1076	32	0	0	0.0
2025-11-03	14:58:11[239]	0	0	0	0	0	0	0	0	0	0	76	-259	-516	286.353603199182	0	0	-1080	1080	32	0	0	0.0
2025-11-03	14:58:11[430]	0	0	0	0	0	0	0	0	0	0	76	-255	-519	286.596120192158	0	0	-1083	1083	32	0	0	0.0
2025-11-03	14:58:11[636]	0	0	0	0	0	0	0	0	0	0	76	-259	-518	286.353603199182	0	0	-1082	1082	32	0	0	0.0
2025-11-03	14:58:11[831]	0	0	0	0	0	0	0	0	0	0	71	-251	-522	285.794538483565	0	0	-1086	1086	32	0	0	0.0
2025-11-03	14:58:12[023]	0	0	0	0	0	0	0	0	0	0	79	-257	-512	287.087061542723	0	0	-1076	1076	32	0	0	0.0
2025-11-03	14:58:12[213]	0	0	0	0	0	0	0	0	0	0	79	-259	-519	286.962717839755	0	0	-1083	1083	32	0	0	0.0
2025-11-03	14:58:12[421]	0	0	0	0	0	0	0	0	0	0	79	-248	-515	287.669194207415	0	0	-1079	1079	32	0	0	0.0
2025-11-03	14:58:12[613]	0	0	0	0	0	0	0	0	0	0	80	-258	-521	287.227488226451	0	0	-1085	1085	32	0	0	0.0
2025-11-03	14:58:12[803]	0	0	0	0	0	0	0	0	0	0	77	-261	-521	286.437068966445	0	0	-1085	1085	32	0	0	0.0
2025-11-03	14:58:12[997]	0	0	0	0	0	0	0	0	0	0	75	-255	-517	286.389540334035	0	0	-1081	1081	32	0	0	0.0
2025-11-03	14:58:13[204]	0	0	0	0	0	0	0	0	0	0	75	-258	-520	286.209024927808	0	0	-1084	1084	32	0	0	0.0
2025-11-03	14:58:13[396]	0	0	0	0	0	0	0	0	0	0	75	-253	-520	286.512071754406	0	0	-1084	1084	32	0	0	0.0
2025-11-03	14:58:13[588]	0	0	0	0	0	0	0	0	0	0	78	-258	-514	286.821409890041	0	0	-1078	1078	32	0	0	0.0
2025-11-03	14:58:13[780]	0	0	0	0	0	0	0	0	0	0	84	-255	-520	288.232491080704	0	0	-1084	1084	32	0	0	0.0
2025-11-03	14:58:13[988]	0	0	0	0	0	0	0	0	0	0	77	-254	-516	286.864659233132	0	0	-1080	1080	32	0	0	0.0
2025-11-03	14:58:14[181]	0	0	0	0	0	0	0	0	0	0	76	-255	-522	286.596120192158	0	0	-1086	1086	32	0	0	0.0
2025-11-03	14:58:14[372]	0	0	0	0	0	0	0	0	0	0	79	-259	-508	286.962717839755	0	0	-1072	1072	32	0	0	0.0
2025-11-03	14:58:14[569]	0	0	0	0	0	0	0	0	0	0	83	-512	-518	279.208079530249	0	0	-1082	1082	32	0	0	0.0
2025-11-03	14:58:14[774]	0	0	0	0	0	0	0	0	0	0	78	-255	-521	287.007946955407	0	0	-1085	1085	32	0	0	0.0
2025-11-03	14:58:14[964]	0	0	0	0	0	0	0	0	0	0	76	-249	-523	286.973283768193	0	0	-1087	1087	32	0	0	0.0
2025-11-03	14:58:15[156]	0	0	0	0	0	0	0	0	0	0	78	-253	-519	287.134551114913	0	0	-1083	1083	32	0	0	0.0
2025-11-03	14:58:15[352]	0	0	0	0	0	0	0	0	0	0	86	-254	-512	288.705209929416	0	0	-1076	1076	32	0	0	0.0
2025-11-03	14:58:15[558]	0	0	0	0	0	0	0	0	0	0	79	-257	-515	287.087061542723	0	253	-1079	1079	32	0	0	0.0
2025-11-03	14:58:15[748]	0	0	0	0	0	0	0	0	0	0	77	-257	-516	286.678788761991	0	0	-1080	1080	32	0	0	0.0
2025-11-03	14:58:15[946]	0	0	0	0	0	0	0	0	0	0	76	-249	-518	286.973283768193	0	0	-1082	1082	32	0	0	0.0
2025-11-03	14:58:16[136]	0	0	0	0	0	0	0	0	0	0	80	-260	-519	287.102728969052	0	0	-1083	1083	32	0	0	0.0
2025-11-03	14:58:16[340]	0	0	0	0	0	0	0	0	0	0	75	-259	-516	286.149710091744	0	0	-1080	1080	32	0	0	0.0
2025-11-03	14:58:16[532]	0	0	0	0	0	0	0	0	0	0	80	-258	-518	287.227488226451	0	0	-1082	1082	32	0	0	0.0
2025-11-03	14:58:16[724]	0	0	0	0	0	0	0	0	0	0	78	-252	-524	287.198541220066	0	0	-1088	1088	32	0	0	0.0
2025-11-03	14:58:16[916]	0	0	0	0	0	0	0	0	0	0	69	-251	-521	285.370945592807	0	0	-1085	1085	32	0	0	0.0
2025-11-03	14:58:17[126]	0	0	0	0	0	0	0	0	0	0	79	-252	-526	287.405794018616	0	0	-1090	1090	32	0	0	0.0
2025-11-03	14:58:17[316]	0	0	0	0	0	0	0	0	0	0	76	-258	-528	286.413583882566	0	0	-1092	1092	32	0	0	0.0
2025-11-03	14:58:17[508]	0	0	0	0	0	0	0	0	0	0	84	-257	-514	288.099889604313	0	0	-1078	1078	32	0	0	0.0
2025-11-03	14:58:17[700]	0	0	0	0	0	0	0	0	0	0	85	-251	-515	288.708434953589	0	0	-1079	1079	32	0	0	0.0
2025-11-03	14:58:17[908]	0	0	0	0	0	0	0	0	0	0	72	-256	-513	285.708637829016	0	0	-1077	1077	32	0	0	0.0
2025-11-03	14:58:18[099]	0	0	0	0	0	0	0	0	0	0	82	-252	-518	288.024723521238	0	0	-1082	1082	32	0	0	0.0
2025-11-03	14:58:18[291]	0	0	0	0	0	0	0	0	0	0	79	-254	-517	287.276927872503	0	0	-1081	1081	32	0	0	0.0
2025-11-03	14:58:18[486]	0	0	0	0	0	0	0	0	0	0	73	-257	-516	285.857022018028	0	0	-1080	1080	32	0	0	0.0
2025-11-03	14:58:18[694]	0	0	0	0	0	0	0	0	0	0	78	-258	-523	286.821409890041	0	0	-1087	1087	32	0	0	0.0
2025-11-03	14:58:18[884]	0	0	0	0	0	0	0	0	0	0	76	-258	-523	286.413583882566	0	0	-1087	1087	32	0	0	0.0
2025-11-03	14:58:19[075]	0	0	0	0	0	0	0	0	0	0	85	-253	-517	288.570720558156	0	0	-1081	1081	32	0	0	0.0
2025-11-03	14:58:19[269]	0	0	0	0	0	0	0	0	0	0	75	-254	-512	286.450584184273	0	0	-1076	1076	32	0	0	0.0
2025-11-03	14:58:19[476]	0	0	0	0	0	0	0	0	0	0	77	-255	-516	286.802257031148	0	0	-1080	1080	32	0	0	0.0
2025-11-03	14:58:19[666]	0	0	0	0	0	0	0	0	0	0	84	-251	-515	288.503402529316	0	0	-1079	1079	32	0	0	0.0
2025-11-03	14:58:19[859]	0	0	0	0	0	0	0	0	0	0	73	-255	-524	285.975067456796	0	0	-1088	1088	32	0	0	0.0
2025-11-03	14:58:20[053]	0	0	0	0	0	0	0	0	0	0	83	-259	-522	287.768748852739	0	0	-1086	1086	32	0	0	0.0
2025-11-03	14:58:20[259]	0	0	0	0	0	0	0	0	0	0	79	-252	-510	287.405794018616	0	0	-1074	1074	32	0	0	0.0
2025-11-03	14:58:20[452]	0	0	0	0	0	0	0	0	0	0	77	-256	-510	286.740301754385	0	0	-1074	1074	32	0	0	0.0
2025-11-03	14:58:20[643]	0	0	0	0	0	0	0	0	0	0	78	-250	-521	287.327921777241	0	0	-1085	1085	32	0	0	0.0
2025-11-03	14:58:20[835]	0	0	0	0	0	0	0	0	0	0	80	-256	-513	287.354024636261	0	0	-1077	1077	32	0	0	0.0
2025-11-03	14:58:21[046]	0	0	0	0	0	0	0	0	0	0	81	-261	-515	287.24145939894	0	0	-1079	1079	32	0	0	0.0
2025-11-03	14:58:21[235]	0	0	0	0	0	0	0	0	0	0	77	-255	-513	286.802257031148	0	0	-1077	1077	32	0	0	0.0
2025-11-03	14:58:21[426]	0	0	0	0	0	0	0	0	0	0	82	-254	-510	287.891877129198	0	0	-1074	1074	32	0	0	0.0
2025-11-03	14:58:21[618]	0	0	0	0	0	0	0	0	0	0	75	-251	-518	286.636396969057	0	0	-1082	1082	32	0	0	0.0
2025-11-03	14:58:21[827]	0	0	0	0	0	0	0	0	0	0	80	-261	-515	287.041004479585	0	0	-1079	1079	32	0	0	0.0
2025-11-03	14:58:22[020]	0	0	0	0	0	0	0	0	0	0	43	-246	-508	279.914945678475	0	0	-1072	1072	32	0	0	0.0
2025-11-03	14:58:22[207]	0	0	0	0	0	0	0	0	0	0	34	-230	-522	278.408911732601	0	0	-1086	1086	32	0	0	0.0
2025-11-03	14:58:22[415]	0	0	0	0	0	0	0	0	0	0	28	-236	-517	276.766174822553	0	0	-1081	1081	32	0	0	0.0
2025-11-03	14:58:22[606]	0	0	0	0	0	0	0	0	0	0	19	-241	-522	274.507770793401	0	0	-1086	1086	32	0	0	0.0
2025-11-03	14:58:22[800]	0	0	0	0	0	0	0	0	0	0	17	-232	-529	274.190907527325	0	0	-1093	1093	32	0	0	0.0
2025-11-03	14:58:22[991]	0	0	0	0	0	0	0	0	0	0	-7	-246	-525	268.370072114616	0	0	-1089	1089	32	0	0	0.0
2025-11-03	14:58:23[197]	0	0	0	0	0	0	0	0	0	0	1	-227	-531	270.252402682289	0	0	-1095	1095	32	0	0	0.0
2025-11-03	14:58:23[389]	0	0	0	0	0	0	0	0	0	0	17	-216	-517	274.500113708421	0	0	-1081	1081	32	0	0	0.0
2025-11-03	14:58:23[585]	0	0	0	0	0	0	0	0	0	0	13	-237	-522	273.13966014782	0	0	-1086	1086	32	0	0	0.0
2025-11-03	14:58:23[774]	0	0	0	0	0	0	0	0	0	0	22	-237	-519	275.303397546822	0	0	-1083	1083	32	0	0	0.0
2025-11-03	14:58:23[984]	0	0	0	0	0	0	0	0	0	0	17	-238	-515	274.085616779975	0	0	-1079	1079	32	0	0	0.0
2025-11-03	14:58:24[174]	0	0	0	0	0	0	0	0	0	0	18	-235	-518	274.380060455064	0	0	-1082	1082	32	0	0	0.0
2025-11-03	14:58:24[366]	0	0	0	0	0	0	0	0	0	0	15	-227	-517	273.780568534301	0	0	-1081	1081	32	0	0	0.0
2025-11-03	14:58:24[559]	0	0	0	0	0	0	0	0	0	0	14	-233	-514	273.438530788329	0	0	-1078	1078	32	0	0	0.0
2025-11-03	14:58:24[767]	0	0	0	0	0	0	0	0	0	0	17	-233	-518	274.172984476079	0	0	-1082	1082	32	0	0	0.0
2025-11-03	14:58:24[958]	0	0	0	0	0	0	0	0	0	0	18	-233	-527	274.417509351535	0	0	-1091	1091	32	0	0	0.0
2025-11-03	14:58:25[153]	0	0	0	0	0	0	0	0	0	0	15	-234	-522	273.667788055531	0	0	-1086	1086	32	0	0	0.0
2025-11-03	14:58:25[342]	0	0	0	0	0	0	0	0	0	0	11	-233	-518	272.702944037815	0	0	-1082	1082	32	0	0	0.0
2025-11-03	14:58:25[552]	0	0	0	0	0	0	0	0	0	0	8207	-233	-522	358.37378681406	0	0	-1086	1086	32	0	0	0.0
2025-11-03	14:58:25[737]	0	0	0	0	0	0	0	0	0	0	14	-230	-520	273.483271468998	0	0	-1084	1084	32	0	0	0.0
2025-11-03	14:58:25[941]	0	0	0	0	0	0	0	0	0	0	18	-242	-522	274.253836436119	0	0	-1086	1086	32	0	0	0.0
2025-11-03	14:58:26[134]	0	0	0	0	0	0	0	0	0	0	14	-227	-519	273.529190299367	0	0	-1083	1083	32	0	0	0.0
2025-11-03	14:58:26[325]	0	0	0	0	0	0	0	0	0	0	10	-234	-519	272.447048642324	0	0	-1083	1083	32	0	0	0.0
2025-11-03	14:58:26[518]	0	0	0	0	0	0	0	0	0	0	15	-236	-520	273.636788881197	0	0	-1084	1084	32	0	0	0.0
2025-11-03	14:58:26[726]	0	0	0	0	0	0	0	0	0	0	14	-232	-515	273.453316250531	0	0	-1079	1079	32	0	0	0.0
2025-11-03	14:58:26[918]	0	0	0	0	0	0	0	0	0	0	17	-237	-521	274.102796923242	0	0	-1085	1085	32	0	0	0.0
2025-11-03	14:58:27[108]	0	0	0	0	0	0	0	0	0	0	10	-232	-513	272.468117913829	0	0	-1077	1077	32	0	0	0.0
2025-11-03	14:58:27[300]	0	0	0	0	0	0	0	0	0	0	17	-239	-525	274.068579676845	0	0	-1089	1089	32	0	0	0.0
2025-11-03	14:58:27[509]	0	0	0	0	0	0	0	0	0	0	9	-239	-522	272.156562674715	0	0	-1086	1086	32	0	0	0.0
2025-11-03	14:58:27[700]	0	0	0	0	0	0	0	0	0	0	13	-236	-522	273.152937007775	0	0	-1086	1086	32	0	0	0.0
2025-11-03	14:58:27[892]	0	0	0	0	0	0	0	0	0	0	19	-233	-518	274.661873095239	0	0	-1082	1082	32	0	0	0.0
2025-11-03	14:58:28[087]	0	0	0	0	0	0	0	0	0	0	16	-234	-521	273.911571812529	0	0	-1085	1085	32	0	0	0.0
2025-11-03	14:58:28[292]	0	0	0	0	0	0	0	0	0	0	17	-233	-515	274.172984476079	0	0	-1079	1079	32	0	0	0.0
2025-11-03	14:58:28[485]	0	0	0	0	0	0	0	0	0	0	16	-236	-520	273.878524502848	0	0	-1084	1084	32	0	0	0.0
2025-11-03	14:58:28[677]	0	0	0	0	0	0	0	0	0	0	7	-234	-523	271.713465317366	0	0	-1087	1087	32	0	0	0.0
2025-11-03	14:58:28[869]	0	0	0	0	0	0	0	0	0	0	15	-232	-524	273.699319492287	0	0	-1088	1088	32	0	0	0.0
2025-11-03	14:58:29[079]	0	0	0	0	0	0	0	0	0	0	13	-237	-515	273.13966014782	0	0	-1079	1079	32	0	0	0.0
2025-11-03	14:58:29[270]	0	0	0	0	0	0	0	0	0	0	18	-234	-524	274.398705354996	0	0	-1088	1088	32	0	0	0.0
2025-11-03	14:58:29[463]	0	0	0	0	0	0	0	0	0	0	19	-232	-518	274.681878236399	0	0	-1082	1082	32	0	0	0.0
2025-11-03	14:58:29[653]	0	0	0	0	0	0	0	0	0	0	17	-237	-516	274.102796923242	0	0	-1080	1080	32	0	0	0.0
2025-11-03	14:58:29[860]	0	0	0	0	0	0	0	0	0	0	19	-237	-523	274.583529809117	0	0	-1087	1087	32	0	0	0.0
2025-11-03	14:58:30[052]	0	0	0	0	0	0	0	0	0	0	18	-235	-524	274.380060455064	0	0	-1088	1088	32	0	0	0.0
2025-11-03	14:58:30[244]	0	0	0	0	0	0	0	0	0	0	8	-234	-521	271.958067429234	0	0	-1085	1085	32	0	0	0.0
2025-11-03	14:58:30[435]	0	0	0	0	0	0	0	0	0	0	17	-229	-520	274.245610784103	0	0	-1084	1084	32	0	0	0.0
2025-11-03	14:58:30[646]	0	0	0	0	0	0	0	0	0	0	14	-233	-515	273.438530788329	0	0	-1079	1079	32	0	0	0.0
2025-11-03	14:58:30[837]	0	0	0	0	0	0	0	0	0	0	11	-237	-517	272.657390682905	0	0	-1081	1081	32	0	0	0.0
2025-11-03	14:58:31[029]	0	0	0	0	0	0	0	0	0	0	15	-233	-514	273.683486389161	0	0	-1078	1078	32	0	0	0.0
2025-11-03	14:58:32[219]	0	0	0	0	0	0	0	0	0	0	15	-237	-514	273.621484704117	0	0	-1078	1078	32	0	0	0.0
2025-11-03	14:58:32[289]	0	0	0	0	0	0	0	0	0	0	17	-236	-519	274.120121912517	0	0	-1083	1083	32	0	0	0.0
2025-11-03	14:58:32[346]	0	0	0	0	0	0	0	0	0	0	15	-227	-521	273.780568534301	0	0	-1085	1085	32	0	0	0.0
2025-11-03	14:58:32[400]	0	0	0	0	0	0	0	0	0	0	21	-235	-520	275.106484572328	0	0	-1084	1084	32	0	0	0.0
2025-11-03	14:58:32[484]	0	0	0	0	0	0	0	0	0	0	18	-237	-514	274.343239951689	0	0	-1078	1078	32	0	0	0.0
2025-11-03	14:58:32[544]	0	0	0	0	0	0	0	0	0	0	17	-240	-528	274.051683837828	0	0	-1092	1092	32	0	0	0.0
2025-11-03	14:58:32[598]	0	0	0	0	0	0	0	0	0	0	16	-236	-521	273.878524502848	0	0	-1085	1085	32	0	0	0.0
2025-11-03	14:58:32[650]	0	0	0	0	0	0	0	0	0	0	16	-239	-517	273.829985908448	0	0	-1081	1081	32	0	0	0.0
2025-11-03	14:58:32[788]	0	0	0	0	0	0	0	0	0	0	17	-235	-524	274.137593584144	0	0	-1088	1088	32	0	0	0.0
2025-11-03	14:58:32[996]	0	0	0	0	0	0	0	0	0	0	12	-236	-520	272.910837826168	0	0	-1084	1084	32	0	0	0.0
2025-11-03	14:58:33[191]	0	0	0	0	0	0	0	0	0	0	13	-235	-521	273.166326519003	0	0	-1085	1085	32	0	0	0.0
2025-11-03	14:58:33[381]	0	0	0	0	0	0	0	0	0	0	13	-244	-517	273.049760469268	0	0	-1081	1081	32	0	0	0.0
2025-11-03	14:58:33[571]	0	0	0	0	0	0	0	0	0	0	13	-237	-519	273.13966014782	0	0	-1083	1083	32	0	0	0.0
2025-11-03	14:58:33[779]	0	0	0	0	0	0	0	0	0	0	18	-234	-516	274.398705354996	0	0	-1080	1080	32	0	0	0.0
2025-11-03	14:58:33[971]	0	0	0	0	0	0	0	0	0	0	11	-228	-522	272.762128313379	0	0	-1086	1086	32	0	0	0.0
2025-11-03	14:58:34[164]	0	0	0	0	0	0	0	0	0	0	-10	-211	-535	267.286590554967	0	0	-1099	1099	32	0	0	0.0
2025-11-03	14:58:34[358]	0	0	0	0	0	0	0	0	0	0	-29	-188	-537	261.230937746852	0	0	-1101	1101	32	0	0	0.0
2025-11-03	14:58:34[563]	0	0	0	0	0	0	0	0	0	0	-35	-210	-538	260.537677791974	0	0	-1102	1102	32	0	0	0.0
2025-11-03	14:58:34[759]	0	0	0	0	0	0	0	0	0	0	-38	-222	-486	260.28674897506	0	0	-1050	1050	32	0	0	0.0
2025-11-03	14:58:35[038]	0	0	0	0	0	0	0	0	0	0	-185	-160	-400	220.855376258896	0	0	-964	964	32	1	0	0.0
2025-11-03	14:58:35[254]	0	0	0	0	0	0	0	0	0	0	-220	-154	-331	214.992020198559	0	0	-895	895	32	1	0	0.0
2025-11-03	14:58:35[441]	0	0	0	0	0	0	0	0	0	0	-228	-135	-275	210.629998484821	0	0	-839	839	32	1	0	0.0
2025-11-03	14:58:35[631]	0	0	0	0	0	0	0	0	0	0	-232	-129	-233	209.075568525333	0	0	-797	797	32	1	0	0.0
2025-11-03	14:58:35[824]	0	0	0	0	0	0	0	0	0	0	-217	-80	-229	200.237094276063	0	0	-793	793	32	1	0	0.0
2025-11-03	14:58:36[030]	0	0	0	0	0	0	0	0	0	0	-186	-38	-268	191.546690545927	0	0	-832	832	32	1	0	0.0
2025-11-03	14:58:36[224]	0	0	0	0	0	0	0	0	0	0	-170	9	-263	176.969523154139	0	0	-827	827	32	1	0	0.0
2025-11-03	14:58:36[414]	0	0	0	0	0	0	0	0	0	0	-164	31	-263	169.295993250722	0	0	-827	827	32	1	0	0.0
2025-11-03	14:58:36[607]	0	0	0	0	0	0	0	0	0	0	-142	82	-270	149.995079129176	0	0	-834	834	32	1	0	0.0
2025-11-03	14:58:36[815]	0	0	0	0	0	0	0	0	0	0	-101	81	-288	141.271077449501	0	0	-852	852	32	1	0	0.0
2025-11-03	14:58:37[006]	0	0	0	0	0	0	0	0	0	0	3	63	-336	87.2736890060937	0	0	-900	900	32	1	0	0.0
2025-11-03	14:58:37[202]	0	0	0	0	0	0	0	0	0	0	42	72	-344	59.7435628364707	0	0	-908	908	32	1	0	0.0
2025-11-03	14:58:37[390]	0	0	0	0	0	0	0	0	0	0	49	-21	-325	336.801409486352	0	0	-889	889	32	1	0	0.0
2025-11-03	14:58:37[600]	0	0	0	0	0	0	0	0	0	0	27	-46	-315	300.411081267125	0	0	-879	879	32	1	0	0.0
2025-11-03	14:58:37[792]	0	0	0	0	0	0	0	0	0	0	34	-22	-329	327.094757077012	0	0	-893	893	32	1	0	0.0
2025-11-03	14:58:37[984]	0	0	0	0	0	0	0	0	0	0	69	1	-349	0.830315486258011	0	0	-913	913	32	1	0	0.0
2025-11-03	14:58:38[178]	0	0	0	0	0	0	0	0	0	0	186	-15	-360	355.389350681339	0	0	-924	924	32	1	0	0.0
2025-11-03	14:58:38[382]	0	0	0	0	0	0	0	0	0	0	148	0	-356	0	0	0	-920	920	32	1	0	0.0
2025-11-03	14:58:38[573]	0	0	0	0	0	0	0	0	0	0	90	37	-343	22.3481083479094	0	0	-907	907	32	1	0	0.0
2025-11-03	14:58:38[768]	0	0	0	0	0	0	0	0	0	0	131	13	-308	5.66728567823913	0	0	-872	872	32	1	0	0.0
2025-11-03	14:58:38[959]	0	0	0	0	0	0	0	0	0	0	161	36	-283	12.6041472837618	0	0	-847	847	32	1	0	0.0
2025-11-03	14:58:39[166]	0	0	0	0	0	0	0	0	0	0	90	46	-264	27.0720802379928	0	0	-828	828	32	1	0	0.0
2025-11-03	14:58:39[361]	0	0	0	0	0	0	0	0	0	0	-27	39	-216	124.695153531234	0	0	-780	780	32	1	0	0.0
2025-11-03	14:58:39[551]	0	0	0	0	0	0	0	0	0	0	-5	57	-239	95.0131137550358	0	0	-803	803	32	1	0	0.0
2025-11-03	14:58:39[758]	0	0	0	0	0	0	0	0	0	0	11	91	-234	83.1075768775149	0	0	-798	798	32	1	0	0.0
2025-11-03	14:58:39[944]	0	0	0	0	0	0	0	0	0	0	31	86	-230	70.1775354296348	0	0	-794	794	32	1	0	0.0
2025-11-03	14:58:40[138]	0	0	0	0	0	0	0	0	0	0	-24	103	-209	103.116436125391	0	0	-773	773	32	1	0	0.0
2025-11-03	14:58:40[345]	0	0	0	0	0	0	0	0	0	0	-54	125	-184	113.36434447606	0	0	-748	748	32	1	0	0.0
2025-11-03	14:58:40[535]	0	0	0	0	0	0	0	0	0	0	-6	100	-211	93.4336303624505	0	0	-775	775	32	1	0	0.0
2025-11-03	14:58:40[727]	0	0	0	0	0	0	0	0	0	0	21	78	-220	74.9315118405078	0	0	-784	784	32	1	0	0.0
2025-11-03	14:58:40[923]	0	0	0	0	0	0	0	0	0	0	11	64	-216	80.2475750583462	0	0	-780	780	32	1	0	0.0
2025-11-03	14:58:41[129]	0	0	0	0	0	0	0	0	0	0	-36	104	-198	109.093492000486	0	0	-762	762	32	1	0	0.0
2025-11-03	14:58:41[320]	0	0	0	0	0	0	0	0	0	0	-50	70	-204	125.537677791974	0	0	-768	768	32	1	0	0.0
2025-11-03	14:58:41[511]	0	0	0	0	0	0	0	0	0	0	-21	49	-219	113.198590513648	0	0	-783	783	32	1	0	0.0
2025-11-03	14:58:41[703]	0	0	0	0	0	0	0	0	0	0	-9	79	-220	96.4993462796546	0	0	-784	784	32	1	0	0.0
2025-11-03	14:58:41[913]	0	0	0	0	0	0	0	0	0	0	-13	94	-225	97.8739381317256	0	0	-789	789	32	1	0	0.0
2025-11-03	14:58:42[100]	0	0	0	0	0	0	0	0	0	0	-5	80	-232	93.5763343749974	0	0	-796	796	32	1	0	0.0
2025-11-03	14:58:42[292]	0	0	0	0	0	0	0	0	0	0	-16	106	-222	98.5836214801139	0	0	-786	786	32	1	0	0.0
2025-11-03	14:58:42[824]	0	0	0	0	0	0	0	0	0	0	-1	141	-217	90.406346233309	0	0	-781	781	32	1	0	0.0
2025-11-03	14:58:42[929]	0	0	0	0	0	0	0	0	0	0	20	144	-234	82.0928372970415	0	0	-798	798	32	1	0	0.0
2025-11-03	14:58:42[982]	0	0	0	0	0	0	0	0	0	0	9	148	-216	86.5200824957303	0	0	-780	780	32	1	0	0.0
2025-11-03	14:58:43[076]	0	0	0	0	0	0	0	0	0	0	-14	131	-220	96.1000599603217	0	0	-784	784	32	1	0	0.0
2025-11-03	14:58:43[283]	0	0	0	0	0	0	0	0	0	0	-47	120	-217	111.388622827819	0	0	-781	781	32	1	0	0.0
2025-11-03	14:58:43[477]	0	0	0	0	0	0	0	0	0	0	-70	123	-231	119.644450585578	0	0	-795	795	32	1	0	0.0
2025-11-03	14:58:43[667]	0	0	0	0	0	0	0	0	0	0	-59	119	-238	116.372136823545	0	0	-802	802	32	1	0	0.0
2025-11-03	14:58:43[863]	0	0	0	0	0	0	0	0	0	0	-64	135	-219	115.364417195553	0	0	-783	783	32	1	0	0.0
2025-11-03	14:58:44[066]	0	0	0	0	0	0	0	0	0	0	-60	134	-214	114.120983119443	0	0	-778	778	32	1	0	0.0
2025-11-03	14:58:44[259]	0	0	0	0	0	0	0	0	0	0	-88	96	-209	132.510447078001	0	0	-773	773	32	1	0	0.0
2025-11-03	14:58:44[451]	0	0	0	0	0	0	0	0	0	0	-107	82	-192	142.535063723328	0	0	-756	756	32	1	0	0.0
2025-11-03	14:58:44[643]	0	0	0	0	0	0	0	0	0	0	-112	67	-202	149.111533542216	0	0	-766	766	32	1	0	0.0
2025-11-03	14:58:44[856]	0	0	0	0	0	0	0	0	0	0	-115	38	-208	161.714648172681	0	0	-772	772	32	1	0	0.0
2025-11-03	14:58:45[043]	0	0	0	0	0	0	0	0	0	0	-126	29	-188	167.038598149008	0	0	-752	752	32	1	0	0.0
2025-11-03	14:58:45[234]	0	0	0	0	0	0	0	0	0	0	-148	1	-172	179.612872245849	0	0	-736	736	32	1	0	0.0
2025-11-03	14:58:45[429]	0	0	0	0	0	0	0	0	0	0	-143	-31	-169	192.23150092123	0	0	-733	733	32	1	0	0.0
2025-11-03	14:58:45[634]	0	0	0	0	0	0	0	0	0	0	-139	-68	-171	206.068279410153	0	0	-735	735	32	1	0	0.0
2025-11-03	14:58:45[829]	0	0	0	0	0	0	0	0	0	0	-151	-122	-149	218.936374631488	0	0	-713	713	32	1	0	0.0
2025-11-03	14:58:46[018]	0	0	0	0	0	0	0	0	0	0	-147	-150	-148	225.578725565608	0	0	-712	712	32	1	0	0.0
2025-11-03	14:58:46[210]	0	0	0	0	0	0	0	0	0	0	-116	-176	-174	236.611486423888	0	0	-738	738	32	1	0	0.0
2025-11-03	14:58:46[418]	0	0	0	0	0	0	0	0	0	0	-104	-40	-240	201.037511025422	0	0	-804	804	32	1	0	0.0
2025-11-03	14:58:46[610]	0	0	0	0	0	0	0	0	0	0	-87	-39	-227	204.145541960422	0	0	-791	791	32	1	0	0.0
2025-11-03	14:58:46[802]	0	0	0	0	0	0	0	0	0	0	-79	-33	-236	202.671343621981	0	0	-800	800	32	1	0	0.0
2025-11-03	14:58:46[994]	0	0	0	0	0	0	0	0	0	0	-78	-29	-237	200.394876082048	0	0	-801	801	32	1	0	0.0
2025-11-03	14:58:47[204]	0	0	0	0	0	0	0	0	0	0	-77	-32	-233	202.567009077875	0	0	-797	797	32	1	0	0.0
2025-11-03	14:58:47[393]	0	0	0	0	0	0	0	0	0	0	-75	-33	-232	203.749494492867	0	0	-796	796	32	1	0	0.0
2025-11-03	14:58:47[586]	0	0	0	0	0	0	0	0	0	0	-78	-34	-236	203.552263672895	0	0	-800	800	32	1	0	0.0
2025-11-03	14:58:47[778]	0	0	0	0	0	0	0	0	0	0	-73	-32	-229	203.67053848472	0	0	-793	793	32	1	0	0.0
2025-11-03	14:58:47[988]	0	0	0	0	0	0	0	0	0	0	-75	-31	-232	202.456938999942	0	0	-796	796	32	1	0	0.0
2025-11-03	14:58:48[599]	0	0	0	0	0	0	0	0	0	0	-72	-30	-236	202.61986494804	0	0	-800	800	32	1	0	0.0
2025-11-03	14:58:48[658]	0	0	0	0	0	0	0	0	0	0	-71	-29	-232	202.217594269518	0	0	-796	796	32	1	0	0.0
2025-11-03	14:58:48[714]	0	0	0	0	0	0	0	0	0	0	-72	-33	-225	204.623564786164	0	0	-789	789	32	1	0	0.0
2025-11-03	14:58:48[771]	0	0	0	0	0	0	0	0	0	0	-74	-31	-221	202.729732079945	0	0	-785	785	32	1	0	0.0
2025-11-03	14:58:48[962]	0	0	0	0	0	0	0	0	0	0	-71	-29	-231	202.217594269518	0	0	-795	795	32	1	0	0.0
2025-11-03	14:58:49[154]	0	0	0	0	0	0	0	0	0	0	-77	-26	-236	198.65788847412	0	0	-800	800	32	1	0	0.0
2025-11-03	14:58:49[347]	0	0	0	0	0	0	0	0	0	0	-76	-29	-239	200.885801460693	0	0	-803	803	32	1	0	0.0
2025-11-03	14:58:49[554]	0	0	0	0	0	0	0	0	0	0	-71	-37	-240	207.525225743744	0	0	-804	804	32	1	0	0.0
2025-11-03	14:58:49[744]	0	0	0	0	0	0	0	0	0	0	-78	-34	-240	203.552263672895	0	0	-804	804	32	1	0	0.0
2025-11-03	14:58:49[936]	0	0	0	0	0	0	0	0	0	0	-78	-28	-240	199.746836605426	0	0	-804	804	32	1	0	0.0
2025-11-03	14:58:50[144]	0	0	0	0	0	0	0	0	0	0	-74	-31	-235	202.729732079945	0	0	-799	799	32	1	0	0.0
2025-11-03	14:58:50[338]	0	0	0	0	0	0	0	0	0	0	-71	-29	-237	202.217594269518	0	0	-801	801	32	1	0	0.0
2025-11-03	14:58:50[531]	0	0	0	0	0	0	0	0	0	0	-77	-33	-236	203.198590513648	0	0	-800	800	32	1	0	0.0
2025-11-03	14:58:50[722]	0	0	0	0	0	0	0	0	0	0	-71	-35	-228	206.241349652158	0	0	-792	792	32	1	0	0.0
2025-11-03	14:58:50[930]	0	0	0	0	0	0	0	0	0	0	-74	-32	-233	203.385221057214	0	0	-797	797	32	1	0	0.0
2025-11-03	14:58:51[120]	0	0	0	0	0	0	0	0	0	0	-70	-33	-224	205.240529264787	0	0	-788	788	32	1	0	0.0
2025-11-03	14:58:51[315]	0	0	0	0	0	0	0	0	0	0	-67	-34	-232	206.906093455937	0	0	-796	796	32	1	0	0.0
2025-11-03	14:58:51[509]	0	0	0	0	0	0	0	0	0	0	-71	-27	-227	200.820892853311	0	0	-791	791	32	1	0	0.0
2025-11-03	14:58:51[705]	0	0	0	0	0	0	0	0	0	0	-72	-35	-226	205.924901507554	0	0	-790	790	32	1	0	0.0
2025-11-03	14:58:51[909]	0	0	0	0	0	0	0	0	0	0	-80	-30	-233	200.556045219583	0	0	-797	797	32	1	0	0.0
2025-11-03	14:58:52[101]	0	0	0	0	0	0	0	0	0	0	-73	-23	-232	197.487997376149	0	0	-796	796	32	1	0	0.0
2025-11-03	14:58:52[294]	0	0	0	0	0	0	0	0	0	0	-72	-33	-231	204.623564786164	0	0	-795	795	32	1	0	0.0
2025-11-03	14:58:52[486]	0	0	0	0	0	0	0	0	0	0	-80	-33	-232	202.416147479344	0	0	-796	796	32	1	0	0.0
2025-11-03	14:58:52[694]	0	0	0	0	0	0	0	0	0	0	-79	-27	-233	198.868999455061	0	0	-797	797	32	1	0	0.0
2025-11-03	14:58:52[888]	0	0	0	0	0	0	0	0	0	0	-80	-31	-233	201.181349500266	0	0	-797	797	32	1	0	0.0
2025-11-03	14:58:53[079]	0	0	0	0	0	0	0	0	0	0	-78	-29	-229	200.394876082048	0	0	-793	793	32	1	0	0.0
2025-11-03	14:58:53[269]	0	0	0	0	0	0	0	0	0	0	-67	-34	-231	206.906093455937	0	0	-795	795	32	1	0	0.0
2025-11-03	14:58:53[470]	0	0	0	0	0	0	0	0	0	0	-69	-30	-230	203.498565675952	0	0	-794	794	32	1	0	0.0
2025-11-03	14:58:53[662]	0	0	0	0	0	0	0	0	0	0	-69	-29	-227	202.796521467943	0	0	-791	791	32	1	0	0.0
2025-11-03	14:58:54[527]	0	0	0	0	0	0	0	0	0	0	-69	-28	-232	202.087171603228	0	0	-796	796	32	1	0	0.0
2025-11-03	14:58:54[587]	0	0	0	0	0	0	0	0	0	0	-75	-29	-230	201.139824808658	0	0	-794	794	32	1	0	0.0
2025-11-03	14:58:54[637]	0	0	0	0	0	0	0	0	0	0	-73	-33	-235	204.325575239126	0	0	-799	799	32	1	0	0.0
2025-11-03	14:58:54[687]	0	0	0	0	0	0	0	0	0	0	-73	-36	-229	206.250242369689	0	0	-793	793	32	1	0	0.0
2025-11-03	14:58:54[758]	0	0	0	0	0	0	0	0	0	0	-75	-32	-228	203.106326858272	0	0	-792	792	32	1	0	0.0
2025-11-03	14:58:54[848]	0	0	0	0	0	0	0	0	0	0	-74	-35	-234	205.312883801874	0	0	-798	798	32	1	0	0.0
2025-11-03	14:58:55[036]	0	0	0	0	0	0	0	0	0	0	-69	-34	-234	206.231939933157	0	0	-798	798	32	1	0	0.0
2025-11-03	14:58:55[230]	0	0	0	0	0	0	0	0	0	0	-74	-39	-228	207.790442479452	0	0	-792	792	32	1	0	0.0
2025-11-03	14:58:55[439]	0	0	0	0	0	0	0	0	0	0	-74	-31	-234	202.729732079945	0	0	-798	798	32	1	0	0.0
2025-11-03	14:58:55[629]	0	0	0	0	0	0	0	0	0	0	-79	-35	-229	203.89516141507	0	0	-793	793	32	1	0	0.0
2025-11-03	14:58:55[822]	0	0	0	0	0	0	0	0	0	0	-75	-34	-233	204.386371101801	0	0	-797	797	32	1	0	0.0
2025-11-03	14:58:56[014]	0	0	0	0	0	0	0	0	0	0	-72	-24	-234	198.434948822922	0	0	-798	798	32	1	0	0.0
2025-11-03	14:58:56[224]	0	0	0	0	0	0	0	0	0	0	-68	-27	-229	201.655989038422	0	0	-793	793	32	1	0	0.0
2025-11-03	14:58:56[415]	0	0	0	0	0	0	0	0	0	0	-65	-38	-227	210.311213226682	0	0	-791	791	32	1	0	0.0
2025-11-03	14:58:56[605]	0	0	0	0	0	0	0	0	0	0	-72	-31	-224	203.294563253894	0	0	-788	788	32	1	0	0.0
2025-11-03	14:58:56[797]	0	0	0	0	0	0	0	0	0	0	-82	-33	-232	201.921778593959	0	0	-796	796	32	1	0	0.0
2025-11-03	14:58:57[001]	0	0	0	0	0	0	0	0	0	0	-75	-27	-232	199.798876354525	0	0	-796	796	32	1	0	0.0
2025-11-03	14:58:57[190]	0	0	0	0	0	0	0	0	0	0	-73	-33	-234	204.325575239126	0	0	-798	798	32	1	0	0.0
2025-11-03	14:58:57[398]	0	0	0	0	0	0	0	0	0	0	-74	-29	-231	201.399810132082	0	0	-795	795	32	1	0	0.0
2025-11-03	14:58:57[590]	0	0	0	0	0	0	0	0	0	0	-74	-30	-227	202.06789956241	0	0	-791	791	32	1	0	0.0
2025-11-03	14:58:57[783]	0	0	0	0	0	0	0	0	0	0	-75	-30	-230	201.801409486352	0	0	-794	794	32	1	0	0.0
2025-11-03	14:58:57[978]	0	0	0	0	0	0	0	0	0	0	-80	-34	-230	203.025492008528	0	0	-794	794	32	1	0	0.0
2025-11-03	14:58:58[171]	0	0	0	0	0	0	0	0	0	0	-75	-39	-229	207.474431626277	0	0	-793	793	32	1	0	0.0
2025-11-03	14:58:58[382]	0	0	0	0	0	0	0	0	0	0	-74	-35	-238	205.312883801874	0	0	-802	802	32	1	0	0.0
2025-11-03	14:58:58[572]	0	0	0	0	0	0	0	0	0	0	-71	-28	-233	201.522600107907	0	0	-797	797	32	1	0	0.0
2025-11-03	14:58:58[765]	0	0	0	0	0	0	0	0	0	0	-68	-32	-232	205.201123645475	0	0	-796	796	32	1	0	0.0
2025-11-03	14:58:58[956]	0	0	0	0	0	0	0	0	0	0	-71	-31	-229	203.587030525128	0	0	-793	793	32	1	0	0.0
2025-11-03	14:58:59[156]	0	0	0	0	0	0	0	0	0	0	-74	-27	-230	200.045249425421	0	0	-794	794	32	1	0	0.0
2025-11-03	14:58:59[354]	0	0	0	0	0	0	0	0	0	0	-69	-31	-226	204.193208987289	0	0	-790	790	32	1	0	0.0
2025-11-03	14:58:59[545]	0	0	0	0	0	0	0	0	0	0	-73	-27	-232	200.297569772229	0	0	-796	796	32	1	0	0.0
2025-11-03	14:58:59[752]	0	0	0	0	0	0	0	0	0	0	-73	-26	-235	199.604088150829	0	0	-799	799	32	1	0	0.0
2025-11-03	14:58:59[946]	0	0	0	0	0	0	0	0	0	0	-69	-31	-238	204.193208987289	0	0	-802	802	32	1	0	0.0
2025-11-03	14:59:00[135]	0	0	0	0	0	0	0	0	0	0	-79	-27	-235	198.868999455061	0	0	-799	799	32	1	0	0.0
2025-11-03	14:59:00[328]	0	0	0	0	0	0	0	0	0	0	-73	-28	-229	200.984897835882	0	0	-793	793	32	1	0	0.0
2025-11-03	14:59:00[536]	0	0	0	0	0	0	0	0	0	0	-77	-33	-237	203.198590513648	0	0	-801	801	32	1	0	0.0
2025-11-03	14:59:00[728]	0	0	0	0	0	0	0	0	0	0	-73	-27	-233	200.297569772229	0	0	-797	797	32	1	0	0.0
2025-11-03	14:59:00[918]	0	0	0	0	0	0	0	0	0	0	-68	-32	-233	205.201123645475	0	0	-797	797	32	1	0	0.0
2025-11-03	14:59:01[112]	0	0	0	0	0	0	0	0	0	0	-73	-31	-231	203.008870082823	0	0	-795	795	32	1	0	0.0
2025-11-03	14:59:01[319]	0	0	0	0	0	0	0	0	0	0	-74	-29	-243	201.399810132082	0	0	-807	807	32	1	0	0.0
2025-11-03	14:59:01[512]	0	0	0	0	0	0	0	0	0	0	-76	-35	-232	204.72731438669	0	0	-796	796	32	1	0	0.0
2025-11-03	14:59:01[703]	0	0	0	0	0	0	0	0	0	0	-66	-29	-232	203.720395572305	0	0	-796	796	32	1	0	0.0
2025-11-03	14:59:01[902]	0	0	0	0	0	0	0	0	0	0	-74	-36	-227	205.942295489872	0	0	-791	791	32	1	0	0.0
2025-11-03	14:59:02[093]	0	0	0	0	0	0	0	0	0	0	-75	-27	-235	199.798876354525	0	0	-799	799	32	1	0	0.0
2025-11-03	14:59:02[302]	0	0	0	0	0	0	0	0	0	0	-73	-28	-229	200.984897835882	0	0	-793	793	32	1	0	0.0
2025-11-03	14:59:02[492]	0	0	0	0	0	0	0	0	0	0	-69	-31	-230	204.193208987289	0	0	-794	794	32	1	0	0.0
2025-11-03	14:59:02[683]	0	0	0	0	0	0	0	0	0	0	-64	-31	-236	205.84438755456	0	0	-800	800	32	1	0	0.0
2025-11-03	14:59:02[894]	0	0	0	0	0	0	0	0	0	0	-73	-29	-233	201.66595872329	0	0	-797	797	32	1	0	0.0
2025-11-03	14:59:03[080]	0	0	0	0	0	0	0	0	0	0	-73	-33	-230	204.325575239126	0	0	-794	794	32	1	0	0.0
2025-11-03	14:59:03[276]	0	0	0	0	0	0	0	0	0	0	-71	-32	-236	204.261290852478	0	0	-800	800	32	1	0	0.0
2025-11-03	14:59:03[468]	0	0	0	0	0	0	0	0	0	0	-74	-33	-233	204.034288159443	0	0	-797	797	32	1	0	0.0
2025-11-03	14:59:03[674]	0	0	0	0	0	0	0	0	0	0	-77	-30	-240	201.286405113659	0	0	-804	804	32	1	0	0.0
2025-11-03	14:59:03[868]	0	0	0	0	0	0	0	0	0	0	-74	-30	-234	202.06789956241	0	0	-798	798	32	1	0	0.0
2025-11-03	14:59:04[059]	0	0	0	0	0	0	0	0	0	0	-75	-23	-238	197.04903097211	0	0	-802	802	32	1	0	0.0
2025-11-03	14:59:04[251]	0	0	0	0	0	0	0	0	0	0	-69	-31	-233	204.193208987289	0	0	-797	797	32	1	0	0.0
2025-11-03	14:59:04[458]	0	0	0	0	0	0	0	0	0	0	-71	-37	-235	207.525225743744	0	0	-799	799	32	1	0	0.0
2025-11-03	14:59:04[653]	0	0	0	0	0	0	0	0	0	0	-72	-30	-239	202.61986494804	0	0	-803	803	32	1	0	0.0
2025-11-03	14:59:04[843]	0	0	0	0	0	0	0	0	0	0	-69	-23	-229	198.434948822922	0	0	-793	793	32	1	0	0.0
2025-11-03	14:59:05[035]	0	0	0	0	0	0	0	0	0	0	-73	-30	-232	202.340647959994	0	0	-796	796	32	1	0	0.0
2025-11-03	14:59:06[084]	0	0	0	0	0	0	0	0	0	0	-67	-35	-230	207.582029207797	0	0	-794	794	32	1	0	0.0
2025-11-03	14:59:06[132]	0	0	0	0	0	0	0	0	0	0	-73	-31	-229	203.008870082823	0	0	-793	793	32	1	0	0.0
2025-11-03	14:59:06[187]	0	0	0	0	0	0	0	0	0	0	-73	-33	-236	204.325575239126	0	0	-800	800	32	1	0	0.0
2025-11-03	14:59:06[238]	0	0	0	0	0	0	0	0	0	0	-80	-32	-231	201.801409486352	0	0	-795	795	32	1	0	0.0
2025-11-03	14:59:06[288]	0	0	0	0	0	0	0	0	0	0	-75	-26	-237	199.119726329931	0	0	-801	801	32	1	0	0.0
2025-11-03	14:59:06[339]	0	0	0	0	0	0	0	0	0	0	-73	-32	-228	203.67053848472	0	0	-792	792	32	1	0	0.0
2025-11-03	14:59:06[419]	0	0	0	0	0	0	0	0	0	0	-70	-28	-228	201.801409486352	0	0	-792	792	32	1	0	0.0
2025-11-03	14:59:06[613]	0	0	0	0	0	0	0	0	0	0	-78	-30	-238	201.037511025422	0	0	-802	802	32	1	0	0.0
2025-11-03	14:59:06[804]	0	0	0	0	0	0	0	0	0	0	-73	-31	-233	203.008870082823	0	0	-797	797	32	1	0	0.0
2025-11-03	14:59:06[996]	0	0	0	0	0	0	0	0	0	0	-73	-32	-231	203.67053848472	0	0	-795	795	32	1	0	0.0
2025-11-03	14:59:07[204]	0	0	0	0	0	0	0	0	0	0	-65	-29	-233	204.044223269368	0	0	-797	797	32	1	0	0.0
2025-11-03	14:59:07[395]	0	0	0	0	0	0	0	0	0	0	-71	-24	-228	198.67670173219	0	0	-792	792	32	1	0	0.0
2025-11-03	14:59:07[589]	0	0	0	0	0	0	0	0	0	0	-69	-26	-234	200.64699082497	0	0	-798	798	32	1	0	0.0
2025-11-03	14:59:07[780]	0	0	0	0	0	0	0	0	0	0	-77	-27	-237	199.323184318162	0	0	-801	801	32	1	0	0.0
2025-11-03	14:59:07[989]	0	0	0	0	0	0	0	0	0	0	-70	-25	-235	199.653824058053	0	0	-799	799	32	1	0	0.0
2025-11-03	14:59:08[178]	0	0	0	0	0	0	0	0	0	0	-76	-33	-230	203.470993118161	0	0	-794	794	32	1	0	0.0
2025-11-03	14:59:08[373]	0	0	0	0	0	0	0	0	0	0	-76	-28	-233	200.224859431168	0	0	-797	797	32	1	0	0.0
2025-11-03	14:59:08[581]	0	0	0	0	0	0	0	0	0	0	-66	-29	-234	203.720395572305	0	0	-798	798	32	1	0	0.0
2025-11-03	14:59:08[771]	0	0	0	0	0	0	0	0	0	0	-77	-32	-231	202.567009077875	0	0	-795	795	32	1	0	0.0
2025-11-03	14:59:08[964]	0	0	0	0	0	0	0	0	0	0	-74	-37	-230	206.565051177078	0	0	-794	794	32	1	0	0.0
2025-11-03	14:59:09[155]	0	0	0	0	0	0	0	0	0	0	-76	-32	-231	202.833654177918	0	0	-795	795	32	1	0	0.0
2025-11-03	14:59:09[364]	0	0	0	0	0	0	0	0	0	0	-69	-31	-234	204.193208987289	0	0	-798	798	32	1	0	0.0
2025-11-03	14:59:09[555]	0	0	0	0	0	0	0	0	0	0	-78	-38	-235	205.974393962431	0	0	-799	799	32	1	0	0.0
2025-11-03	14:59:09[747]	0	0	0	0	0	0	0	0	0	0	-70	-30	-229	203.198590513648	0	0	-793	793	32	1	0	0.0
2025-11-03	14:59:09[938]	0	0	0	0	0	0	0	0	0	0	-70	-27	-229	201.092339505828	0	0	-793	793	32	1	0	0.0
2025-11-03	14:59:10[150]	0	0	0	0	0	0	0	0	0	0	-73	-34	-236	204.973910905883	0	0	-800	800	32	1	0	0.0
2025-11-03	14:59:10[338]	0	0	0	0	0	0	0	0	0	0	-74	-27	-231	200.045249425421	0	0	-795	795	32	1	0	0.0
2025-11-03	14:59:10[533]	0	0	0	0	0	0	0	0	0	0	-66	-26	-230	201.501434324048	0	0	-794	794	32	1	0	0.0
2025-11-03	14:59:10[725]	0	0	0	0	0	0	0	0	0	0	-76	-32	-234	202.833654177918	0	0	-798	798	32	1	0	0.0
2025-11-03	14:59:10[925]	0	0	0	0	0	0	0	0	0	0	-72	-27	-230	200.556045219583	0	0	-794	794	32	1	0	0.0
2025-11-03	14:59:11[120]	0	0	0	0	0	0	0	0	0	0	-68	-24	-230	199.440034828176	0	0	-794	794	32	1	0	0.0
2025-11-03	14:59:11[312]	0	0	0	0	0	0	0	0	0	0	-74	-30	-227	202.06789956241	0	0	-791	791	32	1	0	0.0
2025-11-03	14:59:12[221]	0	0	0	0	0	0	0	0	0	0	-77	-26	-237	198.65788847412	0	0	-801	801	32	1	0	0.0
2025-11-03	14:59:12[303]	0	0	0	0	0	0	0	0	0	0	-75	-27	-234	199.798876354525	0	0	-798	798	32	1	0	0.0
2025-11-03	14:59:12[359]	0	0	0	0	0	0	0	0	0	0	-68	-31	-234	204.50740523013	0	0	-798	798	32	1	0	0.0
2025-11-03	14:59:12[415]	0	0	0	0	0	0	0	0	0	0	-74	-32	-225	203.385221057214	0	0	-789	789	32	1	0	0.0
2025-11-03	14:59:12[467]	0	0	0	0	0	0	0	0	0	0	-70	-27	-235	201.092339505828	0	0	-799	799	32	1	0	0.0
2025-11-03	14:59:12[520]	0	0	0	0	0	0	0	0	0	0	-76	-29	-237	200.885801460693	0	0	-801	801	32	1	0	0.0
2025-11-03	14:59:12[687]	0	0	0	0	0	0	0	0	0	0	-76	-31	-228	202.190288896123	0	0	-792	792	32	1	0	0.0
2025-11-03	14:59:12[880]	0	0	0	0	0	0	0	0	0	0	-82	-30	-224	200.095231191905	0	0	-788	788	32	1	0	0.0
2025-11-03	14:59:13[088]	0	0	0	0	0	0	0	0	0	0	-80	-28	-232	199.290046219189	0	0	-796	796	32	1	0	0.0
2025-11-03	14:59:13[281]	0	0	0	0	0	0	0	0	0	0	-76	-31	-230	202.190288896123	0	0	-794	794	32	1	0	0.0
2025-11-03	14:59:13[471]	0	0	0	0	0	0	0	0	0	0	-81	-30	-227	200.323136829663	0	0	-791	791	32	1	0	0.0
2025-11-03	14:59:13[680]	0	0	0	0	0	0	0	0	0	0	-83	-32	-238	201.083754582381	0	0	-802	802	32	1	0	0.0
2025-11-03	14:59:13[871]	0	0	0	0	0	0	0	0	0	0	-91	-33	-232	199.93253656194	0	0	-796	796	32	1	0	0.0
2025-11-03	14:59:14[063]	0	0	0	0	0	0	0	0	0	0	-84	-38	-225	204.341089936692	0	0	-789	789	32	1	0	0.0
2025-11-03	14:59:14[259]	0	0	0	0	0	0	0	0	0	0	-95	-34	-226	199.692021238737	0	0	-790	790	32	1	0	0.0
2025-11-03	14:59:14[463]	0	0	0	0	0	0	0	0	0	0	-120	-46	-234	200.973493421321	0	0	-798	798	32	1	0	0.0
2025-11-03	14:59:14[849]	0	0	0	0	0	0	0	0	0	0	-110	-93	-394	220.21300087905	0	0	-958	958	32	1	0	0.0
2025-11-03	14:59:15[039]	0	0	0	0	0	0	0	0	0	0	-37	-96	-235	248.922505883013	0	0	-799	799	32	1	0	0.0
2025-11-03	14:59:15[252]	0	0	0	0	0	0	0	0	0	0	-200	-63	-418	197.484427323221	0	0	-982	982	32	1	0	0.0
2025-11-03	14:59:15[443]	0	0	0	0	0	0	0	0	0	0	-90	129	-433	124.902495615925	0	0	-997	997	32	1	0	0.0
2025-11-03	14:59:15[631]	0	0	0	0	0	0	0	0	0	0	-124	161	-380	127.602972930499	0	0	-944	944	32	1	0	0.0
2025-11-03	14:59:15[823]	0	0	0	0	0	0	0	0	0	0	-103	122	-458	130.173141218877	0	0	-1022	1022	32	1	0	0.0
2025-11-03	14:59:16[031]	0	0	0	0	0	0	0	0	0	0	27	80	-341	71.3504612459486	0	0	-905	905	32	1	0	0.0
2025-11-03	14:59:16[223]	0	0	0	0	0	0	0	0	0	0	-51	20	-261	158.587030525128	0	0	-825	825	32	1	0	0.0
2025-11-03	14:59:16[415]	0	0	0	0	0	0	0	0	0	0	-86	81	-414	136.714930195527	0	0	-978	978	32	1	0	0.0
2025-11-03	14:59:16[610]	0	0	0	0	0	0	0	0	0	0	0	7	-282	90	0	0	-846	846	32	1	0	0.0
2025-11-03	14:59:16[815]	0	0	0	0	0	0	0	0	0	0	-36	-12	-214	198.434948822922	0	0	-778	778	32	1	0	0.0
2025-11-03	14:59:17[006]	0	0	0	0	0	0	0	0	0	0	-62	-29	-211	205.06746343806	0	0	-775	775	32	1	0	0.0
2025-11-03	14:59:17[199]	0	0	0	0	0	0	0	0	0	0	-66	-29	-219	203.720395572305	0	0	-783	783	32	1	0	0.0
2025-11-03	14:59:17[390]	0	0	0	0	0	0	0	0	0	0	-76	-29	-225	200.885801460693	0	0	-789	789	32	1	0	0.0
2025-11-03	14:59:17[601]	0	0	0	0	0	0	0	0	0	0	-72	-25	-228	199.14813745794	0	0	-792	792	32	1	0	0.0
2025-11-03	14:59:17[792]	0	0	0	0	0	0	0	0	0	0	-74	-29	-230	201.399810132082	0	0	-794	794	32	1	0	0.0
2025-11-03	14:59:17[982]	0	0	0	0	0	0	0	0	0	0	-73	-31	-233	203.008870082823	0	0	-797	797	32	1	0	0.0
2025-11-03	14:59:18[189]	0	0	0	0	0	0	0	0	0	0	-73	-25	-237	198.904575842612	0	0	-801	801	32	1	0	0.0
2025-11-03	14:59:18[382]	0	0	0	0	0	0	0	0	0	0	-74	-27	-232	200.045249425421	0	0	-796	796	32	1	0	0.0
2025-11-03	14:59:18[573]	0	0	0	0	0	0	0	0	0	0	-74	-29	-229	201.399810132082	0	0	-793	793	32	1	0	0.0
2025-11-03	14:59:18[775]	0	0	0	0	0	0	0	0	0	0	-74	-30	-231	202.06789956241	0	0	-795	795	32	1	0	0.0
2025-11-03	14:59:18[966]	0	0	0	0	0	0	0	0	0	0	-71	-29	-230	202.217594269518	0	0	-794	794	32	1	0	0.0
2025-11-03	14:59:19[158]	0	0	0	0	0	0	0	0	0	0	-69	-23	-226	198.434948822922	0	0	-790	790	32	1	0	0.0
2025-11-03	14:59:19[366]	0	0	0	0	0	0	0	0	0	0	-73	-32	-227	203.67053848472	0	0	-791	791	32	1	0	0.0
2025-11-03	14:59:19[557]	0	0	0	0	0	0	0	0	0	0	-66	-30	-228	204.443954780417	0	0	-792	792	32	1	0	0.0
2025-11-03	14:59:19[752]	0	0	0	0	0	0	0	0	0	0	-75	-33	-223	203.749494492867	0	0	-787	787	32	1	0	0.0
2025-11-03	14:59:19[942]	0	0	0	0	0	0	0	0	0	0	-74	-28	-231	200.725558865561	0	0	-795	795	32	1	0	0.0
2025-11-03	14:59:20[150]	0	0	0	0	0	0	0	0	0	0	-70	-35	-227	206.565051177078	0	0	-791	791	32	1	0	0.0
2025-11-03	14:59:20[344]	0	0	0	0	0	0	0	0	0	0	-74	-25	-224	198.66691427422	0	0	-788	788	32	1	0	0.0
2025-11-03	14:59:20[534]	0	0	0	0	0	0	0	0	0	0	-80	-30	-234	200.556045219583	0	0	-798	798	32	1	0	0.0
2025-11-03	14:59:20[727]	0	0	0	0	0	0	0	0	0	0	-73	-22	-229	196.77122381863	0	0	-793	793	32	1	0	0.0
2025-11-03	14:59:20[933]	0	0	0	0	0	0	0	0	0	0	-74	-31	-233	202.729732079945	0	0	-797	797	32	1	0	0.0
2025-11-03	14:59:21[128]	0	0	0	0	0	0	0	0	0	0	-75	-25	-225	198.434948822922	0	0	-789	789	32	1	0	0.0
2025-11-03	14:59:21[318]	0	0	0	0	0	0	0	0	0	0	-73	-28	-233	200.984897835882	0	0	-797	797	32	1	0	0.0
2025-11-03	14:59:21[525]	0	0	0	0	0	0	0	0	0	0	-70	-35	-228	206.565051177078	0	0	-792	792	32	1	0	0.0
2025-11-03	14:59:21[719]	0	0	0	0	0	0	0	0	0	0	-69	-25	-228	199.916405993809	0	0	-792	792	32	1	0	0.0
2025-11-03	14:59:21[909]	0	0	0	0	0	0	0	0	0	0	-72	-35	-225	205.924901507554	0	0	-789	789	32	1	0	0.0
2025-11-03	14:59:22[100]	0	0	0	0	0	0	0	0	0	0	-68	-26	-220	200.924501744921	0	0	-784	784	32	1	0	0.0
2025-11-03	14:59:23[097]	0	0	0	0	0	0	0	0	0	0	-72	-32	-224	203.962488974578	0	0	-788	788	32	1	0	0.0
2025-11-03	14:59:23[163]	0	0	0	0	0	0	0	0	0	0	-73	-32	-227	203.67053848472	0	0	-791	791	32	1	0	0.0
2025-11-03	14:59:23[225]	0	0	0	0	0	0	0	0	0	0	-73	-32	-234	203.67053848472	0	0	-798	798	32	1	0	0.0
2025-11-03	14:59:23[280]	0	0	0	0	0	0	0	0	0	0	-72	-31	-221	203.294563253894	0	0	-785	785	32	1	0	0.0
2025-11-03	14:59:23[340]	0	0	0	0	0	0	0	0	0	0	-74	-29	-225	201.399810132082	0	0	-789	789	32	1	0	0.0
2025-11-03	14:59:23[402]	0	0	0	0	0	0	0	0	0	0	-73	-29	-233	201.66595872329	0	0	-797	797	32	1	0	0.0
2025-11-03	14:59:23[479]	0	0	0	0	0	0	0	0	0	0	-75	-28	-225	200.472279519742	0	0	-789	789	32	1	0	0.0
2025-11-03	14:59:23[685]	0	0	0	0	0	0	0	0	0	0	-76	-29	-229	200.885801460693	0	0	-793	793	32	1	0	0.0
2025-11-03	14:59:23[875]	0	0	0	0	0	0	0	0	0	0	-69	-27	-227	201.370622269343	0	0	-791	791	32	1	0	0.0
2025-11-03	14:59:24[067]	0	0	0	0	0	0	0	0	0	0	-73	-28	-224	200.984897835882	0	0	-788	788	32	1	0	0.0
2025-11-03	14:59:24[264]	0	0	0	0	0	0	0	0	0	0	-72	-29	-230	201.938480467706	0	0	-794	794	32	1	0	0.0
2025-11-03	14:59:24[457]	0	0	0	0	0	0	0	0	0	0	-77	-28	-226	199.9831065219	0	0	-790	790	32	1	0	0.0
2025-11-03	14:59:24[664]	0	0	0	0	0	0	0	0	0	0	-74	-32	-223	203.385221057214	0	0	-787	787	32	1	0	0.0
2025-11-03	14:59:24[855]	0	0	0	0	0	0	0	0	0	0	-75	-28	-228	200.472279519742	0	0	-792	792	32	1	0	0.0
2025-11-03	14:59:25[047]	0	0	0	0	0	0	0	0	0	0	-72	-35	-231	205.924901507554	0	0	-795	795	32	1	0	0.0
2025-11-03	14:59:25[253]	0	0	0	0	0	0	0	0	0	0	-73	-30	-227	202.340647959994	0	0	-791	791	32	1	0	0.0
2025-11-03	14:59:25[444]	0	0	0	0	0	0	0	0	0	0	-71	-25	-219	199.397812448558	0	0	-783	783	32	1	0	0.0
2025-11-03	14:59:25[638]	0	0	0	0	0	0	0	0	0	0	-74	-33	-223	204.034288159443	0	0	-787	787	32	1	0	0.0
2025-11-03	14:59:25[837]	0	0	0	0	0	0	0	0	0	0	-77	-29	-228	200.637546984688	0	0	-792	792	32	1	0	0.0
2025-11-03	14:59:26[028]	0	0	0	0	0	0	0	0	0	0	-73	-28	-227	200.984897835882	0	0	-791	791	32	1	0	0.0
2025-11-03	14:59:26[225]	0	0	0	0	0	0	0	0	0	0	-75	-29	-221	201.139824808658	0	0	-785	785	32	1	0	0.0
2025-11-03	14:59:26[423]	0	0	0	0	0	0	0	0	0	0	-77	-28	-230	199.9831065219	0	0	-794	794	32	1	0	0.0
2025-11-03	14:59:26[614]	0	0	0	0	0	0	0	0	0	0	-78	-34	-229	203.552263672895	0	0	-793	793	32	1	0	0.0
2025-11-03	14:59:26[823]	0	0	0	0	0	0	0	0	0	0	-69	-34	-223	206.231939933157	0	0	-787	787	32	1	0	0.0
2025-11-03	14:59:27[015]	0	0	0	0	0	0	0	0	0	0	-74	-29	-222	201.399810132082	0	0	-786	786	32	1	0	0.0
2025-11-03	14:59:27[214]	0	0	0	0	0	0	0	0	0	0	-75	-26	-228	199.119726329931	0	0	-792	792	32	1	0	0.0
2025-11-03	14:59:27[402]	0	0	0	0	0	0	0	0	0	0	-69	-28	-225	202.087171603228	0	0	-789	789	32	1	0	0.0
2025-11-03	14:59:27[601]	0	0	0	0	0	0	0	0	0	0	-72	-35	-229	205.924901507554	0	0	-793	793	32	1	0	0.0
2025-11-03	14:59:27[794]	0	0	0	0	0	0	0	0	0	0	-69	-31	-229	204.193208987289	0	0	-793	793	32	1	0	0.0
2025-11-03	14:59:28[001]	0	0	0	0	0	0	0	0	0	0	-75	-33	-226	203.749494492867	0	0	-790	790	32	1	0	0.0
2025-11-03	14:59:28[193]	0	0	0	0	0	0	0	0	0	0	-70	-33	-230	205.240529264787	0	0	-794	794	32	1	0	0.0
2025-11-03	14:59:28[385]	0	0	0	0	0	0	0	0	0	0	-70	-26	-230	200.376435213836	0	0	-794	794	32	1	0	0.0
2025-11-03	14:59:28[582]	0	0	0	0	0	0	0	0	0	0	-77	-36	-223	205.057615418303	0	0	-787	787	32	1	0	0.0
2025-11-03	14:59:28[778]	0	0	0	0	0	0	0	0	0	0	-74	-32	-230	203.385221057214	0	0	-794	794	32	1	0	0.0
2025-11-03	14:59:28[971]	0	0	0	0	0	0	0	0	0	0	-78	-30	-229	201.037511025422	0	0	-793	793	32	1	0	0.0
2025-11-03	14:59:29[179]	0	0	0	0	0	0	0	0	0	0	-71	-32	-226	204.261290852478	0	0	-790	790	32	1	0	0.0
2025-11-03	14:59:29[373]	0	0	0	0	0	0	0	0	0	0	-73	-39	-222	208.113208876056	0	0	-786	786	32	1	0	0.0
2025-11-03	14:59:29[562]	0	0	0	0	0	0	0	0	0	0	-76	-28	-227	200.224859431168	0	0	-791	791	32	1	0	0.0
2025-11-03	14:59:29[760]	0	0	0	0	0	0	0	0	0	0	-75	-32	-230	203.106326858272	0	0	-794	794	32	1	0	0.0
2025-11-03	14:59:29[955]	0	0	0	0	0	0	0	0	0	0	-78	-33	-229	202.93210043759	0	0	-793	793	32	1	0	0.0
2025-11-03	14:59:30[152]	0	0	0	0	0	0	0	0	0	0	-69	-33	-229	205.559965171824	0	0	-793	793	32	1	0	0.0
2025-11-03	14:59:30[348]	0	0	0	0	0	0	0	0	0	0	-73	-35	-228	205.615484320642	0	0	-792	792	32	1	0	0.0
2025-11-03	14:59:30[539]	0	0	0	0	0	0	0	0	0	0	-72	-31	-228	203.294563253894	0	0	-792	792	32	1	0	0.0
2025-11-03	14:59:30[749]	0	0	0	0	0	0	0	0	0	0	-76	-29	-228	200.885801460693	0	0	-792	792	32	1	0	0.0
2025-11-03	14:59:30[940]	0	0	0	0	0	0	0	0	0	0	-71	-38	-226	208.156191448273	0	0	-790	790	32	1	0	0.0
2025-11-03	14:59:31[134]	0	0	0	0	0	0	0	0	0	0	-71	-28	-229	201.522600107907	0	0	-793	793	32	1	0	0.0
2025-11-03	14:59:31[326]	0	0	0	0	0	0	0	0	0	0	-76	-31	-228	202.190288896123	0	0	-792	792	32	1	0	0.0
2025-11-03	14:59:31[532]	0	0	0	0	0	0	0	0	0	0	-76	-33	-225	203.470993118161	0	0	-789	789	32	1	0	0.0
2025-11-03	14:59:31[729]	0	0	0	0	0	0	0	0	0	0	-71	-29	-229	202.217594269518	0	0	-793	793	32	1	0	0.0
2025-11-03	14:59:31[918]	0	0	0	0	0	0	0	0	0	0	-74	-29	-230	201.399810132082	0	0	-794	794	32	1	0	0.0
2025-11-03	14:59:32[110]	0	0	0	0	0	0	0	0	0	0	-74	-29	-229	201.399810132082	0	0	-793	793	32	1	0	0.0
2025-11-03	14:59:32[320]	0	0	0	0	0	0	0	0	0	0	-72	-28	-228	201.250505507133	0	0	-792	792	32	1	0	0.0
2025-11-03	14:59:32[509]	0	0	0	0	0	0	0	0	0	0	-76	-30	-230	201.540975918538	0	0	-794	794	32	1	0	0.0
2025-11-03	14:59:32[700]	0	0	0	0	0	0	0	0	0	0	-71	-28	-224	201.522600107907	0	0	-788	788	32	1	0	0.0
2025-11-03	14:59:32[910]	0	0	0	0	0	0	0	0	0	0	-75	-27	-227	199.798876354525	0	0	-791	791	32	1	0	0.0
2025-11-03	14:59:33[100]	0	0	0	0	0	0	0	0	0	0	-72	-26	-232	199.855214369321	0	0	-796	796	32	1	0	0.0
2025-11-03	14:59:33[593]	0	0	0	0	0	0	0	0	0	0	-71	-25	-233	199.397812448558	0	0	-797	797	32	1	0	0.0
2025-11-03	14:59:33[679]	0	0	0	0	0	0	0	0	0	0	-78	-35	-228	204.166629842985	0	0	-792	792	32	1	0	0.0
2025-11-03	14:59:33[756]	0	0	0	0	0	0	0	0	0	0	-79	-24	-225	196.898648694038	0	0	-789	789	32	1	0	0.0
2025-11-03	14:59:33[893]	0	0	0	0	0	0	0	0	0	0	-72	-32	-227	203.962488974578	0	0	-791	791	32	1	0	0.0
2025-11-03	14:59:34[082]	0	0	0	0	0	0	0	0	0	0	-65	-28	-226	203.304890539203	0	0	-790	790	32	1	0	0.0
2025-11-03	14:59:34[273]	0	0	0	0	0	0	0	0	0	0	-69	-36	-224	207.552811576718	0	0	-788	788	32	1	0	0.0
2025-11-03	14:59:34[472]	0	0	0	0	0	0	0	0	0	0	-73	-29	-228	201.66595872329	0	0	-792	792	32	1	0	0.0
2025-11-03	14:59:34[663]	0	0	0	0	0	0	0	0	0	0	-76	-28	-226	200.224859431168	0	0	-790	790	32	1	0	0.0
2025-11-03	14:59:34[871]	0	0	0	0	0	0	0	0	0	0	32699	-29	-218	359.949185688546	0	0	-782	782	32	1	0	0.0
2025-11-03	14:59:35[062]	0	0	0	0	0	0	0	0	0	0	-75	-29	-224	201.139824808658	0	0	-788	788	32	1	0	0.0
2025-11-03	14:59:35[257]	0	0	0	0	0	0	0	0	0	0	-79	-27	-228	198.868999455061	0	0	-792	792	32	1	0	0.0
2025-11-03	14:59:35[446]	0	0	0	0	0	0	0	0	0	0	-72	-30	-229	202.61986494804	0	0	-793	793	32	1	0	0.0
2025-11-03	14:59:35[654]	0	0	0	0	0	0	0	0	0	0	-70	-33	-231	205.240529264787	0	0	-795	795	32	1	0	0.0
2025-11-03	14:59:35[849]	0	0	0	0	0	0	0	0	0	0	-67	-27	-225	201.948699083527	0	0	-789	789	32	1	0	0.0
2025-11-03	14:59:36[040]	0	0	0	0	0	0	0	0	0	0	-73	-23	-224	197.487997376149	0	0	-788	788	32	1	0	0.0
2025-11-03	14:59:36[232]	0	0	0	0	0	0	0	0	0	0	-76	-38	-227	206.565051177078	0	0	-791	791	32	1	0	0.0
2025-11-03	14:59:36[444]	0	0	0	0	0	0	0	0	0	0	-72	-34	-234	205.277722235553	0	0	-798	798	32	1	0	0.0
2025-11-03	14:59:36[637]	0	0	0	0	0	0	0	0	0	0	-75	-35	-229	205.0168934781	0	0	-793	793	32	1	0	0.0
2025-11-03	14:59:36[830]	0	0	0	0	0	0	0	0	0	0	-64	-33	-223	207.276763383114	0	0	-787	787	32	1	0	0.0
2025-11-03	14:59:37[035]	0	0	0	0	0	0	0	0	0	0	-79	-27	-228	198.868999455061	0	0	-792	792	32	1	0	0.0
2025-11-03	14:59:37[224]	0	0	0	0	0	0	0	0	0	0	-71	-30	-221	202.905769658417	0	0	-785	785	32	1	0	0.0
2025-11-03	14:59:37[415]	0	0	0	0	0	0	0	0	0	0	-69	-35	-224	206.896236965493	0	0	-788	788	32	1	0	0.0
2025-11-03	14:59:37[615]	0	0	0	0	0	0	0	0	0	0	-73	-26	-225	199.604088150829	0	0	-789	789	32	1	0	0.0
2025-11-03	14:59:37[803]	0	0	0	0	0	0	0	0	0	0	-72	-31	-219	203.294563253894	0	0	-783	783	32	1	0	0.0
2025-11-03	14:59:38[011]	0	0	0	0	0	0	0	0	0	0	-67	-27	-223	201.948699083527	0	0	-787	787	32	1	0	0.0
2025-11-03	14:59:38[202]	0	0	0	0	0	0	0	0	0	0	-69	-29	-226	202.796521467943	0	0	-790	790	32	1	0	0.0
2025-11-03	14:59:38[397]	0	0	0	0	0	0	0	0	0	0	-70	-27	-221	201.092339505828	0	0	-785	785	32	1	0	0.0
2025-11-03	14:59:38[586]	0	0	0	0	0	0	0	0	0	0	-84	-28	-225	198.434948822922	0	0	-789	789	32	1	0	0.0
2025-11-03	14:59:38[904]	0	0	0	0	0	0	0	0	0	0	-79	-24	-222	196.898648694038	0	0	-786	786	32	1	0	0.0
2025-11-03	14:59:38[986]	0	0	0	0	0	0	0	0	0	0	-72	-29	-223	201.938480467706	0	0	-787	787	32	1	0	0.0
2025-11-03	14:59:39[179]	0	0	0	0	0	0	0	0	0	0	-68	-25	-225	200.185803009465	0	0	-789	789	32	1	0	0.0
2025-11-03	14:59:39[391]	0	0	0	0	0	0	0	0	0	0	-69	-34	-227	206.231939933157	0	0	-791	791	32	1	0	0.0
2025-11-03	14:59:39[579]	0	0	0	0	0	0	0	0	0	0	-70	-30	-225	203.198590513648	0	0	-789	789	32	1	0	0.0
2025-11-03	14:59:39[773]	0	0	0	0	0	0	0	0	0	0	-73	-28	-224	200.984897835882	0	0	-788	788	32	1	0	0.0
2025-11-03	14:59:39[964]	0	0	0	0	0	0	0	0	0	0	-76	-26	-229	198.886087369709	0	0	-793	793	32	1	0	0.0
2025-11-03	14:59:40[171]	0	0	0	0	0	0	0	0	0	0	-74	-37	-227	206.565051177078	0	0	-791	791	32	1	0	0.0
2025-11-03	14:59:40[360]	0	0	0	0	0	0	0	0	0	0	-70	-30	-230	203.198590513648	0	0	-794	794	32	1	0	0.0
2025-11-03	14:59:40[554]	0	0	0	0	0	0	0	0	0	0	-76	-27	-233	199.558251536997	0	0	-797	797	32	1	0	0.0
2025-11-03	14:59:40[760]	0	0	0	0	0	0	0	0	0	0	-68	-26	-224	200.924501744921	0	0	-788	788	32	1	0	0.0
2025-11-03	14:59:40[953]	0	0	0	0	0	0	0	0	0	0	-72	-32	-229	203.962488974578	0	0	-793	793	32	1	0	0.0
2025-11-03	14:59:41[146]	0	0	0	0	0	0	0	0	0	0	-75	-33	-220	203.749494492867	0	0	-784	784	32	1	0	0.0
2025-11-03	14:59:41[335]	0	0	0	0	0	0	0	0	0	0	-70	-33	-221	205.240529264787	0	0	-785	785	32	1	0	0.0
2025-11-03	14:59:41[544]	0	0	0	0	0	0	0	0	0	0	-66	-29	-217	203.720395572305	0	0	-781	781	32	1	0	0.0
2025-11-03	14:59:41[737]	0	0	0	0	0	0	0	0	0	0	-73	-33	-223	204.325575239126	0	0	-787	787	32	1	0	0.0
2025-11-03	14:59:41[926]	0	0	0	0	0	0	0	0	0	0	-71	-29	-231	202.217594269518	0	0	-795	795	32	1	0	0.0
2025-11-03	14:59:42[135]	0	0	0	0	0	0	0	0	0	0	-75	-30	-223	201.801409486352	0	0	-787	787	32	1	0	0.0
2025-11-03	14:59:42[329]	0	0	0	0	0	0	0	0	0	0	-74	-34	-224	204.676863170337	0	0	-788	788	32	1	0	0.0
2025-11-03	14:59:42[521]	0	0	0	0	0	0	0	0	0	0	-76	-32	-223	202.833654177918	0	0	-787	787	32	1	0	0.0
2025-11-03	14:59:42[714]	0	0	0	0	0	0	0	0	0	0	-67	-33	-221	206.221966777554	0	0	-785	785	32	1	0	0.0
2025-11-03	14:59:42[920]	0	0	0	0	0	0	0	0	0	0	-69	-30	-218	203.498565675952	0	0	-782	782	32	1	0	0.0
2025-11-03	14:59:43[110]	0	0	0	0	0	0	0	0	0	0	-69	-25	-221	199.916405993809	0	0	-785	785	32	1	0	0.0
2025-11-03	14:59:43[304]	0	0	0	0	0	0	0	0	0	0	-75	-26	-228	199.119726329931	0	0	-792	792	32	1	0	0.0
2025-11-03	14:59:43[495]	0	0	0	0	0	0	0	0	0	0	-75	-31	-226	202.456938999942	0	0	-790	790	32	1	0	0.0
2025-11-03	14:59:43[703]	0	0	0	0	0	0	0	0	0	0	-77	-32	-214	202.567009077875	0	0	-778	778	32	1	0	0.0
2025-11-03	14:59:43[895]	0	0	0	0	0	0	0	0	0	0	-72	-28	-229	201.250505507133	0	0	-793	793	32	1	0	0.0
2025-11-03	14:59:44[086]	0	0	0	0	0	0	0	0	0	0	-78	-24	-225	197.102728969052	0	0	-789	789	32	1	0	0.0
2025-11-03	14:59:44[297]	0	0	0	0	0	0	0	0	0	0	-68	-26	-218	200.924501744921	0	0	-782	782	32	1	0	0.0
2025-11-03	14:59:44[486]	0	0	0	0	0	0	0	0	0	0	-70	-27	-220	201.092339505828	0	0	-784	784	32	1	0	0.0
2025-11-03	14:59:44[677]	0	0	0	0	0	0	0	0	0	0	-66	-30	-220	204.443954780417	0	0	-784	784	32	1	0	0.0
2025-11-03	14:59:44[872]	0	0	0	0	0	0	0	0	0	0	-69	-31	-215	204.193208987289	0	0	-779	779	32	1	0	0.0
2025-11-03	14:59:45[079]	0	0	0	0	0	0	0	0	0	0	-71	-28	-223	201.522600107907	0	0	-787	787	32	1	0	0.0
2025-11-03	14:59:45[273]	0	0	0	0	0	0	0	0	0	0	-71	-26	-227	200.112588289075	0	0	-791	791	32	1	0	0.0
2025-11-03	14:59:45[463]	0	0	0	0	0	0	0	0	0	0	-67	-26	-223	201.209226134223	0	0	-787	787	32	1	0	0.0
2025-11-03	14:59:45[654]	0	0	0	0	0	0	0	0	0	0	-68	-32	-218	205.201123645475	0	0	-782	782	32	1	0	0.0
2025-11-03	14:59:45[862]	0	0	0	0	0	0	0	0	0	0	-70	-35	-215	206.565051177078	0	0	-779	779	32	1	0	0.0
2025-11-03	14:59:46[055]	0	0	0	0	0	0	0	0	0	0	-72	-27	-227	200.556045219583	0	0	-791	791	32	1	0	0.0
2025-11-03	14:59:46[247]	0	0	0	0	0	0	0	0	0	0	-77	-29	-223	200.637546984688	0	0	-787	787	32	1	0	0.0
2025-11-03	14:59:46[438]	0	0	0	0	0	0	0	0	0	0	-73	-29	-226	201.66595872329	0	0	-790	790	32	1	0	0.0
2025-11-03	14:59:46[646]	0	0	0	0	0	0	0	0	0	0	-69	-29	-225	202.796521467943	0	0	-789	789	32	1	0	0.0
2025-11-03	14:59:46[840]	0	0	0	0	0	0	0	0	0	0	-73	-23	-222	197.487997376149	0	0	-786	786	32	1	0	0.0
2025-11-03	14:59:47[029]	0	0	0	0	0	0	0	0	0	0	-76	-34	-223	204.102234501161	0	0	-787	787	32	1	0	0.0
2025-11-03	14:59:47[239]	0	0	0	0	0	0	0	0	0	0	-71	-32	-227	204.261290852478	0	0	-791	791	32	1	0	0.0
2025-11-03	14:59:47[431]	0	0	0	0	0	0	0	0	0	0	-75	-30	-223	201.801409486352	0	0	-787	787	32	1	0	0.0
2025-11-03	14:59:47[625]	0	0	0	0	0	0	0	0	0	0	-72	-33	-230	204.623564786164	0	0	-794	794	32	1	0	0.0
2025-11-03	14:59:47[818]	0	0	0	0	0	0	0	0	0	0	-71	-27	-224	200.820892853311	0	0	-788	788	32	1	0	0.0
2025-11-03	14:59:48[023]	0	0	0	0	0	0	0	0	0	0	-70	-30	-221	203.198590513648	0	0	-785	785	32	1	0	0.0
2025-11-03	14:59:48[215]	0	0	0	0	0	0	0	0	0	0	-77	-34	-225	203.824260582895	0	0	-789	789	32	1	0	0.0
2025-11-03	14:59:48[409]	0	0	0	0	0	0	0	0	0	0	-76	-26	-227	198.886087369709	0	0	-791	791	32	1	0	0.0
2025-11-03	14:59:48[600]	0	0	0	0	0	0	0	0	0	0	-72	-34	-226	205.277722235553	0	0	-790	790	32	1	0	0.0
2025-11-03	14:59:48[807]	0	0	0	0	0	0	0	0	0	0	-69	-33	-222	205.559965171824	0	0	-786	786	32	1	0	0.0
2025-11-03	14:59:48[993]	0	0	0	0	0	0	0	0	0	0	-71	-24	-222	198.67670173219	0	0	-786	786	32	1	0	0.0
2025-11-03	14:59:49[185]	0	0	0	0	0	0	0	0	0	0	-68	-28	-231	202.38013505196	0	0	-795	795	32	1	0	0.0
2025-11-03	14:59:49[397]	0	0	0	0	0	0	0	0	0	0	-71	-36	-222	206.886934192477	0	0	-786	786	32	1	0	0.0
2025-11-03	14:59:49[584]	0	0	0	0	0	0	0	0	0	0	-68	-31	-222	204.50740523013	0	0	-786	786	32	1	0	0.0
2025-11-03	14:59:49[779]	0	0	0	0	0	0	0	0	0	0	-66	-29	-222	203.720395572305	0	0	-786	786	32	1	0	0.0
2025-11-03	14:59:49[989]	0	0	0	0	0	0	0	0	0	0	-75	-31	-224	202.456938999942	0	0	-788	788	32	1	0	0.0
2025-11-03	14:59:50[178]	0	0	0	0	0	0	0	0	0	0	-71	-25	-222	199.397812448558	0	0	-786	786	32	1	0	0.0
2025-11-03	14:59:50[369]	0	0	0	0	0	0	0	0	0	0	-73	-27	-219	200.297569772229	0	0	-783	783	32	1	0	0.0
2025-11-03	14:59:50[562]	0	0	0	0	0	0	0	0	0	0	-74	-31	-224	202.729732079945	0	0	-788	788	32	1	0	0.0
2025-11-03	14:59:50[771]	0	0	0	0	0	0	0	0	0	0	-77	-31	-227	201.929587750175	0	0	-791	791	32	1	0	0.0
2025-11-03	14:59:50[962]	0	0	0	0	0	0	0	0	0	0	-68	-31	-228	204.50740523013	0	0	-792	792	32	1	0	0.0
2025-11-03	14:59:51[157]	0	0	0	0	0	0	0	0	0	0	-69	-27	-223	201.370622269343	0	0	-787	787	32	1	0	0.0
2025-11-03	14:59:51[344]	0	0	0	0	0	0	0	0	0	0	-67	-25	-227	200.462271523422	0	0	-791	791	32	1	0	0.0
2025-11-03	14:59:51[553]	0	0	0	0	0	0	0	0	0	0	-71	-32	-221	204.261290852478	0	0	-785	785	32	1	0	0.0
2025-11-03	14:59:51[746]	0	0	0	0	0	0	0	0	0	0	-67	-31	-226	204.82934658815	0	0	-790	790	32	1	0	0.0
2025-11-03	14:59:51[936]	0	0	0	0	0	0	0	0	0	0	-75	-28	-226	200.472279519742	0	0	-790	790	32	1	0	0.0
2025-11-03	14:59:52[148]	0	0	0	0	0	0	0	0	0	0	-71	-32	-224	204.261290852478	0	0	-788	788	32	1	0	0.0
2025-11-03	14:59:52[339]	0	0	0	0	0	0	0	0	0	0	-71	-30	-225	202.905769658417	0	0	-789	789	32	1	0	0.0
2025-11-03	14:59:52[529]	0	0	0	0	0	0	0	0	0	0	-65	-30	-226	204.775140568832	0	0	-790	790	32	1	0	0.0
2025-11-03	14:59:52[723]	0	0	0	0	0	0	0	0	0	0	-68	-29	-222	203.096821918161	0	0	-786	786	32	1	0	0.0
2025-11-03	14:59:52[928]	0	0	0	0	0	0	0	0	0	0	-64	-23	-226	199.767168676792	0	0	-790	790	32	1	0	0.0
2025-11-03	14:59:53[118]	0	0	0	0	0	0	0	0	0	0	-69	-37	-230	208.201628218695	0	0	-794	794	32	1	0	0.0
2025-11-03	14:59:53[311]	0	0	0	0	0	0	0	0	0	0	-76	-29	-221	200.885801460693	0	0	-785	785	32	1	0	0.0
2025-11-03	14:59:53[521]	0	0	0	0	0	0	0	0	0	0	-70	-33	-221	205.240529264787	0	0	-785	785	32	1	0	0.0
2025-11-03	14:59:53[710]	0	0	0	0	0	0	0	0	0	0	-74	-29	-228	201.399810132082	0	0	-792	792	32	1	0	0.0
2025-11-03	14:59:53[901]	0	0	0	0	0	0	0	0	0	0	-73	-31	-221	203.008870082823	0	0	-785	785	32	1	0	0.0
2025-11-03	14:59:54[097]	0	0	0	0	0	0	0	0	0	0	-72	-31	-216	203.294563253894	0	0	-780	780	32	1	0	0.0
2025-11-03	14:59:54[307]	0	0	0	0	0	0	0	0	0	0	-74	-28	-223	200.725558865561	229	0	-787	787	32	1	0	0.0
2025-11-03	14:59:54[496]	0	0	0	0	0	0	0	0	0	0	-69	-29	-224	202.796521467943	0	0	-788	788	32	1	0	0.0
2025-11-03	14:59:54[686]	0	0	0	0	0	0	0	0	0	0	-74	-30	-224	202.06789956241	0	0	-788	788	32	1	0	0.0
2025-11-03	14:59:54[895]	0	0	0	0	0	0	0	0	0	0	-79	-33	-227	202.671343621981	0	0	-791	791	32	1	0	0.0
2025-11-03	14:59:55[081]	0	0	0	0	0	0	0	0	0	0	-67	-29	-222	203.404689551032	0	0	-786	786	32	1	0	0.0
2025-11-03	14:59:55[275]	0	0	0	0	0	0	0	0	0	0	-74	-28	-224	200.725558865561	0	0	-788	788	32	1	0	0.0
2025-11-03	14:59:55[480]	0	0	0	0	0	0	0	0	0	0	-70	-27	-224	201.092339505828	0	0	-788	788	32	1	0	0.0
2025-11-03	14:59:55[672]	0	0	0	0	0	0	0	0	0	0	-72	-37	-221	207.198127948509	0	0	-785	785	32	1	0	0.0
2025-11-03	14:59:55[864]	0	0	0	0	0	0	0	0	0	0	-70	-26	-221	200.376435213836	0	0	-785	785	32	1	0	0.0
2025-11-03	14:59:56[056]	0	0	0	0	0	0	0	0	0	0	-76	-32	-221	202.833654177918	0	0	-785	785	32	1	0	0.0
2025-11-03	14:59:56[265]	0	0	0	0	0	0	0	0	0	0	-75	-33	-226	203.749494492867	0	0	-790	790	32	1	0	0.0
2025-11-03	14:59:56[456]	0	0	0	0	0	0	0	0	0	0	-71	-29	-221	202.217594269518	0	0	-785	785	32	1	0	0.0
2025-11-03	14:59:56[650]	0	0	0	0	0	0	0	0	0	0	-77	-37	-221	205.665191462174	0	0	5103	785	32	1	0	0.0
2025-11-03	14:59:56[857]	0	0	0	0	0	0	0	0	0	0	-66	-35	-219	207.937142826539	0	0	-783	783	32	1	0	0.0
2025-11-03	14:59:57[048]	0	0	0	0	0	0	0	0	0	0	-78	-28	-225	199.746836605426	0	0	-789	789	32	1	0	0.0
2025-11-03	14:59:57[239]	0	0	0	0	0	0	0	0	0	0	-73	-23	-225	197.487997376149	0	0	-789	789	32	1	0	0.0
2025-11-03	14:59:57[433]	0	0	0	0	0	0	0	0	0	0	-77	-27	-226	199.323184318162	0	0	-790	790	32	1	0	0.0
2025-11-03	14:59:57[641]	0	0	0	0	0	0	0	0	0	0	-74	-35	-227	205.312883801874	0	0	-791	791	32	1	0	0.0
2025-11-03	14:59:57[836]	0	0	0	0	0	0	0	0	0	0	-72	-29	-225	201.938480467706	0	0	-789	789	32	1	0	0.0
2025-11-03	14:59:58[024]	0	0	0	0	0	0	0	0	0	0	-71	-35	-228	206.241349652158	0	0	-792	792	32	1	0	0.0
2025-11-03	14:59:58[215]	0	0	0	0	0	0	0	0	0	0	-76	-29	-219	200.885801460693	0	0	-783	783	32	1	0	0.0
2025-11-03	14:59:58[426]	0	0	0	0	0	0	0	0	0	0	-72	-28	-219	201.250505507133	0	0	-783	783	32	1	0	0.0
2025-11-03	14:59:58[617]	0	0	0	0	0	0	0	0	0	0	-69	-33	-224	205.559965171824	0	0	-788	788	32	1	0	0.0
2025-11-03	14:59:58[808]	0	0	0	0	0	0	0	0	0	0	-69	-30	-222	203.498565675952	0	0	-786	786	32	1	0	0.0
2025-11-03	14:59:59[020]	0	0	0	0	0	0	0	0	0	0	-71	-29	-218	202.217594269518	0	0	-782	782	32	1	0	0.0
2025-11-03	14:59:59[208]	0	0	0	0	0	0	0	0	0	0	-73	-26	-223	199.604088150829	0	0	-787	787	32	1	0	0.0
2025-11-03	14:59:59[401]	0	0	0	0	0	0	0	0	0	0	-74	-28	-219	200.725558865561	0	0	-783	783	32	1	0	0.0
2025-11-03	14:59:59[591]	0	0	0	0	0	0	0	0	0	0	-74	-31	-227	202.729732079945	0	0	-791	791	32	1	0	0.0
2025-11-03	14:59:59[794]	0	0	0	0	0	0	0	0	0	0	-74	-29	-230	201.399810132082	0	0	-794	794	32	1	0	0.0
2025-11-03	14:59:59[991]	0	0	0	0	0	0	0	0	0	0	-73	-27	-224	200.297569772229	0	0	-788	788	32	1	0	0.0
2025-11-03	15:00:00[194]	0	0	0	0	0	0	0	0	0	0	-69	-31	-221	204.193208987289	0	0	-785	785	32	1	0	0.0
2025-11-03	15:00:01[235]	0	0	0	0	0	0	0	0	0	0	-73	-28	-228	200.984897835882	0	0	-792	792	32	1	0	0.0
2025-11-03	15:00:01[278]	0	0	0	0	0	0	0	0	0	0	-70	-30	-222	203.198590513648	0	0	-786	786	32	1	0	0.0
2025-11-03	15:00:01[330]	0	0	0	0	0	0	0	0	0	0	-72	-31	-223	203.294563253894	0	0	-787	787	32	1	0	0.0
2025-11-03	15:00:01[405]	0	0	0	0	0	0	0	0	0	0	-70	-33	-215	205.240529264787	0	0	-779	779	32	1	0	0.0
2025-11-03	15:00:01[468]	0	0	0	0	0	0	0	0	0	0	-76	-31	-224	202.190288896123	0	0	-788	788	32	1	0	0.0
2025-11-03	15:00:01[512]	0	0	0	0	0	0	0	0	0	0	-77	-27	-223	199.323184318162	0	0	-787	787	32	1	0	0.0
2025-11-03	15:00:01[555]	0	0	0	0	0	0	0	0	0	0	-76	-28	-221	200.224859431168	0	0	-785	785	32	1	0	0.0
2025-11-03	15:00:01[764]	0	0	0	0	0	0	0	0	0	0	-72	-34	-222	205.277722235553	0	0	-786	786	32	1	0	0.0
2025-11-03	15:00:01[955]	0	0	0	0	0	0	0	0	0	0	-70	-29	-221	202.503528499767	0	0	-785	785	32	1	0	0.0
2025-11-03	15:00:02[145]	0	0	0	0	0	0	0	0	0	0	-73	-32	-226	203.67053848472	0	0	-790	790	32	1	0	0.0
2025-11-03	15:00:02[352]	0	0	0	0	0	0	0	0	0	0	-72	-30	-227	202.61986494804	0	0	-791	791	32	1	0	0.0
2025-11-03	15:00:02[545]	0	0	0	0	0	0	0	0	0	0	-68	-31	-220	204.50740523013	0	0	-784	784	32	1	0	0.0
2025-11-03	15:00:02[737]	0	0	0	0	0	0	0	0	0	0	-74	-26	-225	199.358994175695	0	0	-789	789	32	1	0	0.0
2025-11-03	15:00:02[931]	0	0	0	0	0	0	0	0	0	0	-70	-33	-217	205.240529264787	0	0	-781	781	32	1	0	0.0
2025-11-03	15:00:03[139]	0	0	0	0	0	0	0	0	0	0	-72	-30	-219	202.61986494804	0	0	-783	783	32	1	0	0.0
2025-11-03	15:00:03[329]	0	0	0	0	0	0	0	0	0	0	-75	-31	-224	202.456938999942	0	0	-788	788	32	1	0	0.0
2025-11-03	15:00:03[526]	0	0	0	0	0	0	0	0	0	0	-70	-28	-223	201.801409486352	0	0	-787	787	32	1	0	0.0
2025-11-03	15:00:03[716]	0	0	0	0	0	0	0	0	0	0	-73	-29	-223	201.66595872329	0	0	-787	787	32	1	0	0.0
2025-11-03	15:00:03[924]	0	0	0	0	0	0	0	0	0	0	-69	-31	-224	204.193208987289	0	0	-788	788	32	1	0	0.0
2025-11-03	15:00:04[113]	0	0	0	0	0	0	0	0	0	0	-70	-32	-231	204.567171320601	0	0	-795	795	32	1	0	0.0
2025-11-03	15:00:04[305]	0	0	0	0	0	0	0	0	0	0	-74	-27	-47	200.045249425421	0	0	-781	781	32	1	0	0.0
2025-11-03	15:00:04[515]	0	0	0	0	0	0	0	0	0	0	-72	-29	-221	201.938480467706	0	0	-785	785	32	1	0	0.0
2025-11-03	15:00:04[704]	0	0	0	0	0	0	0	0	0	0	-69	-37	-227	208.201628218695	0	0	-791	791	32	1	0	0.0
2025-11-03	15:00:04[898]	0	0	0	0	0	0	0	0	0	0	-70	-30	-218	203.198590513648	0	0	-782	782	32	1	0	0.0
2025-11-03	15:00:05[089]	0	0	0	0	0	0	0	0	0	0	-67	-40	-219	210.837831944687	0	0	-783	783	32	1	0	0.0
2025-11-03	15:00:05[299]	0	0	0	0	0	0	0	0	0	0	-75	-24	-222	197.744671625057	0	0	-786	786	32	1	0	0.0
2025-11-03	15:00:05[489]	0	0	0	0	0	0	0	0	0	0	-73	-33	-224	204.325575239126	0	0	-788	788	32	1	0	0.0
2025-11-03	15:00:05[679]	0	0	0	0	0	0	0	0	0	0	-67	-28	-224	202.680559607025	0	0	-788	788	32	1	0	0.0
2025-11-03	15:00:05[871]	0	0	0	0	0	0	0	0	0	0	-65	-28	-219	203.304890539203	0	0	-783	783	32	1	0	0.0
2025-11-03	15:00:06[082]	0	0	0	0	0	0	0	0	0	0	-74	-30	-225	202.06789956241	0	0	-789	789	32	1	0	0.0
2025-11-03	15:00:06[272]	0	0	0	0	0	0	0	0	0	0	-73	-31	-222	203.008870082823	0	0	-786	786	32	1	0	0.0
2025-11-03	15:00:06[464]	0	0	0	0	0	0	0	0	0	0	-69	-32	-221	204.880366859182	0	0	-785	785	32	1	0	0.0
2025-11-03	15:00:06[673]	0	0	0	0	0	0	0	0	0	0	-73	-30	-222	202.340647959994	0	0	-786	786	32	1	0	0.0
2025-11-03	15:00:06[867]	0	0	0	0	0	0	0	0	0	0	-75	-29	-224	201.139824808658	0	0	-788	788	32	1	0	0.0
2025-11-03	15:00:07[056]	0	0	0	0	0	0	0	0	0	0	-74	-34	-224	204.676863170337	0	0	-788	788	32	1	0	0.0
2025-11-03	15:00:07[252]	0	0	0	0	0	0	0	0	0	0	-68	-29	-218	203.096821918161	0	0	-782	782	32	1	0	0.0
2025-11-03	15:00:07[455]	0	0	0	0	0	0	0	0	0	0	-68	-26	-222	200.924501744921	0	0	-786	786	32	1	0	0.0
2025-11-03	15:00:07[648]	0	0	0	0	0	0	0	0	0	0	-71	-36	-226	206.886934192477	0	0	-790	790	32	1	0	0.0
2025-11-03	15:00:07[844]	0	0	0	0	0	0	0	0	0	0	-77	-28	-226	199.9831065219	0	0	-790	790	32	1	0	0.0
2025-11-03	15:00:08[046]	0	0	0	0	0	0	0	0	0	0	-73	-28	-226	200.984897835882	0	0	-790	790	32	1	0	0.0
2025-11-03	15:00:08[240]	0	0	0	0	0	0	0	0	0	0	-72	-30	-216	202.61986494804	0	0	-780	780	32	1	0	0.0
2025-11-03	15:00:08[432]	0	0	0	0	0	0	0	0	0	0	-67	-30	-215	204.120983119443	0	0	-779	779	32	1	0	0.0
2025-11-03	15:00:08[832]	0	0	0	0	0	0	0	0	0	0	-70	-28	-225	201.801409486352	0	0	-789	789	32	1	0	0.0
2025-11-03	15:00:09[024]	0	0	0	0	0	0	0	0	0	0	-73	-34	-218	204.973910905883	0	0	-782	782	32	1	0	0.0
2025-11-03	15:00:09[215]	0	0	0	0	0	0	0	0	0	0	-70	-29	-221	202.503528499767	0	0	-785	785	32	1	0	0.0
2025-11-03	15:00:09[408]	0	0	0	0	0	0	0	0	0	0	-66	-29	-219	203.720395572305	0	0	-783	783	32	1	0	0.0
2025-11-03	15:00:09[617]	0	0	0	0	0	0	0	0	0	0	-67	-32	-216	205.529697990533	0	0	-780	780	32	1	0	0.0
2025-11-03	15:00:09[807]	0	0	0	0	0	0	0	0	0	0	-69	-25	-216	199.916405993809	0	0	-780	780	32	1	0	0.0
2025-11-03	15:00:09[998]	0	0	0	0	0	0	0	0	0	0	-71	-23	-221	197.949402992914	0	0	-785	785	32	1	0	0.0
2025-11-03	15:00:10[209]	0	0	0	0	0	0	0	0	0	0	-71	-31	-221	203.587030525128	0	0	-785	785	32	1	0	0.0
2025-11-03	15:00:10[397]	0	0	0	0	0	0	0	0	0	0	-67	-28	-221	202.680559607025	0	0	-785	785	32	1	0	0.0
2025-11-03	15:00:10[597]	0	0	0	0	0	0	0	0	0	0	-66	-30	-226	204.443954780417	0	0	-790	790	32	1	0	0.0
2025-11-03	15:00:10[791]	0	0	0	0	0	0	0	0	0	0	-74	-27	-11999	200.045249425421	0	0	-787	787	32	1	0	0.0
2025-11-03	15:00:10[991]	0	0	0	0	0	0	0	0	0	0	-65	-29	-217	204.044223269368	0	0	-781	781	32	1	0	0.0
2025-11-03	15:00:11[183]	0	0	0	0	0	0	0	0	0	0	-71	-35	-222	206.241349652158	0	0	-786	786	32	1	0	0.0
2025-11-03	15:00:11[727]	0	0	0	0	0	0	0	0	0	0	-73	-30	-220	202.340647959994	0	0	-784	784	32	1	0	0.0
2025-11-03	15:00:11[770]	0	0	0	0	0	0	0	0	0	0	-69	-29	-219	202.796521467943	0	0	-783	783	32	1	0	0.0
2025-11-03	15:00:11[820]	0	0	0	0	0	0	0	0	0	0	-75	-28	-220	200.472279519742	0	0	-784	784	32	1	0	0.0
2025-11-03	15:00:11[966]	0	0	0	0	0	0	0	0	0	0	-70	-28	-224	201.801409486352	0	0	-788	788	32	1	0	0.0
2025-11-03	15:00:12[159]	0	0	0	0	0	0	0	0	0	0	-68	-34	-222	206.565051177078	0	0	-786	786	32	1	0	0.0
2025-11-03	15:00:12[366]	0	0	0	0	0	0	0	0	0	0	-72	-25	-220	199.14813745794	0	0	-784	784	32	1	0	0.0
2025-11-03	15:00:12[558]	0	0	0	0	0	0	0	0	0	0	-69	-28	-215	202.087171603228	0	0	-779	779	32	1	0	0.0
2025-11-03	15:00:12[751]	0	0	0	0	0	0	0	0	0	0	-73	-33	-227	204.325575239126	0	0	-791	791	32	1	0	0.0
2025-11-03	15:00:12[943]	0	0	0	0	0	0	0	0	0	0	-74	-28	-221	200.725558865561	0	0	-785	785	32	1	0	0.0
2025-11-03	15:00:13[150]	0	0	0	0	0	0	0	0	0	0	-70	-26	-219	200.376435213836	0	0	-783	783	32	1	0	0.0
2025-11-03	15:00:13[346]	0	0	0	0	0	0	0	0	0	0	-75	-23	-218	197.04903097211	0	0	-782	782	32	1	0	0.0
2025-11-03	15:00:13[534]	0	0	0	0	0	0	0	0	0	0	-76	-34	-227	204.102234501161	0	0	-791	791	32	1	0	0.0
2025-11-03	15:00:13[739]	0	0	0	0	0	0	0	0	0	0	-64	-26	-214	202.109448343752	0	0	-778	778	32	1	0	0.0
2025-11-03	15:00:13[929]	0	0	0	0	0	0	0	0	0	0	-72	-30	-215	202.61986494804	0	0	-779	779	32	1	0	0.0
2025-11-03	15:00:14[124]	0	0	0	0	0	0	0	0	0	0	-70	-35	-224	206.565051177078	0	0	-788	788	32	1	0	0.0
2025-11-03	15:00:14[333]	0	0	0	0	0	0	0	0	0	0	-72	-29	-221	201.938480467706	0	0	-785	785	32	1	0	0.0
2025-11-03	15:00:14[521]	0	0	0	0	0	0	0	0	0	0	-71	-31	-221	203.587030525128	0	0	-785	785	32	1	0	0.0
2025-11-03	15:00:14[714]	0	0	0	0	0	0	0	0	0	0	-72	-27	-222	200.556045219583	0	0	-786	786	32	1	0	0.0
2025-11-03	15:00:14[926]	0	0	0	0	0	0	0	0	0	0	-66	-23	-221	199.212671817186	0	0	-785	785	32	1	0	0.0
2025-11-03	15:00:15[112]	0	0	0	0	0	0	0	0	0	0	-73	-36	-216	206.250242369689	0	0	-780	780	32	1	0	0.0
2025-11-03	15:00:15[305]	0	0	0	0	0	0	0	0	0	0	-70	-31	-226	203.886499921635	0	0	-790	790	32	1	0	0.0
2025-11-03	15:00:15[496]	0	0	0	0	0	0	0	0	0	0	-64	-35	-224	208.673146489435	0	0	-788	788	32	1	0	0.0
2025-11-03	15:00:15[708]	0	0	0	0	0	0	0	0	0	0	-72	-30	-213	202.61986494804	0	0	-777	777	32	1	0	0.0
2025-11-03	15:00:15[897]	0	0	0	0	0	0	0	0	0	0	-74	-31	-222	202.729732079945	0	0	-786	786	32	1	0	0.0
2025-11-03	15:00:16[091]	0	0	0	0	0	0	0	0	0	0	-73	-23	-219	197.487997376149	0	0	-783	783	32	1	0	0.0
2025-11-03	15:00:16[284]	0	0	0	0	0	0	0	0	0	0	-77	-38	-221	206.266638357083	0	0	-785	785	32	1	0	0.0
2025-11-03	15:00:16[490]	0	0	0	0	0	0	0	0	0	0	-73	-34	-222	204.973910905883	0	0	-786	786	32	1	0	0.0
2025-11-03	15:00:16[680]	0	0	0	0	0	0	0	0	0	0	-73	-30	-225	202.340647959994	0	0	-789	789	32	1	0	0.0
2025-11-03	15:00:16[872]	0	0	0	0	0	0	0	0	0	0	-68	-35	-226	207.235146699303	0	0	-790	790	32	1	0	0.0
2025-11-03	15:00:17[085]	0	0	0	0	0	0	0	0	0	0	-68	-32	-218	205.201123645475	0	0	-782	782	32	1	0	0.0
2025-11-03	15:00:17[273]	0	0	0	0	0	0	0	0	0	0	-74	-23	-222	197.265809495015	0	0	-786	786	32	1	0	0.0
2025-11-03	15:00:17[464]	0	0	0	0	0	0	0	0	0	0	-69	-26	-223	200.64699082497	0	0	-787	787	32	1	0	0.0
2025-11-03	15:00:17[661]	0	0	0	0	0	0	0	0	0	0	-72	-33	-220	204.623564786164	0	0	-784	784	32	1	0	0.0
2025-11-03	15:00:17[865]	0	0	0	0	0	0	0	0	0	0	-72	-26	-225	199.855214369321	0	0	-789	789	32	1	0	0.0
2025-11-03	15:00:18[055]	0	0	0	0	0	0	0	0	0	0	-71	-30	-214	202.905769658417	0	0	-778	778	32	1	0	0.0
2025-11-03	15:00:18[248]	0	0	0	0	0	0	0	0	0	0	-67	-31	-216	204.82934658815	0	0	-780	780	32	1	0	0.0
2025-11-03	15:00:18[455]	0	0	0	0	0	0	0	0	0	0	-77	-31	-219	201.929587750175	0	0	-783	783	32	1	0	0.0
2025-11-03	15:00:18[649]	0	0	0	0	0	0	0	0	0	0	-73	-31	-214	203.008870082823	0	0	-778	778	32	1	0	0.0
2025-11-03	15:00:18[841]	0	0	0	0	0	0	0	0	0	0	-71	-27	-218	200.820892853311	0	0	-782	782	32	1	0	0.0
2025-11-03	15:00:19[032]	0	0	0	0	0	0	0	0	0	0	-74	-28	-221	200.725558865561	0	0	-785	785	32	1	0	0.0
2025-11-03	15:00:19[243]	0	0	0	0	0	0	0	0	0	0	-69	-26	-218	200.64699082497	0	0	-782	782	32	1	0	0.0
2025-11-03	15:00:19[433]	0	0	0	0	0	0	0	0	0	0	-78	-34	-226	203.552263672895	0	0	-790	790	32	1	0	0.0
2025-11-03	15:00:19[624]	0	0	0	0	0	0	0	0	0	0	-74	-27	-223	200.045249425421	0	0	-787	787	32	1	0	0.0
2025-11-03	15:00:19[818]	0	0	0	0	0	0	0	0	0	0	-70	-31	-225	203.886499921635	0	0	-789	789	32	1	0	0.0
2025-11-03	15:00:20[024]	0	0	0	0	0	0	0	0	0	0	-68	-32	-221	205.201123645475	0	0	-785	785	32	1	0	0.0
2025-11-03	15:00:20[216]	0	0	0	0	0	0	0	0	0	0	-72	-33	-225	204.623564786164	0	0	-789	789	32	1	0	0.0
2025-11-03	15:00:20[408]	0	0	0	0	0	0	0	0	0	0	-68	-29	-219	203.096821918161	0	0	-783	783	32	1	0	0.0
2025-11-03	15:00:20[617]	0	0	0	0	0	0	0	0	0	0	-65	-29	-223	204.044223269368	0	0	-787	787	32	1	0	0.0
2025-11-03	15:00:20[808]	0	0	0	0	0	0	0	0	0	0	-74	-34	-219	204.676863170337	0	0	-783	783	32	1	0	0.0
2025-11-03	15:00:21[000]	0	0	0	0	0	0	0	0	0	0	-75	-26	-220	199.119726329931	0	0	-784	784	32	1	0	0.0
2025-11-03	15:00:21[192]	0	0	0	0	0	0	0	0	0	0	-69	-33	-213	205.559965171824	0	0	-777	777	32	1	0	0.0
2025-11-03	15:00:21[399]	0	0	0	0	0	0	0	0	0	0	-71	-27	-220	200.820892853311	0	0	-784	784	32	1	0	0.0
2025-11-03	15:00:21[596]	0	0	0	0	0	0	0	0	0	0	-68	-34	-217	206.565051177078	0	0	-781	781	32	1	0	0.0
2025-11-03	15:00:21[784]	0	0	0	0	0	0	0	0	0	0	-66	-32	-221	205.866356794095	0	0	-785	785	32	1	0	0.0
2025-11-03	15:00:21[992]	0	0	0	0	0	0	0	0	0	0	-68	-24	-219	199.440034828176	0	0	-783	783	32	1	0	0.0
2025-11-03	15:00:22[186]	0	0	0	0	0	0	0	0	0	0	-67	-30	-217	204.120983119443	0	0	-781	781	32	1	0	0.0
2025-11-03	15:00:22[378]	0	0	0	0	0	0	0	0	0	0	-66	-31	-219	205.159301916032	0	0	-783	783	32	1	0	0.0
2025-11-03	15:00:22[569]	0	0	0	0	0	0	0	0	0	0	-78	-36	-218	204.775140568832	0	0	-782	782	32	1	0	0.0
2025-11-03	15:00:22[775]	0	0	0	0	0	0	0	0	0	0	-75	-30	-219	201.801409486352	0	0	-783	783	32	1	0	0.0
2025-11-03	15:00:22[967]	0	0	0	0	0	0	0	0	0	0	-74	-33	-223	204.034288159443	0	0	-787	787	32	1	0	0.0
2025-11-03	15:00:23[171]	0	0	0	0	0	0	0	0	0	0	-68	-23	-212	198.687351505211	0	0	-776	776	32	1	0	0.0
2025-11-03	15:00:23[352]	0	0	0	0	0	0	0	0	0	0	-69	-31	-217	204.193208987289	0	0	-781	781	32	1	0	0.0
2025-11-03	15:00:23[559]	0	0	0	0	0	0	0	0	0	0	-73	-28	-227	200.984897835882	0	0	-791	791	32	1	0	0.0
2025-11-03	15:00:23[750]	0	0	0	0	0	0	0	0	0	0	-75	-30	-219	201.801409486352	0	0	-783	783	32	1	0	0.0
2025-11-03	15:00:23[944]	0	0	0	0	0	0	0	0	0	0	-71	-27	-221	200.820892853311	0	0	-785	785	32	1	0	0.0
2025-11-03	15:00:24[150]	0	0	0	0	0	0	0	0	0	0	-75	-27	-222	199.798876354525	0	0	-786	786	32	1	0	0.0
2025-11-03	15:00:24[343]	0	0	0	0	0	0	0	0	0	0	-72	-30	-220	202.61986494804	0	0	-784	784	32	1	0	0.0
2025-11-03	15:00:24[534]	0	0	0	0	0	0	0	0	0	0	-69	-27	-219	201.370622269343	0	0	-783	783	32	1	0	0.0
2025-11-03	15:00:24[728]	0	0	0	0	0	0	0	0	0	0	-74	-25	-222	198.66691427422	0	0	-786	786	32	1	0	0.0
2025-11-03	15:00:24[935]	0	0	0	0	0	0	0	0	0	0	-69	-35	-216	206.896236965493	0	0	-780	780	32	1	0	0.0
2025-11-03	15:00:25[132]	0	0	0	0	0	0	0	0	0	0	-72	-27	-216	200.556045219583	0	0	-780	780	32	1	0	0.0
2025-11-03	15:00:25[319]	0	0	0	0	0	0	0	0	0	0	-73	-34	-226	204.973910905883	0	0	-790	790	32	1	0	0.0
2025-11-03	15:00:25[526]	0	0	0	0	0	0	0	0	0	0	-81	-29	-214	199.69862137458	0	0	-778	778	32	1	0	0.0
2025-11-03	15:00:25[720]	0	0	0	0	0	0	0	0	0	0	-73	-23	-221	197.487997376149	0	0	-785	785	32	1	0	0.0
2025-11-03	15:00:25[909]	0	0	0	0	0	0	0	0	0	0	-68	-28	-221	202.38013505196	0	0	-785	785	32	1	0	0.0
2025-11-03	15:00:26[101]	0	0	0	0	0	0	0	0	0	0	-72	-23	-212	197.715792706377	0	0	-776	776	32	1	0	0.0
2025-11-03	15:00:26[314]	0	0	0	0	0	0	0	0	0	0	-68	-24	-216	199.440034828176	0	0	-780	780	32	1	0	0.0
2025-11-03	15:00:26[502]	0	0	0	0	0	0	0	0	0	0	-72	-29	-214	201.938480467706	0	0	-778	778	32	1	0	0.0
2025-11-03	15:00:26[694]	0	0	0	0	0	0	0	0	0	0	-74	-30	-221	202.06789956241	0	0	-785	785	32	1	0	0.0
2025-11-03	15:00:26[885]	0	0	0	0	0	0	0	0	0	0	-71	-28	-214	201.522600107907	0	0	-778	778	32	1	0	0.0
2025-11-03	15:00:27[094]	0	0	0	0	0	0	0	0	0	0	-74	-28	-218	200.725558865561	0	0	-782	782	32	1	0	0.0
2025-11-03	15:00:27[288]	0	0	0	0	0	0	0	0	0	0	-71	-26	-225	200.112588289075	0	0	-789	789	32	1	0	0.0
2025-11-03	15:00:27[481]	0	0	0	0	0	0	0	0	0	0	-75	-33	-217	203.749494492867	0	0	-781	781	32	1	0	0.0
2025-11-03	15:00:27[685]	0	0	0	0	0	0	0	0	0	0	-74	-27	-218	200.045249425421	0	0	-782	782	32	1	0	0.0
2025-11-03	15:00:27[880]	0	0	0	0	0	0	0	0	0	0	-75	-28	-214	200.472279519742	0	0	-778	778	32	1	0	0.0
2025-11-03	15:00:28[070]	0	0	0	0	0	0	0	0	0	0	-71	-35	-219	206.241349652158	0	0	-783	783	32	1	0	0.0
2025-11-03	15:00:28[265]	0	0	0	0	0	0	0	0	0	0	-74	-28	-221	200.725558865561	0	0	-785	785	32	1	0	0.0
2025-11-03	15:00:28[469]	0	0	0	0	0	0	0	0	0	0	-73	-30	-221	202.340647959994	0	0	-785	785	32	1	0	0.0
2025-11-03	15:00:28[660]	0	0	0	0	0	0	0	0	0	0	-73	-32	-223	203.67053848472	0	0	-787	787	32	1	0	0.0
2025-11-03	15:00:28[854]	0	0	0	0	0	0	0	0	0	0	-77	-34	-220	203.824260582895	0	0	-784	784	32	1	0	0.0
2025-11-03	15:00:29[064]	0	0	0	0	0	0	0	0	0	0	-254	-30	-221	186.736011214119	0	0	-785	785	32	1	0	0.0
2025-11-03	15:00:29[253]	0	0	0	0	0	0	0	0	0	0	-74	-33	-224	204.034288159443	0	0	-788	788	32	1	0	0.0
2025-11-03	15:00:29[445]	0	0	0	0	0	0	0	0	0	0	-75	-33	-221	203.749494492867	0	0	-785	785	32	1	0	0.0
2025-11-03	15:00:29[636]	0	0	0	0	0	0	0	0	0	0	-78	-30	-221	201.037511025422	0	0	-785	785	32	1	0	0.0
2025-11-03	15:00:29[848]	0	0	0	0	0	0	0	0	0	0	-70	-28	-219	201.801409486352	0	0	-783	783	32	1	0	0.0
2025-11-03	15:00:30[038]	0	0	0	0	0	0	0	0	0	0	-71	-27	-220	200.820892853311	0	0	-784	784	32	1	0	0.0
2025-11-03	15:00:30[229]	0	0	0	0	0	0	0	0	0	0	-73	-31	-218	203.008870082823	0	0	-782	782	32	1	0	0.0
2025-11-03	15:00:30[439]	0	0	0	0	0	0	0	0	0	0	-66	-36	-225	208.610459665965	0	0	-789	789	32	1	0	0.0
2025-11-03	15:00:30[630]	0	0	0	0	0	0	0	0	0	0	-75	-32	-222	203.106326858272	0	0	-786	786	32	1	0	0.0
2025-11-03	15:00:30[822]	0	0	0	0	0	0	0	0	0	0	-71	-31	-229	203.587030525128	0	0	-793	793	32	1	0	0.0
2025-11-03	15:00:31[012]	0	0	0	0	0	0	0	0	0	0	-71	-23	-224	197.949402992914	0	0	-788	788	32	1	0	0.0
2025-11-03	15:00:31[221]	0	0	0	0	0	0	0	0	0	0	-72	-30	-216	202.61986494804	0	0	-780	780	32	1	0	0.0
2025-11-03	15:00:31[416]	0	0	0	0	0	0	0	0	0	0	-75	-34	-220	204.386371101801	0	0	-784	784	32	1	0	0.0
2025-11-03	15:00:31[605]	0	0	0	0	0	0	0	0	0	0	-69	-28	-214	202.087171603228	0	0	-778	778	32	1	0	0.0
2025-11-03	15:00:31[797]	0	0	0	0	0	0	0	0	0	0	-77	-27	-222	199.323184318162	0	0	-786	786	32	1	0	0.0
2025-11-03	15:00:32[005]	0	0	0	0	0	0	0	0	0	0	-75	-31	-227	202.456938999942	0	0	-791	791	32	1	0	0.0
2025-11-03	15:00:32[196]	0	0	0	0	0	0	0	0	0	0	-73	-30	-215	202.340647959994	0	0	-779	779	32	1	0	0.0
2025-11-03	15:00:32[391]	0	0	0	0	0	0	0	0	0	0	-73	-38	-218	207.499138731047	0	0	-782	782	32	1	0	0.0
2025-11-03	15:00:32[600]	0	0	0	0	0	0	0	0	0	0	-72	-35	-219	205.924901507554	0	0	-783	783	32	1	0	0.0
2025-11-03	15:00:32[792]	0	0	0	0	0	0	0	0	0	0	-67	-29	-222	203.404689551032	0	0	-786	786	32	1	0	0.0
2025-11-03	15:00:32[980]	0	0	0	0	0	0	0	0	0	0	-72	-24	-216	198.434948822922	0	0	-780	780	32	1	0	0.0
2025-11-03	15:00:33[175]	0	0	0	0	0	0	0	0	0	0	-65	-32	-221	206.211378017832	0	0	-785	785	32	1	0	0.0
2025-11-03	15:00:33[383]	0	0	0	0	0	0	0	0	0	0	-75	-33	-223	203.749494492867	0	0	-787	787	32	1	0	0.0
2025-11-03	15:00:33[573]	0	0	0	0	0	0	0	0	0	0	-74	-30	-222	202.06789956241	0	0	-786	786	32	1	0	0.0
2025-11-03	15:00:33[765]	0	0	0	0	0	0	0	0	0	0	-72	-31	-219	203.294563253894	0	0	-783	783	32	1	0	0.0
2025-11-03	15:00:34[059]	0	0	0	0	0	0	0	0	0	0	-71	-27	-222	200.820892853311	0	0	-786	786	32	1	0	0.0
2025-11-03	15:00:34[165]	0	0	0	0	0	0	0	0	0	0	-76	-32	-216	202.833654177918	0	0	-780	780	32	1	0	0.0
2025-11-03	15:00:34[358]	0	0	0	0	0	0	0	0	0	0	-67	-27	-221	201.948699083527	0	0	-785	785	32	1	0	0.0
2025-11-03	15:00:34[548]	0	0	0	0	0	0	0	0	0	0	-80	-24	-220	196.699244233994	0	0	-784	784	32	1	0	0.0
2025-11-03	15:00:34[756]	0	0	0	0	0	0	0	0	0	0	-66	-31	-217	205.159301916032	0	0	-781	781	32	1	0	0.0
2025-11-03	15:00:34[948]	0	0	0	0	0	0	0	0	0	0	-75	-28	-217	200.472279519742	0	0	-781	781	252	1	0	0.0
2025-11-03	15:00:35[140]	0	0	0	0	0	0	0	0	0	0	-66	-30	-214	204.443954780417	0	0	-778	778	32	1	0	0.0
2025-11-03	15:00:35[349]	0	0	0	0	0	0	0	0	0	0	-70	-29	-216	202.503528499767	0	0	-780	780	32	1	0	0.0
2025-11-03	15:00:35[538]	0	0	0	0	0	0	0	0	0	0	-75	-34	-216	204.386371101801	0	0	-780	780	32	1	0	0.0
2025-11-03	15:00:35[732]	0	0	0	0	0	0	0	0	0	0	-64	-29	-220	204.376468616675	0	0	-784	784	32	1	0	0.0
2025-11-03	15:00:35[923]	0	0	0	0	0	0	0	0	0	0	-76	-29	-211	200.885801460693	0	0	-775	775	32	1	0	0.0
2025-11-03	15:00:36[131]	0	0	0	0	0	0	0	0	0	0	-69	-28	-218	202.087171603228	0	0	-782	782	32	1	0	0.0
2025-11-03	15:00:36[323]	0	0	0	0	0	0	0	0	0	0	-73	-34	-213	204.973910905883	0	0	-777	777	32	1	0	0.0
2025-11-03	15:00:36[515]	0	0	0	0	0	0	0	0	0	0	-72	-31	-221	203.294563253894	0	0	-785	785	32	1	0	0.0
2025-11-03	15:00:36[728]	0	0	0	0	0	0	0	0	0	0	-69	-26	-217	200.64699082497	0	0	-781	781	32	1	0	0.0
2025-11-03	15:00:36[917]	0	0	0	0	0	0	0	0	0	0	-72	-36	-219	206.565051177078	0	0	-783	783	32	1	0	0.0
2025-11-03	15:00:37[107]	0	0	0	0	0	0	0	0	0	0	-71	-24	-220	198.67670173219	0	0	-784	784	32	1	0	0.0
2025-11-03	15:00:37[299]	0	0	0	0	0	0	0	0	0	0	-70	-28	-222	201.801409486352	0	0	-786	786	32	1	0	0.0
2025-11-03	15:00:37[509]	0	0	0	0	0	0	0	0	0	0	-69	-20	-220	196.164499152257	0	0	-784	784	32	1	0	0.0
2025-11-03	15:00:37[699]	0	0	0	0	0	0	0	0	0	0	-68	-31	-210	204.50740523013	0	0	-774	774	32	1	0	0.0
2025-11-03	15:00:37[892]	0	0	0	0	0	0	0	0	0	0	-72	-32	-219	203.962488974578	0	0	-783	783	32	1	0	0.0
2025-11-03	15:00:38[085]	0	0	0	0	0	0	0	0	0	0	-71	-27	-215	200.820892853311	0	0	-779	779	32	1	0	0.0
2025-11-03	15:00:38[291]	0	0	0	0	0	0	0	0	0	0	-67	-31	-221	204.82934658815	0	0	-785	785	32	1	0	0.0
2025-11-03	15:00:38[483]	0	0	0	0	0	0	0	0	0	0	-73	-32	-218	203.67053848472	0	0	-782	782	32	1	0	0.0
2025-11-03	15:00:38[674]	0	0	0	0	0	0	0	0	0	0	-74	-32	-221	203.385221057214	0	0	-785	785	32	1	0	0.0
2025-11-03	15:00:38[884]	0	0	0	0	0	0	0	0	0	0	-72	-31	-215	203.294563253894	0	0	-779	779	32	1	0	0.0
2025-11-03	15:00:39[074]	0	0	0	0	0	0	0	0	0	0	-71	-23	-220	197.949402992914	0	0	-784	784	32	1	0	0.0
2025-11-03	15:00:39[266]	0	0	0	0	0	0	0	0	0	0	-67	-34	-215	206.906093455937	0	0	-779	779	32	1	0	0.0
2025-11-03	15:00:39[458]	0	0	0	0	0	0	0	0	0	0	-77	-28	-221	199.9831065219	0	0	-785	785	32	1	0	0.0
2025-11-03	15:00:39[666]	0	0	0	0	0	0	0	0	0	0	-67	-28	-223	202.680559607025	0	0	-787	787	32	1	0	0.0
2025-11-03	15:00:39[861]	0	0	0	0	0	0	0	0	0	0	-68	-22	-223	197.927919762007	0	0	-787	787	32	1	0	0.0
2025-11-03	15:00:40[053]	0	0	0	0	0	0	0	0	0	0	-72	-31	-217	203.294563253894	0	0	-781	781	32	1	0	0.0
2025-11-03	15:00:40[258]	0	0	0	0	0	0	0	0	0	0	-74	-22	-213	196.557071375637	0	0	-777	777	32	1	0	0.0
2025-11-03	15:00:40[450]	0	0	0	0	0	0	0	0	0	0	-69	-29	-216	202.796521467943	0	0	-780	780	32	1	0	0.0
2025-11-03	15:00:40[643]	0	0	0	0	0	0	0	0	0	0	-65	-32	-217	206.211378017832	0	0	-802	781	32	1	0	0.0
2025-11-03	15:00:40[838]	0	0	0	0	0	0	0	0	0	0	-76	-28	-225	200.224859431168	0	0	-789	789	32	1	0	0.0
2025-11-03	15:00:41[042]	0	0	0	0	0	0	0	0	0	0	-71	-25	-217	199.397812448558	0	0	-781	781	32	1	0	0.0
2025-11-03	15:00:41[238]	0	0	0	0	0	0	0	0	0	0	-75	-29	-228	201.139824808658	0	0	-792	792	32	1	0	0.0
2025-11-03	15:00:41[429]	0	0	0	0	0	0	0	0	0	0	-68	-30	-217	203.805943518458	0	0	-781	781	32	1	0	0.0
2025-11-03	15:00:41[636]	0	0	0	0	0	0	0	0	0	0	-72	-30	-221	202.61986494804	0	0	-785	785	32	1	0	0.0
2025-11-03	15:00:41[826]	0	0	0	0	0	0	0	0	0	0	-75	-33	-216	203.749494492867	0	0	-780	780	32	1	0	0.0
2025-11-03	15:00:42[018]	0	0	0	0	0	0	0	0	0	0	-70	-24	-224	198.924644416051	0	0	-788	788	32	1	0	0.0
2025-11-03	15:00:42[210]	0	0	0	0	0	0	0	0	0	0	-67	-31	-214	204.82934658815	0	0	-778	778	32	1	0	0.0
2025-11-03	15:00:42[422]	0	0	0	0	0	0	0	0	0	0	-70	-26	-216	200.376435213836	0	0	-780	780	32	1	0	0.0
2025-11-03	15:00:42[612]	0	0	0	0	0	0	0	0	0	0	-69	-31	-212	204.193208987289	0	0	-776	776	32	1	0	0.0
2025-11-03	15:00:42[805]	0	0	0	0	0	0	0	0	0	0	-67	-26	-221	201.209226134223	0	0	-785	785	32	1	0	0.0
2025-11-03	15:00:43[010]	0	0	0	0	0	0	0	0	0	0	-72	-30	-222	202.61986494804	0	0	-786	786	32	1	0	0.0
2025-11-03	15:00:43[202]	0	0	0	0	0	0	0	0	0	0	-75	-28	-215	200.472279519742	0	0	-779	779	32	1	0	0.0
2025-11-03	15:00:43[394]	0	0	0	0	0	0	0	0	0	0	-70	-34	-212	205.906507999514	0	0	-776	776	32	1	0	0.0
2025-11-03	15:00:43[585]	0	0	0	0	0	0	0	0	0	0	-64	-30	-217	205.114834886145	0	0	-781	781	32	1	0	0.0
2025-11-03	15:00:43[794]	0	0	0	0	0	0	0	0	0	0	-67	-26	-222	201.209226134223	0	0	-786	786	32	1	0	0.0
2025-11-03	15:00:43[985]	0	0	0	0	0	0	0	0	0	0	-71	-27	-218	200.820892853311	0	0	-782	782	32	1	0	0.0
2025-11-03	15:00:44[177]	0	0	0	0	0	0	0	0	0	0	-71	-27	-214	200.820892853311	0	0	-778	778	32	1	0	0.0
2025-11-03	15:00:44[391]	0	0	0	0	0	0	0	0	0	0	-72	-34	-212	205.277722235553	0	0	-776	776	32	1	0	0.0
2025-11-03	15:00:44[579]	0	0	0	0	0	0	0	0	0	0	-71	-25	-221	199.397812448558	0	0	-785	785	32	1	0	0.0
2025-11-03	15:00:44[769]	0	0	0	0	0	0	0	0	0	0	-68	-32	-213	205.201123645475	0	0	-777	777	32	1	0	0.0
2025-11-03	15:00:44[962]	0	0	0	0	0	0	0	0	0	0	-72	-29	-216	201.938480467706	0	0	-780	780	32	1	0	0.0
2025-11-03	15:00:45[167]	0	0	0	0	0	0	0	0	0	0	-71	-29	-216	202.217594269518	0	0	-780	780	32	1	0	0.0
2025-11-03	15:00:45[364]	0	0	0	0	0	0	0	0	0	0	-83	-29	-218	199.259291643767	0	0	-782	782	32	1	0	0.0
2025-11-03	15:00:45[555]	0	0	0	0	0	0	0	0	0	0	-74	-30	-217	202.06789956241	0	0	-781	781	32	1	0	0.0
2025-11-03	15:00:45[761]	0	0	0	0	0	0	0	0	0	0	-72	-27	-223	200.556045219583	0	0	-787	787	32	1	0	0.0
2025-11-03	15:00:45[953]	0	0	0	0	0	0	0	0	0	0	-77	-26	-218	198.65788847412	0	0	-782	782	32	1	0	0.0
2025-11-03	15:00:46[145]	0	0	0	0	0	0	0	0	0	0	-77	-32	-217	202.567009077875	0	0	-781	781	32	1	0	0.0
2025-11-03	15:00:46[338]	0	0	0	0	0	0	0	0	0	0	-73	-27	-221	200.297569772229	0	0	-785	785	32	1	0	0.0
2025-11-03	15:00:46[544]	0	0	0	0	0	0	0	0	0	0	-70	-34	-221	205.906507999514	0	0	-785	785	32	1	0	0.0
2025-11-03	15:00:46[738]	0	0	0	0	0	0	0	0	0	0	-70	-26	-219	200.376435213836	0	0	-783	783	32	1	0	0.0
2025-11-03	15:00:46[981]	0	0	0	0	0	0	0	0	0	0	-69	-34	-220	206.231939933157	0	0	-784	784	32	1	0	0.0
2025-11-03	15:00:47[121]	0	0	0	0	0	0	0	0	0	0	-69	-30	-215	203.498565675952	0	0	-779	779	32	1	0	0.0
2025-11-03	15:00:47[329]	0	0	0	0	0	0	0	0	0	0	-72	-33	-214	204.623564786164	0	0	-778	778	32	1	0	0.0
2025-11-03	15:00:47[520]	0	0	0	0	0	0	0	0	0	0	-74	-29	-217	201.399810132082	0	0	-781	781	32	1	0	0.0
2025-11-03	15:00:47[713]	0	0	0	0	0	0	0	0	0	0	-70	-27	-221	201.092339505828	0	0	-785	785	32	1	0	0.0
2025-11-03	15:00:47[922]	0	0	0	0	0	0	0	0	0	0	-73	-31	-218	203.008870082823	0	0	-782	782	32	1	0	0.0
2025-11-03	15:00:48[114]	0	0	0	0	0	0	0	0	0	0	-68	-29	-224	203.096821918161	0	0	-788	788	32	1	0	0.0
2025-11-03	15:00:48[304]	0	0	0	0	0	0	0	0	0	0	-73	-25	-221	198.904575842612	0	0	-785	785	32	1	0	0.0
2025-11-03	15:00:48[495]	0	0	0	0	0	0	0	0	0	0	-67	-37	-212	208.909183651148	0	0	-776	776	32	1	0	0.0
2025-11-03	15:00:48[706]	0	0	0	0	0	0	0	0	0	0	-68	-28	-218	202.38013505196	0	0	-782	782	32	1	0	0.0
2025-11-03	15:00:48[896]	0	0	0	0	0	0	0	0	0	0	-67	-26	-215	201.209226134223	0	0	-779	779	32	1	0	0.0
2025-11-03	15:00:49[088]	0	0	0	0	0	0	0	0	0	0	-67	-29	-223	203.404689551032	0	0	-787	787	32	1	0	0.0
2025-11-03	15:00:49[297]	0	0	0	0	0	0	0	0	0	0	-68	-24	-220	199.440034828176	0	0	-784	784	32	1	0	0.0
2025-11-03	15:00:49[493]	0	0	0	0	0	0	0	0	0	0	-73	-27	-222	200.297569772229	0	0	-786	786	32	1	0	0.0
2025-11-03	15:00:49[680]	0	0	0	0	0	0	0	0	0	0	-70	-28	-216	201.801409486352	0	0	-780	780	32	1	0	0.0
2025-11-03	15:00:49[873]	0	0	0	0	0	0	0	0	0	0	-64	-30	-212	205.114834886145	0	0	-776	776	32	1	0	0.0
2025-11-03	15:00:50[082]	0	0	0	0	0	0	0	0	0	0	-72	-29	-219	201.938480467706	0	0	-783	783	32	1	0	0.0
2025-11-03	15:00:50[506]	0	0	0	0	0	0	0	0	0	0	-68	-32	-209	205.201123645475	0	0	-773	773	32	1	0	0.0
2025-11-03	15:00:50[554]	0	0	0	0	0	0	0	0	0	0	-64	-25	-217	201.336859291806	0	0	-781	781	32	1	0	0.0
2025-11-03	15:00:50[674]	0	0	0	0	0	0	0	0	0	0	-70	-26	-217	200.376435213836	0	0	-781	781	32	1	0	0.0
2025-11-03	15:00:50[863]	0	0	0	0	0	0	0	0	0	0	-73	-29	-217	201.66595872329	0	0	-781	781	32	1	0	0.0
2025-11-03	15:00:51[056]	0	0	0	0	0	0	0	0	0	0	-70	-28	-220	201.801409486352	0	0	-784	784	32	1	0	0.0
2025-11-03	15:00:51[248]	0	0	0	0	0	0	0	0	0	0	-69	-30	-221	203.498565675952	0	0	-785	785	32	1	0	0.0
2025-11-03	15:00:51[457]	0	0	0	0	0	0	0	0	0	0	-74	-29	-222	201.399810132082	0	0	-786	786	32	1	0	0.0
2025-11-03	15:00:51[646]	0	0	0	0	0	0	0	0	0	0	-75	-26	-222	199.119726329931	0	0	-786	786	32	1	0	0.0
2025-11-03	15:00:51[839]	0	0	0	0	0	0	0	0	0	0	-72	-30	-219	202.61986494804	0	0	-783	783	32	1	0	0.0
2025-11-03	15:00:52[048]	0	0	0	0	0	0	0	0	0	0	-70	-29	-216	202.503528499767	0	0	-780	780	32	1	0	0.0
2025-11-03	15:00:52[240]	0	0	0	0	0	0	0	0	0	0	-67	-32	-217	205.529697990533	0	0	-781	781	32	1	0	0.0
2025-11-03	15:00:52[435]	0	0	0	0	0	0	0	0	0	0	-70	-32	-211	204.567171320601	0	0	-775	775	32	1	0	0.0
2025-11-03	15:00:52[624]	0	0	0	0	0	0	0	0	0	0	-72	-29	-218	201.938480467706	0	0	-782	782	32	1	0	0.0
2025-11-03	15:00:52[831]	0	0	0	0	0	0	0	0	0	0	-76	-28	-215	200.224859431168	0	0	-779	779	32	1	0	0.0
2025-11-03	15:00:53[023]	0	0	0	0	0	0	0	0	0	0	-74	-28	-213	200.725558865561	0	0	-777	777	32	1	0	0.0
2025-11-03	15:00:53[218]	0	0	0	0	0	0	0	0	0	0	-69	-28	-214	202.087171603228	0	0	-778	778	32	1	0	0.0
2025-11-03	15:00:53[424]	0	0	0	0	0	0	0	0	0	0	-67	-29	-217	203.404689551032	0	0	-781	781	32	1	0	0.0
2025-11-03	15:00:53[615]	0	0	0	0	0	0	0	0	0	0	-68	-29	-215	203.096821918161	0	0	-779	779	32	1	0	0.0
2025-11-03	15:00:53[808]	0	0	0	0	0	0	0	0	0	0	-75	-30	-220	201.801409486352	0	0	-784	784	32	1	0	0.0
2025-11-03	15:00:53[998]	0	0	0	0	0	0	0	0	0	0	-69	-30	-224	203.498565675952	0	0	-788	788	32	1	0	0.0
2025-11-03	15:00:54[207]	0	0	0	0	0	0	0	0	0	0	-67	-24	-211	199.707978842979	0	0	-775	775	32	1	0	0.0
2025-11-03	15:00:54[398]	0	0	0	0	0	0	0	0	0	0	-68	-30	-213	203.805943518458	0	0	-777	777	32	1	0	0.0
2025-11-03	15:00:54[590]	0	0	0	0	0	0	0	0	0	0	-76	-28	-214	200.224859431168	0	0	-778	778	32	1	0	0.0
2025-11-03	15:00:54[800]	0	0	0	0	0	0	0	0	0	0	-66	-26	-216	201.501434324048	0	0	-780	780	32	1	0	0.0
2025-11-03	15:00:54[991]	0	0	0	0	0	0	0	0	0	0	-74	-32	-220	203.385221057214	0	0	-784	784	32	1	0	0.0
2025-11-03	15:00:55[183]	0	0	0	0	0	0	0	0	0	0	-76	-25	-218	198.208484470581	0	0	-782	782	32	1	0	0.0
2025-11-03	15:00:55[375]	0	0	0	0	0	0	0	0	0	0	-70	-30	-220	203.198590513648	0	0	-784	784	32	1	0	0.0
2025-11-03	15:00:55[584]	0	0	0	0	0	0	0	0	0	0	-67	-27	-222	201.948699083527	0	0	-786	786	32	1	0	0.0
2025-11-03	15:00:55[774]	0	0	0	0	0	0	0	0	0	0	-70	-27	-220	201.092339505828	0	0	-784	784	32	1	0	0.0
2025-11-03	15:00:55[967]	0	0	0	0	0	0	0	0	0	0	-69	-32	-218	204.880366859182	0	0	-782	782	32	1	0	0.0
2025-11-03	15:00:56[179]	0	0	0	0	0	0	0	0	0	0	-70	-25	-212	199.653824058053	0	0	-776	776	32	1	0	0.0
2025-11-03	15:00:56[367]	0	0	0	0	0	0	0	0	0	0	-68	-30	-217	203.805943518458	0	0	-781	781	32	1	0	0.0
2025-11-03	15:00:56[558]	0	0	0	0	0	0	0	0	0	0	-64	-22	-217	198.970407808487	0	0	-781	781	32	1	0	0.0
2025-11-03	15:00:56[767]	0	0	0	0	0	0	0	0	0	0	-67	-25	-207	200.462271523422	0	0	-771	771	32	1	0	0.0
2025-11-03	15:00:56[959]	0	0	0	0	0	0	0	0	0	0	-73	-30	-218	202.340647959994	0	0	-782	782	32	1	0	0.0
2025-11-03	15:00:57[151]	0	0	0	0	0	0	0	0	0	0	-68	-28	-203	202.38013505196	0	0	-767	767	32	1	0	0.0
2025-11-03	15:00:57[341]	0	0	0	0	0	0	0	0	0	0	-75	-33	-220	203.749494492867	0	0	-784	784	32	1	0	0.0
2025-11-03	15:00:57[550]	0	0	0	0	0	0	0	0	0	0	-69	-33	-215	205.559965171824	0	0	-779	779	32	1	0	0.0
2025-11-03	15:00:57[744]	0	0	0	0	0	0	0	0	0	0	-74	-30	-218	202.06789956241	0	0	-782	782	3616	1	0	0.0
2025-11-03	15:00:57[934]	0	0	0	0	0	0	0	0	0	0	-67	-35	-216	207.582029207797	0	0	-780	780	32	1	0	0.0
2025-11-03	15:00:58[141]	0	0	0	0	0	0	0	0	0	0	-70	-30	-216	203.198590513648	0	0	-780	780	32	1	0	0.0
2025-11-03	15:00:58[338]	0	0	0	0	0	0	0	0	0	0	-74	-35	-223	205.312883801874	0	0	-787	787	32	1	0	0.0
2025-11-03	15:00:58[526]	0	0	0	0	0	0	0	0	0	0	-71	-29	-217	202.217594269518	0	0	-781	781	32	1	0	0.0
2025-11-03	15:00:58[717]	0	0	0	0	0	0	0	0	0	0	-69	-29	-218	202.796521467943	0	0	-782	782	32	1	0	0.0
2025-11-03	15:00:58[927]	0	0	0	0	0	0	0	0	0	0	-73	-32	-217	203.67053848472	0	0	-781	781	32	1	0	0.0
2025-11-03	15:00:59[118]	0	0	0	0	0	0	0	0	0	0	-69	-32	-214	204.880366859182	0	0	-778	778	32	1	0	0.0
2025-11-03	15:00:59[310]	0	0	0	0	0	0	0	0	0	0	-69	-27	-212	201.370622269343	0	0	-776	776	32	1	0	0.0
2025-11-03	15:00:59[517]	0	0	0	0	0	0	0	0	0	0	-64	-29	-211	204.376468616675	0	0	-775	775	32	1	0	0.0
2025-11-03	15:00:59[709]	0	0	0	0	0	0	0	0	0	0	-68	-33	-218	205.887026266327	0	0	-782	782	32	1	0	0.0
2025-11-03	15:00:59[900]	0	0	0	0	0	0	0	0	0	0	-67	-31	-218	204.82934658815	0	0	-782	782	32	1	0	0.0
2025-11-03	15:01:00[095]	0	0	0	0	0	0	0	0	0	0	-66	-30	-212	204.443954780417	0	0	-776	776	32	1	0	0.0
2025-11-03	15:01:00[303]	0	0	0	0	0	0	0	0	0	0	-74	-25	-216	198.66691427422	0	0	-780	780	32	1	0	0.0
2025-11-03	15:01:00[495]	0	0	0	0	0	0	0	0	0	0	-69	-33	-214	205.559965171824	0	0	-778	778	32	1	0	0.0
2025-11-03	15:01:00[685]	0	0	0	0	0	0	0	0	0	0	-72	-28	-215	201.250505507133	0	0	-779	779	32	1	0	0.0
2025-11-03	15:01:00[895]	0	0	0	0	0	0	0	0	0	0	-76	-28	-222	200.224859431168	0	0	-786	786	32	1	0	0.0
2025-11-03	15:01:01[085]	0	0	0	0	0	0	0	0	0	0	-71	-24	-224	198.67670173219	0	0	-788	788	32	1	0	0.0
2025-11-03	15:01:01[277]	0	0	0	0	0	0	0	0	0	0	-69	-27	-213	201.370622269343	0	0	-777	777	32	1	0	0.0
2025-11-03	15:01:01[470]	0	0	0	0	0	0	0	0	0	0	-65	-29	-213	204.044223269368	0	0	-777	777	32	1	0	0.0
2025-11-03	15:01:01[677]	0	0	0	0	0	0	0	0	0	0	-72	-29	-216	201.938480467706	0	0	-780	780	32	1	0	0.0
2025-11-03	15:01:01[868]	0	0	0	0	0	0	0	0	0	0	-70	-31	-215	203.886499921635	0	0	-779	779	32	1	0	0.0
2025-11-03	15:01:02[062]	0	0	0	0	0	0	0	0	0	0	-73	-27	-213	200.297569772229	0	0	-777	777	32	1	0	0.0
2025-11-03	15:01:02[268]	0	0	0	0	0	0	0	0	0	0	-69	-30	-213	203.498565675952	0	0	-777	777	32	1	0	0.0
2025-11-03	15:01:02[462]	0	0	0	0	0	0	0	0	0	0	-73	-26	-212	199.604088150829	0	0	-776	776	32	1	0	0.0
2025-11-03	15:01:02[652]	0	0	0	0	0	0	0	0	0	0	-72	-29	-217	201.938480467706	0	0	-781	781	32	1	0	0.0
2025-11-03	15:01:02[846]	0	0	0	0	0	0	0	0	0	0	-78	-27	-214	199.093492000486	0	0	-778	778	32	1	0	0.0
2025-11-03	15:01:03[055]	0	0	0	0	0	0	0	0	0	0	-72	-30	-222	202.61986494804	0	0	-786	786	32	1	0	0.0
2025-11-03	15:01:03[245]	0	0	0	0	0	0	0	0	0	0	-70	-29	-214	202.503528499767	0	0	-778	778	32	1	0	0.0
2025-11-03	15:01:03[439]	0	0	0	0	0	0	0	0	0	0	-68	-33	-216	205.887026266327	0	0	-780	780	32	1	0	0.0
2025-11-03	15:01:03[629]	0	0	0	0	0	0	0	0	0	0	-77	-28	-214	199.9831065219	0	0	-778	778	32	1	0	0.0
2025-11-03	15:01:03[838]	0	0	0	0	0	0	0	0	0	0	-72	-28	-217	201.250505507133	0	0	-781	781	32	1	0	0.0
2025-11-03	15:01:04[031]	0	0	0	0	0	0	0	0	0	0	-73	-34	-219	204.973910905883	0	0	-783	783	32	1	0	0.0
2025-11-03	15:01:04[222]	0	0	0	0	0	0	0	0	0	0	-76	-29	-217	200.885801460693	0	0	-781	781	32	1	0	0.0
2025-11-03	15:01:04[429]	0	0	0	0	0	0	0	0	0	0	-69	-25	-217	199.916405993809	0	0	-781	781	32	1	0	0.0
2025-11-03	15:01:04[620]	0	0	0	0	0	0	0	0	0	0	-71	-31	-211	203.587030525128	0	0	-775	775	32	1	0	0.0
2025-11-03	15:01:04[816]	0	0	0	0	0	0	0	0	0	0	-73	-26	-216	199.604088150829	0	0	-780	780	32	1	0	0.0
2025-11-03	15:01:05[007]	0	0	0	0	0	0	0	0	0	0	-70	-30	-217	203.198590513648	0	0	-781	781	32	1	0	0.0
2025-11-03	15:01:05[211]	0	0	0	0	0	0	0	0	0	0	-70	-32	-218	204.567171320601	0	0	-782	782	32	1	0	0.0
2025-11-03	15:01:05[406]	0	0	0	0	0	0	0	0	0	0	-77	-30	-212	201.286405113659	0	0	-776	776	32	1	0	0.0
2025-11-03	15:01:05[597]	0	0	0	0	0	0	0	0	0	0	-65	-29	-220	204.044223269368	0	0	-784	784	32	1	0	0.0
2025-11-03	15:01:05[806]	0	0	0	0	0	0	0	0	0	0	-60	-30	-217	206.565051177078	0	0	-781	781	32	1	0	0.0
2025-11-03	15:01:05[999]	0	0	0	0	0	0	0	0	0	0	-71	-32	-213	204.261290852478	0	0	-777	777	32	1	0	0.0
2025-11-03	15:01:06[188]	0	0	0	0	0	0	0	0	0	0	-68	-37	-221	208.55139187296	0	0	-785	785	32	1	0	0.0
2025-11-03	15:01:06[383]	0	0	0	0	0	0	0	0	0	0	-69	-26	-213	200.64699082497	0	0	-777	777	32	1	0	0.0
2025-11-03	15:01:06[592]	0	0	0	0	0	0	0	0	0	0	-73	-31	-217	203.008870082823	0	0	-781	781	32	1	0	0.0
2025-11-03	15:01:06[781]	0	0	0	0	0	0	0	0	0	0	-70	-34	-218	205.906507999514	0	0	-782	782	32	1	0	0.0
2025-11-03	15:01:06[973]	0	0	0	0	0	0	0	0	0	0	-73	-32	-223	203.67053848472	0	0	-787	787	32	1	0	0.0
2025-11-03	15:01:07[181]	0	0	0	0	0	0	0	0	0	0	-68	-28	-221	202.38013505196	0	0	-785	785	32	1	0	0.0
2025-11-03	15:01:07[375]	0	0	0	0	0	0	0	0	0	0	-69	-32	-215	204.880366859182	0	0	-779	779	32	1	0	0.0
2025-11-03	15:01:07[568]	0	0	0	0	0	0	0	0	0	0	-70	-35	-208	206.565051177078	0	0	-772	772	32	1	0	0.0
2025-11-03	15:01:07[763]	0	0	0	0	0	0	0	0	0	0	-69	-26	-204	200.64699082497	0	0	-768	768	32	1	0	0.0
2025-11-03	15:01:07[963]	0	0	0	0	0	0	0	0	0	0	-71	-21	-223	196.476881393688	0	0	-787	787	32	1	0	0.0
2025-11-03	15:01:08[158]	0	0	0	0	0	0	0	0	0	0	-74	-30	-225	202.06789956241	0	0	-789	789	32	1	0	0.0
2025-11-03	15:01:08[348]	0	0	0	0	0	0	0	0	0	0	-68	-29	-215	203.096821918161	0	0	-779	779	32	1	0	0.0
2025-11-03	15:01:08[555]	0	0	0	0	0	0	0	0	0	0	-64	-28	-215	203.629377730657	0	0	-779	779	32	1	0	0.0
2025-11-03	15:01:08[747]	0	0	0	0	0	0	0	0	0	0	-65	-29	-216	204.044223269368	0	0	-780	780	32	1	0	0.0
2025-11-03	15:01:08[940]	0	0	0	0	0	0	0	0	0	0	-75	-28	-215	200.472279519742	0	0	-779	779	32	1	0	0.0
2025-11-03	15:01:09[148]	0	0	0	0	0	0	0	0	0	0	-65	-28	-213	203.304890539203	0	0	-777	777	32	1	0	0.0
2025-11-03	15:01:09[338]	0	0	0	0	0	0	0	0	0	0	-71	-28	-217	201.522600107907	0	0	-781	781	32	1	0	0.0
2025-11-03	15:01:09[532]	0	0	0	0	0	0	0	0	0	0	-68	-32	-209	205.201123645475	0	0	-773	773	32	1	0	0.0
2025-11-03	15:01:09[724]	0	0	0	0	0	0	0	0	0	0	-70	-35	-217	206.565051177078	0	0	-781	781	32	1	0	0.0
2025-11-03	15:01:09[932]	0	0	0	0	0	0	0	0	0	0	-70	-24	-214	198.924644416051	0	0	-778	778	32	1	0	0.0
2025-11-03	15:01:10[123]	0	0	0	0	0	0	0	0	0	0	-72	-25	-219	199.14813745794	0	0	-783	783	32	1	0	0.0
2025-11-03	15:01:10[314]	0	0	0	0	0	0	0	0	0	0	-63	-24	-209	200.854458039578	0	0	-773	773	32	1	0	0.0
2025-11-03	15:01:10[526]	0	0	0	0	0	0	0	0	0	0	-76	-27	-210	199.558251536997	0	0	-774	774	32	1	0	0.0
2025-11-03	15:01:10[717]	0	0	0	0	0	0	0	0	0	0	-73	-36	-211	206.250242369689	0	0	-775	775	32	1	0	0.0
2025-11-03	15:01:10[907]	0	0	0	0	0	0	0	0	0	0	-47	-44	-217	223.111811993259	0	0	-781	781	32	1	0	0.0
2025-11-03	15:01:11[100]	0	0	0	0	0	0	0	0	0	0	0	-17	-226	270	0	0	-790	790	32	1	0	0.0
2025-11-03	15:01:11[307]	0	0	0	0	0	0	0	0	0	0	25	-7	-253	344.357753542791	0	0	-817	817	32	1	0	0.0
2025-11-03	15:01:11[502]	0	0	0	0	0	0	0	0	0	0	64	-44	-269	325.491477012332	0	0	-833	833	32	1	0	0.0
2025-11-03	15:01:11[694]	0	0	0	0	0	0	0	0	0	0	88	-12	-267	352.234833981575	0	0	-831	831	32	1	0	0.0
2025-11-03	15:01:11[900]	0	0	0	0	0	0	0	0	0	0	150	62	-267	22.4569389999421	0	0	-831	831	32	1	0	0.0
2025-11-03	15:01:12[095]	0	0	0	0	0	0	0	0	0	0	242	116	-246	25.6102099232058	0	0	-810	810	32	1	0	0.0
2025-11-03	15:01:12[283]	0	0	0	0	0	0	0	0	0	0	305	130	-202	23.0851336728083	0	0	-766	766	32	1	0	0.0
2025-11-03	15:01:12[475]	0	0	0	0	0	0	0	0	0	0	357	175	-135	26.1139126302907	0	0	-699	699	32	1	0	0.0
2025-11-03	15:01:12[685]	0	0	0	0	0	0	0	0	0	0	328	257	-61	38.0799981943045	0	0	-625	625	32	1	0	0.0
2025-11-03	15:01:12[875]	0	0	0	0	0	0	0	0	0	0	294	289	-31	44.508624572829	0	0	-595	595	32	1	0	0.0
2025-11-03	15:01:13[066]	0	0	0	0	0	0	0	0	0	0	276	312	6	48.5035316447845	0	0	-558	558	32	1	0	0.0
2025-11-03	15:01:13[277]	0	0	0	0	0	0	0	0	0	0	275	327	53	49.9368829370095	0	0	-511	511	32	1	0	0.0
2025-11-03	15:01:13[468]	0	0	0	0	0	0	0	0	0	0	265	325	68	50.8067269055316	0	0	-496	496	32	1	0	0.0
2025-11-03	15:01:13[661]	0	0	0	0	0	0	0	0	0	0	253	328	72	52.3555083959612	0	0	-492	492	32	1	0	0.0
2025-11-03	15:01:13[851]	0	0	0	0	0	0	0	0	0	0	243	335	86	54.0438773254751	0	0	-478	478	32	1	0	0.0
2025-11-03	15:01:14[058]	0	0	0	0	0	0	0	0	0	0	265	329	74	51.1495595415384	0	0	-490	490	32	1	0	0.0
2025-11-03	15:01:14[250]	0	0	0	0	0	0	0	0	0	0	259	327	83	51.6190533154771	0	0	-481	481	32	1	0	0.0
2025-11-03	15:01:14[444]	0	0	0	0	0	0	0	0	0	0	247	336	100	53.6796853018449	0	0	-464	464	32	1	0	0.0
2025-11-03	15:01:14[651]	0	0	0	0	0	0	0	0	0	0	266	330	65	51.129080764968	0	0	-499	499	32	1	0	0.0
2025-11-03	15:01:14[843]	0	0	0	0	0	0	0	0	0	0	251	322	43	52.0634741819	0	0	-521	521	32	1	0	0.0
2025-11-03	15:01:15[034]	0	0	0	0	0	0	0	0	0	0	266	326	21	50.7872429640315	0	0	-543	543	32	1	0	0.0
2025-11-03	15:01:15[227]	0	0	0	0	0	0	0	0	0	0	278	316	18	48.6603985478754	0	0	-546	546	32	1	0	0.0
2025-11-03	15:01:15[434]	0	0	0	0	0	0	0	0	0	0	271	320	33	49.7395712064205	0	0	-531	531	32	1	0	0.0
2025-11-03	15:01:15[627]	0	0	0	0	0	0	0	0	0	0	274	329	44	50.2115628125808	0	0	-520	520	32	1	0	0.0
2025-11-03	15:01:15[818]	0	0	0	0	0	0	0	0	0	0	270	335	42	51.1322224976793	0	0	-522	522	32	1	0	0.0
2025-11-03	15:01:16[026]	0	0	0	0	0	0	0	0	0	0	250	332	11	53.0198122506982	0	0	-553	553	32	1	0	0.0
2025-11-03	15:01:16[222]	0	0	0	0	0	0	0	0	0	0	290	314	-5	47.2754564382542	0	0	-569	569	32	1	0	0.0
2025-11-03	15:01:16[411]	0	0	0	0	0	0	0	0	0	0	296	322	-3	47.4090813744723	0	0	-567	567	32	1	0	0.0
2025-11-03	15:01:16[602]	0	0	0	0	0	0	0	0	0	0	274	336	4	50.8035754958481	0	0	-560	560	32	1	0	0.0
2025-11-03	15:01:16[809]	0	0	0	0	0	0	0	0	0	0	266	333	-3	51.3821820495048	0	0	-567	567	32	1	0	0.0
2025-11-03	15:01:17[002]	0	0	0	0	0	0	0	0	0	0	240	355	-1	55.9390911831922	0	0	-565	565	32	1	0	0.0
2025-11-03	15:01:17[197]	0	0	0	0	0	0	0	0	0	0	221	362	-10	58.5960500219987	0	0	-574	574	32	1	0	0.0
2025-11-03	15:01:18[573]	0	0	0	0	0	0	0	0	0	0	221	362	-10	58.5960500219987	0	0	-574	574	32	1	0	0.0
2025-11-03	15:01:18[770]	0	0	0	0	0	0	0	0	0	0	11	411	21	88.4669023031757	0	0	-543	543	32	1	0	0.0
2025-11-03	15:01:18[960]	0	0	0	0	0	0	0	0	0	0	-18	407	45	92.5323155173847	0	0	-519	519	32	1	0	0.0
2025-11-03	15:01:19[168]	0	0	0	0	0	0	0	0	0	0	-72	394	90	100.35602624927	0	0	-474	474	32	1	0	0.0
2025-11-03	15:01:19[360]	0	0	0	0	0	0	0	0	0	0	-108	354	127	106.966148108536	0	0	-437	437	32	1	0	0.0
2025-11-03	15:01:19[554]	0	0	0	0	0	0	0	0	0	0	-149	310	137	115.671041352857	0	0	-427	427	32	1	0	0.0
2025-11-03	15:01:19[760]	0	0	0	0	0	0	0	0	0	0	-171	282	155	121.231909548517	0	0	-409	409	32	1	0	0.0
2025-11-03	15:01:19[952]	0	0	0	0	0	0	0	0	0	0	-165	295	158	119.219246690485	0	0	-406	406	32	1	0	0.0
2025-11-03	15:01:20[148]	0	0	0	0	0	0	0	0	0	0	-136	333	159	112.215517357223	0	0	-405	405	32	1	0	0.0
2025-11-03	15:01:20[337]	0	0	0	0	0	0	0	0	0	0	-101	367	124	105.387136394572	0	0	-440	440	32	1	0	0.0
2025-11-03	15:01:20[544]	0	0	0	0	0	0	0	0	0	0	-91	395	112	102.973427525311	0	0	-452	452	32	1	0	0.0
2025-11-03	15:01:20[736]	0	0	0	0	0	0	0	0	0	0	-82	419	79	101.07306564907	0	0	-485	485	32	1	0	0.0
2025-11-03	15:01:20[928]	0	0	0	0	0	0	0	0	0	0	-91	438	35	101.736942652931	0	0	-529	529	32	1	0	0.0
2025-11-03	15:01:21[140]	0	0	0	0	0	0	0	0	0	0	-74	450	-10	99.338394976236	0	0	-574	574	32	1	0	0.0
2025-11-03	15:01:21[329]	0	0	0	0	0	0	0	0	0	0	-64	448	-113	98.130102354156	0	0	-677	677	32	1	0	0.0
2025-11-03	15:01:21[522]	0	0	0	0	0	0	0	0	0	0	-74	397	-250	100.558646711352	0	0	-814	814	32	1	0	0.0
2025-11-03	15:01:21[713]	0	0	0	0	0	0	0	0	0	0	-37	265	-403	97.9484038738917	0	0	-967	967	32	1	0	0.0
2025-11-03	15:01:21[919]	0	0	0	0	0	0	0	0	0	0	-29	159	-458	100.336554146499	0	0	-1022	1022	32	1	0	0.0
2025-11-03	15:01:22[111]	0	0	0	0	0	0	0	0	0	0	39	89	-489	66.3368592918057	0	0	-1053	1053	32	1	0	0.0
2025-11-03	15:01:22[306]	0	0	0	0	0	0	0	0	0	0	35	88	-485	68.3109350353842	0	0	-1049	1049	32	1	0	0.0
2025-11-03	15:01:22[496]	0	0	0	0	0	0	0	0	0	0	41	85	-487	64.2495258726817	0	0	-1051	1051	32	1	0	0.0
2025-11-03	15:01:22[707]	0	0	0	0	0	0	0	0	0	0	40	89	-485	65.7990284088415	0	0	-1049	1049	32	1	0	0.0
2025-11-03	15:01:22[898]	0	0	0	0	0	0	0	0	0	0	38	84	-488	65.6589100633075	0	0	-1052	1052	32	1	0	0.0
2025-11-03	15:01:23[088]	0	0	0	0	0	0	0	0	0	0	43	84	-487	62.8918771291982	0	0	-1051	1051	32	1	0	0.0
2025-11-03	15:01:23[295]	0	0	0	0	0	0	0	0	0	0	42	86	-489	63.9704078084865	0	0	-1053	1053	32	1	0	0.0
2025-11-03	15:01:23[485]	0	0	0	0	0	0	0	0	0	0	36	85	-487	67.0459134623715	0	0	-1051	1051	32	1	0	0.0
2025-11-03	15:01:23[676]	0	0	0	0	0	0	0	0	0	0	34	86	-482	68.4286928087454	0	0	-1046	1046	32	1	0	0.0
2025-11-03	15:01:23[884]	0	0	0	0	0	0	0	0	0	0	30	91	-482	71.7541454724218	0	0	-1046	1046	32	1	0	0.0
2025-11-03	15:01:24[076]	0	0	0	0	0	0	0	0	0	0	42	83	-492	63.1594904667868	0	0	-1056	1056	32	1	0	0.0
2025-11-03	15:01:24[270]	0	0	0	0	0	0	0	0	0	0	37	78	-484	64.6222561386508	0	0	-1048	1048	32	1	0	0.0
2025-11-03	15:01:24[467]	0	0	0	0	0	0	0	0	0	0	40	85	-486	64.7988763545249	0	0	-1050	1050	32	1	0	0.0
2025-11-03	15:01:24[661]	0	0	0	0	0	0	0	0	0	0	41	91	-494	65.7460802756834	0	0	-1058	1058	32	1	0	0.0
2025-11-03	15:01:24[868]	0	0	0	0	0	0	0	0	0	0	39	88	-491	66.0979495889892	0	0	-1055	1055	32	1	0	0.0
2025-11-03	15:01:25[059]	0	0	0	0	0	0	0	0	0	0	38	91	-480	67.3354425653039	0	0	-1044	1044	32	1	0	0.0
2025-11-03	15:01:25[253]	0	0	0	0	0	0	0	0	0	0	40	83	-494	64.2692943984688	0	0	-1058	1058	32	1	0	0.0
2025-11-03	15:01:25[447]	0	0	0	0	0	0	0	0	0	0	38	89	-483	66.8791513375753	0	0	-1047	1047	32	1	0	0.0
2025-11-03	15:01:25[647]	0	0	0	0	0	0	0	0	0	0	42	87	-486	64.2306723756613	0	0	-1050	1050	32	1	0	0.0
2025-11-03	15:01:25[843]	0	0	0	0	0	0	0	0	0	0	34	85	-476	68.1985905136482	0	0	-1040	1040	32	1	0	0.0
2025-11-03	15:01:26[033]	0	0	0	0	0	0	0	0	0	0	35	91	-479	68.9624889745782	0	0	-1043	1043	32	1	0	0.0
2025-11-03	15:01:26[241]	0	0	0	0	0	0	0	0	0	0	35	87	-480	68.0851336728083	0	0	-1044	1044	32	1	0	0.0
2025-11-03	15:01:26[434]	0	0	0	0	0	0	0	0	0	0	40	94	-488	66.948699083527	0	0	-1052	1052	32	1	0	0.0
2025-11-03	15:01:26[626]	0	0	0	0	0	0	0	0	0	0	35	85	-493	67.6198649480404	0	0	-1057	1057	32	1	0	0.0
2025-11-03	15:01:26[824]	0	0	0	0	0	0	0	0	0	0	38	88	-486	66.644435140714	0	0	-1050	1050	32	1	0	0.0
2025-11-03	15:01:27[018]	0	0	0	0	0	0	0	0	0	0	39	82	-487	64.5637836195827	0	0	-1051	1051	32	1	0	0.0
2025-11-03	15:01:27[225]	0	0	0	0	0	0	0	0	0	0	36	89	-488	67.9769445031887	0	0	-1052	1052	32	1	0	0.0
2025-11-03	15:01:27[416]	0	0	0	0	0	0	0	0	0	0	38	88	-484	66.644435140714	0	0	-1048	1048	32	1	0	0.0
2025-11-03	15:01:27[609]	0	0	0	0	0	0	0	0	0	0	34	83	-491	67.724102151741	0	0	-1055	1055	32	1	0	0.0
2025-11-03	15:01:27[815]	0	0	0	0	0	0	0	0	0	0	39	91	-483	66.8014094863518	0	0	-1047	1047	32	1	0	0.0
2025-11-03	15:01:28[008]	0	0	0	0	0	0	0	0	0	0	33	87	-484	69.2277453179542	0	0	-1048	1048	32	1	0	0.0
2025-11-03	15:01:28[200]	0	0	0	0	0	0	0	0	0	0	35	86	-486	67.8548199617767	0	0	-1050	1050	32	1	0	0.0
2025-11-03	15:01:28[393]	0	0	0	0	0	0	0	0	0	0	41	83	-490	63.7117378750998	0	0	-1054	1054	32	1	0	0.0
2025-11-03	15:01:28[605]	0	0	0	0	0	0	0	0	0	0	31	86	-487	70.1775354296348	0	0	-1051	1051	32	1	0	0.0
2025-11-03	15:01:28[790]	0	0	0	0	0	0	0	0	0	0	30	86	-486	70.7693276243387	0	0	-1050	1050	32	1	0	0.0
2025-11-03	15:01:28[982]	0	0	0	0	0	0	0	0	0	0	37	89	-480	67.4258619213518	0	0	-1044	1044	32	1	0	0.0
2025-11-03	15:01:29[181]	0	0	0	0	0	0	0	0	0	0	44	86	-485	62.9044475062482	0	0	-1049	1049	32	1	0	0.0
2025-11-03	15:01:29[377]	0	0	0	0	0	0	0	0	0	0	33	88	-484	69.4439547804165	0	0	-1048	1048	32	1	0	0.0
2025-11-03	15:01:29[570]	0	0	0	0	0	0	0	0	0	0	43	82	-490	62.3279217772412	0	0	-1054	1054	32	1	0	0.0
2025-11-03	15:01:29[772]	0	0	0	0	0	0	0	0	0	0	34	85	-486	68.1985905136482	0	0	-1050	1050	32	1	0	0.0
2025-11-03	15:01:29[964]	0	0	0	0	0	0	0	0	0	0	42	88	-488	64.4861295724658	0	0	-1052	1052	32	1	0	0.0
2025-11-03	15:01:30[171]	0	0	0	0	0	0	0	0	0	0	34	91	-491	69.5129858066693	0	0	-1055	1055	32	1	0	0.0
2025-11-03	15:01:30[363]	0	0	0	0	0	0	0	0	0	0	37	86	-488	66.7210508019973	0	0	-1052	1052	32	1	0	0.0
2025-11-03	15:01:30[556]	0	0	0	0	0	0	0	0	0	0	35	89	-486	68.532348560901	0	0	-1050	1050	32	1	0	0.0
2025-11-03	15:01:30[750]	0	0	0	0	0	0	0	0	0	0	39	85	-487	65.3532291480688	0	0	-1051	1051	32	1	0	0.0
2025-11-03	15:01:30[958]	0	0	0	0	0	0	0	0	0	0	36	87	-485	67.5205656028969	0	0	-1049	1049	32	1	0	0.0
2025-11-03	15:01:31[149]	0	0	0	0	0	0	0	0	0	0	37	86	-493	66.7210508019973	0	0	-1057	1057	32	1	0	0.0
2025-11-03	15:01:31[340]	0	0	0	0	0	0	0	0	0	0	35	91	-491	68.9624889745782	0	0	-1055	1055	32	1	0	0.0
2025-11-03	15:01:31[538]	0	0	0	0	0	0	0	0	0	0	38	87	-489	66.4051794301185	0	0	-1053	1053	32	1	0	0.0
2025-11-03	15:01:31[729]	0	0	0	0	0	0	0	0	0	0	37	91	-487	67.8736651906267	0	0	-1051	1051	32	1	0	0.0
2025-11-03	15:01:31[939]	0	0	0	0	0	0	0	0	0	0	37	87	-480	66.9605640200965	0	0	-1044	1044	32	1	0	0.0
2025-11-03	15:01:32[127]	0	0	0	0	0	0	0	0	0	0	34	91	-488	69.5129858066693	0	0	-1052	1052	32	1	0	0.0
2025-11-03	15:01:32[321]	0	0	0	0	0	0	0	0	0	0	39	93	-489	67.2490236572124	0	0	-1053	1053	32	1	0	0.0
2025-11-03	15:01:32[530]	0	0	0	0	0	0	0	0	0	0	44	95	-488	65.1484141402878	0	0	-1052	1052	32	1	0	0.0
2025-11-03	15:01:32[717]	0	0	0	0	0	0	0	0	0	0	37	86	-488	66.7210508019973	0	0	-1052	1052	32	1	0	0.0
2025-11-03	15:01:32[910]	0	0	0	0	0	0	0	0	0	0	38	84	-482	65.6589100633075	0	0	-1046	1046	32	1	0	0.0
2025-11-03	15:01:33[118]	0	0	0	0	0	0	0	0	0	0	30	92	-488	71.9395280638008	0	0	-1052	1052	32	1	0	0.0
2025-11-03	15:01:33[312]	0	0	0	0	0	0	0	0	0	0	42	88	-489	64.4861295724658	0	0	-1053	1053	32	1	0	0.0
2025-11-03	15:01:33[505]	0	0	0	0	0	0	0	0	0	0	32	87	-481	69.805665754816	0	0	-1045	1045	32	1	0	0.0
2025-11-03	15:01:33[698]	0	0	0	0	0	0	0	0	0	0	36	82	-480	66.2973540490338	0	0	-1044	1044	32	1	0	0.0
2025-11-03	15:01:33[903]	0	0	0	0	0	0	0	0	0	0	39	86	-488	65.6062606138368	0	0	-1052	1052	32	1	0	0.0
2025-11-03	15:01:34[098]	0	0	0	0	0	0	0	0	0	0	32	90	-487	70.4268741695898	0	0	-1051	1051	32	1	0	0.0
2025-11-03	15:01:34[286]	0	0	0	0	0	0	0	0	0	0	37	85	-491	66.4767909795404	0	0	-1055	22047	32	1	0	0.0
2025-11-03	15:01:34[478]	0	0	0	0	0	0	0	0	0	0	36	91	-489	68.4160307582304	0	0	-1053	1053	32	1	0	0.0
2025-11-03	15:01:34[686]	0	0	0	0	0	0	0	0	0	0	30	87	-488	70.9743939624313	0	0	-1052	1052	32	1	0	0.0
2025-11-03	15:01:34[877]	0	0	0	0	0	0	0	0	0	0	37	87	-488	66.9605640200965	0	0	-1052	1052	32	1	0	0.0
2025-11-03	15:01:35[072]	0	0	0	0	0	0	0	0	0	0	46	88	-487	62.4027041313563	0	0	-1051	1051	32	1	0	0.0
2025-11-03	15:01:35[279]	0	0	0	0	0	0	0	0	0	0	39	83	-488	64.8321298502184	0	0	-1052	1052	32	1	0	0.0
2025-11-03	15:01:35[471]	0	0	0	0	0	0	0	0	0	0	37	93	-487	68.3048905392031	0	0	-1051	1051	32	1	0	0.0
2025-11-03	15:01:35[660]	0	0	0	0	0	0	0	0	0	0	37	87	-487	66.9605640200965	0	0	-1051	1051	32	1	0	0.0
2025-11-03	15:01:35[858]	0	0	0	0	0	0	0	0	0	0	42	82	-488	62.8786965958413	0	0	-1052	1052	32	1	0	0.0
2025-11-03	15:01:36[063]	0	0	0	0	0	0	0	0	0	0	35	88	-479	68.3109350353842	0	0	-1043	1043	32	1	0	0.0
2025-11-03	15:01:36[254]	0	0	0	0	0	0	0	0	0	0	35	83	-489	67.1354918781004	0	0	-1053	1053	32	1	0	0.0
2025-11-03	15:01:36[446]	0	0	0	0	0	0	0	0	0	0	39	93	-488	67.2490236572124	0	0	-1052	1052	32	1	0	0.0
2025-11-03	15:01:36[647]	0	0	0	0	0	0	0	0	0	0	37	88	-486	67.195459528679	0	0	-1050	1050	32	1	0	0.0
2025-11-03	15:01:36[840]	0	0	0	0	0	0	0	0	0	0	40	83	-486	64.2692943984688	0	0	-1050	1050	32	1	0	0.0
2025-11-03	15:01:37[047]	0	0	0	0	0	0	0	0	0	0	26	87	-487	73.3611943295737	0	0	-1051	1051	32	1	0	0.0
2025-11-03	15:01:37[234]	0	0	0	0	0	0	0	0	0	0	41	85	-487	64.2495258726817	0	0	-1051	1051	32	1	0	0.0
2025-11-03	15:01:37[426]	0	0	0	0	0	0	0	0	0	0	35	87	-492	68.0851336728083	0	0	-1056	1056	32	1	0	0.0
2025-11-03	15:01:37[633]	0	0	0	0	0	0	0	0	0	0	35	88	-490	68.3109350353842	0	0	-1054	1054	32	1	0	0.0
2025-11-03	15:01:37[827]	0	0	0	0	0	0	0	0	0	0	38	90	-477	67.1094483437517	0	0	-1041	1041	32	1	0	0.0
2025-11-03	15:01:38[018]	0	0	0	0	0	0	0	0	0	0	41	86	-484	64.5107994437133	0	0	-1048	1048	32	1	0	0.0
2025-11-03	15:01:38[211]	0	0	0	0	0	0	0	0	0	0	39	87	-482	65.8544580395783	0	0	-1046	1046	32	1	0	0.0
2025-11-03	15:01:38[418]	0	0	0	0	0	0	0	0	0	0	39	82	-483	64.5637836195827	0	0	-1047	1047	32	1	0	0.0
2025-11-03	15:01:38[611]	0	0	0	0	0	0	0	0	0	0	31	88	-484	70.5940292459988	0	0	-1048	1048	32	1	0	0.0
2025-11-03	15:01:38[803]	0	0	0	0	0	0	0	0	0	0	40	85	-484	64.7988763545249	0	0	-1048	1048	32	1	0	0.0
2025-11-03	15:01:38[996]	0	0	0	0	0	0	0	0	0	0	39	85	-489	65.3532291480688	0	0	-1053	1053	32	1	0	0.0
2025-11-03	15:01:39[205]	0	0	0	0	0	0	0	0	0	0	39	86	-489	65.6062606138368	0	0	-1053	1053	32	1	0	0.0
2025-11-03	15:01:39[395]	0	0	0	0	0	0	0	0	0	0	32	82	-485	68.6820877245384	0	0	-1049	1049	32	1	0	0.0
2025-11-03	15:01:39[586]	0	0	0	0	0	0	0	0	0	0	32	86	-485	69.590117166196	0	0	-1049	1049	32	1	0	0.0
2025-11-03	15:01:39[797]	0	0	0	0	0	0	0	0	0	0	37	85	-485	66.4767909795404	0	0	-1049	1049	32	1	0	0.0
2025-11-03	15:01:39[988]	0	0	0	0	0	0	0	0	0	0	41	84	-490	63.9832170592262	0	0	-1054	1054	32	1	0	0.0
2025-11-03	15:01:40[178]	0	0	0	0	0	0	0	0	0	0	31	93	-490	71.565051177078	0	0	-1054	1054	32	1	0	0.0
2025-11-03	15:01:40[370]	0	0	0	0	0	0	0	0	0	0	32	85	-487	69.3701200538738	0	0	-1051	1051	32	1	0	0.0
2025-11-03	15:01:40[579]	0	0	0	0	0	0	0	0	0	0	35	87	-482	68.0851336728083	0	0	-1046	1046	32	1	0	0.0
2025-11-03	15:01:40[772]	0	0	0	0	0	0	0	0	0	0	38	86	-488	66.1612598168283	0	0	-1052	1052	32	1	0	0.0
2025-11-03	15:01:40[963]	0	0	0	0	0	0	0	0	0	0	37	92	-487	68.0912951718181	0	0	-1051	1051	32	1	0	0.0
2025-11-03	15:01:41[165]	0	0	0	0	0	0	0	0	0	0	32	91	-486	70.6258602313424	0	0	-1050	1050	32	1	0	0.0
2025-11-03	15:01:41[356]	0	0	0	0	0	0	0	0	0	0	39	83	-490	64.8321298502184	0	0	-1054	1054	32	1	0	0.0
2025-11-03	15:01:41[563]	0	0	0	0	0	0	0	0	0	0	33	85	-489	68.7820304232214	0	0	-1053	1053	32	1	0	0.0
2025-11-03	15:01:41[753]	0	0	0	0	0	0	0	0	0	0	33	85	-482	68.7820304232214	0	0	-1046	1046	32	1	0	0.0
2025-11-03	15:01:41[946]	0	0	0	0	0	0	0	0	0	0	41	88	-489	65.018760393784	0	0	-1053	1053	32	1	0	0.0
2025-11-03	15:01:42[137]	0	0	0	0	0	0	0	0	0	0	34	89	-489	69.0920195289903	0	0	-1053	1053	32	1	0	0.0
2025-11-03	15:01:42[339]	0	0	0	0	0	0	0	0	0	0	37	89	-489	67.4258619213518	0	0	-1053	1053	32	1	0	0.0
2025-11-03	15:01:42[537]	0	0	0	0	0	0	0	0	0	0	33	87	-486	69.2277453179542	0	0	-1050	1050	32	1	0	0.0
2025-11-03	15:01:42[728]	0	0	0	0	0	0	0	0	0	0	31	84	-491	69.7435378254769	0	0	-1055	1055	32	1	0	0.0
2025-11-03	15:01:42[930]	0	0	0	0	0	0	0	0	0	0	38	82	-485	65.1363034282481	0	0	-1049	1049	32	1	0	0.0
2025-11-03	15:01:43[122]	0	0	0	0	0	0	0	0	0	0	33	85	-487	68.7820304232214	0	0	-1051	1051	32	1	0	0.0
2025-11-03	15:01:43[331]	0	0	0	0	0	0	0	0	0	0	42	87	-487	64.2306723756613	0	0	-1051	1051	32	1	0	0.0
2025-11-03	15:01:43[523]	0	0	0	0	0	0	0	0	0	0	39	93	-490	67.2490236572124	0	0	-1054	1054	32	1	0	0.0
2025-11-03	15:01:43[724]	0	0	0	0	0	0	0	0	0	0	38	84	-485	65.6589100633075	0	0	-1049	1049	32	1	0	0.0
2025-11-03	15:01:43[913]	0	0	0	0	0	0	0	0	0	0	33	86	-491	69.0071466268858	0	0	-1055	1055	32	1	0	0.0
2025-11-03	15:01:44[103]	0	0	0	0	0	0	0	0	0	0	36	89	-485	67.9769445031887	0	0	-1049	1049	32	1	0	0.0
2025-11-03	15:01:44[311]	0	0	0	0	0	0	0	0	0	0	33	89	-488	69.6558987440816	0	0	-1052	1052	32	1	0	0.0
2025-11-03	15:01:44[502]	0	0	0	0	0	0	0	0	0	0	40	84	-482	64.5366549381284	0	0	-1046	1046	32	1	0	0.0
2025-11-03	15:01:44[695]	0	0	0	0	0	0	0	0	0	0	37	91	-493	67.8736651906267	0	0	-1057	1057	32	1	0	0.0
2025-11-03	15:01:44[886]	0	0	0	0	0	0	0	0	0	0	32	82	-485	68.6820877245384	0	0	-1049	1049	32	1	0	0.0
2025-11-03	15:01:45[091]	0	0	0	0	0	0	0	0	0	0	41	89	-486	65.2656974709475	0	0	-1050	1050	32	1	0	0.0
2025-11-03	15:01:45[282]	0	0	0	0	0	0	0	0	0	0	31	92	-484	71.3784206335124	0	0	-1048	1048	32	1	0	0.0
2025-11-03	15:01:45[492]	0	0	0	0	0	0	0	0	0	0	38	79	-485	64.3118565643527	0	0	-1049	1049	32	1	0	0.0
2025-11-03	15:01:45[682]	0	0	0	0	0	0	0	0	0	0	40	86	-484	65.0560947365754	0	0	-1048	1048	32	1	0	0.0
2025-11-03	15:01:45[875]	0	0	0	0	0	0	0	0	0	0	33	82	-483	68.0782214060409	0	0	-1047	1047	32	1	0	0.0
2025-11-03	15:01:46[072]	0	0	0	0	0	0	0	0	0	0	40	87	-483	65.3084418365219	0	0	-1047	1047	32	1	0	0.0
2025-11-03	15:01:46[264]	0	0	0	0	0	0	0	0	0	0	34	95	-483	70.3079787612635	0	0	-1047	1047	32	1	0	0.0
2025-11-03	15:01:46[471]	0	0	0	0	0	0	0	0	0	0	40	89	-489	65.7990284088415	0	0	-1053	1053	32	1	0	0.0
2025-11-03	15:01:46[667]	0	0	0	0	0	0	0	0	0	0	36	90	-484	68.1985905136482	0	0	-1048	1048	32	1	0	0.0
2025-11-03	15:01:46[856]	0	0	0	0	0	0	0	0	0	0	36	82	-495	66.2973540490338	0	0	-1059	1059	32	1	0	0.0
2025-11-03	15:01:47[048]	0	0	0	0	0	0	0	0	0	0	37	84	536	66.2276511886353	0	0	-1052	1052	32	1	0	0.0
2025-11-03	15:01:47[257]	0	0	0	0	0	0	0	0	0	0	43	85	-489	63.1659565292255	0	0	-1053	1053	32	1	0	0.0
2025-11-03	15:01:47[449]	0	0	0	0	0	0	0	0	0	0	37	83	-490	65.9734934213208	0	0	-1054	1054	32	1	0	0.0
2025-11-03	15:01:47[642]	0	0	0	0	0	0	0	0	0	0	47	94	-482	63.434948822922	0	0	-1046	1046	32	1	0	0.0
2025-11-03	15:01:47[850]	0	0	0	0	0	0	0	0	0	0	32	89	-487	70.2239233973608	0	0	-1051	1051	32	1	0	0.0
2025-11-03	15:01:48[041]	0	0	0	0	0	0	0	0	0	0	31	86	-492	70.1775354296348	0	0	-1056	1056	32	1	0	0.0
2025-11-03	15:01:48[232]	0	0	0	0	0	0	0	0	0	0	36	88	-489	67.7509763427876	0	0	-1053	1053	32	1	0	0.0
2025-11-03	15:01:48[423]	0	0	0	0	0	0	0	0	0	0	36	80	-490	65.7722546820458	0	0	-1054	1054	32	1	0	0.0
2025-11-03	15:01:48[634]	0	0	0	0	0	0	0	0	0	0	40	86	-489	65.0560947365754	0	0	-1053	1053	32	1	0	0.0
2025-11-03	15:01:48[824]	0	0	0	0	0	0	0	0	0	0	34	89	-492	69.0920195289903	0	0	-1056	1056	32	1	0	0.0
2025-11-03	15:01:49[015]	0	0	0	0	0	0	0	0	0	0	35	89	-497	68.532348560901	0	0	-1061	1061	32	1	0	0.0
2025-11-03	15:01:49[223]	0	0	0	0	0	0	0	0	0	0	35	88	-490	68.3109350353842	0	0	-1054	1054	32	1	0	0.0
2025-11-03	15:01:49[415]	0	0	0	0	0	0	0	0	0	0	38	92	-492	67.5572466347056	0	0	-1056	1056	32	1	0	0.0
2025-11-03	15:01:49[607]	0	0	0	0	0	0	0	0	0	0	33	84	-488	68.5522636728947	0	0	-1052	1052	32	1	0	0.0
2025-11-03	15:01:49[799]	0	0	0	0	0	0	0	0	0	0	40	82	-492	63.9966541554886	0	0	-1056	1056	32	1	0	0.0
2025-11-03	15:01:50[008]	0	0	0	0	0	0	0	0	0	0	37	85	-493	66.4767909795404	0	0	-1057	1057	32	1	0	0.0
2025-11-03	15:01:50[199]	0	0	0	0	0	0	0	0	0	0	40	80	-486	63.434948822922	0	0	-1050	1050	32	1	0	0.0
2025-11-03	15:01:50[388]	0	0	0	0	0	0	0	0	0	0	39	92	-482	67.0272786691713	0	0	-1046	1046	32	1	0	0.0
2025-11-03	15:01:50[597]	0	0	0	0	0	0	0	0	0	0	32	81	-498	68.4429207149623	0	0	-1062	1062	32	1	0	0.0
2025-11-03	15:01:50[787]	0	0	0	0	0	0	0	0	0	0	42	85	-487	63.7052099294161	0	0	-1051	1051	32	1	0	0.0
2025-11-03	15:01:50[980]	0	0	0	0	0	0	0	0	0	0	36	85	-488	67.0459134623715	0	0	-1052	1052	32	1	0	0.0
2025-11-03	15:01:51[173]	0	0	0	0	0	0	0	0	0	0	40	84	-488	64.5366549381284	0	0	-1052	1052	32	1	0	0.0
2025-11-03	15:01:51[380]	0	0	0	0	0	0	0	0	0	0	34	86	-485	68.4286928087454	0	0	-1049	1049	32	1	0	0.0
2025-11-03	15:01:51[571]	0	0	0	0	0	0	0	0	0	0	37	89	-485	67.4258619213518	0	0	-1049	1049	32	1	0	0.0
2025-11-03	15:01:51[764]	0	0	0	0	0	0	0	0	0	0	40	86	-494	65.0560947365754	0	0	-1058	1058	32	1	0	0.0
2025-11-03	15:01:51[972]	0	0	0	0	0	0	0	0	0	0	37	85	-490	66.4767909795404	0	0	-1054	1054	32	1	0	0.0
2025-11-03	15:01:52[164]	0	0	0	0	0	0	0	0	0	0	36	85	-492	67.0459134623715	0	0	-1056	1056	32	1	0	0.0
2025-11-03	15:01:52[355]	0	0	0	0	0	0	0	0	0	0	40	87	-492	65.3084418365219	0	0	-1056	1056	32	1	0	0.0
2025-11-03	15:01:52[553]	0	0	0	0	0	0	0	0	0	0	34	87	-484	68.6542133509102	0	0	-1048	1048	32	1	0	0.0
2025-11-03	15:01:52[746]	0	0	0	0	0	0	0	0	0	0	40	78	-491	62.8503183022168	0	0	-1055	1055	32	1	0	0.0
2025-11-03	15:01:52[952]	0	0	0	0	0	0	0	0	0	0	38	81	-490	64.8670450070867	0	0	-1054	1054	32	1	0	0.0
2025-11-03	15:01:53[147]	0	0	0	0	0	0	0	0	0	0	37	88	-482	67.195459528679	0	0	-1046	1046	32	1	0	0.0
2025-11-03	15:01:53[338]	0	0	0	0	0	0	0	0	0	0	32	83	-494	68.9162454176194	0	0	-1058	1058	32	1	0	0.0
2025-11-03	15:01:53[529]	0	0	0	0	0	0	0	0	0	0	39	89	-491	66.3368592918057	0	0	-1055	1055	32	1	0	0.0
2025-11-03	15:01:53[738]	0	0	0	0	0	0	0	0	0	0	36	87	-489	67.5205656028969	0	0	-1053	1053	32	1	0	0.0
2025-11-03	15:01:53[928]	0	0	0	0	0	0	0	0	0	0	42	91	-488	65.2248594311681	0	0	-1052	1052	32	1	0	0.0
2025-11-03	15:01:54[123]	0	0	0	0	0	0	0	0	0	0	39	86	-491	65.6062606138368	0	0	-1055	1055	32	1	0	0.0
2025-11-03	15:01:54[329]	0	0	0	0	0	0	0	0	0	0	37	82	-492	65.7141748443487	0	0	-1056	1056	32	1	0	0.0
2025-11-03	15:01:54[521]	0	0	0	0	0	0	0	0	0	0	40	88	-484	65.5560452195835	0	0	-1048	1048	32	1	0	0.0
2025-11-03	15:01:54[714]	0	0	0	0	0	0	0	0	0	0	35	83	-496	67.1354918781004	0	0	-1060	1060	32	1	0	0.0
2025-11-03	15:01:54[907]	0	0	0	0	0	0	0	0	0	0	40	88	-488	65.5560452195835	0	0	-1052	1052	32	1	0	0.0
2025-11-03	15:01:55[113]	0	0	0	0	0	0	0	0	0	0	32	88	-494	70.0168934781	0	0	-1058	1058	32	1	0	0.0
2025-11-03	15:01:55[305]	0	0	0	0	0	0	0	0	0	0	40	86	-487	65.0560947365754	0	0	-1051	1051	32	1	0	0.0
2025-11-03	15:01:55[498]	0	0	0	0	0	0	0	0	0	0	35	87	-493	68.0851336728083	0	0	-1057	1057	32	1	0	0.0
2025-11-03	15:01:55[690]	0	0	0	0	0	0	0	0	0	0	28	83	-491	71.3582081063007	0	0	-1055	1055	32	1	0	0.0
2025-11-03	15:01:55[896]	0	0	0	0	0	0	0	0	0	0	35	87	-497	68.0851336728083	0	0	-1061	1061	32	1	0	0.0
2025-11-03	15:01:56[088]	0	0	0	0	0	0	0	0	0	0	36	89	-485	67.9769445031887	0	0	-1049	1049	32	1	0	0.0
2025-11-03	15:01:56[279]	0	0	0	0	0	0	0	0	0	0	32	90	-485	70.4268741695898	0	0	-1049	1049	32	1	0	0.0
2025-11-03	15:01:56[491]	0	0	0	0	0	0	0	0	0	0	47	83	-492	60.4786381654184	0	0	-1056	1056	32	1	0	0.0
2025-11-03	15:01:56[679]	0	0	0	0	0	0	0	0	0	0	37	88	-498	67.195459528679	0	0	-1062	1062	32	1	0	0.0
2025-11-03	15:01:56[867]	0	0	0	0	0	0	0	0	0	0	36	87	-498	67.5205656028969	0	0	-1062	1062	32	1	0	0.0
2025-11-03	15:01:57[077]	0	0	0	0	0	0	0	0	0	0	40	84	-490	64.5366549381284	0	0	-1054	1054	32	1	0	0.0
2025-11-03	15:01:57[268]	0	0	0	0	0	0	0	0	0	0	35	84	-491	67.3801350519596	0	0	-1055	1055	32	1	0	0.0
2025-11-03	15:01:57[462]	0	0	0	0	0	0	0	0	0	0	37	80	-492	65.1794586645109	0	0	-1056	1056	32	1	0	0.0
2025-11-03	15:01:57[654]	0	0	0	0	0	0	0	0	0	0	41	87	-490	64.7671686767917	0	0	-1054	1054	32	1	0	0.0
2025-11-03	15:01:57[862]	0	0	0	0	0	0	0	0	0	0	37	82	-489	65.7141748443487	0	0	-1053	1053	32	1	0	0.0
2025-11-03	15:01:58[053]	0	0	0	0	0	0	0	0	0	0	46	83	-483	61.0040404858816	0	0	-1047	1047	32	1	0	0.0
2025-11-03	15:01:58[250]	0	0	0	0	0	0	0	0	0	0	34	82	-494	67.4794343971031	0	0	-1058	1058	32	1	0	0.0
2025-11-03	15:01:58[440]	0	0	0	0	0	0	0	0	0	0	39	80	-488	64.010766416167	0	0	-1052	1052	32	1	0	0.0
2025-11-03	15:01:58[645]	0	0	0	0	0	0	0	0	0	0	36	86	-491	67.2855876468328	0	0	-1055	1055	32	1	0	0.0
2025-11-03	15:01:58[836]	0	0	0	0	0	0	0	0	0	0	36	81	-491	66.0375110254218	0	0	-1055	1055	32	1	0	0.0
2025-11-03	15:01:59[031]	0	0	0	0	0	0	0	0	0	0	40	86	-495	65.0560947365754	0	0	-1059	1059	32	1	0	0.0
2025-11-03	15:01:59[232]	0	0	0	0	0	0	0	0	0	0	38	89	-486	66.8791513375753	0	0	-1050	1050	32	1	0	0.0
2025-11-03	15:01:59[420]	0	0	0	0	0	0	0	0	0	0	34	90	-492	69.3045492659367	0	0	-1056	1056	32	1	0	0.0
2025-11-03	15:01:59[629]	0	0	0	0	0	0	0	0	0	0	36	85	-488	67.0459134623715	0	0	-1052	1052	32	1	0	0.0
2025-11-03	15:01:59[821]	0	0	0	0	0	0	0	0	0	0	37	87	-496	66.9605640200965	0	0	-1060	1060	32	1	0	0.0
2025-11-03	15:02:00[017]	0	0	0	0	0	0	0	0	0	0	39	87	-484	65.8544580395783	0	0	-1048	1048	32	1	0	0.0
2025-11-03	15:02:00[210]	0	0	0	0	0	0	0	0	0	0	41	87	-490	64.7671686767917	0	0	-1054	1054	32	1	0	0.0
2025-11-03	15:02:00[400]	0	0	0	0	0	0	0	0	0	0	38	86	-482	66.1612598168283	0	0	-1046	1046	32	1	0	0.0
2025-11-03	15:02:00[608]	0	0	0	0	0	0	0	0	0	0	43	88	-492	63.9581834051062	0	0	-1056	1056	32	1	0	0.0
2025-11-03	15:02:00[799]	0	0	0	0	0	0	0	0	0	0	31	81	-486	69.0573494500117	0	0	-1050	1050	32	1	0	0.0
2025-11-03	15:02:00[991]	0	0	0	0	0	0	0	0	0	0	34	85	-485	68.1985905136482	0	0	-1049	1049	32	1	0	0.0
2025-11-03	15:02:01[199]	0	0	0	0	0	0	0	0	0	0	42	87	-495	64.2306723756613	0	0	-1059	1059	32	1	0	0.0
2025-11-03	15:02:01[390]	0	0	0	0	0	0	0	0	0	0	38	87	-492	66.4051794301185	0	0	-1056	1056	32	1	0	0.0
2025-11-03	15:02:01[582]	0	0	0	0	0	0	0	0	0	0	36	91	-492	68.4160307582304	0	0	-1056	1056	32	1	0	0.0
2025-11-03	15:02:01[777]	0	0	0	0	0	0	0	0	0	0	38	81	-491	64.8670450070867	0	0	-1055	1055	32	1	0	0.0
2025-11-03	15:02:01[983]	0	0	0	0	0	0	0	0	0	0	32	83	-492	68.9162454176194	0	0	-1056	1056	32	1	0	0.0
2025-11-03	15:02:02[175]	0	0	0	0	0	0	0	0	0	0	42	85	-489	63.7052099294161	0	0	-1053	1053	32	1	0	0.0
2025-11-03	15:02:02[370]	0	0	0	0	0	0	0	0	0	0	35	89	-487	68.532348560901	0	0	-1051	1051	32	1	0	0.0
2025-11-03	15:02:02[575]	0	0	0	0	0	0	0	0	0	0	39	81	-484	64.2900462191887	0	0	-1048	1048	32	1	0	0.0
2025-11-03	15:02:02[768]	0	0	0	0	0	0	0	0	0	0	34	83	-483	67.724102151741	0	0	-1047	1047	32	1	0	0.0
2025-11-03	15:02:02[961]	0	0	0	0	0	0	0	0	0	0	31	87	-490	70.3879062910959	0	0	-1054	1054	32	1	0	0.0
2025-11-03	15:02:03[151]	0	0	0	0	0	0	0	0	0	0	36	77	-492	64.942384581697	0	0	-1056	1056	32	1	0	0.0
2025-11-03	15:02:03[359]	0	0	0	0	0	0	0	0	0	0	41	87	-483	64.7671686767917	0	0	-1047	1047	32	1	0	0.0
2025-11-03	15:02:03[552]	0	0	0	0	0	0	0	0	0	0	31	88	-491	70.5940292459988	0	0	-1055	1055	32	1	0	0.0
2025-11-03	15:02:03[745]	0	0	0	0	0	0	0	0	0	0	45	87	-486	62.6501242199301	0	0	-1050	1050	32	1	0	0.0
2025-11-03	15:02:03[937]	0	0	0	0	0	0	0	0	0	0	31	90	-488	70.9940158039632	0	0	-1052	1052	32	1	0	0.0
2025-11-03	15:02:04[146]	0	0	0	0	0	0	0	0	0	0	42	89	-487	64.7369014955009	0	0	-1051	1051	32	1	0	0.0
2025-11-03	15:02:04[337]	0	0	0	0	0	0	0	0	0	0	36	87	-489	67.5205656028969	0	0	-1053	1053	32	1	0	0.0
2025-11-03	15:02:04[528]	0	0	0	0	0	0	0	0	0	0	35	94	-489	69.5776669752766	0	0	-1053	1053	32	1	0	0.0
2025-11-03	15:02:04[723]	0	0	0	0	0	0	0	0	0	0	43	83	-482	62.6125778429238	0	0	-1046	1046	32	1	0	0.0
2025-11-03	15:02:04[931]	0	0	0	0	0	0	0	0	0	0	39	85	-487	65.3532291480688	0	0	-1051	1051	32	1	0	0.0
2025-11-03	15:02:05[118]	0	0	0	0	0	0	0	0	0	0	36	81	-485	66.0375110254218	0	0	-1049	1049	32	1	0	0.0
2025-11-03	15:02:05[314]	0	0	0	0	0	0	0	0	0	0	34	82	-485	67.4794343971031	0	0	-1049	1049	32	1	0	0.0
2025-11-03	15:02:05[509]	0	0	0	0	0	0	0	0	0	0	34	86	-492	68.4286928087454	0	0	-1056	1056	32	1	0	0.0
2025-11-03	15:02:05[714]	0	0	0	0	0	0	0	0	0	0	39	85	-488	65.3532291480688	0	0	-1052	1052	32	1	0	0.0
2025-11-03	15:02:05[906]	0	0	0	0	0	0	0	0	0	0	29	89	-486	71.9521789312289	0	0	-1050	1050	32	1	0	0.0
2025-11-03	15:02:06[096]	0	0	0	0	0	0	0	0	0	0	36	87	-491	67.5205656028969	0	0	-1055	1055	32	1	0	0.0
2025-11-03	15:02:06[307]	0	0	0	0	0	0	0	0	0	0	255	88	-485	19.03945395984	0	0	-1049	1049	32	1	0	0.0
2025-11-03	15:02:06[496]	0	0	0	0	0	0	0	0	0	0	36	88	-489	67.7509763427876	0	0	-1053	1053	32	1	0	0.0
2025-11-03	15:02:06[687]	0	0	0	0	0	0	0	0	0	0	42	87	-492	64.2306723756613	0	0	-1056	1056	32	1	0	0.0
2025-11-03	15:02:06[880]	0	0	0	0	0	0	0	0	0	0	37	88	-485	67.195459528679	0	0	-1049	1049	32	1	0	0.0
2025-11-03	15:02:07[082]	0	0	0	0	0	0	0	0	0	0	42	83	-490	63.1594904667868	0	0	-1054	1054	32	1	0	0.0
2025-11-03	15:02:07[279]	0	0	0	0	0	0	0	0	0	0	38	80	-481	64.5922818910515	0	0	-1045	1045	32	1	0	0.0
2025-11-03	15:02:07[470]	0	0	0	0	0	0	0	0	0	0	39	87	-495	65.8544580395783	0	0	-1059	1059	32	1	0	0.0
2025-11-03	15:02:07[677]	0	0	0	0	0	0	0	0	0	0	34	87	-490	68.6542133509102	0	0	-1054	1054	32	1	0	0.0
2025-11-03	15:02:07[867]	0	0	0	0	0	0	0	0	0	0	34	82	-486	67.4794343971031	0	0	-1050	1050	32	1	0	0.0
2025-11-03	15:02:08[060]	0	0	0	0	0	0	0	0	0	0	35	91	-491	68.9624889745782	0	0	-1055	1055	32	1	0	0.0
2025-11-03	15:02:08[270]	0	0	0	0	0	0	0	0	0	0	40	84	-492	64.5366549381284	0	0	-1056	1056	32	1	0	0.0
2025-11-03	15:02:08[458]	0	0	0	0	0	0	0	0	0	0	38	84	-487	65.6589100633075	0	0	-1051	1051	32	1	0	0.0
2025-11-03	15:02:08[648]	0	0	0	0	0	0	0	0	0	0	39	90	-489	66.5713071912546	0	0	-1053	1053	32	1	0	0.0
2025-11-03	15:02:08[855]	0	0	0	0	0	0	0	0	0	0	42	86	-493	63.9704078084865	0	0	-1057	1057	32	1	0	0.0
2025-11-03	15:02:09[047]	0	0	0	0	0	0	0	0	0	0	42	80	-494	62.300527191945	0	0	-1058	1058	32	1	0	0.0
2025-11-03	15:02:09[243]	0	0	0	0	0	0	0	0	0	0	35	87	-486	68.0851336728083	0	0	-1050	1050	32	1	0	0.0
2025-11-03	15:02:09[437]	0	0	0	0	0	0	0	0	0	0	33	83	-486	68.3177083867551	0	0	-1050	1050	32	1	0	0.0
2025-11-03	15:02:09[629]	0	0	0	0	0	0	0	0	0	0	30	90	-490	71.565051177078	0	0	-1054	1054	32	1	0	0.0
2025-11-03	15:02:09[839]	0	0	0	0	0	0	0	0	0	0	36	86	-491	67.2855876468328	0	0	-1055	1055	32	1	0	0.0
2025-11-03	15:02:10[031]	0	0	0	0	0	0	0	0	0	0	40	82	-489	63.9966541554886	0	0	-1053	1053	32	1	0	0.0
2025-11-03	15:02:10[415]	0	0	0	0	0	0	0	0	0	0	34	87	-483	68.6542133509102	0	0	-1047	1047	32	1	0	0.0
2025-11-03	15:02:10[623]	0	0	0	0	0	0	0	0	0	0	41	84	-490	63.9832170592262	0	0	-1054	1054	32	1	0	0.0
2025-11-03	15:02:10[817]	0	0	0	0	0	0	0	0	0	0	33	91	-491	70.0674634380605	0	0	-1055	1055	32	251	0	0.0
2025-11-03	15:02:11[009]	0	0	0	0	0	0	0	0	0	0	40	86	-493	65.0560947365754	0	0	-1057	1057	32	1	0	0.0
2025-11-03	15:02:11[199]	0	0	0	0	0	0	0	0	0	0	32	84	-496	69.1455419604217	0	0	-1060	1060	32	1	0	0.0
2025-11-03	15:02:11[407]	0	0	0	0	0	0	0	0	0	0	33	80	-491	67.5838525206564	0	0	-1055	1055	32	1	0	0.0
2025-11-03	15:02:11[598]	0	0	0	0	0	0	0	0	0	0	39	87	-490	65.8544580395783	0	0	-1054	1054	32	1	0	0.0
2025-11-03	15:02:11[790]	0	0	0	0	0	0	0	0	0	0	39	87	-493	65.8544580395783	0	0	-1057	1057	32	1	0	0.0
2025-11-03	15:02:11[984]	0	0	0	0	0	0	0	0	0	0	39	83	-491	64.8321298502184	0	0	-1055	1055	32	1	0	0.0
2025-11-03	15:02:12[190]	0	0	0	0	0	0	0	0	0	0	35	86	-489	67.8548199617767	0	0	-1053	1053	32	1	0	0.0
2025-11-03	15:02:12[382]	0	0	0	0	0	0	0	0	0	0	28	85	-492	71.7675089192962	0	0	-1056	1056	32	1	0	0.0
2025-11-03	15:02:12[574]	0	0	0	0	0	0	0	0	0	0	29	89	-496	71.9521789312289	0	0	-1060	1060	32	1	0	0.0
2025-11-03	15:02:12[778]	0	0	0	0	0	0	0	0	0	0	34	88	-486	68.8752808539275	0	0	-1050	1050	32	1	0	0.0
2025-11-03	15:02:12[967]	0	0	0	0	0	0	0	0	0	0	38	86	-494	66.1612598168283	0	0	-1058	1058	32	1	0	0.0
2025-11-03	15:02:13[176]	0	0	0	0	0	0	0	0	0	0	32	93	-497	71.0123759121298	0	0	-1061	1061	32	1	0	0.0
2025-11-03	15:02:13[367]	0	0	0	0	0	0	0	0	0	0	30	85	-490	70.5599651718238	0	0	-1054	1054	32	1	0	0.0
2025-11-03	15:02:13[560]	0	0	0	0	0	0	0	0	0	0	38	91	-489	67.3354425653039	0	0	-1053	1053	32	1	0	0.0
2025-11-03	15:02:13[750]	0	0	0	0	0	0	0	0	0	0	36	88	-497	67.7509763427876	0	0	-1061	1061	32	1	0	0.0
2025-11-03	15:02:13[958]	0	0	0	0	0	0	0	0	0	0	33	78	-496	67.0678995624102	0	0	-1060	1060	32	1	0	0.0
2025-11-03	15:02:14[152]	0	0	0	0	0	0	0	0	0	0	34	82	-487	67.4794343971031	0	0	-1051	1051	32	1	0	0.0
2025-11-03	15:02:14[343]	0	0	0	0	0	0	0	0	0	0	38	83	-492	65.4002093948425	0	0	-1056	1056	32	1	0	0.0
2025-11-03	15:02:14[550]	0	0	0	0	0	0	0	0	0	0	37	85	-490	66.4767909795404	0	0	-1054	1054	32	1	0	0.0
2025-11-03	15:02:14[742]	0	0	0	0	0	0	0	0	0	0	38	87	-488	66.4051794301185	0	0	-1052	1052	32	1	0	0.0
2025-11-03	15:02:14[934]	0	0	0	0	0	0	0	0	0	0	35	85	-500	67.6198649480404	0	0	-1064	1064	32	1	0	0.0
2025-11-03	15:02:15[130]	0	0	0	0	0	0	0	0	0	0	36	86	-491	67.2855876468328	0	0	-1055	1055	32	1	0	0.0
2025-11-03	15:02:15[322]	0	0	0	0	0	0	0	0	0	0	31	88	-495	70.5940292459988	0	0	-1059	1059	32	1	0	0.0
2025-11-03	15:02:15[533]	0	0	0	0	0	0	0	0	0	0	34	86	-492	68.4286928087454	0	0	-1056	1056	32	1	0	0.0
2025-11-03	15:02:15[722]	0	0	0	0	0	0	0	0	0	0	38	81	-487	64.8670450070867	0	0	-1051	1051	32	1	0	0.0
2025-11-03	15:02:15[915]	0	0	0	0	0	0	0	0	0	0	41	84	-498	63.9832170592262	0	0	-1062	1062	32	1	0	0.0
2025-11-03	15:02:16[105]	0	0	0	0	0	0	0	0	0	0	40	91	-489	66.2716089240475	0	0	-1053	1053	32	1	0	0.0
2025-11-03	15:02:16[312]	0	0	0	0	0	0	0	0	0	0	30	83	-492	70.1278241807561	0	0	-1056	1056	32	1	0	0.0
2025-11-03	15:02:16[505]	0	0	0	0	0	0	0	0	0	0	28	87	-485	72.1597956922965	0	0	-1049	1049	32	1	0	0.0
2025-11-03	15:02:16[696]	0	0	0	0	0	0	0	0	0	0	38	75	-491	63.1301869125009	0	0	-1055	1055	32	1	0	0.0
2025-11-03	15:02:16[905]	0	0	0	0	0	0	0	0	0	0	32	85	-493	69.3701200538738	0	0	-1057	1057	32	1	0	0.0
2025-11-03	15:02:17[095]	0	0	0	0	0	0	0	0	0	0	32	87	-494	69.805665754816	0	0	-1058	1058	32	1	0	0.0
2025-11-03	15:02:17[291]	0	0	0	0	0	0	0	0	0	0	36	82	-486	66.2973540490338	0	0	-1050	1050	32	1	0	0.0
2025-11-03	15:02:17[482]	0	0	0	0	0	0	0	0	0	0	34	86	-483	68.4286928087454	0	0	-1047	1047	32	1	0	0.0
2025-11-03	15:02:17[690]	0	0	0	0	0	0	0	0	0	0	36	84	-493	66.8014094863518	0	0	-1057	1057	32	1	0	0.0
2025-11-03	15:02:17[882]	0	0	0	0	0	0	0	0	0	0	38	88	-494	66.644435140714	0	0	-1058	1058	32	1	0	0.0
2025-11-03	15:02:18[077]	0	0	0	0	0	0	0	0	0	0	37	82	-493	65.7141748443487	0	0	-1057	1057	32	1	0	0.0
2025-11-03	15:02:18[266]	0	0	0	0	0	0	0	0	0	0	38	84	-494	65.6589100633075	0	0	-1058	1058	32	1	0	0.0
2025-11-03	15:02:18[474]	0	0	0	0	0	0	0	0	0	0	34	77	-489	66.1757394171046	0	0	-1053	1053	32	1	0	0.0
2025-11-03	15:02:18[665]	0	0	0	0	0	0	0	0	0	0	36	90	-492	68.1985905136482	0	0	-1056	1056	32	1	0	0.0
2025-11-03	15:02:18[860]	0	0	0	0	0	0	0	0	0	0	44	86	-490	62.9044475062482	0	0	-1054	1054	32	1	0	0.0
2025-11-03	15:02:19[066]	0	0	0	0	0	0	0	0	0	0	39	83	-492	64.8321298502184	0	0	-1056	1056	32	1	0	0.0
2025-11-03	15:02:19[257]	0	0	0	0	0	0	0	0	0	0	34	79	-490	66.7139350817764	0	0	-1054	1054	32	1	0	0.0
2025-11-03	15:02:19[452]	0	0	0	0	0	0	0	0	0	0	32	83	-488	68.9162454176194	0	0	-1052	1052	32	1	0	0.0
2025-11-03	15:02:19[643]	0	0	0	0	0	0	0	0	0	0	37	88	-491	67.195459528679	0	0	-1055	1055	32	1	0	0.0
2025-11-03	15:02:19[850]	0	0	0	0	0	0	0	0	0	0	31	86	-489	70.1775354296348	0	0	-1053	1053	32	1	0	0.0
2025-11-03	15:02:20[041]	0	0	0	0	0	0	0	0	0	0	36	82	-492	66.2973540490338	0	0	-1056	1056	32	1	0	0.0
2025-11-03	15:02:20[235]	0	0	0	0	0	0	0	0	0	0	30	84	-490	70.3461759419467	0	0	-1054	1054	32	1	0	0.0
2025-11-03	15:02:20[425]	0	0	0	0	0	0	0	0	0	0	33	92	-494	70.267310500339	0	0	-1058	1058	32	1	0	0.0
2025-11-03	15:02:20[635]	0	0	0	0	0	0	0	0	0	0	39	78	-491	63.434948822922	0	0	-1055	1055	32	1	0	0.0
2025-11-03	15:02:20[825]	0	0	0	0	0	0	0	0	0	0	37	85	-496	66.4767909795404	0	0	-1060	1060	32	1	0	0.0
2025-11-03	15:02:21[020]	0	0	0	0	0	0	0	0	0	0	35	85	-486	67.6198649480404	0	0	-1050	1050	32	1	0	0.0
2025-11-03	15:02:21[211]	0	0	0	0	0	0	0	0	0	0	37	84	-485	66.2276511886353	0	0	-1049	1049	32	1	0	0.0
2025-11-03	15:02:21[418]	0	0	0	0	0	0	0	0	0	0	30	88	-491	71.1752899817599	0	0	-1055	1055	32	1	0	0.0
2025-11-03	15:02:21[610]	0	0	0	0	0	0	0	0	0	0	35	89	-487	68.532348560901	0	0	-1051	1051	32	1	0	0.0
2025-11-03	15:02:21[804]	0	0	0	0	0	0	0	0	0	0	35	86	-487	67.8548199617767	0	0	-1051	1051	32	1	0	0.0
2025-11-03	15:02:21[995]	0	0	0	0	0	0	0	0	0	0	37	83	-489	65.9734934213208	0	0	-1053	1053	32	1	0	0.0
2025-11-03	15:02:22[200]	0	0	0	0	0	0	0	0	0	0	39	88	-486	66.0979495889892	0	0	-1050	1050	32	1	0	0.0
2025-11-03	15:02:22[389]	0	0	0	0	0	0	0	0	0	0	34	89	-492	69.0920195289903	0	0	-1056	1056	32	1	0	0.0
2025-11-03	15:02:22[598]	0	0	0	0	0	0	0	0	0	0	34	83	-493	67.724102151741	0	0	-1057	1057	32	1	0	0.0
2025-11-03	15:02:22[794]	0	0	0	0	0	0	0	0	0	0	35	85	-492	67.6198649480404	0	0	-1056	1056	32	1	0	0.0
2025-11-03	15:02:22[983]	0	0	0	0	0	0	0	0	0	0	42	85	-486	63.7052099294161	0	0	-1050	1050	32	1	0	0.0
2025-11-03	15:02:23[177]	0	0	0	0	0	0	0	0	0	0	39	90	-485	66.5713071912546	0	0	-1049	1049	32	1	0	0.0
2025-11-03	15:02:23[387]	0	0	0	0	0	0	0	0	0	0	38	82	-488	65.1363034282481	0	0	-1052	1052	32	1	0	0.0
2025-11-03	15:02:23[576]	0	0	0	0	0	0	0	0	0	0	38	83	-497	65.4002093948425	0	0	-1061	1061	32	1	0	0.0
2025-11-03	15:02:23[772]	0	0	0	0	0	0	0	0	0	0	35	84	-494	67.3801350519596	0	0	-1058	1058	32	1	0	0.0
2025-11-03	15:02:23[959]	0	0	0	0	0	0	0	0	0	0	38	93	-489	67.7749695488864	0	0	-1053	1053	32	1	0	0.0
2025-11-03	15:02:24[169]	0	0	0	0	0	0	0	0	0	0	40	89	-491	65.7990284088415	0	0	-1055	1055	32	1	0	0.0
2025-11-03	15:02:24[359]	0	0	0	0	0	0	0	0	0	0	41	83	-490	63.7117378750998	0	0	-1054	1054	32	1	0	0.0
2025-11-03	15:02:24[552]	0	0	0	0	0	0	0	0	0	0	37	77	-492	64.3348085378264	0	0	-1056	1056	32	1	0	0.0
2025-11-03	15:02:24[744]	0	0	0	0	0	0	0	0	0	0	36	85	-494	67.0459134623715	0	0	-1058	1058	32	1	0	0.0
2025-11-03	15:02:24[949]	0	0	0	0	0	0	0	0	0	0	38	85	-491	65.9125476913677	0	0	-1055	1055	32	1	0	0.0
2025-11-03	15:02:25[141]	0	0	0	0	0	0	0	0	0	0	32	85	-491	69.3701200538738	0	0	-1055	1055	32	1	0	0.0
2025-11-03	15:02:25[335]	0	0	0	0	0	0	0	0	0	0	37	85	-493	66.4767909795404	0	0	-1057	1057	32	1	0	0.0
2025-11-03	15:02:25[542]	0	0	0	0	0	0	0	0	0	0	39	79	-489	63.7257878452726	0	0	-1053	1053	32	1	0	0.0
2025-11-03	15:02:25[734]	0	0	0	0	0	0	0	0	0	0	33	87	-493	69.2277453179542	0	0	-1057	1057	32	1	0	0.0
2025-11-03	15:02:25[929]	0	0	0	0	0	0	0	0	0	0	39	92	-495	67.0272786691713	0	0	-1059	1059	32	1	0	0.0
2025-11-03	15:02:26[118]	0	0	0	0	0	0	0	0	0	0	33	209	-483	81.0273733851036	0	0	-1047	1047	32	1	0	0.0
2025-11-03	15:02:26[326]	0	0	0	0	0	0	0	0	0	0	39	89	-496	66.3368592918057	0	0	-1060	1060	32	1	0	0.0
2025-11-03	15:02:26[520]	0	0	0	0	0	0	0	0	0	0	35	86	-490	67.8548199617767	0	0	-1054	1054	32	1	0	0.0
2025-11-03	15:02:26[712]	0	0	0	0	0	0	0	0	0	0	36	80	-484	65.7722546820458	0	0	-1048	1048	32	1	0	0.0
2025-11-03	15:02:26[921]	0	0	0	0	0	0	0	0	0	0	33	85	-495	68.7820304232214	0	0	-1059	1059	32	1	0	0.0
2025-11-03	15:02:27[109]	0	0	0	0	0	0	0	0	0	0	41	84	-492	63.9832170592262	0	0	-1056	1056	32	1	0	0.0
2025-11-03	15:02:27[304]	0	0	0	0	0	0	0	0	0	0	33	89	-501	69.6558987440816	0	0	-1065	1065	32	1	0	0.0
2025-11-03	15:02:27[494]	0	0	0	0	0	0	0	0	0	0	37	89	-488	67.4258619213518	0	0	-1052	1052	32	1	0	0.0
2025-11-03	15:02:27[694]	0	0	0	0	0	0	0	0	0	0	32	87	-492	69.805665754816	0	0	-1056	1056	32	1	0	0.0
2025-11-03	15:02:27[886]	0	0	0	0	0	0	0	0	0	0	39	87	-488	65.8544580395783	0	0	-1052	1052	32	1	0	0.0
2025-11-03	15:02:28[094]	0	0	0	0	0	0	0	0	0	0	39	88	-495	66.0979495889892	0	0	-1059	1059	32	1	0	0.0
2025-11-03	15:02:28[282]	0	0	0	0	0	0	0	0	0	0	31	94	-486	71.7481041629215	0	0	-1050	1050	32	1	0	0.0
2025-11-03	15:02:28[475]	0	0	0	0	0	0	0	0	0	0	37	85	-489	66.4767909795404	0	0	-1053	1053	32	1	0	0.0
2025-11-03	15:02:28[682]	0	0	0	0	0	0	0	0	0	0	38	87	-492	66.4051794301185	0	0	-1056	1056	32	1	0	0.0
2025-11-03	15:02:28[878]	0	0	0	0	0	0	0	0	0	0	37	87	-497	66.9605640200965	0	0	-1061	1061	32	1	0	0.0
2025-11-03	15:02:29[066]	0	0	0	0	0	0	0	0	0	0	38	84	-493	65.6589100633075	0	0	-1057	1057	32	1	0	0.0
2025-11-03	15:02:29[259]	0	0	0	0	0	0	0	0	0	0	35	87	-493	68.0851336728083	0	0	-1057	1057	32	1	0	0.0
2025-11-03	15:02:29[466]	0	0	0	0	0	0	0	0	0	0	44	88	-497	63.434948822922	0	0	-1061	1061	32	1	0	0.0
2025-11-03	15:02:29[657]	0	0	0	0	0	0	0	0	0	0	43	88	-489	63.9581834051062	0	0	-1053	1053	32	1	0	0.0
2025-11-03	15:02:29[853]	0	0	0	0	0	0	0	0	0	0	39	83	-495	64.8321298502184	0	0	-1059	1059	32	1	0	0.0
2025-11-03	15:02:30[043]	0	0	0	0	0	0	0	0	0	0	31	84	-494	69.7435378254769	0	0	-1058	1058	32	1	0	0.0
2025-11-03	15:02:30[250]	0	0	0	0	0	0	0	0	0	0	35	86	-497	67.8548199617767	0	0	-1061	1061	32	1	0	0.0
2025-11-03	15:02:30[443]	0	0	0	0	0	0	0	0	0	0	37	82	-486	65.7141748443487	0	0	-1050	1050	32	1	0	0.0
2025-11-03	15:02:30[635]	0	0	0	0	0	0	0	0	0	0	35	89	-491	68.532348560901	0	0	-1055	1055	32	1	0	0.0
2025-11-03	15:02:30[844]	0	0	0	0	0	0	0	0	0	0	37	87	-494	66.9605640200965	0	0	-1058	1058	32	1	0	0.0
2025-11-03	15:02:31[033]	0	0	0	0	0	0	0	0	0	0	35	85	-487	67.6198649480404	0	0	-1051	1051	32	1	0	0.0
2025-11-03	15:02:31[226]	0	0	0	0	0	0	0	0	0	0	40	81	-497	63.7185889786798	0	0	-1061	1061	32	1	0	0.0
2025-11-03	15:02:31[418]	0	0	0	0	0	0	0	0	0	0	32	83	-490	68.9162454176194	0	0	-1054	1054	32	1	0	0.0
2025-11-03	15:02:31[624]	0	0	0	0	0	0	0	0	0	0	29	87	-490	71.565051177078	0	0	-1054	1054	32	1	0	0.0
2025-11-03	15:02:31[817]	0	0	0	0	0	0	0	0	0	0	37	89	-489	67.4258619213518	0	0	-1053	1053	32	1	0	0.0
2025-11-03	15:02:32[009]	0	0	0	0	0	0	0	0	0	0	32	89	-492	70.2239233973608	0	0	-1056	1056	32	1	0	0.0
2025-11-03	15:02:32[218]	0	0	0	0	0	0	0	0	0	0	40	89	-490	65.7990284088415	0	0	-1054	1054	32	1	0	0.0
2025-11-03	15:02:32[413]	0	0	0	0	0	0	0	0	0	0	42	83	-493	63.1594904667868	0	0	-1057	1057	32	1	0	0.0
2025-11-03	15:02:32[599]	0	0	0	0	0	0	0	0	0	0	34	83	-496	67.724102151741	0	0	-1060	1060	32	1	0	0.0
2025-11-03	15:02:32[803]	0	0	0	0	0	0	0	0	0	0	41	80	-493	62.8648603779231	0	0	-1057	1057	251	1	0	0.0
2025-11-03	15:02:33[000]	0	0	0	0	0	0	0	0	0	0	26	86	-494	73.1785901099592	0	0	-1058	1058	32	1	0	0.0
2025-11-03	15:02:33[192]	0	0	0	0	0	0	0	0	0	0	34	83	-492	67.724102151741	0	0	-1056	1056	32	1	0	0.0
2025-11-03	15:02:33[387]	0	0	0	0	0	0	0	0	0	0	35	84	-485	67.3801350519596	0	0	-1049	25	32	1	0	0.0
2025-11-03	15:02:33[576]	0	0	0	0	0	0	0	0	0	0	36	93	-491	68.8387401831717	0	0	-1055	1055	32	1	0	0.0
2025-11-03	15:02:33[787]	0	0	0	0	0	0	0	0	0	0	33	87	-491	69.2277453179542	0	0	-1055	1055	32	1	0	0.0
2025-11-03	15:02:33[976]	0	0	0	0	0	0	0	0	0	0	36	82	-494	66.2973540490338	0	0	-1058	1058	32	1	0	0.0
2025-11-03	15:02:34[170]	0	0	0	0	0	0	0	0	0	0	35	89	-486	68.532348560901	0	0	-1050	1050	32	1	0	0.0
2025-11-03	15:02:34[363]	0	0	0	0	0	0	0	0	0	0	39	89	-482	66.3368592918057	0	0	-1046	1046	32	1	0	0.0
2025-11-03	15:02:34[571]	0	0	0	0	0	0	0	0	0	0	36	94	-497	69.0442232693678	0	0	-1061	1061	32	1	0	0.0
2025-11-03	15:02:34[763]	0	0	0	0	0	0	0	0	0	0	39	84	-485	65.0952311919048	0	0	-1049	1049	32	1	0	0.0
2025-11-03	15:02:34[953]	0	0	0	0	0	0	0	0	0	0	34	80	-488	66.974507991472	0	0	-1052	1052	32	1	0	0.0
2025-11-03	15:02:35[146]	0	0	0	0	0	0	0	0	0	0	33	83	-487	68.3177083867551	0	0	-1051	1051	32	1	0	0.0
2025-11-03	15:02:35[355]	0	0	0	0	0	0	0	0	0	0	33	86	-494	69.0071466268858	0	0	-1058	1058	32	1	0	0.0
2025-11-03	15:02:35[545]	0	0	0	0	0	0	0	0	0	0	40	90	-491	66.0375110254218	0	0	-1055	1055	32	1	0	0.0
2025-11-03	15:02:35[737]	0	0	0	0	0	0	0	0	0	0	35	84	-492	67.3801350519596	0	0	-1056	1056	32	1	0	0.0
2025-11-03	15:02:35[929]	0	0	0	0	0	0	0	0	0	0	45	87	-490	62.6501242199301	0	0	-1054	1054	32	1	0	0.0
2025-11-03	15:02:36[139]	0	0	0	0	0	0	0	0	0	0	43	91	-489	64.7079788429787	0	0	-1053	1053	32	1	0	0.0
2025-11-03	15:02:36[331]	0	0	0	0	0	0	0	0	0	0	39	88	-492	66.0979495889892	0	0	-1056	1056	32	1	0	0.0
2025-11-03	15:02:36[521]	0	0	0	0	0	0	0	0	0	0	36	83	-488	66.5519374220422	0	0	-1052	1052	32	1	0	0.0
2025-11-03	15:02:36[730]	0	0	0	0	0	0	0	0	0	0	37	86	-492	66.7210508019973	0	0	-1056	1056	32	1	0	0.0
2025-11-03	15:02:36[920]	0	0	0	0	0	0	0	0	0	0	36	84	-492	66.8014094863518	0	0	-1056	1056	32	1	0	0.0
2025-11-03	15:02:37[115]	0	0	0	0	0	0	0	0	0	0	40	77	-493	62.5490022290678	0	0	-1057	1057	32	1	0	0.0
2025-11-03	15:02:37[307]	0	0	0	0	0	0	0	0	0	0	30	95	-494	72.4744316262771	0	0	-1058	1058	32	1	0	0.0
2025-11-03	15:02:37[513]	0	0	0	0	0	0	0	0	0	0	34	79	-494	66.7139350817764	0	0	-1058	1058	32	1	0	0.0
2025-11-03	15:02:37[705]	0	0	0	0	0	0	0	0	0	0	32	89	-488	70.2239233973608	0	0	-1052	1052	32	1	0	0.0
2025-11-03	15:02:37[900]	0	0	0	0	0	0	0	0	0	0	32	84	-504	69.1455419604217	0	0	-1068	1068	32	1	0	0.0
2025-11-03	15:02:38[090]	0	0	0	0	0	0	0	0	0	0	39	84	-493	65.0952311919048	0	0	-1057	1057	32	1	0	0.0
2025-11-03	15:02:38[298]	0	0	0	0	0	0	0	0	0	0	33	86	-492	69.0071466268858	0	0	-1056	1056	32	1	0	0.0
2025-11-03	15:02:38[490]	0	0	0	0	0	0	0	0	0	0	34	83	-493	67.724102151741	0	0	-1057	1057	32	1	0	0.0
2025-11-03	15:02:38[680]	0	0	0	0	0	0	0	0	0	0	45	82	-493	61.2428791026976	0	0	-1057	1057	32	1	0	0.0
2025-11-03	15:02:38[889]	0	0	0	0	0	0	0	0	0	0	36	92	-492	68.6293777306568	0	0	-1056	1056	32	1	0	0.0
2025-11-03	15:02:39[080]	0	0	0	0	0	0	0	0	0	0	38	79	-491	64.3118565643527	0	0	-1055	1055	32	1	0	0.0
2025-11-03	15:02:39[273]	0	0	0	0	0	0	0	0	0	0	36	88	-492	67.7509763427876	0	0	-1056	1056	32	1	0	0.0
2025-11-03	15:02:39[464]	0	0	0	0	0	0	0	0	0	0	29	88	-491	71.7605991533488	0	0	-1055	1055	32	1	0	0.0
2025-11-03	15:02:39[675]	0	0	0	0	0	0	0	0	0	0	37	77	-493	64.3348085378264	0	0	-1057	1057	32	1	0	0.0
2025-11-03	15:02:39[864]	0	0	0	0	0	0	0	0	0	0	31	89	-493	70.7960264945	0	0	-1057	1057	32	254	0	0.0
2025-11-03	15:02:40[056]	0	0	0	0	0	0	0	0	0	0	34	88	-483	68.8752808539275	0	0	-1047	1047	32	1	0	0.0
2025-11-03	15:02:40[247]	0	0	0	0	0	0	0	0	0	0	34	91	-491	69.5129858066693	0	0	-1055	1055	32	1	0	0.0
2025-11-03	15:02:40[456]	0	0	0	0	0	0	0	0	0	0	34	90	-490	69.3045492659367	0	0	-1054	1054	32	1	0	0.0
2025-11-03	15:02:40[650]	0	0	0	0	0	0	0	0	0	0	43	82	-494	62.3279217772412	0	0	-1058	1058	32	1	0	0.0
2025-11-03	15:02:40[842]	0	0	0	0	0	0	0	0	0	0	37	87	-487	66.9605640200965	0	0	-1051	1051	32	1	0	0.0
2025-11-03	15:02:41[032]	0	0	0	0	0	0	0	0	0	0	34	87	-493	68.6542133509102	0	0	-1057	1057	32	1	0	0.0
2025-11-03	15:02:41[240]	0	0	0	0	0	0	0	0	0	0	38	87	-490	66.4051794301185	0	0	-1054	1054	32	1	0	0.0
2025-11-03	15:02:41[435]	0	0	0	0	0	0	0	0	0	0	34	80	-493	66.974507991472	0	0	-1057	1057	32	1	0	0.0
2025-11-03	15:02:41[623]	0	0	0	0	0	0	0	0	0	0	37	87	-495	66.9605640200965	0	0	-1059	1059	32	1	0	0.0
2025-11-03	15:02:41[835]	0	0	0	0	0	0	0	0	0	0	36	89	-491	67.9769445031887	0	0	-1055	1055	32	1	0	0.0
2025-11-03	15:02:42[025]	0	0	0	0	0	0	0	0	0	0	38	92	-494	67.5572466347056	0	0	-1058	1058	32	1	0	0.0
2025-11-03	15:02:42[216]	0	0	0	0	0	0	0	0	0	0	35	83	-484	67.1354918781004	0	0	-1048	1048	32	1	0	0.0
2025-11-03	15:02:42[410]	0	0	0	0	0	0	0	0	0	0	39	84	-490	65.0952311919048	0	0	-1054	1054	32	1	0	0.0
2025-11-03	15:02:42[619]	0	0	0	0	0	0	0	0	0	0	30	87	-491	70.9743939624313	0	0	-1055	1055	32	1	0	0.0
2025-11-03	15:02:42[808]	0	0	0	0	0	0	0	0	0	0	42	85	-498	63.7052099294161	0	0	-1062	1062	32	1	0	0.0
2025-11-03	15:02:42[999]	0	0	0	0	0	0	0	0	0	0	33	87	-490	69.2277453179542	0	0	-1054	1054	32	1	0	0.0
2025-11-03	15:02:43[192]	0	0	0	0	0	0	0	0	0	0	40	79	-497	63.1455786594814	0	0	-1061	1061	32	1	0	0.0
2025-11-03	15:02:43[396]	0	0	0	0	0	0	0	0	0	0	32	83	-493	68.9162454176194	0	0	-1057	1057	32	1	0	0.0
2025-11-03	15:02:43[586]	0	0	0	0	0	0	0	0	0	0	38	83	-491	65.4002093948425	0	0	-1055	1055	32	1	0	0.0
2025-11-03	15:02:43[795]	0	0	0	0	0	0	0	0	0	0	39	87	-501	65.8544580395783	0	0	-1065	1065	32	1	0	0.0
2025-11-03	15:02:43[987]	0	0	0	0	0	0	0	0	0	0	31	86	-495	70.1775354296348	0	0	-1059	1059	32	1	0	0.0
2025-11-03	15:02:44[178]	0	0	0	0	0	0	0	0	0	0	34	82	-492	67.4794343971031	0	0	-1056	1056	32	1	0	0.0
2025-11-03	15:02:44[375]	0	0	0	0	0	0	0	0	0	0	34	82	-485	67.4794343971031	0	0	-1049	1049	32	1	0	0.0
2025-11-03	15:02:44[579]	0	0	0	0	0	0	0	0	0	0	32	87	-492	69.805665754816	0	0	-1056	1056	32	1	0	0.0
2025-11-03	15:02:44[771]	0	0	0	0	0	0	0	0	0	0	37	81	-492	65.4495476107926	0	0	-1056	1056	32	1	0	0.0
2025-11-03	15:02:44[963]	0	0	0	0	0	0	0	0	0	0	36	79	-495	65.5014258085662	0	0	-1059	1059	32	1	0	0.0
2025-11-03	15:02:45[157]	0	0	0	0	0	0	0	0	0	0	37	87	-489	66.9605640200965	0	0	-1053	1053	32	1	0	0.0
2025-11-03	15:02:45[367]	0	0	0	0	0	0	0	0	0	0	38	91	-494	67.3354425653039	0	0	-1058	1058	32	1	0	0.0
2025-11-03	15:02:45[554]	0	0	0	0	0	0	0	0	0	0	44	81	-494	61.4887537058913	0	0	-1058	1058	32	1	0	0.0
2025-11-03	15:02:45[745]	0	0	0	0	0	0	0	0	0	0	38	93	-492	67.7749695488864	0	0	-1056	1056	32	1	0	0.0
2025-11-03	15:02:45[954]	0	0	0	0	0	0	0	0	0	0	31	82	-495	69.290962408351	0	0	-1059	1059	32	1	0	0.0
2025-11-03	15:02:46[146]	0	0	0	0	0	0	0	0	0	0	39	84	-490	65.0952311919048	0	0	-1054	1054	32	1	0	0.0
2025-11-03	15:02:46[338]	0	0	0	0	0	0	0	0	0	0	27	83	-489	71.9802307182229	0	0	-1053	1053	32	1	0	0.0
2025-11-03	15:02:46[530]	0	0	0	0	0	0	0	0	0	0	35	89	-498	68.532348560901	0	0	-1062	1062	32	1	0	0.0
2025-11-03	15:02:46[738]	0	0	0	0	0	0	0	0	0	0	29	88	-494	71.7605991533488	0	0	-1058	1058	32	1	0	0.0
2025-11-03	15:02:46[933]	0	0	0	0	0	0	0	0	0	0	37	84	-495	66.2276511886353	0	0	-1059	1059	32	1	0	0.0
2025-11-03	15:02:47[122]	0	0	0	0	0	0	0	0	0	0	36	83	-494	66.5519374220422	0	0	-1058	1058	32	1	0	0.0
2025-11-03	15:02:47[315]	0	0	0	0	0	0	0	0	0	0	35	87	-488	68.0851336728083	0	0	-1052	1052	32	1	0	0.0
2025-11-03	15:02:47[522]	0	0	0	0	0	0	0	0	0	0	36	88	-494	67.7509763427876	0	0	-1058	1058	32	1	0	0.0
2025-11-03	15:02:47[714]	0	0	0	0	0	0	0	0	0	0	35	84	-496	67.3801350519596	0	0	-1060	1060	32	1	0	0.0
2025-11-03	15:02:47[906]	0	0	0	0	0	0	0	0	0	0	35	81	-492	66.6308868365179	0	0	-1056	1056	32	1	0	0.0
2025-11-03	15:02:48[100]	0	0	0	0	0	0	0	0	0	0	44	80	-497	61.1892062570269	0	0	-1061	1061	32	1	0	0.0
2025-11-03	15:02:48[306]	0	0	0	0	0	0	0	0	0	0	42	84	-489	63.434948822922	0	0	-1053	1053	32	1	0	0.0
2025-11-03	15:02:48[496]	0	0	0	0	0	0	0	0	0	0	28	89	-497	72.5360731081572	0	0	-1061	1061	32	1	0	0.0
2025-11-03	15:02:48[690]	0	0	0	0	0	0	0	0	0	0	35	83	-484	67.1354918781004	0	0	-1048	1048	32	1	0	0.0
2025-11-03	15:02:48[901]	0	0	0	0	0	0	0	0	0	0	35	86	-497	67.8548199617767	0	0	-1061	1061	32	1	0	0.0
2025-11-03	15:02:49[088]	0	0	0	0	0	0	0	0	0	0	38	82	-487	65.1363034282481	0	0	-1051	1051	32	1	0	0.0
2025-11-03	15:02:49[281]	0	0	0	0	0	0	0	0	0	0	38	85	-499	65.9125476913677	0	0	-1063	1063	32	1	0	0.0
2025-11-03	15:02:49[474]	0	0	0	0	0	0	0	0	0	0	28	89	-495	72.5360731081572	0	0	-1059	1059	32	1	0	0.0
2025-11-03	15:02:49[682]	0	0	0	0	0	0	0	0	0	0	36	80	-494	65.7722546820458	0	0	-1058	1058	32	1	0	0.0
2025-11-03	15:02:49[874]	0	0	0	0	0	0	0	0	0	0	31	86	-498	70.1775354296348	0	0	-1062	1062	32	1	0	0.0
2025-11-03	15:02:50[065]	0	0	0	0	0	0	0	0	0	0	31	84	-496	69.7435378254769	0	0	-1060	1060	32	1	0	0.0
2025-11-03	15:02:50[258]	0	0	0	0	0	0	0	0	0	0	40	87	-497	65.3084418365219	0	0	-1061	1061	32	1	0	0.0
2025-11-03	15:02:50[466]	0	0	0	0	0	0	0	0	0	0	33	87	-498	69.2277453179542	0	0	-1062	1062	32	1	0	0.0
2025-11-03	15:02:50[657]	0	0	0	0	0	0	0	0	0	0	34	84	-494	67.9637730598546	0	0	-1058	1058	32	1	0	0.0
2025-11-03	15:02:50[848]	0	0	0	0	0	0	0	0	0	0	40	83	-485	64.2692943984688	0	0	-1049	1049	32	1	0	0.0
2025-11-03	15:02:51[059]	0	0	0	0	0	0	0	0	0	0	37	81	-502	65.4495476107926	0	0	-1066	1066	32	1	0	0.0
2025-11-03	15:02:51[248]	0	0	0	0	0	0	0	0	0	0	37	85	-495	66.4767909795404	0	0	-1059	1059	32	1	0	0.0
2025-11-03	15:02:51[441]	0	0	0	0	0	0	0	0	0	0	37	86	-491	66.7210508019973	0	0	-1055	1055	32	1	0	0.0
2025-11-03	15:02:51[635]	0	0	0	0	0	0	0	0	0	0	32	88	-502	70.0168934781	0	0	-1066	1066	32	1	0	0.0
2025-11-03	15:02:51[842]	0	0	0	0	0	0	0	0	0	0	40	80	-492	63.434948822922	0	0	-1056	1056	32	1	0	0.0
2025-11-03	15:02:52[032]	0	0	0	0	0	0	0	0	0	0	37	91	-493	67.8736651906267	0	0	-1057	1057	32	1	0	0.0
2025-11-03	15:02:52[225]	0	0	0	0	0	0	0	0	0	0	33	90	-495	69.8636965717519	0	0	-1059	1059	32	1	0	0.0
2025-11-03	15:02:52[416]	0	0	0	0	0	0	0	0	0	0	38	83	-495	65.4002093948425	0	0	-1059	1059	32	1	0	0.0
2025-11-03	15:02:52[626]	0	0	0	0	0	0	0	0	0	0	40	90	-494	66.0375110254218	0	0	-1058	1058	32	1	0	0.0
2025-11-03	15:02:52[816]	0	0	0	0	0	0	0	0	0	0	34	85	-495	68.1985905136482	0	0	-1059	1059	32	1	0	0.0
2025-11-03	15:02:53[008]	0	0	0	0	0	0	0	0	0	0	29	85	-490	71.1615664420192	0	0	-1054	1054	32	1	0	0.0
2025-11-03	15:02:53[200]	0	0	0	0	0	0	0	0	0	0	31	81	-495	69.0573494500117	0	0	-1059	1059	32	1	0	0.0
2025-11-03	15:02:53[409]	0	0	0	0	0	0	0	0	0	0	35	84	-497	67.3801350519596	0	0	-1061	1061	32	1	0	0.0
2025-11-03	15:02:53[600]	0	0	0	0	0	0	0	0	0	0	41	89	-496	65.2656974709475	0	0	-1060	1060	32	1	0	0.0
2025-11-03	15:02:53[799]	0	0	0	0	0	0	0	0	0	0	38	86	-486	66.1612598168283	0	0	-1050	1050	32	1	0	0.0
2025-11-03	15:02:53[988]	0	0	0	0	0	0	0	0	0	0	37	86	-496	66.7210508019973	0	0	-1060	1060	32	1	0	0.0
2025-11-03	15:02:54[197]	0	0	0	0	0	0	0	0	0	0	32	87	-495	69.805665754816	0	0	-1059	1059	32	1	0	0.0
2025-11-03	15:02:54[387]	0	0	0	0	0	0	0	0	0	0	29	86	-490	71.3654151225536	0	0	-1054	1054	32	1	0	0.0
2025-11-03	15:02:54[577]	0	0	0	0	0	0	0	0	0	0	34	86	-490	68.4286928087454	0	0	-1054	1054	32	1	0	0.0
2025-11-03	15:02:54[770]	0	0	0	0	0	0	0	0	0	0	31	88	-492	70.5940292459988	0	0	-1056	1056	32	1	0	0.0
2025-11-03	15:02:54[979]	0	0	0	0	0	0	0	0	0	0	42	90	-494	64.9831065219	0	0	-1058	1058	32	1	0	0.0
2025-11-03	15:02:55[171]	0	0	0	0	0	0	0	0	0	0	35	80	-495	66.3706222693432	0	0	-1059	1059	32	1	0	0.0
2025-11-03	15:02:55[362]	0	0	0	0	0	0	0	0	0	0	31	90	-493	70.9940158039632	0	0	-1057	1057	32	1	0	0.0
2025-11-03	15:02:55[574]	0	0	0	0	0	0	0	0	0	0	32	83	-491	68.9162454176194	0	0	-1055	1055	32	1	0	0.0
2025-11-03	15:02:55[765]	0	0	0	0	0	0	0	0	0	0	40	88	-491	65.5560452195835	0	0	-1055	1055	32	1	0	0.0
2025-11-03	15:02:55[956]	0	0	0	0	0	0	0	0	0	0	43	80	-496	61.7419703852931	0	0	-1060	1060	32	1	0	0.0
2025-11-03	15:02:56[147]	0	0	0	0	0	0	0	0	0	0	35	88	-489	68.3109350353842	0	0	-1053	1053	32	1	0	0.0
2025-11-03	15:02:56[355]	0	0	0	0	0	0	0	0	0	0	41	90	-494	65.5080989717684	0	0	-1058	1058	32	1	0	0.0
2025-11-03	15:02:56[550]	0	0	0	0	0	0	0	0	0	0	32	87	-491	69.805665754816	0	0	-1055	1055	32	1	0	0.0
2025-11-03	15:02:56[738]	0	0	0	0	0	0	0	0	0	0	35	85	-496	67.6198649480404	0	0	-1060	1060	32	1	0	0.0
2025-11-03	15:02:56[932]	0	0	0	0	0	0	0	0	0	0	36	87	-494	67.5205656028969	0	0	-1058	1058	32	1	0	0.0
2025-11-03	15:02:57[140]	0	0	0	0	0	0	0	0	0	0	38	84	-493	65.6589100633075	0	0	-1057	1057	32	1	0	0.0
2025-11-03	15:02:57[332]	0	0	0	0	0	0	0	0	0	0	34	88	-491	68.8752808539275	0	0	-1055	1055	32	1	0	0.0
2025-11-03	15:02:57[523]	0	0	0	0	0	0	0	0	0	0	33	86	-501	69.0071466268858	0	0	-1065	1065	32	1	0	0.0
2025-11-03	15:02:57[714]	0	0	0	0	0	0	0	0	0	0	37	81	-491	65.4495476107926	0	0	-1055	1055	32	1	0	0.0
2025-11-03	15:02:57[922]	0	0	0	0	0	0	0	0	0	0	35	92	-494	69.1714442097932	0	0	-1058	1058	32	1	0	0.0
2025-11-03	15:02:58[114]	0	0	0	0	0	0	0	0	0	0	31	83	-491	69.5196426881908	0	0	-1055	1055	32	1	0	0.0
2025-11-03	15:02:58[305]	0	0	0	0	0	0	0	0	0	0	45	89	-491	63.1780187984185	0	0	-1055	1055	32	1	0	0.0
2025-11-03	15:02:58[502]	0	0	0	0	0	0	0	0	0	0	32	84	-493	69.1455419604217	0	0	-1057	1057	32	1	0	0.0
2025-11-03	15:02:58[706]	0	0	0	0	0	0	0	0	0	0	35	83	-500	67.1354918781004	0	0	-1064	1064	32	1	0	0.0
2025-11-03	15:02:58[898]	0	0	0	0	0	0	0	0	0	0	36	84	-493	66.8014094863518	0	0	-1057	1057	32	1	0	0.0
2025-11-03	15:02:59[089]	0	0	0	0	0	0	0	0	0	0	40	87	-492	65.3084418365219	0	0	-1056	1056	32	1	0	0.0
2025-11-03	15:02:59[296]	0	0	0	0	0	0	0	0	0	0	26	82	-492	72.4075754378184	0	0	-1056	1056	32	1	0	0.0
2025-11-03	15:02:59[487]	0	0	0	0	0	0	0	0	0	0	33	86	-492	69.0071466268858	0	0	-1056	1056	32	1	0	0.0
2025-11-03	15:02:59[681]	0	0	0	0	0	0	0	0	0	0	41	89	-491	65.2656974709475	0	0	-1055	1055	32	1	0	0.0
2025-11-03	15:02:59[875]	0	0	0	0	0	0	0	0	0	0	31	91	-495	71.1881106974809	0	0	-1059	1059	32	1	0	0.0
2025-11-03	15:03:00[078]	0	0	0	0	0	0	0	0	0	0	38	81	-497	64.8670450070867	0	0	-1061	1061	32	1	0	0.0
2025-11-03	15:03:00[267]	0	0	0	0	0	0	0	0	0	0	37	88	-493	67.195459528679	0	0	-1057	1057	32	1	0	0.0
2025-11-03	15:03:00[467]	0	0	0	0	0	0	0	0	0	0	37	83	-486	65.9734934213208	0	0	-1050	1050	32	1	0	0.0
2025-11-03	15:03:00[659]	0	0	0	0	0	0	0	0	0	0	39	81	-495	64.2900462191887	0	0	-1059	1059	32	1	0	0.0
2025-11-03	15:03:00[867]	0	0	0	0	0	0	0	0	0	0	37	77	-487	64.3348085378264	0	0	-1051	1051	32	1	0	0.0
2025-11-03	15:03:01[063]	0	0	0	0	0	0	0	0	0	0	35	89	-497	68.532348560901	0	0	-1061	1061	32	1	0	0.0
2025-11-03	15:03:01[252]	0	0	0	0	0	0	0	0	0	0	39	83	-498	64.8321298502184	0	0	-1062	1062	32	1	0	0.0
2025-11-03	15:03:01[444]	0	0	0	0	0	0	0	0	0	0	35	86	-493	67.8548199617767	0	0	-1057	1057	32	1	0	0.0
2025-11-03	15:03:01[653]	0	0	0	0	0	0	0	0	0	0	33	84	-491	68.5522636728947	0	0	-1055	1055	32	1	0	0.0
2025-11-03	15:03:01[844]	0	0	0	0	0	0	0	0	0	0	30	90	-497	71.565051177078	0	0	-1061	1061	32	1	0	0.0
2025-11-03	15:03:02[034]	0	0	0	0	0	0	0	0	0	0	38	81	-491	64.8670450070867	0	0	-1055	1055	32	1	0	0.0
2025-11-03	15:03:02[228]	0	0	0	0	0	0	0	0	0	0	33	86	-495	69.0071466268858	0	0	-1059	1059	32	1	0	0.0
2025-11-03	15:03:02[435]	0	0	0	0	0	0	0	0	0	0	36	80	-497	65.7722546820458	0	0	-1061	1061	32	1	0	0.0
2025-11-03	15:03:02[626]	0	0	0	0	0	0	0	0	0	0	36	89	-490	67.9769445031887	0	0	-1054	1054	32	1	0	0.0
2025-11-03	15:03:02[821]	0	0	0	0	0	0	0	0	0	0	37	85	-498	66.4767909795404	0	0	-1062	1062	32	1	0	0.0
2025-11-03	15:03:03[027]	0	0	0	0	0	0	0	0	0	0	32	83	-483	68.9162454176194	0	0	-1047	1047	32	1	0	0.0
2025-11-03	15:03:03[218]	0	0	0	0	0	0	0	0	0	0	38	83	-492	65.4002093948425	0	0	-1056	1056	32	1	0	0.0
2025-11-03	15:03:03[411]	0	0	0	0	0	0	0	0	0	0	34	87	-496	68.6542133509102	0	0	-1060	1060	32	1	0	0.0
2025-11-03	15:03:03[602]	0	0	0	0	0	0	0	0	0	0	37	87	-488	66.9605640200965	0	0	-1052	1052	32	1	0	0.0
2025-11-03	15:03:03[814]	0	0	0	0	0	0	0	0	0	0	36	88	-491	67.7509763427876	0	0	-1055	1055	32	1	0	0.0
2025-11-03	15:03:04[002]	0	0	0	0	0	0	0	0	0	0	33	85	-492	68.7820304232214	0	0	-1056	1056	32	1	0	0.0
2025-11-03	15:03:04[194]	0	0	0	0	0	0	0	0	0	0	36	84	-495	66.8014094863518	0	0	-1059	1059	32	1	0	0.0
2025-11-03	15:03:04[387]	0	0	0	0	0	0	0	0	0	0	32	84	-489	69.1455419604217	0	0	-1053	1053	32	1	0	0.0
2025-11-03	15:03:04[598]	0	0	0	0	0	0	0	0	0	0	31	82	-497	69.290962408351	0	0	-1061	1061	32	1	0	0.0
2025-11-03	15:03:04[786]	0	0	0	0	0	0	0	0	0	0	39	84	-497	65.0952311919048	0	0	-1061	1061	32	1	0	0.0
2025-11-03	15:03:04[978]	0	0	0	0	0	0	0	0	0	0	33	84	-495	68.5522636728947	0	0	-1059	1059	32	1	0	0.0
2025-11-03	15:03:05[171]	0	0	0	0	0	0	0	0	0	0	33	85	-492	68.7820304232214	0	0	-1056	1056	32	1	0	0.0
2025-11-03	15:03:05[381]	0	0	0	0	0	0	0	0	0	0	35	88	-499	68.3109350353842	0	0	-1063	1063	32	1	0	0.0
2025-11-03	15:03:05[569]	0	0	0	0	0	0	0	0	0	0	40	86	-493	65.0560947365754	0	0	-1057	1057	32	1	0	0.0
2025-11-03	15:03:05[764]	0	0	0	0	0	0	0	0	0	0	40	84	-492	64.5366549381284	0	0	-1056	1056	32	1	0	0.0
2025-11-03	15:03:05[974]	0	0	0	0	0	0	0	0	0	0	35	83	-491	67.1354918781004	0	0	-1055	1055	32	1	0	0.0
2025-11-03	15:03:06[162]	0	0	0	0	0	0	0	0	0	0	32	82	-499	68.6820877245384	0	0	-1063	1063	32	1	0	0.0
2025-11-03	15:03:06[357]	0	0	0	0	0	0	0	0	0	0	38	85	-492	65.9125476913677	0	0	-1056	1056	32	1	0	0.0
2025-11-03	15:03:06[547]	0	0	0	0	0	0	0	0	0	0	30	87	-500	70.9743939624313	0	0	-1064	1064	32	1	0	0.0
2025-11-03	15:03:06[753]	0	0	0	0	0	0	0	0	0	0	35	82	-497	66.8857920166732	0	0	-1061	1061	32	1	0	0.0
2025-11-03	15:03:06[947]	0	0	0	0	0	0	0	0	0	0	43	83	-487	62.6125778429238	0	0	-1051	1051	32	1	0	0.0
2025-11-03	15:03:07[143]	0	0	0	0	0	0	0	0	0	0	31	81	-503	69.0573494500117	0	0	-1067	1067	32	1	0	0.0
2025-11-03	15:03:07[330]	0	0	0	0	0	0	0	0	0	0	31	84	-488	69.7435378254769	0	0	-1052	1052	32	1	0	0.0
2025-11-03	15:03:07[540]	0	0	0	0	0	0	0	0	0	0	33	87	-499	69.2277453179542	0	0	-1063	1063	32	1	0	0.0
2025-11-03	15:03:07[730]	0	0	0	0	0	0	0	0	0	0	38	87	-492	66.4051794301185	0	0	-1056	1056	32	1	0	0.0
2025-11-03	15:03:07[922]	0	0	0	0	0	0	0	0	0	0	34	85	-497	68.1985905136482	0	0	-1061	1061	32	1	0	0.0
2025-11-03	15:03:08[132]	0	0	0	0	0	0	0	0	0	0	33	83	-493	68.3177083867551	0	0	-1057	1057	32	1	0	0.0
2025-11-03	15:03:08[320]	0	0	0	0	0	0	0	0	0	0	35	88	-495	68.3109350353842	0	0	-1059	1059	32	1	0	0.0
2025-11-03	15:03:08[515]	0	0	0	0	0	0	0	0	0	0	39	89	-495	66.3368592918057	0	0	-1059	1059	32	1	0	0.0
2025-11-03	15:03:08[705]	0	0	0	0	0	0	0	0	0	0	34	85	-497	68.1985905136482	0	0	-1061	1061	32	1	0	0.0
2025-11-03	15:03:08[913]	0	0	0	0	0	0	0	0	0	0	43	84	-495	62.8918771291982	0	0	-1059	1059	32	1	0	0.0
2025-11-03	15:03:09[105]	0	0	0	0	0	0	0	0	0	0	31	87	-492	70.3879062910959	0	0	-1056	1056	32	1	0	0.0
2025-11-03	15:03:09[297]	0	0	0	0	0	0	0	0	0	0	37	85	-491	66.4767909795404	0	0	-1055	1055	32	1	0	0.0
2025-11-03	15:03:09[488]	0	0	0	0	0	0	0	0	0	0	34	87	-491	68.6542133509102	0	0	-1055	1055	32	1	0	0.0
2025-11-03	15:03:09[696]	0	0	0	0	0	0	0	0	0	0	39	87	-492	65.8544580395783	0	0	-1056	1056	32	1	0	0.0
2025-11-03	15:03:09[890]	0	0	0	0	0	0	0	0	0	0	35	81	-495	66.6308868365179	0	0	-1059	1059	32	1	0	0.0
2025-11-03	15:03:10[081]	0	0	0	0	0	0	0	0	0	0	38	84	-494	65.6589100633075	0	0	-1058	1058	32	1	0	0.0
2025-11-03	15:03:10[289]	0	0	0	0	0	0	0	0	0	0	35	79	-495	66.1048385849296	0	0	-1059	1059	32	1	0	0.0
2025-11-03	15:03:10[482]	0	0	0	0	0	0	0	0	0	0	41	89	-501	65.2656974709475	0	0	-1065	1065	32	1	0	0.0
2025-11-03	15:03:10[675]	0	0	0	0	0	0	0	0	0	0	37	88	-490	67.195459528679	0	0	-1054	1054	32	1	0	0.0
2025-11-03	15:03:10[864]	0	0	0	0	0	0	0	0	0	0	39	88	-494	66.0979495889892	0	0	-1058	1058	32	1	0	0.0
2025-11-03	15:03:11[074]	0	0	0	0	0	0	0	0	0	0	36	77	-497	64.942384581697	0	0	-1061	1061	32	1	0	0.0
2025-11-03	15:03:11[265]	0	0	0	0	0	0	0	0	0	0	29	84	-493	70.9533757023642	0	0	-1057	1057	32	1	0	0.0
2025-11-03	15:03:11[458]	0	0	0	0	0	0	0	0	0	0	34	82	-495	67.4794343971031	0	0	-1059	1059	32	1	0	0.0
2025-11-03	15:03:11[649]	0	0	0	0	0	0	0	0	0	0	35	84	-489	67.3801350519596	0	0	-1053	1053	32	1	0	0.0
2025-11-03	15:03:11[858]	0	0	0	0	0	0	0	0	0	0	26	89	-493	73.7150775281166	0	0	-1057	1057	32	1	0	0.0
2025-11-03	15:03:12[052]	0	0	0	0	0	0	0	0	0	0	38	87	-496	66.4051794301185	0	0	-1060	1060	32	1	0	0.0
2025-11-03	15:03:12[242]	0	0	0	0	0	0	0	0	0	0	40	88	-492	65.5560452195835	0	0	-1056	1056	32	1	0	0.0
2025-11-03	15:03:12[434]	0	0	0	0	0	0	0	0	0	0	38	86	-494	66.1612598168283	0	0	-1058	1058	32	1	0	0.0
2025-11-03	15:03:12[644]	0	0	0	0	0	0	0	0	0	0	40	85	-494	64.7988763545249	0	0	-1058	1058	32	1	0	0.0
2025-11-03	15:03:12[834]	0	0	0	0	0	0	0	0	0	0	32	91	-493	70.6258602313424	0	0	-1057	1057	32	1	0	0.0
2025-11-03	15:03:13[026]	0	0	0	0	0	0	0	0	0	0	39	83	-494	64.8321298502184	0	0	-1058	1058	32	1	0	0.0
2025-11-03	15:03:13[218]	0	0	0	0	0	0	0	0	0	0	40	81	-492	63.7185889786798	0	0	-1056	1056	32	1	0	0.0
2025-11-03	15:03:13[428]	0	0	0	0	0	0	0	0	0	0	37	84	-493	66.2276511886353	0	0	-1057	1057	32	1	0	0.0
2025-11-03	15:03:13[618]	0	0	0	0	0	0	0	0	0	0	33	86	-493	69.0071466268858	0	0	-1057	1057	32	1	0	0.0
2025-11-03	15:03:13[809]	0	0	0	0	0	0	0	0	0	0	36	88	-493	67.7509763427876	0	0	-1057	1057	32	1	0	0.0
2025-11-03	15:03:14[018]	0	0	0	0	0	0	0	0	0	0	34	81	-490	67.2296210912378	0	0	-1054	1054	32	1	0	0.0
2025-11-03	15:03:14[210]	0	0	0	0	0	0	0	0	0	0	32	87	-491	69.805665754816	0	0	-1055	1055	32	1	0	0.0
2025-11-03	15:03:14[402]	0	0	0	0	0	0	0	0	0	0	31	82	-492	69.290962408351	0	0	-1056	1056	32	1	0	0.0
2025-11-03	15:03:14[594]	0	0	0	0	0	0	0	0	0	0	33	89	-502	69.6558987440816	0	0	-1066	1066	32	1	0	0.0
2025-11-03	15:03:14[804]	0	0	0	0	0	0	0	0	0	0	32	82	-483	68.6820877245384	0	0	-1047	1047	32	1	0	0.0
2025-11-03	15:03:14[995]	0	0	0	0	0	0	0	0	0	0	38	86	-492	66.1612598168283	0	0	-1056	1056	32	1	0	0.0
2025-11-03	15:03:15[186]	0	0	0	0	0	0	0	0	0	0	33	80	-496	67.5838525206564	0	0	-1060	1060	32	1	0	0.0
2025-11-03	15:03:15[378]	0	0	0	0	0	0	0	0	0	0	34	84	-499	67.9637730598546	0	0	-1063	1063	32	1	0	0.0
2025-11-03	15:03:15[588]	0	0	0	0	0	0	0	0	0	0	41	81	-493	63.1527058866512	0	0	-1057	1057	32	1	0	0.0
2025-11-03	15:03:15[777]	0	0	0	0	0	0	0	0	0	0	41	88	-491	65.018760393784	0	0	-1055	1055	32	1	0	0.0
2025-11-03	15:03:15[969]	0	0	0	0	0	0	0	0	0	0	28	90	-501	72.7185016281834	0	0	-1065	1065	32	1	0	0.0
2025-11-03	15:03:16[161]	0	0	0	0	0	0	0	0	0	0	38	93	-495	67.7749695488864	0	0	-1059	1059	32	1	0	0.0
2025-11-03	15:03:16[370]	0	0	0	0	0	0	0	0	0	0	33	78	-502	67.0678995624102	0	0	-1066	1066	32	1	0	0.0
2025-11-03	15:03:16[561]	0	0	0	0	0	0	0	0	0	0	33	85	-498	68.7820304232214	0	0	-1062	1062	32	1	0	0.0
2025-11-03	15:03:16[754]	0	0	0	0	0	0	0	0	0	0	35	85	-496	67.6198649480404	0	0	-1060	1060	32	1	0	0.0
2025-11-03	15:03:16[962]	0	0	0	0	0	0	0	0	0	0	35	82	-492	66.8857920166732	0	0	-1056	1056	32	1	0	0.0
2025-11-03	15:03:17[155]	0	0	0	0	0	0	0	0	0	0	40	81	-495	63.7185889786798	0	0	-1059	1059	32	1	0	0.0
2025-11-03	15:03:17[345]	0	0	0	0	0	0	0	0	0	0	31	84	-489	69.7435378254769	0	0	-1053	1053	32	1	0	0.0
2025-11-03	15:03:17[537]	0	0	0	0	0	0	0	0	0	0	35	89	-303	68.532348560901	0	0	-1056	1056	32	1	0	0.0
2025-11-03	15:03:17[746]	0	0	0	0	0	0	0	0	0	0	38	88	-485	66.644435140714	0	0	-1049	1049	32	1	0	0.0
2025-11-03	15:03:17[936]	0	0	0	0	0	0	0	0	0	0	38	84	-497	65.6589100633075	0	0	-1061	1061	32	1	0	0.0
2025-11-03	15:03:18[129]	0	0	0	0	0	0	0	0	0	0	37	90	-500	67.6518916520906	0	0	-1241	1064	32	1	0	0.0
2025-11-03	15:03:18[323]	0	0	0	0	0	0	0	0	0	0	41	88	-491	65.018760393784	0	0	-1055	1055	32	1	0	0.0
2025-11-03	15:03:18[528]	0	0	0	0	0	0	0	0	0	0	38	82	-490	65.1363034282481	0	0	-1054	1054	32	1	0	0.0
2025-11-03	15:03:18[721]	0	0	0	0	0	0	0	0	0	0	36	84	-490	66.8014094863518	0	0	-1054	1054	32	1	0	0.0
2025-11-03	15:03:18[914]	0	0	0	0	0	0	0	0	0	0	40	84	-500	64.5366549381284	0	0	-1064	1064	32	1	0	0.0
2025-11-03	15:03:19[121]	0	0	0	0	0	0	0	0	0	0	38	88	-492	66.644435140714	0	0	-1056	1056	32	1	0	0.0
2025-11-03	15:03:19[314]	0	0	0	0	0	0	0	0	0	0	33	89	-496	69.6558987440816	0	0	-1060	1060	32	1	0	0.0
2025-11-03	15:03:19[506]	0	0	0	0	0	0	0	0	0	0	38	85	-490	65.9125476913677	0	0	-1054	1054	32	1	0	0.0
2025-11-03	15:03:19[697]	0	0	0	0	0	0	0	0	0	0	30	92	-496	71.9395280638008	0	0	-1060	1060	32	1	0	0.0
2025-11-03	15:03:19[904]	0	0	0	0	0	0	0	0	0	0	38	94	-494	67.9887168020806	0	0	-1058	1058	32	1	0	0.0
2025-11-03	15:03:20[096]	0	0	0	0	0	0	0	0	0	0	35	89	-498	68.532348560901	0	0	-1062	1062	32	1	0	0.0
2025-11-03	15:03:20[291]	0	0	0	0	0	0	0	0	0	0	43	88	-490	63.9581834051062	0	0	-1054	1054	32	1	0	0.0
2025-11-03	15:03:20[480]	0	0	0	0	0	0	0	0	0	0	32	85	-493	69.3701200538738	0	0	-1057	1057	32	1	0	0.0
2025-11-03	15:03:20[689]	0	0	0	0	0	0	0	0	0	0	39	87	-494	65.8544580395783	0	0	-1058	1058	32	1	0	0.0
2025-11-03	15:03:20[881]	0	0	0	0	0	0	0	0	0	0	34	93	-497	69.9180225158192	0	0	-1061	1061	32	1	0	0.0
2025-11-03	15:03:21[073]	0	0	0	0	0	0	0	0	0	0	38	84	-485	65.6589100633075	0	0	-1049	1049	32	1	0	0.0
2025-11-03	15:03:21[263]	0	0	0	0	0	0	0	0	0	0	38	84	-494	65.6589100633075	0	0	-1058	1058	32	1	0	0.0
2025-11-03	15:03:21[471]	0	0	0	0	0	0	0	0	0	0	36	84	-492	66.8014094863518	0	0	-1056	1056	32	1	0	0.0
2025-11-03	15:03:21[665]	0	0	0	0	0	0	0	0	0	0	31	85	-497	69.962789830807	0	0	-1061	1061	32	1	0	0.0
2025-11-03	15:03:21[855]	0	0	0	0	0	0	0	0	0	0	32	91	-493	70.6258602313424	0	0	-1057	1057	32	1	0	0.0
2025-11-03	15:03:22[062]	0	0	0	0	0	0	0	0	0	0	37	89	-493	67.4258619213518	0	0	-1057	1057	32	1	0	0.0
2025-11-03	15:03:22[257]	0	0	0	0	0	0	0	0	0	0	36	82	-497	66.2973540490338	0	0	-1061	1061	32	1	0	0.0
2025-11-03	15:03:22[448]	0	0	0	0	0	0	0	0	0	0	37	87	-494	66.9605640200965	0	0	-1058	1058	32	1	0	0.0
2025-11-03	15:03:22[643]	0	0	0	0	0	0	0	0	0	0	40	76	-501	62.24145939894	0	0	-1065	1065	32	1	0	0.0
2025-11-03	15:03:22[846]	0	0	0	0	0	0	0	0	0	0	37	88	-495	67.195459528679	0	0	-1059	1059	32	1	0	0.0
2025-11-03	15:03:23[039]	0	0	0	0	0	0	0	0	0	0	37	83	-492	65.9734934213208	0	0	-1056	1056	32	1	0	0.0
2025-11-03	15:03:23[233]	0	0	0	0	0	0	0	0	0	0	33	85	-502	68.7820304232214	0	0	-1066	1066	32	1	0	0.0
2025-11-03	15:03:23[425]	0	0	0	0	0	0	0	0	0	0	43	89	32526	64.2126718171856	0	0	-1062	1062	32	1	0	0.0
2025-11-03	15:03:23[631]	0	0	0	0	0	0	0	0	0	0	31	88	-495	70.5940292459988	0	0	-1059	1059	32	1	0	0.0
2025-11-03	15:03:23[823]	0	0	0	0	0	0	0	0	0	0	39	84	-492	65.0952311919048	0	0	-1056	1056	32	1	0	0.0
2025-11-03	15:03:24[017]	0	0	0	0	0	0	0	0	0	0	38	82	-493	65.1363034282481	0	0	-1057	1057	32	1	0	0.0
2025-11-03	15:03:24[223]	0	0	0	0	0	0	0	0	0	0	34	84	-496	67.9637730598546	0	0	-1060	1060	32	1	0	0.0
2025-11-03	15:03:24[414]	0	0	0	0	0	0	0	0	0	0	37	81	-496	65.4495476107926	0	0	-1060	1060	32	1	0	0.0
2025-11-03	15:03:24[606]	0	0	0	0	0	0	0	0	0	0	41	90	-490	65.5080989717684	0	0	-1054	1054	32	1	0	0.0
2025-11-03	15:03:24[799]	0	0	0	0	0	0	0	0	0	0	39	81	-500	64.2900462191887	0	0	-1064	1064	32	1	0	0.0
2025-11-03	15:03:25[007]	0	0	0	0	0	0	0	0	0	0	43	85	-490	63.1659565292255	0	0	-1054	1054	32	1	0	0.0
2025-11-03	15:03:25[199]	0	0	0	0	0	0	0	0	0	0	35	91	-501	68.9624889745782	0	0	-1065	1065	32	1	0	0.0
2025-11-03	15:03:25[393]	0	0	0	0	0	0	0	0	0	0	33	78	-494	67.0678995624102	0	0	-1058	1058	32	1	0	0.0
2025-11-03	15:03:25[583]	0	0	0	0	0	0	0	0	0	0	35	85	-493	67.6198649480404	0	0	-1057	1057	32	1	0	0.0
2025-11-03	15:03:25[790]	0	0	0	0	0	0	0	0	0	0	42	92	-499	65.4622715234222	0	0	-1063	1063	32	1	0	0.0
2025-11-03	15:03:25[981]	0	0	0	0	0	0	0	0	0	0	33	81	-502	67.8336541779175	0	0	-1066	1066	32	1	0	0.0
2025-11-03	15:03:26[176]	0	0	0	0	0	0	0	0	0	0	34	86	-490	68.4286928087454	0	0	-1054	1054	32	1	0	0.0
2025-11-03	15:03:27[074]	0	0	0	0	0	0	0	0	0	0	39	79	-497	63.7257878452726	0	0	-1061	1061	32	1	0	0.0
2025-11-03	15:03:27[116]	0	0	0	0	0	0	0	0	0	0	37	83	-502	65.9734934213208	0	0	-1066	1066	32	1	0	0.0
2025-11-03	15:03:27[161]	0	0	0	0	0	0	0	0	0	0	33	85	-500	68.7820304232214	0	0	-1064	1064	32	1	0	0.0
2025-11-03	15:03:27[207]	0	0	0	0	0	0	0	0	0	0	30	83	-494	70.1278241807561	0	0	-1058	1058	32	1	0	0.0
2025-11-03	15:03:27[247]	0	0	0	0	0	0	0	0	0	0	37	84	-496	66.2276511886353	0	0	-1060	1060	32	1	0	0.0
2025-11-03	15:03:27[358]	0	0	0	0	0	0	0	0	0	0	34	88	-498	68.8752808539275	0	0	-1062	1062	32	1	0	0.0
2025-11-03	15:03:27[551]	0	0	0	0	0	0	0	0	0	0	43	88	-501	63.9581834051062	0	0	-1065	1065	32	1	0	0.0
2025-11-03	15:03:27[741]	0	0	0	0	0	0	0	0	0	0	45	76	-501	59.3700015151793	0	0	-1065	1065	32	1	0	0.0
2025-11-03	15:03:27[950]	0	0	0	0	0	0	0	0	0	0	36	92	-498	68.6293777306568	0	0	-1062	1062	32	1	0	0.0
2025-11-03	15:03:28[144]	0	0	0	0	0	0	0	0	0	0	36	85	-495	67.0459134623715	0	0	-1059	1059	32	1	0	0.0
2025-11-03	15:03:28[334]	0	0	0	0	0	0	0	0	0	0	42	84	-496	63.434948822922	0	0	-1060	1060	32	1	0	0.0
2025-11-03	15:03:28[541]	0	0	0	0	0	0	0	0	0	0	33	88	-495	69.4439547804165	0	0	-1059	1059	32	1	0	0.0
2025-11-03	15:03:28[734]	0	0	0	0	0	0	0	0	0	0	35	81	-494	66.6308868365179	0	0	-1058	1058	32	1	0	0.0
2025-11-03	15:03:28[927]	0	0	0	0	0	0	0	0	0	0	34	89	-497	69.0920195289903	0	0	-1061	1061	32	1	0	0.0
2025-11-03	15:03:29[118]	0	0	0	0	0	0	0	0	0	0	40	81	-496	63.7185889786798	0	0	-1060	1060	32	1	0	0.0
2025-11-03	15:03:29[326]	0	0	0	0	0	0	0	0	0	0	37	80	-498	65.1794586645109	0	0	-1062	1062	32	1	0	0.0
2025-11-03	15:03:29[517]	0	0	0	0	0	0	0	0	0	0	44	88	-494	63.434948822922	0	0	-1058	1058	32	1	0	0.0
2025-11-03	15:03:29[709]	0	0	0	0	0	0	0	0	0	0	40	83	-491	64.2692943984688	0	0	-1055	1055	32	1	0	0.0
2025-11-03	15:03:29[905]	0	0	0	0	0	0	0	0	0	0	33	83	-494	68.3177083867551	0	0	-1058	1058	32	1	0	0.0
2025-11-03	15:03:30[109]	0	0	0	0	0	0	0	0	0	0	38	91	-497	67.3354425653039	0	0	-1061	1061	32	1	0	0.0
2025-11-03	15:03:30[301]	0	0	0	0	0	0	0	0	0	0	36	82	-507	66.2973540490338	0	0	-1071	1071	32	1	0	0.0
2025-11-03	15:03:30[504]	0	0	0	0	0	0	0	0	0	0	26	84	-496	72.8014587799341	0	0	-1060	1060	32	1	0	0.0
2025-11-03	15:03:30[695]	0	0	0	0	0	0	0	0	0	0	32	87	-498	69.805665754816	0	0	-1062	1062	32	1	0	0.0
2025-11-03	15:03:30[887]	0	0	0	0	0	0	0	0	0	0	41	80	-491	62.8648603779231	0	0	-1055	1055	32	1	0	0.0
2025-11-03	15:03:31[082]	0	0	0	0	0	0	0	0	0	0	38	86	-491	66.1612598168283	0	0	-1055	1055	32	1	0	0.0
2025-11-03	15:03:31[288]	0	0	0	0	0	0	0	0	0	0	36	87	-498	67.5205656028969	0	0	-1062	1062	32	1	0	0.0
2025-11-03	15:03:31[479]	0	0	0	0	0	0	0	0	0	0	45	79	-496	60.3332847930535	0	0	-1060	1060	32	1	0	0.0
2025-11-03	15:03:32[340]	0	0	0	0	0	0	0	0	0	0	36	82	-494	66.2973540490338	0	0	-1058	1058	32	1	0	0.0
2025-11-03	15:03:32[392]	0	0	0	0	0	0	0	0	0	0	37	86	-494	66.7210508019973	0	0	-1058	1058	32	1	0	0.0
2025-11-03	15:03:32[437]	0	0	0	0	0	0	0	0	0	0	38	84	-494	65.6589100633075	0	0	-1058	1058	32	1	0	0.0
2025-11-03	15:03:32[476]	0	0	0	0	0	0	0	0	0	0	39	89	-499	66.3368592918057	0	0	-1063	1063	32	1	0	0.0
2025-11-03	15:03:32[515]	0	0	0	0	0	0	0	0	0	0	44	77	-491	60.2551187030578	0	0	-1055	1055	32	1	0	0.0
2025-11-03	15:03:32[662]	0	0	0	0	0	0	0	0	0	0	34	88	-499	68.8752808539275	0	0	-1063	1063	32	1	0	0.0
2025-11-03	15:03:32[855]	0	0	0	0	0	0	0	0	0	0	28	89	-505	72.5360731081572	0	0	-1069	1069	32	1	0	0.0
2025-11-03	15:03:33[045]	0	0	0	0	0	0	0	0	0	0	34	88	-492	68.8752808539275	0	0	-1056	1056	32	1	0	0.0
2025-11-03	15:03:33[240]	0	0	0	0	0	0	0	0	0	0	38	82	-498	65.1363034282481	0	0	-1062	1062	32	1	0	0.0
2025-11-03	15:03:33[526]	0	0	0	0	0	0	0	0	0	0	36	93	-495	68.8387401831717	0	0	-1059	1059	32	1	0	0.0
2025-11-03	15:03:33[639]	0	0	0	0	0	0	0	0	0	0	39	86	-493	65.6062606138368	0	0	-1057	1057	32	1	0	0.0
2025-11-03	15:03:33[830]	0	0	0	0	0	0	0	0	0	0	40	84	-492	64.5366549381284	0	0	-1056	1056	32	1	0	0.0
2025-11-03	15:03:34[024]	0	0	0	0	0	0	0	0	0	0	41	85	-499	64.2495258726817	0	0	-1063	1063	32	1	0	0.0
2025-11-03	15:03:34[230]	0	0	0	0	0	0	0	0	0	0	38	89	-500	66.8791513375753	0	0	-1064	1064	32	1	0	0.0
2025-11-03	15:03:34[422]	0	0	0	0	0	0	0	0	0	0	47	84	-499	60.7719480568549	0	0	-1063	1063	32	1	0	0.0
2025-11-03	15:03:34[615]	0	0	0	0	0	0	0	0	0	0	39	86	-501	65.6062606138368	0	0	-1065	1065	32	1	0	0.0
2025-11-03	15:03:34[806]	0	0	0	0	0	0	0	0	0	0	42	87	-496	64.2306723756613	0	0	-1060	1060	32	1	0	0.0
2025-11-03	15:03:35[013]	0	0	0	0	0	0	0	0	0	0	34	91	-497	69.5129858066693	0	0	-1061	1061	32	1	0	0.0
2025-11-03	15:03:35[206]	0	0	0	0	0	0	0	0	0	0	37	84	-498	66.2276511886353	0	0	-1062	1062	32	1	0	0.0
2025-11-03	15:03:35[397]	0	0	0	0	0	0	0	0	0	0	44	83	-490	62.0710212913191	0	0	-1054	1054	32	1	0	0.0
2025-11-03	15:03:35[606]	0	0	0	0	0	0	0	0	0	0	43	87	-488	63.6989828041811	0	0	-1052	1052	32	1	0	0.0
2025-11-03	15:03:35[801]	0	0	0	0	0	0	0	0	0	0	40	80	-496	63.434948822922	0	0	-1060	1060	32	1	0	0.0
2025-11-03	15:03:35[990]	0	0	0	0	0	0	0	0	0	0	43	83	-496	62.6125778429238	0	0	-1060	1060	32	1	0	0.0
2025-11-03	15:03:36[185]	0	0	0	0	0	0	0	0	0	0	42	86	-503	63.9704078084865	0	0	-1067	1067	32	1	0	0.0
2025-11-03	15:03:36[390]	0	0	0	0	0	0	0	0	0	0	36	83	-493	66.5519374220422	0	0	-1057	1057	32	1	0	0.0
2025-11-03	15:03:36[581]	0	0	0	0	0	0	0	0	0	0	40	82	-503	63.9966541554886	0	0	-1067	1067	32	1	0	0.0
2025-11-03	15:03:36[782]	0	0	0	0	0	0	0	0	0	0	30	90	-497	71.565051177078	0	0	-1061	1061	32	1	0	0.0
2025-11-03	15:03:36[974]	0	0	0	0	0	0	0	0	0	0	41	80	-499	62.8648603779231	0	0	-1063	1063	32	1	0	0.0
2025-11-03	15:03:37[175]	0	0	0	0	0	0	0	0	0	0	36	85	-502	67.0459134623715	0	0	-1066	1066	32	1	0	0.0
2025-11-03	15:03:37[368]	0	0	0	0	0	0	0	0	0	0	36	86	-492	67.2855876468328	0	0	-1056	1056	32	1	0	0.0
2025-11-03	15:03:37[559]	0	0	0	0	0	0	0	0	0	0	39	81	-496	64.2900462191887	0	0	-1060	1060	32	1	0	0.0
2025-11-03	15:03:37[749]	0	0	0	0	0	0	0	0	0	0	39	84	-499	65.0952311919048	0	0	-1063	1063	32	1	0	0.0
2025-11-03	15:03:37[958]	0	0	0	0	0	0	0	0	0	0	38	78	-499	64.0256060375687	0	0	-1063	1063	32	1	0	0.0
2025-11-03	15:03:38[150]	0	0	0	0	0	0	0	0	0	0	43	82	-501	62.3279217772412	0	0	-1065	1065	32	1	0	0.0
2025-11-03	15:03:38[345]	0	0	0	0	0	0	0	0	0	0	33	86	-496	69.0071466268858	0	0	-1060	1060	32	1	0	0.0
2025-11-03	15:03:38[532]	0	0	0	0	0	0	0	0	0	0	35	80	-496	66.3706222693432	0	0	-1060	1060	32	1	0	0.0
2025-11-03	15:03:38[741]	0	0	0	0	0	0	0	0	0	0	39	83	-500	64.8321298502184	0	0	-1064	1064	32	1	0	0.0
2025-11-03	15:03:38[936]	0	0	0	0	0	0	0	0	0	0	41	77	-492	61.9661481085362	0	0	-1056	1056	32	1	0	0.0
2025-11-03	15:03:39[128]	0	0	0	0	0	0	0	0	0	0	36	82	-497	66.2973540490338	0	0	-1061	1061	32	1	0	0.0
2025-11-03	15:03:39[338]	0	0	0	0	0	0	0	0	0	0	34	87	-492	68.6542133509102	0	0	-1056	1056	32	1	0	0.0
2025-11-03	15:03:39[527]	0	0	0	0	0	0	0	0	0	0	42	84	-498	63.434948822922	0	0	-1062	1062	32	1	0	0.0
2025-11-03	15:03:39[718]	0	0	0	0	0	0	0	0	0	0	40	92	-499	66.5014343240479	0	0	-1063	1063	32	1	0	0.0
2025-11-03	15:03:39[910]	0	0	0	0	0	0	0	0	0	0	39	89	-503	66.3368592918057	0	0	-1067	1067	32	1	0	0.0
2025-11-03	15:03:40[118]	0	0	0	0	0	0	0	0	0	0	36	82	-492	66.2973540490338	0	0	-1056	1056	32	1	0	0.0
2025-11-03	15:03:40[311]	0	0	0	0	0	0	0	0	0	0	38	88	-499	66.644435140714	0	0	-1063	1063	32	1	0	0.0
2025-11-03	15:03:40[500]	0	0	0	0	0	0	0	0	0	0	40	81	-500	63.7185889786798	0	0	-1064	1064	32	1	0	0.0
2025-11-03	15:03:40[691]	0	0	0	0	0	0	0	0	0	0	37	86	-489	66.7210508019973	0	0	-1053	1053	32	1	0	0.0
2025-11-03	15:03:40[901]	0	0	0	0	0	0	0	0	0	0	37	85	-498	66.4767909795404	0	0	-1062	1062	32	1	0	0.0
2025-11-03	15:03:41[092]	0	0	0	0	0	0	0	0	0	0	39	90	-492	66.5713071912546	0	0	-1056	1056	32	1	0	0.0
2025-11-03	15:03:41[285]	0	0	0	0	0	0	0	0	0	0	33	89	-494	69.6558987440816	0	0	-1058	1058	32	1	0	0.0
2025-11-03	15:03:41[493]	0	0	0	0	0	0	0	0	0	0	37	86	-499	66.7210508019973	0	0	-1063	1063	32	1	0	0.0
2025-11-03	15:03:41[686]	0	0	0	0	0	0	0	0	0	0	39	83	-496	64.8321298502184	0	0	-1060	1060	32	1	0	0.0
2025-11-03	15:03:41[878]	0	0	0	0	0	0	0	0	0	0	38	87	-490	66.4051794301185	0	0	-1054	1054	32	1	0	0.0
2025-11-03	15:03:42[067]	0	0	0	0	0	0	0	0	0	0	35	87	-500	68.0851336728083	0	0	-1064	1064	32	1	0	0.0
2025-11-03	15:03:42[276]	0	0	0	0	0	0	0	0	0	0	38	86	-493	66.1612598168283	0	0	-1057	1057	32	1	0	0.0
2025-11-03	15:03:42[470]	0	0	0	0	0	0	0	0	0	0	43	83	-498	62.6125778429238	0	0	-1062	1062	32	1	0	0.0
2025-11-03	15:03:42[660]	0	0	0	0	0	0	0	0	0	0	38	85	-501	65.9125476913677	0	0	-1065	1065	32	1	0	0.0
2025-11-03	15:03:42[852]	0	0	0	0	0	0	0	0	0	0	36	86	-497	67.2855876468328	0	0	-1061	1061	32	1	0	0.0
2025-11-03	15:03:43[441]	0	0	0	0	0	0	0	0	0	0	31	84	-484	69.7435378254769	0	0	-1048	1048	32	1	0	0.0
2025-11-03	15:03:43[485]	0	0	0	0	0	0	0	0	0	0	20	85	-473	76.7594800848128	0	0	-1037	1037	32	1	0	0.0
2025-11-03	15:03:43[523]	0	0	0	0	0	0	0	0	0	0	11	87	-466	82.7939429986167	0	0	-1030	1030	32	1	0	0.0
2025-11-03	15:03:43[843]	0	0	0	0	0	0	0	0	0	0	5	91	-466	86.855042535302	0	0	-1030	1030	32	1	0	0.0
2025-11-03	15:03:44[035]	0	0	0	0	0	0	0	0	0	0	5	88	-468	86.7480543996361	0	0	-1032	1032	32	1	0	0.0
2025-11-03	15:03:44[227]	0	0	0	0	0	0	0	0	0	0	5	86	-471	86.6725957582734	0	0	-1035	1035	32	1	0	0.0
2025-11-03	15:03:44[421]	0	0	0	0	0	0	0	0	0	0	4	89	-471	87.4266405368232	0	0	-1035	1035	32	1	0	0.0
2025-11-03	15:03:44[628]	0	0	0	0	0	0	0	0	0	0	1	89	-468	89.3562542858246	0	0	-1032	1032	32	1	0	0.0
2025-11-03	15:03:44[818]	0	0	0	0	0	0	0	0	0	0	5	91	-470	86.855042535302	0	0	-1034	1034	32	1	0	0.0
2025-11-03	15:03:45[013]	0	0	0	0	0	0	0	0	0	0	8	85	-476	84.6232945719493	0	0	-1040	1040	32	1	0	0.0
2025-11-03	15:03:45[218]	0	0	0	0	0	0	0	0	0	0	6	84	-471	85.9143832200251	0	0	-1035	1035	32	1	0	0.0
2025-11-03	15:03:45[412]	0	0	0	0	0	0	0	0	0	0	1	87	-469	89.3414568224364	0	0	-1033	1033	32	13	0	0.0
2025-11-03	15:03:45[603]	0	0	0	0	0	0	0	0	0	0	9	85	-468	83.9559078377589	0	0	-1032	1032	32	1	0	0.0
2025-11-03	15:03:45[794]	0	0	0	0	0	0	0	0	0	0	5	89	-468	86.7845160082518	0	0	-1032	1032	32	1	0	0.0
2025-11-03	15:03:46[006]	0	0	0	0	0	0	0	0	0	0	-1	86	-465	90.6661999701831	0	0	-1029	1029	32	1	0	0.0
2025-11-03	15:03:46[197]	0	0	0	0	0	0	0	0	0	0	2	90	-466	88.7269699799433	0	0	-1030	1030	32	1	0	0.0
2025-11-03	15:03:46[387]	0	0	0	0	0	0	0	0	0	0	2	92	-462	88.7546357332317	0	0	-1026	1026	32	1	0	0.0
2025-11-03	15:03:46[578]	0	0	0	0	0	0	0	0	0	0	4	86	-466	87.3369992339329	0	0	-1030	1030	32	1	0	0.0
2025-11-03	15:03:46[788]	0	0	0	0	0	0	0	0	0	0	10	86	-470	83.3674853848615	0	0	-1034	1034	32	1	0	0.0
2025-11-03	15:03:46[978]	0	0	0	0	0	0	0	0	0	0	11	84	-466	82.5394338738317	0	0	-1030	1030	32	1	0	0.0
2025-11-03	15:03:47[173]	0	0	0	0	0	0	0	0	0	0	4	89	-476	87.4266405368232	0	0	-1040	1040	32	1	0	0.0
2025-11-03	15:03:47[378]	0	0	0	0	0	0	0	0	0	0	3	88	-471	88.0474909506004	0	0	-1035	1035	32	1	0	0.0
2025-11-03	15:03:47[569]	0	0	0	0	0	0	0	0	0	0	8	84	-471	84.5596679689945	0	0	-1035	1035	32	1	0	0.0
2025-11-03	15:03:47[763]	0	0	0	0	0	0	0	0	0	0	7	88	-480	85.4519575908746	0	0	-1044	1044	32	1	0	0.0
2025-11-03	15:03:47[955]	0	0	0	0	0	0	0	0	0	0	1	90	-464	89.3634064240365	0	0	-1028	1028	32	1	0	0.0
2025-11-03	15:03:48[161]	0	0	0	0	0	0	0	0	0	0	4	87	-464	87.3675651310135	0	0	-1028	1028	32	1	0	0.0
2025-11-03	15:03:48[354]	0	0	0	0	0	0	0	0	0	0	8	86	-477	84.6854543300553	0	0	-1041	1041	32	1	0	0.0
2025-11-03	15:03:48[546]	0	0	0	0	0	0	0	0	0	0	4	91	-465	87.4831243430605	0	0	-1029	1029	32	1	0	0.0
2025-11-03	15:03:48[738]	0	0	0	0	0	0	0	0	0	0	0	93	-469	90	0	0	-1033	1033	32	1	0	0.0
2025-11-03	15:03:48[948]	0	0	0	0	0	0	0	0	0	0	4	91	-475	87.4831243430605	0	0	-1039	1039	32	1	0	0.0
2025-11-03	15:03:49[138]	0	0	0	0	0	0	0	0	0	0	4	88	-469	87.3974377975002	0	0	-1033	1033	32	1	0	0.0
2025-11-03	15:03:49[332]	0	0	0	0	0	0	0	0	0	0	10	92	-477	83.7965520983082	0	0	-1041	1041	32	1	0	0.0
2025-11-03	15:03:49[543]	0	0	0	0	0	0	0	0	0	0	2	89	-467	88.712671058475	0	0	-1031	1031	32	1	0	0.0
2025-11-03	15:03:49[731]	0	0	0	0	0	0	0	0	0	0	4	98	-473	87.6626941408762	0	0	-1037	1037	32	1	0	0.0
2025-11-03	15:03:49[922]	0	0	0	0	0	0	0	0	0	0	5	93	-471	86.9225446005756	0	0	-1035	1035	32	1	0	0.0
2025-11-03	15:03:50[116]	0	0	0	0	0	0	0	0	0	0	3	89	-473	88.069412558833	0	0	-1037	1037	32	1	0	0.0
2025-11-03	15:03:50[321]	0	0	0	0	0	0	0	0	0	0	3	85	-473	87.978635059644	0	0	-1037	1037	32	1	0	0.0
2025-11-03	15:03:50[513]	0	0	0	0	0	0	0	0	0	0	8	89	-468	84.8636215075723	0	0	-1032	1032	32	1	0	0.0
2025-11-03	15:03:50[709]	0	0	0	0	0	0	0	0	0	0	-1	79	-475	90.7252242990592	0	0	-1039	1039	32	1	0	0.0
2025-11-03	15:03:50[901]	0	0	0	0	0	0	0	0	0	0	6	89	-469	86.1431990144102	0	0	-1033	1033	32	1	0	0.0
2025-11-03	15:03:51[107]	0	0	0	0	0	0	0	0	0	0	-1	92	-477	90.6227556872063	0	0	-1041	1041	32	1	0	0.0
2025-11-03	15:03:51[297]	0	0	0	0	0	0	0	0	0	0	5	92	-478	86.8891593465092	0	0	-1042	1042	32	1	0	0.0
2025-11-03	15:03:51[489]	0	0	0	0	0	0	0	0	0	0	4	87	-469	87.3675651310135	0	0	-1033	1033	32	1	0	0.0
2025-11-03	15:03:51[681]	0	0	0	0	0	0	0	0	0	0	8	85	-463	84.6232945719493	0	0	-1027	1027	32	1	0	0.0
2025-11-03	15:03:51[890]	0	0	0	0	0	0	0	0	0	0	-5	88	-470	93.2519456003639	0	0	-1034	1034	32	1	0	0.0
2025-11-03	15:03:52[083]	0	0	0	0	0	0	0	0	0	0	5	93	-465	86.9225446005756	0	0	-1029	1029	32	1	0	0.0
2025-11-03	15:03:52[274]	0	0	0	0	0	0	0	0	0	0	22	85	-479	75.4889404998309	0	0	-1043	1043	32	1	0	0.0
2025-11-03	15:03:52[467]	0	0	0	0	0	0	0	0	0	0	33	82	-494	68.0782214060409	0	0	-1058	1058	32	1	0	0.0
2025-11-03	15:03:52[674]	0	0	0	0	0	0	0	0	0	0	39	77	-492	63.1380821555973	0	0	-1056	1056	32	1	0	0.0
2025-11-03	15:03:52[865]	0	0	0	0	0	0	0	0	0	0	35	80	-492	66.3706222693432	0	0	-1056	1056	32	1	0	0.0
2025-11-03	15:03:53[057]	0	0	0	0	0	0	0	0	0	0	25	80	-504	72.6459753637387	0	0	-1068	1068	32	1	0	0.0
2025-11-03	15:03:53[251]	0	0	0	0	0	0	0	0	0	0	20	84	-517	76.6075022462489	0	0	-1081	1081	32	1	0	0.0
2025-11-03	15:03:53[454]	0	0	0	0	0	0	0	0	0	0	20	84	-517	76.6075022462489	0	0	-1081	1081	32	1	0	0.0
2025-11-03	15:03:53[651]	0	0	0	0	0	0	0	0	0	0	-55	-23	-521	202.693794945092	0	0	-1085	1085	32	1	0	0.0
2025-11-03	15:03:53[844]	0	0	0	0	0	0	0	0	0	0	-4	-155	-527	268.521727343311	0	0	-1091	1091	32	0	0	0.0
2025-11-03	15:03:54[241]	0	0	0	0	0	0	0	0	0	0	373	-534	81	304.934371339116	0	0	-483	483	32	1	0	0.0
2025-11-03	15:03:55[411]	0	0	0	0	0	0	0	0	0	0	330	-422	367	308.025070484004	0	0	-197	197	32	1	0	0.0
2025-11-03	15:03:55[452]	0	0	0	0	0	0	0	0	0	0	337	-362	441	312.951667809553	0	0	-123	123	32	1	0	0.0
2025-11-03	15:03:55[497]	0	0	0	0	0	0	0	0	0	0	288	-455	365	302.332461860961	0	0	-199	199	32	1	0	0.0
2025-11-03	15:03:55[535]	0	0	0	0	0	0	0	0	0	0	234	-495	317	295.30137862542	0	0	-247	247	32	1	0	0.0
2025-11-03	15:03:55[572]	0	0	0	0	0	0	0	0	0	0	215	-509	296	292.899043064784	1	0	-268	268	32	1	0	0.0
2025-11-03	15:03:55[609]	0	0	0	0	0	0	0	0	0	0	223	-504	278	293.867488690299	1	0	-286	286	32	1	0	0.0
2025-11-03	15:03:55[646]	0	0	0	0	0	0	0	0	0	0	235	-503	303	295.041831791874	1	0	-261	261	32	1	0	0.0
2025-11-03	15:03:55[810]	0	0	0	0	0	0	0	0	0	0	240	-459	379	297.603979930619	1	0	-185	185	32	1	0	0.0
2025-11-03	15:03:56[001]	0	0	0	0	0	0	0	0	0	0	198	-404	452	296.109428339816	1	0	-112	112	32	1	0	0.0
2025-11-03	15:03:56[193]	0	0	0	0	0	0	0	0	0	0	239	-334	530	305.586329730052	1	0	-34	34	32	1	0	0.0
2025-11-03	15:03:56[394]	0	0	0	0	0	0	0	0	0	0	149	-162	620	312.606393032715	1	0	56	56	32	1	0	0.0
2025-11-03	15:03:56[585]	0	0	0	0	0	0	0	0	0	0	120	-187	584	302.688745119909	1	0	20	20	32	1	0	0.0
2025-11-03	15:03:56[792]	0	0	0	0	0	0	0	0	0	0	138	-203	570	304.207981369849	1	0	6	6	32	1	0	0.0
2025-11-03	15:03:56[986]	0	0	0	0	0	0	0	0	0	0	67	-189	570	289.51928205221	1	0	6	6	32	1	0	0.0
2025-11-03	15:03:57[178]	0	0	0	0	0	0	0	0	0	0	10	-125	564	274.573921259901	1	0	0	0	32	0	0	0.0
2025-11-03	15:03:57[576]	0	0	0	0	0	0	0	0	0	0	13	-98	562	277.556344056439	1	0	-2	2	32	0	0	0.0
2025-11-03	15:03:57[767]	0	0	0	0	0	0	0	0	0	0	17	-113	562	278.555558243413	1	0	-2	2	32	0	0	0.0
2025-11-03	15:03:57[961]	0	0	0	0	0	0	0	0	0	0	11	-115	567	275.463842813237	1	0	3	3	32	0	0	0.0
2025-11-03	15:03:58[168]	0	0	0	0	0	0	0	0	0	0	19	-109	564	279.887988815578	1	0	0	0	32	0	0	0.0
2025-11-03	15:03:58[360]	0	0	0	0	0	0	0	0	0	0	18	-105	561	279.727578551402	1	0	-3	3	32	0	0	0.0
2025-11-03	15:03:58[553]	0	0	0	0	0	0	0	0	0	0	18	-107	566	279.549133928736	1	0	2	2	32	0	0	0.0
2025-11-03	15:03:58[743]	0	0	0	0	0	0	0	0	0	0	22	-118	569	280.561010691196	1	0	5	5	32	0	0	0.0
2025-11-03	15:03:58[953]	0	0	0	0	0	0	0	0	0	0	16	-112	564	278.130102354156	1	0	0	0	32	0	0	0.0
2025-11-03	15:03:59[145]	0	0	0	0	0	0	0	0	0	0	22	-105	566	281.833645306161	2	0	2	2	32	0	0	0.0
2025-11-03	15:03:59[336]	0	0	0	0	0	0	0	0	0	0	18	-119	564	278.601384858715	2	0	0	0	32	0	0	0.0
2025-11-03	15:03:59[527]	0	0	0	0	0	0	0	0	0	0	21	-109	559	280.905022045234	2	0	-5	5	32	0	0	0.0
2025-11-03	15:03:59[735]	0	0	0	0	0	0	0	0	0	0	19	-114	559	279.462322208026	2	0	-5	5	32	0	0	0.0
2025-11-03	15:03:59[930]	0	0	0	0	0	0	0	0	0	0	18	-112	563	279.130176482279	2	0	-1	1	32	0	0	0.0
2025-11-03	15:04:00[118]	0	0	0	0	0	0	0	0	0	0	18	-113	565	279.050721677184	2	0	1	1	32	0	0	0.0
2025-11-03	15:04:00[328]	0	0	0	0	0	0	0	0	0	0	14	-112	568	277.125016348902	2	0	4	4	32	0	0	0.0
2025-11-03	15:04:00[522]	0	0	0	0	0	0	0	0	0	0	20	-119	562	279.540381804843	2	0	-2	2	32	0	0	0.0
2025-11-03	15:04:00[711]	0	0	0	0	0	0	0	0	0	0	21	-119	561	280.007979801441	2	0	-3	3	32	0	0	0.0
2025-11-03	15:04:00[905]	0	0	0	0	0	0	0	0	0	0	20	-108	558	280.491477012332	2	0	-6	6	32	0	0	0.0
2025-11-03	15:04:01[111]	0	0	0	0	0	0	0	0	0	0	27	-111	562	283.671307132196	2	0	-2	2	32	0	0	0.0
2025-11-03	15:04:01[301]	0	0	0	0	0	0	0	0	0	0	23	-118	562	281.02953122398	2	0	-2	2	32	0	0	0.0
2025-11-03	15:04:01[495]	0	0	0	0	0	0	0	0	0	0	18	-116	563	278.820379552021	2	0	-1	1	32	0	0	0.0
2025-11-03	15:04:01[686]	0	0	0	0	0	0	0	0	0	0	13	-109	563	276.801314823982	2	0	-1	1	32	0	0	0.0
2025-11-03	15:04:01[896]	0	0	0	0	0	0	0	0	0	0	7	-118	563	273.394923542118	2	0	-1	1	32	0	0	0.0
2025-11-03	15:04:02[087]	0	0	0	0	0	0	0	0	0	0	4	-119	559	271.925183708323	2	0	-5	5	32	0	0	0.0
2025-11-03	15:04:02[278]	0	0	0	0	0	0	0	0	0	0	14	-119	558	276.709836807757	2	0	-6	6	32	0	0	0.0
2025-11-03	15:04:02[472]	0	0	0	0	0	0	0	0	0	0	14	-115	563	276.940983428743	2	0	-1	1	32	0	0	0.0
2025-11-03	15:04:02[680]	0	0	0	0	0	0	0	0	0	0	7	-113	564	273.544766455595	2	0	0	0	32	0	0	0.0
2025-11-03	15:04:02[871]	0	0	0	0	0	0	0	0	0	0	12	-114	559	276.009005957495	2	0	-5	5	32	0	0	0.0
2025-11-03	15:04:03[062]	0	0	0	0	0	0	0	0	0	0	12	-112	562	276.115503566285	2	0	-2	2	32	0	0	0.0
2025-11-03	15:04:03[256]	0	0	0	0	0	0	0	0	0	0	14	-108	566	277.386043151267	2	0	2	2	32	0	0	0.0
2025-11-03	15:04:03[463]	0	0	0	0	0	0	0	0	0	0	11	-114	570	275.511477416021	2	0	6	6	32	0	0	0.0
2025-11-03	15:04:03[655]	0	0	0	0	0	0	0	0	0	0	16	-120	562	277.594643368591	2	0	-2	2	32	0	0	0.0
2025-11-03	15:04:03[851]	0	0	0	0	0	0	0	0	0	0	-12	-115	553	264.042868885292	2	0	-11	11	32	0	0	0.0
2025-11-03	15:04:04[039]	0	0	0	0	0	0	0	0	0	0	17	-118	559	278.198068846016	2	0	-5	5	32	0	0	0.0
2025-11-03	15:04:04[246]	0	0	0	0	0	0	0	0	0	0	5	-120	554	272.385944030389	2	0	-10	10	32	0	0	0.0
2025-11-03	15:04:04[438]	0	0	0	0	0	0	0	0	0	0	5	-122	546	272.346874292487	2	0	-18	18	32	0	0	0.0
2025-11-03	15:04:04[630]	0	0	0	0	0	0	0	0	0	0	6	-117	553	272.935673446421	2	0	-11	11	32	0	0	0.0
2025-11-03	15:04:04[838]	0	0	0	0	0	0	0	0	0	0	8	-117	559	273.911571812529	2	0	-5	5	32	0	0	0.0
2025-11-03	15:04:05[032]	0	0	0	0	0	0	0	0	0	0	8	-118	553	273.878524502848	2	0	-11	11	32	0	0	0.0
2025-11-03	15:04:05[222]	0	0	0	0	0	0	0	0	0	0	8	-114	555	274.014175695411	2	0	-9	9	32	0	0	0.0
2025-11-03	15:04:05[418]	0	0	0	0	0	0	0	0	0	0	9	-110	556	274.677417858882	2	0	-8	8	32	0	0	0.0
2025-11-03	15:04:05[622]	0	0	0	0	0	0	0	0	0	0	2	-116	556	270.98776039964	2	0	-8	8	32	0	0	0.0
2025-11-03	15:04:06[480]	0	0	0	0	0	0	0	0	0	0	10	-116	558	274.927109947649	2	0	-6	6	32	0	0	0.0
2025-11-03	15:04:06[521]	0	0	0	0	0	0	0	0	0	0	14	-113	552	277.062602670416	2	0	-12	12	32	0	0	0.0
2025-11-03	15:04:06[557]	0	0	0	0	0	0	0	0	0	0	10	-113	555	275.057248532559	2	0	-9	9	32	0	0	0.0
2025-11-03	15:04:06[610]	0	0	0	0	0	0	0	0	0	0	9	-113	550	274.553767979159	2	0	-14	14	32	0	0	0.0
2025-11-03	15:04:06[646]	0	0	0	0	0	0	0	0	0	0	15	-116	552	277.368051071622	2	0	-12	12	32	0	0	0.0
2025-11-03	15:04:06[794]	0	0	0	0	0	0	0	0	0	0	13	-109	558	276.801314823982	2	0	-6	6	32	0	0	0.0
2025-11-03	15:04:06[998]	0	0	0	0	0	0	0	0	0	0	13	-115	559	276.449534703842	2	0	-5	5	32	0	0	0.0
2025-11-03	15:04:07[190]	0	0	0	0	0	0	0	0	0	0	10	-111	552	275.147884824136	2	0	-12	12	32	0	0	0.0
2025-11-03	15:04:07[382]	0	0	0	0	0	0	0	0	0	0	6	-116	559	272.960936134164	2	0	-5	5	32	0	0	0.0
2025-11-03	15:04:07[574]	0	0	0	0	0	0	0	0	0	0	7	-115	556	273.483271468998	2	0	-8	8	32	0	0	0.0
2025-11-03	15:04:07[783]	0	0	0	0	0	0	0	0	0	0	9	-110	557	274.677417858882	2	0	-7	7	32	0	0	0.0
2025-11-03	15:04:07[977]	0	0	0	0	0	0	0	0	0	0	9	-116	553	274.436474485657	2	0	-11	11	32	0	0	0.0
2025-11-03	15:04:08[165]	0	0	0	0	0	0	0	0	0	0	8	-113	557	274.049581703271	2	0	-7	7	32	0	0	0.0
2025-11-03	15:04:08[358]	0	0	0	0	0	0	0	0	0	0	9	-117	558	274.398705354996	2	0	-6	6	32	0	0	0.0
2025-11-03	15:04:08[566]	0	0	0	0	0	0	0	0	0	0	6	-110	550	273.122130462116	2	0	-14	14	32	0	0	0.0
2025-11-03	15:04:08[756]	0	0	0	0	0	0	0	0	0	0	13	-113	553	276.562698508938	2	0	-11	11	32	0	0	0.0
2025-11-03	15:04:08[949]	0	0	0	0	0	0	0	0	0	0	10	-111	551	275.147884824136	2	0	-13	13	32	0	0	0.0
2025-11-03	15:04:09[141]	0	0	0	0	0	0	0	0	0	0	3	-111	559	271.548157698978	2	0	-5	5	32	0	0	0.0
2025-11-03	15:04:09[350]	0	0	0	0	0	0	0	0	0	0	9	-115	561	274.474896506246	2	0	-3	3	32	0	0	0.0
2025-11-03	15:04:09[541]	0	0	0	0	0	0	0	0	0	0	6	-112	554	273.066485501126	2	0	-10	10	32	0	0	0.0
2025-11-03	15:04:09[733]	0	0	0	0	0	0	0	0	0	0	10	-116	560	274.927109947649	2	0	-4	4	32	0	0	0.0
2025-11-03	15:04:09[925]	0	0	0	0	0	0	0	0	0	0	9	-113	555	274.553767979159	2	0	-9	9	32	0	0	0.0
2025-11-03	15:04:10[136]	0	0	0	0	0	0	0	0	0	0	7	-113	560	273.544766455595	2	0	-4	4	32	0	0	0.0
2025-11-03	15:04:10[325]	0	0	0	0	0	0	0	0	0	0	5	-113	549	272.533558888395	2	0	-15	15	32	0	0	0.0
2025-11-03	15:04:10[518]	0	0	0	0	0	0	0	0	0	0	9	-109	561	274.720136931044	2	0	-3	3	32	0	0	0.0
2025-11-03	15:04:10[724]	0	0	0	0	0	0	0	0	0	0	5	-117	561	272.447048642324	2	0	-3	3	32	0	0	0.0
2025-11-03	15:04:10[916]	0	0	0	0	0	0	0	0	0	0	8	-115	554	273.979382452678	2	0	-10	10	32	0	0	0.0
2025-11-03	15:04:11[109]	0	0	0	0	0	0	0	0	0	0	9	-122	562	274.219095349248	2	0	-2	2	32	0	0	0.0
2025-11-03	15:04:11[301]	0	0	0	0	0	0	0	0	0	0	10	-112	561	275.102165252358	2	0	-3	3	32	0	0	0.0
2025-11-03	15:04:11[514]	0	0	0	0	0	0	0	0	0	0	15	-112	560	277.628149668581	2	0	-4	4	32	0	0	0.0
2025-11-03	15:04:11[702]	0	0	0	0	0	0	0	0	0	0	12	-114	551	276.009005957495	2	0	-13	13	32	0	0	0.0
2025-11-03	15:04:11[892]	0	0	0	0	0	0	0	0	0	0	12	-115	554	275.957131114708	2	0	-10	10	32	0	0	0.0
2025-11-03	15:04:12[084]	0	0	0	0	0	0	0	0	0	0	13	-114	552	276.505626645684	2	0	-12	12	32	0	0	0.0
2025-11-03	15:04:12[291]	0	0	0	0	0	0	0	0	0	0	6	-118	556	272.910837826168	2	0	-8	8	32	0	0	0.0
2025-11-03	15:04:12[486]	0	0	0	0	0	0	0	0	0	0	11	-115	552	275.463842813237	2	0	-12	12	32	0	0	0.0
2025-11-03	15:04:12[677]	0	0	0	0	0	0	0	0	0	0	10	-109	557	275.24181994698	2	0	-7	7	32	0	0	0.0
2025-11-03	15:04:12[867]	0	0	0	0	0	0	0	0	0	0	3	-114	557	271.507435758775	2	0	-7	7	32	0	0	0.0
2025-11-03	15:04:13[077]	0	0	0	0	0	0	0	0	0	0	11	-114	554	275.511477416021	2	0	-10	10	32	0	0	0.0
2025-11-03	15:04:13[268]	0	0	0	0	0	0	0	0	0	0	3	-113	562	271.520769661144	2	0	-2	2	32	0	0	0.0
2025-11-03	15:04:13[460]	0	0	0	0	0	0	0	0	0	0	9	-113	554	274.553767979159	2	0	-10	10	32	0	0	0.0
2025-11-03	15:04:13[651]	0	0	0	0	0	0	0	0	0	0	10	-113	554	275.057248532559	2	0	-10	10	32	0	0	0.0
2025-11-03	15:04:13[861]	0	0	0	0	0	0	0	0	0	0	13	-110	559	276.740056097947	2	0	-5	5	32	0	0	0.0
2025-11-03	15:04:14[437]	0	0	0	0	0	0	0	0	0	0	5	-114	555	272.511363267163	2	0	-9	9	32	0	0	0.0
2025-11-03	15:04:14[497]	0	0	0	0	0	0	0	0	0	0	12	-111	561	276.17017509503	2	0	-3	3	32	0	0	0.0
2025-11-03	15:04:14[542]	0	0	0	0	0	0	0	0	0	0	7	-112	555	273.576334374997	2	0	-9	9	32	0	0	0.0
2025-11-03	15:04:14[644]	0	0	0	0	0	0	0	0	0	0	8	-115	560	273.979382452678	2	0	-4	4	32	0	0	0.0
2025-11-03	15:04:14[835]	0	0	0	0	0	0	0	0	0	0	15	-112	551	277.628149668581	2	0	-13	13	32	0	0	0.0
2025-11-03	15:04:15[029]	0	0	0	0	0	0	0	0	0	0	11	-111	557	275.659481840162	2	0	-7	7	32	0	0	0.0
2025-11-03	15:04:15[236]	0	0	0	0	0	0	0	0	0	0	6	-119	556	272.886418543865	2	0	-8	8	32	0	0	0.0
2025-11-03	15:04:15[428]	0	0	0	0	0	0	0	0	0	0	10	-112	553	275.102165252358	2	0	-11	11	32	0	0	0.0
2025-11-03	15:04:15[621]	0	0	0	0	0	0	0	0	0	0	14	-116	554	276.881723630637	2	0	-10	10	32	0	0	0.0
2025-11-03	15:04:15[814]	0	0	0	0	0	0	0	0	0	0	1	-109	557	270.525634606458	2	0	-7	7	32	0	0	0.0
2025-11-03	15:04:16[022]	0	0	0	0	0	0	0	0	0	0	9	-115	549	274.474896506246	2	0	-15	15	32	0	0	0.0
2025-11-03	15:04:16[211]	0	0	0	0	0	0	0	0	0	0	12	-109	553	276.282492088161	2	0	-11	11	32	0	0	0.0
2025-11-03	15:04:16[405]	0	0	0	0	0	0	0	0	0	0	11	-106	559	275.924581981983	2	0	-5	5	32	0	0	0.0
2025-11-03	15:04:16[595]	0	0	0	0	0	0	0	0	0	0	9	-115	556	274.474896506246	2	0	-8	8	32	0	0	0.0
2025-11-03	15:04:16[804]	0	0	0	0	0	0	0	0	0	0	6	-124	555	272.7702157972	2	0	-9	9	32	0	0	0.0
2025-11-03	15:04:16[995]	0	0	0	0	0	0	0	0	0	0	5	-111	564	272.579147500283	2	0	0	0	32	0	0	0.0
2025-11-03	15:04:17[191]	0	0	0	0	0	0	0	0	0	0	9	-116	560	274.436474485657	2	0	-4	4	32	0	0	0.0
2025-11-03	15:04:17[379]	0	0	0	0	0	0	0	0	0	0	8	-118	561	273.878524502848	2	0	-3	3	32	0	0	0.0
2025-11-03	15:04:17[587]	0	0	0	0	0	0	0	0	0	0	11	-113	553	275.55994726331	2	0	-11	11	32	0	0	0.0
2025-11-03	15:04:17[779]	0	0	0	0	0	0	0	0	0	0	11	-109	565	275.762632886598	2	0	1	1	32	0	0	0.0
2025-11-03	15:04:17[973]	0	0	0	0	0	0	0	0	0	0	5	-112	563	272.556150078578	2	0	-1	1	32	0	0	0.0
2025-11-03	15:04:18[163]	0	0	0	0	0	0	0	0	0	0	8	-116	562	273.945186229038	2	0	-2	2	32	0	0	0.0
2025-11-03	15:04:18[371]	0	0	0	0	0	0	0	0	0	0	13	-112	567	276.620776082315	2	0	3	3	32	0	0	0.0
2025-11-03	15:04:18[564]	0	0	0	0	0	0	0	0	0	0	8	-110	557	274.159642293713	2	0	-7	7	32	0	0	0.0
2025-11-03	15:04:18[754]	0	0	0	0	0	0	0	0	0	0	16	-114	559	277.989326766397	2	0	-5	5	32	0	0	0.0
2025-11-03	15:04:18[947]	0	0	0	0	0	0	0	0	0	0	13	-111	558	276.679886063223	2	0	-6	6	32	0	0	0.0
2025-11-03	15:04:19[155]	0	0	0	0	0	0	0	0	0	0	13	-109	553	276.801314823982	2	0	-11	11	32	0	0	0.0
2025-11-03	15:04:19[346]	0	0	0	0	0	0	0	0	0	0	11	-119	559	275.281240628445	2	0	-5	5	32	0	0	0.0
2025-11-03	15:04:19[538]	0	0	0	0	0	0	0	0	0	0	7	-118	559	273.394923542118	2	0	-5	5	32	0	0	0.0
2025-11-03	15:04:19[749]	0	0	0	0	0	0	0	0	0	0	7	-108	562	273.70842815713	2	0	-2	2	32	0	0	0.0
2025-11-03	15:04:19[941]	0	0	0	0	0	0	0	0	0	0	8	-114	553	274.014175695411	9986	0	-11	11	32	0	0	0.0
2025-11-03	15:04:20[131]	0	0	0	0	0	0	0	0	0	0	15	-118	557	277.244506852441	2	0	-7	7	32	0	0	0.0
2025-11-03	15:04:20[322]	0	0	0	0	0	0	0	0	0	0	9	-117	563	274.398705354996	2	0	-1	1	32	0	0	0.0
2025-11-03	15:04:20[533]	0	0	0	0	0	0	0	0	0	0	18	-111	557	279.211026540817	2	0	-7	7	32	0	0	0.0
2025-11-03	15:04:20[723]	0	0	0	0	0	0	0	0	0	0	6	-112	552	273.066485501126	2	0	-12	12	32	0	0	0.0
2025-11-03	15:04:20[914]	0	0	0	0	0	0	0	0	0	0	13	-109	556	276.801314823982	2	0	-8	8	32	0	0	0.0
2025-11-03	15:04:21[108]	0	0	0	0	0	0	0	0	0	0	6	-112	560	273.066485501126	2	0	-4	4	32	0	0	0.0
2025-11-03	15:04:21[313]	0	0	0	0	0	0	0	0	0	0	14	-112	551	277.125016348902	2	0	-13	13	32	0	0	0.0
2025-11-03	15:04:21[510]	0	0	0	0	0	0	0	0	0	0	6	-115	559	272.986636990475	2	0	-5	5	32	0	0	0.0
2025-11-03	15:04:21[698]	0	0	0	0	0	0	0	0	0	0	13	-115	568	276.449534703842	2	0	4	4	32	0	0	0.0
2025-11-03	15:04:21[889]	0	0	0	0	0	0	0	0	0	0	18	-103	573	279.912751446724	2	0	9	9	32	0	0	0.0
2025-11-03	15:04:22[101]	0	0	0	0	0	0	0	0	0	0	23	-112	614	281.604762356379	2	0	50	50	32	1	0	0.0
2025-11-03	15:04:22[290]	0	0	0	0	0	0	0	0	0	0	69	-170	770	292.091365409363	2	0	206	206	32	1	0	0.0
2025-11-03	15:04:22[482]	0	0	0	0	0	0	0	0	0	0	199	-350	971	299.621323122306	2	0	407	407	32	1	0	0.0
2025-11-03	15:04:22[673]	0	0	0	0	0	0	0	0	0	0	140	-371	943	290.674424760874	2	0	379	379	32	1	0	0.0
2025-11-03	15:04:22[881]	0	0	0	0	0	0	0	0	0	0	140	-358	939	291.358552377061	2	0	375	375	32	1	0	0.0
2025-11-03	15:04:23[075]	0	0	0	0	0	0	0	0	0	0	190	-317	934	300.937169165298	2	0	370	370	32	1	0	0.0
2025-11-03	15:04:23[266]	0	0	0	0	0	0	0	0	0	0	211	-346	933	301.375949273476	2	0	369	369	32	1	0	0.0
2025-11-03	15:04:23[473]	0	0	0	0	0	0	0	0	0	0	185	-367	908	296.752087877813	2	0	344	344	32	1	0	0.0
2025-11-03	15:04:23[665]	0	0	0	0	0	0	0	0	0	0	192	-372	945	297.299572211333	2	0	381	381	32	1	0	0.0
2025-11-03	15:04:23[857]	0	0	0	0	0	0	0	0	0	0	203	-381	936	298.04906585274	2	0	372	372	32	1	0	0.0
2025-11-03	15:04:24[052]	0	0	0	0	0	0	0	0	0	0	195	-376	929	297.412023177253	2	0	365	365	32	1	0	0.0
2025-11-03	15:04:24[259]	0	0	0	0	0	0	0	0	0	0	2	-377	925	270.303953538578	2	0	361	361	32	1	0	0.0
2025-11-03	15:04:24[450]	0	0	0	0	0	0	0	0	0	0	203	-383	908	297.92475761052	2	0	344	344	32	1	0	0.0
2025-11-03	15:04:24[640]	0	0	0	0	0	0	0	0	0	0	205	-378	908	298.472218446902	2	0	344	344	32	1	0	0.0
2025-11-03	15:04:24[833]	0	0	0	0	0	0	0	0	0	0	202	-373	927	298.437979947617	2	0	363	363	32	1	0	0.0
2025-11-03	15:04:25[040]	0	0	0	0	0	0	0	0	0	0	206	-375	932	298.781459432863	2	0	368	368	32	1	0	0.0
2025-11-03	15:04:25[233]	0	0	0	0	0	0	0	0	0	0	203	-382	924	297.986784854726	2	0	360	360	32	1	0	0.0
2025-11-03	15:04:25[425]	0	0	0	0	0	0	0	0	0	0	200	-372	902	298.264004148524	2	0	338	338	32	1	0	0.0
2025-11-03	15:04:25[618]	0	0	0	0	0	0	0	0	0	0	198	-380	922	297.521885466274	2	0	358	358	32	1	0	0.0
2025-11-03	15:04:25[827]	0	0	0	0	0	0	0	0	0	0	200	-375	921	298.072486935853	2	0	357	357	32	1	0	0.0
2025-11-03	15:04:26[018]	0	0	0	0	0	0	0	0	0	0	203	-364	902	299.148071845713	2	0	338	338	32	1	0	0.0
2025-11-03	15:04:26[208]	0	0	0	0	0	0	0	0	0	0	213	-373	911	299.728336169041	2	0	347	347	32	1	0	0.0
2025-11-03	15:04:26[400]	0	0	0	0	0	0	0	0	0	0	207	-382	922	298.452591459167	2	0	358	358	32	1	0	0.0
2025-11-03	15:04:26[611]	0	0	0	0	0	0	0	0	0	0	202	-372	911	298.502436076929	2	0	347	347	32	1	0	0.0
2025-11-03	15:04:26[801]	0	0	0	0	0	0	0	0	0	0	203	-372	911	298.621249831471	2	0	347	347	32	1	0	0.0
2025-11-03	15:04:26[992]	0	0	0	0	0	0	0	0	0	0	209	-378	920	298.938646979315	2	0	356	356	32	1	0	0.0
2025-11-03	15:04:27[185]	0	0	0	0	0	0	0	0	0	0	199	-370	918	298.273045412123	2	0	354	354	32	1	0	0.0
2025-11-03	15:04:27[395]	0	0	0	0	0	0	0	0	0	0	208	-372	914	299.211292257728	2	0	350	350	32	1	0	0.0
2025-11-03	15:04:27[584]	0	0	0	0	0	0	0	0	0	0	199	-368	917	298.402787967466	2	0	353	353	32	1	0	0.0
2025-11-03	15:04:27[778]	0	0	0	0	0	0	0	0	0	0	194	-373	903	297.479267937527	2	0	339	339	32	1	0	0.0
2025-11-03	15:04:27[986]	0	0	0	0	0	0	0	0	0	0	195	-364	916	298.178590109959	2	0	352	352	32	1	0	0.0
2025-11-03	15:04:28[177]	0	0	0	0	0	0	0	0	0	0	188	-365	902	297.251569056038	2	0	338	338	32	1	0	0.0
2025-11-03	15:04:28[368]	0	0	0	0	0	0	0	0	0	0	184	-355	911	297.398152564864	2	0	347	347	32	1	0	0.0
2025-11-03	15:04:28[561]	0	0	0	0	0	0	0	0	0	0	189	-361	907	297.634112883678	2	0	343	343	32	1	0	0.0
2025-11-03	15:04:28[770]	0	0	0	0	0	0	0	0	0	0	192	-361	912	298.006544476679	2	0	348	348	32	1	0	0.0
2025-11-03	15:04:28[960]	0	0	0	0	0	0	0	0	0	0	114	-304	893	290.556045219583	2	0	329	329	32	1	0	0.0
2025-11-03	15:04:29[154]	0	0	0	0	0	0	0	0	0	0	-46	-98	647	244.855214369321	2	0	83	83	32	1	0	0.0
2025-11-03	15:04:29[344]	0	0	0	0	0	0	0	0	0	0	-122	-7	722	183.283862287906	2	0	158	158	32	1	0	0.0
2025-11-03	15:04:29[552]	0	0	0	0	0	0	0	0	0	0	-137	123	869	138.082180824528	2	0	305	305	32	1	0	0.0
2025-11-03	15:04:29[744]	0	0	0	0	0	0	0	0	0	0	-170	108	867	147.572445004228	2	0	303	303	32	1	0	0.0
2025-11-03	15:04:29[937]	0	0	0	0	0	0	0	0	0	0	-190	107	865	150.613620039649	2	0	301	301	32	1	0	0.0
2025-11-03	15:04:30[129]	0	0	0	0	0	0	0	0	0	0	-179	133	880	143.387032378659	2	0	316	316	32	1	0	0.0
2025-11-03	15:04:30[336]	0	0	0	0	0	0	0	0	0	0	-191	123	878	147.219312923219	2	0	314	314	32	1	0	0.0
2025-11-03	15:04:30[526]	0	0	0	0	0	0	0	0	0	0	-180	116	844	147.200468727381	2	0	280	280	32	1	0	0.0
2025-11-03	15:04:30[720]	0	0	0	0	0	0	0	0	0	0	-190	124	859	146.870264531588	2	0	295	295	32	1	0	0.0
2025-11-03	15:04:30[915]	0	0	0	0	0	0	0	0	0	0	-177	136	873	142.46270858511	2	0	309	309	32	1	0	0.0
2025-11-03	15:04:31[121]	0	0	0	0	0	0	0	0	0	0	-161	134	894	140.229450773491	2	0	330	330	32	1	0	0.0
2025-11-03	15:04:31[311]	0	0	0	0	0	0	0	0	0	0	-165	135	893	140.7105931375	2	0	329	329	32	1	0	0.0
2025-11-03	15:04:31[505]	0	0	0	0	0	0	0	0	0	0	-163	133	896	140.787242964032	2	0	332	332	32	1	0	0.0
2025-11-03	15:04:31[696]	0	0	0	0	0	0	0	0	0	0	-162	125	893	142.34604483482	2	0	329	329	32	1	0	0.0
2025-11-03	15:04:31[906]	0	0	0	0	0	0	0	0	0	0	-165	118	897	144.429487954019	2	0	333	333	32	1	0	0.0
2025-11-03	15:04:32[098]	0	0	0	0	0	0	0	0	0	0	-165	121	882	143.746162262555	2	0	318	318	32	1	0	0.0
2025-11-03	15:04:32[287]	0	0	0	0	0	0	0	0	0	0	-154	121	892	141.842773412631	2	0	328	328	32	1	0	0.0
2025-11-03	15:04:32[480]	0	0	0	0	0	0	0	0	0	0	-158	122	887	142.32640666017	2	0	323	323	32	1	0	0.0
2025-11-03	15:04:32[687]	0	0	0	0	0	0	0	0	0	0	-172	108	862	147.875001559612	2	0	298	298	32	1	0	0.0
2025-11-03	15:04:32[878]	0	0	0	0	0	0	0	0	0	0	-96	-32	759	198.434948822922	2	0	195	195	32	1	0	0.0
2025-11-03	15:04:33[072]	0	0	0	0	0	0	0	0	0	0	-95	-38	755	201.801409486352	2	0	191	191	32	1	0	0.0
2025-11-03	15:04:33[265]	0	0	0	0	0	0	0	0	0	0	-139	12	745	175.06583565944	2	0	181	181	32	1	0	0.0
2025-11-03	15:04:33[471]	0	0	0	0	0	0	0	0	0	0	-73	3	741	177.646703133892	2	0	177	177	32	1	0	0.0
2025-11-03	15:04:33[667]	0	0	0	0	0	0	0	0	0	0	-7	-109	664	266.32550047917	2	0	100	100	32	1	0	0.0
2025-11-03	15:04:33[861]	0	0	0	0	0	0	0	0	0	0	28	-103	635	285.208039190635	2	0	71	71	32	1	0	0.0
2025-11-03	15:04:34[063]	0	0	0	0	0	0	0	0	0	0	32	-119	608	285.051219992591	2	0	44	44	32	1	0	0.0
2025-11-03	15:04:34[253]	0	0	0	0	0	0	0	0	0	0	35	-122	608	286.0074042961	2	0	44	44	32	1	0	0.0
2025-11-03	15:04:34[444]	0	0	0	0	0	0	0	0	0	0	27	-119	595	282.783453941424	2	0	31	31	32	1	0	0.0
2025-11-03	15:04:34[637]	0	0	0	0	0	0	0	0	0	0	9	-92	601	275.587243964204	2	0	37	37	32	1	0	0.0
2025-11-03	15:04:34[848]	0	0	0	0	0	0	0	0	0	0	9	-64	606	278.004728857293	2	0	42	42	32	1	0	0.0
2025-11-03	15:04:35[040]	0	0	0	0	0	0	0	0	0	0	20	-41	607	296.003345844511	2	0	43	43	32	1	0	0.0
2025-11-03	15:04:35[228]	0	0	0	0	0	0	0	0	0	0	15	-37	600	292.06789956241	2	0	36	36	32	1	0	0.0
2025-11-03	15:04:35[435]	0	0	0	0	0	0	0	0	0	0	41	-37	598	317.935673446421	2	0	34	34	32	1	0	0.0
2025-11-03	15:04:35[629]	0	0	0	0	0	0	0	0	0	0	31	-60	598	297.323891301347	2	0	34	34	32	1	0	0.0
2025-11-03	15:04:35[819]	0	0	0	0	0	0	0	0	0	0	36	-70	599	297.216111557308	2	0	35	35	32	1	0	0.0
2025-11-03	15:04:36[012]	0	0	0	0	0	0	0	0	0	0	38	-84	598	294.341089936693	2	0	34	34	32	1	0	0.0
2025-11-03	15:04:36[219]	0	0	0	0	0	0	0	0	0	0	41	-89	579	294.734302529052	2	0	15	15	32	1	0	0.0
2025-11-03	15:04:36[414]	0	0	0	0	0	0	0	0	0	0	28	-81	580	289.069193537348	2	0	16	16	32	1	0	0.0
2025-11-03	15:04:36[893]	0	0	0	0	0	0	0	0	0	0	38	-78	571	295.974393962431	2	0	7	7	30	0	0	0.0
2025-11-03	15:04:37[100]	0	0	0	0	0	0	0	0	0	0	42	-87	577	295.769327624339	2	0	13	13	30	0	0	0.0
2025-11-03	15:04:37[291]	0	0	0	0	0	0	0	0	0	0	35	-83	571	292.8645081219	2	0	7	7	30	0	0	0.0
2025-11-03	15:04:37[483]	0	0	0	0	0	0	0	0	0	0	36	-85	565	292.954086537628	2	0	1	1	30	0	0	0.0
2025-11-03	15:04:37[692]	0	0	0	0	0	0	0	0	0	0	31	-88	570	289.405970754001	2	0	6	6	30	0	0	0.0
2025-11-03	15:04:37[882]	0	0	0	0	0	0	0	0	0	0	36	-85	575	292.954086537628	2	0	11	11	30	0	0	0.0
2025-11-03	15:04:38[077]	0	0	0	0	0	0	0	0	0	0	30	-86	579	289.230672375661	2	0	15	15	30	0	0	0.0
2025-11-03	15:04:38[269]	0	0	0	0	0	0	0	0	0	0	28	-84	578	288.434948822922	3	0	14	14	30	0	0	0.0
2025-11-03	15:04:38[476]	0	0	0	0	0	0	0	0	0	0	30	-85	567	289.440034828176	3	0	3	3	30	0	0	0.0
2025-11-03	15:04:38[666]	0	0	0	0	0	0	0	0	0	0	42	-88	567	295.513870427534	3	0	3	3	30	0	0	0.0
2025-11-03	15:04:38[858]	0	0	0	0	0	0	0	0	0	0	33	-97	576	288.788621982168	3	0	12	12	30	0	0	0.0
2025-11-03	15:04:39[052]	0	0	0	0	0	0	0	0	0	0	19	-101	569	280.653902599938	3	0	5	5	30	0	0	0.0
2025-11-03	15:04:39[259]	0	0	0	0	0	0	0	0	0	0	14	-116	574	276.881723630637	3	0	10	10	30	0	0	0.0
2025-11-03	15:04:39[450]	0	0	0	0	0	0	0	0	0	0	-11	-119	555	264.718759371555	3	0	-9	9	30	0	0	0.0
2025-11-03	15:04:39[644]	0	0	0	0	0	0	0	0	0	0	15	-122	559	277.009384256621	3	0	-5	5	30	0	0	0.0
2025-11-03	15:04:39[837]	0	0	0	0	0	0	0	0	0	0	9	-128	562	274.02199017702	3	0	-2	2	30	0	0	0.0
2025-11-03	15:04:40[043]	0	0	0	0	0	0	0	0	0	0	14	-121	557	276.599916981914	3	0	-7	7	30	0	0	0.0
2025-11-03	15:04:40[233]	0	0	0	0	0	0	0	0	0	0	-11	-121	558	264.805571092265	3	0	-6	6	30	0	0	0.0
2025-11-03	15:04:40[427]	0	0	0	0	0	0	0	0	0	0	-8	-119	552	266.153969909953	3	0	-12	12	30	0	0	0.0
2025-11-03	15:04:40[618]	0	0	0	0	0	0	0	0	0	0	-7	-116	555	266.546683749469	3	0	-9	9	30	0	0	0.0
2025-11-03	15:04:40[827]	0	0	0	0	0	0	0	0	0	0	-12	-122	552	264.382419409873	3	0	-12	12	30	0	0	0.0
2025-11-03	15:04:41[018]	0	0	0	0	0	0	0	0	0	0	-14	-122	555	263.453709216706	3	0	-9	9	30	0	0	0.0
2025-11-03	15:04:41[211]	0	0	0	0	0	0	0	0	0	0	15	-139	565	276.159163029143	3	0	1	1	30	0	0	0.0
2025-11-03	15:04:41[401]	0	0	0	0	0	0	0	0	0	0	18	-135	565	277.594643368591	3	0	1	1	30	0	0	0.0
2025-11-03	15:04:41[609]	0	0	0	0	0	0	0	0	0	0	11	-129	563	274.873896422205	3	0	-1	1	30	0	0	0.0
2025-11-03	15:04:41[803]	0	0	0	0	0	0	0	0	0	0	14	-127	558	276.290670773355	3	0	-6	6	30	0	0	0.0
2025-11-03	15:04:41[994]	0	0	0	0	0	0	0	0	0	0	4	-128	562	271.789910608246	3	0	-2	2	30	0	0	0.0
2025-11-03	15:04:42[201]	0	0	0	0	0	0	0	0	0	0	-11	-126	553	265.010637430358	3	0	-11	11	30	0	0	0.0
2025-11-03	15:04:42[393]	0	0	0	0	0	0	0	0	0	0	-36	-108	551	251.565051177078	3	0	-13	13	30	0	0	0.0
2025-11-03	15:04:42[587]	0	0	0	0	0	0	0	0	0	0	-37	-107	548	250.924901507554	3	0	-16	16	30	0	0	0.0
2025-11-03	15:04:42[779]	0	0	0	0	0	0	0	0	0	0	-15	-96	562	261.11934084948	3	0	-2	2	30	0	0	0.0
2025-11-03	15:04:42[986]	0	0	0	0	0	0	0	0	0	0	-3	-102	561	268.315315682104	3	0	-3	3	30	0	0	0.0
2025-11-03	15:04:43[178]	0	0	0	0	0	0	0	0	0	0	-4	-105	563	267.818358596449	3	0	-1	1	30	0	0	0.0
2025-11-03	15:04:43[372]	0	0	0	0	0	0	0	0	0	0	0	-101	558	270	3	0	-6	6	30	0	0	0.0
2025-11-03	15:04:43[563]	0	0	0	0	0	0	0	0	0	0	1	-107	561	270.535458985565	3	0	-3	3	30	0	0	0.0
2025-11-03	15:04:43[769]	0	0	0	0	0	0	0	0	0	0	0	-111	561	270	3	0	-3	3	30	0	0	0.0
2025-11-03	15:04:43[960]	0	0	0	0	0	0	0	0	0	0	-1	-111	566	269.483835770235	3	0	2	2	30	0	0	0.0
2025-11-03	15:04:44[155]	0	0	0	0	0	0	0	0	0	0	-3	-105	558	268.363422958383	3	0	-6	6	30	0	0	0.0
2025-11-03	15:04:44[745]	0	0	0	0	0	0	0	0	0	0	28846	-114	549	359.773567050556	3	0	-15	15	30	1	0	0.0
2025-11-03	15:04:44[953]	0	0	0	0	0	0	0	0	0	0	28853	-125	550	359.751778753257	3	0	-14	14	30	1	0	0.0
2025-11-03	15:04:45[145]	0	0	0	0	0	0	0	0	0	0	28855	-137	548	359.727968712116	3	0	-16	16	30	1	0	0.0
2025-11-03	15:04:45[353]	0	0	0	0	0	0	0	0	0	0	28852	-133	547	359.735883657997	3	0	-17	17	30	1	0	0.0
2025-11-03	15:04:45[547]	0	0	0	0	0	0	0	0	0	0	28855	-133	552	359.735911117287	3	0	-12	12	30	1	0	0.0
2025-11-03	15:04:45[738]	0	0	0	0	0	0	0	0	0	0	28857	-138	550	359.726002103519	3	0	-14	14	30	1	0	0.0
2025-11-03	15:04:45[944]	0	0	0	0	0	0	0	0	0	0	28853	-130	551	359.741850035174	3	0	-13	13	30	1	0	0.0
2025-11-03	15:04:46[139]	0	0	0	0	0	0	0	0	0	0	28858	-135	550	359.731967779812	3	0	-14	14	30	1	0	0.0
2025-11-03	15:04:46[344]	0	0	0	0	0	0	0	0	0	0	28852	-134	553	359.733897849289	3	0	-11	11	30	1	0	0.0
2025-11-03	15:04:46[538]	0	0	0	0	0	0	0	0	0	0	28861	-132	551	359.737951208856	3	0	-13	13	30	1	0	0.0
2025-11-03	15:04:46[745]	0	0	0	0	0	0	0	0	0	0	28856	-131	554	359.73989133791	3	0	-10	10	30	1	0	0.0
2025-11-03	15:04:46[935]	0	0	0	0	0	0	0	0	0	0	28854	-132	552	359.737887636528	3	0	-12	12	30	1	0	0.0
2025-11-03	15:04:47[145]	0	0	0	0	0	0	0	0	0	0	28858	-129	549	359.74388016055	3	0	-15	15	30	1	0	0.0
2025-11-03	15:04:47[335]	0	0	0	0	0	0	0	0	0	0	28856	-127	549	359.747833482958	3	0	-15	15	30	1	0	0.0
2025-11-03	15:04:47[545]	0	0	0	0	0	0	0	0	0	0	28858	-132	551	359.737923967349	3	0	-13	13	30	1	0	0.0
2025-11-03	15:04:47[737]	0	0	0	0	0	0	0	0	0	0	28852	-132	549	359.73786946734	3	0	-15	15	30	1	0	0.0
2025-11-03	15:04:47[945]	0	0	0	0	0	0	0	0	0	0	28858	-136	548	359.729982385248	3	0	-16	16	30	1	0	0.0
2025-11-03	15:04:48[140]	0	0	0	0	0	0	0	0	0	0	28856	-131	545	359.73989133791	3	0	-19	19	30	1	0	0.0
2025-11-03	15:04:48[229]	0	0	0	0	0	0	0	0	0	0	28856	-131	545	359.73989133791	3	0	-19	19	30	1	0	0.0
2025-11-03	15:04:48[343]	0	0	0	0	0	0	0	0	0	0	28859	-136	549	359.729991741553	3	0	-15	15	30	1	0	0.0
2025-11-03	15:04:48[539]	0	0	0	0	0	0	0	0	0	0	28857	-134	547	359.733943955663	3	0	-17	17	30	1	0	0.0
2025-11-03	15:04:48[728]	0	0	0	0	0	0	0	0	0	0	28858	-131	555	359.73990936446	3	0	-9	9	30	1	0	0.0
2025-11-03	15:04:48[936]	0	0	0	0	0	0	0	0	0	0	28853	-132	552	359.737878552249	3	0	-12	12	30	1	0	0.0
2025-11-03	15:04:49[127]	0	0	0	0	0	0	0	0	0	0	28861	-137	552	359.728025264668	3	0	-12	12	30	1	0	0.0
2025-11-03	15:04:49[338]	0	0	0	0	0	0	0	0	0	0	28859	-129	554	359.743889035301	3	0	-10	10	30	1	0	0.0
2025-11-03	15:04:49[528]	0	0	0	0	0	0	0	0	0	0	28851	-131	552	359.739846260601	3	0	-12	12	30	1	0	0.0
2025-11-03	15:04:49[735]	0	0	0	0	0	0	0	0	0	0	28859	-134	553	359.733962393739	3	0	-11	11	30	1	0	0.0
2025-11-03	15:04:49[928]	0	0	0	0	0	0	0	0	0	0	28857	-127	549	359.747842221332	3	0	-15	15	30	1	0	0.0
2025-11-03	15:04:50[136]	0	0	0	0	0	0	0	0	0	0	28862	-128	551	359.745900779686	3	16	-13	13	30	1	0	0.0
2025-11-03	15:04:50[212]	0	0	0	0	0	0	0	0	0	0	28862	-128	551	359.745900779686	3	16	-13	13	30	1	0	0.0
2025-11-03	15:04:50[328]	0	0	0	0	0	0	0	0	0	0	28855	-136	542	359.72995431244	3	0	-22	22	30	1	0	0.0
2025-11-03	15:04:50[535]	0	0	0	0	0	0	0	0	0	0	28852	-127	550	359.747798523405	3	0	-14	14	30	1	0	0.0
2025-11-03	15:04:50[728]	0	0	0	0	0	0	0	0	0	0	28855	-131	556	359.739882323698	3	0	-8	8	30	1	0	0.0
2025-11-03	15:04:50[935]	0	0	0	0	0	0	0	0	0	0	28853	-140	555	359.721992646117	3	0	-9	9	30	1	0	0.0
2025-11-03	15:04:51[127]	0	0	0	0	0	0	0	0	0	0	28855	-135	549	359.731939913414	3	0	-15	15	30	1	0	0.0
2025-11-03	15:04:51[412]	0	0	0	0	0	0	0	0	0	0	28855	-135	549	359.731939913414	3	0	-15	15	30	1	0	0.0
2025-11-03	15:04:51[527]	0	0	0	0	0	0	0	0	0	0	28861	-129	547	359.743906782957	3	0	-17	17	30	1	0	0.0
2025-11-03	15:04:51[719]	0	0	0	0	0	0	0	0	0	0	28856	-136	549	359.729963670691	3	0	-15	15	30	1	0	0.0
2025-11-03	15:04:51[928]	0	0	0	0	0	0	0	0	0	0	28858	-136	549	359.729982385248	3	0	-15	15	30	1	0	0.0
2025-11-03	15:04:52[121]	0	0	0	0	0	0	0	0	0	0	28856	-132	545	359.737905803197	3	0	-19	19	30	1	0	0.0
2025-11-03	15:04:52[212]	0	0	0	0	0	0	0	0	0	0	28856	-132	545	359.737905803197	3	0	-19	19	30	1	0	0.0
2025-11-03	15:04:52[327]	0	0	0	0	0	0	0	0	0	0	28856	-137	551	359.727978139174	3	0	-13	13	30	1	0	0.0
2025-11-03	15:04:52[518]	0	0	0	0	0	0	0	0	0	0	28854	-130	549	359.741858981819	3	0	-15	15	30	1	0	0.0
2025-11-03	15:04:52[726]	0	0	0	0	0	0	0	0	0	0	28857	-129	548	359.743871285184	3	0	-16	16	30	1	0	0.0
2025-11-03	15:04:52[918]	0	0	0	0	0	0	0	0	0	0	28856	-134	542	359.733934735666	3	0	-22	22	30	1	0	0.0
2025-11-03	15:04:53[011]	0	0	0	0	0	0	0	0	0	0	28856	-134	542	359.733934735666	3	0	-22	22	30	1	0	0.0
2025-11-03	15:04:53[127]	0	0	0	0	0	0	0	0	0	0	28851	-135	554	359.731902749201	3	0	-10	10	30	1	0	0.0
2025-11-03	15:04:53[318]	0	0	0	0	0	0	0	0	0	0	28854	-132	548	359.737887636528	3	0	-16	16	30	1	0	0.0
2025-11-03	15:04:53[526]	0	0	0	0	0	0	0	0	0	0	28858	-134	547	359.73395317502	3	0	-17	17	30	1	0	0.0
2025-11-03	15:04:53[721]	0	0	0	0	0	0	0	0	0	0	28857	-135	555	359.731958491656	3	0	-9	9	30	1	0	0.0
2025-11-03	15:04:53[929]	0	0	0	0	0	0	0	0	0	0	28859	-135	543	359.731977067324	3	0	-21	21	30	1	0	0.0
2025-11-03	15:04:54[120]	0	0	0	0	0	0	0	0	0	0	28857	-136	551	359.729973028294	3	0	-13	13	30	1	0	0.0
2025-11-03	15:04:54[311]	0	0	0	0	0	0	0	0	0	0	28857	-128	552	359.745856752953	3	0	-12	12	30	1	0	0.0
2025-11-03	15:04:54[518]	0	0	0	0	0	0	0	0	0	0	28865	-134	545	359.734017692637	3	0	-19	19	30	1	0	0.0
2025-11-03	15:04:54[712]	0	0	0	0	0	0	0	0	0	0	28858	-125	542	359.751821760074	3	0	-22	22	30	1	0	0.0
2025-11-03	15:04:54[803]	0	0	0	0	0	0	0	0	0	0	28858	-125	542	359.751821760074	3	0	-22	22	30	1	0	0.0
2025-11-03	15:04:54[919]	0	0	0	0	0	0	0	0	0	0	28857	-134	551	359.733943955663	3	0	-13	13	30	1	0	0.0
2025-11-03	15:04:55[110]	0	0	0	0	0	0	0	0	0	0	28859	-140	548	359.722050444999	3	0	-16	16	30	1	0	0.0
2025-11-03	15:04:55[204]	0	0	0	0	0	0	0	0	0	0	28859	-140	548	359.722050444999	3	0	-16	16	30	1	0	0.0
2025-11-03	15:04:55[322]	0	0	0	0	0	0	0	0	0	0	28858	-129	552	359.74388016055	2	0	-12	12	30	1	0	0.0
2025-11-03	15:04:55[510]	0	0	0	0	0	0	0	0	0	0	28859	-134	545	359.733962393739	2	0	-19	19	30	1	0	0.0
2025-11-03	15:04:55[720]	0	0	0	0	0	0	0	0	0	0	28858	-136	544	359.729982385248	2	0	-20	20	30	1	0	0.0
2025-11-03	15:04:55[911]	0	0	0	0	0	0	0	0	0	0	28863	-132	552	359.737969366715	2	0	-12	12	30	1	0	0.0
2025-11-03	15:04:56[118]	0	0	0	0	0	0	0	0	0	0	28852	-132	549	359.73786946734	2	0	-15	15	30	1	0	0.0
2025-11-03	15:04:56[312]	0	0	0	0	0	0	0	0	0	0	28854	-128	552	359.745830329589	2	0	-12	12	30	1	0	0.0
2025-11-03	15:04:56[518]	0	0	0	0	0	0	0	0	0	0	28855	-138	550	359.725983112445	2	0	-14	14	30	1	0	0.0
2025-11-03	15:04:56[711]	0	0	0	0	0	0	0	0	0	0	28857	-129	552	359.743871285184	2	0	-12	12	30	1	0	0.0
2025-11-03	15:04:56[902]	0	0	0	0	0	0	0	0	0	0	28865	-135	548	359.732032778883	2	0	-16	16	30	1	0	0.0
2025-11-03	15:04:57[111]	0	0	0	0	0	0	0	0	0	0	28856	-133	553	359.735920269115	2	0	-11	11	30	1	0	0.0
2025-11-03	15:04:57[301]	0	0	0	0	0	0	0	0	0	0	28857	-131	555	359.739900351497	2	0	-9	9	30	1	0	0.0
2025-11-03	15:04:57[507]	0	0	0	0	0	0	0	0	0	0	28854	-130	553	359.741858981819	2	0	-11	11	30	1	0	0.0
2025-11-03	15:04:57[717]	0	0	0	0	0	0	0	0	0	0	28864	-132	548	359.7379784447	2	0	-16	16	30	1	0	0.0
2025-11-03	15:04:57[906]	0	0	0	0	0	0	0	0	0	0	28853	-140	550	359.721992646117	2	0	-14	14	30	1	0	0.0
2025-11-03	15:04:58[098]	0	0	0	0	0	0	0	0	0	0	28859	-133	545	359.735947720793	2	0	-19	19	30	1	0	0.0
2025-11-03	15:04:58[306]	0	0	0	0	0	0	0	0	0	0	28854	-138	551	359.725973615921	2	0	-13	13	30	1	0	0.0
2025-11-03	15:04:58[399]	0	0	0	0	0	0	0	0	0	0	28854	-138	551	359.725973615921	2	0	-13	13	30	1	0	0.0
2025-11-03	15:04:58[498]	0	0	0	0	0	0	0	0	0	0	28858	-133	546	359.735938570868	2	0	-18	18	30	1	0	0.0
2025-11-03	15:04:58[706]	0	0	0	0	0	0	0	0	0	0	28858	-132	545	359.737923967349	2	0	-19	19	30	1	0	0.0
2025-11-03	15:04:58[864]	0	0	0	0	0	0	0	0	0	0	28858	-132	545	359.737923967349	2	0	-19	19	30	1	0	0.0
2025-11-03	15:04:58[897]	0	0	0	0	0	0	0	0	0	0	28856	-133	549	359.735920269115	2	0	-15	15	30	1	0	0.0
2025-11-03	15:04:59[108]	0	0	0	0	0	0	0	0	0	0	28855	-135	547	359.731939913414	2	0	-17	17	30	1	0	0.0
2025-11-03	15:04:59[298]	0	0	0	0	0	0	0	0	0	0	28852	-135	553	359.73191204122	1	0	-11	11	30	1	0	0.0
2025-11-03	15:04:59[506]	0	0	0	0	0	0	0	0	0	0	28855	-131	548	359.739882323698	1	0	-16	16	30	1	0	0.0
2025-11-03	15:04:59[701]	0	0	0	0	0	0	0	0	0	0	28856	-133	549	359.735920269115	1	0	-15	15	30	1	0	0.0
2025-11-03	15:04:59[905]	0	0	0	0	0	0	0	0	0	0	28856	-132	549	359.737905803197	1	0	-15	15	30	1	0	0.0
2025-11-03	15:05:00[100]	0	0	0	0	0	0	0	0	0	0	28854	-129	547	359.743844655396	1	0	-17	17	30	1	0	0.0
2025-11-03	15:05:00[306]	0	0	0	0	0	0	0	0	0	0	28861	-130	552	359.741921590969	1	0	-12	12	30	1	0	0.0
2025-11-03	15:05:00[498]	0	0	0	0	0	0	0	0	0	0	28854	-138	551	359.725973615921	1	0	-13	13	30	1	0	0.0
2025-11-03	15:05:00[690]	0	0	0	0	0	0	0	0	0	0	28852	-134	550	359.733897849289	1	0	-14	14	30	1	0	0.0
2025-11-03	15:05:00[900]	0	0	0	0	0	0	0	0	0	0	28848	-139	547	359.723930542151	1	0	-17	17	30	1	0	0.0
2025-11-03	15:05:01[090]	0	0	0	0	0	0	0	0	0	0	28852	-144	549	359.714039798157	1	0	-15	15	30	1	0	0.0
2025-11-03	15:05:01[298]	0	0	0	0	0	0	0	0	0	0	28849	-150	547	359.702094024763	1	0	-17	17	30	1	0	0.0
2025-11-03	15:05:01[489]	0	0	0	0	0	0	0	0	0	0	28848	-154	555	359.694139412457	1	0	-9	9	30	1	0	0.0
2025-11-03	15:05:01[700]	0	0	0	0	0	0	0	0	0	0	28857	-150	550	359.702176611479	1	0	-14	14	30	1	0	0.0
2025-11-03	15:05:01[892]	0	0	0	0	0	0	0	0	0	0	28851	-151	551	359.700128809719	1	0	-13	13	30	1	0	0.0
2025-11-03	15:05:02[097]	0	0	0	0	0	0	0	0	0	0	28857	-152	550	359.698205705931	1	0	-14	14	30	1	0	0.0
2025-11-03	15:05:02[289]	0	0	0	0	0	0	0	0	0	0	28854	-149	546	359.704131307097	1	0	-18	18	30	1	0	0.0
2025-11-03	15:05:02[497]	0	0	0	0	0	0	0	0	0	0	28860	-153	540	359.696251831585	1	0	-24	24	30	1	0	0.0
2025-11-03	15:05:02[691]	0	0	0	0	0	0	0	0	0	0	28855	-154	547	359.694213610462	1	0	-17	17	30	1	0	0.0
2025-11-03	15:05:02[898]	0	0	0	0	0	0	0	0	0	0	28850	-148	554	359.706076222444	1	0	-10	10	30	1	0	0.0
2025-11-03	15:05:03[091]	0	0	0	0	0	0	0	0	0	0	28858	-153	548	359.696230780752	1	0	-16	16	30	1	0	0.0
2025-11-03	15:05:03[297]	0	0	0	0	0	0	0	0	0	0	28860	-153	547	359.696251831585	1	0	-17	17	30	1	0	0.0
2025-11-03	15:05:03[489]	0	0	0	0	0	0	0	0	0	0	28857	-151	547	359.700191158345	1	0	-17	17	30	1	0	0.0
2025-11-03	15:05:03[683]	0	0	0	0	0	0	0	0	0	0	28852	-152	551	359.698153406487	1	0	-13	13	30	1	0	0.0
2025-11-03	15:05:03[889]	0	0	0	0	0	0	0	0	0	0	28857	-155	548	359.692249353055	1	0	-16	16	30	1	0	0.0
2025-11-03	15:05:04[083]	0	0	0	0	0	0	0	0	0	0	28862	-148	548	359.706198425462	1	0	-16	16	30	1	0	0.0
2025-11-03	15:05:04[288]	0	0	0	0	0	0	0	0	0	0	28859	-148	546	359.706167884235	1	0	-18	18	30	1	0	0.0
2025-11-03	15:05:04[480]	0	0	0	0	0	0	0	0	0	0	28859	-150	550	359.702197251004	1	0	-14	14	30	1	0	0.0
2025-11-03	15:05:04[688]	0	0	0	0	0	0	0	0	0	0	28857	-152	544	359.698205705931	1	0	-20	20	30	1	0	0.0
2025-11-03	15:05:48[086]	0	0	0	0	0	0	0	0	0	0	507	-268	-119	332.139087449948	0	0	-691	691	30	0	0	0.0
2025-11-03	15:05:49[566]	0	0	0	0	0	0	0	0	0	0	505	-230	-181	335.513319068284	0	0	-753	753	30	0	0	0.0
2025-11-03	15:06:29[156]	0	0	0	0	0	0	0	0	0	0	204	-232	-482	311.32550047917	0	0	-1042	1042	30	0	0	0.0
2025-11-03	15:06:32[788]	0	0	0	0	0	0	0	0	0	0	205	-223	-479	312.591783558872	1	0	-1039	1039	30	0	0	0.0
2025-11-03	15:06:34[358]	0	0	0	0	0	0	0	0	0	0	219	-273	-437	308.736509385665	2	0	-997	997	30	0	0	0.0
2025-11-03	15:06:41[697]	0	0	0	0	0	0	0	0	0	0	407	-181	365	336.024450670163	3	0	-195	195	30	0	0	0.0
2025-11-03	15:06:55[630]	0	0	0	0	0	0	0	0	0	0	377	-73	416	349.041211931498	4	0	-144	144	34	0	0	0.0
2025-11-03	15:07:04[447]	0	0	0	0	0	0	0	0	0	0	274	-132	488	334.277473083662	5	0	-72	72	32	0	0	0.0
2025-11-03	15:08:14[858]	0	0	0	0	0	0	0	0	0	0	101	233	-193	66.5644065795196	0	0	-513	513	30	0	0	0.0
2025-11-03	15:08:17[514]	0	0	0	0	0	0	0	0	0	0	113	251	-194	65.7627639119632	1	0	-514	514	30	0	0	0.0
2025-11-03	15:08:20[568]	0	0	0	0	0	0	0	0	0	0	122	162	-257	53.0170930736553	2	0	-577	577	30	0	0	0.0
2025-11-03	15:08:23[322]	0	0	0	0	0	0	0	0	0	0	111	250	-162	66.0587789455709	3	0	-482	482	30	0	0	0.0
2025-11-03	15:09:06[493]	0	0	0	0	0	0	0	0	0	0	156	178	-232	48.7685297091354	4	0	-552	552	30	0	0	0.0
2025-11-03	15:16:52[066]	0	0	0	0	0	0	0	0	0	0	78	-10	623	352.694240466689	0	0	43	43	52	1	0	0.0
2025-11-03	15:16:52[257]	0	0	0	0	0	0	0	0	0	0	66	-15	619	347.195733934713	0	0	39	39	52	1	0	0.0
2025-11-03	15:16:52[450]	0	0	0	0	0	0	0	0	0	0	80	-8	624	354.2894068625	0	0	44	44	52	1	0	0.0
2025-11-03	15:16:52[658]	0	0	0	0	0	0	0	0	0	0	80	-2	628	358.567903815835	0	0	48	48	52	1	0	0.0
2025-11-03	15:16:52[849]	0	0	0	0	0	0	0	0	0	0	107	-14	656	352.545701187252	0	0	76	76	52	1	0	0.0
2025-11-03	15:16:53[041]	0	0	0	0	0	0	0	0	0	0	92	-5	662	356.889159346509	0	0	82	82	52	1	0	0.0
2025-11-03	15:16:53[249]	0	0	0	0	0	0	0	0	0	0	87	-15	644	350.217592968193	0	0	64	64	52	1	0	0.0
2025-11-03	15:16:53[440]	0	0	0	0	0	0	0	0	0	0	85	-15	650	349.992020198559	0	0	70	70	52	1	0	0.0
2025-11-03	15:16:53[637]	0	0	0	0	0	0	0	0	0	0	75	-12	644	350.909723079178	0	0	64	64	52	1	0	0.0
2025-11-03	15:16:53[825]	0	0	0	0	0	0	0	0	0	0	79	-10	647	352.785737960793	0	0	67	67	52	1	0	0.0
2025-11-03	15:16:54[032]	0	0	0	0	0	0	0	0	0	0	79	-9	655	353.500653720345	0	0	75	75	52	1	0	0.0
2025-11-03	15:16:54[224]	0	0	0	0	0	0	0	0	0	0	73	-13	626	349.902495615925	0	0	46	46	52	1	0	0.0
2025-11-03	15:16:54[416]	0	0	0	0	0	0	0	0	0	0	57	-19	622	341.565051177078	0	0	42	42	52	1	0	0.0
2025-11-03	15:16:54[627]	0	0	0	0	0	0	0	0	0	0	71	-6	637	355.16958004171	0	0	57	57	52	1	0	0.0
2025-11-03	15:16:54[818]	0	0	0	0	0	0	0	0	0	0	71	-9	642	352.775684305955	0	0	62	62	52	1	0	0.0
2025-11-03	15:16:55[008]	0	0	0	0	0	0	0	0	0	0	89	-10	646	353.589159979768	0	0	66	66	52	1	0	0.0
2025-11-03	15:16:55[200]	0	0	0	0	0	0	0	0	0	0	-21	71	700	106.476881393688	0	0	120	120	52	1	0	0.0
2025-11-03	15:16:55[408]	0	0	0	0	0	0	0	0	0	0	-155	100	684	147.171458208587	0	0	104	104	52	1	0	0.0
2025-11-03	15:16:55[600]	0	0	0	0	0	0	0	0	0	0	-217	82	687	159.299414775448	0	0	107	107	52	1	0	0.0
2025-11-03	15:16:55[792]	0	0	0	0	0	0	0	0	0	0	-217	33	824	171.353068292047	0	0	244	244	52	1	0	0.0
2025-11-03	15:16:56[001]	0	0	0	0	0	0	0	0	0	0	-273	5	886	178.95074405912	0	0	306	306	52	1	0	0.0
2025-11-03	15:16:56[192]	0	0	0	0	0	0	0	0	0	0	-282	-15	885	183.044778444194	0	0	305	305	52	1	0	0.0
2025-11-03	15:16:56[384]	0	0	0	0	0	0	0	0	0	0	-299	-40	839	187.619745570496	0	0	259	259	52	1	0	0.0
2025-11-03	15:16:56[579]	0	0	0	0	0	0	0	0	0	0	-309	-87	782	195.724745722747	0	0	202	202	52	1	0	0.0
2025-11-03	15:16:56[788]	0	0	0	0	0	0	0	0	0	0	-333	-57	825	189.71325102494	0	0	245	245	52	1	0	0.0
2025-11-03	15:16:56[979]	0	0	0	0	0	0	0	0	0	0	-358	-48	788	187.636572215489	0	0	208	208	52	1	0	0.0
2025-11-03	15:16:57[170]	0	0	0	0	0	0	0	0	0	0	-370	-31	805	184.789271650776	0	0	225	225	52	1	0	0.0
2025-11-03	15:16:58[542]	0	0	0	0	0	0	0	0	0	0	-370	-31	805	184.789271650776	0	0	225	225	52	1	0	0.0
2025-11-03	15:16:58[755]	0	0	0	0	0	0	0	0	0	0	-465	-13	704	181.601400364115	0	0	124	124	52	1	0	0.0
2025-11-03	15:16:58[946]	0	0	0	0	0	0	0	0	0	0	-478	-19	723	182.276248998697	0	0	143	143	52	1	0	0.0
2025-11-03	15:16:59[137]	0	0	0	0	0	0	0	0	0	0	-513	-2	769	180.223374227015	0	0	189	189	52	1	0	0.0
2025-11-03	15:16:59[345]	0	0	0	0	0	0	0	0	0	0	-519	0	773	180	0	0	193	193	52	1	0	0.0
2025-11-03	15:16:59[537]	0	0	0	0	0	0	0	0	0	0	-532	9	787	179.030802949626	0	0	207	207	52	1	0	0.0
2025-11-03	15:16:59[728]	0	0	0	0	0	0	0	0	0	0	-546	0	781	180	0	0	201	201	52	1	0	0.0
2025-11-03	15:16:59[938]	0	0	0	0	0	0	0	0	0	0	-480	-28	706	183.338470543764	0	0	126	126	52	1	0	0.0
2025-11-03	15:17:00[130]	0	0	0	0	0	0	0	0	0	0	-316	-98	543	197.23005271394	0	0	-37	37	52	1	0	0.0
2025-11-03	15:17:00[816]	0	0	0	0	0	0	0	0	0	0	-179	188	448	133.595207949965	0	0	-132	132	52	1	0	0.0
2025-11-03	15:17:01[008]	0	0	0	0	0	0	0	0	0	0	-155	201	477	127.637407488787	0	0	-103	103	52	1	0	0.0
2025-11-03	15:17:01[905]	0	0	0	0	0	0	0	0	0	0	-423	349	609	140.475353896762	0	0	29	29	52	1	0	0.0
2025-11-03	15:17:42[565]	0	0	0	0	0	0	0	0	0	0	0	0	0	0	0	0	0	0	0	0	0	0.0
2025-11-03	15:17:42[762]	0	0	0	0	0	0	0	0	0	0	161	159	-364	44.6419060406764	0	0	-1322	1322	400	1	0	0.0
2025-11-03	15:17:42[950]	0	0	0	0	0	0	0	0	0	0	158	153	-373	44.0789253414494	0	0	-1331	1331	400	1	0	0.0
2025-11-03	15:17:43[143]	0	0	0	0	0	0	0	0	0	0	157	153	-365	44.2607406445922	0	0	-1323	1323	400	1	0	0.0
2025-11-03	15:17:43[350]	0	0	0	0	0	0	0	0	0	0	162	162	-369	45	0	0	-1327	1327	400	1	0	0.0
2025-11-03	15:17:43[543]	0	0	0	0	0	0	0	0	0	0	155	161	-374	46.0877638403841	0	0	-1332	1332	400	1	0	0.0
2025-11-03	15:17:43[735]	0	0	0	0	0	0	0	0	0	0	156	156	-370	45	0	0	-1328	1328	400	1	0	0.0
2025-11-03	15:17:43[926]	0	0	0	0	0	0	0	0	0	0	157	161	-369	45.7206636225177	1	0	-1327	1327	400	1	0	0.0
2025-11-03	15:17:44[133]	0	0	0	0	0	0	0	0	0	0	157	161	-370	45.7206636225177	1	0	-1328	1328	400	1	0	0.0
2025-11-03	15:17:44[325]	0	0	0	0	0	0	0	0	0	0	155	158	-363	45.5491440105657	1	0	-1321	1321	400	1	0	0.0
2025-11-03	15:17:44[518]	0	0	0	0	0	0	0	0	0	0	156	156	-361	45	1	0	-1319	1319	400	1	0	0.0
2025-11-03	15:17:44[726]	0	0	0	0	0	0	0	0	0	0	150	163	-367	47.3783299733555	1	0	-1325	1325	400	1	0	0.0
2025-11-03	15:17:44[918]	0	0	0	0	0	0	0	0	0	0	162	164	-366	45.3515034398733	1	0	-1324	1324	400	1	0	0.0
2025-11-03	15:17:45[111]	0	0	0	0	0	0	0	0	0	0	157	158	-371	45.1818907524972	1	0	-1329	1329	400	1	0	0.0
2025-11-03	15:17:45[318]	0	0	0	0	0	0	0	0	0	0	163	168	-370	45.8654293372805	1	0	-1328	1328	400	1	0	0.0
2025-11-03	15:17:45[509]	0	0	0	0	0	0	0	0	0	0	171	166	-361	44.1499766189089	1	0	-1319	1319	400	1	0	0.0
2025-11-03	15:17:45[702]	0	0	0	0	0	0	0	0	0	0	162	177	-355	47.5335588883946	1	0	-1313	1313	400	1	0	0.0
2025-11-03	15:17:45[893]	0	0	0	0	0	0	0	0	0	0	150	177	-355	49.7201369310436	1	0	-1313	1313	400	1	0	0.0
2025-11-03	15:17:46[102]	0	0	0	0	0	0	0	0	0	0	163	166	-360	45.5224394369587	1	0	-1318	1318	400	1	0	0.0
2025-11-03	15:17:46[293]	0	0	0	0	0	0	0	0	0	0	168	180	-356	46.974934010882	1	0	-1314	1314	400	1	0	0.0
2025-11-03	15:17:46[484]	0	0	0	0	0	0	0	0	0	0	168	180	-357	46.974934010882	1	0	-1315	1315	400	1	0	0.0
2025-11-03	15:17:46[694]	0	0	0	0	0	0	0	0	0	0	166	187	-355	48.4045182994887	1	0	-1313	1313	400	1	0	0.0
2025-11-03	15:17:47[078]	0	0	0	0	0	0	0	0	0	0	170	186	-355	47.5733594631768	1	0	-1313	1313	400	1	0	0.0
2025-11-03	15:17:47[286]	0	0	0	0	0	0	0	0	0	0	168	190	-358	48.5165474963355	1	0	-1316	1316	400	1	0	0.0
2025-11-03	15:17:47[479]	0	0	0	0	0	0	0	0	0	0	149	182	-359	50.6934541073459	1	0	-1317	1317	400	1	0	0.0
2025-11-03	15:17:47[669]	0	0	0	0	0	0	0	0	0	0	68	216	-305	72.5252257437443	1	0	-1263	1263	400	1	0	0.0
2025-11-03	15:17:47[862]	0	0	0	0	0	0	0	0	0	0	506	259	-534	27.1059866026678	1	0	-1492	1492	400	1	0	0.0
2025-11-03	15:17:48[453]	0	0	0	0	0	0	0	0	0	0	60	186	-302	72.1213034041587	1	0	-1260	1260	400	1	0	0.0
2025-11-03	15:17:48[661]	0	0	0	0	0	0	0	0	0	0	157	177	-357	48.4267931572905	1	0	-1315	1315	400	1	0	0.0
2025-11-03	15:17:48[852]	0	0	0	0	0	0	0	0	0	0	168	180	-353	46.974934010882	1	0	-1311	1311	400	1	0	0.0
2025-11-03	15:17:49[046]	0	0	0	0	0	0	0	0	0	0	164	177	-356	47.1832393001825	1	0	-1314	1314	400	1	0	0.0
2025-11-03	15:17:49[237]	0	0	0	0	0	0	0	0	0	0	164	177	-355	47.1832393001825	1	0	-1313	1313	400	1	0	0.0
2025-11-03	15:17:49[445]	0	0	0	0	0	0	0	0	0	0	160	179	-356	48.2079116955506	1	0	-1314	1314	400	1	0	0.0
2025-11-03	15:17:49[635]	0	0	0	0	0	0	0	0	0	0	161	177	-356	47.7102031001746	1	0	-1314	1314	400	1	0	0.0
2025-11-03	15:17:49[830]	0	0	0	0	0	0	0	0	0	0	163	182	-354	48.1522354296653	2	0	-1312	1312	400	1	0	0.0
2025-11-03	15:17:50[037]	0	0	0	0	0	0	0	0	0	0	168	179	-360	46.8156846863605	2	0	-1318	1318	400	1	0	0.0
2025-11-03	15:17:50[228]	0	0	0	0	0	0	0	0	0	0	166	180	-353	47.3170623858713	2	0	-1311	1311	400	1	0	0.0
2025-11-03	15:17:50[423]	0	0	0	0	0	0	0	0	0	0	160	173	-357	47.2356368961463	2	0	-1315	1315	400	1	0	0.0
2025-11-03	15:17:50[628]	0	0	0	0	0	0	0	0	0	0	159	181	-354	48.7022128531994	2	0	-1312	1312	400	1	0	0.0
2025-11-03	15:17:51[768]	0	0	0	0	0	0	0	0	0	0	166	183	-354	47.7887076798442	2	0	-1312	1312	400	1	0	0.0
2025-11-03	15:17:51[774]	0	0	0	0	0	0	0	0	0	0	164	180	-357	47.6630007660671	2	0	-1315	1315	400	1	0	0.0
2025-11-03	15:17:51[783]	0	0	0	0	0	0	0	0	0	0	165	179	-347	47.3305188679789	2	0	-1305	1305	400	1	0	0.0
2025-11-03	15:17:51[790]	0	0	0	0	0	0	0	0	0	0	158	182	-351	49.0377106209771	2	0	-1309	1309	400	1	0	0.0
2025-11-03	15:17:51[798]	0	0	0	0	0	0	0	0	0	0	159	183	-355	49.014175695411	2	0	-1313	1313	400	1	0	0.0
2025-11-03	15:17:51[804]	0	0	0	0	0	0	0	0	0	0	164	181	-355	47.8209885935155	2	0	-1313	1313	400	1	0	0.0
2025-11-03	15:17:52[004]	0	0	0	0	0	0	0	0	0	0	161	188	-358	49.4238130569436	2	0	-1316	1316	400	1	0	0.0
2025-11-03	15:17:52[196]	0	0	0	0	0	0	0	0	0	0	163	189	-356	49.2244032170839	2	0	-1314	1314	400	1	0	0.0
2025-11-03	15:17:52[389]	0	0	0	0	0	0	0	0	0	0	160	181	-354	48.5240285838742	2	0	-1312	1312	400	1	0	0.0
2025-11-03	15:17:52[596]	0	0	0	0	0	0	0	0	0	0	162	187	-354	49.0972836052083	2	0	-1312	1312	400	1	0	0.0
2025-11-03	15:17:52[789]	0	0	0	0	0	0	0	0	0	0	164	183	-350	48.134103250472	2	0	-1308	1308	400	1	0	0.0
2025-11-03	15:17:52[979]	0	0	0	0	0	0	0	0	0	0	164	183	-360	48.134103250472	2	0	-1318	1318	400	1	0	0.0
2025-11-03	15:17:53[174]	0	0	0	0	0	0	0	0	0	0	165	185	-356	48.2704879231836	2	0	-1314	1314	400	1	0	0.0
2025-11-03	15:17:53[379]	0	0	0	0	0	0	0	0	0	0	159	181	-355	48.7022128531994	2	0	-1313	1313	400	1	0	0.0
2025-11-03	15:17:53[572]	0	0	0	0	0	0	0	0	0	0	159	179	-353	48.3863343287837	2	0	-1311	1311	400	1	0	0.0
2025-11-03	15:17:53[763]	0	0	0	0	0	0	0	0	0	0	159	184	-353	49.1687056913981	2	0	-1311	1311	400	1	0	0.0
2025-11-03	15:17:53[971]	0	0	0	0	0	0	0	0	0	0	158	185	-358	49.5008822944068	2	0	-1316	1316	400	1	0	0.0
2025-11-03	15:17:54[164]	0	0	0	0	0	0	0	0	0	0	167	181	-352	47.3037603246002	2	0	-1310	1310	400	1	0	0.0
2025-11-03	15:17:54[354]	0	0	0	0	0	0	0	0	0	0	163	180	-352	47.8374107041348	2	0	-1310	1310	400	1	0	0.0
2025-11-03	15:17:54[547]	0	0	0	0	0	0	0	0	0	0	159	177	-359	48.0664855011259	2	0	-1317	1317	400	1	0	0.0
2025-11-03	15:17:54[756]	0	0	0	0	0	0	0	0	0	0	81	149	-329	61.4704284396086	2	0	-1287	1287	400	1	0	0.0
2025-11-03	15:17:54[948]	0	0	0	0	0	0	0	0	0	0	183	416	-280	66.2551212953705	2	0	-1238	1238	400	1	0	0.0
2025-11-03	15:17:55[636]	0	0	0	0	0	0	0	0	0	0	165	185	-362	48.2704879231836	2	0	-1320	1320	400	1	0	0.0
2025-11-03	15:17:55[827]	0	0	0	0	0	0	0	0	0	0	170	180	-357	46.6365770416167	2	0	-1315	1315	400	1	0	0.0
2025-11-03	15:17:56[035]	0	0	0	0	0	0	0	0	0	0	169	181	-361	46.963657534052	2	0	-1319	1319	400	1	0	0.0
2025-11-03	15:17:56[228]	0	0	0	0	0	0	0	0	0	0	168	181	-362	47.1332404786146	2	0	-1320	1320	400	1	0	0.0
2025-11-03	15:17:56[420]	0	0	0	0	0	0	0	0	0	0	164	166	-354	45.3472428970858	2	0	-1312	1312	400	1	0	0.0
2025-11-03	15:17:56[627]	0	0	0	0	0	0	0	0	0	0	169	240	-288	54.848070142646	2	0	-1246	1246	400	1	0	0.0
2025-11-03	15:17:56[819]	0	0	0	0	0	0	0	0	0	0	108	177	-305	58.6097318958122	2	0	-1263	1263	400	1	0	0.0
2025-11-03	15:17:57[011]	0	0	0	0	0	0	0	0	0	0	179	168	-359	43.1843153136395	3	0	-1317	1317	400	1	0	0.0
2025-11-03	15:17:57[202]	0	0	0	0	0	0	0	0	0	0	183	172	-354	43.2252056818385	3	0	-1312	1312	400	1	0	0.0
2025-11-03	15:17:57[447]	0	0	0	0	0	0	0	0	0	0	172	168	-357	44.3259631020155	3	0	-1315	1315	400	1	0	0.0
2025-11-03	15:17:57[602]	0	0	0	0	0	0	0	0	0	0	178	166	-357	43.0021201435233	3	0	-1315	1315	400	1	0	0.0
2025-11-03	15:17:57[796]	0	0	0	0	0	0	0	0	0	0	171	168	-359	44.4929709390852	3	0	-1317	1317	400	1	0	0.0
2025-11-03	15:17:58[004]	0	0	0	0	0	0	0	0	0	0	168	175	-366	46.1691393279074	3	0	-1324	1324	400	1	0	0.0
2025-11-03	15:17:58[194]	0	0	0	0	0	0	0	0	0	0	152	172	-358	48.5322945838909	3	0	-1316	1316	400	1	0	0.0
2025-11-03	15:17:58[386]	0	0	0	0	0	0	0	0	0	0	152	216	-354	54.8658069430844	3	0	-1312	1312	400	1	0	0.0
2025-11-03	15:17:58[580]	0	0	0	0	0	0	0	0	0	0	160	204	-361	51.8924231224851	3	0	-1319	1319	400	1	0	0.0
2025-11-03	15:17:58[787]	0	0	0	0	0	0	0	0	0	0	155	163	-359	46.4410992921221	3	0	-1317	1317	400	1	0	0.0
2025-11-03	15:17:58[978]	0	0	0	0	0	0	0	0	0	0	166	176	-354	46.6748379905292	3	0	-1312	1312	400	1	0	0.0
2025-11-03	15:17:59[170]	0	0	0	0	0	0	0	0	0	0	159	177	-360	48.0664855011259	3	0	-1318	1318	400	1	0	0.0
2025-11-03	15:17:59[377]	0	0	0	0	0	0	0	0	0	0	159	170	-356	46.9149510140426	3	0	-1314	1314	400	1	0	0.0
2025-11-03	15:17:59[570]	0	0	0	0	0	0	0	0	0	0	158	167	-362	46.5862469601199	3	0	-1320	1320	400	1	0	0.0
2025-11-03	15:17:59[761]	0	0	0	0	0	0	0	0	0	0	162	170	-360	46.3803540734445	3	0	-1318	1318	400	1	0	0.0
2025-11-03	15:17:59[954]	0	0	0	0	0	0	0	0	0	0	165	172	-361	46.1899489321424	3	0	-1319	1319	400	1	0	0.0
2025-11-03	15:18:00[163]	0	0	0	0	0	0	0	0	0	0	165	170	-359	45.8550973962667	3	0	-1317	1317	400	1	0	0.0
2025-11-03	15:18:00[354]	0	0	0	0	0	0	0	0	0	0	163	169	-355	46.0353531865449	3	0	-1313	1313	400	1	0	0.0
2025-11-03	15:18:00[546]	0	0	0	0	0	0	0	0	0	0	163	170	-356	46.2042384288299	3	0	-1314	1314	400	1	0	0.0
2025-11-03	15:18:00[754]	0	0	0	0	0	0	0	0	0	0	165	176	-352	46.8476102659946	3	0	-1310	1310	400	1	0	0.0
2025-11-03	15:18:00[946]	0	0	0	0	0	0	0	0	0	0	166	175	-359	46.5118543428268	3	0	-1317	1317	400	1	0	0.0
2025-11-03	15:18:01[138]	0	0	0	0	0	0	0	0	0	0	174	175	-356	45.164170838717	3	0	-1314	1314	400	1	0	0.0
2025-11-03	15:18:01[346]	0	0	0	0	0	0	0	0	0	0	152	163	-363	46.9999922990342	3	0	-1321	1321	400	1	0	0.0
2025-11-03	15:18:01[538]	0	0	0	0	0	0	0	0	0	0	134	168	-355	51.4234704365566	3	0	-1313	1313	400	1	0	0.0
2025-11-03	15:18:01[729]	0	0	0	0	0	0	0	0	0	0	140	177	-343	51.6573969729458	3	0	-1301	1301	400	1	0	0.0
2025-11-03	15:18:01[923]	0	0	0	0	0	0	0	0	0	0	143	168	-340	49.5958876918648	3	0	-1298	1298	400	1	0	0.0
2025-11-03	15:18:02[130]	0	0	0	0	0	0	0	0	0	0	141	154	-351	47.5232662335029	3	0	-1309	1309	400	1	0	0.0
2025-11-03	15:18:02[320]	0	0	0	0	0	0	0	0	0	0	133	133	-348	45	3	0	-1306	1306	400	1	0	0.0
2025-11-03	15:18:02[512]	0	0	0	0	0	0	0	0	0	0	111	124	-363	48.1663265190035	3	0	-1321	1321	400	1	0	0.0
2025-11-03	15:18:03[885]	0	0	0	0	0	0	0	0	0	0	111	124	-363	48.1663265190035	3	0	-1321	1321	400	1	0	0.0
2025-11-03	15:18:04[098]	0	0	0	0	0	0	0	0	0	0	163	140	-374	40.6591399353088	3	0	-1332	1332	400	1	0	0.0
2025-11-03	15:18:04[291]	0	0	0	0	0	0	0	0	0	0	157	148	-372	43.3097953256786	3	0	-1330	1330	400	1	0	0.0
2025-11-03	15:18:04[480]	0	0	0	0	0	0	0	0	0	0	152	141	-370	42.8499736489614	3	0	-1328	1328	400	1	0	0.0
2025-11-03	15:18:04[688]	0	0	0	0	0	0	0	0	0	0	156	147	-362	43.2986453946739	3	0	-1320	1320	400	1	0	0.0
2025-11-03	15:18:04[881]	0	0	0	0	0	0	0	0	0	0	160	139	-370	40.9824789563407	3	0	-1328	1328	400	1	0	0.0
2025-11-03	15:18:05[072]	0	0	0	0	0	0	0	0	0	0	154	147	-370	43.6677801461304	3	0	-1328	-1488	400	1	0	0.0
2025-11-03	15:18:05[263]	0	0	0	0	0	0	0	0	0	0	152	151	-370	44.8109057046562	3	0	-1328	1328	400	1	0	0.0
2025-11-03	15:18:05[474]	0	0	0	0	0	0	0	0	0	0	151	151	-373	45	3	0	-1331	1331	400	1	0	0.0
2025-11-03	15:18:05[663]	0	0	0	0	0	0	0	0	0	0	154	148	-373	43.8618229925118	3	0	-1331	1331	400	1	0	0.0
2025-11-03	15:18:05[855]	0	0	0	0	0	0	0	0	0	0	144	154	-370	46.9219559589314	3	0	-1328	1328	400	1	0	0.0
2025-11-03	15:18:06[064]	0	0	0	0	0	0	0	0	0	0	151	149	-359	44.618033795271	3	0	-1317	1317	400	1	0	0.0
2025-11-03	15:18:06[256]	0	0	0	0	0	0	0	0	0	0	152	154	-369	45.3744768867228	3	0	-1327	1327	400	1	0	0.0
2025-11-03	15:18:06[447]	0	0	0	0	0	0	0	0	0	0	150	148	-368	44.6154703404155	3	0	-1326	1326	400	1	0	0.0
2025-11-03	15:18:06[641]	0	0	0	0	0	0	0	0	0	0	146	159	-366	47.4406379257615	3	0	-1324	1324	400	1	0	0.0
2025-11-03	15:18:06[849]	0	0	0	0	0	0	0	0	0	0	146	155	-364	46.7126525766888	3	0	-1322	1322	400	1	0	0.0
2025-11-03	15:18:07[040]	0	0	0	0	0	0	0	0	0	0	149	150	-370	45.1916239661743	3	0	-1328	1328	400	1	0	0.0
2025-11-03	15:18:07[231]	0	0	0	0	0	0	0	0	0	0	150	148	-365	44.6154703404155	3	0	-1323	1323	400	1	0	0.0
2025-11-03	15:18:07[439]	0	0	0	0	0	0	0	0	0	0	152	157	-375	45.9270352697722	3	0	-1333	1333	400	1	0	0.0
2025-11-03	15:18:07[631]	0	0	0	0	0	0	0	0	0	0	143	157	-366	47.6718645932726	3	0	-1324	1324	400	1	0	0.0
2025-11-03	15:18:07[822]	0	0	0	0	0	0	0	0	0	0	150	157	-375	46.3061920939188	3	0	-1333	1333	400	1	0	0.0
2025-11-03	15:18:08[033]	0	0	0	0	0	0	0	0	0	0	151	164	-376	47.3632466410388	3	0	-1334	1334	400	1	0	0.0
2025-11-03	15:18:08[222]	0	0	0	0	0	0	0	0	0	0	156	153	-370	44.4437477729193	3	0	-1328	1328	400	1	0	0.0
2025-11-03	15:18:08[415]	0	0	0	0	0	0	0	0	0	0	156	158	-373	45.3649363357306	3	0	-1331	1331	400	1	0	0.0
2025-11-03	15:18:08[606]	0	0	0	0	0	0	0	0	0	0	153	160	-364	46.2811616946421	3	0	-1322	1322	400	1	0	0.0
2025-11-03	15:18:08[816]	0	0	0	0	0	0	0	0	0	0	149	157	-370	46.4975877390175	3	0	-1328	1328	400	1	0	0.0
2025-11-03	15:18:09[007]	0	0	0	0	0	0	0	0	0	0	156	146	-369	43.1034816967907	3	0	-1327	1327	400	1	0	0.0
2025-11-03	15:18:09[198]	0	0	0	0	0	0	0	0	0	0	151	150	-373	44.8096492733702	3	0	-1331	1331	400	1	0	0.0
2025-11-03	15:18:09[408]	0	0	0	0	0	0	0	0	0	0	153	157	-372	45.7392593554078	3	0	-1330	1330	400	1	0	0.0
2025-11-03	15:18:09[598]	0	0	0	0	0	0	0	0	0	0	153	144	-368	43.2642954110716	3	0	-1326	1326	400	1	0	0.0
2025-11-03	15:18:09[793]	0	0	0	0	0	0	0	0	0	0	145	155	-378	46.9091524329964	3	0	-1336	1336	400	1	0	0.0
2025-11-03	15:18:09[983]	0	0	0	0	0	0	0	0	0	0	148	160	-371	47.2311746080313	3	0	-1329	1329	400	1	0	0.0
2025-11-03	15:18:10[191]	0	0	0	0	0	0	0	0	0	0	145	163	-368	48.3446503182659	3	0	-1326	1326	400	1	0	0.0
2025-11-03	15:18:10[382]	0	0	0	0	0	0	0	0	0	0	159	152	-366	43.7106020959397	3	0	-1324	1324	400	1	0	0.0
2025-11-03	15:18:10[575]	0	0	0	0	0	0	0	0	0	0	155	150	-369	44.0608090542644	3	0	-1327	1327	400	1	0	0.0
2025-11-03	15:18:10[784]	0	0	0	0	0	0	0	0	0	0	163	159	-380	44.2882877939643	3	0	-1338	1338	400	1	0	0.0
2025-11-03	15:18:10[974]	0	0	0	0	0	0	0	0	0	0	171	153	-384	41.8201698801358	3	0	-1342	1342	400	1	0	0.0
2025-11-03	15:18:11[166]	0	0	0	0	0	0	0	0	0	0	197	151	-390	37.4700732223124	3	0	-1348	1348	400	1	0	0.0
2025-11-03	15:18:11[375]	0	0	0	0	0	0	0	0	0	0	216	162	-384	36.869897645844	3	0	-1342	1342	400	1	0	0.0
2025-11-03	15:18:11[567]	0	0	0	0	0	0	0	0	0	0	229	152	-386	33.5744354336992	3	0	-1344	1344	400	1	0	0.0
2025-11-03	15:18:11[758]	0	0	0	0	0	0	0	0	0	0	234	153	-400	33.1785116593927	3	0	-1358	-11186	400	1	0	0.0
2025-11-03	15:18:11[950]	0	0	0	0	0	0	0	0	0	0	249	143	-396	29.8686300883487	3	0	-1354	1354	400	1	0	0.0
2025-11-03	15:18:12[161]	0	0	0	0	0	0	0	0	0	0	258	153	-401	30.6689266497149	3	0	-1359	1359	400	1	0	0.0
2025-11-03	15:18:12[350]	0	0	0	0	0	0	0	0	0	0	268	142	-396	27.9169130526372	3	0	-1354	1354	400	1	0	0.0
2025-11-03	15:18:13[722]	0	0	0	0	0	0	0	0	0	0	268	142	-396	27.9169130526372	3	0	-1354	1354	400	1	0	0.0
2025-11-03	15:18:13[919]	0	0	0	0	0	0	0	0	0	0	246	162	-391	33.3663660010596	3	0	-1349	1349	400	1	0	0.0
2025-11-03	15:18:14[666]	0	0	0	0	0	0	0	0	0	0	255	164	-396	32.7465809646885	3	0	-1354	1354	400	1	0	0.0
2025-11-03	15:18:14[671]	0	0	0	0	0	0	0	0	0	0	239	163	-390	34.2943150895277	3	0	-1348	1348	400	1	0	0.0
2025-11-03	15:18:14[693]	0	0	0	0	0	0	0	0	0	0	255	158	-383	31.7826798862901	3	0	-1341	1341	400	1	0	0.0
2025-11-03	15:18:14[717]	0	0	0	0	0	0	0	0	0	0	252	164	-387	33.0558228115537	3	0	-1345	1345	400	1	0	0.0
2025-11-03	15:18:14[913]	0	0	0	0	0	0	0	0	0	0	240	167	-384	34.8314832706321	3	0	-1342	1342	400	1	0	0.0
2025-11-03	15:18:15[102]	0	0	0	0	0	0	0	0	0	0	247	168	-388	34.2220464773913	3	0	-1346	1346	400	1	0	0.0
2025-11-03	15:18:15[293]	0	0	0	0	0	0	0	0	0	0	242	171	-391	35.2454696021493	3	0	-1349	1349	400	1	0	0.0
2025-11-03	15:18:15[503]	0	0	0	0	0	0	0	0	0	0	241	162	-380	33.9089615116803	3	0	-1338	1338	400	1	0	0.0
2025-11-03	15:18:16[874]	0	0	0	0	0	0	0	0	0	0	241	162	-380	33.9089615116803	3	0	-1338	1338	400	1	0	0.0
2025-11-03	15:18:17[068]	0	0	0	0	0	0	0	0	0	0	243	190	-375	38.0216031819546	3	0	-1333	1333	400	1	0	0.0
2025-11-03	15:18:17[472]	0	0	0	0	0	0	0	0	0	0	213	215	-355	45.2677353387022	3	0	-1313	1313	400	1	0	0.0
2025-11-03	15:18:17[661]	0	0	0	0	0	0	0	0	0	0	210	217	-353	45.9391909457356	3	0	-1311	1311	400	1	0	0.0
2025-11-03	15:18:17[854]	0	0	0	0	0	0	0	0	0	0	204	226	-354	47.9288581996931	3	0	-1312	1312	400	1	0	0.0
2025-11-03	15:18:18[048]	0	0	0	0	0	0	0	0	0	0	190	231	-349	50.562333394389	3	0	-1307	1307	400	1	0	0.0
2025-11-03	15:18:18[254]	0	0	0	0	0	0	0	0	0	0	197	238	-358	50.3843852097265	3	0	-1316	1316	400	1	0	0.0
2025-11-03	15:18:18[444]	0	0	0	0	0	0	0	0	0	0	207	246	-356	49.920616036364	3	0	-1314	1314	400	1	0	0.0
2025-11-03	15:18:18[636]	0	0	0	0	0	0	0	0	0	0	198	230	-357	49.2758411126289	3	0	-1315	1315	400	1	0	0.0
2025-11-03	15:18:18[844]	0	0	0	0	0	0	0	0	0	0	197	230	-363	49.4192267651184	3	0	-1321	1321	400	1	0	0.0
2025-11-03	15:18:19[035]	0	0	0	0	0	0	0	0	0	0	183	230	-358	51.4924118434387	3	0	-1316	1316	400	1	0	0.0
2025-11-03	15:18:19[228]	0	0	0	0	0	0	0	0	0	0	191	230	-353	50.292580040012	3	0	-1311	1311	400	1	0	0.0
2025-11-03	15:18:19[435]	0	0	0	0	0	0	0	0	0	0	189	243	-353	52.1250163489018	3	0	-1311	1311	400	1	0	0.0
2025-11-03	15:18:19[628]	0	0	0	0	0	0	0	0	0	0	185	244	-351	52.8307149835503	3	0	-1309	1309	400	1	0	0.0
2025-11-03	15:18:19[824]	0	0	0	0	0	0	0	0	0	0	187	248	-356	52.9825282322936	3	0	-1314	1314	400	1	0	0.0
2025-11-03	15:18:20[015]	0	0	0	0	0	0	0	0	0	0	184	248	-347	53.4269690214807	3	0	-1305	1305	400	1	0	0.0
2025-11-03	15:18:20[225]	0	0	0	0	0	0	0	0	0	0	177	248	-349	54.4841824814834	3	0	-1307	1307	400	1	0	0.0
2025-11-03	15:18:20[415]	0	0	0	0	0	0	0	0	0	0	180	241	-354	53.2443889968249	3	0	-1312	1312	400	1	0	0.0
2025-11-03	15:18:20[607]	0	0	0	0	0	0	0	0	0	0	172	243	-356	54.7084173657361	3	0	-1314	1314	400	1	0	0.0
2025-11-03	15:18:20[800]	0	0	0	0	0	0	0	0	0	0	177	239	-356	53.476878224461	3	0	-1314	1314	400	1	0	0.0
2025-11-03	15:18:21[006]	0	0	0	0	0	0	0	0	0	0	177	241	-358	53.7049571063989	3	0	-1316	1316	400	1	0	0.0
2025-11-03	15:18:21[200]	0	0	0	0	0	0	0	0	0	0	174	242	-351	54.2835528052613	3	0	-1309	1309	400	1	0	0.0
2025-11-03	15:18:21[391]	0	0	0	0	0	0	0	0	0	0	178	246	-357	54.111357044784	3	0	-1315	1315	400	1	0	0.0
2025-11-03	15:18:21[598]	0	0	0	0	0	0	0	0	0	0	179	245	-357	53.8476784205246	3	0	-1315	1315	400	1	0	0.0
2025-11-03	15:18:21[790]	0	0	0	0	0	0	0	0	0	0	182	235	-361	52.2433609597689	3	0	-1319	1319	400	1	0	0.0
2025-11-03	15:18:21[984]	0	0	0	0	0	0	0	0	0	0	179	240	-353	53.2831969250486	3	0	-1311	-12769	400	1	0	0.0
2025-11-03	15:18:22[174]	0	0	0	0	0	0	0	0	0	0	179	236	-360	52.8206075682238	3	0	-1318	1318	400	1	0	0.0
2025-11-03	15:18:22[383]	0	0	0	0	0	0	0	0	0	0	177	238	-356	53.3619113908088	3	0	-1314	1314	400	1	0	0.0
2025-11-03	15:18:22[574]	0	0	0	0	0	0	0	0	0	0	179	240	-350	53.2831969250486	3	0	-1308	1308	400	1	0	0.0
2025-11-03	15:18:22[768]	0	0	0	0	0	0	0	0	0	0	187	241	-356	52.1909114084204	3	0	-1314	1314	400	1	0	0.0
2025-11-03	15:18:22[974]	0	0	0	0	0	0	0	0	0	0	183	241	-357	52.7892854779617	3	0	-1315	1315	400	1	0	0.0
2025-11-03	15:18:23[167]	0	0	0	0	0	0	0	0	0	0	185	230	-358	51.1886159632416	3	0	-1316	1316	400	1	0	0.0
2025-11-03	15:18:23[358]	0	0	0	0	0	0	0	0	0	0	202	221	-365	47.5718406078499	3	0	-1323	1323	400	1	0	0.0
2025-11-03	15:18:23[552]	0	0	0	0	0	0	0	0	0	0	216	212	-370	44.4645410144355	3	0	-1328	1328	400	1	0	0.0
2025-11-03	15:18:23[758]	0	0	0	0	0	0	0	0	0	0	225	217	-368	43.9630855354699	3	0	-1326	1326	400	1	0	0.0
2025-11-03	15:18:23[949]	0	0	0	0	0	0	0	0	0	0	212	216	-368	45.5354589855645	3	0	-1326	1326	400	1	0	0.0
2025-11-03	15:18:24[143]	0	0	0	0	0	0	0	0	0	0	202	212	-364	46.3836869673685	3	0	-1322	1322	400	1	0	0.0
2025-11-03	15:18:24[351]	0	0	0	0	0	0	0	0	0	0	194	208	-366	46.9945693012418	3	0	-1324	1324	400	1	0	0.0
2025-11-03	15:18:24[542]	0	0	0	0	0	0	0	0	0	0	192	208	-373	47.2906100426385	3	0	-1331	1331	400	1	0	0.0
2025-11-03	15:18:24[734]	0	0	0	0	0	0	0	0	0	0	189	213	-360	48.4165881917713	3	0	-1318	1318	400	1	0	0.0
2025-11-03	15:18:24[926]	0	0	0	0	0	0	0	0	0	0	177	223	-354	51.5601964005713	3	0	-1312	1312	400	1	0	0.0
2025-11-03	15:18:25[134]	0	0	0	0	0	0	0	0	0	0	183	237	-353	52.3264066601695	3	0	-1311	1311	400	1	0	0.0
2025-11-03	15:18:25[327]	0	0	0	0	0	0	0	0	0	0	171	242	-341	54.7545303978507	3	0	-1299	1299	400	1	0	0.0
2025-11-03	15:18:25[521]	0	0	0	0	0	0	0	0	0	0	168	232	-352	54.0902769208223	3	0	-1310	1310	400	1	0	0.0
2025-11-03	15:18:25[715]	0	0	0	0	0	0	0	0	0	0	167	234	-347	54.4854907387131	3	0	-1305	1305	400	1	0	0.0
2025-11-03	15:18:25[922]	0	0	0	0	0	0	0	0	0	0	159	243	-346	56.8024342077835	3	0	-1304	1304	400	1	0	0.0
2025-11-03	15:18:26[113]	0	0	0	0	0	0	0	0	0	0	160	247	-342	57.0659120822114	3	0	-1300	1300	400	1	0	0.0
2025-11-03	15:18:26[305]	0	0	0	0	0	0	0	0	0	0	147	247	-344	59.2413587474478	3	0	-1302	1302	400	1	0	0.0
2025-11-03	15:18:26[513]	0	0	0	0	0	0	0	0	0	0	136	240	-350	60.4612177404419	3	0	-1308	1308	400	1	0	0.0
2025-11-03	15:18:26[706]	0	0	0	0	0	0	0	0	0	0	132	235	-347	60.6769852036673	3	0	-1305	1305	400	1	0	0.0
2025-11-03	15:18:26[897]	0	0	0	0	0	0	0	0	0	0	134	236	-346	60.4122365345814	3	0	-1304	1304	400	1	0	0.0
2025-11-03	15:18:27[098]	0	0	0	0	0	0	0	0	0	0	143	239	-348	59.1068047370731	3	0	-1306	1306	400	1	0	0.0
2025-11-03	15:18:27[289]	0	0	0	0	0	0	0	0	0	0	145	235	-347	58.3245312618908	3	0	-1305	1305	400	1	0	0.0
2025-11-03	15:18:27[489]	0	0	0	0	0	0	0	0	0	0	151	238	-348	57.6067611025666	3	0	-1306	1306	400	1	0	0.0
2025-11-03	15:18:27[681]	0	0	0	0	0	0	0	0	0	0	162	227	-350	54.4862053994365	3	0	-1308	1308	400	1	0	0.0
2025-11-03	15:18:27[889]	0	0	0	0	0	0	0	0	0	0	173	231	-352	53.1698083627083	3	0	-1310	1310	400	1	0	0.0
2025-11-03	15:18:28[081]	0	0	0	0	0	0	0	0	0	0	171	231	-351	53.4889438805047	3	0	-1309	1309	400	1	0	0.0
2025-11-03	15:18:28[273]	0	0	0	0	0	0	0	0	0	0	181	237	-353	52.6305542253828	3	0	-1311	1311	400	1	0	0.0
2025-11-03	15:18:28[481]	0	0	0	0	0	0	0	0	0	0	187	234	-353	51.3700644123966	3	0	-1311	1311	400	1	0	0.0
2025-11-03	15:18:28[674]	0	0	0	0	0	0	0	0	0	0	194	236	-357	50.5786362553934	3	0	-1315	1315	400	1	0	0.0
2025-11-03	15:18:28[866]	0	0	0	0	0	0	0	0	0	0	198	245	-350	51.056129722758	3	0	-1308	1308	400	1	0	0.0
2025-11-03	15:18:29[060]	0	0	0	0	0	0	0	0	0	0	205	249	-343	50.5356065713569	3	0	-1301	1301	400	1	0	0.0
2025-11-03	15:18:29[266]	0	0	0	0	0	0	0	0	0	0	217	242	-338	48.1176047291462	3	0	-1296	1296	400	1	0	0.0
2025-11-03	15:18:29[458]	0	0	0	0	0	0	0	0	0	0	229	267	-335	49.381037831808	3	0	-1293	1293	400	1	0	0.0
2025-11-03	15:18:29[648]	0	0	0	0	0	0	0	0	0	0	210	277	-345	52.8334064931367	3	0	-1303	1303	400	1	0	0.0
2025-11-03	15:18:29[857]	0	0	0	0	0	0	0	0	0	0	187	268	-354	55.0941604025504	3	0	-1312	1312	400	1	0	0.0
2025-11-03	15:18:30[043]	0	0	0	0	0	0	0	0	0	0	153	246	-358	58.1204031529773	3	0	-1316	1316	400	1	0	0.0
2025-11-03	15:18:30[253]	0	0	0	0	0	0	0	0	0	0	155	213	-367	53.9566356079119	3	0	-1325	1325	400	1	0	0.0
2025-11-03	15:18:30[634]	0	0	0	0	0	0	0	0	0	0	175	203	-361	49.2363947990588	3	0	-1319	1319	400	1	0	0.0
2025-11-03	15:18:30[826]	0	0	0	0	0	0	0	0	0	0	188	210	-354	48.1638836188807	3	0	-1312	1312	400	1	0	0.0
2025-11-03	15:18:31[034]	0	0	0	0	0	0	0	0	0	0	181	215	-356	49.9072998422882	3	0	-1314	1314	400	1	0	0.0
2025-11-03	15:18:31[226]	0	0	0	0	0	0	0	0	0	0	168	213	-362	51.7360112141194	3	0	-1320	1320	400	1	0	0.0
2025-11-03	15:18:31[417]	0	0	0	0	0	0	0	0	0	0	165	217	-363	52.7517791542967	3	0	-1321	1321	400	1	0	0.0
2025-11-03	15:18:31[627]	0	0	0	0	0	0	0	0	0	0	152	215	-365	54.7405776692712	3	0	-1323	1323	400	1	0	0.0
2025-11-03	15:18:31[818]	0	0	0	0	0	0	0	0	0	0	152	212	-368	54.3601908019133	3	0	-1326	1326	400	1	0	0.0
2025-11-03	15:18:32[011]	0	0	0	0	0	0	0	0	0	0	157	206	-358	52.6876726961165	3	0	-1316	1316	400	1	0	0.0
2025-11-03	15:18:32[218]	0	0	0	0	0	0	0	0	0	0	154	210	-361	53.7461622625552	3	0	-1319	1319	400	1	0	0.0
2025-11-03	15:18:32[409]	0	0	0	0	0	0	0	0	0	0	140	214	-361	56.8070634215986	3	0	-1319	1319	400	1	0	0.0
2025-11-03	15:18:32[602]	0	0	0	0	0	0	0	0	0	0	148	213	-360	55.207048354383	3	0	-1318	1318	400	1	0	0.0
2025-11-03	15:18:32[793]	0	0	0	0	0	0	0	0	0	0	140	211	-359	56.4354432908132	3	0	-1317	1317	400	1	0	0.0
2025-11-03	15:18:33[006]	0	0	0	0	0	0	0	0	0	0	142	212	-361	56.185376627813	3	0	-1319	1319	400	1	0	0.0
2025-11-03	15:18:33[193]	0	0	0	0	0	0	0	0	0	0	129	213	-358	58.7994853960194	3	0	-1316	1316	400	1	0	0.0
2025-11-03	15:18:33[386]	0	0	0	0	0	0	0	0	0	0	143	215	-368	56.371474641022	3	0	-1326	1326	400	1	0	0.0
2025-11-03	15:18:33[594]	0	0	0	0	0	0	0	0	0	0	147	218	-361	56.0077423461699	3	0	-1319	1319	400	1	0	0.0
2025-11-03	15:18:33[784]	0	0	0	0	0	0	0	0	0	0	160	224	-361	54.4623222080256	3	0	-1319	1319	400	1	0	0.0
2025-11-03	15:18:33[977]	0	0	0	0	0	0	0	0	0	0	194	216	-363	48.0714621170704	3	0	-1321	1321	400	1	0	0.0
2025-11-03	15:18:34[171]	0	0	0	0	0	0	0	0	0	0	213	213	-354	45	3	0	-1312	1312	400	1	0	0.0
2025-11-03	15:18:34[380]	0	0	0	0	0	0	0	0	0	0	213	209	-358	44.4569283062762	3	0	-1316	1316	400	1	0	0.0
2025-11-03	15:18:34[570]	0	0	0	0	0	0	0	0	0	0	208	218	-349	46.3447243887023	3	0	-1307	1307	400	1	0	0.0
2025-11-03	15:18:34[762]	0	0	0	0	0	0	0	0	0	0	225	209	-352	42.888669374424	3	0	-1310	1310	400	1	0	0.0
2025-11-03	15:18:34[963]	0	0	0	0	0	0	0	0	0	0	-11813	218	-348	178.942769634497	3	0	-1306	1306	400	1	0	0.0
2025-11-03	15:18:35[157]	0	0	0	0	0	0	0	0	0	0	223	222	-349	44.8712456560269	3	0	-1307	1307	400	1	0	0.0
2025-11-03	15:18:35[364]	0	0	0	0	0	0	0	0	0	0	213	224	-346	46.4419233716813	3	0	-1304	1304	400	1	0	0.0
2025-11-03	15:18:35[555]	0	0	0	0	0	0	0	0	0	0	212	226	-346	46.8307486480255	3	0	-1304	1304	400	1	0	0.0
2025-11-03	15:18:35[975]	0	0	0	0	0	0	0	0	0	0	210	230	-351	47.6025622024998	3	0	-1309	1309	400	1	0	0.0
2025-11-03	15:18:35[981]	0	0	0	0	0	0	0	0	0	0	209	220	-348	46.4688007143858	3	0	-1306	1306	400	1	0	0.0
2025-11-03	15:18:36[138]	0	0	0	0	0	0	0	0	0	0	206	227	-356	47.7766035239023	3	0	-1314	1314	400	1	0	0.0
2025-11-03	15:18:36[346]	0	0	0	0	0	0	0	0	0	0	201	215	-356	46.9274958866719	3	0	-1314	1314	400	1	0	0.0
2025-11-03	15:18:36[537]	0	0	0	0	0	0	0	0	0	0	207	221	-351	46.8734930135999	3	0	-1309	1309	400	1	0	0.0
2025-11-03	15:18:36[732]	0	0	0	0	0	0	0	0	0	0	206	217	-346	46.4896254455429	3	0	-1304	1304	400	1	0	0.0
2025-11-03	15:18:36[924]	0	0	0	0	0	0	0	0	0	0	193	217	-358	48.3500763975015	3	0	-1316	1316	400	1	0	0.0
2025-11-03	15:18:37[125]	0	0	0	0	0	0	0	0	0	0	199	212	-361	46.8116712526662	3	0	-1319	1319	400	1	0	0.0
2025-11-03	15:18:37[318]	0	0	0	0	0	0	0	0	0	0	190	219	-355	49.0557493042199	3	0	-1313	1313	400	1	0	0.0
2025-11-03	15:18:37[524]	0	0	0	0	0	0	0	0	0	0	200	222	-350	47.9842821435934	3	0	-1308	1308	400	1	0	0.0
2025-11-03	15:18:37[716]	0	0	0	0	0	0	0	0	0	0	201	216	-353	47.0601110237231	3	0	-1311	1311	400	1	0	0.0
2025-11-03	15:18:37[909]	0	0	0	0	0	0	0	0	0	0	200	220	-357	47.7263109939063	3	0	-1315	1315	400	1	0	0.0
2025-11-03	15:18:38[116]	0	0	0	0	0	0	0	0	0	0	199	220	-353	47.8692253402937	3	0	-1311	1311	400	1	0	0.0
2025-11-03	15:18:38[307]	0	0	0	0	0	0	0	0	0	0	198	220	-359	48.0127875041833	3	0	-1317	1317	400	1	0	0.0
2025-11-03	15:18:38[501]	0	0	0	0	0	0	0	0	0	0	193	224	-347	49.2515778513083	3	0	-1305	1305	400	1	0	0.0
2025-11-03	15:18:38[692]	0	0	0	0	0	0	0	0	0	0	189	225	-359	49.9697407281103	3	0	-1317	1317	400	1	0	0.0
2025-11-03	15:18:38[901]	0	0	0	0	0	0	0	0	0	0	185	230	-349	51.1886159632416	3	0	-1307	1307	400	1	0	0.0
2025-11-03	15:18:39[092]	0	0	0	0	0	0	0	0	0	0	183	221	-352	50.3733977395939	3	0	-1310	1310	400	1	0	0.0
2025-11-03	15:18:39[285]	0	0	0	0	0	0	0	0	0	0	164	220	-352	53.2971449698369	3	0	-1310	1310	400	1	0	0.0
2025-11-03	15:18:39[493]	0	0	0	0	0	0	0	0	0	0	87	201	-351	66.5953104489677	3	0	-1309	1309	400	1	0	0.0
2025-11-03	15:18:39[685]	0	0	0	0	0	0	0	0	0	0	9	189	-342	87.2736890060937	3	0	-1300	1300	400	1	0	0.0
2025-11-03	15:18:39[876]	0	0	0	0	0	0	0	0	0	0	23	176	-353	82.5546751528532	3	0	-1311	1311	400	1	0	0.0
2025-11-03	15:18:40[070]	0	0	0	0	0	0	0	0	0	0	-41	9	-358	167.619243071193	3	0	-1316	1316	400	1	0	0.0
2025-11-03	15:18:40[277]	0	0	0	0	0	0	0	0	0	0	-137	-300	-125	245.455400290078	3	0	-1083	1083	400	1	0	0.0
2025-11-03	15:18:40[469]	0	0	0	0	0	0	0	0	0	0	-89	-381	70	256.851716734922	3	0	-888	888	400	1	0	0.0
2025-11-03	15:18:40[660]	0	0	0	0	0	0	0	0	0	0	-66	-374	196	259.992020198559	3	0	-762	762	400	1	0	0.0
2025-11-03	15:18:40[867]	0	0	0	0	0	0	0	0	0	0	-9	-376	256	268.628820297116	3	0	-702	702	400	1	0	0.0
2025-11-03	15:18:41[062]	0	0	0	0	0	0	0	0	0	0	-34	-408	145	265.236358309274	3	0	-813	813	400	1	0	0.0
2025-11-03	15:18:41[252]	0	0	0	0	0	0	0	0	0	0	14	-425	132	271.886708145711	3	0	-826	826	400	1	0	0.0
2025-11-03	15:18:41[444]	0	0	0	0	0	0	0	0	0	0	-1	-428	120	269.866131599873	3	0	-838	838	400	1	0	0.0
2025-11-03	15:18:41[652]	0	0	0	0	0	0	0	0	0	0	-12	-423	106	268.375023642475	3	0	-852	852	400	1	0	0.0
2025-11-03	15:18:41[845]	0	0	0	0	0	0	0	0	0	0	-18	-422	83	267.557584689343	3	0	-875	875	400	1	0	0.0
2025-11-03	15:18:42[036]	0	0	0	0	0	0	0	0	0	0	-38	-408	97	264.678978767299	3	0	-861	861	400	1	0	0.0
2025-11-03	15:18:42[244]	0	0	0	0	0	0	0	0	0	0	-51	-402	121	262.769757360748	3	0	-837	837	400	1	0	0.0
2025-11-03	15:18:42[440]	0	0	0	0	0	0	0	0	0	0	-50	-364	217	262.178647895625	3	0	-741	741	400	1	0	0.0
2025-11-03	15:18:42[627]	0	0	0	0	0	0	0	0	0	0	-50	-319	308	261.091947573926	3	0	-650	650	400	1	0	0.0
2025-11-03	15:18:42[835]	0	0	0	0	0	0	0	0	0	0	-72	-273	326	255.225449724953	3	0	-632	632	400	1	0	0.0
2025-11-03	15:18:43[027]	0	0	0	0	0	0	0	0	0	0	-57	-252	355	257.254710526867	3	0	-603	603	400	1	0	0.0
2025-11-03	15:18:43[221]	0	0	0	0	0	0	0	0	0	0	-49	-246	373	258.734864842507	3	0	-585	585	400	1	0	0.0
2025-11-03	15:18:43[411]	0	0	0	0	0	0	0	0	0	0	-47	-224	401	258.15002047352	3	0	-557	557	400	1	0	0.0
2025-11-03	15:18:43[619]	0	0	0	0	0	0	0	0	0	0	-39	-260	375	261.469234390052	3	0	-583	583	400	1	0	0.0
2025-11-03	15:18:43[810]	0	0	0	0	0	0	0	0	0	0	-23	-272	381	265.16663424328	3	0	-577	577	400	1	0	0.0
2025-11-03	15:18:44[005]	0	0	0	0	0	0	0	0	0	0	-12	-257	397	267.326652366413	2	0	-561	561	400	1	0	0.0
2025-11-03	15:18:44[211]	0	0	0	0	0	0	0	0	0	0	-43	-246	389	260.085054321525	2	0	-569	569	400	1	0	0.0
2025-11-03	15:18:44[402]	0	0	0	0	0	0	0	0	0	0	-69	-262	340	255.245673350108	2	0	-618	618	400	1	0	0.0
2025-11-03	15:18:44[596]	0	0	0	0	0	0	0	0	0	0	-74	-290	314	255.685173089595	2	0	-644	644	400	1	0	0.0
2025-11-03	15:18:44[803]	0	0	0	0	0	0	0	0	0	0	-58	-309	303	259.369149769022	2	0	-655	655	400	1	0	0.0
2025-11-03	15:18:44[994]	0	0	0	0	0	0	0	0	0	0	-22	-335	324	266.242687361835	2	0	-634	634	400	1	0	0.0
2025-11-03	15:18:45[188]	0	0	0	0	0	0	0	0	0	0	-12	-347	318	268.01937906313	2	0	-640	640	400	1	0	0.0
2025-11-03	15:18:45[379]	0	0	0	0	0	0	0	0	0	0	-15	-341	317	267.48128150174	2	0	-641	641	400	1	0	0.0
2025-11-03	15:18:45[586]	0	0	0	0	0	0	0	0	0	0	-20	-340	327	266.63353933657	2	0	-631	631	400	1	0	0.0
2025-11-03	15:18:45[778]	0	0	0	0	0	0	0	0	0	0	-28	-327	321	265.105877255586	2	0	-637	637	400	1	0	0.0
2025-11-03	15:18:45[971]	0	0	0	0	0	0	0	0	0	0	-25	-340	318	265.794642998291	2	0	-640	640	400	1	0	0.0
2025-11-03	15:18:46[179]	0	0	0	0	0	0	0	0	0	0	-13	-339	329	267.80389280677	2	0	-629	629	400	1	0	0.0
2025-11-03	15:18:46[370]	0	0	0	0	0	0	0	0	0	0	-11	-349	315	268.194713478487	2	0	-643	643	400	1	0	0.0
2025-11-03	15:18:46[563]	0	0	0	0	0	0	0	0	0	0	-8	-360	290	268.726969979943	2	0	-668	668	400	1	0	0.0
2025-11-03	15:18:46[753]	0	0	0	0	0	0	0	0	0	0	-19	-359	290	266.97045934439	2	0	-668	668	400	1	0	0.0
2025-11-03	15:18:46[961]	0	0	0	0	0	0	0	0	0	0	-13	-351	315	267.878903603339	2	0	-643	643	400	1	0	0.0
2025-11-03	15:18:47[155]	0	0	0	0	0	0	0	0	0	0	-20	-327	345	266.500030860932	2	0	-613	613	400	1	0	0.0
2025-11-03	15:18:47[346]	0	0	0	0	0	0	0	0	0	0	-25	-325	340	265.601294645004	2	0	-618	618	400	1	0	0.0
2025-11-03	15:18:47[554]	0	0	0	0	0	0	0	0	0	0	-50	-379	432	262.484590156718	2	0	-526	526	400	1	0	0.0
2025-11-03	15:18:47[747]	0	0	0	0	0	0	0	0	0	0	83	-428	615	280.974873255411	2	0	-343	343	400	1	0	0.0
2025-11-03	15:18:57[567]	0	0	0	0	0	0	0	0	0	0	-103	-451	-224	257.135347488293	1	0	-1182	1182	400	1	0	0.0
2025-11-03	15:18:57[775]	0	0	0	0	0	0	0	0	0	0	11	-501	-155	271.257789078889	1	0	-1113	1113	400	1	0	0.0
2025-11-03	15:18:57[967]	0	0	0	0	0	0	0	0	0	0	6	-505	-180	270.680709905747	1	0	-1138	1138	400	1	0	0.0
2025-11-03	15:18:58[161]	0	0	0	0	0	0	0	0	0	0	-46	-469	-188	264.398288069191	1	0	-1146	1146	400	1	0	0.0
2025-11-03	15:18:58[368]	0	0	0	0	0	0	0	0	0	0	-69	-505	-103	262.219645562867	1	0	-1061	1061	400	1	0	0.0
2025-11-03	15:18:58[559]	0	0	0	0	0	0	0	0	0	0	-78	-413	-246	259.304977620921	1	0	-1204	1204	400	1	0	0.0
2025-11-03	15:18:58[752]	0	0	0	0	0	0	0	0	0	0	-124	-340	-298	249.962789830807	1	0	-1256	1256	400	1	0	0.0
2025-11-03	15:18:58[944]	0	0	0	0	0	0	0	0	0	0	-150	-284	-323	242.158373930042	1	0	-1281	1281	400	1	0	0.0
2025-11-03	15:18:59[151]	0	0	0	0	0	0	0	0	0	0	-166	-342	-327	244.108985720907	1	0	-1285	1285	400	1	0	0.0
2025-11-03	15:18:59[339]	0	0	0	0	0	0	0	0	0	0	-161	-426	-228	249.296703036993	1	0	-1186	1186	400	1	0	0.0
2025-11-03	15:18:59[546]	0	0	0	0	0	0	0	0	0	0	-77	-498	81	261.210615220362	1	0	-877	877	400	1	0	0.0
2025-11-03	15:18:59[739]	0	0	0	0	0	0	0	0	0	0	-10	-431	258	268.67087003339	1	0	-700	700	400	1	0	0.0
2025-11-03	15:18:59[930]	0	0	0	0	0	0	0	0	0	0	-53	-275	448	259.091291916459	1	0	-510	510	400	1	0	0.0
2025-11-03	15:19:00[122]	0	0	0	0	0	0	0	0	0	0	-149	-198	416	233.037615300486	1	0	-542	542	400	1	0	0.0
2025-11-03	15:19:00[331]	0	0	0	0	0	0	0	0	0	0	-221	-209	404	223.401462907324	1	0	-554	554	400	1	0	0.0
2025-11-03	15:19:00[523]	0	0	0	0	0	0	0	0	0	0	-227	-203	405	221.80541053489	1	0	-553	553	400	1	0	0.0
2025-11-03	15:19:00[714]	0	0	0	0	0	0	0	0	0	0	-217	-183	390	220.141537080966	1	0	-568	568	400	1	0	0.0
2025-11-03	15:19:00[923]	0	0	0	0	0	0	0	0	0	0	-273	-129	397	205.292021157021	1	0	-561	561	400	1	0	0.0
2025-11-03	15:19:01[114]	0	0	0	0	0	0	0	0	0	0	-293	-117	334	201.767686253334	1	0	-624	624	400	1	0	0.0
2025-11-03	15:19:01[307]	0	0	0	0	0	0	0	0	0	0	-287	-108	358	200.621651045316	1	0	-600	600	400	1	0	0.0
2025-11-03	15:19:01[500]	0	0	0	0	0	0	0	0	0	0	-263	-131	347	206.477843056427	1	0	-611	611	400	1	0	0.0
2025-11-03	15:19:01[706]	0	0	0	0	0	0	0	0	0	0	-241	-152	375	212.239851235046	1	0	-583	583	400	1	0	0.0
2025-11-03	15:19:01[898]	0	0	0	0	0	0	0	0	0	0	-232	-151	361	213.058576489617	1	0	-597	597	400	1	0	0.0
2025-11-03	15:19:02[089]	0	0	0	0	0	0	0	0	0	0	-254	-127	242	206.565051177078	1	0	-716	716	400	1	0	0.0
2025-11-03	15:19:02[301]	0	0	0	0	0	0	0	0	0	0	-250	-126	272	206.748104162921	1	0	-686	686	400	1	0	0.0
2025-11-03	15:19:02[492]	0	0	0	0	0	0	0	0	0	0	-234	-139	298	210.711035766091	1	0	-660	660	400	1	0	0.0
2025-11-03	15:19:02[682]	0	0	0	0	0	0	0	0	0	0	-255	-128	337	206.654856400578	1	0	-621	621	400	1	0	0.0
2025-11-03	15:19:02[892]	0	0	0	0	0	0	0	0	0	0	-248	-139	289	209.269927162814	1	0	-669	669	400	1	0	0.0
2025-11-03	15:19:03[084]	0	0	0	0	0	0	0	0	0	0	-243	-127	284	207.593086966902	1	0	-674	674	400	1	0	0.0
2025-11-03	15:19:03[274]	0	0	0	0	0	0	0	0	0	0	-233	-139	322	210.818887613197	1	0	-636	636	400	1	0	0.0
2025-11-03	15:19:03[352]	0	0	0	0	0	0	0	0	0	0	-233	-139	322	210.818887613197	1	0	-636	636	400	1	0	0.0
2025-11-03	15:19:03[466]	0	0	0	0	0	0	0	0	0	0	-214	-145	319	214.120392542336	1	0	-639	639	400	1	0	0.0
2025-11-03	15:19:38[065]	0	0	0	0	0	0	0	0	0	0	-173	-48	-538	195.507028176893	0	0	-1041	1041	63	1	0	0.0
2025-11-03	15:19:40[317]	0	0	0	0	0	0	0	0	0	0	-186	-70	-681	200.623531383325	0	0	-1184	1184	63	1	0	0.0
2025-11-03	15:19:45[821]	0	0	0	0	0	0	0	0	0	0	-356	-164	-682	204.734302529053	0	0	-1185	1185	63	1	0	0.0
2025-11-03	15:19:46[123]	0	0	0	0	0	0	0	0	0	0	-318	-79	-555	193.951423723059	0	0	-1058	1058	63	1	0	0.0
2025-11-03	15:19:53[497]	0	0	0	0	0	0	0	0	0	0	137	350	-1433	68.6232056118061	0	0	-1936	1936	63	1	0	0.0
2025-11-03	15:19:53[785]	0	0	0	0	0	0	0	0	0	0	-233	-77	-498	198.287279615062	0	0	-1001	1001	63	1	0	0.0
2025-11-03	15:19:55[466]	0	0	0	0	0	0	0	0	0	0	457	-19	-775	357.619270839854	0	0	-1278	1278	63	1	0	0.0
2025-11-03	15:19:55[753]	0	0	0	0	0	0	0	0	0	0	343	41	-729	6.81642447012738	0	0	-1232	1232	63	1	0	0.0
2025-11-03	15:19:56[041]	0	0	0	0	0	0	0	0	0	0	-280	-221	-391	218.28352789644	0	0	-894	894	63	1	0	0.0
2025-11-03	15:19:57[912]	0	0	0	0	0	0	0	0	0	0	-66	-157	-1000	247.198983687828	0	0	-1503	1503	63	1	0	0.0
2025-11-03	15:19:58[216]	0	0	0	0	0	0	0	0	0	0	-142	-108	-752	217.255289453577	0	0	-1255	1255	63	1	0	0.0
2025-11-03	15:20:06[070]	0	0	0	0	0	0	0	0	0	0	-193	-172	-651	221.707160599635	0	0	-1154	1154	63	1	0	0.0
2025-11-03	15:20:06[375]	0	0	0	0	0	0	0	0	0	0	-238	-138	-419	210.106527041158	0	0	-922	922	63	1	0	0.0
2025-11-03	15:20:08[038]	0	0	0	0	0	0	0	0	0	0	-311	-147	-357	205.298640737549	0	0	-860	860	63	1	0	0.0
2025-11-03	15:20:08[629]	0	0	0	0	0	0	0	0	0	0	-199	-197	-473	224.710629836559	0	0	-976	976	63	1	0	0.0
2025-11-03	15:20:10[005]	0	0	0	0	0	0	0	0	0	0	-264	-263	-393	224.89127948625	0	0	-896	896	63	1	0	0.0
2025-11-03	15:20:10[293]	0	0	0	0	0	0	0	0	0	0	-249	-119	-401	205.543678708501	0	0	-904	904	63	1	0	0.0
2025-11-03	15:20:13[349]	0	0	0	0	0	0	0	0	0	0	-177	416	-1203	113.04881972041	0	0	-1706	1706	67	1	0	0.0
2025-11-03	15:20:13[636]	0	0	0	0	0	0	0	0	0	0	-187	7	-1420	177.856239134777	0	0	-1923	1923	67	1	0	0.0
2025-11-03	15:20:13[940]	0	0	0	0	0	0	0	0	0	0	-218	-159	-487	216.105432981921	0	0	-990	990	67	1	0	0.0
2025-11-03	15:20:14[225]	0	0	0	0	0	0	0	0	0	0	-204	-185	-486	222.203713736155	0	0	-989	989	67	1	0	0.0
2025-11-03	15:20:14[721]	0	0	0	0	0	0	0	0	0	0	-208	-180	-488	220.872408297488	0	0	-991	991	67	1	0	0.0
2025-11-03	15:20:15[120]	0	0	0	0	0	0	0	0	0	0	-362	-347	-585	223.787999295943	0	0	-1088	1088	67	1	0	0.0
2025-11-03	15:20:15[407]	0	0	0	0	0	0	0	0	0	0	-318	-75	-403	193.270643876404	0	0	-906	906	67	1	0	0.0
2025-11-03	15:20:17[775]	0	0	0	0	0	0	0	0	0	0	-230	-206	-489	221.849283586732	0	0	-992	992	66	1	0	0.0
2025-11-03	15:20:29[660]	0	0	0	0	0	0	0	0	0	0	-160	-197	-557	230.917092141832	0	0	-1060	1060	65	1	0	0.0
2025-11-03	15:20:29[947]	0	0	0	0	0	0	0	0	0	0	-149	-257	-728	239.896277176709	0	0	-1231	1231	65	1	0	0.0
2025-11-03	15:20:30[251]	0	0	0	0	0	0	0	0	0	0	-17	-74	-639	257.061943682814	0	0	-1142	1142	65	1	0	0.0
2025-11-03	15:20:30[540]	0	0	0	0	0	0	0	0	0	0	28	-49	-553	299.744881296942	0	0	-1056	1056	65	1	0	0.0
2025-11-03	15:20:32[412]	0	0	0	0	0	0	0	0	0	0	291	43	-501	8.40556071029122	0	0	-1004	1004	65	1	0	0.0
2025-11-03	15:20:32[698]	0	0	0	0	0	0	0	0	0	0	295	40	-509	7.72182580013097	0	0	-1012	1012	65	1	0	0.0
2025-11-03	15:20:33[156]	0	0	0	0	0	0	0	0	0	0	300	47	-508	8.90396195737491	0	0	-1011	1011	65	1	0	0.0
2025-11-03	15:20:33[290]	0	0	0	0	0	0	0	0	0	0	293	45	-511	8.7314672694142	0	0	-1014	1014	65	1	0	0.0
2025-11-03	15:20:33[594]	0	0	0	0	0	0	0	0	0	0	295	43	-509	8.2931828801182	0	0	-1012	1012	65	1	0	0.0
2025-11-03	15:20:33[882]	0	0	0	0	0	0	0	0	0	0	296	44	-511	8.45502767717745	0	0	-1014	1014	65	1	0	0.0
2025-11-03	15:20:34[188]	0	0	0	0	0	0	0	0	0	0	306	22	-502	4.11222884471846	0	0	-1005	1005	65	1	0	0.0
2025-11-03	15:20:34[474]	0	0	0	0	0	0	0	0	0	0	292	28	-520	5.47736872882888	0	0	-1023	1023	65	1	0	0.0
2025-11-03	15:20:34[763]	0	0	0	0	0	0	0	0	0	0	299	30	-528	5.7295652492278	0	0	-1031	1031	65	1	0	0.0
2025-11-03	15:20:35[069]	0	0	0	0	0	0	0	0	0	0	294	34	-527	6.59673829789421	0	0	-1030	1030	65	1	0	0.0
2025-11-03	15:20:35[354]	0	0	0	0	0	0	0	0	0	0	292	44	-503	8.56914187983764	0	0	-1006	1006	65	1	0	0.0
2025-11-03	15:20:35[657]	0	0	0	0	0	0	0	0	0	0	294	-174	-511	329.381394591091	0	0	-1014	1014	65	1	0	0.0
2025-11-03	15:20:36[138]	0	0	0	0	0	0	0	0	0	0	301	42	-517	7.94347181059041	0	0	-1020	1020	65	1	0	0.0
2025-11-03	15:20:36[441]	0	0	0	0	0	0	0	0	0	0	295	36	-519	6.95762514877565	0	0	-1022	1022	65	1	0	0.0
2025-11-03	15:20:36[731]	0	0	0	0	0	0	0	0	0	0	292	43	-522	8.37718372410565	0	0	-1025	1025	65	1	0	0.0
2025-11-03	15:20:37[033]	0	0	0	0	0	0	0	0	0	0	296	49	-525	9.39953233780518	0	0	-1028	1028	65	1	0	0.0
2025-11-03	15:20:37[323]	0	0	0	0	0	0	0	0	0	0	290	37	-522	7.27086867580627	0	0	-1025	1025	65	1	0	0.0
2025-11-03	15:20:37[632]	0	0	0	0	0	0	0	0	0	0	294	40	-519	7.74777203610812	0	0	-1022	1022	65	1	0	0.0
2025-11-03	15:20:37[912]	0	0	0	0	0	0	0	0	0	0	296	40	-520	7.69605172201657	0	0	-1023	1023	65	1	0	0.0
2025-11-03	15:20:38[201]	0	0	0	0	0	0	0	0	0	0	293	42	-513	8.15747730645093	0	0	-1016	1016	65	1	0	0.0
2025-11-03	15:20:38[504]	0	0	0	0	0	0	0	0	0	0	333	74	-479	12.5288077091515	0	0	-982	982	65	1	0	0.0
2025-11-03	15:20:38[794]	0	0	0	0	0	0	0	0	0	0	370	-133	-678	340.228545764331	0	0	-1181	1181	65	1	0	0.0
2025-11-03	15:20:39[096]	0	0	0	0	0	0	0	0	0	0	288	66	-480	12.9074086712658	0	0	-983	983	65	1	0	0.0
2025-11-03	15:20:39[385]	0	0	0	0	0	0	0	0	0	0	292	41	-512	7.99270266667069	0	0	-1015	1015	65	1	0	0.0
2025-11-03	15:20:39[691]	0	0	0	0	0	0	0	0	0	0	283	50	-508	10.0195290412593	0	0	-1011	1011	65	1	0	0.0
2025-11-03	15:20:40[168]	0	0	0	0	0	0	0	0	0	0	383	10	-620	1.49563355223088	0	0	-1123	1123	65	1	0	0.0
2025-11-03	15:20:40[472]	0	0	0	0	0	0	0	0	0	0	286	54	-499	10.692212155284	0	0	-1002	1002	65	1	0	0.0
2025-11-03	15:20:40[760]	0	0	0	0	0	0	0	0	0	0	294	38	-514	7.36474624498265	0	0	-1017	1017	65	1	0	0.0
2025-11-03	15:20:41[066]	0	0	0	0	0	0	0	0	0	0	287	40	-501	7.93436350774796	0	0	-1004	1004	65	1	0	0.0
2025-11-03	15:20:41[352]	0	0	0	0	0	0	0	0	0	0	346	70	-475	11.4372562189076	0	0	-978	978	65	1	0	0.0
2025-11-03	15:20:41[640]	0	0	0	0	0	0	0	0	0	0	344	63	-488	10.3781146890755	0	0	-991	991	65	1	0	0.0
2025-11-03	15:20:41[944]	0	0	0	0	0	0	0	0	0	0	280	63	-465	12.6803834918198	0	0	-968	968	65	1	0	0.0
2025-11-03	15:20:42[232]	0	0	0	0	0	0	0	0	0	0	292	37	-513	7.22159574249205	0	0	-1016	1016	65	1	0	0.0
2025-11-03	15:20:42[536]	0	0	0	0	0	0	0	0	0	0	289	31	-518	6.12250366148736	0	0	-1021	1021	65	1	0	0.0
2025-11-03	15:20:42[824]	0	0	0	0	0	0	0	0	0	0	288	34	-511	6.7329213268596	0	0	-1014	1014	65	1	0	0.0
2025-11-03	15:20:43[111]	0	0	0	0	0	0	0	0	0	0	287	39	-513	7.7384380871439	0	0	-1016	1016	65	1	0	0.0
2025-11-03	15:20:43[416]	0	0	0	0	0	0	0	0	0	0	296	38	-511	7.31552530439626	0	0	-1014	1014	65	1	0	0.0
2025-11-03	15:20:43[703]	0	0	0	0	0	0	0	0	0	0	293	37	-518	7.19720754906148	0	0	-1021	1021	65	1	0	0.0
2025-11-03	15:20:44[008]	0	0	0	0	0	0	0	0	0	0	293	30	-511	5.84608966078357	0	0	-1014	1014	65	1	0	0.0
2025-11-03	15:20:44[295]	0	0	0	0	0	0	0	0	0	0	292	34	-511	6.64151913801154	0	0	-1014	1014	65	1	0	0.0
2025-11-03	15:20:44[601]	0	0	0	0	0	0	0	0	0	0	293	31	-515	6.03954198916355	0	0	-1018	1018	65	1	0	0.0
2025-11-03	15:20:44[888]	0	0	0	0	0	0	0	0	0	0	286	40	-517	7.96175089100809	0	0	-1020	1020	65	1	0	0.0
2025-11-03	15:20:45[176]	0	0	0	0	0	0	0	0	0	0	289	33	-516	6.5142102829997	0	0	-1019	1019	65	1	0	0.0
2025-11-03	15:20:45[479]	0	0	0	0	0	0	0	0	0	0	296	28	-512	5.40379136024971	0	0	-1015	1015	65	1	0	0.0
2025-11-03	15:20:45[767]	0	0	0	0	0	0	0	0	0	0	294	35	-515	6.78897457443879	0	0	-1018	1018	65	1	0	0.0
2025-11-03	15:20:46[070]	0	0	0	0	0	0	0	0	0	0	291	31	-512	6.08074093281698	0	0	-1015	1015	65	1	0	0.0
2025-11-03	15:20:46[359]	0	0	0	0	0	0	0	0	0	0	298	30	-518	5.74866341728777	0	0	-1021	1021	65	1	0	0.0
2025-11-03	15:20:46[663]	0	0	0	0	0	0	0	0	0	0	291	35	-508	6.85830072377198	0	0	-1011	1011	65	1	0	0.0
2025-11-03	15:20:46[950]	0	0	0	0	0	0	0	0	0	0	296	29	-517	5.59558001761559	0	0	-1020	1020	65	1	0	0.0
2025-11-03	15:20:47[240]	0	0	0	0	0	0	0	0	0	0	298	33	-512	6.31908832899569	0	0	-1015	1015	65	1	0	0.0
2025-11-03	15:20:47[543]	0	0	0	0	0	0	0	0	0	0	294	31	-516	6.01915039427115	0	0	-1019	1019	65	1	0	0.0
2025-11-03	15:20:47[832]	0	0	0	0	0	0	0	0	0	0	291	15	-520	2.95077910900635	0	0	-1023	1023	65	1	0	0.0
2025-11-03	15:20:48[134]	0	0	0	0	0	0	0	0	0	0	308	-4	-518	359.255940797111	0	0	-1021	1021	65	1	0	0.0
2025-11-03	15:20:48[423]	0	0	0	0	0	0	0	0	0	0	305	-14	-516	357.371874542424	0	0	-1019	1019	65	1	0	0.0
2025-11-03	15:20:52[855]	0	0	0	0	0	0	0	0	0	0	377	76	-405	11.3975853064757	0	0	-908	908	65	1	0	0.0
2025-11-03	15:20:54[613]	0	0	0	0	0	0	0	0	0	0	525	175	-919	18.434948822922	0	0	-1422	1422	65	1	0	0.0
2025-11-03	15:20:55[989]	0	0	0	0	0	0	0	0	0	0	444	171	-629	21.0634484521304	0	0	-1132	1132	65	1	0	0.0
2025-11-03	15:20:56[293]	0	0	0	0	0	0	0	0	0	0	192	203	-334	46.5951663958112	0	0	-837	837	65	1	0	0.0
2025-11-03	15:21:01[989]	0	0	0	0	0	0	0	0	0	0	173	163	-338	43.2952716809927	0	0	-841	841	65	1	0	0.0
2025-11-03	15:21:03[650]	0	0	0	0	0	0	0	0	0	0	190	151	133	38.4754595353017	0	0	-882	882	65	1	0	0.0
2025-11-03	15:21:05[426]	0	0	0	0	0	0	0	0	0	0	181	324	-301	60.8104414225135	0	0	-804	804	65	1	0	0.0
2025-11-03	15:21:07[299]	0	0	0	0	0	0	0	0	0	0	212	202	-406	43.6163130326315	0	0	-909	909	65	1	0	0.0
2025-11-03	15:21:08[082]	0	0	0	0	0	0	0	0	0	0	213	187	-392	41.281006026842	0	0	-895	895	69	1	0	0.0
2025-11-03	15:21:08[865]	0	0	0	0	0	0	0	0	0	0	215	211	-399	44.4620272698877	0	0	-902	902	69	1	0	0.0
2025-11-03	15:21:11[424]	0	0	0	0	0	0	0	0	0	0	215	192	-399	41.765595062433	0	0	-902	902	69	1	0	0.0
2025-11-03	15:21:13[490]	0	0	0	0	0	0	0	0	0	0	202	191	-400	43.3967199353195	0	0	-903	903	73	1	0	0.0
2025-11-03	15:21:15[647]	0	0	0	0	0	0	0	0	0	0	190	220	-399	49.1849161251184	0	0	-902	902	73	1	0	0.0
2025-11-03	15:21:16[528]	0	0	0	0	0	0	0	0	0	0	193	211	-395	47.5510950890009	0	0	-898	898	73	1	0	0.0
2025-11-03	15:21:20[655]	0	0	0	0	0	0	0	0	0	0	295	-10	-490	358.058513609086	0	0	-993	993	77	1	0	0.0
2025-11-03	15:21:22[624]	0	0	0	0	0	0	0	0	0	0	259	-41	-514	351.004654996321	0	0	-1017	1017	77	1	0	0.0
2025-11-03	15:21:24[686]	0	0	0	0	0	0	0	0	0	0	260	-39	-512	351.469234390052	0	0	-1015	1015	76	1	0	0.0
2025-11-03	15:21:27[439]	0	0	0	0	0	0	0	0	0	0	263	-45	-504	350.290562591901	0	0	-1007	1007	76	1	0	0.0
2025-11-03	15:21:28[221]	0	0	0	0	0	0	0	0	0	0	266	-42	-510	351.027373385104	0	0	-1013	1013	75	1	0	0.0
2025-11-03	15:21:29[693]	0	0	0	0	0	0	0	0	0	0	265	-39	-509	351.627889456707	0	0	-1012	1012	75	1	0	0.0
2025-11-03	15:21:30[283]	0	0	0	0	0	0	0	0	0	0	262	-43	-504	350.679586553224	0	0	-1007	1007	75	1	0	0.0
2025-11-03	15:21:32[252]	0	0	0	0	0	0	0	0	0	0	262	-49	-506	349.406754392181	0	0	-1009	1009	75	1	0	0.0
2025-11-03	15:21:32[843]	0	0	0	0	0	0	0	0	0	0	264	-47	-508	349.905377262531	0	0	-1011	1011	75	1	0	0.0
2025-11-03	15:21:33[324]	0	0	0	0	0	0	0	0	0	0	263	-41	-506	351.13927906217	0	0	-1009	1009	74	1	0	0.0
2025-11-03	15:21:33[819]	0	0	0	0	0	0	0	0	0	0	265	-41	-512	351.205103034557	0	0	-1015	1015	74	1	0	0.0
2025-11-03	15:21:34[397]	0	0	0	0	0	0	0	0	0	0	275	-45	-509	350.706691400603	0	0	-1012	1012	74	1	0	0.0
2025-11-03	15:21:34[795]	0	0	0	0	0	0	0	0	0	0	266	-41	-517	351.237652489425	0	0	-1020	1020	74	1	0	0.0
2025-11-03	15:21:35[387]	0	0	0	0	0	0	0	0	0	0	266	-46	-510	350.188743132004	0	0	-1013	1013	74	1	0	0.0
2025-11-03	15:21:35[788]	0	0	0	0	0	0	0	0	0	0	270	-40	-514	351.573030978519	0	0	-1017	1017	74	1	0	0.0
2025-11-03	15:21:36[364]	0	0	0	0	0	0	0	0	0	0	266	-46	-502	350.188743132004	0	0	-1005	1005	74	1	0	0.0
2025-11-03	15:21:37[146]	0	0	0	0	0	0	0	0	0	0	258	-48	-510	349.460816271372	0	0	-1013	1013	74	1	0	0.0
2025-11-03	15:21:38[042]	0	0	0	0	0	0	0	0	0	0	259	-48	-509	349.500601547167	0	0	-1012	1012	74	1	0	0.0
2025-11-03	15:21:38[634]	0	0	0	0	0	0	0	0	0	0	264	-43	-509	350.748970427922	0	0	-1012	1012	73	1	0	0.0
2025-11-03	15:21:38[920]	0	0	0	0	0	0	0	0	0	0	269	-44	-509	350.710463093015	0	0	-1012	1012	73	1	0	0.0
2025-11-03	15:21:39[209]	0	0	0	0	0	0	0	0	0	0	266	-40	-509	351.44816976618	0	0	-1012	1012	73	1	0	0.0
2025-11-03	15:21:39[611]	0	0	0	0	0	0	0	0	0	0	258	-44	-507	350.321739946866	0	0	-1010	1010	73	1	0	0.0
2025-11-03	15:21:40[202]	0	0	0	0	0	0	0	0	0	0	263	-41	-517	351.13927906217	0	0	-1020	1020	73	1	0	0.0
2025-11-03	15:21:40[586]	0	0	0	0	0	0	0	0	0	0	256	-41	-513	350.900994288948	0	0	-1016	1016	73	1	0	0.0
2025-11-03	15:21:41[673]	0	0	0	0	0	0	0	0	0	0	265	-43	-503	350.783279751609	0	0	-1006	1006	73	1	0	0.0
2025-11-03	15:21:42[075]	0	0	0	0	0	0	0	0	0	0	261	-43	-507	350.64450634347	0	0	-1010	1010	73	1	0	0.0
2025-11-03	15:21:42[459]	0	0	0	0	0	0	0	0	0	0	262	-41	-513	351.105999184914	0	0	-1016	1016	73	1	0	0.0
2025-11-03	15:21:42[953]	0	0	0	0	0	0	0	0	0	0	267	-42	-507	351.060434996848	0	0	-1010	1010	73	1	0	0.0
2025-11-03	15:21:43[545]	0	0	0	0	0	0	0	0	0	0	261	-41	-506	351.072470408072	0	0	-1009	1009	72	1	0	0.0
2025-11-03	15:21:44[232]	0	0	0	0	0	0	0	0	0	0	263	-47	-510	349.867788434195	0	0	-1013	1013	72	1	0	0.0
2025-11-03	15:21:44[616]	0	0	0	0	0	0	0	0	0	0	262	-45	-516	350.254213044705	0	0	-1019	1019	72	1	0	0.0
2025-11-03	15:21:59[830]	0	0	0	0	0	0	0	0	0	0	309	94	-573	16.9201343417779	0	0	-1193	1193	129	1	0	0.0
2025-11-03	15:22:02[291]	0	0	0	0	0	0	0	0	0	0	-26	-164	-445	260.991496257975	0	0	-1065	1065	129	1	0	0.0
2025-11-03	15:22:09[123]	0	0	0	0	0	0	0	0	0	0	298	84	-565	15.7420399508709	0	0	-1185	1185	129	1	0	0.0
2025-11-03	15:22:13[057]	0	0	0	0	0	0	0	0	0	0	48	-252	-669	280.784297867563	0	0	-1289	1289	129	1	0	0.0
2025-11-03	15:22:14[817]	0	0	0	0	0	0	0	0	0	0	502	-194	-623	338.870766887222	0	0	-1243	1243	133	1	0	0.0
2025-11-03	15:22:14[993]	0	0	0	0	0	0	0	0	0	0	547	67	-321	6.98316348216474	0	0	-941	941	133	1	0	0.0
2025-11-03	15:22:17[264]	0	0	0	0	0	0	0	0	0	0	331	3	-525	0.519282876589162	0	0	-1145	1145	133	1	0	0.0
2025-11-03	15:22:18[944]	0	0	0	0	0	0	0	0	0	0	348	208	-287	30.8668094511371	0	0	-907	907	132	1	0	0.0
2025-11-03	15:22:20[607]	0	0	0	0	0	0	0	0	0	0	322	-8	-565	358.576795153367	0	0	-1185	1185	132	1	0	0.0
2025-11-03	15:22:27[295]	0	0	0	0	0	0	0	0	0	0	370	-9	-574	358.606593646887	0	0	-1194	1194	136	1	0	0.0
2025-11-03	15:22:28[205]	0	0	0	0	0	0	0	0	0	0	297	19	-576	3.66039854787543	0	0	-1196	1196	136	1	0	0.0
2025-11-03	15:22:30[473]	0	0	0	0	0	0	0	0	0	0	363	-4	-586	359.368667100356	0	0	-1206	1206	135	1	0	0.0
2025-11-03	15:22:30[974]	0	0	0	0	0	0	0	0	0	0	302	47	-591	8.8459309320154	0	0	-1211	1211	135	1	0	0.0
2025-11-03	15:22:31[646]	0	0	0	0	0	0	0	0	0	0	468	-33	-513	355.96658892723	0	0	-1133	1133	135	1	0	0.0
2025-11-03	15:22:32[172]	0	0	0	0	0	0	0	0	0	0	303	56	-593	10.4711617622032	0	0	-1213	1213	135	1	0	0.0
2025-11-03	15:22:32[717]	0	0	0	0	0	0	0	0	0	0	376	-10	-565	358.476535208348	0	0	-1185	1185	135	1	0	0.0
2025-11-03	15:22:33[302]	0	0	0	0	0	0	0	0	0	0	304	47	-579	8.78864553171958	0	0	-1199	1199	135	1	0	0.0
2025-11-03	15:22:34[321]	0	0	0	0	0	0	0	0	0	0	302	26	-579	4.92061603636399	0	0	-1199	1199	139	1	0	0.0
2025-11-03	15:22:35[316]	0	0	0	0	0	0	0	0	0	0	300	25	-577	4.76364169072618	0	0	-1197	1197	139	1	0	0.0
2025-11-03	15:22:36[434]	0	0	0	0	0	0	0	0	0	0	299	12	-579	2.29826274454482	0	0	-1199	1199	139	1	0	0.0
2025-11-03	15:22:43[808]	0	0	0	0	0	0	0	0	0	0	298	44	-588	8.39909464785246	0	0	-1208	1208	143	1	0	0.0
2025-11-03	15:22:45[072]	0	0	0	0	0	0	0	0	0	0	302	-44	-470	351.710595610974	0	0	-1090	1090	142	1	0	0.0
2025-11-03	15:22:46[191]	0	0	0	0	0	0	0	0	0	0	295	25	-579	4.84400037508068	0	0	-1199	1199	142	1	0	0.0
2025-11-03	15:23:30[820]	0	0	0	0	0	0	0	0	0	0	353	26	-455	4.21247920845649	0	0	-1098	1098	30	1	0	0.0
2025-11-03	15:23:31[010]	0	0	0	0	0	0	0	0	0	0	314	-4	-578	359.270156935976	0	0	-1221	1221	30	1	0	0.0
2025-11-03	15:23:32[371]	0	0	0	0	0	0	0	0	0	0	298	17	-571	3.26501240910304	0	0	-1214	1214	30	1	0	0.0
2025-11-03	15:23:33[520]	0	0	0	0	0	0	0	0	0	0	367	2	-551	0.312235489549357	0	0	-1194	1194	30	1	0	0.0
2025-11-03	15:23:34[512]	0	0	0	0	0	0	0	0	0	0	299	7	-568	1.34112777971719	0	0	-1211	1211	30	1	0	0.0
2025-11-03	15:23:35[409]	0	0	0	0	0	0	0	0	0	0	337	-6	-557	358.980004866924	0	0	-1200	1200	30	1	0	0.0
2025-11-03	15:23:36[305]	0	0	0	0	0	0	0	0	0	0	306	12	-560	2.24574256589507	0	0	-1203	1203	30	1	0	0.0
2025-11-03	15:23:37[200]	0	0	0	0	0	0	0	0	0	0	346	-11	-558	358.179071197809	0	0	-1201	1201	30	1	0	0.0
2025-11-03	15:23:38[047]	0	0	0	0	0	0	0	0	0	0	301	9	-571	1.71265257668878	0	0	-1214	1214	30	1	0	0.0
2025-11-03	15:23:38[831]	0	0	0	0	0	0	0	0	0	0	332	-7	-558	358.792135419947	0	0	-1201	1201	34	1	0	0.0
2025-11-03	15:23:39[696]	0	0	0	0	0	0	0	0	0	0	296	3	-565	0.580680585892706	0	0	-1208	1208	34	1	0	0.0
2025-11-03	15:23:40[545]	0	0	0	0	0	0	0	0	0	0	335	-7	-551	358.802948956111	0	0	-1194	1194	34	1	0	0.0
2025-11-03	15:23:41[294]	0	0	0	0	0	0	0	0	0	0	303	5	-560	0.94538910446444	0	0	-1203	1203	34	1	0	0.0
2025-11-03	15:23:42[142]	0	0	0	0	0	0	0	0	0	0	328	-3	-546	359.47596784857	0	0	-1189	1189	34	1	0	0.0
2025-11-03	15:23:43[007]	0	0	0	0	0	0	0	0	0	0	293	7	-568	1.36858080695313	0	0	-1211	1211	34	1	0	0.0
2025-11-03	15:23:43[823]	0	0	0	0	0	0	0	0	0	0	335	-2	-549	359.657939708641	0	0	-1192	1192	38	1	0	0.0
2025-11-03	15:23:49[885]	0	0	0	0	0	0	0	0	0	0	295	10	-496	1.94148639091438	0	0	-1139	1139	37	1	0	0.0
2025-11-03	15:23:50[062]	0	0	0	0	0	0	0	0	0	0	382	10	-431	1.49954703797763	0	0	-1074	1074	37	1	0	0.0
2025-11-03	15:23:50[253]	0	0	0	0	0	0	0	0	0	0	507	71	-341	7.97182712274185	0	0	-984	984	37	1	0	0.0
2025-11-03	15:23:50[734]	0	0	0	0	0	0	0	0	0	0	449	196	-323	23.5825018111727	0	0	-966	966	37	1	0	0.0
2025-11-03	15:23:50[909]	0	0	0	0	0	0	0	0	0	0	416	192	-337	24.7751405688319	0	0	-980	980	37	1	0	0.0
2025-11-03	15:23:51[086]	0	0	0	0	0	0	0	0	0	0	386	212	-351	28.7765941174009	0	0	-994	994	37	1	0	0.0
2025-11-03	15:23:51[276]	0	0	0	0	0	0	0	0	0	0	449	222	-277	26.3092681463387	0	0	-920	920	37	1	0	0.0
2025-11-03	15:23:51[452]	0	0	0	0	0	0	0	0	0	0	470	250	-249	28.0091767080138	0	0	-892	892	37	1	0	0.0
2025-11-03	15:23:51[629]	0	0	0	0	0	0	0	0	0	0	444	265	-247	30.8307317440305	0	0	-890	890	37	1	0	0.0
2025-11-03	15:23:51[804]	0	0	0	0	0	0	0	0	0	0	438	268	-258	31.4613025647941	0	0	-901	901	37	1	0	0.0
2025-11-03	15:23:51[996]	0	0	0	0	0	0	0	0	0	0	435	254	-262	30.2809995139164	0	0	-905	905	37	1	0	0.0
2025-11-03	15:23:52[172]	0	0	0	0	0	0	0	0	0	0	471	224	-276	25.4350065366844	0	0	-919	919	37	1	0	0.0
2025-11-03	15:23:52[348]	0	0	0	0	0	0	0	0	0	0	508	132	-284	14.5657642465566	0	0	-927	927	37	1	0	0.0
2025-11-03	15:23:52[539]	0	0	0	0	0	0	0	0	0	0	551	-8	-278	359.16817780063	0	0	-921	921	37	1	0	0.0
2025-11-03	15:23:53[019]	0	0	0	0	0	0	0	0	0	0	497	-196	-278	338.477399892093	0	0	-921	921	37	1	0	0.0
2025-11-03	15:23:53[197]	0	0	0	0	0	0	0	0	0	0	522	-184	-221	340.582934013854	0	0	-864	864	37	1	0	0.0
2025-11-03	15:23:53[389]	0	0	0	0	0	0	0	0	0	0	560	-129	-187	347.027802319831	0	0	-830	830	37	1	0	0.0
2025-11-03	15:23:53[566]	0	0	0	0	0	0	0	0	0	0	572	-79	-152	352.136518256426	0	0	-795	795	36	1	0	0.0
2025-11-03	15:23:53[740]	0	0	0	0	0	0	0	0	0	0	587	25	-100	2.43872125160365	0	0	-743	743	36	1	0	0.0
2025-11-03	15:23:53[915]	0	0	0	0	0	0	0	0	0	0	527	104	-168	11.1635032723409	0	0	-811	811	36	1	0	0.0
2025-11-03	15:23:54[108]	0	0	0	0	0	0	0	0	0	0	473	128	-214	15.1423116938802	0	0	-857	857	36	1	0	0.0
2025-11-03	15:23:54[283]	0	0	0	0	0	0	0	0	0	0	440	98	-250	12.5563802669427	0	0	-893	893	36	1	0	0.0
2025-11-03	15:23:54[459]	0	0	0	0	0	0	0	0	0	0	405	99	-283	13.7362683056226	0	0	-926	926	36	1	0	0.0
2025-11-03	15:23:54[636]	0	0	0	0	0	0	0	0	0	0	378	114	-278	16.7826441452707	0	0	-921	921	36	1	0	0.0
2025-11-03	15:23:54[827]	0	0	0	0	0	0	0	0	0	0	340	135	-283	21.6559890384225	0	0	-926	926	36	1	0	0.0
2025-11-03	15:23:55[004]	0	0	0	0	0	0	0	0	0	0	274	124	-304	24.3493553404888	0	0	-947	947	36	1	0	0.0
2025-11-03	15:23:55[179]	0	0	0	0	0	0	0	0	0	0	242	151	-298	31.9627999535584	0	0	-941	941	36	1	0	0.0
2025-11-03	15:23:55[355]	0	0	0	0	0	0	0	0	0	0	216	172	-283	38.5301800148268	0	0	-926	926	36	1	0	0.0
2025-11-03	15:23:55[548]	0	0	0	0	0	0	0	0	0	0	150	172	-284	48.9085442944595	0	0	-927	927	36	1	0	0.0
2025-11-03	15:23:55[724]	0	0	0	0	0	0	0	0	0	0	144	178	-276	51.0275302955213	0	0	-919	919	36	1	0	0.0
2025-11-03	15:23:55[899]	0	0	0	0	0	0	0	0	0	0	137	216	-245	57.6147083637006	0	0	-888	888	36	1	0	0.0
2025-11-03	15:23:56[077]	0	0	0	0	0	0	0	0	0	0	157	234	-219	56.1407525143812	0	0	-862	862	36	1	0	0.0
2025-11-03	15:23:56[268]	0	0	0	0	0	0	0	0	0	0	188	187	-239	44.8472116167962	0	0	-882	882	36	1	0	0.0
2025-11-03	15:23:56[444]	0	0	0	0	0	0	0	0	0	0	202	160	-252	38.382012712013	0	0	-895	895	2	1	0	0.0
2025-11-03	15:23:56[619]	0	0	0	0	0	0	0	0	0	0	226	96	-265	23.01475441879	0	0	-908	908	36	1	0	0.0
2025-11-03	15:23:56[796]	0	0	0	0	0	0	0	0	0	0	240	-20	-288	355.236358309274	0	0	-931	931	36	1	0	0.0
2025-11-03	15:23:56[987]	0	0	0	0	0	0	0	0	0	0	271	-93	-263	341.059141327374	0	0	-906	906	36	1	0	0.0
2025-11-03	15:23:57[164]	0	0	0	0	0	0	0	0	0	0	309	-104	-247	341.398332599558	0	0	-890	890	36	1	0	0.0
2025-11-03	15:23:57[339]	0	0	0	0	0	0	0	0	0	0	392	-93	-183	346.653618190826	0	0	-826	826	36	1	0	0.0
2025-11-03	15:23:57[530]	0	0	0	0	0	0	0	0	0	0	410	-203	-94	333.658978099655	0	0	-737	737	36	1	0	0.0
2025-11-03	15:23:57[707]	0	0	0	0	0	0	0	0	0	0	353	-320	78	317.807202906153	0	0	-565	565	36	1	0	0.0
2025-11-03	15:23:57[882]	0	0	0	0	0	0	0	0	0	0	372	-318	117	319.474896506246	0	0	-526	526	36	1	0	0.0
2025-11-03	15:23:58[060]	0	0	0	0	0	0	0	0	0	0	421	-273	142	327.03836361145	0	0	-501	501	36	1	0	0.0
2025-11-03	15:23:58[251]	0	0	0	0	0	0	0	0	0	0	474	-215	99	335.601597586765	0	0	-544	544	36	1	0	0.0
2025-11-03	15:23:59[115]	0	0	0	0	0	0	0	0	0	0	495	-176	127	340.42687416959	0	0	-516	516	36	1	0	0.0
2025-11-03	15:23:59[121]	0	0	0	0	0	0	0	0	0	0	500	-108	156	347.811366798068	0	0	-487	487	35	1	0	0.0
2025-11-03	15:23:59[126]	0	0	0	0	0	0	0	0	0	0	502	-9	225	358.972894865248	0	0	-418	418	35	1	0	0.0
2025-11-03	15:23:59[142]	0	0	0	0	0	0	0	0	0	0	471	58	295	7.02018885044922	0	0	-348	348	35	1	0	0.0
2025-11-03	15:23:59[147]	0	0	0	0	0	0	0	0	0	0	357	131	382	20.1504493697383	0	0	-261	261	35	1	0	0.0
2025-11-03	15:23:59[323]	0	0	0	0	0	0	0	0	0	0	374	194	361	27.4165181222335	0	0	-282	282	35	1	0	0.0
2025-11-03	15:23:59[499]	0	0	0	0	0	0	0	0	0	0	363	152	396	22.720658826788	0	0	-247	247	35	1	0	0.0
2025-11-03	15:23:59[692]	0	0	0	0	0	0	0	0	0	0	349	228	377	33.1563897379001	0	0	-266	266	35	1	0	0.0
2025-11-03	15:23:59[867]	0	0	0	0	0	0	0	0	0	0	396	284	317	35.6470207499068	0	0	-326	326	35	1	0	0.0
2025-11-03	15:24:00[042]	0	0	0	0	0	0	0	0	0	0	387	326	289	40.1100245450235	0	0	-354	354	35	1	0	0.0
2025-11-03	15:24:00[233]	0	0	0	0	0	0	0	0	0	0	381	325	309	40.4647877396234	0	0	-334	334	35	1	0	0.0
2025-11-03	15:24:00[411]	0	0	0	0	0	0	0	0	0	0	364	234	426	32.7352262721076	0	0	-217	217	35	1	0	0.0
2025-11-03	15:24:00[586]	0	0	0	0	0	0	0	0	0	0	319	149	492	25.0365557214988	0	0	-151	151	35	1	0	0.0
2025-11-03	15:24:00[762]	0	0	0	0	0	0	0	0	0	0	352	116	494	18.2394008466512	0	0	-149	149	35	1	0	0.0
2025-11-03	15:24:01[003]	0	0	0	0	0	0	0	0	0	0	337	58	501	9.76532590953292	0	0	-142	142	35	1	0	0.0
2025-11-03	15:24:01[178]	0	0	0	0	0	0	0	0	0	0	325	53	518	9.2620881472162	0	0	-125	125	35	1	0	0.0
2025-11-03	15:24:01[354]	0	0	0	0	0	0	0	0	0	0	315	80	530	14.2500326978036	0	0	-113	113	35	1	0	0.0
2025-11-03	15:24:03[067]	0	0	0	0	0	0	0	0	0	0	274	110	629	21.8734796112512	0	0	-14	14	35	1	0	0.0
2025-11-03	15:24:03[241]	0	0	0	0	0	0	0	0	0	0	146	123	699	40.1129901650785	0	0	56	56	35	1	0	0.0
2025-11-03	15:24:03[417]	0	0	0	0	0	0	0	0	0	0	-35	169	760	101.700579462816	0	0	117	117	35	1	0	0.0
2025-11-03	15:24:03[594]	0	0	0	0	0	0	0	0	0	0	-156	199	786	128.093592917938	0	0	143	143	35	1	0	0.0
2025-11-03	15:24:03[785]	0	0	0	0	0	0	0	0	0	0	-138	209	814	123.436267283394	0	0	171	171	34	1	0	0.0
2025-11-03	15:24:03[961]	0	0	0	0	0	0	0	0	0	0	-28	212	785	97.5238204386386	0	0	142	142	34	1	0	0.0
2025-11-03	15:24:04[137]	0	0	0	0	0	0	0	0	0	0	82	161	690	63.0094929336651	0	0	47	47	34	1	0	0.0
2025-11-03	15:24:04[329]	0	0	0	0	0	0	0	0	0	0	151	92	616	31.352761666856	0	0	-27	27	34	1	0	0.0
2025-11-03	15:24:04[854]	0	0	0	0	0	0	0	0	0	0	183	184	521	45.1561189038583	0	0	-122	122	34	1	0	0.0
2025-11-03	15:24:04[953]	0	0	0	0	0	0	0	0	0	0	243	273	471	48.3274042417266	0	0	-172	172	34	1	0	0.0
2025-11-03	15:24:05[129]	0	0	0	0	0	0	0	0	0	0	268	277	451	45.946082841957	0	0	-192	192	34	1	0	0.0
2025-11-03	15:24:05[321]	0	0	0	0	0	0	0	0	0	0	321	304	405	43.4419389600934	0	0	-238	238	34	1	0	0.0
2025-11-03	15:24:05[498]	0	0	0	0	0	0	0	0	0	0	316	293	412	42.8371479108549	0	0	-231	231	34	1	0	0.0
2025-11-03	15:24:05[673]	0	0	0	0	0	0	0	0	0	0	313	308	405	44.5386912926392	0	0	-238	238	34	1	0	0.0
2025-11-03	15:24:05[848]	0	0	0	0	0	0	0	0	0	0	321	324	396	45.2664900760584	0	0	-247	247	34	1	0	0.0
2025-11-03	15:24:06[040]	0	0	0	0	0	0	0	0	0	0	313	333	389	46.7732967155608	0	0	-254	254	34	1	0	0.0
2025-11-03	15:24:06[216]	0	0	0	0	0	0	0	0	0	0	319	349	375	47.571435882317	0	0	-268	268	34	1	0	0.0
2025-11-03	15:24:06[392]	0	0	0	0	0	0	0	0	0	0	318	357	366	48.3067464802425	0	0	-277	277	34	1	0	0.0
2025-11-03	15:24:06[570]	0	0	0	0	0	0	0	0	0	0	326	363	357	48.0738890131034	0	0	-286	286	34	1	0	0.0
2025-11-03	15:24:06[761]	0	0	0	0	0	0	0	0	0	0	340	356	346	46.3169124057933	0	0	-297	297	34	1	0	0.0
2025-11-03	15:24:06[937]	0	0	0	0	0	0	0	0	0	0	337	352	357	46.2471711916002	0	0	-286	286	34	1	0	0.0
2025-11-03	15:24:07[112]	0	0	0	0	0	0	0	0	0	0	319	353	383	47.8964237938899	0	0	-260	260	34	1	0	0.0
2025-11-03	15:24:07[290]	0	0	0	0	0	0	0	0	0	0	301	251	472	39.8242890855598	0	0	-171	171	34	1	0	0.0
2025-11-03	15:24:07[480]	0	0	0	0	0	0	0	0	0	0	293	206	491	35.1099665131108	0	0	-152	152	34	1	0	0.0
2025-11-03	15:24:07[657]	0	0	0	0	0	0	0	0	0	0	289	153	513	27.8972710309476	0	0	-130	130	34	1	0	0.0
2025-11-03	15:24:07[831]	0	0	0	0	0	0	0	0	0	0	247	144	543	30.2420122445206	0	0	-100	100	34	1	0	0.0
2025-11-03	15:24:08[105]	0	0	0	0	0	0	0	0	0	0	210	172	539	39.3191091820341	0	0	-104	104	34	1	0	0.0
2025-11-03	15:24:08[280]	0	0	0	0	0	0	0	0	0	0	225	175	534	37.8749836510982	0	0	-109	109	34	1	0	0.0
2025-11-03	15:24:08[458]	0	0	0	0	0	0	0	0	0	0	207	156	530	37.0025265281962	0	0	-113	113	34	1	0	0.0
2025-11-03	15:24:08[631]	0	0	0	0	0	0	0	0	0	0	212	128	553	31.122470196792	0	0	-90	90	34	1	0	0.0
2025-11-03	15:24:08[826]	0	0	0	0	0	0	0	0	0	0	174	113	551	33.0007130694786	0	0	-92	92	33	1	0	0.0
2025-11-03	15:24:09[000]	0	0	0	0	0	0	0	0	0	0	175	103	557	30.479850981463	0	0	-86	86	33	1	0	0.0
2025-11-03	15:24:09[177]	0	0	0	0	0	0	0	0	0	0	183	124	547	34.1213952335175	0	0	-96	96	33	1	0	0.0
2025-11-03	15:24:09[352]	0	0	0	0	0	0	0	0	0	0	190	143	536	36.9662739712862	0	0	-107	107	33	1	0	0.0
2025-11-03	15:24:09[546]	0	0	0	0	0	0	0	0	0	0	209	170	531	39.1248072697049	0	0	-112	112	33	1	0	0.0
2025-11-03	15:24:09[722]	0	0	0	0	0	0	0	0	0	0	190	184	539	44.0808952162858	0	0	-104	104	33	1	0	0.0
2025-11-03	15:24:09[895]	0	0	0	0	0	0	0	0	0	0	197	174	526	41.4525106198034	0	0	-117	117	33	1	0	0.0
2025-11-03	15:24:10[072]	0	0	0	0	0	0	0	0	0	0	195	163	542	39.8921641439872	0	0	-101	101	33	1	0	0.0
2025-11-03	15:24:10[264]	0	0	0	0	0	0	0	0	0	0	193	154	552	38.5873278632615	0	0	-91	91	33	1	0	0.0
2025-11-03	15:24:10[440]	0	0	0	0	0	0	0	0	0	0	198	143	558	35.8376529542783	0	0	-85	85	33	1	0	0.0
2025-11-03	15:24:10[615]	0	0	0	0	0	0	0	0	0	0	195	148	546	37.1975660152466	0	0	-97	97	33	1	0	0.0
2025-11-03	15:24:10[791]	0	0	0	0	0	0	0	0	0	0	195	171	544	41.248270929474	0	0	-99	99	33	1	0	0.0
2025-11-03	15:24:10[982]	0	0	0	0	0	0	0	0	0	0	235	204	531	40.9607615323121	0	0	-112	112	33	1	0	0.0
2025-11-03	15:24:11[160]	0	0	0	0	0	0	0	0	0	0	285	213	499	36.7732775358918	0	0	-144	144	33	1	0	0.0
2025-11-03	15:24:11[544]	0	0	0	0	0	0	0	0	0	0	411	217	570	27.833181818848	0	0	-73	73	33	1	0	0.0
2025-11-03	15:24:11[722]	0	0	0	0	0	0	0	0	0	0	441	243	577	28.8556612197165	0	0	-66	66	33	1	0	0.0
2025-11-03	15:24:11[894]	0	0	0	0	0	0	0	0	0	0	475	182	674	20.9647288464162	0	0	31	31	33	1	0	0.0
2025-11-03	15:24:12[087]	0	0	0	0	0	0	0	0	0	0	541	42	682	4.43919706522479	0	0	39	39	33	1	0	0.0
2025-11-03	15:24:12[263]	0	0	0	0	0	0	0	0	0	0	570	73	668	7.29815221587205	0	0	25	25	33	1	0	0.0
2025-11-03	15:24:12[438]	0	0	0	0	0	0	0	0	0	0	536	72	660	7.65065095535941	0	0	17	17	33	1	0	0.0
2025-11-03	15:24:12[619]	0	0	0	0	0	0	0	0	0	0	546	66	669	6.89242312248514	0	0	26	26	33	1	0	0.0
2025-11-03	15:24:12[795]	0	0	0	0	0	0	0	0	0	0	554	58	696	5.97670238291712	0	0	53	53	33	1	0	0.0
2025-11-03	15:24:12[987]	0	0	0	0	0	0	0	0	0	0	582	75	687	7.34300811700682	0	0	44	44	33	1	0	0.0
2025-11-03	15:24:13[165]	0	0	0	0	0	0	0	0	0	0	611	123	609	11.3820479545199	0	0	-34	34	33	1	0	0.0
2025-11-03	15:24:13[338]	0	0	0	0	0	0	0	0	0	0	618	153	557	13.9052819142511	0	0	-86	86	33	1	0	0.0
2025-11-03	15:24:13[530]	0	0	0	0	0	0	0	0	0	0	605	151	536	14.0139580627831	0	0	-107	107	33	1	0	0.0
2025-11-03	15:24:13[707]	0	0	0	0	0	0	0	0	0	0	624	151	498	13.6033406403355	0	0	-145	145	33	1	0	0.0
2025-11-03	15:24:13[884]	0	0	0	0	0	0	0	0	0	0	619	148	507	13.4467116638886	0	0	-136	136	32	1	0	0.0
2025-11-03	15:24:14[060]	0	0	0	0	0	0	0	0	0	0	611	160	497	14.6743037282352	0	0	-146	146	32	1	0	0.0
2025-11-03	15:24:14[251]	0	0	0	0	0	0	0	0	0	0	617	150	498	13.6641981807232	0	0	-145	145	32	1	0	0.0
2025-11-03	15:24:14[427]	0	0	0	0	0	0	0	0	0	0	578	200	466	19.0866824236799	0	0	-177	177	32	1	0	0.0
2025-11-03	15:24:14[602]	0	0	0	0	0	0	0	0	0	0	579	201	438	19.1444578111967	0	0	-205	205	32	1	0	0.0
2025-11-03	15:24:14[781]	0	0	0	0	0	0	0	0	0	0	602	161	475	14.9728757667869	0	0	-168	168	32	1	0	0.0
2025-11-03	15:24:14[971]	0	0	0	0	0	0	0	0	0	0	586	187	432	17.6985397674627	0	0	-211	211	32	1	0	0.0
2025-11-03	15:24:15[146]	0	0	0	0	0	0	0	0	0	0	573	204	421	19.5967944356994	0	0	-222	222	32	1	0	0.0
2025-11-03	15:24:15[322]	0	0	0	0	0	0	0	0	0	0	559	210	430	20.5897354035759	0	0	-213	213	32	1	0	0.0
2025-11-03	15:24:15[500]	0	0	0	0	0	0	0	0	0	0	586	194	399	18.317539603013	0	0	-244	244	32	1	0	0.0
2025-11-03	15:24:15[690]	0	0	0	0	0	0	0	0	0	0	593	185	423	17.3265129801057	0	0	-220	220	32	1	0	0.0
2025-11-03	15:24:15[867]	0	0	0	0	0	0	0	0	0	0	582	197	433	18.7003416833079	0	0	-210	210	32	1	0	0.0
2025-11-03	15:24:16[041]	0	0	0	0	0	0	0	0	0	0	575	194	420	18.6439476127763	0	0	-223	223	32	1	0	0.0
2025-11-03	15:24:16[234]	0	0	0	0	0	0	0	0	0	0	575	189	425	18.195469425381	0	0	-218	218	32	1	0	0.0
2025-11-03	15:24:16[875]	0	0	0	0	0	0	0	0	0	0	554	215	388	21.2105677044088	0	0	-255	255	32	1	0	0.0
2025-11-03	15:24:16[880]	0	0	0	0	0	0	0	0	0	0	559	211	405	20.6795031234493	0	0	-238	238	32	1	0	0.0
2025-11-03	15:24:16[891]	0	0	0	0	0	0	0	0	0	0	616	172	424	15.6008378066155	0	0	-219	219	32	1	0	0.0
2025-11-03	15:24:16[955]	0	0	0	0	0	0	0	0	0	0	492	175	482	19.5800178648011	0	0	-161	161	32	1	0	0.0
2025-11-03	15:24:17[130]	0	0	0	0	0	0	0	0	0	0	281	349	590	51.1604565335906	0	0	-53	53	32	1	0	0.0
2025-11-03	15:24:17[306]	0	0	0	0	0	0	0	0	0	0	213	345	686	58.3091786954005	0	0	43	43	32	1	0	0.0
2025-11-03	15:24:17[481]	0	0	0	0	0	0	0	0	0	0	153	444	812	70.9863256114702	0	0	169	169	32	1	0	0.0
2025-11-03	15:24:17[675]	0	0	0	0	0	0	0	0	0	0	171	498	774	71.0488869473132	0	0	131	131	32	1	0	0.0
2025-11-03	15:24:17[850]	0	0	0	0	0	0	0	0	0	0	200	542	759	69.7457530968767	0	0	116	116	32	1	0	0.0
2025-11-03	15:24:18[025]	0	0	0	0	0	0	0	0	0	0	239	572	676	67.3232587539642	0	0	33	33	32	1	0	0.0
2025-11-03	15:24:18[202]	0	0	0	0	0	0	0	0	0	0	252	613	625	67.6527800413905	0	0	-18	18	32	1	0	0.0
2025-11-03	15:24:18[393]	0	0	0	0	0	0	0	0	0	0	230	651	612	70.5415524530833	0	0	-31	31	32	1	0	0.0
2025-11-03	15:24:18[570]	0	0	0	0	0	0	0	0	0	0	234	669	574	70.721399202056	0	0	-69	69	32	1	0	0.0
2025-11-03	15:24:18[744]	0	0	0	0	0	0	0	0	0	0	238	679	535	70.6836471804959	0	0	-108	108	32	1	0	0.0
2025-11-03	15:24:18[937]	0	0	0	0	0	0	0	0	0	0	253	679	476	69.5642655604094	0	0	-167	167	32	1	0	0.0
2025-11-03	15:24:19[114]	0	0	0	0	0	0	0	0	0	0	259	678	452	69.0928481253273	0	0	-191	191	32	1	0	0.0
2025-11-03	15:24:19[290]	0	0	0	0	0	0	0	0	0	0	444	405	444	42.3698873366424	0	0	-199	199	32	1	0	0.0
2025-11-03	15:24:19[465]	0	0	0	0	0	0	0	0	0	0	339	223	506	33.3376030619531	0	0	-137	137	32	1	0	0.0
2025-11-03	15:24:20[457]	0	0	0	0	0	0	0	0	0	0	324	87	520	15.0304305234333	0	0	-123	123	32	1	0	0.0
2025-11-03	15:24:20[649]	0	0	0	0	0	0	0	0	0	0	451	43	417	5.44632719468699	0	0	-226	226	32	1	0	0.0
2025-11-03	15:24:20[825]	0	0	0	0	0	0	0	0	0	0	542	99	224	10.3513527730925	0	0	-419	419	32	1	0	0.0
2025-11-03	15:24:21[018]	0	0	0	0	0	0	0	0	0	0	522	197	79	20.6762375742477	0	0	-564	564	32	1	0	0.0
2025-11-03	15:24:21[192]	0	0	0	0	0	0	0	0	0	0	477	218	-49	24.5614936929617	0	0	-692	692	32	1	0	0.0
2025-11-03	15:24:21[369]	0	0	0	0	0	0	0	0	0	0	408	184	-181	24.2744411344395	0	0	-824	824	32	1	0	0.0
2025-11-03	15:24:21[561]	0	0	0	0	0	0	0	0	0	0	272	122	-291	24.1576373327379	0	0	-934	934	32	1	0	0.0
2025-11-03	15:24:21[738]	0	0	0	0	0	0	0	0	0	0	187	77	-268	22.3801350519596	0	0	-911	911	32	1	0	0.0
2025-11-03	15:24:21[985]	0	0	0	0	0	0	0	0	0	0	175	141	-170	38.8588893831232	0	0	-813	813	32	1	0	0.0
2025-11-03	15:24:22[092]	0	0	0	0	0	0	0	0	0	0	147	114	-163	37.7939429986167	0	0	-806	806	32	1	0	0.0
2025-11-03	15:24:22[282]	0	0	0	0	0	0	0	0	0	0	115	162	-149	54.6299512777643	0	0	-792	792	32	1	0	0.0
2025-11-03	15:24:22[458]	0	0	0	0	0	0	0	0	0	0	51	171	-130	73.393019421383	0	0	-773	773	32	1	0	0.0
2025-11-03	15:24:22[633]	0	0	0	0	0	0	0	0	0	0	-4	169	-109	91.3558599761067	0	0	-752	752	32	1	0	0.0
2025-11-03	15:24:22[809]	0	0	0	0	0	0	0	0	0	0	47	133	-119	70.5374343906363	0	0	-762	762	32	1	0	0.0
2025-11-03	15:24:23[000]	0	0	0	0	0	0	0	0	0	0	53	154	-127	71.0087989499973	0	0	-770	770	32	1	0	0.0
2025-11-03	15:24:23[173]	0	0	0	0	0	0	0	0	0	0	18	150	-99	83.1572265873691	0	0	-742	742	32	1	0	0.0
2025-11-03	15:24:23[351]	0	0	0	0	0	0	0	0	0	0	-10	153	-81	93.7395033629311	0	0	-724	724	32	1	0	0.0
2025-11-03	15:24:23[541]	0	0	0	0	0	0	0	0	0	0	-19	161	-68	96.7304839346156	0	0	-711	711	32	1	0	0.0
2025-11-03	15:24:23[716]	0	0	0	0	0	0	0	0	0	0	-11	203	-72	93.1016640298685	0	0	-715	715	32	1	0	0.0
2025-11-03	15:24:23[892]	0	0	0	0	0	0	0	0	0	0	35	162	-96	77.8086635293976	0	0	-739	739	32	1	0	0.0
2025-11-03	15:24:24[068]	0	0	0	0	0	0	0	0	0	0	99	115	-129	49.2758411126289	0	0	-772	772	36	1	0	0.0
2025-11-03	15:24:24[262]	0	0	0	0	0	0	0	0	0	0	87	156	-138	60.851928154287	0	0	-781	781	36	1	0	0.0
2025-11-03	15:24:24[436]	0	0	0	0	0	0	0	0	0	0	92	94	-134	45.6160599083992	0	0	-777	777	36	1	0	0.0
2025-11-03	15:24:24[611]	0	0	0	0	0	0	0	0	0	0	54	108	-128	63.434948822922	0	0	-771	771	36	1	0	0.0
2025-11-03	15:24:24[804]	0	0	0	0	0	0	0	0	0	0	62	54	-119	41.0548137709624	0	0	-762	762	36	1	0	0.0
2025-11-03	15:24:24[981]	0	0	0	0	0	0	0	0	0	0	115	-3	-114	358.505666408733	0	0	-757	757	36	1	0	0.0
2025-11-03	15:24:25[191]	0	0	0	0	0	0	0	0	0	0	232	-15	-118	356.300680507713	0	0	-761	761	36	1	0	0.0
2025-11-03	15:24:25[332]	0	0	0	0	0	0	0	0	0	0	270	-54	-92	348.69006752598	0	0	-735	735	36	1	0	0.0
2025-11-03	15:24:25[524]	0	0	0	0	0	0	0	0	0	0	266	-88	-75	341.694386802801	0	0	-718	718	36	1	0	0.0
2025-11-03	15:24:25[699]	0	0	0	0	0	0	0	0	0	0	254	-89	-76	340.689860574722	0	0	-719	719	36	1	0	0.0
2025-11-03	15:24:25[877]	0	0	0	0	0	0	0	0	0	0	298	-69	-98	346.963264289295	0	0	-741	741	36	1	0	0.0
2025-11-03	15:24:26[052]	0	0	0	0	0	0	0	0	0	0	325	-19	-118	356.654208808802	0	0	-761	761	36	1	0	0.0
2025-11-03	15:24:26[243]	0	0	0	0	0	0	0	0	0	0	314	-24	-136	355.629202962093	0	0	-779	779	36	1	0	0.0
2025-11-03	15:24:26[420]	0	0	0	0	0	0	0	0	0	0	301	-9	-186	358.287347423311	0	0	-829	829	36	1	0	0.0
2025-11-03	15:24:26[597]	0	0	0	0	0	0	0	0	0	0	192	-56	-207	343.739795291688	0	0	-850	850	36	1	0	0.0
2025-11-03	15:24:26[772]	0	0	0	0	0	0	0	0	0	0	171	-96	-127	330.689992929084	0	0	-770	770	36	1	0	0.0
2025-11-03	15:24:26[963]	0	0	0	0	0	0	0	0	0	0	182	-76	-143	337.335442565304	0	0	-786	786	36	1	0	0.0
2025-11-03	15:24:27[139]	0	0	0	0	0	0	0	0	0	0	202	-58	-139	343.979707697929	0	0	-782	782	36	1	0	0.0
2025-11-03	15:24:27[317]	0	0	0	0	0	0	0	0	0	0	219	-34	-141	351.175215790891	0	0	-784	784	36	1	0	0.0
2025-11-03	15:24:27[507]	0	0	0	0	0	0	0	0	0	0	281	-83	-73	343.544247315417	0	0	-716	716	36	1	0	0.0
2025-11-03	15:24:27[683]	0	0	0	0	0	0	0	0	0	0	322	-108	-38	341.458355249176	0	0	-681	681	36	1	0	0.0
2025-11-03	15:24:29[131]	0	0	0	0	0	0	0	0	0	0	387	-107	-79	344.54463473957	0	0	-722	722	36	1	0	0.0
2025-11-03	15:24:29[137]	0	0	0	0	0	0	0	0	0	0	366	-174	-103	334.57312583041	0	0	-746	746	36	1	0	0.0
2025-11-03	15:24:29[167]	0	0	0	0	0	0	0	0	0	0	337	-215	-116	327.462849434935	0	0	-759	759	36	1	0	0.0
2025-11-03	15:24:29[173]	0	0	0	0	0	0	0	0	0	0	407	-82	-158	348.608873750127	0	0	-801	801	36	1	0	0.0
2025-11-03	15:24:29[180]	0	0	0	0	0	0	0	0	0	0	427	-119	-122	344.42745640319	0	0	-765	765	36	1	0	0.0
2025-11-03	15:24:29[185]	0	0	0	0	0	0	0	0	0	0	391	-182	-126	335.039286705127	0	0	-769	769	36	1	0	0.0
2025-11-03	15:24:29[192]	0	0	0	0	0	0	0	0	0	0	375	-149	-164	338.330425944842	0	0	-807	807	36	1	0	0.0
2025-11-03	15:24:29[198]	0	0	0	0	0	0	0	0	0	0	385	-58	-190	351.432851502185	0	0	-833	833	35	1	0	0.0
2025-11-03	15:24:29[298]	0	0	0	0	0	0	0	0	0	0	383	-19	-192	357.159978851215	0	0	-835	835	35	1	0	0.0
2025-11-03	15:24:29[492]	0	0	0	0	0	0	0	0	0	0	381	44	-208	6.58765254313612	0	0	-851	851	35	1	0	0.0
2025-11-03	15:24:29[667]	0	0	0	0	0	0	0	0	0	0	366	-12	-216	358.122122552715	0	0	-859	859	35	1	0	0.0
2025-11-03	15:24:29[844]	0	0	0	0	0	0	0	0	0	0	338	-48	-229	351.917367212044	0	0	-872	872	35	1	0	0.0
2025-11-03	15:24:30[019]	0	0	0	0	0	0	0	0	0	0	329	-70	-235	347.988521613635	0	0	-878	878	35	1	0	0.0
2025-11-03	15:24:30[210]	0	0	0	0	0	0	0	0	0	0	328	-75	-231	347.120255412293	0	0	-874	874	35	1	0	0.0
2025-11-03	15:24:30[386]	0	0	0	0	0	0	0	0	0	0	391	-29	-186	355.758207576886	0	0	-829	829	35	1	0	0.0
2025-11-03	15:24:30[563]	0	0	0	0	0	0	0	0	0	0	378	-44	-203	353.360529481106	0	0	-846	846	35	1	0	0.0
2025-11-03	15:24:30[740]	0	0	0	0	0	0	0	0	0	0	388	-24	-195	356.46044083145	0	0	-838	838	35	1	0	0.0
2025-11-03	15:24:30[932]	0	0	0	0	0	0	0	0	0	0	387	-28	-194	355.861779691367	0	0	-837	837	35	1	0	0.0
2025-11-03	15:24:31[107]	0	0	0	0	0	0	0	0	0	0	370	7	-208	1.08384490743672	0	0	-851	851	35	1	0	0.0
2025-11-03	15:24:31[282]	0	0	0	0	0	0	0	0	0	0	354	67	-219	10.7173461951511	0	0	-862	862	35	1	0	0.0
2025-11-03	15:24:31[458]	0	0	0	0	0	0	0	0	0	0	358	109	-198	16.933881384618	0	0	-841	841	35	1	0	0.0
2025-11-03	15:24:31[650]	0	0	0	0	0	0	0	0	0	0	326	165	-189	26.8455668280847	0	0	-832	832	35	1	0	0.0
2025-11-03	15:24:31[827]	0	0	0	0	0	0	0	0	0	0	342	131	-203	20.9588852256114	0	0	-846	846	35	1	0	0.0
2025-11-03	15:24:32[003]	0	0	0	0	0	0	0	0	0	0	345	124	-199	19.7694667587539	0	0	-842	842	35	1	0	0.0
2025-11-03	15:24:32[194]	0	0	0	0	0	0	0	0	0	0	343	130	-198	20.757146363987	0	0	-841	841	35	1	0	0.0
2025-11-03	15:24:32[370]	0	0	0	0	0	0	0	0	0	0	339	132	-204	21.2749699717067	0	0	-847	847	35	1	0	0.0
2025-11-03	15:24:32[547]	0	0	0	0	0	0	0	0	0	0	287	178	-213	31.8075642908352	0	0	-856	856	35	1	0	0.0
2025-11-03	15:24:32[724]	0	0	0	0	0	0	0	0	0	0	193	191	-227	44.7015871800051	0	0	-870	870	35	1	0	0.0
2025-11-03	15:24:32[913]	0	0	0	0	0	0	0	0	0	0	262	196	-207	36.7998539405012	0	0	-850	850	35	1	0	0.0
2025-11-03	15:24:33[090]	0	0	0	0	0	0	0	0	0	0	90	255	-178	70.5599651718238	0	0	-821	821	35	1	0	0.0
2025-11-03	15:24:33[266]	0	0	0	0	0	0	0	0	0	0	82	233	-201	70.6114322853227	0	0	-844	844	35	1	0	0.0
2025-11-03	15:24:34[325]	0	0	0	0	0	0	0	0	0	0	7	165	-216	87.5707266765	0	0	-859	859	35	1	0	0.0
2025-11-03	15:24:34[332]	0	0	0	0	0	0	0	0	0	0	-71	59	-207	140.273895957352	0	0	-850	850	35	1	0	0.0
2025-11-03	15:24:34[339]	0	0	0	0	0	0	0	0	0	0	-61	62	-205	134.534190917235	0	0	-848	848	35	1	0	0.0
2025-11-03	15:24:34[349]	0	0	0	0	0	0	0	0	0	0	-62	73	-202	130.341745890324	0	0	-845	845	35	1	0	0.0
2025-11-03	15:24:34[356]	0	0	0	0	0	0	0	0	0	0	-64	74	-201	130.855376258896	0	0	-844	844	34	1	0	0.0
2025-11-03	15:25:12[729]	0	0	0	0	0	0	0	0	0	0	83	-347	-335	283.452010357135	0	0	-656	656	30	1	0	0.0
2025-11-03	15:25:12[920]	0	0	0	0	0	0	0	0	0	0	113	-321	-201	289.393339011691	0	0	-522	522	30	1	0	0.0
2025-11-03	15:25:13[095]	0	0	0	0	0	0	0	0	0	0	-143	-140	-314	224.39264699519	0	0	-635	635	30	1	0	0.0
2025-11-03	15:25:13[273]	0	0	0	0	0	0	0	0	0	0	-180	-200	-258	228.012787504183	0	0	-579	579	30	1	0	0.0
2025-11-03	15:25:13[448]	0	0	0	0	0	0	0	0	0	0	31	-139	-233	282.572445004228	0	0	-554	554	30	1	0	0.0
2025-11-03	15:25:13[624]	0	0	0	0	0	0	0	0	0	0	-31	-218	-246	261.906696471557	0	0	-567	567	30	1	0	0.0
2025-11-03	15:25:14[087]	0	0	0	0	0	0	0	0	0	0	81	-213	-180	290.820892853311	0	0	-501	501	30	1	0	0.0
2025-11-03	15:25:14[279]	0	0	0	0	0	0	0	0	0	0	86	-227	-171	290.749424647587	0	0	-492	492	30	1	0	0.0
2025-11-03	15:25:14[524]	0	0	0	0	0	0	0	0	0	0	74	-230	-187	287.835014942668	0	0	-508	508	30	1	0	0.0
2025-11-03	15:25:29[798]	0	0	0	0	0	0	0	0	0	0	-43	-282	-434	261.330191342984	0	0	-755	755	30	1	0	0.0
2025-11-03	15:25:29[975]	0	0	0	0	0	0	0	0	0	0	-168	-203	-258	230.389311759973	0	0	-579	579	30	1	0	0.0
2025-11-03	15:25:30[167]	0	0	0	0	0	0	0	0	0	0	9	-134	-242	273.842453127915	0	0	-563	563	30	1	0	0.0
2025-11-03	15:25:30[343]	0	0	0	0	0	0	0	0	0	0	-53	-236	-291	257.342726632777	0	0	-612	612	30	1	0	0.0
2025-11-03	15:25:30[520]	0	0	0	0	0	0	0	0	0	0	57	-163	-195	289.274387356634	0	0	-516	516	30	1	0	0.0
2025-11-03	15:25:30[695]	0	0	0	0	0	0	0	0	0	0	76	-218	-177	289.219773425914	0	0	-498	498	30	1	0	0.0
2025-11-03	15:25:30[896]	0	0	0	0	0	0	0	0	0	0	75	-230	-178	288.060471936199	0	0	-499	499	30	1	0	0.0
2025-11-03	15:25:44[813]	0	0	0	0	0	0	0	0	0	0	147	-195	-311	307.010673233603	0	0	-632	632	30	1	0	0.0
2025-11-03	15:25:44[990]	0	0	0	0	0	0	0	0	0	0	2	-212	22	270.540510187131	0	0	-299	299	30	1	0	0.0
2025-11-03	15:25:45[165]	0	0	0	0	0	0	0	0	0	0	9	-259	-233	271.990172249755	0	0	-554	554	30	1	0	0.0
2025-11-03	15:25:45[373]	0	0	0	0	0	0	0	0	0	0	-23	-266	-178	265.058144950827	0	0	-499	499	30	1	0	0.0
2025-11-03	15:25:56[170]	0	0	0	0	0	0	0	0	0	0	73	-222	-180	288.202355596505	0	0	-501	501	33	1	0	0.0
2025-11-03	15:25:56[379]	0	0	0	0	0	0	0	0	0	0	74	-227	-185	288.055512121503	0	0	-506	506	33	1	0	0.0
2025-11-03	15:25:56[586]	0	0	0	0	0	0	0	0	0	0	81	-217	-182	290.469189632482	0	0	-503	503	33	1	0	0.0
2025-11-03	15:25:56[794]	0	0	0	0	0	0	0	0	0	0	73	-221	-178	288.279254153124	0	0	-499	499	33	1	0	0.0
2025-11-03	15:25:57[002]	0	0	0	0	0	0	0	0	0	0	79	-226	-178	289.267457700937	0	0	-499	499	33	1	0	0.0
2025-11-03	15:25:57[209]	0	0	0	0	0	0	0	0	0	0	73	-223	-179	288.12607968817	0	0	-500	500	33	1	0	0.0
2025-11-03	15:25:57[433]	0	0	0	0	0	0	0	0	0	0	78	-217	-181	289.770822278337	0	0	-502	502	33	1	0	0.0
2025-11-03	15:25:57[642]	0	0	0	0	0	0	0	0	0	0	85	-219	-185	291.212619830808	0	0	-506	506	33	1	0	0.0
2025-11-03	15:25:57[849]	0	0	0	0	0	0	0	0	0	0	74	-220	-176	288.59106772678	0	0	-497	497	33	1	0	0.0
2025-11-03	15:25:58[163]	0	0	0	0	0	0	0	0	0	0	76	-225	-179	288.663825552956	0	0	-500	500	33	1	0	0.0
2025-11-03	15:25:58[251]	0	0	0	0	0	0	0	0	0	0	77	-223	-189	289.049357222962	0	0	-510	510	33	1	0	0.0
2025-11-03	15:25:58[457]	0	0	0	0	0	0	0	0	0	0	74	-216	-181	288.911080074564	0	0	-502	502	33	1	0	0.0
2025-11-03	15:25:58[665]	0	0	0	0	0	0	0	0	0	0	74	-214	-173	289.075098492446	0	0	-494	494	33	1	0	0.0
2025-11-03	15:25:58[890]	0	0	0	0	0	0	0	0	0	0	84	-222	-175	290.725558865561	0	0	-496	496	33	1	0	0.0
2025-11-03	15:25:59[113]	0	0	0	0	0	0	0	0	0	0	79	-222	-179	289.588399274027	0	0	-500	500	33	1	0	0.0
2025-11-03	15:25:59[321]	0	0	0	0	0	0	0	0	0	0	75	-216	-182	289.14813745794	0	0	-503	503	33	1	0	0.0
2025-11-03	15:25:59[529]	0	0	0	0	0	0	0	0	0	0	71	-220	-178	287.88630559706	0	0	-499	499	33	1	0	0.0
2025-11-03	15:25:59[737]	0	0	0	0	0	0	0	0	0	0	77	-220	-180	289.290046219189	0	0	-501	501	33	1	0	0.0
2025-11-03	15:25:59[929]	0	0	0	0	0	0	0	0	0	0	69	-215	-177	287.793006166917	0	0	-498	498	33	1	0	0.0
2025-11-03	15:26:00[105]	0	0	0	0	0	0	0	0	0	0	66	-210	-188	287.447188423282	0	0	-509	509	33	1	0	0.0
2025-11-03	15:26:00[297]	0	0	0	0	0	0	0	0	0	0	68	-208	-176	288.103763034507	0	0	-497	497	32	1	0	0.0
2025-11-03	15:26:00[474]	0	0	0	0	0	0	0	0	0	0	64	-204	-188	287.417970792203	0	0	-509	509	32	1	0	0.0
2025-11-03	15:26:00[681]	0	0	0	0	0	0	0	0	0	0	62	-213	-178	286.229211682388	0	0	-499	499	32	1	0	0.0
2025-11-03	15:26:00[857]	0	0	0	0	0	0	0	0	0	0	72	-217	-180	288.355701598888	0	0	-501	501	32	1	0	0.0
2025-11-03	15:26:01[034]	0	0	0	0	0	0	0	0	0	0	64	-207	-181	287.180497200241	0	0	-502	502	32	1	0	0.0
2025-11-03	15:26:01[208]	0	0	0	0	0	0	0	0	0	0	73	-215	-180	288.754142063997	0	0	-501	501	32	1	0	0.0
2025-11-03	15:26:01[384]	0	0	0	0	0	0	0	0	0	0	63	-205	-180	287.083086947363	0	0	-501	501	32	1	0	0.0
2025-11-03	15:26:01[577]	0	0	0	0	0	0	0	0	0	0	65	-205	-188	287.592424562182	0	0	-509	509	32	1	0	0.0
2025-11-03	15:26:01[752]	0	0	0	0	0	0	0	0	0	0	66	-205	-187	287.846026162026	0	0	-508	508	32	1	0	0.0
2025-11-03	15:26:01[928]	0	0	0	0	0	0	0	0	0	0	58	-203	-190	285.945395900923	0	0	-511	511	32	1	0	0.0
2025-11-03	15:26:02[108]	0	0	0	0	0	0	0	0	0	0	83	-207	-194	291.849116202648	0	0	-515	515	32	1	0	0.0
2025-11-03	15:26:02[329]	0	0	0	0	0	0	0	0	0	0	114	-194	-196	300.439724380643	0	0	-517	517	32	1	0	0.0
2025-11-03	15:26:02[536]	0	0	0	0	0	0	0	0	0	0	133	-158	-206	310.089738778417	0	0	-527	527	32	1	0	0.0
2025-11-03	15:26:02[744]	0	0	0	0	0	0	0	0	0	0	139	-173	-202	308.780770311209	0	0	-523	523	32	1	0	0.0
2025-11-03	15:26:02[951]	0	0	0	0	0	0	0	0	0	0	133	-179	-194	306.61296762134	0	0	-515	515	32	1	0	0.0
2025-11-03	15:26:03[161]	0	0	0	0	0	0	0	0	0	0	121	-173	-191	304.969786680267	0	0	-512	512	32	1	0	0.0
2025-11-03	15:26:03[352]	0	0	0	0	0	0	0	0	0	0	96	-163	-186	300.496258279967	0	0	-507	507	32	1	0	0.0
2025-11-03	15:26:03[741]	0	0	0	0	0	0	0	0	0	0	103	-169	-169	301.360947947628	0	0	-490	490	32	1	0	0.0
2025-11-03	15:26:03[749]	0	0	0	0	0	0	0	0	0	0	94	-201	-148	295.063691000647	0	0	-469	469	32	1	0	0.0
2025-11-03	15:26:03[880]	0	0	0	0	0	0	0	0	0	0	72	-221	-131	288.045187627604	0	0	-452	452	32	1	0	0.0
2025-11-03	15:26:04[055]	0	0	0	0	0	0	0	0	0	0	54	-240	-106	282.68038349182	0	0	-427	427	32	1	0	0.0
2025-11-03	15:26:04[232]	0	0	0	0	0	0	0	0	0	0	45	-253	-86	280.085476299962	0	0	-407	407	32	1	0	0.0
2025-11-03	15:26:04[424]	0	0	0	0	0	0	0	0	0	0	31	-252	-94	277.013056003837	0	0	-415	415	32	1	0	0.0
2025-11-03	15:26:04[590]	0	0	0	0	0	0	0	0	0	0	-2	-230	-95	269.501788387386	0	0	-416	416	32	1	0	0.0
2025-11-03	15:26:04[782]	0	0	0	0	0	0	0	0	0	0	-17	-239	-79	265.931420323155	0	0	-400	400	32	1	0	0.0
2025-11-03	15:26:04[958]	0	0	0	0	0	0	0	0	0	0	-5	-250	-80	268.854237161825	0	0	-401	401	32	1	0	0.0
2025-11-03	15:26:05[134]	0	0	0	0	0	0	0	0	0	0	-18	-214	-122	265.19204603697	0	0	-443	443	32	1	0	0.0
2025-11-03	15:26:05[309]	0	0	0	0	0	0	0	0	0	0	-14	-176	-155	265.451957590875	0	0	-476	476	32	1	0	0.0
2025-11-03	15:26:05[486]	0	0	0	0	0	0	0	0	0	0	-21	-115	-185	259.651315912005	0	0	-506	506	32	1	0	0.0
2025-11-03	15:26:05[662]	0	0	0	0	0	0	0	0	0	0	-1	-73	-205	269.215175397008	0	0	-526	526	32	1	0	0.0
2025-11-03	15:26:05[853]	0	0	0	0	0	0	0	0	0	0	-5	-83	-198	266.552613148135	0	0	-519	519	32	1	0	0.0
2025-11-03	15:26:06[030]	0	0	0	0	0	0	0	0	0	0	-16	-85	-204	259.339651705465	0	0	-525	525	32	1	0	0.0
2025-11-03	15:26:06[205]	0	0	0	0	0	0	0	0	0	0	-29	-26	-199	221.877869537884	0	0	-520	520	32	1	0	0.0
2025-11-03	15:26:06[381]	0	0	0	0	0	0	0	0	0	0	6	68	-201	84.9575489308291	0	0	-522	522	32	1	0	0.0
2025-11-03	15:26:06[557]	0	0	0	0	0	0	0	0	0	0	64	130	-211	63.7886219821685	0	0	-532	532	32	1	0	0.0
2025-11-03	15:26:06[733]	0	0	0	0	0	0	0	0	0	0	109	174	-197	57.9354575155593	0	0	-518	518	32	1	0	0.0
2025-11-03	15:26:06[926]	0	0	0	0	0	0	0	0	0	0	98	179	-202	61.2999107168643	0	0	-523	523	32	1	0	0.0
2025-11-03	15:26:07[101]	0	0	0	0	0	0	0	0	0	0	123	228	-177	61.6543063769233	0	0	-498	498	32	1	0	0.0
2025-11-03	15:26:07[548]	0	0	0	0	0	0	0	0	0	0	247	241	-158	44.2955791886199	0	0	-479	479	32	1	0	0.0
2025-11-03	15:26:07[741]	0	0	0	0	0	0	0	0	0	0	255	231	-161	42.1728754218387	0	0	-482	482	32	1	0	0.0
2025-11-03	15:26:07[916]	0	0	0	0	0	0	0	0	0	0	216	215	-191	44.867063395126	0	0	-512	512	32	1	0	0.0
2025-11-03	15:26:08[093]	0	0	0	0	0	0	0	0	0	0	242	242	-172	45	0	0	-493	493	32	1	0	0.0
2025-11-03	15:26:08[270]	0	0	0	0	0	0	0	0	0	0	222	236	-167	46.7508541865428	0	0	-488	488	32	1	0	0.0
2025-11-03	15:26:08[447]	0	0	0	0	0	0	0	0	0	0	166	231	-189	54.298419730473	0	0	-510	510	32	1	0	0.0
2025-11-03	15:26:08[878]	0	0	0	0	0	0	0	0	0	0	71	167	-199	66.9672434068129	0	0	-520	520	32	1	0	0.0
2025-11-03	15:26:09[053]	0	0	0	0	0	0	0	0	0	0	88	201	-193	66.3556703439224	0	0	-514	514	32	1	0	0.0
2025-11-03	15:26:10[236]	0	0	0	0	0	0	0	0	0	0	223	231	-177	46.0095127826164	0	0	-498	498	32	1	0	0.0
2025-11-03	15:26:10[412]	0	0	0	0	0	0	0	0	0	0	215	254	-158	49.7535312656479	0	0	-479	479	32	1	0	0.0
2025-11-03	15:26:10[588]	0	0	0	0	0	0	0	0	0	0	198	251	-158	51.7320473427006	0	0	-479	479	32	1	0	0.0
2025-11-03	15:26:10[780]	0	0	0	0	0	0	0	0	0	0	148	221	-171	56.1904419704808	0	0	-492	492	32	1	0	0.0
2025-11-03	15:26:11[244]	0	0	0	0	0	0	0	0	0	0	106	218	-187	64.0691935373481	255	0	-508	508	32	1	0	0.0
2025-11-03	15:26:12[315]	0	0	0	0	0	0	0	0	0	0	243	244	-156	45.1176503059259	0	0	-477	477	32	1	0	0.0
2025-11-03	15:26:12[508]	0	0	0	0	0	0	0	0	0	0	268	270	-128	45.2129944817114	0	0	-449	449	32	1	0	0.0
2025-11-03	15:26:12[685]	0	0	0	0	0	0	0	0	0	0	272	266	-124	44.3610401010084	0	0	-445	445	32	1	0	0.0
2025-11-03	15:26:12[861]	0	0	0	0	0	0	0	0	0	0	249	266	-141	46.8906304903064	0	0	-462	462	32	1	0	0.0
2025-11-03	15:26:13[035]	0	0	0	0	0	0	0	0	0	0	206	270	-151	52.6577096937139	0	0	-472	472	32	1	0	0.0
2025-11-03	15:26:13[211]	0	0	0	0	0	0	0	0	0	0	255	264	-144	45.9934688562826	0	0	-465	465	32	1	0	0.0
2025-11-03	15:26:13[389]	0	0	0	0	0	0	0	0	0	0	273	265	-122	44.1480809350948	0	0	-443	443	32	1	0	0.0
2025-11-03	15:26:13[580]	0	0	0	0	0	0	0	0	0	0	285	269	-117	43.3457080935928	0	0	-438	438	32	1	0	0.0
2025-11-03	15:26:13[755]	0	0	0	0	0	0	0	0	0	0	277	263	-122	43.5148865463245	0	0	-443	443	32	1	0	0.0
2025-11-03	15:26:13[932]	0	0	0	0	0	0	0	0	0	0	263	277	-124	46.4851134536755	0	0	-445	445	32	1	0	0.0
2025-11-03	15:26:14[108]	0	0	0	0	0	0	0	0	0	0	283	280	-120	44.6946967820359	0	0	-441	441	32	1	0	0.0
2025-11-03	15:26:14[283]	0	0	0	0	0	0	0	0	0	0	368	223	-119	31.214952042867	0	0	-440	440	32	1	0	0.0
2025-11-03	15:26:14[474]	0	0	0	0	0	0	0	0	0	0	403	169	-132	22.7509763427876	0	0	-453	453	32	1	0	0.0
2025-11-03	15:26:14[652]	0	0	0	0	0	0	0	0	0	0	393	130	-146	18.3036371058891	0	0	-467	467	32	1	0	0.0
2025-11-03	15:26:15[091]	0	0	0	0	0	0	0	0	0	0	368	70	-187	10.7699882326171	0	0	-508	508	32	1	0	0.0
2025-11-03	15:26:15[097]	0	0	0	0	0	0	0	0	0	0	365	10	-199	1.56935480474899	0	0	-520	520	32	1	0	0.0
2025-11-03	15:26:15[178]	0	0	0	0	0	0	0	0	0	0	395	-33	-199	355.224354165407	0	0	-520	520	32	1	0	0.0
2025-11-03	15:26:15[356]	0	0	0	0	0	0	0	0	0	0	412	-87	-162	348.076302960635	0	0	-483	483	32	1	0	0.0
2025-11-03	15:26:15[547]	0	0	0	0	0	0	0	0	0	0	393	-116	-158	343.555223426833	0	0	-479	479	36	1	0	0.0
2025-11-03	15:26:15[722]	0	0	0	0	0	0	0	0	0	0	380	-142	-153	339.510077981889	0	0	-474	474	36	1	0	0.0
2025-11-03	15:26:15[901]	0	0	0	0	0	0	0	0	0	0	354	-145	-169	337.725771998427	0	0	-490	490	36	1	0	0.0
2025-11-03	15:26:16[077]	0	0	0	0	0	0	0	0	0	0	383	-131	-152	341.117437006217	0	0	-473	473	36	1	0	0.0
2025-11-03	15:26:16[251]	0	0	0	0	0	0	0	0	0	0	407	-86	-140	348.068779794488	0	0	-461	461	36	1	0	0.0
2025-11-03	15:26:16[426]	0	0	0	0	0	0	0	0	0	0	406	-25	-161	356.476383701995	0	0	-482	482	36	1	0	0.0
2025-11-03	15:26:16[619]	0	0	0	0	0	0	0	0	0	0	383	-45	-189	353.29884305576	0	0	-510	510	36	1	0	0.0
2025-11-03	15:26:16[794]	0	0	0	0	0	0	0	0	0	0	371	-76	-195	348.423025432892	0	0	-516	516	36	1	0	0.0
2025-11-03	15:26:16[970]	0	0	0	0	0	0	0	0	0	0	371	-86	-201	346.949000841405	0	0	-522	522	36	1	0	0.0
2025-11-03	15:26:17[146]	0	0	0	0	0	0	0	0	0	0	358	-83	-212	346.946953920248	0	0	-533	533	36	1	0	0.0
2025-11-03	15:26:17[323]	0	0	0	0	0	0	0	0	0	0	349	-88	-205	345.847929642324	0	0	-526	526	36	1	0	0.0
2025-11-03	15:26:17[499]	0	0	0	0	0	0	0	0	0	0	349	-75	-215	347.871612064291	0	0	-536	536	36	1	0	0.0
2025-11-03	15:26:17[692]	0	0	0	0	0	0	0	0	0	0	343	-83	-206	346.39691224859	0	0	-527	527	36	1	0	0.0
2025-11-03	15:26:17[866]	0	0	0	0	0	0	0	0	0	0	349	-76	-215	347.714780532695	0	0	-536	536	36	1	0	0.0
2025-11-03	15:26:18[042]	0	0	0	0	0	0	0	0	0	0	343	-79	-222	347.029785156997	0	0	-543	543	36	1	0	0.0
2025-11-03	15:26:18[217]	0	0	0	0	0	0	0	0	0	0	352	-74	-204	348.127749686015	0	0	-525	525	36	1	0	0.0
2025-11-03	15:26:18[396]	0	0	0	0	0	0	0	0	0	0	343	-74	-211	347.825412071663	0	0	-532	532	36	1	0	0.0
2025-11-03	15:26:18[569]	0	0	0	0	0	0	0	0	0	0	352	-78	-207	347.505666281582	0	0	-528	528	36	1	0	0.0
2025-11-03	15:26:18[762]	0	0	0	0	0	0	0	0	0	0	343	-79	-202	347.029785156997	0	0	-523	523	36	1	0	0.0
2025-11-03	15:26:18[937]	0	0	0	0	0	0	0	0	0	0	344	-79	-210	347.066219646798	0	0	-531	531	36	1	0	0.0
2025-11-03	15:26:19[116]	0	0	0	0	0	0	0	0	0	0	346	-71	-207	348.403750078301	0	0	-528	528	36	1	0	0.0
2025-11-03	15:26:19[290]	0	0	0	0	0	0	0	0	0	0	343	-76	-208	347.506570970831	0	0	-529	529	36	1	0	0.0
2025-11-03	15:26:19[465]	0	0	0	0	0	0	0	0	0	0	350	-78	-209	347.436530601482	0	0	-530	530	36	1	0	0.0
2025-11-03	15:26:19[657]	0	0	0	0	0	0	0	0	0	0	348	-79	-206	347.209967142597	0	0	-527	527	36	1	0	0.0
2025-11-03	15:26:19[835]	0	0	0	0	0	0	0	0	0	0	344	-75	-201	347.700656601201	0	0	-522	522	36	1	0	0.0
2025-11-03	15:26:20[009]	0	0	0	0	0	0	0	0	0	0	348	-84	-214	346.429565614839	0	0	-535	535	36	1	0	0.0
2025-11-03	15:26:20[187]	0	0	0	0	0	0	0	0	0	0	347	-71	-208	348.436267283393	0	0	-529	529	36	1	0	0.0
2025-11-03	15:26:20[361]	0	0	0	0	0	0	0	0	0	0	350	-82	-212	346.814238697812	0	0	-533	533	36	1	0	0.0
2025-11-03	15:26:20[538]	0	0	0	0	0	0	0	0	0	0	350	-75	-199	347.905242922988	0	0	-520	520	35	1	0	0.0
2025-11-03	15:26:20[731]	0	0	0	0	0	0	0	0	0	0	350	-82	-209	346.814238697812	0	0	-530	530	35	1	0	0.0
2025-11-03	15:26:20[905]	0	0	0	0	0	0	0	0	0	0	343	-76	-206	347.506570970831	0	0	-527	527	35	1	0	0.0
2025-11-03	15:26:21[082]	0	0	0	0	0	0	0	0	0	0	349	-74	-210	348.02862831852	0	0	-531	531	35	1	0	0.0
2025-11-03	15:26:21[257]	0	0	0	0	0	0	0	0	0	0	344	-73	-205	348.019037767431	0	0	-526	526	35	1	0	0.0
2025-11-03	15:26:21[434]	0	0	0	0	0	0	0	0	0	0	346	-76	-206	347.611536846691	0	0	-527	527	35	1	0	0.0
2025-11-03	15:26:21[608]	0	0	0	0	0	0	0	0	0	0	340	-73	-206	347.882227949527	0	0	-527	527	35	1	0	0.0
2025-11-03	15:26:21[801]	0	0	0	0	0	0	0	0	0	0	351	-72	-211	348.407824589709	0	0	-532	532	35	1	0	0.0
2025-11-03	15:26:21[978]	0	0	0	0	0	0	0	0	0	0	352	-76	-205	347.816343414013	0	0	-526	526	35	1	0	0.0
2025-11-03	15:26:22[154]	0	0	0	0	0	0	0	0	0	0	342	-76	-211	347.471192290848	0	0	-532	532	35	1	0	0.0
2025-11-03	15:26:22[328]	0	0	0	0	0	0	0	0	0	0	347	-78	-212	347.331404146098	0	0	-533	533	35	1	0	0.0
2025-11-03	15:26:22[505]	0	0	0	0	0	0	0	0	0	0	340	-73	-209	347.882227949527	0	0	-530	530	35	1	0	0.0
2025-11-03	15:26:22[680]	0	0	0	0	0	0	0	0	0	0	348	-78	-207	347.366638064725	0	0	-528	528	35	1	0	0.0
2025-11-03	15:26:22[875]	0	0	0	0	0	0	0	0	0	0	349	-76	-209	347.714780532695	0	0	-530	530	35	1	0	0.0
2025-11-03	15:26:23[050]	0	0	0	0	0	0	0	0	0	0	349	-78	-204	347.401679701948	0	0	-525	525	35	1	0	0.0
2025-11-03	15:26:23[225]	0	0	0	0	0	0	0	0	0	0	347	-74	-205	347.96163638855	0	0	-526	526	35	1	0	0.0
2025-11-03	15:26:23[401]	0	0	0	0	0	0	0	0	0	0	342	-80	-211	346.834205545559	0	0	-532	532	35	1	0	0.0
2025-11-03	15:26:23[577]	0	0	0	0	0	0	0	0	0	0	346	-71	-206	348.403750078301	0	0	-527	527	35	1	0	0.0
2025-11-03	15:26:23[769]	0	0	0	0	0	0	0	0	0	0	343	-72	-203	348.145020592504	0	0	-524	524	35	1	0	0.0
2025-11-03	15:26:23[945]	0	0	0	0	0	0	0	0	0	0	347	-83	-202	346.547989642865	0	0	-523	523	35	1	0	0.0
2025-11-03	15:26:24[120]	0	0	0	0	0	0	0	0	0	0	350	-70	-207	348.69006752598	0	0	-528	528	35	1	0	0.0
2025-11-03	15:26:24[297]	0	0	0	0	0	0	0	0	0	0	343	-74	-216	347.825412071663	0	0	-537	537	35	1	0	0.0
2025-11-03	15:26:24[473]	0	0	0	0	0	0	0	0	0	0	343	-78	-211	347.18851420447	0	0	-532	532	35	1	0	0.0
2025-11-03	15:26:24[650]	0	0	0	0	0	0	0	0	0	0	347	-78	-208	347.331404146098	0	0	-529	529	35	1	0	0.0
2025-11-03	15:26:24[841]	0	0	0	0	0	0	0	0	0	0	348	-74	-211	347.995224442279	0	0	-532	532	35	1	0	0.0
2025-11-03	15:26:25[016]	0	0	0	0	0	0	0	0	0	0	348	-75	-203	347.837796480318	0	0	-524	524	35	1	0	0.0
2025-11-03	15:26:25[193]	0	0	0	0	0	0	0	0	0	0	351	-77	-208	347.626839965807	0	0	-529	529	35	1	0	0.0
2025-11-03	15:26:25[368]	0	0	0	0	0	0	0	0	0	0	347	-81	-210	346.860758072637	0	0	-531	531	35	1	0	0.0
2025-11-03	15:26:25[545]	0	0	0	0	0	0	0	0	0	0	349	-74	-205	348.02862831852	0	0	-526	526	34	1	0	0.0
2025-11-03	15:26:25[736]	0	0	0	0	0	0	0	0	0	0	343	-76	-212	347.506570970831	0	0	-533	533	34	1	0	0.0
2025-11-03	15:26:25[912]	0	0	0	0	0	0	0	0	0	0	350	-79	-203	347.280668937867	0	0	-524	524	34	1	0	0.0
2025-11-03	15:26:26[489]	0	0	0	0	0	0	0	0	0	0	350	-69	-210	348.847559651352	0	0	-531	531	34	1	0	0.0
2025-11-03	15:26:26[497]	0	0	0	0	0	0	0	0	0	0	348	-81	-203	346.897210058738	0	0	-524	524	34	1	0	0.0
2025-11-03	15:26:26[504]	0	0	0	0	0	0	0	0	0	0	350	-78	-204	347.436530601482	0	0	-525	525	34	1	0	0.0
2025-11-03	15:26:26[615]	0	0	0	0	0	0	0	0	0	0	345	-79	-209	347.102453474402	0	0	-530	530	34	1	0	0.0
2025-11-03	15:26:26[808]	0	0	0	0	0	0	0	0	0	0	347	-74	-210	347.96163638855	0	0	-531	531	34	1	0	0.0
2025-11-03	15:26:26[986]	0	0	0	0	0	0	0	0	0	0	344	-71	-215	348.338171573984	0	0	-536	536	34	1	0	0.0
2025-11-03	15:26:27[161]	0	0	0	0	0	0	0	0	0	0	351	-78	-202	347.471192290848	0	0	-523	523	34	1	0	0.0
2025-11-03	15:26:27[336]	0	0	0	0	0	0	0	0	0	0	346	-73	-210	348.086307394744	0	0	-531	531	34	1	0	0.0
2025-11-03	15:26:27[514]	0	0	0	0	0	0	0	0	0	0	349	-74	-211	348.02862831852	0	0	-532	532	34	1	0	0.0
2025-11-03	15:26:27[688]	0	0	0	0	0	0	0	0	0	0	349	-77	-209	347.558135743862	0	0	-530	530	34	1	0	0.0
2025-11-03	15:26:27[880]	0	0	0	0	0	0	0	0	0	0	344	-74	-211	347.859752039722	0	0	-532	532	34	1	0	0.0
2025-11-03	15:26:28[056]	0	0	0	0	0	0	0	0	0	0	347	-73	-205	348.119663787403	0	0	-526	526	34	1	0	0.0
2025-11-03	15:26:28[231]	0	0	0	0	0	0	0	0	0	0	342	-72	-213	348.111341960372	0	0	-534	534	34	1	0	0.0
2025-11-03	15:26:28[409]	0	0	0	0	0	0	0	0	0	0	351	-78	-206	347.471192290848	0	0	-527	527	34	1	0	0.0
2025-11-03	15:26:28[585]	0	0	0	0	0	0	0	0	0	0	351	-68	-211	349.035786629537	0	0	-532	532	34	1	0	0.0
2025-11-03	15:26:28[775]	0	0	0	0	0	0	0	0	0	0	339	-78	-207	347.042419905907	0	0	-528	528	34	1	0	0.0
2025-11-03	15:26:28[951]	0	0	0	0	0	0	0	0	0	0	344	-83	-213	346.434992893359	0	0	-534	534	34	1	0	0.0
2025-11-03	15:26:29[128]	0	0	0	0	0	0	0	0	0	0	350	-75	-211	347.905242922988	0	0	-532	532	34	1	0	0.0
2025-11-03	15:26:29[303]	0	0	0	0	0	0	0	0	0	0	342	-73	-211	347.951015455302	0	0	-532	532	34	1	0	0.0
2025-11-03	15:26:29[479]	0	0	0	0	0	0	0	0	0	0	346	-77	-210	347.453659923124	0	0	-531	531	34	1	0	0.0
2025-11-03	15:26:29[673]	0	0	0	0	0	0	0	0	0	0	347	-72	-206	348.277874784577	0	0	-527	527	34	1	0	0.0
2025-11-03	15:26:29[848]	0	0	0	0	0	0	0	0	0	0	346	-69	-212	348.72191620503	0	0	-533	533	34	1	0	0.0
2025-11-03	15:26:30[023]	0	0	0	0	0	0	0	0	0	0	351	-75	-204	347.938690542956	0	0	-525	525	34	1	0	0.0
2025-11-03	15:26:30[199]	0	0	0	0	0	0	0	0	0	0	348	-76	-201	347.680554743363	0	0	-522	522	34	1	0	0.0
2025-11-03	15:26:30[375]	0	0	0	0	0	0	0	0	0	0	345	-75	-203	347.735226272108	0	0	-524	524	34	1	0	0.0
2025-11-03	15:26:30[551]	0	0	0	0	0	0	0	0	0	0	346	-73	-207	348.086307394744	0	0	-528	528	33	1	0	0.0
2025-11-03	15:26:30[726]	0	0	0	0	0	0	0	0	0	0	347	-73	-207	348.119663787403	0	0	-528	528	33	1	0	0.0
2025-11-03	15:26:30[903]	0	0	0	0	0	0	0	0	0	0	348	-80	-205	347.053490484363	0	0	-526	526	33	1	0	0.0
2025-11-03	15:26:31[095]	0	0	0	0	0	0	0	0	0	0	343	-76	-210	347.506570970831	0	0	-531	531	33	1	0	0.0
2025-11-03	15:26:31[271]	0	0	0	0	0	0	0	0	0	0	351	-75	-216	347.938690542956	0	0	-537	537	33	1	0	0.0
2025-11-03	15:26:31[446]	0	0	0	0	0	0	0	0	0	0	345	-77	-207	347.418449949643	0	0	-528	528	33	1	0	0.0
2025-11-03	15:26:31[623]	0	0	0	0	0	0	0	0	0	0	350	-79	-208	347.280668937867	0	0	-529	529	33	1	0	0.0
2025-11-03	15:26:31[802]	0	0	0	0	0	0	0	0	0	0	347	-76	-217	347.646140692219	0	0	-538	538	33	1	0	0.0
2025-11-03	15:26:31[978]	0	0	0	0	0	0	0	0	0	0	341	-72	-210	348.077474206366	0	0	-531	531	33	1	0	0.0
2025-11-03	15:26:32[200]	0	0	0	0	0	0	0	0	0	0	351	-77	-207	347.626839965807	0	0	-528	528	33	1	0	0.0
2025-11-03	15:26:32[346]	0	0	0	0	0	0	0	0	0	0	346	-70	-211	348.562743781092	0	0	-532	532	33	1	0	0.0
2025-11-03	15:26:32[522]	0	0	0	0	0	0	0	0	0	0	351	-72	-206	348.407824589709	0	0	-527	527	33	1	0	0.0
2025-11-03	15:26:32[698]	0	0	0	0	0	0	0	0	0	0	342	-76	-205	347.471192290848	0	0	-526	526	33	1	0	0.0
2025-11-03	15:26:32[875]	0	0	0	0	0	0	0	0	0	0	345	-75	-206	347.735226272108	0	0	-527	527	33	1	0	0.0
2025-11-03	15:26:33[050]	0	0	0	0	0	0	0	0	0	0	344	-76	-214	347.541753559995	0	0	-535	535	33	1	0	0.0
2025-11-03	15:26:33[242]	0	0	0	0	0	0	0	0	0	0	345	-68	-209	348.849843407171	0	0	-530	530	33	1	0	0.0
2025-11-03	15:26:33[419]	0	0	0	0	0	0	0	0	0	0	343	-75	-208	347.665894530157	0	0	-529	529	33	1	0	0.0
2025-11-03	15:26:33[595]	0	0	0	0	0	0	0	0	0	0	346	-71	-208	348.403750078301	0	0	-529	529	33	1	0	0.0
2025-11-03	15:26:33[770]	0	0	0	0	0	0	0	0	0	0	351	-80	-211	347.160461974436	0	0	-532	532	33	1	0	0.0
2025-11-03	15:26:33[946]	0	0	0	0	0	0	0	0	0	0	350	-83	-210	346.659153289127	0	0	-531	531	33	1	0	0.0
2025-11-03	15:26:34[122]	0	0	0	0	0	0	0	0	0	0	349	-76	-205	347.714780532695	0	0	-526	526	33	1	0	0.0
2025-11-03	15:26:34[315]	0	0	0	0	0	0	0	0	0	0	345	-74	-201	347.89390171579	0	0	-522	522	33	1	0	0.0
2025-11-03	15:26:34[491]	0	0	0	0	0	0	0	0	0	0	342	-75	-202	347.630938474074	0	0	-523	523	33	1	0	0.0
2025-11-03	15:26:34[666]	0	0	0	0	0	0	0	0	0	0	350	-79	-209	347.280668937867	0	0	-530	530	33	1	0	0.0
2025-11-03	15:26:34[842]	0	0	0	0	0	0	0	0	0	0	350	-72	-208	348.375604275651	0	0	-529	529	33	1	0	0.0
2025-11-03	15:26:35[020]	0	0	0	0	0	0	0	0	0	0	349	-73	-199	348.185827259393	0	0	-520	520	33	1	0	0.0
2025-11-03	15:26:35[193]	0	0	0	0	0	0	0	0	0	0	343	-78	-212	347.18851420447	0	0	-533	533	33	1	0	0.0
2025-11-03	15:26:35[385]	0	0	0	0	0	0	0	0	0	0	349	-74	-205	348.02862831852	0	0	-526	526	33	1	0	0.0
2025-11-03	15:26:35[562]	0	0	0	0	0	0	0	0	0	0	353	-78	-210	347.539954069433	0	0	-531	531	32	1	0	0.0
2025-11-03	15:26:35[738]	0	0	0	0	0	0	0	0	0	0	348	-73	-209	348.152836579068	0	0	-530	530	32	1	0	0.0
2025-11-03	15:26:35[913]	0	0	0	0	0	0	0	0	0	0	345	-76	-211	347.576741657811	0	0	-532	532	32	1	0	0.0
2025-11-03	15:26:36[090]	0	0	0	0	0	0	0	0	0	0	350	-72	-207	348.375604275651	0	0	-528	528	32	1	0	0.0
2025-11-03	15:26:36[283]	0	0	0	0	0	0	0	0	0	0	354	-71	-211	348.658945432619	0	0	-532	532	32	1	0	0.0
2025-11-03	15:26:36[460]	0	0	0	0	0	0	0	0	0	0	343	-72	-206	348.145020592504	0	0	-527	527	32	1	0	0.0
2025-11-03	15:26:36[634]	0	0	0	0	0	0	0	0	0	0	351	-70	-209	348.721462470516	0	0	-530	530	32	1	0	0.0
2025-11-03	15:26:36[810]	0	0	0	0	0	0	0	0	0	0	350	-74	-213	348.061849505495	0	0	-534	534	32	1	0	0.0
2025-11-03	15:26:36[987]	0	0	0	0	0	0	0	0	0	0	348	-73	-211	348.152836579068	0	0	-532	532	32	1	0	0.0
2025-11-03	15:26:37[161]	0	0	0	0	0	0	0	0	0	0	351	-78	-208	347.471192290848	0	0	-529	529	32	1	0	0.0
2025-11-03	15:26:37[353]	0	0	0	0	0	0	0	0	0	0	348	-76	-209	347.680554743363	0	0	-530	530	32	1	0	0.0
2025-11-03	15:26:38[452]	0	0	0	0	0	0	0	0	0	0	351	-80	-208	347.160461974436	0	0	-529	529	32	1	0	0.0
2025-11-03	15:26:38[458]	0	0	0	0	0	0	0	0	0	0	344	-76	-214	347.541753559995	0	0	-535	535	32	1	0	0.0
2025-11-03	15:26:38[480]	0	0	0	0	0	0	0	0	0	0	348	-75	-205	347.837796480318	0	0	-526	526	32	1	0	0.0
2025-11-03	15:26:38[486]	0	0	0	0	0	0	0	0	0	0	342	-78	-208	347.152295141282	0	0	-529	529	32	1	0	0.0
2025-11-03	15:26:38[493]	0	0	0	0	0	0	0	0	0	0	344	-75	-209	347.700656601201	0	0	-530	530	32	1	0	0.0
2025-11-03	15:26:38[501]	0	0	0	0	0	0	0	0	0	0	350	-72	-207	348.375604275651	0	0	-528	528	32	1	0	0.0
2025-11-03	15:26:38[601]	0	0	0	0	0	0	0	0	0	0	353	-78	-209	347.539954069433	0	0	-530	530	32	1	0	0.0
2025-11-03	15:26:38[776]	0	0	0	0	0	0	0	0	0	0	348	-70	-207	348.626757298141	0	0	-528	528	32	1	0	0.0
2025-11-03	15:26:38[952]	0	0	0	0	0	0	0	0	0	0	343	-77	-212	347.347443499442	0	0	-533	533	32	1	0	0.0
2025-11-03	15:26:39[130]	0	0	0	0	0	0	0	0	0	0	349	-83	-206	346.622299709637	0	0	-527	527	32	1	0	0.0
2025-11-03	15:26:39[320]	0	0	0	0	0	0	0	0	0	0	347	-74	-207	347.96163638855	0	0	-528	528	32	1	0	0.0
2025-11-03	15:26:39[498]	0	0	0	0	0	0	0	0	0	0	350	-75	-199	347.905242922988	0	0	-520	520	32	1	0	0.0
2025-11-03	15:26:39[672]	0	0	0	0	0	0	0	0	0	0	347	-77	-207	347.488676507429	0	0	-528	528	32	1	0	0.0
2025-11-03	15:26:39[848]	0	0	0	0	0	0	0	0	0	0	353	-79	-206	347.385291636299	0	0	-527	527	32	1	0	0.0
2025-11-03	15:26:40[024]	0	0	0	0	0	0	0	0	0	0	346	-79	-203	347.138488264227	0	0	-524	524	32	1	0	0.0
2025-11-03	15:26:40[201]	0	0	0	0	0	0	0	0	0	0	351	-76	-201	347.782673375492	0	0	-522	522	32	1	0	0.0
2025-11-03	15:26:40[392]	0	0	0	0	0	0	0	0	0	0	353	-78	-206	347.539954069433	0	0	-527	527	32	1	0	0.0
2025-11-03	15:26:40[569]	0	0	0	0	0	0	0	0	0	0	351	-72	-205	348.407824589709	0	0	-526	526	32	1	0	0.0
2025-11-03	15:26:40[745]	0	0	0	0	0	0	0	0	0	0	345	-81	-206	346.787253121665	0	0	-527	527	32	1	0	0.0
2025-11-03	15:26:40[922]	0	0	0	0	0	0	0	0	0	0	351	-69	-204	348.87853980511	0	0	-525	525	32	1	0	0.0
2025-11-03	15:26:41[098]	0	0	0	0	0	0	0	0	0	0	344	-75	-211	347.700656601201	0	0	-532	532	32	1	0	0.0
2025-11-03	15:26:41[288]	0	0	0	0	0	0	0	0	0	0	351	-76	-208	347.782673375492	0	0	-529	529	32	1	0	0.0
2025-11-03	15:26:41[465]	0	0	0	0	0	0	0	0	0	0	345	-71	-210	348.371052005753	0	0	-531	531	32	1	0	0.0
2025-11-03	15:26:41[640]	0	0	0	0	0	0	0	0	0	0	350	-74	-211	348.061849505495	0	0	-532	532	32	1	0	0.0
2025-11-03	15:26:41[816]	0	0	0	0	0	0	0	0	0	0	351	-75	-208	347.938690542956	0	0	-529	529	32	1	0	0.0
2025-11-03	15:26:41[992]	0	0	0	0	0	0	0	0	0	0	351	-75	-212	347.938690542956	0	0	-533	533	32	1	0	0.0
2025-11-03	15:26:42[168]	0	0	0	0	0	0	0	0	0	0	345	-75	-211	347.735226272108	0	0	-532	532	32	1	0	0.0
2025-11-03	15:26:42[360]	0	0	0	0	0	0	0	0	0	0	350	-72	-205	348.375604275651	0	0	-526	526	32	1	0	0.0
2025-11-03	15:26:42[536]	0	0	0	0	0	0	0	0	0	0	349	-80	-196	347.089341794963	0	0	-517	517	32	1	0	0.0
2025-11-03	15:26:42[715]	0	0	0	0	0	0	0	0	0	0	345	-71	-201	348.371052005753	0	0	-522	522	32	1	0	0.0
2025-11-03	15:26:42[888]	0	0	0	0	0	0	0	0	0	0	351	-78	-206	347.471192290848	0	0	-527	527	32	1	0	0.0
2025-11-03	15:26:43[064]	0	0	0	0	0	0	0	0	0	0	343	-76	-208	347.506570970831	0	0	-529	529	32	1	0	0.0
2025-11-03	15:26:43[256]	0	0	0	0	0	0	0	0	0	0	342	-75	-200	347.630938474074	0	0	-521	521	32	1	0	0.0
2025-11-03	15:26:43[432]	0	0	0	0	0	0	0	0	0	0	349	-76	-199	347.714780532695	0	0	-520	520	32	1	0	0.0
2025-11-03	15:26:43[609]	0	0	0	0	0	0	0	0	0	0	348	-73	-206	348.152836579068	0	0	-527	527	32	1	0	0.0
2025-11-03	15:26:43[786]	0	0	0	0	0	0	0	0	0	0	351	-79	-203	347.315732311893	0	0	-524	524	32	1	0	0.0
2025-11-03	15:26:43[962]	0	0	0	0	0	0	0	0	0	0	347	-73	-209	348.119663787403	0	0	-530	530	32	1	0	0.0
2025-11-03	15:26:44[134]	0	0	0	0	0	0	0	0	0	0	350	-77	-209	347.592581472599	0	0	-530	530	32	1	0	0.0
2025-11-03	15:26:44[327]	0	0	0	0	0	0	0	0	0	0	351	-74	-204	348.09488947568	0	0	-525	525	32	1	0	0.0
2025-11-03	15:26:44[503]	0	0	0	0	0	0	0	0	0	0	345	-71	-216	348.371052005753	0	0	-537	537	32	1	0	0.0
2025-11-03	15:26:44[680]	0	0	0	0	0	0	0	0	0	0	348	-76	-202	347.680554743363	0	0	-523	523	32	1	0	0.0
2025-11-03	15:26:44[856]	0	0	0	0	0	0	0	0	0	0	340	-71	-205	348.204795847639	0	0	-526	526	32	1	0	0.0
2025-11-03	15:26:45[032]	0	0	0	0	0	0	0	0	0	0	350	-75	-206	347.905242922988	0	0	-527	527	32	1	0	0.0
2025-11-03	15:26:45[207]	0	0	0	0	0	0	0	0	0	0	349	-71	-203	348.500764978521	0	0	-524	524	32	1	0	0.0
2025-11-03	15:26:45[399]	0	0	0	0	0	0	0	0	0	0	353	-77	-213	347.694801222715	0	0	-534	534	32	1	0	0.0
2025-11-03	15:26:45[578]	0	0	0	0	0	0	0	0	0	0	345	-82	-204	346.629956502257	0	0	-525	525	32	1	0	0.0
2025-11-03	15:26:45[751]	0	0	0	0	0	0	0	0	0	0	345	-77	-211	347.418449949643	0	0	-532	532	32	1	0	0.0
2025-11-03	15:26:45[928]	0	0	0	0	0	0	0	0	0	0	344	-73	-203	348.019037767431	0	0	-524	524	32	1	0	0.0
2025-11-03	15:26:46[103]	0	0	0	0	0	0	0	0	0	0	359	-72	-208	348.659378841441	0	0	-529	529	32	1	0	0.0
2025-11-03	15:26:46[295]	0	0	0	0	0	0	0	0	0	0	344	-78	-210	347.22453301724	0	0	-531	531	32	1	0	0.0
2025-11-03	15:26:46[472]	0	0	0	0	0	0	0	0	0	0	351	-78	-201	347.471192290848	0	0	-522	522	32	1	0	0.0
2025-11-03	15:26:46[649]	0	0	0	0	0	0	0	0	0	0	350	-77	-214	347.592581472599	0	0	-535	535	32	1	0	0.0
2025-11-03	15:26:46[822]	0	0	0	0	0	0	0	0	0	0	348	-71	-212	348.468605096803	0	0	-533	533	32	1	0	0.0
2025-11-03	15:26:46[998]	0	0	0	0	0	0	0	0	0	0	351	-78	-201	347.471192290848	0	0	-522	522	32	1	0	0.0
2025-11-03	15:26:47[190]	0	0	0	0	0	0	0	0	0	0	347	-73	-207	348.119663787403	0	0	-528	528	32	1	0	0.0
2025-11-03	15:26:47[368]	0	0	0	0	0	0	0	0	0	0	351	-68	-206	349.035786629537	0	0	-527	527	32	1	0	0.0
2025-11-03	15:26:47[543]	0	0	0	0	0	0	0	0	0	0	347	-70	-203	348.594839171262	0	0	-524	524	32	1	0	0.0
2025-11-03	15:26:47[719]	0	0	0	0	0	0	0	0	0	0	350	-77	-202	347.592581472599	0	0	-523	523	32	1	0	0.0
2025-11-03	15:26:47[895]	0	0	0	0	0	0	0	0	0	0	345	-78	-203	347.260353207518	0	0	-524	524	32	1	0	0.0
2025-11-03	15:26:48[071]	0	0	0	0	0	0	0	0	0	0	347	-69	-204	348.753588319815	0	0	-525	525	32	1	0	0.0
2025-11-03	15:26:48[263]	0	0	0	0	0	0	0	0	0	0	352	-78	-201	347.505666281582	0	0	-522	522	32	1	0	0.0
2025-11-03	15:26:48[438]	0	0	0	0	0	0	0	0	0	0	350	-75	-209	347.905242922988	0	0	-530	530	32	1	0	0.0
2025-11-03	15:26:48[615]	0	0	0	0	0	0	0	0	0	0	347	-74	-206	347.96163638855	0	0	-527	527	32	1	0	0.0
2025-11-03	15:26:48[855]	0	0	0	0	0	0	0	0	0	0	352	-75	-205	347.971956395086	0	0	-526	526	32	1	0	0.0
2025-11-03	15:26:48[967]	0	0	0	0	0	0	0	0	0	0	351	-78	-211	347.471192290848	0	0	-532	532	32	1	0	0.0
2025-11-03	15:26:49[142]	0	0	0	0	0	0	0	0	0	0	348	-77	-203	347.523501265524	0	0	-524	524	32	1	0	0.0
2025-11-03	15:26:49[334]	0	0	0	0	0	0	0	0	0	0	345	-72	-200	348.211816700892	0	0	-521	521	32	1	0	0.0
2025-11-03	15:26:49[511]	0	0	0	0	0	0	0	0	0	0	347	-73	-203	348.119663787403	0	0	-524	524	32	1	0	0.0
2025-11-03	15:26:49[686]	0	0	0	0	0	0	0	0	0	0	344	-79	-206	347.066219646798	0	0	-527	527	32	1	0	0.0
2025-11-03	15:26:49[863]	0	0	0	0	0	0	0	0	0	0	354	-72	-213	348.503436982414	0	0	-534	534	32	1	0	0.0
2025-11-03	15:26:50[039]	0	0	0	0	0	0	0	0	0	0	349	-72	-204	348.343206835177	0	0	-525	525	32	1	0	0.0
2025-11-03	15:26:50[230]	0	0	0	0	0	0	0	0	0	0	350	-77	-205	347.592581472599	0	0	-526	526	32	1	0	0.0
2025-11-03	15:26:50[405]	0	0	0	0	0	0	0	0	0	0	343	-75	-205	347.665894530157	0	0	-526	526	32	1	0	0.0
2025-11-03	15:26:50[582]	0	0	0	0	0	0	0	0	0	0	347	-77	-210	347.488676507429	0	0	-531	531	32	1	0	0.0
2025-11-03	15:26:50[759]	0	0	0	0	0	0	0	0	0	0	351	-70	-201	348.721462470516	0	0	-522	522	32	1	0	0.0
2025-11-03	15:26:50[934]	0	0	0	0	0	0	0	0	0	0	344	-78	-207	347.22453301724	0	0	-528	528	32	1	0	0.0
2025-11-03	15:26:51[111]	0	0	0	0	0	0	0	0	0	0	343	-69	-208	348.625834616215	0	0	-529	529	32	1	0	0.0
2025-11-03	15:26:51[302]	0	0	0	0	0	0	0	0	0	0	340	-73	-209	347.882227949527	0	0	-530	530	32	1	0	0.0
2025-11-03	15:26:51[478]	0	0	0	0	0	0	0	0	0	0	346	-75	-207	347.769605110843	0	0	-528	528	32	1	0	0.0
2025-11-03	15:26:51[654]	0	0	0	0	0	0	0	0	0	0	346	-71	-210	348.403750078301	0	0	-531	531	32	1	0	0.0
2025-11-03	15:26:51[830]	0	0	0	0	0	0	0	0	0	0	346	-73	-209	348.086307394744	0	0	-530	530	32	1	0	0.0
2025-11-03	15:26:52[005]	0	0	0	0	0	0	0	0	0	0	349	-79	-204	347.245414395023	0	0	-525	525	32	1	0	0.0
2025-11-03	15:26:52[199]	0	0	0	0	0	0	0	0	0	0	348	-75	-202	347.837796480318	0	0	-523	523	32	1	0	0.0
2025-11-03	15:26:52[376]	0	0	0	0	0	0	0	0	0	0	346	-77	-205	347.453659923124	0	0	-526	526	32	1	0	0.0
2025-11-03	15:26:52[549]	0	0	0	0	0	0	0	0	0	0	346	-77	-206	347.453659923124	0	0	-527	527	32	1	0	0.0
2025-11-03	15:26:52[726]	0	0	0	0	0	0	0	0	0	0	348	-70	-203	348.626757298141	0	0	-524	524	32	1	0	0.0
2025-11-03	15:26:52[901]	0	0	0	0	0	0	0	0	0	0	352	-74	-207	348.127749686015	0	0	-528	528	32	1	0	0.0
2025-11-03	15:26:53[077]	0	0	0	0	0	0	0	0	0	0	350	-77	-207	347.592581472599	0	0	-528	528	32	1	0	0.0
2025-11-03	15:26:53[271]	0	0	0	0	0	0	0	0	0	0	348	-73	-204	348.152836579068	0	0	-525	525	32	1	0	0.0
2025-11-03	15:26:53[446]	0	0	0	0	0	0	0	0	0	0	345	-69	-202	348.69006752598	0	0	-523	523	32	1	0	0.0
2025-11-03	15:26:53[622]	0	0	0	0	0	0	0	0	0	0	354	-72	-203	348.503436982414	0	0	-524	524	32	1	0	0.0
2025-11-03	15:26:53[797]	0	0	0	0	0	0	0	0	0	0	349	-74	-200	348.02862831852	0	0	-521	521	32	1	0	0.0
2025-11-03	15:26:53[973]	0	0	0	0	0	0	0	0	0	0	354	-72	-203	348.503436982414	0	0	-524	524	32	1	0	0.0
2025-11-03	15:26:54[165]	0	0	0	0	0	0	0	0	0	0	347	-71	-200	348.436267283393	0	0	-521	521	32	1	0	0.0
2025-11-03	15:26:54[341]	0	0	0	0	0	0	0	0	0	0	343	-73	-209	347.98512147243	0	0	-530	530	32	1	0	0.0
2025-11-03	15:26:54[517]	0	0	0	0	0	0	0	0	0	0	345	-77	-211	347.418449949643	0	0	-532	532	32	1	0	0.0
2025-11-03	15:26:54[694]	0	0	0	0	0	0	0	0	0	0	346	-72	-205	348.244937240301	0	0	-526	526	32	1	0	0.0
2025-11-03	15:26:54[869]	0	0	0	0	0	0	0	0	0	0	356	-64	-211	349.808498149972	0	0	-532	532	32	1	0	0.0
2025-11-03	15:26:55[045]	0	0	0	0	0	0	0	0	0	0	346	-84	-198	346.354048720779	0	0	-519	519	32	1	0	0.0
2025-11-03	15:26:55[237]	0	0	0	0	0	0	0	0	0	0	349	-72	-208	348.343206835177	0	0	-529	529	32	1	0	0.0
2025-11-03	15:26:55[412]	0	0	0	0	0	0	0	0	0	0	351	-79	-212	347.315732311893	0	0	-533	533	32	1	0	0.0
2025-11-03	15:26:55[589]	0	0	0	0	0	0	0	0	0	0	349	-74	-205	348.02862831852	0	0	-526	526	32	1	0	0.0
2025-11-03	15:26:55[764]	0	0	0	0	0	0	0	0	0	0	350	-69	-205	348.847559651352	0	0	-526	526	32	1	0	0.0
2025-11-03	15:26:55[940]	0	0	0	0	0	0	0	0	0	0	353	-74	-206	348.160431578102	0	0	-527	527	32	1	0	0.0
2025-11-03	15:26:56[134]	0	0	0	0	0	0	0	0	0	0	349	-79	-203	347.245414395023	0	0	-524	524	32	1	0	0.0
2025-11-03	15:26:56[309]	0	0	0	0	0	0	0	0	0	0	353	-74	-214	348.160431578102	0	0	-535	535	32	1	0	0.0
2025-11-03	15:26:56[485]	0	0	0	0	0	0	0	0	0	0	352	-78	-206	347.505666281582	0	0	-527	527	32	1	0	0.0
2025-11-03	15:26:56[660]	0	0	0	0	0	0	0	0	0	0	343	-72	-209	348.145020592504	0	0	-530	530	32	1	0	0.0
2025-11-03	15:26:56[836]	0	0	0	0	0	0	0	0	0	0	345	-71	-206	348.371052005753	0	0	-527	527	32	1	0	0.0
2025-11-03	15:26:57[012]	0	0	0	0	0	0	0	0	0	0	352	438	-206	51.2127972265226	0	0	-527	527	32	1	0	0.0
2025-11-03	15:26:57[205]	0	0	0	0	0	0	0	0	0	0	350	-77	-202	347.592581472599	0	0	-523	523	32	1	0	0.0
2025-11-03	15:26:57[380]	0	0	0	0	0	0	0	0	0	0	345	-76	-209	347.576741657811	0	0	-530	530	32	1	0	0.0
2025-11-03	15:26:57[555]	0	0	0	0	0	0	0	0	0	0	342	-73	-209	347.951015455302	0	0	-530	530	32	1	0	0.0
2025-11-03	15:26:57[733]	0	0	0	0	0	0	0	0	0	0	347	-70	-213	348.594839171262	0	0	-534	534	32	1	0	0.0
2025-11-03	15:26:57[908]	0	0	0	0	0	0	0	0	0	0	348	-74	-205	347.995224442279	0	0	-526	526	32	1	0	0.0
2025-11-03	15:26:58[100]	0	0	0	0	0	0	0	0	0	0	346	-77	-202	347.453659923124	0	0	-523	523	32	1	0	0.0
2025-11-03	15:26:58[278]	0	0	0	0	0	0	0	0	0	0	342	-73	-206	347.951015455302	0	0	-527	527	32	1	0	0.0
2025-11-03	15:26:58[452]	0	0	0	0	0	0	0	0	0	0	345	-76	-199	347.576741657811	0	0	-520	520	32	1	0	0.0
2025-11-03	15:26:58[627]	0	0	0	0	0	0	0	0	0	0	345	-73	-205	348.052765895401	0	0	-526	526	32	1	0	0.0
2025-11-03	15:26:58[803]	0	0	0	0	0	0	0	0	0	0	347	-70	-205	348.594839171262	0	0	-526	526	32	1	0	0.0
2025-11-03	15:26:58[980]	0	0	0	0	0	0	0	0	0	0	348	-78	-207	347.366638064725	0	0	-528	528	32	1	0	0.0
2025-11-03	15:26:59[172]	0	0	0	0	0	0	0	0	0	0	349	-74	-205	348.02862831852	0	0	-526	526	32	1	0	0.0
2025-11-03	15:26:59[348]	0	0	0	0	0	0	0	0	0	0	347	-78	-198	347.331404146098	0	0	-519	519	32	1	0	0.0
2025-11-03	15:26:59[524]	0	0	0	0	0	0	0	0	0	0	344	-73	-208	348.019037767431	0	0	-529	529	32	1	0	0.0
2025-11-03	15:26:59[701]	0	0	0	0	0	0	0	0	0	0	352	-76	-204	347.816343414013	0	0	-525	525	32	1	0	0.0
2025-11-03	15:26:59[875]	0	0	0	0	0	0	0	0	0	0	352	-75	-206	347.971956395086	0	0	-527	527	32	1	0	0.0
2025-11-03	15:27:00[070]	0	0	0	0	0	0	0	0	0	0	345	-70	-205	348.530469667133	0	0	-526	526	32	1	0	0.0
2025-11-03	15:27:00[244]	0	0	0	0	0	0	0	0	0	0	346	-74	-197	347.927862653164	0	0	-518	518	32	1	0	0.0
2025-11-03	15:27:00[419]	0	0	0	0	0	0	0	0	0	0	348	-77	-200	347.523501265524	0	0	-521	521	32	1	0	0.0
2025-11-03	15:27:00[597]	0	0	0	0	0	0	0	0	0	0	344	-81	-209	346.750196906101	0	0	-530	530	32	1	0	0.0
2025-11-03	15:27:00[771]	0	0	0	0	0	0	0	0	0	0	349	-70	-199	348.658499606577	0	0	-520	520	32	1	0	0.0
2025-11-03	15:27:00[948]	0	0	0	0	0	0	0	0	0	0	353	-74	-200	348.160431578102	0	0	-521	521	32	1	0	0.0
2025-11-03	15:27:01[140]	0	0	0	0	0	0	0	0	0	0	354	-77	-213	347.728506935969	0	0	-534	534	32	1	0	0.0
2025-11-03	15:27:01[315]	0	0	0	0	0	0	0	0	0	0	345	-70	-208	348.530469667133	0	0	-529	529	32	1	0	0.0
2025-11-03	15:27:01[492]	0	0	0	0	0	0	0	0	0	0	351	-79	-204	347.315732311893	0	0	-525	525	32	1	0	0.0
2025-11-03	15:27:01[668]	0	0	0	0	0	0	0	0	0	0	342	-72	-211	348.111341960372	0	0	-532	532	32	1	0	0.0
2025-11-03	15:27:01[844]	0	0	0	0	0	0	0	0	0	0	339	-75	-203	347.524890287791	0	0	-524	524	32	1	0	0.0
2025-11-03	15:27:02[034]	0	0	0	0	0	0	0	0	0	0	348	-77	-200	347.523501265524	0	0	-521	521	32	1	0	0.0
2025-11-03	15:27:02[211]	0	0	0	0	0	0	0	0	0	0	357	-81	-198	347.216546058576	0	0	-519	519	32	1	0	0.0
2025-11-03	15:27:02[390]	0	0	0	0	0	0	0	0	0	0	347	-73	-208	348.119663787403	0	0	-529	529	32	1	0	0.0
2025-11-03	15:27:02[563]	0	0	0	0	0	0	0	0	0	0	344	-73	-208	348.019037767431	0	0	-529	529	32	1	0	0.0
2025-11-03	15:27:02[739]	0	0	0	0	0	0	0	0	0	0	348	-72	-203	348.310630824561	0	0	-524	524	32	1	0	0.0
2025-11-03	15:27:02[915]	0	0	0	0	0	0	0	0	0	0	346	-77	-205	347.453659923124	0	0	-526	526	32	1	0	0.0
2025-11-03	15:27:03[107]	0	0	0	0	0	0	0	0	0	0	348	-73	-201	348.152836579068	0	0	-522	522	32	1	0	0.0
2025-11-03	15:27:03[282]	0	0	0	0	0	0	0	0	0	0	347	-78	-203	347.331404146098	0	0	-524	524	32	1	0	0.0
2025-11-03	15:27:03[459]	0	0	0	0	0	0	0	0	0	0	353	-70	-203	348.78373901666	0	0	-524	524	32	1	0	0.0
2025-11-03	15:27:03[637]	0	0	0	0	0	0	0	0	0	0	351	-71	-209	348.564556709187	0	0	-530	530	32	1	0	0.0
2025-11-03	15:27:03[810]	0	0	0	0	0	0	0	0	0	0	349	-73	-209	348.185827259393	0	0	-530	530	32	1	0	0.0
2025-11-03	15:27:04[004]	0	0	0	0	0	0	0	0	0	0	353	-73	-213	348.315998110682	0	0	-534	534	32	1	0	0.0
2025-11-03	15:27:04[178]	0	0	0	0	0	0	0	0	0	0	348	-72	-202	348.310630824561	0	0	-523	523	32	1	0	0.0
2025-11-03	15:27:04[354]	0	0	0	0	0	0	0	0	0	0	350	-74	-214	348.061849505495	0	0	-535	535	32	1	0	0.0
2025-11-03	15:27:04[532]	0	0	0	0	0	0	0	0	0	0	347	-71	-200	348.436267283393	0	0	-521	521	32	1	0	0.0
2025-11-03	15:27:04[705]	0	0	0	0	0	0	0	0	0	0	350	-78	-200	347.436530601482	0	0	-521	521	32	1	0	0.0
2025-11-03	15:27:04[898]	0	0	0	0	0	0	0	0	0	0	351	-70	-206	348.721462470516	0	0	-527	527	32	1	0	0.0
2025-11-03	15:27:05[076]	0	0	0	0	0	0	0	0	0	0	352	-77	-207	347.660912721674	0	0	-528	528	32	1	0	0.0
2025-11-03	15:27:05[251]	0	0	0	0	0	0	0	0	0	0	347	-73	-205	348.119663787403	0	0	-526	526	32	1	0	0.0
2025-11-03	15:27:05[427]	0	0	0	0	0	0	0	0	0	0	349	-76	-205	347.714780532695	0	0	-526	526	32	1	0	0.0
2025-11-03	15:27:05[603]	0	0	0	0	0	0	0	0	0	0	350	-73	-202	348.218637302202	0	0	-523	523	32	1	0	0.0
2025-11-03	15:27:05[778]	0	0	0	0	0	0	0	0	0	0	350	-73	-204	348.218637302202	0	0	-525	525	32	1	0	0.0
2025-11-03	15:27:06[690]	0	0	0	0	0	0	0	0	0	0	349	-72	-209	348.343206835177	0	0	-530	530	32	1	0	0.0
2025-11-03	15:27:06[708]	0	0	0	0	0	0	0	0	0	0	346	-73	-203	348.086307394744	0	0	-524	524	32	1	0	0.0
2025-11-03	15:27:06[714]	0	0	0	0	0	0	0	0	0	0	349	-73	-209	348.185827259393	0	0	-530	530	32	1	0	0.0
2025-11-03	15:27:06[722]	0	0	0	0	0	0	0	0	0	0	347	-72	-210	348.277874784577	0	0	-531	531	32	1	0	0.0
2025-11-03	15:27:06[736]	0	0	0	0	0	0	0	0	0	0	347	-80	-199	347.017442938386	0	0	-520	520	32	1	0	0.0
2025-11-03	15:27:06[866]	0	0	0	0	0	0	0	0	0	0	341	-72	-208	348.077474206366	0	0	-529	529	32	1	0	0.0
2025-11-03	15:27:07[043]	0	0	0	0	0	0	0	0	0	0	340	-71	-204	348.204795847639	0	0	-525	525	32	1	0	0.0
2025-11-03	15:27:07[220]	0	0	0	0	0	0	0	0	0	0	348	-82	-195	346.741127817819	0	0	-516	516	32	1	0	0.0
2025-11-03	15:27:07[395]	0	0	0	0	0	0	0	0	0	0	347	-78	-206	347.331404146098	0	0	-527	527	32	1	0	0.0
2025-11-03	15:27:07[570]	0	0	0	0	0	0	0	0	0	0	345	-68	-205	348.849843407171	0	0	-526	526	32	1	0	0.0
2025-11-03	15:27:07[747]	0	0	0	0	0	0	0	0	0	0	343	-76	-200	347.506570970831	0	0	-521	521	32	1	0	0.0
2025-11-03	15:27:07[939]	0	0	0	0	0	0	0	0	0	0	343	-78	-198	347.18851420447	0	0	-519	519	32	1	0	0.0
2025-11-03	15:27:08[113]	0	0	0	0	0	0	0	0	0	0	345	-79	-200	347.102453474402	0	0	-521	521	32	1	0	0.0
2025-11-03	15:27:08[290]	0	0	0	0	0	0	0	0	0	0	346	-70	-202	348.562743781092	0	0	-523	523	32	1	0	0.0
2025-11-03	15:27:08[466]	0	0	0	0	0	0	0	0	0	0	353	-73	-204	348.315998110682	0	0	-525	525	32	1	0	0.0
2025-11-03	15:27:08[642]	0	0	0	0	0	0	0	0	0	0	339	-72	-208	348.009165020961	0	0	-529	529	32	1	0	0.0
2025-11-03	15:27:08[833]	0	0	0	0	0	0	0	0	0	0	349	-74	-201	348.02862831852	0	0	-522	522	32	1	0	0.0
2025-11-03	15:27:09[011]	0	0	0	0	0	0	0	0	0	0	350	-75	-203	347.905242922988	0	0	-524	524	32	1	0	0.0
2025-11-03	15:27:09[186]	0	0	0	0	0	0	0	0	0	0	341	-73	-207	347.916718144047	0	0	-528	528	32	1	0	0.0
2025-11-03	15:27:09[362]	0	0	0	0	0	0	0	0	0	0	353	-76	-199	347.849831161238	0	0	-520	520	32	1	0	0.0
2025-11-03	15:27:09[537]	0	0	0	0	0	0	0	0	0	0	348	-79	-209	347.209967142597	0	0	-530	530	32	1	0	0.0
2025-11-03	15:27:09[716]	0	0	0	0	0	0	0	0	0	0	351	-79	-211	347.315732311893	0	0	-532	532	32	1	0	0.0
2025-11-03	15:27:09[905]	0	0	0	0	0	0	0	0	0	0	350	-73	-208	348.218637302202	0	0	-529	529	32	1	0	0.0
2025-11-03	15:27:10[082]	0	0	0	0	0	0	0	0	0	0	343	-78	-201	347.18851420447	0	0	-522	522	32	1	0	0.0
2025-11-03	15:27:10[258]	0	0	0	0	0	0	0	0	0	0	346	-72	-204	348.244937240301	0	0	-525	525	32	1	0	0.0
2025-11-03	15:27:10[433]	0	0	0	0	0	0	0	0	0	0	350	-70	-196	348.69006752598	0	0	-517	517	32	1	0	0.0
2025-11-03	15:27:10[611]	0	0	0	0	0	0	0	0	0	0	349	-76	-200	347.714780532695	0	0	-521	521	32	1	0	0.0
2025-11-03	15:27:10[800]	0	0	0	0	0	0	0	0	0	0	352	-76	-202	347.816343414013	0	0	-523	523	32	1	0	0.0
2025-11-03	15:27:10[978]	0	0	0	0	0	0	0	0	0	0	350	-75	-203	347.905242922988	0	0	-524	524	32	1	0	0.0
2025-11-03	15:27:11[153]	0	0	0	0	0	0	0	0	0	0	345	-73	-208	348.052765895401	0	0	-529	529	32	1	0	0.0
2025-11-03	15:27:11[329]	0	0	0	0	0	0	0	0	0	0	346	-71	-209	348.403750078301	0	0	-530	530	32	1	0	0.0
2025-11-03	15:27:11[505]	0	0	0	0	0	0	0	0	0	0	350	-73	-200	348.218637302202	0	0	-521	521	32	1	0	0.0
2025-11-03	15:27:11[679]	0	0	0	0	0	0	0	0	0	0	340	-77	-200	347.239443357522	0	0	-521	521	32	1	0	0.0
2025-11-03	15:27:12[026]	0	0	0	0	0	0	0	0	0	0	345	-75	-209	347.735226272108	0	0	-530	530	32	1	0	0.0
2025-11-03	15:27:12[049]	0	0	0	0	0	0	0	0	0	0	351	-74	-206	348.09488947568	0	0	-527	527	32	1	0	0.0
2025-11-03	15:27:12[224]	0	0	0	0	0	0	0	0	0	0	351	-75	-202	347.938690542956	0	0	-523	523	32	1	0	0.0
2025-11-03	15:27:12[401]	0	0	0	0	0	0	0	0	0	0	359	-72	-204	348.659378841441	0	0	-525	525	32	1	0	0.0
2025-11-03	15:27:12[577]	0	0	0	0	0	0	0	0	0	0	349	-69	-208	348.816408621127	0	0	-529	529	32	1	0	0.0
2025-11-03	15:27:12[768]	0	0	0	0	0	0	0	0	0	0	351	-71	-195	348.564556709187	0	0	-516	516	32	1	0	0.0
2025-11-03	15:27:12[944]	0	0	0	0	0	0	0	0	0	0	347	-69	-203	348.753588319815	0	0	-524	524	32	1	0	0.0
2025-11-03	15:27:13[121]	0	0	0	0	0	0	0	0	0	0	351	-68	-201	349.035786629537	0	0	-522	522	2	1	0	0.0
2025-11-03	15:27:13[299]	0	0	0	0	0	0	0	0	0	0	340	-73	-204	347.882227949527	0	0	-525	525	32	1	0	0.0
2025-11-03	15:27:13[472]	0	0	0	0	0	0	0	0	0	0	346	-75	-207	347.769605110843	0	0	-528	528	32	1	0	0.0
2025-11-03	15:27:13[648]	0	0	0	0	0	0	0	0	0	0	352	-74	-204	348.127749686015	0	0	-525	525	32	1	0	0.0
2025-11-03	15:27:13[840]	0	0	0	0	0	0	0	0	0	0	349	-76	-207	347.714780532695	0	0	-528	528	32	1	0	0.0
2025-11-03	15:27:14[018]	0	0	0	0	0	0	0	0	0	0	348	-77	-205	347.523501265524	0	0	-526	526	32	1	0	0.0
2025-11-03	15:27:14[192]	0	0	0	0	0	0	0	0	0	0	346	-76	-207	347.611536846691	0	0	-528	528	32	1	0	0.0
2025-11-03	15:27:14[368]	0	0	0	0	0	0	0	0	0	0	346	-74	-205	347.927862653164	0	0	-526	526	32	1	0	0.0
2025-11-03	15:27:14[544]	0	0	0	0	0	0	0	0	0	0	346	-76	-202	347.611536846691	0	0	-523	523	32	1	0	0.0
2025-11-03	15:27:14[738]	0	0	0	0	0	0	0	0	0	0	343	-74	-197	347.825412071663	0	0	-518	518	32	1	0	0.0
2025-11-03	15:27:14[913]	0	0	0	0	0	0	0	0	0	0	349	-75	-206	347.871612064291	0	0	-527	527	32	1	0	0.0
2025-11-03	15:27:15[090]	0	0	0	0	0	0	0	0	0	0	351	-75	-207	347.938690542956	0	0	-528	528	32	1	0	0.0
2025-11-03	15:27:15[265]	0	0	0	0	0	0	0	0	0	0	340	-76	-207	347.399840173919	0	0	-528	528	32	1	0	0.0
2025-11-03	15:27:15[441]	0	0	0	0	0	0	0	0	0	0	343	-72	-200	348.145020592504	0	0	-521	521	32	1	0	0.0
2025-11-03	15:27:15[615]	0	0	0	0	0	0	0	0	0	0	353	-73	-206	348.315998110682	0	0	-527	527	32	1	0	0.0
2025-11-03	15:27:15[808]	0	0	0	0	0	0	0	0	0	0	350	-72	-206	348.375604275651	0	0	-527	527	32	1	0	0.0
2025-11-03	15:27:15[984]	0	0	0	0	0	0	0	0	0	0	348	-71	-205	348.468605096803	0	0	-526	526	32	1	0	0.0
2025-11-03	15:27:16[161]	0	0	0	0	0	0	0	0	0	0	350	-73	-197	348.218637302202	0	0	-518	518	32	1	0	0.0
2025-11-03	15:27:16[335]	0	0	0	0	0	0	0	0	0	0	341	-67	-200	348.884070552668	0	0	-521	521	32	1	0	0.0
2025-11-03	15:27:16[511]	0	0	0	0	0	0	0	0	0	0	352	-75	-196	347.971956395086	0	0	-517	517	32	1	0	0.0
2025-11-03	15:27:16[703]	0	0	0	0	0	0	0	0	0	0	347	-70	-203	348.594839171262	0	0	-524	524	32	1	0	0.0
2025-11-03	15:27:16[880]	0	0	0	0	0	0	0	0	0	0	337	-81	-200	346.484977376589	0	0	-521	521	32	1	0	0.0
2025-11-03	15:27:17[055]	0	0	0	0	0	0	0	0	0	0	333	-64	-214	349.120854742988	0	0	-535	535	32	1	0	0.0
2025-11-03	15:27:17[231]	0	0	0	0	0	0	0	0	0	0	310	-64	-224	348.335079630209	0	0	-545	545	32	1	0	0.0
2025-11-03	15:27:17[408]	0	0	0	0	0	0	0	0	0	0	283	-59	-236	348.223626437087	0	0	-557	557	32	1	0	0.0
2025-11-03	15:27:17[582]	0	0	0	0	0	0	0	0	0	0	288	-60	-233	348.231711067979	0	0	-554	554	32	1	0	0.0
2025-11-03	15:27:17[777]	0	0	0	0	0	0	0	0	0	0	299	-52	-222	350.134193056916	0	0	-543	543	32	1	0	0.0
2025-11-03	15:27:17[951]	0	0	0	0	0	0	0	0	0	0	302	-9	-209	358.293015097645	0	0	-530	530	32	1	0	0.0
2025-11-03	15:27:18[127]	0	0	0	0	0	0	0	0	0	0	260	0	-204	0	0	0	-525	525	32	1	0	0.0
2025-11-03	15:27:18[591]	0	0	0	0	0	0	0	0	0	0	327	51	-219	8.8646233884108	0	0	-540	540	32	1	0	0.0
2025-11-03	15:27:18[768]	0	0	0	0	0	0	0	0	0	0	325	41	-213	7.19010050816269	0	0	-534	534	32	1	0	0.0
2025-11-03	15:27:18[959]	0	0	0	0	0	0	0	0	0	0	297	25	-220	4.81153450167805	0	0	-541	541	32	1	0	0.0
2025-11-03	15:27:19[134]	0	0	0	0	0	0	0	0	0	0	268	-89	-189	341.629212157552	0	0	-510	510	32	1	0	0.0
2025-11-03	15:27:20[063]	0	0	0	0	0	0	0	0	0	0	150	-189	-126	308.437301491063	0	0	-447	447	32	1	0	0.0
2025-11-03	15:27:20[238]	0	0	0	0	0	0	0	0	0	0	127	-217	-95	300.338452251391	0	0	-416	416	32	1	0	0.0
2025-11-03	15:27:20[414]	0	0	0	0	0	0	0	0	0	0	100	-186	-125	298.264004148524	0	0	-446	446	32	1	0	0.0
2025-11-03	15:27:20[607]	0	0	0	0	0	0	0	0	0	0	36	-138	-162	284.620873988632	0	0	-483	483	32	1	0	0.0
2025-11-03	15:27:20[783]	0	0	0	0	0	0	0	0	0	0	-30	-70	-178	246.801409486352	0	0	-499	499	32	1	0	0.0
2025-11-03	15:27:20[952]	0	0	0	0	0	0	0	0	0	0	-82	26	-170	162.407575437818	0	0	-491	491	32	1	0	0.0
2025-11-03	15:27:21[143]	0	0	0	0	0	0	0	0	0	0	-76	65	-175	139.460848258517	0	0	-496	496	32	1	0	0.0
2025-11-03	15:27:21[321]	0	0	0	0	0	0	0	0	0	0	-99	86	-168	139.019582487837	0	0	-489	489	32	1	0	0.0
2025-11-03	15:27:21[492]	0	0	0	0	0	0	0	0	0	0	-89	49	-165	151.164499152257	0	0	-486	486	32	1	0	0.0
2025-11-03	15:27:21[669]	0	0	0	0	0	0	0	0	0	0	-54	-12	-172	192.528807709152	0	0	-493	493	32	1	0	0.0
2025-11-03	15:27:21[849]	0	0	0	0	0	0	0	0	0	0	-21	-87	-165	256.429565614839	0	0	-486	486	32	1	0	0.0
2025-11-03	15:27:22[026]	0	0	0	0	0	0	0	0	0	0	-22	-139	-146	261.006207601244	0	0	-467	467	32	1	0	0.0
2025-11-03	15:27:22[218]	0	0	0	0	0	0	0	0	0	0	25	-167	-140	278.51398792975	0	0	-461	461	32	1	0	0.0
2025-11-03	15:27:22[394]	0	0	0	0	0	0	0	0	0	0	38	-201	-103	280.705684910472	0	0	-424	424	32	1	0	0.0
2025-11-03	15:27:22[570]	0	0	0	0	0	0	0	0	0	0	133	-206	-135	302.847543265239	0	0	-456	456	32	1	0	0.0
2025-11-03	15:27:22[745]	0	0	0	0	0	0	0	0	0	0	205	-192	-160	316.875514052512	0	0	-481	481	32	1	0	0.0
2025-11-03	15:27:23[208]	0	0	0	0	0	0	0	0	0	0	96	-196	-74	296.095424157388	0	0	-395	395	32	1	0	0.0
2025-11-03	15:27:23[803]	0	0	0	0	0	0	0	0	0	0	106	-157	-52	304.025617303246	0	0	-373	373	32	1	0	0.0
2025-11-03	15:27:23[820]	0	0	0	0	0	0	0	0	0	0	107	-158	-87	304.106453941963	0	0	-408	408	32	1	0	0.0
2025-11-03	15:27:23[826]	0	0	0	0	0	0	0	0	0	0	48	-124	-113	291.161259816828	0	0	-434	434	32	1	0	0.0
2025-11-03	15:27:23[928]	0	0	0	0	0	0	0	0	0	0	-54	-69	-114	231.952957468174	0	0	-435	435	32	1	0	0.0
2025-11-03	15:27:24[105]	0	0	0	0	0	0	0	0	0	0	-72	-24	-119	198.434948822922	0	0	-440	440	32	1	0	0.0
2025-11-03	15:27:24[280]	0	0	0	0	0	0	0	0	0	0	-105	39	-145	159.623564786164	0	0	-466	466	32	1	0	0.0
2025-11-03	15:27:24[473]	0	0	0	0	0	0	0	0	0	0	-57	122	-177	115.042598177817	0	0	-498	498	32	1	0	0.0
2025-11-03	15:27:24[648]	0	0	0	0	0	0	0	0	0	0	-99	159	-149	121.908106935653	0	0	-470	470	32	1	0	0.0
2025-11-03	15:27:24[827]	0	0	0	0	0	0	0	0	0	0	-142	94	-100	146.496563017586	0	0	-421	421	32	1	0	0.0
2025-11-03	15:27:25[001]	0	0	0	0	0	0	0	0	0	0	-146	48	-111	161.800834946955	0	0	-432	432	32	1	0	0.0
2025-11-03	15:27:25[177]	0	0	0	0	0	0	0	0	0	0	-141	9	-104	176.347777219694	0	0	-425	425	32	1	0	0.0
2025-11-03	15:27:25[352]	0	0	0	0	0	0	0	0	0	0	-134	-59	-98	203.763822019328	0	0	-419	419	32	1	0	0.0
2025-11-03	15:27:25[545]	0	0	0	0	0	0	0	0	0	0	-164	-26	-59	189.008503742025	0	0	-380	380	32	1	0	0.0
2025-11-03	15:27:25[720]	0	0	0	0	0	0	0	0	0	0	-127	-78	-55	211.55713234317	0	0	-376	376	32	1	0	0.0
2025-11-03	15:27:25[896]	0	0	0	0	0	0	0	0	0	0	-57	-113	-109	243.232491080704	0	0	-430	430	32	1	0	0.0
2025-11-03	15:27:26[072]	0	0	0	0	0	0	0	0	0	0	4	-144	-136	271.591140271195	0	0	-457	457	32	1	0	0.0
2025-11-03	15:27:26[250]	0	0	0	0	0	0	0	0	0	0	-48	-122	-75	248.52320902046	0	0	-396	396	32	1	0	0.0
2025-11-03	15:27:26[440]	0	0	0	0	0	0	0	0	0	0	-78	-144	-34	241.557071375637	0	0	-355	355	32	1	0	0.0
2025-11-03	15:27:26[617]	0	0	0	0	0	0	0	0	0	0	-33	-194	-48	260.346213911463	0	0	-369	369	32	1	0	0.0
2025-11-03	15:27:26[792]	0	0	0	0	0	0	0	0	0	0	-34	-199	-9	260.304390076618	0	0	-330	330	32	1	0	0.0
2025-11-03	15:27:26[968]	0	0	0	0	0	0	0	0	0	0	41	-197	-73	281.756674138036	0	0	-394	394	32	1	0	0.0
2025-11-03	15:27:27[144]	0	0	0	0	0	0	0	0	0	0	87	-196	-117	293.935360293124	0	0	-438	438	32	1	0	0.0
2025-11-03	15:27:27[319]	0	0	0	0	0	0	0	0	0	0	21	-169	-78	277.083285999753	0	0	-399	399	32	1	0	0.0
2025-11-03	15:27:27[511]	0	0	0	0	0	0	0	0	0	0	-30	-164	-38	259.63367739655	0	0	-359	359	32	1	0	0.0
2025-11-03	15:27:27[688]	0	0	0	0	0	0	0	0	0	0	-24	-172	-60	262.05652818941	0	0	-381	381	32	1	0	0.0
2025-11-03	15:27:27[870]	0	0	0	0	0	0	0	0	0	0	-29	-98	-127	253.515546810464	0	0	-448	448	32	1	0	0.0
2025-11-03	15:27:28[039]	0	0	0	0	0	0	0	0	0	0	-52	-41	-147	218.254420352517	0	0	-468	468	32	1	0	0.0
2025-11-03	15:27:28[215]	0	0	0	0	0	0	0	0	0	0	-91	17	-138	169.418364479056	0	0	-459	459	32	1	0	0.0
2025-11-03	15:27:28[410]	0	0	0	0	0	0	0	0	0	0	-93	37	-143	158.304890539203	0	0	-464	464	32	1	0	0.0
2025-11-03	15:27:28[570]	0	0	0	0	0	0	0	0	0	0	-98	26	-136	165.141385552075	0	0	-457	457	32	1	0	0.0
2025-11-03	15:27:28[765]	0	0	0	0	0	0	0	0	0	0	-101	41	-146	157.905769658417	0	0	-467	467	32	1	0	0.0
2025-11-03	15:27:28[939]	0	0	0	0	0	0	0	0	0	0	-86	22	-158	165.650667957053	0	0	-479	479	32	1	0	0.0
2025-11-03	15:27:29[115]	0	0	0	0	0	0	0	0	0	0	-96	49	-161	152.959476090474	0	0	-482	482	32	1	0	0.0
2025-11-03	15:27:29[290]	0	0	0	0	0	0	0	0	0	0	-71	67	-177	136.660282368983	0	0	-498	498	32	1	0	0.0
2025-11-03	15:27:29[467]	0	0	0	0	0	0	0	0	0	0	-87	84	-163	136.005086005254	0	0	-484	484	32	1	0	0.0
2025-11-03	15:27:29[657]	0	0	0	0	0	0	0	0	0	0	-72	69	-163	136.218875235131	0	0	-484	484	32	1	0	0.0
2025-11-03	15:27:29[835]	0	0	0	0	0	0	0	0	0	0	-75	75	-169	135	0	0	-490	490	32	1	0	0.0
2025-11-03	15:27:30[005]	0	0	0	0	0	0	0	0	0	0	-77	74	-165	136.138177007488	0	0	-486	486	32	1	0	0.0
2025-11-03	15:27:30[180]	0	0	0	0	0	0	0	0	0	0	-75	82	-164	132.447101852828	0	0	-485	485	32	1	0	0.0
2025-11-03	15:27:30[374]	0	0	0	0	0	0	0	0	0	0	-74	85	-171	131.042446885872	0	0	-492	492	32	1	0	0.0
2025-11-03	15:27:30[548]	0	0	0	0	0	0	0	0	0	0	-71	88	-171	128.897220346344	0	0	-492	492	32	1	0	0.0
2025-11-03	15:27:30[726]	0	0	0	0	0	0	0	0	0	0	-81	81	-169	135	0	0	-490	490	32	1	0	0.0
2025-11-03	15:27:30[898]	0	0	0	0	0	0	0	0	0	0	-76	62	-165	140.792796495032	0	0	-486	486	32	1	0	0.0
2025-11-03	15:27:31[078]	0	0	0	0	0	0	0	0	0	0	-66	56	-165	139.685899839503	0	0	-486	486	32	1	0	0.0
2025-11-03	15:27:31[254]	0	0	0	0	0	0	0	0	0	0	-69	70	-169	134.587807258598	0	0	-490	490	32	1	0	0.0
2025-11-03	15:27:31[446]	0	0	0	0	0	0	0	0	0	0	-81	68	-166	139.986333771236	0	0	-487	487	32	1	0	0.0
2025-11-03	15:27:31[622]	0	0	0	0	0	0	0	0	0	0	-89	67	-154	143.027237510432	0	0	-475	475	32	1	0	0.0
2025-11-03	15:27:31[797]	0	0	0	0	0	0	0	0	0	0	-109	71	-146	146.920738539922	0	0	-467	467	32	1	0	0.0
2025-11-03	15:27:31[975]	0	0	0	0	0	0	0	0	0	0	-112	69	-140	148.363964001372	0	0	-461	461	32	1	0	0.0
2025-11-03	15:27:32[150]	0	0	0	0	0	0	0	0	0	0	-106	62	-149	149.67639313745	0	0	-470	470	32	1	0	0.0
2025-11-03	15:27:32[326]	0	0	0	0	0	0	0	0	0	0	-84	43	-163	152.891877129198	0	0	-484	484	32	1	0	0.0
2025-11-03	15:27:32[517]	0	0	0	0	0	0	0	0	0	0	-93	8	-150	175.08343399399	0	0	-471	471	32	1	0	0.0
2025-11-03	15:27:32[694]	0	0	0	0	0	0	0	0	0	0	-109	-46	-126	202.880637176418	0	0	-447	447	32	1	0	0.0
2025-11-03	15:27:32[870]	0	0	0	0	0	0	0	0	0	0	-77	-72	-128	223.078044041069	0	0	-449	449	32	1	0	0.0
2025-11-03	15:27:33[221]	0	0	0	0	0	0	0	0	0	0	-68	-127	-101	241.833930820679	0	0	-422	422	32	1	0	0.0
2025-11-03	15:27:33[414]	0	0	0	0	0	0	0	0	0	0	-32	-131	-135	256.27290342145	0	0	-456	456	32	1	0	0.0
2025-11-03	15:27:33[590]	0	0	0	0	0	0	0	0	0	0	-42	-100	-159	247.217594269518	0	0	-480	480	32	1	0	0.0
2025-11-03	15:27:33[766]	0	0	0	0	0	0	0	0	0	0	-86	-73	-141	220.325836288869	0	0	-462	462	32	1	0	0.0
2025-11-03	15:27:33[940]	0	0	0	0	0	0	0	0	0	0	-116	-34	-131	196.336042889718	0	0	-452	452	32	1	0	0.0
2025-11-03	15:27:34[117]	0	0	0	0	0	0	0	0	0	0	-98	-1	-145	180.584630520705	0	0	-466	466	32	1	0	0.0
2025-11-03	15:27:34[293]	0	0	0	0	0	0	0	0	0	0	-83	31	-151	159.519642688191	0	0	-472	472	32	1	0	0.0
2025-11-03	15:27:34[485]	0	0	0	0	0	0	0	0	0	0	-54	38	-176	144.865806943084	0	0	-497	497	32	1	0	0.0
2025-11-03	15:27:34[660]	0	0	0	0	0	0	0	0	0	0	-35	34	-186	135.830315486258	0	0	-507	507	32	1	0	0.0
2025-11-03	15:27:35[105]	0	0	0	0	0	0	0	0	0	0	-41	13	-183	162.407575437818	0	0	-504	504	32	1	0	0.0
2025-11-03	15:27:35[110]	0	0	0	0	0	0	0	0	0	0	-48	14	-184	163.739795291688	0	0	-505	505	32	1	0	0.0
2025-11-03	15:27:35[188]	0	0	0	0	0	0	0	0	0	0	-43	27	-182	147.875001559612	0	0	-503	503	32	1	0	0.0
2025-11-03	15:27:35[364]	0	0	0	0	0	0	0	0	0	0	-51	21	-188	157.61986494804	0	0	-509	509	32	1	0	0.0
2025-11-03	15:27:35[557]	0	0	0	0	0	0	0	0	0	0	-51	15	-181	163.610459665965	0	0	-502	502	32	1	0	0.0
2025-11-03	15:27:35[910]	0	0	0	0	0	0	0	0	0	0	-51	15	-183	163.610459665965	0	0	-504	504	32	1	0	0.0
2025-11-03	15:27:36[085]	0	0	0	0	0	0	0	0	0	0	-44	20	-179	155.556045219583	0	0	-500	500	32	1	0	0.0
2025-11-03	15:27:36[260]	0	0	0	0	0	0	0	0	0	0	-54	19	-186	160.615484320642	0	0	-507	507	32	1	0	0.0
2025-11-03	15:27:36[453]	0	0	0	0	0	0	0	0	0	0	-50	21	-189	157.217594269518	0	0	-510	510	32	1	0	0.0
2025-11-03	15:27:36[628]	0	0	0	0	0	0	0	0	0	0	-51	18	-184	160.559965171824	0	0	-505	505	32	1	0	0.0
2025-11-03	15:27:36[804]	0	0	0	0	0	0	0	0	0	0	-50	22	-180	156.250505507133	0	0	-501	501	32	1	0	0.0
2025-11-03	15:27:36[980]	0	0	0	0	0	0	0	0	0	0	-49	25	-182	152.969139740157	0	0	-503	503	32	1	0	0.0
2025-11-03	15:27:37[158]	0	0	0	0	0	0	0	0	0	0	-51	17	-192	161.565051177078	0	0	-513	513	32	1	0	0.0
2025-11-03	15:27:37[333]	0	0	0	0	0	0	0	0	0	0	-53	16	-179	163.201628218695	0	0	-500	500	32	1	0	0.0
2025-11-03	15:27:37[524]	0	0	0	0	0	0	0	0	0	0	-48	24	-182	153.434948822922	0	0	-503	503	32	1	0	0.0
2025-11-03	15:27:37[700]	0	0	0	0	0	0	0	0	0	0	-52	17	-177	161.896236965493	0	0	-498	498	32	1	0	0.0
2025-11-03	15:27:37[876]	0	0	0	0	0	0	0	0	0	0	-47	20	-185	156.948699083527	0	0	-506	506	32	1	0	0.0
2025-11-03	15:27:38[051]	0	0	0	0	0	0	0	0	0	0	-48	23	-183	154.397812448558	0	0	-504	504	32	1	0	0.0
2025-11-03	15:27:38[228]	0	0	0	0	0	0	0	0	0	0	-47	23	-189	153.924644416051	0	0	-510	510	32	1	0	0.0
2025-11-03	15:27:38[420]	0	0	0	0	0	0	0	0	0	0	-48	19	-183	158.404689551032	0	0	-504	504	32	1	0	0.0
2025-11-03	15:27:38[595]	0	0	0	0	0	0	0	0	0	0	-47	24	-183	152.949402992914	0	0	-504	504	32	1	0	0.0
2025-11-03	15:27:38[773]	0	0	0	0	0	0	0	0	0	0	-46	23	-182	153.434948822922	0	0	-503	503	32	1	0	0.0
2025-11-03	15:27:38[947]	0	0	0	0	0	0	0	0	0	0	-46	20	-185	156.501434324048	0	0	-506	506	32	1	0	0.0
2025-11-03	15:27:39[123]	0	0	0	0	0	0	0	0	0	0	-52	23	-187	156.139824808658	0	0	-508	508	32	1	0	0.0
2025-11-03	15:27:39[300]	0	0	0	0	0	0	0	0	0	0	-44	19	-183	156.644435140714	0	0	-504	504	32	1	0	0.0
2025-11-03	15:27:39[492]	0	0	0	0	0	0	0	0	0	0	-51	23	-184	155.725558865561	0	0	-505	505	32	1	0	0.0
2025-11-03	15:27:39[669]	0	0	0	0	0	0	0	0	0	0	-47	17	-181	160.114834886145	0	0	-502	502	32	1	0	0.0
2025-11-03	15:27:39[844]	0	0	0	0	0	0	0	0	0	0	-44	27	-190	148.465208094812	0	0	-511	511	32	1	0	0.0
2025-11-03	15:27:40[021]	0	0	0	0	0	0	0	0	0	0	-46	18	-185	158.629377730657	0	0	-506	506	32	1	0	0.0
2025-11-03	15:27:40[195]	0	0	0	0	0	0	0	0	0	0	-45	20	-185	156.037511025422	0	0	-506	506	32	1	0	0.0
2025-11-03	15:27:40[373]	0	0	0	0	0	0	0	0	0	0	-54	31	-183	150.140983835077	0	0	-504	504	32	1	0	0.0
2025-11-03	15:27:40[564]	0	0	0	0	0	0	0	0	0	0	-56	25	-188	155.942650549988	0	0	-509	509	32	1	0	0.0
2025-11-03	15:27:40[739]	0	0	0	0	0	0	0	0	0	0	-51	24	-183	154.798876354525	0	0	-504	504	32	1	0	0.0
2025-11-03	15:27:40[916]	0	0	0	0	0	0	0	0	0	0	-45	20	-186	156.037511025422	0	0	-507	507	32	1	0	0.0
2025-11-03	15:27:41[091]	0	0	0	0	0	0	0	0	0	0	-44	23	-184	152.402704131356	0	0	-505	505	32	1	0	0.0
2025-11-03	15:27:41[267]	0	0	0	0	0	0	0	0	0	0	-47	24	-181	152.949402992914	0	0	-502	502	32	1	0	0.0
2025-11-03	15:27:41[460]	0	0	0	0	0	0	0	0	0	0	-56	21	-182	159.443954780417	0	0	-503	503	32	1	0	0.0
2025-11-03	15:27:41[635]	0	0	0	0	0	0	0	0	0	0	-52	25	-179	154.323184318162	0	0	-500	500	32	1	0	0.0
2025-11-03	15:27:41[811]	0	0	0	0	0	0	0	0	0	0	-50	22	-184	156.250505507133	0	0	-505	505	32	1	0	0.0
2025-11-03	15:27:41[988]	0	0	0	0	0	0	0	0	0	0	-46	19	-186	157.557246634706	0	0	-507	507	32	1	0	0.0
2025-11-03	15:27:42[163]	0	0	0	0	0	0	0	0	0	0	-48	18	-185	159.443954780417	0	0	-506	506	32	1	0	0.0
2025-11-03	15:27:42[340]	0	0	0	0	0	0	0	0	0	0	-53	17	-174	162.216111557307	0	0	-495	495	32	1	0	0.0
2025-11-03	15:27:42[531]	0	0	0	0	0	0	0	0	0	0	-50	24	-178	154.358994175695	0	0	-499	499	32	1	0	0.0
2025-11-03	15:27:42[708]	0	0	0	0	0	0	0	0	0	0	-43	22	-186	152.904447506248	0	0	-507	507	32	1	0	0.0
2025-11-03	15:27:42[882]	0	0	0	0	0	0	0	0	0	0	-49	21	-186	156.801409486352	0	0	-507	507	32	1	0	0.0
2025-11-03	15:27:43[058]	0	0	0	0	0	0	0	0	0	0	-58	19	-183	161.861917844403	0	0	-504	504	32	1	0	0.0
2025-11-03	15:27:43[237]	0	0	0	0	0	0	0	0	0	0	-53	27	-183	153.004161605913	0	0	-504	504	32	1	0	0.0
2025-11-03	15:27:43[426]	0	0	0	0	0	0	0	0	0	0	-42	22	-183	152.354024636261	0	0	-504	504	32	1	0	0.0
2025-11-03	15:27:43[603]	0	0	0	0	0	0	0	0	0	0	-45	19	-186	157.109448343752	0	0	-507	507	32	1	0	0.0
2025-11-03	15:27:43[772]	0	0	0	0	0	0	0	0	0	0	-44	26	-185	149.420773127511	0	0	-506	506	32	1	0	0.0
2025-11-03	15:27:43[963]	0	0	0	0	0	0	0	0	0	0	-48	18	-189	159.443954780417	0	0	-510	510	32	1	0	0.0
2025-11-03	15:27:44[140]	0	0	0	0	0	0	0	0	0	0	-43	21	-183	153.970407808487	0	0	-504	504	32	1	0	0.0
2025-11-03	15:27:44[316]	0	0	0	0	0	0	0	0	0	0	-51	20	-182	158.587030525128	0	0	-503	503	32	1	0	0.0
2025-11-03	15:27:44[490]	0	0	0	0	0	0	0	0	0	0	-48	20	-180	157.38013505196	0	0	-501	501	32	1	0	0.0
2025-11-03	15:27:44[668]	0	0	0	0	0	0	0	0	0	0	-47	22	-182	154.916405993809	0	0	-503	503	32	1	0	0.0
2025-11-03	15:27:44[842]	0	0	0	0	0	0	0	0	0	0	-52	23	-183	156.139824808658	0	0	-504	504	32	1	0	0.0
2025-11-03	15:27:45[035]	0	0	0	0	0	0	0	0	0	0	-52	23	-189	156.139824808658	0	0	-510	510	32	1	0	0.0
2025-11-03	15:27:45[210]	0	0	0	0	0	0	0	0	0	0	-51	23	-186	155.725558865561	0	0	-507	507	32	1	0	0.0
2025-11-03	15:27:45[386]	0	0	0	0	0	0	0	0	0	0	-51	23	-181	155.725558865561	0	0	-502	502	32	1	0	0.0
2025-11-03	15:27:45[562]	0	0	0	0	0	0	0	0	0	0	-55	17	-179	162.824096384253	0	0	-500	500	32	1	0	0.0
2025-11-03	15:27:45[738]	0	0	0	0	0	0	0	0	0	0	-54	21	-183	158.749494492867	0	0	-504	504	32	1	0	0.0
2025-11-03	15:27:45[930]	0	0	0	0	0	0	0	0	0	0	-59	23	-178	158.702645950966	0	0	-499	499	32	1	0	0.0
2025-11-03	15:27:46[109]	0	0	0	0	0	0	0	0	0	0	-49	24	-179	153.904575842612	0	0	-500	500	32	1	0	0.0
2025-11-03	15:27:46[275]	0	0	0	0	0	0	0	0	0	0	-50	26	-178	152.525568373723	0	0	-499	499	32	1	0	0.0
2025-11-03	15:27:46[466]	0	0	0	0	0	0	0	0	0	0	-48	21	-185	156.370622269343	0	0	-506	506	32	1	0	0.0
2025-11-03	15:27:46[641]	0	0	0	0	0	0	0	0	0	0	-52	22	-181	157.06789956241	0	0	-502	502	32	1	0	0.0
2025-11-03	15:27:46[818]	0	0	0	0	0	0	0	0	0	0	-48	25	-184	152.487997376149	0	0	-505	505	32	1	0	0.0
2025-11-03	15:27:46[993]	0	0	0	0	0	0	0	0	0	0	-48	21	-184	156.370622269343	0	0	-505	505	32	1	0	0.0
2025-11-03	15:27:47[169]	0	0	0	0	0	0	0	0	0	0	-53	27	-190	153.004161605913	0	0	-511	511	32	1	0	0.0
2025-11-03	15:27:47[366]	0	0	0	0	0	0	0	0	0	0	-50	24	-184	154.358994175695	0	0	-505	505	32	1	0	0.0
2025-11-03	15:27:47[538]	0	0	0	0	0	0	0	0	0	0	-54	13	-183	166.464143630866	0	0	-504	504	32	1	0	0.0
2025-11-03	15:27:47[714]	0	0	0	0	0	0	0	0	0	0	-49	16	-184	161.916554616951	0	0	-505	505	32	1	0	0.0
2025-11-03	15:27:47[890]	0	0	0	0	0	0	0	0	0	0	-46	25	-179	151.476881393688	0	0	-500	500	32	1	0	0.0
2025-11-03	15:27:48[066]	0	0	0	0	0	0	0	0	0	0	-50	18	-181	160.201123645475	0	0	-502	502	32	1	0	0.0
2025-11-03	15:27:48[242]	0	0	0	0	0	0	0	0	0	0	-52	25	-182	154.323184318162	0	0	-503	503	32	1	0	0.0
2025-11-03	15:27:48[433]	0	0	0	0	0	0	0	0	0	0	-49	15	-188	162.97947438848	0	0	-509	509	32	1	0	0.0
2025-11-03	15:27:48[612]	0	0	0	0	0	0	0	0	0	0	-47	19	-180	157.988716802081	0	0	-501	501	32	1	0	0.0
2025-11-03	15:27:48[789]	0	0	0	0	0	0	0	0	0	0	-49	20	-178	157.796521467943	0	0	-499	499	32	1	0	0.0
2025-11-03	15:27:48[962]	0	0	0	0	0	0	0	0	0	0	-52	22	-179	157.06789956241	0	0	-500	500	32	1	0	0.0
2025-11-03	15:27:49[135]	0	0	0	0	0	0	0	0	0	0	-49	26	-184	152.04903097211	0	0	-505	505	32	1	0	0.0
2025-11-03	15:27:49[327]	0	0	0	0	0	0	0	0	0	0	-52	22	-183	157.06789956241	0	0	-504	504	32	1	0	0.0
2025-11-03	15:27:49[504]	0	0	0	0	0	0	0	0	0	0	-48	20	-186	157.38013505196	0	0	-507	507	32	1	0	0.0
2025-11-03	15:27:49[679]	0	0	0	0	0	0	0	0	0	0	-50	20	-183	158.198590513648	0	0	-504	504	32	1	0	0.0
2025-11-03	15:27:49[855]	0	0	0	0	0	0	0	0	0	0	-49	21	-176	156.801409486352	0	0	-497	497	32	1	0	0.0
2025-11-03	15:27:50[029]	0	0	0	0	0	0	0	0	0	0	-49	26	-188	152.04903097211	0	0	-509	509	32	1	0	0.0
2025-11-03	15:27:50[221]	0	0	0	0	0	0	0	0	0	0	-52	15	-190	163.909183651148	0	0	-511	511	32	1	0	0.0
2025-11-03	15:27:50[397]	0	0	0	0	0	0	0	0	0	0	-49	22	-181	155.820892853311	0	0	-502	502	32	1	0	0.0
2025-11-03	15:27:50[573]	0	0	0	0	0	0	0	0	0	0	-47	27	-177	150.124007308311	0	0	-498	498	32	1	0	0.0
2025-11-03	15:27:50[748]	0	0	0	0	0	0	0	0	0	0	-51	19	-186	159.567171320601	0	0	-507	507	32	1	0	0.0
2025-11-03	15:27:50[926]	0	0	0	0	0	0	0	0	0	0	-51	22	-178	156.66595872329	0	0	-499	499	32	1	0	0.0
2025-11-03	15:27:51[117]	0	0	0	0	0	0	0	0	0	0	-54	16	-185	163.495638618245	0	0	-506	506	32	1	0	0.0
2025-11-03	15:27:51[281]	0	0	0	0	0	0	0	0	0	0	-50	26	-187	152.525568373723	0	0	-508	508	32	1	0	0.0
2025-11-03	15:27:51[472]	0	0	0	0	0	0	0	0	0	0	-50	18	-192	160.201123645475	0	0	-513	513	32	1	0	0.0
2025-11-03	15:27:51[648]	0	0	0	0	0	0	0	0	0	0	-48	27	-184	150.642246457209	0	0	-505	505	32	1	0	0.0
2025-11-03	15:27:51[825]	0	0	0	0	0	0	0	0	0	0	-49	19	-178	158.805943518458	0	0	-499	499	32	1	0	0.0
2025-11-03	15:27:52[000]	0	0	0	0	0	0	0	0	0	0	-46	24	-187	152.447188423282	0	0	-508	508	32	1	0	0.0
2025-11-03	15:27:52[177]	0	0	0	0	0	0	0	0	0	0	-54	20	-189	159.676863170337	0	0	-510	510	32	1	0	0.0
2025-11-03	15:27:52[369]	0	0	0	0	0	0	0	0	0	0	-47	22	-178	154.916405993809	0	0	-499	499	32	1	0	0.0
2025-11-03	15:27:52[543]	0	0	0	0	0	0	0	0	0	0	-47	21	-178	155.924501744921	0	0	-499	499	32	1	0	0.0
2025-11-03	15:27:52[720]	0	0	0	0	0	0	0	0	0	0	-44	20	-186	155.556045219583	0	0	-507	507	32	1	0	0.0
2025-11-03	15:27:52[897]	0	0	0	0	0	0	0	0	0	0	-51	22	-172	156.66595872329	0	0	-493	493	32	1	0	0.0
2025-11-03	15:27:53[072]	0	0	0	0	0	0	0	0	0	0	-44	23	-182	152.402704131356	0	0	-503	503	32	1	0	0.0
2025-11-03	15:27:53[249]	0	0	0	0	0	0	0	0	0	0	-53	22	-185	157.456938999942	0	0	-506	506	32	1	0	0.0
2025-11-03	15:27:53[441]	0	0	0	0	0	0	0	0	0	0	-47	25	-190	151.990823291986	0	0	-511	511	32	1	0	0.0
2025-11-03	15:27:53[617]	0	0	0	0	0	0	0	0	0	0	-47	17	-178	160.114834886145	0	0	-499	499	32	1	0	0.0
2025-11-03	15:27:53[792]	0	0	0	0	0	0	0	0	0	0	-48	21	-188	156.370622269343	0	0	-509	509	32	1	0	0.0
2025-11-03	15:27:53[969]	0	0	0	0	0	0	0	0	0	0	-51	20	-185	158.587030525128	0	0	-506	506	32	1	0	0.0
2025-11-03	15:27:54[140]	0	0	0	0	0	0	0	0	0	0	-47	26	-185	151.049004792533	0	0	-506	506	32	1	0	0.0
2025-11-03	15:27:54[333]	0	0	0	0	0	0	0	0	0	0	-50	15	-185	163.300755766006	0	0	-506	506	32	1	0	0.0
2025-11-03	15:27:54[511]	0	0	0	0	0	0	0	0	0	0	-50	23	-186	155.297569772229	0	0	-507	507	32	1	0	0.0
2025-11-03	15:27:54[686]	0	0	0	0	0	0	0	0	0	0	-44	22	-176	153.434948822922	0	0	-497	497	32	1	0	0.0
2025-11-03	15:27:54[863]	0	0	0	0	0	0	0	0	0	0	-50	20	-179	158.198590513648	0	0	-500	500	32	1	0	0.0
2025-11-03	15:27:55[038]	0	0	0	0	0	0	0	0	0	0	-48	22	-187	155.376435213836	0	0	-508	508	32	1	0	0.0
2025-11-03	15:27:55[231]	0	0	0	0	0	0	0	0	0	0	-49	27	-178	151.144338780283	0	0	-499	499	32	1	0	0.0
2025-11-03	15:27:55[407]	0	0	0	0	0	0	0	0	0	0	-53	18	-182	161.241349652158	0	0	-503	503	32	1	0	0.0
2025-11-03	15:27:55[581]	0	0	0	0	0	0	0	0	0	0	-48	20	-188	157.38013505196	0	0	-509	509	32	1	0	0.0
2025-11-03	15:27:55[756]	0	0	0	0	0	0	0	0	0	0	-48	21	-188	156.370622269343	0	0	-509	509	32	1	0	0.0
2025-11-03	15:27:55[934]	0	0	0	0	0	0	0	0	0	0	-47	20	-190	156.948699083527	0	0	-511	511	32	1	0	0.0
2025-11-03	15:27:56[111]	0	0	0	0	0	0	0	0	0	0	-51	23	-177	155.725558865561	0	0	-498	498	32	1	0	0.0
2025-11-03	15:27:56[301]	0	0	0	0	0	0	0	0	0	0	-52	24	-177	155.224859431168	0	0	-498	498	32	1	0	0.0
2025-11-03	15:27:56[477]	0	0	0	0	0	0	0	0	0	0	-49	22	-184	155.820892853311	0	0	-505	505	32	1	0	0.0
2025-11-03	15:27:56[654]	0	0	0	0	0	0	0	0	0	0	-46	16	-184	160.820991974189	0	0	-505	505	32	1	0	0.0
2025-11-03	15:27:56[829]	0	0	0	0	0	0	0	0	0	0	-53	19	-180	160.277722235553	0	0	-501	501	32	1	0	0.0
2025-11-03	15:27:57[007]	0	0	0	0	0	0	0	0	0	0	-51	17	-183	161.565051177078	0	0	-504	504	32	1	0	0.0
2025-11-03	15:27:57[182]	0	0	0	0	0	0	0	0	0	0	-47	21	-182	155.924501744921	0	0	-503	503	32	1	0	0.0
2025-11-03	15:27:57[615]	0	0	0	0	0	0	0	0	0	0	-47	21	-182	155.924501744921	0	0	-503	503	32	1	1	3.7
2025-11-03	15:27:57[619]	-249	40	762	170.873829095142	0	0	-54	54	30	0	-47	21	-182	155.924501744921	0	0	-503	503	32	1	1	3.7
2025-11-03	15:27:57[771]	-249	40	762	170.873829095142	0	0	-54	54	30	0	-47	21	-182	155.924501744921	0	0	-503	503	32	1	2	3.7
2025-11-03	15:27:57[774]	-247	30	766	173.074918261607	65023	205	-50	50	18	2	-47	21	-182	155.924501744921	0	0	-503	503	32	1	2	3.7
2025-11-03	15:27:57[869]	-247	30	766	173.074918261607	65023	205	-50	50	18	2	-47	21	-182	155.924501744921	0	0	-503	503	32	1	3	3.8
2025-11-03	15:27:57[873]	-237	28	772	173.262111405249	0	0	-44	44	30	0	-47	21	-182	155.924501744921	0	0	-503	503	32	1	3	3.8
2025-11-03	15:27:57[918]	-237	28	772	173.262111405249	0	0	-44	44	30	0	-47	21	-182	155.924501744921	0	0	-503	503	32	1	3	3.8
2025-11-03	15:27:58[073]	-237	28	772	173.262111405249	0	0	-44	44	30	0	-47	21	-182	155.924501744921	0	0	-503	503	32	1	4	3.8
2025-11-03	15:27:58[077]	-243	25	767	174.126038483808	64255	202	-49	11	13	2	-47	21	-182	155.924501744921	0	0	-503	503	32	1	4	3.8
2025-11-03	15:27:58[172]	-243	25	767	174.126038483808	64255	202	-49	11	13	2	-47	21	-182	155.924501744921	0	0	-503	503	32	1	5	3.8
2025-11-03	15:27:58[176]	-244	27	765	173.685582332205	0	0	-51	51	30	0	-47	21	-182	155.924501744921	0	0	-503	503	32	1	5	3.8
2025-11-03	15:27:58[281]	-244	27	765	173.685582332205	0	0	-51	51	30	0	-47	21	-182	155.924501744921	0	0	-503	503	32	1	6	3.9
2025-11-03	15:27:58[285]	-244	25	757	174.149944794283	0	0	-59	59	30	0	-47	21	-182	155.924501744921	0	0	-503	503	32	1	6	3.9
2025-11-03	15:27:58[408]	-244	25	757	174.149944794283	0	0	-59	59	30	0	-47	21	-182	155.924501744921	0	0	-503	503	32	1	7	4.0
2025-11-03	15:27:58[412]	-245	23	531	174.636930579953	64255	202	-12031	-244	14	2	-47	21	-182	155.924501744921	0	0	-503	503	32	1	7	4.0
2025-11-03	15:27:58[553]	-245	23	531	174.636930579953	64255	202	-12031	-244	14	2	-47	21	-182	155.924501744921	0	0	-503	503	32	1	8	4.0
2025-11-03	15:27:58[557]	-247	25	760	174.220514174844	255	194	-56	56	30	0	-47	21	-182	155.924501744921	0	0	-503	503	32	1	8	4.0
2025-11-03	15:27:58[680]	-247	25	760	174.220514174844	255	194	-56	56	30	0	-47	21	-182	155.924501744921	0	0	-503	503	32	1	9	4.0
2025-11-03	15:27:58[683]	-251	25	755	174.312008746737	0	0	-61	61	30	0	-47	21	-182	155.924501744921	0	0	-503	503	32	1	9	4.0
2025-11-03	15:27:58[927]	-251	25	755	174.312008746737	0	0	-61	61	30	0	-47	21	-182	155.924501744921	0	0	-503	503	32	1	10	4.0
2025-11-03	15:27:58[931]	-10	-58	58	260.217592968193	32638	19	30	0	0	255	-47	21	-182	155.924501744921	0	0	-503	503	32	1	10	4.0
2025-11-03	15:27:59[063]	-10	-58	58	260.217592968193	32638	19	30	0	0	255	-47	21	-182	155.924501744921	0	0	-503	503	32	1	11	4.0
2025-11-03	15:27:59[067]	-129	32275	-12031	90.2290043748757	51712	54	-252	32	762	255	-47	21	-182	155.924501744921	0	0	-503	503	32	1	11	4.0
2025-11-03	15:27:59[206]	-129	32275	-12031	90.2290043748757	51712	54	-252	32	762	255	-47	21	-182	155.924501744921	0	0	-503	503	32	1	12	4.0
2025-11-03	15:27:59[209]	-249	23	759	174.722593917093	65291	0	-57	57	209	1	-47	21	-182	155.924501744921	0	0	-503	503	32	1	12	4.0
2025-11-03	15:27:59[348]	-249	23	759	174.722593917093	65291	0	-57	57	209	1	-47	21	-182	155.924501744921	0	0	-503	503	32	1	13	4.1
2025-11-03	15:27:59[351]	-246	31	759	172.817659228492	0	0	-57	57	30	0	-47	21	-182	155.924501744921	0	0	-503	503	32	1	13	4.1
2025-11-03	15:27:59[459]	-246	31	759	172.817659228492	0	0	-57	57	30	0	-47	21	-182	155.924501744921	0	0	-503	503	32	1	14	4.1
2025-11-03	15:27:59[462]	-249	24	752	174.494522142022	0	0	-64	64	30	0	-47	21	-182	155.924501744921	0	0	-503	503	32	1	14	4.1
2025-11-03	15:27:59[625]	-249	24	752	174.494522142022	0	0	-64	64	30	0	-47	21	-182	155.924501744921	0	0	-503	503	32	1	14	4.1
2025-11-03	15:27:59[837]	-249	24	752	174.494522142022	0	0	-64	64	30	0	-47	21	-182	155.924501744921	0	0	-503	503	32	1	15	4.0
2025-11-03	15:27:59[842]	-250	28	769	173.609504685353	65283	0	-47	47	5073	1	-47	21	-182	155.924501744921	0	0	-503	503	32	1	15	4.0
2025-11-03	15:27:59[969]	-250	28	769	173.609504685353	65283	0	-47	47	5073	1	-47	21	-182	155.924501744921	0	0	-503	503	32	1	16	4.0
2025-11-03	15:27:59[973]	-248	35	762	171.966954209441	8	0	-54	54	30	0	-47	21	-182	155.924501744921	0	0	-503	503	32	1	16	4.0
2025-11-03	15:28:00[092]	-248	35	762	171.966954209441	8	0	-54	54	30	0	-47	21	-182	155.924501744921	0	0	-503	503	32	1	17	4.0
2025-11-03	15:28:00[097]	-252	31	767	172.986943996163	0	0	-49	49	30	0	-47	21	-182	155.924501744921	0	0	-503	503	32	1	17	4.0
2025-11-03	15:28:00[245]	-252	31	767	172.986943996163	0	0	-49	49	30	0	-47	21	-182	155.924501744921	0	0	-503	503	32	1	18	4.1
2025-11-03	15:28:00[251]	-250	35	764	172.030389605679	0	0	-52	52	30	0	-47	21	-182	155.924501744921	0	0	-503	503	32	1	18	4.1
2025-11-03	15:28:00[402]	-250	35	764	172.030389605679	0	0	-52	52	30	0	-47	21	-182	155.924501744921	0	0	-503	503	32	1	19	4.1
2025-11-03	15:28:00[405]	-256	0	-129	180	9987	0	32275	-12031	-251	0	-47	21	-182	155.924501744921	0	0	-503	503	32	1	19	4.1
2025-11-03	15:28:00[536]	-256	0	-129	180	9987	0	32275	-12031	-251	0	-47	21	-182	155.924501744921	0	0	-503	503	32	1	20	4.1
2025-11-03	15:28:00[539]	-249	30	760	173.130007691786	1536	33	-56	32275	-12031	255	-47	21	-182	155.924501744921	0	0	-503	503	32	1	20	4.1
2025-11-03	15:28:00[675]	-249	30	760	173.130007691786	1536	33	-56	32275	-12031	255	-47	21	-182	155.924501744921	0	0	-503	503	32	1	21	4.2
2025-11-03	15:28:00[679]	-250	30	763	173.157226587369	32275	209	-53	53	30	0	-47	21	-182	155.924501744921	0	0	-503	503	32	1	21	4.2
2025-11-03	15:28:00[765]	-250	30	763	173.157226587369	32275	209	-53	53	30	0	-49	15	-178	162.97947438848	0	0	-499	499	32	1	21	4.2
2025-11-03	15:28:00[942]	-250	30	763	173.157226587369	32275	209	-53	53	30	0	-48	19	-188	158.404689551032	0	0	-509	509	32	1	21	4.2
2025-11-03	15:28:01[117]	-250	30	763	173.157226587369	32275	209	-53	53	30	0	-49	22	-184	155.820892853311	0	0	-505	505	32	1	21	4.2
2025-11-03	15:28:01[308]	-250	30	763	173.157226587369	32275	209	-53	53	30	0	-52	23	-178	156.139824808658	0	0	-499	499	32	1	21	4.2
2025-11-03	15:28:01[484]	-250	30	763	173.157226587369	32275	209	-53	53	30	0	-46	22	-176	154.440034828176	0	0	-497	497	32	1	21	4.2
2025-11-03	15:28:01[661]	-250	30	763	173.157226587369	32275	209	-53	53	30	0	-49	23	-185	154.855214369321	0	0	-506	506	32	1	21	4.2
2025-11-03	15:28:01[836]	-250	30	763	173.157226587369	32275	209	-53	53	30	0	-47	23	-183	153.924644416051	0	0	-504	-8	32	1	21	4.2
2025-11-03	15:28:02[012]	-250	30	763	173.157226587369	32275	209	-53	53	30	0	-46	21	-182	155.462271523422	0	0	-503	503	32	1	21	4.2
2025-11-03	15:28:02[191]	-250	30	763	173.157226587369	32275	209	-53	53	30	0	-51	13	-184	165.699722550814	0	0	-505	505	32	1	21	4.2
2025-11-03	15:28:02[380]	-250	30	763	173.157226587369	32275	209	-53	53	30	0	-51	22	-181	156.66595872329	0	0	-502	502	32	1	21	4.2
2025-11-03	15:28:02[556]	-250	30	763	173.157226587369	32275	209	-53	53	30	0	-53	16	-176	163.201628218695	0	0	-497	497	32	1	21	4.2
2025-11-03	15:28:02[733]	-250	30	763	173.157226587369	32275	209	-53	53	30	0	-53	20	-189	159.325575239126	0	0	-510	510	32	1	21	4.2
2025-11-03	15:28:02[907]	-250	30	763	173.157226587369	32275	209	-53	53	30	0	-52	18	-181	160.906507999514	0	0	-502	502	32	1	21	4.2
2025-11-03	15:28:03[083]	-250	30	763	173.157226587369	32275	209	-53	53	30	0	-52	24	-183	155.224859431168	0	0	-504	504	32	1	21	4.2
2025-11-03	15:28:03[275]	-250	30	763	173.157226587369	32275	209	-53	53	30	0	-51	24	-189	154.798876354525	0	0	-510	510	32	1	21	4.2
2025-11-03	15:28:03[452]	-250	30	763	173.157226587369	32275	209	-53	53	30	0	-50	25	-181	153.434948822922	0	0	-502	502	32	1	21	4.2
2025-11-03	15:28:03[628]	-250	30	763	173.157226587369	32275	209	-53	53	30	0	-47	27	-185	150.124007308311	0	0	-506	506	32	1	21	4.2
2025-11-03	15:28:03[803]	-250	30	763	173.157226587369	32275	209	-53	53	30	0	-48	18	-178	159.443954780417	0	0	-499	499	32	1	21	4.2
2025-11-03	15:28:03[980]	-250	30	763	173.157226587369	32275	209	-53	53	30	0	-51	25	-177	153.886087369709	0	0	-498	498	32	1	21	4.2
2025-11-03	15:28:04[155]	-250	30	763	173.157226587369	32275	209	-53	53	30	0	-53	21	-176	158.385221057214	0	0	-497	497	32	1	21	4.2
2025-11-03	15:28:04[347]	-250	30	763	173.157226587369	32275	209	-53	53	30	0	-54	19	-186	160.615484320642	0	0	-507	507	32	1	21	4.2
2025-11-03	15:28:04[523]	-250	30	763	173.157226587369	32275	209	-53	53	30	0	-53	19	-185	160.277722235553	0	0	-506	506	32	1	21	4.2
2025-11-03	15:28:04[700]	-250	30	763	173.157226587369	32275	209	-53	53	30	0	-53	19	-182	160.277722235553	0	0	-503	503	32	1	21	4.2
2025-11-03	15:28:04[875]	-250	30	763	173.157226587369	32275	209	-53	53	30	0	-50	24	-180	154.358994175695	0	0	-501	501	32	1	21	4.2
2025-11-03	15:28:05[051]	-250	30	763	173.157226587369	32275	209	-53	53	30	0	-48	21	-176	156.370622269343	0	0	-497	497	32	1	21	4.2
2025-11-03	15:28:05[243]	-250	30	763	173.157226587369	32275	209	-53	53	30	0	-48	20	-183	157.38013505196	0	0	-504	504	32	1	21	4.2
2025-11-03	15:28:05[419]	-250	30	763	173.157226587369	32275	209	-53	53	30	0	-48	21	-182	156.370622269343	0	0	-503	503	32	1	21	4.2
2025-11-03	15:28:05[596]	-250	30	763	173.157226587369	32275	209	-53	53	30	0	-51	19	-181	159.567171320601	0	0	-502	502	32	1	21	4.2
2025-11-03	15:28:05[770]	-250	30	763	173.157226587369	32275	209	-53	53	30	0	-51	20	-189	158.587030525128	0	0	-510	510	32	1	21	4.2
2025-11-03	15:28:05[946]	-250	30	763	173.157226587369	32275	209	-53	53	30	0	-52	20	-182	158.962488974578	0	0	-503	503	32	1	21	4.2
2025-11-03	15:28:06[123]	-250	30	763	173.157226587369	32275	209	-53	53	30	0	-50	23	-183	155.297569772229	0	0	-504	504	32	1	21	4.2
2025-11-03	15:28:06[316]	-250	30	763	173.157226587369	32275	209	-53	53	30	0	-50	21	-185	157.217594269518	0	0	-506	506	32	1	21	4.2
2025-11-03	15:28:06[491]	-250	30	763	173.157226587369	32275	209	-53	53	30	0	-45	16	-183	160.42687416959	0	0	-504	504	32	1	21	4.2
2025-11-03	15:28:06[666]	-250	30	763	173.157226587369	32275	209	-53	53	30	0	-48	16	-186	161.565051177078	0	0	-507	507	32	1	21	4.2
2025-11-03	15:28:06[842]	-250	30	763	173.157226587369	32275	209	-53	53	30	0	-48	25	-182	152.487997376149	0	0	-503	503	32	1	21	4.2
2025-11-03	15:28:07[020]	-250	30	763	173.157226587369	32275	209	-53	53	30	0	-47	16	-184	161.200114841347	0	0	-505	505	32	1	21	4.2
2025-11-03	15:28:07[195]	-250	30	763	173.157226587369	32275	209	-53	53	30	0	-50	16	-186	162.255328374943	0	0	-507	507	32	1	21	4.2
2025-11-03	15:28:07[387]	-250	30	763	173.157226587369	32275	209	-53	53	30	0	-46	23	-184	153.434948822922	0	0	-505	505	32	1	21	4.2
2025-11-03	15:28:07[562]	-250	30	763	173.157226587369	32275	209	-53	53	30	0	-47	18	-182	159.044223269368	0	0	-503	503	32	1	21	4.2
2025-11-03	15:28:07[738]	-250	30	763	173.157226587369	32275	209	-53	53	30	0	-52	25	-191	154.323184318162	0	0	-512	512	32	1	21	4.2
2025-11-03	15:28:07[911]	-250	30	763	173.157226587369	32275	209	-53	53	30	0	-52	26	-187	153.434948822922	0	0	-508	508	32	1	21	4.2
2025-11-03	15:28:08[102]	-250	30	763	173.157226587369	32275	209	-53	53	30	0	-50	23	-184	155.297569772229	0	0	-505	505	32	1	21	4.2
2025-11-03	15:28:08[279]	-250	30	763	173.157226587369	32275	209	-53	53	30	0	-48	21	-177	156.370622269343	0	0	-498	498	32	1	21	4.2
2025-11-03	15:28:08[453]	-250	30	763	173.157226587369	32275	209	-53	53	30	0	-48	25	-179	152.487997376149	0	0	-500	500	32	1	21	4.2
2025-11-03	15:28:08[630]	-250	30	763	173.157226587369	32275	209	-53	53	30	0	-51	21	-183	157.61986494804	0	0	-504	504	32	1	21	4.2
2025-11-03	15:28:08[805]	-250	30	763	173.157226587369	32275	209	-53	53	30	0	-49	23	-192	154.855214369321	0	0	-513	513	32	1	21	4.2
2025-11-03	15:28:08[997]	-250	30	763	173.157226587369	32275	209	-53	53	30	0	-52	21	-188	158.008870082823	0	0	-509	509	32	1	21	4.2
2025-11-03	15:28:09[174]	-250	30	763	173.157226587369	32275	209	-53	53	30	0	-44	23	-181	152.402704131356	0	0	-502	502	32	1	21	4.2
2025-11-03	15:28:09[348]	-250	30	763	173.157226587369	32275	209	-53	53	30	0	-50	24	-181	154.358994175695	0	0	-502	502	32	1	21	4.2
2025-11-03	15:28:09[525]	-250	30	763	173.157226587369	32275	209	-53	53	30	0	-46	18	-184	158.629377730657	0	0	-505	505	32	1	21	4.2
2025-11-03	15:28:09[701]	-250	30	763	173.157226587369	32275	209	-53	53	30	0	-47	28	-184	149.215853473674	0	0	-505	505	32	1	21	4.2
2025-11-03	15:28:09[877]	-250	30	763	173.157226587369	32275	209	-53	53	30	0	-49	18	-185	159.82934658815	0	0	-506	506	32	1	21	4.2
2025-11-03	15:28:10[069]	-250	30	763	173.157226587369	32275	209	-53	53	30	0	-53	18	-180	161.241349652158	0	0	-501	501	32	1	21	4.2
2025-11-03	15:28:10[245]	-250	30	763	173.157226587369	32275	209	-53	53	30	0	-49	18	-182	159.82934658815	0	0	-503	503	32	1	21	4.2
2025-11-03	15:28:10[421]	-250	30	763	173.157226587369	32275	209	-53	53	30	0	-54	18	-184	161.565051177078	0	0	-505	505	32	1	21	4.2
2025-11-03	15:28:10[597]	-250	30	763	173.157226587369	32275	209	-53	53	30	0	-48	17	-176	160.497551493338	0	0	-497	497	32	1	21	4.2
2025-11-03	15:28:10[772]	-250	30	763	173.157226587369	32275	209	-53	53	30	0	-44	15	-181	161.17528998176	0	0	-502	502	32	1	21	4.2
2025-11-03	15:28:10[948]	-250	30	763	173.157226587369	32275	209	-53	53	30	0	-56	16	-191	164.054604099077	0	0	-512	512	32	1	21	4.2
2025-11-03	15:28:11[142]	-250	30	763	173.157226587369	32275	209	-53	53	30	0	-46	19	-184	157.557246634706	0	0	-505	505	32	1	21	4.2
2025-11-03	15:28:11[318]	-250	30	763	173.157226587369	32275	209	-53	53	30	0	-49	19	-184	158.805943518458	0	0	-505	505	32	1	21	4.2
2025-11-03	15:28:11[493]	-250	30	763	173.157226587369	32275	209	-53	53	30	0	-48	18	-186	159.443954780417	0	0	-507	507	32	1	21	4.2
2025-11-03	15:28:11[668]	-250	30	763	173.157226587369	32275	209	-53	53	30	0	-50	18	-178	160.201123645475	0	0	-499	499	32	1	21	4.2
2025-11-03	15:28:11[844]	-250	30	763	173.157226587369	32275	209	-53	53	30	0	-51	14	-187	164.649863507576	0	0	-508	508	32	1	21	4.2
2025-11-03	15:28:12[037]	-250	30	763	173.157226587369	32275	209	-53	53	30	0	-48	27	-180	150.642246457209	0	0	-501	501	32	1	21	4.2
2025-11-03	15:28:12[212]	-250	30	763	173.157226587369	32275	209	-53	53	30	0	-53	22	-188	157.456938999942	0	0	-509	509	32	1	21	4.2
2025-11-03	15:28:12[388]	-250	30	763	173.157226587369	32275	209	-53	53	30	0	-44	25	-178	150.395549253995	0	0	-499	499	32	1	21	4.2
2025-11-03	15:28:12[565]	-250	30	763	173.157226587369	32275	209	-53	53	30	0	-50	22	-189	156.250505507133	0	0	-510	510	32	1	21	4.2
2025-11-03	15:28:12[738]	-250	30	763	173.157226587369	32275	209	-53	53	30	0	-52	26	-180	153.434948822922	0	0	-501	501	32	1	21	4.2
2025-11-03	15:28:12[930]	-250	30	763	173.157226587369	32275	209	-53	53	30	0	-52	17	-189	161.896236965493	0	0	-510	510	32	1	21	4.2
2025-11-03	15:28:13[106]	-250	30	763	173.157226587369	32275	209	-53	53	30	0	-53	18	-181	161.241349652158	0	0	-502	502	32	1	21	4.2
2025-11-03	15:28:13[282]	-250	30	763	173.157226587369	32275	209	-53	53	30	0	-48	16	-183	161.565051177078	0	0	-504	504	32	1	21	4.2
2025-11-03	15:28:13[457]	-250	30	763	173.157226587369	32275	209	-53	53	30	0	-52	16	-178	162.897271030948	0	0	-499	499	32	1	21	4.2
2025-11-03	15:28:13[636]	-250	30	763	173.157226587369	32275	209	-53	53	30	0	-49	19	-180	158.805943518458	0	0	-501	501	32	1	21	4.2
2025-11-03	15:28:13[810]	-250	30	763	173.157226587369	32275	209	-53	53	30	0	-52	26	-184	153.434948822922	0	0	-505	505	32	1	21	4.2
2025-11-03	15:28:14[002]	-250	30	763	173.157226587369	32275	209	-53	53	30	0	-50	23	-181	155.297569772229	0	0	-502	502	32	1	21	4.2
2025-11-03	15:28:14[178]	-250	30	763	173.157226587369	32275	209	-53	53	30	0	-52	22	-181	157.06789956241	0	0	-502	502	32	1	21	4.2
2025-11-03	15:28:14[354]	-250	30	763	173.157226587369	32275	209	-53	53	30	0	-46	17	-185	159.717440911083	0	0	-506	506	32	1	21	4.2
2025-11-03	15:28:14[529]	-250	30	763	173.157226587369	32275	209	-53	53	30	0	-46	28	-185	148.671307132196	0	0	-506	506	32	1	21	4.2
2025-11-03	15:28:14[706]	-250	30	763	173.157226587369	32275	209	-53	53	30	0	-50	21	-184	157.217594269518	0	0	-505	505	32	1	21	4.2
2025-11-03	15:28:14[898]	-250	30	763	173.157226587369	32275	209	-53	53	30	0	-52	21	-181	158.008870082823	0	0	-502	502	32	1	21	4.2
2025-11-03	15:28:15[073]	-250	30	763	173.157226587369	32275	209	-53	53	30	0	-46	24	-188	152.447188423282	0	0	-509	509	32	1	21	4.2
2025-11-03	15:28:15[251]	-250	30	763	173.157226587369	32275	209	-53	53	30	0	-49	21	-175	156.801409486352	0	0	-496	496	32	1	21	4.2
2025-11-03	15:28:15[425]	-250	30	763	173.157226587369	32275	209	-53	53	30	0	-48	23	-191	154.397812448558	0	0	-512	512	32	1	21	4.2
2025-11-03	15:28:15[603]	-250	30	763	173.157226587369	32275	209	-53	53	30	0	-52	13	-182	165.963756532074	0	0	-503	503	32	1	21	4.2
2025-11-03	15:28:15[777]	-250	30	763	173.157226587369	32275	209	-53	53	30	0	-53	24	-185	155.637546984688	0	0	-506	506	32	1	21	4.2
2025-11-03	15:28:15[970]	-250	30	763	173.157226587369	32275	209	-53	53	30	0	-45	15	-179	161.565051177078	0	0	-500	500	32	1	21	4.2
2025-11-03	15:28:16[146]	-250	30	763	173.157226587369	32275	209	-53	53	30	0	-49	23	-177	154.855214369321	0	0	-498	498	32	1	21	4.2
2025-11-03	15:28:16[321]	-250	30	763	173.157226587369	32275	209	-53	53	30	0	-49	21	-179	156.801409486352	0	0	-500	500	32	1	21	4.2
2025-11-03	15:28:16[494]	-250	30	763	173.157226587369	32275	209	-53	53	30	0	-47	26	-174	151.049004792533	0	0	-495	495	32	1	21	4.2
2025-11-03	15:28:16[687]	-250	30	763	173.157226587369	32275	209	-53	53	30	0	-51	13	-184	165.699722550814	0	0	-505	505	32	1	21	4.2
2025-11-03	15:28:16[862]	-250	30	763	173.157226587369	32275	209	-53	53	30	0	-45	23	-190	152.927919762007	0	0	-511	511	32	1	21	4.2
2025-11-03	15:28:17[037]	-250	30	763	173.157226587369	32275	209	-53	53	30	0	-53	25	-184	154.746836605426	0	0	-505	505	32	1	21	4.2
2025-11-03	15:28:17[214]	-250	30	763	173.157226587369	32275	209	-53	53	30	0	-49	24	-179	153.904575842612	0	0	-500	500	32	1	21	4.2
2025-11-03	15:28:17[389]	-250	30	763	173.157226587369	32275	209	-53	53	30	0	-50	19	-185	159.193208987289	0	0	-506	506	32	1	21	4.2
2025-11-03	15:28:17[564]	-250	30	763	173.157226587369	32275	209	-53	53	30	0	-48	18	-189	159.443954780417	0	0	-510	510	32	1	21	4.2
2025-11-03	15:28:17[757]	-250	30	763	173.157226587369	32275	209	-53	53	30	0	-43	20	-181	155.056094736575	0	0	-502	502	32	1	21	4.2
2025-11-03	15:28:17[932]	-250	30	763	173.157226587369	32275	209	-53	53	30	0	-52	27	-181	152.560272051801	0	0	-502	502	32	1	21	4.2
2025-11-03	15:28:18[532]	-250	30	763	173.157226587369	32275	209	-53	53	30	0	-44	24	-177	151.389540334035	0	0	-498	498	32	1	21	4.2
2025-11-03	15:28:18[610]	-250	30	763	173.157226587369	32275	209	-53	53	30	0	-50	23	-185	155.297569772229	0	0	-506	506	32	1	21	4.2
2025-11-03	15:28:18[659]	-250	30	763	173.157226587369	32275	209	-53	53	30	0	-55	22	-177	158.198590513648	0	0	-498	498	32	1	21	4.2
2025-11-03	15:28:18[735]	-250	30	763	173.157226587369	32275	209	-53	53	30	0	-51	25	-185	153.886087369709	0	0	-506	506	32	1	21	4.2
2025-11-03	15:28:18[829]	-250	30	763	173.157226587369	32275	209	-53	53	30	0	-49	21	-186	156.801409486352	0	0	-507	507	32	1	21	4.2
2025-11-03	15:28:19[005]	-250	30	763	173.157226587369	32275	209	-53	53	30	0	-44	20	-176	155.556045219583	0	0	-497	497	32	1	21	4.2
2025-11-03	15:28:19[182]	-250	30	763	173.157226587369	32275	209	-53	53	30	0	-51	18	-180	160.559965171824	0	0	-501	501	32	1	21	4.2
2025-11-03	15:28:19[356]	-250	30	763	173.157226587369	32275	209	-53	53	30	0	-49	21	-178	156.801409486352	0	0	-499	499	32	1	21	4.2
2025-11-03	15:28:19[533]	-250	30	763	173.157226587369	32275	209	-53	53	30	0	-44	20	-187	155.556045219583	0	0	-508	508	32	1	21	4.2
2025-11-03	15:28:19[725]	-250	30	763	173.157226587369	32275	209	-53	53	30	0	-51	20	-178	158.587030525128	0	0	-499	499	32	1	21	4.2
2025-11-03	15:28:19[900]	-250	30	763	173.157226587369	32275	209	-53	53	30	0	-50	22	-182	156.250505507133	0	0	-503	503	32	1	21	4.2
2025-11-03	15:28:20[079]	-250	30	763	173.157226587369	32275	209	-53	53	30	0	-47	27	-185	150.124007308311	0	0	-506	506	32	1	21	4.2
2025-11-03	15:28:20[253]	-250	30	763	173.157226587369	32275	209	-53	53	30	0	-47	28	-180	149.215853473674	0	0	-501	501	32	1	21	4.2
2025-11-03	15:28:20[428]	-250	30	763	173.157226587369	32275	209	-53	53	30	0	-49	26	-184	152.04903097211	0	0	-505	505	32	1	21	4.2
2025-11-03	15:28:20[619]	-250	30	763	173.157226587369	32275	209	-53	53	30	0	-56	20	-187	160.346175941947	0	0	-508	508	32	1	21	4.2
2025-11-03	15:28:20[797]	-250	30	763	173.157226587369	32275	209	-53	53	30	0	-51	24	-183	154.798876354525	0	0	-504	504	32	1	21	4.2
2025-11-03	15:28:20[971]	-250	30	763	173.157226587369	32275	209	-53	53	30	0	-53	17	-181	162.216111557307	0	0	-502	502	32	1	21	4.2
2025-11-03	15:28:21[147]	-250	30	763	173.157226587369	32275	209	-53	53	30	0	-51	25	-181	153.886087369709	0	0	-502	502	32	1	21	4.2
2025-11-03	15:28:21[323]	-250	30	763	173.157226587369	32275	209	-53	53	30	0	-47	22	-178	154.916405993809	0	0	-499	499	32	1	21	4.2
2025-11-03	15:28:21[518]	-250	30	763	173.157226587369	32275	209	-53	53	30	0	-51	23	-180	155.725558865561	0	0	-501	501	32	1	21	4.2
2025-11-03	15:28:21[692]	-250	30	763	173.157226587369	32275	209	-53	53	30	0	-53	20	-181	159.325575239126	0	0	-502	502	32	1	21	4.2
2025-11-03	15:28:21[867]	-250	30	763	173.157226587369	32275	209	-53	53	30	0	-45	23	-178	152.927919762007	0	0	-499	499	32	1	21	4.2
2025-11-03	15:28:22[043]	-250	30	763	173.157226587369	32275	209	-53	53	30	0	-54	21	-181	158.749494492867	0	0	-502	502	32	1	21	4.2
2025-11-03	15:28:22[218]	-250	30	763	173.157226587369	32275	209	-53	53	30	0	-44	23	-184	152.402704131356	0	0	-505	505	32	1	21	4.2
2025-11-03	15:28:22[395]	-250	30	763	173.157226587369	32275	209	-53	53	30	0	-53	18	-177	161.241349652158	0	0	-498	498	32	1	21	4.2
2025-11-03	15:28:22[587]	-250	30	763	173.157226587369	32275	209	-53	53	30	0	-55	22	-177	158.198590513648	0	0	-498	498	32	1	21	4.2
2025-11-03	15:28:22[764]	-250	30	763	173.157226587369	32275	209	-53	53	30	0	-50	22	-189	156.250505507133	0	0	-510	510	32	1	21	4.2
2025-11-03	15:28:22[938]	-250	30	763	173.157226587369	32275	209	-53	53	30	0	-45	21	-176	154.9831065219	0	0	-497	497	32	1	21	4.2
2025-11-03	15:28:23[115]	-250	30	763	173.157226587369	32275	209	-53	53	30	0	-51	23	-181	155.725558865561	0	0	-502	502	32	1	21	4.2
2025-11-03	15:28:23[291]	-250	30	763	173.157226587369	32275	209	-53	53	30	0	-48	22	-187	155.376435213836	0	0	-508	508	32	1	21	4.2
2025-11-03	15:28:23[466]	-250	30	763	173.157226587369	32275	209	-53	53	30	0	-53	22	-187	157.456938999942	0	0	-508	508	32	1	21	4.2
2025-11-03	15:28:23[661]	-250	30	763	173.157226587369	32275	209	-53	53	30	0	-49	25	-185	152.969139740157	0	0	-506	506	32	1	21	4.2
2025-11-03	15:28:24[482]	-250	30	763	173.157226587369	32275	209	-53	53	30	0	-49	22	-182	155.820892853311	0	0	-503	503	32	1	21	4.2
2025-11-03	15:28:24[565]	-250	30	763	173.157226587369	32275	209	-53	53	30	0	-53	23	-179	156.540975918538	0	0	-500	500	32	1	21	4.2
2025-11-03	15:28:24[642]	-250	30	763	173.157226587369	32275	209	-53	53	30	0	-48	16	-186	161.565051177078	0	0	-507	507	32	1	21	4.2
2025-11-03	15:28:24[704]	-250	30	763	173.157226587369	32275	209	-53	53	30	0	-56	23	-186	157.671343621981	0	0	-507	507	32	1	21	4.2
2025-11-03	15:28:24[782]	-250	30	763	173.157226587369	32275	209	-53	53	30	0	-43	22	-178	152.904447506248	0	0	-499	499	32	1	21	4.2
2025-11-03	15:28:24[858]	-250	30	763	173.157226587369	32275	209	-53	53	30	0	-55	13	-179	166.701429669506	0	0	-500	500	32	1	21	4.2
2025-11-03	15:28:24[910]	-250	30	763	173.157226587369	32275	209	-53	53	30	0	-53	24	-184	155.637546984688	0	0	-505	505	32	1	21	4.2
2025-11-03	15:28:25[082]	-250	30	763	173.157226587369	32275	209	-53	53	30	0	-43	22	-178	152.904447506248	0	0	-499	499	32	1	21	4.2
2025-11-03	15:28:25[254]	-250	30	763	173.157226587369	32275	209	-53	53	30	0	-47	26	-185	151.049004792533	0	0	-506	506	32	1	21	4.2
2025-11-03	15:28:25[446]	-250	30	763	173.157226587369	32275	209	-53	53	30	0	-47	20	-182	156.948699083527	0	0	-503	503	32	1	21	4.2
2025-11-03	15:28:25[624]	-250	30	763	173.157226587369	32275	209	-53	53	30	0	-48	17	-184	160.497551493338	0	0	-505	505	32	1	21	4.2
2025-11-03	15:28:25[798]	-250	30	763	173.157226587369	32275	209	-53	53	30	0	-52	18	-187	160.906507999514	0	0	-508	508	32	1	21	4.2
2025-11-03	15:28:25[975]	-250	30	763	173.157226587369	32275	209	-53	53	30	0	-49	18	-180	159.82934658815	0	0	-501	501	32	1	21	4.2
2025-11-03	15:28:26[152]	-250	30	763	173.157226587369	32275	209	-53	53	30	0	-46	23	-181	153.434948822922	0	0	-502	502	32	1	21	4.2
2025-11-03	15:28:26[343]	-250	30	763	173.157226587369	32275	209	-53	53	30	0	-48	24	-185	153.434948822922	0	0	-506	506	32	1	21	4.2
2025-11-03	15:28:26[507]	-250	30	763	173.157226587369	32275	209	-53	53	30	0	-51	26	-183	152.987334652061	0	0	-504	504	32	1	21	4.2
2025-11-03	15:28:26[698]	-250	30	763	173.157226587369	32275	209	-53	53	30	0	-50	25	-187	153.434948822922	0	0	-508	508	32	1	21	4.2
2025-11-03	15:28:26[875]	-250	30	763	173.157226587369	32275	209	-53	53	30	0	-46	29	-175	147.771242564901	0	0	-496	496	32	1	21	4.2
2025-11-03	15:28:27[052]	-250	30	763	173.157226587369	32275	209	-53	53	30	0	-50	17	-183	161.221966777554	0	0	-504	504	32	1	21	4.2
2025-11-03	15:28:27[227]	-250	30	763	173.157226587369	32275	209	-53	53	30	0	-55	21	-178	159.102234501161	0	0	-499	499	32	1	21	4.2
2025-11-03	15:28:27[403]	-250	30	763	173.157226587369	32275	209	-53	53	30	0	-50	24	-183	154.358994175695	0	0	-504	504	32	1	21	4.2
2025-11-03	15:28:27[595]	-250	30	763	173.157226587369	32275	209	-53	53	30	0	-46	19	-175	157.557246634706	0	0	-496	496	32	1	21	4.2
2025-11-03	15:28:27[773]	-250	30	763	173.157226587369	32275	209	-53	53	30	0	-55	21	-185	159.102234501161	0	0	-506	506	32	1	21	4.2
2025-11-03	15:28:27[947]	-250	30	763	173.157226587369	32275	209	-53	53	30	0	-51	18	-182	160.559965171824	0	0	-503	503	32	1	21	4.2
2025-11-03	15:28:28[123]	-250	30	763	173.157226587369	32275	209	-53	53	30	0	-46	9	-187	168.929797422061	0	0	-508	508	32	1	21	4.2
2025-11-03	15:28:28[299]	-250	30	763	173.157226587369	32275	209	-53	53	30	0	-46	24	-183	152.447188423282	0	0	-504	504	32	1	21	4.2
2025-11-03	15:28:28[474]	-250	30	763	173.157226587369	32275	209	-53	53	30	0	-45	19	-185	157.109448343752	0	0	-506	506	32	1	21	4.2
2025-11-03	15:28:28[666]	-250	30	763	173.157226587369	32275	209	-53	53	30	0	-47	14	-184	163.412661443073	0	0	-505	505	32	1	21	4.2
2025-11-03	15:28:28[843]	-250	30	763	173.157226587369	32275	209	-53	53	30	0	-57	19	-186	161.565051177078	0	0	-507	507	32	1	21	4.2
2025-11-03	15:28:29[021]	-250	30	763	173.157226587369	32275	209	-53	53	30	0	-49	22	-183	155.820892853311	0	0	-504	504	32	1	21	4.2
2025-11-03	15:28:29[194]	-250	30	763	173.157226587369	32275	209	-53	53	30	0	-48	17	-183	160.497551493338	0	0	-504	504	32	1	21	4.2
2025-11-03	15:28:29[370]	-250	30	763	173.157226587369	32275	209	-53	53	30	0	-41	25	-190	148.626994859892	0	0	-511	511	32	1	21	4.2
2025-11-03	15:28:29[564]	-250	30	763	173.157226587369	32275	209	-53	53	30	0	-47	21	-180	155.924501744921	0	0	-501	501	32	1	21	4.2
2025-11-03	15:28:29[737]	-250	30	763	173.157226587369	32275	209	-53	53	30	0	-50	15	-181	163.300755766006	0	0	-502	502	32	1	21	4.2
2025-11-03	15:28:29[914]	-250	30	763	173.157226587369	32275	209	-53	53	30	0	-45	25	-187	150.945395900923	0	0	-508	508	32	1	21	4.2
2025-11-03	15:28:30[091]	-250	30	763	173.157226587369	32275	209	-53	53	30	0	-49	23	-181	154.855214369321	0	0	-502	502	32	1	21	4.2
2025-11-03	15:28:30[262]	-250	30	763	173.157226587369	32275	209	-53	53	30	0	-45	26	-180	149.981632572391	0	0	-501	501	32	1	21	4.2
2025-11-03	15:28:30[454]	-250	30	763	173.157226587369	32275	209	-53	53	30	0	-48	21	-177	156.370622269343	0	0	-498	498	32	1	21	4.2
2025-11-03	15:28:30[630]	-250	30	763	173.157226587369	32275	209	-53	53	30	0	-50	23	-182	155.297569772229	0	0	-503	503	32	1	21	4.2
2025-11-03	15:28:30[805]	-250	30	763	173.157226587369	32275	209	-53	53	30	0	-50	22	-182	156.250505507133	0	0	-503	503	32	1	21	4.2
2025-11-03	15:28:30[977]	-250	30	763	173.157226587369	32275	209	-53	53	30	0	-49	26	-186	152.04903097211	0	0	-507	507	32	1	21	4.2
2025-11-03	15:28:31[170]	-250	30	763	173.157226587369	32275	209	-53	53	30	0	-51	20	-184	158.587030525128	0	0	-505	505	32	1	21	4.2
2025-11-03	15:28:31[347]	-250	30	763	173.157226587369	32275	209	-53	53	30	0	-50	19	-183	159.193208987289	0	0	-504	504	32	1	21	4.2
2025-11-03	15:28:31[522]	-250	30	763	173.157226587369	32275	209	-53	53	30	0	-47	21	-179	155.924501744921	0	0	-500	500	32	1	21	4.2
2025-11-03	15:28:31[697]	-250	30	763	173.157226587369	32275	209	-53	53	30	0	-47	22	-175	154.916405993809	0	0	-496	496	32	1	21	4.2
2025-11-03	15:28:31[873]	-250	30	763	173.157226587369	32275	209	-53	53	30	0	-45	25	-178	150.945395900923	0	0	-499	499	32	1	21	4.2
2025-11-03	15:28:32[066]	-250	30	763	173.157226587369	32275	209	-53	53	30	0	-49	18	-180	159.82934658815	0	0	-501	501	32	1	21	4.2
2025-11-03	15:28:32[241]	-250	30	763	173.157226587369	32275	209	-53	53	30	0	-48	22	-184	155.376435213836	0	0	-505	505	32	1	21	4.2
2025-11-03	15:28:32[417]	-250	30	763	173.157226587369	32275	209	-53	53	30	0	-50	20	-185	158.198590513648	0	0	-506	506	32	1	21	4.2
2025-11-03	15:28:32[593]	-250	30	763	173.157226587369	32275	209	-53	53	30	0	-51	19	-184	159.567171320601	0	0	-505	505	32	1	21	4.2
2025-11-03	15:28:32[767]	-250	30	763	173.157226587369	32275	209	-53	53	30	0	-52	26	-187	153.434948822922	0	0	-508	508	32	1	21	4.2
2025-11-03	15:28:32[959]	-250	30	763	173.157226587369	32275	209	-53	53	30	0	-49	18	-183	159.82934658815	0	0	-504	504	32	1	21	4.2
2025-11-03	15:28:33[135]	-250	30	763	173.157226587369	32275	209	-53	53	30	0	-55	21	-181	159.102234501161	0	0	-502	502	32	1	21	4.2
2025-11-03	15:28:33[311]	-250	30	763	173.157226587369	32275	209	-53	53	30	0	-46	24	-180	152.447188423282	0	0	-501	501	32	1	21	4.2
2025-11-03	15:28:33[486]	-250	30	763	173.157226587369	32275	209	-53	53	30	0	-52	19	-180	159.928474135461	0	0	-501	501	32	1	21	4.2
2025-11-03	15:28:33[663]	-250	30	763	173.157226587369	32275	209	-53	53	30	0	-52	15	-187	163.909183651148	0	0	-508	508	32	1	21	4.2
2025-11-03	15:28:33[840]	-250	30	763	173.157226587369	32275	209	-53	53	30	0	-44	18	-186	157.750976342788	0	0	-507	507	32	1	21	4.2
2025-11-03	15:28:34[031]	-250	30	763	173.157226587369	32275	209	-53	53	30	0	-52	23	-184	156.139824808658	0	0	-505	505	32	1	21	4.2
2025-11-03	15:28:34[207]	-250	30	763	173.157226587369	32275	209	-53	53	30	0	-49	17	-186	160.866356794095	0	0	-507	507	32	1	21	4.2
2025-11-03	15:28:34[383]	-250	30	763	173.157226587369	32275	209	-53	53	30	0	-52	16	-184	162.897271030948	0	0	-505	505	32	1	21	4.2
2025-11-03	15:28:34[559]	-250	30	763	173.157226587369	32275	209	-53	53	30	0	-51	19	-185	159.567171320601	0	0	-506	506	32	1	21	4.2
2025-11-03	15:28:34[735]	-250	30	763	173.157226587369	32275	209	-53	53	30	0	-45	20	-181	156.037511025422	0	0	-502	502	32	1	21	4.2
2025-11-03	15:28:34[926]	-250	30	763	173.157226587369	32275	209	-53	53	30	0	-54	23	-174	156.929587750175	0	0	-495	495	32	1	21	4.2
2025-11-03	15:28:35[101]	-250	30	763	173.157226587369	32275	209	-53	53	30	0	-54	22	-174	157.833654177918	0	0	-495	495	32	1	21	4.2
2025-11-03	15:28:35[278]	-250	30	763	173.157226587369	32275	209	-53	53	30	0	-45	22	-178	153.946504689509	0	0	-499	499	32	1	21	4.2
2025-11-03	15:28:35[457]	-250	30	763	173.157226587369	32275	209	-53	53	30	0	-49	23	-179	154.855214369321	0	0	-500	500	32	1	21	4.2
2025-11-03	15:28:35[630]	-250	30	763	173.157226587369	32275	209	-53	53	30	0	-51	14	-184	164.649863507576	0	0	-505	505	32	1	21	4.2
2025-11-03	15:28:35[807]	-250	30	763	173.157226587369	32275	209	-53	53	30	0	-49	19	-181	158.805943518458	0	0	-502	502	32	1	21	4.2
2025-11-03	15:28:35[998]	-250	30	763	173.157226587369	32275	209	-53	53	30	0	-55	27	-189	153.853158764419	0	0	-510	510	32	1	21	4.2
2025-11-03	15:28:36[174]	-250	30	763	173.157226587369	32275	209	-53	53	30	0	-47	25	-180	151.990823291986	0	0	-501	501	32	1	21	4.2
2025-11-03	15:28:36[350]	-250	30	763	173.157226587369	32275	209	-53	53	30	0	-59	19	-181	162.149681697783	0	0	-502	502	32	1	21	4.2
2025-11-03	15:28:36[526]	-250	30	763	173.157226587369	32275	209	-53	53	30	0	-43	22	-186	152.904447506248	0	0	-507	507	32	1	21	4.2
2025-11-03	15:28:36[702]	-250	30	763	173.157226587369	32275	209	-53	53	30	0	-49	25	-185	152.969139740157	0	0	-506	506	32	1	21	4.2
2025-11-03	15:28:36[894]	-250	30	763	173.157226587369	32275	209	-53	53	30	0	-56	21	-180	159.443954780417	0	0	-501	501	32	1	21	4.2
2025-11-03	15:28:37[070]	-250	30	763	173.157226587369	32275	209	-53	53	30	0	-52	24	-187	155.224859431168	0	0	-508	508	32	1	21	4.2
2025-11-03	15:28:37[247]	-250	30	763	173.157226587369	32275	209	-53	53	30	0	-44	21	-178	154.486129572466	0	0	-499	499	32	1	21	4.2
2025-11-03	15:28:37[422]	-250	30	763	173.157226587369	32275	209	-53	53	30	0	-52	24	-182	155.224859431168	0	0	-503	503	32	1	21	4.2
2025-11-03	15:28:37[597]	-250	30	763	173.157226587369	32275	209	-53	53	30	0	-47	24	-177	152.949402992914	0	0	-498	498	32	1	21	4.2
2025-11-03	15:28:37[773]	-250	30	763	173.157226587369	32275	209	-53	53	30	0	-51	24	-177	154.798876354525	0	0	-498	498	32	1	21	4.2
2025-11-03	15:28:37[966]	-250	30	763	173.157226587369	32275	209	-53	53	30	0	-50	21	-181	157.217594269518	0	0	-502	502	32	1	21	4.2
2025-11-03	15:28:38[141]	-250	30	763	173.157226587369	32275	209	-53	53	30	0	-46	20	-190	156.501434324048	0	0	-511	511	32	1	21	4.2
2025-11-03	15:28:38[319]	-250	30	763	173.157226587369	32275	209	-53	53	30	0	-52	22	-185	157.06789956241	0	0	-506	506	32	1	21	4.2
2025-11-03	15:28:38[494]	-250	30	763	173.157226587369	32275	209	-53	53	30	0	-51	24	-184	154.798876354525	0	0	-505	505	32	1	21	4.2
2025-11-03	15:28:38[670]	-250	30	763	173.157226587369	32275	209	-53	53	30	0	-51	20	-176	158.587030525128	0	0	-497	497	32	1	21	4.2
2025-11-03	15:28:38[862]	-250	30	763	173.157226587369	32275	209	-53	53	30	0	-50	25	-184	153.434948822922	0	0	-505	505	32	1	21	4.2
2025-11-03	15:28:39[038]	-250	30	763	173.157226587369	32275	209	-53	53	30	0	-48	21	-181	156.370622269343	0	0	-502	502	32	1	21	4.2
2025-11-03	15:28:39[216]	-250	30	763	173.157226587369	32275	209	-53	53	30	0	-47	23	-189	153.924644416051	0	0	-510	510	32	1	21	4.2
2025-11-03	15:28:39[385]	-250	30	763	173.157226587369	32275	209	-53	53	30	0	-50	26	-183	152.525568373723	0	0	-504	504	32	1	21	4.2
2025-11-03	15:28:39[577]	-250	30	763	173.157226587369	32275	209	-53	53	30	0	-53	28	-186	152.152421740212	0	0	-507	507	32	1	21	4.2
2025-11-03	15:28:39[753]	-250	30	763	173.157226587369	32275	209	-53	53	30	0	-44	18	-187	157.750976342788	0	0	-508	508	32	1	21	4.2
2025-11-03	15:28:39[928]	-250	30	763	173.157226587369	32275	209	-53	53	30	0	-45	21	-184	154.9831065219	0	0	-505	505	32	1	21	4.2
2025-11-03	15:28:40[105]	-250	30	763	173.157226587369	32275	209	-53	53	30	0	-47	25	-182	151.990823291986	0	0	-503	503	32	1	21	4.2
2025-11-03	15:28:40[282]	-250	30	763	173.157226587369	32275	209	-53	53	30	0	-52	25	-181	154.323184318162	0	0	-502	502	32	1	21	4.2
2025-11-03	15:28:40[458]	-250	30	763	173.157226587369	32275	209	-53	53	30	0	-46	19	-176	157.557246634706	0	0	-497	497	32	1	21	4.2
2025-11-03	15:28:40[691]	-250	30	763	173.157226587369	32275	209	-53	53	30	0	-50	23	-181	155.297569772229	0	0	-502	502	32	1	21	4.2
2025-11-03	15:28:40[824]	-250	30	763	173.157226587369	32275	209	-53	53	30	0	-52	21	-178	158.008870082823	0	0	-499	499	32	1	21	4.2
2025-11-03	15:28:41[000]	-250	30	763	173.157226587369	32275	209	-53	53	30	0	-51	19	-180	159.567171320601	0	0	-501	501	32	1	21	4.2
2025-11-03	15:28:41[174]	-250	30	763	173.157226587369	32275	209	-53	53	30	0	-42	26	-178	148.240519915187	0	0	-499	499	32	1	21	4.2
2025-11-03	15:28:41[364]	-250	30	763	173.157226587369	32275	209	-53	53	30	0	-43	23	-177	151.858398767738	0	0	-498	498	32	1	21	4.2
2025-11-03	15:28:41[541]	-250	30	763	173.157226587369	32275	209	-53	53	30	0	-43	16	-178	159.590117166196	0	0	-499	499	32	1	21	4.2
2025-11-03	15:28:41[717]	-250	30	763	173.157226587369	32275	209	-53	53	30	0	-48	21	-186	156.370622269343	0	0	-507	507	32	1	21	4.2
2025-11-03	15:28:41[893]	-250	30	763	173.157226587369	32275	209	-53	53	30	0	-45	25	-184	150.945395900923	0	0	-505	505	32	1	21	4.2
2025-11-03	15:28:42[069]	-250	30	763	173.157226587369	32275	209	-53	53	30	0	-49	23	-175	154.855214369321	0	0	-496	496	32	1	21	4.2
2025-11-03	15:28:42[261]	-250	30	763	173.157226587369	32275	209	-53	53	30	0	-49	24	-182	153.904575842612	0	0	-503	503	32	1	21	4.2
2025-11-03	15:28:42[439]	-250	30	763	173.157226587369	32275	209	-53	53	30	0	-51	21	-177	157.61986494804	0	0	-498	498	32	1	21	4.2
2025-11-03	15:28:42[613]	-250	30	763	173.157226587369	32275	209	-53	53	30	0	-44	22	-186	153.434948822922	0	0	-507	507	32	1	21	4.2
2025-11-03	15:28:42[788]	-250	30	763	173.157226587369	32275	209	-53	53	30	0	-54	17	-184	162.525225743744	0	0	-505	505	32	1	21	4.2
2025-11-03	15:28:42[965]	-250	30	763	173.157226587369	32275	209	-53	53	30	0	-50	21	-186	157.217594269518	0	0	-507	507	32	1	21	4.2
2025-11-03	15:28:43[142]	-250	30	763	173.157226587369	32275	209	-53	53	30	0	-43	19	-175	156.161259816828	0	0	-496	496	32	1	21	4.2
2025-11-03	15:28:43[333]	-250	30	763	173.157226587369	32275	209	-53	53	30	0	-52	20	-183	158.962488974578	0	0	-504	504	32	1	21	4.2
2025-11-03	15:28:43[508]	-250	30	763	173.157226587369	32275	209	-53	53	30	0	-48	23	-189	154.397812448558	0	0	-510	510	32	1	21	4.2
2025-11-03	15:28:43[684]	-250	30	763	173.157226587369	32275	209	-53	53	30	0	-44	17	-182	158.875280853928	0	0	-503	503	32	1	21	4.2
2025-11-03	15:28:43[861]	-250	30	763	173.157226587369	32275	209	-53	53	30	0	-47	24	-180	152.949402992914	0	0	-501	501	32	1	21	4.2
2025-11-03	15:28:44[036]	-250	30	763	173.157226587369	32275	209	-53	53	30	0	-55	25	-177	155.556045219583	0	0	-498	498	32	1	21	4.2
2025-11-03	15:28:44[228]	-250	30	763	173.157226587369	32275	209	-53	53	30	0	-48	25	-183	152.487997376149	0	0	-504	504	32	1	21	4.2
2025-11-03	15:28:44[405]	-250	30	763	173.157226587369	32275	209	-53	53	30	0	-53	20	-179	159.325575239126	0	0	-500	500	32	1	21	4.2
2025-11-03	15:28:44[580]	-250	30	763	173.157226587369	32275	209	-53	53	30	0	-49	23	-180	154.855214369321	0	0	-501	501	32	1	21	4.2
2025-11-03	15:28:44[757]	-250	30	763	173.157226587369	32275	209	-53	53	30	0	-52	25	-179	154.323184318162	0	0	-500	500	32	1	21	4.2
2025-11-03	15:28:44[932]	-250	30	763	173.157226587369	32275	209	-53	53	30	0	-50	17	-180	161.221966777554	0	0	-501	501	32	1	21	4.2
2025-11-03	15:28:45[107]	-250	30	763	173.157226587369	32275	209	-53	53	30	0	-50	19	-186	159.193208987289	0	0	-507	507	32	1	21	4.2
2025-11-03	15:28:45[300]	-250	30	763	173.157226587369	32275	209	-53	53	30	0	-43	27	-184	147.875001559612	0	0	-505	505	32	1	21	4.2
2025-11-03	15:28:45[476]	-250	30	763	173.157226587369	32275	209	-53	53	30	0	-48	22	-187	155.376435213836	0	0	-508	508	32	1	21	4.2
2025-11-03	15:28:45[652]	-250	30	763	173.157226587369	32275	209	-53	53	30	0	-46	18	-185	158.629377730657	0	0	-506	506	32	1	21	4.2
2025-11-03	15:28:45[829]	-250	30	763	173.157226587369	32275	209	-53	53	30	0	-45	29	-179	147.200468727381	0	0	-500	500	32	1	21	4.2
2025-11-03	15:28:46[004]	-250	30	763	173.157226587369	32275	209	-53	53	30	0	-47	27	-180	150.124007308311	0	0	-501	501	32	1	21	4.2
2025-11-03	15:28:46[196]	-250	30	763	173.157226587369	32275	209	-53	53	30	0	-49	26	-178	152.04903097211	0	0	-499	499	32	1	21	4.2
2025-11-03	15:28:46[372]	-250	30	763	173.157226587369	32275	209	-53	53	30	0	-53	21	-181	158.385221057214	0	0	-502	502	32	1	21	4.2
2025-11-03	15:28:46[549]	-250	30	763	173.157226587369	32275	209	-53	53	30	0	-53	24	-182	155.637546984688	0	0	-503	503	32	1	21	4.2
2025-11-03	15:28:46[724]	-250	30	763	173.157226587369	32275	209	-53	53	30	0	-52	23	-184	156.139824808658	0	0	-505	505	32	1	21	4.2
2025-11-03	15:28:46[899]	-250	30	763	173.157226587369	32275	209	-53	53	30	0	-49	20	-187	157.796521467943	0	0	-508	508	32	1	21	4.2
2025-11-03	15:28:47[078]	-250	30	763	173.157226587369	32275	209	-53	53	30	0	-44	23	-178	152.402704131356	0	0	-499	499	32	1	21	4.2
2025-11-03	15:28:47[268]	-250	30	763	173.157226587369	32275	209	-53	53	30	0	-55	23	-179	157.306205054908	0	0	-500	500	32	1	21	4.2
2025-11-03	15:28:47[444]	-250	30	763	173.157226587369	32275	209	-53	53	30	0	-47	18	-180	159.044223269368	0	0	-501	501	32	1	21	4.2
2025-11-03	15:28:47[619]	-250	30	763	173.157226587369	32275	209	-53	53	30	0	-42	22	-180	152.354024636261	0	0	-501	501	32	1	21	4.2
2025-11-03	15:28:47[797]	-250	30	763	173.157226587369	32275	209	-53	53	30	0	-45	24	-178	151.927513064147	0	0	-499	499	32	1	21	4.2
2025-11-03	15:28:47[972]	-250	30	763	173.157226587369	32275	209	-53	53	30	0	-49	22	-182	155.820892853311	0	0	-503	503	32	1	21	4.2
2025-11-03	15:28:48[163]	-250	30	763	173.157226587369	32275	209	-53	53	30	0	-42	27	-186	147.264773727892	0	0	-507	507	32	1	21	4.2
2025-11-03	15:28:48[340]	-250	30	763	173.157226587369	32275	209	-53	53	30	0	-50	17	-187	161.221966777554	0	0	-508	508	32	1	21	4.2
2025-11-03	15:28:48[507]	-250	30	763	173.157226587369	32275	209	-53	53	30	0	-53	26	-182	153.868999455061	0	0	-503	503	32	1	21	4.2
2025-11-03	15:28:48[702]	-250	30	763	173.157226587369	32275	209	-53	53	30	0	-48	24	-174	153.434948822922	0	0	-495	495	32	1	21	4.2
2025-11-03	15:28:48[875]	-250	30	763	173.157226587369	32275	209	-53	53	30	0	-46	23	-181	153.434948822922	0	0	-502	502	32	1	21	4.2
2025-11-03	15:28:49[051]	-250	30	763	173.157226587369	32275	209	-53	53	30	0	-51	20	-180	158.587030525128	0	0	-501	501	32	1	21	4.2
2025-11-03	15:28:49[226]	-250	30	763	173.157226587369	32275	209	-53	53	30	0	-49	29	-180	149.381394591091	0	0	-501	501	32	1	21	4.2
2025-11-03	15:28:49[406]	-250	30	763	173.157226587369	32275	209	-53	53	30	0	-50	18	-182	160.201123645475	0	0	-503	503	32	1	21	4.2
2025-11-03	15:28:49[578]	-250	30	763	173.157226587369	32275	209	-53	53	30	0	-45	22	-182	153.946504689509	0	0	-503	503	32	1	21	4.2
2025-11-03	15:28:49[770]	-250	30	763	173.157226587369	32275	209	-53	53	30	0	-46	21	-177	155.462271523422	0	0	-498	498	32	1	21	4.2
2025-11-03	15:28:49[948]	-250	30	763	173.157226587369	32275	209	-53	53	30	0	-59	25	-179	157.036226940145	0	0	-500	500	32	1	21	4.2
2025-11-03	15:28:50[123]	-250	30	763	173.157226587369	32275	209	-53	53	30	0	-52	19	-177	159.928474135461	0	0	-498	498	32	1	21	4.2
2025-11-03	15:28:50[300]	-250	30	763	173.157226587369	32275	209	-53	53	30	0	-46	19	-187	157.557246634706	0	0	-508	508	32	1	21	4.2
2025-11-03	15:28:50[475]	-250	30	763	173.157226587369	32275	209	-53	53	30	0	-43	20	-182	155.056094736575	0	0	-503	503	32	1	21	4.2
2025-11-03	15:28:50[670]	-250	30	763	173.157226587369	32275	209	-53	53	30	0	-50	22	-186	156.250505507133	0	0	-507	507	32	1	21	4.2
2025-11-03	15:28:50[844]	-250	30	763	173.157226587369	32275	209	-53	53	30	0	-47	21	-175	155.924501744921	0	0	-496	496	32	1	21	4.2
2025-11-03	15:28:51[018]	-250	30	763	173.157226587369	32275	209	-53	53	30	0	-54	19	-188	160.615484320642	0	0	-509	509	32	1	21	4.2
2025-11-03	15:28:51[194]	-250	30	763	173.157226587369	32275	209	-53	53	30	0	-51	20	-182	158.587030525128	0	0	-503	503	32	1	21	4.2
2025-11-03	15:28:51[370]	-250	30	763	173.157226587369	32275	209	-53	53	30	0	-53	20	-185	159.325575239126	0	0	-506	506	32	1	21	4.2
2025-11-03	15:28:51[549]	-250	30	763	173.157226587369	32275	209	-53	53	30	0	-51	20	-179	158.587030525128	0	0	-500	500	32	1	21	4.2
2025-11-03	15:28:51[737]	-250	30	763	173.157226587369	32275	209	-53	53	30	0	-53	21	-179	158.385221057214	0	0	-500	500	32	1	21	4.2
2025-11-03	15:28:51[914]	-250	30	763	173.157226587369	32275	209	-53	53	30	0	-47	27	-181	150.124007308311	0	0	-502	502	32	1	21	4.2
2025-11-03	15:28:52[091]	-250	30	763	173.157226587369	32275	209	-53	53	30	0	-45	19	-178	157.109448343752	0	0	-499	499	32	1	21	4.2
2025-11-03	15:28:52[264]	-250	30	763	173.157226587369	32275	209	-53	53	30	0	-51	26	-184	152.987334652061	0	0	-505	505	32	1	21	4.2
2025-11-03	15:28:52[455]	-250	30	763	173.157226587369	32275	209	-53	53	30	0	-47	19	-178	157.988716802081	0	0	-499	499	32	1	21	4.2
2025-11-03	15:28:52[632]	-250	30	763	173.157226587369	32275	209	-53	53	30	0	-51	21	-180	157.61986494804	0	0	-501	501	32	1	21	4.2
2025-11-03	15:28:52[807]	-250	30	763	173.157226587369	32275	209	-53	53	30	0	-45	21	-175	154.9831065219	0	0	-496	496	32	1	21	4.2
2025-11-03	15:28:52[983]	-250	30	763	173.157226587369	32275	209	-53	53	30	0	-50	21	-182	157.217594269518	0	0	-503	503	32	1	21	4.2
2025-11-03	15:28:53[161]	-250	30	763	173.157226587369	32275	209	-53	53	30	0	-48	21	-181	156.370622269343	0	0	-502	502	32	1	21	4.2
2025-11-03	15:28:53[335]	-250	30	763	173.157226587369	32275	209	-53	53	30	0	-43	19	-179	156.161259816828	0	0	-500	500	32	1	21	4.2
2025-11-03	15:28:53[527]	-250	30	763	173.157226587369	32275	209	-53	53	30	0	-48	23	-185	154.397812448558	0	0	-506	506	32	1	21	4.2
2025-11-03	15:28:53[702]	-250	30	763	173.157226587369	32275	209	-53	53	30	0	-48	28	-187	149.743562836471	0	0	-508	508	32	1	21	4.2
2025-11-03	15:28:53[879]	-250	30	763	173.157226587369	32275	209	-53	53	30	0	-45	23	-182	152.927919762007	0	0	-503	503	32	1	21	4.2
2025-11-03	15:28:54[054]	-250	30	763	173.157226587369	32275	209	-53	53	30	0	-47	20	-186	156.948699083527	0	0	-507	507	32	1	21	4.2
2025-11-03	15:28:54[234]	-250	30	763	173.157226587369	32275	209	-53	53	30	0	-50	23	-185	155.297569772229	0	0	-506	506	32	1	21	4.2
2025-11-03	15:28:54[422]	-250	30	763	173.157226587369	32275	209	-53	53	30	0	-51	20	-181	158.587030525128	0	0	-502	502	32	1	21	4.2
2025-11-03	15:28:54[599]	-250	30	763	173.157226587369	32275	209	-53	53	30	0	-47	16	-184	161.200114841347	0	0	-505	505	32	1	21	4.2
2025-11-03	15:28:54[775]	-250	30	763	173.157226587369	32275	209	-53	53	30	0	-43	22	-180	152.904447506248	0	0	-501	501	32	1	21	4.2
2025-11-03	15:28:54[952]	-250	30	763	173.157226587369	32275	209	-53	53	30	0	-48	24	-181	153.434948822922	0	0	-502	502	32	1	21	4.2
2025-11-03	15:28:55[127]	-250	30	763	173.157226587369	32275	209	-53	53	30	0	-47	22	-182	154.916405993809	0	0	-503	503	32	1	21	4.2
2025-11-03	15:28:55[302]	-250	30	763	173.157226587369	32275	209	-53	53	30	0	-47	21	-180	155.924501744921	0	0	-501	501	32	1	21	4.2
2025-11-03	15:28:55[493]	-250	30	763	173.157226587369	32275	209	-53	53	30	0	-47	21	-180	155.924501744921	0	0	-501	501	32	1	21	4.2
2025-11-03	15:28:55[670]	-250	30	763	173.157226587369	32275	209	-53	53	30	0	-46	18	-182	158.629377730657	0	0	-503	503	32	1	21	4.2
2025-11-03	15:28:55[847]	-250	30	763	173.157226587369	32275	209	-53	53	30	0	-45	21	-181	154.9831065219	0	0	-502	502	32	1	21	4.2
2025-11-03	15:28:56[021]	-250	30	763	173.157226587369	32275	209	-53	53	30	0	-50	21	-181	157.217594269518	0	0	-502	502	32	1	21	4.2
2025-11-03	15:28:56[199]	-250	30	763	173.157226587369	32275	209	-53	53	30	0	-46	23	-179	153.434948822922	0	0	-500	500	32	1	21	4.2
2025-11-03	15:28:56[390]	-250	30	763	173.157226587369	32275	209	-53	53	30	0	-47	27	-185	150.124007308311	0	0	-506	506	32	1	21	4.2
2025-11-03	15:28:56[567]	-250	30	763	173.157226587369	32275	209	-53	53	30	0	-50	28	-182	150.751173663453	0	0	-503	503	32	1	21	4.2
2025-11-03	15:28:56[742]	-250	30	763	173.157226587369	32275	209	-53	53	30	0	-57	21	-175	159.775140568832	0	0	-496	496	32	1	21	4.2
2025-11-03	15:28:56[918]	-250	30	763	173.157226587369	32275	209	-53	53	30	0	-53	21	-183	158.385221057214	0	0	-504	504	32	1	21	4.2
2025-11-03	15:28:57[094]	-250	30	763	173.157226587369	32275	209	-53	53	30	0	-48	18	-184	159.443954780417	0	0	-505	505	32	1	21	4.2
2025-11-03	15:28:57[286]	-250	30	763	173.157226587369	32275	209	-53	53	30	0	-48	20	-172	157.38013505196	0	0	-493	493	32	1	21	4.2
2025-11-03	15:28:57[462]	-250	30	763	173.157226587369	32275	209	-53	53	30	0	-46	21	-178	155.462271523422	0	0	-499	499	32	1	21	4.2
2025-11-03	15:28:57[639]	-250	30	763	173.157226587369	32275	209	-53	53	30	0	-47	29	-183	148.324531261891	0	0	-504	504	32	1	21	4.2
2025-11-03	15:28:57[815]	-250	30	763	173.157226587369	32275	209	-53	53	30	0	-48	18	-180	159.443954780417	0	0	-501	501	32	1	21	4.2
2025-11-03	15:28:57[990]	-250	30	763	173.157226587369	32275	209	-53	53	30	0	-51	21	-178	157.61986494804	0	0	-499	499	32	1	21	4.2
2025-11-03	15:28:58[166]	-250	30	763	173.157226587369	32275	209	-53	53	30	0	-47	22	-176	154.916405993809	0	0	-497	497	32	1	21	4.2
2025-11-03	15:28:58[358]	-250	30	763	173.157226587369	32275	209	-53	53	30	0	-47	17	-183	160.114834886145	0	0	-504	504	32	1	21	4.2
2025-11-03	15:28:58[536]	-250	30	763	173.157226587369	32275	209	-53	53	30	0	-48	18	-182	159.443954780417	0	0	-503	503	32	1	21	4.2
2025-11-03	15:28:58[710]	-250	30	763	173.157226587369	32275	209	-53	53	30	0	-48	11	-181	167.092591328734	0	0	-502	502	32	1	21	4.2
2025-11-03	15:28:58[886]	-250	30	763	173.157226587369	32275	209	-53	53	30	0	-49	16	-185	161.916554616951	0	0	-506	506	32	1	21	4.2
2025-11-03	15:28:59[062]	-250	30	763	173.157226587369	32275	209	-53	53	30	0	-47	17	-184	160.114834886145	0	0	-505	505	32	1	21	4.2
2025-11-03	15:28:59[253]	-250	30	763	173.157226587369	32275	209	-53	53	30	0	-50	27	-185	151.630953706721	0	0	-506	506	32	1	21	4.2
2025-11-03	15:28:59[429]	-250	30	763	173.157226587369	32275	209	-53	53	30	0	-49	21	-182	156.801409486352	0	0	-503	503	32	1	21	4.2
2025-11-03	15:28:59[605]	-250	30	763	173.157226587369	32275	209	-53	53	30	0	-38	19	-182	153.434948822922	0	0	-503	503	32	1	21	4.2
2025-11-03	15:28:59[781]	-250	30	763	173.157226587369	32275	209	-53	53	30	0	-52	22	-181	157.06789956241	0	0	-502	502	32	1	21	4.2
2025-11-03	15:28:59[959]	-250	30	763	173.157226587369	32275	209	-53	53	30	0	-45	21	-183	154.9831065219	0	0	-504	504	32	1	21	4.2
2025-11-03	15:29:00[132]	-250	30	763	173.157226587369	32275	209	-53	53	30	0	-48	24	-180	153.434948822922	0	0	-501	501	32	1	21	4.2
2025-11-03	15:29:00[315]	-250	30	763	173.157226587369	32275	209	-53	53	30	0	-46	26	-173	150.524110996754	0	0	-494	494	32	1	21	4.2
2025-11-03	15:29:00[504]	-250	30	763	173.157226587369	32275	209	-53	53	30	0	-51	24	-180	154.798876354525	0	0	-501	501	32	1	21	4.2
2025-11-03	15:29:00[680]	-250	30	763	173.157226587369	32275	209	-53	53	30	0	-51	18	-177	160.559965171824	0	0	-498	498	32	1	21	4.2
2025-11-03	15:29:00[857]	-250	30	763	173.157226587369	32275	209	-53	53	30	0	-43	21	-182	153.970407808487	0	0	-503	503	32	1	21	4.2
2025-11-03	15:29:01[031]	-250	30	763	173.157226587369	32275	209	-53	53	30	0	-50	21	-180	157.217594269518	0	0	-501	501	32	1	21	4.2
2025-11-03	15:29:01[208]	-250	30	763	173.157226587369	32275	209	-53	53	30	0	-48	27	-186	150.642246457209	0	0	-507	507	32	1	21	4.2
2025-11-03	15:29:01[387]	-250	30	763	173.157226587369	32275	209	-53	53	30	0	-53	26	-182	153.868999455061	0	0	-503	503	32	1	21	4.2
2025-11-03	15:29:01[577]	-250	30	763	173.157226587369	32275	209	-53	53	30	0	-45	24	-177	151.927513064147	0	0	-498	498	32	1	21	4.2
2025-11-03	15:29:01[753]	-250	30	763	173.157226587369	32275	209	-53	53	30	0	-47	21	-180	155.924501744921	0	0	-501	501	32	1	21	4.2
2025-11-03	15:29:01[930]	-250	30	763	173.157226587369	32275	209	-53	53	30	0	-47	20	-185	156.948699083527	0	0	-506	506	32	1	21	4.2
2025-11-03	15:29:02[652]	-250	30	763	173.157226587369	32275	209	-53	53	30	0	-42	18	-180	156.801409486352	0	0	-501	501	32	1	21	4.2
2025-11-03	15:29:02[701]	-250	30	763	173.157226587369	32275	209	-53	53	30	0	-54	19	-182	160.615484320642	0	0	-503	503	32	1	21	4.2
2025-11-03	15:29:02[775]	-250	30	763	173.157226587369	32275	209	-53	53	30	0	-56	15	-181	165.004920870824	0	0	-502	502	32	1	21	4.2
2025-11-03	15:29:02[834]	-250	30	763	173.157226587369	32275	209	-53	53	30	0	-52	25	-180	154.323184318162	0	0	-501	501	32	1	21	4.2
2025-11-03	15:29:02[897]	-250	30	763	173.157226587369	32275	209	-53	53	30	0	-47	19	-177	157.988716802081	0	0	-498	498	32	1	21	4.2
2025-11-03	15:29:03[005]	-250	30	763	173.157226587369	32275	209	-53	53	30	0	-45	16	-183	160.42687416959	0	0	-504	504	32	1	21	4.2
2025-11-03	15:29:03[179]	-250	30	763	173.157226587369	32275	209	-53	53	30	0	-47	28	-179	149.215853473674	0	0	-500	500	32	1	21	4.2
2025-11-03	15:29:03[353]	-250	30	763	173.157226587369	32275	209	-53	53	30	0	-47	23	-177	153.924644416051	0	0	-498	498	32	1	21	4.2
2025-11-03	15:29:03[545]	-250	30	763	173.157226587369	32275	209	-53	53	30	0	-48	19	-180	158.404689551032	0	0	-501	501	32	1	21	4.2
2025-11-03	15:29:03[722]	-250	30	763	173.157226587369	32275	209	-53	53	30	0	-47	23	-187	153.924644416051	0	0	-508	508	32	1	21	4.2
2025-11-03	15:29:03[896]	-250	30	763	173.157226587369	32275	209	-53	53	30	0	-43	24	-179	150.832386620422	0	0	-500	500	32	1	21	4.2
2025-11-03	15:29:04[073]	-250	30	763	173.157226587369	32275	209	-53	53	30	0	-48	18	-181	159.443954780417	0	0	-502	502	32	1	21	4.2
2025-11-03	15:29:04[252]	-250	30	763	173.157226587369	32275	209	-53	53	30	0	-47	22	-173	154.916405993809	0	0	-494	494	32	1	21	4.2
2025-11-03	15:29:04[445]	-250	30	763	173.157226587369	32275	209	-53	53	30	0	-49	25	-184	152.969139740157	0	0	-505	505	32	1	21	4.2
2025-11-03	15:29:04[617]	-250	30	763	173.157226587369	32275	209	-53	53	30	0	-51	23	-181	155.725558865561	0	0	-502	502	32	1	21	4.2
2025-11-03	15:29:04[793]	-250	30	763	173.157226587369	32275	209	-53	53	30	0	-50	21	-183	157.217594269518	0	0	-504	504	32	1	21	4.2
2025-11-03	15:29:04[969]	-250	30	763	173.157226587369	32275	209	-53	53	30	0	-45	18	-185	158.198590513648	0	0	-506	506	32	1	21	4.2
2025-11-03	15:29:05[147]	-250	30	763	173.157226587369	32275	209	-53	53	30	0	-48	18	-176	159.443954780417	0	0	-497	497	32	1	21	4.2
2025-11-03	15:29:05[319]	-250	30	763	173.157226587369	32275	209	-53	53	30	0	-50	26	-179	152.525568373723	0	0	-500	500	32	1	21	4.2
2025-11-03	15:29:05[512]	-250	30	763	173.157226587369	32275	209	-53	53	30	0	-51	28	-182	151.232350661156	0	0	-503	503	32	1	21	4.2
2025-11-03	15:29:05[691]	-250	30	763	173.157226587369	32275	209	-53	53	30	0	-45	18	-180	158.198590513648	0	0	-501	501	32	1	21	4.2
2025-11-03	15:29:05[865]	-250	30	763	173.157226587369	32275	209	-53	53	30	0	-47	21	-185	155.924501744921	0	0	-506	506	32	1	21	4.2
2025-11-03	15:29:06[039]	-250	30	763	173.157226587369	32275	209	-53	53	30	0	-51	21	-181	157.61986494804	0	0	-502	502	32	1	21	4.2
2025-11-03	15:29:06[216]	-250	30	763	173.157226587369	32275	209	-53	53	30	0	-44	21	-182	154.486129572466	0	0	-503	503	32	1	21	4.2
2025-11-03	15:29:06[407]	-250	30	763	173.157226587369	32275	209	-53	53	30	0	-50	20	-181	158.198590513648	0	0	-502	502	32	1	21	4.2
2025-11-03	15:29:06[584]	-250	30	763	173.157226587369	32275	209	-53	53	30	0	-45	22	-183	153.946504689509	0	0	-504	504	32	1	21	4.2
2025-11-03	15:29:06[752]	-250	30	763	173.157226587369	32275	209	-53	53	30	0	-49	26	-176	152.04903097211	0	0	-497	497	32	1	21	4.2
2025-11-03	15:29:06[943]	-250	30	763	173.157226587369	32275	209	-53	53	30	0	-51	21	-177	157.61986494804	0	0	-498	498	32	1	21	4.2
2025-11-03	15:29:07[471]	-250	30	763	173.157226587369	32275	209	-53	53	30	0	-50	22	-180	156.250505507133	0	0	-501	501	32	1	21	4.2
2025-11-03	15:29:07[677]	-250	30	763	173.157226587369	32275	209	-53	53	30	0	-50	22	-180	156.250505507133	0	0	-501	501	32	1	1	3.6
2025-11-03	15:29:07[681]	-444	-233	-278	207.689355688218	0	0	-788	788	36	1	-50	22	-180	156.250505507133	0	0	-501	501	32	1	1	3.6
2025-11-03	15:29:07[848]	-444	-233	-278	207.689355688218	0	0	-788	788	36	1	-50	22	-180	156.250505507133	0	0	-501	501	32	1	2	3.6
2025-11-03	15:29:07[850]	-444	-233	-278	207.689355688218	32275	209	-788	788	36	0	-50	22	-180	156.250505507133	0	0	-501	501	32	1	2	3.6
2025-11-03	15:29:08[047]	-444	-233	-278	207.689355688218	32275	209	-788	788	36	0	-50	22	-180	156.250505507133	0	0	-501	501	32	1	3	3.7
2025-11-03	15:29:08[050]	-477	-230	-220	205.742448705528	32275	209	-730	730	36	0	-50	22	-180	156.250505507133	0	0	-501	501	32	1	3	3.7
2025-11-03	15:29:08[270]	-477	-230	-220	205.742448705528	32275	209	-730	730	36	0	-50	22	-180	156.250505507133	0	0	-501	501	32	1	4	3.7
2025-11-03	15:29:08[273]	-485	-212	-207	203.610783255051	32275	209	-717	717	36	0	-50	22	-180	156.250505507133	0	0	-501	501	32	1	4	3.7
2025-11-03	15:29:08[475]	-485	-212	-207	203.610783255051	32275	209	-717	717	36	0	-50	22	-180	156.250505507133	0	0	-501	501	32	1	5	3.7
2025-11-03	15:29:08[477]	-491	-195	-200	201.660435972378	32275	209	-710	710	36	0	-50	22	-180	156.250505507133	0	0	-501	501	32	1	5	3.7
2025-11-03	15:29:08[787]	-491	-195	-200	201.660435972378	32275	209	-710	710	36	0	-50	22	-180	156.250505507133	0	0	-501	501	32	1	6	3.7
2025-11-03	15:29:08[790]	-490	-180	-216	200.17065341185	32275	209	-726	726	36	0	-50	22	-180	156.250505507133	0	0	-501	501	32	1	6	3.7
2025-11-03	15:29:09[265]	-490	-180	-216	200.17065341185	32275	209	-726	726	36	0	-43	21	-172	153.970407808487	0	0	-493	493	32	1	6	3.7
2025-11-03	15:29:09[472]	-490	-180	-216	200.17065341185	32275	209	-726	726	36	0	-43	21	-172	153.970407808487	0	0	-493	493	32	1	7	3.6
2025-11-03	15:29:09[476]	-131	73	-419	150.871178611457	0	0	-929	929	36	1	-43	21	-172	153.970407808487	0	0	-493	493	32	1	7	3.6
2025-11-03	15:29:09[642]	-131	73	-419	150.871178611457	0	0	-929	929	36	1	-43	21	-172	153.970407808487	0	0	-493	493	32	1	8	3.6
2025-11-03	15:29:09[644]	-131	73	-419	150.871178611457	32275	209	-929	929	36	0	-43	21	-172	153.970407808487	0	0	-493	493	32	1	8	3.6
2025-11-03	15:29:09[846]	-131	73	-419	150.871178611457	32275	209	-929	929	36	0	-43	21	-172	153.970407808487	0	0	-493	493	32	1	9	3.7
2025-11-03	15:29:09[850]	-66	23	-428	160.787328182814	32275	209	-938	938	36	0	-43	21	-172	153.970407808487	0	0	-493	493	32	1	9	3.7
2025-11-03	15:29:10[028]	-66	23	-428	160.787328182814	32275	209	-938	938	36	0	-43	21	-172	153.970407808487	0	0	-493	493	32	1	10	3.7
2025-11-03	15:29:10[032]	-102	-24	-446	193.240519915187	32275	209	-956	956	36	0	-43	21	-172	153.970407808487	0	0	-493	493	32	1	10	3.7
2025-11-03	15:29:10[399]	-102	-24	-446	193.240519915187	32275	209	-956	956	36	0	-43	21	-172	153.970407808487	0	0	-493	493	32	1	11	3.7
2025-11-03	15:29:10[403]	-129	-30	-456	193.091893064347	19452	77	-966	966	36	0	-43	21	-172	153.970407808487	0	0	-493	493	32	1	11	3.7
2025-11-03	15:29:10[533]	-129	-30	-456	193.091893064347	19452	77	-966	966	36	0	-43	21	-172	153.970407808487	0	0	-493	493	32	1	12	3.8
2025-11-03	15:29:10[537]	-280	-36	-438	187.32640666017	0	0	-948	948	36	0	-43	21	-172	153.970407808487	0	0	-493	493	32	1	12	3.8
2025-11-03	15:29:10[659]	-280	-36	-438	187.32640666017	0	0	-948	948	36	0	-43	21	-172	153.970407808487	0	0	-493	493	32	1	13	3.8
2025-11-03	15:29:10[663]	-129	32275	-12031	90.2290043748757	23555	164	-292	-3	-422	252	-43	21	-172	153.970407808487	0	0	-493	493	32	1	13	3.8
2025-11-03	15:29:10[766]	-129	32275	-12031	90.2290043748757	23555	164	-292	-3	-422	252	-43	21	-172	153.970407808487	0	0	-493	493	32	1	14	3.8
2025-11-03	15:29:10[771]	-288	-11	-425	182.187317250136	24060	95	-935	935	243	254	-43	21	-172	153.970407808487	0	0	-493	493	32	1	14	3.8
2025-11-03	15:29:10[877]	-288	-11	-425	182.187317250136	24060	95	-935	935	243	254	-43	21	-172	153.970407808487	0	0	-493	493	32	1	15	3.9
2025-11-03	15:29:10[881]	-302	0	-412	180	0	0	-922	922	36	0	-43	21	-172	153.970407808487	0	0	-493	493	32	1	15	3.9
2025-11-03	15:29:10[929]	-302	0	-412	180	0	0	-922	922	36	0	-43	21	-172	153.970407808487	0	0	-493	493	32	1	15	3.9
2025-11-03	15:29:11[064]	-302	0	-412	180	0	0	-922	922	36	0	-43	21	-172	153.970407808487	0	0	-493	493	32	1	16	3.9
2025-11-03	15:29:11[067]	-302	33	-401	173.763944416255	65136	252	-911	1022	-7168	16	-43	21	-172	153.970407808487	0	0	-493	493	32	1	16	3.9
2025-11-03	15:29:11[198]	-302	33	-401	173.763944416255	65136	252	-911	1022	-7168	16	-43	21	-172	153.970407808487	0	0	-493	493	32	1	17	3.9
2025-11-03	15:29:11[203]	-293	30	-399	174.153910339216	0	0	-909	909	36	0	-43	21	-172	153.970407808487	0	0	-493	493	32	1	17	3.9
2025-11-03	15:29:11[329]	-293	30	-399	174.153910339216	0	0	-909	909	36	0	-43	21	-172	153.970407808487	0	0	-493	493	32	1	18	4.0
2025-11-03	15:29:11[332]	-310	95	-369	162.962232204374	0	0	-879	879	36	0	-43	21	-172	153.970407808487	0	0	-493	493	32	1	18	4.0
2025-11-03	15:29:11[457]	-310	95	-369	162.962232204374	0	0	-879	879	36	0	-43	21	-172	153.970407808487	0	0	-493	493	32	1	19	4.0
2025-11-03	15:29:11[461]	-318	84	255	165.203237754943	62	254	32638	5073	510	152	-43	21	-172	153.970407808487	0	0	-493	493	32	1	19	4.0
2025-11-03	15:29:11[579]	-318	84	255	165.203237754943	62	254	32638	5073	510	152	-43	21	-172	153.970407808487	0	0	-493	493	32	1	20	4.4
2025-11-03	15:29:11[583]	-362	57	-344	171.051758025217	65174	0	-854	854	5073	1	-43	21	-172	153.970407808487	0	0	-493	493	32	1	20	4.4
2025-11-03	15:29:11[689]	-362	57	-344	171.051758025217	65174	0	-854	854	5073	1	-43	21	-172	153.970407808487	0	0	-493	493	32	1	21	7.6
2025-11-03	15:29:11[692]	-349	35	-366	174.273152741089	180	255	-876	876	36	0	-43	21	-172	153.970407808487	0	0	-493	493	32	1	21	7.6
2025-11-03	15:29:11[753]	-341	-8	-375	181.343935983387	0	0	-885	885	36	0	-43	21	-172	153.970407808487	0	0	-493	493	32	1	21	7.6
2025-11-03	15:29:11[803]	-359	-4	-366	180.638366670582	0	0	-876	876	36	0	-43	21	-172	153.970407808487	0	0	-493	493	32	1	21	7.6
2025-11-03	15:29:11[956]	32275	-12030	-55	339.557849193637	63232	32	20	-182	-503	1	-43	21	-172	153.970407808487	0	0	-493	493	32	1	21	7.6
2025-11-03	15:29:12[083]	-497	-201	-193	202.019715868329	0	0	-703	703	36	1	-43	21	-172	153.970407808487	0	0	-493	493	32	1	21	7.6
2025-11-03	15:29:12[283]	-497	-201	-193	202.019715868329	32275	209	-703	703	36	0	-43	21	-172	153.970407808487	0	0	-493	493	32	1	21	7.6
2025-11-03	15:29:12[492]	-486	-83	-251	189.691580522403	32275	209	-761	761	36	0	-43	21	-172	153.970407808487	0	0	-493	493	32	1	21	7.6
2025-11-03	15:29:12[668]	-424	-49	-310	186.59220260503	32275	209	-820	820	36	0	-43	21	-172	153.970407808487	0	0	-493	493	32	1	21	7.6
2025-11-03	15:29:12[813]	-367	-25	-320	183.896961980104	0	0	-830	830	36	0	-43	21	-172	153.970407808487	0	0	-493	493	32	1	21	7.6
2025-11-03	15:29:12[960]	-361	-20	-319	183.171039727249	65214	252	-829	829	36	0	-43	21	-172	153.970407808487	0	0	-493	493	32	1	21	7.6
2025-11-03	15:29:13[020]	-372	-41	-324	186.289472568087	0	0	-834	834	36	0	-43	21	-172	153.970407808487	0	0	-493	493	32	1	21	7.6
2025-11-03	15:29:13[129]	-372	-41	-324	186.289472568087	0	0	-834	834	36	0	-43	21	-172	153.970407808487	0	0	-493	493	32	1	21	7.6
2025-11-03	15:29:13[356]	-381	0	-386	180	65237	252	5073	510	-14080	84	-43	21	-172	153.970407808487	0	0	-493	493	32	1	21	7.6
2025-11-03	15:29:13[549]	-311	84	-299	164.885273614831	32275	209	-809	809	36	0	-43	21	-172	153.970407808487	0	0	-493	493	32	1	21	7.6
2025-11-03	15:29:13[756]	-268	59	-328	167.584424909267	32275	209	-838	838	36	0	-43	21	-172	153.970407808487	0	0	-493	493	32	1	21	7.6
2025-11-03	15:29:14[268]	-253	94	-308	159.61787898887	32275	209	-818	818	36	0	-43	21	-172	153.970407808487	0	0	-493	493	32	1	21	7.6
2025-11-03	15:29:14[412]	-337	-45	-291	187.605779574382	0	0	-801	801	36	1	-43	21	-172	153.970407808487	0	0	-493	493	32	1	21	7.6
2025-11-03	15:29:14[587]	-337	-45	-291	187.605779574382	32275	209	-801	801	36	0	-43	21	-172	153.970407808487	0	0	-493	493	32	1	21	7.6
2025-11-03	15:29:14[797]	-264	-25	-321	185.409604944473	32275	209	-831	831	36	0	-43	21	-172	153.970407808487	0	0	-493	493	32	1	21	7.6
2025-11-03	15:29:15[003]	-248	-2	-306	180.462052721431	32275	209	-816	816	36	0	-43	21	-172	153.970407808487	0	0	-493	493	32	1	21	7.6
2025-11-03	15:29:15[519]	-303	-95	-291	197.40784368817	32275	209	-801	801	36	0	-43	21	-172	153.970407808487	0	0	-493	493	32	1	21	7.6
2025-11-03	15:29:15[953]	-303	-95	-291	197.40784368817	32275	209	-801	801	36	0	-43	21	-172	153.970407808487	0	0	-493	493	32	1	22	4.4
2025-11-03	15:29:15[957]	-303	-95	-291	197.40784368817	32275	209	-801	801	36	0	-47	22	-184	154.916405993809	0	0	-505	505	32	1	22	4.4
2025-11-03	15:29:16[044]	-238	-59	-288	193.922898849188	0	0	-798	798	36	1	-47	22	-184	154.916405993809	0	0	-505	505	32	1	22	4.4
2025-11-03	15:29:16[234]	-238	-59	-288	193.922898849188	32275	209	-798	798	36	0	-47	22	-184	154.916405993809	0	0	-505	505	32	1	22	4.4
2025-11-03	15:29:16[443]	-266	-53	-279	191.268503862648	32275	209	-789	789	36	0	-47	22	-184	154.916405993809	0	0	-505	505	32	1	22	4.4
2025-11-03	15:29:16[780]	-290	-53	-281	190.356996739116	32275	209	-791	791	36	0	-47	22	-184	154.916405993809	0	0	-505	505	32	1	22	4.4
2025-11-03	15:29:17[001]	-290	-53	-281	190.356996739116	32275	209	-791	791	36	0	-47	22	-184	154.916405993809	0	0	-505	505	32	1	23	3.7
2025-11-03	15:29:17[003]	-290	-53	-281	190.356996739116	32275	209	-791	791	36	0	-47	20	-178	156.948699083527	0	0	-499	499	32	1	23	3.7
2025-11-03	15:29:17[099]	-220	-57	-312	194.525416465768	0	0	-822	822	36	1	-47	20	-178	156.948699083527	0	0	-499	499	32	1	23	3.7
2025-11-03	15:29:17[274]	-220	-57	-312	194.525416465768	32275	209	-822	822	36	0	-47	20	-178	156.948699083527	0	0	-499	499	32	1	23	3.7
2025-11-03	15:29:17[483]	-193	-51	-323	194.801998083434	32275	209	-833	833	36	0	-47	20	-178	156.948699083527	0	0	-499	499	32	1	23	3.7
2025-11-03	15:29:17[692]	-177	-45	-327	194.26451229808	32275	209	-837	837	36	0	-47	20	-178	156.948699083527	0	0	-499	499	32	1	23	3.7
2025-11-03	15:29:18[206]	-97	-19	-319	191.08256946303	32275	209	-829	829	36	0	-47	20	-178	156.948699083527	0	0	-499	499	32	1	23	3.7
2025-11-03	15:29:18[348]	-153	30	-276	168.906276988442	0	0	-786	786	36	1	-47	20	-178	156.948699083527	0	0	-499	499	32	1	23	3.7
2025-11-03	15:29:18[521]	-153	30	-276	168.906276988442	32275	209	-786	786	36	0	-47	20	-178	156.948699083527	0	0	-499	499	32	1	23	3.7
2025-11-03	15:29:18[730]	-240	30	-255	172.874983651098	32275	209	-765	765	36	0	-47	20	-178	156.948699083527	0	0	-499	499	32	1	23	3.7
2025-11-03	15:29:18[922]	-264	54	-241	168.439869205782	32275	209	-751	751	36	0	-47	20	-178	156.948699083527	0	0	-499	499	32	1	23	3.7
2025-11-03	15:29:19[130]	-226	69	-235	163.022059401335	32275	209	-745	745	36	0	-47	20	-178	156.948699083527	0	0	-499	499	32	1	23	3.7
2025-11-03	15:29:19[467]	-222	84	-241	159.274441134439	32275	209	-751	751	36	0	-47	20	-178	156.948699083527	0	0	-499	499	32	1	23	3.7
2025-11-03	15:29:19[706]	-222	84	-241	159.274441134439	32275	209	-751	751	36	0	-47	20	-178	156.948699083527	0	0	-499	499	32	1	24	3.7
2025-11-03	15:29:19[708]	-222	84	-241	159.274441134439	32275	209	-751	751	36	0	-53	20	-183	159.325575239126	0	0	-504	504	32	1	24	3.7
2025-11-03	15:29:19[787]	-257	10	-292	177.771716344058	0	0	-802	802	36	1	-53	20	-183	159.325575239126	0	0	-504	504	32	1	24	3.7
2025-11-03	15:29:20[892]	-257	10	-292	177.771716344058	32275	209	-802	802	36	0	-53	20	-183	159.325575239126	0	0	-504	504	32	1	24	3.7
2025-11-03	15:29:21[626]	-287	-4	-329	180.798495750314	0	0	-839	839	36	1	-53	20	-183	159.325575239126	0	0	-504	504	32	1	24	3.7
2025-11-03	15:29:22[138]	-287	-4	-329	180.798495750314	32275	209	-839	839	36	0	-53	20	-183	159.325575239126	0	0	-504	504	32	1	24	3.7
2025-11-03	15:29:22[374]	-287	-4	-329	180.798495750314	32275	209	-839	839	36	0	-53	20	-183	159.325575239126	0	0	-504	504	32	1	25	3.7
2025-11-03	15:29:22[377]	-287	-4	-329	180.798495750314	32275	209	-839	839	36	0	-51	22	-185	156.66595872329	0	0	-506	506	32	1	25	3.7
2025-11-03	15:29:23[459]	-287	-4	-329	180.798495750314	32275	209	-839	839	36	0	-51	22	-185	156.66595872329	0	0	-506	506	32	1	26	3.7
2025-11-03	15:29:23[461]	-287	-4	-329	180.798495750314	32275	209	-839	839	36	0	-50	21	-180	157.217594269518	0	0	-501	501	32	1	26	3.7
2025-11-03	15:29:23[645]	-287	-4	-329	180.798495750314	32275	209	-839	839	36	0	-50	21	-180	157.217594269518	0	0	-501	501	32	1	27	3.7
2025-11-03	15:29:23[650]	-287	-4	-329	180.798495750314	32275	209	-839	839	36	0	-47	29	-182	148.324531261891	0	0	-503	503	32	1	27	3.7
2025-11-03	15:29:23[897]	-317	9	-308	178.373742803285	0	0	-818	818	36	1	-47	29	-182	148.324531261891	0	0	-503	503	32	1	27	3.7
2025-11-03	15:29:24[312]	-317	9	-308	178.373742803285	32275	209	-818	818	36	0	-47	29	-182	148.324531261891	0	0	-503	503	32	1	27	3.7
2025-11-03	15:29:24[472]	-254	67	-308	165.22313212203	32275	209	-818	818	36	0	-47	29	-182	148.324531261891	0	0	-503	503	32	1	27	3.7
2025-11-03	15:29:24[716]	-254	67	-308	165.22313212203	32275	209	-818	818	36	0	-47	29	-182	148.324531261891	0	0	-503	503	32	1	28	3.7
2025-11-03	15:29:24[719]	-254	67	-308	165.22313212203	32275	209	-818	818	36	0	-51	19	-173	159.567171320601	0	0	-494	494	32	1	28	3.7
2025-11-03	15:29:24[891]	-254	67	-308	165.22313212203	32275	209	-818	818	36	0	-51	19	-173	159.567171320601	0	0	-494	494	32	1	29	4.6
2025-11-03	15:29:24[896]	-254	67	-308	165.22313212203	32275	209	-818	818	36	0	-50	19	-182	159.193208987289	0	0	-503	503	32	1	29	4.6
2025-11-03	15:29:25[080]	-254	67	-308	165.22313212203	32275	209	-818	818	36	0	-50	19	-182	159.193208987289	0	0	-503	503	32	1	30	5.3
2025-11-03	15:29:25[084]	-254	67	-308	165.22313212203	32275	209	-818	818	36	0	-45	23	-177	152.927919762007	0	0	-498	498	32	1	30	5.3
2025-11-03	15:29:25[956]	-254	67	-308	165.22313212203	32275	209	-818	818	36	0	-45	23	-177	152.927919762007	0	0	-498	498	32	1	31	4.8
2025-11-03	15:29:25[959]	-254	67	-308	165.22313212203	32275	209	-818	818	36	0	-51	22	-175	156.66595872329	0	0	-496	496	32	1	31	4.8
2025-11-03	15:29:26[146]	-254	67	-308	165.22313212203	32275	209	-818	818	36	0	-51	22	-175	156.66595872329	0	0	-496	496	32	1	32	8.2
2025-11-03	15:29:26[149]	-254	67	-308	165.22313212203	32275	209	-818	818	36	0	-47	30	-171	147.449996507807	0	0	-492	492	32	1	32	8.2
2025-11-03	15:29:26[316]	-254	67	-308	165.22313212203	32275	209	-818	818	36	0	-47	30	-171	147.449996507807	0	0	-492	492	32	1	33	9.3
2025-11-03	15:29:26[319]	-254	67	-308	165.22313212203	32275	209	-818	818	36	0	-49	26	-172	152.04903097211	0	0	-493	493	32	1	33	9.3
2025-11-03	15:29:27[044]	-254	67	-308	165.22313212203	32275	209	-818	818	36	0	-49	26	-172	152.04903097211	0	0	-493	493	32	1	34	7.2
2025-11-03	15:29:27[048]	-254	67	-308	165.22313212203	32275	209	-818	818	36	0	-49	25	-184	152.969139740157	0	0	-505	505	32	1	34	7.2
2025-11-03	15:29:27[150]	-254	67	-308	165.22313212203	32275	209	-818	818	36	0	-50	22	-177	156.250505507133	0	0	-498	498	32	1	34	7.2
2025-11-03	15:29:27[341]	-254	67	-308	165.22313212203	32275	209	-818	818	36	0	-50	16	-177	162.255328374943	0	0	-498	498	32	1	34	7.2
2025-11-03	15:29:27[517]	-254	67	-308	165.22313212203	32275	209	-818	818	36	0	-47	20	-179	156.948699083527	0	0	-500	500	32	1	34	7.2
2025-11-03	15:29:28[414]	-254	67	-308	165.22313212203	32275	209	-818	818	36	0	-47	25	-183	151.990823291986	0	0	-504	504	32	1	34	7.2
2025-11-03	15:29:28[589]	-254	67	-308	165.22313212203	32275	209	-818	818	36	0	-55	23	-182	157.306205054908	0	0	-503	503	32	1	34	7.2
2025-11-03	15:29:28[759]	-254	67	-308	165.22313212203	32275	209	-818	818	36	0	-47	26	-181	151.049004792533	0	0	-502	502	32	1	34	7.2
2025-11-03	15:29:28[950]	-254	67	-308	165.22313212203	32275	209	-818	818	36	0	-53	30	-177	150.48850144291	0	0	-498	498	32	1	34	7.2
2025-11-03	15:29:29[125]	-254	67	-308	165.22313212203	32275	209	-818	818	36	0	-49	25	-186	152.969139740157	0	0	-507	507	32	1	34	7.2
2025-11-03	15:29:29[303]	-254	67	-308	165.22313212203	32275	209	-818	818	36	0	-47	23	-183	153.924644416051	0	0	-504	504	32	1	34	7.2
2025-11-03	15:29:29[479]	-254	67	-308	165.22313212203	32275	209	-818	818	36	0	-50	24	-182	154.358994175695	0	0	-503	503	32	1	34	7.2
2025-11-03	15:29:29[654]	-254	67	-308	165.22313212203	32275	209	-818	818	36	0	-46	15	-184	161.939528063801	0	0	-505	505	32	1	34	7.2
2025-11-03	15:29:29[846]	-254	67	-308	165.22313212203	32275	209	-818	818	36	0	-43	23	-183	151.858398767738	0	0	-504	504	32	1	34	7.2
2025-11-03	15:29:30[021]	-254	67	-308	165.22313212203	32275	209	-818	818	36	0	-45	22	-177	153.946504689509	0	0	-498	498	32	1	34	7.2
2025-11-03	15:29:30[198]	-254	67	-308	165.22313212203	32275	209	-818	818	36	0	-51	27	-187	152.102728969052	0	0	-508	508	32	1	34	7.2
2025-11-03	15:29:30[374]	-254	67	-308	165.22313212203	32275	209	-818	818	36	0	-54	20	-181	159.676863170337	0	0	-502	502	32	1	34	7.2
2025-11-03	15:29:30[549]	-254	67	-308	165.22313212203	32275	209	-818	818	36	0	-47	16	-180	161.200114841347	0	0	-501	501	32	1	34	7.2
2025-11-03	15:29:30[727]	-254	67	-308	165.22313212203	32275	209	-818	818	36	0	-44	22	-176	153.434948822922	0	0	-497	497	32	1	34	7.2
2025-11-03	15:29:30[918]	-254	67	-308	165.22313212203	32275	209	-818	818	36	0	-52	25	-180	154.323184318162	0	0	-501	501	32	1	34	7.2
2025-11-03	15:29:31[094]	-254	67	-308	165.22313212203	32275	209	-818	818	36	0	-48	25	-181	152.487997376149	0	0	-502	502	32	1	34	7.2
2025-11-03	15:29:31[269]	-254	67	-308	165.22313212203	32275	209	-818	818	36	0	-49	20	-181	157.796521467943	0	0	-502	502	32	1	34	7.2
2025-11-03	15:29:31[444]	-254	67	-308	165.22313212203	32275	209	-818	818	36	0	-49	24	-180	153.904575842612	0	0	-501	501	32	1	34	7.2
2025-11-03	15:29:31[621]	-254	67	-308	165.22313212203	32275	209	-818	818	36	0	-52	19	-179	159.928474135461	0	0	-500	500	32	1	34	7.2
2025-11-03	15:29:31[799]	-254	67	-308	165.22313212203	32275	209	-818	818	36	0	-52	26	-176	153.434948822922	0	0	-497	497	32	1	34	7.2
2025-11-03	15:29:31[992]	-254	67	-308	165.22313212203	32275	209	-818	818	36	0	-50	22	-180	156.250505507133	0	0	-501	501	32	1	34	7.2
2025-11-03	15:29:32[167]	-254	67	-308	165.22313212203	32275	209	-818	818	36	0	-51	18	-184	160.559965171824	0	0	-505	505	32	1	34	7.2
2025-11-03	15:29:32[345]	-254	67	-308	165.22313212203	32275	209	-818	818	36	0	-47	21	-174	155.924501744921	0	0	-495	495	32	1	34	7.2
2025-11-03	15:29:32[519]	-254	67	-308	165.22313212203	32275	209	-818	818	36	0	-47	27	-185	150.124007308311	0	0	-506	506	32	1	34	7.2
2025-11-03	15:29:32[695]	-254	67	-308	165.22313212203	32275	209	-818	818	36	0	-50	17	-176	161.221966777554	0	0	-497	497	32	1	34	7.2
2025-11-03	15:29:32[871]	-254	67	-308	165.22313212203	32275	209	-818	818	36	0	-48	21	-175	156.370622269343	0	0	-496	496	32	1	34	7.2
2025-11-03	15:29:33[063]	-254	67	-308	165.22313212203	32275	209	-818	818	36	0	-51	25	-186	153.886087369709	0	0	-507	507	32	1	34	7.2
2025-11-03	15:29:33[230]	-254	67	-308	165.22313212203	32275	209	-818	818	36	0	-48	26	-175	151.557071375637	0	0	-496	496	32	1	34	7.2
2025-11-03	15:29:33[407]	-254	67	-308	165.22313212203	32275	209	-818	818	36	0	-46	22	-181	154.440034828176	0	0	-502	502	32	1	34	7.2
2025-11-03	15:29:33[582]	-254	67	-308	165.22313212203	32275	209	-818	818	36	0	-45	27	-177	149.036243467926	0	0	-498	498	32	1	34	7.2
2025-11-03	15:29:33[774]	-254	67	-308	165.22313212203	32275	209	-818	818	36	0	-52	23	-181	156.139824808658	0	0	-502	502	32	1	34	7.2
2025-11-03	15:29:33[949]	-254	67	-308	165.22313212203	32275	209	-818	818	36	0	-48	24	-178	153.434948822922	0	0	-499	499	32	1	34	7.2
2025-11-03	15:29:34[126]	-254	67	-308	165.22313212203	32275	209	-818	818	36	0	-51	24	-182	154.798876354525	0	0	-503	503	32	1	34	7.2
2025-11-03	15:29:34[303]	-254	67	-308	165.22313212203	32275	209	-818	818	36	0	-44	27	-181	148.465208094812	0	0	-502	502	32	1	34	7.2
2025-11-03	15:29:34[846]	-254	67	-308	165.22313212203	32275	209	-818	818	36	0	-52	18	-179	160.906507999514	0	0	-500	500	32	1	34	7.2
2025-11-03	15:29:35[427]	-254	67	-308	165.22313212203	32275	209	-818	818	36	0	-52	18	-179	160.906507999514	0	0	-500	500	32	1	35	3.7
2025-11-03	15:29:35[431]	52	24	-280	24.7751405688319	0	126	-565	565	30	0	-52	18	-179	160.906507999514	0	0	-500	500	32	1	35	3.7
2025-11-03	15:29:35[550]	52	24	-280	24.7751405688319	0	126	-565	565	30	0	-52	20	-186	158.962488974578	0	0	-507	507	32	1	35	3.7
2025-11-03	15:29:35[741]	52	24	-280	24.7751405688319	0	126	-565	565	30	0	-49	23	-179	154.855214369321	0	0	-500	500	32	1	35	3.7
2025-11-03	15:29:35[918]	52	24	-280	24.7751405688319	0	126	-565	565	30	0	-49	25	-181	152.969139740157	32256	0	-502	502	32	1	35	3.7
2025-11-03	15:29:36[268]	52	24	-280	24.7751405688319	0	126	-565	565	30	0	-46	24	-181	152.447188423282	0	0	-502	502	32	1	35	3.7
2025-11-03	15:29:36[444]	52	24	-280	24.7751405688319	0	126	-565	565	30	0	-46	18	-181	158.629377730657	0	0	-502	502	32	1	35	3.7
2025-11-03	15:29:36[637]	52	24	-280	24.7751405688319	0	126	-565	565	30	0	-42	22	-186	152.354024636261	0	0	-507	507	32	1	35	3.7
2025-11-03	15:29:36[812]	52	24	-280	24.7751405688319	0	126	-565	565	30	0	-42	29	-192	145.375844920051	0	0	-513	513	32	1	35	3.7
2025-11-03	15:29:37[165]	52	24	-280	24.7751405688319	0	126	-565	565	30	0	-86	-23	-127	194.972875766787	0	0	-448	448	32	1	35	3.7
2025-11-03	15:29:37[517]	52	24	-280	24.7751405688319	0	126	-565	565	30	0	-65	2	-172	178.237608976339	0	0	-493	493	32	1	35	3.7
2025-11-03	15:29:37[709]	52	24	-280	24.7751405688319	0	126	-565	565	30	0	-29	60	-223	115.7960264945	0	0	-544	544	32	1	35	3.7
2025-11-03	15:29:37[885]	52	24	-280	24.7751405688319	0	126	-565	565	30	0	-20	121	-207	99.3855182600431	0	0	-528	528	32	1	35	3.7
2025-11-03	15:29:38[588]	52	24	-280	24.7751405688319	0	126	-565	565	30	0	-11	181	-181	93.4777865197982	0	0	-502	502	32	1	35	3.7
2025-11-03	15:29:38[828]	52	24	-280	24.7751405688319	0	126	-565	565	30	0	-2	185	-175	90.6193897032181	0	0	-496	496	32	1	35	3.7
2025-11-03	15:29:38[957]	52	24	-280	24.7751405688319	0	126	-565	565	30	0	-9	190	-183	92.711983467445	0	0	-504	504	32	1	35	3.7
2025-11-03	15:29:39[133]	52	24	-280	24.7751405688319	0	126	-565	565	30	0	-11	180	-177	93.4970597392983	0	0	-498	498	32	1	35	3.7
2025-11-03	15:29:39[307]	52	24	-280	24.7751405688319	0	126	-565	565	30	0	-11	180	-182	93.4970597392983	0	0	-503	503	32	1	35	3.7
2025-11-03	15:29:42[953]	52	24	-280	24.7751405688319	0	126	-565	565	30	0	-11	180	-182	93.4970597392983	0	0	-503	503	32	1	36	4.2
2025-11-03	15:29:42[957]	50	36	-272	35.7538872544367	0	0	-557	557	30	0	-11	180	-182	93.4970597392983	0	0	-503	503	32	1	36	4.2
2025-11-03	15:29:43[278]	50	36	-272	35.7538872544367	0	0	-557	557	30	0	-11	180	-182	93.4970597392983	0	0	-503	503	32	1	37	4.1
2025-11-03	15:29:43[282]	46	23	-279	26.565051177078	65258	253	-564	564	12544	7	-11	180	-182	93.4970597392983	0	0	-503	503	32	1	37	4.1
2025-11-03	15:29:43[405]	46	23	-279	26.565051177078	65258	253	-564	564	12544	7	-11	180	-182	93.4970597392983	0	0	-503	503	32	1	38	4.1
2025-11-03	15:29:43[408]	48	29	-273	31.1389724369789	0	0	-558	558	30	0	-11	180	-182	93.4970597392983	0	0	-503	503	32	1	38	4.1
2025-11-03	15:29:43[529]	48	29	-273	31.1389724369789	0	0	-558	558	30	0	-11	180	-182	93.4970597392983	0	0	-503	503	32	1	39	4.1
2025-11-03	15:29:43[532]	48	25	-281	27.5120026238515	0	0	-566	566	30	0	-11	180	-182	93.4970597392983	0	0	-503	503	32	1	39	4.1
2025-11-03	15:29:43[685]	48	25	-281	27.5120026238515	0	0	-566	566	30	0	-11	180	-182	93.4970597392983	0	0	-503	503	32	1	40	4.2
2025-11-03	15:29:43[689]	7680	0	255	0	29	254	32638	5073	256	45	-11	180	-182	93.4970597392983	0	0	-503	503	32	1	40	4.2
2025-11-03	15:29:43[757]	53	23	-277	23.4590240814616	37	254	32638	5073	256	48	-11	180	-182	93.4970597392983	0	0	-503	503	32	1	40	4.2
2025-11-03	15:29:43[837]	50	23	-280	24.7024302277713	48	0	-565	565	30	1	-11	180	-182	93.4970597392983	0	0	-503	503	32	1	40	4.2
2025-11-03	15:29:43[995]	46	28	-280	31.3286928678042	0	0	-565	565	30	0	-11	180	-182	93.4970597392983	0	0	-503	503	32	1	40	4.2
2025-11-03	15:29:44[115]	49	23	-277	25.1447856306789	0	0	-562	562	30	0	-11	180	-182	93.4970597392983	0	0	-503	503	32	1	40	4.2
2025-11-03	15:29:44[309]	49	23	-277	25.1447856306789	0	0	-562	562	30	0	-11	180	-182	93.4970597392983	0	0	-503	503	32	1	40	4.2
2025-11-03	15:29:44[316]	48	27	-257	29.3577535427913	30	254	32638	5073	256	53	-11	180	-182	93.4970597392983	0	0	-503	503	32	1	40	4.2
2025-11-03	15:29:44[459]	48	27	-283	29.3577535427913	52	0	-568	568	209	1	-11	180	-182	93.4970597392983	0	0	-503	503	32	1	40	4.2
2025-11-03	15:29:44[620]	49	25	-274	27.030860259843	0	0	-559	559	30	0	-11	180	-182	93.4970597392983	0	0	-503	503	32	1	40	4.2
2025-11-03	15:29:44[684]	49	21	-283	23.1985905136482	0	0	-568	568	30	0	-11	180	-182	93.4970597392983	0	0	-503	503	32	1	40	4.2
2025-11-03	15:29:44[761]	49	21	-283	23.1985905136482	0	0	-568	568	30	0	-11	180	-182	93.4970597392983	0	0	-503	503	32	1	40	4.2
2025-11-03	15:29:44[795]	44	28	-281	32.4711922908485	0	0	-566	566	30	0	-11	180	-182	93.4970597392983	0	0	-503	503	32	1	40	4.2
2025-11-03	15:29:44[940]	49	0	255	0	33	254	32638	5073	256	54	-11	180	-182	93.4970597392983	0	0	-503	503	32	1	40	4.2
2025-11-03	15:29:45[085]	47	25	-278	28.0091767080138	48	0	-563	638	5073	1	-11	180	-182	93.4970597392983	0	0	-503	503	32	1	40	4.2
2025-11-03	15:29:45[245]	42	22	-282	27.6459753637387	51	0	-567	567	30	0	-11	180	-182	93.4970597392983	0	0	-503	503	32	1	40	4.2
2025-11-03	15:29:45[547]	51	23	-273	24.2744411344395	0	0	-558	558	30	0	-11	180	-182	93.4970597392983	0	0	-503	503	32	1	40	4.2
2025-11-03	15:29:45[597]	49	24	-275	26.0954241573883	0	0	-560	560	30	0	-11	180	-182	93.4970597392983	0	0	-503	503	32	1	40	4.2
2025-11-03	15:29:45[707]	52	23	-278	23.8601751913423	29	254	32638	5073	256	46	-11	180	-182	93.4970597392983	0	0	-503	503	32	1	40	4.2
2025-11-03	15:29:45[868]	50	30	-273	30.9637565320735	48	0	-558	558	30	1	-11	180	-182	93.4970597392983	0	0	-503	503	32	1	40	4.2
2025-11-03	15:29:46[010]	46	27	-277	30.4110812671254	0	0	-562	562	30	0	-11	180	-182	93.4970597392983	0	0	-503	503	32	1	40	4.2
2025-11-03	15:29:46[065]	51	24	-278	25.2011236454751	0	0	-563	563	30	0	-11	180	-182	93.4970597392983	0	0	-503	503	32	1	40	4.2
2025-11-03	15:29:46[184]	51	24	-278	25.2011236454751	0	0	-563	563	30	0	-11	180	-182	93.4970597392983	0	0	-503	503	32	1	40	4.2
2025-11-03	15:29:46[334]	48	27	255	29.3577535427913	29	254	32638	5073	256	45	-11	180	-182	93.4970597392983	0	0	-503	503	32	1	40	4.2
2025-11-03	15:29:46[491]	51	28	-275	28.7676493388438	53	0	-560	560	5073	1	-11	180	-182	93.4970597392983	0	0	-503	503	32	1	40	4.2
2025-11-03	15:29:46[635]	48	22	-280	24.6235647861636	53	0	-565	565	30	0	-11	180	-182	93.4970597392983	0	0	-503	503	32	1	40	4.2
2025-11-03	15:29:46[709]	52	30	-276	29.9816393688493	0	0	-561	561	30	0	-11	180	-182	93.4970597392983	0	0	-503	503	32	1	40	4.2
2025-11-03	15:29:46[810]	46	27	-281	30.4110812671254	0	0	-566	566	30	0	-11	180	-182	93.4970597392983	0	0	-503	503	32	1	40	4.2
2025-11-03	15:29:46[965]	0	0	-129	0	8190	236	32275	-12031	49	0	-11	180	-182	93.4970597392983	0	0	-503	503	32	1	40	4.2
2025-11-03	15:29:47[108]	54	26	-281	25.7099537808113	35	254	-642	5073	256	50	-11	180	-182	93.4970597392983	0	0	-503	503	32	1	40	4.2
2025-11-03	15:29:47[270]	48	21	-277	23.6293777306568	47	0	-562	562	30	0	-11	180	-182	93.4970597392983	0	0	-503	503	32	1	40	4.2
2025-11-03	15:29:47[412]	51	24	-276	25.2011236454751	0	0	-561	561	30	0	-11	180	-182	93.4970597392983	0	0	-503	503	32	1	40	4.2
2025-11-03	15:29:47[474]	50	25	-276	26.565051177078	0	0	-561	561	30	0	-11	180	-182	93.4970597392983	0	0	-503	503	32	1	40	4.2
2025-11-03	15:29:47[584]	50	25	-276	26.565051177078	0	0	-561	561	30	0	-11	180	-182	93.4970597392983	0	0	-503	503	32	1	40	4.2
2025-11-03	15:29:47[732]	50	24	-257	25.6410058243053	32	254	32638	5073	256	44	-11	180	-182	93.4970597392983	0	0	-503	503	32	1	40	4.2
2025-11-03	15:29:47[895]	49	28	-277	29.7448812969422	45	0	-562	562	209	1	-11	180	-182	93.4970597392983	0	0	-503	503	32	1	40	4.2
2025-11-03	15:29:48[035]	50	32	-273	32.6192430711928	0	0	-558	558	30	0	-11	180	-182	93.4970597392983	0	0	-503	503	32	1	40	4.2
2025-11-03	15:29:48[101]	49	26	-275	27.9509690278902	0	0	-560	560	30	0	-11	180	-182	93.4970597392983	0	0	-503	503	32	1	40	4.2
2025-11-03	15:29:48[357]	49	26	-275	27.9509690278902	0	0	-560	560	30	0	-11	180	-182	93.4970597392983	0	0	-503	503	32	1	40	4.2
2025-11-03	15:29:48[524]	49	23	-273	25.1447856306789	53	0	-558	558	5073	1	-11	180	-182	93.4970597392983	0	0	-503	503	32	1	40	4.2
2025-11-03	15:29:48[665]	51	30	-278	30.4655449194599	51	0	-563	563	30	0	-11	180	-182	93.4970597392983	0	0	-503	503	32	1	40	4.2
2025-11-03	15:29:48[731]	47	23	-280	26.0753555839488	0	0	-565	565	30	0	-11	180	-182	93.4970597392983	0	0	-503	503	32	1	40	4.2
2025-11-03	15:29:48[839]	51	28	-280	28.7676493388438	0	0	-565	565	30	0	-11	180	-182	93.4970597392983	0	0	-503	503	32	1	40	4.2
2025-11-03	15:29:48[985]	7680	0	255	0	27	254	32638	5073	256	44	-11	180	-182	93.4970597392983	0	0	-503	503	32	1	40	4.2
2025-11-03	15:29:49[147]	46	23	-277	26.565051177078	3838	234	32275	-12031	51	0	-11	180	-182	93.4970597392983	0	0	-503	503	32	1	40	4.2
2025-11-03	15:29:49[288]	50	21	-275	22.7824057304817	46	0	-560	560	30	0	-11	180	-182	93.4970597392983	0	0	-503	503	32	1	40	4.2
2025-11-03	15:29:49[448]	48	22	-273	24.6235647861636	0	0	-558	558	30	0	-11	180	-182	93.4970597392983	0	0	-503	503	32	1	40	4.2
2025-11-03	15:29:49[521]	47	23	-276	26.0753555839488	0	0	-561	561	30	0	-11	180	-182	93.4970597392983	0	0	-503	503	32	1	40	4.2
2025-11-03	15:29:49[605]	47	23	-276	26.0753555839488	0	0	-561	561	30	0	-11	180	-182	93.4970597392983	0	0	-503	503	32	1	40	4.2
2025-11-03	15:29:49[772]	51	23	-278	24.2744411344395	7934	238	32275	-12031	47	0	-11	180	-182	93.4970597392983	0	0	-503	503	32	1	40	4.2
2025-11-03	15:29:49[912]	45	23	-280	27.0720802379928	50	0	-565	565	30	0	-11	180	-182	93.4970597392983	0	0	-503	503	32	1	40	4.2
2025-11-03	15:29:50[072]	46	31	-276	33.9765440362569	0	0	-561	561	30	0	-11	180	-182	93.4970597392983	0	0	-503	503	32	1	40	4.2
2025-11-03	15:29:50[128]	46	28	-279	31.3286928678042	0	0	-564	564	30	0	-11	180	-182	93.4970597392983	0	0	-503	503	32	1	40	4.2
2025-11-03	15:29:50[229]	46	28	-279	31.3286928678042	0	0	-564	564	30	0	-11	180	-182	93.4970597392983	0	0	-503	503	32	1	40	4.2
2025-11-03	15:29:50[389]	53	24	-257	24.3624530153122	33	254	32638	5073	256	46	-11	180	-182	93.4970597392983	0	0	-503	503	32	1	40	4.2
2025-11-03	15:29:50[533]	50	26	-278	27.4744316262771	51	0	-563	563	209	1	-11	180	-182	93.4970597392983	0	0	-503	503	32	1	40	4.2
2025-11-03	15:29:50[692]	48	21	-281	23.6293777306568	0	0	-566	566	30	0	-11	180	-182	93.4970597392983	0	0	-503	503	32	1	40	4.2
2025-11-03	15:29:50[741]	48	24	-279	26.565051177078	0	0	-564	564	30	0	-11	180	-182	93.4970597392983	0	0	-503	503	32	1	40	4.2
2025-11-03	15:29:50[833]	48	24	-279	26.565051177078	0	0	-564	564	30	0	-11	180	-182	93.4970597392983	0	0	-503	503	32	1	40	4.2
2025-11-03	15:29:50[868]	50	35	-281	34.9920201985587	0	0	-566	566	30	0	-11	180	-182	93.4970597392983	0	0	-503	503	32	1	40	4.2
2025-11-03	15:29:51[012]	48	0	255	0	27	254	32638	5073	256	45	-11	180	-182	93.4970597392983	0	0	-503	503	32	1	40	4.2
2025-11-03	15:29:51[157]	53	27	-284	26.9958383940866	44	0	-569	638	5073	1	-11	180	-182	93.4970597392983	0	0	-503	503	32	1	40	4.2
2025-11-03	15:29:51[316]	50	28	-279	29.248826336547	49	0	-564	564	30	0	-11	180	-182	93.4970597392983	0	0	-503	503	32	1	40	4.2
2025-11-03	15:29:51[460]	48	24	-280	26.565051177078	0	0	-565	565	30	0	-11	180	-182	93.4970597392983	0	0	-503	503	32	1	40	4.2
2025-11-03	15:29:51[518]	48	21	-274	23.6293777306568	0	0	-559	559	30	0	-11	180	-182	93.4970597392983	0	0	-503	503	32	1	40	4.2
2025-11-03	15:29:51[632]	48	21	-274	23.6293777306568	0	0	-559	559	30	0	-11	180	-182	93.4970597392983	0	0	-503	503	32	1	40	4.2
2025-11-03	15:29:51[796]	47	24	-257	27.0505970070861	37	254	32638	5073	256	47	-11	180	-182	93.4970597392983	0	0	-503	503	32	1	40	4.2
2025-11-03	15:29:51[942]	50	27	-280	28.3690462932786	49	0	-565	565	209	1	-11	180	-182	93.4970597392983	0	0	-503	503	32	1	40	4.2
2025-11-03	15:29:53[068]	47	21	-282	24.0754982550788	0	0	-567	567	30	0	-11	180	-182	93.4970597392983	0	0	-503	503	32	1	40	4.2
2025-11-03	15:29:53[126]	46	26	-280	29.4758890032457	0	0	-565	565	30	0	-11	180	-182	93.4970597392983	0	0	-503	503	32	1	40	4.2
2025-11-03	15:29:53[200]	46	26	-280	29.4758890032457	0	0	-565	565	30	0	-11	180	-182	93.4970597392983	0	0	-503	503	32	1	40	4.2
2025-11-03	15:29:53[204]	51	25	-280	26.1139126302907	0	0	-565	565	30	0	-11	180	-182	93.4970597392983	0	0	-503	503	32	1	40	4.2
2025-11-03	15:29:53[269]	56	0	255	0	33	254	32638	5073	256	52	-11	180	-182	93.4970597392983	0	0	-503	503	32	1	40	4.2
2025-11-03	15:29:53[345]	50	26	-283	27.4744316262771	42	0	-568	638	5073	1	-11	180	-182	93.4970597392983	0	0	-503	503	32	1	40	4.2
2025-11-03	15:29:53[421]	50	26	-278	27.4744316262771	56	0	-563	563	30	0	-11	180	-182	93.4970597392983	0	0	-503	503	32	1	40	4.2
2025-11-03	15:29:53[501]	48	25	-285	27.5120026238515	0	0	-570	570	30	0	-11	180	-182	93.4970597392983	0	0	-503	503	32	1	40	4.2
2025-11-03	15:29:53[579]	51	24	-279	25.2011236454751	0	0	-564	564	30	0	-11	180	-182	93.4970597392983	0	0	-503	503	32	1	40	4.2
2025-11-03	15:29:53[626]	51	24	-279	25.2011236454751	0	0	-564	564	30	0	-11	180	-182	93.4970597392983	0	0	-503	503	32	1	40	4.2
2025-11-03	15:29:53[630]	50	25	-279	26.565051177078	7934	233	32275	-12031	49	0	-11	180	-182	93.4970597392983	0	0	-503	503	32	1	40	4.2
2025-11-03	15:29:53[708]	51	25	-280	26.1139126302907	53	0	-565	565	30	0	-11	180	-182	93.4970597392983	0	0	-503	503	32	1	40	4.2
2025-11-03	15:29:53[759]	49	24	-275	26.0954241573883	0	0	-560	560	30	0	-11	180	-182	93.4970597392983	0	0	-503	503	32	1	40	4.2
2025-11-03	15:29:53[834]	47	22	-280	25.0835940061909	0	0	-565	565	30	0	-11	180	-182	93.4970597392983	0	0	-503	503	32	1	40	4.2
2025-11-03	15:29:53[902]	47	22	-280	25.0835940061909	0	0	-565	565	30	0	-11	180	-182	93.4970597392983	0	0	-503	503	32	1	40	4.2
2025-11-03	15:29:54[436]	46	23	-280	26.565051177078	8190	237	32275	-12031	49	0	-11	180	-182	93.4970597392983	0	0	-503	503	32	1	40	4.2
2025-11-03	15:29:54[588]	47	27	-279	29.8759926916894	51	0	-564	564	30	0	-11	180	-182	93.4970597392983	0	0	-503	503	32	1	40	4.2
2025-11-03	15:29:54[747]	47	26	-279	28.9509952074668	0	0	-564	564	30	0	-11	180	-182	93.4970597392983	0	0	-503	503	32	1	40	4.2
2025-11-03	15:29:54[829]	47	31	-278	33.4078245897089	0	0	-563	563	30	0	-11	180	-182	93.4970597392983	0	0	-503	503	32	1	40	4.2
2025-11-03	15:29:54[901]	47	31	-278	33.4078245897089	0	0	-563	563	30	0	-11	180	-182	93.4970597392983	0	0	-503	503	32	1	40	4.2
2025-11-03	15:29:55[067]	48	21	-282	23.6293777306568	32	254	32638	5073	256	48	-11	180	-182	93.4970597392983	0	0	-503	503	32	1	40	4.2
2025-11-03	15:29:55[368]	50	22	-277	23.7494944928668	65259	253	-562	562	30	10	-11	180	-182	93.4970597392983	0	0	-503	503	32	1	40	4.2
2025-11-03	15:29:55[430]	49	23	-276	25.1447856306789	0	0	-561	561	30	0	-11	180	-182	93.4970597392983	0	0	-503	503	32	1	40	4.2
2025-11-03	15:29:55[534]	49	23	-276	25.1447856306789	0	0	-561	561	30	0	-11	180	-182	93.4970597392983	0	0	-503	503	32	1	40	4.2
2025-11-03	15:29:55[681]	50	26	255	27.4744316262771	20	254	32638	5073	256	51	-11	180	-182	93.4970597392983	0	0	-503	503	32	1	40	4.2
2025-11-03	15:29:55[840]	48	22	-280	24.6235647861636	46	0	-565	565	5073	1	-11	180	-182	93.4970597392983	0	0	-503	503	32	1	40	4.2
2025-11-03	15:29:55[986]	47	32	-277	34.249033006812	54	0	-562	562	30	0	-11	180	-182	93.4970597392983	0	0	-503	503	32	1	40	4.2
2025-11-03	15:29:56[035]	45	23	-278	27.0720802379928	0	0	-563	563	30	0	-11	180	-182	93.4970597392983	0	0	-503	503	32	1	40	4.2
2025-11-03	15:29:56[154]	47	26	-281	28.9509952074668	0	0	-566	566	30	0	-11	180	-182	93.4970597392983	0	0	-503	503	32	1	40	4.2
2025-11-03	15:29:56[316]	7680	0	255	0	24	254	32638	5073	256	55	-11	180	-182	93.4970597392983	0	0	-503	503	32	1	40	4.2
2025-11-03	15:29:56[460]	53	23	-276	23.4590240814616	35	254	32638	5073	256	48	-11	180	-182	93.4970597392983	0	0	-503	503	32	1	40	4.2
2025-11-03	15:29:56[620]	48	24	-278	26.565051177078	47	0	-563	563	30	1	-11	180	-182	93.4970597392983	0	0	-503	503	32	1	40	4.2
2025-11-03	15:29:56[763]	45	23	-278	27.0720802379928	0	0	-563	563	30	0	-11	180	-182	93.4970597392983	0	0	-503	503	32	1	40	4.2
2025-11-03	15:29:56[846]	49	26	-277	27.9509690278902	0	0	-562	562	30	0	-11	180	-182	93.4970597392983	0	0	-503	503	32	1	40	4.2
2025-11-03	15:29:56[936]	49	26	-277	27.9509690278902	0	0	-562	562	30	0	-11	180	-182	93.4970597392983	0	0	-503	503	32	1	40	4.2
2025-11-03	15:29:57[245]	51	29	5073	29.6237487511738	64972	2	256	11008	7934	233	-11	180	-182	93.4970597392983	0	0	-503	503	32	1	40	4.2
2025-11-03	15:29:57[547]	45	29	-279	32.7995312726192	237	253	-564	564	30	0	-11	180	-182	93.4970597392983	0	0	-503	503	32	1	40	4.2
2025-11-03	15:29:57[622]	48	29	-277	31.1389724369789	0	0	-562	562	30	0	-11	180	-182	93.4970597392983	0	0	-503	503	32	1	40	4.2
2025-11-03	15:29:57[707]	0	0	-129	0	6654	235	32275	-12031	48	0	-11	180	-182	93.4970597392983	0	0	-503	503	32	1	40	4.2
2025-11-03	15:29:57[863]	46	29	-276	32.2287574350986	31	254	-642	5073	256	44	-11	180	-182	93.4970597392983	0	0	-503	503	32	1	40	4.2
2025-11-03	15:29:58[007]	48	26	-280	28.4429286243634	54	0	-565	565	30	0	-11	180	-182	93.4970597392983	0	0	-503	503	32	1	40	4.2
2025-11-03	15:29:58[165]	51	23	-280	24.2744411344395	0	0	-565	565	30	0	-11	180	-182	93.4970597392983	0	0	-503	503	32	1	40	4.2
2025-11-03	15:29:58[224]	50	27	-276	28.3690462932786	0	0	-561	561	30	0	-11	180	-182	93.4970597392983	0	0	-503	503	32	1	40	4.2
2025-11-03	15:29:58[802]	50	27	-276	28.3690462932786	0	0	-561	561	30	0	-11	180	-182	93.4970597392983	0	0	-503	503	32	1	40	4.2
2025-11-03	15:29:58[929]	50	27	-276	28.3690462932786	0	0	-561	561	30	0	-11	180	-182	93.4970597392983	0	0	-503	503	32	1	40	4.2
2025-11-03	15:29:58[964]	44	25	-284	29.6044507460049	0	0	-569	569	30	0	-11	180	-182	93.4970597392983	0	0	-503	503	32	1	40	4.2
2025-11-03	15:29:59[110]	45	0	255	0	33	254	32638	5073	256	48	-11	180	-182	93.4970597392983	0	0	-503	503	32	1	40	4.2
2025-11-03	15:29:59[270]	51	28	-273	28.7676493388438	50	0	-558	638	5073	1	-11	180	-182	93.4970597392983	0	0	-503	503	32	1	40	4.2
2025-11-03	15:29:59[413]	47	27	-278	29.8759926916894	49	0	-563	563	30	0	-11	180	-182	93.4970597392983	0	0	-503	503	32	1	40	4.2
2025-11-03	15:29:59[558]	52	25	-279	25.6768156818382	0	0	-564	564	30	0	-11	180	-182	93.4970597392983	0	0	-503	503	32	1	40	4.2
2025-11-03	15:29:59[608]	55	28	-276	26.9802307182229	0	0	-561	561	30	0	-11	180	-182	93.4970597392983	0	0	-503	503	32	1	40	4.2
2025-11-03	15:29:59[729]	55	28	-276	26.9802307182229	0	0	-561	561	30	0	-11	180	-182	93.4970597392983	0	0	-503	503	32	1	40	4.2
2025-11-03	15:29:59[877]	55	28	-276	26.9802307182229	0	0	-561	561	30	0	-11	180	-182	93.4970597392983	0	0	-503	503	32	1	40	4.2
2025-11-03	15:30:00[040]	45	22	-280	26.0534953104909	48	0	-565	565	209	1	-11	180	-182	93.4970597392983	0	0	-503	503	32	1	40	4.2
2025-11-03	15:30:00[185]	54	29	-278	28.2374455381673	0	0	-563	563	30	0	-11	180	-182	93.4970597392983	0	0	-503	503	32	1	40	4.2
2025-11-03	15:30:00[233]	47	24	-279	27.0505970070861	0	0	-564	564	30	0	-11	180	-182	93.4970597392983	0	0	-503	503	32	1	40	4.2
2025-11-03	15:30:00[501]	47	24	-279	27.0505970070861	0	0	-564	564	30	0	-11	180	-182	93.4970597392983	0	0	-503	503	32	1	40	4.2
2025-11-03	15:30:00[663]	46	29	-275	32.2287574350986	52	0	-560	560	5073	1	-11	180	-182	93.4970597392983	0	0	-503	503	32	1	40	4.2
2025-11-03	15:30:00[805]	49	26	-278	27.9509690278902	55	0	-563	563	30	0	-11	180	-182	93.4970597392983	0	0	-503	503	32	1	40	4.2
2025-11-03	15:30:00[855]	48	24	-276	26.565051177078	0	0	-561	561	30	0	-11	180	-182	93.4970597392983	0	0	-503	503	32	1	40	4.2
2025-11-03	15:30:00[981]	53	21	-283	21.6147789427862	0	0	-568	568	30	0	-11	180	-182	93.4970597392983	0	0	-503	503	32	1	40	4.2
2025-11-03	15:30:01[143]	0	0	-129	0	8958	238	32275	-12031	42	0	-11	180	-182	93.4970597392983	0	0	-503	503	32	1	40	4.2
2025-11-03	15:30:01[285]	48	21	-284	23.6293777306568	10	254	-642	5073	256	49	-11	180	-182	93.4970597392983	0	0	-503	503	32	1	40	4.2
2025-11-03	15:30:01[431]	50	24	-272	25.6410058243053	48	0	-557	557	30	0	-11	180	-182	93.4970597392983	0	0	-503	503	32	1	40	4.2
2025-11-03	15:30:01[592]	48	28	-280	30.2564371635293	0	0	-565	565	30	0	-11	180	-182	93.4970597392983	0	0	-503	503	32	1	40	4.2
2025-11-03	15:30:01[642]	52	26	-279	26.565051177078	0	0	-564	564	30	0	-11	180	-182	93.4970597392983	0	0	-503	503	32	1	40	4.2
2025-11-03	15:30:01[762]	52	26	-279	26.565051177078	0	0	-564	564	30	0	-11	180	-182	93.4970597392983	0	0	-503	503	32	1	40	4.2
2025-11-03	15:30:01[909]	50	23	-275	24.7024302277713	32	254	32638	5073	256	44	-11	180	-182	93.4970597392983	0	0	-503	503	32	1	40	4.2
2025-11-03	15:30:02[071]	47	25	-275	28.0091767080138	48	0	-560	560	30	1	-11	180	-182	93.4970597392983	0	0	-503	503	32	1	40	4.2
2025-11-03	15:30:02[213]	54	24	-275	23.9624889745782	0	0	-560	560	30	0	-11	180	-182	93.4970597392983	0	0	-503	503	32	1	40	4.2
2025-11-03	15:30:02[281]	48	35	-273	36.098283967108	0	0	-558	558	30	0	-11	180	-182	93.4970597392983	0	0	-503	503	32	1	40	4.2
2025-11-03	15:30:02[383]	48	35	-273	36.098283967108	0	0	-558	558	30	0	-11	180	-182	93.4970597392983	0	0	-503	503	32	1	40	4.2
2025-11-03	15:30:02[530]	48	26	-257	28.4429286243634	29	254	32638	5073	256	49	-11	180	-182	93.4970597392983	0	0	-503	503	32	1	40	4.2
2025-11-03	15:30:02[690]	52	24	-270	24.7751405688319	51	0	-555	555	209	1	-11	180	-182	93.4970597392983	0	0	-503	503	32	1	40	4.2
2025-11-03	15:30:02[834]	50	24	-273	25.6410058243053	0	0	-558	558	30	0	-11	180	-182	93.4970597392983	0	0	-503	503	32	1	40	4.2
2025-11-03	15:30:02[893]	50	23	-274	24.7024302277713	0	0	-559	559	30	0	-11	180	-182	93.4970597392983	0	0	-503	503	32	1	40	4.2
2025-11-03	15:30:03[150]	50	23	-274	24.7024302277713	0	0	-559	559	30	0	-11	180	-182	93.4970597392983	0	0	-503	503	32	1	40	4.2
2025-11-03	15:30:03[315]	52	25	-279	25.6768156818382	48	0	-564	564	5073	1	-11	180	-182	93.4970597392983	0	0	-503	503	32	1	40	4.2
2025-11-03	15:30:03[457]	51	27	-279	27.8972710309476	53	0	-564	564	30	0	-11	180	-182	93.4970597392983	0	0	-503	503	32	1	40	4.2
2025-11-03	15:30:03[533]	45	29	-275	32.7995312726192	0	0	-560	560	30	0	-11	180	-182	93.4970597392983	0	0	-503	503	32	1	40	4.2
2025-11-03	15:30:03[793]	49	23	-277	25.1447856306789	0	0	-562	562	30	0	-11	180	-182	93.4970597392983	0	0	-503	503	32	1	40	4.2
2025-11-03	15:30:03[938]	50	23	-279	24.7024302277713	35	254	32638	5073	256	52	-11	180	-182	93.4970597392983	0	0	-503	503	32	1	40	4.2
2025-11-03	15:30:04[081]	48	30	-278	32.0053832080835	49	0	-563	563	30	1	-11	180	-182	93.4970597392983	0	0	-503	503	32	1	40	4.2
2025-11-03	15:30:04[386]	54	27	-274	26.565051177078	0	0	-559	559	30	0	-11	180	-182	93.4970597392983	0	0	-503	503	32	1	40	4.2
2025-11-03	15:30:04[458]	46	27	-276	30.4110812671254	0	0	-561	561	30	0	-11	180	-182	93.4970597392983	0	0	-503	503	32	1	40	4.2
2025-11-03	15:30:04[561]	51	21	255	22.3801350519596	32	254	32638	5073	256	50	-11	180	-182	93.4970597392983	0	0	-503	503	32	1	40	4.2
2025-11-03	15:30:04[705]	45	25	-275	29.0546040990771	52	0	-560	560	5073	1	-11	180	-182	93.4970597392983	0	0	-503	503	32	1	40	4.2
2025-11-03	15:30:04[866]	49	25	-278	27.030860259843	44	0	-563	563	30	0	-11	180	-182	93.4970597392983	0	0	-503	503	32	1	40	4.2
2025-11-03	15:30:04[932]	46	29	-281	32.2287574350986	0	0	-566	566	30	0	-11	180	-182	93.4970597392983	0	0	-503	503	32	1	40	4.2
2025-11-03	15:30:05[041]	48	24	-278	26.565051177078	0	0	-563	563	30	0	-11	180	-182	93.4970597392983	0	0	-503	503	32	1	40	4.2
2025-11-03	15:30:05[185]	7680	0	255	0	25	254	32638	5073	256	49	-11	180	-182	93.4970597392983	0	0	-503	503	32	1	40	4.2
2025-11-03	15:30:05[330]	50	24	-278	25.6410058243053	32	254	32638	5073	256	49	-11	180	-182	93.4970597392983	0	0	-503	503	32	1	40	4.2
2025-11-03	15:30:05[490]	51	23	-280	24.2744411344395	48	0	-565	565	30	1	-11	180	-182	93.4970597392983	0	0	-503	503	32	1	40	4.2
2025-11-03	15:30:05[633]	48	25	-279	27.5120026238515	0	0	-564	564	30	0	-11	180	-182	93.4970597392983	0	0	-503	503	32	1	40	4.2
2025-11-03	15:30:05[696]	46	26	-278	29.4758890032457	0	0	-563	563	30	0	-11	180	-182	93.4970597392983	0	0	-503	503	32	1	40	4.2
2025-11-03	15:30:05[811]	46	26	-278	29.4758890032457	0	0	-563	563	30	0	-11	180	-182	93.4970597392983	0	0	-503	503	32	1	40	4.2
2025-11-03	15:30:05[961]	46	27	255	30.4110812671254	35	254	32638	5073	256	44	-11	180	-182	93.4970597392983	0	0	-503	503	32	1	40	4.2
2025-11-03	15:30:06[119]	49	24	-279	26.0954241573883	58	0	-564	564	5073	1	-11	180	-182	93.4970597392983	0	0	-503	503	32	1	40	4.2
2025-11-03	15:30:06[887]	47	27	-281	29.8759926916894	0	52	-566	566	30	0	-11	180	-182	93.4970597392983	0	0	-503	503	32	1	40	4.2
2025-11-03	15:30:07[045]	46	22	-283	25.5599651718238	0	0	-568	568	30	0	-11	180	-182	93.4970597392983	0	0	-503	503	32	1	40	4.2
2025-11-03	15:30:07[120]	51	29	-284	29.6237487511738	0	0	-569	569	30	0	-11	180	-182	93.4970597392983	0	0	-503	503	32	1	40	4.2
2025-11-03	15:30:07[200]	51	29	-284	29.6237487511738	0	0	-569	569	30	0	-11	180	-182	93.4970597392983	0	0	-503	503	32	1	40	4.2
2025-11-03	15:30:07[363]	48	34	-279	35.3112134396332	37	254	32638	5073	256	44	-11	180	-182	93.4970597392983	0	0	-503	503	32	1	40	4.2
2025-11-03	15:30:07[504]	53	26	-276	26.1310005449386	50	0	-561	561	30	1	-11	180	-182	93.4970597392983	0	0	-503	503	32	1	40	4.2
2025-11-03	15:30:07[663]	49	27	-276	28.8556612197165	0	0	-561	561	30	0	-11	180	-182	93.4970597392983	0	0	-503	503	32	1	40	4.2
2025-11-03	15:30:07[723]	43	30	-277	34.9024956159247	0	0	-562	562	30	0	-11	180	-182	93.4970597392983	0	0	-503	503	32	1	40	4.2
2025-11-03	15:30:07[837]	43	30	-277	34.9024956159247	0	0	-562	562	30	0	-11	180	-182	93.4970597392983	0	0	-503	503	32	1	40	4.2
2025-11-03	15:30:07[987]	53	29	-257	28.6861475737394	33	254	32638	5073	256	45	-11	180	-182	93.4970597392983	0	0	-503	503	32	1	40	4.2
2025-11-03	15:30:08[130]	51	24	-276	25.2011236454751	47	0	-561	561	209	1	-11	180	-182	93.4970597392983	0	0	-503	503	32	1	40	4.2
2025-11-03	15:30:08[289]	44	22	-278	26.565051177078	0	0	-563	563	30	0	-11	180	-182	93.4970597392983	0	0	-503	503	32	1	40	4.2
2025-11-03	15:30:08[351]	47	28	-280	30.7841465263264	0	0	-565	565	30	0	-11	180	-182	93.4970597392983	0	0	-503	503	32	1	40	4.2
2025-11-03	15:30:08[429]	47	28	-280	30.7841465263264	0	0	-565	565	30	0	-11	180	-182	93.4970597392983	0	0	-503	503	32	1	40	4.2
2025-11-03	15:30:08[464]	51	25	-276	26.1139126302907	0	0	-561	561	30	0	-11	180	-182	93.4970597392983	0	0	-503	503	32	1	40	4.2
2025-11-03	15:30:08[610]	50	0	255	0	35	254	32638	5073	256	47	-11	180	-182	93.4970597392983	0	0	-503	503	32	1	40	4.2
2025-11-03	15:30:08[754]	52	26	-283	26.565051177078	52	0	-568	638	5073	1	-11	180	-182	93.4970597392983	0	0	-503	503	32	1	40	4.2
2025-11-03	15:30:08[914]	47	24	-279	27.0505970070861	50	0	-564	564	30	0	-11	180	-182	93.4970597392983	0	0	-503	503	32	1	40	4.2
2025-11-03	15:30:09[057]	45	31	-279	34.5625246488818	0	0	-564	564	30	0	-11	180	-182	93.4970597392983	0	0	-503	503	32	1	40	4.2
2025-11-03	15:30:09[107]	52	29	-281	29.148071845713	0	0	-566	566	30	0	-11	180	-182	93.4970597392983	0	0	-503	503	32	1	40	4.2
2025-11-03	15:30:09[231]	52	29	-281	29.148071845713	0	0	-566	566	30	0	-11	180	-182	93.4970597392983	0	0	-503	503	32	1	40	4.2
2025-11-03	15:30:09[378]	48	29	-276	31.1389724369789	6	254	32638	5073	256	53	-11	180	-182	93.4970597392983	0	0	-503	503	32	1	40	4.2
2025-11-03	15:30:09[537]	48	29	-277	31.1389724369789	48	0	-562	562	30	1	-11	180	-182	93.4970597392983	0	0	-503	503	32	1	40	4.2
2025-11-03	15:30:09[680]	52	24	-277	24.7751405688319	0	0	-562	562	30	0	-11	180	-182	93.4970597392983	0	0	-503	503	32	1	40	4.2
2025-11-03	15:30:09[751]	46	33	-278	35.6553280979003	0	0	-563	563	30	0	-11	180	-182	93.4970597392983	0	0	-503	503	32	1	40	4.2
2025-11-03	15:30:09[855]	46	33	-278	35.6553280979003	0	0	-563	563	30	0	-11	180	-182	93.4970597392983	0	0	-503	503	32	1	40	4.2
2025-11-03	15:30:10[002]	53	23	-257	23.4590240814616	37	254	32638	5073	256	43	-11	180	-182	93.4970597392983	0	0	-503	503	32	1	40	4.2
2025-11-03	15:30:10[163]	49	22	-281	24.1791071466892	49	0	-566	566	209	1	-11	180	-182	93.4970597392983	0	0	-503	503	32	1	40	4.2
2025-11-03	15:30:10[306]	48	29	-274	31.1389724369789	0	0	-559	559	30	0	-11	180	-182	93.4970597392983	0	0	-503	503	32	1	40	4.2
2025-11-03	15:30:10[356]	52	34	-278	33.1785116593927	0	0	-563	563	30	0	-11	180	-182	93.4970597392983	0	0	-503	503	32	1	40	4.2
2025-11-03	15:30:10[638]	52	34	-278	33.1785116593927	0	0	-563	563	30	0	-11	180	-182	93.4970597392983	0	0	-503	503	32	1	40	4.2
2025-11-03	15:30:10[787]	47	29	-280	31.6754687381092	54	0	-565	565	5073	1	-11	180	-182	93.4970597392983	0	0	-503	503	32	1	40	4.2
2025-11-03	15:30:10[931]	46	24	-285	27.5528115767178	51	0	-570	570	30	0	-11	180	-182	93.4970597392983	0	0	-503	503	32	1	40	4.2
2025-11-03	15:30:10[995]	46	25	-280	28.523118606312	0	0	-565	565	30	0	-11	180	-182	93.4970597392983	0	0	-503	503	32	1	40	4.2
2025-11-03	15:30:11[107]	45	29	-281	32.7995312726192	0	0	-566	566	30	0	-11	180	-182	93.4970597392983	0	0	-503	503	32	1	40	4.2
2025-11-03	15:30:11[267]	7680	0	255	0	30	254	32638	5073	256	47	-11	180	-182	93.4970597392983	0	0	-503	503	32	1	40	4.2
2025-11-03	15:30:11[409]	48	27	-277	29.3577535427913	35	254	32638	5073	256	47	-11	180	-182	93.4970597392983	0	0	-503	503	32	1	40	4.2
2025-11-03	15:30:11[553]	52	22	-278	22.9321004375898	51	0	-563	563	30	1	-11	180	-182	93.4970597392983	0	0	-503	503	32	1	40	4.2
2025-11-03	15:30:12[338]	51	28	-277	28.7676493388438	0	0	-562	562	30	0	-11	180	-182	93.4970597392983	0	0	-503	503	32	1	40	4.2
2025-11-03	15:30:12[395]	47	24	-281	27.0505970070861	0	0	-566	566	30	0	-11	180	-182	93.4970597392983	0	0	-503	503	32	1	40	4.2
2025-11-03	15:30:12[479]	47	24	-281	27.0505970070861	0	0	-566	566	30	0	-11	180	-182	93.4970597392983	0	0	-503	503	32	1	40	4.2
2025-11-03	15:30:12[512]	47	29	-283	31.6754687381092	0	0	-568	568	30	0	-11	180	-182	93.4970597392983	0	0	-503	503	32	1	40	4.2
2025-11-03	15:30:12[657]	41	0	255	0	39	254	32638	5073	256	51	-11	180	-182	93.4970597392983	0	0	-503	503	32	1	40	4.2
2025-11-03	15:30:12[818]	53	30	-273	29.5114985570903	53	0	-558	638	5073	1	-11	180	-182	93.4970597392983	0	0	-503	503	32	1	40	4.2
2025-11-03	15:30:12[961]	41	28	-281	34.3302171955033	51	0	-566	566	30	0	-11	180	-182	93.4970597392983	0	0	-503	503	32	1	40	4.2
2025-11-03	15:30:13[105]	51	25	-278	26.1139126302907	0	0	-563	563	30	0	-11	180	-182	93.4970597392983	0	0	-503	503	32	1	40	4.2
2025-11-03	15:30:13[164]	45	23	-274	27.0720802379928	0	0	-559	559	30	0	-11	180	-182	93.4970597392983	0	0	-503	503	32	1	40	4.2
2025-11-03	15:30:13[278]	45	23	-274	27.0720802379928	0	0	-559	559	30	0	-11	180	-182	93.4970597392983	0	0	-503	503	32	1	40	4.2
2025-11-03	15:30:13[429]	46	26	-278	29.4758890032457	36	254	32638	5073	256	47	-11	180	-182	93.4970597392983	0	0	-503	503	32	1	40	4.2
2025-11-03	15:30:13[581]	46	26	-277	29.4758890032457	56	0	-562	562	30	1	-11	180	-182	93.4970597392983	0	0	-503	503	32	1	40	4.2
2025-11-03	15:30:13[738]	48	30	-281	32.0053832080835	0	0	-566	566	30	0	-11	180	-182	93.4970597392983	0	0	-503	503	32	1	40	4.2
2025-11-03	15:30:13[809]	49	35	-277	35.5376777919744	0	0	-562	562	30	0	-11	180	-182	93.4970597392983	0	0	-503	503	32	1	40	4.2
2025-11-03	15:30:13[911]	49	35	-277	35.5376777919744	0	0	-562	562	30	0	-11	180	-182	93.4970597392983	0	0	-503	503	32	1	40	4.2
2025-11-03	15:30:14[058]	51	23	255	24.2744411344395	38	254	32638	5073	256	48	-11	180	-182	93.4970597392983	0	0	-503	503	32	1	40	4.2
2025-11-03	15:30:14[204]	46	21	-281	24.5377284765778	51	0	-566	566	5073	1	-11	180	-182	93.4970597392983	0	0	-503	503	32	1	40	4.2
2025-11-03	15:30:14[361]	47	30	-282	32.5500034921934	46	0	-567	567	30	0	-11	180	-182	93.4970597392983	0	0	-503	503	32	1	40	4.2
2025-11-03	15:30:14[499]	45	27	-279	30.9637565320735	0	0	-564	564	30	0	-11	180	-182	93.4970597392983	0	0	-503	503	32	1	40	4.2
2025-11-03	15:30:14[575]	45	26	-278	30.0183674276091	0	0	-563	563	30	0	-11	180	-182	93.4970597392983	0	0	-503	503	32	1	40	4.2
2025-11-03	15:30:14[685]	7680	0	255	0	35	254	32638	5073	256	52	-11	180	-182	93.4970597392983	0	0	-503	503	32	1	40	4.2
2025-11-03	15:30:14[831]	47	26	-280	28.9509952074668	28	254	32638	5073	256	44	-11	180	-182	93.4970597392983	0	0	-503	503	32	1	40	4.2
2025-11-03	15:30:14[989]	50	29	-278	30.1137331509824	57	0	-563	563	30	1	-11	180	-182	93.4970597392983	0	0	-503	503	32	1	40	4.2
2025-11-03	15:30:15[131]	45	29	-279	32.7995312726192	0	0	-564	564	30	0	-11	180	-182	93.4970597392983	0	0	-503	503	32	1	40	4.2
2025-11-03	15:30:15[180]	46	36	-281	38.0470425318261	0	0	-566	566	30	0	-11	180	-182	93.4970597392983	0	0	-503	503	32	1	40	4.2
2025-11-03	15:30:15[304]	46	36	-281	38.0470425318261	0	0	-566	566	30	0	-11	180	-182	93.4970597392983	0	0	-503	503	32	1	40	4.2
2025-11-03	15:30:15[455]	50	30	255	30.9637565320735	37	254	32638	5073	256	48	-11	180	-182	93.4970597392983	0	0	-503	503	32	1	40	4.2
2025-11-03	15:30:15[611]	46	25	-276	28.523118606312	53	0	-561	561	5073	1	-11	180	-182	93.4970597392983	0	0	-503	503	32	1	40	4.2
2025-11-03	15:30:15[754]	46	29	-276	32.2287574350986	43	0	-561	561	30	0	-11	180	-182	93.4970597392983	0	0	-503	503	32	1	40	4.2
2025-11-03	15:30:15[823]	53	26	-276	26.1310005449386	0	0	-561	561	30	0	-11	180	-182	93.4970597392983	0	0	-503	503	32	1	40	4.2
2025-11-03	15:30:15[934]	50	25	-283	26.565051177078	0	0	-568	568	30	0	-11	180	-182	93.4970597392983	0	0	-503	503	32	1	40	4.2
2025-11-03	15:30:16[081]	0	0	-129	0	8702	235	32275	-12031	50	0	-11	180	-182	93.4970597392983	0	0	-503	503	32	1	40	4.2
2025-11-03	15:30:16[240]	50	25	-281	26.565051177078	36	254	-642	5073	256	54	-11	180	-182	93.4970597392983	0	0	-503	503	32	1	40	4.2
2025-11-03	15:30:16[382]	49	25	-283	27.030860259843	47	0	-568	568	30	0	-11	180	-182	93.4970597392983	0	0	-503	503	32	1	40	4.2
2025-11-03	15:30:16[541]	50	28	-283	29.248826336547	0	0	-568	568	30	0	-11	180	-182	93.4970597392983	0	0	-503	503	32	1	40	4.2
2025-11-03	15:30:16[598]	45	28	-280	31.8907918018457	0	0	-565	565	30	0	-11	180	-182	93.4970597392983	0	0	-503	503	32	1	40	4.2
2025-11-03	15:30:16[699]	45	28	-280	31.8907918018457	0	0	-565	565	30	0	-11	180	-182	93.4970597392983	0	0	-503	503	32	1	40	4.2
2025-11-03	15:30:16[863]	50	27	-257	28.3690462932786	34	254	32638	5073	256	47	-11	180	-182	93.4970597392983	0	0	-503	503	32	1	40	4.2
2025-11-03	15:30:17[006]	47	27	-282	29.8759926916894	54	0	-567	567	209	1	-11	180	-182	93.4970597392983	0	0	-503	503	32	1	40	4.2
2025-11-03	15:30:17[166]	49	27	-281	28.8556612197165	0	0	-566	566	30	0	-11	180	-182	93.4970597392983	0	0	-503	503	32	1	40	4.2
2025-11-03	15:30:17[215]	48	36	-277	36.869897645844	0	0	-562	562	30	0	-11	180	-182	93.4970597392983	0	0	-503	503	32	1	40	4.2
2025-11-03	15:30:17[307]	48	36	-277	36.869897645844	0	0	-562	562	30	0	-11	180	-182	93.4970597392983	0	0	-503	503	32	1	40	4.2
2025-11-03	15:30:17[325]	48	22	-273	24.6235647861636	0	0	-558	558	30	0	-11	180	-182	93.4970597392983	0	0	-503	503	32	1	40	4.2
2025-11-03	15:30:17[488]	52	0	255	0	32	254	32638	5073	256	46	-11	180	-182	93.4970597392983	0	0	-503	503	32	1	40	4.2
2025-11-03	15:30:17[630]	48	31	-279	32.855721950433	51	0	-564	638	5073	1	-11	180	-182	93.4970597392983	0	0	-503	503	32	1	40	4.2
2025-11-03	15:30:17[790]	52	25	-275	25.6768156818382	46	0	-560	560	30	0	-11	180	-182	93.4970597392983	0	0	-503	503	32	1	40	4.2
2025-11-03	15:30:17[934]	46	33	-275	35.6553280979003	0	0	-560	560	30	0	-11	180	-182	93.4970597392983	0	0	-503	503	32	1	40	4.2
2025-11-03	15:30:17[992]	46	31	-280	33.9765440362569	0	0	-565	565	30	0	-11	180	-182	93.4970597392983	0	0	-503	503	32	1	40	4.2
2025-11-03	15:30:18[107]	46	31	-280	33.9765440362569	0	0	-565	565	30	0	-11	180	-182	93.4970597392983	0	0	-503	503	32	1	40	4.2
2025-11-03	15:30:18[254]	48	24	-257	26.565051177078	38	254	32638	5073	256	47	-11	180	-182	93.4970597392983	0	0	-503	503	32	1	40	4.2
2025-11-03	15:30:18[403]	49	26	-274	27.9509690278902	44	0	-559	559	209	1	-11	180	-182	93.4970597392983	0	0	-503	503	32	1	40	4.2
2025-11-03	15:30:18[564]	44	25	-274	29.6044507460049	0	0	-559	559	30	0	-11	180	-182	93.4970597392983	0	0	-503	503	32	1	40	4.2
2025-11-03	15:30:18[642]	44	31	-279	35.1664360357929	0	0	-564	564	30	0	-11	180	-182	93.4970597392983	0	0	-503	503	32	1	40	4.2
2025-11-03	15:30:18[713]	44	31	-279	35.1664360357929	0	0	-564	564	30	0	-11	180	-182	93.4970597392983	0	0	-503	503	32	1	40	4.2
2025-11-03	15:30:18[738]	49	31	-282	32.3196165081802	0	0	-567	567	30	0	-11	180	-182	93.4970597392983	0	0	-503	503	32	1	40	4.2
2025-11-03	15:30:18[885]	46	0	255	0	36	254	32638	5073	256	45	-11	180	-182	93.4970597392983	0	0	-503	503	32	1	40	4.2
2025-11-03	15:30:19[027]	43	29	-281	33.9964591482505	48	0	-566	638	5073	1	-11	180	-182	93.4970597392983	0	0	-503	503	32	1	40	4.2
2025-11-03	15:30:19[187]	40	28	-278	34.9920201985587	42	0	-563	563	30	0	-11	180	-182	93.4970597392983	0	0	-503	503	32	1	40	4.2
2025-11-03	15:30:24[177]	51	32	-275	32.1062559551178	0	0	-560	560	30	0	-11	180	-182	93.4970597392983	0	0	-503	503	32	1	40	4.2
2025-11-03	15:30:24[239]	47	41	-282	41.0995062576181	0	0	-567	567	30	0	-11	180	-182	93.4970597392983	0	0	-503	503	32	1	40	4.2
2025-11-03	15:30:24[362]	45	26	-282	30.0183674276091	58877	200	-567	567	15	254	-11	180	-182	93.4970597392983	0	0	-503	503	32	1	40	4.2
2025-11-03	15:30:24[411]	47	30	-283	32.5500034921934	0	0	-568	568	30	0	-11	180	-182	93.4970597392983	0	0	-503	503	32	1	40	4.2
2025-11-03	15:30:24[518]	47	30	-283	32.5500034921934	0	0	-568	568	30	0	-11	180	-182	93.4970597392983	0	0	-503	503	32	1	40	4.2
2025-11-03	15:30:24[681]	42	32	-278	37.3039482779834	59133	201	-563	559	20	254	-11	180	-182	93.4970597392983	0	0	-503	503	32	1	40	4.2
2025-11-03	15:30:24[743]	50	38	-282	37.2348339815747	0	0	-567	567	30	0	-11	180	-182	93.4970597392983	0	0	-503	503	32	1	40	4.2
2025-11-03	15:30:25[162]	42	26	-276	31.7594800848128	253	199	-561	561	30	0	-11	180	-182	93.4970597392983	0	0	-503	503	32	1	40	4.2
2025-11-03	15:30:25[229]	45	28	-281	31.8907918018457	0	0	-566	566	30	0	-11	180	-182	93.4970597392983	0	0	-503	503	32	1	40	4.2
2025-11-03	15:30:25[321]	127	32275	-12031	89.7745460436112	52482	51	42	41	-278	253	-11	180	-182	93.4970597392983	0	0	-503	503	32	1	40	4.2
2025-11-03	15:30:25[466]	44	33	-285	36.869897645844	43	0	-570	570	30	1	-11	180	-182	93.4970597392983	0	0	-503	503	32	1	40	4.2
2025-11-03	15:30:25[625]	50	25	-278	26.565051177078	0	0	-563	563	30	0	-11	180	-182	93.4970597392983	0	0	-503	503	32	1	40	4.2
2025-11-03	15:30:25[699]	47	29	-279	31.6754687381092	0	0	-564	564	30	0	-11	180	-182	93.4970597392983	0	0	-503	503	32	1	40	4.2
2025-11-03	15:30:25[798]	47	29	-279	31.6754687381092	0	0	-564	564	30	0	-11	180	-182	93.4970597392983	0	0	-503	503	32	1	40	4.2
2025-11-03	15:30:25[947]	44	30	255	34.286876977209	33	254	32638	5073	256	41	-11	180	-182	93.4970597392983	0	0	-503	503	32	1	40	4.2
2025-11-03	15:30:26[089]	43	29	-284	33.9964591482505	42	0	-569	569	5073	1	-11	180	-182	93.4970597392983	0	0	-503	503	32	1	40	4.2
2025-11-03	15:30:26[249]	46	35	-278	37.2664019009771	46	0	-563	563	30	0	-11	180	-182	93.4970597392983	0	0	-503	503	32	1	40	4.2
2025-11-03	15:30:26[301]	43	28	-280	33.0706778227617	0	0	-565	565	30	0	-11	180	-182	93.4970597392983	0	0	-503	503	32	1	40	4.2
2025-11-03	15:30:26[424]	39	32	-282	39.3693172423647	0	0	-567	567	30	0	-11	180	-182	93.4970597392983	0	0	-503	503	32	1	40	4.2
2025-11-03	15:30:26[569]	7680	0	255	0	35	254	32638	5073	256	48	-11	180	-182	93.4970597392983	0	0	-503	503	32	1	40	4.2
2025-11-03	15:30:26[729]	41	29	-277	35.2724214485984	9470	231	32275	-12031	42	0	-11	180	-182	93.4970597392983	0	0	-503	503	32	1	40	4.2
2025-11-03	15:30:26[874]	39	25	-280	32.6609127216738	48	0	-565	565	30	0	-11	180	-182	93.4970597392983	0	0	-503	503	32	1	40	4.2
2025-11-03	15:30:27[018]	43	29	-279	33.9964591482505	0	0	-564	564	30	0	-11	180	-182	93.4970597392983	0	0	-503	503	32	1	40	4.2
2025-11-03	15:30:27[081]	46	30	-286	33.111341960372	0	0	-571	571	30	0	-11	180	-182	93.4970597392983	0	0	-503	503	32	1	40	4.2
2025-11-03	15:30:27[189]	46	30	-286	33.111341960372	0	0	-571	571	30	0	-11	180	-182	93.4970597392983	0	0	-503	503	32	1	40	4.2
2025-11-03	15:30:27[496]	40	29	-283	35.9421118713823	50946	57	44	42	-284	253	-11	180	-182	93.4970597392983	0	0	-503	503	32	1	40	4.2
2025-11-03	15:30:27[642]	46	33	-283	35.6553280979003	0	0	-568	568	30	0	-11	180	-182	93.4970597392983	0	0	-503	503	32	1	40	4.2
2025-11-03	15:30:27[711]	50	29	-281	30.1137331509824	0	0	-566	566	30	0	-11	180	-182	93.4970597392983	0	0	-503	503	32	1	40	4.2
2025-11-03	15:30:30[917]	50	29	-281	30.1137331509824	0	0	-566	566	30	0	-11	180	-182	93.4970597392983	0	0	-503	503	32	1	40	4.2
2025-11-03	15:30:31[080]	45	29	-280	32.7995312726192	0	0	-565	565	30	0	-11	180	-182	93.4970597392983	0	0	-503	503	32	1	40	4.2
2025-11-03	15:30:31[147]	45	37	-281	39.4278021960362	0	0	-566	566	30	0	-11	180	-182	93.4970597392983	0	0	-503	503	32	1	40	4.2
2025-11-03	15:30:31[540]	45	37	-281	39.4278021960362	0	0	-566	566	30	0	-11	180	-182	93.4970597392983	0	0	-503	503	32	1	40	4.2
2025-11-03	15:30:31[704]	45	33	-277	36.2538377374448	0	0	-562	562	30	0	-11	180	-182	93.4970597392983	0	0	-503	503	32	1	40	4.2
2025-11-03	15:30:31[751]	45	32	-277	35.4170552764674	0	0	-562	562	30	0	-11	180	-182	93.4970597392983	0	0	-503	503	32	1	40	4.2
2025-11-03	15:30:31[844]	45	32	-277	35.4170552764674	0	0	-562	562	30	0	-11	180	-182	93.4970597392983	0	0	-503	503	32	1	40	4.2
2025-11-03	15:30:31[862]	45	29	-282	32.7995312726192	0	0	-567	567	30	0	-11	180	-182	93.4970597392983	0	0	-503	503	32	1	40	4.2
2025-11-03	15:30:32[024]	52	0	255	0	38	254	32638	5073	256	42	-11	180	-182	93.4970597392983	0	0	-503	503	32	1	40	4.2
2025-11-03	15:30:32[168]	44	28	-277	32.4711922908485	46	0	-562	638	5073	1	-11	180	-182	93.4970597392983	0	0	-503	503	32	1	40	4.2
2025-11-03	15:30:32[320]	49	33	-283	33.9590598196763	45	0	-568	568	30	0	-11	180	-182	93.4970597392983	0	0	-503	503	32	1	40	4.2
2025-11-03	15:30:32[480]	45	26	-283	30.0183674276091	0	0	-568	568	30	0	-11	180	-182	93.4970597392983	0	0	-503	503	32	1	40	4.2
2025-11-03	15:30:32[539]	42	35	-279	39.8055710922652	0	0	-564	564	30	0	-11	180	-182	93.4970597392983	0	0	-503	503	32	1	40	4.2
2025-11-03	15:30:32[637]	42	35	-279	39.8055710922652	0	0	-564	564	30	0	-11	180	-182	93.4970597392983	0	0	-503	503	32	1	40	4.2
2025-11-03	15:30:32[790]	49	26	-257	27.9509690278902	33	254	32638	5073	256	42	-11	180	-182	93.4970597392983	0	0	-503	503	32	1	40	4.2
2025-11-03	15:30:32[951]	47	33	-280	35.0737544933483	41	0	-565	565	209	1	-11	180	-182	93.4970597392983	0	0	-503	503	32	1	40	4.2
2025-11-03	15:30:33[094]	45	42	-282	43.025065989118	0	0	-567	567	30	0	-11	180	-182	93.4970597392983	0	0	-503	503	32	1	40	4.2
2025-11-03	15:30:33[169]	47	25	-282	28.0091767080138	0	0	-567	567	30	0	-11	180	-182	93.4970597392983	0	0	-503	503	32	1	40	4.2
2025-11-03	15:30:33[250]	47	25	-282	28.0091767080138	0	0	-567	567	30	0	-11	180	-182	93.4970597392983	0	0	-503	503	32	1	40	4.2
2025-11-03	15:30:33[269]	49	31	-281	32.3196165081802	0	0	-566	566	30	0	-11	180	-182	93.4970597392983	0	0	-503	503	32	1	40	4.2
2025-11-03	15:30:33[414]	47	0	255	0	39	254	32638	5073	256	39	-11	180	-182	93.4970597392983	0	0	-503	503	32	1	40	4.2
2025-11-03	15:30:33[573]	41	31	-280	37.0928372970415	44	0	-565	638	5073	1	-11	180	-182	93.4970597392983	0	0	-503	503	32	1	40	4.2
2025-11-03	15:30:33[718]	48	34	-282	35.3112134396332	49	0	-567	567	30	0	-11	180	-182	93.4970597392983	0	0	-503	503	32	1	40	4.2
2025-11-03	15:30:33[879]	43	30	-274	34.9024956159247	0	0	-559	559	30	0	-11	180	-182	93.4970597392983	0	0	-503	503	32	1	40	4.2
2025-11-03	15:30:33[948]	47	33	-285	35.0737544933483	0	0	-570	570	30	0	-11	180	-182	93.4970597392983	0	0	-503	503	32	1	40	4.2
2025-11-03	15:30:34[050]	47	33	-285	35.0737544933483	0	0	-570	570	30	0	-11	180	-182	93.4970597392983	0	0	-503	503	32	1	40	4.2
2025-11-03	15:30:34[197]	43	32	-282	36.6561084159669	35	254	32638	5073	256	46	-11	180	-182	93.4970597392983	0	0	-503	503	32	1	40	4.2
2025-11-03	15:30:35[269]	45	28	-280	31.8907918018457	64965	2	-565	565	30	226	-11	180	-182	93.4970597392983	0	0	-503	503	32	1	40	4.2
2025-11-03	15:30:35[340]	43	25	-277	30.1735200296443	0	0	-562	562	30	0	-11	180	-182	93.4970597392983	0	0	-503	503	32	1	40	4.2
2025-11-03	15:30:35[446]	0	0	-129	0	8958	227	32275	-12031	46	0	-11	180	-182	93.4970597392983	0	0	-503	503	32	1	40	4.2
2025-11-03	15:30:35[589]	45	31	-282	34.5625246488818	38	254	-642	5073	256	42	-11	180	-182	93.4970597392983	0	0	-503	503	32	1	40	4.2
2025-11-03	15:30:35[894]	49	28	-275	29.7448812969422	65255	253	-560	560	30	0	-11	180	-182	93.4970597392983	0	0	-503	503	32	1	40	4.2
2025-11-03	15:30:35[973]	40	31	-280	37.7756843059547	0	0	-565	565	30	0	-11	180	-182	93.4970597392983	0	0	-503	503	32	1	40	4.2
2025-11-03	15:30:36[065]	40	31	-280	37.7756843059547	0	0	-565	565	30	0	-11	180	-182	93.4970597392983	0	0	-503	503	32	1	40	4.2
2025-11-03	15:30:36[372]	44	29	-278	33.3885135761115	64965	2	256	11520	9214	226	-11	180	-182	93.4970597392983	0	0	-503	503	32	1	40	4.2
2025-11-03	15:30:36[678]	43	34	-276	38.3333401090986	0	0	-561	561	30	0	-11	180	-182	93.4970597392983	0	0	-503	503	32	1	40	4.2
2025-11-03	15:30:36[742]	49	32	-280	33.146995832256	0	0	-565	565	30	0	-11	180	-182	93.4970597392983	0	0	-503	503	32	1	40	4.2
2025-11-03	15:30:37[924]	50	30	5374	30.9637565320735	0	0	-6403	-14078	14080	30	-11	180	-182	93.4970597392983	0	0	-503	503	32	1	40	4.2
2025-11-03	15:30:37[990]	46	36	-277	38.0470425318261	0	0	-562	562	30	0	-11	180	-182	93.4970597392983	0	0	-503	503	32	1	40	4.2
2025-11-03	15:30:38[097]	46	36	-277	38.0470425318261	0	0	-562	562	30	0	-11	180	-182	93.4970597392983	0	0	-503	503	32	1	40	4.2
2025-11-03	15:30:38[244]	44	35	255	38.5006537203454	38	254	32638	5073	256	42	-11	180	-182	93.4970597392983	0	0	-503	503	32	1	40	4.2
2025-11-03	15:30:38[389]	41	34	-278	39.6678411183404	45	0	-563	563	5073	1	-11	180	-182	93.4970597392983	0	0	-503	503	32	1	40	4.2
2025-11-03	15:30:38[548]	44	43	-282	44.3414568224364	50	0	-567	567	30	0	-11	180	-182	93.4970597392983	0	0	-503	503	32	1	40	4.2
2025-11-03	15:30:38[596]	42	31	-286	36.4308581201624	0	0	-571	571	30	0	-11	180	-182	93.4970597392983	0	0	-503	503	32	1	40	4.2
2025-11-03	15:30:39[011]	40	39	-278	44.2747757009408	0	0	-563	563	30	0	-11	180	-182	93.4970597392983	0	0	-503	503	32	1	40	4.2
2025-11-03	15:30:39[476]	42	30	-283	35.5376777919744	7680	0	-568	568	30	0	-11	180	-182	93.4970597392983	0	0	-503	503	32	1	40	4.2
2025-11-03	15:30:39[535]	46	42	-284	42.3974377975002	0	0	-569	569	30	0	-11	180	-182	93.4970597392983	0	0	-503	503	32	1	40	4.2
2025-11-03	15:30:40[566]	51	35	-283	34.4608162713718	12032	30	16	-274	-559	2	-11	180	-182	93.4970597392983	0	0	-503	503	32	1	40	4.2
2025-11-03	15:30:40[633]	45	32	-277	35.4170552764674	0	0	-562	562	30	0	-11	180	-182	93.4970597392983	0	0	-503	503	32	1	40	4.2
2025-11-03	15:30:40[719]	45	32	-277	35.4170552764674	0	0	-562	562	30	0	-11	180	-182	93.4970597392983	0	0	-503	503	32	1	40	4.2
2025-11-03	15:30:40[740]	50	31	-493	31.7989128242944	0	0	-560	560	30	0	-11	180	-182	93.4970597392983	0	0	-503	503	32	1	40	4.2
2025-11-03	15:30:40[900]	45	0	255	0	41	254	32638	5073	256	45	-11	180	-182	93.4970597392983	0	0	-503	503	32	1	40	4.2
2025-11-03	15:30:41[044]	47	33	-280	35.0737544933483	48	0	-565	638	5073	1	-11	180	-182	93.4970597392983	0	0	-503	503	32	1	40	4.2
2025-11-03	15:30:41[492]	45	33	-277	36.2538377374448	30	0	-562	562	30	0	-11	180	-182	93.4970597392983	0	0	-503	503	32	1	40	4.2
2025-11-03	15:30:41[557]	39	36	-277	42.7093899573615	0	0	-562	562	30	0	-11	180	-182	93.4970597392983	0	0	-503	503	32	1	40	4.2
2025-11-03	15:30:41[667]	49	30	-257	31.476839349584	34	254	32638	5073	256	40	-11	180	-182	93.4970597392983	0	0	-503	503	32	1	40	4.2
2025-11-03	15:30:41[811]	40	28	-282	34.9920201985587	43	0	-567	567	209	1	-11	180	-182	93.4970597392983	0	0	-503	503	32	1	40	4.2
2025-11-03	15:30:41[972]	45	37	-277	39.4278021960362	0	0	-562	562	30	0	-11	180	-182	93.4970597392983	0	0	-503	503	32	1	40	4.2
2025-11-03	15:30:42[033]	40	30	-276	36.869897645844	0	0	-561	561	30	0	-11	180	-182	93.4970597392983	0	0	-503	503	32	1	40	4.2
2025-11-03	15:30:42[112]	40	30	-276	36.869897645844	0	0	-561	561	30	0	-11	180	-182	93.4970597392983	0	0	-503	503	32	1	40	4.2
2025-11-03	15:30:42[145]	40	27	-276	34.0193499898265	0	0	-561	561	30	0	-11	180	-182	93.4970597392983	0	0	-503	503	32	1	40	4.2
2025-11-03	15:30:42[292]	42	0	255	0	40	254	32638	5073	256	43	-11	180	-182	93.4970597392983	0	0	-503	503	32	1	40	4.2
2025-11-03	15:30:42[597]	46	30	-279	33.111341960372	65255	253	-564	512	12288	21	-11	180	-182	93.4970597392983	0	0	-503	503	32	1	40	4.2
2025-11-03	15:30:42[739]	48	28	-276	30.2564371635293	0	0	-561	561	30	0	-11	180	-182	93.4970597392983	0	0	-503	503	32	1	40	4.2
2025-11-03	15:30:42[802]	46	31	-282	33.9765440362569	0	0	-567	567	30	0	-11	180	-182	93.4970597392983	0	0	-503	503	32	1	40	4.2
2025-11-03	15:30:42[911]	46	31	-282	33.9765440362569	0	0	-567	567	30	0	-11	180	-182	93.4970597392983	0	0	-503	503	32	1	40	4.2
2025-11-03	15:30:43[075]	49	30	-257	31.476839349584	36	254	32638	5073	256	41	-11	180	-182	93.4970597392983	0	0	-503	503	32	1	40	4.2
2025-11-03	15:30:43[222]	46	32	-281	34.8244891569568	46	0	-566	566	209	1	-11	180	-182	93.4970597392983	0	0	-503	503	32	1	40	4.2
2025-11-03	15:30:43[378]	45	32	-279	35.4170552764674	0	0	-564	564	30	0	-11	180	-182	93.4970597392983	0	0	-503	503	32	1	40	4.2
2025-11-03	15:30:43[443]	44	31	-279	35.1664360357929	0	0	-564	564	30	0	-11	180	-182	93.4970597392983	0	0	-503	503	32	1	40	4.2
2025-11-03	15:30:43[519]	44	31	-279	35.1664360357929	0	0	-564	564	30	0	-11	180	-182	93.4970597392983	0	0	-503	503	32	1	40	4.2
2025-11-03	15:30:43[538]	42	36	-277	40.6012946450045	0	0	-562	562	30	0	-11	180	-182	93.4970597392983	0	0	-503	503	32	1	40	4.2
2025-11-03	15:30:43[698]	41	0	255	0	28	254	32638	5073	256	42	-11	180	-182	93.4970597392983	0	0	-503	503	32	1	40	4.2
2025-11-03	15:30:43[845]	50	32	-280	32.6192430711928	43	0	-565	638	5073	1	-11	180	-182	93.4970597392983	0	0	-503	503	32	1	40	4.2
2025-11-03	15:30:44[148]	48	35	-278	36.098283967108	65259	253	-563	563	30	0	-11	180	-182	93.4970597392983	0	0	-503	503	32	1	40	4.2
2025-11-03	15:30:44[215]	49	32	-275	33.146995832256	0	0	-560	560	30	0	-11	180	-182	93.4970597392983	0	0	-503	503	32	1	40	4.2
2025-11-03	15:30:44[320]	49	32	-275	33.146995832256	0	0	-560	560	30	0	-11	180	-182	93.4970597392983	0	0	-503	503	32	1	40	4.2
2025-11-03	15:30:44[468]	39	31	-257	38.480198248343	36	254	32638	5073	256	45	-11	180	-182	93.4970597392983	0	0	-503	503	32	1	40	4.2
2025-11-03	15:30:44[612]	44	30	-285	34.286876977209	49	0	-570	570	209	1	-11	180	-182	93.4970597392983	0	0	-503	503	32	1	40	4.2
2025-11-03	15:30:44[771]	43	31	-276	35.7889734591833	0	0	-561	561	30	0	-11	180	-182	93.4970597392983	0	0	-503	503	32	1	40	4.2
2025-11-03	15:30:44[820]	43	34	-281	38.3333401090986	0	0	-566	566	30	0	-11	180	-182	93.4970597392983	0	0	-503	503	32	1	40	4.2
2025-11-03	15:30:44[911]	43	34	-281	38.3333401090986	0	0	-566	566	30	0	-11	180	-182	93.4970597392983	0	0	-503	503	32	1	40	4.2
2025-11-03	15:30:44[946]	43	30	-276	34.9024956159247	0	0	-561	561	30	0	-11	180	-182	93.4970597392983	0	0	-503	503	32	1	40	4.2
2025-11-03	15:30:45[092]	48	0	255	0	39	254	32638	5073	256	44	-11	180	-182	93.4970597392983	0	0	-503	503	32	1	40	4.2
2025-11-03	15:30:45[395]	44	33	-282	36.869897645844	65260	253	-567	512	11520	22	-11	180	-182	93.4970597392983	0	0	-503	503	32	1	40	4.2
2025-11-03	15:30:45[698]	47	31	-283	33.4078245897089	0	0	-568	568	30	0	-11	180	-182	93.4970597392983	0	0	-503	503	32	1	40	4.2
2025-11-03	15:30:45[774]	46	29	-281	32.2287574350986	0	0	-566	566	30	0	-11	180	-182	93.4970597392983	0	0	-503	503	32	1	40	4.2
2025-11-03	15:30:46[177]	43	35	-280	39.143986414571	30	0	6142	-6659	-14334	56	-11	180	-182	93.4970597392983	0	0	-503	503	32	1	40	4.2
2025-11-03	15:30:46[246]	44	32	-277	36.0273733851036	0	0	-562	562	30	0	-11	180	-182	93.4970597392983	0	0	-503	503	32	1	40	4.2
2025-11-03	15:30:47[119]	44	32	-277	36.0273733851036	0	0	-562	562	30	0	-11	180	-182	93.4970597392983	0	0	-503	503	32	1	40	4.2
2025-11-03	15:30:47[266]	44	32	-281	36.0273733851036	43	0	-566	566	209	1	-11	180	-182	93.4970597392983	0	0	-503	503	32	1	40	4.2
2025-11-03	15:30:47[889]	44	42	-278	43.6677801461304	0	19	-563	563	30	0	-11	180	-182	93.4970597392983	0	0	-503	503	32	1	40	4.2
2025-11-03	15:30:48[051]	47	31	-279	33.4078245897089	48	0	-564	564	30	0	-11	180	-182	93.4970597392983	0	0	-503	503	32	1	40	4.2
2025-11-03	15:30:48[131]	41	29	-281	35.2724214485984	0	0	-566	566	30	0	-11	180	-182	93.4970597392983	0	0	-503	503	32	1	40	4.2
2025-11-03	15:30:48[224]	41	34	-282	39.6678411183404	0	0	-567	567	30	0	-11	180	-182	93.4970597392983	0	0	-503	503	32	1	40	4.2
2025-11-03	15:30:48[369]	7680	0	255	0	43	254	32638	5073	256	46	-11	180	-182	93.4970597392983	0	0	-503	503	32	1	40	4.2
2025-11-03	15:30:48[513]	46	33	-278	35.6553280979003	38	254	32638	5073	256	44	-11	180	-182	93.4970597392983	0	0	-503	503	32	1	40	4.2
2025-11-03	15:30:48[818]	40	34	-284	40.3645365730974	65258	253	-569	569	30	16	-11	180	-182	93.4970597392983	0	0	-503	503	32	1	40	4.2
2025-11-03	15:30:48[885]	48	26	-283	28.4429286243634	0	0	-568	568	30	0	-11	180	-182	93.4970597392983	0	0	-503	503	32	1	40	4.2
2025-11-03	15:30:49[297]	48	26	-283	28.4429286243634	0	0	-568	568	30	0	-11	180	-182	93.4970597392983	0	0	-503	503	32	1	40	4.2
2025-11-03	15:30:49[588]	41	38	-283	42.82525588539	234	253	-568	568	30	0	-11	180	-182	93.4970597392983	0	0	-503	503	32	1	40	4.2
2025-11-03	15:30:49[658]	46	31	-277	33.9765440362569	0	0	-562	562	30	0	-11	180	-182	93.4970597392983	0	0	-503	503	32	1	40	4.2
2025-11-03	15:30:49[764]	7680	0	255	0	33	254	32638	5073	256	47	-11	180	-182	93.4970597392983	0	0	-503	503	32	1	40	4.2
2025-11-03	15:30:49[924]	46	30	-284	33.111341960372	38	254	32638	5073	256	42	-11	180	-182	93.4970597392983	0	0	-503	503	32	1	40	4.2
2025-11-03	15:30:50[067]	46	36	-275	38.0470425318261	51	0	-560	560	30	1	-11	180	-182	93.4970597392983	0	0	-503	503	32	1	40	4.2
2025-11-03	15:30:50[230]	47	37	-279	38.2110254255612	0	0	-564	564	30	0	-11	180	-182	93.4970597392983	0	0	-503	503	32	1	40	4.2
2025-11-03	15:30:50[297]	47	28	-276	30.7841465263264	0	0	-561	561	30	0	-11	180	-182	93.4970597392983	0	0	-503	503	32	1	40	4.2
2025-11-03	15:30:50[544]	47	28	-276	30.7841465263264	0	0	-561	561	30	0	-11	180	-182	93.4970597392983	0	0	-503	503	32	1	40	4.2
2025-11-03	15:30:50[693]	40	32	-276	38.6598082540901	42	0	-561	561	5073	1	-11	180	-182	93.4970597392983	0	0	-503	503	32	1	40	4.2
2025-11-03	15:30:50[996]	44	27	-280	31.5347919051883	231	253	-565	565	30	0	-11	180	-182	93.4970597392983	0	0	-503	503	32	1	40	4.2
2025-11-03	15:30:51[057]	52	33	-281	32.3998401739193	0	0	-566	566	30	0	-11	180	-182	93.4970597392983	0	0	-503	503	32	1	40	4.2
2025-11-03	15:30:51[172]	7680	0	255	0	31	254	32638	5073	256	46	-11	180	-182	93.4970597392983	0	0	-503	503	32	1	40	4.2
2025-11-03	15:30:51[462]	42	34	-281	38.9909940425055	64979	2	256	13568	3838	240	-11	180	-182	93.4970597392983	0	0	-503	503	32	1	40	4.2
2025-11-03	15:30:51[621]	44	30	-273	34.286876977209	0	0	-558	558	30	0	-11	180	-182	93.4970597392983	0	0	-503	503	32	1	40	4.2
2025-11-03	15:30:51[670]	40	35	-278	41.1859251657096	0	0	-563	563	30	0	-11	180	-182	93.4970597392983	0	0	-503	503	32	1	40	4.2
2025-11-03	15:30:51[792]	40	35	-278	41.1859251657096	0	0	-563	563	30	0	-11	180	-182	93.4970597392983	0	0	-503	503	32	1	40	4.2
2025-11-03	15:30:51[942]	46	30	-129	33.111341960372	10750	237	32275	-12031	46	0	-11	180	-182	93.4970597392983	0	0	-503	503	32	1	40	4.2
2025-11-03	15:30:52[087]	43	26	-280	31.1593045083444	47	0	-565	565	209	1	-11	180	-182	93.4970597392983	0	0	-503	503	32	1	40	4.2
2025-11-03	15:30:52[392]	43	30	-277	34.9024956159247	0	2	-562	562	30	0	-11	180	-182	93.4970597392983	0	0	-503	503	32	1	40	4.2
2025-11-03	15:30:52[442]	42	34	-279	38.9909940425055	0	0	-564	564	30	0	-11	180	-182	93.4970597392983	0	0	-503	503	32	1	40	4.2
2025-11-03	15:30:52[567]	47	0	255	0	39	254	32638	5073	256	44	-11	180	-182	93.4970597392983	0	0	-503	503	32	1	40	4.2
2025-11-03	15:30:52[710]	45	34	-277	37.0730733173104	50	0	-562	638	5073	1	-11	180	-182	93.4970597392983	0	0	-503	503	32	1	40	4.2
2025-11-03	15:30:52[870]	44	33	-277	36.869897645844	50	0	-562	562	30	0	-11	180	-182	93.4970597392983	0	0	-503	503	32	1	40	4.2
2025-11-03	15:30:53[014]	43	31	-275	35.7889734591833	0	0	-560	560	30	0	-11	180	-182	93.4970597392983	0	0	-503	503	32	1	40	4.2
2025-11-03	15:30:53[064]	46	25	-278	28.523118606312	0	0	-563	563	30	0	-11	180	-182	93.4970597392983	0	0	-503	503	32	1	40	4.2
2025-11-03	15:30:53[187]	46	25	-278	28.523118606312	0	0	-563	563	30	0	-11	180	-182	93.4970597392983	0	0	-503	503	32	1	40	4.2
2025-11-03	15:30:53[975]	48	37	-278	37.6262336386698	43	0	255	32638	5073	1	-11	180	-182	93.4970597392983	0	0	-503	503	32	1	40	4.2
2025-11-03	15:30:54[117]	45	30	-279	33.6900675259798	41	0	-564	564	5073	1	-11	180	-182	93.4970597392983	0	0	-503	503	32	1	40	4.2
2025-11-03	15:30:54[262]	50	28	-276	29.248826336547	46	0	-561	561	30	0	-11	180	-182	93.4970597392983	0	0	-503	503	32	1	40	4.2
2025-11-03	15:30:54[313]	45	34	-275	37.0730733173104	0	0	-560	560	30	0	-11	180	-182	93.4970597392983	0	0	-503	503	32	1	40	4.2
2025-11-03	15:30:54[437]	43	35	-279	39.143986414571	0	0	-564	564	30	0	-11	180	-182	93.4970597392983	0	0	-503	503	32	1	40	4.2
2025-11-03	15:30:54[597]	7680	0	255	0	43	254	32638	5073	256	43	-11	180	-182	93.4970597392983	0	0	-503	503	32	1	40	4.2
2025-11-03	15:30:54[741]	43	31	-278	35.7889734591833	46	254	32638	5073	256	43	-11	180	-182	93.4970597392983	0	0	-503	503	32	1	40	4.2
2025-11-03	15:30:54[886]	41	31	-279	37.0928372970415	46	0	-564	564	30	1	-11	180	-182	93.4970597392983	0	0	-503	503	32	1	40	4.2
2025-11-03	15:30:55[045]	41	29	-281	35.2724214485984	0	0	-566	566	30	0	-11	180	-182	93.4970597392983	0	0	-503	503	32	1	40	4.2
2025-11-03	15:30:55[118]	41	34	-276	39.6678411183404	0	0	-561	561	30	0	-11	180	-182	93.4970597392983	0	0	-503	503	32	1	40	4.2
2025-11-03	15:30:55[218]	41	34	-276	39.6678411183404	0	0	-561	561	30	0	-11	180	-182	93.4970597392983	0	0	-503	503	32	1	40	4.2
2025-11-03	15:30:55[365]	45	33	-257	36.2538377374448	38	254	32638	5073	256	43	-11	180	-182	93.4970597392983	0	0	-503	503	32	1	40	4.2
2025-11-03	15:30:55[670]	42	26	-281	31.7594800848128	65254	253	-566	566	0	21	-11	180	-182	93.4970597392983	0	0	-503	503	32	1	40	4.2
2025-11-03	15:30:55[745]	43	34	-282	38.3333401090986	0	0	-567	567	30	0	-11	180	-182	93.4970597392983	0	0	-503	503	32	1	40	4.2
2025-11-03	15:30:55[810]	43	34	-282	38.3333401090986	0	0	-567	567	30	0	-11	180	-182	93.4970597392983	0	0	-503	503	32	1	40	4.2
2025-11-03	15:30:55[845]	49	31	-272	32.3196165081802	0	0	-557	557	30	0	-11	180	-182	93.4970597392983	0	0	-503	503	32	1	40	4.2
2025-11-03	15:30:57[062]	49	22	-279	24.1791071466892	0	0	-564	564	30	0	-11	180	-182	93.4970597392983	0	0	-503	503	32	1	40	4.2
2025-11-03	15:30:57[110]	44	29	-276	33.3885135761115	0	0	-561	561	30	0	-11	180	-182	93.4970597392983	0	0	-503	503	32	1	40	4.2
2025-11-03	15:30:57[394]	44	29	-276	33.3885135761115	0	0	-561	561	30	0	-11	180	-182	93.4970597392983	0	0	-503	503	32	1	40	4.2
2025-11-03	15:30:57[541]	41	32	-282	37.9716037610504	42	0	-567	567	5073	1	-11	180	-182	93.4970597392983	0	0	-503	503	32	1	40	4.2
2025-11-03	15:30:57[685]	52	31	-275	30.8014459761368	50	0	-560	560	30	0	-11	180	-182	93.4970597392983	0	0	-503	503	32	1	40	4.2
2025-11-03	15:30:57[761]	45	31	-282	34.5625246488818	0	0	-567	567	30	0	-11	180	-182	93.4970597392983	0	0	-503	503	32	1	40	4.2
2025-11-03	15:30:57[860]	49	29	-275	30.6186054089094	0	0	-560	560	30	0	-11	180	-182	93.4970597392983	0	0	-503	503	32	1	40	4.2
2025-11-03	15:30:58[022]	7680	0	255	0	35	254	32638	5073	256	43	-11	180	-182	93.4970597392983	0	0	-503	503	32	1	40	4.2
2025-11-03	15:30:58[164]	46	32	-279	34.8244891569568	11	254	32638	5073	256	45	-11	180	-182	93.4970597392983	0	0	-503	503	32	1	40	4.2
2025-11-03	15:30:58[308]	43	35	-277	39.143986414571	41	0	-562	562	30	1	-11	180	-182	93.4970597392983	0	0	-503	503	32	1	40	4.2
2025-11-03	15:30:58[468]	41	39	-281	43.5679038158354	0	0	-566	566	30	0	-11	180	-182	93.4970597392983	0	0	-503	503	32	1	40	4.2
2025-11-03	15:30:58[546]	40	31	-273	37.7756843059547	0	0	-558	558	30	0	-11	180	-182	93.4970597392983	0	0	-503	503	32	1	40	4.2
2025-11-03	15:30:58[641]	40	31	-273	37.7756843059547	0	0	-558	558	30	0	-11	180	-182	93.4970597392983	0	0	-503	503	32	1	40	4.2
2025-11-03	15:30:58[791]	47	36	-257	37.4505782317367	45	254	32638	5073	256	42	-11	180	-182	93.4970597392983	0	0	-503	503	32	1	40	4.2
2025-11-03	15:30:58[949]	45	31	-280	34.5625246488818	43	0	-565	565	209	1	-11	180	-182	93.4970597392983	0	0	-503	503	32	1	40	4.2
2025-11-03	15:30:59[236]	43	31	-277	35.7889734591833	0	2	-562	562	30	0	-11	180	-182	93.4970597392983	0	0	-503	503	32	1	40	4.2
2025-11-03	15:30:59[313]	43	33	-276	37.5041423602701	0	0	-561	561	30	0	-11	180	-182	93.4970597392983	0	0	-503	503	32	1	40	4.2
2025-11-03	15:30:59[413]	44	0	255	0	39	254	32638	5073	256	38	-11	180	-182	93.4970597392983	0	0	-503	503	32	1	40	4.2
2025-11-03	15:30:59[718]	45	40	-282	41.6335393365702	65255	253	-567	512	11264	19	-11	180	-182	93.4970597392983	0	0	-503	503	32	1	40	4.2
2025-11-03	15:31:00[022]	42	35	-283	39.8055710922652	0	0	-568	568	30	0	-11	180	-182	93.4970597392983	0	0	-503	503	32	1	40	4.2
2025-11-03	15:31:00[084]	40	38	-279	43.5311992856142	0	0	-564	564	30	0	-11	180	-182	93.4970597392983	0	0	-503	503	32	1	40	4.2
2025-11-03	15:31:00[196]	43	33	-257	37.5041423602701	21	254	32638	5073	256	38	-11	180	-182	93.4970597392983	0	0	-503	503	32	1	40	4.2
2025-11-03	15:31:00[340]	45	36	-274	38.6598082540901	42	0	-559	559	209	1	-11	180	-182	93.4970597392983	0	0	-503	503	32	1	40	4.2
2025-11-03	15:31:00[499]	43	43	-276	45	0	0	-561	561	30	0	-11	180	-182	93.4970597392983	0	0	-503	503	32	1	40	4.2
2025-11-03	15:31:00[574]	45	33	-282	36.2538377374448	0	0	-567	567	30	0	-11	180	-182	93.4970597392983	0	0	-503	503	32	1	40	4.2
2025-11-03	15:31:27[145]	38	41	-264	47.1747441146101	0	0	-549	549	30	0	0	0	0	0	0	0	0	0	0	0	0	0.0
2025-11-03	15:31:27[281]	38	41	-264	47.1747441146101	0	0	-549	549	30	0	0	0	0	0	0	0	0	0	0	0	0	0.0
2025-11-03	15:31:27[429]	43	36	-269	39.9363831469699	40	254	32638	5073	256	43	0	0	0	0	0	0	0	0	0	0	0	0.0
2025-11-03	15:31:27[894]	42	29	-276	34.6241550799489	30	0	-561	561	30	43	0	0	0	0	0	0	0	0	0	0	0	0.0
2025-11-03	15:31:27[910]	42	36	-276	40.6012946450045	0	0	-561	561	30	0	0	0	0	0	0	0	0	0	0	0	0	0.0
2025-11-03	15:31:39[892]	46	33	5630	35.6553280979003	0	0	-5635	-13310	13312	30	0	0	0	0	0	0	0	0	0	0	0	0.0
2025-11-03	15:31:39[907]	43	30	-275	34.9024956159247	0	0	-560	560	30	0	0	0	0	0	0	0	0	0	0	0	0	0.0
2025-11-03	15:31:40[062]	43	30	-275	34.9024956159247	0	0	-560	560	30	0	0	0	0	0	0	0	0	0	0	0	0	0.0
2025-11-03	15:31:40[209]	44	39	-257	41.5526131481348	40	254	32638	5073	256	46	0	0	0	0	0	0	0	0	0	0	0	0.0
2025-11-03	15:31:40[353]	49	34	-274	34.7559125535414	41	0	-559	559	209	1	0	0	0	0	0	0	0	0	0	0	0	0.0
2025-11-03	15:31:40[513]	41	44	-285	47.021364940356	0	0	-570	570	30	0	0	0	0	0	0	0	0	0	0	0	0	0.0
2025-11-03	15:31:40[530]	44	36	-282	39.2894068625004	0	0	-567	567	30	0	0	0	0	0	0	0	0	0	0	0	0	0.0
2025-11-03	15:31:40[829]	44	36	-282	39.2894068625004	0	0	-567	567	30	0	0	0	0	0	0	0	0	0	0	0	0	0.0
2025-11-03	15:31:40[979]	47	38	-275	38.9559078377589	45	0	-560	560	5073	1	0	0	0	0	0	0	0	0	0	0	0	0.0
2025-11-03	15:31:41[137]	44	33	-280	36.869897645844	46	0	-565	565	30	0	0	0	0	0	0	0	0	0	0	0	0	0.0
2025-11-03	15:31:41[166]	46	31	-275	33.9765440362569	0	0	-560	560	30	0	0	0	0	0	0	0	0	0	0	0	0	0.0
2025-11-03	15:31:41[313]	40	30	-278	36.869897645844	0	0	-563	563	30	0	0	0	0	0	0	0	0	0	0	0	0	0.0
2025-11-03	15:31:41[459]	0	0	255	0	42	254	32638	5073	256	43	0	0	0	0	0	0	0	0	0	0	0	0.0
2025-11-03	15:31:41[617]	45	35	-270	37.8749836510982	38	254	-642	5073	256	46	0	0	0	0	0	0	0	0	0	0	0	0.0
2025-11-03	15:31:45[040]	48	33	-275	34.5085229876684	53505	0	-560	560	30	0	0	0	0	0	0	0	0	0	0	0	0	0.0
2025-11-03	15:31:45[985]	43	42	-276	44.3259631020155	0	231	-561	561	30	0	0	0	0	0	0	0	0	0	0	0	0	0.0
2025-11-03	15:31:46[288]	32638	5073	256	8.83492027002965	559	0	10240	12286	-4355	209	0	0	0	0	0	0	0	0	0	0	0	0.0
2025-11-03	15:31:46[592]	47	31	-276	33.4078245897089	65254	253	-561	561	30	20	0	0	0	0	0	0	0	0	0	0	0	0.0
2025-11-03	15:31:46[606]	43	35	-276	39.143986414571	0	0	-561	561	30	0	0	0	0	0	0	0	0	0	0	0	0	0.0
2025-11-03	15:31:46[748]	43	35	-276	39.143986414571	0	0	-561	561	30	0	0	0	0	0	0	0	0	0	0	0	0	0.0
2025-11-03	15:31:46[912]	43	36	255	39.9363831469699	42	254	32638	5073	256	48	0	0	0	0	0	0	0	0	0	0	0	0.0
2025-11-03	15:31:47[056]	44	39	-279	41.5526131481348	39	0	-564	564	5073	1	0	0	0	0	0	0	0	0	0	0	0	0.0
2025-11-03	15:31:47[216]	41	34	-280	39.6678411183404	53	0	-565	565	30	0	0	0	0	0	0	0	0	0	0	0	0	0.0
2025-11-03	15:31:47[232]	42	36	-281	40.6012946450045	0	0	-566	566	30	0	0	0	0	0	0	0	0	0	0	0	0	0.0
2025-11-03	15:31:47[374]	47	36	-274	37.4505782317367	0	0	-559	559	30	0	0	0	0	0	0	0	0	0	0	0	0	0.0
2025-11-03	15:31:47[535]	7680	0	255	0	37	254	32638	5073	256	42	0	0	0	0	0	0	0	0	0	0	0	0.0
2025-11-03	15:31:48[927]	48	33	-277	34.5085229876684	256	48	0	-129	32275	209	0	0	0	0	0	0	0	0	0	0	0	0.0
2025-11-03	15:31:49[088]	49	33	-278	33.9590598196763	44	0	-563	638	5073	1	0	0	0	0	0	0	0	0	0	0	0	0.0
2025-11-03	15:31:49[232]	45	38	-281	40.1792339219073	46	0	-566	566	30	0	0	0	0	0	0	0	0	0	0	0	0	0.0
2025-11-03	15:31:49[390]	47	29	-276	31.6754687381092	0	0	-561	561	30	0	0	0	0	0	0	0	0	0	0	0	0	0.0
2025-11-03	15:31:49[405]	43	36	-276	39.9363831469699	0	0	-561	561	30	0	0	0	0	0	0	0	0	0	0	0	0	0.0
2025-11-03	15:31:49[547]	43	36	-276	39.9363831469699	0	0	-561	561	30	0	0	0	0	0	0	0	0	0	0	0	0	0.0
2025-11-03	15:31:49[855]	46	34	-275	36.4692343900519	64977	2	256	11520	6142	238	0	0	0	0	0	0	0	0	0	0	0	0.0
2025-11-03	15:31:50[017]	44	35	-273	38.5006537203454	0	0	-558	558	30	0	0	0	0	0	0	0	0	0	0	0	0	0.0
2025-11-03	15:31:50[031]	42	41	-275	44.3097228021349	0	0	-560	560	30	0	0	0	0	0	0	0	0	0	0	0	0	0.0
2025-11-03	15:31:50[187]	42	41	-275	44.3097228021349	0	0	-560	560	30	0	0	0	0	0	0	0	0	0	0	0	0	0.0
2025-11-03	15:31:50[335]	44	33	-257	36.869897645844	45	254	32638	5073	256	43	0	0	0	0	0	0	0	0	0	0	0	0.0
2025-11-03	15:31:50[479]	47	32	-277	34.249033006812	46	0	-562	562	209	1	0	0	0	0	0	0	0	0	0	0	0	0.0
2025-11-03	15:31:50[638]	42	35	-279	39.8055710922652	0	0	-564	564	30	0	0	0	0	0	0	0	0	0	0	0	0	0.0
2025-11-03	15:31:50[653]	41	35	-279	40.4860115419987	0	0	-564	564	30	0	0	0	0	0	0	0	0	0	0	0	0	0.0
2025-11-03	15:31:50[779]	41	35	-279	40.4860115419987	0	0	-564	564	30	0	0	0	0	0	0	0	0	0	0	0	0	0.0
2025-11-03	15:31:50[813]	44	35	-279	38.5006537203454	0	0	-564	564	30	0	0	0	0	0	0	0	0	0	0	0	0	0.0
2025-11-03	15:31:50[959]	44	0	255	0	39	254	32638	5073	256	42	0	0	0	0	0	0	0	0	0	0	0	0.0
2025-11-03	15:31:51[103]	41	38	-275	42.82525588539	45	0	-560	638	5073	1	0	0	0	0	0	0	0	0	0	0	0	0.0
2025-11-03	15:31:51[262]	44	35	-278	38.5006537203454	45	0	-563	563	30	0	0	0	0	0	0	0	0	0	0	0	0	0.0
2025-11-03	15:31:51[406]	47	37	-275	38.2110254255612	0	0	-560	560	30	0	0	0	0	0	0	0	0	0	0	0	0	0.0
2025-11-03	15:31:51[438]	46	34	-274	36.4692343900519	0	0	-559	559	30	0	0	0	0	0	0	0	0	0	0	0	0	0.0
2025-11-03	15:31:51[579]	46	34	-274	36.4692343900519	0	0	-559	559	30	0	0	0	0	0	0	0	0	0	0	0	0	0.0
2025-11-03	15:31:51[726]	42	31	-257	36.4308581201624	46	254	32638	5073	256	43	0	0	0	0	0	0	0	0	0	0	0	0.0
2025-11-03	15:31:52[030]	46	37	-281	38.8113840367584	65259	253	-566	566	0	27	0	0	0	0	0	0	0	0	0	0	0	0.0
2025-11-03	15:31:52[062]	49	35	-277	35.5376777919744	0	0	-562	562	30	0	0	0	0	0	0	0	0	0	0	0	0	0.0
2025-11-03	15:33:50[133]	41	50	-275	50.6482473737353	0	0	-560	560	30	0	0	0	0	0	0	0	0	0	0	0	0	0.0
2025-11-03	15:33:50[141]	38	43	-271	48.5322945838909	0	0	-556	556	30	0	0	0	0	0	0	0	0	0	0	0	0	0.0
2025-11-03	15:33:50[175]	37	35	-278	43.4088597288054	45	0	-563	563	5073	1	0	0	0	0	0	0	0	0	0	0	0	0.0
2025-11-03	15:33:50[334]	45	39	-274	40.9143832200251	45	0	-559	559	30	0	0	0	0	0	0	0	0	0	0	0	0	0.0
2025-11-03	15:33:50[350]	40	41	-277	45.7073193685443	0	0	-562	562	30	0	0	0	0	0	0	0	0	0	0	0	0	0.0
2025-11-03	15:33:50[509]	43	40	-276	42.9299693469589	0	0	-561	561	30	0	0	0	0	0	0	0	0	0	0	0	0	0.0
2025-11-03	15:33:50[655]	7680	0	255	0	43	254	32638	5073	256	44	0	0	0	0	0	0	0	0	0	0	0	0.0
2025-11-03	15:33:50[801]	43	37	-279	40.710846671181	26	254	32638	5073	256	49	0	0	0	0	0	0	0	0	0	0	0	0.0
2025-11-03	15:33:50[960]	41	41	-276	45	45	0	-561	561	30	1	0	0	0	0	0	0	0	0	0	0	0	0.0
2025-11-03	15:33:51[103]	39	47	-273	50.3145456699447	0	0	-558	558	30	0	0	0	0	0	0	0	0	0	0	0	0	0.0
2025-11-03	15:33:51[135]	41	35	-279	40.4860115419987	0	0	-564	564	30	0	0	0	0	0	0	0	0	0	0	0	0	0.0
2025-11-03	15:33:51[276]	41	35	-279	40.4860115419987	0	0	-564	564	30	0	0	0	0	0	0	0	0	0	0	0	0	0.0
2025-11-03	15:33:51[440]	41	36	255	41.2847108945712	49	254	32638	5073	256	48	0	0	0	0	0	0	0	0	0	0	0	0.0
2025-11-03	15:33:51[585]	46	37	-282	38.8113840367584	41	0	-567	567	5073	1	0	0	0	0	0	0	0	0	0	0	0	0.0
2025-11-03	15:33:51[729]	39	45	-279	49.0856167799749	0	25	-564	564	30	0	0	0	0	0	0	0	0	0	0	0	0	0.0
2025-11-03	15:33:51[760]	46	39	-274	40.2921477556278	0	0	-559	559	30	0	0	0	0	0	0	0	0	0	0	0	0	0.0
2025-11-03	15:33:51[884]	46	39	-274	40.2921477556278	0	0	-559	559	30	0	0	0	0	0	0	0	0	0	0	0	0	0.0
2025-11-03	15:33:51[904]	45	41	-287	42.3369992339329	0	0	-572	572	30	0	0	0	0	0	0	0	0	0	0	0	0	0.0
2025-11-03	15:33:52[065]	38	0	255	0	42	254	32638	5073	256	37	0	0	0	0	0	0	0	0	0	0	0	0.0
2025-11-03	15:33:52[208]	43	35	-273	39.143986414571	39	0	-558	638	5073	1	0	0	0	0	0	0	0	0	0	0	0	0.0
2025-11-03	15:33:52[353]	40	49	-274	50.7743259026633	49	0	-559	559	30	0	0	0	0	0	0	0	0	0	0	0	0	0.0
2025-11-03	15:33:52[512]	45	41	-281	42.3369992339329	0	0	-566	566	30	0	0	0	0	0	0	0	0	0	0	0	0	0.0
2025-11-03	15:33:52[531]	40	38	-276	43.5311992856142	0	0	-561	561	30	0	0	0	0	0	0	0	0	0	0	0	0	0.0
2025-11-03	15:33:52[685]	40	38	-276	43.5311992856142	0	0	-561	561	30	0	0	0	0	0	0	0	0	0	0	0	0	0.0
2025-11-03	15:33:52[832]	41	37	-275	42.0643265535788	48	254	32638	5073	256	43	0	0	0	0	0	0	0	0	0	0	0	0.0
2025-11-03	15:33:52[978]	44	38	-282	40.8150838748816	51	0	-567	567	30	1	0	0	0	0	0	0	0	0	0	0	0	0.0
2025-11-03	15:33:53[138]	42	40	-279	43.6028189727036	0	0	-564	564	30	0	0	0	0	0	0	0	0	0	0	0	0	0.0
2025-11-03	15:33:53[151]	38	41	-278	47.1747441146101	0	0	-563	563	30	0	0	0	0	0	0	0	0	0	0	0	0	0.0
2025-11-03	15:33:53[308]	38	41	-278	47.1747441146101	0	0	-563	563	30	0	0	0	0	0	0	0	0	0	0	0	0	0.0
2025-11-03	15:33:53[455]	42	41	255	44.3097228021349	49	254	32638	5073	256	47	0	0	0	0	0	0	0	0	0	0	0	0.0
2025-11-03	15:33:53[601]	40	36	-276	41.9872124958167	50	0	-561	561	5073	1	0	0	0	0	0	0	0	0	0	0	0	0.0
2025-11-03	15:33:53[759]	44	34	-282	37.6942404666892	44	0	-567	567	30	0	0	0	0	0	0	0	0	0	0	0	0	0.0
2025-11-03	15:33:53[777]	43	40	-275	42.9299693469589	0	0	-560	560	30	0	0	0	0	0	0	0	0	0	0	0	0	0.0
2025-11-03	15:33:53[936]	40	40	-272	45	0	0	-557	557	30	0	0	0	0	0	0	0	0	0	0	0	0	0.0
2025-11-03	15:33:54[081]	7680	0	255	0	44	254	32638	5073	256	36	0	0	0	0	0	0	0	0	0	0	0	0.0
2025-11-03	15:33:54[239]	45	42	-274	43.025065989118	52506	254	32638	5073	256	46	0	0	0	0	0	0	0	0	0	0	0	0.0
2025-11-03	15:33:54[383]	42	38	-265	42.1375947738883	43	0	-550	550	30	1	0	0	0	0	0	0	0	0	0	0	0	0.0
2025-11-03	15:33:54[527]	41	47	-273	48.9004937423819	0	0	-558	558	30	0	0	0	0	0	0	0	0	0	0	0	0	0.0
2025-11-03	15:33:54[558]	34	40	-276	49.6354634269026	0	0	-561	561	30	0	0	0	0	0	0	0	0	0	0	0	0	0.0
2025-11-03	15:33:54[700]	34	40	-276	49.6354634269026	0	0	-561	561	30	0	0	0	0	0	0	0	0	0	0	0	0	0.0
2025-11-03	15:33:54[864]	38	44	-257	49.1849161251184	49	254	32638	5073	256	42	0	0	0	0	0	0	0	0	0	0	0	0.0
2025-11-03	15:33:55[007]	42	34	-280	38.9909940425055	44	0	-565	565	209	1	0	0	0	0	0	0	0	0	0	0	0	0.0
2025-11-03	15:33:55[151]	41	45	-274	47.6630007660671	0	0	-559	559	30	0	0	0	0	0	0	0	0	0	0	0	0	0.0
2025-11-03	15:33:55[182]	41	40	-283	44.2926806314557	0	0	-568	568	30	0	0	0	0	0	0	0	0	0	0	0	0	0.0
2025-11-03	15:33:55[307]	41	40	-283	44.2926806314557	0	0	-568	568	30	0	0	0	0	0	0	0	0	0	0	0	0	0.0
2025-11-03	15:33:55[327]	44	39	-279	41.5526131481348	0	0	-564	564	30	0	0	0	0	0	0	0	0	0	0	0	0	0.0
2025-11-03	15:33:55[489]	43	0	255	0	46	254	32638	5073	256	48	0	0	0	0	0	0	0	0	0	0	0	0.0
2025-11-03	15:33:55[631]	42	36	-276	40.6012946450045	37	0	-561	638	5073	1	0	0	0	0	0	0	0	0	0	0	0	0.0
2025-11-03	15:33:55[775]	43	50	-274	49.304468960508	46	0	-559	559	30	0	0	0	0	0	0	0	0	0	0	0	0	0.0
2025-11-03	15:33:55[934]	48	36	-274	36.869897645844	0	0	-559	559	30	0	0	0	0	0	0	0	0	0	0	0	0	0.0
2025-11-03	15:33:55[950]	40	35	-281	41.1859251657096	0	0	-566	566	30	0	0	0	0	0	0	0	0	0	0	0	0	0.0
2025-11-03	15:33:56[107]	40	35	-281	41.1859251657096	0	0	-566	566	30	0	0	0	0	0	0	0	0	0	0	0	0	0.0
2025-11-03	15:33:56[257]	39	37	-257	43.492564241225	47	254	32638	5073	256	42	0	0	0	0	0	0	0	0	0	0	0	0.0
2025-11-03	15:33:56[399]	41	36	-284	41.2847108945712	44	0	-569	569	209	1	0	0	0	0	0	0	0	0	0	0	0	0.0
2025-11-03	15:33:56[559]	43	40	-280	42.9299693469589	0	0	-565	565	30	0	0	0	0	0	0	0	0	0	0	0	0	0.0
2025-11-03	15:33:56[574]	39	38	-276	44.2559407971113	0	0	-561	561	30	0	0	0	0	0	0	0	0	0	0	0	0	0.0
2025-11-03	15:33:56[699]	39	38	-276	44.2559407971113	0	0	-561	561	30	0	0	0	0	0	0	0	0	0	0	0	0	0.0
2025-11-03	15:33:56[736]	43	38	-281	41.4677054161091	0	0	-566	566	30	0	0	0	0	0	0	0	0	0	0	0	0	0.0
2025-11-03	15:33:56[878]	43	0	255	0	49	254	32638	5073	256	36	0	0	0	0	0	0	0	0	0	0	0	0.0
2025-11-03	15:33:57[039]	44	42	-279	43.6677801461304	42	0	-564	638	5073	1	0	0	0	0	0	0	0	0	0	0	0	0.0
2025-11-03	15:33:57[187]	46	40	-277	41.0090869015702	45	0	-562	562	30	0	0	0	0	0	0	0	0	0	0	0	0	0.0
2025-11-03	15:33:57[327]	40	47	-279	49.6000956662633	0	0	-564	564	30	0	0	0	0	0	0	0	0	0	0	0	0	0.0
2025-11-03	15:33:57[359]	44	42	-284	43.6677801461304	0	0	-569	569	30	0	0	0	0	0	0	0	0	0	0	0	0	0.0
2025-11-03	15:33:57[499]	44	42	-284	43.6677801461304	0	0	-569	569	30	0	0	0	0	0	0	0	0	0	0	0	0	0.0
2025-11-03	15:33:57[663]	45	35	-274	37.8749836510982	22	254	32638	5073	256	42	0	0	0	0	0	0	0	0	0	0	0	0.0
2025-11-03	15:33:57[807]	42	37	-278	41.3785152958827	42	0	-563	563	30	1	0	0	0	0	0	0	0	0	0	0	0	0.0
2025-11-03	15:33:57[950]	40	46	-276	48.9909130984298	0	0	-561	561	30	0	0	0	0	0	0	0	0	0	0	0	0	0.0
2025-11-03	15:33:57[983]	46	37	-280	38.8113840367584	0	0	-565	565	30	0	0	0	0	0	0	0	0	0	0	0	0	0.0
2025-11-03	15:33:58[123]	46	37	-280	38.8113840367584	0	0	-565	565	30	0	0	0	0	0	0	0	0	0	0	0	0	0.0
2025-11-03	15:33:58[286]	41	43	-257	46.3639275316029	46	254	32638	5073	256	40	0	0	0	0	0	0	0	0	0	0	0	0.0
2025-11-03	15:33:58[432]	44	32	-280	36.0273733851036	42	0	-565	565	209	1	0	0	0	0	0	0	0	0	0	0	0	0.0
2025-11-03	15:33:58[591]	42	49	-273	49.3987053549955	0	0	-558	558	30	0	0	0	0	0	0	0	0	0	0	0	0	0.0
2025-11-03	15:33:58[607]	44	41	-277	42.978635059644	0	0	-562	562	30	0	0	0	0	0	0	0	0	0	0	0	0	0.0
2025-11-03	15:33:58[907]	44	41	-277	42.978635059644	0	0	-562	562	30	0	0	0	0	0	0	0	0	0	0	0	0	0.0
2025-11-03	15:33:59[054]	40	42	-283	46.3971810272964	38	0	-568	568	209	1	0	0	0	0	0	0	0	0	0	0	0	0.0
2025-11-03	15:33:59[216]	40	36	-281	41.9872124958167	0	0	-566	566	30	0	0	0	0	0	0	0	0	0	0	0	0	0.0
2025-11-03	15:33:59[230]	44	38	-280	40.8150838748816	0	0	-565	513	30	0	0	0	0	0	0	0	0	0	0	0	0	0.0
2025-11-03	15:33:59[531]	44	38	-280	40.8150838748816	0	0	-565	513	30	0	0	0	0	0	0	0	0	0	0	0	0	0.0
2025-11-03	15:33:59[679]	47	34	-279	35.8821372462042	44	0	-564	564	209	1	0	0	0	0	0	0	0	0	0	0	0	0.0
2025-11-03	15:33:59[947]	46	37	-281	38.8113840367584	0	0	-566	566	30	0	0	0	0	0	0	0	0	0	0	0	0	0.0
2025-11-03	15:33:59[954]	41	37	-280	42.0643265535788	0	0	-565	565	30	0	0	0	0	0	0	0	0	0	0	0	0	0.0
2025-11-03	15:34:00[154]	41	37	-280	42.0643265535788	0	0	-565	565	30	0	0	0	0	0	0	0	0	0	0	0	0	0.0
2025-11-03	15:34:00[302]	39	43	-512	47.7927023657133	44	0	-558	558	5073	1	0	0	0	0	0	0	0	0	0	0	0	0.0
2025-11-03	15:34:00[462]	41	41	-279	45	44	0	-564	564	30	0	0	0	0	0	0	0	0	0	0	0	0	0.0
2025-11-03	15:34:00[590]	37	37	-275	45	0	0	-560	560	30	0	0	0	0	0	0	0	0	0	0	0	0	0.0
2025-11-03	15:34:00[638]	46	42	-273	42.3974377975002	0	0	-558	558	30	0	0	0	0	0	0	0	0	0	0	0	0	0.0
2025-11-03	15:34:00[783]	7680	0	255	0	48	254	32638	5073	256	38	0	0	0	0	0	0	0	0	0	0	0	0.0
2025-11-03	15:34:00[926]	43	40	-277	42.9299693469589	49	254	32638	5073	256	48	0	0	0	0	0	0	0	0	0	0	0	0.0
2025-11-03	15:34:01[086]	40	38	-281	43.5311992856142	47	0	-566	566	30	1	0	0	0	0	0	0	0	0	0	0	0	0.0
2025-11-03	15:34:01[229]	44	42	-278	43.6677801461304	0	0	-563	563	30	0	0	0	0	0	0	0	0	0	0	0	0	0.0
2025-11-03	15:34:01[261]	39	36	-274	42.7093899573615	0	0	-559	559	30	0	0	0	0	0	0	0	0	0	0	0	0	0.0
2025-11-03	15:34:01[402]	39	36	-274	42.7093899573615	0	0	-559	559	30	0	0	0	0	0	0	0	0	0	0	0	0	0.0
2025-11-03	15:34:01[550]	41	40	255	44.2926806314557	49	254	32638	5073	256	38	0	0	0	0	0	0	0	0	0	0	0	0.0
2025-11-03	15:34:01[710]	39	40	-278	45.7252242990593	44	0	-563	563	5073	1	0	0	0	0	0	0	0	0	0	0	0	0.0
2025-11-03	15:34:01[853]	39	35	-277	41.9059419410829	46	0	-562	562	30	0	0	0	0	0	0	0	0	0	0	0	0	0.0
2025-11-03	15:34:01[902]	42	35	-277	39.8055710922652	0	0	-562	562	30	0	0	0	0	0	0	0	0	0	0	0	0	0.0
2025-11-03	15:34:02[029]	46	38	-279	39.5596679689945	0	0	-564	564	30	0	0	0	0	0	0	0	0	0	0	0	0	0.0
2025-11-03	15:34:02[175]	0	0	-129	0	12542	231	32275	-12031	38	0	0	0	0	0	0	0	0	0	0	0	0	0.0
2025-11-03	15:34:02[334]	45	42	-279	43.025065989118	46	254	-642	5073	256	40	0	0	0	0	0	0	0	0	0	0	0	0.0
2025-11-03	15:34:02[478]	42	37	-274	41.3785152958827	39	0	-559	559	30	0	0	0	0	0	0	0	0	0	0	0	0	0.0
2025-11-03	15:34:02[638]	44	35	-279	38.5006537203454	0	0	-564	564	30	0	0	0	0	0	0	0	0	0	0	0	0	0.0
2025-11-03	15:34:02[652]	44	41	-279	42.978635059644	0	0	-564	564	30	0	0	0	0	0	0	0	0	0	0	0	0	0.0
2025-11-03	15:34:02[810]	44	41	-279	42.978635059644	0	0	-564	564	30	0	0	0	0	0	0	0	0	0	0	0	0	0.0
2025-11-03	15:34:02[957]	43	37	-276	40.710846671181	45	254	32638	5073	256	38	0	0	0	0	0	0	0	0	0	0	0	0.0
2025-11-03	15:34:03[098]	46	38	-278	39.5596679689945	46	0	-563	563	30	1	0	0	0	0	0	0	0	0	0	0	0	0.0
2025-11-03	15:34:03[256]	44	38	-278	40.8150838748816	0	0	-563	563	30	0	0	0	0	0	0	0	0	0	0	0	0	0.0
2025-11-03	15:34:03[273]	44	41	-280	42.978635059644	0	0	-565	565	30	0	0	0	0	0	0	0	0	0	0	0	0	0.0
2025-11-03	15:34:03[431]	44	41	-280	42.978635059644	0	0	-565	565	30	0	0	0	0	0	0	0	0	0	0	0	0	0.0
2025-11-03	15:34:03[579]	40	35	-257	41.1859251657096	44	254	32638	5073	256	39	0	0	0	0	0	0	0	0	0	0	0	0.0
2025-11-03	15:34:03[738]	45	36	-282	38.6598082540901	46	0	-567	567	209	1	0	0	0	0	0	0	0	0	0	0	0	0.0
2025-11-03	15:34:03[881]	46	38	-280	39.5596679689945	0	0	-565	565	30	0	0	0	0	0	0	0	0	0	0	0	0	0.0
2025-11-03	15:34:03[897]	40	43	-278	47.0700306530411	0	0	-563	563	30	0	0	0	0	0	0	0	0	0	0	0	0	0.0
2025-11-03	15:34:04[199]	40	43	-278	47.0700306530411	0	0	-563	563	30	0	0	0	0	0	0	0	0	0	0	0	0	0.0
2025-11-03	15:34:04[364]	46	38	-270	39.5596679689945	46	0	-555	555	5073	1	0	0	0	0	0	0	0	0	0	0	0	0.0
2025-11-03	15:34:04[505]	43	39	-273	42.2072976342867	45	0	-558	558	30	0	0	0	0	0	0	0	0	0	0	0	0	0.0
2025-11-03	15:34:04[521]	42	48	-268	48.8140748342904	0	0	-553	553	30	0	0	0	0	0	0	0	0	0	0	0	0	0.0
2025-11-03	15:34:04[681]	45	37	-278	39.4278021960362	0	0	-563	563	30	0	0	0	0	0	0	0	0	0	0	0	0	0.0
2025-11-03	15:34:04[825]	7680	0	255	0	49	254	32638	5073	256	38	0	0	0	0	0	0	0	0	0	0	0	0.0
2025-11-03	15:34:04[985]	41	33	-275	38.8298249049704	33	254	32638	5073	256	39	0	0	0	0	0	0	0	0	0	0	0	0.0
2025-11-03	15:34:05[130]	41	36	-279	41.2847108945712	49	0	-564	564	30	1	0	0	0	0	0	0	0	0	0	0	0	0.0
2025-11-03	15:34:05[289]	45	40	-280	41.6335393365702	0	0	-565	565	30	0	0	0	0	0	0	0	0	0	0	0	0	0.0
2025-11-03	15:34:05[304]	39	37	-281	43.492564241225	0	0	-566	566	30	0	0	0	0	0	0	0	0	0	0	0	0	0.0
2025-11-03	15:34:05[447]	39	37	-281	43.492564241225	0	0	-566	566	30	0	0	0	0	0	0	0	0	0	0	0	0	0.0
2025-11-03	15:34:05[610]	48	47	-257	44.3969088056195	37	254	32638	5073	256	38	0	0	0	0	0	0	0	0	0	0	0	0.0
2025-11-03	15:34:05[753]	47	32	-277	34.249033006812	44	0	-562	562	209	1	0	0	0	0	0	0	0	0	0	0	0	0.0
2025-11-03	15:34:05[914]	44	42	-282	43.6677801461304	0	0	-567	567	30	0	0	0	0	0	0	0	0	0	0	0	0	0.0
2025-11-03	15:34:05[930]	42	35	-280	39.8055710922652	0	0	-565	565	30	0	0	0	0	0	0	0	0	0	0	0	0	0.0
2025-11-03	15:34:06[054]	42	35	-280	39.8055710922652	0	0	-565	565	30	0	0	0	0	0	0	0	0	0	0	0	0	0.0
2025-11-03	15:34:06[078]	46	51	-273	47.9507791090063	0	0	-558	558	30	0	0	0	0	0	0	0	0	0	0	0	0	0.0
2025-11-03	15:34:06[236]	42	0	255	0	42	254	32638	5073	256	44	0	0	0	0	0	0	0	0	0	0	0	0.0
2025-11-03	15:34:06[378]	41	39	-281	43.5679038158354	43	0	-566	638	5073	1	0	0	0	0	0	0	0	0	0	0	0	0.0
2025-11-03	15:34:06[537]	42	40	-276	43.6028189727036	48	0	-561	561	30	0	0	0	0	0	0	0	0	0	0	0	0	0.0
2025-11-03	15:34:06[681]	46	38	-283	39.5596679689945	0	0	-568	568	30	0	0	0	0	0	0	0	0	0	0	0	0	0.0
2025-11-03	15:34:06[697]	42	36	-277	40.6012946450045	0	0	-562	562	30	0	0	0	0	0	0	0	0	0	0	0	0	0.0
2025-11-03	15:34:06[854]	42	36	-277	40.6012946450045	0	0	-562	562	30	0	0	0	0	0	0	0	0	0	0	0	0	0.0
2025-11-03	15:34:07[001]	42	46	-257	47.6025622024998	46	254	32638	5073	256	41	0	0	0	0	0	0	0	0	0	0	0	0.0
2025-11-03	15:34:07[162]	43	43	-273	45	45	0	-558	558	209	1	0	0	0	0	0	0	0	0	0	0	0	0.0
2025-11-03	15:34:07[305]	41	45	-275	47.6630007660671	0	0	-560	560	30	0	0	0	0	0	0	0	0	0	0	0	0	0.0
2025-11-03	15:34:07[336]	41	42	-279	45.6902771978651	0	0	-564	564	30	0	0	0	0	0	0	0	0	0	0	0	0	0.0
2025-11-03	15:34:07[445]	41	42	-279	45.6902771978651	0	0	-564	564	30	0	0	0	0	0	0	0	0	0	0	0	0	0.0
2025-11-03	15:34:07[480]	41	41	-278	45	0	0	-563	563	30	0	0	0	0	0	0	0	0	0	0	0	0	0.0
2025-11-03	15:34:07[625]	44	0	255	0	48	254	32638	5073	256	45	0	0	0	0	0	0	0	0	0	0	0	0.0
2025-11-03	15:34:07[786]	43	40	-277	42.9299693469589	45	0	-562	638	5073	1	0	0	0	0	0	0	0	0	0	0	0	0.0
2025-11-03	15:34:07[922]	43	39	-279	42.2072976342867	49	0	-564	564	30	0	0	0	0	0	0	0	0	0	0	0	0	0.0
2025-11-03	15:34:08[083]	46	44	-280	43.7269699799433	0	0	-565	565	30	0	0	0	0	0	0	0	0	0	0	0	0	0.0
2025-11-03	15:34:08[099]	43	40	-276	42.9299693469589	0	0	-561	561	30	0	0	0	0	0	0	0	0	0	0	0	0	0.0
2025-11-03	15:34:08[255]	43	40	-276	42.9299693469589	0	0	-561	561	30	0	0	0	0	0	0	0	0	0	0	0	0	0.0
2025-11-03	15:34:08[403]	47	36	-272	37.4505782317367	49	254	32638	5073	256	42	0	0	0	0	0	0	0	0	0	0	0	0.0
2025-11-03	15:34:08[547]	47	34	-274	35.8821372462042	44	0	-559	559	30	1	0	0	0	0	0	0	0	0	0	0	0	0.0
2025-11-03	15:34:08[706]	45	40	-273	41.6335393365702	0	0	-558	558	30	0	0	0	0	0	0	0	0	0	0	0	0	0.0
2025-11-03	15:34:08[722]	42	38	-276	42.1375947738883	0	0	-561	561	30	0	0	0	0	0	0	0	0	0	0	0	0	0.0
2025-11-03	15:34:08[879]	42	38	-276	42.1375947738883	0	0	-561	561	30	0	0	0	0	0	0	0	0	0	0	0	0	0.0
2025-11-03	15:34:09[026]	41	38	255	42.82525588539	43	254	32638	5073	256	39	0	0	0	0	0	0	0	0	0	0	0	0.0
2025-11-03	15:34:09[186]	43	38	-276	41.4677054161091	44	0	-561	561	5073	1	0	0	0	0	0	0	0	0	0	0	0	0.0
2025-11-03	15:34:09[331]	38	39	-283	45.7440592028887	51	0	-568	568	30	0	0	0	0	0	0	0	0	0	0	0	0	0.0
2025-11-03	15:34:09[347]	44	37	-279	40.0607844578738	0	0	-564	564	30	0	0	0	0	0	0	0	0	0	0	0	0	0.0
2025-11-03	15:34:09[508]	43	41	-275	43.6360724683971	0	0	-560	560	30	0	0	0	0	0	0	0	0	0	0	0	0	0.0
2025-11-03	15:34:09[651]	7680	0	255	0	38	254	32638	5073	256	38	0	0	0	0	0	0	0	0	0	0	0	0.0
2025-11-03	15:34:09[810]	39	40	-282	45.7252242990593	47	254	32638	5073	256	44	0	0	0	0	0	0	0	0	0	0	0	0.0
2025-11-03	15:34:09[954]	43	44	-279	45.6585431775636	47	0	-564	564	30	1	0	0	0	0	0	0	0	0	0	0	0	0.0
2025-11-03	15:34:10[098]	41	39	-277	43.5679038158354	0	0	-562	562	30	0	0	0	0	0	0	0	0	0	0	0	0	0.0
2025-11-03	15:34:10[271]	41	39	-277	43.5679038158354	0	0	-562	562	30	0	0	0	0	0	0	0	0	0	0	0	0	0.0
2025-11-03	15:34:10[436]	41	35	255	40.4860115419987	43	254	32638	5073	256	47	0	0	0	0	0	0	0	0	0	0	0	0.0
2025-11-03	15:34:10[578]	39	35	-279	41.9059419410829	40	0	-564	564	5073	1	0	0	0	0	0	0	0	0	0	0	0	0.0
2025-11-03	15:34:10[722]	39	36	-277	42.7093899573615	42	0	-562	562	30	0	0	0	0	0	0	0	0	0	0	0	0	0.0
2025-11-03	15:34:10[755]	45	41	-279	42.3369992339329	0	0	-564	564	30	0	0	0	0	0	0	0	0	0	0	0	0	0.0
2025-11-03	15:34:10[898]	42	38	-277	42.1375947738883	0	0	-562	562	30	0	0	0	0	0	0	0	0	0	0	0	0	0.0
2025-11-03	15:34:11[060]	7680	0	255	0	41	254	32638	5073	256	44	0	0	0	0	0	0	0	0	0	0	0	0.0
2025-11-03	15:34:11[201]	40	37	-283	42.7688253919687	49	254	32638	5073	256	39	0	0	0	0	0	0	0	0	0	0	0	0.0
2025-11-03	15:34:11[362]	45	38	-283	40.1792339219073	45	0	-568	568	30	1	0	0	0	0	0	0	0	0	0	0	0	0.0
2025-11-03	15:34:11[506]	47	40	-280	40.3999043337367	0	0	-565	565	30	0	0	0	0	0	0	0	0	0	0	0	0	0.0
2025-11-03	15:34:11[521]	41	40	-278	44.2926806314557	0	0	-563	563	30	0	0	0	0	0	0	0	0	0	0	0	0	0.0
2025-11-03	15:34:11[678]	41	40	-278	44.2926806314557	0	0	-563	563	30	0	0	0	0	0	0	0	0	0	0	0	0	0.0
2025-11-03	15:34:11[827]	42	41	-257	44.3097228021349	48	254	32638	5073	256	39	0	0	0	0	0	0	0	0	0	0	0	0.0
2025-11-03	15:34:11[987]	39	39	-274	45	44	0	-559	559	209	1	0	0	0	0	0	0	0	0	0	0	0	0.0
2025-11-03	15:34:12[131]	43	41	-277	43.6360724683971	0	0	-562	562	30	0	0	0	0	0	0	0	0	0	0	0	0	0.0
2025-11-03	15:34:12[160]	42	40	-281	43.6028189727036	0	0	-566	566	30	0	0	0	0	0	0	0	0	0	0	0	0	0.0
2025-11-03	15:34:12[270]	42	40	-281	43.6028189727036	0	0	-566	566	30	0	0	0	0	0	0	0	0	0	0	0	0	0.0
2025-11-03	15:34:12[306]	47	39	-276	39.6854543300553	0	0	-561	561	30	0	0	0	0	0	0	0	0	0	0	0	0	0.0
2025-11-03	15:34:12[449]	47	0	255	0	46	254	32638	5073	256	38	0	0	0	0	0	0	0	0	0	0	0	0.0
2025-11-03	15:34:12[611]	42	39	-272	42.8789036033386	50	0	-557	638	5073	1	0	0	0	0	0	0	0	0	0	0	0	0.0
2025-11-03	15:34:12[754]	41	40	-275	44.2926806314557	64813	0	-560	560	30	0	0	0	0	0	0	0	0	0	0	0	0	0.0
2025-11-03	15:34:12[913]	40	42	-277	46.3971810272964	0	0	-562	562	30	0	0	0	0	0	0	0	0	0	0	0	0	0.0
2025-11-03	15:34:12[929]	43	40	-272	42.9299693469589	0	0	-557	557	30	0	0	0	0	0	0	0	0	0	0	0	0	0.0
2025-11-03	15:34:13[070]	43	40	-272	42.9299693469589	0	0	-557	557	30	0	0	0	0	0	0	0	0	0	0	0	0	0.0
2025-11-03	15:34:13[233]	43	40	-257	42.9299693469589	49	254	32638	5073	256	42	0	0	0	0	0	0	0	0	0	0	0	0.0
2025-11-03	15:34:13[379]	39	47	-279	50.3145456699447	40	0	-564	564	209	1	0	0	0	0	0	0	0	0	0	0	0	0.0
2025-11-03	15:34:13[538]	38	43	-275	48.5322945838909	0	0	-560	560	30	0	0	0	0	0	0	0	0	0	0	0	0	0.0
2025-11-03	15:34:13[553]	44	41	-280	42.978635059644	0	0	-565	565	30	0	0	0	0	0	0	0	0	0	0	0	0	0.0
2025-11-03	15:34:13[678]	44	41	-280	42.978635059644	0	0	-565	565	30	0	0	0	0	0	0	0	0	0	0	0	0	0.0
2025-11-03	15:34:13[696]	45	47	-280	46.2453642667683	0	0	-565	565	30	0	0	0	0	0	0	0	0	0	0	0	0	0.0
2025-11-03	15:34:13[858]	40	0	255	0	34	254	32638	5073	256	48	0	0	0	0	0	0	0	0	0	0	0	0.0
2025-11-03	15:34:14[001]	41	38	-278	42.82525588539	41	0	-563	638	5073	1	0	0	0	0	0	0	0	0	0	0	0	0.0
2025-11-03	15:34:14[146]	37	37	-275	45	39	0	-560	560	30	0	0	0	0	0	0	0	0	0	0	0	0	0.0
2025-11-03	15:34:14[306]	36	36	-273	45	0	0	-558	558	30	0	0	0	0	0	0	0	0	0	0	0	0	0.0
2025-11-03	15:34:14[322]	36	50	-280	54.2461127455633	0	0	-565	565	30	0	0	0	0	0	0	0	0	0	0	0	0	0.0
2025-11-03	15:34:14[478]	36	50	-280	54.2461127455633	0	0	-565	565	30	0	0	0	0	0	0	0	0	0	0	0	0	0.0
2025-11-03	15:34:14[626]	42	38	-276	42.1375947738883	47	254	32638	5073	256	44	0	0	0	0	0	0	0	0	0	0	0	0.0
2025-11-03	15:34:14[785]	47	38	-275	38.9559078377589	43	0	-560	560	30	1	0	0	0	0	0	0	0	0	0	0	0	0.0
2025-11-03	15:34:14[929]	46	45	-282	44.3704013915897	0	0	-567	567	30	0	0	0	0	0	0	0	0	0	0	0	0	0.0
2025-11-03	15:34:14[961]	45	39	-276	40.9143832200251	0	0	-561	561	30	0	0	0	0	0	0	0	0	0	0	0	0	0.0
2025-11-03	15:34:15[102]	45	39	-276	40.9143832200251	0	0	-561	561	30	0	0	0	0	0	0	0	0	0	0	0	0	0.0
2025-11-03	15:34:15[251]	48	41	255	40.5028483853322	47	254	32638	5073	256	40	0	0	0	0	0	0	0	0	0	0	0	0.0
2025-11-03	15:34:15[410]	48	40	-275	39.8055710922652	44	0	-560	560	5073	1	0	0	0	0	0	0	0	0	0	0	0	0.0
2025-11-03	15:34:15[553]	39	39	-280	45	41	0	-565	565	30	0	0	0	0	0	0	0	0	0	0	0	0	0.0
2025-11-03	15:34:15[570]	40	45	-278	48.3664606634298	0	0	-563	563	30	0	0	0	0	0	0	0	0	0	0	0	0	0.0
2025-11-03	15:34:15[729]	38	33	-279	40.9717363335149	0	0	-564	564	30	0	0	0	0	0	0	0	0	0	0	0	0	0.0
2025-11-03	15:34:15[874]	0	0	255	0	43	254	32638	5073	256	38	0	0	0	0	0	0	0	0	0	0	0	0.0
2025-11-03	15:34:16[019]	44	42	-282	43.6677801461304	26	254	-642	5073	256	42	0	0	0	0	0	0	0	0	0	0	0	0.0
2025-11-03	15:34:16[181]	40	37	-280	42.7688253919687	45	0	-565	565	30	0	0	0	0	0	0	0	0	0	0	0	0	0.0
2025-11-03	15:34:16[325]	38	44	-277	49.1849161251184	0	0	-562	562	30	0	0	0	0	0	0	0	0	0	0	0	0	0.0
2025-11-03	15:34:16[356]	43	38	-279	41.4677054161091	0	0	-564	564	30	0	0	0	0	0	0	0	0	0	0	0	0	0.0
2025-11-03	15:34:16[498]	43	38	-279	41.4677054161091	0	0	-564	564	30	0	0	0	0	0	0	0	0	0	0	0	0	0.0
2025-11-03	15:34:16[805]	41	39	-277	43.5679038158354	24	254	32638	5073	256	50	0	0	0	0	0	0	0	0	0	0	0	0.0
2025-11-03	15:34:16[949]	42	56	-279	53.130102354156	0	0	-564	564	30	0	0	0	0	0	0	0	0	0	0	0	0	0.0
2025-11-03	15:34:16[980]	40	40	-278	45	0	0	-563	563	30	0	0	0	0	0	0	0	0	0	0	0	0	0.0
2025-11-03	15:34:17[121]	40	40	-278	45	0	0	-563	563	30	0	0	0	0	0	0	0	0	0	0	0	0	0.0
2025-11-03	15:34:17[287]	43	36	255	39.9363831469699	44	254	32638	5073	256	47	0	0	0	0	0	0	0	0	0	0	0	0.0
2025-11-03	15:34:17[429]	42	37	-287	41.3785152958827	42	0	-572	572	5073	1	0	0	0	0	0	0	0	0	0	0	0	0.0
2025-11-03	15:34:17[572]	49	38	-279	37.7939429986167	50	0	-564	564	30	0	0	0	0	0	0	0	0	0	0	0	0	0.0
2025-11-03	15:34:17[605]	39	44	-275	48.4473868518652	0	0	-560	560	30	0	0	0	0	0	0	0	0	0	0	0	0	0.0
2025-11-03	15:34:17[751]	45	45	-279	45	0	0	-564	564	30	0	0	0	0	0	0	0	0	0	0	0	0	0.0
2025-11-03	15:34:17[905]	45	45	-279	45	0	0	-564	564	30	0	0	0	0	0	0	0	0	0	0	0	0	0.0
2025-11-03	15:34:18[052]	46	38	-285	39.5596679689945	49	254	32638	5073	256	35	0	0	0	0	0	0	0	0	0	0	0	0.0
2025-11-03	15:34:18[197]	38	40	-273	46.4688007143858	48	0	-558	558	30	1	0	0	0	0	0	0	0	0	0	0	0	0.0
2025-11-03	15:34:18[356]	42	40	-279	43.6028189727036	0	0	-564	564	30	0	0	0	0	0	0	0	0	0	0	0	0	0.0
2025-11-03	15:34:18[374]	44	46	-280	46.2730300200567	0	0	-565	565	30	0	0	0	0	0	0	0	0	0	0	0	0	0.0
2025-11-03	15:34:18[529]	44	46	-280	46.2730300200567	0	0	-565	565	30	0	0	0	0	0	0	0	0	0	0	0	0	0.0
2025-11-03	15:34:18[676]	43	40	255	42.9299693469589	47	254	32638	5073	256	37	0	0	0	0	0	0	0	0	0	0	0	0.0
2025-11-03	15:34:18[820]	45	35	-271	37.8749836510982	48	0	-556	556	5073	1	0	0	0	0	0	0	0	0	0	0	0	0.0
2025-11-03	15:34:18[979]	44	37	-280	40.0607844578738	45	0	-565	565	30	0	0	0	0	0	0	0	0	0	0	0	0	0.0
2025-11-03	15:34:18[995]	45	38	-279	40.1792339219073	0	0	-564	564	30	0	0	0	0	0	0	0	0	0	0	0	0	0.0
2025-11-03	15:34:19[156]	48	40	-276	39.8055710922652	0	0	-561	561	30	0	0	0	0	0	0	0	0	0	0	0	0	0.0
2025-11-03	15:34:19[300]	7680	0	255	0	49	254	32638	5073	256	42	0	0	0	0	0	0	0	0	0	0	0	0.0
2025-11-03	15:34:19[459]	43	33	-279	37.5041423602701	52	254	32638	5073	256	41	0	0	0	0	0	0	0	0	0	0	0	0.0
2025-11-03	15:34:19[597]	38	40	-279	46.4688007143858	44	0	-564	564	30	1	0	0	0	0	0	0	0	0	0	0	0	0.0
2025-11-03	15:34:19[754]	42	39	-279	42.8789036033386	0	0	-564	564	30	0	0	0	0	0	0	0	0	0	0	0	0	0.0
2025-11-03	15:34:19[771]	42	41	-281	44.3097228021349	0	0	-566	566	30	0	0	0	0	0	0	0	0	0	0	0	0	0.0
2025-11-03	15:34:19[929]	42	41	-281	44.3097228021349	0	0	-566	566	30	0	0	0	0	0	0	0	0	0	0	0	0	0.0
2025-11-03	15:34:20[076]	45	36	255	38.6598082540901	51	254	32638	5073	256	40	0	0	0	0	0	0	0	0	0	0	0	0.0
2025-11-03	15:34:20[221]	43	38	-284	41.4677054161091	43	0	-569	569	5073	1	0	0	0	0	0	0	0	0	0	0	0	0.0
2025-11-03	15:34:20[380]	40	44	-280	47.7263109939063	47	0	-565	565	30	0	0	0	0	0	0	0	0	0	0	0	0	0.0
2025-11-03	15:34:20[397]	45	35	-280	37.8749836510982	0	0	-565	565	30	0	0	0	0	0	0	0	0	0	0	0	0	0.0
2025-11-03	15:34:20[555]	38	42	-275	47.8624052261118	0	0	-560	560	30	0	0	0	0	0	0	0	0	0	0	0	0	0.0
2025-11-03	15:34:20[700]	7680	0	255	0	46	254	32638	5073	256	41	0	0	0	0	0	0	0	0	0	0	0	0.0
2025-11-03	15:34:20[861]	45	42	-276	43.025065989118	11774	238	32275	-12031	43	0	0	0	0	0	0	0	0	0	0	0	0	0.0
2025-11-03	15:34:20[996]	45	40	-272	41.6335393365702	48	0	-557	557	30	0	0	0	0	0	0	0	0	0	0	0	0	0.0
2025-11-03	15:34:21[155]	50	43	-278	40.695531039492	0	0	-563	563	30	0	0	0	0	0	0	0	0	0	0	0	0	0.0
2025-11-03	15:34:21[172]	39	39	-276	45	0	0	-561	561	30	0	0	0	0	0	0	0	0	0	0	0	0	0.0
2025-11-03	15:34:21[328]	39	39	-276	45	0	0	-561	561	30	0	0	0	0	0	0	0	0	0	0	0	0	0.0
2025-11-03	15:34:21[429]	47	40	-386	40.3999043337367	65381	254	5073	767	-2047	19	0	0	0	0	0	0	0	0	0	0	0	0.0
2025-11-03	15:34:21[604]	47	40	-386	40.3999043337367	65381	254	5073	767	-2047	19	0	0	0	0	0	0	0	0	0	0	1	3.8
2025-11-03	15:34:21[609]	47	40	-386	40.3999043337367	65381	254	5073	767	-2047	19	-15	299	-120	92.8719624869928	0	0	-406	406	30	1	1	3.8
2025-11-03	15:34:22[390]	44	37	-275	40.0607844578738	126	19	-560	560	30	0	-15	299	-120	92.8719624869928	0	0	-406	406	30	1	1	3.8
2025-11-03	15:34:22[513]	44	37	-275	40.0607844578738	126	19	-560	560	30	0	-15	299	-120	92.8719624869928	0	0	-406	406	30	1	2	3.7
2025-11-03	15:34:22[516]	44	37	-275	40.0607844578738	126	19	-560	560	30	0	143	230	435	58.1291663203487	0	0	149	149	30	1	2	3.7
2025-11-03	15:34:22[675]	44	37	-275	40.0607844578738	126	19	-560	560	30	0	143	230	435	58.1291663203487	0	0	149	149	30	1	3	3.7
2025-11-03	15:34:22[679]	44	37	-275	40.0607844578738	126	19	-560	560	30	0	128	206	431	58.1448676175507	0	0	145	145	30	1	3	3.7
2025-11-03	15:34:23[347]	41	49	-271	50.0796078600146	0	0	-556	556	30	0	128	206	431	58.1448676175507	0	0	145	145	30	1	3	3.7
2025-11-03	15:34:23[507]	44	37	-280	40.0607844578738	46	254	32638	5073	256	46	128	206	431	58.1448676175507	0	0	145	145	30	1	3	3.7
2025-11-03	15:34:23[636]	41	41	-283	45	5073	2	-568	568	30	126	128	206	431	58.1448676175507	0	0	145	145	30	1	3	3.7
2025-11-03	15:34:23[764]	41	41	-283	45	5073	2	-568	568	30	126	128	206	431	58.1448676175507	0	0	145	145	30	1	4	3.6
2025-11-03	15:34:23[768]	41	41	-283	45	5073	2	-568	568	30	126	166	327	384	63.0855886434192	0	0	98	98	30	1	4	3.6
2025-11-03	15:34:23[938]	41	41	-283	45	5073	2	-568	568	30	126	166	327	384	63.0855886434192	0	0	98	98	30	1	5	3.6
2025-11-03	15:34:23[942]	41	41	-283	45	5073	2	-568	568	30	126	150	372	370	68.0394359799035	0	0	84	84	30	1	5	3.6
2025-11-03	15:34:24[596]	47	48	-277	45.6030911943805	0	0	-562	562	30	0	150	372	370	68.0394359799035	0	0	84	84	30	1	5	3.6
2025-11-03	15:34:24[756]	43	36	-129	39.9363831469699	13310	235	32275	-12031	42	0	150	372	370	68.0394359799035	0	0	84	84	30	1	5	3.6
2025-11-03	15:34:25[011]	46	36	-273	38.0470425318261	53506	0	-558	558	126	19	150	372	370	68.0394359799035	0	0	84	84	30	1	5	3.6
2025-11-03	15:34:25[187]	46	36	-273	38.0470425318261	53506	0	-558	558	126	19	150	372	370	68.0394359799035	0	0	84	84	30	1	6	3.6
2025-11-03	15:34:25[191]	46	36	-273	38.0470425318261	53506	0	-558	558	126	19	166	449	118	69.7101190786757	0	0	-168	168	30	1	6	3.6
2025-11-03	15:34:25[859]	39	37	-274	43.492564241225	0	0	-559	559	30	0	166	449	118	69.7101190786757	0	0	-168	168	30	1	6	3.6
2025-11-03	15:34:26[004]	45	37	255	39.4278021960362	44	254	32638	5073	256	39	166	449	118	69.7101190786757	0	0	-168	168	30	1	6	3.6
2025-11-03	15:34:26[259]	48	34	-275	35.3112134396332	512	234	-560	560	32275	209	166	449	118	69.7101190786757	0	0	-168	168	30	1	6	3.6
2025-11-03	15:34:26[453]	48	34	-275	35.3112134396332	512	234	-560	560	32275	209	166	449	118	69.7101190786757	0	0	-168	168	30	1	7	4.4
2025-11-03	15:34:26[457]	48	34	-275	35.3112134396332	512	234	-560	560	32275	209	236	284	-167	50.2738959573518	0	0	-453	453	30	1	7	4.4
2025-11-03	15:34:27[106]	42	34	-274	38.9909940425055	0	0	-559	559	30	0	236	284	-167	50.2738959573518	0	0	-453	453	30	1	7	4.4
2025-11-03	15:34:27[247]	42	34	-274	38.9909940425055	0	0	-559	559	30	0	236	284	-167	50.2738959573518	0	0	-453	453	30	1	7	4.4
2025-11-03	15:34:27[394]	43	37	-273	40.710846671181	50	254	32638	5073	256	46	236	284	-167	50.2738959573518	0	0	-453	453	30	1	7	4.4
2025-11-03	15:34:27[554]	39	42	-271	47.1210963966615	46	0	-556	556	253	1	236	284	-167	50.2738959573518	0	0	-453	453	30	1	7	4.4
2025-11-03	15:34:27[683]	44	40	-280	42.2736890060937	0	0	-565	565	30	0	236	284	-167	50.2738959573518	0	0	-453	453	30	1	7	4.4
2025-11-03	15:34:27[873]	44	37	-274	40.0607844578738	0	0	-559	559	30	0	236	284	-167	50.2738959573518	0	0	-453	453	30	1	7	4.4
2025-11-03	15:34:28[035]	41	38	255	42.82525588539	46	254	32638	5073	256	41	236	284	-167	50.2738959573518	0	0	-453	453	30	1	7	4.4
2025-11-03	15:34:28[181]	50	36	-282	35.7538872544367	47	0	-567	567	5073	1	236	284	-167	50.2738959573518	0	0	-453	453	30	1	7	4.4
2025-11-03	15:34:28[321]	46	40	-281	41.0090869015702	41	0	-566	566	30	0	236	284	-167	50.2738959573518	0	0	-453	453	30	1	7	4.4
2025-11-03	15:34:28[353]	43	36	-278	39.9363831469699	0	0	-563	563	30	0	236	284	-167	50.2738959573518	0	0	-453	453	30	1	7	4.4
2025-11-03	15:34:28[499]	40	42	-283	46.3971810272964	0	0	-568	568	30	0	236	284	-167	50.2738959573518	0	0	-453	453	30	1	7	4.4
2025-11-03	15:34:28[610]	32275	-12030	167	339.557849193637	34304	30	-97	-104	-390	1	236	284	-167	50.2738959573518	0	0	-453	453	30	1	7	4.4
2025-11-03	15:34:28[738]	32275	-12030	167	339.557849193637	34304	30	-97	-104	-390	1	236	284	-167	50.2738959573518	0	0	-453	453	30	1	8	4.3
2025-11-03	15:34:28[741]	32275	-12030	167	339.557849193637	34304	30	-97	-104	-390	1	151	-177	-178	310.467738291299	0	0	-464	464	30	1	8	4.3
2025-11-03	15:34:29[109]	41	39	-276	43.5679038158354	0	0	-561	561	30	0	151	-177	-178	310.467738291299	0	0	-464	464	30	1	8	4.3
2025-11-03	15:34:29[121]	47	41	-275	41.0995062576181	0	0	-560	560	30	0	151	-177	-178	310.467738291299	0	0	-464	464	30	1	8	4.3
2025-11-03	15:34:29[278]	47	41	-275	41.0995062576181	0	0	-560	560	30	0	151	-177	-178	310.467738291299	0	0	-464	464	30	1	8	4.3
2025-11-03	15:34:29[426]	43	42	-257	44.3259631020155	48	254	32638	5073	256	37	151	-177	-178	310.467738291299	0	0	-464	464	30	1	8	4.3
2025-11-03	15:34:29[570]	44	41	-279	42.978635059644	43	0	-564	564	2	1	151	-177	-178	310.467738291299	0	0	-464	464	30	1	8	4.3
2025-11-03	15:34:29[730]	42	39	-283	42.8789036033386	0	0	-568	568	30	0	151	-177	-178	310.467738291299	0	0	-464	464	30	1	8	4.3
2025-11-03	15:34:29[746]	46	41	7911	41.7107573215082	0	0	-566	566	30	0	151	-177	-178	310.467738291299	0	0	-464	464	30	1	8	4.3
2025-11-03	15:34:30[046]	46	41	7911	41.7107573215082	0	0	-566	566	30	0	151	-177	-178	310.467738291299	0	0	-464	464	30	1	8	4.3
2025-11-03	15:34:30[209]	37	43	-277	49.289153328819	37	0	-562	562	5073	1	151	-177	-178	310.467738291299	0	0	-464	464	30	1	8	4.3
2025-11-03	15:34:30[342]	48	36	-277	36.869897645844	46	0	-562	562	30	0	151	-177	-178	310.467738291299	0	0	-464	464	30	1	8	4.3
2025-11-03	15:34:30[375]	42	37	-279	41.3785152958827	0	0	-564	564	30	0	151	-177	-178	310.467738291299	0	0	-464	464	30	1	8	4.3
2025-11-03	15:34:30[518]	46	39	-274	40.2921477556278	0	0	-559	559	30	0	151	-177	-178	310.467738291299	0	0	-464	464	30	1	8	4.3
2025-11-03	15:34:30[683]	0	0	-129	0	12286	234	32275	-12031	40	0	151	-177	-178	310.467738291299	0	0	-464	464	30	1	8	4.3
2025-11-03	15:34:30[825]	47	40	-276	40.3999043337367	42	254	-642	5073	256	44	151	-177	-178	310.467738291299	0	0	-464	464	30	1	8	4.3
2025-11-03	15:34:30[984]	42	42	-285	45	47	0	-570	570	30	0	151	-177	-178	310.467738291299	0	0	-464	464	30	1	8	4.3
2025-11-03	15:34:31[127]	43	44	-275	45.6585431775636	0	0	-560	560	30	0	151	-177	-178	310.467738291299	0	0	-464	464	30	1	8	4.3
2025-11-03	15:34:31[142]	42	43	-276	45.6740368979845	0	0	-561	561	30	0	151	-177	-178	310.467738291299	0	0	-464	464	30	1	8	4.3
2025-11-03	15:34:31[299]	42	43	-276	45.6740368979845	0	0	-561	561	30	0	151	-177	-178	310.467738291299	0	0	-464	464	30	1	8	4.3
2025-11-03	15:34:31[447]	44	43	-257	44.3414568224364	43	254	32638	5073	256	42	151	-177	-178	310.467738291299	0	0	-464	464	30	1	8	4.3
2025-11-03	15:34:31[606]	43	43	-273	45	45	0	-558	558	209	1	151	-177	-178	310.467738291299	0	0	-464	464	30	1	8	4.3
2025-11-03	15:34:31[750]	45	35	-273	37.8749836510982	0	0	-558	558	30	0	151	-177	-178	310.467738291299	0	0	-464	464	30	1	8	4.3
2025-11-03	15:34:31[783]	39	35	-277	41.9059419410829	0	0	-562	562	30	0	151	-177	-178	310.467738291299	0	0	-464	464	30	1	8	4.3
2025-11-03	15:34:31[891]	39	35	-277	41.9059419410829	0	0	-562	562	30	0	151	-177	-178	310.467738291299	0	0	-464	464	30	1	8	4.3
2025-11-03	15:34:31[926]	38	44	-277	49.1849161251184	0	0	-562	562	2	0	151	-177	-178	310.467738291299	0	0	-464	464	30	1	8	4.3
2025-11-03	15:34:32[072]	44	0	255	0	45	254	32638	5073	256	47	151	-177	-178	310.467738291299	0	0	-464	464	30	1	8	4.3
2025-11-03	15:34:32[200]	41	38	-280	42.82525588539	149	255	-565	638	5073	2	151	-177	-178	310.467738291299	0	0	-464	464	30	1	8	4.3
2025-11-03	15:34:32[537]	43	36	-273	39.9363831469699	0	0	-558	558	30	0	151	-177	-178	310.467738291299	0	0	-464	464	30	1	8	4.3
2025-11-03	15:34:32[550]	40	36	-277	41.9872124958167	0	0	-562	562	30	0	151	-177	-178	310.467738291299	0	0	-464	464	30	1	8	4.3
2025-11-03	15:34:32[659]	40	36	-277	41.9872124958167	0	0	-562	562	30	0	151	-177	-178	310.467738291299	0	0	-464	464	30	1	8	4.3
2025-11-03	15:34:32[854]	40	48	-280	50.1944289077348	0	0	-565	565	30	0	151	-177	-178	310.467738291299	0	0	-464	464	30	1	8	4.3
2025-11-03	15:34:32[993]	40	41	-275	45.7073193685443	46	0	-560	560	30	0	151	-177	-178	310.467738291299	0	0	-464	464	30	1	8	4.3
2025-11-03	15:34:33[153]	38	42	-280	47.8624052261118	0	0	-565	565	30	0	151	-177	-178	310.467738291299	0	0	-464	464	30	1	8	4.3
2025-11-03	15:34:33[170]	45	37	-279	39.4278021960362	0	0	-564	564	30	0	151	-177	-178	310.467738291299	0	0	-464	464	30	1	8	4.3
2025-11-03	15:34:33[326]	45	37	-279	39.4278021960362	0	0	-564	564	30	0	151	-177	-178	310.467738291299	0	0	-464	464	30	1	8	4.3
2025-11-03	15:34:33[473]	45	43	-257	43.6980473274211	52	254	32638	5073	256	43	151	-177	-178	310.467738291299	0	0	-464	464	30	1	8	4.3
2025-11-03	15:34:33[634]	38	45	-278	49.8207660780927	38	0	-563	563	209	1	151	-177	-178	310.467738291299	0	0	-464	464	30	1	8	4.3
2025-11-03	15:34:33[778]	44	42	-277	43.6677801461304	0	0	-562	562	30	0	151	-177	-178	310.467738291299	0	0	-464	464	30	1	8	4.3
2025-11-03	15:34:33[794]	44	43	-275	44.3414568224364	0	0	-560	560	30	0	151	-177	-178	310.467738291299	0	0	-464	464	30	1	8	4.3
2025-11-03	15:34:34[094]	44	43	-275	44.3414568224364	0	0	-560	560	30	0	151	-177	-178	310.467738291299	0	0	-464	464	30	1	8	4.3
2025-11-03	15:34:34[257]	43	41	-279	43.6360724683971	41	0	-564	564	209	1	151	-177	-178	310.467738291299	0	0	-464	464	30	1	8	4.3
2025-11-03	15:34:34[401]	41	36	-273	41.2847108945712	0	0	-558	558	30	0	151	-177	-178	310.467738291299	0	0	-464	464	30	1	8	4.3
2025-11-03	15:34:34[432]	46	37	-275	38.8113840367584	0	0	-560	560	30	0	151	-177	-178	310.467738291299	0	0	-464	464	30	1	8	4.3
2025-11-03	15:34:34[542]	46	37	-275	38.8113840367584	0	0	-560	560	30	0	151	-177	-178	310.467738291299	0	0	-464	464	30	1	8	4.3
2025-11-03	15:34:34[578]	37	46	-277	51.1886159632416	0	0	-562	562	30	0	151	-177	-178	310.467738291299	0	0	-464	464	30	1	8	4.3
2025-11-03	15:34:34[689]	43	126	5073	71.156774623053	65049	1	512	-8449	-24065	55	151	-177	-178	310.467738291299	0	0	-464	464	30	1	8	4.3
2025-11-03	15:34:35[027]	44	40	-278	42.2736890060937	46	0	-563	563	30	0	151	-177	-178	310.467738291299	0	0	-464	464	30	1	8	4.3
2025-11-03	15:34:35[041]	43	41	-279	43.6360724683971	0	0	-564	564	30	0	151	-177	-178	310.467738291299	0	0	-464	464	30	1	8	4.3
2025-11-03	15:34:35[200]	42	41	-280	44.3097228021349	0	0	-565	565	30	0	151	-177	-178	310.467738291299	0	0	-464	464	30	1	8	4.3
2025-11-03	15:34:35[346]	7680	0	255	0	50	254	32638	5073	256	44	151	-177	-178	310.467738291299	0	0	-464	464	30	1	8	4.3
2025-11-03	15:34:35[504]	44	39	-279	41.5526131481348	50	254	32638	5073	256	39	151	-177	-178	310.467738291299	0	0	-464	464	30	1	8	4.3
2025-11-03	15:34:35[620]	43	40	-278	42.9299693469589	5073	2	-563	10803	30	126	151	-177	-178	310.467738291299	0	0	-464	464	30	1	8	4.3
2025-11-03	15:34:36[130]	35	47	-275	53.3256503304268	0	0	-560	560	30	0	151	-177	-178	310.467738291299	0	0	-464	464	30	1	8	4.3
2025-11-03	15:34:36[257]	41	36	-278	41.2847108945712	512	230	-563	563	32275	209	151	-177	-178	310.467738291299	0	0	-464	464	30	1	8	4.3
2025-11-03	15:34:36[450]	42	40	-276	43.6028189727036	0	0	-561	561	30	0	151	-177	-178	310.467738291299	0	0	-464	464	30	1	8	4.3
2025-11-03	15:34:36[594]	41	41	-278	45	0	0	-563	563	30	0	151	-177	-178	310.467738291299	0	0	-464	464	30	1	8	4.3
2025-11-03	15:34:36[722]	32275	-12030	262	339.557849193637	55808	34	-58	-188	-474	1	151	-177	-178	310.467738291299	0	0	-464	464	30	1	8	4.3
2025-11-03	15:34:37[377]	40	36	-276	41.9872124958167	0	0	-561	561	30	0	151	-177	-178	310.467738291299	0	0	-464	464	30	1	8	4.3
2025-11-03	15:34:37[523]	41	36	-279	41.2847108945712	12798	233	32275	-12031	40	0	151	-177	-178	310.467738291299	0	0	-464	464	30	1	8	4.3
2025-11-03	15:34:37[794]	43	47	-277	47.5448043798131	32275	209	-562	562	30	0	151	-177	-178	310.467738291299	0	0	-464	464	30	1	8	4.3
2025-11-03	15:34:37[970]	43	47	-277	47.5448043798131	32275	209	-562	562	30	0	151	-177	-178	310.467738291299	0	0	-464	464	30	1	9	3.6
2025-11-03	15:34:37[974]	43	47	-277	47.5448043798131	32275	209	-562	562	30	0	269	-13	-221	357.23321159883	0	0	-507	507	34	1	9	3.6
2025-11-03	15:34:38[627]	49	41	-282	39.9203921399854	0	0	-567	567	30	0	269	-13	-221	357.23321159883	0	0	-507	507	34	1	9	3.6
2025-11-03	15:34:38[769]	41	41	-277	45	54	254	32638	5073	256	37	269	-13	-221	357.23321159883	0	0	-507	507	34	1	9	3.6
2025-11-03	15:34:39[041]	44	40	-276	42.2736890060937	5073	2	-561	561	30	126	269	-13	-221	357.23321159883	0	0	-507	507	34	1	9	3.6
2025-11-03	15:34:39[726]	40	45	-272	48.3664606634298	0	0	-557	557	30	0	269	-13	-221	357.23321159883	0	0	-507	507	34	1	9	3.6
2025-11-03	15:34:39[868]	43	42	-277	44.3259631020155	0	0	-562	562	30	0	269	-13	-221	357.23321159883	0	0	-507	507	34	1	9	3.6
2025-11-03	15:34:39[998]	126	5073	513	88.5772157978852	503	0	13823	-5889	10238	9	269	-13	-221	357.23321159883	0	0	-507	507	34	1	9	3.6
2025-11-03	15:34:40[322]	126	5073	513	88.5772157978852	503	0	13823	-5889	10238	9	269	-13	-221	357.23321159883	0	0	-507	507	34	1	10	3.6
2025-11-03	15:34:40[326]	126	5073	513	88.5772157978852	503	0	13823	-5889	10238	9	313	-26	-217	355.251507906888	0	0	-503	503	33	1	10	3.6
2025-11-03	15:34:40[347]	126	5073	513	88.5772157978852	503	0	13823	-5889	10238	9	313	-26	-217	355.251507906888	0	0	-503	503	33	1	11	3.7
2025-11-03	15:34:40[350]	126	5073	513	88.5772157978852	503	0	13823	-5889	10238	9	309	-4	-222	359.258348486294	0	0	-508	508	33	1	11	3.7
2025-11-03	15:34:41[100]	42	47	-280	48.2154839917482	0	0	-565	565	30	0	309	-4	-222	359.258348486294	0	0	-508	508	33	1	11	3.7
2025-11-03	15:34:41[116]	42	42	-279	45	0	0	-564	564	30	0	309	-4	-222	359.258348486294	0	0	-508	508	33	1	11	3.7
2025-11-03	15:34:41[360]	42	42	-279	45	0	0	-564	564	30	0	309	-4	-222	359.258348486294	0	0	-508	508	33	1	11	3.7
2025-11-03	15:34:41[556]	42	42	-279	45	0	0	-564	564	30	0	309	-4	-222	359.258348486294	0	0	-508	508	33	1	12	3.6
2025-11-03	15:34:41[560]	42	42	-279	45	0	0	-564	564	30	0	319	27	-244	4.83795524115997	0	0	-530	530	33	1	12	3.6
2025-11-03	15:34:42[195]	45	51	-277	48.5763343749974	0	0	-562	562	30	0	319	27	-244	4.83795524115997	0	0	-530	530	33	1	12	3.6
2025-11-03	15:34:42[355]	43	41	-274	43.6360724683971	47	0	-559	559	30	0	319	27	-244	4.83795524115997	0	0	-530	530	33	1	12	3.6
2025-11-03	15:34:42[627]	42	38	-280	42.1375947738883	0	0	-565	565	30	0	319	27	-244	4.83795524115997	0	0	-530	530	33	1	12	3.6
2025-11-03	15:34:43[442]	41	51	-277	51.2034479016918	0	0	-562	562	30	0	319	27	-244	4.83795524115997	0	0	-530	530	33	1	12	3.6
2025-11-03	15:34:43[602]	43	42	-277	44.3259631020155	45	0	-562	562	5073	1	319	27	-244	4.83795524115997	0	0	-530	530	33	1	12	3.6
2025-11-03	15:34:43[875]	43	40	-281	42.9299693469589	126	19	-566	566	30	0	319	27	-244	4.83795524115997	0	0	-530	530	33	1	12	3.6
2025-11-03	15:34:44[547]	43	39	-275	42.2072976342867	0	0	-560	560	30	0	319	27	-244	4.83795524115997	0	0	-530	530	33	1	12	3.6
2025-11-03	15:34:44[704]	43	39	-275	42.2072976342867	0	0	-560	560	30	0	319	27	-244	4.83795524115997	0	0	-530	530	33	1	12	3.6
2025-11-03	15:34:44[948]	43	43	-274	45	44030	224	32275	-12030	45	0	319	27	-244	4.83795524115997	0	0	-530	530	33	1	12	3.6
2025-11-03	15:34:45[123]	43	43	-274	45	44030	224	32275	-12030	45	0	319	27	-244	4.83795524115997	0	0	-530	530	33	1	13	4.5
2025-11-03	15:34:45[126]	43	43	-274	45	44030	224	32275	-12030	45	0	46	147	-296	72.6237849002808	0	0	-582	582	32	1	13	4.5
2025-11-03	15:34:45[315]	43	43	-274	45	44030	224	32275	-12030	45	0	46	147	-296	72.6237849002808	0	0	-582	582	32	1	14	4.3
2025-11-03	15:34:45[319]	43	43	-274	45	44030	224	32275	-12030	45	0	33	176	-294	79.3803447238449	0	0	-580	580	32	1	14	4.3
2025-11-03	15:34:45[493]	43	43	-274	45	44030	224	32275	-12030	45	0	33	176	-294	79.3803447238449	0	0	-580	580	32	1	15	5.5
2025-11-03	15:34:45[497]	43	43	-274	45	44030	224	32275	-12030	45	0	-27	99	19	105.255118703058	0	0	-267	267	32	1	15	5.5
2025-11-03	15:34:45[667]	43	43	-274	45	44030	224	32275	-12030	45	0	-27	99	19	105.255118703058	0	0	-267	267	32	1	16	5.4
2025-11-03	15:34:45[671]	43	43	-274	45	44030	224	32275	-12030	45	0	64	104	-270	58.3924977537511	0	0	-556	556	8992	1	16	5.4
2025-11-03	15:34:45[874]	47	39	-283	39.6854543300553	0	0	-568	568	30	0	64	104	-270	58.3924977537511	0	0	-556	556	8992	1	16	5.4
2025-11-03	15:34:46[019]	42	0	255	0	51	254	32638	5073	256	34	64	104	-270	58.3924977537511	0	0	-556	556	8992	1	16	5.4
2025-11-03	15:34:46[132]	45	40	-280	41.6335393365702	14592	123	-565	32275	-12030	0	64	104	-270	58.3924977537511	0	0	-556	556	8992	1	16	5.4
2025-11-03	15:34:46[642]	41	53	237	52.2750049578893	0	0	-560	560	30	0	64	104	-270	58.3924977537511	0	0	-556	556	8992	1	16	5.4
2025-11-03	15:34:46[803]	44	39	-257	41.5526131481348	43	254	32638	5073	256	44	64	104	-270	58.3924977537511	0	0	-556	556	8992	1	16	5.4
2025-11-03	15:34:47[105]	45	39	-280	40.9143832200251	0	0	-565	565	0	30	64	104	-270	58.3924977537511	0	0	-556	556	8992	1	16	5.4
2025-11-03	15:34:47[121]	41	37	-275	42.0643265535788	0	0	-560	560	30	0	64	104	-270	58.3924977537511	0	0	-556	556	8992	1	16	5.4
2025-11-03	15:34:47[266]	40	44	-257	47.7263109939063	46	254	32638	5073	256	44	64	104	-270	58.3924977537511	0	0	-556	556	8992	1	16	5.4
2025-11-03	15:34:47[730]	43	42	-275	44.3259631020155	7680	0	-560	560	50	0	64	104	-270	58.3924977537511	0	0	-556	556	8992	1	16	5.4
2025-11-03	15:34:47[746]	45	39	-277	40.9143832200251	0	0	-562	562	30	0	64	104	-270	58.3924977537511	0	0	-556	556	8992	1	16	5.4
2025-11-03	15:34:47[906]	39	38	255	44.2559407971113	47	254	32638	5073	256	41	64	104	-270	58.3924977537511	0	0	-556	556	8992	1	16	5.4
2025-11-03	15:34:48[163]	42	37	-275	41.3785152958827	512	62	-560	560	32275	209	64	104	-270	58.3924977537511	0	0	-556	556	8992	1	16	5.4
2025-11-03	15:34:48[338]	42	37	-275	41.3785152958827	512	62	-560	560	32275	209	64	104	-270	58.3924977537511	0	0	-556	556	8992	1	17	3.7
2025-11-03	15:34:48[342]	42	37	-275	41.3785152958827	512	62	-560	560	32275	209	55	121	-287	65.5560452195835	0	0	-573	573	32	1	17	3.7
2025-11-03	15:34:48[530]	39	51	-276	52.5946433685914	0	0	-561	561	30	0	55	121	-287	65.5560452195835	0	0	-573	573	32	1	17	3.7
2025-11-03	15:34:48[643]	42	40	-277	43.6028189727036	803	255	-642	5073	766	213	55	121	-287	65.5560452195835	0	0	-573	573	32	1	17	3.7
2025-11-03	15:34:48[994]	46	47	-272	45.6160599083992	0	0	-557	557	30	0	55	121	-287	65.5560452195835	0	0	-573	573	32	1	17	3.7
2025-11-03	15:34:49[150]	46	47	-272	45.6160599083992	0	0	-557	557	30	0	55	121	-287	65.5560452195835	0	0	-573	573	32	1	17	3.7
2025-11-03	15:34:49[298]	41	44	-277	47.021364940356	48	254	32638	5073	256	41	55	121	-287	65.5560452195835	0	0	-573	573	32	1	17	3.7
2025-11-03	15:34:49[440]	43	39	-277	42.2072976342867	39	0	-562	562	30	1	55	121	-287	65.5560452195835	0	0	-573	573	32	1	17	3.7
2025-11-03	15:34:49[743]	38	39	-271	45.7440592028887	0	0	-556	556	30	0	55	121	-287	65.5560452195835	0	0	-573	573	32	1	17	3.7
2025-11-03	15:34:49[776]	47	37	-279	38.2110254255612	0	0	-564	564	30	0	55	121	-287	65.5560452195835	0	0	-573	573	32	1	17	3.7
2025-11-03	15:34:49[921]	42	42	255	45	47	254	32638	5073	256	42	55	121	-287	65.5560452195835	0	0	-573	573	32	1	17	3.7
2025-11-03	15:34:50[225]	46	43	-275	43.069412558833	40	0	-560	560	5073	1	55	121	-287	65.5560452195835	0	0	-573	573	32	1	17	3.7
2025-11-03	15:34:50[240]	36	42	-279	49.3987053549955	0	0	-564	564	30	0	55	121	-287	65.5560452195835	0	0	-573	573	32	1	17	3.7
2025-11-03	15:34:50[400]	38	37	-278	44.23610153907	0	0	-563	563	30	0	55	121	-287	65.5560452195835	0	0	-573	573	32	1	17	3.7
2025-11-03	15:34:50[544]	0	0	-129	0	10494	233	32275	-12031	43	0	55	121	-287	65.5560452195835	0	0	-573	573	32	1	17	3.7
2025-11-03	15:34:50[704]	43	40	-287	42.9299693469589	43	254	-642	5073	256	47	55	121	-287	65.5560452195835	0	0	-573	573	32	1	17	3.7
2025-11-03	15:34:50[962]	41	38	-277	42.82525588539	32275	209	-562	562	30	0	55	121	-287	65.5560452195835	0	0	-573	573	32	1	17	3.7
2025-11-03	15:34:51[167]	44	49	-273	48.0774553994244	0	0	-558	558	30	0	55	121	-287	65.5560452195835	0	0	-573	573	32	1	17	3.7
2025-11-03	15:34:51[327]	44	42	-279	43.6677801461304	46	254	-642	5073	256	40	55	121	-287	65.5560452195835	0	0	-573	573	32	1	17	3.7
2025-11-03	15:34:51[474]	43	36	-280	39.9363831469699	40	0	-565	565	30	0	55	121	-287	65.5560452195835	0	0	-573	573	32	1	17	3.7
2025-11-03	15:34:51[633]	43	43	-277	45	0	0	-562	562	30	0	55	121	-287	65.5560452195835	0	0	-573	573	32	1	17	3.7
2025-11-03	15:34:51[647]	47	40	-276	40.3999043337367	0	0	-561	561	30	0	55	121	-287	65.5560452195835	0	0	-573	573	32	1	17	3.7
2025-11-03	15:34:51[789]	47	40	-276	40.3999043337367	0	0	-561	561	30	0	55	121	-287	65.5560452195835	0	0	-573	573	32	1	17	3.7
2025-11-03	15:34:52[416]	43	55	-510	51.9810574068298	65407	126	12032	7680	0	0	55	121	-287	65.5560452195835	0	0	-573	573	32	1	17	3.7
2025-11-03	15:34:52[575]	43	0	255	0	53	254	32638	5073	256	40	55	121	-287	65.5560452195835	0	0	-573	573	32	1	17	3.7
2025-11-03	15:34:52[834]	41	41	-277	45	147	0	-562	638	5073	2	55	121	-287	65.5560452195835	0	0	-573	573	32	1	17	3.7
2025-11-03	15:34:53[008]	41	41	-277	45	147	0	-562	638	5073	2	55	121	-287	65.5560452195835	0	0	-573	573	32	1	18	3.7
2025-11-03	15:34:53[012]	41	41	-277	45	147	0	-562	638	5073	2	174	265	-303	56.7109462549016	0	0	-589	589	36	1	18	3.7
2025-11-03	15:34:53[680]	37	42	-279	48.6214847041173	0	0	-564	564	30	0	174	265	-303	56.7109462549016	0	0	-589	589	36	1	18	3.7
2025-11-03	15:34:53[820]	37	42	-279	48.6214847041173	0	0	-564	564	30	0	174	265	-303	56.7109462549016	0	0	-589	589	36	1	18	3.7
2025-11-03	15:34:54[079]	39	40	32275	45.7252242990593	45053	145	-12030	200	313	254	174	265	-303	56.7109462549016	0	0	-589	589	36	1	18	3.7
2025-11-03	15:34:54[273]	39	40	32275	45.7252242990593	45053	145	-12030	200	313	254	174	265	-303	56.7109462549016	0	0	-589	589	36	1	19	3.6
2025-11-03	15:34:54[276]	39	40	32275	45.7252242990593	45053	145	-12030	200	313	254	260	282	-372	47.3243829709482	0	0	-658	658	36	1	19	3.6
2025-11-03	15:34:55[151]	47	35	-282	36.6743496695732	0	0	-567	567	30	0	260	282	-372	47.3243829709482	0	0	-658	658	36	1	19	3.6
2025-11-03	15:34:55[345]	47	35	-282	36.6743496695732	0	0	-567	567	30	0	260	282	-372	47.3243829709482	0	0	-658	658	36	1	20	3.6
2025-11-03	15:34:55[349]	47	35	-282	36.6743496695732	0	0	-567	567	30	0	261	298	-344	48.7868624024666	0	0	-630	630	35	1	20	3.6
2025-11-03	15:34:56[001]	44	45	-276	45.6437457141754	0	0	-561	561	30	0	261	298	-344	48.7868624024666	0	0	-630	630	35	1	20	3.6
2025-11-03	15:34:56[145]	39	39	-279	45	47	0	-564	564	5073	1	261	298	-344	48.7868624024666	0	0	-630	630	35	1	20	3.6
2025-11-03	15:34:56[415]	41	40	-280	44.2926806314557	126	19	-565	565	30	0	261	298	-344	48.7868624024666	0	0	-630	630	35	1	20	3.6
2025-11-03	15:34:56[591]	41	40	-280	44.2926806314557	126	19	-565	565	30	0	261	298	-344	48.7868624024666	0	0	-630	630	35	1	21	3.6
2025-11-03	15:34:56[597]	41	40	-280	44.2926806314557	126	19	-565	565	30	0	272	284	-328	46.2364076028561	0	0	-614	614	35	1	21	3.6
2025-11-03	15:34:57[248]	33	50	-278	56.5751888173962	0	0	-563	563	30	0	272	284	-328	46.2364076028561	0	0	-614	614	35	1	21	3.6
2025-11-03	15:34:57[391]	44	38	-257	40.8150838748816	53	254	32638	5073	256	40	272	284	-328	46.2364076028561	0	0	-614	614	35	1	21	3.6
2025-11-03	15:34:57[663]	47	39	-276	39.6854543300553	53506	1	-561	561	126	19	272	284	-328	46.2364076028561	0	0	-614	614	35	1	21	3.6
2025-11-03	15:34:57[839]	47	39	-276	39.6854543300553	53506	1	-561	561	126	19	272	284	-328	46.2364076028561	0	0	-614	614	35	1	22	4.3
2025-11-03	15:34:57[842]	47	39	-276	39.6854543300553	53506	1	-561	561	126	19	265	289	-330	47.4805766132032	0	0	-616	616	35	1	22	4.3
2025-11-03	15:34:58[494]	47	41	-275	41.0995062576181	0	0	-560	560	30	0	265	289	-330	47.4805766132032	0	0	-616	616	35	1	22	4.3
2025-11-03	15:34:58[654]	42	0	255	0	48	254	32638	5073	256	39	265	289	-330	47.4805766132032	0	0	-616	616	35	1	22	4.3
2025-11-03	15:34:58[913]	38	39	-281	45.7440592028887	268	1	-566	638	5073	2	265	289	-330	47.4805766132032	0	0	-616	616	35	1	22	4.3
2025-11-03	15:34:59[454]	38	39	-281	45.7440592028887	268	1	-566	638	5073	2	265	289	-330	47.4805766132032	0	0	-616	616	35	1	23	4.2
2025-11-03	15:34:59[460]	38	39	-281	45.7440592028887	268	1	-566	638	5073	2	266	283	-334	46.7736195141406	0	0	-620	620	34	1	23	4.2
2025-11-03	15:34:59[726]	43	43	-275	45	0	0	-560	560	30	0	266	283	-334	46.7736195141406	0	0	-620	620	34	1	23	4.2
2025-11-03	15:34:59[741]	43	42	-275	44.3259631020155	0	0	-560	560	30	0	266	283	-334	46.7736195141406	0	0	-620	620	34	1	23	4.2
2025-11-03	15:34:59[994]	43	42	-275	44.3259631020155	0	0	-560	560	30	0	266	283	-334	46.7736195141406	0	0	-620	620	34	1	23	4.2
2025-11-03	15:35:00[176]	43	42	-275	44.3259631020155	0	0	-560	560	30	0	266	283	-334	46.7736195141406	0	0	-620	620	34	1	24	4.3
2025-11-03	15:35:00[179]	43	42	-275	44.3259631020155	0	0	-560	560	30	0	274	284	-330	46.0266961800579	0	0	-616	616	34	1	24	4.3
2025-11-03	15:35:00[973]	46	39	-279	40.2921477556278	37	0	-564	564	30	0	274	284	-330	46.0266961800579	0	0	-616	616	34	1	24	4.3
2025-11-03	15:35:00[989]	38	41	-276	47.1747441146101	0	0	-561	561	30	0	274	284	-330	46.0266961800579	0	0	-616	616	34	1	24	4.3
2025-11-03	15:35:01[265]	38	41	-276	47.1747441146101	0	0	-561	561	30	0	274	284	-330	46.0266961800579	0	0	-616	616	34	1	25	3.7
2025-11-03	15:35:01[268]	38	41	-276	47.1747441146101	0	0	-561	561	30	0	263	289	-332	47.6967211637706	0	0	-618	618	34	1	25	3.7
2025-11-03	15:35:01[425]	38	41	-276	47.1747441146101	0	0	-561	561	30	0	263	289	-332	47.6967211637706	0	0	-618	618	34	1	26	4.3
2025-11-03	15:35:01[427]	38	41	-276	47.1747441146101	0	0	-561	561	30	0	265	290	-324	47.5791475002834	0	0	-610	610	34	1	26	4.3
2025-11-03	15:35:02[046]	44	38	-277	40.8150838748816	0	0	-562	562	30	0	265	290	-324	47.5791475002834	0	0	-610	610	34	1	26	4.3
2025-11-03	15:35:02[081]	41	48	-283	49.4971516146678	0	0	-568	568	30	0	265	290	-324	47.5791475002834	0	0	-610	610	34	1	26	4.3
2025-11-03	15:35:02[222]	47	38	-281	38.9559078377589	41	0	-566	566	209	1	265	290	-324	47.5791475002834	0	0	-610	610	34	1	26	4.3
2025-11-03	15:35:02[575]	46	36	-283	38.0470425318261	0	54	-568	568	30	0	265	290	-324	47.5791475002834	0	0	-610	610	34	1	26	4.3
2025-11-03	15:35:02[606]	41	35	-279	40.4860115419987	0	0	-564	564	30	0	265	290	-324	47.5791475002834	0	0	-610	610	34	1	26	4.3
2025-11-03	15:35:02[861]	43	42	-386	44.3259631020155	65213	253	5073	513	4097	20	265	290	-324	47.5791475002834	0	0	-610	610	34	1	26	4.3
2025-11-03	15:35:03[037]	43	42	-386	44.3259631020155	65213	253	5073	513	4097	20	265	290	-324	47.5791475002834	0	0	-610	610	34	1	27	4.0
2025-11-03	15:35:03[041]	43	42	-386	44.3259631020155	65213	253	5073	513	4097	20	267	281	-330	46.4634424632546	0	0	-616	616	34	1	27	4.0
2025-11-03	15:35:03[214]	43	42	-386	44.3259631020155	65213	253	5073	513	4097	20	267	281	-330	46.4634424632546	0	0	-616	616	34	1	28	3.9
2025-11-03	15:35:03[218]	43	42	-386	44.3259631020155	65213	253	5073	513	4097	20	270	286	-323	46.6483445048961	0	0	-609	609	34	1	28	3.9
2025-11-03	15:35:04[044]	40	40	-276	45	0	0	-561	561	30	0	270	286	-323	46.6483445048961	0	0	-609	609	34	1	28	3.9
2025-11-03	15:35:04[205]	43	43	32275	45	60413	206	-12031	45	27	254	270	286	-323	46.6483445048961	0	0	-609	609	34	1	28	3.9
2025-11-03	15:35:04[460]	48	39	-274	39.0938588862295	32275	209	-559	559	30	0	270	286	-323	46.6483445048961	0	0	-609	609	34	1	28	3.9
2025-11-03	15:35:04[639]	48	39	-274	39.0938588862295	32275	209	-559	559	30	0	270	286	-323	46.6483445048961	0	0	-609	609	34	1	29	3.7
2025-11-03	15:35:04[643]	48	39	-274	39.0938588862295	32275	209	-559	559	30	0	265	55	-344	11.7251120151651	0	0	-630	630	33	1	29	3.7
2025-11-03	15:35:05[452]	45	42	-277	43.025065989118	40	0	-562	562	30	0	265	55	-344	11.7251120151651	0	0	-630	630	33	1	29	3.7
2025-11-03	15:35:05[468]	47	39	-273	39.6854543300553	0	0	-558	558	30	0	265	55	-344	11.7251120151651	0	0	-630	630	33	1	29	3.7
2025-11-03	15:35:05[732]	47	39	-273	39.6854543300553	0	0	-558	558	30	0	265	55	-344	11.7251120151651	0	0	-630	630	33	1	30	3.8
2025-11-03	15:35:05[735]	47	39	-273	39.6854543300553	0	0	-558	558	30	0	207	272	-411	52.7277980505016	0	0	-697	697	33	1	30	3.8
2025-11-03	15:35:05[901]	47	39	-273	39.6854543300553	0	0	-558	558	30	0	207	272	-411	52.7277980505016	0	0	-697	697	33	1	31	3.7
2025-11-03	15:35:05[906]	47	39	-273	39.6854543300553	0	0	-558	558	30	0	203	346	-354	59.5996297257887	0	0	-640	640	33	1	31	3.7
2025-11-03	15:35:06[540]	33	47	-275	54.9262455066517	0	0	-560	560	30	0	203	346	-354	59.5996297257887	0	0	-640	640	33	1	31	3.7
2025-11-03	15:35:06[700]	42	42	-277	45	42	0	-562	562	30	1	203	346	-354	59.5996297257887	0	0	-640	640	33	1	31	3.7
2025-11-03	15:35:06[973]	43	38	-273	41.4677054161091	0	0	-558	558	30	0	203	346	-354	59.5996297257887	0	0	-640	640	33	1	31	3.7
2025-11-03	15:35:07[148]	43	38	-273	41.4677054161091	0	0	-558	558	30	0	203	346	-354	59.5996297257887	0	0	-640	640	33	1	32	3.7
2025-11-03	15:35:07[151]	43	38	-273	41.4677054161091	0	0	-558	558	30	0	-63	-50	-689	218.437301491063	0	0	-975	975	33	1	32	3.7
2025-11-03	15:35:07[503]	43	38	-273	41.4677054161091	0	0	-558	558	30	0	-63	-50	-689	218.437301491063	0	0	-975	975	33	1	33	3.7
2025-11-03	15:35:07[506]	43	38	-273	41.4677054161091	0	0	-558	558	30	0	60	-357	-701	279.540381804843	0	0	-987	987	33	1	33	3.7
2025-11-03	15:35:07[787]	57	-30	-281	332.24145939894	0	0	-566	566	30	0	60	-357	-701	279.540381804843	0	0	-987	987	33	1	33	3.7
2025-11-03	15:35:08[044]	48	-39	-287	320.906141113771	512	129	-572	572	32275	209	60	-357	-701	279.540381804843	0	0	-987	987	33	1	33	3.7
2025-11-03	15:35:08[220]	48	-39	-287	320.906141113771	512	129	-572	572	32275	209	60	-357	-701	279.540381804843	0	0	-987	987	33	1	34	4.3
2025-11-03	15:35:08[225]	48	-39	-287	320.906141113771	512	129	-572	572	32275	209	128	-264	-775	295.866356794094	0	0	-1061	1061	33	1	34	4.3
2025-11-03	15:35:08[411]	48	-39	-287	320.906141113771	512	129	-572	572	32275	209	128	-264	-775	295.866356794094	0	0	-1061	1061	33	1	35	4.3
2025-11-03	15:35:08[413]	48	-39	-287	320.906141113771	512	129	-572	572	32275	209	124	-265	-765	295.076046646752	0	0	-1051	1051	33	1	35	4.3
2025-11-03	15:35:08[571]	48	-39	-287	320.906141113771	512	129	-572	572	32275	209	124	-265	-765	295.076046646752	0	0	-1051	1051	33	1	36	4.4
2025-11-03	15:35:08[574]	48	-39	-287	320.906141113771	512	129	-572	572	32275	209	127	-268	-730	295.3553653211	0	0	-1042	1042	33	1	36	4.4
2025-11-03	15:35:09[292]	48	-39	-287	320.906141113771	512	129	-572	572	32275	209	127	-268	-730	295.3553653211	0	0	-1042	1042	33	1	37	4.7
2025-11-03	15:35:09[294]	48	-39	-287	320.906141113771	512	129	-572	572	32275	209	130	-262	-770	296.389835272173	0	0	-1056	1056	33	1	37	4.7
2025-11-03	15:35:09[470]	48	-39	-287	320.906141113771	512	129	-572	572	32275	209	130	-262	-770	296.389835272173	0	0	-1056	1056	33	1	38	4.5
2025-11-03	15:35:09[473]	48	-39	-287	320.906141113771	512	129	-572	572	32275	209	128	-263	-764	295.951817015254	0	0	-1050	1050	32	1	38	4.5
2025-11-03	15:35:09[646]	48	-39	-287	320.906141113771	512	129	-572	572	32275	209	128	-263	-764	295.951817015254	0	0	-1050	1050	32	1	39	5.8
2025-11-03	15:35:09[648]	48	-39	-287	320.906141113771	512	129	-572	572	32275	209	126	-261	-773	295.769327624339	0	0	-1059	1059	32	1	39	5.8
2025-11-03	15:35:09[844]	48	-39	-287	320.906141113771	512	129	-572	572	32275	209	126	-261	-773	295.769327624339	0	0	-1059	1059	32	1	40	5.7
2025-11-03	15:35:09[847]	48	-39	-287	320.906141113771	512	129	-572	572	32275	209	129	-261	-768	296.301017195819	0	0	-1054	1054	32	1	40	5.7
2025-11-03	15:35:10[015]	48	-39	-287	320.906141113771	512	129	-572	572	32275	209	129	-261	-768	296.301017195819	0	0	-1054	1054	32	1	41	5.9
2025-11-03	15:35:10[018]	48	-39	-287	320.906141113771	512	129	-572	572	32275	209	134	-262	-766	297.087490614037	0	0	-1052	1052	32	1	41	5.9
2025-11-03	15:35:11[085]	48	-39	-287	320.906141113771	512	129	-572	572	32275	209	134	-262	-766	297.087490614037	0	0	-1052	1052	32	1	42	5.5
2025-11-03	15:35:11[090]	48	-39	-287	320.906141113771	512	129	-572	572	32275	209	127	-264	-768	295.690374405957	0	0	-1054	1054	32	1	42	5.5
2025-11-03	15:35:11[265]	48	-39	-287	320.906141113771	512	129	-572	572	32275	209	127	-264	-768	295.690374405957	0	0	-1054	1054	32	1	43	5.6
2025-11-03	15:35:11[268]	48	-39	-287	320.906141113771	512	129	-572	572	32275	209	124	-265	-766	295.076046646752	0	0	-1052	1052	32	1	43	5.6
2025-11-03	15:35:11[436]	48	-39	-287	320.906141113771	512	129	-572	572	32275	209	129	-265	-769	295.956469426957	0	0	-1055	1055	32	1	43	5.6
2025-11-03	15:35:11[628]	48	-39	-287	320.906141113771	512	129	-572	572	32275	209	122	-265	-772	294.720272709604	0	0	-1058	1058	32	1	43	5.6
2025-11-03	15:35:11[804]	48	-39	-287	320.906141113771	512	129	-572	572	32275	209	123	-269	-765	294.572204772184	0	0	-1051	1051	32	1	43	5.6
2025-11-03	15:35:12[876]	48	-39	-287	320.906141113771	512	129	-572	572	32275	209	132	-258	-768	297.095552493752	0	0	-1054	1054	32	1	43	5.6
2025-11-03	15:35:13[101]	48	-39	-287	320.906141113771	512	129	-572	572	32275	209	132	-258	-768	297.095552493752	0	0	-1054	1054	32	1	44	10.8
2025-11-03	15:35:13[105]	-325	-97	-309	196.618340899577	0	0	-594	594	30	1	132	-258	-768	297.095552493752	0	0	-1054	1054	32	1	44	10.8
2025-11-03	15:35:13[339]	-325	-97	-309	196.618340899577	0	0	-594	594	30	1	132	-258	-768	297.095552493752	0	0	-1054	1054	32	1	45	10.7
2025-11-03	15:35:13[341]	-325	-97	-309	196.618340899577	32275	209	-594	594	30	0	132	-258	-768	297.095552493752	0	0	-1054	1054	32	1	45	10.7
2025-11-03	15:35:13[501]	-325	-97	-309	196.618340899577	32275	209	-594	594	30	0	132	-258	-768	297.095552493752	0	0	-1054	1054	32	1	46	10.6
2025-11-03	15:35:13[505]	-327	-96	-315	196.361077455346	32275	209	-600	600	30	0	132	-258	-768	297.095552493752	0	0	-1054	1054	32	1	46	10.6
2025-11-03	15:35:13[693]	-327	-96	-315	196.361077455346	32275	209	-600	600	30	0	132	-258	-768	297.095552493752	0	0	-1054	1054	32	1	47	22.1
2025-11-03	15:35:13[696]	-310	-103	-317	198.379483419616	32275	209	-602	602	30	0	132	-258	-768	297.095552493752	0	0	-1054	1054	32	1	47	22.1
2025-11-03	15:35:13[899]	-300	-74	-331	193.856351501699	32275	209	-616	616	30	0	132	-258	-768	297.095552493752	0	0	-1054	1054	32	1	47	22.1
2025-11-03	15:35:14[094]	-314	-76	-314	193.606103054249	32275	209	-599	599	30	0	132	-258	-768	297.095552493752	0	0	-1054	1054	32	1	47	22.1
2025-11-03	15:35:14[284]	-326	-76	-307	193.122909858996	32275	209	-592	592	30	0	132	-258	-768	297.095552493752	0	0	-1054	1054	32	1	47	22.1
2025-11-03	15:35:14[491]	-319	-80	-301	194.078496984981	32275	209	-586	586	30	0	132	-258	-768	297.095552493752	0	0	-1054	1054	32	1	47	22.1
2025-11-03	15:35:14[684]	-297	-52	-319	189.930925005131	32275	209	-604	604	30	0	132	-258	-768	297.095552493752	0	0	-1054	1054	32	1	47	22.1
2025-11-03	15:35:14[893]	-274	-25	-321	185.213282404755	32275	209	-606	606	30	0	132	-258	-768	297.095552493752	0	0	-1054	1054	32	1	47	22.1
2025-11-03	15:35:15[102]	-288	-39	-316	187.711892412659	32275	209	-601	601	30	0	132	-258	-768	297.095552493752	0	0	-1054	1054	32	1	47	22.1
2025-11-03	15:35:15[292]	-272	-18	-311	183.786112035382	32275	209	-596	596	30	0	132	-258	-768	297.095552493752	0	0	-1054	1054	32	1	47	22.1
2025-11-03	15:35:15[484]	-218	-10	-332	182.626405638291	32275	209	-617	617	30	0	132	-258	-768	297.095552493752	0	0	-1054	1054	32	1	47	22.1
2025-11-03	15:35:15[691]	-223	-25	-326	186.396585211472	32275	209	-611	611	30	0	132	-258	-768	297.095552493752	0	0	-1054	1054	32	1	47	22.1
2025-11-03	15:35:15[884]	-251	-56	-325	192.57713817387	32275	209	-610	610	30	0	132	-258	-768	297.095552493752	0	0	-1054	1054	32	1	47	22.1
2025-11-03	15:35:16[075]	-288	-92	-309	197.715792706377	32275	209	-594	594	30	0	132	-258	-768	297.095552493752	0	0	-1054	1054	32	1	47	22.1
2025-11-03	15:35:16[283]	-282	-112	-311	201.661150820347	32275	209	-596	596	30	0	132	-258	-768	297.095552493752	0	0	-1054	1054	32	1	47	22.1
2025-11-03	15:35:16[475]	-256	-116	-324	204.376468616675	32275	209	-609	609	30	0	132	-258	-768	297.095552493752	0	0	-1054	1054	32	1	47	22.1
2025-11-03	15:35:16[683]	-261	-94	-327	199.806649489671	32275	209	-612	612	30	0	132	-258	-768	297.095552493752	0	0	-1054	1054	32	1	47	22.1
2025-11-03	15:35:16[875]	-268	-94	-319	199.32812915111	32275	209	-604	604	30	0	132	-258	-768	297.095552493752	0	0	-1054	1054	32	1	47	22.1
2025-11-03	15:35:17[067]	-284	-105	-321	200.290276211843	32275	209	-606	606	30	0	132	-258	-768	297.095552493752	0	0	-1054	1054	32	1	47	22.1
2025-11-03	15:35:17[274]	-288	-114	-316	201.595310448968	32275	209	-601	601	30	0	132	-258	-768	297.095552493752	0	0	-1054	1054	32	1	47	22.1
2025-11-03	15:35:17[467]	-259	-97	-326	200.531798170877	32275	209	-611	611	30	0	132	-258	-768	297.095552493752	0	0	-1054	1054	32	1	47	22.1
2025-11-03	15:35:17[662]	-289	-77	-319	194.919076928595	32275	209	-604	604	30	0	132	-258	-768	297.095552493752	0	0	-1054	1054	32	1	47	22.1
2025-11-03	15:35:17[867]	-290	-109	-313	200.599336317891	32275	209	-598	598	30	0	132	-258	-768	297.095552493752	0	0	-1054	1054	32	1	47	22.1
2025-11-03	15:35:18[059]	-305	-109	-305	199.66572349288	32275	209	-590	590	30	0	132	-258	-768	297.095552493752	0	0	-1054	1054	32	1	47	22.1
2025-11-03	15:35:18[267]	-290	-97	-310	198.494199866447	32275	209	-595	595	30	0	132	-258	-768	297.095552493752	0	0	-1054	1054	32	1	47	22.1
2025-11-03	15:35:18[458]	-301	-57	-291	190.723056410263	32275	209	-576	576	30	0	132	-258	-768	297.095552493752	0	0	-1054	1054	32	1	47	22.1
2025-11-03	15:35:18[651]	-293	-35	-40	186.811927773881	32275	209	-581	581	30	0	132	-258	-768	297.095552493752	0	0	-1054	1054	32	1	47	22.1
2025-11-03	15:35:18[860]	-308	-48	-300	188.857958763628	32275	209	-585	585	30	0	132	-258	-768	297.095552493752	0	0	-1054	1054	32	1	47	22.1
2025-11-03	15:35:19[066]	-303	-35	-302	186.589121879181	32275	209	-587	587	30	0	132	-258	-768	297.095552493752	0	0	-1054	1054	32	1	47	22.1
2025-11-03	15:35:19[258]	-302	-14	-299	182.654195513407	32275	209	-584	584	30	0	132	-258	-768	297.095552493752	0	0	-1054	1054	32	1	47	22.1
2025-11-03	15:35:19[449]	-286	45	-299	171.058238409688	32275	209	-584	584	30	0	132	-258	-768	297.095552493752	0	0	-1054	1054	32	1	47	22.1
2025-11-03	15:35:19[660]	-300	30	-305	174.2894068625	32275	209	-590	590	30	0	132	-258	-768	297.095552493752	0	0	-1054	1054	32	1	47	22.1
2025-11-03	15:35:19[867]	-320	43	-303	172.346724049017	32275	209	-588	588	30	0	132	-258	-768	297.095552493752	0	0	-1054	1054	32	1	47	22.1
2025-11-03	15:35:20[057]	-321	89	-299	164.50351029928	32275	209	-584	584	30	0	132	-258	-768	297.095552493752	0	0	-1054	1054	32	1	47	22.1
2025-11-03	15:35:20[266]	-286	138	-296	154.241878278024	32275	209	-581	581	30	0	132	-258	-768	297.095552493752	0	0	-1054	1054	32	1	47	22.1
2025-11-03	15:35:20[459]	-268	158	-300	149.478429238377	32275	209	-585	585	30	0	132	-258	-768	297.095552493752	0	0	-1054	1054	32	1	47	22.1
2025-11-03	15:35:20[650]	-278	106	-344	159.128402930268	32275	209	-629	629	30	0	132	-258	-768	297.095552493752	0	0	-1054	1054	32	1	47	22.1
2025-11-03	15:35:20[858]	-306	126	-334	157.61986494804	32275	209	-619	619	30	0	132	-258	-768	297.095552493752	0	0	-1054	1054	32	1	47	22.1
2025-11-03	15:35:21[049]	-247	140	-344	150.45536526043	32275	209	-629	629	30	0	132	-258	-768	297.095552493752	0	0	-1054	1054	32	1	47	22.1
2025-11-03	15:35:21[242]	-226	157	-340	145.212667633887	32275	209	-625	625	30	0	132	-258	-768	297.095552493752	0	0	-1054	1054	32	1	47	22.1
2025-11-03	15:35:21[450]	-231	124	-354	151.773250624654	32275	209	-639	639	30	0	132	-258	-768	297.095552493752	0	0	-1054	1054	32	1	47	22.1
2025-11-03	15:35:21[642]	-242	97	-367	158.157781560782	32275	209	-652	652	30	0	132	-258	-768	297.095552493752	0	0	-1054	1054	32	1	47	22.1
2025-11-03	15:35:21[850]	-89	56	-390	147.821343793399	41491	209	-675	675	30	0	132	-258	-768	297.095552493752	0	0	-1054	1054	32	1	47	22.1
2025-11-03	15:35:22[041]	1	64	-353	89.1048262897889	32275	209	-638	638	30	0	132	-258	-768	297.095552493752	0	0	-1054	1054	32	1	47	22.1
2025-11-03	15:35:22[186]	136	-43	-274	342.454271254304	189	255	-559	559	30	0	132	-258	-768	297.095552493752	0	0	-1054	1054	32	1	47	22.1
2025-11-03	15:35:22[442]	193	-139	-187	324.238292931293	0	0	-472	472	30	0	132	-258	-768	297.095552493752	0	0	-1054	1054	32	1	47	22.1
2025-11-03	15:35:22[681]	197	-193	-153	315.58762841624	32275	209	-438	438	30	0	132	-258	-768	297.095552493752	0	0	-1054	1054	32	1	47	22.1
2025-11-03	15:35:22[875]	196	-188	-164	316.193489423982	32275	209	-449	449	30	0	132	-258	-768	297.095552493752	0	0	-1054	1054	32	1	47	22.1
2025-11-03	15:35:23[066]	158	-139	-247	318.660398547875	32275	209	-532	532	30	0	132	-258	-768	297.095552493752	0	0	-1054	1054	32	1	47	22.1
2025-11-03	15:35:23[273]	-228	-27	-394	186.753574035531	32275	209	-679	679	30	0	132	-258	-768	297.095552493752	0	0	-1054	1054	32	1	47	22.1
2025-11-03	15:35:23[482]	-396	-14	-308	182.024765081561	32275	209	-593	593	30	0	132	-258	-768	297.095552493752	0	0	-1054	1054	32	1	47	22.1
2025-11-03	15:35:23[674]	-383	-11	-319	181.645118451737	32275	209	-604	604	30	0	132	-258	-768	297.095552493752	0	0	-1054	1054	32	1	47	22.1
2025-11-03	15:35:23[865]	-357	-49	-341	187.815293546767	32275	209	-626	626	30	0	132	-258	-768	297.095552493752	0	0	-1054	1054	32	1	47	22.1
2025-11-03	15:35:24[074]	-312	-111	-368	199.583993770248	32275	209	-653	653	30	0	132	-258	-768	297.095552493752	0	0	-1054	1054	32	1	47	22.1
2025-11-03	15:35:24[266]	-248	-118	-386	205.445406496549	32275	209	-671	671	30	0	132	-258	-768	297.095552493752	0	0	-1054	1054	32	1	47	22.1
2025-11-03	15:35:24[457]	-204	-104	-391	207.012665347939	32275	209	-676	676	30	0	132	-258	-768	297.095552493752	0	0	-1054	1054	32	1	47	22.1
2025-11-03	15:35:24[664]	-136	-26	-391	190.823011226207	32275	209	-676	676	30	0	132	-258	-768	297.095552493752	0	0	-1054	1054	32	1	47	22.1
2025-11-03	15:35:24[857]	-118	4	-376	178.058513609086	32275	209	-661	661	30	0	132	-258	-768	297.095552493752	0	0	-1054	1054	32	1	47	22.1
2025-11-03	15:35:25[065]	-145	24	-382	170.601767004074	32275	209	-667	667	30	0	132	-258	-768	297.095552493752	0	0	-1054	1054	32	1	47	22.1
2025-11-03	15:35:25[256]	-190	-8	-391	182.411029746611	32275	209	-676	676	30	0	132	-258	-768	297.095552493752	0	0	-1054	1054	32	1	47	22.1
2025-11-03	15:35:25[449]	-237	-31	-393	187.452077443405	32275	209	-678	678	30	0	132	-258	-768	297.095552493752	0	0	-1054	1054	32	1	47	22.1
2025-11-03	15:35:25[656]	-255	-9	-391	182.021364940356	32275	209	-676	676	30	0	132	-258	-768	297.095552493752	0	0	-1054	1054	32	1	47	22.1
2025-11-03	15:35:25[848]	-311	-21	-378	183.862982871505	32275	209	-663	663	30	0	132	-258	-768	297.095552493752	0	0	-1054	1054	32	1	47	22.1
2025-11-03	15:35:26[041]	-311	-45	-379	188.233244960135	32275	209	-664	664	30	0	132	-258	-768	297.095552493752	0	0	-1054	1054	32	1	47	22.1
2025-11-03	15:35:26[250]	-285	-5	-389	181.005086005254	32275	209	-674	674	30	0	132	-258	-768	297.095552493752	0	0	-1054	1054	32	1	47	22.1
2025-11-03	15:35:26[442]	-275	-16	-388	183.329818728852	32275	209	-673	673	30	0	132	-258	-768	297.095552493752	0	0	-1054	1054	32	1	47	22.1
2025-11-03	15:35:26[648]	-245	-48	-395	191.084891292242	32275	209	-680	680	30	0	132	-258	-768	297.095552493752	0	0	-1054	1054	32	1	47	22.1
2025-11-03	15:35:26[840]	-205	-80	-410	201.317912275462	32275	209	-695	695	30	0	132	-258	-768	297.095552493752	0	0	-1054	1054	32	1	47	22.1
2025-11-03	15:35:27[034]	-146	-67	-403	204.650584722625	32275	209	-688	688	30	0	132	-258	-768	297.095552493752	0	0	-1054	1054	32	1	47	22.1
2025-11-03	15:35:29[242]	-159	-64	-406	201.925560493591	32275	209	-691	691	30	0	132	-258	-768	297.095552493752	0	0	-1054	1054	32	1	47	22.1
2025-11-03	15:35:34[852]	-159	-64	-406	201.925560493591	32275	209	-691	691	30	0	132	-258	-768	297.095552493752	0	0	-1054	1054	32	1	47	22.1
2025-11-03	15:35:35[015]	12	-120	-366	275.7105931375	38653	16	-756	756	120	254	132	-258	-768	297.095552493752	0	0	-1054	1054	32	1	47	22.1
2025-11-03	15:35:35[032]	6	-124	-365	272.7702157972	0	0	-755	755	67	0	132	-258	-768	297.095552493752	0	0	-1054	1054	32	1	47	22.1
2025-11-03	15:35:35[187]	6	-124	-365	272.7702157972	0	0	-755	755	67	0	132	-258	-768	297.095552493752	0	0	-1054	1054	32	1	47	22.1
2025-11-03	15:35:35[335]	3	-121	-367	271.420265546399	37117	10	-757	757	-131	254	132	-258	-768	297.095552493752	0	0	-1054	1054	32	1	47	22.1
2025-11-03	15:35:35[367]	13	-120	-363	276.182930165948	0	0	-753	753	67	0	132	-258	-768	297.095552493752	0	0	-1054	1054	32	1	47	22.1
2025-11-03	15:38:13[558]	-318	-225	-440	215.281207797174	0	0	-1022	1022	30	0	0	0	0	0	0	0	0	0	0	0	0	0.0
2025-11-03	15:38:13[696]	-309	-234	-440	217.1359752045	65221	255	-1022	1022	30	0	0	0	0	0	0	0	0	0	0	0	0	0.0
2025-11-03	15:38:13[864]	-317	-230	-441	215.962839025858	0	0	-1023	1023	30	0	0	0	0	0	0	0	0	0	0	0	0	0.0
2025-11-03	15:38:13[879]	-320	-225	-441	215.112011184422	0	0	-1023	1023	30	0	0	0	0	0	0	0	0	0	0	0	0	0.0
2025-11-03	15:38:14[020]	-320	-225	-441	215.112011184422	0	0	-1023	1023	30	0	0	0	0	0	0	0	0	0	0	0	0	0.0
2025-11-03	15:38:14[186]	-315	-227	-257	215.777838335523	65311	254	32638	5073	510	193	0	0	0	0	0	0	0	0	0	0	0	0.0
2025-11-03	15:38:14[328]	-323	-231	-441	215.571223326498	65219	255	-1023	1023	209	1	0	0	0	0	0	0	0	0	0	0	0	0.0
2025-11-03	15:38:14[487]	-315	-225	-441	215.537677791974	0	255	-1023	1023	30	0	0	0	0	0	0	0	0	0	0	0	0	0.0
2025-11-03	15:38:14[504]	-318	-229	-444	215.758633425691	0	0	-1026	1026	30	0	0	0	0	0	0	0	0	0	0	0	0	0.0
2025-11-03	15:38:14[628]	-318	-229	-444	215.758633425691	0	0	-1026	1026	30	0	0	0	0	0	0	0	0	0	0	0	0	0.0
2025-11-03	15:38:14[649]	-317	-232	-445	216.198949228631	0	0	-1027	1027	30	0	0	0	0	0	0	0	0	0	0	0	0	0.0
2025-11-03	15:38:14[804]	-318	-256	255	218.835158217765	65312	254	32638	5073	510	195	0	0	0	0	0	0	0	0	0	0	0	0.0
2025-11-03	15:38:14[949]	-319	-230	-437	215.791721853651	65218	255	-1019	894	5073	1	0	0	0	0	0	0	0	0	0	0	0	0.0
2025-11-03	15:38:15[108]	-318	-228	-443	215.639809198087	65219	255	-1025	1025	30	0	0	0	0	0	0	0	0	0	0	0	0	0.0
2025-11-03	15:38:15[252]	-319	-231	-437	215.909723079178	0	0	-1019	1019	30	0	0	0	0	0	0	0	0	0	0	0	0	0.0
2025-11-03	15:38:15[283]	-320	-224	-439	214.992020198559	0	0	-1021	1021	30	0	0	0	0	0	0	0	0	0	0	0	0	0.0
2025-11-03	15:38:15[423]	-320	-224	-439	214.992020198559	0	0	-1021	1021	30	0	0	0	0	0	0	0	0	0	0	0	0	0.0
2025-11-03	15:38:15[573]	-314	-229	-442	216.10324743394	8190	69	32275	-12031	-321	255	0	0	0	0	0	0	0	0	0	0	0	0.0
2025-11-03	15:38:15[731]	-310	-229	-442	216.453640873378	65223	255	-1024	1024	30	0	0	0	0	0	0	0	0	0	0	0	0	0.0
2025-11-03	15:38:15[874]	-310	-228	-442	216.333882082566	0	0	-1024	1024	30	0	0	0	0	0	0	0	0	0	0	0	0	0.0
2025-11-03	15:38:16[878]	-319	-225	-446	215.196432395655	0	0	-1028	1028	30	0	0	0	0	0	0	0	0	0	0	0	0	0.0
2025-11-03	15:38:16[880]	-319	-225	-446	215.196432395655	0	0	-1028	1028	30	0	0	0	0	0	0	0	0	0	0	0	0	0.0
2025-11-03	15:38:16[884]	-314	-229	-438	216.10324743394	65315	254	32638	5073	510	200	0	0	0	0	0	0	0	0	0	0	0	0.0
2025-11-03	15:38:16[892]	-319	-232	-441	216.027373385104	65223	255	-1023	1023	30	1	0	0	0	0	0	0	0	0	0	0	0	0.0
2025-11-03	15:38:16[897]	-311	-233	-441	216.840409341956	0	0	-1023	1023	30	0	0	0	0	0	0	0	0	0	0	0	0	0.0
2025-11-03	15:38:16[903]	-320	-229	-440	215.588456903802	0	0	-1022	1022	30	0	0	0	0	0	0	0	0	0	0	0	0	0.0
2025-11-03	15:38:16[906]	-320	-229	-440	215.588456903802	0	0	-1022	1022	30	0	0	0	0	0	0	0	0	0	0	0	0	0.0
2025-11-03	15:38:16[910]	-316	-229	-257	215.930225396886	65314	254	32638	5073	510	197	0	0	0	0	0	0	0	0	0	0	0	0.0
2025-11-03	15:38:16[978]	-321	-228	-440	215.385430729099	65214	255	-1022	1022	209	1	0	0	0	0	0	0	0	0	0	0	0	0.0
2025-11-03	15:38:17[144]	-316	-230	-443	216.04892935832	0	255	-1025	1025	30	0	0	0	0	0	0	0	0	0	0	0	0	0.0
2025-11-03	15:38:17[154]	-314	-232	-445	216.458971846813	0	0	-1027	1027	30	0	0	0	0	0	0	0	0	0	0	0	0	0.0
2025-11-03	15:38:17[279]	-314	-232	-445	216.458971846813	0	0	-1027	1027	30	0	0	0	0	0	0	0	0	0	0	0	0	0.0
2025-11-03	15:38:17[300]	-323	-231	-442	215.571223326498	0	0	-1024	1024	30	0	0	0	0	0	0	0	0	0	0	0	0	0.0
2025-11-03	15:38:17[459]	-322	-256	255	218.485789717	65315	254	32638	5073	510	191	0	0	0	0	0	0	0	0	0	0	0	0.0
2025-11-03	15:38:17[602]	-317	-232	-439	216.198949228631	65215	255	-1021	894	5073	1	0	0	0	0	0	0	0	0	0	0	0	0.0
2025-11-03	15:38:17[746]	-316	-232	-440	216.285267125139	65225	255	-1022	1022	30	0	0	0	0	0	0	0	0	0	0	0	0	0.0
2025-11-03	15:38:17[906]	-314	-231	-434	216.340757209402	0	0	-1016	1016	30	0	0	0	0	0	0	0	0	0	0	0	0	0.0
2025-11-03	15:38:17[921]	-315	-230	-440	216.135376611589	0	0	-1022	1022	30	0	0	0	0	0	0	0	0	0	0	0	0	0.0
2025-11-03	15:38:18[078]	-315	-230	-440	216.135376611589	0	0	-1022	1022	30	0	0	0	0	0	0	0	0	0	0	0	0	0.0
2025-11-03	15:38:18[227]	-314	-231	-448	216.340757209402	65290	254	32638	5073	510	188	0	0	0	0	0	0	0	0	0	0	0	0.0
2025-11-03	15:38:18[386]	-316	-233	-436	216.402902143111	65220	255	-1018	1018	30	1	0	0	0	0	0	0	0	0	0	0	0	0.0
2025-11-03	15:38:18[531]	-317	-223	-435	215.12523779292	0	0	-1017	1017	30	0	0	0	0	0	0	0	0	0	0	0	0	0.0
2025-11-03	15:38:18[545]	-318	-226	-439	215.401096931458	0	0	-1021	1021	30	0	0	0	0	0	0	0	0	0	0	0	0	0.0
2025-11-03	15:38:18[702]	-318	-226	-439	215.401096931458	0	0	-1021	1021	30	0	0	0	0	0	0	0	0	0	0	0	0	0.0
2025-11-03	15:38:18[850]	-311	-234	255	216.958226115716	65319	254	32638	5073	510	195	0	0	0	0	0	0	0	0	0	0	0	0.0
2025-11-03	15:38:19[009]	7875	-226	-437	358.3561532647	65222	255	-1019	1019	5073	1	0	0	0	0	0	0	0	0	0	0	0	0.0
2025-11-03	15:38:19[155]	-315	-233	-446	216.489686211248	203	255	-1028	1028	30	0	0	0	0	0	0	0	0	0	0	0	0	0.0
2025-11-03	15:38:19[170]	-314	-228	-435	215.98395105199	0	0	-1017	1017	30	0	0	0	0	0	0	0	0	0	0	0	0	0.0
2025-11-03	15:38:19[329]	-314	-231	-437	216.340757209402	0	0	-1019	1019	30	0	0	0	0	0	0	0	0	0	0	0	0	0.0
2025-11-03	15:38:19[475]	7680	0	255	0	65315	254	32638	5073	510	197	0	0	0	0	0	0	0	0	0	0	0	0.0
2025-11-03	15:38:19[620]	-317	-230	-443	215.962839025858	65314	254	32638	5073	510	196	0	0	0	0	0	0	0	0	0	0	0	0.0
2025-11-03	15:38:19[782]	-314	-229	-444	216.10324743394	65222	255	-1026	1026	30	1	0	0	0	0	0	0	0	0	0	0	0	0.0
2025-11-03	15:38:19[925]	-314	-231	-441	216.340757209402	0	0	-1023	1023	30	0	0	0	0	0	0	0	0	0	0	0	0	0.0
2025-11-03	15:38:19[957]	-316	-234	-435	216.52018207315	0	0	-1017	1017	30	0	0	0	0	0	0	0	0	0	0	0	0	0.0
2025-11-03	15:38:20[097]	-316	-234	-435	216.52018207315	0	0	-1017	1017	30	0	0	0	0	0	0	0	0	0	0	0	0	0.0
2025-11-03	15:38:20[247]	-315	-226	-257	215.657938621842	65319	254	32638	5073	510	193	0	0	0	0	0	0	0	0	0	0	0	0.0
2025-11-03	15:38:20[407]	-319	-234	-439	216.261623547903	65216	255	-1021	1021	209	1	0	0	0	0	0	0	0	0	0	0	0	0.0
2025-11-03	15:38:20[550]	-322	-223	-442	214.704405231382	0	255	-1024	1024	30	0	0	0	0	0	0	0	0	0	0	0	0	0.0
2025-11-03	15:38:20[581]	-320	-232	-443	215.942111871382	0	0	-1025	1025	30	0	0	0	0	0	0	0	0	0	0	0	0	0.0
2025-11-03	15:38:20[705]	-320	-232	-443	215.942111871382	0	0	-1025	1025	30	0	0	0	0	0	0	0	0	0	0	0	0	0.0
2025-11-03	15:38:20[726]	-322	-228	-445	215.30133826229	0	0	-1027	1027	30	0	0	0	0	0	0	0	0	0	0	0	0	0.0
2025-11-03	15:38:20[872]	-314	-230	-129	216.222182613863	9470	76	32275	-12031	-316	255	0	0	0	0	0	0	0	0	0	0	0	0.0
2025-11-03	15:38:21[032]	-314	-225	-438	215.623888650045	65224	255	-1020	1020	209	1	0	0	0	0	0	0	0	0	0	0	0	0.0
2025-11-03	15:38:21[176]	-322	-227	-442	215.182647998439	0	255	-1024	1024	30	0	0	0	0	0	0	0	0	0	0	0	0	0.0
2025-11-03	15:38:21[207]	-319	-218	-443	214.34813799339	0	0	-1025	1025	30	0	0	0	0	0	0	0	0	0	0	0	0	0.0
2025-11-03	15:38:22[271]	-319	-218	-443	214.34813799339	0	0	-1025	1025	30	0	0	0	0	0	0	0	0	0	0	0	0	0.0
2025-11-03	15:38:23[379]	-319	-229	-441	215.673369141638	65221	255	-1023	1023	30	1	0	0	0	0	0	0	0	0	0	0	0	0.0
2025-11-03	15:38:23[385]	-320	-232	-439	215.942111871382	0	0	-1021	1021	30	0	0	0	0	0	0	0	0	0	0	0	0	0.0
2025-11-03	15:38:23[391]	-318	-224	-445	215.160962613999	0	0	-1027	1027	30	0	0	0	0	0	0	0	0	0	0	0	0	0.0
2025-11-03	15:38:23[394]	-318	-224	-445	215.160962613999	0	0	-1027	1027	30	0	0	0	0	0	0	0	0	0	0	0	0	0.0
2025-11-03	15:38:23[398]	-319	-226	-257	215.316196547945	65311	254	32638	5073	510	195	0	0	0	0	0	0	0	0	0	0	0	0.0
2025-11-03	15:38:23[403]	-319	-231	-441	215.909723079178	65219	255	-1023	1023	209	1	0	0	0	0	0	0	0	0	0	0	0	0.0
2025-11-03	15:38:23[409]	-312	-228	-436	216.158185439808	0	255	-1018	1018	30	0	0	0	0	0	0	0	0	0	0	0	0	0.0
2025-11-03	15:38:23[415]	-319	-230	-441	215.791721853651	0	0	-1023	1023	30	0	0	0	0	0	0	0	0	0	0	0	0	0.0
2025-11-03	15:38:23[418]	-319	-230	-441	215.791721853651	0	0	-1023	1023	30	0	0	0	0	0	0	0	0	0	0	0	0	0.0
2025-11-03	15:38:23[421]	-317	-232	-439	216.198949228631	0	0	-1021	1021	30	0	0	0	0	0	0	0	0	0	0	0	0	0.0
2025-11-03	15:38:23[522]	-315	-256	255	219.100705896177	65317	254	32638	5073	510	193	0	0	0	0	0	0	0	0	0	0	0	0.0
2025-11-03	15:38:23[683]	-314	-234	-443	216.694323794444	65223	255	-1025	1150	5073	1	0	0	0	0	0	0	0	0	0	0	0	0.0
2025-11-03	15:38:23[826]	-323	-226	-440	214.980113345132	65225	255	-1022	1022	30	0	0	0	0	0	0	0	0	0	0	0	0	0.0
2025-11-03	15:38:23[985]	-319	-229	-442	215.673369141638	0	0	-1024	1024	30	0	0	0	0	0	0	0	0	0	0	0	0	0.0
2025-11-03	15:38:24[002]	-317	-234	-441	216.433643795944	0	0	-1023	1023	30	0	0	0	0	0	0	0	0	0	0	0	0	0.0
2025-11-03	15:38:24[142]	-317	-234	-441	216.433643795944	0	0	-1023	1023	30	0	0	0	0	0	0	0	0	0	0	0	0	0.0
2025-11-03	15:38:24[306]	-316	-229	-442	215.930225396886	65311	254	32638	5073	510	194	0	0	0	0	0	0	0	0	0	0	0	0.0
2025-11-03	15:38:24[451]	-318	-232	-437	216.112985244457	65225	255	-1019	1019	30	1	0	0	0	0	0	0	0	0	0	0	0	0.0
2025-11-03	15:38:24[611]	-317	-226	-442	215.48635283152	0	0	-1024	1024	30	0	0	0	0	0	0	0	0	0	0	0	0	0.0
2025-11-03	15:38:24[628]	-317	-224	-438	215.245967748348	0	0	-1020	1020	30	0	0	0	0	0	0	0	0	0	0	0	0	0.0
2025-11-03	15:38:24[766]	-317	-224	-438	215.245967748348	0	0	-1020	1020	30	0	0	0	0	0	0	0	0	0	0	0	0	0.0
2025-11-03	15:38:24[930]	-320	-231	255	215.824576204645	65309	254	32638	5073	510	194	0	0	0	0	0	0	0	0	0	0	0	0.0
2025-11-03	15:38:25[074]	-313	-229	-441	216.190299333202	65224	255	-1023	1023	5073	1	0	0	0	0	0	0	0	0	0	0	0	0.0
2025-11-03	15:38:25[235]	-319	-233	-439	216.144673346785	198	255	-1021	1021	30	0	0	0	0	0	0	0	0	0	0	0	0	0.0
2025-11-03	15:38:25[252]	-314	-225	-443	215.623888650045	0	0	-1025	1025	30	0	0	0	0	0	0	0	0	0	0	0	0	0.0
2025-11-03	15:38:25[409]	-319	-228	-441	215.554664384869	0	0	-1023	1023	30	0	0	0	0	0	0	0	0	0	0	0	0	0.0
2025-11-03	15:38:25[553]	7680	0	255	0	65307	254	32638	5073	510	193	0	0	0	0	0	0	0	0	0	0	0	0.0
2025-11-03	15:38:25[694]	-319	-230	-444	215.791721853651	65316	254	32638	5073	510	195	0	0	0	0	0	0	0	0	0	0	0	0.0
2025-11-03	15:38:25[845]	-320	-230	-443	215.706691400603	65218	255	-1025	1025	30	1	0	0	0	0	0	0	0	0	0	0	0	0.0
2025-11-03	15:38:26[006]	-322	-232	-447	215.772632805711	0	0	-1029	1029	30	0	0	0	0	0	0	0	0	0	0	0	0	0.0
2025-11-03	15:38:27[018]	-320	-221	-445	214.629928245279	0	0	-1027	1027	30	0	0	0	0	0	0	0	0	0	0	0	0	0.0
2025-11-03	15:38:27[022]	-320	-221	-445	214.629928245279	0	0	-1027	1027	30	0	0	0	0	0	0	0	0	0	0	0	0	0.0
2025-11-03	15:38:27[027]	-318	-230	255	215.877103794622	65314	254	32638	5073	510	192	0	0	0	0	0	0	0	0	0	0	0	0.0
2025-11-03	15:38:27[037]	-316	-229	-442	215.930225396886	65228	255	-1024	1024	5073	1	0	0	0	0	0	0	0	0	0	0	0	0.0
2025-11-03	15:38:27[042]	-311	-233	-442	216.840409341956	255	14	-1024	1024	30	0	0	0	0	0	0	0	0	0	0	0	0	0.0
2025-11-03	15:38:27[063]	-320	-231	-441	215.824576204645	0	0	-1023	1023	30	0	0	0	0	0	0	0	0	0	0	0	0	0.0
2025-11-03	15:38:27[066]	-320	-231	-441	215.824576204645	0	0	-1023	1023	30	0	0	0	0	0	0	0	0	0	0	0	0	0.0
2025-11-03	15:38:27[070]	-320	-233	-445	216.059298964738	0	0	-1027	1027	30	0	0	0	0	0	0	0	0	0	0	0	0	0.0
2025-11-03	15:38:27[078]	-315	-256	255	219.100705896177	65322	254	32638	5073	510	190	0	0	0	0	0	0	0	0	0	0	0	0.0
2025-11-03	15:38:27[105]	-324	-229	-439	215.252292442822	65217	255	-1021	894	5073	1	0	0	0	0	0	0	0	0	0	0	0	0.0
2025-11-03	15:38:27[248]	-314	-238	-439	217.160736668195	65225	255	-1021	1021	30	0	0	0	0	0	0	0	0	0	0	0	0	0.0
2025-11-03	15:38:27[411]	-313	-234	-441	216.781930806805	0	0	-1023	1023	30	0	0	0	0	0	0	0	0	0	0	0	0	0.0
2025-11-03	15:38:27[424]	-316	-220	-445	214.8457334198	0	0	-1027	1027	30	0	0	0	0	0	0	0	0	0	0	0	0	0.0
2025-11-03	15:38:27[581]	-316	-220	-445	214.8457334198	0	0	-1027	1027	30	0	0	0	0	0	0	0	0	0	0	0	0	0.0
2025-11-03	15:38:27[727]	-319	-233	-257	216.144673346785	65312	254	32638	5073	510	195	0	0	0	0	0	0	0	0	0	0	0	0.0
2025-11-03	15:38:27[872]	-313	-230	32329	216.309349201957	65218	255	-1021	1021	209	1	0	0	0	0	0	0	0	0	0	0	0	0.0
2025-11-03	15:38:28[031]	-314	-231	-444	216.340757209402	0	255	-1026	1026	30	0	0	0	0	0	0	0	0	0	0	0	0	0.0
2025-11-03	15:38:28[046]	-319	-227	-451	215.435607033837	0	0	-1033	1033	30	0	0	0	0	0	0	0	0	0	0	0	0	0.0
2025-11-03	15:38:28[170]	-319	-227	-451	215.435607033837	0	0	-1033	1033	30	0	0	0	0	0	0	0	0	0	0	0	0	0.0
2025-11-03	15:38:28[205]	-311	-228	-439	216.245850036463	0	0	-1021	1021	30	0	0	0	0	0	0	0	0	0	0	0	0	0.0
2025-11-03	15:38:28[350]	-321	-256	-129	218.572633304982	8702	71	32275	-12031	-316	255	0	0	0	0	0	0	0	0	0	0	0	0.0
2025-11-03	15:38:28[494]	-310	-234	-445	217.046918028562	65221	255	-1027	1027	5073	1	0	0	0	0	0	0	0	0	0	0	0	0.0
2025-11-03	15:38:28[656]	-313	-225	-442	215.710463093015	204	255	-1024	1024	30	0	0	0	0	0	0	0	0	0	0	0	0	0.0
2025-11-03	15:38:28[674]	-320	-229	-438	215.588456903802	0	0	-1020	1020	30	0	0	0	0	0	0	0	0	0	0	0	0	0.0
2025-11-03	15:38:28[831]	-314	-232	-442	216.458971846813	0	0	-1024	1024	30	0	0	0	0	0	0	0	0	0	0	0	0	0.0
2025-11-03	15:38:29[473]	-512	0	-129	180	7934	74	32275	-12031	-318	255	0	0	0	0	0	0	0	0	0	0	0	0.0
2025-11-03	15:38:29[481]	-314	-237	-437	217.04466816484	48895	30	-1019	32275	-12031	254	0	0	0	0	0	0	0	0	0	0	0	0.0
2025-11-03	15:38:29[487]	-322	-232	-441	215.772632805711	65219	255	-1023	1023	30	0	0	0	0	0	0	0	0	0	0	0	0	0.0
2025-11-03	15:38:29[493]	-319	-230	-445	215.791721853651	0	0	-1027	1027	30	0	0	0	0	0	0	0	0	0	0	0	0	0.0
2025-11-03	15:38:29[499]	-309	-239	-439	217.720617308355	0	0	-1021	1021	30	0	0	0	0	0	0	0	0	0	0	0	0	0.0
2025-11-03	15:38:29[590]	-309	-239	-439	217.720617308355	0	0	-1021	1021	30	0	0	0	0	0	0	0	0	0	0	0	0	0.0
2025-11-03	15:38:29[745]	-316	-230	-257	216.04892935832	65313	254	32638	5073	510	193	0	0	0	0	0	0	0	0	0	0	0	0.0
2025-11-03	15:38:29[904]	-314	-226	-447	215.744272255448	65223	255	-1029	1029	209	1	0	0	0	0	0	0	0	0	0	0	0	0.0
2025-11-03	15:38:30[048]	-315	-229	-442	216.016556738165	0	255	-1024	1024	30	0	0	0	0	0	0	0	0	0	0	0	0	0.0
2025-11-03	15:38:30[069]	-313	-230	-444	216.309349201957	0	0	-1026	1026	30	0	0	0	0	0	0	0	0	0	0	0	0	0.0
2025-11-03	15:38:30[195]	-313	-230	-444	216.309349201957	0	0	-1026	1026	30	0	0	0	0	0	0	0	0	0	0	0	0	0.0
2025-11-03	15:38:30[231]	-315	-233	-443	216.489686211248	0	0	-1025	1025	30	0	0	0	0	0	0	0	0	0	0	0	0	0.0
2025-11-03	15:38:30[375]	-323	-256	255	218.399276001177	65315	254	32638	5073	510	196	0	0	0	0	0	0	0	0	0	0	0	0.0
2025-11-03	15:38:30[527]	-318	-236	-443	216.580527482403	65217	255	-1025	1150	5073	1	0	0	0	0	0	0	0	0	0	0	0	0.0
2025-11-03	15:38:30[672]	-316	-230	-448	216.04892935832	65219	255	-1030	1030	30	0	0	0	0	0	0	0	0	0	0	0	0	0.0
2025-11-03	15:38:30[830]	-313	-229	-443	216.190299333202	0	0	-1025	1025	30	0	0	0	0	0	0	0	0	0	0	0	0	0.0
2025-11-03	15:38:30[846]	-314	-223	-444	215.382030117016	0	0	-1026	1026	30	0	0	0	0	0	0	0	0	0	0	0	0	0.0
2025-11-03	15:38:31[003]	-314	-223	-444	215.382030117016	0	0	-1026	1026	30	0	0	0	0	0	0	0	0	0	0	0	0	0.0
2025-11-03	15:38:31[151]	-317	-229	-257	215.844251569879	65314	254	32638	5073	510	194	0	0	0	0	0	0	0	0	0	0	0	0.0
2025-11-03	15:38:31[295]	-313	-227	-438	215.951109795118	65217	255	-1020	1020	209	1	0	0	0	0	0	0	0	0	0	0	0	0.0
2025-11-03	15:38:31[453]	-316	-232	-441	216.285267125139	0	255	-1023	1023	30	0	0	0	0	0	0	0	0	0	0	0	0	0.0
2025-11-03	15:38:31[467]	-315	-230	-441	216.135376611589	0	0	-1023	1023	30	0	0	0	0	0	0	0	0	0	0	0	0	0.0
2025-11-03	15:38:31[594]	-315	-230	-441	216.135376611589	0	0	-1023	1023	30	0	0	0	0	0	0	0	0	0	0	0	0	0.0
2025-11-03	15:38:32[719]	-314	-233	-439	216.576827160818	0	0	-1021	1021	30	0	0	0	0	0	0	0	0	0	0	0	0	0.0
2025-11-03	15:38:32[725]	-310	-256	255	219.550113895461	65317	254	32638	5073	510	197	0	0	0	0	0	0	0	0	0	0	0	0.0
2025-11-03	15:38:32[733]	-318	-235	-444	216.464168002275	65220	255	-1026	1150	5073	1	0	0	0	0	0	0	0	0	0	0	0	0.0
2025-11-03	15:38:32[739]	-317	-227	-440	215.606009041049	65215	255	-1022	1022	30	0	0	0	0	0	0	0	0	0	0	0	0	0.0
2025-11-03	15:38:32[746]	-319	-233	-441	216.144673346785	0	0	-1023	1023	30	0	0	0	0	0	0	0	0	0	0	0	0	0.0
2025-11-03	15:38:32[768]	-319	-226	-442	215.316196547945	0	0	-1024	1024	30	0	0	0	0	0	0	0	0	0	0	0	0	0.0
2025-11-03	15:38:32[771]	-319	-226	-442	215.316196547945	0	0	-1024	1024	30	0	0	0	0	0	0	0	0	0	0	0	0	0.0
2025-11-03	15:38:32[775]	-316	-233	-257	216.402902143111	65315	254	32638	5073	510	193	0	0	0	0	0	0	0	0	0	0	0	0.0
2025-11-03	15:38:32[782]	-319	-235	-445	216.378224580322	65224	255	-1027	1027	209	1	0	0	0	0	0	0	0	0	0	0	0	0.0
2025-11-03	15:38:32[845]	-316	-229	-443	215.930225396886	0	255	-1025	1025	30	0	0	0	0	0	0	0	0	0	0	0	0	0.0
2025-11-03	15:38:32[878]	-315	-222	-444	215.174722957852	0	0	-1026	1026	30	0	0	0	0	0	0	0	0	0	0	0	0	0.0
2025-11-03	15:38:33[002]	-315	-222	-444	215.174722957852	0	0	-1026	1026	30	0	0	0	0	0	0	0	0	0	0	0	0	0.0
2025-11-03	15:38:33[020]	-319	-220	-444	214.59228868751	0	0	-1026	1026	30	0	0	0	0	0	0	0	0	0	0	0	0	0.0
2025-11-03	15:38:33[181]	-318	-256	255	218.835158217765	65314	254	32638	5073	510	194	0	0	0	0	0	0	0	0	0	0	0	0.0
2025-11-03	15:38:33[325]	-313	-231	-450	216.428036640896	65226	255	-1032	1150	5073	1	0	0	0	0	0	0	0	0	0	0	0	0.0
2025-11-03	15:38:33[469]	-317	-233	-445	216.316473164271	65225	255	-1027	1027	30	0	0	0	0	0	0	0	0	0	0	0	0	0.0
2025-11-03	15:38:33[630]	-317	-217	-441	214.393301706779	0	0	-1023	1023	30	0	0	0	0	0	0	0	0	0	0	0	0	0.0
2025-11-03	15:38:33[644]	-314	-235	-439	216.811462398881	0	0	-1021	1021	30	0	0	0	0	0	0	0	0	0	0	0	0	0.0
2025-11-03	15:38:33[802]	-314	-235	-439	216.811462398881	0	0	-1021	1021	30	0	0	0	0	0	0	0	0	0	0	0	0	0.0
2025-11-03	15:38:33[949]	-315	-229	-442	216.016556738165	65311	254	32638	5073	510	192	0	0	0	0	0	0	0	0	0	0	0	0.0
2025-11-03	15:38:34[093]	-321	-229	-446	215.503894907025	65229	255	-1028	1028	30	1	0	0	0	0	0	0	0	0	0	0	0	0.0
2025-11-03	15:38:34[255]	-320	-228	-437	215.4698721674	0	0	-1019	1019	30	0	0	0	0	0	0	0	0	0	0	0	0	0.0
2025-11-03	15:38:34[268]	-315	-232	-436	216.371940729815	0	0	-1018	1018	30	0	0	0	0	0	0	0	0	0	0	0	0	0.0
2025-11-03	15:38:34[422]	-315	-232	-436	216.371940729815	0	0	-1018	1018	30	0	0	0	0	0	0	0	0	0	0	0	0	0.0
2025-11-03	15:38:34[571]	-318	-230	255	215.877103794622	65316	254	32638	5073	510	195	0	0	0	0	0	0	0	0	0	0	0	0.0
2025-11-03	15:38:34[729]	-316	-229	-447	215.930225396886	65219	255	-1029	1029	5073	1	0	0	0	0	0	0	0	0	0	0	0	0.0
2025-11-03	15:38:34[873]	-312	-231	-440	216.51567786503	190	255	-1022	1022	30	0	0	0	0	0	0	0	0	0	0	0	0	0.0
2025-11-03	15:38:34[907]	-318	-225	-445	215.281207797174	0	0	-1027	1027	30	0	0	0	0	0	0	0	0	0	0	0	0	0.0
2025-11-03	15:38:35[049]	-317	-232	-440	216.198949228631	0	0	-1022	1022	30	0	0	0	0	0	0	0	0	0	0	0	0	0.0
2025-11-03	15:38:35[193]	0	0	-129	0	7934	70	32275	-12031	-315	255	0	0	0	0	0	0	0	0	0	0	0	0.0
2025-11-03	15:38:35[353]	-321	-236	-442	216.323418328744	65292	254	-898	5073	510	194	0	0	0	0	0	0	0	0	0	0	0	0.0
2025-11-03	15:38:35[499]	-316	-234	-442	216.52018207315	65221	255	-1024	1024	30	0	0	0	0	0	0	0	0	0	0	0	0	0.0
2025-11-03	15:38:35[655]	-317	-237	-440	216.783042058743	0	0	-1022	1022	30	0	0	0	0	0	0	0	0	0	0	0	0	0.0
2025-11-03	15:38:35[669]	-318	-230	-445	215.877103794622	0	0	-1027	1027	30	0	0	0	0	0	0	0	0	0	0	0	0	0.0
2025-11-03	15:38:35[825]	-318	-230	-445	215.877103794622	0	0	-1027	1027	30	0	0	0	0	0	0	0	0	0	0	0	0	0.0
2025-11-03	15:38:35[973]	-315	-233	-441	216.489686211248	65312	254	32638	5073	510	198	0	0	0	0	0	0	0	0	0	0	0	0.0
2025-11-03	15:38:36[132]	-314	-231	-441	216.340757209402	65222	255	-1023	1023	30	1	0	0	0	0	0	0	0	0	0	0	0	0.0
2025-11-03	15:38:36[275]	-314	-227	-436	215.864292859141	0	0	-1018	1018	30	0	0	0	0	0	0	0	0	0	0	0	0	0.0
2025-11-03	15:38:36[307]	-320	-227	-440	215.350936653314	0	0	-1022	1022	30	0	0	0	0	0	0	0	0	0	0	0	0	0.0
2025-11-03	15:38:36[449]	-320	-227	-440	215.350936653314	0	0	-1022	1022	30	0	0	0	0	0	0	0	0	0	0	0	0	0.0
2025-11-03	15:38:36[596]	-318	-228	255	215.639809198087	65317	254	32638	5073	510	186	0	0	0	0	0	0	0	0	0	0	0	0.0
2025-11-03	15:38:36[756]	-318	-232	-437	216.112985244457	65223	255	-1019	1019	5073	1	0	0	0	0	0	0	0	0	0	0	0	0.0
2025-11-03	15:38:36[900]	-316	-228	-440	215.811163922641	196	255	-1022	1022	30	0	0	0	0	0	0	0	0	0	0	0	0	0.0
2025-11-03	15:38:36[924]	-318	-233	-436	216.230397490759	0	0	-1018	1018	30	0	0	0	0	0	0	0	0	0	0	0	0	0.0
2025-11-03	15:38:37[077]	-317	-229	-446	215.844251569879	0	0	-1028	1028	30	0	0	0	0	0	0	0	0	0	0	0	0	0.0
2025-11-03	15:38:37[221]	7680	0	255	0	65313	254	32638	5073	510	195	0	0	0	0	0	0	0	0	0	0	0	0.0
2025-11-03	15:38:37[375]	-318	-228	-445	215.639809198087	65311	254	32638	5073	510	195	0	0	0	0	0	0	0	0	0	0	0	0.0
2025-11-03	15:38:37[520]	-315	-230	-442	216.135376611589	65219	255	-1024	1024	30	1	0	0	0	0	0	0	0	0	0	0	0	0.0
2025-11-03	15:38:37[678]	-320	-232	-442	215.942111871382	0	0	-1024	1024	30	0	0	0	0	0	0	0	0	0	0	0	0	0.0
2025-11-03	15:38:38[742]	-317	-225	-443	215.366339249147	0	0	-1025	1025	30	0	0	0	0	0	0	0	0	0	0	0	0	0.0
2025-11-03	15:38:38[745]	-317	-225	-443	215.366339249147	0	0	-1025	1025	30	0	0	0	0	0	0	0	0	0	0	0	0	0.0
2025-11-03	15:38:38[751]	-319	-231	255	215.909723079178	65311	254	32638	5073	510	192	0	0	0	0	0	0	0	0	0	0	0	0.0
2025-11-03	15:38:38[759]	-315	-236	-441	216.840783939248	65218	255	-1023	1023	5073	1	0	0	0	0	0	0	0	0	0	0	0	0.0
2025-11-03	15:38:38[769]	-314	-229	-435	216.10324743394	198	255	-1017	1017	30	0	0	0	0	0	0	0	0	0	0	0	0	0.0
2025-11-03	15:38:38[777]	-318	-223	-442	215.040360857422	0	0	-1024	1024	30	0	0	0	0	0	0	0	0	0	0	0	0	0.0
2025-11-03	15:38:38[786]	-317	-228	-443	215.725308432542	0	0	-1025	1025	30	0	0	0	0	0	0	0	0	0	0	0	0	0.0
2025-11-03	15:38:38[793]	7680	0	255	0	65310	254	32638	5073	510	199	0	0	0	0	0	0	0	0	0	0	0	0.0
2025-11-03	15:38:38[800]	-322	-230	-442	215.537677791974	65319	254	32638	5073	510	197	0	0	0	0	0	0	0	0	0	0	0	0.0
2025-11-03	15:38:38[926]	-319	-231	-438	215.909723079178	65218	255	-1020	1020	30	1	0	0	0	0	0	0	0	0	0	0	0	0.0
2025-11-03	15:38:39[100]	-320	-230	-443	215.706691400603	0	0	-1025	1025	30	0	0	0	0	0	0	0	0	0	0	0	0	0.0
2025-11-03	15:38:39[241]	-320	-230	-443	215.706691400603	0	0	-1025	1025	30	0	0	0	0	0	0	0	0	0	0	0	0	0.0
2025-11-03	15:38:39[392]	-318	-230	255	215.877103794622	65312	254	32638	5073	510	198	0	0	0	0	0	0	0	0	0	0	0	0.0
2025-11-03	15:38:39[553]	-320	-237	-439	216.524573171215	65218	255	-1021	1021	5073	1	0	0	0	0	0	0	0	0	0	0	0	0.0
2025-11-03	15:38:39[697]	-314	-225	-445	215.623888650045	198	255	-1027	1027	30	0	0	0	0	0	0	0	0	0	0	0	0	0.0
2025-11-03	15:38:39[720]	-317	-230	-435	215.962839025858	0	0	-1017	1017	30	0	0	0	0	0	0	0	0	0	0	0	0	0.0
2025-11-03	15:38:39[867]	-316	-230	-440	216.04892935832	0	0	-1022	1022	30	0	0	0	0	0	0	0	0	0	0	0	0	0.0
2025-11-03	15:38:40[031]	7680	0	255	0	65313	254	32638	5073	510	193	0	0	0	0	0	0	0	0	0	0	0	0.0
2025-11-03	15:38:40[171]	-318	-226	-442	215.401096931458	65297	254	32638	5073	510	192	0	0	0	0	0	0	0	0	0	0	0	0.0
2025-11-03	15:38:40[333]	-315	-229	-441	216.016556738165	65218	255	-1023	1023	30	1	0	0	0	0	0	0	0	0	0	0	0	0.0
2025-11-03	15:38:40[476]	-320	-227	-445	215.350936653314	0	0	-1027	1027	30	0	0	0	0	0	0	0	0	0	0	0	0	0.0
2025-11-03	15:38:40[491]	-314	-232	-440	216.458971846813	0	0	-1022	1022	30	0	0	0	0	0	0	0	0	0	0	0	0	0.0
2025-11-03	15:38:40[647]	-314	-232	-440	216.458971846813	0	0	-1022	1022	30	0	0	0	0	0	0	0	0	0	0	0	0	0.0
2025-11-03	15:38:40[794]	-315	-230	255	216.135376611589	65312	254	32638	5073	510	194	0	0	0	0	0	0	0	0	0	0	0	0.0
2025-11-03	15:38:40[954]	-317	-228	-441	215.725308432542	65214	255	-1023	1023	5073	1	0	0	0	0	0	0	0	0	0	0	0	0.0
2025-11-03	15:38:41[096]	-313	-228	-442	216.070886404658	203	255	-1024	1024	30	0	0	0	0	0	0	0	0	0	0	0	0	0.0
2025-11-03	15:38:41[129]	-316	-231	-442	216.167276400385	0	0	-1024	1024	30	0	0	0	0	0	0	0	0	0	0	0	0	0.0
2025-11-03	15:38:41[272]	-316	-232	-439	216.285267125139	0	0	-1021	1021	30	0	0	0	0	0	0	0	0	0	0	0	0	0.0
2025-11-03	15:38:41[417]	7680	0	255	0	65316	254	32638	5073	510	196	0	0	0	0	0	0	0	0	0	0	0	0.0
2025-11-03	15:38:41[575]	-318	-231	-439	215.995220874723	2558	72	32275	-12031	-315	255	0	0	0	0	0	0	0	0	0	0	0	0.0
2025-11-03	15:38:41[720]	-323	-230	-443	215.453691074771	65218	255	-1025	1025	30	0	0	0	0	0	0	0	0	0	0	0	0	0.0
2025-11-03	15:38:41[881]	-321	-231	-438	215.739778468829	0	0	-1020	1020	30	0	0	0	0	0	0	0	0	0	0	0	0	0.0
2025-11-03	15:38:41[894]	-319	-227	-442	215.435607033837	0	0	-1024	1024	30	0	0	0	0	0	0	0	0	0	0	0	0	0.0
2025-11-03	15:38:42[052]	-319	-227	-442	215.435607033837	0	0	-1024	1024	30	0	0	0	0	0	0	0	0	0	0	0	0	0.0
2025-11-03	15:38:42[198]	-319	-238	-444	216.725938703772	8190	74	32275	-12031	-322	255	0	0	0	0	0	0	0	0	0	0	0	0.0
2025-11-03	15:38:42[345]	-316	-228	-443	215.811163922641	65222	255	-1025	1025	30	0	0	0	0	0	0	0	0	0	0	0	0	0.0
2025-11-03	15:38:42[509]	-317	-230	-444	215.962839025858	0	0	-1026	1026	30	0	0	0	0	0	0	0	0	0	0	0	0	0.0
2025-11-03	15:38:42[525]	-316	-226	-441	215.571966105962	0	0	-1023	1023	30	0	0	0	0	0	0	0	0	0	0	0	0	0.0
2025-11-03	15:38:42[665]	-316	-226	-441	215.571966105962	0	0	-1023	1023	30	0	0	0	0	0	0	0	0	0	0	0	0	0.0
2025-11-03	15:38:42[825]	-318	-235	-257	216.464168002275	65313	254	32638	5073	510	193	0	0	0	0	0	0	0	0	0	0	0	0.0
2025-11-03	15:38:42[968]	-314	-230	-439	216.222182613863	65225	255	-1021	1021	209	1	0	0	0	0	0	0	0	0	0	0	0	0.0
2025-11-03	15:38:43[131]	-318	-228	-445	215.639809198087	0	255	-1027	1027	30	0	0	0	0	0	0	0	0	0	0	0	0	0.0
2025-11-03	15:38:43[144]	-311	-232	-441	216.722228437984	0	0	-1023	1023	30	0	0	0	0	0	0	0	0	0	0	0	0	0.0
2025-11-03	15:38:44[834]	-311	-232	-441	216.722228437984	0	0	-1023	1023	30	0	0	0	0	0	0	0	0	0	0	0	0	0.0
2025-11-03	15:38:44[839]	-315	-229	-437	216.016556738165	0	0	-1019	1019	30	0	0	0	0	0	0	0	0	0	0	0	0	0.0
2025-11-03	15:38:44[847]	-317	-226	255	215.48635283152	65309	254	32638	5073	510	188	0	0	0	0	0	0	0	0	0	0	0	0.0
2025-11-03	15:38:44[855]	-322	-228	-444	215.30133826229	65219	255	-1026	1026	5073	1	0	0	0	0	0	0	0	0	0	0	0	0.0
2025-11-03	15:38:44[861]	-314	-231	-442	216.340757209402	197	255	-1024	1024	30	0	0	0	0	0	0	0	0	0	0	0	0	0.0
2025-11-03	15:38:44[868]	-318	-234	-443	216.347458208885	0	0	-1025	1025	30	0	0	0	0	0	0	0	0	0	0	0	0	0.0
2025-11-03	15:38:44[875]	-313	-229	-447	216.190299333202	0	0	-1029	1029	30	0	0	0	0	0	0	0	0	0	0	0	0	0.0
2025-11-03	15:38:44[882]	0	0	-129	0	7934	66	32275	-12031	-319	255	0	0	0	0	0	0	0	0	0	0	0	0.0
2025-11-03	15:38:44[890]	-317	-231	-440	216.081071382046	65308	254	-898	5073	510	197	0	0	0	0	0	0	0	0	0	0	0	0.0
2025-11-03	15:38:44[898]	-316	-234	-446	216.52018207315	65217	255	-1028	1028	30	0	0	0	0	0	0	0	0	0	0	0	0	0.0
2025-11-03	15:38:44[904]	-314	-236	-444	216.928243633327	0	0	-1026	1026	30	0	0	0	0	0	0	0	0	0	0	0	0	0.0
2025-11-03	15:38:44[911]	-315	-227	-441	215.777838335523	0	0	-1023	1023	30	0	0	0	0	0	0	0	0	0	0	0	0	0.0
2025-11-03	15:38:44[914]	-315	-227	-441	215.777838335523	0	0	-1023	1023	30	0	0	0	0	0	0	0	0	0	0	0	0	0.0
2025-11-03	15:38:44[918]	-311	-230	-442	216.48477152594	65312	254	32638	5073	510	191	0	0	0	0	0	0	0	0	0	0	0	0.0
2025-11-03	15:38:45[004]	-319	-231	-440	215.909723079178	65220	255	-1022	1022	30	1	0	0	0	0	0	0	0	0	0	0	0	0.0
2025-11-03	15:38:45[148]	-320	-233	-442	216.059298964738	0	0	-1024	1024	30	0	0	0	0	0	0	0	0	0	0	0	0	0.0
2025-11-03	15:38:45[178]	-310	-236	-441	217.281667205992	0	0	-1023	1023	30	0	0	0	0	0	0	0	0	0	0	0	0	0.0
2025-11-03	15:38:45[319]	-310	-236	-441	217.281667205992	0	0	-1023	1023	30	0	0	0	0	0	0	0	0	0	0	0	0	0.0
2025-11-03	15:38:45[467]	-320	-234	255	216.17613805696	65305	254	32638	5073	510	190	0	0	0	0	0	0	0	0	0	0	0	0.0
2025-11-03	15:38:45[630]	-314	-231	-443	216.340757209402	65216	255	-1025	1025	5073	1	0	0	0	0	0	0	0	0	0	0	0	0.0
2025-11-03	15:38:45[772]	-322	-226	-442	215.063610056572	199	255	-1024	1024	30	0	0	0	0	0	0	0	0	0	0	0	0	0.0
2025-11-03	15:38:45[789]	-314	-230	-442	216.222182613863	0	0	-1024	1024	30	0	0	0	0	0	0	0	0	0	0	0	0	0.0
2025-11-03	15:38:45[948]	-316	-238	-442	216.985763573873	0	0	-1024	1024	30	0	0	0	0	0	0	0	0	0	0	0	0	0.0
2025-11-03	15:38:46[094]	7680	0	255	0	65305	254	32638	5073	510	196	0	0	0	0	0	0	0	0	0	0	0	0.0
2025-11-03	15:38:46[255]	-315	-232	-443	216.371940729815	65312	254	32638	5073	510	189	0	0	0	0	0	0	0	0	0	0	0	0.0
2025-11-03	15:38:46[398]	-320	-229	-443	215.588456903802	65221	255	-1025	1025	30	1	0	0	0	0	0	0	0	0	0	0	0	0.0
2025-11-03	15:38:46[558]	-314	-233	-445	216.576827160818	0	0	-1027	1027	30	0	0	0	0	0	0	0	0	0	0	0	0	0.0
2025-11-03	15:38:46[591]	-321	-234	-443	216.090999988058	0	0	-1025	1025	30	0	0	0	0	0	0	0	0	0	0	0	0	0.0
2025-11-03	15:38:46[714]	-321	-234	-443	216.090999988058	0	0	-1025	1025	30	0	0	0	0	0	0	0	0	0	0	0	0	0.0
2025-11-03	15:38:46[878]	-315	-235	-129	216.724107172925	9982	68	32275	-12031	-320	255	0	0	0	0	0	0	0	0	0	0	0	0.0
2025-11-03	15:38:47[021]	-315	-233	-447	216.489686211248	65220	255	-1029	1029	209	1	0	0	0	0	0	0	0	0	0	0	0	0.0
2025-11-03	15:38:47[182]	-316	-218	-450	214.600761887613	0	255	-1032	1032	30	0	0	0	0	0	0	0	0	0	0	0	0	0.0
2025-11-03	15:38:47[197]	-314	-233	-438	216.576827160818	0	0	-1020	1020	30	0	0	0	0	0	0	0	0	0	0	0	0	0.0
2025-11-03	15:38:47[322]	-314	-233	-438	216.576827160818	0	0	-1020	1020	30	0	0	0	0	0	0	0	0	0	0	0	0	0.0
2025-11-03	15:38:47[342]	-311	-227	-443	216.125838442955	0	0	-1025	1025	30	0	0	0	0	0	0	0	0	0	0	0	0	0.0
2025-11-03	15:38:47[503]	-319	-256	255	218.747316058539	65312	254	32638	5073	510	196	0	0	0	0	0	0	0	0	0	0	0	0.0
2025-11-03	15:38:47[644]	-317	-235	-442	216.550461738807	65212	255	-1024	1150	5073	1	0	0	0	0	0	0	0	0	0	0	0	0.0
2025-11-03	15:38:47[800]	-323	-235	-443	216.037919267464	65224	255	-1025	1025	30	0	0	0	0	0	0	0	0	0	0	0	0	0.0
2025-11-03	15:38:47[946]	-315	-227	-438	215.777838335523	0	0	-1020	1020	30	0	0	0	0	0	0	0	0	0	0	0	0	0.0
2025-11-03	15:38:47[976]	-318	-236	-444	216.580527482403	0	0	-1026	1026	30	0	0	0	0	0	0	0	0	0	0	0	0	0.0
2025-11-03	15:38:48[118]	-318	-236	-444	216.580527482403	0	0	-1026	1026	30	0	0	0	0	0	0	0	0	0	0	0	0	0.0
2025-11-03	15:38:48[284]	-320	-233	-257	216.059298964738	65315	254	32638	5073	510	192	0	0	0	0	0	0	0	0	0	0	0	0.0
2025-11-03	15:38:48[427]	-314	-231	-445	216.340757209402	65218	255	-1027	1027	209	1	0	0	0	0	0	0	0	0	0	0	0	0.0
2025-11-03	15:38:48[569]	-309	-224	-439	215.939073274678	0	255	-1021	1021	30	0	0	0	0	0	0	0	0	0	0	0	0	0.0
2025-11-03	15:38:48[601]	-315	-232	-441	216.371940729815	0	0	-1023	1023	30	0	0	0	0	0	0	0	0	0	0	0	0	0.0
2025-11-03	15:38:48[725]	-315	-232	-441	216.371940729815	0	0	-1023	1023	30	0	0	0	0	0	0	0	0	0	0	0	0	0.0
2025-11-03	15:38:48[744]	-319	-223	-441	214.955841011926	0	0	-1023	1023	30	0	0	0	0	0	0	0	0	0	0	0	0	0.0
2025-11-03	15:38:48[904]	-313	-256	255	219.279437177633	65307	254	32638	5073	510	197	0	0	0	0	0	0	0	0	0	0	0	0.0
2025-11-03	15:38:49[050]	-315	-235	-441	216.724107172925	65212	255	-1023	894	5073	1	0	0	0	0	0	0	0	0	0	0	0	0.0
2025-11-03	15:38:49[194]	-317	-222	-440	215.004148856191	65218	255	-1022	1022	30	0	0	0	0	0	0	0	0	0	0	0	0	0.0
2025-11-03	15:38:49[359]	-318	-230	-439	215.877103794622	0	0	-1021	1021	30	0	0	0	0	0	0	0	0	0	0	0	0	0.0
2025-11-03	15:38:49[372]	-319	-232	-444	216.027373385104	0	0	-1026	1026	30	0	0	0	0	0	0	0	0	0	0	0	0	0.0
2025-11-03	15:38:49[514]	-319	-232	-444	216.027373385104	0	0	-1026	1026	30	0	0	0	0	0	0	0	0	0	0	0	0	0.0
2025-11-03	15:38:49[678]	-312	-233	-257	216.752186913634	65312	254	32638	5073	510	196	0	0	0	0	0	0	0	0	0	0	0	0.0
2025-11-03	15:38:49[822]	-320	-229	-440	215.588456903802	65222	255	-770	1022	209	1	0	0	0	0	0	0	0	0	0	0	0	0.0
2025-11-03	15:38:49[983]	-315	-229	-444	216.016556738165	0	255	-1026	1026	30	0	0	0	0	0	0	0	0	0	0	0	0	0.0
2025-11-03	15:38:49[997]	-319	-232	-447	216.027373385104	0	0	-1029	1029	30	0	0	0	0	0	0	0	0	0	0	0	0	0.0
2025-11-03	15:38:50[122]	-319	-232	-447	216.027373385104	0	0	-1029	1029	30	0	0	0	0	0	0	0	0	0	0	0	0	0.0
2025-11-03	15:38:50[140]	-319	-220	-445	214.59228868751	0	0	-1027	1027	30	0	0	0	0	0	0	0	0	0	0	0	0	0.0
2025-11-03	15:38:50[301]	-320	-256	255	218.65980825409	65309	254	32638	5073	510	195	0	0	0	0	0	0	0	0	0	0	0	0.0
2025-11-03	15:38:50[446]	-315	-226	-441	215.657938621842	65213	255	-1023	894	5073	1	0	0	0	0	0	0	0	0	0	0	0	0.0
2025-11-03	15:38:50[606]	-314	-228	-439	215.98395105199	65222	255	-1021	1021	30	0	0	0	0	0	0	0	0	0	0	0	0	0.0
2025-11-03	15:38:50[749]	-319	-226	-446	215.316196547945	0	0	-1028	1028	30	0	0	0	0	0	0	0	0	0	0	0	0	0.0
2025-11-03	15:38:50[765]	-316	-227	-445	215.691744350916	0	0	-1027	1027	30	0	0	0	0	0	0	0	0	0	0	0	0	0.0
2025-11-03	15:38:50[922]	-316	-227	-445	215.691744350916	0	0	-1027	1027	30	0	0	0	0	0	0	0	0	0	0	0	0	0.0
2025-11-03	15:38:51[070]	-315	-235	-443	216.724107172925	65313	254	32638	5073	510	194	0	0	0	0	0	0	0	0	0	0	0	0.0
2025-11-03	15:38:51[230]	-311	-229	-440	216.365494182009	65221	255	-1022	1022	30	1	0	0	0	0	0	0	0	0	0	0	0	0.0
2025-11-03	15:38:51[372]	-316	-234	-443	216.52018207315	0	0	-1025	1025	30	0	0	0	0	0	0	0	0	0	0	0	0	0.0
2025-11-03	15:38:51[406]	-314	-233	-446	216.576827160818	0	0	-1028	1028	30	0	0	0	0	0	0	0	0	0	0	0	0	0.0
2025-11-03	15:38:51[546]	-314	-233	-446	216.576827160818	0	0	-1028	1028	30	0	0	0	0	0	0	0	0	0	0	0	0	0.0
2025-11-03	15:38:51[695]	-313	-231	255	216.428036640896	65310	254	32638	5073	510	193	0	0	0	0	0	0	0	0	0	0	0	0.0
2025-11-03	15:38:51[853]	-314	-234	-447	216.694323794444	65218	255	-1029	1029	5073	1	0	0	0	0	0	0	0	0	0	0	0	0.0
2025-11-03	15:38:51[997]	-317	-221	-439	214.882700421184	197	255	-1021	1021	30	0	0	0	0	0	0	0	0	0	0	0	0	0.0
2025-11-03	15:38:52[013]	-317	-231	-442	216.081071382046	0	0	-1024	1024	30	0	0	0	0	0	0	0	0	0	0	0	0	0.0
2025-11-03	15:38:52[172]	-311	-232	-440	216.722228437984	0	0	-1022	1022	30	0	0	0	0	0	0	0	0	0	0	0	0	0.0
2025-11-03	15:38:52[317]	7680	0	255	0	65301	254	32638	5073	510	196	0	0	0	0	0	0	0	0	0	0	0	0.0
2025-11-03	15:38:52[476]	-321	-231	-440	215.739778468829	65313	254	32638	5073	17406	191	0	0	0	0	0	0	0	0	0	0	0	0.0
2025-11-03	15:38:52[621]	-316	-228	-446	215.811163922641	65221	255	-1028	1028	30	1	0	0	0	0	0	0	0	0	0	0	0	0.0
2025-11-03	15:38:52[781]	-318	-229	-439	215.758633425691	0	0	-1021	1021	30	0	0	0	0	0	0	0	0	0	0	0	0	0.0
2025-11-03	15:38:52[796]	-317	-229	-443	215.844251569879	0	0	-1025	1025	30	0	0	0	0	0	0	0	0	0	0	0	0	0.0
2025-11-03	15:38:52[938]	-317	-229	-443	215.844251569879	0	0	-1025	1025	30	0	0	0	0	0	0	0	0	0	0	0	0	0.0
2025-11-03	15:38:53[763]	-316	-228	255	215.811163922641	65313	254	32638	5073	510	199	0	0	0	0	0	0	0	0	0	0	0	0.0
2025-11-03	15:38:53[771]	-321	-232	-444	215.857198932431	65219	255	-1026	1026	5073	1	0	0	0	0	0	0	0	0	0	0	0	0.0
2025-11-03	15:38:53[777]	-319	-229	-445	215.673369141638	196	255	-1027	1027	30	0	0	0	0	0	0	0	0	0	0	0	0	0.0
2025-11-03	15:38:53[804]	-313	-230	-443	216.309349201957	0	0	-1025	1025	30	0	0	0	0	0	0	0	0	0	0	0	0	0.0
2025-11-03	15:38:53[810]	-322	-226	-445	215.063610056572	0	0	-1027	1027	30	0	0	0	0	0	0	0	0	0	0	0	0	0.0
2025-11-03	15:38:53[816]	7680	0	255	0	65301	254	32638	5073	510	195	0	0	0	0	0	0	0	0	0	0	0	0.0
2025-11-03	15:38:53[876]	-316	-229	-443	215.930225396886	65309	254	32638	5073	510	194	0	0	0	0	0	0	0	0	0	0	0	0.0
2025-11-03	15:38:54[021]	-314	-234	-437	216.694323794444	65221	255	-1019	1019	30	1	0	0	0	0	0	0	0	0	0	0	0	0.0
2025-11-03	15:38:54[174]	-322	-230	-444	215.537677791974	0	0	-1026	1026	30	0	0	0	0	0	0	0	0	0	0	0	0	0.0
2025-11-03	15:38:54[192]	-318	-230	-443	215.877103794622	0	0	-1025	1025	30	0	0	0	0	0	0	0	0	0	0	0	0	0.0
2025-11-03	15:38:54[344]	-318	-230	-443	215.877103794622	0	0	-1025	1025	30	0	0	0	0	0	0	0	0	0	0	0	0	0.0
2025-11-03	15:38:54[491]	-312	-230	-257	216.396878221302	65307	254	32638	5073	510	194	0	0	0	0	0	0	0	0	0	0	0	0.0
2025-11-03	15:38:54[651]	-316	-227	-446	215.691744350916	65224	255	-1028	1028	209	1	0	0	0	0	0	0	0	0	0	0	0	0.0
2025-11-03	15:38:54[795]	-317	-231	-443	216.081071382046	0	255	-1025	1025	30	0	0	0	0	0	0	0	0	0	0	0	0	0.0
2025-11-03	15:38:54[826]	-315	-229	-444	216.016556738165	0	0	-1026	1026	30	0	0	0	0	0	0	0	0	0	0	0	0	0.0
2025-11-03	15:38:55[886]	-315	-229	-444	216.016556738165	0	0	-1026	1026	30	0	0	0	0	0	0	0	0	0	0	0	0	0.0
2025-11-03	15:38:56[051]	-317	-232	-445	216.198949228631	65224	255	-1027	1027	30	1	0	0	0	0	0	0	0	0	0	0	0	0.0
2025-11-03	15:38:56[194]	-319	-231	-443	215.909723079178	0	0	-1025	1025	30	0	0	0	0	0	0	0	0	0	0	0	0	0.0
2025-11-03	15:38:56[215]	-317	-230	-446	215.962839025858	0	0	-1028	1028	30	0	0	0	0	0	0	0	0	0	0	0	0	0.0
2025-11-03	15:38:56[372]	-317	-230	-446	215.962839025858	0	0	-1028	1028	30	0	0	0	0	0	0	0	0	0	0	0	0	0.0
2025-11-03	15:38:56[521]	-314	-231	255	216.340757209402	65307	254	32638	5073	510	194	0	0	0	0	0	0	0	0	0	0	0	0.0
2025-11-03	15:38:56[680]	-321	-238	-447	216.554458603315	65214	255	-1029	1029	5073	1	0	0	0	0	0	0	0	0	0	0	0	0.0
2025-11-03	15:38:56[822]	-317	-224	-443	215.245967748348	198	255	-1025	1025	30	0	0	0	0	0	0	0	0	0	0	0	0	0.0
2025-11-03	15:38:56[848]	-318	-225	-440	215.281207797174	0	0	-1022	1022	30	0	0	0	0	0	0	0	0	0	0	0	0	0.0
2025-11-03	15:38:56[988]	-321	-230	-440	215.622010641749	0	0	-1022	1022	30	0	0	0	0	0	0	0	0	0	0	0	0	0.0
2025-11-03	15:38:57[150]	0	0	-129	0	6654	71	32275	-12031	-316	255	0	0	0	0	0	0	0	0	0	0	0	0.0
2025-11-03	15:38:57[297]	-317	-233	-441	216.316473164271	65310	254	-898	5073	510	197	0	0	0	0	0	0	0	0	0	0	0	0.0
2025-11-03	15:38:57[456]	-318	-231	-442	215.995220874723	65222	255	-1024	1024	30	0	0	0	0	0	0	0	0	0	0	0	0	0.0
2025-11-03	15:38:57[597]	-314	-227	-447	215.864292859141	0	0	-1029	1029	30	0	0	0	0	0	0	0	0	0	0	0	0	0.0
2025-11-03	15:38:57[629]	-313	-232	-441	216.546362288605	0	0	-1023	1023	30	0	0	0	0	0	0	0	0	0	0	0	0	0.0
2025-11-03	15:38:57[770]	-313	-232	-441	216.546362288605	0	0	-1023	1023	30	0	0	0	0	0	0	0	0	0	0	0	0	0.0
2025-11-03	15:38:57[919]	-317	-233	-443	216.316473164271	65292	254	32638	5073	510	197	0	0	0	0	0	0	0	0	0	0	0	0.0
2025-11-03	15:38:58[078]	-317	-231	-443	216.081071382046	65222	255	-1025	1025	30	1	0	0	0	0	0	0	0	0	0	0	0	0.0
2025-11-03	15:38:58[221]	-319	-221	-445	214.713828817246	0	0	-1027	1027	30	0	0	0	0	0	0	0	0	0	0	0	0	0.0
2025-11-03	15:38:58[252]	-316	-229	-445	215.930225396886	0	0	-1027	1027	30	0	0	0	0	0	0	0	0	0	0	0	0	0.0
2025-11-03	15:38:58[386]	-316	-229	-445	215.930225396886	0	0	-1027	1027	30	0	0	0	0	0	0	0	0	0	0	0	0	0.0
2025-11-03	15:38:58[551]	-317	-233	-257	216.316473164271	65316	254	32638	4865	510	197	0	0	0	0	0	0	0	0	0	0	0	0.0
2025-11-03	15:38:58[693]	-315	-231	-444	216.253837737445	65223	255	-1026	1026	209	1	0	0	0	0	0	0	0	0	0	0	0	0.0
2025-11-03	15:38:58[853]	-316	-229	-450	215.930225396886	0	255	-1032	1032	30	0	0	0	0	0	0	0	0	0	0	0	0	0.0
2025-11-03	15:38:58[869]	-316	-219	-446	214.723429123368	0	0	-1028	1028	30	0	0	0	0	0	0	0	0	0	0	0	0	0.0
2025-11-03	15:48:44[375]	0	0	0	0	0	0	0	0	0	0	0	0	0	0	0	0	0	0	0	0	0	0.0
2025-11-03	15:49:10[732]	0	0	0	0	0	0	0	0	0	0	0	0	0	0	0	0	0	0	0	0	0	0.0
2025-11-03	15:54:36[812]	0	0	0	0	0	0	0	0	0	0	0	0	0	0	0	0	0	0	0	0	0	0.0
2025-11-03	15:56:18[927]	-16	90	538	100.080597987542	0	0	-568	568	30	1	0	0	0	0	0	0	0	0	0	0	0	0.0
2025-11-03	15:56:27[320]	-15	88	537	99.6733554324035	0	0	-569	569	30	1	0	0	0	0	0	0	0	0	0	0	0	0.0
2025-11-03	15:56:27[695]	-15	87	527	99.7824070318073	0	0	-579	579	30	1	0	0	0	0	0	0	0	0	0	0	0	0.0
2025-11-03	15:56:52[749]	-560	-196	-633	199.290046219189	0	0	-1739	1739	30	1	0	0	0	0	0	0	0	0	0	0	0	0.0
2025-11-03	16:00:16[675]	-560	-196	-633	199.290046219189	0	0	-1739	1739	30	1	0	0	0	0	0	0	0	0	0	0	0	0.0
2025-11-03	16:00:36[817]	-477	-230	-1031	205.742448705528	0	0	-2180	2180	30	0	0	0	0	0	0	0	0	0	0	0	0	0.0
2025-11-03	16:00:38[669]	-478	-231	-1024	205.79278752339	0	0	-2173	2173	30	0	0	0	0	0	0	0	0	0	0	0	0	0.0
2025-11-03	16:00:43[054]	-480	-219	-1025	204.52484288599	0	0	-2174	2174	30	0	0	0	0	0	0	0	0	0	0	0	0	0.0
2025-11-03	16:00:45[837]	-478	-226	-1022	205.304941131136	0	0	-2171	2171	30	0	0	0	0	0	0	0	0	0	0	0	0	0.0
2025-11-03	16:01:15[501]	-479	-225	-1019	205.160786685772	0	0	-2168	2168	30	0	0	0	0	0	0	0	0	0	0	0	0	0.0
2025-11-03	16:01:17[179]	-475	-209	-1007	203.749494492867	0	0	-2156	2156	30	0	0	0	0	0	0	0	0	0	0	0	0	0.0
2025-11-03	16:01:29[207]	-471	-214	-1002	204.43478892231	0	0	-2151	2151	30	0	0	0	0	0	0	0	0	0	0	0	0	0.0
2025-11-03	16:01:32[154]	-472	-217	-1011	204.690406350606	0	0	-2160	2160	30	0	0	0	0	0	0	0	0	0	0	0	0	0.0
2025-11-03	16:04:09[827]	-471	-212	-1001	204.232803208082	0	0	-2150	2150	30	0	0	0	0	0	0	0	0	0	0	0	0	0.0
2025-11-03	16:04:13[117]	-481	-223	-1018	204.873262608814	0	0	-2167	2167	30	0	0	0	0	0	0	0	0	0	0	0	0	0.0
2025-11-03	16:04:16[359]	-476	-228	-1026	205.594029245999	0	0	-2175	2175	30	0	0	0	0	0	0	0	0	0	0	0	0	0.0
2025-11-03	16:04:20[695]	-476	-236	-1024	206.372136823545	0	0	-2173	2173	30	0	0	0	0	0	0	0	0	0	0	0	0	0.0
2025-11-03	16:05:29[515]	-477	-233	-1023	206.034102959849	0	0	-2172	2172	30	0	0	0	0	0	0	0	0	0	0	0	0	0.0
2025-11-03	16:05:36[485]	-474	-234	-1020	206.274212154727	0	0	-2169	2169	30	0	0	0	0	0	0	0	0	0	0	0	0	0.0
2025-11-03	16:05:45[479]	-478	-236	-1016	206.276652038025	0	255	-2165	2165	30	0	0	0	0	0	0	0	0	0	0	0	0	0.0
2025-11-03	16:05:46[286]	-481	-234	-1015	205.942295489872	0	0	-2164	2164	30	0	0	0	0	0	0	0	0	0	0	0	0	0.0
2025-11-03	16:05:52[327]	-479	-236	-1017	206.229150120401	0	0	-2166	2166	30	0	0	0	0	0	0	0	0	0	0	0	0	0.0
2025-11-03	16:05:54[582]	-482	-227	-1012	205.218295207253	0	0	-2161	2161	30	0	0	0	0	0	0	0	0	0	0	0	0	0.0
2025-11-03	16:05:55[404]	-477	-230	-1017	205.742448705528	0	0	-2166	2166	30	0	0	0	0	0	0	0	0	0	0	0	0	0.0
2025-11-03	16:06:00[773]	-477	-234	-1016	206.131000544939	0	0	-2165	2165	30	0	0	0	0	0	0	0	0	0	0	0	0	0.0
2025-11-03	16:06:01[344]	-474	-234	-1018	206.274212154727	0	0	-2167	2167	30	0	0	0	0	0	0	0	0	0	0	0	0	0.0
2025-11-03	16:06:01[525]	-475	-235	-1011	206.32329826781	0	0	-2160	2160	30	0	0	0	0	0	0	0	0	0	0	0	0	0.0
2025-11-03	16:06:01[967]	-483	-234	-1011	205.848891231608	0	0	-2160	2160	30	0	0	0	0	0	0	0	0	0	0	0	0	0.0
2025-11-03	16:06:02[278]	-477	-237	-1017	206.420729619555	0	0	-2166	2166	30	0	0	0	0	0	0	0	0	0	0	0	0	0.0
2025-11-03	16:06:02[558]	-482	-230	-1017	205.509469492025	0	0	-2166	2166	30	0	0	0	0	0	0	0	0	0	0	0	0	0.0
2025-11-03	16:06:02[745]	-476	-239	-1019	206.661265661808	0	0	-2168	2168	30	0	0	0	0	0	0	0	0	0	0	0	0	0.0
2025-11-03	16:06:04[186]	-479	-232	-1013	205.842873715533	0	0	-2162	2162	30	0	0	0	0	0	0	0	0	0	0	0	0	0.0
2025-11-03	16:06:04[190]	-481	-232	-1017	205.749337238624	0	0	-2166	2166	30	0	0	0	0	0	0	0	0	0	0	0	0	0.0
2025-11-03	16:06:04[193]	-482	-235	-1017	205.991634664167	0	0	-2166	2166	30	0	0	0	0	0	0	0	0	0	0	0	0	0.0
2025-11-03	16:06:04[198]	-478	-226	-1015	205.304941131136	0	0	-2164	2164	30	0	0	0	0	0	0	0	0	0	0	0	0	0.0
2025-11-03	16:06:04[201]	-480	-234	-1019	205.989233583833	0	0	-2168	2168	30	0	0	0	0	0	0	0	0	0	0	0	0	0.0
2025-11-03	16:06:04[234]	-477	-227	-1014	205.449355696272	0	0	-2163	2163	30	0	0	0	0	0	0	0	0	0	0	0	0	0.0
2025-11-03	16:06:05[003]	-478	-232	-1020	205.889879641798	0	0	-2169	2169	30	0	0	0	0	0	0	0	0	0	0	0	0	0.0
2025-11-03	16:06:05[627]	-479	-236	-1014	206.229150120401	0	0	-2163	2163	30	0	0	0	0	0	0	0	0	0	0	0	0	0.0
2025-11-03	16:06:06[252]	-478	-228	-1016	205.500556149033	0	0	-2165	2165	30	0	0	0	0	0	0	0	0	0	0	0	0	0.0
2025-11-03	16:06:06[875]	-480	-236	-1015	206.181807531443	0	0	-2164	2164	30	0	0	0	0	0	0	0	0	0	0	0	0	0.0
2025-11-03	16:06:07[035]	-472	-238	-1020	206.758944783831	0	0	-2169	2169	30	0	0	0	0	0	0	0	0	0	0	0	0	0.0
2025-11-03	16:06:07[659]	-477	-232	-1016	205.937045017537	0	0	-2165	2165	30	0	0	0	0	0	0	0	0	0	0	0	0	0.0
2025-11-03	16:06:08[280]	-473	-231	-1018	206.029592191513	0	0	-2167	2167	30	0	0	0	0	0	0	0	0	0	0	0	0	0.0
2025-11-03	16:06:08[902]	-476	-238	-1016	206.565051177078	0	0	-2165	2165	30	0	0	0	0	0	0	0	0	0	0	0	0	0.0
2025-11-03	16:06:09[062]	-472	-238	-1013	206.758944783831	0	0	-2162	2162	30	0	0	0	0	0	0	0	0	0	0	0	0	0.0
2025-11-03	16:06:09[687]	-480	-226	-1018	205.212619588241	0	0	-2167	2167	30	0	0	0	0	0	0	0	0	0	0	0	0	0.0
2025-11-03	16:06:10[308]	-483	-238	-1015	206.231939933157	0	0	-2164	2164	30	0	0	0	0	0	0	0	0	0	0	0	0	0.0
2025-11-03	16:06:10[932]	-479	-220	-1012	204.668854628315	0	0	-2161	2161	30	0	0	0	0	0	0	0	0	0	0	0	0	0.0
2025-11-03	16:06:11[076]	-480	-233	-1021	205.892709102928	0	0	-2170	2170	30	0	0	0	0	0	0	0	0	0	0	0	0	0.0
2025-11-03	16:06:11[699]	-480	-223	-1014	204.918795560863	0	0	-2163	2163	30	0	0	0	0	0	0	0	0	0	0	0	0	0.0
2025-11-03	16:06:12[325]	-478	-231	-1021	205.79278752339	0	0	-2170	2170	30	0	0	0	0	0	0	0	0	0	0	0	0	0.0
2025-11-03	16:06:12[487]	-474	-236	-1023	206.468267857791	0	0	-2172	2172	30	0	0	0	0	0	0	0	0	0	0	0	0	0.0
2025-11-03	16:06:13[108]	-478	-237	-1018	206.372945343682	0	0	-2167	2167	30	0	0	0	0	0	0	0	0	0	0	0	0	0.0
2025-11-03	16:06:13[724]	-474	-240	-1018	206.854421340519	0	0	-2167	2167	30	0	0	0	0	0	0	0	0	0	0	0	0	0.0
2025-11-03	16:06:14[351]	-477	-233	-1012	206.034102959849	0	0	-2161	2161	30	0	0	0	0	0	0	0	0	0	0	0	0	0.0
2025-11-03	16:06:14[973]	-476	-233	-1014	206.081553966188	0	0	-2163	2163	30	0	0	0	0	0	0	0	0	0	0	0	0	0.0
2025-11-03	16:06:15[134]	-474	-237	-1017	206.565051177078	0	0	-2166	2166	30	0	0	0	0	0	0	0	0	0	0	0	0	0.0
2025-11-03	16:06:15[758]	-473	-237	-1016	206.613483777134	0	0	-2165	2165	30	0	0	0	0	0	0	0	0	0	0	0	0	0.0
2025-11-03	16:06:16[385]	-482	-228	-1014	205.315509158338	0	0	-2163	2163	30	0	0	0	0	0	0	0	0	0	0	0	0	0.0
2025-11-03	16:06:16[528]	-475	-231	-1015	205.934386441998	0	0	-2164	2164	30	0	0	0	0	0	0	0	0	0	0	0	0	0.0
2025-11-03	16:06:17[152]	-483	-228	-1015	205.269638745269	0	0	-2164	2164	30	0	0	0	0	0	0	0	0	0	0	0	0	0.0
2025-11-03	16:06:17[776]	-482	-232	-1016	205.702805211976	0	0	-2165	2165	30	0	0	0	0	0	0	0	0	0	0	0	0	0.0
2025-11-03	16:06:18[397]	-480	-230	-1022	205.602187551442	0	0	-2171	2171	30	0	0	0	0	0	0	0	0	0	0	0	0	0.0
2025-11-03	16:06:18[696]	-474	-235	-1025	206.371321468996	0	0	-2174	2174	30	0	0	0	0	0	0	0	0	0	0	0	0	0.0
2025-11-03	16:06:19[186]	-477	-220	-1014	204.759904356051	0	0	-2163	2163	30	0	0	0	0	0	0	0	0	0	0	0	0	0.0
2025-11-03	16:06:19[808]	-480	-235	-1018	206.085599778281	0	0	-2167	2167	30	0	0	0	0	0	0	0	0	0	0	0	0	0.0
2025-11-03	16:06:20[031]	-479	-234	-1015	206.036329964935	0	0	-2164	2164	30	0	0	0	0	0	0	0	0	0	0	0	0	0.0
2025-11-03	16:06:20[577]	-481	-236	-1016	206.134623535197	0	0	-2165	2165	30	0	0	0	0	0	0	0	0	0	0	0	0	0.0
2025-11-03	16:06:21[198]	-481	-237	-1016	206.230550843538	0	0	-2165	2165	30	0	0	0	0	0	0	0	0	0	0	0	0	0.0
2025-11-03	16:06:21[823]	-476	-241	-1023	206.853208577427	0	0	-2172	2172	30	0	0	0	0	0	0	0	0	0	0	0	0	0.0
2025-11-03	16:06:22[445]	-483	-230	-1021	205.463345061872	0	0	-2170	2170	30	0	0	0	0	0	0	0	0	0	0	0	0	0.0
2025-11-03	16:06:22[605]	-477	-235	-1023	206.227737616988	0	0	-2172	2172	30	0	0	0	0	0	0	0	0	0	0	0	0	0.0
2025-11-03	16:06:23[230]	-474	-231	-1017	205.98190816298	0	0	-2166	2166	30	0	0	0	0	0	0	0	0	0	0	0	0	0.0
2025-11-03	16:06:23[853]	-478	-231	-1019	205.79278752339	0	0	-2168	2168	30	0	0	0	0	0	0	0	0	0	0	0	0	0.0
2025-11-03	16:06:23[998]	-485	-231	-1015	205.467930558422	0	0	-2164	2164	30	0	0	0	0	0	0	0	0	0	0	0	0	0.0
2025-11-03	16:06:24[637]	-468	-234	-1019	206.565051177078	0	0	-2168	2168	30	0	0	0	0	0	0	0	0	0	0	0	0	0.0
2025-11-03	16:06:25[251]	-477	-233	-1017	206.034102959849	0	0	-2166	2166	30	0	0	0	0	0	0	0	0	0	0	0	0	0.0
2025-11-03	16:06:26[323]	-475	-239	-1013	206.709615494812	0	0	-2162	2162	30	0	0	0	0	0	0	0	0	0	0	0	0	0.0
2025-11-03	16:06:26[647]	-474	-236	-1013	206.468267857791	0	0	-2162	2162	30	0	0	0	0	0	0	0	0	0	0	0	0	0.0
2025-11-03	16:06:27[272]	-473	-237	-1018	206.613483777134	0	0	-2167	2167	30	0	0	0	0	0	0	0	0	0	0	0	0	0.0
2025-11-03	16:06:36[483]	-338	-381	-834	228.422513911009	0	0	-1983	1983	30	1	0	0	0	0	0	0	0	0	0	0	0	0.0
2025-11-03	16:06:37[922]	-338	-372	-837	227.74164712296	0	0	-1986	1986	30	1	0	0	0	0	0	0	0	0	0	0	0	0.0
2025-11-03	16:08:14[616]	0	0	0	0	0	0	0	0	0	0	0	0	0	0	0	0	0	0	0	0	0	0.0
2025-11-03	16:08:58[854]	0	0	0	0	0	0	0	0	0	0	0	0	0	0	0	0	0	0	0	0	0	0.0
2025-11-03	16:11:21[313]	0	0	0	0	0	0	0	0	0	0	0	0	0	0	0	0	0	0	0	0	0	0.0
2025-11-03	16:13:10[627]	0	0	0	0	0	0	0	0	0	0	0	0	0	0	0	0	0	0	0	0	0	0.0
2025-11-03	16:19:26[296]	0	0	0	0	0	0	0	0	0	0	0	0	0	0	0	0	0	0	0	0	0	0.0
2025-11-03	16:23:20[810]	0	0	0	0	0	0	0	0	0	0	0	0	0	0	0	0	0	0	0	0	0	0.0
2025-11-03	16:23:21[503]	0	0	0	0	0	0	0	0	0	0	0	0	0	0	0	0	0	0	0	0	0	0.0
2025-11-03	16:23:29[664]	0	0	0	0	0	0	0	0	0	0	0	0	0	0	0	0	0	0	0	0	0	0.0
2025-11-03	16:23:29[971]	0	0	0	0	0	0	0	0	0	0	0	0	0	0	0	0	0	0	0	0	0	0.0
2025-11-03	16:23:30[262]	0	0	0	0	0	0	0	0	0	0	0	0	0	0	0	0	0	0	0	0	0	0.0
2025-11-03	16:23:45[824]	0	0	0	0	0	0	0	0	0	0	0	0	0	0	0	0	0	0	0	0	0	0.0
2025-11-03	16:23:46[000]	0	0	0	0	0	0	0	0	0	0	0	0	0	0	0	0	0	0	0	0	0	0.0
2025-11-03	16:23:51[600]	0	0	0	0	0	0	0	0	0	0	0	0	0	0	0	0	0	0	0	0	0	0.0
2025-11-03	16:23:51[600]	0	0	0	0	0	0	0	0	0	0	0	0	0	0	0	0	0	0	0	0	0	0.0
2025-11-03	16:23:51[601]	0	0	0	0	0	0	0	0	0	0	0	0	0	0	0	0	0	0	0	0	0	0.0
2025-11-03	16:23:51[601]	0	0	0	0	0	0	0	0	0	0	0	0	0	0	0	0	0	0	0	0	0	0.0
2025-11-03	16:23:51[601]	0	0	0	0	0	0	0	0	0	0	0	0	0	0	0	0	0	0	0	0	0	0.0
2025-11-03	16:24:04[470]	0	0	0	0	0	0	0	0	0	0	0	0	0	0	0	0	0	0	0	0	0	0.0
2025-11-03	16:24:22[707]	0	0	0	0	0	0	0	0	0	0	0	0	0	0	0	0	0	0	0	0	0	0.0
2025-11-03	16:27:56[144]	-14	1177	-1516	90.6814809572843	0	0	-2437	2437	30	1	0	0	0	0	0	0	0	0	0	0	0	0.0
2025-11-03	16:27:56[757]	-222	-197	-764	221.58544552063	0	0	-1685	1685	30	1	0	0	0	0	0	0	0	0	0	0	0	0.0
2025-11-03	16:27:57[161]	-367	-356	-771	224.128347231595	0	0	-1692	1692	30	1	0	0	0	0	0	0	0	0	0	0	0	0.0
2025-11-03	16:28:09[336]	-21	-211	-775	264.316293664616	0	0	-1696	1696	30	1	0	0	0	0	0	0	0	0	0	0	0	0.0
2025-11-03	16:28:09[769]	-374	-369	-708	224.614435298514	0	0	-1629	1629	30	1	0	0	0	0	0	0	0	0	0	0	0	0.0
2025-11-03	16:28:10[488]	-19	44	-1877	113.355564859286	0	0	-2798	2798	30	1	0	0	0	0	0	0	0	0	0	0	0	0.0
2025-11-03	16:28:10[664]	-347	-317	-722	222.413094520574	0	0	-1643	1643	30	1	0	0	0	0	0	0	0	0	0	0	0	0.0
2025-11-03	16:28:10[840]	-362	-353	-776	224.278832470114	0	0	-1697	1697	30	1	0	0	0	0	0	0	0	0	0	0	0	0.0
2025-11-03	16:28:12[375]	-383	-310	-774	218.986690295836	0	0	-1695	1695	30	1	0	0	0	0	0	0	0	0	0	0	0	0.0
2025-11-03	16:28:12[841]	-365	-360	-792	224.604862957493	0	0	-1713	1713	30	1	0	0	0	0	0	0	0	0	0	0	0	0.0
2025-11-03	16:28:14[055]	-384	-299	-774	217.905959921019	0	0	-1695	1695	30	1	0	0	0	0	0	0	0	0	0	0	0	0.0
2025-11-03	16:28:14[535]	-69	-307	-1040	257.332940074992	0	0	-1961	1961	30	1	0	0	0	0	0	0	0	0	0	0	0	0.0
2025-11-03	16:28:14[711]	-372	-352	-792	223.417646077381	0	0	-1713	1713	30	1	0	0	0	0	0	0	0	0	0	0	0	0.0
2025-11-03	16:28:15[191]	-246	-335	-792	233.709106402043	0	0	-1713	1713	34	1	0	0	0	0	0	0	0	0	0	0	0	0.0
2025-11-03	16:28:15[752]	-369	-358	-793	224.133142386429	0	0	-1714	1714	34	1	0	0	0	0	0	0	0	0	0	0	0	0.0
2025-11-03	16:28:16[118]	-408	-308	-746	217.049226573607	0	0	-1667	1667	34	1	0	0	0	0	0	0	0	0	0	0	0	0.0
2025-11-03	16:28:17[440]	-361	-359	-793	224.840845466255	0	0	-1714	1714	34	1	0	0	0	0	0	0	0	0	0	0	0	0.0
2025-11-03	16:28:17[445]	-142	-462	-807	252.914702055513	0	0	-1728	1728	34	1	0	0	0	0	0	0	0	0	0	0	0	0.0
2025-11-03	16:28:17[452]	-371	-315	-793	220.333141628561	0	0	-1714	1714	34	1	0	0	0	0	0	0	0	0	0	0	0	0.0
2025-11-03	16:28:17[783]	-582	-468	-590	218.803586570896	0	0	-1511	1511	34	1	0	0	0	0	0	0	0	0	0	0	0	0.0
2025-11-03	16:28:17[958]	-364	-362	-792	224.842160786298	0	0	-1713	1713	34	1	0	0	0	0	0	0	0	0	0	0	0	0.0
2025-11-03	16:28:18[275]	-335	-233	-845	214.819477718195	0	0	-1766	1766	34	1	0	0	0	0	0	0	0	0	0	0	0	0.0
2025-11-03	16:28:18[915]	-358	-349	-782	224.270673035127	0	0	-1703	1703	34	1	0	0	0	0	0	0	0	0	0	0	0	0.0
2025-11-03	16:28:19[379]	-378	-305	-786	218.899306902162	0	0	-1707	1707	34	1	0	0	0	0	0	0	0	0	0	0	0	0.0
2025-11-03	16:28:19[891]	-361	-345	-790	223.701734314515	0	0	-1711	1711	34	1	0	0	0	0	0	0	0	0	0	0	0	0.0
2025-11-03	16:28:20[355]	-401	-315	-752	218.150915784496	0	0	-1673	1673	38	1	0	0	0	0	0	0	0	0	0	0	0	0.0
2025-11-03	16:28:20[929]	-362	-351	-788	224.116124013622	0	0	-1709	1709	38	1	0	0	0	0	0	0	0	0	0	0	0	0.0
2025-11-03	16:28:21[397]	-397	-285	-772	215.673966258793	0	0	-1693	1693	38	1	0	0	0	0	0	0	0	0	0	0	0	0.0
2025-11-03	16:28:21[924]	-359	-349	-788	224.190791385843	0	0	-1709	1709	38	1	0	0	0	0	0	0	0	0	0	0	0	0.0
2025-11-03	16:28:22[385]	-373	-313	-790	220.001427582532	0	0	-1711	1711	38	1	0	0	0	0	0	0	0	0	0	0	0	0.0
2025-11-03	16:28:23[010]	-362	-325	-792	221.917179492328	0	0	-1713	1713	38	1	0	0	0	0	0	0	0	0	0	0	0	0.0
2025-11-03	16:28:23[473]	-370	-361	-800	224.294615645961	0	0	-1721	1721	38	1	0	0	0	0	0	0	0	0	0	0	0	0.0
2025-11-03	16:28:23[650]	-364	-314	-787	220.782282516213	0	0	-1708	1708	38	1	0	0	0	0	0	0	0	0	0	0	0	0.0
2025-11-03	16:28:24[115]	-361	-342	-781	223.451842301022	0	0	-1702	1702	38	1	0	0	0	0	0	0	0	0	0	0	0	0.0
2025-11-03	16:28:24[721]	-355	-346	-785	224.264431261912	0	0	-1706	1706	38	1	0	0	0	0	0	0	0	0	0	0	0	0.0
2025-11-03	16:28:25[332]	-359	-349	-782	224.190791385843	0	0	-1703	1703	38	1	0	0	0	0	0	0	0	0	0	0	0	0.0
2025-11-03	16:28:26[001]	-358	-348	-788	224.188499316288	0	0	-1709	1709	42	1	0	0	0	0	0	0	0	0	0	0	0	0.0
2025-11-03	16:28:26[624]	-360	-348	-786	224.028978068921	0	0	-1707	1707	42	1	0	0	0	0	0	0	0	0	0	0	0	0.0
2025-11-03	16:28:29[791]	-364	-293	-762	218.832154664637	0	0	-1683	1683	42	1	0	0	0	0	0	0	0	0	0	0	0	0.0
2025-11-03	16:28:30[047]	-371	-359	-793	224.058236391184	0	0	-1714	1714	42	1	0	0	0	0	0	0	0	0	0	0	0	0.0
2025-11-03	16:28:30[321]	-400	-281	-670	215.088041190469	0	0	-1591	1591	42	1	0	0	0	0	0	0	0	0	0	0	0	0.0
2025-11-03	16:28:30[512]	-356	-345	-790	224.100995931276	0	0	-1711	1711	42	1	0	0	0	0	0	0	0	0	0	0	0	0.0
2025-11-03	16:28:31[761]	-454	-272	-753	210.926623822099	0	0	-1674	1674	46	1	0	0	0	0	0	0	0	0	0	0	0	0.0
2025-11-03	16:28:32[224]	-524	-210	-763	201.839104072698	0	0	-1684	1684	46	1	0	0	0	0	0	0	0	0	0	0	0	0.0
2025-11-03	16:28:32[399]	-458	-254	-794	209.012099819402	0	0	-1715	1715	46	1	0	0	0	0	0	0	0	0	0	0	0	0.0
2025-11-03	16:28:32[608]	-538	-164	-750	196.952936422712	0	0	-1671	1671	46	1	0	0	0	0	0	0	0	0	0	0	0	0.0
2025-11-03	16:28:33[758]	-390	-322	-771	219.54447820808	0	0	-1692	1692	46	1	0	0	0	0	0	0	0	0	0	0	0	0.0
2025-11-03	16:28:35[150]	-397	-324	-762	219.218603381362	0	0	-1683	1683	46	1	0	0	0	0	0	0	0	0	0	0	0	0.0
2025-11-03	16:28:38[734]	-339	-283	-685	219.855407942132	0	0	-1606	1606	50	1	0	0	0	0	0	0	0	0	0	0	0	0.0
2025-11-03	16:28:38[910]	-347	-284	-681	219.298397256199	0	0	-1602	1602	50	1	0	0	0	0	0	0	0	0	0	0	0	0.0
2025-11-03	16:28:39[087]	-343	-288	-679	220.018504684177	0	0	-1600	1600	50	1	0	0	0	0	0	0	0	0	0	0	0	0.0
2025-11-03	16:28:39[263]	-339	-276	-687	219.151078354071	0	0	-1608	1608	50	1	0	0	0	0	0	0	0	0	0	0	0	0.0
2025-11-03	16:28:39[453]	-340	-274	-684	218.864727907928	0	0	-1605	1605	50	1	0	0	0	0	0	0	0	0	0	0	0	0.0
2025-11-03	16:28:39[629]	-339	-292	-690	220.74019323233	0	0	-1611	1611	50	1	0	0	0	0	0	0	0	0	0	0	0	0.0
2025-11-03	16:28:39[805]	-340	-288	-682	220.266561669425	0	0	-1603	1603	50	1	0	0	0	0	0	0	0	0	0	0	0	0.0
2025-11-03	16:28:39[981]	-329	-275	-689	219.891112652346	0	0	-1610	1610	50	1	0	0	0	0	0	0	0	0	0	0	0	0.0
2025-11-03	16:28:40[157]	-343	-285	-680	219.72332053218	0	0	-1601	1601	50	1	0	0	0	0	0	0	0	0	0	0	0	0.0
2025-11-03	16:28:40[334]	-335	-278	-681	219.687609359938	0	0	-1602	1602	50	1	0	0	0	0	0	0	0	0	0	0	0	0.0
2025-11-03	16:28:40[509]	-339	-281	-688	219.655626097097	0	0	-1609	1609	50	1	0	0	0	0	0	0	0	0	0	0	0	0.0
2025-11-03	16:28:40[687]	-341	-282	-691	219.590049789993	0	0	-1612	1612	50	1	0	0	0	0	0	0	0	0	0	0	0	0.0
2025-11-03	16:28:40[860]	-340	-281	-688	219.572730309261	0	0	-1609	1609	50	1	0	0	0	0	0	0	0	0	0	0	0	0.0
2025-11-03	16:28:41[038]	-337	-284	-684	220.121843246208	0	0	-1605	1605	49	1	0	0	0	0	0	0	0	0	0	0	0	0.0
2025-11-03	16:28:41[213]	-339	-282	-685	219.755661889285	0	0	-1606	1606	49	1	0	0	0	0	0	0	0	0	0	0	0	0.0
2025-11-03	16:28:41[388]	-339	-278	-692	219.353773784	0	0	-1613	1613	49	1	0	0	0	0	0	0	0	0	0	0	0	0.0
2025-11-03	16:28:41[565]	-340	-278	-683	219.271048715255	0	0	-1604	1604	49	1	0	0	0	0	0	0	0	0	0	0	0	0.0
2025-11-03	16:28:41[740]	-342	-278	-685	219.106470767935	0	0	-1606	1606	49	1	0	0	0	0	0	0	0	0	0	0	0	0.0
2025-11-03	16:28:41[917]	-337	-280	-683	219.721854349513	0	0	-1604	1604	49	1	0	0	0	0	0	0	0	0	0	0	0	0.0
2025-11-03	16:28:42[109]	-340	-282	-682	219.672711551813	0	0	-1603	1603	49	1	0	0	0	0	0	0	0	0	0	0	0	0.0
2025-11-03	16:28:42[287]	-344	-281	-683	219.244027670727	0	0	-1604	1604	49	1	0	0	0	0	0	0	0	0	0	0	0	0.0
2025-11-03	16:28:42[460]	-340	-278	-689	219.271048715255	0	0	-1610	1610	49	1	0	0	0	0	0	0	0	0	0	0	0	0.0
2025-11-03	16:28:42[636]	-340	-278	-683	219.271048715255	0	0	-1604	1604	49	1	0	0	0	0	0	0	0	0	0	0	0	0.0
2025-11-03	16:28:42[812]	-345	-281	-687	219.162566318099	0	0	-1608	1608	49	1	0	0	0	0	0	0	0	0	0	0	0	0.0
2025-11-03	16:28:42[989]	-338	-281	-690	219.738812276553	0	0	-1611	1611	49	1	0	0	0	0	0	0	0	0	0	0	0	0.0
2025-11-03	16:28:43[165]	-343	-280	-684	219.225674097337	0	0	-1605	1605	49	1	0	0	0	0	0	0	0	0	0	0	0	0.0
2025-11-03	16:28:43[341]	-335	-282	-683	220.090372328989	0	0	-1604	1604	49	1	0	0	0	0	0	0	0	0	0	0	0	0.0
2025-11-03	16:28:43[516]	-334	-287	-688	220.671855914151	0	0	-1609	1609	49	1	0	0	0	0	0	0	0	0	0	0	0	0.0
2025-11-03	16:28:43[695]	-345	-283	-687	219.361681538153	0	0	-1608	1608	49	1	0	0	0	0	0	0	0	0	0	0	0	0.0
2025-11-03	16:28:43[869]	-342	-280	-682	219.307648116107	0	0	-1603	1603	49	1	0	0	0	0	0	0	0	0	0	0	0	0.0
2025-11-03	16:28:44[044]	-341	-282	-687	219.590049789993	0	0	-1608	1608	49	1	0	0	0	0	0	0	0	0	0	0	0	0.0
2025-11-03	16:28:44[223]	-343	-282	-682	219.425587352807	0	0	-1603	1603	49	1	0	0	0	0	0	0	0	0	0	0	0	0.0
2025-11-03	16:28:44[396]	-345	-280	-687	219.062583900518	0	0	-1608	1608	49	1	0	0	0	0	0	0	0	0	0	0	0	0.0
2025-11-03	16:28:44[588]	-347	-282	-682	219.100074527289	0	0	-1603	1603	49	1	0	0	0	0	0	0	0	0	0	0	0	0.0
2025-11-03	16:28:44[765]	-338	-279	-684	219.537757538126	0	0	-1605	1605	49	1	0	0	0	0	0	0	0	0	0	0	0	0.0
2025-11-03	16:28:44[940]	-347	-282	-687	219.100074527289	0	0	-1608	1608	49	1	0	0	0	0	0	0	0	0	0	0	0	0.0
2025-11-03	16:28:45[116]	-338	-280	-682	219.638431019368	0	0	-1603	1603	49	1	0	0	0	0	0	0	0	0	0	0	0	0.0
2025-11-03	16:28:45[293]	-341	-274	-689	218.782540903597	0	0	-1610	1610	49	1	0	0	0	0	0	0	0	0	0	0	0	0.0
2025-11-03	16:28:45[470]	-340	-284	-687	219.871808958147	0	0	-1608	1608	49	1	0	0	0	0	0	0	0	0	0	0	0	0.0
2025-11-03	16:28:45[644]	-346	-276	-691	218.578939176509	0	0	-1612	1612	49	1	0	0	0	0	0	0	0	0	0	0	0	0.0
2025-11-03	16:28:45[820]	-340	-281	-692	219.572730309261	0	0	-1613	1613	49	1	0	0	0	0	0	0	0	0	0	0	0	0.0
2025-11-03	16:28:45[996]	-339	-280	-682	219.555299913845	0	0	-1603	1603	49	1	0	0	0	0	0	0	0	0	0	0	0	0.0
2025-11-03	16:28:46[172]	-340	-285	-688	219.970926418215	0	0	-1609	1609	48	1	0	0	0	0	0	0	0	0	0	0	0	0.0
2025-11-03	16:28:46[347]	-335	-283	-684	220.190325287968	0	0	-1605	1605	48	1	0	0	0	0	0	0	0	0	0	0	0	0.0
2025-11-03	16:28:46[524]	-344	-283	-683	219.443257109021	0	0	-1604	1604	48	1	0	0	0	0	0	0	0	0	0	0	0	0.0
2025-11-03	16:28:46[699]	-343	-275	-683	218.720869452479	0	0	-1604	1604	48	1	0	0	0	0	0	0	0	0	0	0	0	0.0
2025-11-03	16:28:46[877]	-342	-278	-687	219.106470767935	0	0	-1608	1608	48	1	0	0	0	0	0	0	0	0	0	0	0	0.0
2025-11-03	16:28:47[069]	-340	-281	-684	219.572730309261	0	0	-1605	1605	48	1	0	0	0	0	0	0	0	0	0	0	0	0.0
2025-11-03	16:28:47[227]	-342	-281	-685	219.407805221022	0	0	-1606	1606	48	1	0	0	0	0	0	0	0	0	0	0	0	0.0
2025-11-03	16:28:47[403]	-342	-282	-684	219.507675442873	0	0	-1605	1605	48	1	0	0	0	0	0	0	0	0	0	0	0	0.0
2025-11-03	16:28:47[579]	-340	-287	-683	220.16830211644	0	0	-1604	1604	48	1	0	0	0	0	0	0	0	0	0	0	0	0.0
2025-11-03	16:28:47[755]	-338	-283	-685	219.938700749894	0	0	-1606	1606	48	1	0	0	0	0	0	0	0	0	0	0	0	0.0
2025-11-03	16:28:47[947]	-345	-282	-687	219.262265329944	0	0	-1608	1608	48	1	0	0	0	0	0	0	0	0	0	0	0	0.0
2025-11-03	16:28:48[125]	-339	-282	-681	219.755661889285	0	0	-1602	1602	48	1	0	0	0	0	0	0	0	0	0	0	0	0.0
2025-11-03	16:28:48[299]	-343	-279	-685	219.125288273924	0	0	-1606	1606	48	1	0	0	0	0	0	0	0	0	0	0	0	0.0
2025-11-03	16:28:48[475]	-336	-279	-686	219.704787063383	0	0	-1607	1607	48	1	0	0	0	0	0	0	0	0	0	0	0	0.0
2025-11-03	16:28:48[651]	-342	-284	-685	219.706557746969	0	0	-1606	1606	48	1	0	0	0	0	0	0	0	0	0	0	0	0.0
2025-11-03	16:28:48[826]	-341	-284	-688	219.789040285017	0	0	-1609	1609	48	1	0	0	0	0	0	0	0	0	0	0	0	0.0
2025-11-03	16:28:49[005]	-343	-287	-684	219.920392139985	0	0	-1605	1605	48	1	0	0	0	0	0	0	0	0	0	0	0	0.0
2025-11-03	16:28:49[178]	-342	-282	-684	219.507675442873	0	0	-1605	1605	48	1	0	0	0	0	0	0	0	0	0	0	0	0.0
2025-11-03	16:28:49[354]	-342	-283	-691	219.607259408223	0	0	-1612	1612	48	1	0	0	0	0	0	0	0	0	0	0	0	0.0
2025-11-03	16:28:49[533]	-339	-286	-685	220.152914230226	0	0	-1606	1606	48	1	0	0	0	0	0	0	0	0	0	0	0	0.0
2025-11-03	16:28:49[708]	-342	-282	-692	219.507675442873	0	0	-1613	1613	48	1	0	0	0	0	0	0	0	0	0	0	0	0.0
2025-11-03	16:28:49[883]	-343	-284	-693	219.624360202903	0	0	-1614	1614	48	1	0	0	0	0	0	0	0	0	0	0	0	0.0
2025-11-03	16:28:50[059]	-341	-286	-688	219.986886244964	0	0	-1609	1609	48	1	0	0	0	0	0	0	0	0	0	0	0	0.0
2025-11-03	16:28:50[237]	-338	-278	-682	219.436791179256	0	0	-1603	1603	48	1	0	0	0	0	0	0	0	0	0	0	0	0.0
2025-11-03	16:28:50[411]	-335	-279	-686	219.788744138413	0	0	-1607	1607	48	1	0	0	0	0	0	0	0	0	0	0	0	0.0
2025-11-03	16:28:50[603]	-340	-285	-681	219.970926418215	0	0	-1602	1602	48	1	0	0	0	0	0	0	0	0	0	0	0	0.0
2025-11-03	16:28:50[779]	-342	-282	-687	219.507675442873	0	0	-1608	1608	48	1	0	0	0	0	0	0	0	0	0	0	0	0.0
2025-11-03	16:28:50[955]	-339	-283	-690	219.855407942132	0	0	-1611	1611	48	1	0	0	0	0	0	0	0	0	0	0	0	0.0
2025-11-03	16:28:51[130]	-339	-281	-682	219.655626097097	0	0	-1603	1603	48	1	0	0	0	0	0	0	0	0	0	0	0	0.0
2025-11-03	16:28:51[306]	-340	-286	-686	220.069757252337	0	0	-1607	1607	47	1	0	0	0	0	0	0	0	0	0	0	0	0.0
2025-11-03	16:28:51[485]	-338	-277	-690	219.335531292653	0	0	-1611	1611	47	1	0	0	0	0	0	0	0	0	0	0	0	0.0
2025-11-03	16:28:51[658]	-334	-283	-685	220.274786056371	0	0	-1606	1606	47	1	0	0	0	0	0	0	0	0	0	0	0	0.0
2025-11-03	16:28:51[834]	-346	-282	-690	219.181029098605	0	0	-1611	1611	47	1	0	0	0	0	0	0	0	0	0	0	0	0.0
2025-11-03	16:28:52[010]	-339	-279	-692	219.454682691138	0	0	-1613	1613	47	1	0	0	0	0	0	0	0	0	0	0	0	0.0
2025-11-03	16:28:52[187]	-343	-276	-684	218.822406695244	0	0	-1605	1605	47	1	0	0	0	0	0	0	0	0	0	0	0	0.0
2025-11-03	16:28:52[362]	-340	-282	-686	219.672711551813	0	0	-1607	1607	47	1	0	0	0	0	0	0	0	0	0	0	0	0.0
2025-11-03	16:28:52[538]	-341	-283	-691	219.689688425489	0	0	-1612	1612	47	1	0	0	0	0	0	0	0	0	0	0	0	0.0
2025-11-03	16:28:52[714]	-347	-282	-683	219.100074527289	0	0	-1604	1604	47	1	0	0	0	0	0	0	0	0	0	0	0	0.0
2025-11-03	16:28:52[892]	-341	-284	-687	219.789040285017	0	0	-1608	1608	47	1	0	0	0	0	0	0	0	0	0	0	0	0.0
2025-11-03	16:28:53[082]	-334	-280	-683	219.973889584302	0	0	-1604	1604	47	1	0	0	0	0	0	0	0	0	0	0	0	0.0
2025-11-03	16:28:53[258]	-334	-283	-687	220.274786056371	0	0	-1608	1608	47	1	0	0	0	0	0	0	0	0	0	0	0	0.0
2025-11-03	16:28:53[434]	-341	-282	-689	219.590049789993	0	0	-1610	1610	47	1	0	0	0	0	0	0	0	0	0	0	0	0.0
2025-11-03	16:28:53[609]	-338	-280	-683	219.638431019368	0	0	-1604	1604	47	1	0	0	0	0	0	0	0	0	0	0	0	0.0
2025-11-03	16:28:53[786]	-343	-285	-686	219.72332053218	0	0	-1607	1607	47	1	0	0	0	0	0	0	0	0	0	0	0	0.0
2025-11-03	16:28:53[962]	-336	-283	-693	220.106158259129	0	0	-1614	1614	47	1	0	0	0	0	0	0	0	0	0	0	0	0.0
2025-11-03	16:28:54[139]	-335	-283	-688	220.190325287968	0	0	-1609	1609	47	1	0	0	0	0	0	0	0	0	0	0	0	0.0
2025-11-03	16:28:54[314]	-343	-281	-691	219.32577358533	0	0	-1612	1612	47	1	0	0	0	0	0	0	0	0	0	0	0	0.0
2025-11-03	16:28:54[490]	-338	-284	-686	220.038209289809	0	0	-1607	1607	47	1	0	0	0	0	0	0	0	0	0	0	0	0.0
2025-11-03	16:28:54[666]	-340	-283	-683	219.772404219262	0	0	-1604	1604	47	1	0	0	0	0	0	0	0	0	0	0	0	0.0
2025-11-03	16:28:54[844]	-339	-281	-682	219.655626097097	0	0	189	1603	47	1	0	0	0	0	0	0	0	0	0	0	0	0.0
2025-11-03	16:28:55[019]	-339	-285	-687	220.054033452896	0	0	-1608	1608	47	1	0	0	0	0	0	0	0	0	0	0	0	0.0
2025-11-03	16:28:55[193]	-331	-237	-680	215.603121258104	0	0	-1601	1601	47	1	0	0	0	0	0	0	0	0	0	0	0	0.0
2025-11-03	16:28:55[369]	-310	-67	-646	192.19569646523	0	0	-1567	1567	47	1	0	0	0	0	0	0	0	0	0	0	0	0.0
2025-11-03	16:28:55[548]	-322	-34	-625	186.027530295521	0	0	-1546	1546	47	1	0	0	0	0	0	0	0	0	0	0	0	0.0
2025-11-03	16:28:55[737]	-311	-83	-651	194.942883213508	0	0	-1572	1572	47	1	0	0	0	0	0	0	0	0	0	0	0	0.0
2025-11-03	16:28:55[913]	-266	-155	-670	210.229644656942	0	0	-1591	1591	47	1	0	0	0	0	0	0	0	0	0	0	0	0.0
2025-11-03	16:28:56[301]	-263	-156	-668	210.674548659854	0	0	-1589	1589	47	1	0	0	0	0	0	0	0	0	0	0	0	0.0
2025-11-03	16:28:56[306]	-266	-160	-673	211.027066759913	0	0	-1594	1594	47	1	0	0	0	0	0	0	0	0	0	0	0	0.0
2025-11-03	16:28:56[442]	-259	-158	-670	211.384803296201	0	0	-1591	1591	46	1	0	0	0	0	0	0	0	0	0	0	0	0.0
2025-11-03	16:28:56[617]	-268	-155	-669	210.043294116937	0	0	-1590	1590	46	1	0	0	0	0	0	0	0	0	0	0	0	0.0
2025-11-03	16:28:56[794]	-262	-158	-664	211.092222190145	0	0	-1585	1585	46	1	0	0	0	0	0	0	0	0	0	0	0	0.0
2025-11-03	16:28:56[969]	-267	-155	-667	210.136208378554	0	0	-1588	1588	46	1	0	0	0	0	0	0	0	0	0	0	0	0.0
2025-11-03	16:28:57[145]	-262	-157	-663	210.93158596863	0	0	-1584	1584	46	1	0	0	0	0	0	0	0	0	0	0	0	0.0
2025-11-03	16:28:57[322]	-262	-161	-670	211.570883730029	0	0	-1591	1591	46	1	0	0	0	0	0	0	0	0	0	0	0	0.0
2025-11-03	16:28:57[498]	-264	-162	-668	211.534791905188	0	0	-1589	1589	46	1	0	0	0	0	0	0	0	0	0	0	0	0.0
2025-11-03	16:28:57[675]	-266	-153	-669	209.906995034339	0	0	-1590	1590	46	1	0	0	0	0	0	0	0	0	0	0	0	0.0
2025-11-03	16:28:57[849]	-262	-159	-665	211.252317055717	0	0	-1586	1586	46	1	0	0	0	0	0	0	0	0	0	0	0	0.0
2025-11-03	16:28:58[040]	-268	-161	-665	210.995185919768	0	0	-1586	1586	46	1	0	0	0	0	0	0	0	0	0	0	0	0.0
2025-11-03	16:28:58[219]	-260	-154	-671	210.638585338187	0	0	-1592	1592	46	1	0	0	0	0	0	0	0	0	0	0	0	0.0
2025-11-03	16:28:58[393]	-267	-160	-663	210.932188612671	0	0	-1584	1584	46	1	0	0	0	0	0	0	0	0	0	0	0	0.0
2025-11-03	16:28:58[569]	-263	-154	-670	210.35116321246	0	0	-1591	1591	46	1	0	0	0	0	0	0	0	0	0	0	0	0.0
2025-11-03	16:28:58[743]	-263	-154	-665	210.35116321246	0	0	-1586	1586	46	1	0	0	0	0	0	0	0	0	0	0	0	0.0
2025-11-03	16:28:58[921]	-262	-155	-671	210.608688641078	0	0	-1592	1592	46	1	0	0	0	0	0	0	0	0	0	0	0	0.0
2025-11-03	16:28:59[096]	-266	-157	-666	210.55019062538	0	0	-1587	1587	46	1	0	0	0	0	0	0	0	0	0	0	0	0.0
2025-11-03	16:28:59[272]	-262	-154	-664	210.446427209287	0	0	-1585	1585	46	1	0	0	0	0	0	0	0	0	0	0	0	0.0
2025-11-03	16:28:59[448]	-266	-155	-669	210.229644656942	0	0	-1590	1590	46	1	0	0	0	0	0	0	0	0	0	0	0	0.0
2025-11-03	16:28:59[625]	-259	-160	-671	211.706139169702	0	0	-1592	1592	46	1	0	0	0	0	0	0	0	0	0	0	0	0.0
2025-11-03	16:28:59[800]	-264	-160	-670	211.218402764346	0	0	-1591	1591	46	1	0	0	0	0	0	0	0	0	0	0	0	0.0
2025-11-03	16:28:59[977]	-260	-156	-662	210.963756532074	0	0	-1583	1583	46	1	0	0	0	0	0	0	0	0	0	0	0	0.0
2025-11-03	16:29:00[153]	-269	-154	-669	209.790736252749	0	0	-1590	1590	46	1	0	0	0	0	0	0	0	0	0	0	0	0.0
2025-11-03	16:29:00[328]	-261	-159	-670	211.349580865243	0	0	-1591	1591	46	1	0	0	0	0	0	0	0	0	0	0	0	0.0
2025-11-03	16:29:00[504]	-262	-154	-671	210.446427209287	0	0	-1592	1592	46	1	0	0	0	0	0	0	0	0	0	0	0	0.0
2025-11-03	16:29:00[696]	-268	-158	-667	210.521570761623	0	0	-1588	1588	46	1	0	0	0	0	0	0	0	0	0	0	0	0.0
2025-11-03	16:29:00[874]	-261	-152	-663	210.215472599837	0	0	-1584	1584	46	1	0	0	0	0	0	0	0	0	0	0	0	0.0
2025-11-03	16:29:01[051]	-266	-158	-667	210.709674918182	0	0	-1588	1588	46	1	0	0	0	0	0	0	0	0	0	0	0	0.0
2025-11-03	16:29:01[224]	-266	-162	-662	211.342357494188	0	0	-1583	1583	46	1	0	0	0	0	0	0	0	0	0	0	0	0.0
2025-11-03	16:29:01[400]	-265	-161	-661	211.280654735978	0	0	-1582	1582	46	1	0	0	0	0	0	0	0	0	0	0	0	0.0
2025-11-03	16:29:01[576]	-271	-153	-670	209.448014629618	0	0	-1591	1591	45	1	0	0	0	0	0	0	0	0	0	0	0	0.0
2025-11-03	16:29:01[752]	-266	-158	-666	210.709674918182	0	0	-1587	1587	45	1	0	0	0	0	0	0	0	0	0	0	0	0.0
2025-11-03	16:29:01[928]	-266	-160	-663	211.027066759913	0	0	-1584	1584	45	1	0	0	0	0	0	0	0	0	0	0	0	0.0
2025-11-03	16:29:02[105]	-268	-156	-662	210.203237754943	0	0	-1583	1583	45	1	0	0	0	0	0	0	0	0	0	0	0	0.0
2025-11-03	16:29:02[281]	-269	-150	-664	209.144947416688	0	0	-1585	1585	45	1	0	0	0	0	0	0	0	0	0	0	0	0.0
2025-11-03	16:29:02[456]	-256	-152	-667	210.699722550814	0	0	-1588	1588	45	1	0	0	0	0	0	0	0	0	0	0	0	0.0
2025-11-03	16:29:02[631]	-265	-159	-668	210.963756532074	0	0	-1589	1589	45	1	0	0	0	0	0	0	0	0	0	0	0	0.0
2025-11-03	16:29:02[808]	-266	-159	-668	210.868633576559	0	0	-1589	1589	45	1	0	0	0	0	0	0	0	0	0	0	0	0.0
2025-11-03	16:29:04[096]	-263	-160	-661	211.314868334471	0	0	-1582	1582	45	1	0	0	0	0	0	0	0	0	0	0	0	0.0
2025-11-03	16:29:04[101]	-264	-160	-662	211.218402764346	0	0	-1583	1583	45	1	0	0	0	0	0	0	0	0	0	0	0	0.0
2025-11-03	16:29:04[109]	-267	-157	-667	210.456166006544	0	0	-1588	1588	45	1	0	0	0	0	0	0	0	0	0	0	0	0.0
2025-11-03	16:29:04[114]	-265	-156	-667	210.48443882793	0	0	-1588	1588	45	1	0	0	0	0	0	0	0	0	0	0	0	0.0
2025-11-03	16:29:04[120]	-260	-159	-661	211.447389779612	0	0	-1582	1582	45	1	0	0	0	0	0	0	0	0	0	0	0	0.0
2025-11-03	16:29:04[126]	-264	-157	-664	210.73982106899	0	0	-1585	1585	45	1	0	0	0	0	0	0	0	0	0	0	0	0.0
2025-11-03	16:29:04[132]	-265	-158	-668	210.80451353045	0	0	-1589	1589	45	1	0	0	0	0	0	0	0	0	0	0	0	0.0
2025-11-03	16:29:04[233]	-263	-155	-669	210.513124861614	0	0	-1590	1590	45	1	0	0	0	0	0	0	0	0	0	0	0	0.0
2025-11-03	16:29:04[408]	-258	-157	-671	211.321647149749	0	0	-1592	1592	45	1	0	0	0	0	0	0	0	0	0	0	0	0.0
2025-11-03	16:29:04[583]	-262	-154	-667	210.446427209287	0	0	-1588	1588	45	1	0	0	0	0	0	0	0	0	0	0	0	0.0
2025-11-03	16:29:04[759]	-265	-159	-668	210.963756532074	0	0	-1589	1589	45	1	0	0	0	0	0	0	0	0	0	0	0	0.0
2025-11-03	16:29:04[936]	-269	-156	-665	210.110545447664	0	0	-1586	1586	45	1	0	0	0	0	0	0	0	0	0	0	0	0.0
2025-11-03	16:29:05[110]	-268	-157	-662	210.362663284253	0	0	-1583	1583	45	1	0	0	0	0	0	0	0	0	0	0	0	0.0
2025-11-03	16:29:05[286]	-266	-155	-667	210.229644656942	0	0	-1588	1588	45	1	0	0	0	0	0	0	0	0	0	0	0	0.0
2025-11-03	16:29:05[463]	-266	-153	-663	209.906995034339	0	0	-1584	1584	45	1	0	0	0	0	0	0	0	0	0	0	0	0.0
2025-11-03	16:29:05[655]	-263	-159	-669	211.155594362684	0	0	-1590	1590	45	1	0	0	0	0	0	0	0	0	0	0	0	0.0
2025-11-03	16:29:05[830]	-265	-153	-667	210.00035328637	0	0	-1588	1588	45	1	0	0	0	0	0	0	0	0	0	0	0	0.0
2025-11-03	16:29:06[007]	-264	-153	-665	210.094241476445	0	0	-1586	1586	45	1	0	0	0	0	0	0	0	0	0	0	0	0.0
2025-11-03	16:29:06[183]	-268	-158	-670	210.521570761623	0	0	-1591	1591	45	1	0	0	0	0	0	0	0	0	0	0	0	0.0
2025-11-03	16:29:06[361]	-264	-154	-664	210.256437163529	0	0	-1585	1585	45	1	0	0	0	0	0	0	0	0	0	0	0	0.0
2025-11-03	16:29:06[534]	-261	-161	-661	211.668702585624	0	0	-1582	1582	45	1	0	0	0	0	0	0	0	0	0	0	0	0.0
2025-11-03	16:29:06[712]	-264	-156	-662	210.579226872489	0	0	-1583	1583	44	1	0	0	0	0	0	0	0	0	0	0	0	0.0
2025-11-03	16:29:06[887]	-262	-154	-665	210.446427209287	0	0	-1586	1586	44	1	0	0	0	0	0	0	0	0	0	0	0	0.0
2025-11-03	16:29:07[062]	-266	-154	-667	210.068582821862	0	0	-1588	1588	44	1	0	0	0	0	0	0	0	0	0	0	0	0.0
2025-11-03	16:29:07[238]	-264	-155	-669	210.418098938658	0	0	-1590	-970	44	1	0	0	0	0	0	0	0	0	0	0	0	0.0
2025-11-03	16:29:07[414]	-266	-155	-667	210.229644656942	0	0	-1588	1588	44	1	0	0	0	0	0	0	0	0	0	0	0	0.0
2025-11-03	16:29:07[590]	-265	-158	-669	210.80451353045	0	0	-1590	1590	44	1	0	0	0	0	0	0	0	0	0	0	0	0.0
2025-11-03	16:29:07[766]	-262	-159	-667	211.252317055717	0	0	-1588	1588	44	1	0	0	0	0	0	0	0	0	0	0	0	0.0
2025-11-03	16:29:07[942]	-263	-159	-664	211.155594362684	0	0	-1585	1585	44	1	0	0	0	0	0	0	0	0	0	0	0	0.0
2025-11-03	16:29:08[136]	-263	-159	-668	211.155594362684	0	0	-1589	1589	44	1	0	0	0	0	0	0	0	0	0	0	0	0.0
2025-11-03	16:29:08[311]	-266	-155	-667	210.229644656942	0	0	-1588	1588	44	1	0	0	0	0	0	0	0	0	0	0	0	0.0
2025-11-03	16:29:08[487]	-263	-148	-665	209.368095741147	0	0	-1586	1586	44	1	0	0	0	0	0	0	0	0	0	0	0	0.0
2025-11-03	16:29:08[661]	-270	-151	-666	209.216506969762	0	0	-1587	1587	44	1	0	0	0	0	0	0	0	0	0	0	0	0.0
2025-11-03	16:29:08[837]	-262	-164	-666	212.044680718734	0	0	-1587	1587	44	1	0	0	0	0	0	0	0	0	0	0	0	0.0
2025-11-03	16:29:09[015]	-264	-162	-667	211.534791905188	0	0	-1588	1588	44	1	0	0	0	0	0	0	0	0	0	0	0	0.0
2025-11-03	16:29:09[191]	-260	-156	-666	210.963756532074	0	0	-1587	1587	44	1	0	0	0	0	0	0	0	0	0	0	0	0.0
2025-11-03	16:29:09[365]	-260	-159	-665	211.447389779612	0	0	-1586	1586	44	1	0	0	0	0	0	0	0	0	0	0	0	0.0
2025-11-03	16:29:09[542]	-274	-154	-666	209.337893654674	0	0	-1587	1587	44	1	0	0	0	0	0	0	0	0	0	0	0	0.0
2025-11-03	16:29:09[719]	-265	-151	-671	209.674980014608	0	0	-1592	1592	44	1	0	0	0	0	0	0	0	0	0	0	0	0.0
2025-11-03	16:29:09[893]	-267	-158	-666	210.615361945595	0	0	-1587	1587	44	1	0	0	0	0	0	0	0	0	0	0	0	0.0
2025-11-03	16:29:10[069]	-264	-152	-666	209.931511840508	0	0	-1587	1587	44	1	0	0	0	0	0	0	0	0	0	0	0	0.0
2025-11-03	16:29:10[245]	-266	-156	-665	210.390180570273	0	0	-1586	1586	44	1	0	0	0	0	0	0	0	0	0	0	0	0.0
2025-11-03	16:29:10[424]	-267	-159	-666	210.774036101248	0	0	-1587	1587	44	1	0	0	0	0	0	0	0	0	0	0	0	0.0
2025-11-03	16:29:10[613]	-267	-150	-666	209.327179490457	0	0	-1587	1587	44	1	0	0	0	0	0	0	0	0	0	0	0	0.0
2025-11-03	16:29:10[789]	-266	-152	-666	209.744881296942	0	0	-1587	1587	44	1	0	0	0	0	0	0	0	0	0	0	0	0.0
2025-11-03	16:29:10[966]	-268	-157	-670	210.362663284253	0	0	-1591	1591	44	1	0	0	0	0	0	0	0	0	0	0	0	0.0
2025-11-03	16:29:11[142]	-266	-158	-668	210.709674918182	0	0	-1589	1589	44	1	0	0	0	0	0	0	0	0	0	0	0	0.0
2025-11-03	16:29:11[318]	-264	-164	-672	211.849051319055	0	0	-1593	1593	44	1	0	0	0	0	0	0	0	0	0	0	0	0.0
2025-11-03	16:29:11[493]	-264	-155	-663	210.418098938658	0	0	-1584	1584	44	1	0	0	0	0	0	0	0	0	0	0	0	0.0
2025-11-03	16:29:11[668]	-267	-156	-663	210.296448176238	0	0	-1584	1584	44	1	0	0	0	0	0	0	0	0	0	0	0	0.0
2025-11-03	16:29:11[846]	-265	-152	-670	209.837931608174	0	0	-1591	1591	43	1	0	0	0	0	0	0	0	0	0	0	0	0.0
2025-11-03	16:29:12[020]	-264	-152	-669	209.931511840508	0	0	-1590	1590	43	1	0	0	0	0	0	0	0	0	0	0	0	0.0
2025-11-03	16:29:12[196]	-270	-162	-669	210.963756532074	0	0	-1590	1590	43	1	0	0	0	0	0	0	0	0	0	0	0	0.0
2025-11-03	16:29:12[376]	-265	-153	-672	210.00035328637	0	0	-1593	1593	43	1	0	0	0	0	0	0	0	0	0	0	0	0.0
2025-11-03	16:29:12[729]	-266	-158	-665	210.709674918182	0	0	-1586	1586	43	1	0	0	0	0	0	0	0	0	0	0	0	0.0
2025-11-03	16:29:12[738]	-265	-161	-669	211.280654735978	0	0	-1590	1590	43	1	0	0	0	0	0	0	0	0	0	0	0	0.0
2025-11-03	16:29:12[900]	-264	-160	-669	211.218402764346	0	0	-1590	1590	43	1	0	0	0	0	0	0	0	0	0	0	0	0.0
2025-11-03	16:29:13[079]	-267	-152	-668	209.652356905003	0	0	-1589	1589	43	1	0	0	0	0	0	0	0	0	0	0	0	0.0
2025-11-03	16:29:13[269]	-269	-160	-664	210.743992976038	0	0	-1585	1585	43	1	0	0	0	0	0	0	0	0	0	0	0	0.0
2025-11-03	16:29:13[445]	-262	-154	-671	210.446427209287	0	0	-1592	1592	43	1	0	0	0	0	0	0	0	0	0	0	0	0.0
2025-11-03	16:29:13[622]	-262	-159	-665	211.252317055717	0	0	-1586	1586	43	1	0	0	0	0	0	0	0	0	0	0	0	0.0
2025-11-03	16:29:13[798]	-264	-149	-665	209.440119386521	0	0	-1586	1586	43	1	0	0	0	0	0	0	0	0	0	0	0	0.0
2025-11-03	16:29:13[973]	-264	-157	-668	210.73982106899	0	0	-1589	1589	43	1	0	0	0	0	0	0	0	0	0	0	0	0.0
2025-11-03	16:29:14[149]	-267	-156	-670	210.296448176238	0	0	-1591	1591	43	1	0	0	0	0	0	0	0	0	0	0	0	0.0
2025-11-03	16:29:14[326]	-261	-155	-672	210.704794320254	0	0	-1593	1593	43	1	0	0	0	0	0	0	0	0	0	0	0	0.0
2025-11-03	16:29:14[500]	-266	-161	-663	211.184974658738	0	0	-1584	1584	43	1	0	0	0	0	0	0	0	0	0	0	0	0.0
2025-11-03	16:29:14[677]	-262	-157	-669	210.93158596863	0	0	-1590	1590	43	1	0	0	0	0	0	0	0	0	0	0	0	0.0
2025-11-03	16:29:14[853]	-265	-152	-663	209.837931608174	0	0	-1584	1584	43	1	0	0	0	0	0	0	0	0	0	0	0	0.0
2025-11-03	16:29:15[029]	-266	-158	-669	210.709674918182	0	0	-1590	1590	43	1	0	0	0	0	0	0	0	0	0	0	0	0.0
2025-11-03	16:29:15[206]	-265	-157	-664	210.644741011847	0	0	-1585	1585	43	1	0	0	0	0	0	0	0	0	0	0	0	0.0
2025-11-03	16:29:15[380]	-261	-160	-672	211.509414125489	0	0	-1593	1593	43	1	0	0	0	0	0	0	0	0	0	0	0	0.0
2025-11-03	16:29:15[555]	-267	-157	-672	210.456166006544	0	0	-1593	1593	43	1	0	0	0	0	0	0	0	0	0	0	0	0.0
2025-11-03	16:29:15[749]	-266	-152	-674	209.744881296942	0	0	-1595	1595	43	1	0	0	0	0	0	0	0	0	0	0	0	0.0
2025-11-03	16:29:15[924]	-266	-156	-671	210.390180570273	0	0	-1592	1592	43	1	0	0	0	0	0	0	0	0	0	0	0	0.0
2025-11-03	16:29:16[101]	-261	-156	-663	210.866809451137	0	0	-1584	1584	43	1	0	0	0	0	0	0	0	0	0	0	0	0.0
2025-11-03	16:29:16[278]	-269	-158	-672	210.428297546509	0	0	-1593	1593	43	1	0	0	0	0	0	0	0	0	0	0	0	0.0
2025-11-03	16:29:16[455]	-266	-154	-669	210.068582821862	0	0	-1590	1590	43	1	0	0	0	0	0	0	0	0	0	0	0	0.0
2025-11-03	16:29:16[628]	-265	-157	-669	210.644741011847	0	0	-1590	1590	43	1	0	0	0	0	0	0	0	0	0	0	0	0.0
2025-11-03	16:29:16[803]	-262	-150	-669	209.791960809365	0	0	-1590	1590	43	1	0	0	0	0	0	0	0	0	0	0	0	0.0
2025-11-03	16:29:16[981]	-267	-158	-676	210.615361945595	0	0	-1597	1597	42	1	0	0	0	0	0	0	0	0	0	0	0	0.0
2025-11-03	16:29:17[156]	-260	-152	-663	210.311213226682	0	0	-1584	1584	42	1	0	0	0	0	0	0	0	0	0	0	0	0.0
2025-11-03	16:29:17[335]	-267	-158	-672	210.615361945595	0	0	-1593	1593	42	1	0	0	0	0	0	0	0	0	0	0	0	0.0
2025-11-03	16:29:17[508]	-265	-159	-667	210.963756532074	0	0	-1588	1588	42	1	0	0	0	0	0	0	0	0	0	0	0	0.0
2025-11-03	16:29:17[684]	-270	-149	-673	208.892191300818	0	0	-1594	1594	42	1	0	0	0	0	0	0	0	0	0	0	0	0.0
2025-11-03	16:29:17[860]	-267	-150	-670	209.327179490457	0	0	-1591	1591	42	1	0	0	0	0	0	0	0	0	0	0	0	0.0
2025-11-03	16:29:18[034]	-264	-157	-670	210.73982106899	0	0	-1591	1591	42	1	0	0	0	0	0	0	0	0	0	0	0	0.0
2025-11-03	16:29:18[228]	-262	-159	-668	211.252317055717	0	0	-1589	1589	42	1	0	0	0	0	0	0	0	0	0	0	0	0.0
2025-11-03	16:29:18[404]	-264	-156	-667	210.579226872489	0	0	-1588	1588	42	1	0	0	0	0	0	0	0	0	0	0	0	0.0
2025-11-03	16:29:18[579]	-264	-156	-669	210.579226872489	0	0	-1590	1590	42	1	0	0	0	0	0	0	0	0	0	0	0	0.0
2025-11-03	16:29:18[754]	-260	-152	-669	210.311213226682	0	0	-1590	1590	42	1	0	0	0	0	0	0	0	0	0	0	0	0.0
2025-11-03	16:29:18[932]	-267	-149	-667	209.163808120932	0	0	-1588	1588	42	1	0	0	0	0	0	0	0	0	0	0	0	0.0
2025-11-03	16:29:19[110]	-267	-159	-669	210.774036101248	0	0	-1590	1590	42	1	0	0	0	0	0	0	0	0	0	0	0	0.0
2025-11-03	16:29:19[287]	-262	-160	-670	211.411870810116	0	0	-1591	1591	42	1	0	0	0	0	0	0	0	0	0	0	0	0.0
2025-11-03	16:29:19[459]	-265	-158	-669	210.80451353045	0	0	-1590	1590	42	1	0	0	0	0	0	0	0	0	0	0	0	0.0
2025-11-03	16:29:19[636]	-264	-155	-672	210.418098938658	0	0	-1593	1593	42	1	0	0	0	0	0	0	0	0	0	0	0	0.0
2025-11-03	16:29:19[813]	-262	-152	-671	210.120278247997	0	0	-1592	1592	42	1	0	0	0	0	0	0	0	0	0	0	0	0.0
2025-11-03	16:29:19[988]	-265	-156	-671	210.48443882793	0	0	-1592	1592	42	1	0	0	0	0	0	0	0	0	0	0	0	0.0
2025-11-03	16:29:20[164]	-33	-329	-610	264.272164678395	0	0	-1531	1531	42	1	0	0	0	0	0	0	0	0	0	0	0	0.0
2025-11-03	16:29:20[344]	127	-459	-476	285.466151927436	0	0	-1397	1397	42	1	0	0	0	0	0	0	0	0	0	0	0	0.0
2025-11-03	16:29:20[516]	212	-551	-257	291.044478771893	0	0	-1178	1178	42	1	0	0	0	0	0	0	0	0	0	0	0	0.0
2025-11-03	16:29:20[708]	211	-583	-160	289.896258913803	0	0	-1081	1081	42	1	0	0	0	0	0	0	0	0	0	0	0	0.0
2025-11-03	16:29:20[884]	222	-580	-100	290.944778052847	0	0	-1021	1021	42	1	0	0	0	0	0	0	0	0	0	0	0	0.0
2025-11-03	16:29:21[060]	210	-593	-132	289.500659913933	0	0	-1053	1053	42	1	0	0	0	0	0	0	0	0	0	0	0	0.0
2025-11-03	16:29:21[236]	92	-608	-323	278.604481593093	0	0	-1244	1244	42	1	0	0	0	0	0	0	0	0	0	0	0	0.0
2025-11-03	16:29:21[411]	-23	-603	-404	267.815647738997	0	0	-1325	1325	42	1	0	0	0	0	0	0	0	0	0	0	0	0.0
2025-11-03	16:29:21[588]	-166	-518	-508	252.231251147261	0	0	-1429	1429	42	1	0	0	0	0	0	0	0	0	0	0	0	0.0
2025-11-03	16:29:21[763]	-289	-445	-534	236.998766471434	0	0	-1455	1455	42	1	0	0	0	0	0	0	0	0	0	0	0	0.0
2025-11-03	16:29:21[939]	-292	-435	-541	236.12794543273	0	0	-1462	1462	42	1	0	0	0	0	0	0	0	0	0	0	0	0.0
2025-11-03	16:29:22[117]	-271	-450	-535	238.942714691202	0	0	-1456	1456	41	1	0	0	0	0	0	0	0	0	0	0	0	0.0
2025-11-03	16:29:22[292]	-216	-531	-489	247.8645081219	0	0	-1410	1410	41	1	0	0	0	0	0	0	0	0	0	0	0	0.0
2025-11-03	16:29:22[466]	-225	-553	-456	247.859987982573	0	0	-1377	1377	41	1	0	0	0	0	0	0	0	0	0	0	0	0.0
2025-11-03	16:29:22[643]	-209	-565	-444	249.699986285634	0	0	-1365	1365	41	1	0	0	0	0	0	0	0	0	0	0	0	0.0
2025-11-03	16:29:22[818]	-222	-562	-450	248.445098185395	0	0	-1371	1371	41	1	0	0	0	0	0	0	0	0	0	0	0	0.0
2025-11-03	16:29:22[994]	-231	-570	-435	247.939100532792	0	0	-1356	1356	41	1	0	0	0	0	0	0	0	0	0	0	0	0.0
2025-11-03	16:29:23[188]	-222	-603	-395	249.788351493088	0	0	-1316	1316	41	1	0	0	0	0	0	0	0	0	0	0	0	0.0
2025-11-03	16:29:23[362]	-302	-429	-550	234.85588330491	0	0	-1471	1471	41	1	0	0	0	0	0	0	0	0	0	0	0	0.0
2025-11-03	16:29:23[538]	-279	-299	-625	226.981762252956	0	0	-1546	1546	41	1	0	0	0	0	0	0	0	0	0	0	0	0.0
2025-11-03	16:29:23[714]	-296	-243	-639	219.384145342322	0	0	-1560	1560	41	1	0	0	0	0	0	0	0	0	0	0	0	0.0
2025-11-03	16:29:24[253]	-232	-225	-650	224.122452746783	0	0	-1571	1571	41	1	0	0	0	0	0	0	0	0	0	0	0	0.0
2025-11-03	16:29:24[258]	-238	-223	-654	223.136369664658	0	0	-1575	1575	41	1	0	0	0	0	0	0	0	0	0	0	0	0.0
2025-11-03	16:29:24[264]	-234	-219	-649	223.103481696791	0	0	-1570	1570	41	1	0	0	0	0	0	0	0	0	0	0	0	0.0
2025-11-03	16:29:24[418]	-238	-222	-651	223.007906427034	0	0	-1572	1572	41	1	0	0	0	0	0	0	0	0	0	0	0	0.0
2025-11-03	16:29:24[597]	-238	-216	-657	222.225722688699	0	0	-1578	1578	41	1	0	0	0	0	0	0	0	0	0	0	0	0.0
2025-11-03	16:29:24[770]	-241	-218	-654	222.131369001935	0	0	-1575	1575	41	1	0	0	0	0	0	0	0	0	0	0	0	0.0
2025-11-03	16:29:24[946]	-243	-225	-648	222.797401838234	0	0	-1569	1569	41	1	0	0	0	0	0	0	0	0	0	0	0	0.0
2025-11-03	16:29:25[123]	-240	-216	-651	221.987212495817	0	0	-1572	1572	41	1	0	0	0	0	0	0	0	0	0	0	0	0.0
2025-11-03	16:29:25[298]	-235	-217	-649	222.719514675318	0	0	-1570	1570	41	1	0	0	0	0	0	0	0	0	0	0	0	0.0
2025-11-03	16:29:25[473]	-239	-219	-650	222.499589435623	0	0	-1571	1571	41	1	0	0	0	0	0	0	0	0	0	0	0	0.0
2025-11-03	16:29:25[666]	-244	-214	-653	221.252355025234	0	0	-1574	1574	41	1	0	0	0	0	0	0	0	0	0	0	0	0.0
2025-11-03	16:29:25[842]	-237	-216	-652	222.345804486593	0	0	-1573	1573	41	1	0	0	0	0	0	0	0	0	0	0	0	0.0
2025-11-03	16:29:26[020]	-248	-215	-649	220.923177660403	0	0	-1570	1570	41	1	0	0	0	0	0	0	0	0	0	0	0	0.0
2025-11-03	16:29:26[194]	-244	-216	-652	221.516728531002	0	0	-1573	1573	41	1	0	0	0	0	0	0	0	0	0	0	0	0.0
2025-11-03	16:29:26[369]	-241	-215	-653	221.736668681765	0	0	-1574	1574	41	1	0	0	0	0	0	0	0	0	0	0	0	0.0
2025-11-03	16:29:26[545]	-239	-211	-651	221.439519465083	0	0	-1572	1572	41	1	0	0	0	0	0	0	0	0	0	0	0	0.0
2025-11-03	16:29:26[723]	-240	-215	-651	221.855042535302	0	0	-1572	1572	41	1	0	0	0	0	0	0	0	0	0	0	0	0.0
2025-11-03	16:29:26[896]	-239	-218	-654	222.369003169803	0	0	-1575	1575	41	1	0	0	0	0	0	0	0	0	0	0	0	0.0
2025-11-03	16:29:27[073]	-243	-215	-652	221.501555434978	0	0	-1573	1573	41	1	0	0	0	0	0	0	0	0	0	0	0	0.0
2025-11-03	16:29:27[249]	-244	-211	-651	220.851745347651	0	0	-1572	1572	40	1	0	0	0	0	0	0	0	0	0	0	0	0.0
2025-11-03	16:29:27[425]	-241	-208	-656	220.796509492721	0	0	-1577	1577	40	1	0	0	0	0	0	0	0	0	0	0	0	0.0
2025-11-03	16:29:27[601]	-239	-211	-647	221.439519465083	0	0	-1568	1568	40	1	0	0	0	0	0	0	0	0	0	0	0	0.0
2025-11-03	16:29:27[779]	-244	-218	-655	221.7789597845	0	0	-1576	1576	40	1	0	0	0	0	0	0	0	0	0	0	0	0.0
2025-11-03	16:29:27[955]	-249	-211	-658	220.277593120084	0	0	-1579	1579	40	1	0	0	0	0	0	0	0	0	0	0	0	0.0
2025-11-03	16:29:28[145]	-242	-213	-656	221.353114009871	0	0	-1577	1577	40	1	0	0	0	0	0	0	0	0	0	0	0	0.0
2025-11-03	16:29:28[321]	-241	-210	-651	221.067894003483	0	0	-1572	1572	40	1	0	0	0	0	0	0	0	0	0	0	0	0.0
2025-11-03	16:29:28[496]	-249	-214	-653	220.677007557014	0	0	-1574	1574	40	1	0	0	0	0	0	0	0	0	0	0	0	0.0
2025-11-03	16:29:28[673]	-245	-212	-653	220.869836673634	0	0	-1574	1574	40	1	0	0	0	0	0	0	0	0	0	0	0	0.0
2025-11-03	16:29:28[850]	-240	-212	-656	221.455233544405	0	0	-1577	1577	40	1	0	0	0	0	0	0	0	0	0	0	0	0.0
2025-11-03	16:29:29[025]	-247	-209	-649	220.236358309274	0	0	-1570	1570	40	1	0	0	0	0	0	0	0	0	0	0	0	0.0
2025-11-03	16:29:29[200]	-244	-209	-651	220.58195103348	0	0	-1572	1572	40	1	0	0	0	0	0	0	0	0	0	0	0	0.0
2025-11-03	16:29:29[376]	-244	-216	-652	221.516728531002	0	0	-1573	1573	40	1	0	0	0	0	0	0	0	0	0	0	0	0.0
2025-11-03	16:29:29[553]	-247	-210	-655	220.371269332116	0	0	-1576	1576	40	1	0	0	0	0	0	0	0	0	0	0	0	0.0
2025-11-03	16:29:29[728]	-245	-209	-655	220.466208854015	0	0	-1576	1576	40	1	0	0	0	0	0	0	0	0	0	0	0	0.0
2025-11-03	16:29:29[904]	-246	-207	-657	220.079383963636	0	0	-1578	1578	40	1	0	0	0	0	0	0	0	0	0	0	0	0.0
2025-11-03	16:29:30[082]	-245	-209	-650	220.466208854015	0	0	-1571	1571	40	1	0	0	0	0	0	0	0	0	0	0	0	0.0
2025-11-03	16:29:30[256]	-244	-213	-658	221.119360247051	0	0	-1579	1579	40	1	0	0	0	0	0	0	0	0	0	0	0	0.0
2025-11-03	16:29:30[432]	-245	-212	-651	220.869836673634	0	0	-1572	1572	40	1	0	0	0	0	0	0	0	0	0	0	0	0.0
2025-11-03	16:29:30[625]	-247	-207	-655	219.964915320543	0	0	-1576	1576	40	1	0	0	0	0	0	0	0	0	0	0	0	0.0
2025-11-03	16:29:30[800]	-243	-202	-658	219.735924717111	0	0	-1579	1579	40	1	0	0	0	0	0	0	0	0	0	0	0	0.0
2025-11-03	16:29:30[976]	-250	-204	-651	219.214445135303	0	0	-1572	1572	40	1	0	0	0	0	0	0	0	0	0	0	0	0.0
2025-11-03	16:29:31[152]	-248	-209	-655	220.122244106614	0	0	-1576	1576	40	1	0	0	0	0	0	0	0	0	0	0	0	0.0
2025-11-03	16:29:31[329]	-243	-206	-653	220.28916546438	0	0	-1574	1574	40	1	0	0	0	0	0	0	0	0	0	0	0	0.0
2025-11-03	16:29:31[505]	-252	-202	-646	218.71522001584	0	0	-1567	1567	40	1	0	0	0	0	0	0	0	0	0	0	0	0.0
2025-11-03	16:29:31[680]	-247	-209	-656	220.236358309274	0	0	-1577	1577	40	1	0	0	0	0	0	0	0	0	0	0	0	0.0
2025-11-03	16:29:31[856]	-247	-205	-653	219.691299645227	0	0	-1574	1574	40	1	0	0	0	0	0	0	0	0	0	0	0	0.0
2025-11-03	16:29:32[035]	-250	-210	-652	220.03025927189	0	0	-1573	1573	40	1	0	0	0	0	0	0	0	0	0	0	0	0.0
2025-11-03	16:29:32[209]	-249	-202	-653	219.050518667935	0	0	-1574	1574	40	1	0	0	0	0	0	0	0	0	0	0	0	0.0
2025-11-03	16:29:32[384]	-254	-206	-654	219.042868885292	0	0	-1575	1575	39	1	0	0	0	0	0	0	0	0	0	0	0	0.0
2025-11-03	16:29:32[560]	-245	-209	-656	220.466208854015	0	0	-1577	1577	39	1	0	0	0	0	0	0	0	0	0	0	0	0.0
2025-11-03	16:29:32[736]	-247	-207	-650	219.964915320543	0	0	-1571	1571	39	1	0	0	0	0	0	0	0	0	0	0	0	0.0
2025-11-03	16:29:32[927]	-247	-204	-652	219.553672805313	0	0	-1573	1573	39	1	0	0	0	0	0	0	0	0	0	0	0	0.0
2025-11-03	16:29:33[104]	-255	-210	-654	219.472459848344	0	0	-1575	1575	39	1	0	0	0	0	0	0	0	0	0	0	0	0.0
2025-11-03	16:29:33[282]	-244	-204	-651	219.897834747642	0	0	-1572	1572	39	1	0	0	0	0	0	0	0	0	0	0	0	0.0
2025-11-03	16:29:33[456]	-245	-200	-655	219.225674097337	0	0	-1576	1576	39	1	0	0	0	0	0	0	0	0	0	0	0	0.0
2025-11-03	16:29:33[631]	-245	-206	-656	220.057670895247	0	0	-1577	1577	39	1	0	0	0	0	0	0	0	0	0	0	0	0.0
2025-11-03	16:29:33[809]	-253	-203	-653	218.742565701854	0	0	-1574	1574	39	1	0	0	0	0	0	0	0	0	0	0	0	0.0
2025-11-03	16:29:33[984]	-247	-206	-653	219.828379920484	0	0	-1574	1574	39	1	0	0	0	0	0	0	0	0	0	0	0	0.0
2025-11-03	16:29:34[162]	-250	-203	-650	219.076598522386	0	0	-1571	1571	39	1	0	0	0	0	0	0	0	0	0	0	0	0.0
2025-11-03	16:29:34[335]	-252	-203	-653	218.853374340353	0	0	-1574	1574	39	1	0	0	0	0	0	0	0	0	0	0	0	0.0
2025-11-03	16:29:34[512]	-253	-199	-650	218.187219140648	0	0	-1571	1571	39	1	0	0	0	0	0	0	0	0	0	0	0	0.0
2025-11-03	16:29:34[687]	-248	-204	-658	219.44005273669	0	0	-1579	1579	39	1	0	0	0	0	0	0	0	0	0	0	0	0.0
2025-11-03	16:29:34[862]	-254	-201	-658	218.355927991269	0	0	-1579	1579	39	1	0	0	0	0	0	0	0	0	0	0	0	0.0
2025-11-03	16:29:35[040]	-249	-205	-648	219.464393428643	0	0	-1569	1569	39	1	0	0	0	0	0	0	0	0	0	0	0	0.0
2025-11-03	16:29:35[214]	-247	-203	-654	219.415497723013	0	0	-1575	1575	39	1	0	0	0	0	0	0	0	0	0	0	0	0.0
2025-11-03	16:29:35[407]	-249	-207	-652	219.737604600405	0	0	-1573	1573	39	1	0	0	0	0	0	0	0	0	0	0	0	0.0
2025-11-03	16:29:35[583]	-256	-203	-650	218.413317415492	0	0	-1571	1571	39	1	0	0	0	0	0	0	0	0	0	0	0	0.0
2025-11-03	16:29:35[759]	-251	-209	-655	219.783110968166	0	0	-1576	1576	39	1	0	0	0	0	0	0	0	0	0	0	0	0.0
2025-11-03	16:29:35[937]	-252	-205	-654	219.128080640866	0	0	-1575	1575	39	1	0	0	0	0	0	0	0	0	0	0	0	0.0
2025-11-03	16:29:36[111]	-246	-206	-659	219.942751467441	0	0	-1580	1580	39	1	0	0	0	0	0	0	0	0	0	0	0	0.0
2025-11-03	16:29:36[288]	-245	-204	-651	219.782560740284	0	0	-1572	1572	39	1	0	0	0	0	0	0	0	0	0	0	0	0.0
2025-11-03	16:29:36[465]	-253	-208	-650	219.424799429962	0	0	-1571	1571	39	1	0	0	0	0	0	0	0	0	0	0	0	0.0
2025-11-03	16:29:36[639]	-251	-202	-652	218.826446018408	0	0	-1573	1573	39	1	0	0	0	0	0	0	0	0	0	0	0	0.0
2025-11-03	16:29:36[816]	-252	-209	-653	219.671126803594	0	0	-1574	1574	39	1	0	0	0	0	0	0	0	0	0	0	0	0.0
2025-11-03	16:29:36[990]	-254	-201	-651	218.355927991269	0	0	-1572	1572	39	1	0	0	0	0	0	0	0	0	0	0	0	0.0
2025-11-03	16:29:37[166]	-254	-205	-654	218.906534966174	0	0	-1575	1575	39	1	0	0	0	0	0	0	0	0	0	0	0	0.0
2025-11-03	16:29:37[342]	-250	-202	-651	218.938211211271	0	0	-1572	1572	39	1	0	0	0	0	0	0	0	0	0	0	0	0.0
2025-11-03	16:29:37[521]	-254	-197	-652	217.796817561102	0	0	-1573	1573	38	1	0	0	0	0	0	0	0	0	0	0	0	0.0
2025-11-03	16:29:37[694]	-251	-201	-654	218.687635245352	0	0	-1575	1575	38	1	0	0	0	0	0	0	0	0	0	0	0	0.0
2025-11-03	16:29:37[887]	-248	-203	-656	219.301985518613	0	0	-1577	1577	38	1	0	0	0	0	0	0	0	0	0	0	0	0.0
2025-11-03	16:29:38[066]	-253	-198	-654	218.047042531826	0	0	-1575	1575	38	1	0	0	0	0	0	0	0	0	0	0	0	0.0
2025-11-03	16:29:38[239]	-258	-205	-649	218.469728166317	0	0	-1570	1570	38	1	0	0	0	0	0	0	0	0	0	0	0	0.0
2025-11-03	16:29:38[415]	-250	-197	-654	218.238109935105	0	0	-1575	1575	38	1	0	0	0	0	0	0	0	0	0	0	0	0.0
2025-11-03	16:29:38[590]	-247	-197	-652	218.574841762474	0	0	-1573	1573	38	1	0	0	0	0	0	0	0	0	0	0	0	0.0
2025-11-03	16:29:38[769]	-261	-201	-656	217.600405340113	0	0	-1577	1577	38	1	0	0	0	0	0	0	0	0	0	0	0	0.0
2025-11-03	16:29:38[942]	-253	-199	-655	218.187219140648	0	0	-1576	1576	38	1	0	0	0	0	0	0	0	0	0	0	0	0.0
2025-11-03	16:29:39[118]	-250	-209	-648	219.895623323832	0	0	-1569	1569	38	1	0	0	0	0	0	0	0	0	0	0	0	0.0
2025-11-03	16:29:39[294]	-255	-202	-649	218.384746615364	0	0	-1570	1570	38	1	0	0	0	0	0	0	0	0	0	0	0	0.0
2025-11-03	16:29:39[471]	-254	-202	-655	218.494373354316	0	0	-1576	1576	38	1	0	0	0	0	0	0	0	0	0	0	0	0.0
2025-11-03	16:29:39[646]	-255	-198	-651	217.828287834613	0	0	-1572	1572	38	1	0	0	0	0	0	0	0	0	0	0	0	0.0
2025-11-03	16:29:39[822]	-254	-199	-657	218.077441393316	0	0	-1578	1578	38	1	0	0	0	0	0	0	0	0	0	0	0	0.0
2025-11-03	16:29:39[999]	-253	-193	-651	217.338048845028	0	0	-1572	1572	38	1	0	0	0	0	0	0	0	0	0	0	0	0.0
2025-11-03	16:29:40[174]	-256	-207	-654	218.958787312051	0	0	-1575	1575	38	1	0	0	0	0	0	0	0	0	0	0	0	0.0
2025-11-03	16:29:40[366]	-251	-195	-651	217.843363466939	0	0	-1572	1572	38	1	0	0	0	0	0	0	0	0	0	0	0	0.0
2025-11-03	16:29:40[541]	-250	-198	-651	218.379223917685	0	0	-1572	1572	38	1	0	0	0	0	0	0	0	0	0	0	0	0.0
2025-11-03	16:29:40[718]	-251	-199	-657	218.408390064969	0	0	-1578	1578	38	1	0	0	0	0	0	0	0	0	0	0	0	0.0
2025-11-03	16:29:40[893]	-255	-198	-652	217.828287834613	0	0	-1573	1573	38	1	0	0	0	0	0	0	0	0	0	0	0	0.0
2025-11-03	16:29:41[069]	-254	-197	-653	217.796817561102	0	0	-1574	1574	38	1	0	0	0	0	0	0	0	0	0	0	0	0.0
2025-11-03	16:29:41[249]	-258	-196	-652	217.22357080509	0	0	-1573	1573	38	1	0	0	0	0	0	0	0	0	0	0	0	0.0
2025-11-03	16:29:41[422]	-258	-198	-654	217.50414236027	0	0	-1575	1575	38	1	0	0	0	0	0	0	0	0	0	0	0	0.0
2025-11-03	16:29:41[597]	-252	-197	-653	218.016376842444	0	0	-1574	1574	38	1	0	0	0	0	0	0	0	0	0	0	0	0.0
2025-11-03	16:29:41[773]	-253	-200	-655	218.326858319487	0	0	-1576	1576	38	1	0	0	0	0	0	0	0	0	0	0	0	0.0
2025-11-03	16:29:41[950]	-253	-199	-649	218.187219140648	0	0	-1570	1570	38	1	0	0	0	0	0	0	0	0	0	0	0	0.0
2025-11-03	16:29:42[126]	-251	-202	-656	218.826446018408	0	0	-1577	1577	38	1	0	0	0	0	0	0	0	0	0	0	0	0.0
2025-11-03	16:29:42[304]	-250	-195	-657	217.954230875133	0	0	-1578	1578	38	1	0	0	0	0	0	0	0	0	0	0	0	0.0
2025-11-03	16:29:42[477]	-252	-205	-648	219.128080640866	0	0	-1569	1569	38	1	0	0	0	0	0	0	0	0	0	0	0	0.0
2025-11-03	16:29:43[306]	-255	-196	-651	217.54686851157	0	0	-1572	1572	37	1	0	0	0	0	0	0	0	0	0	0	0	0.0
2025-11-03	16:29:43[312]	-255	-197	-652	217.687845134702	0	0	-1573	1573	37	1	0	0	0	0	0	0	0	0	0	0	0	0.0
2025-11-03	16:29:43[335]	-250	-196	-653	218.096446080275	0	0	-1574	1574	37	1	0	0	0	0	0	0	0	0	0	0	0	0.0
2025-11-03	16:29:43[342]	-261	-201	-655	217.600405340113	0	0	-1576	1576	37	1	0	0	0	0	0	0	0	0	0	0	0	0.0
2025-11-03	16:29:43[373]	-255	-193	-654	217.120721845035	0	0	-1575	1575	37	1	0	0	0	0	0	0	0	0	0	0	0	0.0
2025-11-03	16:29:43[551]	-254	-200	-653	218.216951144799	0	0	-1574	1574	37	1	0	0	0	0	0	0	0	0	0	0	0	0.0
2025-11-03	16:29:43[726]	-253	-192	-650	217.194618360324	0	0	-1571	1571	37	1	0	0	0	0	0	0	0	0	0	0	0	0.0
2025-11-03	16:29:43[901]	-255	-192	-655	216.977596352672	0	0	-1576	1576	37	1	0	0	0	0	0	0	0	0	0	0	0	0.0
2025-11-03	16:29:44[077]	-255	-195	-650	217.405356631409	0	0	-1571	1571	37	1	0	0	0	0	0	0	0	0	0	0	0	0.0
2025-11-03	16:29:44[255]	-255	-197	-646	217.687845134702	0	0	-1567	1567	37	1	0	0	0	0	0	0	0	0	0	0	0	0.0
2025-11-03	16:29:44[429]	-256	-200	-659	217.998732442505	0	0	-1580	1580	37	1	0	0	0	0	0	0	0	0	0	0	0	0.0
2025-11-03	16:29:44[605]	-254	-192	-655	217.085835490952	0	0	-1576	1576	37	1	0	0	0	0	0	0	0	0	0	0	0	0.0
2025-11-03	16:29:44[782]	-254	-195	-653	217.514045415915	0	0	-1574	1574	37	1	0	0	0	0	0	0	0	0	0	0	0	0.0
2025-11-03	16:29:44[957]	-256	-195	-660	217.297204424494	0	0	-1581	1581	37	1	0	0	0	0	0	0	0	0	0	0	0	0.0
2025-11-03	16:29:45[133]	-255	-191	-654	216.833930431791	0	0	-1575	1575	37	1	0	0	0	0	0	0	0	0	0	0	0	0.0
2025-11-03	16:29:45[329]	-257	-198	-651	217.611663458048	0	0	-1572	1572	37	1	0	0	0	0	0	0	0	0	0	0	0	0.0
2025-11-03	16:29:45[500]	-255	-199	-651	217.968197960691	0	0	-1572	1572	37	1	0	0	0	0	0	0	0	0	0	0	0	0.0
2025-11-03	16:29:45[678]	-258	-196	-650	217.22357080509	0	0	-1571	1571	37	1	0	0	0	0	0	0	0	0	0	0	0	0.0
2025-11-03	16:29:45[854]	-255	-198	-653	217.828287834613	0	0	-1574	1574	37	1	0	0	0	0	0	0	0	0	0	0	0	0.0
2025-11-03	16:29:46[028]	-257	-193	-659	216.905551517728	0	0	-1580	1580	37	1	0	0	0	0	0	0	0	0	0	0	0	0.0
2025-11-03	16:29:46[204]	-256	-195	-651	217.297204424494	0	0	-1572	1572	37	1	0	0	0	0	0	0	0	0	0	0	0	0.0
2025-11-03	16:29:46[380]	-253	-199	-654	218.187219140648	0	0	-1575	1575	37	1	0	0	0	0	0	0	0	0	0	0	0	0.0
2025-11-03	16:29:46[562]	-258	-202	-653	218.059016571257	0	0	-1574	1574	37	1	0	0	0	0	0	0	0	0	0	0	0	0.0
2025-11-03	16:29:46[734]	-256	-196	-655	217.438571572333	0	0	-1576	1576	37	1	0	0	0	0	0	0	0	0	0	0	0	0.0
2025-11-03	16:29:46[908]	-259	-196	-659	217.11686068327	0	0	-1580	1580	37	1	0	0	0	0	0	0	0	0	0	0	0	0.0
2025-11-03	16:29:47[084]	-260	-196	-660	217.010673233603	0	0	-1581	1581	37	1	0	0	0	0	0	0	0	0	0	0	0	0.0
2025-11-03	16:29:47[261]	-260	-195	-656	216.869897645844	0	0	-1577	1577	37	1	0	0	0	0	0	0	0	0	0	0	0	0.0
2025-11-03	16:29:47[437]	-260	-199	-654	217.429887433183	0	0	-1575	1575	37	1	0	0	0	0	0	0	0	0	0	0	0	0.0
2025-11-03	16:29:47[613]	-255	-193	-648	217.120721845035	0	0	-1569	1569	37	1	0	0	0	0	0	0	0	0	0	0	0	0.0
2025-11-03	16:29:47[805]	-261	-195	-653	216.76438067579	0	0	-1574	1574	36	1	0	0	0	0	0	0	0	0	0	0	0	0.0
2025-11-03	16:29:47[980]	-261	-194	-651	216.623238372236	0	0	-1572	1572	36	1	0	0	0	0	0	0	0	0	0	0	0	0.0
2025-11-03	16:29:48[157]	-255	-192	-653	216.977596352672	0	0	-1574	1574	36	1	0	0	0	0	0	0	0	0	0	0	0	0.0
2025-11-03	16:29:48[335]	-255	-191	-651	216.833930431791	0	0	-1572	1572	36	1	0	0	0	0	0	0	0	0	0	0	0	0.0
2025-11-03	16:29:48[507]	-255	-190	-651	216.689722832476	0	0	-1572	1572	36	1	0	0	0	0	0	0	0	0	0	0	0	0.0
2025-11-03	16:29:48[685]	-257	-194	-650	217.047834277254	0	0	-1571	1571	36	1	0	0	0	0	0	0	0	0	0	0	0	0.0
2025-11-03	16:29:48[861]	-258	-191	-653	216.512919215112	0	0	-1574	1574	36	1	0	0	0	0	0	0	0	0	0	0	0	0.0
2025-11-03	16:29:49[037]	-254	-194	-654	217.371850331419	0	0	-1575	1575	36	1	0	0	0	0	0	0	0	0	0	0	0	0.0
2025-11-03	16:29:49[211]	-254	-193	-650	217.229114127394	0	0	-1571	1571	36	1	0	0	0	0	0	0	0	0	0	0	0	0.0
2025-11-03	16:29:49[388]	-261	-195	-652	216.76438067579	0	0	-1573	1573	36	1	0	0	0	0	0	0	0	0	0	0	0	0.0
2025-11-03	16:29:49[565]	-263	-195	-656	216.554896533955	0	0	-1577	1577	36	1	0	0	0	0	0	0	0	0	0	0	0	0.0
2025-11-03	16:29:49[739]	-262	-194	-649	216.518394205971	0	0	-1570	1570	36	1	0	0	0	0	0	0	0	0	0	0	0	0.0
2025-11-03	16:29:49[917]	-257	-193	-659	216.905551517728	0	0	-1580	1580	36	1	0	0	0	0	0	0	0	0	0	0	0	0.0
2025-11-03	16:29:50[091]	-266	-191	-654	215.680052527894	0	0	-1575	1575	36	1	0	0	0	0	0	0	0	0	0	0	0	0.0
2025-11-03	16:29:50[283]	-263	-198	-650	216.974324831877	0	0	-1571	1571	36	1	0	0	0	0	0	0	0	0	0	0	0	0.0
2025-11-03	16:29:50[460]	-263	-194	-655	216.414065688195	0	0	-1576	1576	36	1	0	0	0	0	0	0	0	0	0	0	0	0.0
2025-11-03	16:29:50[636]	-258	-193	-654	216.798766981564	0	0	-1575	1575	36	1	0	0	0	0	0	0	0	0	0	0	0	0.0
2025-11-03	16:29:50[812]	-260	-192	-653	216.444441756587	0	0	-1574	1574	36	1	0	0	0	0	0	0	0	0	0	0	0	0.0
2025-11-03	16:29:50[987]	-261	-194	-654	216.623238372236	0	0	-1575	1575	36	1	0	0	0	0	0	0	0	0	0	0	0	0.0
2025-11-03	16:29:51[163]	-259	-192	-656	216.550011381721	0	0	-1577	1577	36	1	0	0	0	0	0	0	0	0	0	0	0	0.0
2025-11-03	16:29:51[340]	-258	-190	-649	216.369198211452	0	0	-1570	1570	36	1	0	0	0	0	0	0	0	0	0	0	0	0.0
2025-11-03	16:29:51[728]	-261	-195	-661	216.76438067579	0	0	-1582	1582	36	1	0	0	0	0	0	0	0	0	0	0	0	0.0
2025-11-03	16:29:51[733]	-261	-195	-654	216.76438067579	0	0	-1575	1575	36	1	0	0	0	0	0	0	0	0	0	0	0	0.0
2025-11-03	16:29:51[866]	-260	-193	-654	216.586783065505	0	0	-1575	1575	36	1	0	0	0	0	0	0	0	0	0	0	0	0.0
2025-11-03	16:29:52[043]	-261	-193	-653	216.481577297985	0	0	-1574	1574	36	1	0	0	0	0	0	0	0	0	0	0	0	0.0
2025-11-03	16:29:52[218]	-263	-191	-653	215.988493649262	0	0	-1574	1574	36	1	0	0	0	0	0	0	0	0	0	0	0	0.0
2025-11-03	16:29:52[394]	-263	-193	-653	216.272722304827	0	0	-1574	1574	36	1	0	0	0	0	0	0	0	0	0	0	0	0.0
2025-11-03	16:29:52[571]	-260	-194	-652	216.728601312026	0	0	-1573	1573	36	1	0	0	0	0	0	0	0	0	0	0	0	0.0
2025-11-03	16:29:52[765]	-263	-191	-653	215.988493649262	0	0	-1574	1574	36	1	0	0	0	0	0	0	0	0	0	0	0	0.0
2025-11-03	16:29:52[938]	-259	-191	-653	216.406983458969	0	0	-1574	1574	35	1	0	0	0	0	0	0	0	0	0	0	0	0.0
2025-11-03	16:29:53[116]	-260	-189	-655	216.014268220759	0	0	-1576	1576	35	1	0	0	0	0	0	0	0	0	0	0	0	0.0
2025-11-03	16:29:53[291]	-256	-193	-655	217.012868726552	0	0	-1576	1576	35	1	0	0	0	0	0	0	0	0	0	0	0	0.0
2025-11-03	16:29:53[467]	-259	-191	-653	216.406983458969	0	0	-1574	1574	35	1	0	0	0	0	0	0	0	0	0	0	0	0.0
2025-11-03	16:29:53[642]	-259	-191	-655	216.406983458969	0	0	-1576	1576	35	1	0	0	0	0	0	0	0	0	0	0	0	0.0
2025-11-03	16:29:53[818]	-256	-190	-651	216.582342822987	0	0	-1572	1572	35	1	0	0	0	0	0	0	0	0	0	0	0	0.0
2025-11-03	16:29:53[996]	-260	-190	-652	216.158185439808	0	0	-1573	1573	35	1	0	0	0	0	0	0	0	0	0	0	0	0.0
2025-11-03	16:29:54[169]	-260	-189	-652	216.014268220759	0	0	-1573	1573	35	1	0	0	0	0	0	0	0	0	0	0	0	0.0
2025-11-03	16:29:54[347]	-259	-195	-654	216.975935364718	0	0	-1575	1575	35	1	0	0	0	0	0	0	0	0	0	0	0	0.0
2025-11-03	16:29:54[522]	-261	-192	-651	216.33939632917	0	0	-1572	1572	35	1	0	0	0	0	0	0	0	0	0	0	0	0.0
2025-11-03	16:29:54[700]	-259	-191	-656	216.406983458969	0	0	-1577	1577	35	1	0	0	0	0	0	0	0	0	0	0	0	0.0
2025-11-03	16:29:54[873]	-259	-191	-654	216.406983458969	0	0	-1575	1575	35	1	0	0	0	0	0	0	0	0	0	0	0	0.0
2025-11-03	16:29:55[066]	-263	-198	-659	216.974324831877	0	0	-1580	1580	35	1	0	0	0	0	0	0	0	0	0	0	0	0.0
2025-11-03	16:29:55[243]	-255	-195	-657	217.405356631409	0	0	-1578	1578	35	1	0	0	0	0	0	0	0	0	0	0	0	0.0
2025-11-03	16:29:55[418]	-258	-183	-651	215.348166533196	0	0	-1572	1572	35	1	0	0	0	0	0	0	0	0	0	0	0	0.0
2025-11-03	16:29:55[596]	-259	-188	-658	215.974723935633	0	0	-1579	1579	35	1	0	0	0	0	0	0	0	0	0	0	0	0.0
2025-11-03	16:29:55[770]	-263	-195	-655	216.554896533955	0	0	-1576	1576	35	1	0	0	0	0	0	0	0	0	0	0	0	0.0
2025-11-03	16:29:55[946]	-257	-191	-657	216.619386777072	0	0	-1578	1578	35	1	0	0	0	0	0	0	0	0	0	0	0	0.0
2025-11-03	16:29:56[124]	-258	-192	-661	216.656108415967	0	0	-1582	1582	35	1	0	0	0	0	0	0	0	0	0	0	0	0.0
2025-11-03	16:29:56[298]	-261	-195	-652	216.76438067579	0	0	-1573	1573	35	1	0	0	0	0	0	0	0	0	0	0	0	0.0
2025-11-03	16:29:56[475]	-264	-196	-657	216.591088267399	0	0	-1578	1578	35	1	0	0	0	0	0	0	0	0	0	0	0	0.0
2025-11-03	16:29:56[649]	-258	-195	-656	217.082496965172	0	0	-1577	1577	35	1	0	0	0	0	0	0	0	0	0	0	0	0.0
2025-11-03	16:29:56[828]	-263	-194	-654	216.414065688195	0	0	-1575	1575	35	1	0	0	0	0	0	0	0	0	0	0	0	0.0
2025-11-03	16:29:57[002]	-257	-188	-750	216.186123695597	0	0	-1573	1573	35	1	0	0	0	0	0	0	0	0	0	0	0	0.0
2025-11-03	16:29:57[179]	-261	-193	-656	216.481577297985	0	0	-1577	1577	35	1	0	0	0	0	0	0	0	0	0	0	0	0.0
2025-11-03	16:29:57[353]	-261	-195	-654	216.76438067579	0	0	-1575	1575	35	1	0	0	0	0	0	0	0	0	0	0	0	0.0
2025-11-03	16:29:57[544]	-269	-193	-654	215.658385014053	0	0	-1575	1575	35	1	0	0	0	0	0	0	0	0	0	0	0	0.0
2025-11-03	16:29:57[722]	-262	-192	-656	216.234871905793	0	0	-1577	1577	35	1	0	0	0	0	0	0	0	0	0	0	0	0.0
2025-11-03	16:29:57[897]	-262	-191	-655	216.09233455853	0	0	-1576	1576	35	1	0	0	0	0	0	0	0	0	0	0	0	0.0
2025-11-03	16:29:58[077]	-258	-192	-654	216.656108415967	0	0	-1575	1575	34	1	0	0	0	0	0	0	0	0	0	0	0	0.0
2025-11-03	16:29:58[249]	-261	-192	-654	216.33939632917	0	0	-1575	1575	34	1	0	0	0	0	0	0	0	0	0	0	0	0.0
2025-11-03	16:29:58[426]	-260	-192	-661	216.444441756587	0	0	-1582	1582	34	1	0	0	0	0	0	0	0	0	0	0	0	0.0
2025-11-03	16:29:58[601]	-260	-193	-652	216.586783065505	0	0	-1573	1573	34	1	0	0	0	0	0	0	0	0	0	0	0	0.0
2025-11-03	16:29:58[778]	-263	-187	-654	215.413839844656	0	0	-1575	1575	34	1	0	0	0	0	0	0	0	0	0	0	0	0.0
2025-11-03	16:29:58[955]	-259	-189	-652	216.11934084948	0	0	-1573	1573	34	1	0	0	0	0	0	0	0	0	0	0	0	0.0
2025-11-03	16:29:59[129]	-256	-190	-653	216.582342822987	0	0	-1574	1574	34	1	0	0	0	0	0	0	0	0	0	0	0	0.0
2025-11-03	16:29:59[304]	-260	-193	-653	216.586783065505	0	0	-1574	1574	34	1	0	0	0	0	0	0	0	0	0	0	0	0.0
2025-11-03	16:29:59[481]	-262	-197	-652	216.93981314441	0	0	-1573	1573	34	1	0	0	0	0	0	0	0	0	0	0	0	0.0
2025-11-03	16:29:59[657]	-261	-190	-653	216.053470299497	0	0	-1574	1574	34	1	0	0	0	0	0	0	0	0	0	0	0	0.0
2025-11-03	16:29:59[851]	-259	-192	-656	216.550011381721	0	0	-1577	1577	34	1	0	0	0	0	0	0	0	0	0	0	0	0.0
2025-11-03	16:30:00[025]	-267	-191	-655	215.578255532721	0	0	-1576	1576	34	1	0	0	0	0	0	0	0	0	0	0	0	0.0
2025-11-03	16:30:00[200]	-261	-191	-657	216.196694359271	0	0	-1578	1578	34	1	0	0	0	0	0	0	0	0	0	0	0	0.0
2025-11-03	16:30:00[379]	-259	-189	-653	216.11934084948	0	0	-1574	1574	34	1	0	0	0	0	0	0	0	0	0	0	0	0.0
2025-11-03	16:30:00[553]	-266	-191	-655	215.680052527894	0	0	-1576	1576	34	1	0	0	0	0	0	0	0	0	0	0	0	0.0
2025-11-03	16:30:00[729]	-266	-189	-659	215.394795844987	0	0	-1580	1580	34	1	0	0	0	0	0	0	0	0	0	0	0	0.0
2025-11-03	16:30:00[905]	-260	-193	-646	216.586783065505	0	0	-1567	1567	34	1	0	0	0	0	0	0	0	0	0	0	0	0.0
2025-11-03	16:30:01[081]	-265	-190	-651	215.639809198087	0	0	-1572	1572	34	1	0	0	0	0	0	0	0	0	0	0	0	0.0
2025-11-03	16:30:01[258]	-264	-189	-655	215.599219958976	0	0	-1576	1576	34	1	0	0	0	0	0	0	0	0	0	0	0	0.0
2025-11-03	16:30:01[432]	-261	-193	-655	216.481577297985	0	0	-1576	1576	34	1	0	0	0	0	0	0	0	0	0	0	0	0.0
2025-11-03	16:30:01[610]	-260	-191	-654	216.301576252904	0	0	-1575	1575	34	1	0	0	0	0	0	0	0	0	0	0	0	0.0
2025-11-03	16:30:01[785]	-262	-190	-656	215.949278322816	0	0	-1577	1577	34	1	0	0	0	0	0	0	0	0	0	0	0	0.0
2025-11-03	16:30:01[961]	-263	-190	-649	215.845606282866	0	0	-1570	1570	34	1	0	0	0	0	0	0	0	0	0	0	0	0.0
2025-11-03	16:30:02[152]	-258	-189	-658	216.22494425552	0	0	-1579	1579	34	1	0	0	0	0	0	0	0	0	0	0	0	0.0
2025-11-03	16:30:02[330]	-270	-190	-654	215.134193056916	0	0	-1575	1575	34	1	0	0	0	0	0	0	0	0	0	0	0	0.0
2025-11-03	16:30:02[504]	-266	-193	-656	215.963284173004	0	0	-1577	1577	34	1	0	0	0	0	0	0	0	0	0	0	0	0.0
2025-11-03	16:30:02[680]	-263	-190	-651	215.845606282866	0	0	-1572	1572	34	1	0	0	0	0	0	0	0	0	0	0	0	0.0
2025-11-03	16:30:04[054]	-270	-189	-654	214.992020198559	0	0	-1575	1575	34	1	0	0	0	0	0	0	0	0	0	0	0	0.0
2025-11-03	16:30:04[061]	-267	-190	-650	215.436053600009	0	0	-1571	1571	34	1	0	0	0	0	0	0	0	0	0	0	0	0.0
2025-11-03	16:30:04[070]	-263	-190	-657	215.845606282866	0	0	-1578	1578	33	1	0	0	0	0	0	0	0	0	0	0	0	0.0
2025-11-03	16:30:04[076]	-264	-189	-656	215.599219958976	0	0	-1577	1577	33	1	0	0	0	0	0	0	0	0	0	0	0	0.0
2025-11-03	16:30:04[103]	-263	-185	-657	215.123398825786	0	0	-1578	1578	33	1	0	0	0	0	0	0	0	0	0	0	0	0.0
2025-11-03	16:30:04[111]	-268	-194	-658	215.900049640216	0	0	-1579	1579	33	1	0	0	0	0	0	0	0	0	0	0	0	0.0
2025-11-03	16:30:04[116]	-262	-191	-652	216.09233455853	0	0	-1573	1573	33	1	0	0	0	0	0	0	0	0	0	0	0	0.0
2025-11-03	16:30:04[123]	-263	-192	-653	216.130865310507	0	0	-1574	1574	33	1	0	0	0	0	0	0	0	0	0	0	0	0.0
2025-11-03	16:30:04[264]	-266	-188	-662	215.251405758315	0	0	-1583	1583	33	1	0	0	0	0	0	0	0	0	0	0	0	0.0
2025-11-03	16:30:04[439]	-269	-188	-656	214.949112733155	0	0	-1577	1577	33	1	0	0	0	0	0	0	0	0	0	0	0	0.0
2025-11-03	16:30:04[632]	-263	-189	-651	215.702202191217	0	0	-1572	1572	33	1	0	0	0	0	0	0	0	0	0	0	0	0.0
2025-11-03	16:30:04[808]	-257	-182	-654	215.305027326559	0	0	-1575	1575	33	1	0	0	0	0	0	0	0	0	0	0	0	0.0
2025-11-03	16:30:04[981]	-257	-182	-654	215.305027326559	0	0	-1575	1575	33	1	0	0	0	0	0	0	0	0	0	0	0	0.0
2025-11-03	16:30:05[158]	-266	-187	-654	215.107506622184	0	0	-1575	1575	33	1	0	0	0	0	0	0	0	0	0	0	0	0.0
2025-11-03	16:30:05[335]	-262	-187	-656	215.51698592595	0	0	-1577	1577	33	1	0	0	0	0	0	0	0	0	0	0	0	0.0
2025-11-03	16:30:05[513]	-264	-190	-654	215.742450971253	0	0	-1575	1575	33	1	0	0	0	0	0	0	0	0	0	0	0	0.0
2025-11-03	16:30:05[688]	-267	-194	-657	216.001846196098	0	0	-1578	1578	33	1	0	0	0	0	0	0	0	0	0	0	0	0.0
2025-11-03	16:30:05[863]	-261	-188	-655	215.765451646148	0	0	-1576	1576	33	1	0	0	0	0	0	0	0	0	0	0	0	0.0
2025-11-03	16:30:06[040]	-262	-188	-650	215.661605023764	0	0	-1571	1571	33	1	0	0	0	0	0	0	0	0	0	0	0	0.0
2025-11-03	16:30:06[216]	-264	-193	-655	216.169066795582	0	0	-1576	1576	33	1	0	0	0	0	0	0	0	0	0	0	0	0.0
2025-11-03	16:30:06[392]	-265	-186	-652	215.064509759467	0	0	-1573	1573	33	1	0	0	0	0	0	0	0	0	0	0	0	0.0
2025-11-03	16:30:06[571]	-260	-188	-649	215.869823517721	0	0	-1570	1570	33	1	0	0	0	0	0	0	0	0	0	0	0	0.0
2025-11-03	16:30:06[742]	-264	-189	-649	215.599219958976	0	0	-1570	1570	33	1	0	0	0	0	0	0	0	0	0	0	0	0.0
2025-11-03	16:30:06[935]	-266	-188	-655	215.251405758315	0	0	-1576	1576	33	1	0	0	0	0	0	0	0	0	0	0	0	0.0
2025-11-03	16:30:07[111]	-266	-185	-653	214.818177658909	0	0	-1574	1574	33	1	0	0	0	0	0	0	0	0	0	0	0	0.0
2025-11-03	16:30:07[287]	-261	-188	-651	215.765451646148	0	0	-1572	1572	33	1	0	0	0	0	0	0	0	0	0	0	0	0.0
2025-11-03	16:30:07[464]	-270	-188	-652	214.849351719733	0	0	-1573	1573	33	1	0	0	0	0	0	0	0	0	0	0	0	0.0
2025-11-03	16:30:07[642]	-264	-186	-650	215.166436035793	0	0	-1571	1571	33	1	0	0	0	0	0	0	0	0	0	0	0	0.0
2025-11-03	16:30:07[815]	-262	-189	-652	215.805702153456	0	0	-1573	1573	33	1	0	0	0	0	0	0	0	0	0	0	0	0.0
2025-11-03	16:30:07[990]	-269	-194	-652	215.798750339729	0	0	-1573	1573	33	1	0	0	0	0	0	0	0	0	0	0	0	0.0
2025-11-03	16:30:08[167]	-264	-187	-653	215.311213439633	0	0	-1574	1574	33	1	0	0	0	0	0	0	0	0	0	0	0	0.0
2025-11-03	16:30:08[343]	-259	-187	-654	215.829575162211	0	0	-1575	1575	32	1	0	0	0	0	0	0	0	0	0	0	0	0.0
2025-11-03	16:30:08[518]	-266	-188	-654	215.251405758315	0	0	-1575	1575	32	1	0	0	0	0	0	0	0	0	0	0	0	0.0
2025-11-03	16:30:08[696]	-264	-187	-652	215.311213439633	0	0	-1573	1573	32	1	0	0	0	0	0	0	0	0	0	0	0	0.0
2025-11-03	16:30:08[871]	-265	-188	-648	215.353183969651	0	0	-1569	1569	32	1	0	0	0	0	0	0	0	0	0	0	0	0.0
2025-11-03	16:30:09[046]	-262	-190	-651	215.949278322816	0	0	-1572	1572	32	1	0	0	0	0	0	0	0	0	0	0	0	0.0
2025-11-03	16:30:09[221]	-268	-190	-651	215.334933487756	0	0	-1572	1572	32	1	0	0	0	0	0	0	0	0	0	0	0	0.0
2025-11-03	16:30:09[414]	-265	-182	-656	214.480985767978	0	0	-1577	1577	32	1	0	0	0	0	0	0	0	0	0	0	0	0.0
2025-11-03	16:30:09[591]	-263	-185	-655	215.123398825786	0	0	-1576	1576	32	1	0	0	0	0	0	0	0	0	0	0	0	0.0
2025-11-03	16:30:09[766]	-261	-181	-656	214.74078934756	0	0	-1577	1577	32	1	0	0	0	0	0	0	0	0	0	0	0	0.0
2025-11-03	16:30:09[943]	-263	-191	-651	215.988493649262	0	0	-1572	1572	32	1	0	0	0	0	0	0	0	0	0	0	0	0.0
2025-11-03	16:30:10[120]	-268	-189	-652	215.192404321143	0	0	-1573	1573	32	1	0	0	0	0	0	0	0	0	0	0	0	0.0
2025-11-03	16:30:10[294]	-265	-186	-649	215.064509759467	0	0	-1570	1570	32	1	0	0	0	0	0	0	0	0	0	0	0	0.0
2025-11-03	16:30:10[471]	-267	-188	-651	215.150136599639	0	0	-1572	1572	32	1	0	0	0	0	0	0	0	0	0	0	0	0.0
2025-11-03	16:30:10[646]	-256	-188	-656	216.29262972848	0	0	-1577	1577	32	1	0	0	0	0	0	0	0	0	0	0	0	0.0
2025-11-03	16:30:10[822]	-266	-187	-655	215.107506622184	0	0	-1576	1576	32	1	0	0	0	0	0	0	0	0	0	0	0	0.0
2025-11-03	16:30:11[000]	-266	-186	-654	214.963097546036	0	0	-1575	1575	32	1	0	0	0	0	0	0	0	0	0	0	0	0.0
2025-11-03	16:30:11[174]	-262	-185	-652	215.22617789164	0	0	-1573	1573	32	1	0	0	0	0	0	0	0	0	0	0	0	0.0
2025-11-03	16:30:11[350]	-262	-186	-657	215.371843871513	0	0	-1578	1578	32	1	0	0	0	0	0	0	0	0	0	0	0	0.0
2025-11-03	16:30:11[526]	-266	-183	-653	214.526802068086	0	0	-1574	1574	32	1	0	0	0	0	0	0	0	0	0	0	0	0.0
2025-11-03	16:30:11[718]	-264	-186	-653	215.166436035793	0	0	-1574	1574	32	1	0	0	0	0	0	0	0	0	0	0	0	0.0
2025-11-03	16:30:11[894]	-264	-187	-658	215.311213439633	0	0	-1579	1579	32	1	0	0	0	0	0	0	0	0	0	0	0	0.0
2025-11-03	16:30:12[070]	-265	-186	-652	215.064509759467	0	0	-1573	1573	32	1	0	0	0	0	0	0	0	0	0	0	0	0.0
2025-11-03	16:30:12[245]	-277	-154	-652	209.072163332212	0	0	-1573	1573	32	1	0	0	0	0	0	0	0	0	0	0	0	0.0
2025-11-03	16:30:12[424]	-307	-148	-644	205.738004194468	0	0	-1565	1565	32	1	0	0	0	0	0	0	0	0	0	0	0	0.0
2025-11-03	16:30:12[598]	-310	-150	-643	205.820991974189	0	0	-1564	1564	32	1	0	0	0	0	0	0	0	0	0	0	0	0.0
2025-11-03	16:30:12[774]	-308	-147	-644	205.513870427534	0	0	-1565	1565	32	1	0	0	0	0	0	0	0	0	0	0	0	0.0
2025-11-03	16:30:12[950]	-312	-152	-643	205.974393962431	0	0	-1564	1564	32	1	0	0	0	0	0	0	0	0	0	0	0	0.0
2025-11-03	16:30:13[127]	-301	-146	-647	205.875696720577	0	0	-1568	1568	32	1	0	0	0	0	0	0	0	0	0	0	0	0.0
2025-11-03	16:30:13[302]	-310	-149	-644	205.671041352857	0	0	-1565	1565	32	1	0	0	0	0	0	0	0	0	0	0	0	0.0
2025-11-03	16:30:13[477]	-307	-148	-649	205.738004194468	0	0	-1570	1570	32	1	0	0	0	0	0	0	0	0	0	0	0	0.0
2025-11-03	16:30:13[655]	-313	-148	-651	205.30681904505	0	0	-1572	1572	32	1	0	0	0	0	0	0	0	0	0	0	0	0.0
2025-11-03	16:30:13[834]	-304	-150	-641	206.262701585101	0	0	-1562	1562	32	1	0	0	0	0	0	0	0	0	0	0	0	0.0
2025-11-03	16:30:14[010]	-311	-144	-647	204.845198548402	0	0	-1568	1568	32	1	0	0	0	0	0	0	0	0	0	0	0	0.0
2025-11-03	16:30:14[298]	-311	-152	-644	206.046886419637	0	0	-1565	1565	32	1	0	0	0	0	0	0	0	0	0	0	0	0.0
2025-11-03	16:30:14[362]	-309	-152	-637	206.193005889875	0	0	-1558	1558	32	1	0	0	0	0	0	0	0	0	0	0	0	0.0
2025-11-03	16:30:14[538]	-307	-144	-642	205.129177954815	0	0	-1563	1563	32	1	0	0	0	0	0	0	0	0	0	0	0	0.0
2025-11-03	16:30:14[714]	-311	-151	-645	205.897989447761	0	0	-1566	1566	32	1	0	0	0	0	0	0	0	0	0	0	0	0.0
2025-11-03	16:30:14[906]	-311	-146	-644	205.147866545851	0	0	-1565	1565	32	1	0	0	0	0	0	0	0	0	0	0	0	0.0
2025-11-03	16:30:15[081]	-311	-145	-647	204.996718908683	0	0	-1568	1568	32	1	0	0	0	0	0	0	0	0	0	0	0	0.0
2025-11-03	16:30:15[258]	-308	-147	-645	205.513870427534	0	0	-1566	1566	32	1	0	0	0	0	0	0	0	0	0	0	0	0.0
2025-11-03	16:30:15[433]	-308	-145	-644	205.210081709741	0	0	-1565	1565	32	1	0	0	0	0	0	0	0	0	0	0	0	0.0
2025-11-03	16:30:15[609]	-314	-149	-643	205.385382025545	0	0	-1564	1564	32	1	0	0	0	0	0	0	0	0	0	0	0	0.0
2025-11-03	16:30:15[787]	-313	-152	-636	205.902276093213	0	0	-1557	1557	32	1	0	0	0	0	0	0	0	0	0	0	0	0.0
2025-11-03	16:30:15[961]	-310	-149	-645	205.671041352857	0	0	-1566	1566	32	1	0	0	0	0	0	0	0	0	0	0	0	0.0
2025-11-03	16:30:16[137]	-308	-148	-644	205.665191462174	0	0	-1565	1565	32	1	0	0	0	0	0	0	0	0	0	0	0	0.0
2025-11-03	16:30:16[312]	-315	-149	-647	205.314892418158	0	0	-1568	1568	32	1	0	0	0	0	0	0	0	0	0	0	0	0.0
2025-11-03	16:30:16[489]	-307	-146	-644	205.43436022584	0	0	-1565	1565	32	1	0	0	0	0	0	0	0	0	0	0	0	0.0
2025-11-03	16:30:16[666]	-314	-147	-646	205.086778520389	0	0	-1567	1567	32	1	0	0	0	0	0	0	0	0	0	0	0	0.0
2025-11-03	16:30:16[841]	-310	-146	-644	205.218922892965	0	0	-1565	1565	32	1	0	0	0	0	0	0	0	0	0	0	0	0.0
2025-11-03	16:30:17[016]	-306	-146	-642	205.506938088849	0	0	-1563	1563	32	1	0	0	0	0	0	0	0	0	0	0	0	0.0
2025-11-03	16:30:17[193]	-311	-152	-640	206.046886419637	0	0	-1561	1561	32	1	0	0	0	0	0	0	0	0	0	0	0	0.0
2025-11-03	16:30:17[384]	-304	-145	-646	205.499913718837	0	0	-1567	1567	32	1	0	0	0	0	0	0	0	0	0	0	0	0.0
2025-11-03	16:30:17[560]	-312	-153	-645	206.122621519039	0	0	-1566	1566	32	1	0	0	0	0	0	0	0	0	0	0	0	0.0
2025-11-03	16:30:17[736]	-310	-146	-648	205.218922892965	0	0	-1569	1569	32	1	0	0	0	0	0	0	0	0	0	0	0	0.0
2025-11-03	16:30:17[913]	-305	-148	-645	205.884790246209	0	0	-1566	1566	32	1	0	0	0	0	0	0	0	0	0	0	0	0.0
2025-11-03	16:30:18[089]	-309	-148	-649	205.592761836538	0	0	-1570	1570	32	1	0	0	0	0	0	0	0	0	0	0	0	0.0
2025-11-03	16:30:18[265]	-314	-145	-640	204.786710798786	0	0	-1561	1561	32	1	0	0	0	0	0	0	0	0	0	0	0	0.0
2025-11-03	16:30:18[441]	-311	-151	-646	205.897989447761	0	0	-1567	1567	32	1	0	0	0	0	0	0	0	0	0	0	0	0.0
2025-11-03	16:30:18[616]	-307	-147	-647	205.58637484016	0	0	-1568	1568	32	1	0	0	0	0	0	0	0	0	0	0	0	0.0
2025-11-03	16:30:18[792]	-306	-148	-644	205.811202844007	0	0	-1565	1565	32	1	0	0	0	0	0	0	0	0	0	0	0	0.0
2025-11-03	16:30:18[970]	-314	-149	-640	205.385382025545	0	0	-1561	1561	32	1	0	0	0	0	0	0	0	0	0	0	0	0.0
2025-11-03	16:30:19[143]	-314	-149	-646	205.385382025545	0	0	-1567	1567	32	1	0	0	0	0	0	0	0	0	0	0	0	0.0
2025-11-03	16:30:19[319]	-314	-151	-643	205.682515903628	0	0	-1564	1564	32	1	0	0	0	0	0	0	0	0	0	0	0	0.0
2025-11-03	16:30:19[496]	-314	-154	-645	206.125450241797	0	0	-1566	1566	32	1	0	0	0	0	0	0	0	0	0	0	0	0.0
2025-11-03	16:30:19[679]	-313	-144	-641	204.705451838332	0	0	-1562	1562	32	1	0	0	0	0	0	0	0	0	0	0	0	0.0
2025-11-03	16:30:19[855]	-316	-148	-647	205.096250462692	0	0	-1568	1568	32	1	0	0	0	0	0	0	0	0	0	0	0	0.0
2025-11-03	16:30:20[031]	-315	-153	-644	205.906507999514	0	0	-1565	1565	32	1	0	0	0	0	0	0	0	0	0	0	0	0.0
2025-11-03	16:30:20[206]	-311	-150	-644	205.748715779014	0	0	-1565	1565	32	1	0	0	0	0	0	0	0	0	0	0	0	0.0
2025-11-03	16:30:20[383]	-316	-144	-643	204.498574191434	0	0	-1564	1564	32	1	0	0	0	0	0	0	0	0	0	0	0	0.0
2025-11-03	16:30:20[560]	-313	-153	-639	206.050212072886	0	0	-1560	1560	32	1	0	0	0	0	0	0	0	0	0	0	0	0.0
2025-11-03	16:30:20[734]	-306	-148	-645	205.811202844007	0	0	-1566	1566	32	1	0	0	0	0	0	0	0	0	0	0	0	0.0
2025-11-03	16:30:20[927]	-312	-148	-643	205.377743861349	0	0	-1564	1564	32	1	0	0	0	0	0	0	0	0	0	0	0	0.0
2025-11-03	16:30:21[105]	32459	-149	-645	359.736990936742	0	0	-1566	1566	32	1	0	0	0	0	0	0	0	0	0	0	0	0.0
2025-11-03	16:30:21[278]	-309	-147	-650	205.441748463003	0	0	-1571	1571	32	1	0	0	0	0	0	0	0	0	0	0	0	0.0
2025-11-03	16:30:21[455]	-305	-148	-640	205.884790246209	0	0	-1561	1561	32	1	0	0	0	0	0	0	0	0	0	0	0	0.0
2025-11-03	16:30:21[631]	-318	-151	-642	205.400367312977	0	0	-1563	1563	32	1	0	0	0	0	0	0	0	0	0	0	0	0.0
2025-11-03	16:30:28[959]	-164	-107	-646	213.121997675241	0	0	-1424	1424	30	1	0	0	0	0	0	0	0	0	0	0	0	0.0
2025-11-03	16:30:29[132]	-247	-76	-690	197.102728969052	0	0	-1468	1468	30	1	0	0	0	0	0	0	0	0	0	0	0	0.0
2025-11-03	16:30:29[308]	-141	-129	-712	222.455195620187	0	0	-1490	1490	30	1	0	0	0	0	0	0	0	0	0	0	0	0.0
2025-11-03	16:30:29[548]	-205	-146	-743	215.458284152933	0	0	-1521	1521	30	1	0	0	0	0	0	0	0	0	0	0	0	0.0
2025-11-03	16:30:39[536]	-205	-146	-743	215.458284152933	0	0	-1521	1521	30	1	145	122	-586	40.0765626233038	0	0	-1245	1245	30	1	0	0.0
2025-11-03	16:30:39[674]	-205	-146	-743	215.458284152933	0	0	-1521	1521	30	1	159	132	-585	39.6990734834743	0	0	-1244	1244	30	1	0	0.0
2025-11-03	16:30:39[850]	-205	-146	-743	215.458284152933	0	0	-1521	1521	30	1	162	163	-565	45.1762941498432	0	0	-1224	1224	30	1	0	0.0
2025-11-03	16:30:40[027]	-205	-146	-743	215.458284152933	0	0	-1521	1521	30	1	125	177	-602	54.7697000505312	0	0	-1261	1261	30	1	0	0.0
2025-11-03	16:30:41[309]	-205	-146	-743	215.458284152933	0	0	-1521	1521	30	1	125	177	-602	54.7697000505312	0	0	-1261	1261	30	1	1	10.2
2025-11-03	16:30:41[313]	-238	-121	-699	206.948936752672	0	0	-1477	1477	30	1	125	177	-602	54.7697000505312	0	0	-1261	1261	30	1	1	10.2
2025-11-03	16:30:41[482]	-238	-121	-699	206.948936752672	0	0	-1477	1477	30	1	125	177	-602	54.7697000505312	0	0	-1261	1261	30	1	2	10.0
2025-11-03	16:30:41[485]	-289	-186	-593	212.765276503363	0	0	-1371	1371	30	1	125	177	-602	54.7697000505312	0	0	-1261	1261	30	1	2	10.0
2025-11-03	16:30:41[681]	-289	-186	-593	212.765276503363	0	0	-1371	1371	30	1	125	177	-602	54.7697000505312	0	0	-1261	1261	30	1	3	10.0
2025-11-03	16:30:41[684]	-207	-147	-741	215.380272200301	0	0	-1519	1519	30	1	125	177	-602	54.7697000505312	0	0	-1261	1261	30	1	3	10.0
2025-11-03	16:30:41[977]	-207	-147	-741	215.380272200301	0	0	-1519	1519	30	1	99	199	-602	63.5502319259277	0	0	-1261	1261	30	1	3	10.0
2025-11-03	16:30:43[596]	-207	-147	-741	215.380272200301	0	0	-1519	1519	30	1	99	199	-602	63.5502319259277	0	0	-1261	1261	30	1	4	5.1
2025-11-03	16:30:43[599]	-200	-142	-745	215.374751843876	0	0	-1523	1523	30	1	99	199	-602	63.5502319259277	0	0	-1261	1261	30	1	4	5.1
2025-11-03	16:30:43[929]	-200	-142	-745	215.374751843876	0	0	-1523	1523	30	1	209	184	-517	41.360134769273	0	0	-1176	1176	30	1	4	5.1
2025-11-03	16:30:44[105]	-200	-142	-745	215.374751843876	0	0	-1523	1523	30	1	126	140	-547	48.0127875041833	0	0	-1206	1206	30	1	4	5.1
2025-11-03	16:30:44[281]	-200	-142	-745	215.374751843876	0	0	-1523	1523	30	1	151	156	-619	45.9330735232185	0	0	-1278	1278	30	1	4	5.1
2025-11-03	16:30:47[341]	-200	-142	-745	215.374751843876	0	0	-1523	1523	30	1	151	156	-619	45.9330735232185	0	0	-1278	1278	30	1	5	5.3
2025-11-03	16:30:47[344]	-230	-139	-726	211.146575884551	0	0	-1504	1504	34	1	151	156	-619	45.9330735232185	0	0	-1278	1278	30	1	5	5.3
2025-11-03	16:30:47[962]	-230	-139	-726	211.146575884551	0	0	-1504	1504	34	1	134	199	-558	56.0449827810024	0	0	-1217	1217	30	1	5	5.3
2025-11-03	16:30:48[138]	-230	-139	-726	211.146575884551	0	0	-1504	1504	34	1	144	167	-597	49.2296086117741	0	0	-1256	1256	30	1	5	5.3
2025-11-03	16:30:49[889]	-230	-139	-726	211.146575884551	0	0	-1504	1504	34	1	144	167	-597	49.2296086117741	0	0	-1256	1256	30	1	6	9.5
2025-11-03	16:30:49[892]	-205	-138	-745	213.94728590803	0	0	-1523	1523	34	1	144	167	-597	49.2296086117741	0	0	-1256	1256	30	1	6	9.5
2025-11-03	16:30:50[153]	-205	-138	-745	213.94728590803	0	0	-1523	1523	34	1	164	205	-580	51.3401917459099	0	0	-1239	1239	30	1	6	9.5
2025-11-03	16:30:50[393]	-205	-138	-745	213.94728590803	0	0	-1523	1523	34	1	135	144	-626	46.8476102659946	0	0	-1285	1285	30	1	6	9.5
2025-11-03	16:30:50[810]	-205	-138	-745	213.94728590803	0	0	-1523	1523	34	1	135	144	-626	46.8476102659946	0	0	-1285	1285	30	1	7	6.7
2025-11-03	16:30:50[814]	-220	-206	-700	223.117717556989	0	0	-1478	1478	33	1	135	144	-626	46.8476102659946	0	0	-1285	1285	30	1	7	6.7
2025-11-03	16:30:51[241]	-220	-206	-700	223.117717556989	0	0	-1478	1478	33	1	131	178	-587	53.6486020414467	0	0	-1246	1246	30	1	7	6.7
2025-11-03	16:30:51[433]	-220	-206	-700	223.117717556989	0	0	-1478	1478	33	1	143	139	-637	44.1873484057463	0	0	-1296	1296	30	1	7	6.7
2025-11-03	16:30:51[882]	-220	-206	-700	223.117717556989	0	0	-1478	1478	33	1	143	139	-637	44.1873484057463	0	0	-1296	1296	30	1	8	10.4
2025-11-03	16:30:51[885]	-256	-171	-688	213.741685331396	0	0	-1466	1466	33	1	143	139	-637	44.1873484057463	0	0	-1296	1296	30	1	8	10.4
2025-11-03	16:30:52[328]	-256	-171	-688	213.741685331396	0	0	-1466	1466	33	1	142	192	-607	53.5139879297504	0	0	-1266	1266	30	1	8	10.4
2025-11-03	16:30:52[860]	-256	-171	-688	213.741685331396	0	0	-1466	1466	33	1	142	192	-607	53.5139879297504	0	0	-1266	1266	30	1	9	7.3
2025-11-03	16:30:52[863]	-228	-143	-690	212.095648244887	0	0	-1468	1468	33	1	142	192	-607	53.5139879297504	0	0	-1266	1266	30	1	9	7.3
2025-11-03	16:30:53[336]	-228	-143	-690	212.095648244887	0	0	-1468	1468	33	1	177	206	-609	49.3300602845895	0	0	-1268	1268	30	1	9	7.3
2025-11-03	16:30:53[922]	-228	-143	-690	212.095648244887	0	0	-1468	1468	33	1	177	206	-609	49.3300602845895	0	0	-1268	1268	30	1	10	6.7
2025-11-03	16:30:53[924]	-248	-189	-697	217.310908406656	0	0	-1475	1475	33	1	177	206	-609	49.3300602845895	0	0	-1268	1268	30	1	10	6.7
2025-11-03	16:30:54[314]	-248	-189	-697	217.310908406656	0	0	-1475	1475	33	1	79	195	-556	67.945742289597	0	0	-1215	1215	34	1	10	6.7
2025-11-03	16:30:54[504]	-248	-189	-697	217.310908406656	0	0	-1475	1475	33	1	127	136	-627	46.9599272591264	0	0	-1286	1286	34	1	10	6.7
2025-11-03	16:30:54[854]	-248	-189	-697	217.310908406656	0	0	-1475	1475	33	1	127	136	-627	46.9599272591264	0	0	-1286	1286	34	1	11	5.3
2025-11-03	16:30:54[857]	-217	-200	-730	222.665493563335	0	0	-1508	1508	33	1	127	136	-627	46.9599272591264	0	0	-1286	1286	34	1	11	5.3
2025-11-03	16:30:55[160]	-217	-200	-730	222.665493563335	0	0	-1508	1508	33	1	149	222	-525	56.1316266818551	0	0	-1184	1184	34	1	11	5.3
2025-11-03	16:30:55[562]	-217	-200	-730	222.665493563335	0	0	-1508	1508	33	1	149	222	-525	56.1316266818551	0	0	-1184	1184	34	1	12	5.6
2025-11-03	16:30:55[566]	-202	-170	-742	220.08343399399	0	0	-1520	1520	37	1	149	222	-525	56.1316266818551	0	0	-1184	1184	34	1	12	5.6
2025-11-03	16:30:55[853]	-202	-170	-742	220.08343399399	0	0	-1520	1520	37	1	156	171	-568	47.6264056382907	0	0	-1227	1227	34	1	12	5.6
2025-11-03	16:30:56[240]	-202	-170	-742	220.08343399399	0	0	-1520	1520	37	1	156	171	-568	47.6264056382907	0	0	-1227	1227	34	1	13	6.2
2025-11-03	16:30:56[244]	-228	-194	-715	220.393702149358	0	0	-1493	1493	37	1	156	171	-568	47.6264056382907	0	0	-1227	1227	34	1	13	6.2
2025-11-03	16:30:56[574]	-228	-194	-715	220.393702149358	0	0	-1493	1493	37	1	125	198	-571	57.7352442788894	0	0	-1230	1230	34	1	13	6.2
2025-11-03	16:30:56[750]	-228	-194	-715	220.393702149358	0	0	-1493	1493	37	1	123	133	-625	47.2369790634377	0	0	-1284	1284	34	1	13	6.2
2025-11-03	16:30:56[976]	-228	-194	-715	220.393702149358	0	0	-1493	1493	37	1	123	133	-625	47.2369790634377	0	0	-1284	1284	34	1	14	6.8
2025-11-03	16:30:56[979]	-226	-165	-681	216.132751736224	0	0	-1459	1459	37	1	123	133	-625	47.2369790634377	0	0	-1284	1284	34	1	14	6.8
2025-11-03	16:30:57[375]	-226	-165	-681	216.132751736224	0	0	-1459	1459	37	1	117	194	-568	58.9061245859895	0	0	-1227	1227	34	1	14	6.8
2025-11-03	16:30:57[565]	-226	-165	-681	216.132751736224	0	0	-1459	1459	37	1	120	129	-625	47.0700306530411	0	0	-1284	1284	34	1	14	6.8
2025-11-03	16:30:57[795]	-226	-165	-681	216.132751736224	0	0	-1459	1459	37	1	120	129	-625	47.0700306530411	0	0	-1284	1284	34	1	15	5.5
2025-11-03	16:30:57[800]	-235	-174	-709	216.517192104141	0	0	-1487	1487	37	1	120	129	-625	47.0700306530411	0	0	-1284	1284	34	1	15	5.5
2025-11-03	16:30:58[158]	-235	-174	-709	216.517192104141	0	0	-1487	1487	37	1	157	175	-587	48.1033593217434	0	0	-1246	1246	34	1	15	5.5
2025-11-03	16:30:58[766]	-235	-174	-709	216.517192104141	0	0	-1487	1487	37	1	157	175	-587	48.1033593217434	0	0	-1246	1246	34	1	16	5.3
2025-11-03	16:30:58[771]	-233	-160	-701	214.477202411608	0	0	-1479	1479	37	1	157	175	-587	48.1033593217434	0	0	-1246	1246	34	1	16	5.3
2025-11-03	16:30:58[941]	-233	-160	-701	214.477202411608	0	0	-1479	1479	37	1	122	184	-587	56.4538914160922	0	0	-1246	1246	38	1	16	5.3
2025-11-03	16:30:59[117]	-233	-160	-701	214.477202411608	0	0	-1479	1479	37	1	132	138	-621	46.2730300200567	0	0	-1280	1280	38	1	16	5.3
2025-11-03	16:30:59[344]	-233	-160	-701	214.477202411608	0	0	-1479	1479	37	1	132	138	-621	46.2730300200567	0	0	-1280	1280	38	1	17	5.2
2025-11-03	16:30:59[347]	-235	-144	-669	211.498549148171	0	0	-1447	1447	37	1	132	138	-621	46.2730300200567	0	0	-1280	1280	38	1	17	5.2
2025-11-03	16:30:59[740]	-235	-144	-669	211.498549148171	0	0	-1447	1447	37	1	132	186	-596	54.6375381129309	0	0	-1255	1255	38	1	17	5.2
2025-11-03	16:31:00[144]	-235	-144	-669	211.498549148171	0	0	-1447	1447	37	1	132	186	-596	54.6375381129309	0	0	-1255	1255	38	1	18	5.0
2025-11-03	16:31:00[147]	-232	-170	-708	216.232418755447	0	0	-1486	1486	37	1	132	186	-596	54.6375381129309	0	0	-1255	1255	38	1	18	5.0
2025-11-03	16:31:00[412]	-232	-170	-708	216.232418755447	0	0	-1486	1486	37	1	129	139	-628	47.1369108537573	0	0	-1287	1287	38	1	18	5.0
2025-11-03	16:31:00[927]	-232	-170	-708	216.232418755447	0	0	-1486	1486	37	1	151	153	-611	45.3769404795971	0	0	-1270	1270	38	1	18	5.0
2025-11-03	16:31:01[533]	-232	-170	-708	216.232418755447	0	0	-1486	1486	37	1	139	166	-607	50.0588980439885	0	0	-1266	1266	38	1	18	5.0
2025-11-03	16:31:01[859]	-232	-170	-708	216.232418755447	0	0	-1486	1486	37	1	139	166	-607	50.0588980439885	0	0	-1266	1266	38	1	19	4.0
2025-11-03	16:31:01[863]	-235	-162	-709	214.580892212372	0	0	-1487	1487	41	1	139	166	-607	50.0588980439885	0	0	-1266	1266	38	1	19	4.0
2025-11-03	16:31:07[435]	-235	-162	-709	214.580892212372	0	0	-1487	1487	41	1	132	138	-632	46.2730300200567	0	0	-1291	1291	42	1	19	4.0
2025-11-03	16:31:07[741]	-235	-162	-709	214.580892212372	0	0	-1487	1487	41	1	132	138	-632	46.2730300200567	0	0	-1291	1291	42	1	20	59.3
2025-11-03	16:31:07[744]	-195	-167	-643	220.57708857145	0	0	-1421	1421	40	1	132	138	-632	46.2730300200567	0	0	-1291	1291	42	1	20	59.3
2025-11-03	16:31:08[140]	-195	-167	-643	220.57708857145	0	0	-1421	1421	40	1	144	157	-543	47.4730316480876	0	0	-1202	1202	42	1	20	59.3
2025-11-03	16:31:08[315]	-195	-167	-643	220.57708857145	0	0	-1421	1421	40	1	129	136	-629	46.5131215560683	0	0	-1288	1288	42	1	20	59.3
2025-11-03	16:31:08[589]	-195	-167	-643	220.57708857145	0	0	-1421	1421	40	1	129	136	-629	46.5131215560683	0	0	-1288	1288	42	1	21	40.2
2025-11-03	16:31:08[592]	-277	-109	-697	201.479727267116	0	0	-1475	1475	40	1	129	136	-629	46.5131215560683	0	0	-1288	1288	42	1	21	40.2
2025-11-03	16:31:09[037]	-277	-109	-697	201.479727267116	0	0	-1475	1475	40	1	129	136	-629	46.5131215560683	0	0	-1288	1288	42	1	22	25.0
2025-11-03	16:31:09[040]	-243	-134	-625	208.874113966104	0	0	-1403	1403	40	1	129	136	-629	46.5131215560683	0	0	-1288	1288	42	1	22	25.0
2025-11-03	16:31:09[227]	-225	-211	-708	223.160859176592	0	0	-1486	1486	40	1	129	136	-629	46.5131215560683	0	0	-1288	1288	42	1	22	25.0
2025-11-03	16:31:09[550]	-225	-211	-708	223.160859176592	0	0	-1486	1486	40	1	129	136	-629	46.5131215560683	0	0	-1288	1288	42	1	23	56.3
2025-11-03	16:31:09[555]	-225	-211	-708	223.160859176592	0	0	-1486	1486	40	1	148	156	-568	46.507435758775	0	0	-1227	1227	41	1	23	56.3
2025-11-03	16:31:09[899]	-239	-155	-710	212.964843226921	0	0	-1488	1488	40	1	148	156	-568	46.507435758775	0	0	-1227	1227	41	1	23	56.3
2025-11-03	16:31:10[221]	-239	-155	-710	212.964843226921	0	0	-1488	1488	40	1	148	156	-568	46.507435758775	0	0	-1227	1227	41	1	24	56.4
2025-11-03	16:31:10[225]	-239	-155	-710	212.964843226921	0	0	-1488	1488	40	1	145	141	-631	44.198712669893	0	0	-1290	1290	41	1	24	56.4
2025-11-03	16:31:10[553]	-214	-191	-724	221.749656854663	0	0	-1502	1502	40	1	145	141	-631	44.198712669893	0	0	-1290	1290	41	1	24	56.4
2025-11-03	16:31:10[857]	-214	-191	-724	221.749656854663	0	0	-1502	1502	40	1	145	141	-631	44.198712669893	0	0	-1290	1290	41	1	25	60.7
2025-11-03	16:31:10[861]	-214	-191	-724	221.749656854663	0	0	-1502	1502	40	1	121	140	-629	49.1636126200533	0	0	-1288	1288	41	1	25	60.7
2025-11-03	16:31:11[114]	-208	-145	-743	214.880946128633	0	0	-1521	1521	44	1	121	140	-629	49.1636126200533	0	0	-1288	1288	41	1	25	60.7
2025-11-03	16:31:11[355]	-208	-145	-743	214.880946128633	0	0	-1521	1521	44	1	121	140	-629	49.1636126200533	0	0	-1288	1288	41	1	26	75.2
2025-11-03	16:31:11[360]	-208	-145	-743	214.880946128633	0	0	-1521	1521	44	1	144	141	-629	44.3969088056195	0	0	-1288	1288	41	1	26	75.2
2025-11-03	16:31:11[642]	-203	-158	-739	217.89451852232	0	0	-1517	1517	44	1	144	141	-629	44.3969088056195	0	0	-1288	1288	41	1	26	75.2
2025-11-03	16:31:11[937]	-203	-158	-739	217.89451852232	0	0	-1517	1517	44	1	144	141	-629	44.3969088056195	0	0	-1288	1288	41	1	27	62.5
2025-11-03	16:31:11[940]	-203	-158	-739	217.89451852232	0	0	-1517	1517	44	1	129	135	-626	46.3019526725789	0	0	-1285	1285	41	1	27	62.5
2025-11-03	16:31:12[188]	-198	-153	-744	217.694240466689	0	0	-1522	1522	44	1	129	135	-626	46.3019526725789	0	0	-1285	1285	41	1	27	62.5
2025-11-03	16:31:12[745]	-201	-160	-744	218.52048748427	0	0	-1522	1522	44	1	129	135	-626	46.3019526725789	0	0	-1285	1285	41	1	27	62.5
2025-11-03	16:31:13[321]	-223	-178	-727	218.597087119305	0	0	-1505	1505	44	1	129	135	-626	46.3019526725789	0	0	-1285	1285	41	1	27	62.5
2025-11-03	16:31:19[176]	-209	-138	-741	213.436267283393	0	0	-1519	1519	48	1	129	135	-626	46.3019526725789	0	0	-1285	1285	41	1	27	62.5
2025-11-03	16:31:19[420]	-209	-138	-741	213.436267283393	0	0	-1519	1519	48	1	129	135	-626	46.3019526725789	0	0	-1285	1285	41	1	28	80.1
2025-11-03	16:31:19[424]	-209	-138	-741	213.436267283393	0	0	-1519	1519	48	1	89	229	-537	68.7615694725643	0	0	-1196	1196	44	1	28	80.1
2025-11-03	16:31:19[578]	-209	-138	-741	213.436267283393	0	0	-1519	1519	48	1	150	152	-623	45.379436701419	0	0	-1282	1282	44	1	28	80.1
2025-11-03	16:31:19[865]	-209	-138	-741	213.436267283393	0	0	-1519	1519	48	1	150	152	-623	45.379436701419	0	0	-1282	1282	44	1	29	62.6
2025-11-03	16:31:19[869]	-241	-118	-720	206.087597399768	0	0	-1498	1498	48	1	150	152	-623	45.379436701419	0	0	-1282	1282	44	1	29	62.6
2025-11-03	16:31:24[468]	-199	-143	-742	215.700758317937	0	0	-1520	1520	47	1	150	152	-623	45.379436701419	0	0	-1282	1282	44	1	29	62.6
2025-11-03	16:31:24[773]	-199	-143	-742	215.700758317937	0	0	-1520	1520	47	1	150	152	-623	45.379436701419	0	0	-1282	1282	44	1	30	59.2
2025-11-03	16:31:24[777]	-199	-143	-742	215.700758317937	0	0	-1520	1520	47	1	106	142	-621	53.2594379798788	0	0	-256	1280	43	1	30	59.2
2025-11-03	16:31:26[612]	-200	-143	-744	215.564767993035	0	0	-1522	1522	51	1	106	142	-621	53.2594379798788	0	0	-256	1280	43	1	30	59.2
2025-11-03	16:31:26[868]	-200	-143	-744	215.564767993035	0	0	-1522	1522	51	1	106	142	-621	53.2594379798788	0	0	-256	1280	43	1	31	70.4
2025-11-03	16:31:26[871]	-200	-143	-744	215.564767993035	0	0	-1522	1522	51	1	89	169	-617	62.227488226451	0	0	-1276	1276	43	1	31	70.4
2025-11-03	16:31:31[827]	-199	-143	-738	215.700758317937	0	0	-1516	1516	50	1	89	169	-617	62.227488226451	0	0	-1276	1276	43	1	31	70.4
2025-11-03	16:31:32[126]	-199	-143	-738	215.700758317937	0	0	-1516	1516	50	1	89	169	-617	62.227488226451	0	0	-1276	1276	43	1	32	62.5
2025-11-03	16:31:32[129]	-199	-143	-738	215.700758317937	0	0	-1516	1516	50	1	115	151	-633	52.707485722965	0	0	-1292	1292	47	1	32	62.5
2025-11-03	16:31:34[304]	-204	-138	-741	214.077195280131	0	0	-1519	1519	50	1	115	151	-633	52.707485722965	0	0	-1292	1292	47	1	32	62.5
2025-11-03	16:31:34[612]	-204	-138	-741	214.077195280131	0	0	-1519	1519	50	1	115	151	-633	52.707485722965	0	0	-1292	1292	47	1	33	59.2
2025-11-03	16:31:34[615]	-204	-138	-741	214.077195280131	0	0	-1519	1519	50	1	121	147	-632	50.5412047780399	0	0	-1291	1291	46	1	33	59.2
2025-11-03	16:31:38[495]	-204	-138	-741	214.077195280131	0	0	-1519	1519	50	1	102	165	-627	58.276397042316	0	0	-1286	1286	46	1	33	59.2
2025-11-03	16:31:42[882]	-204	-138	-741	214.077195280131	0	0	-1519	1519	50	1	102	165	-627	58.276397042316	0	0	-1286	1286	46	1	31	4.1
2025-11-03	16:31:42[886]	-202	-140	-745	214.724641835122	0	0	-1523	1523	53	1	102	165	-627	58.276397042316	0	0	-1286	1286	46	1	31	4.1
2025-11-03	16:31:43[134]	-202	-140	-745	214.724641835122	0	0	-1523	1523	53	1	115	143	-624	51.193904967151	0	0	-1283	1283	50	1	31	4.1
2025-11-03	16:31:45[664]	-202	-140	-745	214.724641835122	0	0	-1523	1523	53	1	115	143	-624	51.193904967151	0	0	-1283	1283	50	1	31	7.1
2025-11-03	16:31:45[667]	-206	-139	-737	214.009795119655	0	0	-1515	1515	53	1	115	143	-624	51.193904967151	0	0	-1283	1283	50	1	31	7.1
2025-11-03	16:31:45[919]	-206	-139	-737	214.009795119655	0	0	-1515	1515	53	1	117	147	-620	51.4830736928972	0	0	-1279	1279	49	1	31	7.1
2025-11-03	16:31:48[315]	-206	-139	-737	214.009795119655	0	0	-1515	1515	53	1	117	147	-620	51.4830736928972	0	0	-1279	1279	49	1	31	7.5
2025-11-03	16:31:48[318]	-1254	615	450	153.875253542452	0	0	-328	328	52	1	117	147	-620	51.4830736928972	0	0	-1279	1279	49	1	31	7.5
2025-11-03	16:31:48[488]	-170	-89	-776	207.633380116741	0	0	-1554	1554	52	1	117	147	-620	51.4830736928972	0	0	-1279	1279	49	1	31	7.5
2025-11-03	16:31:48[757]	-170	-89	-776	207.633380116741	0	0	-1554	1554	52	1	117	147	-620	51.4830736928972	0	0	-1279	1279	49	1	32	74.8
2025-11-03	16:31:48[759]	-170	-89	-776	207.633380116741	0	0	-1554	1554	52	1	126	141	-621	48.2154839917482	0	0	-1280	1280	49	1	32	74.8
2025-11-03	16:31:50[616]	-125	40	-730	162.255328374943	0	0	-1508	1508	52	1	126	141	-621	48.2154839917482	0	0	-1280	1280	49	1	32	74.8
2025-11-03	16:31:51[225]	-125	40	-730	162.255328374943	0	0	-1508	1508	52	1	126	141	-621	48.2154839917482	0	0	-1280	1280	49	1	31	29.6
2025-11-03	16:31:51[228]	-125	40	-730	162.255328374943	0	0	-1508	1508	52	1	128	147	-634	48.9523365821158	0	0	-1293	1293	53	1	31	29.6
2025-11-03	16:31:53[018]	-300	-150	-737	206.565051177078	0	0	-1515	1515	56	1	128	147	-634	48.9523365821158	0	0	-1293	1293	53	1	31	29.6
2025-11-03	16:31:53[202]	-300	-150	-737	206.565051177078	0	0	-1515	1515	56	1	128	147	-634	48.9523365821158	0	0	-1293	1293	53	1	30	102.4
2025-11-03	16:31:53[205]	-300	-150	-737	206.565051177078	0	0	-1515	1515	56	1	126	144	-628	48.8140748342904	0	0	-1287	1287	53	6	30	102.4
2025-11-03	16:31:54[104]	-192	23	-740	173.168994050648	0	0	-1518	1518	56	1	126	144	-628	48.8140748342904	0	0	-1287	1287	53	6	30	102.4
2025-11-03	16:31:54[921]	-409	-153	-782	200.509975184339	0	0	-1560	1560	56	1	126	144	-628	48.8140748342904	0	0	-1287	1287	53	6	30	102.4
2025-11-03	16:31:55[095]	-432	-136	-789	197.474774256256	0	0	-1567	1567	56	1	126	144	-628	48.8140748342904	0	0	-1287	1287	53	6	30	102.4
2025-11-03	16:31:55[257]	-432	-136	-789	197.474774256256	0	0	-1567	1567	56	1	126	144	-628	48.8140748342904	0	0	-1287	1287	53	6	29	15.6
2025-11-03	16:31:55[262]	-432	-136	-789	197.474774256256	0	0	-1567	1567	56	1	121	145	-623	50.1555843174062	0	0	-1282	1282	52	1	29	15.6
2025-11-03	16:31:55[447]	-239	-154	-753	212.795767014067	0	0	-1531	1531	56	1	121	145	-623	50.1555843174062	0	0	-1282	1282	52	1	29	15.6
2025-11-03	16:31:58[921]	-239	-154	-753	212.795767014067	0	0	-1531	1531	56	1	121	145	-623	50.1555843174062	0	0	-1282	1282	52	1	25	4.5
2025-11-03	16:31:58[925]	-239	-154	-753	212.795767014067	0	0	-1531	1531	56	1	97	47	-635	25.8518625420604	0	0	-1294	1294	52	1	25	4.5
2025-11-03	16:32:00[376]	113	-495	-466	282.859286002512	0	0	-1244	1244	60	1	97	47	-635	25.8518625420604	0	0	-1294	1294	52	1	25	4.5
2025-11-03	16:32:00[565]	199	-562	-291	289.498673956813	0	0	-1069	1069	60	1	97	47	-635	25.8518625420604	0	0	-1294	1294	52	1	25	4.5
2025-11-03	16:32:00[741]	256	-563	-93	294.451621818978	0	0	-871	871	60	1	97	47	-635	25.8518625420604	0	0	-1294	1294	52	1	25	4.5
2025-11-03	16:32:00[918]	263	-528	83	296.478173640153	0	0	-695	695	60	1	97	47	-635	25.8518625420604	0	0	-1294	1294	52	1	25	4.5
2025-11-03	16:32:01[094]	222	-505	184	293.730480828099	0	0	-594	594	60	1	97	47	-635	25.8518625420604	0	0	-1294	1294	52	1	25	4.5
2025-11-03	16:32:01[269]	226	-504	198	294.152069906105	0	0	-580	580	59	1	97	47	-635	25.8518625420604	0	0	-1294	1294	52	1	25	4.5
2025-11-03	16:32:01[445]	195	-568	115	288.947851526196	0	0	-663	663	59	1	97	47	-635	25.8518625420604	0	0	-1294	1294	52	1	25	4.5
2025-11-03	16:32:01[621]	182	-572	123	287.65012421993	0	0	-655	655	59	1	97	47	-635	25.8518625420604	0	0	-1294	1294	52	1	25	4.5
2025-11-03	16:32:01[798]	214	-498	249	293.254109662467	0	0	-529	529	59	1	97	47	-635	25.8518625420604	0	0	-1294	1294	52	1	25	4.5
2025-11-03	16:32:01[972]	211	-416	349	296.894649341023	0	0	-429	429	59	1	97	47	-635	25.8518625420604	0	0	-1294	1294	52	1	25	4.5
2025-11-03	16:32:02[149]	196	-312	425	302.137248981042	0	0	-353	353	59	1	97	47	-635	25.8518625420604	0	0	-1294	1294	52	1	25	4.5
2025-11-03	16:32:02[326]	170	-378	389	294.215138986031	0	0	-389	389	59	1	97	47	-635	25.8518625420604	0	0	-1294	1294	52	1	25	4.5
2025-11-03	16:32:02[502]	124	-403	375	287.102728969052	0	0	-403	403	59	1	97	47	-635	25.8518625420604	0	0	-1294	1294	52	1	25	4.5
2025-11-03	16:32:02[725]	84	-424	334	281.205947507403	0	0	-444	444	59	1	97	47	-635	25.8518625420604	0	0	-1294	1294	52	1	25	4.5
2025-11-03	16:32:02[853]	70	-467	266	278.524766051906	0	0	-512	512	59	1	97	47	-635	25.8518625420604	0	0	-1294	1294	52	1	25	4.5
2025-11-03	16:32:03[045]	109	-474	242	282.950468411447	0	0	-536	536	59	1	97	47	-635	25.8518625420604	0	0	-1294	1294	52	1	25	4.5
2025-11-03	16:32:03[221]	115	-477	252	283.554777662088	0	0	-526	526	59	1	97	47	-635	25.8518625420604	0	0	-1294	1294	52	1	25	4.5
2025-11-03	16:32:03[391]	83	-502	240	279.388272776539	0	0	-538	538	59	1	97	47	-635	25.8518625420604	0	0	-1294	1294	52	1	25	4.5
2025-11-03	16:32:03[567]	53	-517	226	275.853201522633	0	0	-552	552	59	1	97	47	-635	25.8518625420604	0	0	-1294	1294	52	1	25	4.5
2025-11-03	16:32:03[743]	73	-505	239	278.225383496113	0	0	-539	539	59	1	97	47	-635	25.8518625420604	0	0	-1294	1294	52	1	25	4.5
2025-11-03	16:32:03[918]	50	-498	249	275.733374758372	0	0	-529	529	59	1	97	47	-635	25.8518625420604	0	0	-1294	1294	52	1	25	4.5
2025-11-03	16:32:04[094]	38	-498	267	274.363511391662	0	0	-511	511	59	1	97	47	-635	25.8518625420604	0	0	-1294	1294	52	1	25	4.5
2025-11-03	16:32:04[271]	40	-492	277	274.647970691387	0	0	-501	501	59	1	97	47	-635	25.8518625420604	0	0	-1294	1294	52	1	25	4.5
2025-11-03	16:32:04[640]	65	-482	274	277.680275583995	0	0	-504	504	59	1	97	47	-635	25.8518625420604	0	0	-1294	1294	52	1	25	4.5
2025-11-03	16:32:04[815]	60	-476	285	277.184267392427	0	0	-493	493	59	1	97	47	-635	25.8518625420604	0	0	-1294	1294	52	1	25	4.5
2025-11-03	16:32:04[984]	58	-463	292	277.140246486638	0	0	-486	486	59	1	97	47	-635	25.8518625420604	0	0	-1294	1294	52	1	25	4.5
2025-11-03	16:32:05[159]	45	-464	305	275.539378937805	0	0	-473	473	59	1	97	47	-635	25.8518625420604	0	0	-1294	1294	52	1	25	4.5
2025-11-03	16:32:05[336]	27	-460	316	273.359159047627	0	0	-462	462	59	1	97	47	-635	25.8518625420604	0	0	-1294	1294	52	1	25	4.5
2025-11-03	16:32:05[511]	18	-462	325	272.231174608031	0	0	-453	453	59	1	97	47	-635	25.8518625420604	0	0	-1294	1294	52	1	25	4.5
2025-11-03	16:32:05[703]	-3	-457	331	269.623884311736	0	0	-447	447	59	1	97	47	-635	25.8518625420604	0	0	-1294	1294	52	1	25	4.5
2025-11-03	16:32:05[879]	22	-472	293	272.668634569344	0	0	-485	485	59	1	97	47	-635	25.8518625420604	0	0	-1294	1294	52	1	25	4.5
2025-11-03	16:32:06[056]	127	-342	329	290.372228784102	0	0	-449	449	59	1	97	47	-635	25.8518625420604	0	0	-1294	1294	52	1	25	4.5
2025-11-03	16:32:06[231]	158	-234	328	304.027759762188	0	0	-450	450	59	1	97	47	-635	25.8518625420604	0	0	-1294	1294	52	1	25	4.5
2025-11-03	16:32:06[408]	164	-273	307	300.994610476056	0	0	-471	471	58	1	97	47	-635	25.8518625420604	0	0	-1294	1294	52	1	25	4.5
2025-11-03	16:32:06[582]	179	-338	259	297.905058957978	0	0	-519	519	58	1	97	47	-635	25.8518625420604	0	0	-1294	1294	52	1	25	4.5
2025-11-03	16:32:06[758]	168	-345	257	295.96406853823	0	0	-521	521	58	1	97	47	-635	25.8518625420604	0	0	-1294	1294	52	1	25	4.5
2025-11-03	16:32:06[938]	169	-366	240	294.78506707246	0	0	-538	538	58	1	97	47	-635	25.8518625420604	0	0	-1294	1294	52	1	25	4.5
2025-11-03	16:32:07[111]	164	-346	258	295.36041091793	0	0	-520	520	58	1	97	47	-635	25.8518625420604	0	0	-1294	1294	52	1	25	4.5
2025-11-03	16:32:07[287]	137	-298	318	294.689733805728	0	0	-460	460	58	1	97	47	-635	25.8518625420604	0	0	-1294	1294	52	1	25	4.5
2025-11-03	16:32:07[463]	132	-286	335	294.775140568832	0	0	-443	443	58	1	97	47	-635	25.8518625420604	0	0	-1294	1294	52	1	25	4.5
2025-11-03	16:32:07[640]	129	-287	327	294.202837720836	0	0	-451	451	58	1	97	47	-635	25.8518625420604	0	0	-1294	1294	52	1	25	4.5
2025-11-03	16:32:07[814]	135	-280	331	295.740708356233	0	0	-447	447	58	1	97	47	-635	25.8518625420604	0	0	-1294	1294	52	1	25	4.5
2025-11-03	16:32:07[991]	139	-261	344	298.038294113467	0	0	-434	434	58	1	97	47	-635	25.8518625420604	0	0	-1294	1294	52	1	25	4.5
2025-11-03	16:32:08[184]	153	-262	324	300.283623770985	0	0	-454	454	58	1	97	47	-635	25.8518625420604	0	0	-1294	1294	52	1	25	4.5
2025-11-03	16:32:08[360]	173	-343	248	296.765152038199	0	0	-530	530	58	1	97	47	-635	25.8518625420604	0	0	-1294	1294	52	1	25	4.5
2025-11-03	16:32:08[535]	142	-399	228	289.590121661082	0	0	-550	550	58	1	97	47	-635	25.8518625420604	0	0	-1294	1294	52	1	25	4.5
2025-11-03	16:32:08[711]	113	-447	194	284.186942172269	0	0	-584	584	58	1	97	47	-635	25.8518625420604	0	0	-1294	1294	52	1	25	4.5
2025-11-03	16:32:08[887]	86	-453	206	280.74942167454	0	0	-572	572	58	1	97	47	-635	25.8518625420604	0	0	-1294	1294	52	1	25	4.5
2025-11-03	16:32:09[063]	87	-479	175	280.294319961533	0	0	-603	603	58	1	97	47	-635	25.8518625420604	0	0	-1294	1294	52	1	25	4.5
2025-11-03	16:32:09[238]	82	-496	139	279.387376823021	0	0	-639	639	58	1	97	47	-635	25.8518625420604	0	0	-1294	1294	52	1	25	4.5
2025-11-03	16:32:09[414]	84	-510	123	279.352979250093	0	0	-655	655	58	1	97	47	-635	25.8518625420604	0	0	-1294	1294	52	1	25	4.5
2025-11-03	16:32:09[592]	66	-496	172	277.57950977689	0	0	-606	606	58	1	97	47	-635	25.8518625420604	0	0	-1294	1294	52	1	25	4.5
2025-11-03	16:32:09[767]	3	-512	174	270.335713616182	0	0	-604	604	58	1	97	47	-635	25.8518625420604	0	0	-1294	1294	52	1	25	4.5
2025-11-03	16:32:09[943]	-80	-492	257	260.764440906834	0	0	-521	521	58	1	97	47	-635	25.8518625420604	0	0	-1294	1294	52	1	25	4.5
2025-11-03	16:32:10[117]	-136	-366	376	249.615704204581	0	0	-402	402	58	1	97	47	-635	25.8518625420604	0	0	-1294	1294	52	1	25	4.5
2025-11-03	16:32:10[295]	-172	-264	439	236.915147071265	0	0	-339	339	58	1	97	47	-635	25.8518625420604	0	0	-1294	1294	52	1	25	4.5
2025-11-03	16:32:10[487]	-183	-224	462	230.752404693819	0	0	-316	316	58	1	97	47	-635	25.8518625420604	0	0	-1294	1294	52	1	25	4.5
2025-11-03	16:32:10[662]	-191	-236	452	231.015990692254	0	0	-326	326	58	1	97	47	-635	25.8518625420604	0	0	-1294	1294	52	1	25	4.5
2025-11-03	16:32:10[837]	-199	-253	448	231.812780859352	0	0	-330	330	58	1	97	47	-635	25.8518625420604	0	0	-1294	1294	52	1	25	4.5
2025-11-03	16:32:11[014]	-189	-248	454	232.689091593344	0	0	-324	324	58	1	97	47	-635	25.8518625420604	0	0	-1294	1294	52	1	25	4.5
2025-11-03	16:32:12[341]	-177	-219	466	231.054191894115	0	0	-312	312	58	1	97	47	-635	25.8518625420604	0	0	-1294	1294	52	1	25	4.5
2025-11-03	16:32:12[360]	-151	-204	468	233.491300276946	0	0	-310	310	58	1	97	47	-635	25.8518625420604	0	0	-1294	1294	52	1	25	4.5
2025-11-03	16:32:12[379]	-111	-237	461	244.903749537308	0	0	-317	317	57	1	97	47	-635	25.8518625420604	0	0	-1294	1294	52	1	25	4.5
2025-11-03	16:32:12[387]	-66	-194	467	251.211378017832	0	0	-311	311	57	1	97	47	-635	25.8518625420604	0	0	-1294	1294	52	1	25	4.5
2025-11-03	16:32:12[405]	-74	-146	473	243.121860247901	0	0	-305	305	57	1	97	47	-635	25.8518625420604	0	0	-1294	1294	52	1	25	4.5
2025-11-03	16:32:12[412]	-51	-120	481	246.974507991472	0	0	-297	297	57	1	97	47	-635	25.8518625420604	0	0	-1294	1294	52	1	25	4.5
2025-11-03	16:32:12[423]	-5	-125	468	267.709389957361	0	0	-310	310	57	1	97	47	-635	25.8518625420604	0	0	-1294	1294	52	1	25	4.5
2025-11-03	16:32:12[436]	26	-132	454	281.142889858339	0	0	-324	324	57	1	97	47	-635	25.8518625420604	0	0	-1294	1294	52	1	25	4.5
2025-11-03	16:32:12[611]	54	-151	432	289.677857521205	0	0	-346	346	57	1	97	47	-635	25.8518625420604	0	0	-1294	1294	52	1	25	4.5
2025-11-03	16:32:12[787]	38	-139	446	285.289991358224	0	0	-332	332	57	1	97	47	-635	25.8518625420604	0	0	-1294	1294	52	1	25	4.5
2025-11-03	16:32:12[962]	48	-138	443	289.179008025811	0	0	-335	335	57	1	97	47	-635	25.8518625420604	0	0	-1294	1294	52	1	25	4.5
2025-11-03	16:32:13[138]	62	-137	439	294.349355340489	0	0	-339	339	57	1	97	47	-635	25.8518625420604	0	0	-1294	1294	52	1	25	4.5
2025-11-03	16:32:13[314]	65	-127	436	297.103867074961	0	0	-342	342	57	1	97	47	-635	25.8518625420604	0	0	-1294	1294	52	1	25	4.5
2025-11-03	16:32:13[489]	68	-129	436	297.795139624835	0	0	-342	342	57	1	97	47	-635	25.8518625420604	0	0	-1294	1294	52	1	25	4.5
2025-11-03	16:32:13[667]	83	-137	424	301.209133102639	0	0	-354	354	57	1	97	47	-635	25.8518625420604	0	0	-1294	1294	52	1	25	4.5
2025-11-03	16:32:13[842]	71	-130	429	298.641330233836	0	0	-349	349	57	1	97	47	-635	25.8518625420604	0	0	-1294	1294	52	1	25	4.5
2025-11-03	16:32:13[956]	71	-130	429	298.641330233836	0	0	-349	349	57	1	97	47	-635	25.8518625420604	0	0	-1294	1294	52	1	15	3.7
2025-11-03	16:32:13[960]	71	-130	429	298.641330233836	0	0	-349	349	57	1	108	357	399	73.1683312417585	0	0	-103	103	30	1	15	3.7
2025-11-03	16:32:14[133]	71	-130	429	298.641330233836	0	0	-349	349	57	1	108	357	399	73.1683312417585	0	0	-103	103	30	1	16	3.7
2025-11-03	16:32:14[135]	71	-130	429	298.641330233836	0	0	-349	349	57	1	159	344	438	65.1931809717091	0	0	-64	64	30	1	16	3.7
2025-11-03	16:32:14[226]	52	-122	448	293.085133672808	0	0	-330	330	57	1	159	344	438	65.1931809717091	0	0	-64	64	30	1	16	3.7
2025-11-03	16:32:14[370]	64	-136	430	295.201123645475	0	0	-348	348	57	1	159	344	438	65.1931809717091	0	0	-64	64	30	1	16	3.7
2025-11-03	16:32:14[513]	64	-136	430	295.201123645475	0	0	-348	348	57	1	159	344	438	65.1931809717091	0	0	-64	64	30	1	17	3.7
2025-11-03	16:32:14[516]	64	-136	430	295.201123645475	0	0	-348	348	57	1	164	338	445	64.1170092160947	0	0	-57	57	30	1	17	3.7
2025-11-03	16:32:14[660]	64	-136	430	295.201123645475	0	0	-348	348	57	1	164	338	445	64.1170092160947	0	0	-57	57	30	1	18	3.7
2025-11-03	16:32:14[663]	64	-136	430	295.201123645475	0	0	-348	348	57	1	38	238	419	80.9285024228228	0	0	-83	83	30	1	18	3.7
2025-11-03	16:32:14[753]	37	-233	418	279.023129712891	0	0	-360	360	57	1	38	238	419	80.9285024228228	0	0	-83	83	30	1	18	3.7
2025-11-03	16:32:14[949]	37	-233	418	279.023129712891	0	0	-360	360	57	1	38	238	419	80.9285024228228	0	0	-83	83	30	1	19	3.6
2025-11-03	16:32:14[954]	37	-233	418	279.023129712891	0	0	-360	360	57	1	-35	190	566	100.437475351118	0	0	64	64	30	1	19	3.6
2025-11-03	16:32:15[092]	37	-233	418	279.023129712891	0	0	-360	360	57	1	-35	190	566	100.437475351118	0	0	64	64	30	1	20	3.6
2025-11-03	16:32:15[094]	37	-233	418	279.023129712891	0	0	-360	360	57	1	-14	129	671	96.193904967151	0	0	169	169	30	1	20	3.6
2025-11-03	16:32:15[267]	37	-233	418	279.023129712891	0	0	-360	360	57	1	-14	129	671	96.193904967151	0	0	169	169	30	1	21	3.6
2025-11-03	16:32:15[271]	37	-233	418	279.023129712891	0	0	-360	360	57	1	24	87	737	74.5778386812613	0	0	235	235	30	1	21	3.6
2025-11-03	16:32:15[451]	37	-233	418	279.023129712891	0	0	-360	360	57	1	24	87	737	74.5778386812613	0	0	235	235	30	1	22	3.6
2025-11-03	16:32:15[454]	37	-233	418	279.023129712891	0	0	-360	360	57	1	-3	189	643	90.9093804491991	0	0	141	141	30	1	22	3.6
2025-11-03	16:32:15[642]	37	-233	418	279.023129712891	0	0	-360	360	57	1	-3	189	643	90.9093804491991	0	0	141	141	30	1	23	3.6
2025-11-03	16:32:15[645]	37	-233	418	279.023129712891	0	0	-360	360	57	1	90	82	741	42.3369992339329	0	0	239	239	30	1	23	3.6
2025-11-03	16:32:15[816]	37	-233	418	279.023129712891	0	0	-360	360	57	1	90	82	741	42.3369992339329	0	0	239	239	30	1	24	3.6
2025-11-03	16:32:15[822]	37	-233	418	279.023129712891	0	0	-360	360	57	1	108	41	744	20.7882456890303	0	0	242	242	30	1	24	3.6
2025-11-03	16:32:15[970]	37	-233	418	279.023129712891	0	0	-360	360	57	1	108	41	744	20.7882456890303	0	0	242	242	30	1	25	3.6
2025-11-03	16:32:15[974]	37	-233	418	279.023129712891	0	0	-360	360	57	1	106	41	749	21.1460941794077	0	0	247	247	30	1	25	3.6
2025-11-03	16:32:16[163]	37	-233	418	279.023129712891	0	0	-360	360	57	1	106	41	749	21.1460941794077	0	0	247	247	30	1	26	4.7
2025-11-03	16:32:16[168]	37	-233	418	279.023129712891	0	0	-360	360	57	1	107	21	751	11.1038334366361	0	0	249	249	30	1	26	4.7
2025-11-03	16:32:16[369]	37	-233	418	279.023129712891	0	0	-360	360	57	1	107	21	751	11.1038334366361	0	0	249	249	30	1	27	4.5
2025-11-03	16:32:16[371]	37	-233	418	279.023129712891	0	0	-360	360	57	1	102	44	751	23.3340412767098	0	0	249	249	30	1	27	4.5
2025-11-03	16:32:16[546]	37	-233	418	279.023129712891	0	0	-360	360	57	1	102	44	751	23.3340412767098	0	0	249	249	30	1	28	4.3
2025-11-03	16:32:16[551]	37	-233	418	279.023129712891	0	0	-360	360	57	1	129	20	770	8.8129016377444	61184	0	268	268	30	1	28	4.3
2025-11-03	16:32:16[691]	37	-233	418	279.023129712891	0	0	-360	360	57	1	129	20	770	8.8129016377444	61184	0	268	268	30	1	29	4.2
2025-11-03	16:32:16[694]	37	-233	418	279.023129712891	0	0	-360	360	57	1	108	-6	747	356.820169880136	0	0	245	245	30	1	29	4.2
2025-11-03	16:32:16[867]	37	-233	418	279.023129712891	0	0	-360	360	57	1	108	-6	747	356.820169880136	0	0	245	245	30	1	30	4.0
2025-11-03	16:32:16[870]	37	-233	418	279.023129712891	0	0	-360	360	57	1	107	-32	761	343.349894501397	0	0	259	259	30	1	30	4.0
2025-11-03	16:32:17[074]	37	-233	418	279.023129712891	0	0	-360	360	57	1	107	-32	761	343.349894501397	0	0	259	259	30	1	31	3.9
2025-11-03	16:32:17[078]	37	-233	418	279.023129712891	0	0	-360	360	57	1	96	-15	760	351.11934084948	0	0	258	258	30	1	31	3.9
2025-11-03	16:32:17[243]	37	-233	418	279.023129712891	0	0	-360	360	57	1	96	-15	760	351.11934084948	0	0	258	258	30	1	32	3.8
2025-11-03	16:32:17[246]	37	-233	418	279.023129712891	0	0	-360	360	57	1	117	-27	771	347.005383208084	0	0	269	269	30	1	32	3.8
2025-11-03	16:32:17[414]	37	-233	418	279.023129712891	0	0	-360	360	57	1	117	-27	771	347.005383208084	0	0	269	269	30	1	33	3.6
2025-11-03	16:32:17[418]	37	-233	418	279.023129712891	0	0	-360	360	57	1	88	-18	765	348.439869205782	0	0	263	263	30	1	33	3.6
2025-11-03	16:32:17[571]	37	-233	418	279.023129712891	0	0	-360	360	57	1	88	-18	765	348.439869205782	0	0	263	263	30	1	34	3.6
2025-11-03	16:32:17[573]	37	-233	418	279.023129712891	0	0	-360	360	57	1	25	-38	748	303.340707346477	0	0	246	246	30	1	34	3.6
2025-11-03	16:32:17[923]	37	-233	418	279.023129712891	0	0	-360	360	57	1	25	-38	748	303.340707346477	0	0	246	246	30	1	35	3.6
2025-11-03	16:32:17[926]	37	-233	418	279.023129712891	0	0	-360	360	57	1	-45	-94	687	244.418470742061	0	0	185	185	30	1	35	3.6
2025-11-03	16:32:18[119]	37	-233	418	279.023129712891	0	0	-360	360	57	1	-45	-94	687	244.418470742061	0	0	185	185	30	1	36	3.6
2025-11-03	16:32:18[122]	37	-233	418	279.023129712891	0	0	-360	360	57	1	-43	-108	690	248.290117240129	0	0	188	188	30	1	36	3.6
2025-11-03	16:32:21[983]	37	-233	418	279.023129712891	0	0	-360	360	57	1	-126	-268	497	244.819471529595	0	0	-5	5	30	1	36	3.6
2025-11-03	16:32:22[144]	37	-233	418	279.023129712891	0	0	-360	360	57	1	-135	-259	470	242.469873830377	0	0	-32	32	30	1	36	3.6
2025-11-03	16:32:22[322]	37	-233	418	279.023129712891	0	0	-360	360	57	1	-132	-266	428	243.607525950161	0	0	-74	74	30	1	36	3.6
2025-11-03	16:32:22[558]	37	-233	418	279.023129712891	0	0	-360	360	57	1	-132	-266	428	243.607525950161	0	0	-74	74	30	1	35	33.1
2025-11-03	16:32:22[562]	-222	-181	458	219.190888055985	0	0	-320	320	55	1	-132	-266	428	243.607525950161	0	0	-74	74	30	1	35	33.1
2025-11-03	16:32:22[727]	-222	-181	458	219.190888055985	0	0	-320	320	55	1	-132	-266	428	243.607525950161	0	0	-74	74	30	1	36	32.1
2025-11-03	16:32:22[730]	-218	-182	460	219.857235442116	0	0	-318	318	55	1	-132	-266	428	243.607525950161	0	0	-74	74	30	1	36	32.1
2025-11-03	16:32:22[882]	-218	-182	460	219.857235442116	0	0	-318	318	55	1	-132	-266	428	243.607525950161	0	0	-74	74	30	1	37	32.2
2025-11-03	16:32:22[886]	-219	-187	464	220.493393116232	0	0	-314	314	55	1	-132	-266	428	243.607525950161	0	0	-74	74	30	1	37	32.2
2025-11-03	16:32:23[055]	-211	-184	468	221.089662185867	0	0	-310	310	55	1	-132	-266	428	243.607525950161	0	0	-74	74	30	1	37	32.2
2025-11-03	16:32:23[232]	-216	-188	461	221.035345277144	0	0	-317	317	55	1	-132	-266	428	243.607525950161	0	0	-74	74	30	1	37	32.2
2025-11-03	16:32:23[409]	-210	-188	462	221.836116381119	0	0	-316	316	55	1	-132	-266	428	243.607525950161	0	0	-74	74	30	1	37	32.2
2025-11-03	16:32:23[584]	-195	-197	467	225.292322869229	0	0	-311	311	55	1	-132	-266	428	243.607525950161	0	0	-74	74	30	1	37	32.2
2025-11-03	16:32:23[759]	-187	-197	466	226.491740435373	0	0	-312	312	55	1	-132	-266	428	243.607525950161	0	0	-74	74	30	1	37	32.2
2025-11-03	16:32:23[936]	-197	-191	467	224.114053406146	0	0	-311	311	55	1	-132	-266	428	243.607525950161	0	0	-74	74	30	1	37	32.2
2025-11-03	16:32:24[112]	-209	-211	462	225.272834983068	0	0	-316	316	55	1	-132	-266	428	243.607525950161	0	0	-74	74	30	1	37	32.2
2025-11-03	16:32:24[303]	-187	-221	460	229.763641690726	0	0	-318	318	55	1	-132	-266	428	243.607525950161	0	0	-74	74	30	1	37	32.2
2025-11-03	16:32:24[481]	-175	-213	495	230.593603449112	0	0	-283	283	55	1	-132	-266	428	243.607525950161	0	0	-74	74	30	1	37	32.2
2025-11-03	16:32:24[656]	-87	-265	622	251.82489420069	0	0	-156	156	55	1	-132	-266	428	243.607525950161	0	0	-74	74	30	1	37	32.2
2025-11-03	16:32:24[832]	-1	-389	729	269.852710402825	0	0	-49	49	55	1	-132	-266	428	243.607525950161	0	0	-74	74	30	1	37	32.2
2025-11-03	16:32:24[959]	-1	-389	729	269.852710402825	0	0	-49	49	55	1	-132	-266	428	243.607525950161	0	0	-74	74	30	1	37	9.5
2025-11-03	16:32:24[962]	-1	-389	729	269.852710402825	0	0	-49	49	55	1	-136	-19	493	187.953081971438	0	0	-9	9	30	1	37	9.5
2025-11-03	16:32:25[183]	114	-434	829	284.717566568058	0	0	51	51	55	1	-136	-19	493	187.953081971438	0	0	-9	9	30	1	37	9.5
2025-11-03	16:32:25[361]	137	-414	819	288.310302653688	0	0	41	41	55	1	-136	-19	493	187.953081971438	0	0	-9	9	30	1	37	9.5
2025-11-03	16:32:25[535]	203	-416	787	296.011485991196	0	0	9	9	55	1	-136	-19	493	187.953081971438	0	0	-9	9	30	1	37	9.5
2025-11-03	16:32:25[711]	245	-420	780	300.256437163529	0	0	2	2	55	1	-136	-19	493	187.953081971438	0	0	-9	9	30	1	37	9.5
2025-11-03	16:32:25[891]	267	-413	769	302.882227949527	0	0	-9	9	55	1	-136	-19	493	187.953081971438	0	0	-9	9	30	1	37	9.5
2025-11-03	16:32:26[063]	256	-410	793	301.980253481838	0	0	15	15	55	1	-136	-19	493	187.953081971438	0	0	-9	9	30	1	37	9.5
2025-11-03	16:32:26[239]	286	-423	768	304.063527394056	0	0	-10	10	55	1	-136	-19	493	187.953081971438	0	0	-9	9	30	1	37	9.5
2025-11-03	16:32:26[415]	286	-414	779	304.637540901568	0	0	1	1	55	1	-136	-19	493	187.953081971438	0	0	-9	9	30	1	37	9.5
2025-11-03	16:32:26[592]	318	-418	759	307.262627226794	0	0	-19	19	55	1	-136	-19	493	187.953081971438	0	0	-9	9	30	1	37	9.5
2025-11-03	16:32:26[768]	332	-402	746	309.552300632078	0	0	-32	32	55	1	-136	-19	493	187.953081971438	0	0	-9	9	30	1	37	9.5
2025-11-03	16:32:26[959]	363	-368	745	314.60810611482	0	0	-33	33	54	1	-136	-19	493	187.953081971438	0	0	-9	9	30	1	37	9.5
2025-11-03	16:32:27[135]	383	-357	726	317.012267195265	0	0	-52	52	54	1	-136	-19	493	187.953081971438	0	0	-9	9	30	1	37	9.5
2025-11-03	16:32:27[310]	381	-355	727	317.023194365928	0	0	-51	51	54	1	-136	-19	493	187.953081971438	0	0	-9	9	30	1	37	9.5
2025-11-03	16:32:27[488]	373	-357	745	316.255596874026	0	0	-33	33	54	1	-136	-19	493	187.953081971438	0	0	-9	9	30	1	37	9.5
2025-11-03	16:32:27[662]	372	-347	756	316.991401469572	0	0	-22	22	54	1	-136	-19	493	187.953081971438	0	0	-9	9	30	1	37	9.5
2025-11-03	16:32:27[839]	403	-331	717	320.602371340514	0	0	-61	61	54	1	-136	-19	493	187.953081971438	0	0	-9	9	30	1	37	9.5
2025-11-03	16:32:28[017]	395	-342	724	319.113239851556	0	0	-54	54	54	1	-136	-19	493	187.953081971438	0	0	-9	9	30	1	37	9.5
2025-11-03	16:32:28[191]	376	-345	748	317.461963768233	0	0	-30	30	54	1	-136	-19	493	187.953081971438	0	0	-9	9	30	1	37	9.5
2025-11-03	16:32:28[368]	393	-327	735	320.237476066813	0	0	-43	43	54	1	-136	-19	493	187.953081971438	0	0	-9	9	30	1	37	9.5
2025-11-03	16:32:28[542]	387	-323	742	320.150769444877	0	0	-36	36	54	1	-136	-19	493	187.953081971438	0	0	-9	9	30	1	37	9.5
2025-11-03	16:32:28[718]	390	-318	741	320.806726905532	0	0	-37	37	54	1	-136	-19	493	187.953081971438	0	0	-9	9	30	1	37	9.5
2025-11-03	16:32:28[896]	396	-335	730	319.770128250136	0	0	-48	48	54	1	-136	-19	493	187.953081971438	0	0	-9	9	30	1	37	9.5
2025-11-03	16:32:29[070]	407	-340	721	320.125264552734	0	0	-57	57	54	1	-136	-19	493	187.953081971438	0	0	-9	9	30	1	37	9.5
2025-11-03	16:32:29[262]	418	-353	707	319.818988031311	0	0	-71	71	54	1	-136	-19	493	187.953081971438	0	0	-9	9	30	1	37	9.5
2025-11-03	16:32:29[440]	393	-384	725	315.663628000013	0	0	-53	53	54	1	-136	-19	493	187.953081971438	0	0	-9	9	30	1	37	9.5
2025-11-03	16:32:29[613]	148	-267	456	298.999915175648	0	0	-322	322	54	1	-136	-19	493	187.953081971438	0	0	-9	9	30	1	37	9.5
2025-11-03	16:32:29[790]	-20	-328	391	266.510675094204	0	0	-387	387	54	1	-136	-19	493	187.953081971438	0	0	-9	9	30	1	37	9.5
2025-11-03	16:32:29[968]	-46	-541	165	265.13995987245	0	0	-613	613	54	1	-136	-19	493	187.953081971438	0	0	-9	9	30	1	37	9.5
2025-11-03	16:32:30[142]	-54	-594	-108	264.805571092265	0	0	-886	886	54	1	-136	-19	493	187.953081971438	0	0	-9	9	30	1	37	9.5
2025-11-03	16:32:30[320]	-95	-531	-297	259.856656710148	0	0	-1075	1075	54	1	-136	-19	493	187.953081971438	0	0	-9	9	30	1	37	9.5
2025-11-03	16:32:30[494]	-126	-444	-410	254.156917882313	0	0	-1188	1188	54	1	-136	-19	493	187.953081971438	0	0	-9	9	30	1	37	9.5
2025-11-03	16:32:30[669]	-132	-387	-449	251.166247087341	0	0	-1227	-565	54	1	-136	-19	493	187.953081971438	0	0	-9	9	30	1	37	9.5
2025-11-03	16:32:30[846]	-163	-330	-479	243.713419434678	0	0	-1257	1257	54	1	-136	-19	493	187.953081971438	0	0	-9	9	30	1	37	9.5
2025-11-03	16:32:31[023]	-129	-331	-481	248.707739814708	0	0	-1259	1259	54	1	-136	-19	493	187.953081971438	0	0	-9	9	30	1	37	9.5
2025-11-03	16:32:31[198]	-137	-382	-454	250.270199484555	0	0	-1232	1232	54	1	-136	-19	493	187.953081971438	0	0	-9	9	30	1	37	9.5
2025-11-03	16:32:31[373]	-173	-326	-483	242.046232233371	0	0	-1261	1261	54	1	-136	-19	493	187.953081971438	0	0	-9	9	30	1	37	9.5
2025-11-03	16:32:31[551]	-183	-253	-506	234.121025994532	0	0	-1284	1284	54	1	-136	-19	493	187.953081971438	0	0	-9	9	30	1	37	9.5
2025-11-03	16:32:31[743]	-165	-235	-515	234.926245506652	0	0	-1293	1293	54	1	-136	-19	493	187.953081971438	0	0	-9	9	30	1	37	9.5
2025-11-03	16:32:31[919]	-220	-165	-520	216.869897645844	0	0	-1298	1298	54	1	-136	-19	493	187.953081971438	0	0	-9	9	30	1	37	9.5
2025-11-03	16:32:32[096]	-259	-210	-505	219.035512898747	0	0	-1283	1283	53	1	-136	-19	493	187.953081971438	0	0	-9	9	30	1	37	9.5
2025-11-03	16:32:32[270]	-339	-267	-457	218.224343830601	0	0	-1235	1235	53	1	-136	-19	493	187.953081971438	0	0	-9	9	30	1	37	9.5
2025-11-03	16:32:32[445]	-393	-183	-457	204.968987319102	0	0	-1235	1235	53	1	-136	-19	493	187.953081971438	0	0	-9	9	30	1	37	9.5
2025-11-03	16:32:32[622]	-411	-77	-448	190.611238091037	0	0	-1226	1226	53	1	-136	-19	493	187.953081971438	0	0	-9	9	30	1	37	9.5
2025-11-03	16:32:32[800]	-443	230	-281	152.56223114978	0	0	-1059	1059	53	1	-136	-19	493	187.953081971438	0	0	-9	9	30	1	37	9.5
2025-11-03	16:32:32[974]	-509	64	-304	172.833424824117	0	0	-1082	1082	53	1	-136	-19	493	187.953081971438	0	0	-9	9	30	1	37	9.5
2025-11-03	16:32:33[149]	-418	245	-185	149.624391872799	0	0	-963	963	53	1	-136	-19	493	187.953081971438	0	0	-9	9	30	1	37	9.5
2025-11-03	16:32:33[329]	-384	205	-193	151.904285046698	0	0	-971	971	53	1	-136	-19	493	187.953081971438	0	0	-9	9	30	1	37	9.5
2025-11-03	16:32:33[502]	-357	154	-210	156.66595872329	0	0	-988	988	53	1	-136	-19	493	187.953081971438	0	0	-9	9	30	1	37	9.5
2025-11-03	16:32:33[678]	-357	173	-189	154.145457580509	0	0	-967	967	53	1	-136	-19	493	187.953081971438	0	0	-9	9	30	1	37	9.5
2025-11-03	16:32:34[316]	-293	176	-258	149.007494960799	0	0	-1036	1036	53	1	-136	-19	493	187.953081971438	0	0	-9	9	30	1	37	9.5
2025-11-03	16:32:34[344]	-376	27	-320	175.892725394743	0	0	-1098	1098	53	1	-136	-19	493	187.953081971438	0	0	-9	9	30	1	37	9.5
2025-11-03	16:32:34[373]	-504	-23	-190	182.612875545834	0	0	-968	968	53	1	-136	-19	493	187.953081971438	0	0	-9	9	30	1	37	9.5
2025-11-03	16:32:34[398]	-459	-34	-236	184.236394799059	0	0	-1014	1014	53	1	-136	-19	493	187.953081971438	0	0	-9	9	30	1	37	9.5
2025-11-03	16:32:34[574]	-386	13	-267	178.071078472813	0	0	-1045	1045	53	1	-136	-19	493	187.953081971438	0	0	-9	9	30	1	37	9.5
2025-11-03	16:32:34[748]	-388	56	-221	171.787219810714	0	0	-999	999	53	1	-136	-19	493	187.953081971438	0	0	-9	9	30	1	37	9.5
2025-11-03	16:32:34[919]	-370	75	-230	168.541247654123	0	0	-1008	1008	53	1	-136	-19	493	187.953081971438	0	0	-9	9	30	1	37	9.5
2025-11-03	16:32:35[094]	-373	60	-234	170.861801894732	0	0	-1012	1012	53	1	-136	-19	493	187.953081971438	0	0	-9	9	30	1	37	9.5
2025-11-03	16:32:35[286]	-376	43	-237	173.475900635126	0	0	-1015	1015	53	1	-136	-19	493	187.953081971438	0	0	-9	9	30	1	37	9.5
2025-11-03	16:32:35[461]	-369	27	-252	175.815083874882	0	0	-1030	1030	53	1	-136	-19	493	187.953081971438	0	0	-9	9	30	1	37	9.5
2025-11-03	16:32:35[638]	-357	17	-282	177.273689006094	0	0	-1060	1060	53	1	-136	-19	493	187.953081971438	0	0	-9	9	30	1	37	9.5
2025-11-03	16:32:35[815]	-346	4	-306	179.337650552628	0	0	-1084	1084	53	1	-136	-19	493	187.953081971438	0	0	-9	9	30	1	37	9.5
2025-11-03	16:32:35[991]	-333	-13	-322	182.235636896146	0	0	-1100	1100	53	1	-136	-19	493	187.953081971438	0	0	-9	9	30	1	37	9.5
2025-11-03	16:32:36[166]	-317	-36	-346	186.479018215872	0	0	-1124	1124	53	1	-136	-19	493	187.953081971438	0	0	-9	9	30	1	37	9.5
2025-11-03	16:32:36[344]	-314	-60	-360	190.817833584841	0	0	-1138	1138	53	1	-136	-19	493	187.953081971438	0	0	-9	9	30	1	37	9.5
2025-11-03	16:32:36[518]	-304	-75	-364	193.858720319455	0	0	-1142	1142	53	1	-136	-19	493	187.953081971438	0	0	-9	9	30	1	37	9.5
2025-11-03	16:32:36[693]	-306	-81	-373	194.826479970356	0	0	-1151	1151	53	1	-136	-19	493	187.953081971438	0	0	-9	9	30	1	37	9.5
2025-11-03	16:32:36[869]	-293	-76	-384	194.541241267825	0	0	-1162	1162	53	1	-136	-19	493	187.953081971438	0	0	-9	9	30	1	37	9.5
2025-11-03	16:32:37[048]	-297	-77	-373	194.53445508054	0	0	-1151	1151	53	1	-136	-19	493	187.953081971438	0	0	-9	9	30	1	37	9.5
2025-11-03	16:32:37[223]	-314	-52	-354	189.403132374213	0	0	-1132	1132	52	1	-136	-19	493	187.953081971438	0	0	-9	9	30	1	37	9.5
2025-11-03	16:32:37[396]	-329	-21	-330	183.652222780306	0	0	-1108	1108	52	1	-136	-19	493	187.953081971438	0	0	-9	9	30	1	37	9.5
2025-11-03	16:32:37[573]	-328	33	-292	174.254818409405	0	0	-1070	1070	52	1	-136	-19	493	187.953081971438	0	0	-9	9	30	1	37	9.5
2025-11-03	16:32:37[751]	-304	87	-258	164.029714535259	0	0	-1036	1036	52	1	-136	-19	493	187.953081971438	0	0	-9	9	30	1	37	9.5
2025-11-03	16:32:37[942]	-273	92	-257	161.376372014395	0	0	-1035	1035	52	1	-136	-19	493	187.953081971438	0	0	-9	9	30	1	37	9.5
2025-11-03	16:32:38[119]	-291	90	-238	162.814293855775	0	0	-1016	1016	52	1	-136	-19	493	187.953081971438	0	0	-9	9	30	1	37	9.5
2025-11-03	16:32:38[290]	-291	90	-238	162.814293855775	0	0	-1016	1016	52	1	-136	-19	493	187.953081971438	0	0	-9	9	30	1	37	9.5
2025-11-03	16:32:38[469]	-282	41	-284	171.727724787487	0	0	-1062	1062	52	1	-136	-19	493	187.953081971438	0	0	-9	9	30	1	37	9.5
2025-11-03	16:32:38[649]	-240	53	-321	167.547047206168	0	0	-1099	1099	52	1	-136	-19	493	187.953081971438	0	0	-9	9	30	1	37	9.5
2025-11-03	16:32:38[820]	-229	29	-360	172.782620840971	0	0	-1138	1138	52	1	-136	-19	493	187.953081971438	0	0	-9	9	30	1	37	9.5
2025-11-03	16:32:38[998]	-255	-20	-366	184.484606009545	0	0	-1144	1144	52	1	-136	-19	493	187.953081971438	0	0	-9	9	30	1	37	9.5
2025-11-03	16:32:39[175]	-268	-36	-356	187.650650955359	0	0	-1134	1134	52	1	-136	-19	493	187.953081971438	0	0	-9	9	30	1	37	9.5
2025-11-03	16:32:39[349]	-257	7	-335	178.439800313071	0	0	-1113	1113	52	1	-136	-19	493	187.953081971438	0	0	-9	9	30	1	37	9.5
2025-11-03	16:32:39[524]	-246	21	-335	175.120726216993	0	0	-1113	1113	52	1	-136	-19	493	187.953081971438	0	0	-9	9	30	1	37	9.5
2025-11-03	16:32:39[702]	-288	-21	-303	184.170436524842	0	0	-1081	1081	52	1	-136	-19	493	187.953081971438	0	0	-9	9	30	1	37	9.5
2025-11-03	16:32:39[876]	-277	-14	-303	182.893353609587	0	0	-1081	1081	52	1	-136	-19	493	187.953081971438	0	0	-9	9	30	1	37	9.5
2025-11-03	16:32:40[053]	-277	-15	-314	183.099632120531	0	0	-1092	1092	52	1	-136	-19	493	187.953081971438	0	0	-9	9	30	1	37	9.5
2025-11-03	16:32:40[245]	-269	-24	-329	185.098391821152	0	0	-1107	1107	52	1	-136	-19	493	187.953081971438	0	0	-9	9	30	1	37	9.5
2025-11-03	16:32:40[420]	-270	-49	-336	190.286171182754	0	0	-1114	1114	52	1	-136	-19	493	187.953081971438	0	0	-9	9	30	1	37	9.5
2025-11-03	16:32:40[597]	-263	-53	-350	191.393698173862	0	0	-1128	1128	52	1	-136	-19	493	187.953081971438	0	0	-9	9	30	1	37	9.5
2025-11-03	16:32:40[775]	-240	-60	-370	194.036243467926	0	0	-1148	1148	52	1	-136	-19	493	187.953081971438	0	0	-9	9	30	1	37	9.5
2025-11-03	16:32:40[948]	-226	-65	-379	196.045797280948	0	0	-1157	1157	52	1	-136	-19	493	187.953081971438	0	0	-9	9	30	1	37	9.5
2025-11-03	16:32:41[125]	-218	-60	-384	195.388467832759	0	0	-1162	1162	52	1	-136	-19	493	187.953081971438	0	0	-9	9	30	1	37	9.5
2025-11-03	16:32:41[303]	-220	-66	-379	196.699244233994	0	0	-1157	1157	52	1	-136	-19	493	187.953081971438	0	0	-9	9	30	1	37	9.5
2025-11-03	16:32:41[476]	-218	-49	-383	192.667874862063	0	0	-1161	1161	52	1	-136	-19	493	187.953081971438	0	0	-9	9	30	1	37	9.5
2025-11-03	16:32:41[652]	-240	-31	-352	187.359954158832	0	0	-1130	1130	52	1	-136	-19	493	187.953081971438	0	0	-9	9	30	1	37	9.5
2025-11-03	16:32:41[830]	-271	-20	-329	184.220818945286	0	0	-1107	1107	52	1	-136	-19	493	187.953081971438	0	0	-9	9	30	1	37	9.5
2025-11-03	16:32:42[008]	-299	-5	-272	180.958034108676	0	0	-1050	1050	52	1	-136	-19	493	187.953081971438	0	0	-9	9	30	1	37	9.5
2025-11-03	16:32:42[185]	-316	-20	-221	183.621484704117	0	0	-999	999	52	1	-136	-19	493	187.953081971438	0	0	-9	9	30	1	37	9.5
2025-11-03	16:32:42[360]	-332	-29	-182	184.992081166092	0	0	-960	960	51	1	-136	-19	493	187.953081971438	0	0	-9	9	30	1	37	9.5
2025-11-03	16:32:42[536]	-355	-91	-151	194.377511447788	0	0	-929	929	51	1	-136	-19	493	187.953081971438	0	0	-9	9	30	1	37	9.5
2025-11-03	16:32:42[712]	-362	-115	-144	197.623988616993	0	0	-922	922	51	1	-136	-19	493	187.953081971438	0	0	-9	9	30	1	37	9.5
2025-11-03	16:32:42[887]	-362	-104	-157	196.028978306277	0	0	-935	935	51	1	-136	-19	493	187.953081971438	0	0	-9	9	30	1	37	9.5
2025-11-03	16:32:43[065]	-344	-62	-178	190.216879629727	0	0	-956	956	51	1	-136	-19	493	187.953081971438	0	0	-9	9	30	1	37	9.5
2025-11-03	16:32:43[256]	-492	-44	-183	185.110417561031	0	0	-961	961	51	1	-136	-19	493	187.953081971438	0	0	-9	9	30	1	37	9.5
2025-11-03	16:32:43[432]	-335	-5	-180	180.855097396267	0	0	-958	958	51	1	-136	-19	493	187.953081971438	0	0	-9	9	30	1	37	9.5
2025-11-03	16:32:43[609]	-330	-45	-215	187.765166018425	0	0	-993	993	51	1	-136	-19	493	187.953081971438	0	0	-9	9	30	1	37	9.5
2025-11-03	16:32:43[784]	-304	-71	-258	193.145937826556	0	0	-1036	1036	51	1	-136	-19	493	187.953081971438	0	0	-9	9	30	1	37	9.5
2025-11-03	16:32:43[960]	-290	-78	-277	195.054316559605	0	0	-1055	1055	51	1	-136	-19	493	187.953081971438	0	0	-9	9	30	1	37	9.5
2025-11-03	16:32:44[135]	-294	-62	-267	191.908300061318	0	0	-1045	1045	51	1	-136	-19	493	187.953081971438	0	0	-9	9	30	1	37	9.5
2025-11-03	16:32:44[313]	-306	-30	-243	185.599339336521	0	0	-1021	1021	51	1	-136	-19	493	187.953081971438	0	0	-9	9	30	1	37	9.5
2025-11-03	16:32:44[488]	-345	-4	-184	180.66426912906	0	0	-962	962	51	1	-136	-19	493	187.953081971438	0	0	-9	9	30	1	37	9.5
2025-11-03	16:32:44[663]	-365	-3	-185	180.470913611195	0	0	-963	963	51	1	-136	-19	493	187.953081971438	0	0	-9	9	30	1	37	9.5
2025-11-03	16:32:44[839]	-345	19	-229	176.847764570335	0	0	-1007	1007	51	1	-136	-19	493	187.953081971438	0	0	-9	9	30	1	37	9.5
2025-11-03	16:32:45[015]	-328	35	-218	173.909168960777	0	0	-996	996	51	1	-136	-19	493	187.953081971438	0	0	-9	9	30	1	37	9.5
2025-11-03	16:32:45[193]	-354	36	-162	174.193273094468	0	0	-940	940	51	1	-136	-19	493	187.953081971438	0	0	-9	9	30	1	37	9.5
2025-11-03	16:32:45[369]	-331	76	-140	167.068609599891	0	0	-918	918	51	1	-136	-19	493	187.953081971438	0	0	-9	9	30	1	37	9.5
2025-11-03	16:32:45[544]	-315	114	-115	160.104568665234	0	0	-893	893	51	1	-136	-19	493	187.953081971438	0	0	-9	9	30	1	37	9.5
2025-11-03	16:32:45[736]	-307	155	-100	153.211429360561	0	0	-878	878	51	1	-136	-19	493	187.953081971438	0	0	-9	9	30	1	37	9.5
2025-11-03	16:32:45[912]	-253	189	-120	143.238960575635	0	0	-898	898	51	1	-136	-19	493	187.953081971438	0	0	-9	9	30	1	37	9.5
2025-11-03	16:32:46[086]	-120	190	-182	122.275644314578	0	0	-960	960	51	1	-136	-19	493	187.953081971438	0	0	-9	9	30	1	37	9.5
2025-11-03	16:32:46[263]	-39	147	-221	104.858614447925	0	0	-999	999	51	1	-136	-19	493	187.953081971438	0	0	-9	9	30	1	37	9.5
2025-11-03	16:32:46[439]	-21	163	-190	97.3412258113642	0	0	-968	968	51	1	-136	-19	493	187.953081971438	0	0	-9	9	30	1	37	9.5
2025-11-03	16:32:46[615]	-55	160	-215	108.970407808487	0	0	-993	993	51	1	-136	-19	493	187.953081971438	0	0	-9	9	30	1	37	9.5
2025-11-03	16:32:46[792]	-48	130	-226	110.265697470948	0	0	-1004	1004	51	1	-136	-19	493	187.953081971438	0	0	-9	9	30	1	37	9.5
2025-11-03	16:32:46[969]	-60	162	-216	110.323136829663	0	0	-994	994	51	1	-136	-19	493	187.953081971438	0	0	-9	9	30	1	37	9.5
2025-11-03	16:32:47[145]	-32	215	-187	98.4655975539816	0	0	-965	965	51	1	-136	-19	493	187.953081971438	0	0	-9	9	30	1	37	9.5
2025-11-03	16:32:47[318]	-108	260	-197	112.557246634706	0	0	-975	975	51	1	-136	-19	493	187.953081971438	0	0	-9	9	30	1	37	9.5
2025-11-03	16:32:47[496]	-261	209	-255	141.313430524356	0	0	-1033	1033	50	1	-136	-19	493	187.953081971438	0	0	-9	9	30	1	37	9.5
2025-11-03	16:32:47[673]	-319	101	-308	162.431461948183	0	0	-1086	1086	50	1	-136	-19	493	187.953081971438	0	0	-9	9	30	1	37	9.5
2025-11-03	16:32:47[846]	-383	93	-261	166.351598961805	0	0	-1039	1039	50	1	-136	-19	493	187.953081971438	0	0	-9	9	30	1	37	9.5
2025-11-03	16:32:48[039]	-349	75	-278	167.871612064291	0	0	-1056	1056	50	1	-136	-19	493	187.953081971438	0	0	-9	9	30	1	37	9.5
2025-11-03	16:32:48[217]	-279	82	-298	163.621578582867	0	0	-1076	1076	50	1	-136	-19	493	187.953081971438	0	0	-9	9	30	1	37	9.5
2025-11-03	16:32:48[390]	-255	126	-264	153.705209929416	0	0	-1042	1042	50	1	-136	-19	493	187.953081971438	0	0	-9	9	30	1	37	9.5
2025-11-03	16:32:48[570]	-230	145	-225	147.771242564901	0	0	-1003	1003	50	1	-136	-19	493	187.953081971438	0	0	-9	9	30	1	37	9.5
2025-11-03	16:32:48[745]	-150	170	-157	131.423665625003	0	0	-935	935	50	1	-136	-19	493	187.953081971438	0	0	-9	9	30	1	37	9.5
2025-11-03	16:32:48[921]	-165	186	-132	131.576128755069	0	0	-910	910	50	1	-136	-19	493	187.953081971438	0	0	-9	9	30	1	37	9.5
2025-11-03	16:32:49[098]	-151	165	-160	132.46323826184	0	0	-938	938	50	1	-136	-19	493	187.953081971438	0	0	-9	9	30	1	37	9.5
2025-11-03	16:32:49[274]	-87	175	-92	116.433939782331	0	0	-870	870	50	1	-136	-19	493	187.953081971438	0	0	-9	9	30	1	37	9.5
2025-11-03	16:32:49[449]	-128	151	-64	130.287348310212	0	0	-842	842	50	1	-136	-19	493	187.953081971438	0	0	-9	9	30	1	37	9.5
2025-11-03	16:32:49[625]	-173	70	-81	157.970548814259	0	0	-859	859	50	1	-136	-19	493	187.953081971438	0	0	-9	9	30	1	37	9.5
2025-11-03	16:32:49[802]	-208	50	-93	166.483431891209	0	0	-871	871	50	1	-136	-19	493	187.953081971438	0	0	-9	9	30	1	37	9.5
2025-11-03	16:32:49[978]	-171	-7	-130	182.34413247407	0	0	-908	908	50	1	-136	-19	493	187.953081971438	0	0	-9	9	30	1	37	9.5
2025-11-03	16:32:50[154]	-108	-92	-149	220.426078740099	0	0	-927	927	50	1	-136	-19	493	187.953081971438	0	0	-9	9	30	1	37	9.5
2025-11-03	16:32:50[330]	-102	-148	-170	235.425808525885	0	0	-948	948	50	1	-136	-19	493	187.953081971438	0	0	-9	9	30	1	37	9.5
2025-11-03	16:32:50[508]	-96	-188	-183	242.949402992914	0	0	-961	961	50	1	-136	-19	493	187.953081971438	0	0	-9	9	30	1	37	9.5
2025-11-03	16:32:50[680]	-109	-221	-199	243.746900982783	0	0	-977	977	50	1	-136	-19	493	187.953081971438	0	0	-9	9	30	1	37	9.5
2025-11-03	16:32:50[873]	-87	-233	-195	249.52484288599	0	0	-973	973	50	1	-136	-19	493	187.953081971438	0	0	-9	9	30	1	37	9.5
2025-11-03	16:32:51[049]	-82	-268	-196	252.987453190756	0	0	-974	974	50	1	-136	-19	493	187.953081971438	0	0	-9	9	30	1	37	9.5
2025-11-03	16:32:51[224]	-87	-305	-190	254.079418207319	0	0	-968	968	50	1	-136	-19	493	187.953081971438	0	0	-9	9	30	1	37	9.5
2025-11-03	16:32:51[401]	-58	-325	-166	259.881430131535	0	0	-944	944	50	1	-136	-19	493	187.953081971438	0	0	-9	9	30	1	37	9.5
2025-11-03	16:32:51[576]	-82	-317	-171	255.496912363777	0	0	-949	949	50	1	-136	-19	493	187.953081971438	0	0	-9	9	30	1	37	9.5
2025-11-03	16:32:51[752]	-75	-282	-171	255.106527041158	0	0	-949	949	50	1	-136	-19	493	187.953081971438	0	0	-9	9	30	1	37	9.5
2025-11-03	16:32:51[929]	-50	-275	-150	259.695153531234	0	0	-928	928	50	1	-136	-19	493	187.953081971438	0	0	-9	9	30	1	37	9.5
2025-11-03	16:32:52[105]	-63	-301	-133	258.178511659393	0	0	-911	911	50	1	-136	-19	493	187.953081971438	0	0	-9	9	30	1	37	9.5
2025-11-03	16:32:52[281]	-51	-335	-94	261.34382430393	0	0	-872	872	50	1	-136	-19	493	187.953081971438	0	0	-9	9	30	1	37	9.5
2025-11-03	16:32:52[456]	-32	-339	-55	264.607527442352	0	0	-833	833	50	1	-136	-19	493	187.953081971438	0	0	-9	9	30	1	37	9.5
2025-11-03	16:32:52[633]	-52	-330	-72	261.045205871149	0	0	-850	850	49	1	-136	-19	493	187.953081971438	0	0	-9	9	30	1	37	9.5
2025-11-03	16:32:52[808]	-57	-335	-87	260.34364347976	0	0	-865	865	49	1	-136	-19	493	187.953081971438	0	0	-9	9	30	1	37	9.5
2025-11-03	16:32:52[984]	-45	-337	-81	262.394220425618	0	0	-859	859	49	1	-136	-19	493	187.953081971438	0	0	-9	9	30	1	37	9.5
2025-11-03	16:32:53[176]	-56	-373	-70	261.461723144747	0	0	-848	848	49	1	-136	-19	493	187.953081971438	0	0	-9	9	30	1	37	9.5
2025-11-03	16:32:53[354]	-58	-392	-59	261.583625612184	0	0	-837	837	49	1	-136	-19	493	187.953081971438	0	0	-9	9	30	1	37	9.5
2025-11-03	16:32:53[528]	-40	-364	-84	263.728922550499	0	0	-862	862	49	1	-136	-19	493	187.953081971438	0	0	-9	9	30	1	37	9.5
2025-11-03	16:32:53[704]	-40	-321	-134	262.896952890632	0	0	-912	912	49	1	-136	-19	493	187.953081971438	0	0	-9	9	30	1	37	9.5
2025-11-03	16:32:53[881]	-38	-313	-142	263.077839615291	0	0	-920	920	49	1	-136	-19	493	187.953081971438	0	0	-9	9	30	1	37	9.5
2025-11-03	16:32:54[056]	-42	-321	-151	262.545701187252	0	0	-929	929	49	1	-136	-19	493	187.953081971438	0	0	-9	9	30	1	37	9.5
2025-11-03	16:32:54[232]	-47	-350	-153	262.351749068914	0	0	-931	931	49	1	-136	-19	493	187.953081971438	0	0	-9	9	30	1	37	9.5
2025-11-03	16:32:54[408]	-41	-357	-148	263.448515618142	0	0	-926	926	49	1	-136	-19	493	187.953081971438	0	0	-9	9	30	1	37	9.5
2025-11-03	16:32:54[585]	-36	-329	-159	263.755396719815	0	0	-937	937	49	1	-136	-19	493	187.953081971438	0	0	-9	9	30	1	37	9.5
2025-11-03	16:32:54[760]	-49	-304	-181	260.843578673516	0	0	-959	959	49	1	-136	-19	493	187.953081971438	0	0	-9	9	30	1	37	9.5
2025-11-03	16:32:54[937]	-30	-311	-170	264.490123740348	0	0	-948	948	49	1	-136	-19	493	187.953081971438	0	0	-9	9	30	1	37	9.5
2025-11-03	16:32:55[112]	-29	-342	-160	265.153180366962	0	0	-938	938	49	1	-136	-19	493	187.953081971438	0	0	-9	9	30	1	37	9.5
2025-11-03	16:32:55[303]	-47	-374	-160	262.83727666114	0	0	-938	938	49	1	-136	-19	493	187.953081971438	0	0	-9	9	30	1	37	9.5
2025-11-03	16:32:55[480]	-41	-361	-157	263.52048748427	0	0	-935	935	49	1	-136	-19	493	187.953081971438	0	0	-9	9	30	1	37	9.5
2025-11-03	16:32:55[657]	-73	-341	-180	257.916718144047	0	0	-958	958	49	1	-136	-19	493	187.953081971438	0	0	-9	9	30	1	37	9.5
2025-11-03	16:32:55[831]	-65	-306	-192	258.007579549172	0	0	-970	970	49	1	-136	-19	493	187.953081971438	0	0	-9	9	30	1	37	9.5
2025-11-03	16:32:56[008]	-86	-289	-208	253.42816040246	0	0	-986	986	49	1	-136	-19	493	187.953081971438	0	0	-9	9	30	1	37	9.5
2025-11-03	16:32:56[186]	-103	-328	-205	252.566439368306	0	0	-983	983	49	1	-136	-19	493	187.953081971438	0	0	-9	9	30	1	37	9.5
2025-11-03	16:32:57[393]	-93	-342	-189	254.787417131379	0	0	-967	967	49	1	-136	-19	493	187.953081971438	0	0	-9	9	30	1	37	9.5
2025-11-03	16:32:57[469]	-101	-330	-203	252.982714183756	0	0	-981	981	49	1	-136	-19	493	187.953081971438	0	0	-9	9	30	1	37	9.5
2025-11-03	16:32:57[518]	-100	-289	-215	250.91331757632	0	0	-993	993	49	1	-136	-19	493	187.953081971438	0	0	-9	9	30	1	37	9.5
2025-11-03	16:32:57[580]	-89	-274	-212	252.005295483959	0	0	-990	990	49	1	-136	-19	493	187.953081971438	0	0	-9	9	30	1	37	9.5
2025-11-03	16:32:57[628]	-101	-309	-205	251.899458544321	0	0	-983	983	49	1	-136	-19	493	187.953081971438	0	0	-9	9	30	1	37	9.5
2025-11-03	16:32:57[732]	-100	-344	-192	253.790975072192	0	0	-970	970	49	1	-136	-19	493	187.953081971438	0	0	-9	9	30	1	37	9.5
2025-11-03	16:32:57[738]	-110	-311	-207	250.52142757581	0	0	-985	985	49	1	-136	-19	493	187.953081971438	0	0	-9	9	30	1	37	9.5
2025-11-03	16:32:57[780]	-111	-300	-214	249.69552629004	0	0	-992	992	48	1	-136	-19	493	187.953081971438	0	0	-9	9	30	1	37	9.5
2025-11-03	16:32:57[956]	-122	-312	-214	248.643227326595	0	0	-992	992	48	1	-136	-19	493	187.953081971438	0	0	-9	9	30	1	37	9.5
2025-11-03	16:32:58[132]	-119	-348	-200	251.12167050439	0	0	-978	978	48	1	-136	-19	493	187.953081971438	0	0	-9	9	30	1	37	9.5
2025-11-03	16:34:17[703]	0	0	0	0	0	0	0	0	0	0	-39	219	-343	100.097504384075	0	0	-590	590	30	1	0	0.0
2025-11-03	16:34:17[875]	0	0	0	0	0	0	0	0	0	0	258	-92	-637	340.374317285221	0	0	-884	884	30	1	0	0.0
2025-11-03	16:34:18[050]	0	0	0	0	0	0	0	0	0	0	34	0	-264	0	0	0	-511	511	30	1	0	0.0
2025-11-03	16:34:18[227]	0	0	0	0	0	0	0	0	0	0	-65	-2	-219	181.762391023661	0	0	-466	466	30	1	0	0.0
2025-11-03	16:34:18[789]	0	0	0	0	0	0	0	0	0	0	-65	-2	-219	181.762391023661	0	0	-466	466	30	1	1	16.6
2025-11-03	16:34:18[794]	-54	-109	-509	243.645594122077	0	0	-787	787	30	1	-65	-2	-219	181.762391023661	0	0	-466	466	30	1	1	16.6
2025-11-03	16:34:18[963]	-54	-109	-509	243.645594122077	0	0	-787	787	30	1	-65	-2	-219	181.762391023661	0	0	-466	466	30	1	2	16.5
2025-11-03	16:34:18[968]	-145	-133	-481	222.528335238367	0	0	-759	759	30	1	-65	-2	-219	181.762391023661	0	0	-466	466	30	1	2	16.5
2025-11-03	16:34:19[139]	-145	-133	-481	222.528335238367	0	0	-759	759	30	1	-65	-2	-219	181.762391023661	0	0	-466	466	30	1	3	16.6
2025-11-03	16:34:19[142]	-140	-59	-407	202.851947848916	0	0	-685	685	30	1	-65	-2	-219	181.762391023661	0	0	-466	466	30	1	3	16.6
2025-11-03	16:34:19[316]	-140	-59	-407	202.851947848916	0	0	-685	685	30	1	-65	-2	-219	181.762391023661	0	0	-466	466	30	1	4	16.5
2025-11-03	16:34:19[319]	-75	73	-250	135.774220164928	0	0	-528	528	30	1	-65	-2	-219	181.762391023661	0	0	-466	466	30	1	4	16.5
2025-11-03	16:34:54[025]	-118	210	-589	119.331839578248	0	0	-867	867	30	1	-65	-2	-219	181.762391023661	0	0	-466	466	30	1	4	16.5
2025-11-03	16:34:54[202]	38	88	-334	66.644435140714	0	0	-612	612	30	1	-65	-2	-219	181.762391023661	0	0	-466	466	30	1	4	16.5
2025-11-03	16:34:54[382]	-4	58	-260	93.9451862290376	0	0	-538	538	30	1	-65	-2	-219	181.762391023661	0	0	-466	466	30	1	4	16.5
2025-11-03	16:34:54[861]	-4	58	-260	93.9451862290376	0	0	-538	538	30	1	-65	-2	-219	181.762391023661	0	0	-466	466	30	1	5	21.5
2025-11-03	16:34:54[865]	-4	58	-260	93.9451862290376	0	0	-538	538	30	1	-218	75	-71	161.014902849568	0	0	-318	318	30	1	5	21.5
2025-11-03	16:34:55[327]	-4	58	-260	93.9451862290376	0	0	-538	538	30	1	-218	75	-71	161.014902849568	0	0	-318	318	30	1	6	16.0
2025-11-03	16:34:55[330]	-4	58	-260	93.9451862290376	0	0	-538	538	30	1	-76	43	-216	150.499275376501	0	0	-463	463	30	1	6	16.0
2025-11-03	16:35:31[702]	-4	58	-260	93.9451862290376	0	0	-538	538	30	1	331	-131	-623	338.407807349338	0	0	-870	870	30	1	6	16.0
2025-11-03	16:35:31[876]	-4	58	-260	93.9451862290376	0	0	-538	538	30	1	-77	14	-210	169.695153531234	0	0	-457	457	30	1	6	16.0
2025-11-03	16:35:32[227]	-4	58	-260	93.9451862290376	0	0	-538	538	30	1	-77	14	-210	169.695153531234	0	0	-457	457	30	1	3	34.2
2025-11-03	16:35:32[231]	-240	-211	-377	221.320857573341	0	0	-655	655	30	1	-77	14	-210	169.695153531234	0	0	-457	457	30	1	3	34.2
2025-11-03	16:35:32[404]	-240	-211	-377	221.320857573341	0	0	-655	655	30	1	-77	14	-210	169.695153531234	0	0	-457	457	30	1	4	34.1
2025-11-03	16:35:32[409]	-66	77	-239	130.601294645004	0	0	-517	517	30	1	-77	14	-210	169.695153531234	0	0	-457	457	30	1	4	34.1
2025-11-03	16:35:57[373]	97	440	-645	77.5677426223267	0	0	-923	923	30	1	-77	14	-210	169.695153531234	0	0	-457	457	30	1	4	34.1
2025-11-03	16:35:57[550]	23	177	-293	82.596271147212	0	0	-571	571	30	1	-77	14	-210	169.695153531234	0	0	-457	457	30	1	4	34.1
2025-11-03	16:35:57[726]	-53	72	-247	126.357197419995	0	0	-525	525	30	1	-77	14	-210	169.695153531234	0	0	-457	457	30	1	4	34.1
2025-11-03	16:35:58[206]	-53	72	-247	126.357197419995	0	0	-525	525	30	1	-77	14	-210	169.695153531234	0	0	-457	457	30	1	3	21.6
2025-11-03	16:35:58[209]	-53	72	-247	126.357197419995	0	0	-525	525	30	1	-169	91	-258	151.699244233994	0	0	-505	505	30	1	3	21.6
2025-11-03	16:35:58[381]	-53	72	-247	126.357197419995	0	0	-525	525	30	1	-169	91	-258	151.699244233994	0	0	-505	505	30	1	4	21.6
2025-11-03	16:35:58[385]	-53	72	-247	126.357197419995	0	0	-525	525	30	1	-76	37	-217	154.041230738439	0	0	-464	464	30	1	4	21.6
2025-11-03	16:36:31[495]	-53	72	-247	126.357197419995	0	0	-525	525	30	1	187	-130	-409	325.193469087092	0	0	-656	656	32	1	4	21.6
2025-11-03	16:36:31[667]	-53	72	-247	126.357197419995	0	0	-525	525	30	1	-80	26	-213	161.995838394087	0	0	-460	460	32	1	4	21.6
2025-11-03	16:36:31[986]	-53	72	-247	126.357197419995	0	0	-525	525	30	1	-80	26	-213	161.995838394087	0	0	-460	460	32	1	5	36.6
2025-11-03	16:36:31[989]	-236	-80	-345	198.725787845273	0	0	-623	623	32	1	-80	26	-213	161.995838394087	0	0	-460	460	32	1	5	36.6
2025-11-03	16:36:32[173]	-236	-80	-345	198.725787845273	0	0	-623	623	32	1	-80	26	-213	161.995838394087	0	0	-460	460	32	1	6	36.3
2025-11-03	16:36:32[175]	-57	77	-250	126.511056119495	0	0	-528	528	32	1	-80	26	-213	161.995838394087	0	0	-460	460	32	1	6	36.3
2025-11-03	16:37:26[099]	-57	77	-250	126.511056119495	0	0	-528	528	32	1	-167	89	-225	151.945323377379	0	0	-472	472	32	1	6	36.3
2025-11-03	16:37:26[276]	-57	77	-250	126.511056119495	0	0	-528	528	32	1	-106	133	-207	128.55458196374	0	0	-454	454	32	1	6	36.3
2025-11-03	16:37:26[596]	-57	77	-250	126.511056119495	0	0	-528	528	32	1	-14	40	-172	109.290046219189	0	0	-419	419	32	1	6	36.3
2025-11-03	16:37:26[775]	-57	77	-250	126.511056119495	0	0	-528	528	32	1	-43	14	-195	161.96571443287	0	0	-442	442	32	1	6	36.3
2025-11-03	16:37:26[963]	-57	77	-250	126.511056119495	0	0	-528	528	32	1	-61	9	-203	171.607074812608	0	0	-450	450	32	1	6	36.3
2025-11-03	16:37:27[139]	-57	77	-250	126.511056119495	0	0	-528	528	32	1	-72	18	-218	165.963756532074	0	0	-465	465	32	1	6	36.3
2025-11-03	16:37:40[216]	-57	77	-250	126.511056119495	0	0	-528	528	32	1	-126	289	-422	113.55653533318	0	0	-669	669	32	1	6	36.3
2025-11-03	16:37:40[390]	-57	77	-250	126.511056119495	0	0	-528	528	32	1	-135	242	-555	119.155017209581	0	0	-802	802	32	1	6	36.3
2025-11-03	16:37:40[584]	-57	77	-250	126.511056119495	0	0	-528	528	32	1	-34	-571	-1120	266.592365905962	0	0	-1367	1367	32	1	6	36.3
2025-11-03	16:37:40[759]	-57	77	-250	126.511056119495	0	0	-528	528	32	1	38	-96	-63	291.595310448968	0	0	-310	310	32	1	6	36.3
2025-11-03	16:37:40[935]	-57	77	-250	126.511056119495	0	0	-528	528	32	1	-44	3	-145	176.099506257618	0	0	-392	392	32	1	6	36.3
2025-11-03	16:37:41[110]	-57	77	-250	126.511056119495	0	0	-528	528	32	1	-93	122	-104	127.318095383749	0	0	-351	351	32	1	6	36.3
2025-11-03	16:37:41[244]	-57	77	-250	126.511056119495	0	0	-528	528	32	1	-93	122	-104	127.318095383749	0	0	-351	351	32	1	1	17.6
2025-11-03	16:37:41[246]	65	151	-649	66.7098827598712	0	0	-927	927	32	1	-93	122	-104	127.318095383749	0	0	-351	351	32	1	1	17.6
2025-11-03	16:37:41[596]	65	151	-649	66.7098827598712	0	0	-927	927	32	1	-93	122	-104	127.318095383749	0	0	-351	351	32	1	2	15.0
2025-11-03	16:37:41[601]	-1249	451	-259	160.145912901214	0	0	-537	537	32	1	-93	122	-104	127.318095383749	0	0	-351	351	32	1	2	15.0
2025-11-03	16:37:41[771]	-1249	451	-259	160.145912901214	0	0	-537	537	32	1	-93	122	-104	127.318095383749	0	0	-351	351	32	1	3	15.2
2025-11-03	16:37:41[774]	-162	0	-27	180	0	0	-305	305	32	1	-93	122	-104	127.318095383749	0	0	-351	351	32	1	3	15.2
2025-11-03	16:37:41[946]	-162	0	-27	180	0	0	-305	305	32	1	-93	122	-104	127.318095383749	0	0	-351	351	32	1	4	15.2
2025-11-03	16:37:41[949]	-141	77	-75	151.361077455346	0	0	-353	353	32	1	-93	122	-104	127.318095383749	0	0	-351	351	32	1	4	15.2
2025-11-03	16:37:42[122]	-141	77	-75	151.361077455346	0	0	-353	353	32	1	-93	122	-104	127.318095383749	0	0	-351	351	32	1	5	15.2
2025-11-03	16:37:42[125]	12	54	-184	77.4711922908485	0	0	-462	462	32	1	-93	122	-104	127.318095383749	0	0	-351	351	32	1	5	15.2
2025-11-03	16:37:42[296]	12	54	-184	77.4711922908485	0	0	-462	462	32	1	-93	122	-104	127.318095383749	0	0	-351	351	32	1	6	15.2
2025-11-03	16:37:42[299]	-24	64	-241	110.556045219583	0	0	-519	519	32	1	-93	122	-104	127.318095383749	0	0	-351	351	32	1	6	15.2
2025-11-03	16:37:42[519]	-42	72	-251	120.256437163529	0	0	-529	529	32	1	-93	122	-104	127.318095383749	0	0	-351	351	32	1	6	15.2
2025-11-03	16:38:04[804]	-10	285	-1814	92.0095538130211	0	0	-2092	2092	32	1	-93	122	-104	127.318095383749	0	0	-351	351	32	1	6	15.2
2025-11-03	16:38:04[977]	-140	84	-120	149.036243467926	0	0	-398	398	32	1	-93	122	-104	127.318095383749	0	0	-351	351	32	1	6	15.2
2025-11-03	16:38:05[317]	-140	84	-120	149.036243467926	0	0	-398	398	32	1	-93	122	-104	127.318095383749	0	0	-351	351	32	1	7	35.3
2025-11-03	16:38:05[321]	-140	84	-120	149.036243467926	0	0	-398	398	32	1	-74	-26	-164	199.358994175695	0	0	-411	411	32	1	7	35.3
2025-11-03	16:38:05[493]	-140	84	-120	149.036243467926	0	0	-398	398	32	1	-74	-26	-164	199.358994175695	0	0	-411	411	32	1	8	35.2
2025-11-03	16:38:05[495]	-140	84	-120	149.036243467926	0	0	-398	398	32	1	-74	35	-215	154.687116198126	0	0	-462	462	32	1	8	35.2
2025-11-03	16:38:27[452]	-140	84	-120	149.036243467926	0	0	-398	398	32	1	515	-283	-1444	331.210564557504	0	0	-1691	1691	33	1	8	35.2
2025-11-03	16:38:27[626]	-140	84	-120	149.036243467926	0	0	-398	398	32	1	-104	69	-13	146.437256218908	0	0	-260	260	33	1	8	35.2
2025-11-03	16:38:27[803]	-140	84	-120	149.036243467926	0	0	-398	398	32	1	-76	55	-225	144.107334312254	0	0	-472	472	33	1	8	35.2
2025-11-03	16:38:27[982]	-140	84	-120	149.036243467926	0	0	-398	398	32	1	-76	55	-225	144.107334312254	0	0	-472	472	33	1	9	34.1
2025-11-03	16:38:27[986]	9	69	-96	82.5685920288275	0	0	-512	374	33	1	-76	55	-225	144.107334312254	0	0	-472	472	33	1	9	34.1
2025-11-03	16:38:28[160]	9	69	-96	82.5685920288275	0	0	-512	374	33	1	-76	55	-225	144.107334312254	0	0	-472	472	33	1	10	34.1
2025-11-03	16:38:28[163]	-36	74	-251	115.942295489872	0	0	-529	529	32	1	-76	55	-225	144.107334312254	0	0	-472	472	33	1	10	34.1
2025-11-03	16:38:46[853]	-70	20	-528	164.054604099077	0	0	-806	806	32	1	-76	55	-225	144.107334312254	0	0	-472	472	33	1	10	34.1
2025-11-03	16:38:47[029]	623	-180	-868	343.884695486104	0	0	-1146	1146	32	1	-76	55	-225	144.107334312254	0	0	-472	472	33	1	10	34.1
2025-11-03	16:38:47[207]	-68	99	-138	124.483953615455	0	0	-416	416	32	1	-76	55	-225	144.107334312254	0	0	-472	472	33	1	10	34.1
2025-11-03	16:38:47[382]	-113	92	-207	140.848921645929	0	0	-485	485	32	1	-76	55	-225	144.107334312254	0	0	-472	472	33	1	10	34.1
2025-11-03	16:38:47[627]	-113	92	-207	140.848921645929	0	0	-485	485	32	1	-76	55	-225	144.107334312254	0	0	-472	472	33	1	5	23.4
2025-11-03	16:38:47[630]	-113	92	-207	140.848921645929	0	0	-485	485	32	1	-567	870	568	123.093258074751	0	0	321	321	32	1	5	23.4
2025-11-03	16:38:47[804]	-113	92	-207	140.848921645929	0	0	-485	485	32	1	-567	870	568	123.093258074751	0	0	321	321	32	1	6	23.4
2025-11-03	16:38:47[807]	-113	92	-207	140.848921645929	0	0	-485	485	32	1	-77	106	-130	125.995220874723	0	0	-377	377	32	1	6	23.4
2025-11-03	16:38:47[995]	-113	92	-207	140.848921645929	0	0	-485	485	32	1	-77	106	-130	125.995220874723	0	0	-377	377	32	1	7	22.9
2025-11-03	16:38:47[999]	-113	92	-207	140.848921645929	0	0	-485	485	32	1	-72	-10	-184	187.907162702958	0	0	-431	431	32	1	7	22.9
2025-11-03	16:38:48[160]	-113	92	-207	140.848921645929	0	0	-485	485	32	1	-72	-10	-184	187.907162702958	0	0	-431	431	32	1	8	23.3
2025-11-03	16:38:48[163]	-113	92	-207	140.848921645929	0	0	-485	485	32	1	-75	26	-215	160.880273670069	0	0	-462	462	32	1	8	23.3
2025-11-03	16:39:17[733]	-113	92	-207	140.848921645929	0	0	-485	485	32	1	-218	38	-647	170.112011184422	0	0	-894	894	32	1	8	23.3
2025-11-03	16:39:17[907]	-113	92	-207	140.848921645929	0	0	-485	485	32	1	568	-86	-1558	351.390328219226	0	0	-1805	1805	32	1	8	23.3
2025-11-03	16:39:18[084]	-113	92	-207	140.848921645929	0	0	-485	485	32	1	-2	-134	-72	269.144902603733	0	0	-319	319	32	1	8	23.3
2025-11-03	16:39:18[262]	-113	92	-207	140.848921645929	0	0	-485	485	32	1	-89	-41	-17	204.734302529053	0	0	-264	264	32	1	8	23.3
2025-11-03	16:39:18[451]	-113	92	-207	140.848921645929	0	0	-485	485	32	1	-88	86	-171	135.658543177564	0	0	-418	418	32	1	8	23.3
2025-11-03	16:39:18[681]	-113	92	-207	140.848921645929	0	0	-485	485	32	1	-88	86	-171	135.658543177564	0	0	-418	418	32	1	7	19.1
2025-11-03	16:39:18[683]	-612	55	-1294	174.864664994487	0	0	-1572	1572	32	1	-88	86	-171	135.658543177564	0	0	-418	418	32	1	7	19.1
2025-11-03	16:39:18[855]	-612	55	-1294	174.864664994487	0	0	-1572	1572	32	1	-88	86	-171	135.658543177564	0	0	-418	418	32	1	8	19.1
2025-11-03	16:39:18[858]	-158	0	-14	180	0	0	-292	292	32	1	-88	86	-171	135.658543177564	0	0	-418	418	32	1	8	19.1
2025-11-03	16:39:19[030]	-158	0	-14	180	0	0	-292	292	32	1	-88	86	-171	135.658543177564	0	0	-418	418	32	1	9	19.1
2025-11-03	16:39:19[033]	-18	84	-41	102.094757077012	0	0	-319	319	32	1	-88	86	-171	135.658543177564	0	0	-418	418	32	1	9	19.1
2025-11-03	16:39:19[207]	-18	84	-41	102.094757077012	0	0	-319	319	32	1	-88	86	-171	135.658543177564	0	0	-418	418	32	1	10	19.1
2025-11-03	16:39:19[249]	-15	61	-228	103.815025341262	0	0	-506	506	32	1	-88	86	-171	135.658543177564	0	0	-418	418	32	1	10	19.1
2025-11-03	16:39:19[384]	-15	61	-228	103.815025341262	0	0	-506	506	32	1	-88	86	-171	135.658543177564	0	0	-418	418	32	1	11	19.4
2025-11-03	16:39:19[387]	-36	78	-244	114.775140568832	0	0	-522	522	32	1	-88	86	-171	135.658543177564	0	0	-418	418	32	1	11	19.4
2025-11-03	16:39:48[127]	-72	59	-334	140.667285678239	0	0	-612	612	32	1	-88	86	-171	135.658543177564	0	0	-418	418	32	1	11	19.4
2025-11-03	16:39:48[302]	-33	332	345	95.6764173112437	0	0	67	67	32	1	-88	86	-171	135.658543177564	0	0	-418	418	32	1	11	19.4
2025-11-03	16:39:48[475]	-115	76	-81	146.540497746609	0	0	-359	359	32	1	-88	86	-171	135.658543177564	0	0	-418	418	32	1	11	19.4
2025-11-03	16:39:48[816]	-115	76	-81	146.540497746609	0	0	-359	359	32	1	-88	86	-171	135.658543177564	0	0	-418	418	32	1	6	26.2
2025-11-03	16:39:48[818]	-115	76	-81	146.540497746609	0	0	-359	359	32	1	-173	186	-30	132.926128632424	0	0	-277	277	32	1	6	26.2
2025-11-03	16:39:49[280]	-115	76	-81	146.540497746609	0	0	-359	359	32	1	-173	186	-30	132.926128632424	0	0	-277	277	32	1	7	18.5
2025-11-03	16:39:49[284]	-115	76	-81	146.540497746609	0	0	-359	359	32	1	-81	24	-212	163.495638618245	0	0	-459	459	36	1	7	18.5
2025-11-03	16:48:24[769]	-902	-474	-1185	207.721876335419	0	0	-1529	1529	30	1	-81	24	-212	163.495638618245	0	0	-459	459	36	1	7	18.5
2025-11-03	16:48:24[947]	-789	364	-216	155.234070230785	0	0	-560	560	30	1	-81	24	-212	163.495638618245	0	0	-459	459	36	1	7	18.5
2025-11-03	16:48:25[120]	39	-139	-286	285.672820509543	0	0	-630	630	30	1	-81	24	-212	163.495638618245	0	0	-459	459	36	1	7	18.5
2025-11-03	16:48:26[512]	43	-183	-316	283.223067652701	0	0	-660	660	30	1	-81	24	-212	163.495638618245	0	0	-459	459	36	1	7	18.5
2025-11-03	16:48:26[688]	41	-164	-314	284.036243467926	0	0	-658	658	30	1	-81	24	-212	163.495638618245	0	0	-459	459	36	1	7	18.5
2025-11-03	16:48:33[535]	41	-164	-314	284.036243467926	0	0	-658	658	30	1	-94	66	-178	144.926245506652	0	0	-449	449	47	1	7	18.5
2025-11-03	16:48:33[935]	41	-164	-314	284.036243467926	0	0	-658	658	30	1	-56	59	-240	133.505666408733	0	0	-511	511	47	1	7	18.5
2025-11-03	16:48:35[198]	41	-164	-314	284.036243467926	0	0	-658	658	30	1	-108	36	-246	161.565051177078	0	0	-517	517	47	1	7	18.5
2025-11-03	16:53:24[616]	27	-223	-180	276.903553919725	0	0	-524	524	30	1	-108	36	-246	161.565051177078	0	0	-517	517	47	1	7	18.5
2025-11-03	16:53:24[790]	16	76	-355	78.111341960372	0	0	-699	699	30	1	-108	36	-246	161.565051177078	0	0	-517	517	47	1	7	18.5
2025-11-03	16:53:24[966]	-166	-139	-366	219.941101956012	0	0	-710	710	30	1	-108	36	-246	161.565051177078	0	0	-517	517	47	1	7	18.5
2025-11-03	16:53:25[140]	-82	-262	-486	252.621074983076	0	0	-830	830	30	1	-108	36	-246	161.565051177078	0	0	-517	517	47	1	7	18.5
2025-11-03	16:53:25[317]	5	-182	-322	271.573664054103	0	0	-666	666	30	1	-108	36	-246	161.565051177078	0	0	-517	517	47	1	7	18.5
2025-11-03	16:53:25[958]	5	-182	-322	271.573664054103	0	0	-666	666	30	1	-108	36	-246	161.565051177078	0	0	-517	517	47	1	1	13.4
2025-11-03	16:53:25[962]	5	-182	-322	271.573664054103	0	0	-666	666	30	1	-81	133	-106	121.342357494188	0	0	-377	377	47	1	1	13.4
2025-11-03	16:53:26[132]	5	-182	-322	271.573664054103	0	0	-666	666	30	1	-81	133	-106	121.342357494188	0	0	-377	377	47	1	2	13.4
2025-11-03	16:53:26[135]	5	-182	-322	271.573664054103	0	0	-666	666	30	1	-56	-67	-401	230.110417561031	0	0	-672	672	47	1	2	13.4
2025-11-03	16:53:26[309]	5	-182	-322	271.573664054103	0	0	-666	666	30	1	-56	-67	-401	230.110417561031	0	0	-672	672	47	1	3	13.4
2025-11-03	16:53:26[311]	5	-182	-322	271.573664054103	0	0	-666	666	30	1	82	0	-331	0	0	0	-602	602	47	1	3	13.4
2025-11-03	16:53:26[511]	5	-182	-322	271.573664054103	0	0	-666	666	30	1	82	0	-331	0	0	0	-602	602	47	1	4	13.4
2025-11-03	16:53:26[517]	5	-182	-322	271.573664054103	0	0	-666	666	30	1	-11	153	-311	94.1122288447185	0	0	-582	582	47	1	4	13.4
2025-11-03	16:53:26[663]	5	-182	-322	271.573664054103	0	0	-666	666	30	1	-11	153	-311	94.1122288447185	0	0	-582	582	47	1	5	13.4
2025-11-03	16:53:26[668]	5	-182	-322	271.573664054103	0	0	-666	666	30	1	-74	86	-252	130.710846671181	0	0	-523	523	47	1	5	13.4
2025-11-03	16:54:16[463]	0	0	0	0	0	0	0	0	0	0	47	-46	-131	315.616059908399	0	0	-402	402	49	1	0	0.0
2025-11-03	16:54:16[637]	0	0	0	0	0	0	0	0	0	0	-64	188	-416	108.799885158653	0	0	-687	687	49	1	0	0.0
2025-11-03	16:54:16[811]	0	0	0	0	0	0	0	0	0	0	-189	109	-304	150.027109414029	0	0	-575	575	49	1	0	0.0
2025-11-03	16:54:16[986]	0	0	0	0	0	0	0	0	0	0	-114	14	-285	172.998732442505	0	0	-556	556	49	1	0	0.0
2025-11-03	16:54:17[644]	0	0	0	0	0	0	0	0	0	0	-114	14	-285	172.998732442505	0	0	-556	556	49	1	1	30.4
2025-11-03	16:54:17[648]	-89	-35	-274	201.467651439099	0	0	-618	618	30	1	-114	14	-285	172.998732442505	0	0	-556	556	49	1	1	30.4
2025-11-03	16:54:17[818]	-89	-35	-274	201.467651439099	0	0	-618	618	30	1	-114	14	-285	172.998732442505	0	0	-556	556	49	1	2	30.4
2025-11-03	16:54:17[820]	-38	-384	-325	264.348505118502	0	0	-669	669	30	1	-114	14	-285	172.998732442505	0	0	-556	556	49	1	2	30.4
2025-11-03	16:54:17[994]	-38	-384	-325	264.348505118502	0	0	-669	669	30	1	-114	14	-285	172.998732442505	0	0	-556	556	49	1	3	30.4
2025-11-03	16:54:17[998]	144	-179	-300	308.815608766106	0	0	-644	644	30	1	-114	14	-285	172.998732442505	0	0	-556	556	49	1	3	30.4
2025-11-03	16:54:18[171]	144	-179	-300	308.815608766106	0	0	-644	644	30	1	-114	14	-285	172.998732442505	0	0	-556	556	49	1	4	30.4
2025-11-03	16:54:18[173]	88	-82	-397	317.021364940356	0	0	-741	741	30	1	-114	14	-285	172.998732442505	0	0	-556	556	49	1	4	30.4
2025-11-03	16:54:18[348]	24	-142	-319	279.59313426273	0	0	-663	663	30	1	-114	14	-285	172.998732442505	0	0	-556	556	49	1	4	30.4
2025-11-03	16:54:40[709]	21	-250	-159	274.801573349874	0	0	-503	503	30	1	-114	14	-285	172.998732442505	0	0	-556	556	49	1	4	30.4
2025-11-03	16:54:40[886]	16	80	-358	78.6900675259798	0	0	-702	702	30	1	-114	14	-285	172.998732442505	0	0	-556	556	49	1	4	30.4
2025-11-03	16:54:41[061]	-155	-121	-377	217.977206164427	0	0	-721	721	30	1	-114	14	-285	172.998732442505	0	0	-556	556	49	1	4	30.4
2025-11-03	16:54:41[237]	-59	-273	-446	257.804950338101	0	0	-790	790	30	1	-114	14	-285	172.998732442505	0	0	-556	556	49	1	4	30.4
2025-11-03	16:54:41[413]	16	-179	-325	275.107835856013	0	0	-669	669	30	1	-114	14	-285	172.998732442505	0	0	-556	556	49	1	4	30.4
2025-11-03	16:54:41[637]	18	-168	-314	276.115503566285	0	0	-658	658	30	1	-114	14	-285	172.998732442505	0	0	-556	556	49	1	4	30.4
2025-11-03	16:54:42[004]	18	-168	-314	276.115503566285	0	0	-658	658	30	1	-114	14	-285	172.998732442505	0	0	-556	556	49	1	5	27.8
2025-11-03	16:54:42[007]	18	-168	-314	276.115503566285	0	0	-658	658	30	1	-55	118	-74	114.990306111325	0	0	-345	345	49	1	5	27.8
2025-11-03	16:54:42[180]	18	-168	-314	276.115503566285	0	0	-658	658	30	1	-55	118	-74	114.990306111325	0	0	-345	345	49	1	6	27.8
2025-11-03	16:54:42[183]	18	-168	-314	276.115503566285	0	0	-658	658	30	1	-58	-71	-400	230.754565331102	0	0	-671	671	49	1	6	27.8
2025-11-03	16:54:42[355]	18	-168	-314	276.115503566285	0	0	-658	658	30	1	-58	-71	-400	230.754565331102	0	0	-671	671	49	1	7	27.8
2025-11-03	16:54:42[359]	18	-168	-314	276.115503566285	0	0	-658	658	30	1	69	-6	-367	355.03025927189	0	0	-638	638	49	1	7	27.8
2025-11-03	16:54:42[533]	18	-168	-314	276.115503566285	0	0	-658	658	30	1	69	-6	-367	355.03025927189	0	0	-638	638	49	1	8	27.8
2025-11-03	16:54:42[535]	18	-168	-314	276.115503566285	0	0	-658	658	30	1	-28	153	-295	100.370741528285	0	0	-566	566	49	1	8	27.8
2025-11-03	16:55:03[527]	18	-168	-314	276.115503566285	0	0	-658	658	30	1	-14	-22	-61	237.528807709152	0	0	-332	332	49	1	8	27.8
2025-11-03	16:55:03[695]	18	-168	-314	276.115503566285	0	0	-658	658	30	1	-32	184	-414	99.8658069430844	0	0	-685	685	49	1	8	27.8
2025-11-03	16:55:03[887]	18	-168	-314	276.115503566285	0	0	-658	658	30	1	-178	125	-323	144.921658541686	0	0	-594	594	49	1	8	27.8
2025-11-03	16:55:04[063]	18	-168	-314	276.115503566285	0	0	-658	658	30	1	-101	1	-293	179.432733590142	0	0	-564	564	49	1	8	27.8
2025-11-03	16:55:04[724]	18	-168	-314	276.115503566285	0	0	-658	658	30	1	-101	1	-293	179.432733590142	0	0	-564	564	49	1	9	30.2
2025-11-03	16:55:04[728]	-71	-15	-187	191.929322177238	0	0	-531	531	32	1	-101	1	-293	179.432733590142	0	0	-564	564	49	1	9	30.2
2025-11-03	16:55:04[897]	-71	-15	-187	191.929322177238	0	0	-531	531	32	1	-101	1	-293	179.432733590142	0	0	-564	564	49	1	10	30.0
2025-11-03	16:55:04[900]	-30	-403	-379	265.742658019894	0	0	-723	723	32	1	-101	1	-293	179.432733590142	0	0	-564	564	49	1	10	30.0
2025-11-03	16:55:05[073]	-30	-403	-379	265.742658019894	0	0	-723	723	32	1	-101	1	-293	179.432733590142	0	0	-564	564	49	1	11	30.4
2025-11-03	16:55:05[076]	110	-216	-371	296.987890581749	0	0	-715	715	32	1	-101	1	-293	179.432733590142	0	0	-564	564	49	1	11	30.4
2025-11-03	16:55:05[247]	110	-216	-371	296.987890581749	0	0	-715	715	32	1	-101	1	-293	179.432733590142	0	0	-564	564	49	1	12	30.4
2025-11-03	16:55:05[250]	54	-78	-373	304.695153531234	0	0	-717	717	32	1	-101	1	-293	179.432733590142	0	0	-564	564	49	1	12	30.4
2025-11-03	16:55:30[666]	-13	-198	-196	266.243547452196	0	0	-540	540	32	1	-101	1	-293	179.432733590142	0	0	-564	564	49	1	12	30.4
2025-11-03	16:55:30[840]	3	-9	-451	288.434948822922	0	0	-795	795	32	1	-101	1	-293	179.432733590142	0	0	-564	564	49	1	12	30.4
2025-11-03	16:55:31[016]	-135	-92	-427	214.273705533875	0	0	-771	771	32	1	-101	1	-293	179.432733590142	0	0	-564	564	49	1	12	30.4
2025-11-03	16:55:31[194]	-26	-261	-384	264.311142741394	0	0	-728	728	32	1	-101	1	-293	179.432733590142	0	0	-564	564	49	1	12	30.4
2025-11-03	16:55:31[368]	18	-175	-321	275.872628281067	0	0	-665	665	32	1	-101	1	-293	179.432733590142	0	0	-564	564	49	1	12	30.4
2025-11-03	16:55:31[929]	18	-175	-321	275.872628281067	0	0	-665	665	32	1	-101	1	-293	179.432733590142	0	0	-564	564	49	1	9	28.5
2025-11-03	16:55:31[932]	18	-175	-321	275.872628281067	0	0	-665	665	32	1	-39	100	-113	111.305783617829	0	0	-384	384	49	1	9	28.5
2025-11-03	16:55:32[104]	18	-175	-321	275.872628281067	0	0	-665	665	32	1	-39	100	-113	111.305783617829	0	0	-384	384	49	1	10	28.5
2025-11-03	16:55:32[107]	18	-175	-321	275.872628281067	0	0	-665	665	32	1	-58	-52	-409	221.877869537884	0	0	-680	680	49	1	10	28.5
2025-11-03	16:55:32[280]	18	-175	-321	275.872628281067	0	0	-665	665	32	1	-58	-52	-409	221.877869537884	0	0	-680	680	49	1	11	28.5
2025-11-03	16:55:32[284]	18	-175	-321	275.872628281067	0	0	-665	665	32	1	65	-8	-382	352.983498255277	0	0	-653	653	49	1	11	28.5
2025-11-03	16:55:32[456]	18	-175	-321	275.872628281067	0	0	-665	665	32	1	65	-8	-382	352.983498255277	0	0	-653	653	49	1	12	28.5
2025-11-03	16:55:32[461]	18	-175	-321	275.872628281067	0	0	-665	665	32	1	-33	151	-286	102.327770711317	0	0	-557	557	49	1	12	28.5
2025-11-03	16:55:51[171]	18	-175	-321	275.872628281067	0	0	-665	665	32	1	-25	-23	-56	222.614055969611	0	0	-327	327	49	1	12	28.5
2025-11-03	16:55:51[347]	18	-175	-321	275.872628281067	0	0	-665	665	32	1	-78	128	-424	121.35708522401	0	0	-695	695	49	1	12	28.5
2025-11-03	16:55:51[522]	18	-175	-321	275.872628281067	0	0	-665	665	32	1	-184	144	-333	141.952957468174	0	0	-604	604	49	1	12	28.5
2025-11-03	16:55:51[700]	18	-175	-321	275.872628281067	0	0	-665	665	32	1	-97	30	-268	162.814293855775	0	0	-539	539	49	1	12	28.5
2025-11-03	16:55:52[276]	18	-175	-321	275.872628281067	0	0	-665	665	32	1	-97	30	-268	162.814293855775	0	0	-539	539	49	1	9	32.6
2025-11-03	16:55:52[279]	-99	-33	-192	198.434948822922	0	0	-536	536	32	1	-97	30	-268	162.814293855775	0	0	-539	539	49	1	9	32.6
2025-11-03	16:55:52[452]	-99	-33	-192	198.434948822922	0	0	-536	536	32	1	-97	30	-268	162.814293855775	0	0	-539	539	49	1	10	32.6
2025-11-03	16:55:52[455]	-9	-310	-489	268.337041258658	0	0	-833	833	32	1	-97	30	-268	162.814293855775	0	0	-539	539	49	1	10	32.6
2025-11-03	16:55:52[627]	-9	-310	-489	268.337041258658	0	0	-833	833	32	1	-97	30	-268	162.814293855775	0	0	-539	539	49	1	11	32.6
2025-11-03	16:55:52[630]	143	-225	-380	302.43822579304	0	0	-724	724	32	1	-97	30	-268	162.814293855775	0	0	-539	539	49	1	11	32.6
2025-11-03	16:55:52[802]	143	-225	-380	302.43822579304	0	0	-724	724	32	1	-97	30	-268	162.814293855775	0	0	-539	539	49	1	12	32.6
2025-11-03	16:55:52[806]	33	-108	-338	286.990823291986	0	0	-682	682	32	1	-97	30	-268	162.814293855775	0	0	-539	539	49	1	12	32.6
2025-11-03	16:56:17[501]	-12	-187	-201	266.328299901629	0	0	-545	545	32	1	-97	30	-268	162.814293855775	0	0	-539	539	49	1	12	32.6
2025-11-03	16:56:17[676]	8	21	-425	69.1455419604217	0	0	-769	769	32	1	-97	30	-268	162.814293855775	0	0	-539	539	49	1	12	32.6
2025-11-03	16:56:17[852]	-121	-113	-423	223.041932570766	0	0	-767	767	32	1	-97	30	-268	162.814293855775	0	0	-539	539	49	1	12	32.6
2025-11-03	16:56:18[028]	-34	-273	-400	262.900815831274	0	0	-744	744	32	1	-97	30	-268	162.814293855775	0	0	-539	539	49	1	12	32.6
2025-11-03	16:56:18[206]	16	-180	-318	275.079607860015	0	0	-662	662	32	1	-97	30	-268	162.814293855775	0	0	-539	539	49	1	12	32.6
2025-11-03	16:56:18[782]	16	-180	-318	275.079607860015	0	0	-662	662	32	1	-97	30	-268	162.814293855775	0	0	-539	539	49	1	9	28.1
2025-11-03	16:56:18[786]	16	-180	-318	275.079607860015	0	0	-662	662	32	1	-36	117	-119	107.102728969052	0	0	-390	390	49	1	9	28.1
2025-11-03	16:56:18[957]	16	-180	-318	275.079607860015	0	0	-662	662	32	1	-36	117	-119	107.102728969052	0	0	-390	390	49	1	10	28.1
2025-11-03	16:56:18[960]	16	-180	-318	275.079607860015	0	0	-662	662	32	1	-51	-35	-410	214.460816271372	0	0	-681	681	49	1	10	28.1
2025-11-03	16:56:19[132]	16	-180	-318	275.079607860015	0	0	-662	662	32	1	-51	-35	-410	214.460816271372	0	0	-681	681	49	1	11	28.1
2025-11-03	16:56:19[135]	16	-180	-318	275.079607860015	0	0	-662	662	32	1	93	0	-348	0	0	0	-619	619	49	1	11	28.1
2025-11-03	16:56:19[311]	16	-180	-318	275.079607860015	0	0	-662	662	32	1	93	0	-348	0	0	0	-619	619	49	1	12	28.1
2025-11-03	16:56:19[314]	16	-180	-318	275.079607860015	0	0	-662	662	32	1	-39	151	-299	104.481769321125	0	0	-570	570	49	1	12	28.1
2025-11-03	16:56:41[950]	16	-180	-318	275.079607860015	0	0	-662	662	32	1	-72	27	-93	159.443954780417	0	0	-364	364	49	1	12	28.1
2025-11-03	16:56:42[119]	16	-180	-318	275.079607860015	0	0	-662	662	32	1	-10	154	-398	93.7152891054288	0	0	-669	669	49	1	12	28.1
2025-11-03	16:56:42[311]	16	-180	-318	275.079607860015	0	0	-662	662	32	1	-171	136	-368	141.504010540432	0	0	-639	639	49	1	12	28.1
2025-11-03	16:56:42[487]	16	-180	-318	275.079607860015	0	0	-662	662	32	1	-101	6	-277	176.600285840877	0	0	-548	548	49	1	12	28.1
2025-11-03	16:56:43[112]	16	-180	-318	275.079607860015	0	0	-662	662	32	1	-101	6	-277	176.600285840877	0	0	-548	548	49	1	9	31.1
2025-11-03	16:56:43[114]	-29	-52	-137	240.851928154287	0	0	-481	481	32	1	-101	6	-277	176.600285840877	0	0	-548	548	49	1	9	31.1
2025-11-03	16:56:43[289]	-29	-52	-137	240.851928154287	0	0	-481	481	32	1	-101	6	-277	176.600285840877	0	0	-548	548	49	1	10	30.8
2025-11-03	16:56:43[293]	-43	-330	-452	262.576014723372	0	0	-796	796	32	1	-101	6	-277	176.600285840877	0	0	-548	548	49	1	10	30.8
2025-11-03	16:56:43[481]	-43	-330	-452	262.576014723372	0	0	-796	796	32	1	-101	6	-277	176.600285840877	0	0	-548	548	49	1	11	30.8
2025-11-03	16:56:43[484]	98	-224	-437	293.629377730657	0	0	-781	781	32	1	-101	6	-277	176.600285840877	0	0	-548	548	49	1	11	30.8
2025-11-03	16:56:43[671]	98	-224	-437	293.629377730657	0	0	-781	781	32	1	-101	6	-277	176.600285840877	0	0	-548	548	49	1	12	30.8
2025-11-03	16:56:43[674]	33	-100	-350	288.262889942194	0	0	-694	694	32	1	-101	6	-277	176.600285840877	0	0	-548	548	49	1	12	30.8
2025-11-03	16:57:04[560]	7	-210	-189	271.909152432996	0	0	-533	533	32	1	-101	6	-277	176.600285840877	0	0	-548	548	49	1	12	30.8
2025-11-03	16:57:04[737]	11	60	-380	79.6111421845304	0	0	-724	724	32	1	-101	6	-277	176.600285840877	0	0	-548	548	49	1	12	30.8
2025-11-03	16:57:04[912]	-147	-133	-380	222.137594773888	0	0	-724	724	32	1	-101	6	-277	176.600285840877	0	0	-548	548	49	1	12	30.8
2025-11-03	16:57:05[089]	-65	-281	-464	256.975603699584	0	0	-808	808	32	1	-101	6	-277	176.600285840877	0	0	-548	548	49	1	12	30.8
2025-11-03	16:57:05[265]	17	-186	-324	275.222201944587	0	0	-668	668	32	1	-101	6	-277	176.600285840877	0	0	-548	548	49	1	12	30.8
2025-11-03	16:57:05[488]	19	-166	-318	276.529535998847	0	0	-662	662	32	1	-101	6	-277	176.600285840877	0	0	-548	548	49	1	12	30.8
2025-11-03	16:57:05[874]	19	-166	-318	276.529535998847	0	0	-662	662	32	1	-101	6	-277	176.600285840877	0	0	-548	548	49	1	9	27.4
2025-11-03	16:57:05[879]	19	-166	-318	276.529535998847	0	0	-662	662	32	1	-75	129	-114	120.173520029644	0	0	-385	385	49	1	9	27.4
2025-11-03	16:57:06[048]	19	-166	-318	276.529535998847	0	0	-662	662	32	1	-75	129	-114	120.173520029644	0	0	-385	385	49	1	10	27.4
2025-11-03	16:57:06[051]	19	-166	-318	276.529535998847	0	0	-662	662	32	1	-80	-108	-386	233.471144633015	0	0	-657	657	49	1	10	27.4
2025-11-03	16:57:06[225]	19	-166	-318	276.529535998847	0	0	-662	662	32	1	-80	-108	-386	233.471144633015	0	0	-657	657	49	1	11	27.4
2025-11-03	16:57:06[228]	19	-166	-318	276.529535998847	0	0	-662	662	32	1	75	-4	-327	356.947117485208	0	0	-598	598	49	1	11	27.4
2025-11-03	16:57:06[418]	19	-166	-318	276.529535998847	0	0	-662	662	32	1	75	-4	-327	356.947117485208	0	0	-598	598	49	1	12	27.1
2025-11-03	16:57:06[421]	19	-166	-318	276.529535998847	0	0	-662	662	32	1	-3	165	-332	91.04162667601	0	0	-603	603	49	1	12	27.1
2025-11-03	16:57:06[593]	19	-166	-318	276.529535998847	0	0	-662	662	32	1	-3	165	-332	91.04162667601	0	0	-603	603	49	1	13	27.1
2025-11-03	16:57:06[596]	19	-166	-318	276.529535998847	0	0	-662	662	32	1	-69	92	-255	126.869897645844	0	0	-526	526	49	1	13	27.1
2025-11-03	16:57:26[907]	19	-166	-318	276.529535998847	0	0	-662	662	32	1	-82	27	-75	161.774924888646	0	0	-346	346	50	1	13	27.1
2025-11-03	16:57:27[085]	19	-166	-318	276.529535998847	0	0	-662	662	32	1	-17	140	-397	96.9234489148105	0	0	-668	668	50	1	13	27.1
2025-11-03	16:57:27[258]	19	-166	-318	276.529535998847	0	0	-662	662	32	1	-163	143	-377	138.739503362931	0	0	-648	648	50	1	13	27.1
2025-11-03	16:57:27[434]	19	-166	-318	276.529535998847	0	0	-662	662	32	1	-100	8	-282	175.426078740099	0	0	-553	553	49	1	13	27.1
2025-11-03	16:57:28[076]	19	-166	-318	276.529535998847	0	0	-662	662	32	1	-100	8	-282	175.426078740099	0	0	-553	553	49	1	10	30.8
2025-11-03	16:57:28[079]	-51	-23	-174	204.274441134439	0	0	-518	518	32	1	-100	8	-282	175.426078740099	0	0	-553	553	49	1	10	30.8
2025-11-03	16:57:28[251]	-51	-23	-174	204.274441134439	0	0	-518	518	32	1	-100	8	-282	175.426078740099	0	0	-553	553	49	1	11	30.8
2025-11-03	16:57:28[254]	-33	-394	-356	265.212289510222	0	0	-700	700	32	1	-100	8	-282	175.426078740099	0	0	-553	553	49	1	11	30.8
2025-11-03	16:57:28[427]	-33	-394	-356	265.212289510222	0	0	-700	700	32	1	-100	8	-282	175.426078740099	0	0	-553	553	49	1	12	30.8
2025-11-03	16:57:28[430]	124	-206	-379	301.045490826863	0	0	-723	723	32	1	-100	8	-282	175.426078740099	0	0	-553	553	49	1	12	30.8
2025-11-03	16:57:28[603]	124	-206	-379	301.045490826863	0	0	-723	723	32	1	-100	8	-282	175.426078740099	0	0	-553	553	49	1	13	30.8
2025-11-03	16:57:28[606]	47	-77	-384	301.399457483341	0	0	-728	728	32	1	-100	8	-282	175.426078740099	0	0	-553	553	49	1	13	30.8
2025-11-03	16:58:04[914]	-145	-62	-246	203.150883797352	0	0	-590	590	32	1	-100	8	-282	175.426078740099	0	0	-553	553	49	1	13	30.8
2025-11-03	16:58:05[091]	-128	-112	-464	221.18592516571	0	0	-808	808	32	1	-100	8	-282	175.426078740099	0	0	-553	553	49	1	13	30.8
2025-11-03	16:58:05[266]	11	-186	-323	273.38451795231	0	0	-667	667	32	1	-100	8	-282	175.426078740099	0	0	-553	553	49	1	13	30.8
2025-11-03	16:58:05[699]	11	-186	-323	273.38451795231	0	0	-667	667	32	1	-100	8	-282	175.426078740099	0	0	-553	553	49	1	10	46.8
2025-11-03	16:58:05[702]	11	-186	-323	273.38451795231	0	0	-667	667	32	1	43	-24	-145	330.832386620422	0	0	-416	416	49	1	10	46.8
2025-11-03	16:58:05[858]	11	-186	-323	273.38451795231	0	0	-667	667	32	1	43	-24	-145	330.832386620422	0	0	-416	416	49	1	11	46.9
2025-11-03	16:58:05[862]	11	-186	-323	273.38451795231	0	0	-667	667	32	1	78	-24	-411	342.897271030948	0	0	-768	682	49	1	11	46.9
2025-11-03	16:58:06[033]	11	-186	-323	273.38451795231	0	0	-667	667	32	1	78	-24	-411	342.897271030948	0	0	-768	682	49	1	11	46.9
2025-11-03	16:58:06[039]	11	-186	-323	273.38451795231	0	0	-667	667	32	1	-75	91	-257	129.494522142022	0	0	-528	528	49	1	11	46.9
2025-11-03	16:58:40[377]	11	-186	-323	273.38451795231	0	0	-667	667	32	1	-68	236	-101	106.073574164746	0	0	-372	372	49	1	11	46.9
2025-11-03	16:58:41[081]	11	-186	-323	273.38451795231	0	0	-667	667	32	1	-68	236	-101	106.073574164746	0	0	-372	372	49	1	4	51.2
2025-11-03	16:58:41[084]	131	-274	-165	295.552565484468	0	0	-509	509	32	1	-68	236	-101	106.073574164746	0	0	-372	372	49	1	4	51.2
2025-11-03	16:59:13[426]	-81	-90	-215	228.012787504183	0	0	-559	559	32	1	-68	236	-101	106.073574164746	0	0	-372	372	49	1	4	51.2
2025-11-03	16:59:13[599]	-93	-117	-588	231.519801751657	0	0	-932	932	32	1	-68	236	-101	106.073574164746	0	0	-372	372	49	1	4	51.2
2025-11-03	16:59:13[777]	14	-181	-326	274.42291142855	0	0	-670	670	32	1	-68	236	-101	106.073574164746	0	0	-372	372	49	1	4	51.2
2025-11-03	16:59:13[985]	26	-169	-317	278.746162262555	0	0	-661	661	32	1	-68	236	-101	106.073574164746	0	0	-372	372	49	1	4	51.2
2025-11-03	16:59:14[148]	26	-169	-317	278.746162262555	0	0	-661	661	32	1	-68	236	-101	106.073574164746	0	0	-372	372	49	1	2	49.9
2025-11-03	16:59:14[150]	26	-169	-317	278.746162262555	0	0	-661	661	32	1	-13	-53	-144	256.218402764346	0	0	-415	415	49	1	2	49.9
2025-11-03	16:59:14[514]	26	-169	-317	278.746162262555	0	0	-661	661	32	1	-13	-53	-144	256.218402764346	0	0	-415	415	49	1	3	39.4
2025-11-03	16:59:14[518]	26	-169	-317	278.746162262555	0	0	-661	661	32	1	-79	79	-255	135	0	0	-526	526	49	1	3	39.4
2025-11-03	16:59:45[338]	26	-169	-317	278.746162262555	0	0	-661	661	32	1	-92	198	-56	114.921770522585	0	0	-327	327	49	1	3	39.4
2025-11-03	16:59:45[513]	26	-169	-317	278.746162262555	0	0	-661	661	32	1	-188	144	-405	142.549421768263	0	0	-676	676	49	1	3	39.4
2025-11-03	16:59:45[690]	26	-169	-317	278.746162262555	0	0	-661	661	32	1	-84	53	-256	147.750025835816	0	0	-527	527	49	1	3	39.4
2025-11-03	16:59:46[042]	26	-169	-317	278.746162262555	0	0	-661	661	32	1	-84	53	-256	147.750025835816	0	0	-527	527	49	1	3	51.2
2025-11-03	16:59:46[046]	92	-278	-102	288.311200031516	0	0	-446	446	32	1	-84	53	-256	147.750025835816	0	0	-527	527	49	1	3	51.2
2025-11-03	16:59:46[218]	92	-278	-102	288.311200031516	0	0	-446	446	32	1	-84	53	-256	147.750025835816	0	0	-527	527	49	1	4	51.2
2025-11-03	16:59:46[222]	130	-256	-463	296.92202960781	0	0	-807	807	32	1	-84	53	-256	147.750025835816	0	0	-527	527	49	1	4	51.2
2025-11-03	16:59:46[395]	130	-256	-463	296.92202960781	0	0	-807	807	32	1	-84	53	-256	147.750025835816	0	0	-527	527	49	1	5	51.1
2025-11-03	16:59:46[398]	24	-149	-325	279.150256778015	0	0	-669	669	32	1	-84	53	-256	147.750025835816	0	0	-527	527	49	1	5	51.1
2025-11-03	17:00:16[594]	131	-81	-226	328.270643876404	0	0	-570	570	32	1	-84	53	-256	147.750025835816	0	0	-527	527	49	1	5	51.1
2025-11-03	17:00:16[769]	-128	-98	-504	217.438571572333	0	0	-848	848	32	1	-84	53	-256	147.750025835816	0	0	-527	527	49	1	5	51.1
2025-11-03	17:00:16[945]	23	-181	-321	277.241866858916	0	0	-665	665	32	1	-84	53	-256	147.750025835816	0	0	-527	527	49	1	5	51.1
2025-11-03	17:00:17[341]	23	-181	-321	277.241866858916	0	0	-665	665	32	1	-84	53	-256	147.750025835816	0	0	-527	527	49	1	4	50.0
2025-11-03	17:00:17[344]	23	-181	-321	277.241866858916	0	0	-665	665	32	1	-40	-79	-120	243.145578659481	0	0	-391	391	49	1	4	50.0
2025-11-03	17:00:17[507]	23	-181	-321	277.241866858916	0	0	-665	665	32	1	-40	-79	-120	243.145578659481	0	0	-391	391	49	1	5	49.0
2025-11-03	17:00:17[511]	23	-181	-321	277.241866858916	0	0	-665	665	32	1	68	28	-500	22.3801350519596	0	0	-771	771	49	1	5	49.0
2025-11-03	17:00:17[683]	23	-181	-321	277.241866858916	0	0	-665	665	32	1	68	28	-500	22.3801350519596	0	0	-771	771	49	1	6	48.9
2025-11-03	17:00:17[686]	23	-181	-321	277.241866858916	0	0	-665	665	32	1	-82	83	-256	134.652757102914	0	0	-527	527	49	1	6	48.9
2025-11-03	17:00:46[556]	23	-181	-321	277.241866858916	0	0	-665	665	32	1	-78	202	-83	111.113500078365	0	0	-354	354	49	1	6	48.9
2025-11-03	17:00:46[907]	23	-181	-321	277.241866858916	0	0	-665	665	32	1	-91	56	-259	148.392497753751	0	0	-530	530	49	1	6	48.9
2025-11-03	17:01:19[443]	-72	-57	-210	218.367485384862	0	0	-554	554	32	1	-91	56	-259	148.392497753751	0	0	-530	530	49	1	6	48.9
2025-11-03	17:01:19[635]	-49	-221	-597	257.49864594448	0	0	-941	941	32	1	-91	56	-259	148.392497753751	0	0	-530	530	49	1	6	48.9
2025-11-03	17:01:19[812]	22	-179	-318	277.006799640081	0	0	-662	662	32	1	-91	56	-259	148.392497753751	0	0	-530	530	49	1	6	48.9
2025-11-03	17:01:20[017]	20	-165	-318	276.911227119025	0	0	-662	662	32	1	-91	56	-259	148.392497753751	0	0	-530	530	49	1	6	48.9
2025-11-03	17:01:20[147]	20	-165	-318	276.911227119025	0	0	-662	662	32	1	-91	56	-259	148.392497753751	0	0	-530	530	49	1	1	51.1
2025-11-03	17:01:20[151]	20	-165	-318	276.911227119025	0	0	-662	662	32	1	-52	-96	-130	241.557071375637	0	0	-401	401	49	1	1	51.1
2025-11-03	17:01:20[323]	20	-165	-318	276.911227119025	0	0	-662	662	32	1	-52	-96	-130	241.557071375637	0	0	-401	401	49	1	2	52.3
2025-11-03	17:01:20[327]	20	-165	-318	276.911227119025	0	0	-662	662	32	1	60	39	-500	33.0238675557966	0	0	-771	771	49	1	2	52.3
2025-11-03	17:01:20[498]	20	-165	-318	276.911227119025	0	0	-662	662	32	1	60	39	-500	33.0238675557966	0	0	-771	771	49	1	3	52.3
2025-11-03	17:01:20[502]	20	-165	-318	276.911227119025	0	0	-662	662	32	1	-84	78	-257	137.121096396661	0	0	-528	528	49	1	3	52.3
2025-11-03	17:01:50[492]	20	-165	-318	276.911227119025	0	0	-662	662	32	1	-35	281	-247	97.0999196446316	0	0	-518	518	49	1	3	52.3
2025-11-03	17:01:50[666]	20	-165	-318	276.911227119025	0	0	-662	662	32	1	-123	13	-476	173.966746993799	0	0	-747	747	49	1	3	52.3
2025-11-03	17:01:50[842]	20	-165	-318	276.911227119025	0	0	-662	662	32	1	-85	60	-255	144.782407031807	0	0	-526	526	49	1	3	52.3
2025-11-03	17:01:51[179]	20	-165	-318	276.911227119025	0	0	-662	662	32	1	-85	60	-255	144.782407031807	0	0	-526	526	49	1	4	52.5
2025-11-03	17:01:51[182]	105	-222	-216	295.312883801874	0	0	-560	560	32	1	-85	60	-255	144.782407031807	0	0	-526	526	49	1	4	52.5
2025-11-03	17:02:23[130]	-62	-61	-173	224.534190917235	0	0	-517	517	32	1	-85	60	-255	144.782407031807	0	0	-526	526	49	1	4	52.5
2025-11-03	17:02:23[314]	-109	-155	-582	234.884124007522	0	0	-926	926	32	1	-85	60	-255	144.782407031807	0	0	-526	526	49	1	4	52.5
2025-11-03	17:02:23[490]	21	-178	-323	276.728512093769	0	0	-667	667	32	1	-85	60	-255	144.782407031807	0	0	-526	526	49	1	4	52.5
2025-11-03	17:02:23[845]	21	-178	-323	276.728512093769	0	0	-667	667	32	1	-85	60	-255	144.782407031807	0	0	-526	526	49	1	2	50.6
2025-11-03	17:02:23[848]	21	-178	-323	276.728512093769	0	0	-667	667	32	1	-31	-55	-109	240.592810939266	0	0	-380	380	49	1	2	50.6
2025-11-03	17:02:24[018]	21	-178	-323	276.728512093769	0	0	-667	667	32	1	-31	-55	-109	240.592810939266	0	0	-380	380	49	1	3	51.2
2025-11-03	17:02:24[020]	21	-178	-323	276.728512093769	0	0	-667	667	32	1	72	5	-473	3.97249594075066	0	0	-744	744	49	1	3	51.2
2025-11-03	17:02:24[194]	21	-178	-323	276.728512093769	0	0	-667	667	32	1	72	5	-473	3.97249594075066	0	0	-744	744	49	1	4	51.1
2025-11-03	17:02:24[197]	21	-178	-323	276.728512093769	0	0	-667	667	32	1	-82	92	-259	131.710757321508	0	0	-530	530	49	1	4	51.1
2025-11-03	17:02:53[514]	21	-178	-323	276.728512093769	0	0	-667	667	32	1	-91	217	-94	112.750976342788	0	0	-365	365	49	1	4	51.1
2025-11-03	17:02:54[236]	21	-178	-323	276.728512093769	0	0	-667	667	32	1	-91	217	-94	112.750976342788	0	0	-365	365	49	1	4	50.0
2025-11-03	17:02:54[238]	145	-279	-190	297.461498041957	0	0	-534	534	32	1	-91	217	-94	112.750976342788	0	0	-365	365	49	1	4	50.0
2025-11-03	17:02:54[411]	121	-238	-436	296.948936752672	0	0	-780	780	32	1	-91	217	-94	112.750976342788	0	0	-365	365	49	1	4	50.0
2025-11-03	17:02:54[586]	31	-140	-318	282.485467490857	0	0	-662	662	32	1	-91	217	-94	112.750976342788	0	0	-365	365	49	1	4	50.0
2025-11-03	17:03:26[995]	-68	-67	-173	224.575594580639	0	0	-517	517	32	1	-91	217	-94	112.750976342788	0	0	-365	365	49	1	4	50.0
2025-11-03	17:03:27[186]	-114	-149	-578	232.580372938124	0	0	-922	922	32	1	-91	217	-94	112.750976342788	0	0	-365	365	49	1	4	50.0
2025-11-03	17:03:27[361]	18	-179	-322	275.742283277804	0	0	-666	666	32	1	-91	217	-94	112.750976342788	0	0	-365	365	49	1	4	50.0
2025-11-03	17:03:27[586]	24	-166	-325	278.226722464108	0	0	-669	669	32	1	-91	217	-94	112.750976342788	0	0	-365	365	49	1	4	50.0
2025-11-03	17:03:27[714]	24	-166	-325	278.226722464108	0	0	-669	669	32	1	-91	217	-94	112.750976342788	0	0	-365	365	49	1	2	50.2
2025-11-03	17:03:27[717]	24	-166	-325	278.226722464108	0	0	-669	669	32	1	-18	-44	-106	247.750976342788	0	0	-377	377	49	1	2	50.2
2025-11-03	17:03:27[826]	28	-168	-317	279.462322208026	0	0	-661	661	32	1	-18	-44	-106	247.750976342788	0	0	-377	377	49	1	2	50.2
2025-11-03	17:03:28[066]	28	-168	-317	279.462322208026	0	0	-661	661	32	1	-18	-44	-106	247.750976342788	0	0	-377	377	49	1	3	40.9
2025-11-03	17:03:28[070]	28	-168	-317	279.462322208026	0	0	-661	661	32	1	-79	92	-264	130.65254309244	0	0	-535	535	49	1	3	40.9
2025-11-03	17:04:04[892]	28	-168	-317	279.462322208026	0	0	-661	661	32	1	-120	83	-397	145.329682089019	0	0	-668	668	49	1	3	40.9
2025-11-03	17:04:05[063]	28	-168	-317	279.462322208026	0	0	-661	661	32	1	-91	59	-257	147.042575142885	0	0	-528	528	49	1	3	40.9
2025-11-03	17:04:05[337]	28	-168	-317	279.462322208026	0	0	-661	661	32	1	-91	59	-257	147.042575142885	0	0	-528	528	49	1	3	81.2
2025-11-03	17:04:05[340]	12	-213	-484	273.22452260652	0	0	-828	828	32	1	-91	59	-257	147.042575142885	0	0	-528	528	49	1	3	81.2
2025-11-03	17:04:05[514]	12	-213	-484	273.22452260652	0	0	-828	828	32	1	-91	59	-257	147.042575142885	0	0	-528	528	49	1	4	80.3
2025-11-03	17:04:05[517]	21	-152	-325	277.866068372897	0	0	-669	669	32	1	-91	59	-257	147.042575142885	0	0	-528	528	49	1	4	80.3
2025-11-03	17:04:41[999]	-83	-143	-450	239.868281358498	0	0	-794	794	32	1	-91	59	-257	147.042575142885	0	0	-528	528	49	1	4	80.3
2025-11-03	17:04:42[173]	20	-182	-320	276.271077449501	0	0	-664	664	32	1	-91	59	-257	147.042575142885	0	0	-528	528	49	1	4	80.3
2025-11-03	17:04:42[396]	22	-175	-317	277.165308732916	0	0	-661	661	32	1	-91	59	-257	147.042575142885	0	0	-528	528	49	1	4	80.3
2025-11-03	17:04:42[517]	22	-175	-317	277.165308732916	0	0	-661	661	32	1	-91	59	-257	147.042575142885	0	0	-528	528	49	1	3	70.6
2025-11-03	17:04:42[520]	22	-175	-317	277.165308732916	0	0	-661	661	32	1	27	40	-383	55.9806500101735	0	0	-654	654	49	1	3	70.6
2025-11-03	17:04:42[653]	22	-175	-317	277.165308732916	0	0	-661	661	32	1	27	40	-383	55.9806500101735	0	0	-654	654	49	1	4	75.0
2025-11-03	17:04:42[656]	22	-175	-317	277.165308732916	0	0	-661	661	32	1	-87	86	-266	135.331185788415	0	0	-537	537	49	1	4	75.0
2025-11-03	17:05:16[314]	22	-175	-317	277.165308732916	0	0	-661	661	32	1	-150	137	-380	137.593506444789	0	0	-651	651	49	1	4	75.0
2025-11-03	17:05:16[484]	22	-175	-317	277.165308732916	0	0	-661	661	32	1	-90	70	-261	142.125016348902	0	0	-532	532	49	1	4	75.0
2025-11-03	17:05:16[741]	22	-175	-317	277.165308732916	0	0	-661	661	32	1	-90	70	-261	142.125016348902	0	0	-532	532	49	1	3	84.3
2025-11-03	17:05:16[744]	-3	-197	-461	269.127542877098	0	0	-805	805	32	1	-90	70	-261	142.125016348902	0	0	-532	532	49	1	3	84.3
2025-11-03	17:05:16[917]	-3	-197	-461	269.127542877098	0	0	-805	805	32	1	-90	70	-261	142.125016348902	0	0	-532	532	49	1	4	83.5
2025-11-03	17:05:16[920]	23	-153	-321	278.549076820419	0	0	-665	665	32	1	-90	70	-261	142.125016348902	0	0	-532	532	49	1	4	83.5
2025-11-03	17:05:53[757]	-53	-139	-470	249.128402930268	0	0	-814	814	32	1	-90	70	-261	142.125016348902	0	0	-532	532	49	1	4	83.5
2025-11-03	17:05:53[931]	19	-184	-323	275.895517012369	0	0	-667	667	32	1	-90	70	-261	142.125016348902	0	0	-532	532	49	1	4	83.5
2025-11-03	17:05:54[188]	18	-170	-316	276.044092162241	0	0	-660	660	32	1	-90	70	-261	142.125016348902	0	0	-532	532	49	1	4	83.5
2025-11-03	17:05:54[423]	18	-170	-316	276.044092162241	0	0	-660	660	32	1	-90	70	-261	142.125016348902	0	0	-532	532	49	1	3	55.1
2025-11-03	17:05:54[426]	18	-170	-316	276.044092162241	0	0	-660	660	32	1	-81	88	-262	132.628157810211	0	0	-533	533	49	1	3	55.1
2025-11-03	17:06:29[220]	18	-170	-316	276.044092162241	0	0	-660	660	32	1	-112	84	-404	143.130102354156	0	0	-675	675	49	1	3	55.1
2025-11-03	17:06:29[393]	18	-170	-316	276.044092162241	0	0	-660	660	32	1	-92	58	-264	147.771242564901	0	0	-535	535	49	1	3	55.1
2025-11-03	17:06:29[683]	18	-170	-316	276.044092162241	0	0	-660	660	32	1	-92	58	-264	147.771242564901	0	0	-535	535	49	1	2	78.0
2025-11-03	17:06:29[686]	24	-193	-477	277.088475678146	0	0	-821	821	32	1	-92	58	-264	147.771242564901	0	0	-535	535	49	1	2	78.0
2025-11-03	17:06:29[896]	24	-193	-477	277.088475678146	0	0	-821	821	32	1	-92	58	-264	147.771242564901	0	0	-535	535	49	1	3	77.0
2025-11-03	17:06:29[899]	26	-158	-324	279.3446719021	0	0	-668	668	32	1	-92	58	-264	147.771242564901	0	0	-535	535	49	1	3	77.0
2025-11-03	17:07:05[806]	-95	-156	-437	238.659656912854	0	0	-781	781	32	1	-92	58	-264	147.771242564901	0	0	-535	535	49	1	3	77.0
2025-11-03	17:07:05[980]	14	-193	-324	274.148903697734	0	0	-668	668	32	1	-92	58	-264	147.771242564901	0	0	-535	535	49	1	3	77.0
2025-11-03	17:07:06[189]	22	-171	-323	277.331115386286	0	0	-667	667	32	1	-92	58	-264	147.771242564901	0	0	-535	535	49	1	3	77.0
2025-11-03	17:07:06[301]	22	-171	-323	277.331115386286	0	0	-667	667	32	1	-92	58	-264	147.771242564901	0	0	-535	535	49	1	3	72.7
2025-11-03	17:07:06[303]	22	-171	-323	277.331115386286	0	0	-667	667	32	1	50	43	-376	40.695531039492	0	0	-647	647	49	1	3	72.7
2025-11-03	17:07:06[494]	22	-171	-323	277.331115386286	0	0	-667	667	32	1	50	43	-376	40.695531039492	0	0	-647	647	49	1	4	70.2
2025-11-03	17:07:06[498]	22	-171	-323	277.331115386286	0	0	-667	667	32	1	-89	80	-268	138.048374940298	0	0	-539	539	49	1	4	70.2
2025-11-03	17:07:40[436]	22	-171	-323	277.331115386286	0	0	-667	667	32	1	-149	82	-397	151.174446911781	0	0	-668	668	49	1	4	70.2
2025-11-03	17:07:40[611]	22	-171	-323	277.331115386286	0	0	-667	667	32	1	-91	60	-262	146.601511532013	0	0	-533	533	49	1	4	70.2
2025-11-03	17:07:40[901]	22	-171	-323	277.331115386286	0	0	-667	667	32	1	-91	60	-262	146.601511532013	0	0	-533	533	49	1	3	77.6
2025-11-03	17:07:40[904]	22	-206	-500	276.095861544596	0	0	-844	844	32	1	-91	60	-262	146.601511532013	0	0	-533	533	49	1	3	77.6
2025-11-03	17:07:41[076]	22	-206	-500	276.095861544596	0	0	-844	844	32	1	-91	60	-262	146.601511532013	0	0	-533	533	49	1	4	77.6
2025-11-03	17:07:41[081]	25	-153	-322	279.28004568771	0	0	-666	666	32	1	-91	60	-262	146.601511532013	0	0	-533	533	49	1	4	77.6
2025-11-03	17:08:19[359]	-75	-136	-461	241.124556603772	0	0	-805	805	32	1	-91	60	-262	146.601511532013	0	0	-533	533	49	1	4	77.6
2025-11-03	17:08:19[531]	17	-187	-319	275.194428907735	0	0	-663	663	32	1	-91	60	-262	146.601511532013	0	0	-533	533	49	1	4	77.6
2025-11-03	17:09:17[152]	100	-282	140	289.525011821135	0	0	-204	204	32	1	-91	60	-262	146.601511532013	0	0	-533	533	49	1	4	77.6
2025-11-03	17:09:17[791]	-85	-293	264	253.822429766272	0	0	-80	80	32	1	-91	60	-262	146.601511532013	0	0	-533	533	49	1	4	77.6
2025-11-03	17:09:17[968]	-88	-289	269	253.064598215056	0	0	-75	75	32	1	-91	60	-262	146.601511532013	0	0	-533	533	49	1	4	77.6
2025-11-03	17:09:18[145]	-83	-291	264	254.080612167882	0	0	-80	80	32	1	-91	60	-262	146.601511532013	0	0	-533	533	49	1	4	77.6
2025-11-03	17:09:18[321]	-78	-289	270	254.895968557528	0	0	-74	74	32	1	-91	60	-262	146.601511532013	0	0	-533	533	49	1	4	77.6
2025-11-03	17:09:18[495]	-73	-280	267	255.387456307837	0	0	-77	77	32	1	-91	60	-262	146.601511532013	0	0	-533	533	49	1	4	77.6
2025-11-03	17:09:18[671]	-70	-281	269	256.011742935856	0	0	-75	75	32	1	-91	60	-262	146.601511532013	0	0	-533	533	49	1	4	77.6
2025-11-03	17:09:18[848]	121	-250	131	295.82698212362	0	0	-213	213	32	1	-91	60	-262	146.601511532013	0	0	-533	533	49	1	4	77.6
2025-11-03	17:09:19[023]	143	-142	-211	315.201036997835	0	0	-555	555	32	1	-91	60	-262	146.601511532013	0	0	-533	533	49	1	4	77.6
2025-11-03	17:09:19[199]	51	-128	-308	291.724191501414	0	0	-652	652	32	1	-91	60	-262	146.601511532013	0	0	-533	533	49	1	4	77.6
2025-11-03	17:09:22[910]	24	-158	-328	278.637131415071	0	0	-672	672	36	1	-91	60	-262	146.601511532013	0	0	-533	533	49	1	4	77.6
2025-11-03	17:09:26[959]	24	-158	-328	278.637131415071	0	0	-672	672	36	1	-91	60	-262	146.601511532013	0	0	-533	533	49	1	1	8.9
2025-11-03	17:09:26[962]	24	-158	-328	278.637131415071	0	0	-672	672	36	1	-105	59	-306	150.668160421752	0	0	-577	577	49	1	1	8.9
2025-11-03	17:09:27[132]	24	-158	-328	278.637131415071	0	0	-672	672	36	1	-91	27	-331	163.474203610074	0	0	-602	602	49	1	1	8.9
2025-11-03	17:09:27[310]	24	-158	-328	278.637131415071	0	0	-672	672	36	1	38	-278	-248	277.783559526465	0	0	-519	519	49	1	1	8.9
2025-11-03	17:09:27[485]	24	-158	-328	278.637131415071	0	0	-672	672	36	1	117	-359	-60	288.051063247328	0	0	181	331	49	1	1	8.9
2025-11-03	17:09:27[667]	24	-158	-328	278.637131415071	0	0	-672	672	36	1	128	-360	41	289.57312583041	0	0	-230	230	49	1	1	8.9
2025-11-03	17:09:27[841]	24	-158	-328	278.637131415071	0	0	-672	672	36	1	95	-328	146	286.152821388781	0	0	-125	125	49	1	1	8.9
2025-11-03	17:09:28[018]	24	-158	-328	278.637131415071	0	0	-672	672	36	1	42	-317	146	277.547281710015	0	0	-125	125	49	1	1	8.9
2025-11-03	17:09:28[192]	24	-158	-328	278.637131415071	0	0	-672	672	36	1	15	-320	128	272.683775159469	0	0	-143	143	49	1	1	8.9
2025-11-03	17:09:28[384]	24	-158	-328	278.637131415071	0	0	-672	672	36	1	2	-313	126	270.366102234831	0	0	-145	145	49	1	1	8.9
2025-11-03	17:09:28[558]	24	-158	-328	278.637131415071	0	0	-672	672	36	1	2	-313	126	270.366102234831	0	0	-145	145	49	1	1	8.9
2025-11-03	17:10:16[519]	24	-158	-328	278.637131415071	0	0	-672	672	36	1	-89	2	-237	178.712671058475	0	0	-500	500	30	1	1	8.9
2025-11-03	17:10:23[572]	45	-154	-318	286.288774030059	0	0	-670	670	30	1	-89	2	-237	178.712671058475	0	0	-500	500	30	1	1	8.9
2025-11-03	17:10:53[644]	-73	-141	-438	242.62801936782	0	0	-790	790	30	1	-89	2	-237	178.712671058475	0	0	-500	500	30	1	1	8.9
2025-11-03	17:10:53[821]	34	-170	-322	281.30993247402	0	0	-674	674	30	1	-89	2	-237	178.712671058475	0	0	-500	500	30	1	1	8.9
2025-11-03	17:10:54[126]	34	-170	-322	281.30993247402	0	0	-674	674	30	1	-89	2	-237	178.712671058475	0	0	-500	500	30	1	1	77.6
2025-11-03	17:10:54[130]	34	-170	-322	281.30993247402	0	0	-674	674	30	1	27	-12	-373	336.037511025422	0	0	-636	636	30	1	1	77.6
2025-11-03	17:10:54[284]	34	-170	-322	281.30993247402	0	0	-674	674	30	1	27	-12	-373	336.037511025422	0	0	-636	636	30	1	2	77.6
2025-11-03	17:10:54[287]	34	-170	-322	281.30993247402	0	0	-674	674	30	1	-76	25	-245	161.791515529419	0	0	-508	508	30	1	2	77.6
2025-11-03	17:11:28[676]	34	-170	-322	281.30993247402	0	0	-674	674	30	1	-152	8	-386	176.987212495817	0	0	-649	649	30	1	2	77.6
2025-11-03	17:11:28[850]	34	-170	-322	281.30993247402	0	0	-674	674	30	1	-86	-9	-253	185.974323286481	0	0	-516	516	30	1	2	77.6
2025-11-03	17:11:29[142]	34	-170	-322	281.30993247402	0	0	-674	674	30	1	-86	-9	-253	185.974323286481	0	0	-516	516	30	1	3	77.9
2025-11-03	17:11:29[146]	96	-160	-465	300.963756532073	0	0	-817	817	30	1	-86	-9	-253	185.974323286481	0	0	-516	516	30	1	3	77.9
2025-11-03	17:11:29[315]	96	-160	-465	300.963756532073	0	0	-817	817	30	1	-86	-9	-253	185.974323286481	0	0	-516	516	30	1	4	77.6
2025-11-03	17:11:29[318]	45	-140	-319	287.818888914523	0	0	-671	671	30	1	-86	-9	-253	185.974323286481	0	0	-516	516	30	1	4	77.6
2025-11-03	17:12:06[235]	-76	-131	-450	239.879721752003	0	0	-802	802	32	1	-86	-9	-253	185.974323286481	0	0	-516	516	30	1	4	77.6
2025-11-03	17:12:06[408]	38	-164	-326	283.045637062949	0	0	-678	678	32	1	-86	-9	-253	185.974323286481	0	0	-516	516	30	1	4	77.6
2025-11-03	17:12:06[713]	38	-164	-326	283.045637062949	0	0	-678	678	32	1	-86	-9	-253	185.974323286481	0	0	-516	516	30	1	3	75.2
2025-11-03	17:12:06[717]	38	-164	-326	283.045637062949	0	0	-678	678	32	1	31	-17	-377	331.260204708312	0	0	-640	640	32	1	3	75.2
2025-11-03	17:12:06[890]	38	-164	-326	283.045637062949	0	0	-678	678	32	1	31	-17	-377	331.260204708312	0	0	-640	640	32	1	4	75.2
2025-11-03	17:12:06[891]	38	-164	-326	283.045637062949	0	0	-678	678	32	1	-81	29	-251	160.30137862542	0	0	-514	514	32	1	4	75.2
2025-11-03	17:12:51[983]	38	-164	-326	283.045637062949	0	0	-678	678	32	1	-171	66	-368	158.89516141507	0	0	-631	631	32	1	4	75.2
2025-11-03	17:12:52[173]	38	-164	-326	283.045637062949	0	0	-678	678	32	1	-89	1	-255	179.356254285825	0	0	-518	518	32	1	4	75.2
2025-11-03	17:12:52[381]	38	-164	-326	283.045637062949	0	0	-678	678	32	1	-89	1	-255	179.356254285825	0	0	-518	518	32	1	3	93.9
2025-11-03	17:12:52[383]	119	-204	-445	300.256437163529	0	0	-797	797	32	1	-89	1	-255	179.356254285825	0	0	-518	518	32	1	3	93.9
2025-11-03	17:12:52[542]	119	-204	-445	300.256437163529	0	0	-797	797	32	1	-89	1	-255	179.356254285825	0	0	-518	518	32	1	4	97.9
2025-11-03	17:12:52[546]	42	-135	-319	287.281498371817	0	0	-671	671	32	1	-89	1	-255	179.356254285825	0	0	-518	518	32	1	4	97.9
2025-11-03	17:13:40[114]	-120	-99	-459	219.522631271171	0	0	-811	811	32	1	-89	1	-255	179.356254285825	0	0	-518	518	32	1	4	97.9
2025-11-03	17:13:40[289]	35	-111	-324	287.500861268953	0	0	-676	676	32	1	-89	1	-255	179.356254285825	0	0	-518	518	32	1	4	97.9
2025-11-03	17:13:40[482]	35	-111	-324	287.500861268953	0	0	-676	676	32	1	-89	1	-255	179.356254285825	0	0	-518	518	32	1	3	97.9
2025-11-03	17:13:40[485]	35	-111	-324	287.500861268953	0	0	-676	676	32	1	76	-39	-394	332.835014942668	0	0	-657	657	32	1	3	97.9
2025-11-03	17:13:40[685]	35	-111	-324	287.500861268953	0	0	-676	676	32	1	76	-39	-394	332.835014942668	0	0	-657	657	32	1	4	97.6
2025-11-03	17:13:40[688]	35	-111	-324	287.500861268953	0	0	-676	676	32	1	-89	21	-253	166.723602957684	0	0	-516	516	32	1	4	97.6
2025-11-03	17:14:25[243]	35	-111	-324	287.500861268953	0	0	-676	676	32	1	-154	73	-359	154.637833051069	0	0	-622	622	32	1	4	97.6
2025-11-03	17:14:25[414]	35	-111	-324	287.500861268953	0	0	-676	676	32	1	-93	7	-252	175.695531039492	0	0	-515	515	32	1	4	97.6
2025-11-03	17:14:25[623]	35	-111	-324	287.500861268953	0	0	-676	676	32	1	-93	7	-252	175.695531039492	0	0	-515	515	32	1	3	95.0
2025-11-03	17:14:25[630]	94	-129	-458	306.080156216338	0	0	-810	810	32	1	-93	7	-252	175.695531039492	0	0	-515	515	32	1	3	95.0
2025-11-03	17:14:25[800]	94	-129	-458	306.080156216338	0	0	-810	810	32	1	-93	7	-252	175.695531039492	0	0	-515	515	32	1	4	93.8
2025-11-03	17:14:25[803]	36	-92	-324	291.370622269343	0	0	-676	676	32	1	-93	7	-252	175.695531039492	0	0	-515	515	32	1	4	93.8
2025-11-03	17:15:07[229]	-114	-86	-465	217.030389605679	0	0	-817	817	32	1	-93	7	-252	175.695531039492	0	0	-515	515	32	1	4	93.8
2025-11-03	17:15:07[404]	33	-92	-327	289.732689499661	0	0	-679	679	32	1	-93	7	-252	175.695531039492	0	0	-515	515	32	1	4	93.8
2025-11-03	17:15:07[612]	33	-92	-327	289.732689499661	0	0	-679	679	32	1	-93	7	-252	175.695531039492	0	0	-515	515	32	1	3	93.9
2025-11-03	17:15:07[616]	33	-92	-327	289.732689499661	0	0	-679	679	32	1	82	-8	-354	354.427802196036	0	0	-617	617	32	1	3	93.9
2025-11-03	17:15:07[788]	33	-92	-327	289.732689499661	0	0	-679	679	32	1	82	-8	-354	354.427802196036	0	0	-617	617	32	1	4	93.8
2025-11-03	17:15:07[793]	33	-92	-327	289.732689499661	0	0	-679	679	32	1	-88	16	-257	169.695153531234	0	0	-520	520	32	1	4	93.8
2025-11-03	17:15:48[482]	33	-92	-327	289.732689499661	0	0	-679	679	32	1	-173	44	-348	165.73021524592	0	0	-611	611	32	1	4	93.8
2025-11-03	17:15:48[657]	33	-92	-327	289.732689499661	0	0	-679	679	32	1	-86	6	-262	176.00908690157	0	0	-525	525	32	1	4	93.8
2025-11-03	17:15:48[866]	33	-92	-327	289.732689499661	0	0	-679	679	32	1	-86	6	-262	176.00908690157	0	0	-525	525	32	1	3	93.8
2025-11-03	17:15:48[869]	118	-109	-456	317.270449670665	0	0	-808	808	32	1	-86	6	-262	176.00908690157	0	0	-525	525	32	1	3	93.8
2025-11-03	17:15:49[041]	118	-109	-456	317.270449670665	0	0	-808	808	32	1	-86	6	-262	176.00908690157	0	0	-525	525	32	1	4	93.6
2025-11-03	17:15:49[045]	31	-78	-322	291.674649119024	0	0	-674	674	32	1	-86	6	-262	176.00908690157	0	0	-525	525	32	1	4	93.6
2025-11-03	17:16:34[502]	-88	-53	-529	211.05940882971	0	0	-881	881	32	1	-86	6	-262	176.00908690157	0	0	-525	525	32	1	4	93.6
2025-11-03	17:16:34[681]	31	-87	-323	289.612093708904	0	0	-675	675	32	1	-86	6	-262	176.00908690157	0	0	-525	525	32	1	4	93.6
2025-11-03	17:16:34[872]	31	-87	-323	289.612093708904	0	0	-675	675	32	1	-86	6	-262	176.00908690157	0	0	-525	525	32	1	3	97.9
2025-11-03	17:16:34[875]	31	-87	-323	289.612093708904	0	0	-675	675	32	1	36	-20	-407	330.945395900923	0	0	-670	670	32	1	3	97.9
2025-11-03	17:16:35[046]	31	-87	-323	289.612093708904	0	0	-675	675	32	1	36	-20	-407	330.945395900923	0	0	-670	670	32	1	4	98.0
2025-11-03	17:16:35[049]	31	-87	-323	289.612093708904	0	0	-675	675	32	1	-90	16	-255	169.919402012458	0	0	-518	518	32	1	4	98.0
2025-11-03	17:17:15[197]	31	-87	-323	289.612093708904	0	0	-675	675	32	1	-189	58	-328	162.939885957647	0	0	-591	591	32	1	4	98.0
2025-11-03	17:17:15[387]	31	-87	-323	289.612093708904	0	0	-675	675	32	1	-90	9	-254	174.2894068625	0	0	-517	517	32	1	4	98.0
2025-11-03	17:17:15[582]	31	-87	-323	289.612093708904	0	0	-675	675	32	1	-90	9	-254	174.2894068625	0	0	-517	517	32	1	3	93.8
2025-11-03	17:17:15[586]	132	-93	-430	324.833563964207	0	0	-782	782	32	1	-90	9	-254	174.2894068625	0	0	-517	517	32	1	3	93.8
2025-11-03	17:17:15[756]	132	-93	-430	324.833563964207	0	0	-782	782	32	1	-90	9	-254	174.2894068625	0	0	-517	517	32	1	4	97.8
2025-11-03	17:17:15[759]	32	-76	-321	292.833654177918	0	0	-673	673	32	1	-90	9	-254	174.2894068625	0	0	-517	517	32	1	4	97.8
2025-11-03	17:17:23[562]	31	-78	-322	291.674649119024	0	0	-674	674	32	1	-90	9	-254	174.2894068625	0	0	-517	517	32	1	4	97.8
2025-11-03	17:17:53[923]	-107	-73	-477	214.303489264222	0	0	-829	829	32	1	-90	9	-254	174.2894068625	0	0	-517	517	32	1	4	97.8
2025-11-03	17:17:54[114]	37	-87	-319	293.039435979904	0	0	-671	671	32	1	-90	9	-254	174.2894068625	0	0	-517	517	32	1	4	97.8
2025-11-03	17:17:54[316]	37	-87	-319	293.039435979904	0	0	-671	671	32	1	-90	9	-254	174.2894068625	0	0	-517	517	32	1	3	94.0
2025-11-03	17:17:54[318]	37	-87	-319	293.039435979904	0	0	-671	671	32	1	49	-23	-391	334.855214369321	0	0	-654	654	32	1	3	94.0
2025-11-03	17:17:54[483]	37	-87	-319	293.039435979904	0	0	-671	671	32	1	49	-23	-391	334.855214369321	0	0	-654	654	32	1	4	97.9
2025-11-03	17:17:54[486]	37	-87	-319	293.039435979904	0	0	-671	671	32	1	-84	19	-256	167.254710526867	0	0	-519	519	32	1	4	97.9
2025-11-03	17:18:32[649]	37	-87	-319	293.039435979904	0	0	-671	671	32	1	-180	71	-391	158.473520167051	0	0	-654	654	32	1	4	97.9
2025-11-03	17:18:32[825]	37	-87	-319	293.039435979904	0	0	-671	671	32	1	-95	8	-265	175.186449106293	0	0	-528	528	32	1	4	97.9
2025-11-03	17:18:33[050]	37	-87	-319	293.039435979904	0	0	-671	671	32	1	-95	8	-265	175.186449106293	0	0	-528	528	32	1	3	94.0
2025-11-03	17:18:33[052]	129	-122	-513	316.597476197246	0	0	-865	865	32	1	-95	8	-265	175.186449106293	0	0	-528	528	32	1	3	94.0
2025-11-03	17:18:33[210]	129	-122	-513	316.597476197246	0	0	-865	865	32	1	-95	8	-265	175.186449106293	0	0	-528	528	32	1	4	93.8
2025-11-03	17:18:33[212]	35	-74	-320	295.312883801874	0	0	-672	672	32	1	-95	8	-265	175.186449106293	0	0	-528	528	32	1	4	93.8
2025-11-03	17:19:13[710]	-129	-83	-464	212.757668801126	0	0	-816	816	32	1	-95	8	-265	175.186449106293	0	0	-528	528	32	1	4	93.8
2025-11-03	17:19:13[884]	25	-76	-326	288.208484470581	0	0	-678	678	32	1	-95	8	-265	175.186449106293	0	0	-528	528	32	1	4	93.8
2025-11-03	17:19:14[094]	25	-76	-326	288.208484470581	0	0	-678	678	32	1	-95	8	-265	175.186449106293	0	0	-528	528	32	1	3	98.0
2025-11-03	17:19:14[098]	25	-76	-326	288.208484470581	0	0	-678	678	32	1	55	-52	-397	316.606002989282	0	0	-660	660	32	1	3	98.0
2025-11-03	17:19:14[256]	25	-76	-326	288.208484470581	0	0	-678	678	32	1	55	-52	-397	316.606002989282	0	0	-660	660	32	1	4	98.0
2025-11-03	17:19:14[258]	25	-76	-326	288.208484470581	0	0	-678	678	32	1	-94	2	-257	178.781124764869	0	0	-520	520	32	1	4	98.0
2025-11-03	17:19:14[364]	25	-51	-319	296.113912630291	0	0	-671	671	32	1	-94	2	-257	178.781124764869	0	0	-520	520	32	1	4	98.0
2025-11-03	17:19:14[526]	27	-46	-317	300.411081267125	0	0	-669	669	32	1	-94	2	-257	178.781124764869	0	0	-520	520	32	1	4	98.0
2025-11-03	17:19:14[846]	25	-47	-324	298.009176708014	0	0	-676	676	32	1	-94	2	-257	178.781124764869	0	0	-520	520	32	1	4	98.0
2025-11-03	17:19:15[117]	23	-47	-325	296.075355583949	0	0	-677	677	32	1	-94	2	-257	178.781124764869	0	0	-520	520	32	1	4	98.0
2025-11-03	17:19:15[677]	24	-53	-319	294.362453015312	0	0	-671	671	32	1	-94	2	-257	178.781124764869	0	0	-520	520	32	1	4	98.0
2025-11-03	17:19:15[997]	24	-54	-325	293.962488974578	0	0	-677	677	32	1	-94	2	-257	178.781124764869	0	0	-520	520	32	1	4	98.0
2025-11-03	17:19:16[412]	28	-49	-314	299.744881296942	0	0	-666	666	32	1	-94	2	-257	178.781124764869	0	0	-520	520	32	1	4	98.0
2025-11-03	17:19:16[831]	25	-53	-318	295.253163394574	0	0	-670	670	32	1	-94	2	-257	178.781124764869	0	0	-520	520	32	1	4	98.0
2025-11-03	17:19:17[020]	21	-48	-319	293.629377730657	0	0	-671	671	32	1	-94	2	-257	178.781124764869	0	0	-520	520	32	1	4	98.0
2025-11-03	17:19:17[417]	26	-50	-323	297.474431626277	0	0	-675	675	32	1	-94	2	-257	178.781124764869	0	0	-520	520	32	1	4	98.0
2025-11-03	17:19:17[704]	19	-51	-323	290.432828679399	0	0	-675	675	32	1	-94	2	-257	178.781124764869	0	0	-520	520	32	1	4	98.0
2025-11-03	17:19:18[010]	21	-49	-318	293.198590513648	0	0	-670	670	32	1	-94	2	-257	178.781124764869	0	0	-520	520	32	1	4	98.0
2025-11-03	17:19:18[376]	15	-52	-324	286.090816348852	0	0	-676	676	32	1	-94	2	-257	178.781124764869	0	0	-520	520	32	1	4	98.0
2025-11-03	17:19:18[936]	23	-49	-326	295.144785630679	0	0	-678	678	32	1	-94	2	-257	178.781124764869	0	0	-520	520	32	1	4	98.0
2025-11-03	17:19:19[239]	28	-45	-320	301.890791801846	0	0	-672	672	32	1	-94	2	-257	178.781124764869	0	0	-520	520	32	1	4	98.0
2025-11-03	17:19:19[433]	25	-49	-325	297.030860259843	0	0	-677	677	32	1	-94	2	-257	178.781124764869	0	0	-520	520	32	1	4	98.0
2025-11-03	17:19:19[608]	18	-51	-318	289.440034828176	0	0	-670	670	32	1	-94	2	-257	178.781124764869	0	0	-520	520	32	1	4	98.0
2025-11-03	17:19:19[961]	24	-53	-319	294.362453015312	0	0	-671	671	32	1	-94	2	-257	178.781124764869	0	0	-520	520	32	1	4	98.0
2025-11-03	17:19:20[296]	27	-53	-321	296.995838394087	0	0	-673	673	32	1	-94	2	-257	178.781124764869	0	0	-520	520	32	1	4	98.0
2025-11-03	17:19:20[471]	21	-53	-323	291.614778942786	0	0	-675	675	32	1	-94	2	-257	178.781124764869	0	0	-520	520	32	1	4	98.0
2025-11-03	17:19:21[064]	23	-54	-322	293.070412249825	0	0	-674	674	32	1	-94	2	-257	178.781124764869	0	0	-520	520	32	1	4	98.0
2025-11-03	17:19:21[590]	23	-49	-320	295.144785630679	0	0	-672	672	32	1	-94	2	-257	178.781124764869	0	0	-520	520	32	1	4	98.0
2025-11-03	17:19:21[882]	21	-52	-317	291.991129917177	0	0	-669	669	242	1	-94	2	-257	178.781124764869	0	0	-520	520	32	1	4	98.0
2025-11-03	17:19:22[215]	22	-49	-319	294.179107146689	0	0	-671	671	32	1	-94	2	-257	178.781124764869	0	0	-520	520	32	1	4	98.0
2025-11-03	17:19:22[487]	22	-51	-318	293.33404127671	0	0	-670	670	32	1	-94	2	-257	178.781124764869	0	0	-520	520	32	1	4	98.0
2025-11-03	17:19:23[000]	26	-53	-324	296.131000544939	0	0	-676	676	32	1	-94	2	-257	178.781124764869	0	0	-520	520	32	1	4	98.0
2025-11-03	17:19:23[304]	28	-50	-318	299.248826336547	0	0	-670	670	32	1	-94	2	-257	178.781124764869	0	0	-520	520	32	1	4	98.0
2025-11-03	17:19:23[590]	24	-56	-326	293.198590513648	0	0	-678	678	32	1	-94	2	-257	178.781124764869	0	0	-520	520	32	1	4	98.0
2025-11-03	17:19:23[846]	19	-49	-323	291.194056481542	0	0	-675	675	32	1	-94	2	-257	178.781124764869	0	0	-520	520	32	1	4	98.0
2025-11-03	17:19:24[124]	26	-54	-321	295.709953780811	0	0	-673	673	32	1	-94	2	-257	178.781124764869	0	0	-520	520	32	1	4	98.0
2025-11-03	17:19:24[301]	21	-50	-319	292.782405730482	0	0	-671	671	32	1	-94	2	-257	178.781124764869	0	0	-520	520	32	1	4	98.0
2025-11-03	17:19:24[720]	26	-50	-322	297.474431626277	0	0	-674	674	32	1	-94	2	-257	178.781124764869	0	0	-520	520	32	1	4	98.0
2025-11-03	17:19:24[993]	24	-50	-320	295.641005824305	0	0	-672	672	32	1	-94	2	-257	178.781124764869	0	0	-520	520	32	1	4	98.0
2025-11-03	17:19:25[264]	24	-49	-316	296.095424157388	0	0	-668	668	32	1	-94	2	-257	178.781124764869	0	0	-520	520	32	1	4	98.0
2025-11-03	17:19:25[616]	24	-49	-323	296.095424157388	0	0	-675	675	32	1	-94	2	-257	178.781124764869	0	0	-520	520	32	1	4	98.0
2025-11-03	17:19:25[887]	24	-58	-317	292.479434397103	0	0	-669	669	32	1	-94	2	-257	178.781124764869	0	0	-520	520	32	1	4	98.0
2025-11-03	17:19:26[303]	23	-51	-319	294.274441134439	0	0	-671	671	32	1	-94	2	-257	178.781124764869	0	0	-520	520	32	1	4	98.0
2025-11-03	17:19:26[626]	24	-50	-315	295.641005824305	0	0	-667	667	32	1	-94	2	-257	178.781124764869	0	0	-520	520	32	1	4	98.0
2025-11-03	17:19:26[921]	26	-48	-319	298.442928624363	0	0	-671	671	32	1	-94	2	-257	178.781124764869	0	0	-520	520	32	1	4	98.0
2025-11-03	17:19:27[113]	23	-49	-314	295.144785630679	0	0	-666	666	32	1	-94	2	-257	178.781124764869	0	0	-520	520	32	1	4	98.0
2025-11-03	17:19:27[304]	23	-48	-318	295.602187551442	0	0	-670	670	32	1	-94	2	-257	178.781124764869	0	0	-520	520	32	1	4	98.0
2025-11-03	17:19:27[640]	23	-50	-314	294.702430227771	0	0	-666	666	32	1	-94	2	-257	178.781124764869	0	0	-520	520	32	1	4	98.0
2025-11-03	17:19:28[617]	24	-48	-321	296.565051177078	0	0	-673	673	32	1	-94	2	-257	178.781124764869	0	0	-520	520	32	1	4	98.0
2025-11-03	17:19:28[889]	24	-53	-322	294.362453015312	0	0	-674	674	32	1	-94	2	-257	178.781124764869	0	0	-520	520	32	1	4	98.0
2025-11-03	17:19:29[161]	23	-54	-323	293.070412249825	0	0	-675	675	32	1	-94	2	-257	178.781124764869	0	0	-520	520	32	1	4	98.0
2025-11-03	17:19:29[368]	28	-46	-322	301.328692867804	0	0	-674	674	32	1	-94	2	-257	178.781124764869	0	0	-520	520	32	1	4	98.0
2025-11-03	17:19:29[656]	22	-48	-321	294.623564786164	0	0	-673	673	32	1	-94	2	-257	178.781124764869	0	0	-520	520	32	1	4	98.0
2025-11-03	17:19:30[009]	23	-53	-317	293.459024081462	0	0	-669	669	32	1	-94	2	-257	178.781124764869	0	0	-520	520	32	1	4	98.0
2025-11-03	17:19:30[216]	24	-48	-322	296.565051177078	0	0	-674	674	32	1	-94	2	-257	178.781124764869	0	0	-520	520	32	1	4	98.0
2025-11-03	17:19:30[472]	21	-51	-318	292.38013505196	0	0	-670	670	32	1	-94	2	-257	178.781124764869	0	0	-520	520	32	1	4	98.0
2025-11-03	17:19:30[648]	20	-51	-317	291.412969474872	0	0	-669	669	32	1	-94	2	-257	178.781124764869	0	0	-520	520	32	1	4	98.0
2025-11-03	17:19:30[841]	21	-46	-324	294.537728476578	0	0	-676	676	32	1	-94	2	-257	178.781124764869	0	0	-520	520	32	1	4	98.0
2025-11-03	17:19:31[112]	25	-52	-321	295.676815681838	0	0	-673	673	32	1	-94	2	-257	178.781124764869	0	0	-520	520	32	1	4	98.0
2025-11-03	17:19:31[416]	27	-51	-316	297.897271030948	0	0	-668	668	32	1	-94	2	-257	178.781124764869	0	0	-520	520	32	1	4	98.0
2025-11-03	17:19:31[592]	23	-56	-317	292.328656378019	0	0	-669	669	32	1	-94	2	-257	178.781124764869	0	0	-520	520	32	1	4	98.0
2025-11-03	17:19:31[783]	25	-52	-322	295.676815681838	0	0	-674	674	32	1	-94	2	-257	178.781124764869	0	0	-520	520	32	1	4	98.0
2025-11-03	17:19:31[975]	24	-50	-320	295.641005824305	0	0	-672	672	32	1	-94	2	-257	178.781124764869	0	0	-520	520	32	1	4	98.0
2025-11-03	17:19:32[183]	20	-44	-321	294.443954780417	0	0	-673	673	32	1	-94	2	-257	178.781124764869	0	0	-520	520	32	1	4	98.0
2025-11-03	17:19:32[456]	23	-52	-317	293.860175191342	0	0	-669	669	32	1	-94	2	-257	178.781124764869	0	0	-520	520	32	1	4	98.0
2025-11-03	17:19:32[775]	22	-51	-318	293.33404127671	0	0	-670	670	32	1	-94	2	-257	178.781124764869	0	0	-520	520	32	1	4	98.0
2025-11-03	17:19:32[985]	19	-50	-313	290.806791012711	0	0	-665	665	32	1	-94	2	-257	178.781124764869	0	0	-520	520	32	1	4	98.0
2025-11-03	17:19:33[190]	22	-48	-313	294.623564786164	0	0	-665	665	32	1	-94	2	-257	178.781124764869	0	0	-520	520	32	1	4	98.0
2025-11-03	17:19:33[376]	26	-51	-320	297.012665347939	0	0	-672	672	32	1	-94	2	-257	178.781124764869	0	0	-520	520	32	1	4	98.0
2025-11-03	17:19:33[552]	24	-50	-322	295.641005824305	0	0	-674	674	32	1	-94	2	-257	178.781124764869	0	0	-520	520	32	1	4	98.0
2025-11-03	17:19:33[888]	19	-47	-318	292.011283197919	0	0	-670	670	32	1	-94	2	-257	178.781124764869	0	0	-520	520	32	1	4	98.0
2025-11-03	17:19:34[145]	23	-45	-323	297.072080237993	0	0	-675	675	32	1	-94	2	-257	178.781124764869	0	0	-520	520	32	1	4	98.0
2025-11-03	17:19:34[401]	21	-50	-317	292.782405730482	0	0	-669	669	32	1	-94	2	-257	178.781124764869	0	0	-520	520	32	1	4	98.0
2025-11-03	17:19:34[592]	16	-50	-322	287.744671625057	0	0	-674	674	32	1	-94	2	-257	178.781124764869	0	0	-520	520	32	1	4	98.0
2025-11-03	17:19:34[767]	24	-46	-318	297.552811576718	0	0	-670	670	32	1	-94	2	-257	178.781124764869	0	0	-520	520	32	1	4	98.0
2025-11-03	17:19:34[999]	26	-56	-320	294.904768808095	0	0	-672	672	32	1	-94	2	-257	178.781124764869	0	0	-520	520	32	1	4	98.0
2025-11-03	17:19:35[176]	20	-49	-324	292.203478532057	0	0	-676	676	32	1	-94	2	-257	178.781124764869	0	0	-520	520	32	1	4	98.0
2025-11-03	17:19:35[351]	27	-53	-315	296.995838394087	0	0	-667	667	32	1	-94	2	-257	178.781124764869	0	0	-520	520	32	1	4	98.0
2025-11-03	17:19:35[527]	16	-53	-319	286.798371781305	0	0	-671	671	32	1	-94	2	-257	178.781124764869	0	0	-520	520	32	1	4	98.0
2025-11-03	17:19:35[719]	21	-49	-315	293.198590513648	0	0	-667	667	32	1	-94	2	-257	178.781124764869	0	0	-520	520	32	1	4	98.0
2025-11-03	17:19:35[919]	26	-50	-321	297.474431626277	0	0	-673	673	32	1	-94	2	-257	178.781124764869	0	0	-520	520	32	1	4	98.0
2025-11-03	17:19:36[094]	26	-52	-326	296.565051177078	0	0	-678	678	32	1	-94	2	-257	178.781124764869	0	0	-520	520	32	1	4	98.0
2025-11-03	17:19:36[367]	24	-49	-319	296.095424157388	0	0	-671	671	32	1	-94	2	-257	178.781124764869	0	0	-520	520	32	1	4	98.0
2025-11-03	17:19:36[624]	28	-52	-321	298.300755766006	0	0	-673	673	32	1	-94	2	-257	178.781124764869	0	0	-520	520	32	1	4	98.0
2025-11-03	17:19:36[862]	27	-44	-321	301.534791905188	0	0	-673	673	32	1	-94	2	-257	178.781124764869	0	0	-520	520	32	1	4	98.0
2025-11-03	17:19:37[150]	27	-52	-317	297.439727948199	0	0	-669	669	32	1	-94	2	-257	178.781124764869	0	0	-520	520	32	1	4	98.0
2025-11-03	17:19:37[390]	21	-50	-318	292.782405730482	0	0	-670	670	32	1	-94	2	-257	178.781124764869	0	0	-520	520	32	1	4	98.0
2025-11-03	17:19:37[647]	25	-50	-316	296.565051177078	0	0	-668	668	32	1	-94	2	-257	178.781124764869	0	0	-520	520	32	1	4	98.0
2025-11-03	17:19:37[863]	26	-46	-316	299.475889003246	0	0	-668	668	32	1	-94	2	-257	178.781124764869	0	0	-520	520	32	1	4	98.0
2025-11-03	17:19:38[264]	22	-53	-319	292.543061000058	0	0	-671	671	32	1	-94	2	-257	178.781124764869	0	0	-520	520	32	1	4	98.0
2025-11-03	17:19:38[840]	21	-49	-321	293.198590513648	0	0	-673	673	32	1	-94	2	-257	178.781124764869	0	0	-520	520	32	1	4	98.0
2025-11-03	17:19:39[113]	23	-55	-319	292.693794945092	0	0	-671	671	32	1	-94	2	-257	178.781124764869	0	0	-520	520	32	1	4	98.0
2025-11-03	17:19:39[361]	26	-53	-315	296.131000544939	0	0	-667	667	32	1	-94	2	-257	178.781124764869	0	0	-520	520	32	1	4	98.0
2025-11-03	17:19:39[600]	21	-52	-318	291.991129917177	0	0	-670	670	32	1	-94	2	-257	178.781124764869	0	0	-520	520	32	1	4	98.0
2025-11-03	17:19:39[856]	23	-53	-325	293.459024081462	0	0	-677	677	32	1	-94	2	-257	178.781124764869	0	0	-520	520	32	1	4	98.0
2025-11-03	17:19:40[129]	24	-52	-318	294.775140568832	0	0	-670	670	32	1	-94	2	-257	178.781124764869	0	0	-520	520	32	1	4	98.0
2025-11-03	17:19:40[304]	25	-48	-316	297.512002623851	0	0	-668	668	32	1	-94	2	-257	178.781124764869	0	0	-520	520	32	1	4	98.0
2025-11-03	17:19:40[514]	19	-50	-319	290.806791012711	0	0	-671	671	32	1	-94	2	-257	178.781124764869	0	0	-520	520	32	1	4	98.0
2025-11-03	17:19:40[785]	22	-50	-323	293.749494492867	0	0	-675	675	32	1	-94	2	-257	178.781124764869	0	0	-520	520	32	1	4	98.0
2025-11-03	17:19:41[088]	19	-51	-320	290.432828679399	0	0	-672	672	32	1	-94	2	-257	178.781124764869	0	0	-520	520	32	1	4	98.0
2025-11-03	17:19:41[457]	21	-48	-321	293.629377730657	0	0	-673	673	32	1	-94	2	-257	178.781124764869	0	0	-520	520	32	1	4	98.0
2025-11-03	17:19:41[714]	22	-50	-317	293.749494492867	0	0	-669	669	32	1	-94	2	-257	178.781124764869	0	0	-520	520	32	1	4	98.0
2025-11-03	17:19:41[920]	25	-48	-315	297.512002623851	0	0	-667	667	32	1	-94	2	-257	178.781124764869	0	0	-520	520	32	1	4	98.0
2025-11-03	17:19:42[128]	24	-50	-320	295.641005824305	0	0	-672	672	32	1	-94	2	-257	178.781124764869	0	0	-520	520	32	1	4	98.0
2025-11-03	17:19:42[391]	26	-52	-319	296.565051177078	0	0	-671	671	32	1	-94	2	-257	178.781124764869	0	0	-520	520	32	1	4	98.0
2025-11-03	17:19:42[664]	21	-46	-323	294.537728476578	0	0	-675	675	32	1	-94	2	-257	178.781124764869	0	0	-520	520	32	1	4	98.0
2025-11-03	17:19:42[935]	19	-52	-317	290.071525864539	0	0	-669	669	32	1	-94	2	-257	178.781124764869	0	0	-520	520	32	1	4	98.0
2025-11-03	17:19:43[128]	23	-51	-319	294.274441134439	0	0	-671	671	32	1	-94	2	-257	178.781124764869	0	0	-520	520	32	1	4	98.0
2025-11-03	17:19:43[431]	25	-51	-312	296.113912630291	0	0	-664	664	32	1	-94	2	-257	178.781124764869	0	0	-520	520	32	1	4	98.0
2025-11-03	17:19:43[705]	30	-54	-313	299.054604099077	0	0	-665	665	32	1	-94	2	-257	178.781124764869	0	0	-520	520	32	1	4	98.0
2025-11-03	17:19:43[896]	24	-48	-317	296.565051177078	0	0	-669	669	32	1	-94	2	-257	178.781124764869	0	0	-520	520	32	1	4	98.0
2025-11-03	17:19:44[073]	26	-51	-316	297.012665347939	0	0	-668	668	32	1	-94	2	-257	178.781124764869	0	0	-520	520	32	1	4	98.0
2025-11-03	17:19:44[346]	21	-54	-323	291.250505507133	0	0	-675	675	32	1	-94	2	-257	178.781124764869	0	0	-520	520	32	1	4	98.0
2025-11-03	17:19:44[730]	26	-56	-315	294.904768808095	0	0	-667	667	32	1	-94	2	-257	178.781124764869	0	0	-520	520	32	1	4	98.0
2025-11-03	17:19:45[017]	31	-49	-319	302.31961650818	0	0	-671	671	32	1	-94	2	-257	178.781124764869	0	0	-520	520	32	1	4	98.0
2025-11-03	17:19:45[356]	26	-47	-315	298.950995207467	0	0	-667	667	32	1	-94	2	-257	178.781124764869	0	0	-520	520	32	1	4	98.0
2025-11-03	17:19:45[612]	23	-52	-314	293.860175191342	0	0	-666	666	32	1	-94	2	-257	178.781124764869	0	0	-520	520	32	1	4	98.0
2025-11-03	17:19:45[787]	24	-53	-322	294.362453015312	0	0	-674	674	32	1	-94	2	-257	178.781124764869	0	0	-520	520	32	1	4	98.0
2025-11-03	17:19:45[963]	28	-50	-321	299.248826336547	0	0	-673	673	32	1	-94	2	-257	178.781124764869	0	0	-520	520	32	1	4	98.0
2025-11-03	17:19:46[235]	22	-55	-322	291.801409486352	0	0	-674	674	32	1	-94	2	-257	178.781124764869	0	0	-520	520	32	1	4	98.0
2025-11-03	17:19:46[410]	23	-55	-318	292.693794945092	0	0	-670	670	32	1	-94	2	-257	178.781124764869	0	0	-520	520	32	1	4	98.0
2025-11-03	17:19:46[619]	23	-50	-315	294.702430227771	0	0	-667	667	32	1	-94	2	-257	178.781124764869	0	0	-520	520	32	1	4	98.0
2025-11-03	17:19:46[890]	28	-50	-314	299.248826336547	0	0	-666	666	32	1	-94	2	-257	178.781124764869	0	0	-520	520	32	1	4	98.0
2025-11-03	17:19:47[379]	26	-51	-322	297.012665347939	0	0	-674	674	32	1	-94	2	-257	178.781124764869	0	0	-520	520	32	1	4	98.0
2025-11-03	17:19:47[618]	19	-45	-319	292.890551656248	0	0	-671	671	32	1	-94	2	-257	178.781124764869	0	0	-520	520	32	1	4	98.0
2025-11-03	17:19:47[819]	26	-55	-317	295.30137862542	0	0	-669	669	32	1	-94	2	-257	178.781124764869	0	0	-520	520	32	1	4	98.0
2025-11-03	17:19:47[994]	24	-51	-311	295.201123645475	0	0	-663	663	32	1	-94	2	-257	178.781124764869	0	0	-520	520	32	1	4	98.0
2025-11-03	17:19:48[186]	18	-51	-320	289.440034828176	0	0	-672	672	32	1	-94	2	-257	178.781124764869	0	0	-520	520	32	1	4	98.0
2025-11-03	17:19:48[425]	27	-43	-320	302.124998440388	0	0	-672	672	32	1	-94	2	-257	178.781124764869	0	0	-520	520	32	1	4	98.0
2025-11-03	17:19:48[619]	25	-53	-322	295.253163394574	0	0	-674	674	32	1	-94	2	-257	178.781124764869	0	0	-520	520	32	1	4	98.0
2025-11-03	17:19:48[815]	26	-55	-322	295.30137862542	0	0	-674	674	32	1	-94	2	-257	178.781124764869	0	0	-520	520	32	1	4	98.0
2025-11-03	17:19:49[008]	28	-45	-317	301.890791801846	0	0	-669	669	32	1	-94	2	-257	178.781124764869	0	0	-520	520	32	1	4	98.0
2025-11-03	17:19:49[189]	26	-51	-321	297.012665347939	0	0	-673	673	32	1	-94	2	-257	178.781124764869	0	0	-520	520	32	1	4	98.0
2025-11-03	17:19:49[381]	19	-46	-319	292.442753365294	0	0	-671	671	32	1	-94	2	-257	178.781124764869	0	0	-520	520	32	1	4	98.0
2025-11-03	17:19:49[619]	26	-47	-325	298.950995207467	0	0	-677	677	32	1	-94	2	-257	178.781124764869	0	0	-520	520	32	1	4	98.0
2025-11-03	17:19:49[793]	23	-48	-317	295.602187551442	0	0	-669	669	32	1	-94	2	-257	178.781124764869	0	0	-520	520	32	1	4	98.0
2025-11-03	17:19:49[970]	24	-52	-319	294.775140568832	0	0	-671	671	32	1	-94	2	-257	178.781124764869	0	0	-520	520	32	1	4	98.0
2025-11-03	17:19:50[163]	25	-49	-316	297.030860259843	0	0	-668	668	32	1	-94	2	-257	178.781124764869	0	0	-520	520	32	1	4	98.0
2025-11-03	17:19:50[434]	30	-58	-319	297.34987578007	0	0	-671	671	32	1	-94	2	-257	178.781124764869	0	0	-520	520	32	1	4	98.0
2025-11-03	17:19:50[723]	20	-47	-323	293.051300916473	0	0	-675	675	32	1	-94	2	-257	178.781124764869	0	0	-520	520	32	1	4	98.0
2025-11-03	17:19:51[042]	27	-51	-320	297.897271030948	0	0	-672	672	32	1	-94	2	-257	178.781124764869	0	0	-520	520	32	1	4	98.0
2025-11-03	17:20:01[615]	16	-62	-297	284.470294100066	0	0	-618	618	30	1	-94	2	-257	178.781124764869	0	0	-520	520	32	1	4	98.0
2025-11-03	17:20:30[714]	16	-62	-297	284.470294100066	0	0	-618	618	30	1	-202	23	-433	173.504198154582	0	0	-696	696	32	1	4	98.0
2025-11-03	17:20:30[888]	16	-62	-297	284.470294100066	0	0	-618	618	30	1	-104	27	-265	165.446427209287	0	0	-528	528	32	1	4	98.0
2025-11-03	17:20:31[033]	16	-62	-297	284.470294100066	0	0	-618	618	30	1	-104	27	-265	165.446427209287	0	0	-528	528	32	1	1	113.3
2025-11-03	17:20:31[036]	70	40	-452	29.7448812969422	0	0	-773	773	30	1	-104	27	-265	165.446427209287	0	0	-528	528	32	1	1	113.3
2025-11-03	17:20:32[263]	70	40	-452	29.7448812969422	0	0	-773	773	30	1	-96	21	-271	167.660912721674	0	0	-534	534	32	1	1	113.3
2025-11-03	17:20:35[686]	70	40	-452	29.7448812969422	0	0	-773	773	30	1	-95	19	-263	168.69006752598	0	0	-526	526	32	1	1	113.3
2025-11-03	17:20:43[413]	70	40	-452	29.7448812969422	0	0	-773	773	30	1	-99	17	-268	170.256358712963	0	0	-531	531	32	1	1	113.3
2025-11-03	17:20:51[878]	70	40	-452	29.7448812969422	0	0	-773	773	30	1	-97	14	-269	171.787219810714	0	0	-532	532	32	1	1	113.3
2025-11-03	17:20:55[330]	70	40	-452	29.7448812969422	0	0	-773	773	30	1	-92	19	-266	168.331225999631	0	0	-529	529	32	1	1	113.3
2025-11-03	17:21:13[247]	70	40	-452	29.7448812969422	0	0	-773	773	30	1	-98	20	-267	168.465379346355	0	0	-530	530	32	1	1	113.3
2025-11-03	17:21:13[486]	70	40	-452	29.7448812969422	0	0	-773	773	30	1	-97	23	-273	166.660751096637	0	0	-536	536	32	1	1	113.3
2025-11-03	17:21:16[635]	70	40	-452	29.7448812969422	0	0	-773	773	30	1	-98	14	-270	171.869897645844	0	0	-533	533	32	1	1	113.3
2025-11-03	17:21:19[403]	70	40	-452	29.7448812969422	0	0	-773	773	30	1	-98	17	-269	170.158868240366	0	0	-532	532	32	1	1	113.3
2025-11-03	17:21:19[612]	70	40	-452	29.7448812969422	0	0	-773	773	30	1	-100	19	-268	169.24203291161	0	0	-531	531	32	1	1	113.3
2025-11-03	17:21:20[523]	70	40	-452	29.7448812969422	0	0	-773	773	30	1	-94	20	-270	167.988521613635	0	0	-533	533	32	1	1	113.3
2025-11-03	17:21:22[859]	70	40	-452	29.7448812969422	0	0	-773	773	30	1	-92	17	-260	169.530825742289	0	0	-523	523	32	1	1	113.3
2025-11-03	17:21:24[619]	70	40	-452	29.7448812969422	0	0	-773	773	30	1	-92	17	-260	169.530825742289	0	0	-523	523	32	1	2	8.8
2025-11-03	17:21:24[622]	-44	-159	-525	254.531660347909	0	0	-846	846	30	1	-92	17	-260	169.530825742289	0	0	-523	523	32	1	2	8.8
2025-11-03	17:21:24[807]	-44	-159	-525	254.531660347909	0	0	-846	846	30	1	-92	17	-260	169.530825742289	0	0	-523	523	32	1	3	18.6
2025-11-03	17:21:24[809]	41	-54	-319	307.207921921782	0	0	-640	640	30	1	-92	17	-260	169.530825742289	0	0	-523	523	32	1	3	18.6
2025-11-03	17:21:24[923]	41	-54	-319	307.207921921782	0	0	-640	640	30	1	63	-22	-498	340.750474127318	0	0	-761	761	36	1	3	18.6
2025-11-03	17:21:25[114]	41	-54	-319	307.207921921782	0	0	-640	640	30	1	-91	20	-268	167.604593166242	0	0	-531	531	36	1	3	18.6
2025-11-03	17:22:34[842]	41	-54	-319	307.207921921782	0	0	-640	640	30	1	-100	-60	-302	210.963756532074	0	0	-565	565	32	1	3	18.6
2025-11-03	17:22:35[306]	41	-54	-319	307.207921921782	0	0	-640	640	30	1	-90	38	-264	157.109448343752	0	0	-527	527	32	1	3	18.6
2025-11-03	17:22:35[895]	41	-54	-319	307.207921921782	0	0	-640	640	30	1	-97	41	-262	157.087171603228	0	0	-525	525	32	1	3	18.6
2025-11-03	17:22:36[409]	41	-54	-319	307.207921921782	0	0	-640	640	30	1	-95	36	-270	159.245928681201	0	0	-533	533	32	1	3	18.6
2025-11-03	17:22:36[600]	41	-54	-319	307.207921921782	0	0	-640	640	30	1	-97	39	-265	158.096821918161	0	0	-528	528	32	1	3	18.6
2025-11-03	17:22:36[776]	41	-54	-319	307.207921921782	0	0	-640	640	30	1	-99	39	-268	158.498565675952	0	0	-531	531	32	1	3	18.6
2025-11-03	17:22:36[983]	41	-54	-319	307.207921921782	0	0	-640	640	30	1	-96	36	-260	159.443954780417	0	0	-523	523	32	1	3	18.6
2025-11-03	17:22:37[511]	41	-54	-319	307.207921921782	0	0	-640	640	30	1	-95	36	-270	159.245928681201	0	0	-533	533	32	1	3	18.6
2025-11-03	17:22:37[736]	41	-54	-319	307.207921921782	0	0	-640	640	30	1	-96	37	-262	158.922505883013	0	0	-525	525	32	1	3	18.6
2025-11-03	17:22:38[231]	41	-54	-319	307.207921921782	0	0	-640	640	30	1	-102	43	-267	157.141238120134	0	0	-530	530	32	1	3	18.6
2025-11-03	17:22:43[881]	41	-54	-319	307.207921921782	0	0	-640	640	30	1	-99	41	-270	157.503528499767	0	0	-533	533	35	1	3	18.6
2025-11-03	17:22:45[613]	41	-54	-319	307.207921921782	0	0	-640	640	30	1	-103	35	-275	161.231939933157	0	0	-538	538	35	1	3	18.6
2025-11-03	17:22:45[823]	41	-54	-319	307.207921921782	0	0	-640	640	30	1	-100	38	-267	159.193208987289	0	0	-530	530	35	1	3	18.6
2025-11-03	17:22:48[332]	41	-54	-319	307.207921921782	0	0	-640	640	30	1	-97	37	-271	159.120983119443	0	0	-534	534	35	1	3	18.6
2025-11-03	17:22:49[435]	41	-54	-319	307.207921921782	0	0	-640	640	30	1	-94	37	-264	158.514556682937	0	0	-527	527	34	1	3	18.6
2025-11-03	17:22:49[676]	41	-54	-319	307.207921921782	0	0	-640	640	30	1	-103	38	-266	159.749366490718	0	0	-529	529	34	1	3	18.6
2025-11-03	17:22:50[412]	41	-54	-319	307.207921921782	0	0	-640	640	30	1	-99	39	-262	158.498565675952	0	0	-525	525	34	1	3	18.6
2025-11-03	17:22:50[619]	41	-54	-319	307.207921921782	0	0	-640	640	30	1	-88	35	-262	158.310935035384	0	0	-525	525	34	1	3	18.6
2025-11-03	17:22:52[138]	41	-54	-319	307.207921921782	0	0	-640	640	30	1	-102	32	-271	162.582029207797	0	0	-534	534	34	1	3	18.6
2025-11-03	17:22:52[731]	41	-54	-319	307.207921921782	0	0	-640	640	30	1	-92	33	-270	160.267310500339	0	0	-533	533	34	1	3	18.6
2025-11-03	17:22:54[012]	41	-54	-319	307.207921921782	0	0	-640	640	30	1	-97	41	-273	157.087171603228	0	0	-536	536	33	1	3	18.6
2025-11-03	17:22:54[348]	41	-54	-319	307.207921921782	0	0	-640	640	30	1	-94	36	-270	159.044223269368	0	0	-533	533	33	1	3	18.6
2025-11-03	17:22:54[521]	41	-54	-319	307.207921921782	0	0	-640	640	30	1	-96	38	-268	158.404689551032	0	0	-531	531	33	1	3	18.6
2025-11-03	17:22:55[227]	41	-54	-319	307.207921921782	0	0	-640	640	30	1	-100	33	-271	161.737110057806	0	0	-534	534	33	1	3	18.6
2025-11-03	17:22:55[450]	41	-54	-319	307.207921921782	0	0	-640	640	30	1	-96	35	-272	159.968987319102	0	0	-535	535	33	1	3	18.6
2025-11-03	17:22:55[851]	41	-54	-319	307.207921921782	0	0	-640	640	30	1	-95	46	-268	154.163245775998	0	0	-531	531	33	1	3	18.6
2025-11-03	17:22:56[665]	41	-54	-319	307.207921921782	0	0	-640	640	30	1	-96	42	-269	156.370622269343	0	0	-532	532	33	1	3	18.6
2025-11-03	17:22:56[873]	41	-54	-319	307.207921921782	0	0	-640	640	30	1	-93	40	-269	156.727095935918	0	0	-532	532	33	1	3	18.6
2025-11-03	17:22:57[098]	41	-54	-319	307.207921921782	0	0	-640	640	30	1	-103	40	-271	158.776343497234	0	0	-534	534	33	1	3	18.6
2025-11-03	17:22:57[321]	41	-54	-319	307.207921921782	0	0	-640	640	30	1	-97	35	-266	160.159301916032	0	0	-529	529	33	1	3	18.6
2025-11-03	17:22:57[577]	41	-54	-319	307.207921921782	0	0	-640	640	30	1	-95	41	-273	156.655989038422	0	0	-536	536	33	1	3	18.6
2025-11-03	17:22:57[800]	41	-54	-319	307.207921921782	0	0	-640	640	30	1	-97	44	-273	155.600564075825	0	0	-536	536	33	1	3	18.6
2025-11-03	17:22:58[009]	41	-54	-319	307.207921921782	0	0	-640	640	30	1	-102	42	-274	157.61986494804	0	0	-537	537	33	1	3	18.6
2025-11-03	17:22:58[218]	41	-54	-319	307.207921921782	0	0	-640	640	30	1	-99	33	-271	161.565051177078	0	0	-534	534	33	1	3	18.6
2025-11-03	17:22:58[426]	41	-54	-319	307.207921921782	0	0	-640	640	30	1	-95	42	-272	156.149526091923	0	0	-535	535	33	1	3	18.6
2025-11-03	17:22:58[666]	41	-54	-319	307.207921921782	0	0	-640	640	30	1	-98	35	-273	160.346175941947	0	0	-536	536	32	1	3	18.6
2025-11-03	17:22:58[905]	41	-54	-319	307.207921921782	0	0	-640	640	30	1	-100	39	-270	158.694216382171	0	0	-533	533	98	1	3	18.6
2025-11-03	17:22:59[144]	41	-54	-319	307.207921921782	0	0	-640	640	30	1	-97	35	-270	160.159301916032	0	0	-533	533	32	1	3	18.6
2025-11-03	17:22:59[386]	41	-54	-319	307.207921921782	0	0	-640	640	30	1	-95	36	-268	159.245928681201	0	0	-531	531	32	1	3	18.6
2025-11-03	17:22:59[658]	41	-54	-319	307.207921921782	0	0	-640	640	30	1	-95	35	-277	159.775140568832	0	0	-540	540	32	1	3	18.6
2025-11-03	17:22:59[881]	41	-54	-319	307.207921921782	0	0	-640	640	30	1	-95	36	-270	159.245928681201	0	0	-533	533	32	1	3	18.6
2025-11-03	17:23:00[090]	41	-54	-319	307.207921921782	0	0	-640	640	30	1	-97	34	-270	160.683647180496	0	0	-533	533	32	1	3	18.6
2025-11-03	17:23:00[296]	41	-54	-319	307.207921921782	0	0	-640	640	30	1	-95	33	-262	160.84438755456	0	0	-525	525	32	1	3	18.6
2025-11-03	17:23:00[761]	41	-54	-319	307.207921921782	0	0	-640	640	30	1	-100	37	-268	159.69552629004	0	0	-531	531	32	1	3	18.6
2025-11-03	17:23:00[984]	41	-54	-319	307.207921921782	0	0	-640	640	30	1	-98	36	-270	159.82934658815	0	0	-533	533	32	1	3	18.6
2025-11-03	17:23:01[194]	41	-54	-319	307.207921921782	0	0	-640	640	30	1	-97	37	-263	159.120983119443	0	0	-526	526	32	1	3	18.6
2025-11-03	17:23:01[433]	41	-54	-319	307.207921921782	0	0	-640	640	30	1	-97	34	-271	160.683647180496	0	0	-534	534	32	1	3	18.6
2025-11-03	17:23:01[641]	41	-54	-319	307.207921921782	0	0	-640	640	30	1	-98	38	-265	158.805943518458	0	0	-528	528	32	1	3	18.6
2025-11-03	17:23:01[816]	41	-54	-319	307.207921921782	0	0	-640	640	30	1	-98	34	-272	160.866356794095	0	0	-535	535	32	1	3	18.6
2025-11-03	17:23:02[024]	41	-54	-319	307.207921921782	0	0	-640	640	30	1	-100	40	-278	158.198590513648	0	0	-541	541	32	1	3	18.6
2025-11-03	17:23:02[217]	41	-54	-319	307.207921921782	0	0	-640	640	30	1	-89	38	-269	156.879151337575	0	0	-532	532	32	1	3	18.6
2025-11-03	17:23:02[425]	41	-54	-319	307.207921921782	0	0	-640	640	30	1	-94	39	-268	157.466749920996	0	0	-531	531	32	1	3	18.6
2025-11-03	17:23:02[668]	41	-54	-319	307.207921921782	0	0	-640	640	30	1	-108	36	-274	161.565051177078	0	0	-537	537	32	1	3	18.6
2025-11-03	17:23:02[872]	41	-54	-319	307.207921921782	0	0	-640	640	30	1	-97	39	-270	158.096821918161	0	0	-533	533	32	1	3	18.6
2025-11-03	17:23:03[448]	41	-54	-319	307.207921921782	0	0	-640	640	30	1	-92	38	-275	157.557246634706	0	0	-538	538	32	1	3	18.6
2025-11-03	17:23:03[673]	41	-54	-319	307.207921921782	0	0	-640	640	30	1	-98	39	-272	158.299463260683	0	0	-535	535	32	1	3	18.6
2025-11-03	17:23:04[183]	41	-54	-319	307.207921921782	0	0	-640	640	30	1	-90	44	-270	153.946504689509	0	0	-533	533	32	1	3	18.6
2025-11-03	17:23:04[631]	41	-54	-319	307.207921921782	0	0	-640	640	30	1	-90	42	-266	154.9831065219	0	0	-529	529	32	1	3	18.6
2025-11-03	17:23:04[840]	41	-54	-319	307.207921921782	0	0	-640	640	30	1	-104	37	-272	160.416006229752	0	0	-535	535	32	1	3	18.6
2025-11-03	17:23:05[225]	41	-54	-319	307.207921921782	0	0	-640	640	30	1	-99	38	-272	159.001280965613	0	0	-535	535	32	1	3	18.6
2025-11-03	17:23:05[929]	41	-54	-319	307.207921921782	0	0	-640	640	30	1	-104	44	-273	157.06789956241	0	0	-536	536	32	1	3	18.6
2025-11-03	17:23:06[135]	41	-54	-319	307.207921921782	0	0	-640	640	30	1	-100	36	-268	160.201123645475	0	0	-531	531	32	1	3	18.6
2025-11-03	17:23:06[310]	41	-54	-319	307.207921921782	0	0	-640	640	30	1	-100	39	-265	158.694216382171	0	0	-528	528	32	1	3	18.6
2025-11-03	17:23:06[536]	41	-54	-319	307.207921921782	0	0	-640	640	30	1	-102	32	-267	162.582029207797	0	0	-530	530	32	1	3	18.6
2025-11-03	17:23:06[743]	41	-54	-319	307.207921921782	0	0	-640	640	30	1	-97	33	-262	161.211378017832	0	0	-525	525	32	1	3	18.6
2025-11-03	17:23:07[241]	41	-54	-319	307.207921921782	0	0	-640	640	30	1	-92	37	-273	158.091295171818	0	0	-536	536	32	1	3	18.6
2025-11-03	17:23:07[447]	41	-54	-319	307.207921921782	0	0	-640	640	30	1	-99	38	-270	159.001280965613	0	0	-533	533	32	1	3	18.6
2025-11-03	17:23:08[343]	41	-54	-319	307.207921921782	0	0	-640	640	30	1	-101	39	-263	158.886499921635	0	0	-526	526	32	1	3	18.6
2025-11-03	17:23:11[462]	41	-54	-319	307.207921921782	0	0	-640	640	30	1	-98	43	-272	156.309310597173	0	0	-535	535	36	1	3	18.6
2025-11-03	17:23:14[613]	41	-54	-319	307.207921921782	0	0	-640	640	30	1	-98	38	-267	158.805943518458	0	0	-530	530	35	1	3	18.6
2025-11-03	17:23:14[852]	41	-54	-319	307.207921921782	0	0	-640	640	30	1	-99	38	-269	159.001280965613	0	0	-532	532	35	1	3	18.6
2025-11-03	17:23:16[100]	41	-54	-319	307.207921921782	0	0	-640	640	30	1	-100	41	-269	157.706370840306	0	0	-532	532	35	1	3	18.6
2025-11-03	17:23:17[204]	41	-54	-319	307.207921921782	0	0	-640	640	30	1	-97	33	-274	161.211378017832	0	0	-537	537	35	1	3	18.6
2025-11-03	17:23:18[820]	41	-54	-319	307.207921921782	0	0	-640	640	30	1	-95	39	-271	157.680559607025	0	0	-534	534	34	1	3	18.6
2025-11-03	17:23:19[428]	41	-54	-319	307.207921921782	0	0	-640	640	30	1	-97	40	-272	157.590162628507	0	0	-535	535	34	1	3	18.6
2025-11-03	17:23:19[731]	41	-54	-319	307.207921921782	0	0	-640	640	30	1	-95	41	-274	156.655989038422	0	0	-537	537	34	1	3	18.6
2025-11-03	17:23:19[957]	41	-54	-319	307.207921921782	0	0	-640	640	30	1	-97	38	-267	158.607109648019	0	0	-530	530	34	1	3	18.6
2025-11-03	17:23:20[885]	41	-54	-319	307.207921921782	0	0	-640	640	30	1	-97	42	-265	156.587885830697	0	0	-528	528	34	1	3	18.6
2025-11-03	17:23:21[092]	41	-54	-319	307.207921921782	0	0	-640	640	30	1	-101	35	-272	160.887026266327	0	0	-535	535	34	1	3	18.6
2025-11-03	17:23:21[523]	41	-54	-319	307.207921921782	0	0	-640	640	30	1	-103	34	-270	161.732093792759	0	0	-533	533	34	1	3	18.6
2025-11-03	17:23:22[852]	41	-54	-319	307.207921921782	0	0	-640	640	30	1	-101	34	-272	161.395034526198	0	0	-535	535	34	1	3	18.6
2025-11-03	17:23:23[891]	41	-54	-319	307.207921921782	0	0	-640	640	30	1	-96	38	-271	158.404689551032	0	0	-534	534	33	1	3	18.6
2025-11-03	17:23:24[115]	41	-54	-319	307.207921921782	0	0	-640	640	30	1	-98	40	-267	157.796521467943	0	0	-530	530	33	1	3	18.6
2025-11-03	17:23:24[325]	41	-54	-319	307.207921921782	0	0	-640	640	30	1	-97	36	-268	159.638396724614	0	0	-531	531	33	1	3	18.6
2025-11-03	17:23:24[755]	41	-54	-319	307.207921921782	0	0	-640	640	30	1	-92	40	-267	156.501434324048	0	0	-530	530	33	1	3	18.6
2025-11-03	17:23:25[073]	41	-54	-319	307.207921921782	0	0	-640	640	30	1	-96	33	-267	161.029592191513	0	0	-530	530	33	1	3	18.6
2025-11-03	17:23:25[555]	41	-54	-319	307.207921921782	0	0	-640	640	30	1	-103	38	-270	159.749366490718	0	0	-533	533	33	1	3	18.6
2025-11-03	17:23:25[847]	41	-54	-319	307.207921921782	0	0	-640	640	30	1	-99	39	-266	158.498565675952	0	0	-529	529	33	1	3	18.6
2025-11-03	17:23:26[082]	41	-54	-319	307.207921921782	0	0	-640	640	30	1	-103	37	-272	160.240529264787	0	0	-535	535	33	1	3	18.6
2025-11-03	17:23:26[291]	41	-54	-319	307.207921921782	0	0	-640	640	30	1	-97	41	-274	157.087171603228	0	0	-537	537	33	1	3	18.6
2025-11-03	17:23:26[482]	41	-54	-319	307.207921921782	0	0	-640	640	30	1	-95	41	-267	156.655989038422	0	0	-530	530	33	1	3	18.6
2025-11-03	17:23:26[692]	41	-54	-319	307.207921921782	0	0	-640	640	30	1	-98	38	-277	158.805943518458	0	0	-540	540	33	1	3	18.6
2025-11-03	17:23:26[914]	41	-54	-319	307.207921921782	0	0	-640	640	30	1	-95	40	-264	157.166345822082	0	0	-527	527	33	1	3	18.6
2025-11-03	17:23:27[282]	41	-54	-319	307.207921921782	0	0	-640	640	30	1	-91	36	-267	158.41603075823	0	0	-530	530	33	1	3	18.6
2025-11-03	17:23:27[507]	41	-54	-319	307.207921921782	0	0	-640	640	30	1	-99	36	-269	160.0168934781	0	0	-532	532	33	1	3	18.6
2025-11-03	17:23:27[716]	41	-54	-319	307.207921921782	0	0	-640	640	30	1	-103	42	-271	157.81598665473	0	0	-534	534	33	1	3	18.6
2025-11-03	17:23:28[114]	41	-54	-319	307.207921921782	0	0	-640	640	30	1	-102	37	-272	160.062008255794	0	0	-535	535	33	1	3	18.6
2025-11-03	17:23:28[370]	41	-54	-319	307.207921921782	0	0	-640	640	30	1	-99	33	-270	161.565051177078	0	0	-533	533	33	1	3	18.6
2025-11-03	17:23:28[609]	41	-54	-319	307.207921921782	0	0	-640	640	30	1	-96	33	-271	161.029592191513	0	0	-534	534	33	1	3	18.6
2025-11-03	17:23:28[850]	41	-54	-319	307.207921921782	0	0	-640	640	30	1	-91	35	-271	158.962488974578	0	0	-534	534	32	1	3	18.6
2025-11-03	17:23:29[683]	41	-54	-319	307.207921921782	0	0	-640	640	30	1	-99	39	-262	158.498565675952	0	0	-525	525	32	1	3	18.6
2025-11-03	17:23:29[922]	41	-54	-319	307.207921921782	0	0	-640	640	30	1	-98	37	-273	159.315919732053	0	0	-536	536	32	1	3	18.6
2025-11-03	17:23:30[146]	41	-54	-319	307.207921921782	0	0	-640	640	30	1	-98	35	-274	160.346175941947	0	0	-537	537	32	1	3	18.6
2025-11-03	17:23:30[401]	41	-54	-319	307.207921921782	0	0	-640	640	30	1	-98	43	-265	156.309310597173	0	0	-528	528	32	1	3	18.6
2025-11-03	17:23:30[977]	41	-54	-319	307.207921921782	0	0	-640	640	30	1	-98	38	-269	158.805943518458	0	0	-532	532	32	1	3	18.6
2025-11-03	17:23:31[170]	41	-54	-319	307.207921921782	0	0	-640	640	30	1	-93	1	-273	179.383940091601	0	0	-536	536	32	1	3	18.6
2025-11-03	17:23:31[409]	41	-54	-319	307.207921921782	0	0	-640	640	30	1	32414	43	-271	0.0760078075467089	0	0	-534	534	32	1	3	18.6
2025-11-03	17:23:31[616]	41	-54	-319	307.207921921782	0	0	-640	640	30	1	-99	43	-272	156.522600107907	0	0	-535	535	32	1	3	18.6
2025-11-03	17:23:32[030]	41	-54	-319	307.207921921782	0	0	-640	640	30	1	-97	40	-266	157.590162628507	0	0	-529	529	32	1	3	18.6
2025-11-03	17:23:32[255]	41	-54	-319	307.207921921782	0	0	-640	640	30	1	-100	35	-273	160.709953780811	0	0	-536	536	32	1	3	18.6
2025-11-03	17:23:32[512]	41	-54	-319	307.207921921782	0	0	-640	640	30	1	-99	38	-272	159.001280965613	0	0	-535	535	32	1	3	18.6
2025-11-03	17:23:32[719]	41	-54	-319	307.207921921782	0	0	-640	640	30	1	-94	39	-264	157.466749920996	0	0	-527	527	32	1	3	18.6
2025-11-03	17:23:33[085]	41	-54	-319	307.207921921782	0	0	-640	640	30	1	-96	35	-265	159.968987319102	0	0	-528	528	32	1	3	18.6
2025-11-03	17:23:33[519]	41	-54	-319	307.207921921782	0	0	-640	640	30	1	-102	40	-269	158.587030525128	0	0	-532	532	32	1	3	18.6
2025-11-03	17:23:33[705]	41	-54	-319	307.207921921782	0	0	-640	640	30	1	-101	42	-271	157.420427435974	0	0	-534	534	32	1	3	18.6
2025-11-03	17:23:33[912]	41	-54	-319	307.207921921782	0	0	-640	640	30	1	-97	42	-264	156.587885830697	0	0	-527	527	32	1	3	18.6
2025-11-03	17:23:34[480]	41	-54	-319	307.207921921782	0	0	-640	640	30	1	-95	41	-268	156.655989038422	0	0	-531	531	32	1	3	18.6
