Magnetic Sensor Monitoring Program V1.0
회 사 명 : (주)래도
작성일자 : 2025년 06월 24일 16:46:40


날짜 	시간 	X축 	Y축 	Z축 	방위 
2025-06-24	16:46:40[019]	78	-57	29	323.841814560192
2025-06-24	16:46:40[036]	83	-54	23	326.951875130025
2025-06-24	16:46:40[066]	75	-65	27	319.085616779975
2025-06-24	16:46:40[095]	82	-59	31	324.264523985133
2025-06-24	16:46:40[129]	85	-61	31	324.334998463138
2025-06-24	16:46:40[162]	75	-57	33	322.765166018425
2025-06-24	16:46:40[182]	81	-54	28	326.30993247402
2025-06-24	16:46:40[212]	84	-59	29	324.916526120907
2025-06-24	16:46:40[242]	81	-60	29	323.471144633015
2025-06-24	16:46:40[268]	83	-54	25	326.951875130025
2025-06-24	16:46:40[309]	84	-60	22	324.462322208026
2025-06-24	16:46:40[325]	78	-56	25	324.323591778138
2025-06-24	16:46:40[355]	81	-65	25	321.254032743916
2025-06-24	16:46:40[388]	87	-60	27	325.40771131249
2025-06-24	16:46:40[421]	85	-54	22	327.572445004228
2025-06-24	16:46:40[451]	84	-60	23	324.462322208026
2025-06-24	16:46:40[481]	91	-54	26	329.314826910405
2025-06-24	16:46:40[498]	84	-56	27	326.30993247402
2025-06-24	16:46:40[521]	84	-54	29	327.264773727892
2025-06-24	16:46:40[554]	85	-51	31	329.036243467926
2025-06-24	16:46:40[594]	82	-56	25	325.669782804497
2025-06-24	16:46:40[624]	83	-56	24	325.992507580268
2025-06-24	16:46:40[638]	84	-54	27	327.264773727892
2025-06-24	16:46:40[681]	87	-51	26	329.620873988632
2025-06-24	16:46:40[934]	85	-56	21	326.62216796357
2025-06-24	16:46:40[934]	92	-55	25	329.12791663692
2025-06-24	16:46:40[934]	85	-55	34	327.094757077012
2025-06-24	16:46:40[934]	94	-51	27	331.51781425296
2025-06-24	16:46:40[934]	88	-46	25	332.402704131356
2025-06-24	16:46:40[934]	87	-47	23	331.620756913892
2025-06-24	16:46:40[934]	89	-49	27	331.164499152257
2025-06-24	16:46:40[934]	89	-54	16	328.753070586523
2025-06-24	16:46:40[934]	97	-55	21	330.446316367693
2025-06-24	16:46:40[968]	96	-47	13	333.914400221719
2025-06-24	16:46:40[988]	101	-40	7	338.394472757362
2025-06-24	16:46:41[011]	106	-39	2	339.800193378566
2025-06-24	16:46:41[044]	116	-36	-9	342.75854060106
2025-06-24	16:46:42[932]	134	-34	-40	345.762719534239
2025-06-24	16:46:42[932]	147	-17	-77	353.403261702106
2025-06-24	16:46:42[932]	148	-7	-150	357.292082514134
2025-06-24	16:46:42[932]	121	-11	-222	354.805571092265
2025-06-24	16:46:42[932]	59	-28	-252	334.612093708904
2025-06-24	16:46:42[932]	-3	-42	-238	265.914383220025
2025-06-24	16:46:42[932]	-47	-58	-176	230.980599524763
2025-06-24	16:46:42[932]	-57	-68	-103	230.029073581785
2025-06-24	16:46:42[932]	-61	-65	-40	226.818302964452
2025-06-24	16:46:42[932]	-29	-73	12	248.33404127671
2025-06-24	16:46:42[932]	-14	-66	45	258.023867555797
2025-06-24	16:46:42[932]	20	-66	57	286.858398767738
2025-06-24	16:46:42[932]	46	-59	62	307.942153350119
2025-06-24	16:46:42[932]	55	-59	59	312.990446186979
2025-06-24	16:46:42[932]	57	-60	63	313.531199285614
2025-06-24	16:46:42[932]	65	-61	51	316.818302964452
2025-06-24	16:46:42[932]	71	-63	50	318.416588191771
2025-06-24	16:46:42[932]	71	-58	46	320.754565331102
2025-06-24	16:46:42[932]	69	-58	48	319.950272234292
2025-06-24	16:46:42[942]	79	-56	44	324.668668661084
2025-06-24	16:46:42[942]	71	-56	41	321.736011214119
2025-06-24	16:46:42[942]	70	-55	42	321.842773412631
2025-06-24	16:46:42[942]	74	-62	41	320.042451069171
2025-06-24	16:46:42[942]	73	-58	39	321.532136687852
2025-06-24	16:46:42[942]	78	-58	43	323.365886124033
2025-06-24	16:46:42[942]	68	-60	44	318.576334374997
2025-06-24	16:46:42[942]	70	-60	42	319.398705354996
2025-06-24	16:46:42[942]	59	-59	42	315
2025-06-24	16:46:42[942]	60	-62	43	314.060809054264
2025-06-24	16:46:42[942]	54	-54	37	315
2025-06-24	16:46:42[942]	42	-51	43	309.472459848344
2025-06-24	16:46:42[942]	34	-53	26	302.680554743363
2025-06-24	16:46:42[942]	14	-42	22	288.434948822922
2025-06-24	16:46:42[942]	-10	-37	-6	254.875992691689
2025-06-24	16:46:42[942]	-24	-29	-50	230.389311759973
2025-06-24	16:46:42[942]	-22	-23	-93	226.273030020057
2025-06-24	16:46:42[942]	-10	-24	-152	247.38013505196
2025-06-24	16:46:42[947]	29	-32	-208	312.184443315789
2025-06-24	16:46:42[947]	88	-29	-238	341.760599153349
2025-06-24	16:46:42[947]	158	-50	-213	342.439727948199
2025-06-24	16:46:42[947]	199	-61	-151	342.957987129216
2025-06-24	16:46:42[947]	189	-70	-87	339.676863170337
2025-06-24	16:46:42[947]	176	-68	-40	338.875280853928
2025-06-24	16:46:42[947]	158	-70	-11	336.10483858493
2025-06-24	16:46:42[947]	139	-67	5	334.26526430918
2025-06-24	16:46:42[947]	135	-59	17	336.392890351981
2025-06-24	16:46:42[947]	114	-61	20	331.849311411825
2025-06-24	16:46:42[947]	114	-61	20	331.849311411825
2025-06-24	16:46:42[947]	109	-63	25	329.972875766787
2025-06-24	16:46:42[947]	105	-57	24	331.504361381755
2025-06-24	16:46:42[947]	105	-63	21	329.036243467926
2025-06-24	16:46:42[947]	107	-56	34	332.374037132658
2025-06-24	16:46:42[947]	107	-54	20	333.221159593045
2025-06-24	16:46:42[947]	98	-61	29	328.099843082266
2025-06-24	16:46:42[947]	103	-56	28	331.467546793003
2025-06-24	16:46:42[947]	111	-57	24	332.818888914523
2025-06-24	16:46:42[947]	116	-65	24	330.736135401459
2025-06-24	16:46:42[947]	119	-59	20	333.627863176455
2025-06-24	16:46:42[947]	131	-60	28	335.391497195486
2025-06-24	16:46:42[947]	157	-59	16	339.403971688852
2025-06-24	16:46:42[947]	181	-59	8	341.945748428505
2025-06-24	16:46:42[947]	216	-71	-1	341.804114238361
2025-06-24	16:46:42[947]	281	-62	-21	347.557578624957
2025-06-24	16:46:42[947]	378	-59	-73	351.128588816394
2025-06-24	16:46:42[957]	463	-70	-147	351.402681772186
2025-06-24	16:46:42[980]	556	-52	-424	354.656944241425
2025-06-24	16:46:43[007]	437	-13	-701	358.296051416972
2025-06-24	16:46:43[043]	200	52	-787	14.5742161980387
2025-06-24	16:46:43[074]	-1	93	-731	90.6160599083992
2025-06-24	16:46:43[100]	-114	98	-580	139.316027519866
2025-06-24	16:46:43[133]	-193	107	-442	150.995832313523
2025-06-24	16:46:43[147]	-236	107	-272	155.610943745913
2025-06-24	16:46:43[180]	-237	94	-109	158.365511467515
2025-06-24	16:46:43[213]	-195	56	39	163.977020152572
2025-06-24	16:46:43[247]	-95	7	114	175.785821477266
2025-06-24	16:46:43[280]	-34	-16	143	205.201123645475
2025-06-24	16:46:43[310]	6	-33	132	280.304846468766
2025-06-24	16:46:43[348]	27	-45	118	300.963756532073
2025-06-24	16:46:43[361]	44	-57	116	307.665621198583
2025-06-24	16:46:43[395]	52	-54	106	313.919075813339
2025-06-24	16:46:43[418]	66	-53	99	321.234480095541
2025-06-24	16:46:43[452]	63	-56	101	318.36646066343
2025-06-24	16:46:43[485]	66	-60	96	317.726310993906
2025-06-24	16:46:43[519]	62	-57	97	317.405970516645
2025-06-24	16:46:43[539]	60	-61	89	314.526491941265
2025-06-24	16:46:43[572]	55	-56	86	314.483835770235
2025-06-24	16:46:43[595]	60	-58	89	315.971021931079
2025-06-24	16:46:43[629]	48	-57	92	310.100907546212
2025-06-24	16:46:43[652]	52	-49	91	316.701354605326
2025-06-24	16:46:43[682]	44	-48	90	312.510447078001
2025-06-24	16:46:43[712]	20	-41	91	296.003345844511
2025-06-24	16:46:43[743]	6	-46	83	277.431407971173
2025-06-24	16:46:43[779]	-27	-29	69	227.045408488887
2025-06-24	16:46:43[809]	-57	-10	31	189.950626687952
2025-06-24	16:46:43[826]	-71	1	-26	179.193070544898
2025-06-24	16:46:43[859]	-66	3	-81	177.3974377975
2025-06-24	16:46:43[883]	-66	8	-112	173.088772880975
2025-06-24	16:46:43[923]	-42	8	-172	169.215702132437
2025-06-24	16:46:43[953]	-9	14	-205	122.735226272108
2025-06-24	16:46:43[983]	48	15	-239	17.3540246362613
2025-06-24	16:46:44[014]	114	3	-230	1.50743575877497
2025-06-24	16:46:44[024]	170	-11	-182	356.297787146801
2025-06-24	16:46:44[064]	191	-21	-103	353.725665442918
2025-06-24	16:46:44[087]	175	-38	-53	347.748819576601
2025-06-24	16:46:44[121]	159	-48	-21	343.201628218695
2025-06-24	16:46:44[155]	143	-48	-2	341.444934414868
2025-06-24	16:46:44[188]	126	-53	5	337.186677893448
2025-06-24	16:46:44[208]	115	-51	13	336.083754582381
2025-06-24	16:46:44[231]	117	-51	14	336.447736327105
2025-06-24	16:46:44[265]	105	-63	19	329.036243467926
2025-06-24	16:46:44[321]	101	-58	26	330.133083148487
2025-06-24	16:46:44[321]	96	-59	25	328.425809249715
2025-06-24	16:46:44[365]	95	-61	26	327.295266422998
2025-06-24	16:46:44[385]	89	-59	30	326.458752345877
2025-06-24	16:46:44[418]	93	-57	24	328.495733280796
2025-06-24	16:46:44[448]	91	-56	27	328.392497753751
2025-06-24	16:46:44[475]	90	-55	27	328.570434385161
2025-06-24	16:46:44[515]	88	-57	27	327.067768958653
2025-06-24	16:46:44[520]	96	-60	28	327.994616791916
2025-06-24	16:46:44[556]	92	-56	21	328.671307132196
2025-06-24	16:46:44[599]	97	-59	26	328.690049617465
2025-06-24	16:46:44[609]	99	-63	27	327.528807709152
2025-06-24	16:46:44[643]	106	-56	23	332.152421740212
2025-06-24	16:46:44[673]	115	-53	23	335.256462174523
2025-06-24	16:46:44[707]	131	-58	15	336.118723982391
2025-06-24	16:46:44[740]	142	-56	4	338.477399892093
2025-06-24	16:46:44[767]	172	-54	-11	342.570137182332
2025-06-24	16:46:44[787]	217	-52	-60	346.524240844075
2025-06-24	16:46:44[820]	267	-37	-153	352.11038219172
2025-06-24	16:46:44[854]	257	-25	-295	354.443961576875
2025-06-24	16:46:44[877]	168	-1	-419	359.658957721141
2025-06-24	16:46:44[910]	51	20	-443	21.4129694748718
2025-06-24	16:46:44[943]	-59	31	-400	152.281498371817
2025-06-24	16:46:44[966]	-136	37	-352	164.780535168826
2025-06-24	16:46:44[998]	-209	48	-286	167.06546264728
2025-06-24	16:46:45[028]	-252	47	-153	169.435265176244
2025-06-24	16:46:45[054]	-225	24	7	173.911471845805
2025-06-24	16:46:45[088]	-134	-7	116	182.990344975165
2025-06-24	16:46:45[120]	-56	-32	153	209.744881296942
2025-06-24	16:46:45[153]	-1	-39	149	268.531199285614
2025-06-24	16:46:45[173]	32	-54	142	300.650667957053
2025-06-24	16:46:45[203]	52	-52	131	315
2025-06-24	16:46:45[234]	62	-52	124	320.013113755036
2025-06-24	16:46:45[270]	70	-54	125	322.352379359892
2025-06-24	16:46:45[300]	67	-52	117	322.184267392427
2025-06-24	16:46:45[327]	64	-62	126	315.909380449199
2025-06-24	16:46:45[364]	59	-54	119	317.533558888395
2025-06-24	16:46:45[377]	43	-50	122	310.695531039492
2025-06-24	16:46:45[410]	20	-49	131	292.203478532057
2025-06-24	16:46:45[443]	-10	-37	127	254.875992691689
2025-06-24	16:46:45[476]	-66	-17	108	194.444035724492
2025-06-24	16:46:45[507]	-134	2	46	179.144902603733
2025-06-24	16:46:45[542]	-195	34	-63	170.109395058242
2025-06-24	16:46:45[555]	-221	52	-207	166.759480084813
2025-06-24	16:46:45[588]	-199	68	-351	161.134263960069
2025-06-24	16:46:45[622]	-157	84	-478	151.851800152138
2025-06-24	16:46:45[645]	-60	88	-620	124.286876977209
2025-06-24	16:46:45[678]	120	74	-670	31.6607510966366
2025-06-24	16:46:45[711]	343	25	-536	4.16870569139814
2025-06-24	16:46:45[751]	397	-5	-337	359.278428836584
2025-06-24	16:46:45[761]	332	-36	-119	353.811384036758
2025-06-24	16:46:45[795]	231	-51	-34	347.550003492193
2025-06-24	16:46:45[825]	183	-49	-2	345.010137640318
2025-06-24	16:46:45[855]	148	-59	17	338.265368781212
2025-06-24	16:46:45[895]	122	-48	18	338.52320902046
2025-06-24	16:46:45[919]	115	-54	29	334.846882861526
2025-06-24	16:46:45[958]	108	-53	24	333.860931899565
2025-06-24	16:46:45[968]	98	-58	28	329.381394591091
2025-06-24	16:46:45[998]	100	-58	33	329.886266849018
2025-06-24	16:46:46[039]	87	-52	26	329.133190548863
2025-06-24	16:46:46[059]	91	-58	28	327.488085768949
2025-06-24	16:46:46[092]	95	-54	36	330.385188353654
2025-06-24	16:46:46[122]	89	-59	32	326.458752345877
2025-06-24	16:46:46[152]	93	-56	31	328.945728883647
2025-06-24	16:46:46[189]	92	-61	28	326.453891416092
2025-06-24	16:46:46[203]	92	-59	28	327.327770711317
2025-06-24	16:46:46[236]	92	-57	34	328.219084907017
2025-06-24	16:46:46[263]	100	-57	25	330.316859820877
2025-06-24	16:46:46[303]	96	-51	26	332.02052561152
2025-06-24	16:46:46[313]	98	-55	21	330.697792517861
2025-06-24	16:46:46[353]	100	-55	29	331.189206257027
2025-06-24	16:46:46[383]	95	-56	24	329.481769321125
2025-06-24	16:46:46[413]	95	-55	22	329.931417178138
2025-06-24	16:46:46[444]	89	-58	24	326.908300061318
2025-06-24	16:46:46[464]	92	-55	27	329.12791663692
2025-06-24	16:46:46[497]	90	-59	17	326.752932250664
2025-06-24	16:46:46[525]	98	-60	22	328.523160650416
2025-06-24	16:46:46[560]	90	-51	16	330.461217740442
2025-06-24	16:46:46[590]	92	-52	21	330.524110996754
2025-06-24	16:46:46[606]	97	-57	24	329.560275619357
2025-06-24	16:46:46[640]	98	-51	22	332.50716304846
2025-06-24	16:46:46[673]	90	-57	22	327.652556500558
2025-06-24	16:46:46[703]	95	-53	20	330.843082117687
2025-06-24	16:46:46[733]	91	-55	19	328.851419013805
2025-06-24	16:46:46[748]	97	-57	18	329.560275619357
2025-06-24	16:46:46[778]	105	-58	10	331.084575658373
2025-06-24	16:46:46[811]	106	-52	2	333.868999455061
2025-06-24	16:46:46[843]	94	-51	-4	331.51781425296
2025-06-24	16:46:46[879]	98	-49	-13	333.434948822922
2025-06-24	16:46:46[889]	78	-48	-22	328.392497753751
2025-06-24	16:46:46[929]	69	-52	-24	322.997473471804
2025-06-24	16:46:46[959]	55	-50	-9	317.726310993906
2025-06-24	16:46:46[990]	52	-52	-1	315
2025-06-24	16:46:47[020]	56	-55	13	315.516164229765
2025-06-24	16:46:47[060]	55	-50	24	317.726310993906
2025-06-24	16:46:47[070]	58	-51	21	318.67449952083
2025-06-24	16:46:47[100]	62	-59	28	316.420265546399
2025-06-24	16:46:47[136]	60	-55	27	317.489552921999
2025-06-24	16:46:47[163]	66	-58	29	318.691385986451
2025-06-24	16:46:47[177]	57	-56	30	315.507029060915
2025-06-24	16:46:47[216]	61	-51	35	320.102165252358
2025-06-24	16:46:47[244]	69	-54	28	321.952957468174
2025-06-24	16:46:47[273]	67	-62	27	317.219655553198
2025-06-24	16:46:47[313]	66	-55	31	320.194428907735
2025-06-24	16:46:47[324]	67	-54	28	321.132222497679
2025-06-24	16:46:47[354]	57	-53	30	317.082565279731
2025-06-24	16:46:47[384]	59	-50	19	319.720136931044
2025-06-24	16:46:47[424]	57	-56	25	315.507029060915
2025-06-24	16:46:47[455]	55	-54	19	315.525634606458
2025-06-24	16:46:47[465]	52	-50	8	316.123302714075
2025-06-24	16:46:47[497]	53	-47	-1	318.433630362451
2025-06-24	16:46:47[536]	61	-49	-15	321.225829064426
2025-06-24	16:46:47[565]	72	-49	-8	325.762537223142
2025-06-24	16:46:47[598]	68	-42	-7	328.298570330494
2025-06-24	16:46:47[611]	82	-47	-11	330.179927434526
2025-06-24	16:46:47[641]	93	-54	-11	329.858614447925
2025-06-24	16:46:47[679]	92	-48	-1	332.447188423282
2025-06-24	16:46:47[709]	91	-54	8	329.314826910405
2025-06-24	16:46:47[736]	92	-52	9	330.524110996754
2025-06-24	16:46:47[776]	84	-53	18	327.750025835816
2025-06-24	16:46:47[793]	89	-53	19	329.225963898752
2025-06-24	16:46:47[823]	90	-59	21	326.752932250664
2025-06-24	16:46:47[853]	93	-55	23	329.400021306791
2025-06-24	16:46:47[883]	83	-56	32	325.992507580268
2025-06-24	16:46:47[913]	89	-53	29	329.225963898752
2025-06-24	16:46:47[933]	90	-57	19	327.652556500558
2025-06-24	16:46:47[964]	78	-60	34	322.431407971173
2025-06-24	16:46:47[994]	82	-58	28	324.727578551402
2025-06-24	16:46:48[025]	78	-57	24	323.841814560192
2025-06-24	16:46:48[063]	83	-61	27	323.686354581237
2025-06-24	16:46:48[083]	81	-64	26	321.686909326182
2025-06-24	16:46:48[103]	81	-58	27	324.395466019567
2025-06-24	16:46:48[133]	84	-56	30	326.30993247402
2025-06-24	16:46:48[163]	82	-51	23	328.120403152977
2025-06-24	16:46:48[203]	83	-54	29	326.951875130025
2025-06-24	16:46:48[233]	90	-59	27	326.752932250664
2025-06-24	16:46:48[243]	83	-55	22	326.469530332867
2025-06-24	16:46:48[293]	86	-58	26	326.00354085175
2025-06-24	16:46:48[313]	86	-55	26	327.39966642631
2025-06-24	16:46:48[333]	92	-47	18	332.938893862527
2025-06-24	16:46:48[367]	86	-50	8	329.826479970356
2025-06-24	16:46:48[394]	87	-58	0	326.30993247402
2025-06-24	16:46:48[434]	88	-54	8	328.465208094812
2025-06-24	16:46:48[473]	80	-53	-7	326.475526751423
2025-06-24	16:46:48[473]	82	-41	-6	333.434948822922
2025-06-24	16:46:48[513]	66	-51	2	322.305759533311
2025-06-24	16:46:48[544]	67	-44	10	326.706436729153
2025-06-24	16:46:48[573]	65	-49	15	322.989326766397
2025-06-24	16:46:48[608]	67	-56	20	320.110417561031
2025-06-24	16:46:48[618]	65	-52	25	321.34019174591
2025-06-24	16:46:48[658]	67	-53	25	321.654425046007
2025-06-24	16:46:48[688]	63	-55	33	318.878524502848
2025-06-24	16:46:48[718]	68	-55	32	321.033253006201
2025-06-24	16:46:48[748]	69	-59	32	319.467159061389
2025-06-24	16:46:48[769]	70	-55	32	321.842773412631
2025-06-24	16:46:48[798]	71	-54	28	322.744710546423
2025-06-24	16:46:48[826]	66	-51	27	322.305759533311
2025-06-24	16:46:48[866]	67	-54	31	321.132222497679
2025-06-24	16:46:48[876]	65	-51	27	321.881723630637
2025-06-24	16:46:48[906]	72	-57	32	321.632514615138
2025-06-24	16:46:48[940]	71	-52	24	323.781162734385
2025-06-24	16:46:48[973]	69	-56	24	320.937416099482
2025-06-24	16:46:49[008]	70	-49	25	325.007979801441
2025-06-24	16:46:49[022]	67	-50	21	323.267173335511
2025-06-24	16:46:49[055]	70	-49	13	325.007979801441
2025-06-24	16:46:49[088]	78	-53	12	325.804394597539
2025-06-24	16:46:49[118]	72	-53	6	323.642802580005
2025-06-24	16:46:49[148]	84	-59	6	324.916526120907
2025-06-24	16:46:49[161]	85	-54	4	327.572445004228
2025-06-24	16:46:49[194]	87	-53	11	328.650419134757
2025-06-24	16:46:49[228]	85	-50	17	329.53445508054
2025-06-24	16:46:49[261]	92	-53	24	330.054316559605
2025-06-24	16:46:49[295]	93	-62	23	326.30993247402
2025-06-24	16:46:49[305]	86	-52	30	328.840695491656
2025-06-24	16:46:49[338]	84	-62	27	323.569141879838
2025-06-24	16:46:49[372]	88	-60	20	325.713123022791
2025-06-24	16:46:49[412]	84	-56	26	326.30993247402
2025-06-24	16:46:49[422]	86	-57	21	326.463953015693
2025-06-24	16:46:49[462]	87	-60	33	325.40771131249
2025-06-24	16:46:49[794]	90	-55	27	328.570434385161
2025-06-24	16:46:49[794]	82	-55	29	326.148989696442
2025-06-24	16:46:49[794]	84	-59	22	324.916526120907
2025-06-24	16:46:49[794]	83	-55	28	326.469530332867
2025-06-24	16:46:49[794]	83	-57	27	325.520784313874
2025-06-24	16:46:49[794]	88	-61	28	325.271003720479
2025-06-24	16:46:49[794]	88	-57	25	327.067768958653
2025-06-24	16:46:49[794]	86	-54	25	327.875001559612
2025-06-24	16:46:49[794]	84	-62	19	323.569141879838
2025-06-24	16:46:49[794]	87	-53	19	328.650419134757
2025-06-24	16:46:49[794]	83	-62	13	323.240711829708
2025-06-24	16:46:49[815]	81	-47	12	329.875682001639
2025-06-24	16:46:49[845]	80	-53	13	326.475526751423
2025-06-24	16:46:49[855]	80	-51	8	327.482489384954
2025-06-24	16:46:49[885]	75	-54	3	324.246112745563
2025-06-24	16:46:49[925]	74	-50	15	325.954062643398
2025-06-24	16:46:49[955]	74	-52	14	324.904183212974
2025-06-24	16:46:49[965]	67	-54	19	321.132222497679
2025-06-24	16:46:50[005]	67	-53	22	321.654425046007
2025-06-24	16:46:50[029]	69	-59	23	319.467159061389
2025-06-24	16:46:50[062]	66	-59	29	318.205215931014
2025-06-24	16:46:50[092]	71	-56	32	321.736011214119
2025-06-24	16:46:50[112]	79	-54	33	325.64566334496
2025-06-24	16:46:50[142]	78	-53	29	325.804394597539
2025-06-24	16:46:50[176]	69	-56	32	320.937416099482
2025-06-24	16:46:50[213]	74	-57	33	322.394008642598
2025-06-24	16:46:50[243]	77	-56	29	323.972626614896
2025-06-24	16:46:50[253]	79	-64	34	320.988148375775
2025-06-24	16:46:50[293]	72	-59	32	320.667285678239
2025-06-24	16:46:50[323]	73	-55	33	323.004728857293
2025-06-24	16:46:50[353]	72	-52	30	324.162347045722
2025-06-24	16:46:50[383]	75	-56	37	323.252529047136
2025-06-24	16:46:50[404]	68	-53	32	322.066729716401
2025-06-24	16:46:50[433]	70	-53	28	322.869075551791
2025-06-24	16:46:50[463]	74	-53	33	324.389147561331
2025-06-24	16:46:50[501]	69	-51	30	323.530765609948
2025-06-24	16:46:50[535]	63	-56	30	318.36646066343
2025-06-24	16:46:50[545]	64	-54	28	319.844000375081
2025-06-24	16:46:50[576]	65	-46	22	324.71325102494
2025-06-24	16:46:50[614]	74	-52	20	324.904183212974
2025-06-24	16:46:50[645]	68	-50	16	323.67317404788
2025-06-24	16:46:50[677]	72	-50	12	325.222168633636
2025-06-24	16:46:50[687]	72	-52	9	324.162347045722
2025-06-24	16:46:50[724]	75	-46	7	328.477822753241
2025-06-24	16:46:50[755]	85	-47	4	331.059987307161
2025-06-24	16:46:50[783]	83	-51	14	328.431028870682
2025-06-24	16:46:50[817]	86	-52	8	328.840695491656
2025-06-24	16:46:50[834]	85	-55	14	327.094757077012
2025-06-24	16:46:50[864]	88	-50	13	330.395549253995
2025-06-24	16:46:51[254]	93	-56	17	328.945728883647
2025-06-24	16:46:51[254]	79	-56	24	324.668668661084
2025-06-24	16:46:51[254]	84	-58	25	325.375844920051
2025-06-24	16:46:51[254]	83	-61	18	323.686354581237
2025-06-24	16:46:51[254]	84	-54	22	327.264773727892
2025-06-24	16:46:51[254]	90	-55	23	328.570434385161
2025-06-24	16:46:51[254]	81	-52	27	327.300538878998
2025-06-24	16:46:51[254]	82	-60	26	323.806792694435
2025-06-24	16:46:51[254]	79	-58	34	323.714732874861
2025-06-24	16:46:51[254]	85	-51	25	329.036243467926
2025-06-24	16:46:51[254]	79	-50	21	327.66981426495
2025-06-24	16:46:51[254]	77	-53	26	325.459909092929
2025-06-24	16:46:51[254]	89	-59	26	326.458752345877
2025-06-24	16:46:51[284]	90	-57	23	327.652556500558
2025-06-24	16:46:51[294]	86	-57	29	326.463953015693
2025-06-24	16:46:51[324]	84	-60	28	324.462322208026
2025-06-24	16:46:51[360]	87	-56	24	327.23150092123
2025-06-24	16:46:51[394]	93	-62	24	326.30993247402
2025-06-24	16:46:51[406]	84	-61	12	324.013204355643
2025-06-24	16:46:51[440]	85	-50	9	329.53445508054
2025-06-24	16:46:51[474]	83	-65	10	321.93434890127
2025-06-24	16:46:51[506]	88	-54	3	328.465208094812
2025-06-24	16:46:51[534]	80	-57	2	324.5301278326
2025-06-24	16:46:51[554]	74	-52	-1	324.904183212974
2025-06-24	16:46:51[584]	67	-52	0	322.184267392427
2025-06-24	16:46:51[617]	74	-51	5	325.425808525885
2025-06-24	16:46:51[651]	60	-49	14	320.762632886598
2025-06-24	16:46:51[661]	67	-50	17	323.267173335511
2025-06-24	16:46:51[701]	67	-56	22	320.110417561031
2025-06-24	16:46:51[728]	61	-52	25	319.553767979159
2025-06-24	16:46:51[761]	65	-52	25	321.34019174591
2025-06-24	16:46:51[794]	66	-53	32	321.234480095541
2025-06-24	16:46:51[814]	65	-60	34	317.290610042639
2025-06-24	16:46:51[837]	75	-54	29	324.246112745563
2025-06-24	16:46:51[870]	70	-54	33	322.352379359892
2025-06-24	16:46:51[904]	73	-49	32	326.129189289611
2025-06-24	16:46:51[937]	68	-54	32	321.546290783294
2025-06-24	16:46:51[957]	72	-55	31	322.624192504452
2025-06-24	16:46:51[987]	68	-53	35	322.066729716401
2025-06-24	16:46:52[017]	64	-53	31	320.370994695536
2025-06-24	16:46:52[048]	66	-58	31	318.691385986451
2025-06-24	16:46:52[078]	62	-54	31	318.945186229038
2025-06-24	16:46:52[098]	58	-53	31	317.579147500283
2025-06-24	16:46:52[147]	61	-42	26	325.451632943989
2025-06-24	16:46:52[160]	62	-45	21	324.027612950715
2025-06-24	16:46:52[190]	58	-46	12	321.581944655178
2025-06-24	16:46:52[309]	62	-48	3	322.253194612725
2025-06-24	16:46:52[309]	63	-39	3	328.240519915187
2025-06-24	16:46:52[309]	65	-38	-3	329.688786773318
2025-06-24	16:46:52[309]	78	-46	-10	329.470294100066
2025-06-24	16:46:52[335]	79	-51	-3	327.154941697222
2025-06-24	16:46:52[360]	85	-53	3	328.055247223797
2025-06-24	16:46:52[398]	99	-53	7	331.837472625676
2025-06-24	16:46:52[430]	94	-49	10	332.468023251278
2025-06-24	16:46:52[442]	92	-54	14	329.588918732875
2025-06-24	16:46:52[473]	94	-53	21	330.584401166904
2025-06-24	16:46:52[508]	86	-56	16	326.929322177238
2025-06-24	16:46:52[540]	83	-59	25	324.59313426273
2025-06-24	16:46:52[573]	92	-59	23	327.327770711317
2025-06-24	16:46:52[583]	85	-54	21	327.572445004228
2025-06-24	16:46:52[629]	87	-53	26	328.650419134757
2025-06-24	16:46:52[663]	89	-56	26	327.821343793399
2025-06-24	16:46:52[676]	84	-57	24	325.840305454331
2025-06-24	16:46:52[706]	89	-57	20	327.362492415714
2025-06-24	16:46:52[740]	86	-58	21	326.00354085175
2025-06-24	16:46:52[770]	85	-52	29	328.543176642445
2025-06-24	16:46:52[796]	84	-56	27	326.30993247402
2025-06-24	16:46:52[820]	93	-57	23	328.495733280796
2025-06-24	16:46:52[847]	89	-59	20	326.458752345877
2025-06-24	16:46:52[876]	93	-61	12	326.738571206722
2025-06-24	16:46:52[910]	96	-62	13	327.144278049567
2025-06-24	16:46:52[942]	93	-62	9	326.30993247402
2025-06-24	16:46:52[962]	94	-54	1	330.124007308311
2025-06-24	16:46:52[996]	88	-52	-3	329.420773127511
2025-06-24	16:46:53[020]	83	-57	-12	325.520784313874
2025-06-24	16:46:53[056]	72	-48	-17	326.30993247402
2025-06-24	16:46:53[089]	60	-53	-9	318.544766455595
2025-06-24	16:46:53[107]	55	-50	-5	317.726310993906
2025-06-24	16:46:53[133]	61	-49	7	321.225829064426
2025-06-24	16:46:53[170]	52	-52	18	315
2025-06-24	16:46:53[204]	59	-53	18	318.066485501126
2025-06-24	16:46:53[234]	64	-56	33	318.81407483429
2025-06-24	16:46:53[244]	64	-54	29	319.844000375081
2025-06-24	16:46:53[284]	61	-50	31	320.659481840162
2025-06-24	16:46:53[314]	73	-54	30	323.50870331627
2025-06-24	16:46:53[340]	70	-54	35	322.352379359892
2025-06-24	16:46:53[373]	69	-54	32	321.952957468174
2025-06-24	16:46:53[407]	78	-57	26	323.841814560192
2025-06-24	16:46:53[421]	69	-52	34	322.997473471804
2025-06-24	16:46:53[450]	72	-56	29	322.125016348902
2025-06-24	16:46:53[483]	72	-56	31	322.125016348902
2025-06-24	16:46:55[349]	75	-53	30	324.752424941654
2025-06-24	16:46:55[349]	71	-55	30	322.236922025968
2025-06-24	16:46:55[349]	72	-52	37	324.162347045722
2025-06-24	16:46:55[349]	71	-52	36	323.781162734385
2025-06-24	16:46:55[349]	70	-57	33	320.844565877387
2025-06-24	16:46:55[349]	67	-51	29	322.721825800131
2025-06-24	16:46:55[349]	60	-44	34	323.746162262555
2025-06-24	16:46:55[349]	59	-47	19	321.458816378719
2025-06-24	16:46:55[349]	58	-53	17	317.579147500283
2025-06-24	16:46:55[349]	57	-48	7	319.899092453788
2025-06-24	16:46:55[349]	57	-49	4	319.316027519866
2025-06-24	16:46:55[349]	65	-48	-1	323.555558243413
2025-06-24	16:46:55[349]	65	-46	-7	324.71325102494
2025-06-24	16:46:55[349]	69	-50	-1	324.071497577177
2025-06-24	16:46:55[349]	86	-51	-7	329.331073350285
2025-06-24	16:46:55[349]	89	-52	3	329.703551823762
2025-06-24	16:46:55[349]	81	-46	3	330.407703640642
2025-06-24	16:46:55[349]	94	-58	5	328.324531261891
2025-06-24	16:46:55[349]	87	-53	9	328.650419134757
2025-06-24	16:46:55[349]	92	-48	13	332.447188423282
2025-06-24	16:46:55[349]	91	-58	12	327.488085768949
2025-06-24	16:46:55[349]	86	-57	16	326.463953015693
2025-06-24	16:46:55[349]	83	-57	24	325.520784313874
2025-06-24	16:46:55[349]	94	-57	26	328.768090451483
2025-06-24	16:46:55[349]	91	-60	25	326.601511532013
2025-06-24	16:46:55[359]	85	-51	30	329.036243467926
2025-06-24	16:46:55[359]	82	-54	25	326.63363399894
2025-06-24	16:46:55[359]	86	-61	18	324.651833466804
2025-06-24	16:46:55[359]	87	-53	23	328.650419134757
2025-06-24	16:46:55[359]	88	-58	24	326.611486423888
2025-06-24	16:46:55[359]	81	-55	26	325.823011226207
2025-06-24	16:46:55[359]	80	-55	19	325.491477012332
2025-06-24	16:46:55[359]	76	-53	30	325.109298492495
2025-06-24	16:46:55[359]	84	-50	30	329.237280465761
2025-06-24	16:46:55[359]	82	-59	26	324.264523985133
2025-06-24	16:46:55[359]	85	-57	27	326.154659738928
2025-06-24	16:46:55[359]	82	-59	28	324.264523985133
2025-06-24	16:46:55[359]	84	-63	28	323.130102354156
2025-06-24	16:46:55[359]	80	-55	28	325.491477012332
2025-06-24	16:46:55[359]	86	-63	28	323.77505574448
2025-06-24	16:46:55[359]	82	-60	26	323.806792694435
2025-06-24	16:46:55[359]	81	-56	24	325.341645294479
2025-06-24	16:46:55[359]	85	-62	30	323.892548708248
2025-06-24	16:46:55[359]	85	-55	26	327.094757077012
2025-06-24	16:46:55[359]	83	-58	26	325.054335599994
2025-06-24	16:46:55[359]	82	-53	23	327.123738247789
2025-06-24	16:46:55[359]	88	-55	19	327.994616791916
2025-06-24	16:46:55[359]	83	-55	26	326.469530332867
2025-06-24	16:46:55[359]	79	-53	26	326.142889858339
2025-06-24	16:46:55[359]	88	-57	25	327.067768958653
2025-06-24	16:46:55[359]	81	-55	29	325.823011226207
2025-06-24	16:46:55[359]	79	-57	25	324.188836077359
2025-06-24	16:46:55[359]	85	-55	30	327.094757077012
2025-06-24	16:46:55[359]	83	-62	26	323.240711829708
2025-06-24	16:46:55[359]	88	-63	28	324.400780041024
2025-06-24	16:46:55[359]	82	-53	24	327.123738247789
2025-06-24	16:46:55[359]	80	-58	21	324.057888128618
2025-06-24	16:46:55[359]	85	-60	27	324.782407031807
2025-06-24	16:46:55[359]	84	-63	26	323.130102354156
2025-06-24	16:46:55[359]	84	-53	31	327.750025835816
2025-06-24	16:46:55[359]	80	-63	24	321.77956794515
2025-06-24	16:46:55[359]	86	-53	24	328.355340962907
2025-06-24	16:46:55[369]	83	-63	26	322.800187884182
2025-06-24	16:46:55[369]	88	-54	26	328.465208094812
2025-06-24	16:46:55[369]	85	-60	20	324.782407031807
2025-06-24	16:46:55[389]	84	-55	22	326.784748506263
2025-06-24	16:46:55[414]	85	-51	24	329.036243467926
2025-06-24	16:46:55[444]	82	-61	27	323.35435083538
2025-06-24	16:46:55[474]	81	-58	29	324.395466019567
2025-06-24	16:46:55[484]	85	-52	28	328.543176642445
2025-06-24	16:46:55[525]	81	-62	31	322.568397021589
2025-06-24	16:46:55[555]	91	-59	32	327.042575142885
2025-06-24	16:46:55[585]	81	-58	26	324.395466019567
2025-06-24	16:46:55[605]	80	-58	28	324.057888128618
2025-06-24	16:46:55[635]	83	-66	23	321.508956440503
2025-06-24	16:46:55[669]	87	-58	29	326.30993247402
2025-06-24	16:46:55[699]	84	-56	29	326.30993247402
2025-06-24	16:46:55[739]	79	-59	31	323.246320814469
2025-06-24	16:46:55[749]	74	-57	28	322.394008642598
2025-06-24	16:46:55[799]	79	-55	26	325.1542665802
2025-06-24	16:46:55[799]	77	-56	29	323.972626614896
2025-06-24	16:46:55[839]	82	-58	29	324.727578551402
2025-06-24	16:46:55[868]	76	-58	36	322.650650955359
2025-06-24	16:46:55[898]	84	-59	31	324.916526120907
2025-06-24	16:46:55[928]	79	-56	28	324.668668661084
2025-06-24	16:46:55[948]	77	-59	30	322.539445139509
2025-06-24	16:46:55[978]	71	-60	21	319.799836113905
2025-06-24	16:46:56[011]	76	-59	27	322.177245850855
2025-06-24	16:46:56[045]	81	-55	28	325.823011226207
2025-06-24	16:46:56[085]	84	-53	30	327.750025835816
2025-06-24	16:46:56[115]	73	-58	26	321.532136687852
2025-06-24	16:46:56[115]	74	-57	28	322.394008642598
2025-06-24	16:46:56[155]	83	-55	32	326.469530332867
2025-06-24	16:46:56[188]	80	-54	35	325.980650010174
2025-06-24	16:46:56[219]	79	-59	32	323.246320814469
2025-06-24	16:46:56[249]	80	-57	29	324.5301278326
2025-06-24	16:46:56[259]	85	-58	27	325.692212155284
2025-06-24	16:46:56[292]	80	-61	31	322.674479516894
2025-06-24	16:46:56[323]	81	-60	27	323.471144633015
2025-06-24	16:46:56[363]	79	-60	32	322.783559526465
2025-06-24	16:46:56[393]	84	-58	32	325.375844920051
2025-06-24	16:46:56[403]	84	-56	24	326.30993247402
2025-06-24	16:46:56[443]	77	-61	25	321.613460482315
2025-06-24	16:46:56[470]	81	-59	28	323.930590100419
2025-06-24	16:46:56[503]	82	-55	23	326.148989696442
2025-06-24	16:46:56[516]	88	-52	22	329.420773127511
2025-06-24	16:46:56[549]	83	-54	27	326.951875130025
2025-06-24	16:46:56[582]	86	-58	23	326.00354085175
2025-06-24	16:46:56[616]	86	-59	23	325.548065418142
2025-06-24	16:46:56[649]	82	-53	26	327.123738247789
2025-06-24	16:46:56[659]	84	-52	23	328.240519915187
2025-06-24	16:46:56[692]	89	-61	17	325.573523418561
2025-06-24	16:46:56[725]	87	-56	20	327.23150092123
2025-06-24	16:46:56[758]	81	-54	11	326.30993247402
2025-06-24	16:46:56[791]	82	-57	20	325.195988247287
2025-06-24	16:46:56[813]	88	-54	24	328.465208094812
2025-06-24	16:46:56[845]	85	-57	19	326.154659738928
2025-06-24	16:46:56[875]	88	-56	16	327.528807709152
2025-06-24	16:46:56[901]	85	-59	20	325.234802763423
2025-06-24	16:46:56[934]	89	-54	18	328.753070586523
2025-06-24	16:46:56[957]	84	-56	12	326.30993247402
2025-06-24	16:46:56[987]	88	-52	13	329.420773127511
2025-06-24	16:46:57[018]	90	-53	11	329.506641597524
2025-06-24	16:46:57[048]	93	-47	5	333.189045699651
2025-06-24	16:46:57[084]	89	-54	8	328.753070586523
2025-06-24	16:46:57[098]	83	-49	12	329.444035724492
2025-06-24	16:46:57[132]	87	-51	3	329.620873988632
2025-06-24	16:46:57[155]	88	-52	-1	329.420773127511
2025-06-24	16:46:57[188]	87	-54	1	328.172553423327
2025-06-24	16:46:57[222]	88	-54	-2	328.465208094812
2025-06-24	16:46:57[242]	81	-55	-3	325.823011226207
2025-06-24	16:46:57[275]	82	-51	-4	328.120403152977
2025-06-24	16:46:57[308]	76	-48	-6	327.724355685422
2025-06-24	16:46:57[341]	72	-44	-9	328.570434385161
2025-06-24	16:46:57[355]	69	-51	-11	323.530765609948
2025-06-24	16:46:57[388]	62	-48	-15	322.253194612725
2025-06-24	16:46:57[421]	61	-50	-8	320.659481840162
2025-06-24	16:46:57[449]	51	-46	-10	317.950779109006
2025-06-24	16:46:57[475]	48	-46	9	316.218875235131
2025-06-24	16:46:57[515]	42	-40	4	316.397181027296
2025-06-24	16:46:57[532]	40	-48	8	309.805571092265
2025-06-24	16:46:57[555]	41	-44	21	312.978635059644
2025-06-24	16:46:57[588]	42	-50	24	310.03025927189
2025-06-24	16:46:57[622]	41	-43	20	313.636072468397
2025-06-24	16:46:57[655]	32	-45	20	305.417055276467
2025-06-24	16:46:57[688]	26	-43	19	301.159304508344
2025-06-24	16:46:57[708]	20	-39	10	297.149681697783
2025-06-24	16:46:57[732]	8	-29	-6	285.422161318739
2025-06-24	16:46:57[765]	1	-26	-13	272.202598161766
2025-06-24	16:46:57[798]	-7	-27	-40	255.46554491946
2025-06-24	16:46:57[833]	-9	-10	-83	228.012787504183
2025-06-24	16:46:57[866]	6	-2	-129	341.565051177078
2025-06-24	16:46:57[876]	32	2	-188	3.57633437499735
2025-06-24	16:46:57[910]	76	-17	-215	347.391393206634
2025-06-24	16:46:57[943]	132	-29	-212	347.609143339319
2025-06-24	16:46:57[976]	174	-50	-180	343.967660646064
2025-06-24	16:46:57[999]	193	-63	-126	341.92202960781
2025-06-24	16:46:58[033]	182	-73	-71	338.144333162903
2025-06-24	16:46:58[057]	164	-69	-26	337.18196626322
2025-06-24	16:46:58[087]	144	-77	-1	331.865594018173
2025-06-24	16:46:58[117]	133	-71	8	331.905158098636
2025-06-24	16:46:58[143]	119	-66	18	330.986292239098
2025-06-24	16:46:58[184]	111	-66	18	329.26451229808
2025-06-24	16:46:58[210]	103	-54	25	332.333242707716
2025-06-24	16:46:58[256]	98	-65	24	326.445063778921
2025-06-24	16:46:58[286]	92	-63	26	325.597335145024
2025-06-24	16:46:58[290]	92	-65	28	324.757963441348
2025-06-24	16:46:58[324]	94	-59	28	327.885169399703
2025-06-24	16:46:58[367]	95	-56	26	329.481769321125
2025-06-24	16:46:58[377]	89	-58	30	326.908300061318
2025-06-24	16:46:58[410]	85	-54	27	327.572445004228
2025-06-24	16:46:58[440]	87	-60	25	325.40771131249
2025-06-24	16:46:58[473]	83	-54	24	326.951875130025
2025-06-24	16:46:58[506]	84	-56	25	326.30993247402
2025-06-24	16:46:58[516]	82	-63	25	322.465190856121
2025-06-24	16:46:58[550]	88	-57	27	327.067768958653
2025-06-24	16:46:58[603]	91	-57	26	327.938056317186
2025-06-24	16:46:58[603]	88	-61	27	325.271003720479
2025-06-24	16:46:58[637]	94	-59	16	327.885169399703
2025-06-24	16:46:58[670]	101	-59	11	329.708303899683
2025-06-24	16:46:58[703]	105	-53	6	333.217095197825
2025-06-24	16:46:58[733]	115	-59	4	332.840204307704
2025-06-24	16:46:58[763]	115	-66	-20	330.147923730817
2025-06-24	16:46:58[787]	105	-66	-35	327.847704858718
2025-06-24	16:46:58[810]	86	-61	-45	324.651833466804
2025-06-24	16:46:58[840]	67	-53	-34	321.654425046007
2025-06-24	16:46:58[870]	58	-63	-30	312.633752008544
2025-06-24	16:46:58[911]	50	-53	-15	313.331662551707
2025-06-24	16:46:58[937]	48	-57	-7	310.100907546212
2025-06-24	16:46:58[957]	46	-53	8	310.955514425819
2025-06-24	16:46:58[990]	55	-52	15	316.606002989282
2025-06-24	16:46:59[017]	54	-51	17	316.636577041617
2025-06-24	16:46:59[054]	58	-50	20	319.236394799059
2025-06-24	16:46:59[087]	57	-57	21	315
2025-06-24	16:46:59[102]	64	-56	27	318.81407483429
2025-06-24	16:46:59[134]	58	-54	28	317.045408488887
2025-06-24	16:46:59[157]	59	-54	24	317.533558888395
2025-06-24	16:46:59[190]	66	-56	27	319.685899839503
2025-06-24	16:46:59[237]	64	-54	28	319.844000375081
2025-06-24	16:46:59[247]	64	-53	34	320.370994695536
2025-06-24	16:46:59[277]	62	-50	22	321.115503566285
2025-06-24	16:46:59[307]	61	-51	17	320.102165252358
2025-06-24	16:46:59[337]	65	-56	19	319.253836436119
2025-06-24	16:46:59[358]	60	-55	15	317.489552921999
2025-06-24	16:46:59[390]	58	-54	9	317.045408488887
2025-06-24	16:46:59[413]	63	-56	11	318.36646066343
2025-06-24	16:46:59[447]	66	-55	7	320.194428907735
2025-06-24	16:46:59[487]	62	-53	3	319.474896506246
2025-06-24	16:46:59[497]	61	-50	1	320.659481840162
2025-06-24	16:46:59[530]	68	-60	2	318.576334374997
2025-06-24	16:46:59[564]	71	-54	11	322.744710546423
2025-06-24	16:46:59[597]	74	-58	5	321.911227119025
2025-06-24	16:46:59[631]	76	-58	6	322.650650955359
2025-06-24	16:46:59[644]	78	-55	15	324.811256867996
2025-06-24	16:46:59[677]	76	-59	17	322.177245850855
2025-06-24	16:46:59[710]	80	-54	20	325.980650010174
2025-06-24	16:46:59[737]	79	-55	17	325.1542665802
2025-06-24	16:46:59[773]	73	-58	23	321.532136687852
2025-06-24	16:46:59[787]	82	-59	23	324.264523985133
2025-06-24	16:46:59[820]	79	-57	18	324.188836077359
2025-06-24	16:46:59[853]	79	-61	24	322.32640666017
2025-06-24	16:46:59[886]	71	-58	21	320.754565331102
2025-06-24	16:46:59[910]	75	-60	23	321.34019174591
2025-06-24	16:46:59[930]	77	-52	21	325.967872182662
2025-06-24	16:46:59[963]	82	-63	20	322.465190856121
2025-06-24	16:46:59[990]	77	-59	27	322.539445139509
2025-06-24	16:47:00[024]	77	-56	24	323.972626614896
2025-06-24	16:47:00[067]	73	-61	15	320.117314849973
2025-06-24	16:47:00[077]	73	-57	19	322.016501744723
2025-06-24	16:47:00[759]	73	-53	16	324.019322431382
2025-06-24	16:47:00[759]	75	-59	22	321.809050179613
2025-06-24	16:47:00[759]	91	-59	23	327.042575142885
2025-06-24	16:47:00[759]	78	-52	24	326.30993247402
2025-06-24	16:47:00[759]	77	-55	22	324.462322208026
2025-06-24	16:47:00[759]	73	-52	23	324.536635758459
2025-06-24	16:47:00[759]	76	-51	19	326.136309431182
2025-06-24	16:47:00[759]	76	-53	20	325.109298492495
2025-06-24	16:47:00[759]	76	-57	17	323.130102354156
2025-06-24	16:47:00[759]	82	-60	17	323.806792694435
2025-06-24	16:47:00[759]	77	-63	15	320.7105931375
2025-06-24	16:47:00[759]	80	-55	19	325.491477012332
2025-06-24	16:47:00[759]	78	-56	22	324.323591778138
2025-06-24	16:47:00[759]	77	-51	19	326.481991354748
2025-06-24	16:47:00[759]	78	-53	16	325.804394597539
2025-06-24	16:47:00[759]	69	-60	28	318.99091309843
2025-06-24	16:47:00[759]	81	-54	22	326.30993247402
2025-06-24	16:47:00[759]	78	-52	21	326.30993247402
2025-06-24	16:47:00[759]	74	-61	16	320.500411470202
2025-06-24	16:47:00[759]	74	-57	16	322.394008642598
2025-06-24	16:47:00[759]	79	-57	20	324.188836077359
2025-06-24	16:47:00[769]	87	-53	20	328.650419134757
2025-06-24	16:47:00[769]	77	-51	17	326.481991354748
2025-06-24	16:47:00[779]	81	-55	24	325.823011226207
2025-06-24	16:47:00[799]	73	-54	16	323.50870331627
2025-06-24	16:47:00[822]	75	-52	16	325.265140460214
2025-06-24	16:47:00[855]	77	-58	14	323.011231612856
2025-06-24	16:47:00[889]	73	-55	18	323.004728857293
2025-06-24	16:47:00[909]	76	-56	24	323.615648184164
2025-06-24	16:47:00[942]	75	-52	23	325.265140460214
2025-06-24	16:47:00[973]	75	-66	16	318.652222780306
2025-06-24	16:47:01[003]	80	-59	22	323.591225432228
2025-06-24	16:47:01[032]	79	-59	15	323.246320814469
2025-06-24	16:47:01[052]	79	-55	15	325.1542665802
2025-06-24	16:47:01[085]	81	-54	16	326.30993247402
2025-06-24	16:47:01[118]	75	-51	17	325.784297867563
2025-06-24	16:47:01[148]	76	-58	20	322.650650955359
2025-06-24	16:47:01[179]	79	-53	16	326.142889858339
2025-06-24	16:47:01[195]	79	-61	20	322.32640666017
2025-06-24	16:47:01[231]	86	-57	23	326.463953015693
2025-06-24	16:47:01[254]	76	-58	21	322.650650955359
2025-06-24	16:47:01[294]	72	-56	19	322.125016348902
2025-06-24	16:47:01[324]	82	-58	17	324.727578551402
2025-06-24	16:47:01[334]	81	-53	19	326.802434207784
2025-06-24	16:47:01[374]	82	-58	22	324.727578551402
2025-06-24	16:47:01[404]	74	-56	18	322.88313931673
2025-06-24	16:47:01[434]	79	-56	22	324.668668661084
2025-06-24	16:47:01[454]	72	-54	14	323.130102354156
2025-06-24	16:47:01[484]	73	-60	19	320.582605756531
2025-06-24	16:47:01[514]	83	-50	17	328.934835114501
2025-06-24	16:47:01[544]	83	-65	16	321.93434890127
2025-06-24	16:47:01[573]	83	-61	17	323.686354581237
2025-06-24	16:47:01[593]	75	-54	20	324.246112745563
2025-06-24	16:47:01[623]	81	-55	20	325.823011226207
2025-06-24	16:47:01[653]	77	-59	25	322.539445139509
2025-06-24	16:47:01[686]	79	-58	27	323.714732874861
2025-06-24	16:47:01[720]	74	-57	19	322.394008642598
2025-06-24	16:47:01[740]	77	-49	24	327.528807709152
2025-06-24	16:47:01[770]	79	-58	29	323.714732874861
2025-06-24	16:47:01[800]	71	-60	29	319.799836113905
2025-06-24	16:47:01[829]	72	-59	32	320.667285678239
2025-06-24	16:47:01[862]	78	-59	29	322.895765094294
2025-06-24	16:47:01[885]	73	-59	29	321.054191894115
2025-06-24	16:47:01[918]	81	-58	27	324.395466019567
2025-06-24	16:47:01[949]	81	-61	31	323.017093073655
2025-06-24	16:47:01[981]	75	-62	29	320.420595283762
2025-06-24	16:47:02[018]	81	-56	26	325.341645294479
2025-06-24	16:47:02[049]	79	-59	26	323.246320814469
2025-06-24	16:47:02[051]	79	-59	30	323.246320814469
2025-06-24	16:47:02[084]	80	-61	31	322.674479516894
2025-06-24	16:47:02[114]	77	-62	28	321.159163029143
2025-06-24	16:47:02[154]	81	-63	28	322.125016348902
2025-06-24	16:47:02[184]	82	-54	26	326.63363399894
2025-06-24	16:47:02[204]	76	-56	32	323.615648184164
2025-06-24	16:47:02[235]	74	-56	31	322.88313931673
2025-06-24	16:47:02[264]	76	-62	37	320.792796495032
2025-06-24	16:47:02[294]	76	-57	30	323.130102354156
2025-06-24	16:47:02[434]	76	-55	30	324.107334312254
2025-06-24	16:47:02[434]	81	-60	28	323.471144633015
2025-06-24	16:47:02[434]	80	-58	27	324.057888128618
2025-06-24	16:47:02[434]	76	-57	25	323.130102354156
2025-06-24	16:47:02[444]	79	-57	27	324.188836077359
2025-06-24	16:47:02[454]	81	-63	29	322.125016348902
2025-06-24	16:47:02[484]	78	-56	25	324.323591778138
2025-06-24	16:47:02[514]	78	-56	35	324.323591778138
2025-06-24	16:47:02[554]	75	-60	27	321.34019174591
2025-06-24	16:47:02[585]	78	-55	29	324.811256867996
2025-06-24	16:47:02[615]	81	-55	26	325.823011226207
2025-06-24	16:47:02[641]	77	-61	26	321.613460482315
2025-06-24	16:47:02[665]	73	-62	29	319.658254109676
2025-06-24	16:47:02[688]	82	-58	28	324.727578551402
2025-06-24	16:47:02[721]	80	-63	19	321.77956794515
2025-06-24	16:47:02[765]	79	-64	26	320.988148375775
2025-06-24	16:47:02[775]	79	-61	29	322.32640666017
2025-06-24	16:47:02[808]	76	-54	33	324.605204155013
2025-06-24	16:47:02[832]	73	-59	27	321.054191894115
2025-06-24	16:47:02[872]	81	-58	28	324.395466019567
2025-06-24	16:47:02[905]	80	-61	25	322.674479516894
2025-06-24	16:47:02[929]	78	-58	26	323.365886124033
2025-06-24	16:47:02[949]	82	-58	29	324.727578551402
2025-06-24	16:47:02[972]	85	-54	24	327.572445004228
2025-06-24	16:47:03[005]	80	-54	30	325.980650010174
2025-06-24	16:47:03[038]	79	-55	28	325.1542665802
2025-06-24	16:47:03[072]	86	-58	27	326.00354085175
2025-06-24	16:47:03[093]	85	-57	28	326.154659738928
2025-06-24	16:47:03[128]	83	-56	26	325.992507580268
2025-06-24	16:47:03[148]	86	-58	25	326.00354085175
2025-06-24	16:47:03[181]	84	-56	24	326.30993247402
2025-06-24	16:47:03[204]	87	-61	19	324.963804189907
2025-06-24	16:47:03[238]	86	-54	23	327.875001559612
2025-06-24	16:47:03[278]	81	-60	30	323.471144633015
2025-06-24	16:47:03[288]	83	-62	21	323.240711829708
2025-06-24	16:47:03[321]	77	-63	23	320.7105931375
2025-06-24	16:47:03[355]	83	-52	20	327.93260839674
2025-06-24	16:47:03[388]	89	-58	25	326.908300061318
2025-06-24	16:47:03[421]	78	-61	14	321.972769286026
2025-06-24	16:47:03[444]	83	-56	12	325.992507580268
2025-06-24	16:47:03[468]	89	-56	14	327.821343793399
2025-06-24	16:47:03[498]	73	-52	11	324.536635758459
2025-06-24	16:47:03[533]	75	-56	12	323.252529047136
2025-06-24	16:47:03[570]	74	-61	9	320.500411470202
2025-06-24	16:47:03[580]	71	-61	20	319.332313983189
2025-06-24	16:47:03[609]	66	-54	17	320.7105931375
2025-06-24	16:47:03[639]	71	-49	21	325.38885781547
2025-06-24	16:47:03[719]	72	-54	19	323.130102354156
2025-06-24	16:47:03[719]	70	-55	23	321.842773412631
2025-06-24	16:47:03[719]	73	-55	27	323.004728857293
2025-06-24	16:47:03[752]	74	-52	31	324.904183212974
2025-06-24	16:47:03[783]	70	-56	31	321.34019174591
2025-06-24	16:47:03[816]	70	-59	34	319.873896422205
2025-06-24	16:47:03[829]	71	-58	32	320.754565331102
2025-06-24	16:47:03[863]	72	-59	30	320.667285678239
2025-06-24	16:47:03[896]	74	-54	31	323.88065915052
2025-06-24	16:47:03[929]	70	-54	29	322.352379359892
2025-06-24	16:47:03[962]	73	-55	30	323.004728857293
2025-06-24	16:47:03[972]	71	-52	35	323.781162734385
2025-06-24	16:47:04[006]	72	-58	28	321.146625659647
2025-06-24	16:47:04[039]	76	-58	29	322.650650955359
2025-06-24	16:47:06[377]	71	-56	27	321.736011214119
2025-06-24	16:47:06[377]	76	-54	33	324.605204155013
2025-06-24	16:47:06[377]	71	-54	30	322.744710546423
2025-06-24	16:47:06[377]	77	-60	27	322.073537674961
2025-06-24	16:47:06[377]	72	-49	25	325.762537223142
2025-06-24	16:47:06[377]	74	-60	13	320.964487101253
2025-06-24	16:47:06[377]	70	-54	22	322.352379359892
2025-06-24	16:47:06[377]	62	-58	20	316.909152432996
2025-06-24	16:47:06[377]	77	-60	13	322.073537674961
2025-06-24	16:47:06[384]	76	-54	15	324.605204155013
2025-06-24	16:47:06[384]	73	-53	16	324.019322431382
2025-06-24	16:47:06[384]	81	-59	21	323.930590100419
2025-06-24	16:47:06[384]	83	-60	14	324.137151014139
2025-06-24	16:47:06[384]	86	-55	21	327.39966642631
2025-06-24	16:47:06[384]	80	-54	16	325.980650010174
2025-06-24	16:47:06[401]	83	-62	21	323.240711829708
2025-06-24	16:47:06[401]	91	-56	21	328.392497753751
2025-06-24	16:47:06[401]	83	-59	22	324.59313426273
2025-06-24	16:47:06[401]	83	-61	19	323.686354581237
2025-06-24	16:47:06[401]	80	-60	25	323.130102354156
2025-06-24	16:47:06[401]	83	-57	18	325.520784313874
2025-06-24	16:47:06[401]	79	-59	24	323.246320814469
2025-06-24	16:47:06[401]	81	-54	25	326.30993247402
2025-06-24	16:47:06[401]	80	-58	27	324.057888128618
2025-06-24	16:47:06[401]	81	-64	21	321.686909326182
2025-06-24	16:47:06[401]	83	-57	25	325.520784313874
2025-06-24	16:47:06[401]	79	-57	26	324.188836077359
2025-06-24	16:47:06[401]	86	-59	19	325.548065418142
2025-06-24	16:47:06[401]	79	-58	31	323.714732874861
2025-06-24	16:47:06[401]	83	-52	32	327.93260839674
2025-06-24	16:47:06[401]	87	-50	32	330.113473059576
2025-06-24	16:47:06[401]	78	-57	25	323.841814560192
2025-06-24	16:47:06[401]	73	-58	27	321.532136687852
2025-06-24	16:47:06[401]	82	-56	24	325.669782804497
2025-06-24	16:47:06[401]	76	-59	28	322.177245850855
2025-06-24	16:47:06[401]	77	-59	30	322.539445139509
2025-06-24	16:47:06[411]	75	-53	32	324.752424941654
2025-06-24	16:47:06[411]	84	-55	32	326.784748506263
2025-06-24	16:47:06[411]	78	-58	29	323.365886124033
2025-06-24	16:47:06[411]	88	-61	35	325.271003720479
2025-06-24	16:47:06[411]	76	-59	27	322.177245850855
2025-06-24	16:47:06[411]	81	-60	31	323.471144633015
2025-06-24	16:47:06[411]	78	-55	31	324.811256867996
2025-06-24	16:47:06[411]	81	-59	29	323.930590100419
2025-06-24	16:47:06[411]	77	-54	34	324.958070598461
2025-06-24	16:47:06[411]	83	-64	32	322.364746244983
2025-06-24	16:47:06[411]	79	-56	35	324.668668661084
2025-06-24	16:47:06[411]	78	-61	26	321.972769286026
2025-06-24	16:47:06[411]	77	-62	31	321.159163029143
2025-06-24	16:47:06[411]	81	-57	31	324.865806943084
2025-06-24	16:47:06[411]	78	-63	29	321.072456407208
2025-06-24	16:47:06[411]	83	-56	29	325.992507580268
2025-06-24	16:47:06[411]	75	-61	25	320.877392606643
2025-06-24	16:47:06[411]	78	-54	35	325.304846468766
2025-06-24	16:47:06[411]	77	-61	32	321.613460482315
2025-06-24	16:47:06[411]	78	-62	29	321.519801751657
2025-06-24	16:47:06[411]	81	-56	31	325.341645294479
2025-06-24	16:47:06[411]	86	-57	32	326.463953015693
2025-06-24	16:47:06[411]	75	-57	33	322.765166018425
2025-06-24	16:47:06[411]	78	-61	32	321.972769286026
2025-06-24	16:47:06[411]	78	-56	27	324.323591778138
2025-06-24	16:47:06[411]	81	-58	32	324.395466019567
2025-06-24	16:47:06[411]	76	-60	28	321.709836807757
2025-06-24	16:47:06[411]	73	-58	26	321.532136687852
2025-06-24	16:47:06[411]	76	-64	31	319.899092453788
2025-06-24	16:47:06[411]	80	-60	34	323.130102354156
2025-06-24	16:47:06[411]	77	-61	30	321.613460482315
2025-06-24	16:47:06[421]	71	-55	33	322.236922025968
2025-06-24	16:47:06[421]	81	-55	29	325.823011226207
2025-06-24	16:47:06[421]	76	-59	32	322.177245850855
2025-06-24	16:47:06[421]	76	-57	33	323.130102354156
2025-06-24	16:47:06[421]	80	-63	32	321.77956794515
2025-06-24	16:47:06[421]	75	-54	36	324.246112745563
2025-06-24	16:47:06[421]	75	-57	31	322.765166018425
2025-06-24	16:47:06[421]	75	-66	25	318.652222780306
2025-06-24	16:47:06[421]	79	-51	30	327.154941697222
2025-06-24	16:47:06[421]	76	-57	24	323.130102354156
2025-06-24	16:47:06[421]	74	-57	27	322.394008642598
2025-06-24	16:47:06[424]	80	-58	35	324.057888128618
2025-06-24	16:47:06[424]	77	-62	33	321.159163029143
2025-06-24	16:47:06[424]	72	-54	30	323.130102354156
2025-06-24	16:47:06[444]	78	-66	29	319.763641690726
2025-06-24	16:47:06[444]	75	-55	30	323.746162262555
2025-06-24	16:47:06[467]	80	-54	32	325.980650010174
2025-06-24	16:47:06[487]	78	-56	29	324.323591778138
2025-06-24	16:47:06[517]	74	-55	30	323.378672506216
2025-06-24	16:47:06[541]	83	-60	31	324.137151014139
2025-06-24	16:47:06[574]	79	-67	31	319.698680517299
2025-06-24	16:47:06[591]	77	-57	36	323.488943880505
2025-06-24	16:47:06[617]	75	-66	27	318.652222780306
2025-06-24	16:47:06[661]	80	-53	26	326.475526751423
2025-06-24	16:47:06[681]	78	-57	28	323.841814560192
2025-06-24	16:47:06[711]	79	-61	27	322.32640666017
2025-06-24	16:47:06[741]	77	-56	30	323.972626614896
2025-06-24	16:47:06[771]	76	-63	30	320.343055758575
2025-06-24	16:47:06[810]	82	-57	31	325.195988247287
2025-06-24	16:47:06[833]	82	-55	33	326.148989696442
2025-06-24	16:47:06[857]	77	-58	28	323.011231612856
2025-06-24	16:47:06[890]	81	-57	34	324.865806943084
2025-06-24	16:47:06[923]	70	-58	26	320.355825042855
2025-06-24	16:47:06[940]	80	-65	32	320.906141113771
2025-06-24	16:47:06[970]	82	-64	31	322.02839623895
2025-06-24	16:47:07[000]	83	-55	31	326.469530332867
2025-06-24	16:47:07[030]	75	-57	28	322.765166018425
2025-06-24	16:47:07[067]	74	-54	32	323.88065915052
2025-06-24	16:47:07[097]	78	-60	29	322.431407971173
2025-06-24	16:47:07[107]	76	-56	29	323.615648184164
2025-06-24	16:47:07[147]	76	-53	34	325.109298492495
2025-06-24	16:47:07[171]	81	-62	33	322.568397021589
2025-06-24	16:47:07[204]	78	-56	34	324.323591778138
2025-06-24	16:47:07[224]	70	-56	28	321.34019174591
2025-06-24	16:47:07[254]	79	-63	30	321.42874774883
2025-06-24	16:47:07[284]	77	-54	33	324.958070598461
2025-06-24	16:47:07[314]	74	-64	29	319.144623741104
2025-06-24	16:47:07[366]	74	-61	26	320.500411470202
2025-06-24	16:47:07[366]	76	-59	33	322.177245850855
2025-06-24	16:47:07[394]	79	-57	37	324.188836077359
2025-06-24	16:47:07[434]	76	-56	28	323.615648184164
2025-06-24	16:47:07[464]	80	-55	30	325.491477012332
2025-06-24	16:47:07[504]	77	-62	30	321.159163029143
2025-06-24	16:47:07[514]	74	-58	31	321.911227119025
2025-06-24	16:47:07[544]	80	-60	32	323.130102354156
2025-06-24	16:47:07[574]	78	-50	32	327.339087278326
2025-06-24	16:47:07[607]	78	-57	31	323.841814560192
2025-06-24	16:47:07[637]	81	-52	28	327.300538878998
2025-06-24	16:47:07[655]	74	-65	29	318.704627442077
2025-06-24	16:47:07[684]	78	-64	32	320.630682757635
2025-06-24	16:47:07[717]	78	-52	27	326.30993247402
2025-06-24	16:47:07[751]	78	-57	29	323.841814560192
2025-06-24	16:47:07[925]	82	-61	36	323.35435083538
2025-06-24	16:47:07[925]	78	-54	28	325.304846468766
2025-06-24	16:47:07[925]	74	-55	28	323.378672506216
2025-06-24	16:47:07[925]	74	-54	35	323.88065915052
2025-06-24	16:47:07[925]	79	-55	28	325.1542665802
2025-06-24	16:47:07[925]	82	-62	27	322.907162702958
2025-06-24	16:47:07[945]	78	-59	35	322.895765094294
2025-06-24	16:47:07[976]	79	-56	33	324.668668661084
2025-06-24	16:47:08[006]	70	-55	27	321.842773412631
2025-06-24	16:47:08[036]	78	-61	28	321.972769286026
2025-06-24	16:47:08[056]	73	-58	31	321.532136687852
2025-06-24	16:47:08[086]	79	-60	31	322.783559526465
2025-06-24	16:47:08[119]	82	-55	31	326.148989696442
2025-06-24	16:47:08[152]	81	-58	32	324.395466019567
2025-06-24	16:47:08[182]	73	-57	25	322.016501744723
2025-06-24	16:47:08[202]	76	-66	24	319.028263666485
2025-06-24	16:47:08[232]	77	-54	30	324.958070598461
2025-06-24	16:47:08[262]	76	-50	29	326.659292653523
2025-06-24	16:47:08[292]	74	-60	27	320.964487101253
2025-06-24	16:47:08[332]	80	-58	31	324.057888128618
2025-06-24	16:47:08[342]	77	-58	31	323.011231612856
2025-06-24	16:47:08[372]	77	-65	33	319.83041995829
2025-06-24	16:47:08[403]	71	-65	28	317.52611691162
2025-06-24	16:47:08[443]	77	-62	33	321.159163029143
2025-06-24	16:47:08[474]	81	-55	27	325.823011226207
2025-06-24	16:47:10[084]	72	-57	25	321.632514615138
2025-06-24	16:47:10[084]	74	-57	30	322.394008642598
2025-06-24	16:47:10[084]	81	-57	28	324.865806943084
2025-06-24	16:47:10[084]	74	-56	34	322.88313931673
2025-06-24	16:47:10[084]	75	-62	24	320.420595283762
2025-06-24	16:47:10[084]	82	-62	31	322.907162702958
2025-06-24	16:47:10[084]	78	-58	32	323.365886124033
2025-06-24	16:47:10[084]	77	-58	30	323.011231612856
2025-06-24	16:47:10[084]	77	-54	26	324.958070598461
2025-06-24	16:47:10[084]	85	-58	30	325.692212155284
2025-06-24	16:47:10[084]	75	-56	29	323.252529047136
2025-06-24	16:47:10[084]	80	-58	31	324.057888128618
2025-06-24	16:47:10[084]	78	-57	28	323.841814560192
2025-06-24	16:47:10[084]	67	-58	33	319.118189703989
2025-06-24	16:47:10[084]	73	-65	29	318.317781168335
2025-06-24	16:47:10[084]	81	-55	28	325.823011226207
2025-06-24	16:47:10[084]	72	-60	31	320.194428907735
2025-06-24	16:47:10[084]	71	-60	34	319.799836113905
2025-06-24	16:47:10[084]	74	-60	34	320.964487101253
2025-06-24	16:47:10[084]	87	-57	29	326.768288932021
2025-06-24	16:47:10[084]	71	-58	32	320.754565331102
2025-06-24	16:47:10[084]	72	-58	30	321.146625659647
2025-06-24	16:47:10[084]	80	-55	30	325.491477012332
2025-06-24	16:47:10[084]	78	-58	33	323.365886124033
2025-06-24	16:47:10[084]	70	-60	29	319.398705354996
2025-06-24	16:47:10[094]	78	-58	34	323.365886124033
2025-06-24	16:47:10[094]	76	-61	33	321.248371665038
2025-06-24	16:47:10[094]	77	-60	29	322.073537674961
2025-06-24	16:47:10[094]	77	-57	27	323.488943880505
2025-06-24	16:47:10[094]	81	-62	30	322.568397021589
2025-06-24	16:47:10[094]	71	-60	28	319.799836113905
2025-06-24	16:47:10[094]	80	-60	32	323.130102354156
2025-06-24	16:47:10[094]	76	-62	31	320.792796495032
2025-06-24	16:47:10[097]	73	-59	27	321.054191894115
2025-06-24	16:47:10[097]	72	-59	25	320.667285678239
2025-06-24	16:47:10[097]	77	-61	35	321.613460482315
2025-06-24	16:47:10[097]	78	-63	27	321.072456407208
2025-06-24	16:47:10[097]	78	-60	34	322.431407971173
2025-06-24	16:47:10[097]	85	-59	30	325.234802763423
2025-06-24	16:47:10[097]	80	-53	28	326.475526751423
2025-06-24	16:47:10[097]	74	-59	34	321.434739151037
2025-06-24	16:47:10[097]	77	-56	30	323.972626614896
2025-06-24	16:47:10[097]	79	-59	32	323.246320814469
2025-06-24	16:47:10[097]	79	-54	28	325.64566334496
2025-06-24	16:47:10[097]	76	-54	25	324.605204155013
2025-06-24	16:47:10[097]	85	-62	31	323.892548708248
2025-06-24	16:47:10[097]	74	-60	31	320.964487101253
2025-06-24	16:47:10[097]	83	-59	29	324.59313426273
2025-06-24	16:47:10[097]	75	-55	35	323.746162262555
2025-06-24	16:47:10[097]	80	-63	29	321.77956794515
2025-06-24	16:47:10[097]	78	-55	27	324.811256867996
2025-06-24	16:47:10[097]	81	-59	31	323.930590100419
2025-06-24	16:47:10[097]	80	-60	29	323.130102354156
2025-06-24	16:47:10[097]	79	-54	27	325.64566334496
2025-06-24	16:47:10[097]	81	-59	20	323.930590100419
2025-06-24	16:47:10[097]	78	-59	26	322.895765094294
2025-06-24	16:47:10[131]	80	-63	25	321.77956794515
2025-06-24	16:47:10[131]	80	-55	27	325.491477012332
2025-06-24	18:25:39[494]	61	-1	70	359.060809054264
2025-06-24	18:25:39[514]	63	-3	72	357.273689006094
2025-06-24	18:25:39[514]	61	-8	63	352.528440823408
2025-06-24	18:25:39[530]	59	-10	66	350.380272200301
2025-06-24	18:25:39[540]	66	-11	69	350.537677791974
2025-06-24	18:25:39[540]	58	-8	68	352.146686698022
2025-06-24	18:25:39[561]	65	-9	69	352.11686068327
2025-06-24	18:25:39[571]	66	-11	65	350.537677791974
2025-06-24	18:25:39[571]	63	1	63	0.909380449199142
2025-06-24	18:25:39[594]	59	-11	64	349.438989308804
2025-06-24	18:25:39[594]	60	-6	66	354.2894068625
2025-06-24	18:25:39[604]	66	-6	67	354.805571092265
2025-06-24	18:25:39[627]	63	-6	69	354.559667968995
2025-06-24	18:25:39[627]	64	-6	69	354.644174957145
2025-06-24	18:25:39[641]	68	-10	67	351.634113875967
2025-06-24	18:25:39[651]	62	-6	70	354.472459848344
2025-06-24	18:25:39[651]	63	-4	63	356.367049260512
2025-06-24	18:25:39[671]	64	-5	58	355.532840938611
2025-06-24	18:25:39[671]	65	-10	65	351.253837737445
2025-06-24	18:25:39[692]	62	-7	67	353.558399900665
2025-06-24	18:25:39[704]	58	-3	70	357.039063865836
2025-06-24	18:25:39[704]	62	-7	61	353.558399900665
2025-06-24	18:25:39[722]	66	-12	68	349.695153531234
2025-06-24	18:25:39[731]	70	-7	66	354.2894068625
2025-06-24	18:25:39[731]	62	-6	63	354.472459848344
2025-06-24	18:25:39[751]	64	-6	64	354.644174957145
2025-06-24	18:25:39[751]	67	-10	76	351.511056119495
2025-06-24	18:25:39[771]	70	-7	60	354.2894068625
2025-06-24	18:25:39[781]	62	-9	59	351.740562020121
2025-06-24	18:25:39[781]	66	-9	66	352.234833981575
2025-06-24	18:25:39[795]	62	-6	65	354.472459848344
2025-06-24	18:25:39[805]	61	-7	69	353.453709216706
2025-06-24	18:25:39[815]	70	-10	63	351.869897645844
2025-06-24	18:25:39[832]	62	-12	74	349.045937356602
2025-06-24	18:25:39[832]	66	-8	69	353.088772880975
2025-06-24	18:25:39[852]	62	-8	64	352.647620640108
2025-06-24	18:25:39[861]	63	-7	63	353.65980825409
2025-06-24	18:25:39[861]	66	-10	66	351.384351815836
2025-06-24	18:25:39[881]	68	-8	69	353.290163192243
2025-06-24	18:25:39[881]	63	-6	62	354.559667968995
2025-06-24	18:25:39[894]	62	-3	69	357.2297842028
2025-06-24	18:25:39[914]	60	-4	64	356.18592516571
2025-06-24	18:25:39[914]	62	-9	69	351.740562020121
2025-06-24	18:25:39[932]	64	-7	67	353.758085652585
2025-06-24	18:25:39[942]	60	-10	69	350.537677791974
2025-06-24	18:25:39[942]	60	-6	68	354.2894068625
2025-06-24	18:25:39[961]	64	-2	71	358.210089391754
2025-06-24	18:25:39[961]	59	-5	65	355.155999624919
2025-06-24	18:25:39[971]	67	-3	62	357.436229788535
2025-06-24	18:25:39[991]	62	-4	66	356.308614013549
2025-06-24	18:25:39[991]	68	-6	68	354.957548930829
2025-06-24	18:25:40[011]	68	-11	63	350.811163922641
2025-06-24	18:25:40[026]	57	-5	68	354.986886244964
2025-06-24	18:25:40[026]	65	-15	64	347.005383208084
2025-06-24	18:25:40[034]	65	-4	61	356.478546623078
2025-06-24	18:25:40[034]	60	-4	64	356.18592516571
2025-06-24	18:25:40[052]	63	-4	72	356.367049260512
2025-06-24	18:25:40[068]	65	-9	71	352.11686068327
2025-06-24	18:25:40[068]	67	-4	69	356.583411808229
2025-06-24	18:25:40[092]	69	-3	63	357.510447078001
2025-06-24	18:25:40[101]	60	-6	65	354.2894068625
2025-06-24	18:25:40[101]	69	-3	60	357.510447078001
2025-06-24	18:25:40[118]	68	-12	62	349.992020198559
2025-06-24	18:25:40[118]	67	-4	64	356.583411808229
2025-06-24	18:25:40[138]	62	-11	67	349.939310204677
2025-06-24	18:25:40[148]	65	-7	64	353.853374340353
2025-06-24	18:25:40[148]	60	-12	70	348.69006752598
2025-06-24	18:25:40[168]	60	-6	69	354.2894068625
2025-06-24	18:25:40[180]	65	-9	69	352.11686068327
2025-06-24	18:25:40[180]	58	-8	56	352.146686698022
2025-06-24	18:25:40[200]	59	-3	70	357.089162173832
2025-06-24	18:25:40[200]	62	-1	64	359.075954647227
2025-06-24	18:25:40[211]	68	-10	68	351.634113875967
2025-06-24	18:25:40[232]	58	-10	70	350.217592968193
2025-06-24	18:25:40[232]	62	-10	65	350.837652954278
2025-06-24	18:25:40[245]	67	-7	63	354.035512898747
2025-06-24	18:25:40[245]	60	-8	57	352.405356631409
2025-06-24	18:25:40[265]	61	-10	64	350.690059825014
2025-06-24	18:25:40[278]	68	-10	59	351.634113875967
2025-06-24	18:25:40[278]	59	-6	61	354.193273094468
2025-06-24	18:25:40[298]	66	-1	66	359.131948550254
2025-06-24	18:25:40[311]	60	-5	67	355.236358309274
2025-06-24	18:25:40[311]	66	-10	65	351.384351815836
2025-06-24	18:25:40[331]	61	-6	63	354.382419409873
2025-06-24	18:25:40[331]	63	-8	64	352.763077974032
2025-06-24	18:25:40[344]	62	-8	68	352.647620640108
2025-06-24	18:25:40[354]	61	-5	68	355.314100160497
2025-06-24	18:25:40[364]	61	-5	68	355.314100160497
2025-06-24	18:25:40[377]	61	-8	65	352.528440823408
2025-06-24	18:25:40[388]	62	-14	69	347.275644314578
2025-06-24	18:25:40[388]	64	-9	68	351.995271142707
2025-06-24	18:25:40[411]	61	-7	73	353.453709216706
2025-06-24	18:25:40[411]	61	-5	61	355.314100160497
2025-06-24	18:25:40[421]	57	-5	66	354.986886244964
2025-06-24	18:25:40[440]	67	-10	64	351.511056119495
2025-06-24	18:25:40[440]	61	-5	65	355.314100160497
2025-06-24	18:25:40[454]	61	-2	67	358.122122552715
2025-06-24	18:25:40[474]	70	-7	66	354.2894068625
2025-06-24	18:25:40[478]	60	-10	65	350.537677791974
2025-06-24	18:25:40[488]	61	0	67	0
2025-06-24	18:25:40[488]	65	-13	69	348.69006752598
2025-06-24	18:25:40[505]	66	-7	71	353.945808105885
2025-06-24	18:25:40[521]	63	-10	66	350.980677568618
2025-06-24	18:25:40[521]	69	-7	60	354.207203504968
2025-06-24	18:25:40[531]	62	-12	68	349.045937356602
2025-06-24	18:25:40[554]	62	-5	67	355.389350681339
2025-06-24	18:25:40[554]	62	-10	66	350.837652954278
2025-06-24	18:25:40[571]	59	-6	64	354.193273094468
2025-06-24	18:25:40[571]	62	-5	64	355.389350681339
2025-06-24	18:25:40[587]	62	-8	63	352.647620640108
2025-06-24	18:25:40[597]	59	-9	68	351.32682595212
2025-06-24	18:25:40[597]	64	-10	71	351.11934084948
2025-06-24	18:25:40[610]	69	-5	67	355.855376258896
2025-06-24	18:25:40[630]	64	-8	65	352.874983651098
2025-06-24	18:25:40[630]	66	-9	67	352.234833981575
2025-06-24	18:25:40[643]	62	-11	67	349.939310204677
2025-06-24	18:25:40[643]	64	-9	65	351.995271142707
2025-06-24	18:25:40[663]	67	-4	65	356.583411808229
2025-06-24	18:25:40[677]	67	-4	68	356.583411808229
2025-06-24	18:25:40[677]	71	-8	63	353.57125225117
2025-06-24	18:25:40[697]	64	-2	67	358.210089391754
2025-06-24	18:25:40[697]	59	-10	63	350.380272200301
2025-06-24	18:25:40[707]	58	-8	68	352.146686698022
2025-06-24	18:25:40[726]	63	-4	64	356.367049260512
2025-06-24	18:25:40[726]	62	-7	62	353.558399900665
2025-06-24	18:25:40[746]	68	-13	68	349.176988773793
2025-06-24	18:25:40[759]	66	-8	65	353.088772880975
2025-06-24	18:25:40[759]	60	-13	68	347.774877324264
2025-06-24	18:25:40[776]	67	-5	68	355.732106699709
2025-06-24	18:25:40[776]	65	-10	64	351.253837737445
2025-06-24	18:25:40[792]	68	-10	63	351.634113875967
2025-06-24	18:25:40[802]	66	-2	64	358.264295411072
2025-06-24	18:25:40[802]	64	-5	72	355.532840938611
2025-06-24	18:25:40[826]	63	-5	63	355.462227492093
2025-06-24	18:25:40[842]	57	-6	62	353.990994042505
2025-06-24	18:25:40[842]	67	-10	69	351.511056119495
2025-06-24	18:25:40[859]	60	-12	67	348.69006752598
2025-06-24	18:25:40[859]	63	-5	68	355.462227492093
2025-06-24	18:25:40[869]	67	-8	60	353.190949820387
2025-06-24	18:25:40[885]	62	-5	68	355.389350681339
2025-06-24	18:25:40[885]	62	-10	68	350.837652954278
2025-06-24	18:25:40[905]	63	-7	67	353.65980825409
2025-06-24	18:25:40[918]	58	-5	62	355.072890052351
2025-06-24	18:25:40[918]	67	-6	67	354.882685150027
2025-06-24	18:25:40[938]	64	-8	68	352.874983651098
2025-06-24	18:25:40[938]	66	-8	68	353.088772880975
2025-06-24	18:25:40[951]	65	-3	69	357.357454705935
2025-06-24	18:25:40[971]	64	-9	63	351.995271142707
2025-06-24	18:25:40[971]	60	-6	67	354.2894068625
2025-06-24	18:25:40[981]	67	-4	66	356.583411808229
2025-06-24	18:25:40[998]	62	-6	69	354.472459848344
2025-06-24	18:25:40[998]	64	-9	71	351.995271142707
2025-06-24	18:25:41[018]	63	-8	64	352.763077974032
2025-06-24	18:25:41[018]	61	-5	64	355.314100160497
2025-06-24	18:25:41[031]	59	-10	67	350.380272200301
2025-06-24	18:25:41[048]	63	-10	66	350.980677568618
2025-06-24	18:25:41[048]	59	-13	68	347.574057134573
2025-06-24	18:25:41[064]	59	-2	69	358.058513609086
2025-06-24	18:25:41[064]	61	-4	66	356.248270929474
2025-06-24	18:25:41[074]	61	-8	61	352.528440823408
2025-06-24	18:25:41[097]	65	-8	70	352.983498255277
2025-06-24	18:25:41[097]	60	-3	69	357.137594773888
2025-06-24	18:25:41[114]	62	-5	62	355.389350681339
2025-06-24	18:25:41[130]	65	-8	66	352.983498255277
2025-06-24	18:25:41[130]	63	-8	66	352.763077974032
2025-06-24	18:25:41[140]	69	-4	63	356.682218831665
2025-06-24	18:25:41[140]	58	-7	70	353.118276369363
2025-06-24	18:25:41[156]	56	-4	65	355.914383220025
2025-06-24	18:25:41[176]	63	-10	62	350.980677568618
2025-06-24	18:25:41[176]	68	-9	65	352.460554860491
2025-06-24	18:25:41[189]	66	-12	65	349.695153531234
2025-06-24	18:25:41[209]	61	-5	62	355.314100160497
2025-06-24	18:25:41[209]	62	-9	69	351.740562020121
2025-06-24	18:25:41[222]	58	-9	63	351.179620447979
2025-06-24	18:25:41[222]	65	-4	67	356.478546623078
2025-06-24	18:25:41[242]	63	-4	69	356.367049260512
2025-06-24	18:25:41[256]	63	-4	67	356.367049260512
2025-06-24	18:25:41[256]	59	-8	71	352.278174199869
2025-06-24	18:25:41[276]	69	-11	62	350.942111871382
2025-06-24	18:25:41[289]	64	-2	66	358.210089391754
2025-06-24	18:25:41[289]	59	-9	67	351.32682595212
2025-06-24	18:25:41[299]	62	-8	69	352.647620640108
2025-06-24	18:25:41[299]	63	-13	65	348.340707346477
2025-06-24	18:25:41[323]	61	-5	68	355.314100160497
2025-06-24	18:25:41[333]	67	-5	64	355.732106699709
2025-06-24	18:25:41[333]	63	0	69	0
2025-06-24	18:25:41[353]	64	-10	64	351.11934084948
2025-06-24	18:25:41[366]	59	-9	68	351.32682595212
2025-06-24	18:25:41[366]	66	-16	63	346.373005140108
2025-06-24	18:25:41[389]	62	-8	67	352.647620640108
2025-06-24	18:25:41[389]	63	-7	65	353.65980825409
2025-06-24	18:25:41[399]	69	-4	71	356.682218831665
2025-06-24	18:25:41[419]	64	-6	67	354.644174957145
2025-06-24	18:25:41[419]	66	-7	66	353.945808105885
2025-06-24	18:25:41[433]	65	-9	61	352.11686068327
2025-06-24	18:25:41[450]	56	-5	68	354.897834747642
2025-06-24	18:25:41[450]	58	-15	68	345.499833233447
2025-06-24	18:25:41[466]	58	-11	66	349.261102899095
2025-06-24	18:25:41[466]	64	-4	64	356.423665625003
2025-06-24	18:25:41[476]	60	-3	65	357.137594773888
2025-06-24	18:25:41[496]	61	-5	69	355.314100160497
2025-06-24	18:25:41[596]	63	-9	65	351.869897645844
2025-06-24	18:25:41[606]	60	-11	67	349.61114218453
2025-06-24	18:25:41[606]	67	-4	65	356.583411808229
2025-06-24	18:25:41[606]	65	-6	65	354.726104042648
2025-06-24	18:25:41[606]	64	-4	69	356.423665625003
2025-06-24	18:25:41[606]	60	-9	62	351.469234390052
2025-06-24	18:25:41[606]	67	-4	72	356.583411808229
2025-06-24	18:25:41[606]	65	-5	66	355.601294645004
2025-06-24	18:25:41[606]	57	-6	66	353.990994042505
2025-06-24	18:25:41[606]	61	-10	68	350.690059825014
2025-06-24	18:25:41[606]	65	-11	71	350.394795844987
2025-06-24	18:25:41[606]	63	-7	64	353.65980825409
2025-06-24	18:25:41[626]	63	-5	65	355.462227492093
2025-06-24	18:25:41[626]	66	-16	68	346.373005140108
2025-06-24	18:25:41[640]	58	-7	72	353.118276369363
2025-06-24	18:25:41[657]	65	-7	66	353.853374340353
2025-06-24	18:25:41[660]	63	-11	72	350.095816787026
2025-06-24	18:25:41[673]	62	-13	66	348.157923884672
2025-06-24	18:25:41[673]	63	-7	68	353.65980825409
2025-06-24	18:25:41[683]	61	-6	67	354.382419409873
2025-06-24	18:25:41[707]	62	-4	66	356.308614013549
2025-06-24	18:25:41[707]	66	-10	70	351.384351815836
2025-06-24	18:25:41[723]	64	-6	67	354.644174957145
2025-06-24	18:25:41[734]	67	-7	64	354.035512898747
2025-06-24	18:25:41[734]	60	-7	70	353.345574953993
2025-06-24	18:25:41[754]	68	-10	66	351.634113875967
2025-06-24	18:25:41[754]	64	-10	68	351.11934084948
2025-06-24	18:25:41[768]	64	-4	62	356.423665625003
2025-06-24	18:25:41[784]	64	-7	70	353.758085652585
2025-06-24	18:25:41[784]	60	-5	63	355.236358309274
2025-06-24	18:25:41[801]	68	-8	66	353.290163192243
2025-06-24	18:25:41[811]	57	-6	64	353.990994042505
2025-06-24	18:25:41[821]	58	-6	66	354.09385888623
2025-06-24	18:25:41[834]	70	-9	67	352.67359333983
2025-06-24	18:25:41[834]	64	-13	68	348.518008645252
2025-06-24	18:25:41[851]	66	-9	68	352.234833981575
2025-06-24	18:25:41[861]	60	-7	66	353.345574953993
2025-06-24	18:25:41[868]	61	-8	66	352.528440823408
2025-06-24	18:25:41[878]	61	-6	67	354.382419409873
2025-06-24	18:25:41[878]	53	-9	68	350.362461887069
2025-06-24	18:25:41[898]	67	-7	64	354.035512898747
2025-06-24	18:25:41[908]	65	-8	71	352.983498255277
2025-06-24	18:25:41[908]	69	-7	65	354.207203504968
2025-06-24	18:25:41[928]	65	-6	71	354.726104042648
2025-06-24	18:25:41[941]	60	-9	66	351.469234390052
2025-06-24	18:25:41[941]	64	-3	67	357.316224840531
2025-06-24	18:25:41[961]	64	-6	68	354.644174957145
2025-06-24	18:25:41[971]	65	-6	66	354.726104042648
2025-06-24	18:25:41[971]	64	-7	67	353.758085652585
2025-06-24	18:25:41[988]	62	-7	70	353.558399900665
2025-06-24	18:25:41[988]	66	-14	70	348.023867555797
2025-06-24	18:25:42[008]	64	-5	64	355.532840938611
2025-06-24	18:25:42[019]	63	-10	71	350.980677568618
2025-06-24	18:25:42[019]	64	-12	69	349.380344723845
2025-06-24	18:25:42[039]	60	-5	62	355.236358309274
2025-06-24	18:25:42[043]	64	-12	74	349.380344723845
2025-06-24	18:25:42[052]	63	-9	69	351.869897645844
2025-06-24	18:25:42[071]	61	-6	68	354.382419409873
2025-06-24	18:25:42[071]	65	-8	68	352.983498255277
2025-06-24	18:25:42[085]	62	-4	72	356.308614013549
2025-06-24	18:25:42[105]	60	-8	69	352.405356631409
2025-06-24	18:25:42[105]	65	-5	67	355.601294645004
2025-06-24	18:25:42[118]	63	-11	68	350.095816787026
2025-06-24	18:25:42[118]	59	-11	71	349.438989308804
2025-06-24	18:25:42[139]	67	-8	71	353.190949820387
2025-06-24	18:25:42[152]	58	-11	69	349.261102899095
2025-06-24	18:25:42[152]	59	-3	70	357.089162173832
2025-06-24	18:25:42[162]	60	-10	70	350.537677791974
2025-06-24	18:25:42[185]	57	-4	66	355.985824304589
2025-06-24	18:25:42[185]	59	-11	70	349.438989308804
2025-06-24	18:25:42[195]	62	-2	72	358.152389734005
2025-06-24	18:25:42[219]	65	-9	69	352.11686068327
2025-06-24	18:25:42[219]	58	-14	69	346.429565614839
2025-06-24	18:25:42[229]	61	-5	71	355.314100160497
2025-06-24	18:25:42[229]	61	-6	67	354.382419409873
2025-06-24	18:25:42[249]	60	-3	71	357.137594773888
2025-06-24	18:25:42[272]	58	-11	72	349.261102899095
2025-06-24	18:25:42[272]	60	-11	70	349.61114218453
2025-06-24	18:25:42[282]	61	-8	68	352.528440823408
2025-06-24	18:25:42[282]	56	-6	73	353.884496433715
2025-06-24	18:25:42[299]	54	-7	71	352.613956848733
2025-06-24	18:25:42[309]	60	-8	72	352.405356631409
2025-06-24	18:25:42[309]	52	-7	69	352.333195738186
2025-06-24	18:25:42[324]	57	-12	69	348.111341960372
2025-06-24	18:25:42[324]	55	-16	72	343.779806304397
2025-06-24	18:25:42[344]	64	-13	69	348.518008645252
2025-06-24	18:25:42[363]	56	-9	67	350.869823517721
2025-06-24	18:25:42[363]	59	-10	68	350.380272200301
2025-06-24	18:25:42[373]	52	-12	70	347.005383208084
2025-06-24	18:25:42[395]	59	-14	67	346.651272886713
2025-06-24	18:25:42[395]	58	-13	75	347.366638064725
2025-06-24	18:25:42[405]	57	-13	66	347.152295141282
2025-06-24	18:25:42[405]	57	-11	63	349.077195280131
2025-06-24	18:25:42[425]	61	-14	69	347.074000875294
2025-06-24	18:25:42[438]	54	-13	64	346.464143630866
2025-06-24	18:25:42[438]	59	-12	68	348.503436982414
2025-06-24	18:25:42[455]	54	-9	70	350.537677791974
2025-06-24	18:25:42[473]	57	-13	75	347.152295141282
2025-06-24	18:25:42[473]	55	-13	71	346.701429669506
2025-06-24	18:25:42[483]	55	-7	69	352.746805387275
2025-06-24	18:25:42[483]	57	-14	72	346.200514603981
2025-06-24	18:25:42[508]	58	-10	71	350.217592968193
2025-06-24	18:25:42[518]	56	-9	72	350.869823517721
2025-06-24	18:25:42[518]	57	-13	72	347.152295141282
2025-06-24	18:25:42[542]	62	-14	72	347.275644314578
2025-06-24	18:25:42[552]	57	-15	69	345.256437163529
2025-06-24	18:25:42[552]	57	-15	71	345.256437163529
2025-06-24	18:25:42[565]	54	-13	69	346.464143630866
2025-06-24	18:25:42[565]	59	-7	77	353.233825177447
2025-06-24	18:25:42[585]	52	-17	72	341.896236965493
2025-06-24	18:25:42[598]	59	-13	70	347.574057134573
2025-06-24	18:25:42[598]	57	-13	71	347.152295141282
2025-06-24	18:25:42[618]	57	-13	71	347.152295141282
2025-06-24	18:25:42[632]	55	-15	70	344.744881296942
2025-06-24	18:25:42[632]	52	-14	71	344.931511840508
2025-06-24	18:25:42[642]	58	-14	76	346.429565614839
2025-06-24	18:25:42[652]	59	-17	71	343.926425835254
2025-06-24	18:25:42[665]	51	-18	65	340.559965171824
2025-06-24	18:25:42[675]	60	-15	74	345.963756532074
2025-06-24	18:25:42[675]	50	-18	75	340.201123645475
2025-06-24	18:25:42[698]	51	-13	73	345.699722550814
2025-06-24	18:25:42[698]	56	-14	74	345.963756532074
2025-06-24	18:25:42[708]	54	-17	75	342.525225743744
2025-06-24	18:25:42[725]	56	-11	71	348.886959464052
2025-06-24	18:25:42[731]	52	-19	72	339.928474135461
2025-06-24	18:25:42[741]	53	-20	69	339.325575239126
2025-06-24	18:25:42[762]	58	-21	66	340.096250462692
2025-06-24	18:25:42[762]	53	-20	69	339.325575239126
2025-06-24	18:25:42[775]	57	-16	70	344.320475877581
2025-06-24	18:25:42[792]	50	-23	74	335.297569772229
2025-06-24	18:25:42[792]	58	-22	74	339.227745317954
2025-06-24	18:25:42[808]	47	-22	74	334.916405993809
2025-06-24	18:25:42[808]	54	-17	73	342.525225743744
2025-06-24	18:25:42[818]	52	-15	70	343.909183651148
2025-06-24	18:25:42[837]	55	-18	66	341.878139752099
2025-06-24	18:25:42[837]	60	-23	70	339.026506578679
2025-06-24	18:25:42[857]	48	-21	79	336.370622269343
2025-06-24	18:25:42[857]	52	-17	75	341.896236965493
2025-06-24	18:25:42[870]	63	-21	71	341.565051177078
2025-06-24	18:25:42[890]	58	-21	68	340.096250462692
2025-06-24	18:25:42[890]	50	-18	73	340.201123645475
2025-06-24	18:25:42[903]	52	-21	73	338.008870082823
2025-06-24	18:25:42[923]	51	-22	66	336.66595872329
2025-06-24	18:25:42[923]	53	-20	68	339.325575239126
2025-06-24	18:25:42[933]	53	-22	72	337.456938999942
2025-06-24	18:25:42[933]	52	-22	77	337.06789956241
2025-06-24	18:25:42[953]	53	-24	74	335.637546984688
2025-06-24	18:25:42[963]	46	-17	68	339.717440911083
2025-06-24	18:25:42[963]	55	-20	75	340.0168934781
2025-06-24	18:25:42[987]	54	-16	66	343.495638618245
2025-06-24	18:25:42[996]	52	-16	78	342.897271030948
2025-06-24	18:25:42[996]	56	-15	71	345.004920870824
2025-06-24	18:25:43[010]	50	-26	73	332.525568373723
2025-06-24	18:25:43[010]	53	-24	72	335.637546984688
2025-06-24	18:25:43[030]	52	-23	72	336.139824808658
2025-06-24	18:25:43[050]	52	-21	69	338.008870082823
2025-06-24	18:25:43[050]	57	-27	74	334.653824058053
2025-06-24	18:25:43[060]	57	-28	76	333.838433557981
2025-06-24	18:25:43[080]	54	-25	73	335.157610894545
2025-06-24	18:25:43[080]	58	-26	74	335.854458039578
2025-06-24	18:25:43[090]	57	-22	74	338.89516141507
2025-06-24	18:25:43[100]	51	-22	70	336.66595872329
2025-06-24	18:25:43[110]	59	-27	67	335.409882833804
2025-06-24	18:25:43[130]	54	-25	79	335.157610894545
2025-06-24	18:25:43[130]	51	-29	77	330.376251248826
2025-06-24	18:25:43[140]	55	-25	77	335.556045219583
2025-06-24	18:25:43[140]	54	-23	72	336.929587750175
2025-06-24	18:25:43[160]	53	-23	77	336.540975918538
2025-06-24	18:25:43[170]	55	-29	76	332.198541220066
2025-06-24	18:25:43[170]	62	-23	69	339.646770851931
2025-06-24	18:25:43[193]	61	-25	71	337.714412353167
2025-06-24	18:25:43[203]	60	-25	72	337.38013505196
2025-06-24	18:25:43[203]	55	-26	69	334.69862137458
2025-06-24	18:25:43[226]	61	-29	75	334.57312583041
2025-06-24	18:25:43[226]	63	-25	74	338.355564859286
2025-06-24	18:25:43[236]	56	-28	72	333.434948822922
2025-06-24	18:25:43[259]	56	-22	75	338.552263672895
2025-06-24	18:25:43[259]	64	-29	75	335.623531383325
2025-06-24	18:25:43[269]	61	-25	73	337.714412353167
2025-06-24	18:25:43[289]	63	-37	77	329.574216198039
2025-06-24	18:25:43[289]	57	-26	71	335.480357311809
2025-06-24	18:25:43[303]	59	-25	72	337.036226940145
2025-06-24	18:25:43[303]	54	-26	72	334.290046219189
2025-06-24	18:25:43[320]	63	-25	77	338.355564859286
2025-06-24	18:25:43[336]	58	-28	76	334.230672375661
2025-06-24	18:25:43[336]	65	-28	78	336.695109460797
2025-06-24	18:25:43[346]	59	-22	71	339.550452389207
2025-06-24	18:25:43[369]	63	-31	72	333.799885158653
2025-06-24	18:25:43[369]	65	-30	79	335.224859431168
2025-06-24	18:25:43[379]	69	-29	78	337.203478532057
2025-06-24	18:25:43[379]	67	-29	76	336.595310448968
2025-06-24	18:25:43[396]	70	-29	74	337.496471500233
2025-06-24	18:25:43[416]	71	-24	78	341.32329826781
2025-06-24	18:25:43[416]	73	-30	80	337.659352040006
2025-06-24	18:25:43[429]	77	-32	78	337.432990922125
2025-06-24	18:25:43[450]	76	-30	85	338.459024081462
2025-06-24	18:25:43[450]	80	-24	93	343.300755766006
2025-06-24	18:25:43[463]	82	-31	85	339.290962408351
2025-06-24	18:25:43[463]	86	-28	89	341.96571443287
2025-06-24	18:25:43[483]	80	-29	88	340.074419341816
2025-06-24	18:25:43[496]	78	-27	90	340.906507999514
2025-06-24	18:25:43[496]	86	-28	88	341.96571443287
2025-06-24	18:25:43[506]	88	-26	87	343.53998518796
2025-06-24	18:25:43[530]	81	-31	82	339.057349450012
2025-06-24	18:25:43[530]	84	-29	84	340.953375702364
2025-06-24	18:25:43[540]	84	-28	83	341.565051177078
2025-06-24	18:25:43[540]	78	-22	91	344.248826336547
2025-06-24	18:25:43[563]	81	-29	88	340.30137862542
2025-06-24	18:25:43[573]	82	-29	86	340.523424501068
2025-06-24	18:25:43[573]	82	-30	84	339.904768808095
2025-06-24	18:25:43[590]	81	-37	80	335.449547610793
2025-06-24	18:25:43[590]	81	-31	80	339.057349450012
2025-06-24	18:25:43[606]	84	-26	86	342.801458779934
2025-06-24	18:25:43[626]	77	-28	81	340.0168934781
2025-06-24	18:25:43[626]	86	-26	81	343.178590109959
2025-06-24	18:25:43[640]	81	-26	82	342.20401107607
2025-06-24	18:25:43[657]	83	-25	86	343.237445538167
2025-06-24	18:25:43[657]	82	-32	80	338.682087724538
2025-06-24	18:25:43[673]	80	-29	77	340.074419341816
2025-06-24	18:25:43[673]	82	-32	84	338.682087724538
2025-06-24	18:25:43[683]	75	-27	79	340.201123645475
2025-06-24	18:25:43[700]	81	-32	79	338.442920714962
2025-06-24	18:25:43[700]	79	-28	84	340.484126990417
2025-06-24	18:25:43[720]	80	-29	78	340.074419341816
2025-06-24	18:25:43[734]	78	-32	84	337.693794945092
2025-06-24	18:25:43[734]	77	-27	79	340.676815681838
2025-06-24	18:25:43[754]	82	-30	83	339.904768808095
2025-06-24	18:25:43[754]	77	-25	73	342.012665347939
2025-06-24	18:25:43[767]	76	-26	78	341.113912630291
2025-06-24	18:25:43[777]	76	-28	84	339.775140568832
2025-06-24	18:25:43[787]	77	-23	77	343.369046293279
2025-06-24	18:25:43[801]	78	-32	79	337.693794945092
2025-06-24	18:25:43[811]	79	-24	77	343.101351305962
2025-06-24	18:25:43[811]	81	-22	77	344.80475147318
2025-06-24	18:25:43[834]	72	-23	78	342.284207293623
2025-06-24	18:25:43[834]	78	-19	82	346.309950382535
2025-06-24	18:25:43[844]	73	-25	76	341.095424157388
2025-06-24	18:25:43[864]	78	-17	75	347.704733577002
2025-06-24	18:25:43[867]	70	-22	77	342.552811576718
2025-06-24	18:25:43[877]	75	-20	71	345.068582821862
2025-06-24	18:25:43[901]	80	-27	77	341.350461245949
2025-06-24	18:25:43[901]	74	-18	76	346.328692867804
2025-06-24	18:25:43[911]	79	-25	77	342.439727948199
2025-06-24	18:25:43[911]	80	-16	78	348.69006752598
2025-06-24	18:25:43[931]	78	-20	82	345.618605408909
2025-06-24	18:25:43[944]	80	-18	85	347.31961650818
2025-06-24	18:25:43[944]	77	-21	76	344.744881296942
2025-06-24	18:25:43[961]	73	-18	76	346.148580986195
2025-06-24	18:25:43[978]	71	-23	84	342.050597007086
2025-06-24	18:25:43[978]	76	-23	78	343.162527374324
2025-06-24	18:25:43[987]	82	-18	75	347.619243071193
2025-06-24	18:25:43[987]	73	-19	75	345.411081267125
2025-06-24	18:25:44[003]	77	-18	75	346.842457259985
2025-06-24	18:25:44[024]	81	-19	78	346.798912824294
2025-06-24	18:25:44[024]	68	-14	75	348.36636600106
2025-06-24	18:25:44[037]	73	-14	85	349.143586651938
2025-06-24	18:25:44[037]	73	-21	87	343.950995207467
2025-06-24	18:25:44[057]	78	-18	78	347.005383208084
2025-06-24	18:25:44[070]	78	-10	78	352.694240466689
2025-06-24	18:25:44[070]	78	-17	76	347.704733577002
2025-06-24	18:25:44[090]	71	-18	80	345.774036101248
2025-06-24	18:25:44[104]	70	-20	83	344.054604099077
2025-06-24	18:25:44[104]	77	-23	78	343.369046293279
2025-06-24	18:25:44[114]	69	-16	84	346.944752776203
2025-06-24	18:25:44[114]	74	-17	83	347.061943682814
2025-06-24	18:25:44[137]	74	-22	76	343.442928624363
2025-06-24	18:25:44[147]	74	-19	81	345.599978693209
2025-06-24	18:25:44[147]	80	-25	81	342.645975363739
2025-06-24	18:25:44[170]	70	-20	82	344.054604099077
2025-06-24	18:25:44[180]	76	-19	84	345.963756532074
2025-06-24	18:25:44[180]	76	-17	80	347.391393206634
2025-06-24	18:25:44[205]	76	-23	81	343.162527374324
2025-06-24	18:25:44[205]	77	-20	85	345.439724380643
2025-06-24	18:25:44[215]	69	-22	80	342.315607973442
2025-06-24	18:25:44[235]	70	-20	87	344.054604099077
2025-06-24	18:25:44[235]	76	-18	86	346.675468738109
2025-06-24	18:25:44[247]	74	-18	85	346.328692867804
2025-06-24	18:25:44[265]	70	-19	81	344.814162737799
2025-06-24	18:25:44[265]	68	-20	83	343.610459665965
2025-06-24	18:25:44[280]	78	-22	86	344.248826336547
2025-06-24	18:25:44[280]	71	-17	87	346.534791905188
2025-06-24	18:25:44[304]	73	-16	86	347.637507584286
2025-06-24	18:25:44[305]	72	-17	87	346.715133515098
2025-06-24	18:25:44[305]	67	-23	82	341.053495310491
2025-06-24	18:25:44[325]	79	-20	81	345.79323388224
2025-06-24	18:25:44[337]	68	-23	81	341.312648494789
2025-06-24	18:25:44[347]	68	-19	88	344.38901146632
2025-06-24	18:25:44[357]	72	-17	87	346.715133515098
2025-06-24	18:25:44[357]	72	-19	83	345.217273957384
2025-06-24	18:25:44[370]	68	-23	82	341.312648494789
2025-06-24	18:25:44[390]	71	-22	80	342.783926412209
2025-06-24	18:25:44[390]	70	-20	83	344.054604099077
2025-06-24	18:25:44[405]	73	-25	85	341.095424157388
2025-06-24	18:25:44[425]	68	-16	85	346.759480084813
2025-06-24	18:25:44[425]	65	-20	84	342.897271030948
2025-06-24	18:25:44[437]	65	-23	84	340.513870427534
2025-06-24	18:25:44[437]	70	-23	79	341.810954300349
2025-06-24	18:25:44[457]	77	-19	84	346.138972436979
2025-06-24	18:25:44[470]	65	-23	83	340.513870427534
2025-06-24	18:25:44[470]	67	-15	88	347.380677706569
2025-06-24	18:25:44[490]	72	-23	83	342.284207293623
2025-06-24	18:25:44[490]	73	-22	80	343.22877618137
2025-06-24	18:25:44[506]	72	-22	83	343.009176708014
2025-06-24	18:25:44[516]	63	-20	81	342.387422157076
2025-06-24	18:25:44[516]	63	-22	83	340.750474127318
2025-06-24	18:25:44[536]	72	-17	85	346.715133515098
2025-06-24	18:25:44[546]	72	-18	82	345.963756532074
2025-06-24	18:25:44[546]	76	-21	89	344.553683632307
2025-06-24	18:25:44[569]	69	-20	78	343.835500847743
2025-06-24	18:25:44[569]	68	-22	81	342.072080237993
2025-06-24	18:25:44[579]	76	-21	79	344.553683632307
2025-06-24	18:25:44[596]	77	-22	87	344.054604099077
2025-06-24	18:25:44[596]	73	-14	83	349.143586651938
2025-06-24	18:25:44[616]	74	-21	85	344.156917882313
2025-06-24	18:25:44[626]	73	-18	85	346.148580986195
2025-06-24	18:25:44[626]	70	-23	85	341.810954300349
2025-06-24	18:25:44[647]	76	-18	84	346.675468738109
2025-06-24	18:25:44[647]	68	-22	91	342.072080237993
2025-06-24	18:25:44[666]	76	-16	86	348.111341960372
2025-06-24	18:25:44[680]	81	-18	88	347.471192290848
2025-06-24	18:25:44[680]	69	-14	82	348.530469667133
2025-06-24	18:25:44[696]	74	-22	87	343.442928624363
2025-06-24	18:25:44[706]	76	-18	85	346.675468738109
2025-06-24	18:25:44[706]	72	-23	90	342.284207293623
2025-06-24	18:25:44[726]	74	-21	90	344.156917882313
2025-06-24	18:25:44[726]	75	-19	87	345.784146526326
2025-06-24	18:25:44[737]	75	-19	90	345.784146526326
2025-06-24	18:25:44[757]	79	-13	88	350.6553280979
2025-06-24	18:25:44[757]	79	-18	93	347.164390513599
2025-06-24	18:25:44[770]	78	-12	92	351.253837737445
2025-06-24	18:25:44[770]	82	-12	88	351.674349669573
2025-06-24	18:25:44[790]	77	-18	90	346.842457259985
2025-06-24	18:25:44[806]	76	-16	90	348.111341960372
2025-06-24	18:25:44[806]	78	-19	89	346.309950382535
2025-06-24	18:25:44[826]	82	-14	88	350.311213439633
2025-06-24	18:25:44[846]	85	-16	84	349.339651705465
2025-06-24	18:25:44[846]	80	-14	89	350.073754493348
2025-06-24	18:25:44[856]	76	-18	89	346.675468738109
2025-06-24	18:25:44[856]	71	-15	86	348.070677822762
2025-06-24	18:25:44[866]	76	-9	93	353.246425964469
2025-06-24	18:25:44[886]	81	-18	91	347.471192290848
2025-06-24	18:25:44[886]	80	-15	89	349.380344723845
2025-06-24	18:25:44[906]	76	-13	96	350.29334759066
2025-06-24	18:25:44[920]	82	-15	89	349.63367739655
2025-06-24	18:25:44[920]	85	-12	88	351.964289289465
2025-06-24	18:25:44[937]	80	-13	91	350.770113756272
2025-06-24	18:25:44[937]	82	-14	88	350.311213439633
2025-06-24	18:25:44[953]	75	-8	88	353.911471845805
2025-06-24	18:25:44[963]	71	-11	88	351.193207305565
2025-06-24	18:25:44[963]	78	-13	84	350.537677791974
2025-06-24	18:25:44[986]	76	-6	84	355.486011541999
2025-06-24	18:25:44[996]	72	0	86	0
2025-06-24	18:25:44[996]	71	2	84	1.61353893288118
2025-06-24	18:25:45[020]	65	0	87	0
2025-06-24	18:25:45[020]	62	4	93	3.69138598645128
2025-06-24	18:25:45[030]	57	4	105	4.01417569541103
2025-06-24	18:25:45[043]	58	4	115	3.94518622903756
2025-06-24	18:25:45[043]	53	7	137	7.52382043863863
2025-06-24	18:25:45[063]	45	3	162	3.81407483429035
2025-06-24	18:25:45[076]	42	-6	176	351.869897645844
2025-06-24	18:25:45[076]	54	-9	179	350.537677791974
2025-06-24	18:25:45[096]	66	-20	177	343.141601232262
2025-06-24	18:25:45[096]	75	-27	150	340.201123645475
2025-06-24	18:25:45[110]	84	-28	126	341.565051177078
2025-06-24	18:25:45[130]	87	-19	101	347.680554743363
2025-06-24	18:25:45[130]	81	-10	91	352.962059236815
2025-06-24	18:25:45[143]	76	-3	87	357.739498088859
2025-06-24	18:25:45[153]	63	0	95	0
2025-06-24	18:25:45[163]	57	8	116	7.9893267663969
2025-06-24	18:25:45[176]	49	9	144	10.4077113124901
2025-06-24	18:25:45[176]	45	3	176	3.81407483429035
2025-06-24	18:25:45[186]	54	0	196	0
2025-06-24	18:25:45[209]	74	-25	184	341.33308572578
2025-06-24	18:25:45[209]	77	-29	158	339.362453015312
2025-06-24	18:25:45[219]	88	-22	123	345.963756532074
2025-06-24	18:25:45[219]	87	-17	91	348.943587019752
2025-06-24	18:25:45[239]	77	-9	90	353.333340109099
2025-06-24	18:25:45[253]	71	-3	92	357.580490783344
2025-06-24	18:25:45[253]	60	8	117	7.59464336859145
2025-06-24	18:25:45[270]	48	13	144	15.1540680503126
2025-06-24	18:25:45[286]	48	6	181	7.1250163489018
2025-06-24	18:25:45[286]	50	-6	199	353.157226587369
2025-06-24	18:25:45[307]	73	-25	187	341.095424157388
2025-06-24	18:25:45[307]	85	-29	150	341.161566442019
2025-06-24	18:25:45[319]	95	-23	117	346.390268104188
2025-06-24	18:25:45[337]	88	-12	96	352.234833981575
2025-06-24	18:25:45[337]	76	-5	91	356.235965135094
2025-06-24	18:25:45[353]	70	6	103	4.89909245378777
2025-06-24	18:25:45[363]	51	3	129	3.3664606634298
2025-06-24	18:25:45[363]	46	10	172	12.2647737278924
2025-06-24	18:25:45[386]	52	-2	204	357.797401838234
2025-06-24	18:25:45[386]	64	-16	205	345.963756532074
2025-06-24	18:25:45[396]	85	-27	170	342.377702771332
2025-06-24	18:25:45[409]	89	-29	141	341.952178931229
2025-06-24	18:25:45[419]	87	-15	105	350.217592968193
2025-06-24	18:25:45[429]	85	-8	91	354.623294571949
2025-06-24	18:25:45[442]	77	8	95	5.93152692491976
2025-06-24	18:25:45[442]	67	8	120	6.80905017961341
2025-06-24	18:25:45[462]	48	5	155	5.9468630539735
2025-06-24	18:25:45[462]	54	-2	196	357.878903603339
2025-06-24	18:25:45[476]	63	-17	211	344.898901838615
2025-06-24	18:25:45[496]	83	-31	192	339.519642688191
2025-06-24	18:25:45[496]	99	-32	150	342.087490614037
2025-06-24	18:25:45[509]	91	-22	109	346.409051552159
2025-06-24	18:25:45[529]	89	-8	90	354.863621507572
2025-06-24	18:25:45[529]	78	0	94	0
2025-06-24	18:25:45[542]	65	3	115	2.64254529406472
2025-06-24	18:25:45[542]	59	9	142	8.67317404787977
2025-06-24	18:25:45[562]	60	1	188	0.954841253872189
2025-06-24	18:25:45[575]	65	-16	214	346.17134902772
2025-06-24	18:25:45[575]	82	-29	201	340.523424501068
2025-06-24	18:25:45[585]	97	-34	163	340.683647180496
2025-06-24	18:25:45[609]	94	-29	123	342.854449081138
2025-06-24	18:25:45[609]	95	-18	99	349.27114070199
2025-06-24	18:25:45[619]	82	-8	87	354.427802196036
2025-06-24	18:25:45[619]	74	7	97	5.40379136024971
2025-06-24	18:25:45[642]	63	5	123	4.53777250790665
2025-06-24	18:25:45[652]	61	11	163	10.2221686336361
2025-06-24	18:25:45[652]	52	3	202	3.301865674435
2025-06-24	18:25:45[669]	65	-10	214	351.253837737445
2025-06-24	18:25:45[669]	84	-30	197	340.346175941947
2025-06-24	18:25:45[685]	91	-34	147	339.512985806669
2025-06-24	18:25:45[705]	93	-21	116	347.275644314578
2025-06-24	18:25:45[705]	85	-9	97	353.955907837759
2025-06-24	18:25:45[719]	79	0	91	0
2025-06-24	18:25:45[736]	76	10	101	7.49585763972986
2025-06-24	18:25:45[736]	62	11	129	10.060689795323
2025-06-24	18:25:45[752]	54	10	160	10.4914770123316
2025-06-24	18:25:45[752]	50	3	196	3.43363036245052
2025-06-24	18:25:45[762]	58	-9	217	351.179620447979
2025-06-24	18:25:45[779]	78	-28	193	340.253163394574
2025-06-24	18:25:45[779]	91	-36	158	338.41603075823
2025-06-24	18:25:45[799]	90	-25	124	344.475889003246
2025-06-24	18:25:45[813]	91	-13	100	351.869897645844
2025-06-24	18:25:45[813]	87	-4	87	357.367565131014
2025-06-24	18:25:45[833]	68	1	95	0.842524260740415
2025-06-24	18:25:45[833]	69	13	125	10.6697828044967
2025-06-24	18:25:45[846]	50	9	149	10.2039737217317
2025-06-24	18:25:45[866]	49	4	184	4.666858371439
2025-06-24	18:25:45[866]	61	-11	200	349.777831366364
2025-06-24	18:25:45[881]	75	-23	194	342.95096902789
2025-06-24	18:25:45[891]	89	-29	161	341.952178931229
2025-06-24	18:25:45[891]	89	-32	125	340.223923397361
2025-06-24	18:25:45[914]	89	-20	97	347.334936234958
2025-06-24	18:25:45[914]	88	-14	85	350.960517196645
2025-06-24	18:25:45[924]	73	0	93	0
2025-06-24	18:25:45[944]	64	13	104	11.4819913547481
2025-06-24	18:25:45[944]	59	10	143	9.61972779969885
2025-06-24	18:25:45[957]	51	7	176	7.81529354676688
2025-06-24	18:25:45[974]	56	-5	205	354.897834747642
2025-06-24	18:25:45[974]	76	-28	190	339.775140568832
2025-06-24	18:25:45[990]	82	-32	163	338.682087724538
2025-06-24	18:25:45[990]	92	-34	132	339.717440911083
2025-06-24	18:25:46[010]	91	-14	94	351.253837737445
2025-06-24	18:25:46[024]	89	-8	92	354.863621507572
2025-06-24	18:25:46[024]	75	4	94	3.05288251479243
2025-06-24	18:25:46[041]	67	7	110	5.96448710125312
2025-06-24	18:25:46[057]	57	5	144	5.01311375503581
2025-06-24	18:25:46[057]	56	3	175	3.06648550112589
2025-06-24	18:25:46[067]	57	-5	200	354.986886244964
2025-06-24	18:25:46[067]	86	-32	184	339.590117166196
2025-06-24	18:25:46[090]	91	-35	145	338.962488974578
2025-06-24	18:25:46[100]	100	-26	109	345.425783801961
2025-06-24	18:25:46[100]	88	-24	93	344.744881296942
2025-06-24	18:25:46[113]	77	-7	85	354.805571092265
2025-06-24	18:25:46[113]	75	2	98	1.52752544221293
2025-06-24	18:25:46[133]	64	10	124	8.88065915052024
2025-06-24	18:25:46[149]	49	6	159	6.9810574068298
2025-06-24	18:25:46[149]	56	-6	194	353.884496433715
2025-06-24	18:25:46[169]	73	-27	191	339.702430227771
2025-06-24	18:25:46[183]	87	-32	156	339.805665754816
2025-06-24	18:25:46[183]	91	-29	123	342.323891301347
2025-06-24	18:25:46[193]	92	-19	101	348.331225999631
2025-06-24	18:25:46[193]	80	-8	91	354.2894068625
2025-06-24	18:25:46[216]	75	-3	92	357.709389957361
2025-06-24	18:25:46[226]	61	0	111	0
2025-06-24	18:25:46[236]	58	1	151	0.98776039963981
2025-06-24	18:25:46[249]	58	-2	180	358.025065989118
2025-06-24	18:25:46[259]	69	-20	193	343.835500847743
2025-06-24	18:25:46[259]	89	-34	176	339.09201952899
2025-06-24	18:25:46[282]	97	-29	141	343.354961785324
2025-06-24	18:25:46[282]	92	-22	105	346.551384948314
2025-06-24	18:25:46[292]	83	-10	90	353.130007691786
2025-06-24	18:25:46[312]	78	-6	87	355.601294645004
2025-06-24	18:25:46[312]	69	0	107	0
2025-06-24	18:25:46[326]	55	7	141	7.25319461272533
2025-06-24	18:25:46[343]	56	2	183	2.04540848888723
2025-06-24	18:25:46[343]	72	-15	202	348.231711067979
2025-06-24	18:25:46[359]	88	-26	189	343.53998518796
2025-06-24	18:25:46[359]	96	-28	147	343.739795291688
2025-06-24	18:25:46[369]	92	-27	108	343.644182898983
2025-06-24	18:25:46[389]	92	-13	87	351.957105766495
2025-06-24	18:25:46[389]	79	-4	84	357.101423200718
2025-06-24	18:25:46[409]	65	3	101	2.64254529406472
2025-06-24	18:25:46[432]	61	10	138	9.30994017498604
2025-06-24	18:25:46[432]	59	0	176	0
2025-06-24	18:25:46[442]	74	-15	202	348.541247654123
2025-06-24	18:25:46[442]	84	-25	182	343.425992243091
2025-06-24	18:25:46[456]	91	-35	141	338.962488974578
2025-06-24	18:25:46[466]	97	-30	106	342.814293855775
2025-06-24	18:25:46[476]	89	-12	87	352.321036192631
2025-06-24	18:25:46[490]	79	-2	87	358.549783709067
2025-06-24	18:25:46[500]	74	4	109	3.09405805891711
2025-06-24	18:25:46[500]	56	5	131	5.10216525235819
2025-06-24	18:25:46[520]	55	2	168	2.08256527973088
2025-06-24	18:25:46[520]	56	-9	203	350.869823517721
2025-06-24	18:25:46[534]	77	-24	198	342.688353891153
2025-06-24	18:25:46[557]	94	-35	157	339.577666975277
2025-06-24	18:25:46[557]	94	-21	113	347.406670043897
2025-06-24	18:25:46[567]	93	-21	86	347.275644314578
2025-06-24	18:25:46[567]	83	-8	82	354.494522142022
2025-06-24	18:25:46[577]	64	2	100	1.78991060824607
2025-06-24	18:25:46[600]	61	9	126	8.3929251873925
2025-06-24	18:25:46[600]	53	6	181	6.45881637871866
2025-06-24	18:25:46[617]	63	0	208	0
2025-06-24	18:25:46[634]	78	-24	200	342.897271030948
2025-06-24	18:25:46[634]	94	-26	159	344.538782259558
2025-06-24	18:25:46[644]	100	-26	121	345.425783801961
2025-06-24	18:25:46[644]	91	-13	91	351.869897645844
2025-06-24	18:25:46[657]	87	-7	81	355.399904333737
2025-06-24	18:25:46[677]	70	7	102	5.71059313749964
2025-06-24	18:25:46[677]	71	10	128	8.01709307365533
2025-06-24	18:25:46[690]	53	11	176	11.7251120151651
2025-06-24	18:25:46[710]	62	-2	200	358.152389734005
2025-06-24	18:25:46[710]	78	-17	204	347.704733577002
2025-06-24	18:25:46[723]	94	-31	168	341.748104162921
2025-06-24	18:25:46[723]	101	-21	125	348.254366574712
2025-06-24	18:25:46[743]	91	-15	96	350.639809198087
2025-06-24	18:25:46[757]	80	-7	84	354.999355402442
2025-06-24	18:25:46[757]	76	6	101	4.51398845800126
2025-06-24	18:25:46[777]	60	8	132	7.59464336859145
2025-06-24	18:25:46[791]	53	10	172	10.6849124000027
2025-06-24	18:25:46[791]	60	-8	198	352.405356631409
2025-06-24	18:25:46[801]	77	-23	207	343.369046293279
2025-06-24	18:25:46[811]	95	-32	166	341.384307992669
2025-06-24	18:25:46[834]	96	-31	130	342.103867074961
2025-06-24	18:25:46[834]	93	-17	96	349.640947511916
2025-06-24	18:25:46[834]	83	-9	88	353.811384036758
2025-06-24	18:25:46[857]	77	-3	89	357.768825391969
2025-06-24	18:25:46[867]	72	6	110	4.76364169072618
2025-06-24	18:25:46[867]	60	8	159	7.59464336859145
2025-06-24	18:25:46[891]	61	6	202	5.61758059012683
2025-06-24	18:25:46[891]	72	-21	202	343.739795291688
2025-06-24	18:25:46[901]	88	-28	177	342.34987578007
2025-06-24	18:25:46[921]	103	-31	129	343.249735494974
2025-06-24	18:25:46[921]	101	-17	102	350.445710327598
2025-06-24	18:25:46[944]	88	-10	81	353.516926307103
2025-06-24	18:25:46[944]	79	-5	86	356.378515295883
2025-06-24	18:25:46[951]	69	11	111	9.05788812861766
2025-06-24	18:25:46[967]	68	11	147	9.18883607735876
2025-06-24	18:25:46[967]	57	15	192	14.7435628364707
2025-06-24	18:25:46[977]	72	0	212	0
2025-06-24	18:25:46[996]	83	-26	192	342.606677853088
2025-06-24	18:25:46[996]	99	-30	155	343.141601232262
2025-06-24	18:25:47[016]	101	-20	116	348.799202212116
2025-06-24	18:25:47[016]	93	-13	90	352.042474773083
2025-06-24	18:25:47[029]	81	-3	90	357.878903603339
2025-06-24	18:25:47[056]	70	10	95	8.13010235415598
2025-06-24	18:25:47[056]	64	10	134	8.88065915052024
2025-06-24	18:25:47[062]	55	13	173	13.2985703304943
2025-06-24	18:25:47[072]	54	-4	211	355.763605200941
2025-06-24	18:25:47[082]	82	-17	207	348.287527688913
2025-06-24	18:25:47[095]	95	-34	175	340.307978761263
2025-06-24	18:25:47[095]	103	-32	129	342.741045707096
2025-06-24	18:25:47[105]	98	-20	103	348.465379346355
2025-06-24	18:25:47[129]	92	-7	86	355.648922048426
2025-06-24	18:25:47[129]	81	3	87	2.12109639666145
2025-06-24	18:25:47[139]	71	13	113	10.3758449200511
2025-06-24	18:25:47[162]	64	9	147	8.00472885729286
2025-06-24	18:25:47[162]	55	10	182	10.304846468766
2025-06-24	18:25:47[172]	63	-5	209	355.462227492093
2025-06-24	18:25:47[189]	79	-26	199	341.782904802175
2025-06-24	18:25:47[189]	102	-30	162	343.610459665965
2025-06-24	18:25:47[205]	97	-27	118	344.445428729926
2025-06-24	18:25:47[205]	99	-20	92	348.578813725001
2025-06-24	18:25:47[225]	94	-4	88	357.56335175319
2025-06-24	18:25:47[234]	81	3	95	2.12109639666145
2025-06-24	18:25:47[244]	66	13	119	11.1428898583393
2025-06-24	18:25:47[254]	57	10	156	9.9506266879516
2025-06-24	18:25:47[254]	62	2	195	1.8476102659946
2025-06-24	18:25:47[267]	70	-9	221	352.67359333983
2025-06-24	18:25:47[287]	89	-24	198	344.908427321405
2025-06-24	18:25:47[287]	94	-34	154	340.114834886145
2025-06-24	18:25:47[311]	103	-22	116	347.943237466167
2025-06-24	18:25:47[321]	100	-11	94	353.722701510402
2025-06-24	18:25:47[321]	86	1	87	0.666199970183142
2025-06-24	18:25:47[337]	75	6	100	4.57392125990086
2025-06-24	18:25:47[337]	67	8	123	6.80905017961341
2025-06-24	18:25:47[347]	55	18	169	18.1218602479014
2025-06-24	18:25:47[370]	54	6	203	6.34019174590991
2025-06-24	18:25:47[370]	66	-8	217	353.088772880975
2025-06-24	18:25:47[380]	88	-28	192	342.34987578007
2025-06-24	18:25:47[380]	98	-35	157	340.346175941947
2025-06-24	18:25:47[397]	99	-29	117	343.673146489435
2025-06-24	18:25:47[413]	92	-10	91	353.796552098308
2025-06-24	18:25:47[413]	86	0	91	0
2025-06-24	18:25:47[433]	78	3	100	2.20259816176581
2025-06-24	18:25:47[447]	67	9	131	7.65065095535941
2025-06-24	18:25:47[447]	52	17	169	18.1037630345066
2025-06-24	18:25:47[463]	60	6	211	5.71059313749964
2025-06-24	18:25:47[463]	72	-10	220	352.092837297042
2025-06-24	18:25:47[480]	91	-34	195	339.512985806669
2025-06-24	18:25:47[490]	104	-29	152	344.419076151748
2025-06-24	18:25:47[490]	101	-22	115	347.711676836725
2025-06-24	18:25:47[513]	98	-6	92	356.496468355216
2025-06-24	18:25:47[523]	88	-4	92	357.3974377975
2025-06-24	18:25:47[530]	76	12	104	8.97262661489639
2025-06-24	18:25:47[538]	66	11	135	9.46232220802562
2025-06-24	18:25:47[538]	55	10	170	10.304846468766
2025-06-24	18:25:47[568]	59	0	203	0
2025-06-24	18:25:47[574]	69	-11	221	350.942111871382
2025-06-24	18:25:47[574]	96	-26	197	344.845931949687
2025-06-24	18:25:47[584]	103	-32	151	342.741045707096
2025-06-24	18:25:47[617]	103	-22	116	347.943237466167
2025-06-24	18:25:47[617]	93	-11	93	353.254420352517
2025-06-24	18:25:47[617]	85	-5	87	356.63353933657
2025-06-24	18:25:47[627]	77	2	106	1.48786752882778
2025-06-24	18:25:47[640]	60	14	130	13.1340223063963
2025-06-24	18:25:47[660]	56	15	167	14.995079129176
2025-06-24	18:25:47[660]	59	1	206	0.971021931079167
2025-06-24	18:25:47[673]	79	-16	214	348.5506620115
2025-06-24	18:25:47[673]	97	-30	183	342.814293855775
2025-06-24	18:25:47[683]	102	-32	137	342.582029207797
2025-06-24	18:25:47[707]	98	-19	107	349.027759762188
2025-06-24	18:25:47[707]	95	-19	89	348.69006752598
2025-06-24	18:25:47[717]	86	-1	92	359.333800029817
2025-06-24	18:25:47[737]	71	14	109	11.1546597389283
2025-06-24	18:25:47[737]	62	10	149	9.16234704572171
2025-06-24	18:25:47[750]	60	1	183	0.954841253872189
2025-06-24	18:25:47[767]	63	-5	213	355.462227492093
2025-06-24	18:25:47[767]	82	-22	203	344.981639368849
2025-06-24	18:25:47[783]	99	-34	163	341.045768300489
2025-06-24	18:25:47[783]	104	-23	118	347.529538278331
2025-06-24	18:25:47[793]	91	-12	98	352.487855896947
2025-06-24	18:25:47[817]	88	5	90	3.25194560036388
2025-06-24	18:25:47[817]	82	4	101	2.79270236571328
2025-06-24	18:25:47[833]	63	6	133	5.44033203100551
2025-06-24	18:25:47[833]	54	12	168	12.5288077091515
2025-06-24	18:25:47[850]	64	-1	214	359.104826289789
2025-06-24	18:25:47[860]	80	-25	207	342.645975363739
2025-06-24	18:25:47[860]	98	-31	173	342.44645517366
2025-06-24	18:25:47[875]	100	-31	133	342.776563808869
2025-06-24	18:25:47[895]	94	-22	97	346.827446576673
2025-06-24	18:25:47[895]	93	-18	91	349.045937356602
2025-06-24	18:25:47[908]	77	1	95	0.744059202888709
2025-06-24	18:25:47[908]	70	11	118	8.930590100419
2025-06-24	18:25:47[928]	60	8	153	7.59464336859145
2025-06-24	18:25:47[941]	60	5	195	4.76364169072618
2025-06-24	18:25:47[941]	72	-15	207	348.231711067979
2025-06-24	18:25:47[961]	82	-27	195	341.774924888646
2025-06-24	18:25:47[975]	97	-38	164	338.607109648019
2025-06-24	18:25:47[975]	98	-25	118	345.688958737394
2025-06-24	18:25:47[985]	96	-20	95	348.231711067979
2025-06-24	18:25:47[985]	84	-11	84	352.539433873832
2025-06-24	18:25:48[008]	83	-1	83	359.309722802135
2025-06-24	18:25:48[018]	63	3	107	2.72631099390627
2025-06-24	18:25:48[018]	56	15	132	14.995079129176
2025-06-24	18:25:48[042]	60	13	169	12.2251226757358
2025-06-24	18:25:48[052]	57	-4	195	355.985824304589
2025-06-24	18:25:48[052]	75	-9	205	353.157226587369
2025-06-24	18:25:48[069]	88	-32	197	340.0168934781
2025-06-24	18:25:48[069]	99	-36	167	340.0168934781
2025-06-24	18:25:48[096]	99	-36	138	340.0168934781
2025-06-24	18:25:48[106]	104	-24	108	347.005383208084
2025-06-24	18:25:48[106]	92	-16	96	350.134193056916
2025-06-24	18:25:48[119]	84	-5	80	356.593556245005
2025-06-24	18:25:48[136]	84	-8	88	354.559667968995
2025-06-24	18:25:48[138]	72	7	97	5.5529710330368
2025-06-24	18:25:48[152]	70	14	116	11.3099324740202
2025-06-24	18:25:48[152]	60	14	131	13.1340223063963
2025-06-24	18:25:48[162]	57	6	161	6.00900595749452
2025-06-24	18:25:48[192]	55	0	179	0
2025-06-24	18:25:48[192]	56	4	193	4.08561677997488
2025-06-24	18:25:48[192]	59	-1	198	359.028978068921
2025-06-24	18:25:48[215]	64	-9	205	351.995271142707
2025-06-24	18:25:48[215]	68	-10	208	351.634113875967
2025-06-24	18:25:48[235]	66	-12	214	349.695153531234
2025-06-24	18:25:48[235]	75	-15	208	348.69006752598
2025-06-24	18:25:48[249]	75	-16	206	347.957424857115
2025-06-24	18:25:48[259]	71	-19	208	345.018367427609
2025-06-24	18:25:48[259]	69	-18	213	345.379126011368
2025-06-24	18:25:48[282]	78	-14	213	349.824489156957
2025-06-24	18:25:48[282]	74	-18	204	346.328692867804
2025-06-24	18:25:48[292]	72	-11	214	351.313645418763
2025-06-24	18:25:48[312]	75	-7	207	354.66784111834
2025-06-24	18:25:48[312]	69	-21	208	343.072486935853
2025-06-24	18:25:48[326]	64	-18	211	344.291362170984
2025-06-24	18:25:48[346]	71	-15	203	348.070677822762
2025-06-24	18:25:48[346]	69	-21	209	343.072486935853
2025-06-24	18:25:48[359]	72	-13	208	349.765197236577
2025-06-24	18:25:48[359]	73	-17	210	346.890791801846
2025-06-24	18:25:48[379]	69	-20	208	343.835500847743
2025-06-24	18:25:48[392]	72	-15	209	348.231711067979
2025-06-24	18:25:48[392]	72	-16	205	347.471192290848
2025-06-24	18:25:48[409]	73	-14	208	349.143586651938
2025-06-24	18:25:48[425]	73	-19	206	345.411081267125
2025-06-24	18:25:48[425]	71	-21	206	343.523118606312
2025-06-24	18:25:48[435]	73	-14	209	349.143586651938
2025-06-24	18:25:48[435]	73	-17	206	346.890791801846
2025-06-24	18:25:48[451]	75	-21	206	344.357753542791
2025-06-24	18:25:48[471]	79	-13	201	350.6553280979
2025-06-24	18:25:48[471]	74	-13	208	350.036195810093
2025-06-24	18:25:48[485]	76	-20	204	345.256437163529
2025-06-24	18:25:48[505]	69	-12	202	350.134193056916
2025-06-24	18:25:48[505]	72	-21	206	343.739795291688
2025-06-24	18:25:48[518]	69	-18	199	345.379126011368
2025-06-24	18:25:48[518]	69	-14	211	348.530469667133
2025-06-24	18:25:48[528]	72	-19	199	345.217273957384
2025-06-24	18:25:48[552]	76	-15	203	348.835119822451
2025-06-24	18:25:48[552]	74	-18	201	346.328692867804
2025-06-24	18:25:48[562]	76	-14	205	349.562524648882
2025-06-24	18:25:48[585]	75	-18	199	346.504266719204
2025-06-24	18:25:48[585]	70	-22	205	342.552811576718
2025-06-24	18:25:48[595]	70	-18	211	345.579226872489
2025-06-24	18:25:48[595]	69	-12	205	350.134193056916
2025-06-24	18:25:48[615]	73	-15	202	348.388513576112
2025-06-24	18:25:48[629]	73	-17	207	346.890791801846
2025-06-24	18:25:48[629]	68	-19	201	344.38901146632
2025-06-24	18:25:48[649]	70	-18	203	345.579226872489
2025-06-24	18:25:48[649]	70	-19	202	344.814162737799
2025-06-24	18:25:48[662]	72	-15	204	348.231711067979
2025-06-24	18:25:48[672]	69	-15	206	347.735226272108
2025-06-24	18:25:48[672]	69	-17	208	346.159304508344
2025-06-24	18:25:48[695]	76	-18	209	346.675468738109
2025-06-24	18:25:48[713]	73	-20	205	344.678489925135
2025-06-24	18:25:48[713]	74	-17	211	347.061943682814
2025-06-24	18:25:48[728]	70	-19	210	344.814162737799
2025-06-24	18:25:48[728]	75	-20	211	345.068582821862
2025-06-24	18:25:48[738]	74	-21	206	344.156917882313
2025-06-24	18:25:48[763]	67	-18	209	344.962184096418
2025-06-24	18:25:48[763]	67	-17	210	345.762719534239
2025-06-24	18:25:48[773]	71	-18	208	345.774036101248
2025-06-24	18:25:48[795]	74	-17	209	347.061943682814
2025-06-24	18:25:48[795]	73	-14	206	349.143586651938
2025-06-24	18:25:48[805]	68	-11	202	350.811163922641
2025-06-24	18:25:48[805]	67	-17	202	345.762719534239
2025-06-24	18:25:48[818]	67	-23	200	341.053495310491
2025-06-24	18:25:48[838]	69	-15	205	347.735226272108
2025-06-24	18:25:48[838]	70	-16	203	347.124998440388
2025-06-24	18:25:48[863]	63	-20	198	342.387422157076
2025-06-24	18:25:48[873]	69	-19	199	344.604450746005
2025-06-24	18:25:48[873]	67	-19	203	344.167613379578
2025-06-24	18:25:48[895]	66	-20	209	343.141601232262
2025-06-24	18:25:48[895]	71	-18	201	345.774036101248
2025-06-24	18:25:48[905]	71	-16	197	347.300415510403
2025-06-24	18:25:48[938]	65	-18	208	344.521361834582
2025-06-24	18:25:48[938]	66	-19	211	343.940012692839
2025-06-24	18:25:48[938]	60	-18	209	343.300755766006
2025-06-24	18:25:48[954]	73	-17	209	346.890791801846
2025-06-24	18:25:48[954]	73	-18	207	346.148580986195
2025-06-24	18:25:48[974]	68	-19	207	344.38901146632
2025-06-24	18:25:48[974]	73	-11	208	351.430858120162
2025-06-24	18:25:48[984]	69	-18	208	345.379126011368
2025-06-24	18:25:49[007]	63	-11	202	350.095816787026
2025-06-24	18:25:49[007]	64	-20	203	342.645975363739
2025-06-24	18:25:49[014]	69	-16	203	346.944752776203
2025-06-24	18:25:49[030]	66	-16	205	346.373005140108
2025-06-24	18:25:49[030]	66	-23	204	340.787328182814
2025-06-24	18:25:49[040]	68	-21	198	342.838081197135
2025-06-24	18:25:49[040]	63	-14	196	347.471192290848
2025-06-24	18:25:49[064]	63	-20	194	342.387422157076
2025-06-24	18:25:49[081]	61	-18	196	343.55962047832
2025-06-24	18:25:49[081]	64	-14	184	347.660912721674
2025-06-24	18:25:49[097]	54	-18	192	341.565051177078
2025-06-24	18:25:49[097]	56	-23	182	337.671343621981
2025-06-24	18:25:49[107]	63	-22	180	340.750474127318
2025-06-24	18:25:49[120]	58	-18	175	342.75854060106
2025-06-24	18:25:49[130]	51	-19	174	339.567171320601
2025-06-24	18:25:49[140]	49	-25	166	332.969139740157
2025-06-24	18:25:49[154]	43	-25	163	329.826479970356
2025-06-24	18:25:49[154]	52	-27	163	332.560272051801
2025-06-24	18:25:49[174]	46	-27	159	329.588918732875
2025-06-24	18:25:49[174]	47	-26	153	331.049004792533
2025-06-24	18:25:49[187]	40	-28	152	325.007979801441
2025-06-24	18:25:49[207]	36	-26	143	324.162347045722
2025-06-24	18:25:49[207]	36	-33	136	317.489552921999
2025-06-24	18:25:49[220]	31	-24	142	322.253194612725
2025-06-24	18:25:49[240]	27	-30	130	311.987212495817
2025-06-24	18:25:49[240]	33	-28	128	319.685899839503
2025-06-24	18:25:49[255]	31	-30	133	315.939190945736
2025-06-24	18:25:49[255]	28	-26	124	317.121096396661
2025-06-24	18:25:49[265]	27	-29	121	312.954591511113
2025-06-24	18:25:49[287]	29	-29	114	315
2025-06-24	18:25:49[287]	22	-26	112	310.236358309274
2025-06-24	18:25:49[297]	29	-25	113	319.236394799059
2025-06-24	18:25:49[320]	30	-23	112	322.523820438639
2025-06-24	18:25:49[320]	24	-22	101	317.489552921999
2025-06-24	18:25:49[330]	25	-29	98	310.763605200941
2025-06-24	18:25:49[330]	25	-24	100	316.169139327907
2025-06-24	18:25:49[353]	19	-29	91	303.231711067979
2025-06-24	18:25:49[365]	25	-22	90	318.652222780306
2025-06-24	18:25:49[365]	25	-29	97	310.763605200941
2025-06-24	18:25:49[385]	22	-26	91	310.236358309274
2025-06-24	18:25:49[397]	27	-19	87	324.865806943084
2025-06-24	18:25:49[397]	28	-25	84	318.239700296102
2025-06-24	18:25:49[416]	30	-24	84	321.34019174591
2025-06-24	18:25:49[416]	34	-24	85	324.782407031807
2025-06-24	18:25:49[440]	30	-20	87	326.30993247402
2025-06-24	18:25:49[440]	33	-17	83	332.744671625057
2025-06-24	18:25:49[440]	27	-23	81	319.573921259901
2025-06-24	18:25:49[475]	36	-24	79	326.30993247402
2025-06-24	18:25:49[475]	32	-21	73	326.725112015165
2025-06-24	18:25:49[475]	31	-27	77	318.945186229038
2025-06-24	18:25:49[497]	35	-19	82	331.504361381755
2025-06-24	18:25:49[497]	37	-21	76	330.422161318739
2025-06-24	18:25:49[507]	37	-19	77	332.818888914523
2025-06-24	18:25:49[520]	41	-23	73	330.708637829016
2025-06-24	18:25:49[520]	37	-26	78	324.904183212974
2025-06-24	18:25:49[540]	36	-23	79	327.425942865427
2025-06-24	18:25:49[540]	38	-30	78	321.709836807757
2025-06-24	18:25:49[556]	41	-19	75	335.136303428248
2025-06-24	18:25:49[576]	40	-32	78	321.34019174591
2025-06-24	18:25:49[576]	42	-26	74	328.240519915187
2025-06-24	18:25:49[586]	48	-25	70	332.487997376149
2025-06-24	18:25:49[614]	36	-28	78	322.125016348902
2025-06-24	18:25:49[614]	40	-24	77	329.036243467926
2025-06-24	18:25:49[624]	45	-19	72	337.109448343752
2025-06-24	18:25:49[624]	37	-24	74	327.030596096538
2025-06-24	18:25:49[647]	42	-14	73	341.565051177078
2025-06-24	18:25:49[656]	40	-27	70	325.980650010174
2025-06-24	18:25:49[656]	44	-22	75	333.434948822922
2025-06-24	18:25:49[671]	47	-24	75	332.949402992914
2025-06-24	18:25:49[681]	46	-30	76	326.888658039628
2025-06-24	18:25:49[691]	47	-22	74	334.916405993809
2025-06-24	18:25:49[704]	46	-20	79	336.501434324048
2025-06-24	18:25:49[704]	48	-29	75	328.861027563021
2025-06-24	18:25:49[721]	44	-22	78	333.434948822922
2025-06-24	18:25:49[737]	47	-24	82	332.949402992914
2025-06-24	18:25:49[737]	45	-21	80	334.9831065219
2025-06-24	18:25:49[747]	44	-23	79	332.402704131356
2025-06-24	18:25:49[761]	43	-22	78	332.904447506248
2025-06-24	18:25:49[771]	48	-21	88	336.370622269343
2025-06-24	18:25:49[781]	50	-17	88	341.221966777554
2025-06-24	18:25:49[781]	47	-10	88	347.988521613635
2025-06-24	18:25:49[794]	59	-18	90	343.033851891464
2025-06-24	18:25:49[814]	64	-10	92	351.11934084948
2025-06-24	18:25:49[814]	61	-6	93	354.382419409873
2025-06-24	18:25:49[828]	54	-9	94	350.537677791974
2025-06-24	18:25:49[848]	72	0	95	0
2025-06-24	18:25:49[848]	66	0	98	0
2025-06-24	18:25:49[861]	73	-2	100	358.430645195251
2025-06-24	18:25:49[861]	85	5	95	3.3664606634298
2025-06-24	18:25:49[881]	93	10	95	6.13725594926199
2025-06-24	18:25:49[894]	97	11	92	6.46981998517317
2025-06-24	18:25:49[894]	108	7	90	3.70842815713045
2025-06-24	18:25:49[904]	112	5	86	2.55615007857828
2025-06-24	18:25:49[928]	114	2	86	1.00508600525418
2025-06-24	18:25:49[928]	127	3	81	1.35319195377969
2025-06-24	18:25:49[938]	126	-5	83	357.727550267217
2025-06-24	18:25:49[938]	126	3	71	1.36392753160292
2025-06-24	18:25:49[961]	126	-15	72	353.211025425561
2025-06-24	18:25:49[971]	118	-17	67	351.801931153984
2025-06-24	18:25:49[971]	127	-19	69	351.49129668373
2025-06-24	18:25:49[991]	119	-15	73	352.815732607573
2025-06-24	18:25:49[991]	114	-21	70	349.562524648882
2025-06-24	18:25:50[001]	118	-25	69	348.037948602334
2025-06-24	18:25:50[021]	116	-25	68	347.837796480318
2025-06-24	18:25:50[021]	115	-26	66	347.260353207518
2025-06-24	18:25:50[034]	115	-29	70	345.846587412149
2025-06-24	18:25:50[067]	109	-35	67	342.198127948509
2025-06-24	18:25:50[067]	106	-32	63	343.201628218695
2025-06-24	18:25:50[067]	101	-37	67	339.880366859182
2025-06-24	18:25:50[067]	102	-30	68	343.610459665965
2025-06-24	18:25:50[087]	98	-29	66	343.515546810464
2025-06-24	18:25:50[110]	93	-35	65	339.376468616675
2025-06-24	18:25:50[110]	96	-34	61	340.497551493338
2025-06-24	18:25:50[120]	87	-28	69	342.159795692296
2025-06-24	18:25:50[134]	87	-28	70	342.159795692296
2025-06-24	18:25:50[134]	90	-30	67	341.565051177078
2025-06-24	18:25:50[144]	83	-32	72	338.916245417619
2025-06-24	18:25:50[154]	90	-29	66	342.139905929321
2025-06-24	18:25:50[177]	90	-33	69	339.863696571752
2025-06-24	18:25:50[177]	79	-31	66	338.574706201913
2025-06-24	18:25:50[177]	83	-31	73	339.519642688191
2025-06-24	18:25:50[210]	84	-27	64	342.181111085477
2025-06-24	18:25:50[220]	87	-21	70	346.429565614839
2025-06-24	18:25:50[220]	80	-26	71	341.995838394087
2025-06-24	18:25:50[233]	79	-26	65	341.782904802175
2025-06-24	18:25:50[233]	80	-28	67	340.709953780811
2025-06-24	18:25:50[253]	81	-18	71	347.471192290848
2025-06-24	18:25:50[264]	75	-28	65	339.527720480258
2025-06-24	18:25:50[264]	78	-28	69	340.253163394574
2025-06-24	18:25:50[286]	72	-23	72	342.284207293623
2025-06-24	18:25:50[293]	75	-30	69	338.198590513648
2025-06-24	18:25:50[293]	77	-23	70	343.369046293279
2025-06-24	18:25:50[309]	70	-28	68	338.198590513648
2025-06-24	18:25:50[309]	74	-19	74	345.599978693209
2025-06-24	18:25:50[320]	76	-23	65	343.162527374324
2025-06-24	18:25:50[343]	75	-20	71	345.068582821862
2025-06-24	18:25:50[343]	73	-21	72	343.950995207467
2025-06-24	18:25:50[366]	81	-23	72	344.148071845713
2025-06-24	18:25:50[376]	71	-19	67	345.018367427609
2025-06-24	18:25:50[376]	77	-29	69	339.362453015312
2025-06-24	18:25:50[396]	74	-27	65	339.954750574579
2025-06-24	18:25:50[396]	77	-31	69	338.070412249825
2025-06-24	18:25:50[399]	77	-24	68	342.688353891153
2025-06-24	18:25:50[419]	81	-22	69	344.80475147318
2025-06-24	18:25:50[419]	70	-20	70	344.054604099077
2025-06-24	18:25:50[442]	74	-21	66	344.156917882313
2025-06-24	18:25:50[442]	71	-19	67	345.018367427609
2025-06-24	18:25:50[452]	76	-22	69	343.855661219717
2025-06-24	18:25:50[477]	83	-26	64	342.606677853088
2025-06-24	18:25:50[477]	75	-24	66	342.255328374943
2025-06-24	18:25:50[487]	72	-25	66	340.85186254206
2025-06-24	18:25:50[501]	70	-18	72	345.579226872489
2025-06-24	18:25:50[501]	74	-24	64	342.030860259843
2025-06-24	18:25:50[521]	73	-19	65	345.411081267125
2025-06-24	18:25:50[521]	73	-22	65	343.22877618137
2025-06-24	18:25:50[534]	76	-20	66	345.256437163529
2025-06-24	18:25:50[554]	79	-22	72	344.438489674672
2025-06-24	18:25:50[554]	70	-23	69	341.810954300349
2025-06-24	18:25:50[568]	79	-23	66	343.767649338844
2025-06-24	18:25:50[578]	78	-21	70	344.931511840508
2025-06-24	18:25:50[578]	78	-24	57	342.897271030948
2025-06-24	18:25:50[600]	78	-24	69	342.897271030948
2025-06-24	18:25:50[600]	78	-25	64	342.228679177091
2025-06-24	18:25:50[610]	75	-29	70	338.860175191342
2025-06-24	18:25:50[630]	71	-27	67	339.179107146689
2025-06-24	18:25:50[630]	80	-20	73	345.963756532074
2025-06-24	18:25:50[644]	72	-26	62	340.144785630679
2025-06-24	18:25:50[661]	82	-18	66	347.619243071193
2025-06-24	18:25:50[661]	77	-19	69	346.138972436979
2025-06-24	18:25:50[678]	82	-24	67	343.686147573739
2025-06-24	18:25:50[678]	87	-23	73	345.191622960958
2025-06-24	18:25:50[688]	84	-24	73	344.054604099077
2025-06-24	18:25:50[710]	84	-29	67	340.953375702364
2025-06-24	18:25:50[710]	81	-22	72	344.80475147318
2025-06-24	18:25:50[728]	91	-28	76	342.897271030948
2025-06-24	18:25:50[744]	85	-27	76	342.377702771332
2025-06-24	18:25:50[744]	85	-26	75	342.992053044593
2025-06-24	18:25:50[754]	82	-27	74	341.774924888646
2025-06-24	18:25:50[754]	81	-25	70	342.847578259788
2025-06-24	18:25:50[788]	92	-26	75	344.219246690485
2025-06-24	18:25:50[788]	88	-28	74	342.34987578007
2025-06-24	18:25:50[788]	90	-23	70	345.66456458048
2025-06-24	18:25:50[801]	95	-31	67	341.927677851041
2025-06-24	18:25:50[833]	97	-38	67	338.607109648019
2025-06-24	18:25:50[833]	104	-28	67	344.931511840508
2025-06-24	18:25:50[843]	107	-29	64	344.835539100262
2025-06-24	18:25:50[843]	110	-34	56	342.824096384253
2025-06-24	18:25:50[864]	107	-31	56	343.842660135412
2025-06-24	18:25:50[869]	115	-28	56	346.315980247753
2025-06-24	18:25:50[869]	125	-35	55	344.357753542791
2025-06-24	18:25:50[889]	124	-28	47	347.275644314578
2025-06-24	18:25:50[889]	127	-24	47	349.298649276101
2025-06-24	18:25:50[912]	133	-20	36	351.44816976618
2025-06-24	18:25:50[912]	130	-18	32	352.11686068327
2025-06-24	18:25:50[912]	140	-18	24	352.67359333983
2025-06-24	18:25:50[936]	142	-18	26	352.775684305955
2025-06-24	18:25:50[936]	140	-10	17	355.914383220025
2025-06-24	18:25:50[956]	143	-2	6	359.198712669893
2025-06-24	18:25:50[956]	137	1	1	0.418209941497097
2025-06-24	18:25:50[980]	137	8	-1	3.34194385726113
2025-06-24	18:25:50[990]	131	15	-1	6.53213668785244
2025-06-24	18:25:50[990]	129	15	0	6.63251461513846
2025-06-24	18:25:51[003]	130	21	-6	9.17620334037614
2025-06-24	18:25:51[023]	124	31	-7	14.0362434679265
2025-06-24	18:25:51[023]	125	25	1	11.3099324740202
2025-06-24	18:25:51[037]	121	34	-1	15.69492414342
2025-06-24	18:25:51[037]	113	36	-6	17.671050361992
2025-06-24	18:25:51[047]	120	45	-3	20.5560452195835
2025-06-24	18:25:51[070]	110	45	-2	22.2490236572124
2025-06-24	18:25:51[070]	105	45	-5	23.1985905136482
2025-06-24	18:25:51[080]	104	46	-2	23.8601751913423
2025-06-24	18:25:51[100]	100	53	-1	27.9235897151384
2025-06-24	18:25:51[103]	91	51	1	29.2679952148927
2025-06-24	18:25:51[113]	91	60	8	33.3984884679872
2025-06-24	18:25:51[113]	80	57	8	35.4698721674001
2025-06-24	18:25:51[146]	84	59	14	35.0834738790927
2025-06-24	18:25:51[146]	78	57	14	36.1581854398083
2025-06-24	18:25:51[146]	81	55	19	34.1769887737929
2025-06-24	18:25:51[166]	78	53	17	34.1956054024608
2025-06-24	18:25:51[190]	76	65	25	40.5391517414834
2025-06-24	18:25:51[190]	74	64	23	40.8553762588957
2025-06-24	18:25:51[202]	75	64	26	40.4752315271658
2025-06-24	18:25:51[202]	75	61	29	39.1226073933569
2025-06-24	18:25:51[212]	72	60	31	39.8055710922652
2025-06-24	18:25:51[212]	73	56	35	37.4926533330503
2025-06-24	18:25:51[232]	65	62	40	43.6468080462203
2025-06-24	18:25:51[256]	60	54	38	41.9872124958167
2025-06-24	18:25:51[256]	73	55	39	36.9952711427071
2025-06-24	18:25:51[263]	62	57	41	42.5940294833547
2025-06-24	18:25:51[280]	68	57	41	39.9709264182146
2025-06-24	18:25:51[280]	61	63	43	45.9240453527727
2025-06-24	18:25:51[290]	68	66	50	44.1449026037333
2025-06-24	18:25:51[290]	65	64	49	44.5558555668881
2025-06-24	18:25:51[312]	65	65	55	45
2025-06-24	18:25:51[336]	61	66	54	47.254574965935
2025-06-24	18:25:51[336]	59	61	56	45.9548412538722
2025-06-24	18:25:51[346]	65	69	55	46.7098140441415
2025-06-24	18:25:51[369]	52	65	58	51.3401917459099
2025-06-24	18:25:51[369]	58	72	54	51.1466256596467
2025-06-24	18:25:51[381]	58	74	58	51.9112271190247
2025-06-24	18:25:51[381]	57	64	64	48.3109415146115
2025-06-24	18:25:51[391]	48	78	62	58.3924977537511
2025-06-24	18:25:51[413]	57	70	66	50.8445658773869
2025-06-24	18:25:51[413]	48	71	71	55.9390911831922
2025-06-24	18:25:51[423]	58	78	70	53.3658861240326
2025-06-24	18:25:51[436]	51	76	67	56.1363094311817
2025-06-24	18:25:51[436]	50	73	76	55.5915277479714
2025-06-24	18:25:51[456]	47	79	74	59.2500326978036
2025-06-24	18:25:51[456]	50	76	70	56.659292653523
2025-06-24	18:25:51[471]	52	72	83	54.1623470457217
2025-06-24	18:25:51[491]	49	72	78	55.7625372231425
2025-06-24	18:25:51[491]	49	72	77	55.7625372231425
2025-06-24	18:25:51[504]	43	74	75	59.8399391619129
2025-06-24	18:25:51[504]	45	82	81	61.2428791026976
2025-06-24	18:25:51[514]	48	79	83	58.7173463183603
2025-06-24	18:25:51[537]	43	71	84	58.7994853960194
2025-06-24	18:25:51[537]	40	80	86	63.434948822922
2025-06-24	18:25:51[547]	43	85	86	63.1659565292255
2025-06-24	18:25:51[567]	42	79	89	62.0028526387574
2025-06-24	18:25:51[570]	44	78	88	60.5725435968103
2025-06-24	18:25:51[582]	47	76	85	58.2664808465837
2025-06-24	18:25:51[582]	40	81	93	63.7185889786798
2025-06-24	18:25:51[602]	42	81	90	62.5924245621816
2025-06-24	18:25:51[613]	44	83	94	62.0710212913191
2025-06-24	18:25:51[613]	41	81	93	63.1527058866512
2025-06-24	18:25:51[632]	46	77	90	59.145795494103
2025-06-24	18:25:51[647]	43	82	99	62.3279217772412
2025-06-24	18:25:51[647]	44	84	98	62.3540246362613
2025-06-24	18:25:51[656]	42	79	97	62.0028526387574
2025-06-24	18:25:51[656]	55	76	94	54.1073343122544
2025-06-24	18:25:51[682]	46	80	95	60.1010981613854
2025-06-24	18:25:51[692]	42	79	96	62.0028526387574
2025-06-24	18:25:51[692]	44	74	103	59.2645122980799
2025-06-24	18:25:51[713]	49	74	100	56.4889812021592
2025-06-24	18:25:51[723]	44	82	99	61.7826441452707
2025-06-24	18:25:51[723]	49	78	107	57.8627510189582
2025-06-24	18:25:51[747]	46	80	105	60.1010981613854
2025-06-24	18:25:51[747]	49	82	101	59.1391083116505
2025-06-24	18:25:51[772]	53	82	105	57.1237382477894
2025-06-24	18:25:51[772]	47	76	108	58.2664808465837
2025-06-24	18:25:51[772]	45	71	106	57.633361935275
2025-06-24	18:25:51[792]	49	78	99	57.8627510189582
2025-06-24	18:25:51[806]	45	76	108	59.3700015151793
2025-06-24	18:25:51[806]	49	72	100	55.7625372231425
2025-06-24	18:25:51[826]	43	79	104	61.4403795216802
2025-06-24	18:25:51[826]	46	72	110	57.4259428654275
2025-06-24	18:25:51[849]	47	74	103	57.5789352374931
2025-06-24	18:25:51[849]	50	80	103	57.9946167919165
2025-06-24	18:25:51[849]	42	73	110	60.0863540084651
2025-06-24	18:25:51[873]	45	66	104	55.713123022791
2025-06-24	18:25:51[893]	48	74	104	57.0305960965379
2025-06-24	18:25:51[893]	50	74	108	55.9540626433983
2025-06-24	18:25:51[900]	47	70	103	56.1214601948904
2025-06-24	18:25:51[900]	41	73	109	60.6795241224193
2025-06-24	18:25:51[916]	44	77	109	60.2551187030578
2025-06-24	18:25:51[936]	41	76	108	61.6543063769233
2025-06-24	18:25:51[936]	50	74	104	55.9540626433983
2025-06-24	18:25:51[952]	47	78	108	58.9283419391537
2025-06-24	18:25:51[952]	47	74	107	57.5789352374931
2025-06-24	18:25:51[962]	43	83	106	62.6125778429238
2025-06-24	18:25:51[986]	44	72	110	58.5704343851615
2025-06-24	18:25:51[986]	42	83	101	63.1594904667868
2025-06-24	18:25:52[009]	36	78	103	65.2248594311681
2025-06-24	18:25:52[009]	45	82	110	61.2428791026976
2025-06-24	18:25:52[009]	43	82	109	62.3279217772412
2025-06-24	18:25:52[029]	41	80	102	62.8648603779231
2025-06-24	18:25:52[029]	37	82	109	65.7141748443487
2025-06-24	18:25:52[042]	46	78	101	59.4702941000659
2025-06-24	18:25:52[062]	41	74	105	61.0111774788085
2025-06-24	18:25:52[062]	38	80	100	64.5922818910515
2025-06-24	18:25:52[085]	45	88	105	62.9164491356313
2025-06-24	18:25:52[095]	41	87	105	64.7671686767917
2025-06-24	18:25:52[095]	41	84	107	63.9832170592262
2025-06-24	18:25:52[108]	39	92	101	67.0272786691713
2025-06-24	18:25:52[108]	36	78	105	65.2248594311681
2025-06-24	18:25:52[128]	32	89	102	70.2239233973608
2025-06-24	18:25:52[141]	35	87	102	68.0851336728083
2025-06-24	18:25:52[141]	36	87	100	67.5205656028969
2025-06-24	18:25:52[161]	37	86	102	66.7210508019973
2025-06-24	18:25:52[175]	37	94	101	68.5145566829366
2025-06-24	18:25:52[175]	28	92	98	73.072486935853
2025-06-24	18:25:52[185]	34	94	101	70.1148348861446
2025-06-24	18:25:52[185]	37	101	98	69.8803668591817
2025-06-24	18:25:52[209]	35	98	102	70.3461759419467
2025-06-24	18:25:52[241]	31	99	96	72.6130278230845
2025-06-24	18:25:52[242]	36	101	104	70.3821205918817
2025-06-24	18:25:52[242]	33	104	100	72.395366663336
2025-06-24	18:25:52[252]	31	102	99	73.0948419013643
2025-06-24	18:25:52[252]	35	111	100	72.4991387310472
2025-06-24	18:25:52[269]	28	113	100	76.0831225666987
2025-06-24	18:25:52[285]	26	108	97	76.4641436308657
2025-06-24	18:25:52[285]	31	114	104	74.7874171313795
2025-06-24	18:25:52[295]	27	111	99	76.3286928678042
2025-06-24	18:25:52[308]	33	114	104	73.8556612197165
2025-06-24	18:25:52[318]	35	109	97	72.1981279485091
2025-06-24	18:25:52[328]	30	116	100	75.4998332334474
2025-06-24	18:25:52[328]	40	119	103	71.4207296195553
2025-06-24	18:25:52[342]	28	117	100	76.541315391385
2025-06-24	18:25:52[362]	32	115	101	74.4501958302984
2025-06-24	18:25:52[362]	38	119	103	72.2902754761372
2025-06-24	18:25:52[385]	35	125	104	74.3577535427913
2025-06-24	18:25:52[395]	36	123	108	73.6861475737394
2025-06-24	18:25:52[395]	40	123	109	71.9853060817948
2025-06-24	18:25:52[408]	31	121	102	75.6299984848207
2025-06-24	18:25:52[408]	33	130	100	75.7565394264522
2025-06-24	18:25:52[428]	37	134	113	74.5641381125332
2025-06-24	18:25:52[442]	42	136	105	72.8380811971347
2025-06-24	18:25:52[442]	41	132	111	72.744888997908
2025-06-24	18:25:52[462]	37	128	113	73.8774012222828
2025-06-24	18:25:52[462]	35	131	116	75.0413639262791
2025-06-24	18:25:52[475]	36	133	113	74.8542938555698
2025-06-24	18:25:52[485]	35	139	115	75.8668094511371
2025-06-24	18:25:52[485]	43	138	119	72.69326860889
2025-06-24	18:25:52[505]	42	134	120	72.5972958686437
2025-06-24	18:25:52[520]	40	140	115	74.0546040990772
2025-06-24	18:25:52[520]	49	140	121	70.7099537808113
2025-06-24	18:25:52[553]	38	137	124	74.4974612083684
2025-06-24	18:25:52[553]	43	140	126	72.9260339700541
2025-06-24	18:25:52[553]	38	142	121	75.0183674276091
2025-06-24	18:25:52[573]	40	141	120	74.1619999986304
2025-06-24	18:25:52[573]	40	136	128	73.6104596659652
2025-06-24	18:25:52[597]	36	139	124	75.479850981463
2025-06-24	18:25:52[597]	51	140	132	69.9840403971173
2025-06-24	18:25:52[597]	46	139	123	71.6887999684844
2025-06-24	18:25:52[625]	50	142	124	70.6021875514418
2025-06-24	18:25:52[625]	48	138	129	70.8209919741893
2025-06-24	18:25:52[645]	48	136	133	70.5599651718238
2025-06-24	18:25:52[648]	40	134	134	73.3792430861079
2025-06-24	18:25:52[648]	56	150	129	69.5277204802581
2025-06-24	18:25:52[668]	48	145	136	71.6836758098867
2025-06-24	18:25:52[681]	50	146	134	71.0954241573883
2025-06-24	18:25:52[681]	52	143	133	70.0168934781
2025-06-24	18:25:52[701]	58	149	141	68.7309401607715
2025-06-24	18:25:52[701]	50	146	128	71.0954241573883
2025-06-24	18:25:52[715]	56	146	135	69.0151021641178
2025-06-24	18:25:52[725]	63	156	139	68.0088700828229
2025-06-24	18:25:52[725]	56	143	144	68.6142720680716
2025-06-24	18:25:52[760]	50	146	142	71.0954241573883
2025-06-24	18:25:52[760]	56	148	139	69.2744411344395
2025-06-24	18:25:52[760]	58	153	141	69.2390351265791
2025-06-24	18:25:52[783]	58	150	140	68.8601751913424
2025-06-24	18:25:52[783]	61	148	141	67.6003964542219
2025-06-24	18:25:52[810]	61	148	138	67.6003964542219
2025-06-24	18:25:52[816]	61	146	135	67.3244269708139
2025-06-24	18:25:52[816]	63	153	141	67.6198649480404
2025-06-24	18:25:52[826]	65	144	143	65.7061123974149
2025-06-24	18:25:52[846]	62	149	142	67.4074447636727
2025-06-24	18:25:52[846]	63	148	144	66.9417254005632
2025-06-24	18:25:52[860]	58	149	149	68.7309401607715
2025-06-24	18:25:52[860]	63	151	147	67.3531976869894
2025-06-24	18:25:52[883]	58	154	150	69.3624530153122
2025-06-24	18:25:52[893]	53	150	149	70.5399875647139
2025-06-24	18:25:52[893]	58	151	154	68.9879198559588
2025-06-24	18:25:52[903]	56	145	146	68.8830953355366
2025-06-24	18:25:52[903]	52	151	148	70.9977847672201
2025-06-24	18:25:52[920]	59	148	146	68.265368781212
2025-06-24	18:25:52[940]	63	142	149	66.0749592419933
2025-06-24	18:25:52[950]	60	148	150	67.9321004375898
2025-06-24	18:25:52[960]	52	149	148	70.7613554830916
2025-06-24	18:25:52[970]	56	149	151	69.4018255383671
2025-06-24	18:25:52[970]	62	149	142	67.4074447636727
2025-06-24	18:25:52[993]	55	146	151	69.3579896843628
2025-06-24	18:25:52[993]	53	149	142	70.4192883389029
2025-06-24	18:25:53[003]	56	148	155	69.2744411344395
2025-06-24	18:25:53[013]	59	149	153	68.3977639159261
2025-06-24	18:25:53[013]	52	146	148	70.3959118491706
2025-06-24	18:25:53[033]	54	151	150	70.3221424787954
2025-06-24	18:25:53[044]	50	154	154	72.0126653479386
2025-06-24	18:25:53[054]	54	146	151	69.7024302277713
2025-06-24	18:25:53[064]	53	141	151	69.3994359241751
2025-06-24	18:25:53[064]	52	146	155	70.3959118491706
2025-06-24	18:25:53[084]	49	149	157	71.7960812939735
2025-06-24	18:25:53[094]	51	143	156	70.371561753096
2025-06-24	18:25:53[094]	60	143	160	67.2380327155645
2025-06-24	18:25:53[114]	46	147	157	72.6237849002808
2025-06-24	18:25:53[124]	51	148	157	70.9863256114702
2025-06-24	18:25:53[124]	48	151	162	72.365538923341
2025-06-24	18:25:53[145]	51	143	153	70.371561753096
2025-06-24	18:25:53[157]	50	143	162	70.7278029327301
2025-06-24	18:25:53[157]	52	134	161	68.7907738657772
2025-06-24	18:25:53[177]	51	135	150	69.3045492659367
2025-06-24	18:25:53[177]	52	139	163	69.4891407170368
2025-06-24	18:25:53[191]	53	140	161	69.264766062003
2025-06-24	18:25:53[221]	51	137	162	69.5815744825687
2025-06-24	18:25:53[221]	51	139	152	69.8515858597122
2025-06-24	18:25:53[234]	48	133	162	70.1553724338683
2025-06-24	18:25:53[234]	55	137	160	68.1265203887488
2025-06-24	18:25:53[244]	56	135	161	67.4706019970632
2025-06-24	18:25:53[258]	50	135	153	69.6768631703371
2025-06-24	18:25:53[258]	53	139	159	69.1284029302679
2025-06-24	18:25:53[268]	49	137	159	70.3196869103096
2025-06-24	18:25:53[291]	54	134	159	68.051300916473
2025-06-24	18:25:53[291]	51	136	155	69.4439547804165
2025-06-24	18:25:53[301]	48	141	157	71.2001148413474
2025-06-24	18:25:53[301]	47	133	161	70.5374343906363
2025-06-24	18:25:53[335]	48	132	154	70.0168934781
2025-06-24	18:25:53[345]	51	139	164	69.8515858597122
2025-06-24	18:25:53[345]	48	141	156	71.2001148413474
2025-06-24	18:25:53[355]	51	137	161	69.5815744825687
2025-06-24	18:25:53[355]	49	138	158	70.4514505676449
2025-06-24	18:25:53[372]	49	137	170	70.3196869103096
2025-06-24	18:25:53[392]	44	136	167	72.0720802379928
2025-06-24	18:25:53[392]	46	142	163	72.0505970070861
2025-06-24	18:25:53[405]	49	136	164	70.1862067545043
2025-06-24	18:25:53[428]	46	129	163	70.3743172852207
2025-06-24	18:25:53[428]	46	138	159	71.565051177078
2025-06-24	18:25:53[438]	41	134	166	72.987453190756
2025-06-24	18:25:53[438]	45	136	159	71.6915317211053
2025-06-24	18:25:53[458]	46	142	163	72.0505970070861
2025-06-24	18:25:53[468]	44	138	162	72.3156079734423
2025-06-24	18:25:53[468]	47	136	160	70.9354525686677
2025-06-24	18:25:53[488]	46	136	154	71.3126484947888
2025-06-24	18:25:53[505]	45	136	163	71.6915317211053
2025-06-24	18:25:53[505]	46	137	168	71.4396776802149
2025-06-24	18:25:53[515]	42	140	166	73.3007557660064
2025-06-24	18:25:53[515]	43	135	160	72.3323594921677
2025-06-24	18:25:53[541]	43	132	169	71.9565879946687
2025-06-24	18:25:53[551]	39	139	161	74.3271794904568
2025-06-24	18:25:53[551]	49	133	170	69.7751405688319
2025-06-24	18:25:53[565]	44	136	166	72.0720802379928
2025-06-24	18:25:53[575]	44	133	168	71.6943868028008
2025-06-24	18:25:53[575]	43	136	167	72.4542712543037
2025-06-24	18:25:53[598]	40	140	168	74.0546040990772
2025-06-24	18:25:53[598]	43	133	173	72.0835508643687
2025-06-24	18:25:53[608]	45	133	172	71.3069638257418
2025-06-24	18:25:53[628]	39	136	169	73.998977146154
2025-06-24	18:25:53[628]	42	134	171	72.5972958686437
2025-06-24	18:25:53[642]	35	133	173	75.2564371635293
2025-06-24	18:25:53[659]	40	132	172	73.1416012322617
2025-06-24	18:25:53[659]	39	136	175	73.998977146154
2025-06-24	18:25:53[676]	40	131	181	73.0202891554139
2025-06-24	18:25:53[676]	40	132	180	73.1416012322617
2025-06-24	18:25:53[686]	41	128	177	72.2390880750625
2025-06-24	18:25:53[712]	31	135	174	77.0673916032605
2025-06-24	18:25:53[712]	43	134	180	72.2087968912534
2025-06-24	18:25:53[722]	37	137	181	74.886526940424
2025-06-24	18:25:53[737]	42	134	177	72.5972958686437
2025-06-24	18:25:53[737]	46	132	185	70.7873281828144
2025-06-24	18:25:53[757]	54	133	183	67.9021078843113
2025-06-24	18:25:53[757]	48	133	180	70.1553724338683
2025-06-24	18:25:53[767]	48	133	188	70.1553724338683
2025-06-24	18:25:53[784]	51	127	187	68.1208486624247
2025-06-24	18:25:53[784]	47	131	187	70.2630985044991
2025-06-24	18:25:53[804]	52	128	191	67.8905516562483
2025-06-24	18:25:53[804]	52	133	178	68.6456226351019
2025-06-24	18:25:53[820]	54	132	185	67.7509763427876
2025-06-24	18:25:53[830]	55	130	181	67.0678995624102
2025-06-24	18:25:53[830]	58	127	192	65.4541559739704
2025-06-24	18:25:53[850]	52	129	194	68.0455981415826
2025-06-24	18:25:53[860]	61	127	196	64.3443292721212
2025-06-24	18:25:53[860]	54	128	191	67.1263348093733
2025-06-24	18:25:53[884]	59	126	202	64.9084702903262
2025-06-24	18:25:53[884]	61	122	203	63.434948822922
2025-06-24	18:25:53[894]	61	123	201	63.6215793664876
2025-06-24	18:25:53[918]	57	128	195	65.9959923518824
2025-06-24	18:25:53[918]	57	127	200	65.8285557902068
2025-06-24	18:25:53[928]	64	129	202	63.6128854543324
2025-06-24	18:25:53[961]	63	123	195	62.8786965958413
2025-06-24	18:25:53[961]	62	126	200	63.7998851586527
2025-06-24	18:25:53[961]	59	129	194	65.4223330247234
2025-06-24	18:25:53[961]	61	124	202	63.8057901137501
2025-06-24	18:25:53[984]	73	127	196	60.1095751223405
2025-06-24	18:25:54[004]	73	130	200	60.6841140270408
2025-06-24	18:25:54[004]	69	122	200	60.5086381968298
2025-06-24	18:25:54[018]	73	129	198	60.4948485991386
2025-06-24	18:25:54[028]	74	128	200	59.9667195640049
2025-06-24	18:25:54[028]	69	127	192	61.4844531895357
2025-06-24	18:25:54[038]	72	125	198	60.058057469727
2025-06-24	18:25:54[038]	77	133	195	59.9314171781376
2025-06-24	18:25:54[064]	78	132	200	59.420773127511
2025-06-24	18:25:54[084]	80	127	196	57.7923020271409
2025-06-24	18:25:54[087]	75	135	192	60.9453959009229
2025-06-24	18:25:54[097]	83	133	198	58.0333563259139
2025-06-24	18:25:54[105]	82	126	190	56.9441771884463
2025-06-24	18:25:54[105]	81	131	192	58.2706438764037
2025-06-24	18:25:54[120]	84	127	187	56.5186593448795
2025-06-24	18:25:54[120]	80	134	188	59.1621680553128
2025-06-24	18:25:54[137]	88	135	191	56.9016062381676
2025-06-24	18:25:54[164]	81	129	198	57.8750015596125
2025-06-24	18:25:54[164]	82	137	194	59.0977856349283
2025-06-24	18:25:54[174]	83	130	187	57.4433342078932
2025-06-24	18:25:54[189]	81	129	186	57.8750015596125
2025-06-24	18:25:54[189]	88	134	190	56.7064367291533
2025-06-24	18:25:54[199]	90	129	180	55.0975043840753
2025-06-24	18:25:54[199]	84	130	181	57.1313210666325
2025-06-24	18:25:54[214]	80	136	187	59.5344550805401
2025-06-24	18:25:54[233]	84	139	193	58.8547368538333
2025-06-24	18:25:54[233]	88	139	185	57.6623640628574
2025-06-24	18:25:54[253]	90	134	188	56.1130405359483
2025-06-24	18:25:54[256]	76	139	186	61.3318116084683
2025-06-24	18:25:54[266]	95	134	181	54.6650665122444
2025-06-24	18:25:54[283]	92	142	182	57.0613094570445
2025-06-24	18:25:54[283]	103	140	183	53.6575514771659
2025-06-24	18:25:54[299]	108	146	174	53.5087033162703
2025-06-24	18:25:54[323]	114	147	176	52.2060570013833
2025-06-24	18:25:54[323]	116	141	180	50.5560384231251
2025-06-24	18:25:54[333]	113	142	176	51.4881151165105
2025-06-24	18:25:54[333]	116	134	183	49.1181897039888
2025-06-24	18:25:54[343]	115	139	183	50.3977487764804
2025-06-24	18:25:54[366]	104	133	168	51.9761964770448
2025-06-24	18:25:54[366]	103	135	166	52.6577096937139
2025-06-24	18:25:54[376]	98	124	166	51.6798860632225
2025-06-24	18:25:54[389]	97	124	165	51.9654184900551
2025-06-24	18:25:54[389]	90	122	160	53.583621480114
2025-06-24	18:25:54[409]	86	112	155	52.4808861795237
2025-06-24	18:25:54[409]	92	95	161	45.9191047837142
2025-06-24	18:25:54[423]	85	107	149	51.5366336487971
2025-06-24	18:25:54[443]	84	95	155	48.5165474963355
2025-06-24	18:25:54[443]	81	87	156	47.0454084888872
2025-06-24	18:25:54[456]	84	78	148	42.8789036033386
2025-06-24	18:25:54[476]	80	74	158	42.7688253919687
2025-06-24	18:25:54[476]	79	65	152	39.4470289669632
2025-06-24	18:25:54[489]	78	58	149	36.6341138759674
2025-06-24	18:25:54[489]	79	47	153	30.7499673021964
2025-06-24	18:25:54[509]	72	49	152	34.2374627768575
2025-06-24	18:25:54[523]	70	37	154	27.8596506952423
2025-06-24	18:25:54[523]	68	29	152	23.0968219181608
2025-06-24	18:25:54[533]	69	32	147	24.8803668591817
2025-06-24	18:25:54[557]	66	27	151	22.2490236572124
2025-06-24	18:25:54[557]	66	16	143	13.6269948598915
2025-06-24	18:25:54[567]	63	10	150	9.01932243138168
2025-06-24	18:25:54[567]	62	12	150	10.9540626433983
2025-06-24	18:25:54[600]	67	3	148	2.563770211465
2025-06-24	18:25:54[600]	61	0	145	0
2025-06-24	18:25:54[600]	65	-5	144	355.601294645004
2025-06-24	18:25:54[620]	67	-9	137	352.349349044641
2025-06-24	18:25:54[643]	62	-10	146	350.837652954278
2025-06-24	18:25:54[643]	61	-6	140	354.382419409873
2025-06-24	18:25:54[656]	64	-11	140	350.247575058346
2025-06-24	18:25:54[656]	61	-12	132	348.870810710389
2025-06-24	18:25:54[676]	66	-16	136	346.373005140108
2025-06-24	18:25:54[686]	61	-18	136	343.55962047832
2025-06-24	18:25:54[686]	64	-20	135	342.645975363739
2025-06-24	18:25:54[710]	61	-13	130	347.969403903462
2025-06-24	18:25:54[710]	59	-19	130	342.149681697783
2025-06-24	18:25:54[717]	56	-14	132	345.963756532074
2025-06-24	18:25:54[733]	67	-19	128	344.167613379578
2025-06-24	18:25:54[733]	59	-20	129	341.274212154727
2025-06-24	18:25:54[756]	56	-19	127	341.258659554807
2025-06-24	18:25:54[766]	65	-16	126	346.17134902772
2025-06-24	18:25:54[766]	64	-24	127	339.443954780417
2025-06-24	18:25:54[790]	62	-20	131	342.121303404159
2025-06-24	18:25:54[790]	69	-16	119	346.944752776203
2025-06-24	18:25:54[800]	60	-14	127	346.865977693604
2025-06-24	18:25:54[814]	66	-24	131	340.0168934781
2025-06-24	18:25:54[814]	60	-19	129	342.428741221678
2025-06-24	18:25:54[823]	65	-20	127	342.897271030948
2025-06-24	18:25:54[843]	61	-21	123	341.003345844511
2025-06-24	18:25:54[843]	63	-19	128	343.217355854729
2025-06-24	18:25:54[870]	65	-12	129	349.540090907071
2025-06-24	18:25:54[870]	65	-20	123	342.897271030948
2025-06-24	18:25:54[880]	61	-16	123	345.302680720488
2025-06-24	18:25:54[890]	67	-16	124	346.568971129318
2025-06-24	18:25:54[890]	65	-22	129	341.301017195819
2025-06-24	18:25:54[909]	65	-20	127	342.897271030948
2025-06-24	18:25:54[919]	65	-19	126	343.705952543401
2025-06-24	18:25:54[919]	67	-24	133	340.292021157021
2025-06-24	18:25:54[934]	67	-16	131	346.568971129318
2025-06-24	18:25:54[934]	65	-24	131	339.734302529053
2025-06-24	18:25:54[954]	68	-15	132	347.560437981153
2025-06-24	18:25:54[977]	65	-18	130	344.521361834582
2025-06-24	18:25:54[977]	65	-21	130	342.095552493752
2025-06-24	18:25:55[001]	68	-21	136	342.838081197135
2025-06-24	18:25:55[001]	66	-21	128	342.34987578007
2025-06-24	18:25:55[001]	63	-21	142	341.565051177078
2025-06-24	18:25:55[021]	70	-22	135	342.552811576718
2025-06-24	18:25:55[021]	62	-23	133	339.646770851931
2025-06-24	18:25:55[031]	65	-21	130	342.095552493752
2025-06-24	18:25:55[047]	74	-23	136	342.734190504985
2025-06-24	18:25:55[047]	65	-19	137	343.705952543401
2025-06-24	18:25:55[067]	69	-20	135	343.835500847743
2025-06-24	18:25:55[067]	64	-15	138	346.809389287793
2025-06-24	18:25:55[080]	67	-15	138	347.380677706569
2025-06-24	18:25:55[103]	65	-19	136	343.705952543401
2025-06-24	18:25:55[103]	63	-25	146	338.355564859286
2025-06-24	18:25:55[113]	72	-15	134	348.231711067979
2025-06-24	18:25:55[123]	68	-14	139	348.36636600106
2025-06-24	18:25:55[123]	69	-18	138	345.379126011368
2025-06-24	18:25:55[152]	70	-17	131	346.349580865243
2025-06-24	18:25:55[152]	69	-22	134	342.315607973442
2025-06-24	18:25:55[162]	70	-11	136	351.069409899581
2025-06-24	18:25:55[174]	70	-14	135	348.69006752598
2025-06-24	18:25:55[174]	74	-18	139	346.328692867804
2025-06-24	18:25:55[194]	72	-12	139	350.537677791974
2025-06-24	18:25:55[208]	71	-18	144	345.774036101248
2025-06-24	18:25:55[208]	77	-13	140	350.417055276467
2025-06-24	18:25:55[228]	73	-14	139	349.143586651938
2025-06-24	18:25:55[228]	75	-15	142	348.69006752598
2025-06-24	18:25:55[242]	71	-15	139	348.070677822762
2025-06-24	18:25:55[252]	69	-15	138	347.735226272108
2025-06-24	18:25:55[252]	69	-16	137	346.944752776203
2025-06-24	18:25:55[276]	71	-10	144	351.982906926345
2025-06-24	18:25:55[286]	66	-11	138	350.537677791974
2025-06-24	18:25:55[286]	71	-13	140	349.624155079949
2025-06-24	18:25:55[319]	70	-11	140	351.069409899581
2025-06-24	18:25:55[319]	72	-10	142	352.092837297042
2025-06-24	18:25:55[319]	74	-9	139	353.06565109873
2025-06-24	18:25:55[338]	74	-16	138	347.799531272619
2025-06-24	18:25:55[338]	72	-12	140	350.537677791974
2025-06-24	18:25:55[352]	74	-13	135	350.036195810093
2025-06-24	18:25:55[372]	72	-17	141	346.715133515098
2025-06-24	18:25:55[372]	75	-11	139	351.656108415967
2025-06-24	18:25:55[395]	73	-14	148	349.143586651938
2025-06-24	18:25:55[395]	82	-22	147	344.981639368849
2025-06-24	18:25:55[408]	74	-10	144	352.303948277983
2025-06-24	18:25:55[429]	75	-18	147	346.504266719204
2025-06-24	18:25:55[429]	69	-14	148	348.530469667133
2025-06-24	18:25:55[439]	79	-18	149	347.164390513599
2025-06-24	18:25:55[452]	79	-11	141	352.07307331731
2025-06-24	18:25:55[452]	77	-5	152	356.284710894571
2025-06-24	18:25:55[475]	72	-15	146	348.231711067979
2025-06-24	18:25:55[475]	71	-14	147	348.845340261072
2025-06-24	18:25:55[475]	77	-13	150	350.417055276467
2025-06-24	18:25:55[495]	78	-16	148	348.407824589709
2025-06-24	18:25:55[495]	74	-13	153	350.036195810093
2025-06-24	18:25:55[519]	76	-15	148	348.835119822451
2025-06-24	18:25:55[519]	82	-10	145	353.047042531826
2025-06-24	18:25:55[529]	78	-13	147	350.537677791974
2025-06-24	18:25:55[552]	71	-12	152	350.40686573727
2025-06-24	18:25:55[552]	78	-16	149	348.407824589709
2025-06-24	18:25:55[585]	72	-19	151	345.217273957384
2025-06-24	18:25:55[585]	81	-12	144	351.573030978519
2025-06-24	18:25:55[585]	79	-16	146	348.5506620115
2025-06-24	18:25:55[595]	73	-16	149	347.637507584286
2025-06-24	18:25:55[595]	81	-13	150	350.882137246204
2025-06-24	18:25:55[608]	79	-12	147	351.362868584929
2025-06-24	18:25:55[639]	78	-17	152	347.704733577002
2025-06-24	18:25:55[639]	77	-10	154	352.600405340113
2025-06-24	18:25:55[669]	85	-15	153	349.992020198559
2025-06-24	18:25:55[669]	80	-17	153	348.003100692076
2025-06-24	18:25:55[669]	73	-11	146	351.430858120162
2025-06-24	18:25:55[719]	79	-21	151	345.113733150982
2025-06-24	18:25:55[719]	78	-10	157	352.694240466689
2025-06-24	18:25:55[719]	86	-16	151	349.460816271372
2025-06-24	18:25:55[719]	86	-23	155	345.027124233213
2025-06-24	18:25:55[719]	83	-14	155	350.425772114908
2025-06-24	18:25:55[752]	81	-18	160	347.471192290848
2025-06-24	18:25:55[752]	78	-15	152	349.114472945341
2025-06-24	18:25:55[752]	80	-13	156	350.770113756272
2025-06-24	18:25:55[752]	80	-13	157	350.770113756272
2025-06-24	18:25:55[752]	79	-9	156	353.500653720345
2025-06-24	18:25:55[776]	81	-18	160	347.471192290848
2025-06-24	18:25:55[796]	84	-20	153	346.607502246249
2025-06-24	18:25:55[796]	82	-12	163	351.674349669573
2025-06-24	18:25:55[819]	80	-12	160	351.469234390052
2025-06-24	18:25:55[819]	83	-13	150	351.098283967108
2025-06-24	18:25:55[819]	85	-21	167	346.122470196792
2025-06-24	18:25:55[853]	87	-14	163	350.858359776475
2025-06-24	18:25:55[853]	87	-15	159	350.217592968193
2025-06-24	18:25:55[853]	83	-18	155	347.763888490584
2025-06-24	18:25:55[877]	84	-9	158	353.884496433715
2025-06-24	18:25:55[877]	83	-12	158	351.773277535892
2025-06-24	18:25:55[897]	85	-19	157	347.399840173919
2025-06-24	18:25:55[897]	83	-11	163	352.450578231737
2025-06-24	18:25:55[897]	85	-15	158	349.992020198559
2025-06-24	18:25:55[920]	87	-15	161	350.217592968193
2025-06-24	18:25:55[920]	81	-16	160	348.826161758185
2025-06-24	18:25:55[943]	87	-15	167	350.217592968193
2025-06-24	18:25:55[973]	90	-20	158	347.471192290848
2025-06-24	18:25:55[973]	83	-18	159	347.763888490584
2025-06-24	18:25:55[973]	90	-17	160	349.303489264222
2025-06-24	18:25:55[973]	85	-18	164	348.043415756851
2025-06-24	18:25:55[987]	86	-11	162	352.71104767639
2025-06-24	18:25:56[030]	82	-15	154	349.63367739655
2025-06-24	18:25:56[030]	89	-16	161	349.808498149972
2025-06-24	18:25:56[030]	81	-21	152	345.46554491946
2025-06-24	18:25:56[030]	81	-15	156	349.508522987668
2025-06-24	18:25:56[030]	88	-18	161	348.439869205782
2025-06-24	18:25:56[054]	89	-13	160	351.689722832476
2025-06-24	18:25:56[054]	81	-16	155	348.826161758185
2025-06-24	18:25:56[076]	73	-14	156	349.143586651938
2025-06-24	18:25:56[076]	86	-12	157	352.05652818941
2025-06-24	18:25:56[076]	88	-15	153	350.326644567597
2025-06-24	18:25:56[096]	83	-16	162	349.088871615717
2025-06-24	18:25:56[130]	90	-15	158	350.537677791974
2025-06-24	18:25:56[130]	77	-13	160	350.417055276467
2025-06-24	18:25:56[130]	81	-12	159	351.573030978519
2025-06-24	18:25:56[130]	81	-20	159	346.130313561495
2025-06-24	18:25:56[154]	79	-19	158	346.476839349584
2025-06-24	18:25:56[154]	81	-10	152	352.962059236815
2025-06-24	18:25:56[154]	85	-20	160	346.759480084813
2025-06-24	18:25:56[176]	83	-12	156	351.773277535892
2025-06-24	18:25:56[210]	82	-15	157	349.63367739655
2025-06-24	18:25:56[210]	81	-13	159	350.882137246204
2025-06-24	18:25:56[210]	82	-9	158	353.736509385665
2025-06-24	18:25:56[210]	85	-18	162	348.043415756851
2025-06-24	18:25:56[244]	80	-14	158	350.073754493348
2025-06-24	18:25:56[244]	80	-12	154	351.469234390052
2025-06-24	18:25:56[244]	80	-15	164	349.380344723845
2025-06-24	18:25:56[274]	84	-17	158	348.558956131233
2025-06-24	18:25:56[274]	84	-16	159	349.215702132437
2025-06-24	18:25:56[276]	85	-16	158	349.339651705465
2025-06-24	18:25:56[297]	77	-14	161	349.695153531234
2025-06-24	18:25:56[297]	84	-13	159	351.202589290009
2025-06-24	18:25:56[297]	86	-16	162	349.460816271372
2025-06-24	18:25:56[330]	81	-12	159	351.573030978519
2025-06-24	18:25:56[330]	82	-13	161	350.991496257975
2025-06-24	18:25:56[330]	87	-14	157	350.858359776475
2025-06-24	18:25:56[330]	87	-14	162	350.858359776475
2025-06-24	18:25:56[365]	84	-9	166	353.884496433715
2025-06-24	18:25:56[365]	81	-15	158	349.508522987668
2025-06-24	18:25:56[365]	82	-17	159	348.287527688913
2025-06-24	18:25:56[389]	87	-16	162	349.579287603206
2025-06-24	18:25:56[412]	81	-12	163	351.573030978519
2025-06-24	18:25:56[412]	84	-12	157	351.869897645844
2025-06-24	18:25:56[412]	78	-11	161	351.972762489568
2025-06-24	18:25:56[412]	82	-11	155	352.359593238973
2025-06-24	18:25:56[446]	84	-18	157	347.905242922988
2025-06-24	18:25:56[446]	79	-14	158	349.950651411875
2025-06-24	18:25:56[446]	83	-12	158	351.773277535892
2025-06-24	18:25:56[466]	85	-21	167	346.122470196792
2025-06-24	18:25:56[489]	80	-8	167	354.2894068625
2025-06-24	18:25:56[489]	86	-11	163	352.71104767639
2025-06-24	18:25:56[489]	87	-13	164	351.501441120506
2025-06-24	18:25:56[489]	86	-19	162	347.541753559995
2025-06-24	18:25:56[523]	82	-11	163	352.359593238973
2025-06-24	18:25:56[523]	77	-13	158	350.417055276467
2025-06-24	18:25:56[523]	79	-17	163	347.855721950433
2025-06-24	18:25:56[546]	82	-12	167	351.674349669573
2025-06-24	18:25:56[566]	84	-16	163	349.215702132437
2025-06-24	18:25:56[566]	81	-10	160	352.962059236815
2025-06-24	18:25:56[596]	80	-14	161	350.073754493348
2025-06-24	18:25:56[596]	87	-17	163	348.943587019752
2025-06-24	18:25:56[596]	76	-20	160	345.256437163529
2025-06-24	18:25:56[619]	88	-14	163	350.960517196645
2025-06-24	18:25:56[619]	90	-9	162	354.2894068625
2025-06-24	18:25:56[639]	83	-14	164	350.425772114908
2025-06-24	18:25:56[639]	82	-13	164	350.991496257975
2025-06-24	18:25:56[639]	80	-17	169	348.003100692076
2025-06-24	18:25:56[663]	80	-25	165	342.645975363739
2025-06-24	18:25:56[663]	87	-17	165	348.943587019752
2025-06-24	18:25:56[686]	86	-16	154	349.460816271372
2025-06-24	18:25:56[686]	88	-20	155	347.195733934713
2025-06-24	18:25:56[686]	91	-29	147	342.323891301347
2025-06-24	18:25:56[706]	90	-22	142	346.263731694377
2025-06-24	18:25:56[739]	92	-31	139	341.378420633512
2025-06-24	18:25:56[739]	87	-28	124	342.159795692296
2025-06-24	18:25:56[739]	85	-24	116	344.232817457524
2025-06-24	18:25:56[739]	86	-24	109	344.407189060734
2025-06-24	18:25:56[763]	80	-21	104	345.291696100317
2025-06-24	18:25:56[763]	80	-20	104	345.963756532074
2025-06-24	18:25:56[763]	83	-14	99	350.425772114908
2025-06-24	18:25:56[783]	83	-17	102	348.424811182604
2025-06-24	18:25:56[783]	74	-14	98	349.286876977209
2025-06-24	18:25:56[803]	79	-7	103	354.93638314697
2025-06-24	18:25:56[833]	74	0	106	0
2025-06-24	18:25:56[833]	70	-7	113	354.2894068625
2025-06-24	18:25:56[833]	76	0	132	0
2025-06-24	18:25:56[860]	74	-2	139	358.451842301022
2025-06-24	18:25:56[860]	76	-2	154	358.492564241225
2025-06-24	18:25:56[860]	77	5	153	3.71528910542877
2025-06-24	18:25:56[860]	76	-14	166	349.562524648882
2025-06-24	18:25:56[904]	90	-16	165	349.919402012458
2025-06-24	18:25:56[904]	88	-21	151	346.578164932114
2025-06-24	18:25:56[904]	87	-28	131	342.159795692296
2025-06-24	18:25:56[924]	97	-26	121	344.99507961714
2025-06-24	18:25:56[924]	88	-30	108	341.17528998176
2025-06-24	18:25:56[924]	84	-19	103	347.254710526867
2025-06-24	18:25:56[944]	83	-21	96	345.801445976137
2025-06-24	18:25:56[944]	81	-11	99	352.266401900977
2025-06-24	18:25:56[977]	79	-2	107	358.549783709067
2025-06-24	18:25:56[977]	76	-2	115	358.492564241225
2025-06-24	18:25:56[977]	72	-2	128	358.408859728805
2025-06-24	18:25:57[000]	76	3	149	2.26050191114127
2025-06-24	18:25:57[020]	82	-5	163	356.510675094204
2025-06-24	18:25:57[020]	76	-11	165	351.764380675791
2025-06-24	18:25:57[020]	80	-22	161	344.623748751174
2025-06-24	18:25:57[020]	92	-25	155	344.797591290824
2025-06-24	18:25:57[053]	88	-28	126	342.34987578007
2025-06-24	18:25:57[053]	94	-27	118	343.97413255155
2025-06-24	18:25:57[053]	90	-25	110	344.475889003246
2025-06-24	18:25:57[078]	81	-14	93	350.193907240103
2025-06-24	18:25:57[101]	77	-12	98	351.142041236372
2025-06-24	18:25:57[101]	84	-1	106	359.317939606827
2025-06-24	18:25:57[101]	79	-2	114	358.549783709067
2025-06-24	18:25:57[101]	85	4	133	2.6942842898561
2025-06-24	18:25:57[135]	72	-2	152	358.408859728805
2025-06-24	18:25:57[135]	77	-9	172	353.333340109099
2025-06-24	18:25:57[135]	86	-11	171	352.71104767639
2025-06-24	18:25:57[178]	88	-23	158	345.352624727637
2025-06-24	18:25:57[178]	90	-27	133	343.300755766006
2025-06-24	18:25:57[178]	95	-27	120	344.134292197226
2025-06-24	18:25:57[178]	91	-22	101	346.409051552159
2025-06-24	18:25:57[178]	85	-22	95	345.488940499831
2025-06-24	18:25:57[212]	83	-13	96	351.098283967108
2025-06-24	18:25:57[212]	77	-4	107	357.02626891752
2025-06-24	18:25:57[212]	77	-3	127	357.768825391969
2025-06-24	18:25:57[235]	75	4	143	3.05288251479243
2025-06-24	18:25:57[256]	72	-5	158	356.027504059249
2025-06-24	18:25:57[256]	83	-9	163	353.811384036758
2025-06-24	18:25:57[256]	87	-28	163	342.159795692296
2025-06-24	18:25:57[256]	98	-26	145	345.141385552075
2025-06-24	18:25:57[279]	90	-27	122	343.300755766006
2025-06-24	18:25:57[302]	86	-24	106	344.407189060734
2025-06-24	18:25:57[302]	82	-20	98	346.29303899592
2025-06-24	18:25:57[332]	83	-9	96	353.811384036758
2025-06-24	18:25:57[332]	68	-15	107	347.560437981153
2025-06-24	18:25:57[332]	75	-4	118	356.947117485208
2025-06-24	18:25:57[358]	75	3	139	2.29061004263853
2025-06-24	18:25:57[358]	76	4	156	3.01278750418334
2025-06-24	18:25:57[358]	85	-8	174	354.623294571949
2025-06-24	18:25:57[386]	89	-22	169	346.115332314742
2025-06-24	18:25:57[386]	88	-28	144	342.34987578007
2025-06-24	18:25:57[386]	89	-28	121	342.536073108157
2025-06-24	18:25:57[386]	91	-26	112	344.054604099077
2025-06-24	18:25:57[406]	88	-17	94	349.066183214244
2025-06-24	18:25:57[423]	84	-15	100	349.875328344602
2025-06-24	18:25:57[423]	67	-9	106	352.349349044641
2025-06-24	18:25:57[446]	74	-6	122	355.364536573097
2025-06-24	18:25:57[466]	75	0	141	0
2025-06-24	18:25:57[466]	83	-3	163	357.929969346959
2025-06-24	18:25:57[466]	80	-12	167	351.469234390052
2025-06-24	18:25:57[466]	98	-22	156	347.347443499442
2025-06-24	18:25:57[495]	89	-25	136	344.310007070916
2025-06-24	18:25:57[518]	91	-29	127	342.323891301347
2025-06-24	18:25:57[518]	83	-26	98	342.606677853088
2025-06-24	18:25:57[518]	81	-15	100	349.508522987668
2025-06-24	18:25:57[538]	81	-8	93	354.359450567843
2025-06-24	18:25:57[538]	76	-10	107	352.50414236027
2025-06-24	18:25:57[561]	71	0	119	0
2025-06-24	18:25:57[561]	77	0	144	0
2025-06-24	18:25:57[561]	77	-5	168	356.284710894571
2025-06-24	18:25:57[581]	86	-15	165	350.106079330265
2025-06-24	18:25:57[581]	89	-24	162	344.908427321405
2025-06-24	18:25:57[611]	92	-34	137	339.717440911083
2025-06-24	18:25:57[611]	88	-29	118	341.760599153349
2025-06-24	18:25:57[611]	87	-18	110	348.310630824561
2025-06-24	18:25:57[645]	84	-19	100	347.254710526867
2025-06-24	18:25:57[645]	74	-11	101	351.544972322823
2025-06-24	18:25:57[651]	76	-10	108	352.50414236027
2025-06-24	18:25:57[678]	72	-2	120	358.408859728805
2025-06-24	18:25:57[678]	76	-1	137	359.246151666929
2025-06-24	18:25:57[678]	78	-10	155	352.694240466689
2025-06-24	18:25:57[702]	78	-13	165	350.537677791974
2025-06-24	18:25:57[702]	86	-23	163	345.027124233213
2025-06-24	18:25:57[735]	90	-35	143	338.749494492867
2025-06-24	18:25:57[735]	94	-30	122	342.299572211333
2025-06-24	18:25:57[735]	96	-22	107	347.092591328734
2025-06-24	18:25:57[758]	86	-20	103	346.908106935653
2025-06-24	18:25:57[758]	81	-16	92	348.826161758185
2025-06-24	18:25:57[758]	78	-11	99	351.972762489568
2025-06-24	18:25:57[758]	78	-6	117	355.601294645004
2025-06-24	18:25:57[791]	70	0	135	0
2025-06-24	18:25:57[791]	71	-9	145	352.775684305955
2025-06-24	18:25:57[791]	86	-5	166	356.672595758273
2025-06-24	18:25:57[815]	83	-20	168	346.452061011999
2025-06-24	18:25:57[834]	89	-30	151	341.372136823545
2025-06-24	18:25:57[834]	95	-29	137	343.02450053207
2025-06-24	18:25:57[834]	90	-33	113	339.863696571752
2025-06-24	18:25:57[834]	88	-23	101	345.352624727637
2025-06-24	18:25:57[867]	80	-21	102	345.291696100317
2025-06-24	18:25:57[867]	79	-10	98	352.785737960793
2025-06-24	18:25:57[867]	78	-4	106	357.064326553579
2025-06-24	18:25:57[890]	74	0	126	0
2025-06-24	18:25:57[910]	77	-1	141	359.255940797111
2025-06-24	18:25:57[910]	78	-4	157	357.064326553579
2025-06-24	18:25:57[937]	85	-14	160	350.647020749907
2025-06-24	18:25:57[937]	93	-28	165	343.244251070801
2025-06-24	18:25:57[937]	86	-32	141	339.590117166196
2025-06-24	18:25:57[960]	88	-34	128	338.875280853928
2025-06-24	18:25:57[960]	87	-23	105	345.191622960958
2025-06-24	18:25:57[993]	88	-19	100	347.816343414013
2025-06-24	18:25:57[993]	83	-16	93	349.088871615717
2025-06-24	18:25:57[993]	84	-8	107	354.559667968995
2025-06-24	18:25:58[013]	76	-4	114	356.987212495817
2025-06-24	18:25:58[013]	73	-5	132	356.081751135933
2025-06-24	18:25:58[013]	78	-3	150	357.797401838234
2025-06-24	18:25:58[036]	78	-9	168	353.418055344822
2025-06-24	18:25:58[036]	84	-15	169	349.875328344602
2025-06-24	18:25:58[069]	89	-32	158	340.223923397361
2025-06-24	18:25:58[069]	89	-33	136	339.655898744082
2025-06-24	18:25:58[069]	90	-30	118	341.565051177078
2025-06-24	18:25:58[103]	83	-25	104	343.237445538167
2025-06-24	18:25:58[103]	77	-15	93	348.976544036257
2025-06-24	18:25:58[103]	81	-7	97	355.060784457874
2025-06-24	18:25:58[126]	76	-6	107	355.486011541999
2025-06-24	18:25:58[126]	77	0	120	0
2025-06-24	18:25:58[126]	77	2	136	1.48786752882778
2025-06-24	18:25:58[179]	79	-7	153	354.93638314697
2025-06-24	18:25:58[179]	77	-13	167	350.417055276467
2025-06-24	18:25:58[191]	83	-23	162	344.51149855709
2025-06-24	18:25:58[191]	86	-27	150	342.570137182332
2025-06-24	18:25:58[193]	89	-30	122	341.372136823545
2025-06-24	18:25:58[226]	87	-24	114	344.577838681261
2025-06-24	18:25:58[226]	85	-25	102	343.610459665965
2025-06-24	18:25:58[226]	81	-17	98	348.146995832256
2025-06-24	18:25:58[226]	88	-11	93	352.874983651098
2025-06-24	18:25:58[226]	81	-8	109	354.359450567843
2025-06-24	18:25:58[259]	78	0	122	0
2025-06-24	18:25:58[259]	76	3	128	2.26050191114127
2025-06-24	18:25:58[259]	71	0	142	0
2025-06-24	18:25:58[279]	75	-2	153	358.472474557787
2025-06-24	18:25:58[279]	81	-9	160	353.65980825409
2025-06-24	18:25:58[303]	79	-6	162	355.656760048311
2025-06-24	18:25:58[303]	76	-10	167	352.50414236027
2025-06-24	18:25:58[303]	82	-13	163	350.991496257975
2025-06-24	18:25:58[336]	84	-18	165	347.905242922988
2025-06-24	18:25:58[336]	80	-17	172	348.003100692076
2025-06-24	18:25:58[336]	86	-17	178	348.818245789803
2025-06-24	18:25:58[359]	84	-17	170	348.558956131233
2025-06-24	18:25:58[359]	87	-19	169	347.680554743363
2025-06-24	18:25:58[359]	83	-11	166	352.450578231737
2025-06-24	18:25:58[359]	84	-21	168	345.963756532074
2025-06-24	18:25:58[379]	83	-16	166	349.088871615717
2025-06-24	18:25:58[412]	79	-20	157	345.79323388224
2025-06-24	18:25:58[412]	83	-20	162	346.452061011999
2025-06-24	18:25:58[412]	78	-18	165	347.005383208084
2025-06-24	18:25:58[435]	87	-20	164	347.053490484363
2025-06-24	18:25:58[435]	80	-19	170	346.639781555236
2025-06-24	18:25:58[459]	89	-20	171	347.334936234958
2025-06-24	18:25:58[459]	82	-16	170	348.959059819676
2025-06-24	18:25:58[459]	85	-22	166	345.488940499831
2025-06-24	18:25:58[486]	83	-23	170	344.51149855709
2025-06-24	18:25:58[486]	81	-21	171	345.46554491946
2025-06-24	18:25:58[525]	78	-17	170	347.704733577002
2025-06-24	18:25:58[525]	85	-19	172	347.399840173919
2025-06-24	18:25:58[525]	87	-20	167	347.053490484363
2025-06-24	18:25:58[525]	85	-21	169	346.122470196792
2025-06-24	18:25:58[525]	87	-22	169	345.808903450976
2025-06-24	18:25:58[545]	81	-21	163	345.46554491946
2025-06-24	18:25:58[568]	86	-15	169	350.106079330265
2025-06-24	18:25:58[568]	86	-15	169	350.106079330265
2025-06-24	18:25:58[568]	79	-25	168	342.439727948199
2025-06-24	18:25:58[568]	84	-15	166	349.875328344602
2025-06-24	18:25:58[603]	78	-23	160	343.570698548467
2025-06-24	18:25:58[603]	90	-27	168	343.300755766006
2025-06-24	18:25:58[603]	83	-17	168	348.424811182604
2025-06-24	18:25:58[625]	87	-26	165	343.361194329574
2025-06-24	18:25:58[645]	88	-24	165	344.744881296942
2025-06-24	18:25:58[645]	84	-21	166	345.963756532074
2025-06-24	18:25:58[678]	84	-16	168	349.215702132437
2025-06-24	18:25:58[678]	84	-21	163	345.963756532074
2025-06-24	18:25:58[678]	81	-25	167	342.847578259788
2025-06-24	18:25:58[703]	96	-16	168	350.537677791974
2025-06-24	18:25:58[703]	88	-23	166	345.352624727637
2025-06-24	18:25:58[703]	79	-22	168	344.438489674672
2025-06-24	18:25:58[725]	85	-18	161	348.043415756851
2025-06-24	18:25:58[725]	83	-21	163	345.801445976137
2025-06-24	18:25:58[759]	78	-20	166	345.618605408909
2025-06-24	18:25:58[759]	87	-25	168	343.967660646064
2025-06-24	18:25:58[759]	77	-21	167	344.744881296942
2025-06-24	18:25:58[779]	83	-25	168	343.237445538167
2025-06-24	18:25:58[779]	86	-18	169	348.178511659393
2025-06-24	18:25:58[779]	82	-15	166	349.63367739655
2025-06-24	18:25:58[803]	91	-17	165	349.418364479056
2025-06-24	18:25:58[803]	84	-16	159	349.215702132437
2025-06-24	18:25:58[819]	81	-16	171	348.826161758185
2025-06-24	18:25:58[819]	80	-21	166	345.291696100317
2025-06-24	18:25:58[845]	87	-14	168	350.858359776475
2025-06-24	18:25:58[845]	88	-21	172	346.578164932114
2025-06-24	18:25:58[845]	83	-25	166	343.237445538167
2025-06-24	18:25:58[879]	86	-22	165	345.650667957053
2025-06-24	18:25:58[879]	87	-17	171	348.943587019752
2025-06-24	18:25:58[879]	84	-26	165	342.801458779934
2025-06-24	18:25:58[904]	78	-21	173	344.931511840508
2025-06-24	18:25:58[904]	85	-23	165	344.859016164923
2025-06-24	18:25:58[904]	86	-26	170	343.178590109959
2025-06-24	18:25:58[925]	91	-26	168	344.054604099077
2025-06-24	18:25:58[925]	89	-30	157	341.372136823545
2025-06-24	18:25:58[958]	90	-35	155	338.749494492867
2025-06-24	18:25:58[958]	92	-31	149	341.378420633512
2025-06-24	18:25:58[958]	92	-28	145	343.072486935853
2025-06-24	18:25:58[994]	94	-31	144	341.748104162921
2025-06-24	18:25:58[994]	87	-34	135	338.65421335091
2025-06-24	18:25:58[994]	94	-38	138	337.988716802081
2025-06-24	18:25:59[014]	91	-31	123	341.188110697481
2025-06-24	18:25:59[014]	93	-30	128	342.121303404159
2025-06-24	18:25:59[034]	94	-37	116	338.514556682937
2025-06-24	18:25:59[034]	84	-28	111	341.565051177078
2025-06-24	18:25:59[034]	90	-34	108	339.304549265937
2025-06-24	18:25:59[054]	90	-27	106	343.300755766006
2025-06-24	18:25:59[054]	90	-27	104	343.300755766006
2025-06-24	18:25:59[084]	86	-21	94	346.277702866866
2025-06-24	18:25:59[084]	79	-22	101	344.438489674672
2025-06-24	18:25:59[084]	85	-19	101	347.399840173919
2025-06-24	18:25:59[114]	81	-12	97	351.573030978519
2025-06-24	18:25:59[114]	82	-16	95	348.959059819676
2025-06-24	18:25:59[114]	79	-6	100	355.656760048311
2025-06-24	18:25:59[147]	77	-9	105	353.333340109099
2025-06-24	18:25:59[147]	79	-3	106	357.82525588539
2025-06-24	18:25:59[147]	81	-8	115	354.359450567843
2025-06-24	18:25:59[174]	87	1	117	0.658543177563603
2025-06-24	18:25:59[174]	80	0	122	0
2025-06-24	18:25:59[191]	78	1	132	0.734521034254815
2025-06-24	18:25:59[191]	76	-3	137	357.739498088859
2025-06-24	18:25:59[191]	75	4	150	3.05288251479243
2025-06-24	18:25:59[231]	83	0	154	0
2025-06-24	18:25:59[231]	83	-5	167	356.552613148135
2025-06-24	18:25:59[231]	84	-9	170	353.884496433715
2025-06-24	18:25:59[271]	84	-19	165	347.254710526867
2025-06-24	18:25:59[271]	89	-25	165	344.310007070916
2025-06-24	18:25:59[271]	87	-26	169	343.361194329574
2025-06-24	18:25:59[271]	89	-26	163	343.715077528117
2025-06-24	18:25:59[271]	96	-36	158	339.443954780417
2025-06-24	18:25:59[301]	94	-33	144	340.655670727879
2025-06-24	18:25:59[301]	91	-30	141	341.754145472422
2025-06-24	18:25:59[331]	96	-33	125	341.029592191513
2025-06-24	18:25:59[331]	89	-28	118	342.536073108157
2025-06-24	18:25:59[331]	88	-28	109	342.34987578007
2025-06-24	18:25:59[361]	94	-27	103	343.97413255155
2025-06-24	18:25:59[361]	92	-21	99	347.141909827002
2025-06-24	18:25:59[361]	85	-18	97	348.043415756851
2025-06-24	18:25:59[381]	82	-15	98	349.63367739655
2025-06-24	18:25:59[381]	78	-5	99	356.332211944469
2025-06-24	18:25:59[414]	83	-5	100	356.552613148135
2025-06-24	18:25:59[414]	84	-6	106	355.914383220025
2025-06-24	18:25:59[414]	77	3	115	2.23117460803125
2025-06-24	18:25:59[434]	74	-2	121	358.451842301022
2025-06-24	18:25:59[434]	79	0	134	0
2025-06-24	18:25:59[434]	73	-3	147	357.646703133892
2025-06-24	18:25:59[458]	78	-9	164	353.418055344822
2025-06-24	18:25:59[458]	83	-7	165	355.179233921907
2025-06-24	18:25:59[491]	82	-19	176	346.954362937051
2025-06-24	18:25:59[491]	82	-23	170	344.331839578248
2025-06-24	18:25:59[491]	85	-24	165	344.232817457524
2025-06-24	18:25:59[524]	92	-27	158	343.644182898983
2025-06-24	18:25:59[524]	97	-37	135	339.120983119443
2025-06-24	18:25:59[524]	87	-26	125	343.361194329574
2025-06-24	18:25:59[547]	94	-38	124	337.988716802081
2025-06-24	18:25:59[547]	88	-28	109	342.34987578007
2025-06-24	18:25:59[547]	91	-22	100	346.409051552159
2025-06-24	18:25:59[547]	89	-17	95	349.186122486375
2025-06-24	18:25:59[567]	84	-15	97	349.875328344602
2025-06-24	18:25:59[591]	80	-11	103	352.17092348994
2025-06-24	18:25:59[591]	81	0	104	0
2025-06-24	18:25:59[614]	81	-6	116	355.763605200941
2025-06-24	18:25:59[614]	78	1	133	0.734521034254815
2025-06-24	18:25:59[614]	78	1	139	0.734521034254815
2025-06-24	18:25:59[647]	76	2	161	1.50743575877497
2025-06-24	18:25:59[647]	82	1	164	0.698694382983471
2025-06-24	18:25:59[647]	85	-21	172	346.122470196792
2025-06-24	18:25:59[691]	90	-23	167	345.66456458048
2025-06-24	18:25:59[691]	91	-30	166	341.754145472422
2025-06-24	18:25:59[691]	95	-33	140	340.84438755456
2025-06-24	18:25:59[691]	97	-37	126	339.120983119443
2025-06-24	18:25:59[701]	95	-34	118	340.307978761263
2025-06-24	18:25:59[724]	90	-29	103	342.139905929321
2025-06-24	18:25:59[724]	93	-17	100	349.640947511916
2025-06-24	18:25:59[724]	85	-15	97	349.992020198559
2025-06-24	18:25:59[748]	82	-15	94	349.63367739655
2025-06-24	18:25:59[748]	80	-5	106	356.423665625003
2025-06-24	18:25:59[768]	75	-3	110	357.709389957361
2025-06-24	18:25:59[768]	80	3	129	2.1475854282985
2025-06-24	18:25:59[801]	78	-7	140	354.871808958147
2025-06-24	18:25:59[801]	78	-4	156	357.064326553579
2025-06-24	18:25:59[801]	79	-9	173	353.500653720345
2025-06-24	18:25:59[801]	84	-17	174	348.558956131233
2025-06-24	18:25:59[835]	88	-18	173	348.439869205782
2025-06-24	18:25:59[835]	96	-34	163	340.497551493338
2025-06-24	18:25:59[845]	98	-34	143	340.866356794095
2025-06-24	18:25:59[891]	94	-30	125	342.299572211333
2025-06-24	18:25:59[891]	93	-30	112	342.121303404159
2025-06-24	18:25:59[891]	88	-25	103	344.140633733394
2025-06-24	18:25:59[891]	85	-21	97	346.122470196792
2025-06-24	18:25:59[891]	83	-14	93	350.425772114908
2025-06-24	18:25:59[916]	74	-11	103	351.544972322823
2025-06-24	18:25:59[916]	77	0	111	0
2025-06-24	18:25:59[916]	84	0	124	0
2025-06-24	18:25:59[916]	82	0	140	0
2025-06-24	18:25:59[946]	75	-2	155	358.472474557787
2025-06-24	18:25:59[969]	80	-11	162	352.17092348994
2025-06-24	18:25:59[969]	84	-17	175	348.558956131233
2025-06-24	18:25:59[969]	86	-22	169	345.650667957053
2025-06-24	18:26:00[002]	87	-31	156	340.387906291096
2025-06-24	18:26:00[002]	92	-36	140	338.629377730657
2025-06-24	18:26:00[002]	93	-33	129	340.463345061872
2025-06-24	18:26:00[002]	88	-30	114	341.17528998176
2025-06-24	18:26:00[049]	88	-24	100	344.744881296942
2025-06-24	18:26:00[049]	80	-14	98	350.073754493348
2025-06-24	18:26:00[049]	82	-10	94	353.047042531826
2025-06-24	18:26:00[049]	83	-7	106	355.179233921907
2025-06-24	18:26:00[099]	86	-8	116	354.685454330055
2025-06-24	18:26:00[099]	78	-4	130	357.064326553579
2025-06-24	18:26:00[099]	77	1	144	0.744059202888709
2025-06-24	18:26:00[099]	82	-6	164	355.815083874882
2025-06-24	18:26:00[099]	79	-9	172	353.500653720345
2025-06-24	18:26:00[122]	80	-15	170	349.380344723845
2025-06-24	18:26:00[122]	84	-26	160	342.801458779934
2025-06-24	18:26:00[122]	98	-35	158	340.346175941947
2025-06-24	18:26:00[155]	91	-34	141	339.512985806669
2025-06-24	18:26:00[155]	87	-35	112	338.085133672808
2025-06-24	18:26:00[155]	86	-22	105	345.650667957053
2025-06-24	18:26:00[155]	84	-25	95	343.425992243091
2025-06-24	18:26:00[210]	85	-9	93	353.955907837759
2025-06-24	18:26:00[210]	84	-15	100	349.875328344602
2025-06-24	18:26:00[210]	81	-5	109	356.467705416109
2025-06-24	18:26:00[210]	74	1	119	0.774220164928062
2025-06-24	18:26:00[237]	80	3	141	2.1475854282985
2025-06-24	18:26:00[237]	83	-3	149	357.929969346959
2025-06-24	18:26:00[237]	86	-6	164	356.00908690157
2025-06-24	18:26:00[237]	83	-19	176	347.106255955118
2025-06-24	18:26:00[257]	87	-23	174	345.191622960958
2025-06-24	18:26:00[287]	94	-28	157	343.412661443073
2025-06-24	18:26:00[287]	95	-32	134	341.384307992669
2025-06-24	18:26:00[287]	88	-33	123	339.443954780417
2025-06-24	18:26:00[328]	84	-30	109	340.346175941947
2025-06-24	18:26:00[328]	87	-23	101	345.191622960958
2025-06-24	18:26:00[328]	90	-19	97	348.079261460078
2025-06-24	18:26:00[328]	85	-9	99	353.955907837759
2025-06-24	18:26:00[328]	77	-3	103	357.768825391969
2025-06-24	18:26:00[350]	80	-2	118	358.567903815835
2025-06-24	18:26:00[350]	75	-4	136	356.947117485208
2025-06-24	18:26:00[384]	76	-1	153	359.246151666929
2025-06-24	18:26:00[384]	82	-10	170	353.047042531826
2025-06-24	18:26:00[384]	87	-19	178	347.680554743363
2025-06-24	18:26:00[404]	92	-26	170	344.219246690485
2025-06-24	18:26:00[404]	100	-35	154	340.709953780811
2025-06-24	18:26:00[428]	95	-37	133	338.720395572305
2025-06-24	18:26:00[428]	90	-40	119	336.037511025422
2025-06-24	18:26:00[428]	97	-28	110	343.898697600842
2025-06-24	18:26:00[470]	90	-25	105	344.475889003246
2025-06-24	18:26:00[470]	91	-8	100	354.97592474146
2025-06-24	18:26:00[470]	84	-5	101	356.593556245005
2025-06-24	18:26:00[470]	80	-4	113	357.137594773888
2025-06-24	18:26:00[470]	79	-1	117	359.274775700941
2025-06-24	18:26:00[497]	81	-2	139	358.585576788598
2025-06-24	18:26:00[521]	78	-4	153	357.064326553579
2025-06-24	18:26:00[521]	81	-8	169	354.359450567843
2025-06-24	18:26:00[564]	86	-26	174	343.178590109959
2025-06-24	18:26:00[564]	90	-31	169	340.994015803963
2025-06-24	18:26:00[564]	97	-39	153	338.096821918161
2025-06-24	18:26:00[564]	94	-34	142	340.114834886145
2025-06-24	18:26:00[564]	101	-28	127	344.505151400861
2025-06-24	18:26:00[588]	92	-27	107	343.644182898983
2025-06-24	18:26:00[588]	93	-23	103	346.108808828545
2025-06-24	18:26:00[588]	84	-14	101	350.537677791974
2025-06-24	18:26:00[608]	82	-16	98	348.959059819676
2025-06-24	18:26:00[608]	79	-4	107	357.101423200718
2025-06-24	18:26:00[631]	77	-4	122	357.02626891752
2025-06-24	18:26:00[631]	78	7	138	5.12819104185284
2025-06-24	18:26:00[631]	82	-5	165	356.510675094204
2025-06-24	18:26:00[665]	80	-15	171	349.380344723845
2025-06-24	18:26:00[665]	86	-24	179	344.407189060734
2025-06-24	18:26:00[665]	94	-32	176	341.200114841347
2025-06-24	18:26:00[688]	89	-33	152	339.655898744082
2025-06-24	18:26:00[688]	91	-30	131	341.754145472422
2025-06-24	18:26:00[708]	89	-35	116	338.532348560901
2025-06-24	18:26:00[734]	87	-22	110	345.808903450976
2025-06-24	18:26:00[734]	89	-23	96	345.510237406116
2025-06-24	18:26:00[734]	89	-12	93	352.321036192631
2025-06-24	18:26:00[734]	82	-17	99	348.287527688913
2025-06-24	18:26:00[757]	81	-5	112	356.467705416109
2025-06-24	18:26:00[790]	76	5	125	3.76403486490572
2025-06-24	18:26:00[790]	81	-4	146	357.172875421839
2025-06-24	18:26:00[790]	82	-6	153	355.815083874882
2025-06-24	18:26:00[811]	82	-10	176	353.047042531826
2025-06-24	18:26:00[811]	89	-22	176	346.115332314742
2025-06-24	18:26:00[811]	97	-33	171	341.211378017832
2025-06-24	18:26:00[811]	93	-38	151	337.774969548886
2025-06-24	18:26:00[834]	94	-32	131	341.200114841347
2025-06-24	18:26:00[857]	91	-32	113	340.625860231342
2025-06-24	18:26:00[857]	88	-28	103	342.34987578007
2025-06-24	18:26:00[857]	87	-23	98	345.191622960958
2025-06-24	18:26:00[877]	80	-16	92	348.69006752598
2025-06-24	18:26:00[877]	87	-10	104	353.443053501837
2025-06-24	18:26:00[911]	75	-2	112	358.472474557787
2025-06-24	18:26:00[911]	76	-2	135	358.492564241225
2025-06-24	18:26:00[918]	77	0	145	0
2025-06-24	18:26:00[944]	79	-1	169	359.274775700941
2025-06-24	18:26:00[944]	79	-11	175	352.07307331731
2025-06-24	18:26:00[944]	89	-20	177	347.334936234958
2025-06-24	18:26:00[968]	91	-32	161	340.625860231342
2025-06-24	18:26:00[968]	99	-36	148	340.0168934781
2025-06-24	18:26:00[968]	99	-41	131	337.503528499767
2025-06-24	18:26:00[968]	101	-36	114	340.382120591882
2025-06-24	18:26:01[001]	84	-33	101	338.552263672895
2025-06-24	18:26:01[001]	80	-16	92	348.69006752598
2025-06-24	18:26:01[001]	79	-8	102	354.217607677636
2025-06-24	18:26:01[024]	87	-4	107	357.367565131014
2025-06-24	18:26:01[044]	82	-1	113	359.301305617017
2025-06-24	18:26:01[044]	77	1	127	0.744059202888709
2025-06-24	18:26:01[068]	80	0	145	0
2025-06-24	18:26:01[068]	83	-6	163	355.865328626264
2025-06-24	18:26:01[068]	84	-3	176	357.954591511113
2025-06-24	18:26:01[101]	85	-19	183	347.399840173919
2025-06-24	18:26:01[101]	85	-25	173	343.610459665965
2025-06-24	18:26:01[101]	92	-34	164	339.717440911083
2025-06-24	18:26:01[135]	94	-33	161	340.655670727879
2025-06-24	18:26:01[135]	97	-34	136	340.683647180496
2025-06-24	18:26:01[135]	86	-38	129	336.161259816828
2025-06-24	18:26:01[135]	95	-33	112	340.84438755456
2025-06-24	18:26:01[158]	89	-31	105	340.7960264945
2025-06-24	18:26:01[178]	96	-34	102	340.497551493338
2025-06-24	18:26:01[178]	85	-16	99	349.339651705465
2025-06-24	18:26:01[178]	85	-17	98	348.69006752598
2025-06-24	18:26:01[178]	93	-11	99	353.254420352517
2025-06-24	18:26:01[201]	84	-9	102	353.884496433715
2025-06-24	18:26:01[225]	85	-5	102	356.63353933657
2025-06-24	18:26:01[225]	83	-8	102	354.494522142022
2025-06-24	18:26:01[268]	81	-4	105	357.172875421839
2025-06-24	18:26:01[268]	80	-8	107	354.2894068625
2025-06-24	18:26:01[278]	82	-7	105	355.120726216993
2025-06-24	18:26:01[278]	76	-2	110	358.492564241225
2025-06-24	18:26:01[278]	78	0	114	0
2025-06-24	18:26:01[278]	82	-2	121	358.602818972704
2025-06-24	18:26:01[301]	80	-4	122	357.137594773888
2025-06-24	18:26:01[301]	78	-3	117	357.797401838234
2025-06-24	18:26:01[335]	77	-4	128	357.02626891752
2025-06-24	18:26:01[335]	77	0	119	0
2025-06-24	18:26:01[335]	81	-8	117	354.359450567843
2025-06-24	18:26:01[335]	85	-4	119	357.305715710144
2025-06-24	18:26:01[335]	75	0	115	0
2025-06-24	18:26:01[368]	78	2	112	1.46880071438582
2025-06-24	18:26:01[368]	76	-4	110	356.987212495817
2025-06-24	18:26:01[368]	77	-6	113	355.544397166674
2025-06-24	18:26:01[392]	78	-1	116	359.265478965745
2025-06-24	18:26:01[412]	77	3	119	2.23117460803125
2025-06-24	18:26:01[412]	78	-6	114	355.601294645004
2025-06-24	18:26:01[436]	76	-7	111	354.737604600405
2025-06-24	18:26:01[436]	80	0	117	0
2025-06-24	18:26:01[436]	81	-8	117	354.359450567843
2025-06-24	18:26:01[468]	78	-4	114	357.064326553579
2025-06-24	18:26:01[468]	74	-5	121	356.134538830148
2025-06-24	18:26:01[468]	80	-5	118	356.423665625003
2025-06-24	18:26:01[488]	78	-5	115	356.332211944469
2025-06-24	18:26:01[488]	78	0	117	0
2025-06-24	18:26:01[503]	75	-3	120	357.709389957361
2025-06-24	18:26:01[503]	79	-6	119	355.656760048311
2025-06-24	18:26:01[536]	77	-1	117	359.255940797111
2025-06-24	18:26:01[536]	75	-4	113	356.947117485208
2025-06-24	18:26:01[536]	74	1	116	0.774220164928062
2025-06-24	18:26:01[570]	77	-3	114	357.768825391969
2025-06-24	18:26:01[570]	78	-6	116	355.601294645004
2025-06-24	18:26:01[570]	81	-3	120	357.878903603339
2025-06-24	18:26:01[603]	74	-3	119	357.678469410167
2025-06-24	18:26:01[603]	76	-8	117	353.990994042505
2025-06-24	18:26:01[603]	70	2	114	1.63657704161672
2025-06-24	18:26:01[630]	82	-3	113	357.904747435376
2025-06-24	18:26:01[630]	78	-6	115	355.601294645004
2025-06-24	18:26:01[630]	83	-1	118	359.309722802135
2025-06-24	18:26:01[670]	80	-2	120	358.567903815835
2025-06-24	18:26:01[670]	83	3	118	2.0700306530411
2025-06-24	18:26:01[670]	76	-4	119	356.987212495817
2025-06-24	18:26:01[670]	81	-2	120	358.585576788598
2025-06-24	18:26:01[693]	82	-7	117	355.120726216993
2025-06-24	18:26:01[693]	71	-5	114	355.971736333515
2025-06-24	18:26:01[693]	74	-3	117	357.678469410167
2025-06-24	18:26:01[726]	75	3	116	2.29061004263853
2025-06-24	18:26:01[726]	75	-6	116	355.426078740099
2025-06-24	18:26:01[726]	78	-1	112	359.265478965745
2025-06-24	18:26:01[760]	77	5	113	3.71528910542877
2025-06-24	18:26:01[760]	77	-5	120	356.284710894571
2025-06-24	18:26:01[760]	79	-2	117	358.549783709067
2025-06-24	18:26:01[780]	80	-5	114	356.423665625003
2025-06-24	18:26:01[780]	81	-6	117	355.763605200941
2025-06-24	18:26:01[803]	78	-2	121	358.531199285614
2025-06-24	18:26:01[803]	83	-6	117	355.865328626264
2025-06-24	18:26:01[803]	81	-10	119	352.962059236815
2025-06-24	18:26:01[837]	76	-1	112	359.246151666929
2025-06-24	18:26:01[837]	74	-8	122	353.82982490497
2025-06-24	18:26:01[837]	78	-3	114	357.797401838234
2025-06-24	18:26:01[859]	73	-5	123	356.081751135933
2025-06-24	18:26:01[859]	78	-2	118	358.531199285614
2025-06-24	18:26:01[880]	79	-1	118	359.274775700941
2025-06-24	18:26:01[880]	82	-10	117	353.047042531826
2025-06-24	18:26:01[880]	72	-5	115	356.027504059249
2025-06-24	18:26:01[904]	82	-6	109	355.815083874882
2025-06-24	18:26:01[904]	72	-5	109	356.027504059249
2025-06-24	18:26:01[927]	71	-7	116	354.369317242365
2025-06-24	18:26:01[960]	70	-1	109	359.181544538311
2025-06-24	18:26:01[960]	71	-11	116	351.193207305565
2025-06-24	18:26:01[960]	72	-1	114	359.204276447261
2025-06-24	18:26:01[960]	70	-3	114	357.545968325473
2025-06-24	18:26:01[993]	72	-6	116	355.236358309274
2025-06-24	18:26:01[993]	71	-8	114	353.57125225117
2025-06-24	18:26:01[993]	74	-6	116	355.364536573097
2025-06-24	18:26:01[993]	70	1	114	0.818455461688614
2025-06-24	18:26:02[054]	72	-5	122	356.027504059249
2025-06-24	18:26:02[054]	64	-7	111	353.758085652585
2025-06-24	18:26:02[054]	69	-1	116	359.169684513742
2025-06-24	18:26:02[054]	63	-5	115	355.462227492093
2025-06-24	18:26:02[054]	64	-5	115	355.532840938611
2025-06-24	18:26:02[080]	72	-3	111	357.614055969611
2025-06-24	18:26:02[080]	66	-9	107	352.234833981575
2025-06-24	18:26:02[080]	62	-8	113	352.647620640108
2025-06-24	18:26:02[080]	65	-5	117	355.601294645004
2025-06-24	18:26:02[114]	69	-6	110	355.03025927189
2025-06-24	18:26:02[114]	60	-6	107	354.2894068625
2025-06-24	18:26:02[138]	68	0	113	0
2025-06-24	18:26:02[138]	70	-4	111	356.729512076816
2025-06-24	18:26:02[138]	60	-6	113	354.2894068625
2025-06-24	18:26:02[138]	58	-4	115	356.054813770962
2025-06-24	18:26:02[160]	62	-9	113	351.740562020121
2025-06-24	18:26:02[194]	60	-7	107	353.345574953993
2025-06-24	18:26:02[194]	61	-4	110	356.248270929474
2025-06-24	18:26:02[194]	62	-5	106	355.389350681339
2025-06-24	18:26:02[194]	60	-7	107	353.345574953993
2025-06-24	18:26:02[228]	62	-3	103	357.2297842028
2025-06-24	18:26:02[228]	59	-5	108	355.155999624919
2025-06-24	18:26:02[228]	59	-2	101	358.058513609086
2025-06-24	18:26:02[248]	57	-7	102	352.998732442505
2025-06-24	18:26:02[248]	59	-3	102	357.089162173832
2025-06-24	18:26:02[248]	56	-9	104	350.869823517721
2025-06-24	18:26:02[270]	58	-5	109	355.072890052351
2025-06-24	18:26:02[270]	61	-15	107	346.184974658738
2025-06-24	18:26:02[304]	48	-8	99	350.537677791974
2025-06-24	18:26:02[304]	55	-12	104	347.691984182572
2025-06-24	18:26:02[304]	54	-11	104	348.486168815513
2025-06-24	18:26:02[328]	48	-6	102	352.874983651098
2025-06-24	18:26:02[328]	54	-14	99	345.46554491946
2025-06-24	18:26:02[348]	48	-15	98	342.645975363739
2025-06-24	18:26:02[348]	47	-8	100	350.340106921558
2025-06-24	18:26:02[348]	53	-14	95	345.203237754943
2025-06-24	18:26:02[378]	49	-3	89	356.496468355216
2025-06-24	18:26:02[378]	47	-9	99	349.159694545669
2025-06-24	18:26:02[378]	51	-8	88	351.085073042852
2025-06-24	18:26:02[412]	42	-8	87	349.215702132437
2025-06-24	18:26:02[412]	46	-9	88	348.929797422061
2025-06-24	18:26:02[412]	44	-8	81	349.695153531234
2025-06-24	18:26:02[445]	44	-12	87	344.744881296942
2025-06-24	18:26:02[445]	42	-14	86	341.565051177078
2025-06-24	18:26:02[445]	47	-18	81	339.044223269368
2025-06-24	18:26:02[469]	46	-15	83	341.939528063801
2025-06-24	18:26:02[469]	48	-11	85	347.092591328734
2025-06-24	18:26:02[489]	40	-7	78	350.073754493348
2025-06-24	18:26:02[489]	41	-15	77	339.904768808095
2025-06-24	18:26:02[489]	46	-13	76	344.219246690485
2025-06-24	18:26:02[513]	44	-16	73	340.0168934781
2025-06-24	18:26:02[513]	48	-22	79	335.376435213836
2025-06-24	18:26:02[536]	44	-21	75	334.486129572466
2025-06-24	18:26:02[536]	42	-22	70	332.354024636261
2025-06-24	18:26:02[566]	47	-13	73	344.538782259558
2025-06-24	18:26:02[566]	44	-26	71	329.420773127511
2025-06-24	18:26:02[566]	41	-14	69	341.146841235581
2025-06-24	18:26:02[596]	45	-25	68	330.945395900923
2025-06-24	18:26:02[596]	51	-22	68	336.66595872329
2025-06-24	18:26:02[596]	38	-15	63	338.459024081462
2025-06-24	18:26:02[629]	44	-23	70	332.402704131356
2025-06-24	18:26:02[629]	37	-13	69	340.641005824305
2025-06-24	18:26:02[629]	40	-21	67	332.300527191945
2025-06-24	18:26:02[659]	47	-12	63	345.677280021796
2025-06-24	18:26:02[659]	48	-12	65	345.963756532074
2025-06-24	18:26:02[659]	45	-12	76	345.068582821862
2025-06-24	18:26:02[689]	48	-19	68	338.404689551032
2025-06-24	18:26:02[689]	41	-21	67	332.878696595841
2025-06-24	18:26:02[689]	47	-15	65	342.299572211333
2025-06-24	18:26:02[689]	46	-13	66	344.219246690485
2025-06-24	18:26:02[709]	51	-17	65	341.565051177078
2025-06-24	18:26:02[740]	42	-19	66	335.658910063307
2025-06-24	18:26:02[740]	40	-15	64	339.443954780417
2025-06-24	18:26:02[740]	47	-19	65	337.988716802081
2025-06-24	18:26:02[770]	46	-19	64	337.557246634706
2025-06-24	18:26:02[770]	40	-20	65	333.434948822922
2025-06-24	18:26:02[770]	51	-20	68	338.587030525128
2025-06-24	18:26:02[770]	46	-19	66	337.557246634706
2025-06-24	18:26:02[800]	44	-13	67	343.53998518796
2025-06-24	18:26:02[800]	46	-15	64	341.939528063801
2025-06-24	18:26:02[800]	45	-21	70	334.9831065219
2025-06-24	18:26:02[830]	40	-6	68	351.469234390052
2025-06-24	18:26:02[830]	45	-22	60	333.946504689509
2025-06-24	18:26:02[830]	42	-17	66	337.963773059855
2025-06-24	18:26:02[876]	46	-21	67	335.462271523422
2025-06-24	18:26:02[876]	45	-12	70	345.068582821862
2025-06-24	18:26:02[876]	42	-15	67	340.346175941947
2025-06-24	18:26:02[876]	46	-15	68	341.939528063801
2025-06-24	18:26:02[876]	45	-13	71	343.886581766911
2025-06-24	18:26:02[896]	38	-16	65	337.166345822082
2025-06-24	18:26:02[920]	43	-14	67	341.96571443287
2025-06-24	18:26:02[920]	47	-18	72	339.044223269368
2025-06-24	18:26:02[920]	42	-19	63	335.658910063307
2025-06-24	18:26:02[920]	38	-14	69	339.775140568832
2025-06-24	18:26:02[943]	38	-17	63	335.897765498839
2025-06-24	18:26:02[976]	44	-19	66	336.644435140714
2025-06-24	18:26:02[976]	44	-18	69	337.750976342788
2025-06-24	18:26:02[976]	43	-16	69	339.590117166196
2025-06-24	18:26:03[010]	41	-14	65	341.146841235581
2025-06-24	18:26:03[010]	40	-15	63	339.443954780417
2025-06-24	18:26:03[010]	41	-17	64	337.479434397103
2025-06-24	18:26:03[010]	39	-11	66	344.248826336547
2025-06-24	18:26:03[030]	43	-17	68	338.428692808745
2025-06-24	18:26:03[056]	47	-15	63	342.299572211333
2025-06-24	18:26:03[056]	40	-17	60	336.974507991472
2025-06-24	18:26:03[056]	43	-16	66	339.590117166196
2025-06-24	18:26:03[056]	48	-16	64	341.565051177078
2025-06-24	18:26:03[075]	42	-23	60	331.294047456599
2025-06-24	18:26:03[092]	42	-18	63	336.801409486352
2025-06-24	18:26:03[092]	46	-17	61	339.717440911083
2025-06-24	18:26:03[112]	44	-22	67	333.434948822922
2025-06-24	18:26:03[112]	36	-13	58	340.144785630679
2025-06-24	18:26:03[112]	45	-19	70	337.109448343752
2025-06-24	18:26:03[159]	45	-11	64	346.263731694377
2025-06-24	18:26:03[159]	41	-14	64	341.146841235581
2025-06-24	18:26:03[159]	41	-20	64	333.996654155489
2025-06-24	18:26:03[192]	37	-14	64	339.274441134439
2025-06-24	18:26:03[192]	41	-15	67	339.904768808095
2025-06-24	18:26:03[192]	40	-16	61	338.198590513648
2025-06-24	18:26:03[192]	40	-13	64	341.995838394087
2025-06-24	18:26:03[192]	41	-13	62	342.407575437818
2025-06-24	18:26:03[226]	41	-12	61	343.686147573739
2025-06-24	18:26:03[226]	37	-14	62	339.274441134439
2025-06-24	18:26:03[226]	41	-14	63	341.146841235581
2025-06-24	18:26:03[276]	44	-13	59	343.53998518796
2025-06-24	18:26:03[276]	44	-14	68	342.34987578007
2025-06-24	18:26:03[276]	44	-5	68	353.516926307103
2025-06-24	18:26:03[276]	44	-16	62	340.0168934781
2025-06-24	18:26:03[276]	45	-11	65	346.263731694377
2025-06-24	18:26:03[302]	39	-10	61	345.618605408909
2025-06-24	18:26:03[302]	39	-13	68	341.565051177078
2025-06-24	18:26:03[302]	38	-15	67	338.459024081462
2025-06-24	18:26:03[329]	40	-11	68	344.623748751174
2025-06-24	18:26:03[329]	39	-13	64	341.565051177078
2025-06-24	18:26:03[352]	41	-14	64	341.146841235581
2025-06-24	18:26:03[373]	46	-14	69	343.072486935853
2025-06-24	18:26:03[373]	44	-13	63	343.53998518796
2025-06-24	18:26:03[373]	45	-12	60	345.068582821862
2025-06-24	18:26:03[373]	43	-10	70	346.908106935653
2025-06-24	18:26:03[396]	42	-17	66	337.963773059855
2025-06-24	18:26:03[429]	41	-12	68	343.686147573739
2025-06-24	18:26:03[429]	41	-9	69	347.619243071193
2025-06-24	18:26:03[429]	39	-12	66	342.897271030948
2025-06-24	18:26:03[462]	37	-16	66	336.614778942786
2025-06-24	18:26:03[462]	44	-17	63	338.875280853928
2025-06-24	18:26:03[462]	40	-16	74	338.198590513648
2025-06-24	18:26:03[462]	46	-13	71	344.219246690485
2025-06-24	18:26:03[462]	48	-16	62	341.565051177078
2025-06-24	18:26:03[482]	40	-9	62	347.31961650818
2025-06-24	18:26:03[489]	37	-14	66	339.274441134439
2025-06-24	18:26:03[532]	41	-11	70	344.981639368849
2025-06-24	18:26:03[532]	48	-15	63	342.645975363739
2025-06-24	18:26:03[532]	40	-15	70	339.443954780417
2025-06-24	18:26:03[532]	47	-13	63	344.538782259558
2025-06-24	18:26:03[532]	42	-6	67	351.869897645844
2025-06-24	18:26:03[565]	39	-7	70	349.824489156957
2025-06-24	18:26:03[565]	40	-10	66	345.963756532074
2025-06-24	18:26:03[565]	41	-11	71	344.981639368849
2025-06-24	18:26:03[599]	39	-10	66	345.618605408909
2025-06-24	18:26:03[599]	41	-16	68	338.682087724538
2025-06-24	18:26:03[599]	45	-10	69	347.471192290848
2025-06-24	18:26:03[632]	43	-9	66	348.178511659393
2025-06-24	18:26:03[632]	47	-14	62	343.412661443073
2025-06-24	18:26:03[632]	38	-10	66	345.256437163529
2025-06-24	18:26:03[666]	40	-13	65	341.995838394087
2025-06-24	18:26:03[666]	43	-5	67	353.367485384862
2025-06-24	18:26:03[666]	35	-14	64	338.198590513648
2025-06-24	18:26:03[666]	44	-12	72	344.744881296942
2025-06-24	18:26:03[690]	40	-14	73	340.709953780811
2025-06-24	18:26:03[690]	40	-13	70	341.995838394087
2025-06-24	18:26:03[690]	42	-13	67	342.801458779934
2025-06-24	18:26:03[710]	46	-9	69	348.929797422061
2025-06-24	18:26:03[733]	48	-11	69	347.092591328734
2025-06-24	18:26:03[733]	40	-12	64	343.300755766006
2025-06-24	18:26:03[756]	46	-11	65	346.551384948314
2025-06-24	18:26:03[756]	41	-10	67	346.29303899592
2025-06-24	18:26:03[756]	39	-14	63	340.253163394574
2025-06-24	18:26:03[790]	34	-17	62	333.434948822922
2025-06-24	18:26:03[790]	43	-11	62	345.650667957053
2025-06-24	18:26:03[790]	44	-16	63	340.0168934781
2025-06-24	18:26:03[810]	42	-12	71	344.054604099077
2025-06-24	18:26:03[810]	42	-12	64	344.054604099077
2025-06-24	18:26:03[833]	43	-8	69	349.460816271372
2025-06-24	18:26:03[833]	41	-12	68	343.686147573739
2025-06-24	18:26:03[833]	44	-13	67	343.53998518796
2025-06-24	18:26:03[867]	41	-18	62	336.297354049034
2025-06-24	18:26:03[867]	43	-14	63	341.96571443287
2025-06-24	18:26:03[867]	42	-18	68	336.801409486352
2025-06-24	18:26:03[890]	42	-14	68	341.565051177078
2025-06-24	18:26:03[890]	42	-22	64	332.354024636261
2025-06-24	18:26:03[910]	40	-20	65	333.434948822922
2025-06-24	18:26:04[017]	43	-9	64	348.178511659393
2025-06-24	18:26:04[017]	46	-10	66	347.735226272108
2025-06-24	18:26:04[033]	41	-18	66	336.297354049034
2025-06-24	18:26:04[033]	46	-14	69	343.072486935853
2025-06-24	18:26:04[033]	42	-11	73	345.32360686255
2025-06-24	18:26:04[033]	41	-4	64	354.427802196036
2025-06-24	18:26:04[033]	38	-15	68	338.459024081462
2025-06-24	18:26:04[033]	42	-6	59	351.869897645844
2025-06-24	18:26:04[033]	45	-18	64	338.198590513648
2025-06-24	18:26:04[033]	38	-12	66	342.474431626277
2025-06-24	18:26:04[033]	40	-16	67	338.198590513648
2025-06-24	18:26:04[033]	45	-11	59	346.263731694377
2025-06-24	18:26:04[033]	45	-15	64	341.565051177078
2025-06-24	18:26:04[033]	42	-12	65	344.054604099077
2025-06-24	18:26:04[056]	45	-9	67	348.69006752598
2025-06-24	18:26:04[077]	38	-8	70	348.111341960372
2025-06-24	18:26:04[077]	35	-13	69	339.623564786164
2025-06-24	18:26:04[077]	38	-10	71	345.256437163529
2025-06-24	18:26:04[100]	41	-9	64	347.619243071193
2025-06-24	18:26:04[100]	42	-15	64	340.346175941947
2025-06-24	18:26:04[133]	44	-10	61	347.195733934713
2025-06-24	18:26:04[133]	37	-13	62	340.641005824305
2025-06-24	18:26:04[133]	46	-5	64	353.796552098308
2025-06-24	18:26:04[133]	43	-11	61	345.650667957053
2025-06-24	18:26:04[133]	45	-5	66	353.65980825409
2025-06-24	18:26:04[156]	45	-10	74	347.471192290848
2025-06-24	18:26:04[177]	37	-8	69	347.799531272619
2025-06-24	18:26:04[177]	48	-11	62	347.092591328734
2025-06-24	18:26:04[210]	37	-16	65	336.614778942786
2025-06-24	18:26:04[210]	43	-7	66	350.753887254437
2025-06-24	18:26:04[210]	46	-3	58	356.26860300084
2025-06-24	18:26:04[233]	41	-12	65	343.686147573739
2025-06-24	18:26:04[233]	47	-11	61	346.827446576673
2025-06-24	18:26:04[233]	45	-12	66	345.068582821862
2025-06-24	18:26:04[256]	38	-18	67	334.653824058053
2025-06-24	18:26:04[256]	42	-9	65	347.905242922988
2025-06-24	18:26:04[289]	38	-16	63	337.166345822082
2025-06-24	18:26:04[289]	43	-15	65	340.769327624339
2025-06-24	18:26:04[289]	43	-11	67	345.650667957053
2025-06-24	18:26:04[323]	45	-17	69	339.304549265937
2025-06-24	18:26:04[323]	43	-7	65	350.753887254437
2025-06-24	18:26:04[323]	41	-18	67	336.297354049034
2025-06-24	18:26:04[323]	48	-11	64	347.092591328734
2025-06-24	18:26:04[343]	41	-11	67	344.981639368849
2025-06-24	18:26:04[343]	39	-15	62	338.962488974578
2025-06-24	18:26:04[343]	40	-10	64	345.963756532074
2025-06-24	18:26:04[366]	37	-13	65	340.641005824305
2025-06-24	18:26:04[399]	40	-11	64	344.623748751174
2025-06-24	18:26:04[399]	39	-20	67	332.850318302217
2025-06-24	18:26:04[399]	46	-14	67	343.072486935853
2025-06-24	18:26:04[399]	46	-13	66	344.219246690485
2025-06-24	18:26:04[422]	48	-20	67	337.38013505196
2025-06-24	18:26:04[422]	46	-15	65	341.939528063801
2025-06-24	18:26:04[422]	42	-13	65	342.801458779934
2025-06-24	18:26:04[442]	45	-13	65	343.886581766911
2025-06-24	18:26:04[466]	44	-13	66	343.53998518796
2025-06-24	18:26:04[466]	43	-12	65	344.407189060734
2025-06-24	18:26:04[500]	41	-13	66	342.407575437818
2025-06-24	18:26:04[500]	40	-10	64	345.963756532074
2025-06-24	18:26:04[500]	41	-15	67	339.904768808095
2025-06-24	18:26:04[524]	43	-15	67	340.769327624339
2025-06-24	18:26:04[524]	38	-13	65	341.113912630291
2025-06-24	18:26:04[524]	39	-16	65	337.693794945092
2025-06-24	18:26:04[544]	46	-18	63	338.629377730657
2025-06-24	18:26:04[544]	38	-12	68	342.474431626277
2025-06-24	18:26:04[567]	42	-11	65	345.32360686255
2025-06-24	18:26:04[567]	43	-9	65	348.178511659393
2025-06-24	18:26:04[567]	43	-12	67	344.407189060734
2025-06-24	18:26:04[600]	46	-12	70	345.379126011368
2025-06-24	18:26:04[600]	42	-15	63	340.346175941947
2025-06-24	18:26:04[600]	43	-16	64	339.590117166196
2025-06-24	18:26:04[623]	41	-12	64	343.686147573739
2025-06-24	18:26:04[623]	40	-16	64	338.198590513648
2025-06-24	18:26:04[644]	42	-14	66	341.565051177078
2025-06-24	18:26:04[644]	41	-15	63	339.904768808095
2025-06-24	18:26:04[670]	47	-14	62	343.412661443073
2025-06-24	18:26:04[670]	45	-15	64	341.565051177078
2025-06-24	18:26:04[670]	43	-16	65	339.590117166196
2025-06-24	18:26:04[690]	44	-16	62	340.0168934781
2025-06-24	18:26:04[736]	38	-12	62	342.474431626277
2025-06-24	18:26:04[736]	44	-15	66	341.17528998176
2025-06-24	18:26:04[736]	42	-11	64	345.32360686255
2025-06-24	18:26:04[736]	42	-8	65	349.215702132437
2025-06-24	18:26:04[736]	40	-16	68	338.198590513648
2025-06-24	18:26:04[760]	38	-13	61	341.113912630291
2025-06-24	18:26:04[760]	41	-11	68	344.981639368849
2025-06-24	18:26:04[780]	38	-20	67	332.24145939894
2025-06-24	18:26:04[780]	44	-16	69	340.0168934781
2025-06-24	18:26:04[780]	40	-12	65	343.300755766006
2025-06-24	18:26:04[803]	38	-15	69	338.459024081462
2025-06-24	18:26:04[803]	48	-13	69	344.845931949687
2025-06-24	18:26:04[837]	42	-9	63	347.905242922988
2025-06-24	18:26:04[837]	48	-16	67	341.565051177078
2025-06-24	18:26:04[837]	40	-13	67	341.995838394087
2025-06-24	18:26:04[860]	39	-7	64	349.824489156957
2025-06-24	18:26:04[860]	43	-11	67	345.650667957053
2025-06-24	18:26:04[860]	40	-11	66	344.623748751174
2025-06-24	18:26:04[880]	41	-9	66	347.619243071193
2025-06-24	18:26:04[880]	38	-10	61	345.256437163529
2025-06-24	18:26:04[910]	40	-6	63	351.469234390052
2025-06-24	18:26:04[910]	40	-14	69	340.709953780811
2025-06-24	18:26:04[910]	44	-14	64	342.34987578007
2025-06-24	18:26:04[944]	40	-16	72	338.198590513648
2025-06-24	18:26:04[944]	40	-15	69	339.443954780417
2025-06-24	18:26:04[944]	39	-15	68	338.962488974578
2025-06-24	18:26:04[967]	44	-10	70	347.195733934713
2025-06-24	18:26:04[967]	39	-14	68	340.253163394574
2025-06-24	18:26:04[967]	47	-16	64	341.200114841347
2025-06-24	18:26:04[987]	45	-12	65	345.068582821862
2025-06-24	18:26:04[987]	41	-14	64	341.146841235581
2025-06-24	18:26:05[013]	39	-13	70	341.565051177078
2025-06-24	18:26:05[013]	37	-12	64	342.030860259843
2025-06-24	18:26:05[033]	41	-14	70	341.146841235581
2025-06-24	18:26:05[033]	44	-15	65	341.17528998176
2025-06-24	18:26:05[036]	49	-14	65	344.054604099077
2025-06-24	18:26:05[079]	39	-11	62	344.248826336547
2025-06-24	18:26:05[079]	46	-9	71	348.929797422061
2025-06-24	18:26:05[079]	38	-10	67	345.256437163529
2025-06-24	18:26:05[113]	44	-15	71	341.17528998176
2025-06-24	18:26:05[113]	36	-10	67	344.475889003246
2025-06-24	18:26:05[113]	40	-11	63	344.623748751174
2025-06-24	18:26:05[113]	43	-13	67	343.178590109959
2025-06-24	18:26:05[113]	41	-13	66	342.407575437818
2025-06-24	18:26:05[156]	44	-12	62	344.744881296942
2025-06-24	18:26:05[156]	41	-13	65	342.407575437818
2025-06-24	18:26:05[156]	40	-15	64	339.443954780417
2025-06-24	18:26:05[193]	39	-8	63	348.407824589709
2025-06-24	18:26:05[193]	46	-22	61	334.440034828176
2025-06-24	18:26:05[193]	49	-13	70	345.141385552075
2025-06-24	18:26:05[193]	46	-12	66	345.379126011368
2025-06-24	18:26:05[193]	45	-20	65	336.037511025422
2025-06-24	18:26:05[223]	39	-18	64	335.224859431168
2025-06-24	18:26:05[223]	35	-18	60	332.783888442693
2025-06-24	18:26:05[223]	44	-12	62	344.744881296942
2025-06-24	18:26:05[253]	36	-12	61	341.565051177078
2025-06-24	18:26:05[303]	38	-14	63	339.775140568832
2025-06-24	18:26:05[319]	43	-9	62	348.178511659393
2025-06-24	18:26:05[319]	44	-12	58	344.744881296942
2025-06-24	18:26:05[319]	39	-13	64	341.565051177078
2025-06-24	18:26:05[319]	43	-18	69	337.285587646833
2025-06-24	18:26:05[319]	38	-15	65	338.459024081462
2025-06-24	18:26:05[319]	39	-6	68	351.253837737445
2025-06-24	18:26:05[319]	39	-15	65	338.962488974578
2025-06-24	18:26:05[319]	47	-12	65	345.677280021796
2025-06-24	18:26:05[343]	39	-18	65	335.224859431168
2025-06-24	18:26:05[367]	42	-13	65	342.801458779934
2025-06-24	18:26:05[367]	42	-14	69	341.565051177078
2025-06-24	18:26:05[367]	44	-11	63	345.963756532074
2025-06-24	18:26:05[367]	40	-14	67	340.709953780811
2025-06-24	18:26:05[396]	46	-11	66	346.551384948314
2025-06-24	18:26:05[419]	42	-7	64	350.537677791974
2025-06-24	18:26:05[419]	42	-16	71	339.145541960422
2025-06-24	18:26:05[419]	37	-15	65	337.93210043759
2025-06-24	18:26:05[436]	38	-17	66	335.897765498839
2025-06-24	18:26:05[443]	39	-12	62	342.897271030948
2025-06-24	18:26:05[467]	42	-14	65	341.565051177078
2025-06-24	18:26:05[467]	39	-15	66	338.962488974578
2025-06-24	18:26:05[467]	42	-10	64	346.607502246249
2025-06-24	18:26:05[486]	40	-14	68	340.709953780811
2025-06-24	18:26:05[486]	37	-10	63	344.875992691689
2025-06-24	18:26:05[519]	42	-9	67	347.905242922988
2025-06-24	18:26:05[519]	43	-13	60	343.178590109959
2025-06-24	18:26:05[519]	40	-16	66	338.198590513648
2025-06-24	18:26:05[549]	41	-16	63	338.682087724538
2025-06-24	18:26:05[549]	44	-14	64	342.34987578007
2025-06-24	18:26:05[549]	45	-19	66	337.109448343752
2025-06-24	18:26:05[578]	35	-13	62	339.623564786164
2025-06-24	18:26:05[578]	37	-18	60	334.057704510128
2025-06-24	18:26:05[578]	48	-14	65	343.739795291688
2025-06-24	18:26:05[612]	44	-14	70	342.34987578007
2025-06-24	18:26:05[612]	43	-17	70	338.428692808745
2025-06-24	18:26:05[612]	42	-12	70	344.054604099077
2025-06-24	18:26:05[612]	43	-8	65	349.460816271372
2025-06-24	18:26:05[642]	46	-7	63	351.347458208885
2025-06-24	18:26:05[642]	48	-8	66	350.537677791974
2025-06-24	18:26:05[642]	46	-16	62	340.820991974189
2025-06-24	18:26:05[667]	35	-19	60	331.504361381755
2025-06-24	18:26:05[678]	40	-12	67	343.300755766006
2025-06-24	18:26:05[678]	40	-13	66	341.995838394087
2025-06-24	18:26:05[708]	41	-15	62	339.904768808095
2025-06-24	18:26:05[708]	41	-6	62	351.674349669573
2025-06-24	18:26:05[708]	45	-14	65	342.718501628183
2025-06-24	18:26:05[741]	40	-12	65	343.300755766006
2025-06-24	18:26:05[741]	38	-11	72	343.855661219717
2025-06-24	18:26:05[741]	42	-9	63	347.905242922988
2025-06-24	18:26:05[767]	39	-13	68	341.565051177078
2025-06-24	18:26:05[767]	44	-16	59	340.0168934781
2025-06-24	18:26:05[808]	38	-13	65	341.113912630291
2025-06-24	18:26:05[808]	42	-10	64	346.607502246249
2025-06-24	18:26:05[808]	43	-16	64	339.590117166196
2025-06-24	18:26:05[818]	40	-16	63	338.198590513648
2025-06-24	18:26:05[818]	41	-14	65	341.146841235581
2025-06-24	18:26:05[841]	40	-21	61	332.300527191945
2025-06-24	18:26:05[841]	42	-17	64	337.963773059855
2025-06-24	18:26:05[841]	43	-14	68	341.96571443287
2025-06-24	18:26:05[867]	44	-16	63	340.0168934781
2025-06-24	18:26:05[867]	44	-7	64	350.960517196645
2025-06-24	18:26:05[867]	45	-11	66	346.263731694377
2025-06-24	18:26:05[889]	40	-14	60	340.709953780811
2025-06-24	18:26:05[889]	40	-19	62	334.592281891052
2025-06-24	18:26:05[908]	37	-14	64	339.274441134439
2025-06-24	18:26:05[908]	42	-16	66	339.145541960422
2025-06-24	18:26:05[931]	41	-16	63	338.682087724538
2025-06-24	18:26:05[931]	43	-13	64	343.178590109959
2025-06-24	18:26:05[931]	45	-8	70	349.919402012458
2025-06-24	18:26:05[951]	41	-17	64	337.479434397103
2025-06-24	18:26:05[979]	43	-9	64	348.178511659393
2025-06-24	18:26:05[979]	49	-10	67	348.465379346355
2025-06-24	18:26:05[979]	43	-9	62	348.178511659393
2025-06-24	18:26:05[979]	38	-12	62	342.474431626277
2025-06-24	18:26:06[008]	40	-12	66	343.300755766006
2025-06-24	18:26:06[008]	42	-8	65	349.215702132437
2025-06-24	18:26:06[008]	36	-16	67	336.037511025422
2025-06-24	18:26:06[041]	44	-14	66	342.34987578007
2025-06-24	18:26:06[041]	36	-12	67	341.565051177078
2025-06-24	18:26:06[041]	46	-13	64	344.219246690485
2025-06-24	18:26:06[067]	39	-8	63	348.407824589709
2025-06-24	18:26:06[067]	41	-13	65	342.407575437818
2025-06-24	18:26:06[108]	41	-20	68	333.996654155489
2025-06-24	18:26:06[108]	45	-18	62	338.198590513648
2025-06-24	18:26:06[108]	44	-15	59	341.17528998176
2025-06-24	18:26:06[108]	36	-11	70	343.009176708014
2025-06-24	18:26:06[131]	40	-13	65	341.995838394087
2025-06-24	18:26:06[131]	40	-19	61	334.592281891052
2025-06-24	18:26:06[169]	41	-12	64	343.686147573739
2025-06-24	18:26:06[169]	42	-13	63	342.801458779934
2025-06-24	18:26:06[169]	34	-14	60	337.61986494804
2025-06-24	18:26:06[169]	41	-12	61	343.686147573739
2025-06-24	18:26:06[169]	42	-17	66	337.963773059855
2025-06-24	18:26:06[189]	42	-7	66	350.537677791974
2025-06-24	18:26:06[208]	47	-14	64	343.412661443073
2025-06-24	18:26:06[208]	42	-14	65	341.565051177078
2025-06-24	18:26:06[242]	45	-13	66	343.886581766911
2025-06-24	18:26:06[242]	44	-17	60	338.875280853928
2025-06-24	18:26:06[242]	33	-11	69	341.565051177078
2025-06-24	18:26:06[270]	42	-22	69	332.354024636261
2025-06-24	18:26:06[270]	41	-13	62	342.407575437818
2025-06-24	18:26:06[270]	43	-11	60	345.650667957053
2025-06-24	18:26:06[270]	45	-13	60	343.886581766911
2025-06-24	18:26:06[299]	37	-13	70	340.641005824305
2025-06-24	18:26:06[299]	42	-9	65	347.905242922988
2025-06-24	18:26:06[299]	38	-13	60	341.113912630291
2025-06-24	18:26:06[319]	48	-18	70	339.443954780417
2025-06-24	18:26:06[345]	42	-13	65	342.801458779934
2025-06-24	18:26:06[345]	39	-9	66	347.005383208084
2025-06-24	18:26:06[345]	41	-8	58	348.959059819676
2025-06-24	18:26:06[345]	40	-15	64	339.443954780417
2025-06-24	18:26:06[368]	41	-12	66	343.686147573739
2025-06-24	18:26:06[390]	47	-10	62	347.988521613635
2025-06-24	18:26:06[390]	43	-8	69	349.460816271372
2025-06-24	18:26:06[390]	42	-10	60	346.607502246249
2025-06-24	18:26:06[420]	41	-13	66	342.407575437818
2025-06-24	18:26:06[420]	41	-14	66	341.146841235581
2025-06-24	18:26:06[443]	39	-5	69	352.694240466689
2025-06-24	18:26:06[443]	42	-11	69	345.32360686255
2025-06-24	18:26:06[443]	39	-8	70	348.407824589709
2025-06-24	18:26:06[486]	43	-10	72	346.908106935653
2025-06-24	18:26:06[486]	41	-8	63	348.959059819676
2025-06-24	18:26:06[486]	38	-20	71	332.24145939894
2025-06-24	18:26:06[530]	45	-12	73	345.068582821862
2025-06-24	18:26:06[530]	48	-11	68	347.092591328734
2025-06-24	18:26:06[530]	39	-12	64	342.897271030948
2025-06-24	18:26:06[530]	46	-11	69	346.551384948314
2025-06-24	18:26:06[530]	46	-7	66	351.347458208885
2025-06-24	18:26:06[553]	43	-14	68	341.96571443287
2025-06-24	18:26:06[553]	46	-12	68	345.379126011368
2025-06-24	18:26:06[553]	36	-11	67	343.009176708014
2025-06-24	18:26:06[587]	46	-18	69	338.629377730657
2025-06-24	18:26:06[697]	39	-15	64	338.962488974578
2025-06-24	18:26:06[697]	47	-11	71	346.827446576673
2025-06-24	18:26:06[697]	39	-12	68	342.897271030948
2025-06-24	18:26:06[743]	41	-14	65	341.146841235581
2025-06-24	18:26:06[743]	52	-8	73	351.253837737445
2025-06-24	18:26:06[743]	47	-10	64	347.988521613635
2025-06-24	18:26:06[743]	51	-11	69	347.828541791413
2025-06-24	18:26:06[743]	47	-14	67	343.412661443073
2025-06-24	18:26:06[743]	46	-11	69	346.551384948314
2025-06-24	18:26:06[743]	49	-6	66	353.01894259317
2025-06-24	18:26:06[743]	45	-11	68	346.263731694377
2025-06-24	18:26:06[743]	49	-12	69	346.239214888209
2025-06-24	18:26:06[743]	45	-4	72	354.920392139985
2025-06-24	18:26:06[743]	47	-11	63	346.827446576673
2025-06-24	18:26:06[743]	48	-12	66	345.963756532074
2025-06-24	18:26:06[743]	50	-8	64	350.909723079178
2025-06-24	18:26:06[743]	43	-13	66	343.178590109959
2025-06-24	18:26:06[743]	48	-11	62	347.092591328734
2025-06-24	18:26:06[743]	47	-10	63	347.988521613635
2025-06-24	18:26:06[787]	46	-6	64	352.568592028827
2025-06-24	18:26:06[787]	43	-12	66	344.407189060734
2025-06-24	18:26:06[787]	43	-12	66	344.407189060734
2025-06-24	18:26:06[811]	43	-13	64	343.178590109959
2025-06-24	18:26:06[811]	40	-9	59	347.31961650818
2025-06-24	18:26:06[811]	43	-12	65	344.407189060734
2025-06-24	18:26:06[831]	47	-15	68	342.299572211333
2025-06-24	18:26:06[831]	48	-12	65	345.963756532074
2025-06-24	18:26:06[887]	42	-10	66	346.607502246249
2025-06-24	18:26:06[887]	46	-9	60	348.929797422061
2025-06-24	18:26:06[887]	43	-14	63	341.96571443287
2025-06-24	18:26:06[887]	45	-17	61	339.304549265937
2025-06-24	18:26:06[887]	46	-12	63	345.379126011368
2025-06-24	18:26:06[887]	41	-12	61	343.686147573739
2025-06-24	18:26:06[921]	48	-8	67	350.537677791974
2025-06-24	18:26:06[921]	43	-15	64	340.769327624339
2025-06-24	18:26:06[921]	44	-15	66	341.17528998176
2025-06-24	18:26:06[944]	47	-16	58	341.200114841347
2025-06-24	18:26:06[944]	47	-16	64	341.200114841347
2025-06-24	18:26:06[977]	50	-14	67	344.357753542791
2025-06-24	18:26:06[977]	44	-16	62	340.0168934781
2025-06-24	18:26:06[977]	54	-16	63	343.495638618245
2025-06-24	18:26:06[997]	45	-10	62	347.471192290848
2025-06-24	18:26:06[997]	50	-15	61	343.300755766006
2025-06-24	18:26:06[997]	45	-14	66	342.718501628183
2025-06-24	18:26:07[020]	56	-16	62	344.054604099077
2025-06-24	18:26:07[020]	53	-17	61	342.216111557308
2025-06-24	18:26:07[054]	50	-18	60	340.201123645475
2025-06-24	18:26:07[054]	44	-15	66	341.17528998176
2025-06-24	18:26:07[054]	53	-18	62	341.241349652158
2025-06-24	18:26:07[077]	44	-18	59	337.750976342788
2025-06-24	18:26:07[077]	47	-17	64	340.114834886145
2025-06-24	18:26:07[097]	48	-19	67	338.404689551032
2025-06-24	18:26:07[097]	52	-17	61	341.896236965493
2025-06-24	18:26:07[097]	51	-16	64	342.582029207797
2025-06-24	18:26:07[130]	44	-13	58	343.53998518796
2025-06-24	18:26:07[130]	52	-22	63	337.06789956241
2025-06-24	18:26:07[130]	52	-19	63	339.928474135461
2025-06-24	18:26:07[154]	54	-10	64	349.508522987668
2025-06-24	18:26:07[154]	48	-15	63	342.645975363739
2025-06-24	18:26:07[177]	53	-17	66	342.216111557308
2025-06-24	18:26:07[177]	52	-15	62	343.909183651148
2025-06-24	18:26:07[177]	47	-14	69	343.412661443073
2025-06-24	18:26:07[211]	50	-13	64	345.425783801961
2025-06-24	18:26:07[211]	49	-14	64	344.054604099077
2025-06-24	18:26:07[211]	49	-12	68	346.239214888209
2025-06-24	18:26:07[244]	49	-19	57	338.805943518458
2025-06-24	18:26:07[244]	41	-19	66	335.136303428248
2025-06-24	18:26:07[244]	49	-10	64	348.465379346355
2025-06-24	18:26:07[244]	50	-15	63	343.300755766006
2025-06-24	18:26:07[264]	45	-13	66	343.886581766911
2025-06-24	18:26:07[287]	46	-9	62	348.929797422061
2025-06-24	18:26:07[287]	47	-15	65	342.299572211333
2025-06-24	18:26:07[287]	47	-17	64	340.114834886145
2025-06-24	18:26:07[321]	49	-14	62	344.054604099077
2025-06-24	18:26:07[321]	48	-15	64	342.645975363739
2025-06-24	18:26:07[321]	50	-12	69	346.504266719204
2025-06-24	18:26:07[321]	40	-19	61	334.592281891052
2025-06-24	18:26:07[344]	43	-17	66	338.428692808745
2025-06-24	18:26:07[364]	38	-18	64	334.653824058053
2025-06-24	18:26:07[364]	48	-15	65	342.645975363739
2025-06-24	18:26:07[397]	48	-11	66	347.092591328734
2025-06-24	18:26:07[397]	45	-16	69	340.42687416959
2025-06-24	18:26:07[397]	43	-15	71	340.769327624339
2025-06-24	18:26:07[397]	44	-15	61	341.17528998176
2025-06-24	18:26:07[397]	48	-20	68	337.38013505196
2025-06-24	18:26:07[420]	49	-16	63	341.916554616951
2025-06-24	18:26:07[444]	43	-18	65	337.285587646833
2025-06-24	18:26:07[444]	38	-12	65	342.474431626277
2025-06-24	18:26:07[477]	43	-14	69	341.96571443287
2025-06-24	18:26:07[477]	39	-16	67	337.693794945092
2025-06-24	18:26:07[477]	40	-11	66	344.623748751174
2025-06-24	18:26:07[497]	42	-17	64	337.963773059855
2025-06-24	18:26:07[497]	39	-16	69	337.693794945092
2025-06-24	18:26:07[497]	42	-11	68	345.32360686255
2025-06-24	18:26:07[522]	47	-13	67	344.538782259558
2025-06-24	18:26:07[522]	39	-21	72	331.699244233994
2025-06-24	18:26:07[555]	42	-14	70	341.565051177078
2025-06-24	18:26:07[555]	41	-13	68	342.407575437818
2025-06-24	18:26:07[555]	43	-15	69	340.769327624339
2025-06-24	18:26:07[588]	45	-13	65	343.886581766911
2025-06-24	18:26:07[588]	40	-13	73	341.995838394087
2025-06-24	18:26:07[588]	46	-10	73	347.735226272108
2025-06-24	18:26:07[588]	40	-12	78	343.300755766006
2025-06-24	18:26:07[588]	44	-15	71	341.17528998176
2025-06-24	18:26:07[612]	45	-15	73	341.565051177078
2025-06-24	18:26:07[612]	43	-14	68	341.96571443287
2025-06-24	18:26:07[632]	42	-12	77	344.054604099077
2025-06-24	18:26:07[657]	39	-11	71	344.248826336547
2025-06-24	18:26:07[657]	43	-9	74	348.178511659393
2025-06-24	18:26:07[657]	42	-11	74	345.32360686255
2025-06-24	18:26:07[680]	39	-17	79	336.447736327105
2025-06-24	18:26:07[680]	47	-15	77	342.299572211333
2025-06-24	18:26:07[713]	41	-14	77	341.146841235581
2025-06-24	18:26:07[713]	43	-14	81	341.96571443287
2025-06-24	18:26:07[713]	34	-16	81	334.798876354525
2025-06-24	18:26:07[733]	45	-17	83	339.304549265937
2025-06-24	18:26:07[733]	41	-7	79	350.311213439633
2025-06-24	18:26:07[733]	41	-10	74	346.29303899592
2025-06-24	18:26:07[769]	43	-21	80	333.970407808487
2025-06-24	18:26:07[769]	44	-10	79	347.195733934713
2025-06-24	18:26:07[769]	46	-14	82	343.072486935853
2025-06-24	18:26:07[769]	43	-18	83	337.285587646833
2025-06-24	18:26:07[803]	41	-14	83	341.146841235581
2025-06-24	18:26:07[803]	46	-11	88	346.551384948314
2025-06-24	18:26:07[803]	45	-16	86	340.42687416959
2025-06-24	18:26:07[826]	44	-14	87	342.34987578007
2025-06-24	18:26:07[850]	43	-15	87	340.769327624339
2025-06-24	18:26:07[850]	43	-20	87	335.056094736575
2025-06-24	18:26:07[850]	54	-15	86	344.475889003246
2025-06-24	18:26:07[850]	46	-14	87	343.072486935853
2025-06-24	18:26:07[883]	51	-15	93	343.610459665965
2025-06-24	18:26:07[883]	49	-14	87	344.054604099077
2025-06-24	18:26:07[883]	54	-19	94	340.615484320642
2025-06-24	18:26:07[903]	49	-17	87	340.866356794095
2025-06-24	18:26:07[927]	48	-20	95	337.38013505196
2025-06-24	18:26:07[927]	51	-7	88	352.184706453233
2025-06-24	18:26:07[927]	51	-14	86	344.649863507576
2025-06-24	18:26:07[927]	54	-13	87	346.464143630866
2025-06-24	18:26:07[950]	55	-14	82	345.718904264029
2025-06-24	18:26:07[980]	57	-8	82	352.010673233603
2025-06-24	18:26:07[980]	48	-9	87	349.380344723845
2025-06-24	18:26:07[987]	53	-11	88	348.274887984835
2025-06-24	18:26:07[987]	56	-14	82	345.963756532074
2025-06-24	18:26:08[031]	57	-14	84	346.200514603981
2025-06-24	18:26:08[031]	49	-21	85	336.801409486352
2025-06-24	18:26:08[031]	52	-14	86	344.931511840508
2025-06-24	18:26:08[031]	53	-9	84	350.362461887069
2025-06-24	18:26:08[064]	52	-12	82	347.005383208084
2025-06-24	18:26:08[064]	54	-7	87	352.613956848733
2025-06-24	18:26:08[064]	57	-10	85	350.049373312048
2025-06-24	18:26:08[084]	56	-13	87	346.930682103718
2025-06-24	18:26:08[084]	57	-13	90	347.152295141282
2025-06-24	18:26:08[115]	55	-10	84	349.695153531234
2025-06-24	18:26:08[115]	53	-9	91	350.362461887069
2025-06-24	18:26:08[115]	56	-10	89	349.875328344602
2025-06-24	18:26:08[141]	62	-15	88	346.399457483341
2025-06-24	18:26:08[141]	58	-8	93	352.146686698022
2025-06-24	18:26:08[141]	59	-13	94	347.574057134573
2025-06-24	18:26:08[141]	62	-8	95	352.647620640108
2025-06-24	18:26:08[174]	59	-8	93	352.278174199869
2025-06-24	18:26:08[174]	56	-3	92	356.933514498874
2025-06-24	18:26:08[174]	62	-3	91	357.2297842028
2025-06-24	18:26:08[211]	57	-7	97	352.998732442505
2025-06-24	18:26:08[211]	66	-2	92	358.264295411072
2025-06-24	18:26:08[211]	62	3	89	2.77021579720019
2025-06-24	18:26:08[240]	59	3	97	2.91083782616775
2025-06-24	18:26:08[240]	55	4	99	4.15964229371264
2025-06-24	18:26:08[240]	56	1	98	1.02303018866784
2025-06-24	18:26:08[264]	58	-5	97	355.072890052351
2025-06-24	18:26:08[264]	57	6	88	6.00900595749452
2025-06-24	18:26:08[264]	63	2	103	1.81830296445183
2025-06-24	18:26:08[287]	58	1	101	0.98776039963981
2025-06-24	18:26:08[287]	60	4	97	3.81407483429035
2025-06-24	18:26:08[320]	64	3	103	2.68377515946898
2025-06-24	18:26:08[320]	63	6	104	5.44033203100551
2025-06-24	18:26:08[320]	63	1	104	0.909380449199142
2025-06-24	18:26:08[353]	60	11	105	10.3888578154696
2025-06-24	18:26:08[353]	64	10	104	8.88065915052024
2025-06-24	18:26:08[353]	66	13	111	11.1428898583393
2025-06-24	18:26:08[373]	62	6	111	5.52754015165617
2025-06-24	18:26:08[373]	67	13	109	10.9806500101735
2025-06-24	18:26:08[373]	63	5	117	4.53777250790665
2025-06-24	18:26:08[373]	74	9	114	6.93434890126956
2025-06-24	18:26:08[397]	64	12	110	10.6196552761551
2025-06-24	18:26:08[420]	68	15	115	12.4395620188465
2025-06-24	18:26:08[420]	63	16	116	14.2500326978036
2025-06-24	18:26:08[440]	67	14	114	11.8024342077835
2025-06-24	18:26:08[440]	60	14	119	13.1340223063963
2025-06-24	18:26:08[440]	69	16	113	13.0552472237966
2025-06-24	18:26:08[468]	67	22	115	18.1780187984185
2025-06-24	18:26:08[468]	67	27	122	21.948699083527
2025-06-24	18:26:08[488]	74	20	119	15.1240073083106
2025-06-24	18:26:08[491]	83	18	112	12.2361115094163
2025-06-24	18:26:08[491]	73	25	125	18.9045758426117
2025-06-24	18:26:08[525]	68	22	120	17.9279197620072
2025-06-24	18:26:08[525]	73	21	130	16.0490047925332
2025-06-24	18:26:08[548]	75	26	128	19.1197263299312
2025-06-24	18:26:08[548]	80	23	127	16.0399433060497
2025-06-24	18:26:08[548]	79	25	123	17.5602720518007
2025-06-24	18:26:08[548]	80	34	135	23.025492008528
2025-06-24	18:26:08[568]	82	27	133	18.2250751113545
2025-06-24	18:26:08[619]	76	32	140	22.8336541779175
2025-06-24	18:26:08[619]	84	33	139	21.4477363271054
2025-06-24	18:26:08[619]	86	24	141	15.5928109392663
2025-06-24	18:26:08[619]	95	26	144	15.3061389740899
2025-06-24	18:26:08[619]	87	29	157	18.434948822922
2025-06-24	18:26:08[645]	88	36	150	22.2490236572124
2025-06-24	18:26:08[645]	87	31	150	19.6120937089041
2025-06-24	18:26:08[645]	96	29	150	16.8086916262069
2025-06-24	18:26:08[678]	91	32	154	19.3741397686576
2025-06-24	18:26:08[678]	89	35	159	21.467651439099
2025-06-24	18:26:08[678]	91	33	158	19.9325365619395
2025-06-24	18:26:08[702]	93	33	160	19.5366549381284
2025-06-24	18:26:08[702]	95	35	158	20.2248594311681
2025-06-24	18:26:08[702]	98	33	164	18.6101647278273
2025-06-24	18:26:08[702]	93	34	161	20.0819774841808
2025-06-24	18:26:08[721]	97	38	168	21.3928903519814
2025-06-24	18:26:08[747]	94	36	174	20.9557767306322
2025-06-24	18:26:08[747]	96	30	167	17.3540246362613
2025-06-24	18:26:08[771]	93	35	171	20.6235313833252
2025-06-24	18:26:08[771]	92	29	165	17.4957578771864
2025-06-24	18:26:08[771]	98	36	171	20.1706534118504
2025-06-24	18:26:08[804]	96	37	164	21.0774941169867
2025-06-24	18:26:08[804]	94	37	164	21.4854433170634
2025-06-24	18:26:08[804]	94	38	161	22.0112831979194
2025-06-24	18:26:08[837]	98	37	165	20.6840802679468
2025-06-24	18:26:08[837]	86	35	163	22.1451800382233
2025-06-24	18:26:08[837]	88	38	160	23.355564859286
2025-06-24	18:26:08[861]	90	34	166	20.6954507340633
2025-06-24	18:26:08[861]	91	28	162	17.1027289690524
2025-06-24	18:26:08[889]	88	36	159	22.2490236572124
2025-06-24	18:26:08[889]	82	33	167	21.9217785939591
2025-06-24	18:26:08[889]	88	34	166	21.1247191460725
2025-06-24	18:26:08[904]	88	33	159	20.5560452195835
2025-06-24	18:26:08[904]	90	34	163	20.6954507340633
2025-06-24	18:26:08[928]	84	32	160	20.8544580395783
2025-06-24	18:26:08[928]	88	34	158	21.1247191460725
2025-06-24	18:26:08[961]	88	27	155	17.0569655766171
2025-06-24	18:26:08[961]	90	32	157	19.5731258304102
2025-06-24	18:26:08[961]	84	34	154	22.0362269401455
2025-06-24	18:26:08[961]	88	31	159	19.4059707540012
2025-06-24	18:26:08[995]	83	39	155	25.1678701497816
2025-06-24	18:26:08[995]	81	30	156	20.3231368296629
2025-06-24	18:26:09[015]	84	26	156	17.1985412200659
2025-06-24	18:26:09[015]	88	32	157	19.9831065219
2025-06-24	18:26:09[015]	92	31	158	18.6215793664876
2025-06-24	18:26:09[015]	89	43	155	25.7873281828144
2025-06-24	18:26:09[038]	86	32	153	20.409882833804
2025-06-24	18:26:09[071]	85	32	157	20.6298799461262
2025-06-24	18:26:09[071]	84	28	156	18.434948822922
2025-06-24	18:26:09[071]	82	31	152	20.709037591649
2025-06-24	18:26:09[094]	85	29	149	18.8384335579808
2025-06-24	18:26:09[094]	83	31	153	20.4803573118092
2025-06-24	18:26:09[094]	87	27	145	17.24145939894
2025-06-24	18:26:09[094]	83	35	149	22.8645081218996
2025-06-24	18:26:09[114]	82	29	155	19.476575498932
2025-06-24	18:26:09[138]	86	31	148	19.8224645703652
2025-06-24	18:26:09[138]	88	30	153	18.8247100182401
2025-06-24	18:26:09[161]	82	28	147	18.8531587644191
2025-06-24	18:26:09[161]	87	34	145	21.3457866490898
2025-06-24	18:26:09[192]	80	26	145	18.0041616059134
2025-06-24	18:26:09[194]	83	37	142	24.0265065786792
2025-06-24	18:26:09[194]	78	36	147	24.7751405688319
2025-06-24	18:26:09[194]	83	28	146	18.6417918936993
2025-06-24	18:26:09[227]	86	37	149	23.2789491980027
2025-06-24	18:26:09[227]	81	35	147	23.3691131634821
2025-06-24	18:26:09[227]	84	35	139	22.6198649480404
2025-06-24	18:26:09[227]	86	34	143	21.5713071912546
2025-06-24	18:26:09[271]	81	31	140	20.9426505499883
2025-06-24	18:26:09[271]	84	36	143	23.1985905136482
2025-06-24	18:26:09[271]	80	32	139	21.8014094863518
2025-06-24	18:26:09[271]	84	32	139	20.8544580395783
2025-06-24	18:26:09[304]	76	31	137	22.1902888961225
2025-06-24	18:26:09[304]	78	36	139	24.7751405688319
2025-06-24	18:26:09[304]	79	26	140	18.2170951978249
2025-06-24	18:26:09[304]	79	34	141	23.2860649182236
2025-06-24	18:26:09[338]	77	35	142	24.4439547804165
2025-06-24	18:26:09[338]	88	35	153	21.6890649646158
2025-06-24	18:26:09[338]	86	40	154	24.9439052634246
2025-06-24	18:26:09[361]	83	44	159	27.9289787086809
2025-06-24	18:26:09[361]	86	45	170	27.6210749830755
2025-06-24	18:26:09[381]	93	49	173	27.7839264122093
2025-06-24	18:26:09[381]	86	51	179	30.6689266497149
2025-06-24	18:26:09[381]	88	47	177	28.1062698208019
2025-06-24	18:26:09[412]	91	50	179	28.786618310014
2025-06-24	18:26:09[412]	94	49	174	27.5319767487223
2025-06-24	18:26:09[412]	87	51	175	30.3791260113683
2025-06-24	18:26:09[442]	85	51	169	30.9637565320735
2025-06-24	18:26:09[442]	96	51	173	27.9794743884801
2025-06-24	18:26:09[472]	87	46	164	27.8670038496569
2025-06-24	18:26:09[472]	88	46	154	27.5972958686437
2025-06-24	18:26:09[472]	90	47	157	27.5745639596944
2025-06-24	18:26:09[512]	91	48	155	27.8104154438463
2025-06-24	18:26:09[512]	92	46	149	26.565051177078
2025-06-24	18:26:09[512]	86	53	145	31.6446590370926
2025-06-24	18:26:09[512]	90	45	155	26.565051177078
2025-06-24	18:26:09[512]	94	49	158	27.5319767487223
2025-06-24	18:26:09[555]	96	51	154	27.9794743884801
2025-06-24	18:26:09[555]	89	51	158	29.8141627377987
2025-06-24	18:26:09[555]	99	51	156	27.2553283749431
2025-06-24	18:26:09[582]	97	56	163	29.9986815395285
2025-06-24	18:26:09[582]	102	61	164	30.8810786969436
2025-06-24	18:26:09[582]	105	56	163	28.072486935853
2025-06-24	18:26:09[613]	107	57	174	28.0446869479748
2025-06-24	18:26:09[613]	114	67	165	30.4435756799257
2025-06-24	18:26:09[613]	113	66	167	30.287952990666
2025-06-24	18:26:09[645]	107	68	172	32.4365306014816
2025-06-24	18:26:09[645]	117	75	174	32.6609127216738
2025-06-24	18:26:09[645]	110	72	171	33.2065703150895
2025-06-24	18:26:09[645]	122	85	172	34.8657487126043
2025-06-24	18:26:09[679]	120	88	170	36.2538377374448
2025-06-24	18:26:09[679]	118	84	168	35.4457103275982
2025-06-24	18:26:09[679]	121	79	176	33.140220879052
2025-06-24	18:26:09[713]	135	85	176	32.1957339347133
2025-06-24	18:26:09[713]	126	95	167	37.0151337847434
2025-06-24	18:26:09[713]	136	95	178	34.9354317927481
2025-06-24	18:26:09[735]	134	103	178	37.5479225565953
2025-06-24	18:26:09[735]	141	107	179	37.1935991707642
2025-06-24	18:26:09[735]	147	114	177	37.7939429986167
2025-06-24	18:26:09[755]	150	126	183	40.0302592718897
2025-06-24	18:26:09[755]	153	130	184	40.3536645088041
2025-06-24	18:26:09[779]	154	134	187	41.0275040592493
2025-06-24	18:26:09[803]	155	141	179	42.2920825141338
2025-06-24	18:26:09[803]	158	148	172	43.1282550347112
2025-06-24	18:26:09[803]	159	149	174	43.1404006612544
2025-06-24	18:26:09[803]	167	155	171	42.8657412374977
2025-06-24	18:26:09[833]	165	163	165	44.6506398204972
2025-06-24	18:26:09[838]	169	166	172	44.4869171824895
2025-06-24	18:26:09[838]	174	172	169	44.6688142115846
2025-06-24	18:26:09[858]	181	176	165	44.197590565361
2025-06-24	18:26:09[878]	178	189	170	46.7167982112899
2025-06-24	18:26:09[878]	195	195	163	45
2025-06-24	18:26:09[878]	193	205	171	46.7269877504876
2025-06-24	18:26:09[878]	201	223	169	47.9702306071965
2025-06-24	18:26:09[908]	211	235	172	48.0802101366458
2025-06-24	18:26:09[928]	222	265	180	50.045884626997
2025-06-24	18:26:09[928]	240	289	191	50.2920698825949
2025-06-24	18:26:09[928]	255	314	199	50.9198827562731
2025-06-24	18:26:09[928]	268	353	209	52.7939847597323
2025-06-24	18:26:09[958]	279	368	221	52.8323357174461
2025-06-24	18:26:09[958]	285	363	215	51.863691914627
2025-06-24	18:26:09[958]	288	361	232	51.4176969803575
2025-06-24	18:26:09[988]	289	361	242	51.3208416015888
2025-06-24	18:26:10[022]	284	353	250	51.1821893073746
2025-06-24	18:26:10[022]	286	349	265	50.665921557971
2025-06-24	18:26:10[022]	292	347	267	49.9194371593732
2025-06-24	18:26:10[022]	291	345	276	49.8530963869924
2025-06-24	18:26:10[055]	300	340	283	48.5763343749974
2025-06-24	18:26:10[055]	299	338	281	48.5035316447845
2025-06-24	18:26:10[055]	301	331	287	47.7176963827078
2025-06-24	18:26:10[055]	301	330	292	47.6313933737125
2025-06-24	18:26:10[085]	300	328	285	47.5528981471718
2025-06-24	18:26:10[085]	302	333	289	47.7948978586621
2025-06-24	18:26:10[085]	301	331	291	47.7176963827078
2025-06-24	18:26:10[085]	298	333	288	48.1748010863028
2025-06-24	18:26:10[116]	291	334	283	48.9357475745439
2025-06-24	18:26:10[145]	294	333	285	48.5592668212832
2025-06-24	18:26:10[145]	292	338	283	49.1760905276046
2025-06-24	18:26:10[145]	296	333	284	48.3664606634298
2025-06-24	18:26:10[178]	290	331	278	48.7773310730729
2025-06-24	18:26:10[178]	291	326	276	48.246686308323
2025-06-24	18:26:10[178]	292	322	278	47.7972435228341
2025-06-24	18:26:10[178]	285	328	288	49.0125439413741
2025-06-24	18:26:10[201]	284	318	286	48.2325401137459
2025-06-24	18:26:10[201]	282	317	288	48.3440313126424
2025-06-24	18:26:10[201]	277	308	292	48.0333494195084
2025-06-24	18:26:10[224]	285	302	304	46.6588689496498
2025-06-24	18:26:10[224]	281	294	304	46.2951621958383
2025-06-24	18:26:10[259]	277	293	300	46.6078803699137
2025-06-24	18:26:10[259]	277	287	305	46.0157761810453
2025-06-24	18:26:10[259]	274	289	310	46.5261694895564
2025-06-24	18:26:10[279]	276	280	314	45.4121927414023
2025-06-24	18:26:10[279]	275	282	311	45.7200167753732
2025-06-24	18:26:10[279]	276	278	315	45.2068430707773
2025-06-24	18:26:10[308]	278	283	316	45.5106440506266
2025-06-24	18:26:10[308]	276	275	315	44.8960150333824
2025-06-24	18:26:10[331]	279	282	311	45.3063916222707
2025-06-24	18:26:10[331]	278	279	312	45.102864843724
2025-06-24	18:26:10[364]	280	282	308	45.2038987104668
2025-06-24	18:26:10[364]	281	283	315	45.2031756714664
2025-06-24	18:26:10[364]	283	287	319	45.4020690457056
2025-06-24	18:26:10[398]	278	284	315	45.6116754747138
2025-06-24	18:26:10[398]	271	291	304	47.0381356050074
2025-06-24	18:26:10[398]	275	289	308	46.4219436584424
2025-06-24	18:26:10[398]	276	278	311	45.2068430707773
2025-06-24	18:26:10[431]	278	284	310	45.6116754747138
2025-06-24	18:26:10[431]	270	277	306	45.7331783637254
2025-06-24	18:26:10[431]	273	275	313	45.2091077559306
2025-06-24	18:26:10[451]	262	267	312	45.541531884727
2025-06-24	18:26:10[451]	267	261	306	44.3489396197705
2025-06-24	18:26:10[451]	261	262	304	45.1095520261765
2025-06-24	18:26:10[475]	261	250	308	43.7668175120831
2025-06-24	18:26:10[475]	247	248	303	45.1157488920561
2025-06-24	18:26:10[498]	248	239	302	43.9412662767972
2025-06-24	18:26:10[498]	247	237	300	43.8163713072713
2025-06-24	18:26:10[498]	243	235	304	44.0411643387505
2025-06-24	18:26:10[518]	229	224	294	44.367621932025
2025-06-24	18:26:10[522]	228	218	292	43.7155564781992
2025-06-24	18:26:10[552]	221	224	294	45.3862578305291
2025-06-24	18:26:10[552]	227	211	292	42.9079337205199
2025-06-24	18:26:10[552]	214	210	285	44.4594898128693
2025-06-24	18:26:10[582]	216	205	290	43.503301160241
2025-06-24	18:26:10[582]	214	201	295	43.2057791698774
2025-06-24	18:26:10[582]	215	205	293	43.6360724683971
2025-06-24	18:26:10[613]	210	203	293	44.0289780689208
2025-06-24	18:26:10[613]	212	202	306	43.6163130326315
2025-06-24	18:26:10[613]	218	206	309	43.3788540863466
2025-06-24	18:26:10[639]	210	203	306	44.0289780689208
2025-06-24	18:26:10[639]	210	208	313	44.7258596062668
2025-06-24	18:26:10[659]	209	207	316	44.7245416438648
2025-06-24	18:26:10[659]	212	205	320	44.0382906701412
2025-06-24	18:26:10[659]	212	206	322	44.1776290200018
2025-06-24	18:26:10[679]	218	212	330	44.2005758866825
2025-06-24	18:26:10[679]	214	217	333	45.3988040897368
2025-06-24	18:26:10[709]	215	214	330	44.8664436462941
2025-06-24	18:26:10[709]	210	230	338	47.6025622024998
2025-06-24	18:26:10[709]	211	229	339	47.3426120064983
2025-06-24	18:26:10[732]	207	229	336	47.888621549843
2025-06-24	18:26:10[732]	213	225	334	46.569354804749
2025-06-24	18:26:10[775]	207	231	340	48.1363583683326
2025-06-24	18:26:10[775]	215	228	344	46.680883602843
2025-06-24	18:26:10[775]	214	230	340	47.063819728457
2025-06-24	18:26:10[775]	210	226	338	47.1016543276713
2025-06-24	18:26:10[819]	213	236	346	47.9324100312904
2025-06-24	18:26:10[819]	214	237	346	47.9194285419761
2025-06-24	18:26:10[819]	221	236	349	46.8799305443395
2025-06-24	18:26:10[856]	221	245	346	47.9482507219327
2025-06-24	18:26:10[856]	225	247	351	47.6686345693443
2025-06-24	18:26:10[856]	227	251	351	47.8743617742506
2025-06-24	18:26:10[856]	232	255	365	47.7039516664508
2025-06-24	18:26:10[856]	224	254	370	48.5912590372055
2025-06-24	18:26:10[886]	229	260	365	48.6273936175717
2025-06-24	18:26:10[886]	236	261	370	47.8796543313146
2025-06-24	18:26:10[886]	239	261	378	47.5193892912063
2025-06-24	18:26:10[886]	245	266	384	47.3532968661083
2025-06-24	18:26:10[905]	239	270	389	48.4852218972211
2025-06-24	18:26:10[938]	243	261	401	47.0454084888872
2025-06-24	18:26:10[938]	238	269	396	48.498936218141
2025-06-24	18:26:10[938]	238	270	401	48.6044205391757
2025-06-24	18:26:10[961]	236	269	403	48.73876496768
2025-06-24	18:26:10[961]	229	261	399	48.7364593581783
2025-06-24	18:26:10[961]	223	251	392	48.3806322633172
2025-06-24	18:26:10[961]	229	238	393	46.1040646456259
2025-06-24	18:26:10[989]	216	241	386	48.131221422692
2025-06-24	18:26:11[019]	206	233	377	48.5194530354954
2025-06-24	18:26:11[020]	208	223	375	46.9932481478683
2025-06-24	18:26:11[020]	206	221	377	47.0119049878531
2025-06-24	18:26:11[056]	197	213	381	47.2347988587389
2025-06-24	18:26:11[056]	199	212	372	46.8116712526662
2025-06-24	18:26:11[056]	200	207	379	45.9853339489779
2025-06-24	18:26:11[062]	199	208	377	46.26677638774
2025-06-24	18:26:11[062]	191	206	384	47.1637986652692
2025-06-24	18:26:11[082]	201	209	388	46.1178245823861
2025-06-24	18:26:11[082]	208	216	393	46.0809241866607
2025-06-24	18:26:11[120]	198	217	397	47.6213497565908
2025-06-24	18:26:11[120]	205	221	398	47.150943127516
2025-06-24	18:26:11[120]	203	218	397	47.0405541485182
2025-06-24	18:26:11[139]	210	217	401	45.9391909457356
2025-06-24	18:26:11[139]	205	229	409	48.1652063888104
2025-06-24	18:26:11[139]	207	230	407	48.0127875041833
2025-06-24	18:26:11[162]	211	234	406	47.9587221467808
2025-06-24	18:26:11[162]	219	236	409	47.1397261406036
2025-06-24	18:26:11[189]	217	239	407	47.7621283133788
2025-06-24	18:26:11[189]	218	244	413	48.2210402155005
2025-06-24	18:26:11[189]	227	243	414	46.9497416721069
2025-06-24	18:26:11[206]	217	246	412	48.5840385270974
2025-06-24	18:26:11[206]	226	247	408	47.5421178425847
2025-06-24	18:26:11[256]	221	250	419	48.5233178063093
2025-06-24	18:26:11[256]	221	252	421	48.7497517858005
2025-06-24	18:26:11[256]	230	247	420	47.0411240516326
2025-06-24	18:26:11[256]	228	248	411	47.4059705166453
2025-06-24	18:26:11[256]	218	245	412	48.3374427983428
2025-06-24	18:26:11[272]	223	251	415	48.3806322633172
2025-06-24	18:26:11[321]	221	242	409	47.5969488215524
2025-06-24	18:26:11[321]	223	246	413	47.807565083801
2025-06-24	18:26:11[321]	226	249	414	47.7721567768909
2025-06-24	18:26:11[321]	216	243	411	48.3664606634298
2025-06-24	18:26:11[321]	218	238	413	47.5113632671631
2025-06-24	18:26:11[359]	218	242	411	47.9866369904752
2025-06-24	18:26:11[359]	220	237	410	47.1303705596612
2025-06-24	18:26:11[359]	214	244	412	48.747644974766
2025-06-24	18:26:11[359]	217	239	405	47.7621283133788
2025-06-24	18:26:11[359]	214	232	415	47.3111314527614
2025-06-24	18:26:11[380]	217	240	413	47.8811640750038
2025-06-24	18:26:11[410]	223	237	412	46.7432464843058
2025-06-24	18:26:11[413]	215	241	405	48.2633313182354
2025-06-24	18:26:11[446]	218	239	411	47.6309968301967
2025-06-24	18:26:11[446]	217	235	415	47.2804853246819
2025-06-24	18:26:11[446]	222	243	406	47.5857943424245
2025-06-24	18:26:11[446]	227	247	416	47.4161102856813
2025-06-24	18:26:11[446]	222	252	422	48.6214847041173
2025-06-24	18:26:11[466]	223	246	417	47.807565083801
2025-06-24	18:26:11[491]	220	255	415	49.214178522734
2025-06-24	18:26:11[491]	229	254	420	47.9629759283711
2025-06-24	18:26:11[491]	231	255	422	47.8271245781613
2025-06-24	18:26:11[491]	231	250	419	47.2620668137578
2025-06-24	18:26:11[522]	229	254	425	47.9629759283711
2025-06-24	18:26:11[522]	231	246	422	46.8011605157224
2025-06-24	18:26:11[522]	228	255	416	48.1995397095626
2025-06-24	18:26:11[548]	236	250	420	46.6500393955779
2025-06-24	18:26:11[564]	227	255	425	48.3246491071108
2025-06-24	18:26:11[564]	226	251	415	48.00017839798
2025-06-24	18:26:11[581]	229	252	417	47.7376297965076
2025-06-24	18:26:11[581]	219	245	417	48.2071854672787
2025-06-24	18:26:11[611]	226	249	424	47.7721567768909
2025-06-24	18:26:11[611]	227	245	420	47.1839502276763
2025-06-24	18:26:11[611]	220	243	415	47.8438888701325
2025-06-24	18:26:11[640]	225	247	408	47.6686345693443
2025-06-24	18:26:11[640]	226	241	417	46.8397030372961
2025-06-24	18:26:11[640]	224	237	417	46.6152880484747
2025-06-24	18:26:11[675]	225	239	412	46.7282276504986
2025-06-24	18:26:11[675]	222	240	410	47.2311746080313
2025-06-24	18:26:11[675]	215	241	408	48.2633313182354
2025-06-24	18:26:11[708]	222	240	412	47.2311746080313
2025-06-24	18:26:11[708]	220	242	407	47.7263109939063
2025-06-24	18:26:11[708]	214	246	403	48.9793824526782
2025-06-24	18:26:11[733]	222	236	415	46.7508541865428
2025-06-24	18:26:11[733]	220	243	414	47.8438888701325
2025-06-24	18:26:11[733]	221	236	418	46.8799305443395
2025-06-24	18:26:11[733]	221	240	409	47.3600955346629
2025-06-24	18:26:11[754]	223	237	418	46.7432464843058
2025-06-24	18:26:11[788]	228	244	412	46.9414863909144
2025-06-24	18:26:11[788]	218	243	414	48.1041058368313
2025-06-24	18:26:11[788]	220	244	418	47.9609361341638
2025-06-24	18:26:11[788]	225	245	415	47.4366482468101
2025-06-24	18:26:11[824]	219	245	419	48.2071854672787
2025-06-24	18:26:11[824]	219	241	416	47.7381465193552
2025-06-24	18:26:11[824]	227	241	415	46.7134653173658
2025-06-24	18:26:11[844]	226	241	418	46.8397030372961
2025-06-24	18:26:11[844]	224	247	410	47.7956623171243
2025-06-24	18:26:11[844]	220	245	414	48.0774553994244
2025-06-24	18:26:11[877]	222	246	415	47.9356734464212
2025-06-24	18:26:11[877]	218	242	415	47.9866369904752
2025-06-24	18:26:11[877]	225	249	420	47.8985767992817
2025-06-24	18:26:11[910]	221	251	461	48.6367888811969
2025-06-24	18:26:11[910]	215	264	522	50.8408375039083
2025-06-24	18:26:11[910]	197	279	604	54.7743451520922
2025-06-24	18:26:11[944]	203	292	702	55.1927616793886
2025-06-24	18:26:11[944]	201	305	825	56.6144629826428
2025-06-24	18:26:11[944]	214	312	977	55.5538736982695
2025-06-24	18:26:11[944]	233	295	1153	51.6972443289458
2025-06-24	18:26:11[967]	284	241	1359	40.3176544892467
2025-06-24	18:26:11[990]	364	127	1493	19.2339357907921
2025-06-24	18:26:11[990]	475	-49	1498	354.110320825013
2025-06-24	18:26:11[990]	555	-198	1303	340.365797783479
2025-06-24	18:26:12[024]	578	-258	1039	335.945602571188
2025-06-24	18:26:12[024]	543	-246	774	335.627635077596
2025-06-24	18:26:12[024]	503	-199	560	338.414948419233
2025-06-24	18:26:12[024]	453	-132	413	343.754366954526
2025-06-24	18:26:12[044]	409	-61	297	351.517192104141
2025-06-24	18:26:12[070]	358	1	224	0.160043660606002
2025-06-24	18:26:12[070]	319	66	200	11.6893691754392
2025-06-24	18:26:12[103]	282	130	225	24.7493664907175
2025-06-24	18:26:12[103]	249	184	300	36.4627639463173
2025-06-24	18:26:12[103]	221	231	426	46.2673989852333
2025-06-24	18:26:12[103]	206	278	626	53.4612881425714
2025-06-24	18:26:12[103]	201	313	903	57.2925377926777
2025-06-24	18:26:12[126]	229	298	1224	52.4592936501095
2025-06-24	18:26:12[126]	349	161	1511	24.764728833618
2025-06-24	18:26:12[146]	518	-104	1432	348.647531691543
2025-06-24	18:26:12[146]	579	-257	1041	336.06506148628
2025-06-24	18:26:12[171]	535	-228	677	336.917837868797
2025-06-24	18:26:12[171]	478	-150	441	342.577749890491
2025-06-24	18:26:12[171]	404	-54	284	352.386778234033
2025-06-24	18:26:12[194]	345	27	213	4.4748965062461
2025-06-24	18:26:12[227]	300	111	221	20.3044737099604
2025-06-24	18:26:12[227]	259	184	305	35.390927122541
2025-06-24	18:26:12[227]	228	253	465	47.9752739044501
2025-06-24	18:26:12[227]	211	312	742	55.9302163723101
2025-06-24	18:26:12[248]	218	325	1112	56.1475068864133
2025-06-24	18:26:12[248]	317	250	1506	38.2608498930954
2025-06-24	18:26:12[248]	518	-55	1496	353.939179143486
2025-06-24	18:26:12[272]	598	-254	1046	336.986682177742
2025-06-24	18:26:12[305]	536	-212	646	338.42009371238
2025-06-24	18:26:12[305]	450	-120	378	345.068582821862
2025-06-24	18:26:12[305]	388	-16	240	357.638625341824
2025-06-24	18:26:12[305]	328	73	205	12.5473021499272
2025-06-24	18:26:12[328]	273	160	267	30.3737395509618
2025-06-24	18:26:12[349]	229	238	422	46.1040646456259
2025-06-24	18:26:12[349]	213	299	704	54.5348944041909
2025-06-24	18:26:12[349]	224	331	1115	55.9123276177954
2025-06-24	18:26:12[349]	333	241	1548	35.8941514585492
2025-06-24	18:26:12[372]	561	-86	1504	351.284538755009
2025-06-24	18:26:12[395]	611	-259	992	337.028142689492
2025-06-24	18:26:12[395]	526	-195	580	339.659126735938
2025-06-24	18:26:12[395]	445	-94	340	348.072413795478
2025-06-24	18:26:12[429]	371	11	223	1.69829915633622
2025-06-24	18:26:12[429]	312	109	220	19.2573198029202
2025-06-24	18:26:12[429]	258	192	309	36.6561084159669
2025-06-24	18:26:12[429]	225	277	518	50.9139290408006
2025-06-24	18:26:12[462]	208	344	857	58.8406954916556
2025-06-24	18:26:12[462]	249	356	1327	55.0295886178836
2025-06-24	18:26:12[462]	435	158	1686	19.9619524599064
2025-06-24	18:26:12[507]	605	-256	844	337.06481017497
2025-06-24	18:26:12[507]	425	-50	289	353.290163192243
2025-06-24	18:26:12[540]	361	51	203	8.04120284518069
2025-06-24	18:26:12[540]	296	137	234	24.8364850630717
2025-06-24	18:26:12[540]	248	232	362	43.0908475670036
2025-06-24	18:26:12[540]	226	306	605	53.5518302338201
2025-06-24	18:26:12[563]	220	371	983	59.3324019172633
2025-06-24	18:26:12[583]	499	128	1752	14.3869194721798
2025-06-24	18:26:12[583]	682	-214	1335	342.579029899863
2025-06-24	18:26:12[583]	622	-249	821	338.18271030909
2025-06-24	18:26:12[630]	446	-57	290	352.71692672924
2025-06-24	18:26:12[630]	373	52	204	7.93646358121883
2025-06-24	18:26:12[664]	306	154	231	26.7146481726805
2025-06-24	18:26:12[664]	269	238	367	41.501063781859
2025-06-24	18:26:12[664]	231	331	603	55.0893823154939
2025-06-24	18:26:12[664]	247	401	978	58.3685879848595
2025-06-24	18:26:12[697]	512	206	1835	21.917080485691
2025-06-24	18:26:12[717]	721	-189	1476	345.311213226682
2025-06-24	18:26:12[717]	677	-263	927	338.769917882432
2025-06-24	18:26:12[717]	560	-181	550	342.088426330321
2025-06-24	18:26:12[741]	398	37	222	5.31122648448252
2025-06-24	18:26:12[791]	330	125	224	20.7460802756834
2025-06-24	18:26:12[791]	279	223	316	38.6347554443561
2025-06-24	18:26:12[791]	243	311	530	51.9976926040144
2025-06-24	18:26:12[791]	238	396	869	58.9937076334892
2025-06-24	18:26:12[818]	425	328	1806	37.6596925668417
2025-06-24	18:26:12[818]	693	-62	1693	354.887581911293
2025-06-24	18:26:12[818]	729	-267	1122	339.884483526764
2025-06-24	18:26:12[841]	619	-208	681	341.42632074719
2025-06-24	18:26:12[841]	432	-2	254	359.734743656624
2025-06-24	18:26:12[875]	358	89	212	13.9609038933162
2025-06-24	18:26:12[875]	301	187	263	31.8511323047629
2025-06-24	18:26:12[875]	257	276	427	47.0415741999608
2025-06-24	18:26:12[875]	237	366	693	57.0752885831935
2025-06-24	18:26:12[898]	240	426	1083	60.6039471450567
2025-06-24	18:26:12[931]	567	143	1858	14.1550649058667
2025-06-24	18:26:12[931]	739	-208	1407	344.280136508998
2025-06-24	18:26:12[951]	672	-255	884	339.220034945304
2025-06-24	18:26:12[951]	474	-59	312	352.904739960816
2025-06-24	18:26:12[951]	391	43	219	6.27585063930819
2025-06-24	18:26:12[975]	326	140	226	23.2410004093175
2025-06-24	18:26:12[998]	280	231	328	39.5226312711711
2025-06-24	18:26:12[998]	249	317	562	51.8507566617799
2025-06-24	18:26:13[018]	240	388	918	58.2608592041848
2025-06-24	18:26:13[018]	285	419	1403	55.7768180008279
2025-06-24	18:26:13[044]	727	-175	1511	346.465523155088
2025-06-24	18:26:13[044]	683	-264	929	338.866986734195
2025-06-24	18:26:13[067]	468	-61	313	352.573825954045
2025-06-24	18:26:13[101]	381	52	213	7.77187669765362
2025-06-24	18:26:13[101]	310	150	233	25.8209919741893
2025-06-24	18:26:13[101]	266	241	381	42.1770507889589
2025-06-24	18:26:13[101]	237	333	664	54.5600964808863
2025-06-24	18:26:13[135]	248	403	1096	58.3924977537511
2025-06-24	18:26:13[135]	637	0	1750	0
2025-06-24	18:26:13[155]	723	-281	1144	338.760968181956
2025-06-24	18:26:13[155]	616	-223	652	340.099086115335
2025-06-24	18:26:13[177]	402	18	217	2.563770211465
2025-06-24	18:26:13[177]	332	126	222	20.7826588547139
2025-06-24	18:26:13[211]	276	222	350	38.8113840367584
2025-06-24	18:26:13[211]	248	318	616	52.0502502588731
2025-06-24	18:26:13[211]	247	396	1040	58.046668360166
2025-06-24	18:26:13[245]	631	28	1796	2.54077669857738
2025-06-24	18:26:13[245]	735	-277	1159	339.350041353174
2025-06-24	18:26:13[245]	607	-229	641	339.330252318339
2025-06-24	18:26:13[288]	405	22	219	3.10930745093526
2025-06-24	18:26:13[288]	320	141	227	23.7794891396467
2025-06-24	18:26:13[288]	281	246	383	41.2003573516797
2025-06-24	18:26:13[311]	249	339	689	53.7022237899468
2025-06-24	18:26:13[311]	259	404	1171	57.3365099862802
2025-06-24	18:26:13[361]	707	-101	1658	351.869897645844
2025-06-24	18:26:13[361]	712	-286	987	338.115392441175
2025-06-24	18:26:13[361]	464	-56	289	353.118276369363
2025-06-24	18:26:13[394]	367	67	206	10.3460565644023
2025-06-24	18:26:13[394]	299	179	275	30.9073630665112
2025-06-24	18:26:13[394]	254	271	474	46.8546438750328
2025-06-24	18:26:13[428]	246	368	848	56.2381332891558
2025-06-24	18:26:13[428]	289	396	1417	53.878107568268
2025-06-24	18:26:13[452]	744	-261	1334	340.668800417795
2025-06-24	18:26:13[452]	652	-263	733	338.032121469484
2025-06-24	18:26:13[474]	411	-3	227	359.581790058503
2025-06-24	18:26:13[474]	330	125	221	20.7460802756834
2025-06-24	18:26:13[505]	283	220	360	37.860964620423
2025-06-24	18:26:13[505]	255	302	653	49.8232272370049
2025-06-24	18:26:13[505]	272	369	1135	53.6050564882846
2025-06-24	18:26:13[535]	717	-137	1649	349.182657469929
2025-06-24	18:26:13[535]	719	-326	980	335.610103492212
2025-06-24	18:26:13[569]	469	-76	293	350.795407933805
2025-06-24	18:26:13[569]	380	54	207	8.08787997453801
2025-06-24	18:26:13[569]	314	150	250	25.5341329916476
2025-06-24	18:26:13[592]	282	238	415	40.1634165542647
2025-06-24	18:26:13[592]	256	323	739	51.6007239988232
2025-06-24	18:26:13[617]	281	371	1194	52.8592605491557
2025-06-24	18:26:13[617]	718	-134	1683	349.428532920652
2025-06-24	18:26:13[650]	753	-330	1083	336.334707660896
2025-06-24	18:26:13[650]	505	-133	362	345.245268395734
2025-06-24	18:26:13[670]	415	-10	222	358.619645926556
2025-06-24	18:26:13[670]	348	92	205	14.8083770390424
2025-06-24	18:26:13[694]	302	173	292	29.8061383436447
2025-06-24	18:26:13[694]	274	263	479	43.8265075510317
2025-06-24	18:26:13[694]	268	330	776	50.9192163713055
2025-06-24	18:26:13[717]	302	360	1185	50.0070864271059
2025-06-24	18:26:13[737]	664	-22	1799	358.102340050956
2025-06-24	18:26:13[764]	785	-305	1396	338.767107704582
2025-06-24	18:26:13[764]	723	-330	928	335.466548604596
2025-06-24	18:26:13[784]	517	-135	375	345.365592641134
2025-06-24	18:26:13[784]	443	-32	251	355.868428963346
2025-06-24	18:26:13[799]	384	55	204	8.15099035159482
2025-06-24	18:26:13[799]	336	135	239	21.8895567699047
2025-06-24	18:26:13[819]	305	212	329	34.8024671422776
2025-06-24	18:26:13[835]	270	279	491	45.9391909457356
2025-06-24	18:26:13[835]	267	334	723	51.3611178879718
2025-06-24	18:26:13[869]	293	374	1062	51.924053574936
2025-06-24	18:26:13[869]	524	198	1811	20.6997033711454
2025-06-24	18:26:13[902]	745	-140	1715	349.357129255296
2025-06-24	18:26:13[902]	785	-338	1233	336.704581559689
2025-06-24	18:26:13[902]	688	-312	797	335.606260613837
2025-06-24	18:26:13[936]	493	-102	330	348.310630824561
2025-06-24	18:26:13[936]	421	-3	223	359.591723445975
2025-06-24	18:26:13[936]	364	81	206	12.5454731477487
2025-06-24	18:26:13[936]	327	167	277	27.0535539033788
2025-06-24	18:26:13[969]	285	247	412	40.9143832200251
2025-06-24	18:26:13[969]	263	321	642	50.6717353750522
2025-06-24	18:26:13[992]	282	362	977	52.0812122446587
2025-06-24	18:26:14[026]	521	184	1818	19.4515388496084
2025-06-24	18:26:14[026]	741	-178	1632	346.49256952557
2025-06-24	18:26:14[026]	744	-345	1088	335.122388805471
2025-06-24	18:26:14[026]	637	-268	674	337.182432234101
2025-06-24	18:26:14[046]	445	-45	260	354.225674097337
2025-06-24	18:26:14[046]	377	61	210	9.19101404442021
2025-06-24	18:26:14[082]	323	146	249	24.3235575689677
2025-06-24	18:26:14[082]	283	231	372	39.2231945119523
2025-06-24	18:26:14[082]	269	300	605	48.1184796541996
2025-06-24	18:26:14[082]	274	357	965	52.4935087781925
2025-06-24	18:26:14[115]	538	170	1839	17.535761538446
2025-06-24	18:26:14[115]	758	-209	1566	344.585105415751
2025-06-24	18:26:14[138]	727	-327	997	335.782086366359
2025-06-24	18:26:14[138]	614	-237	593	338.89373657225
2025-06-24	18:26:14[178]	414	-3	227	359.584820458855
2025-06-24	18:26:14[178]	353	96	216	15.2139086074215
2025-06-24	18:26:14[211]	304	188	299	31.7335191534163
2025-06-24	18:26:14[211]	265	277	492	46.2683340296146
2025-06-24	18:26:14[211]	265	351	802	52.9477153137313
2025-06-24	18:26:14[235]	442	285	1766	32.8137763604661
2025-06-24	18:26:14[235]	708	-99	1750	352.039914296724
2025-06-24	18:26:14[235]	748	-329	1150	336.258206897765
2025-06-24	18:26:14[258]	633	-261	681	337.592555236327
2025-06-24	18:26:14[288]	429	-20	243	357.330800739933
2025-06-24	18:26:14[288]	358	78	214	12.2913487628666
2025-06-24	18:26:14[288]	308	176	291	29.7448812969422
2025-06-24	18:26:14[288]	259	265	464	45.6560298740817
2025-06-24	18:26:14[318]	251	340	777	53.5639475750141
2025-06-24	18:26:14[318]	285	377	1229	52.9118799579711
2025-06-24	18:26:14[351]	674	-98	1734	351.727134371079
2025-06-24	18:26:14[351]	728	-321	1137	336.205683453246
2025-06-24	18:26:14[384]	611	-258	678	337.107679791741
2025-06-24	18:26:14[384]	417	-29	241	356.021806577133
2025-06-24	18:26:14[407]	355	76	208	12.0837344185269
2025-06-24	18:26:14[407]	292	174	289	30.7903086880055
2025-06-24	18:26:14[407]	257	246	457	43.7472104734979
2025-06-24	18:26:14[427]	241	316	758	52.6687472161189
2025-06-24	18:26:14[427]	252	353	1170	54.4776788893821
2025-06-24	18:26:14[451]	611	-51	1750	355.228597808236
2025-06-24	18:26:14[451]	694	-306	1209	336.206253127817
2025-06-24	18:26:14[474]	612	-274	731	335.881344841694
2025-06-24	18:26:14[504]	434	-50	274	353.428077345684
2025-06-24	18:26:14[504]	354	55	214	8.83127902009961
2025-06-24	18:26:14[504]	303	153	256	26.7915155294192
2025-06-24	18:26:14[534]	262	238	407	42.2519118199463
2025-06-24	18:26:14[534]	240	313	668	52.5199776633585
2025-06-24	18:26:14[534]	240	365	1051	56.6737103128848
2025-06-24	18:26:14[584]	526	82	1843	8.86072093783019
2025-06-24	18:26:14[584]	716	-271	1435	339.268765662671
2025-06-24	18:26:14[584]	667	-305	901	335.426738782573
2025-06-24	18:26:14[608]	467	-85	330	349.684357266144
2025-06-24	18:26:14[628]	394	17	229	2.4706205139935
2025-06-24	18:26:14[628]	328	116	229	19.476575498932
2025-06-24	18:26:14[628]	283	206	327	36.0514421841554
2025-06-24	18:26:14[628]	249	284	535	48.756993130124
2025-06-24	18:26:14[658]	236	359	848	56.6798161638821
2025-06-24	18:26:14[658]	272	386	1295	54.8290553256019
2025-06-24	18:26:14[678]	665	-104	1761	351.11145610923
2025-06-24	18:26:14[678]	730	-325	1188	336.001109645622
2025-06-24	18:26:14[708]	536	-157	449	343.674140914336
2025-06-24	18:26:14[708]	446	-46	289	354.111391253954
2025-06-24	18:26:14[742]	370	56	224	8.60647351978887
2025-06-24	18:26:14[742]	313	158	258	26.7842941612649
2025-06-24	18:26:14[742]	269	240	396	41.7391292276543
2025-06-24	18:26:14[775]	246	322	648	52.6210713092971
2025-06-24	18:26:14[775]	241	369	995	56.8507827984002
2025-06-24	18:26:14[775]	293	361	1476	50.9360293632833
2025-06-24	18:26:14[820]	694	-218	1588	342.561399073583
2025-06-24	18:26:14[820]	688	-323	1025	334.851036363482
2025-06-24	18:26:14[820]	488	-120	383	346.184974658738
2025-06-24	18:26:14[842]	412	-14	253	358.053804882969
2025-06-24	18:26:14[842]	345	80	218	13.0552472237966
2025-06-24	18:26:14[862]	292	172	285	30.4998332334474
2025-06-24	18:26:14[896]	252	248	441	44.5416435419996
2025-06-24	18:26:14[896]	236	326	705	54.0982291455475
2025-06-24	18:26:14[896]	228	375	1090	58.7003986653715
2025-06-24	18:26:14[896]	308	341	1576	47.9108378261678
2025-06-24	18:26:14[920]	702	-267	1421	339.176094275076
2025-06-24	18:26:14[943]	549	-209	553	339.158562741846
2025-06-24	18:26:14[976]	471	-92	338	348.947627529807
2025-06-24	18:26:14[976]	401	14	236	1.99953925694867
2025-06-24	18:26:14[976]	340	105	229	17.1619188028653
2025-06-24	18:26:14[976]	287	191	321	33.6439727816902
2025-06-24	18:26:15[010]	247	276	497	48.1737625799618
2025-06-24	18:26:15[010]	231	350	797	56.5751888173962
2025-06-24	18:26:15[010]	257	389	1211	56.54852149149
2025-06-24	18:26:15[010]	363	315	1716	40.9504182967286
2025-06-24	18:26:15[053]	733	-302	1325	337.608071648822
2025-06-24	18:26:15[097]	550	-188	508	341.128639098313
2025-06-24	18:26:15[097]	382	32	230	4.78846655031359
2025-06-24	18:26:15[097]	323	122	228	20.6920010513946
2025-06-24	18:26:15[107]	283	208	344	36.3152291813611
2025-06-24	18:26:15[130]	251	292	546	49.3180071273524
2025-06-24	18:26:15[130]	240	355	860	55.9390911831922
2025-06-24	18:26:15[130]	265	378	1291	54.9673084474825
2025-06-24	18:26:15[130]	383	273	1757	35.4810334411624
2025-06-24	18:26:15[153]	704	-329	1214	334.951926360429
2025-06-24	18:26:15[177]	518	-165	458	342.331615632648
2025-06-24	18:26:15[220]	444	-60	292	352.303948277983
2025-06-24	18:26:15[220]	373	41	222	6.27274530324018
2025-06-24	18:26:15[220]	313	135	247	23.3310150378961
2025-06-24	18:26:15[220]	274	217	359	38.3781958772152
2025-06-24	18:26:15[220]	241	302	586	51.4096692132867
2025-06-24	18:26:15[240]	231	354	912	56.8738491023736
2025-06-24	18:26:15[243]	261	373	1358	55.0182903608969
2025-06-24	18:26:15[276]	653	-151	1688	346.979753248034
2025-06-24	18:26:15[276]	697	-323	1140	335.136303428248
2025-06-24	18:26:15[330]	509	-153	433	343.269779496085
2025-06-24	18:26:15[330]	429	-43	280	354.276183742607
2025-06-24	18:26:15[330]	366	59	220	9.15742515074944
2025-06-24	18:26:15[330]	302	150	250	26.4130733385141
2025-06-24	18:26:15[330]	264	226	378	40.5655294938988
2025-06-24	18:26:15[364]	241	309	622	52.0480748828248
2025-06-24	18:26:15[364]	224	361	956	58.1804557444289
2025-06-24	18:26:15[364]	276	366	1420	52.9801137451685
2025-06-24	18:26:15[397]	665	-182	1631	344.69386102591
2025-06-24	18:26:15[397]	684	-325	1069	334.585447744131
2025-06-24	18:26:15[420]	499	-137	414	344.647769899234
2025-06-24	18:26:15[420]	426	-31	267	355.837925177652
2025-06-24	18:26:15[443]	357	65	223	10.3189691649338
2025-06-24	18:26:15[476]	303	153	271	26.7915155294192
2025-06-24	18:26:15[476]	259	243	405	43.1744576926701
2025-06-24	18:26:15[476]	235	320	652	53.7073702715204
2025-06-24	18:26:15[476]	235	368	1011	57.43822952787
2025-06-24	18:26:15[476]	291	358	1485	50.8940927952617
2025-06-24	18:26:15[510]	682	-217	1592	342.34987578007
2025-06-24	18:26:15[510]	685	-326	1046	334.549643496594
2025-06-24	18:26:15[537]	496	-130	395	345.313312050063
2025-06-24	18:26:15[537]	419	-21	265	357.130774659706
2025-06-24	18:26:15[563]	358	73	223	11.5252135095447
2025-06-24	18:26:15[563]	304	154	262	26.8658136613215
2025-06-24	18:26:15[589]	258	245	401	43.5195241396702
2025-06-24	18:26:15[589]	242	315	638	52.4665857285409
2025-06-24	18:26:15[589]	242	366	980	56.5272352734957
2025-06-24	18:26:15[613]	278	364	1426	52.6297152553637
2025-06-24	18:26:15[646]	665	-168	1675	345.821935585293
2025-06-24	18:26:15[646]	702	-327	1147	335.023332899222
2025-06-24	18:26:15[679]	525	-163	456	342.75167554244
2025-06-24	18:26:15[679]	447	-60	295	352.354986728329
2025-06-24	18:26:15[679]	375	34	220	5.18065257245975
2025-06-24	18:26:15[709]	320	131	231	22.2629659320347
2025-06-24	18:26:15[709]	281	206	334	36.2449971605186
2025-06-24	18:26:15[709]	250	288	525	49.0402040184042
2025-06-24	18:26:15[745]	231	341	802	55.8855270546587
2025-06-24	18:26:15[745]	252	377	1186	56.2398459285334
2025-06-24	18:26:15[745]	336	326	1638	44.1345706627195
2025-06-24	18:26:15[752]	695	-250	1521	340.215721295991
2025-06-24	18:26:15[786]	593	-247	668	337.386996000258
2025-06-24	18:26:15[786]	511	-151	431	343.537641514729
2025-06-24	18:26:15[819]	442	-46	290	354.058480206247
2025-06-24	18:26:15[819]	383	31	219	4.6274298067207
2025-06-24	18:26:15[819]	331	124	236	20.5370731078553
2025-06-24	18:26:15[819]	289	195	321	34.0091338033945
2025-06-24	18:26:15[849]	255	274	475	47.0569982222966
2025-06-24	18:26:15[849]	234	327	716	54.4126294368662
2025-06-24	18:26:15[849]	239	367	1043	56.9267726387043
2025-06-24	18:26:15[874]	286	358	1441	51.3792481676131
2025-06-24	18:26:15[874]	426	218	1799	27.1005101626425
2025-06-24	18:26:15[898]	711	-302	1392	336.986453855855
2025-06-24	18:26:15[921]	592	-248	666	337.270267920055
2025-06-24	18:26:15[921]	525	-161	454	342.95096902789
2025-06-24	18:26:15[921]	453	-75	314	350.599219958976
2025-06-24	18:26:15[945]	399	4	241	0.574374538188224
2025-06-24	18:26:15[945]	359	71	220	11.1871121272827
2025-06-24	18:26:15[975]	316	134	250	22.9794034439843
2025-06-24	18:26:15[975]	292	195	315	33.7353248463566
2025-06-24	18:26:15[975]	262	260	428	44.7804770147404
2025-06-24	18:26:15[999]	244	302	537	51.0636253685117
2025-06-24	18:26:16[022]	238	322	626	53.5307656099481
2025-06-24	18:26:16[022]	238	338	711	54.849014511117
2025-06-24	18:26:16[022]	235	355	794	56.4965630175858
2025-06-24	18:26:16[022]	234	367	862	57.4783268592065
2025-06-24	18:26:16[052]	234	357	813	56.7566741380356
2025-06-24	18:26:16[055]	239	354	801	55.9750908213768
2025-06-24	18:26:16[075]	241	361	783	56.2733217572692
2025-06-24	18:26:16[075]	239	352	817	55.8243866440121
2025-06-24	18:26:16[075]	244	365	870	56.2375436565506
2025-06-24	18:26:16[099]	248	362	926	55.585624922101
2025-06-24	18:26:16[132]	236	369	964	57.3983850428615
2025-06-24	18:26:16[132]	256	371	1019	55.3932782176349
2025-06-24	18:26:16[132]	264	364	1058	54.0475719999007
2025-06-24	18:26:16[132]	252	370	1096	55.7419631778284
2025-06-24	18:26:16[132]	258	367	1131	54.8928861697895
2025-06-24	18:26:16[156]	263	367	1153	54.3738118054466
2025-06-24	18:26:16[156]	258	364	1137	54.6713209978799
2025-06-24	18:26:16[176]	259	368	1148	54.8619504593106
2025-06-24	18:26:16[209]	251	374	1141	56.1335297693519
2025-06-24	18:26:16[209]	260	371	1149	54.9768971031272
2025-06-24	18:26:16[209]	258	372	1136	55.2568198416964
2025-06-24	18:26:16[209]	262	373	1144	54.9153015904626
2025-06-24	18:26:16[233]	258	374	1141	55.4005520248211
2025-06-24	18:26:16[233]	262	368	1146	54.5507870572018
2025-06-24	18:26:16[233]	260	367	1141	54.6844551588394
2025-06-24	18:26:16[256]	257	367	1148	54.9975033379426
2025-06-24	18:26:16[286]	268	361	1153	53.4104620269754
2025-06-24	18:26:16[286]	263	369	1147	54.5211172407623
2025-06-24	18:26:16[286]	254	364	1138	55.0925803741602
2025-06-24	18:26:16[286]	262	369	1151	54.6242158369371
2025-06-24	18:26:16[299]	263	369	1139	54.5211172407623
2025-06-24	18:26:16[320]	261	363	1139	54.2835528052613
2025-06-24	18:26:16[323]	255	372	1130	55.5699912208271
2025-06-24	18:26:16[350]	259	371	1137	55.0805979875423
2025-06-24	18:26:16[350]	256	374	1139	55.6086727615277
2025-06-24	18:26:16[356]	262	376	1140	55.1308879708246
2025-06-24	18:26:16[400]	259	371	1135	55.0805979875423
2025-06-24	18:26:16[400]	254	367	1142	55.3129654682176
2025-06-24	18:26:16[400]	254	362	1139	54.9442942631859
2025-06-24	18:26:16[400]	252	366	1131	55.4516329439887
2025-06-24	18:26:16[400]	251	368	1134	55.7034618173328
2025-06-24	18:26:16[423]	254	370	1140	55.5309278526748
2025-06-24	18:26:16[423]	262	362	1132	54.1046008654022
2025-06-24	18:26:16[423]	254	369	1130	55.4585408355082
2025-06-24	18:26:16[443]	251	363	1141	55.3376901335625
2025-06-24	18:26:16[443]	261	372	1137	54.9460049424173
2025-06-24	18:26:16[467]	258	368	1142	54.966203812116
2025-06-24	18:26:16[490]	255	367	1135	55.2075426627706
2025-06-24	18:26:16[490]	255	365	1132	55.060689795323
2025-06-24	18:26:16[490]	257	369	1146	55.1436773312309
2025-06-24	18:26:16[490]	266	359	1139	53.4635118109041
2025-06-24	18:26:16[521]	267	365	1147	53.8142741889973
2025-06-24	18:26:16[521]	263	367	1142	54.3738118054466
2025-06-24	18:26:16[521]	260	364	1145	54.4623222080256
2025-06-24	18:26:16[550]	263	368	1147	54.4475970015873
2025-06-24	18:26:16[550]	266	360	1146	53.53971667682
2025-06-24	18:26:16[550]	256	366	1145	55.0289980615085
2025-06-24	18:26:16[581]	258	362	1143	54.5222550099252
2025-06-24	18:26:16[581]	266	365	1140	53.9166646146099
2025-06-24	18:26:16[581]	264	367	1146	54.2707967877697
2025-06-24	18:26:16[601]	259	359	1141	54.191493334546
2025-06-24	18:26:16[601]	255	362	1136	54.8383720688837
2025-06-24	18:26:16[631]	264	365	1137	54.1222480264146
2025-06-24	18:26:16[631]	261	357	1144	53.8297446679091
2025-06-24	18:26:16[631]	258	365	1136	54.7454459921995
2025-06-24	18:26:16[661]	254	367	1140	55.3129654682176
2025-06-24	18:26:16[661]	255	359	1143	54.6135778743736
2025-06-24	18:26:16[661]	255	364	1136	54.986856934375
2025-06-24	18:26:16[691]	260	360	1137	54.1623470457217
2025-06-24	18:26:16[691]	265	361	1141	53.7186492853119
2025-06-24	18:26:16[721]	258	367	1138	54.8928861697895
2025-06-24	18:26:16[721]	256	370	1138	55.3209543624977
2025-06-24	18:26:16[721]	258	372	1140	55.2568198416964
2025-06-24	18:26:16[741]	256	362	1145	54.7327250329752
2025-06-24	18:26:16[741]	262	369	1136	54.6242158369371
2025-06-24	18:26:16[741]	266	366	1157	53.991247277066
2025-06-24	18:26:16[771]	266	367	1221	54.0655637264345
2025-06-24	18:26:16[771]	271	359	1277	52.9517701347431
2025-06-24	18:26:16[771]	289	352	1344	50.6132266972165
2025-06-24	18:26:16[771]	302	337	1409	48.1351337593706
2025-06-24	18:26:16[801]	317	322	1489	45.4483146339522
2025-06-24	18:26:16[831]	353	295	1564	39.8853035477731
2025-06-24	18:26:16[831]	426	203	1740	25.4790053510716
2025-06-24	18:26:16[861]	475	136	1805	15.9772534342054
2025-06-24	18:26:16[861]	542	41	1838	4.32594371559789
2025-06-24	18:26:16[861]	603	-58	1811	354.505864920864
2025-06-24	18:26:16[861]	654	-158	1730	346.41814756407
2025-06-24	18:26:16[881]	702	-252	1603	340.253163394574
2025-06-24	18:26:16[907]	713	-311	1440	336.433885894182
2025-06-24	18:26:16[907]	688	-333	1053	334.172478096175
2025-06-24	18:26:16[927]	647	-308	885	334.54353029413
2025-06-24	18:26:16[927]	613	-270	743	336.228583100081
2025-06-24	18:26:16[954]	571	-221	602	338.841555285587
2025-06-24	18:26:16[954]	529	-172	489	341.988491525494
2025-06-24	18:26:16[954]	488	-122	391	345.963756532074
2025-06-24	18:26:16[974]	451	-69	319	351.301576252904
2025-06-24	18:26:16[974]	423	-19	266	357.42815939215
2025-06-24	18:26:17[008]	379	27	227	4.07487314996521
2025-06-24	18:26:17[008]	349	84	225	13.5329826716989
2025-06-24	18:26:17[008]	327	128	236	21.3772284931711
2025-06-24	18:26:17[032]	295	183	278	31.8129400921709
2025-06-24	18:26:17[032]	271	222	345	39.3239293203711
2025-06-24	18:26:17[032]	259	267	448	45.8713515176784
2025-06-24	18:26:17[052]	236	304	593	52.177245850855
2025-06-24	18:26:17[052]	240	346	783	55.2532131578592
2025-06-24	18:26:17[082]	243	358	1012	55.8324786967106
2025-06-24	18:26:17[082]	268	364	1287	53.6371314150708
2025-06-24	18:26:17[082]	334	302	1602	42.1196224471524
2025-06-24	18:26:17[115]	634	-120	1736	349.282160887047
2025-06-24	18:26:17[115]	713	-307	1413	336.704495202065
2025-06-24	18:26:17[149]	621	-287	769	335.195611970966
2025-06-24	18:26:17[149]	558	-212	542	339.196798048892
2025-06-24	18:26:17[149]	496	-127	389	345.63806162513
2025-06-24	18:26:17[172]	441	-47	282	353.916610327108
2025-06-24	18:26:17[172]	393	22	234	3.20405324955679
2025-06-24	18:26:17[192]	350	89	220	14.2671184285995
2025-06-24	18:26:17[192]	312	156	265	26.565051177078
2025-06-24	18:26:17[225]	270	221	346	39.3009607602089
2025-06-24	18:26:17[225]	247	280	485	48.5831029254104
2025-06-24	18:26:17[225]	238	325	695	53.7843951272349
2025-06-24	18:26:17[256]	239	360	965	56.4202579721606
2025-06-24	18:26:17[256]	263	362	1306	54.0008696849945
2025-06-24	18:26:17[256]	363	280	1667	37.6447933132156
2025-06-24	18:26:17[298]	680	-251	1530	339.740006552958
2025-06-24	18:26:17[298]	625	-289	761	335.184178795282
2025-06-24	18:26:17[298]	549	-199	519	340.075572383202
2025-06-24	18:26:17[319]	478	-107	349	347.382381366273
2025-06-24	18:26:17[353]	416	-20	254	357.247514599731
2025-06-24	18:26:17[353]	361	66	217	10.3607039012411
2025-06-24	18:26:17[353]	311	139	247	24.0820329014366
2025-06-24	18:26:17[353]	287	209	337	36.0629681907417
2025-06-24	18:26:17[373]	257	274	491	46.8337018357512
2025-06-24	18:26:17[373]	234	337	722	55.2253549187798
2025-06-24	18:26:17[373]	249	370	1032	56.06051212383
2025-06-24	18:26:17[399]	285	356	1423	51.320569904378
2025-06-24	18:26:17[399]	414	215	1784	27.4439203734297
2025-06-24	18:26:17[439]	718	-329	1299	335.38193094827
2025-06-24	18:26:17[439]	571	-229	575	338.146707841883
2025-06-24	18:26:17[473]	496	-128	381	345.529705899934
2025-06-24	18:26:17[473]	423	-36	267	355.135485562239
2025-06-24	18:26:17[473]	369	50	218	7.71665726651881
2025-06-24	18:26:17[473]	319	130	245	22.172050868316
2025-06-24	18:26:17[499]	286	201	327	35.0994412670006
2025-06-24	18:26:17[519]	266	265	473	44.8920984712272
2025-06-24	18:26:17[519]	239	319	696	53.1588508612833
2025-06-24	18:26:17[519]	248	367	1003	55.9511658448006
2025-06-24	18:26:17[549]	286	349	1382	50.665921557971
2025-06-24	18:26:17[549]	405	239	1753	30.5458516198279
2025-06-24	18:26:17[569]	721	-286	1474	338.363193688803
2025-06-24	18:26:17[604]	614	-271	701	336.184867470834
2025-06-24	18:26:17[604]	537	-175	479	341.950011428033
2025-06-24	18:26:17[604]	467	-89	330	349.210064448749
2025-06-24	18:26:17[629]	412	-6	249	359.165654424453
2025-06-24	18:26:17[629]	358	60	219	9.5142205448402
2025-06-24	18:26:17[665]	322	143	254	23.9459772230142
2025-06-24	18:26:17[665]	290	206	335	35.3878852456341
2025-06-24	18:26:17[665]	257	269	473	46.3069013493253
2025-06-24	18:26:17[665]	241	313	664	52.4048780550967
2025-06-24	18:26:17[665]	251	357	935	54.8896669276212
2025-06-24	18:26:17[685]	274	367	1245	53.2552021106305
2025-06-24	18:26:17[714]	350	313	1612	41.8058112354995
2025-06-24	18:26:17[714]	658	-127	1761	349.075722494497
2025-06-24	18:26:17[714]	735	-295	1460	338.131420814627
2025-06-24	18:26:17[754]	666	-316	865	334.616854273848
2025-06-24	18:26:17[754]	597	-248	642	337.441494145068
2025-06-24	18:26:17[784]	539	-172	472	342.301624867066
2025-06-24	18:26:17[784]	489	-104	352	347.993291690593
2025-06-24	18:26:17[784]	437	-40	275	354.770108472791
2025-06-24	18:26:17[819]	402	16	228	2.2792260214267
2025-06-24	18:26:17[819]	368	76	219	11.668774000369
2025-06-24	18:26:17[819]	340	117	230	18.9892442603478
2025-06-24	18:26:17[863]	311	171	272	28.803721063153
2025-06-24	18:26:17[863]	295	210	334	35.4457103275982
2025-06-24	18:26:17[863]	266	261	410	44.4564130888932
2025-06-24	18:26:17[863]	253	289	508	48.8000420695665
2025-06-24	18:26:17[863]	253	319	630	51.581944655178
2025-06-24	18:26:17[906]	260	322	593	51.080740932817
2025-06-24	18:26:17[906]	246	309	551	51.4761245383512
2025-06-24	18:26:17[906]	248	305	594	50.8849309298258
2025-06-24	18:26:17[909]	238	322	668	53.5307656099481
2025-06-24	18:26:17[909]	236	320	740	53.5912254322276
2025-06-24	18:26:17[953]	237	325	806	53.8993182183082
2025-06-24	18:26:17[953]	229	321	865	54.4961050929745
2025-06-24	18:26:17[953]	224	309	932	54.0609267253221
2025-06-24	18:26:17[953]	224	300	985	53.2525290471361
2025-06-24	18:26:17[963]	216	274	951	51.750539462179
2025-06-24	18:26:17[996]	208	253	916	50.5752005700379
2025-06-24	18:26:17[996]	195	235	885	50.3145456699447
2025-06-24	18:26:17[996]	188	219	865	49.355642018863
2025-06-24	18:26:18[030]	173	190	837	47.6813143176755
2025-06-24	18:26:18[030]	164	176	795	47.021364940356
2025-06-24	18:26:18[030]	146	161	754	47.7972435228341
2025-06-24	18:26:18[030]	129	134	710	46.0891421698965
2025-06-24	18:26:18[030]	122	124	648	45.465809082765
2025-06-24	18:26:18[054]	104	103	591	44.7232109478222
2025-06-24	18:26:18[087]	104	97	545	43.0054306987582
2025-06-24	18:26:18[087]	96	79	493	39.4515337062819
2025-06-24	18:26:18[087]	74	66	434	41.7295120768164
2025-06-24	18:26:18[087]	79	58	393	36.2852671251388
2025-06-24	18:26:18[111]	64	45	350	35.1120111844222
2025-06-24	18:26:18[143]	63	35	318	29.0546040990771
2025-06-24	18:26:18[143]	50	32	285	32.6192430711928
2025-06-24	18:26:18[143]	52	21	258	21.9911299171771
2025-06-24	18:26:18[143]	45	20	238	23.9624889745782
2025-06-24	18:26:18[143]	38	12	210	17.5255683737229
2025-06-24	18:26:18[176]	38	9	191	13.3245312618908
2025-06-24	18:26:18[176]	28	3	186	6.11550356628541
2025-06-24	18:26:18[176]	40	0	167	0
2025-06-24	18:26:18[221]	33	1	164	1.73570458892839
2025-06-24	18:26:18[221]	30	-8	153	345.068582821862
2025-06-24	18:26:18[221]	31	-2	146	356.308614013549
2025-06-24	18:26:18[221]	33	-4	137	353.088772880975
2025-06-24	18:26:18[231]	23	-4	131	350.134193056916
2025-06-24	18:26:18[269]	30	-9	123	343.300755766006
2025-06-24	18:26:18[269]	26	-12	113	335.224859431168
2025-06-24	18:26:18[269]	32	-10	116	342.645975363739
2025-06-24	18:26:18[269]	31	-9	112	343.810793742973
2025-06-24	18:26:18[269]	29	-11	98	339.227745317954
2025-06-24	18:26:18[303]	32	-18	100	330.642246457209
2025-06-24	18:26:18[303]	30	-14	91	334.9831065219
2025-06-24	18:26:18[303]	32	-10	94	342.645975363739
2025-06-24	18:26:18[326]	31	-17	89	331.260204708312
2025-06-24	18:26:18[349]	35	-15	83	336.801409486352
2025-06-24	18:26:18[349]	39	-17	86	336.447736327105
2025-06-24	18:26:18[349]	32	-10	79	342.645975363739
2025-06-24	18:26:18[349]	33	-12	82	340.0168934781
2025-06-24	18:26:18[392]	37	-13	81	340.641005824305
2025-06-24	18:26:18[392]	36	-9	72	345.963756532074
2025-06-24	18:26:18[392]	35	-12	74	341.075355583949
2025-06-24	18:26:18[425]	38	-13	79	341.113912630291
2025-06-24	18:26:18[425]	36	-22	76	328.570434385161
2025-06-24	18:26:18[435]	33	-19	72	330.068488159492
2025-06-24	18:26:18[435]	40	-13	72	341.995838394087
2025-06-24	18:26:18[435]	40	-16	70	338.198590513648
2025-06-24	18:26:18[458]	36	-20	74	330.945395900923
2025-06-24	18:26:18[458]	38	-14	72	339.775140568832
2025-06-24	18:26:18[458]	44	-26	69	329.420773127511
2025-06-24	18:26:18[502]	45	-18	73	338.198590513648
2025-06-24	18:26:18[502]	46	-18	66	338.629377730657
2025-06-24	18:26:18[502]	39	-22	72	330.57254359681
2025-06-24	18:26:18[535]	41	-20	69	333.996654155489
2025-06-24	18:26:18[535]	45	-17	66	339.304549265937
2025-06-24	18:26:18[535]	43	-15	71	340.769327624339
2025-06-24	18:26:18[569]	50	-17	69	341.221966777554
2025-06-24	18:26:18[569]	44	-23	69	332.402704131356
2025-06-24	18:26:18[569]	45	-22	66	333.946504689509
2025-06-24	18:26:18[592]	45	-19	63	337.109448343752
2025-06-24	18:26:18[592]	38	-25	59	326.659292653523
2025-06-24	18:26:18[592]	45	-16	66	340.42687416959
2025-06-24	18:26:18[592]	48	-23	69	334.397812448558
2025-06-24	18:26:18[612]	42	-24	70	330.255118703058
2025-06-24	18:26:18[632]	45	-19	67	337.109448343752
2025-06-24	18:26:18[632]	50	-17	64	341.221966777554
2025-06-24	18:26:18[655]	48	-20	66	337.38013505196
2025-06-24	18:26:18[655]	55	-15	61	344.744881296942
2025-06-24	18:26:18[655]	46	-24	61	332.447188423282
2025-06-24	18:26:18[675]	44	-21	65	334.486129572466
2025-06-24	18:26:18[675]	43	-17	67	338.428692808745
2025-06-24	18:26:18[708]	47	-17	60	340.114834886145
2025-06-24	18:26:18[708]	45	-21	67	334.9831065219
2025-06-24	18:26:18[708]	52	-19	65	339.928474135461
2025-06-24	18:26:18[732]	50	-23	65	335.297569772229
2025-06-24	18:26:18[732]	47	-14	61	343.412661443073
2025-06-24	18:26:18[732]	48	-14	62	343.739795291688
2025-06-24	18:26:18[752]	52	-12	66	347.005383208084
2025-06-24	18:26:18[752]	48	-21	63	336.370622269343
2025-06-24	18:26:18[791]	47	-17	62	340.114834886145
2025-06-24	18:26:18[791]	53	-21	64	338.385221057214
2025-06-24	18:26:18[791]	51	-20	66	338.587030525128
2025-06-24	18:26:18[811]	51	-24	67	334.798876354525
2025-06-24	18:26:18[811]	46	-14	66	343.072486935853
2025-06-24	18:26:18[811]	44	-16	61	340.0168934781
2025-06-24	18:26:18[834]	49	-18	63	339.82934658815
2025-06-24	18:26:18[834]	52	-12	61	347.005383208084
2025-06-24	18:26:18[868]	45	-11	65	346.263731694377
2025-06-24	18:26:18[868]	53	-14	65	345.203237754943
2025-06-24	18:26:18[868]	49	-15	67	342.97947438848
2025-06-24	18:26:18[891]	50	-17	63	341.221966777554
2025-06-24	18:26:18[891]	45	-12	59	345.068582821862
2025-06-24	18:26:18[891]	51	-16	65	342.582029207797
2025-06-24	18:26:18[911]	51	-18	67	340.559965171824
2025-06-24	18:26:18[911]	47	-22	60	334.916405993809
2025-06-24	18:26:18[935]	48	-15	64	342.645975363739
2025-06-24	18:26:18[958]	53	-18	68	341.241349652158
2025-06-24	18:26:18[958]	53	-18	60	341.241349652158
2025-06-24	18:26:18[958]	55	-12	65	347.691984182572
2025-06-24	18:26:18[958]	52	-9	67	350.180699361242
2025-06-24	18:26:18[982]	53	-14	67	345.203237754943
2025-06-24	18:26:19[002]	50	-10	64	348.69006752598
2025-06-24	18:26:19[002]	52	-16	68	342.897271030948
2025-06-24	18:26:19[002]	55	-17	71	342.824096384253
2025-06-24	18:26:19[025]	49	-16	62	341.916554616951
2025-06-24	18:26:19[025]	50	-10	65	348.69006752598
2025-06-24	18:26:19[046]	48	-11	62	347.092591328734
2025-06-24	18:26:19[046]	49	-13	68	345.141385552075
2025-06-24	18:26:19[068]	57	-14	70	346.200514603981
2025-06-24	18:26:19[068]	52	-11	63	348.055822811554
2025-06-24	18:26:19[068]	48	-9	67	349.380344723845
2025-06-24	18:26:19[101]	53	-21	65	338.385221057214
2025-06-24	18:26:19[101]	54	-11	64	348.486168815513
2025-06-24	18:26:19[101]	49	-7	62	351.869897645844
2025-06-24	18:26:19[126]	55	-9	66	350.706691400603
2025-06-24	18:26:19[126]	43	-6	61	352.05652818941
2025-06-24	18:26:19[146]	48	-8	63	350.537677791974
2025-06-24	18:26:19[146]	55	-6	66	353.774170935574
2025-06-24	18:26:19[146]	52	-10	61	349.114472945341
2025-06-24	18:26:19[178]	55	-13	65	346.701429669506
2025-06-24	18:26:19[178]	61	-9	66	351.607074812607
2025-06-24	18:26:19[178]	51	-13	71	345.699722550814
2025-06-24	18:26:19[201]	54	-10	62	349.508522987668
2025-06-24	18:26:19[201]	55	-16	65	343.779806304397
2025-06-24	18:26:19[226]	60	-11	64	349.61114218453
2025-06-24	18:26:19[259]	61	-3	67	357.184443315789
2025-06-24	18:26:19[259]	50	-10	65	348.69006752598
2025-06-24	18:26:19[259]	54	-10	65	349.508522987668
2025-06-24	18:26:19[259]	54	-14	65	345.46554491946
2025-06-24	18:26:19[280]	64	-11	69	350.247575058346
2025-06-24	18:26:19[280]	50	-9	64	349.796026278268
2025-06-24	18:26:19[280]	51	-4	63	355.515393990455
2025-06-24	18:26:19[303]	56	-8	70	351.869897645844
2025-06-24	18:26:19[326]	56	-7	70	352.874983651098
2025-06-24	18:26:19[326]	55	-5	76	354.805571092265
2025-06-24	18:26:19[326]	56	-11	70	348.886959464052
2025-06-24	18:26:19[326]	55	-14	69	345.718904264029
2025-06-24	18:26:19[347]	53	-6	69	353.541183621281
2025-06-24	18:26:19[380]	53	-11	67	348.274887984835
2025-06-24	18:26:19[380]	55	-10	62	349.695153531234
2025-06-24	18:26:19[380]	56	-6	63	353.884496433715
2025-06-24	18:26:19[403]	50	-7	63	352.030389605679
2025-06-24	18:26:19[403]	55	-10	67	349.695153531234
2025-06-24	18:26:19[403]	52	-5	70	354.507675442873
2025-06-24	18:26:19[403]	52	-5	64	354.507675442873
2025-06-24	18:26:19[427]	59	-8	69	352.278174199869
2025-06-24	18:26:19[470]	54	-9	73	350.537677791974
2025-06-24	18:26:19[470]	56	-5	63	354.897834747642
2025-06-24	18:26:19[480]	59	-7	68	353.233825177447
2025-06-24	18:26:19[480]	60	-10	72	350.537677791974
2025-06-24	18:26:19[480]	61	-5	67	355.314100160497
2025-06-24	18:26:19[520]	53	-9	64	350.362461887069
2025-06-24	18:26:19[520]	57	-12	65	348.111341960372
2025-06-24	18:26:19[520]	58	-10	67	350.217592968193
2025-06-24	18:26:19[520]	54	-13	66	346.464143630866
2025-06-24	18:26:19[520]	50	-7	69	352.030389605679
2025-06-24	18:26:19[561]	53	-10	65	349.315087599997
2025-06-24	18:26:19[561]	58	-7	70	353.118276369363
2025-06-24	18:26:19[561]	64	-5	66	355.532840938611
2025-06-24	18:26:19[567]	64	-10	65	351.11934084948
2025-06-24	18:26:19[567]	47	-10	68	347.988521613635
2025-06-24	18:26:19[597]	55	-2	66	357.917434720269
2025-06-24	18:26:19[597]	58	-3	65	357.039063865836
2025-06-24	18:26:19[597]	63	-4	65	356.367049260512
2025-06-24	18:26:19[627]	55	-6	66	353.774170935574
2025-06-24	18:26:19[627]	61	-6	69	354.382419409873
2025-06-24	18:26:19[627]	61	-5	69	355.314100160497
2025-06-24	18:26:19[649]	58	-3	64	357.039063865836
2025-06-24	18:26:19[649]	54	-5	63	354.709918794629
2025-06-24	18:26:19[669]	58	0	66	0
2025-06-24	18:26:19[689]	63	-6	67	354.559667968995
2025-06-24	18:26:19[689]	52	-12	70	347.005383208084
2025-06-24	18:26:19[709]	54	-8	64	351.573030978519
2025-06-24	18:26:19[709]	59	-9	68	351.32682595212
2025-06-24	18:26:19[709]	52	-5	68	354.507675442873
2025-06-24	18:26:19[749]	56	-12	66	347.905242922988
2025-06-24	18:26:19[749]	57	-8	68	352.010673233603
2025-06-24	18:26:19[749]	57	-13	68	347.152295141282
2025-06-24	18:26:19[779]	56	-1	65	358.976969811332
2025-06-24	18:26:19[779]	64	-11	65	350.247575058346
2025-06-24	18:26:19[779]	54	-11	67	348.486168815513
2025-06-24	18:26:19[779]	63	-12	67	349.215702132437
2025-06-24	18:26:19[799]	60	-11	63	349.61114218453
2025-06-24	18:26:19[819]	61	-2	63	358.122122552715
2025-06-24	18:26:19[819]	57	-5	66	354.986886244964
2025-06-24	18:26:19[819]	57	-5	68	354.986886244964
2025-06-24	18:26:19[853]	55	-9	71	350.706691400603
2025-06-24	18:26:19[853]	51	-6	68	353.290163192243
2025-06-24	18:26:19[853]	54	-6	69	353.65980825409
2025-06-24	18:26:19[853]	63	-7	65	353.65980825409
2025-06-24	18:26:19[876]	58	-5	63	355.072890052351
2025-06-24	18:26:19[896]	57	-10	60	350.049373312048
2025-06-24	18:26:19[896]	62	-8	69	352.647620640108
2025-06-24	18:26:19[896]	60	-7	67	353.345574953993
2025-06-24	18:26:19[920]	61	-5	72	355.314100160497
2025-06-24	18:26:19[920]	60	-8	65	352.405356631409
2025-06-24	18:26:19[943]	55	-4	71	355.840357706287
2025-06-24	18:26:19[943]	57	-12	71	348.111341960372
2025-06-24	18:26:19[973]	64	-9	65	351.995271142707
2025-06-24	18:26:19[976]	60	-9	66	351.469234390052
2025-06-24	18:26:19[976]	65	-9	68	352.11686068327
2025-06-24	18:26:19[991]	60	-8	71	352.405356631409
2025-06-24	18:26:20[021]	60	-10	67	350.537677791974
2025-06-24	18:26:20[021]	65	-9	66	352.11686068327
2025-06-24	18:26:20[021]	57	-7	66	352.998732442505
2025-06-24	18:26:20[021]	55	-8	65	351.724107172925
2025-06-24	18:26:20[050]	63	-8	69	352.763077974032
2025-06-24	18:26:20[050]	62	-2	58	358.152389734005
2025-06-24	18:26:20[050]	57	-8	61	352.010673233603
2025-06-24	18:26:20[080]	57	-3	71	356.987212495817
2025-06-24	18:26:20[080]	55	-6	64	353.774170935574
2025-06-24	18:26:20[080]	53	-9	65	350.362461887069
2025-06-24	18:26:20[100]	61	-4	64	356.248270929474
2025-06-24	18:26:20[100]	64	-7	67	353.758085652585
2025-06-24	18:26:20[130]	52	-11	66	348.055822811554
2025-06-24	18:26:20[130]	59	-9	70	351.32682595212
2025-06-24	18:26:20[130]	61	-9	67	351.607074812607
2025-06-24	18:26:20[160]	61	-4	71	356.248270929474
2025-06-24	18:26:20[160]	60	-8	67	352.405356631409
2025-06-24	18:26:20[160]	54	-6	66	353.65980825409
2025-06-24	18:26:20[190]	60	-8	69	352.405356631409
2025-06-24	18:26:20[190]	56	-11	69	348.886959464052
2025-06-24	18:26:20[190]	51	-2	59	357.754257434105
2025-06-24	18:26:20[220]	55	-7	66	352.746805387275
2025-06-24	18:26:20[220]	58	-12	72	348.310630824561
2025-06-24	18:26:20[220]	60	-3	68	357.137594773888
2025-06-24	18:26:20[220]	59	-13	71	347.574057134573
2025-06-24	18:26:20[244]	63	-12	66	349.215702132437
2025-06-24	18:26:20[264]	68	-6	70	354.957548930829
2025-06-24	18:26:20[264]	55	-7	61	352.746805387275
2025-06-24	18:26:20[287]	60	-15	72	345.963756532074
2025-06-24	18:26:20[287]	61	-6	69	354.382419409873
2025-06-24	18:26:20[287]	63	-8	68	352.763077974032
2025-06-24	18:26:20[324]	59	-10	69	350.380272200301
2025-06-24	18:26:20[324]	63	-11	64	350.095816787026
2025-06-24	18:26:20[324]	60	-1	66	359.045158746128
2025-06-24	18:26:20[374]	65	-5	69	355.601294645004
2025-06-24	18:26:20[374]	59	-7	69	353.233825177447
2025-06-24	18:26:20[374]	62	-7	61	353.558399900665
2025-06-24	18:26:20[377]	62	-9	62	351.740562020121
2025-06-24	18:26:20[377]	63	-10	71	350.980677568618
2025-06-24	18:26:20[411]	58	-7	62	353.118276369363
2025-06-24	18:26:20[411]	60	-6	64	354.2894068625
2025-06-24	18:26:20[411]	61	-12	70	348.870810710389
2025-06-24	18:26:20[411]	58	-12	65	348.310630824561
2025-06-24	18:26:20[411]	62	-12	73	349.045937356602
2025-06-24	18:26:20[444]	58	-14	62	346.429565614839
2025-06-24	18:26:20[444]	63	-11	62	350.095816787026
2025-06-24	18:26:20[444]	58	-8	68	352.146686698022
2025-06-24	18:26:20[477]	53	-9	65	350.362461887069
2025-06-24	18:26:20[477]	56	-4	71	355.914383220025
2025-06-24	18:26:20[477]	60	-7	70	353.345574953993
2025-06-24	18:26:20[497]	57	-6	68	353.990994042505
2025-06-24	18:26:20[497]	58	-3	65	357.039063865836
2025-06-24	18:26:20[521]	58	-5	69	355.072890052351
2025-06-24	18:26:20[521]	58	-8	67	352.146686698022
2025-06-24	18:26:20[521]	61	-8	68	352.528440823408
2025-06-24	18:26:20[544]	56	-7	64	352.874983651098
2025-06-24	18:26:20[544]	56	-8	64	351.869897645844
2025-06-24	18:26:20[564]	56	-12	71	347.905242922988
2025-06-24	18:26:20[598]	63	-8	65	352.763077974032
2025-06-24	18:26:20[598]	59	-14	68	346.651272886713
2025-06-24	18:26:20[598]	56	-5	62	354.897834747642
2025-06-24	18:26:20[598]	64	-7	62	353.758085652585
2025-06-24	18:26:20[635]	61	-2	66	358.122122552715
2025-06-24	18:26:20[635]	66	-6	68	354.805571092265
2025-06-24	18:26:20[635]	64	-11	64	350.247575058346
2025-06-24	18:26:20[635]	57	-8	65	352.010673233603
2025-06-24	18:26:20[658]	54	-5	64	354.709918794629
2025-06-24	18:26:20[658]	62	-2	67	358.152389734005
2025-06-24	18:26:20[675]	56	-6	65	353.884496433715
2025-06-24	18:26:20[675]	63	-5	68	355.462227492093
2025-06-24	18:26:20[706]	60	-7	60	353.345574953993
2025-06-24	18:26:20[706]	69	-3	70	357.510447078001
2025-06-24	18:26:20[706]	64	-11	66	350.247575058346
2025-06-24	18:26:20[726]	65	-4	67	356.478546623078
2025-06-24	18:26:20[756]	61	-7	64	353.453709216706
2025-06-24	18:26:20[756]	61	-14	64	347.074000875294
2025-06-24	18:26:20[756]	63	-11	63	350.095816787026
2025-06-24	18:26:20[756]	58	-5	66	355.072890052351
2025-06-24	18:26:20[796]	61	-2	62	358.122122552715
2025-06-24	18:26:20[796]	62	-7	70	353.558399900665
2025-06-24	18:26:20[806]	57	-11	65	349.077195280131
2025-06-24	18:26:20[806]	61	-5	71	355.314100160497
2025-06-24	18:26:20[826]	62	-8	67	352.647620640108
2025-06-24	18:26:20[826]	62	-11	62	349.939310204677
2025-06-24	18:26:20[826]	61	-8	72	352.528440823408
2025-06-24	18:26:20[826]	61	-2	63	358.122122552715
2025-06-24	18:26:20[862]	60	-7	70	353.345574953993
2025-06-24	18:26:20[862]	63	-4	69	356.367049260512
2025-06-24	18:26:20[862]	63	-11	70	350.095816787026
2025-06-24	18:26:20[892]	62	-4	60	356.308614013549
2025-06-24	18:26:20[892]	59	-12	63	348.503436982414
2025-06-24	18:26:20[892]	69	-8	68	353.386539517685
2025-06-24	18:26:20[912]	61	-8	63	352.528440823408
2025-06-24	18:26:20[912]	68	-9	70	352.460554860491
2025-06-24	18:26:20[936]	57	-8	67	352.010673233603
2025-06-24	18:26:20[936]	59	-9	67	351.32682595212
2025-06-24	18:26:20[936]	63	-7	65	353.65980825409
2025-06-24	18:26:20[976]	64	-6	66	354.644174957145
2025-06-24	18:26:20[976]	61	-3	66	357.184443315789
2025-06-24	18:26:20[976]	56	-4	66	355.914383220025
2025-06-24	18:26:21[000]	64	-5	62	355.532840938611
2025-06-24	18:26:21[000]	70	-9	63	352.67359333983
2025-06-24	18:26:21[000]	60	0	64	0
2025-06-24	18:26:21[024]	60	-9	63	351.469234390052
2025-06-24	18:26:21[024]	69	-9	65	352.568592028827
2025-06-24	18:26:21[057]	65	-6	61	354.726104042648
2025-06-24	18:26:21[057]	60	-3	66	357.137594773888
2025-06-24	18:26:21[057]	61	-8	65	352.528440823408
2025-06-24	18:26:21[077]	57	-11	69	349.077195280131
2025-06-24	18:26:21[077]	64	-2	68	358.210089391754
2025-06-24	18:26:21[111]	62	-12	67	349.045937356602
2025-06-24	18:26:21[111]	61	-4	60	356.248270929474
2025-06-24	18:26:21[111]	65	-6	68	354.726104042648
2025-06-24	18:26:21[144]	64	-1	67	359.104826289789
2025-06-24	18:26:21[144]	59	-7	65	353.233825177447
2025-06-24	18:26:21[148]	66	-13	67	348.857110141661
2025-06-24	18:26:21[177]	62	-15	67	346.399457483341
2025-06-24	18:26:21[177]	65	-8	60	352.983498255277
2025-06-24	18:26:21[177]	63	-5	64	355.462227492093
2025-06-24	18:26:21[177]	60	-5	66	355.236358309274
2025-06-24	18:26:21[177]	72	-12	65	350.537677791974
2025-06-24	18:26:21[201]	62	-5	61	355.389350681339
2025-06-24	18:26:21[201]	61	-12	70	348.870810710389
2025-06-24	18:26:21[234]	62	-6	66	354.472459848344
2025-06-24	18:26:21[234]	67	-8	67	353.190949820387
2025-06-24	18:26:21[234]	59	-11	67	349.438989308804
2025-06-24	18:26:21[277]	63	-11	61	350.095816787026
2025-06-24	18:26:21[277]	64	-9	66	351.995271142707
2025-06-24	18:26:21[277]	64	-6	66	354.644174957145
2025-06-24	18:26:21[277]	61	-9	67	351.607074812607
2025-06-24	18:26:21[277]	63	-7	71	353.65980825409
2025-06-24	18:26:21[314]	67	-9	66	352.349349044641
2025-06-24	18:26:21[314]	58	-10	68	350.217592968193
2025-06-24	18:26:21[314]	60	-5	67	355.236358309274
2025-06-24	18:26:21[370]	55	-6	65	353.774170935574
2025-06-24	18:26:21[370]	66	-3	69	357.3974377975
2025-06-24	18:26:21[370]	63	-9	61	351.869897645844
2025-06-24	18:26:21[370]	62	-15	63	346.399457483341
2025-06-24	18:26:21[370]	68	-11	61	350.811163922641
2025-06-24	18:26:21[370]	62	-10	66	350.837652954278
2025-06-24	18:26:21[404]	66	0	70	0
2025-06-24	18:26:21[404]	62	-11	66	349.939310204677
2025-06-24	18:26:21[404]	65	-7	68	353.853374340353
2025-06-24	18:26:21[404]	61	-2	65	358.122122552715
2025-06-24	18:26:21[427]	70	-10	63	351.869897645844
2025-06-24	18:26:21[451]	66	-4	69	356.531770741083
2025-06-24	18:26:21[451]	59	-5	63	355.155999624919
2025-06-24	18:26:21[451]	62	-2	64	358.152389734005
2025-06-24	18:26:21[470]	61	-10	69	350.690059825014
2025-06-24	18:26:21[470]	64	-5	66	355.532840938611
2025-06-24	18:26:21[490]	66	-9	68	352.234833981575
2025-06-24	18:26:21[514]	66	-6	68	354.805571092265
2025-06-24	18:26:21[514]	59	-9	65	351.32682595212
2025-06-24	18:26:21[514]	60	-3	64	357.137594773888
2025-06-24	18:26:21[514]	57	-8	68	352.010673233603
2025-06-24	18:26:21[537]	57	-6	68	353.990994042505
2025-06-24	18:26:21[570]	66	-6	70	354.805571092265
2025-06-24	18:26:21[570]	66	-2	61	358.264295411072
2025-06-24	18:26:21[570]	62	-8	65	352.647620640108
2025-06-24	18:26:21[570]	65	-7	65	353.853374340353
2025-06-24	18:26:21[600]	70	-5	63	355.914383220025
2025-06-24	18:26:21[600]	63	-7	62	353.65980825409
2025-06-24	18:26:21[600]	62	-10	66	350.837652954278
2025-06-24	18:26:21[633]	63	-9	63	351.869897645844
2025-06-24	18:26:21[633]	59	-4	70	356.121475497152
2025-06-24	18:26:21[633]	59	-5	66	355.155999624919
2025-06-24	18:26:21[663]	66	-2	68	358.264295411072
2025-06-24	18:26:21[663]	59	-9	67	351.32682595212
2025-06-24	18:26:21[666]	63	-10	64	350.980677568618
2025-06-24	18:26:21[686]	66	-8	68	353.088772880975
2025-06-24	18:26:21[686]	59	-6	69	354.193273094468
2025-06-24	18:26:21[709]	64	-4	60	356.423665625003
2025-06-24	18:26:21[709]	60	-6	66	354.2894068625
2025-06-24	18:26:21[709]	66	-4	62	356.531770741083
2025-06-24	18:26:21[753]	55	-4	61	355.840357706287
2025-06-24	18:26:21[753]	63	-8	68	352.763077974032
2025-06-24	18:26:21[763]	62	-8	58	352.647620640108
2025-06-24	18:26:21[763]	65	-8	67	352.983498255277
2025-06-24	18:26:21[763]	66	-5	64	355.667686016812
2025-06-24	18:26:21[813]	59	-5	66	355.155999624919
2025-06-24	18:26:21[823]	60	-6	69	354.2894068625
2025-06-24	18:26:21[823]	63	-5	66	355.462227492093
2025-06-24	18:26:21[823]	58	-11	65	349.261102899095
2025-06-24	18:26:21[823]	62	-10	66	350.837652954278
2025-06-24	18:26:21[823]	62	-2	66	358.152389734005
2025-06-24	18:26:21[857]	63	-6	65	354.559667968995
2025-06-24	18:26:21[857]	62	-8	65	352.647620640108
2025-06-24	18:26:21[857]	64	-5	58	355.532840938611
2025-06-24	18:26:21[857]	70	-10	67	351.869897645844
2025-06-24	18:26:21[891]	64	-2	68	358.210089391754
2025-06-24	18:26:21[891]	63	-9	62	351.869897645844
2025-06-24	18:26:21[891]	58	-8	62	352.146686698022
2025-06-24	18:26:21[915]	66	-4	63	356.531770741083
2025-06-24	18:26:21[941]	64	-6	60	354.644174957145
2025-06-24	18:26:21[941]	63	-6	64	354.559667968995
2025-06-24	18:26:21[941]	64	-11	62	350.247575058346
2025-06-24	18:26:21[941]	66	-11	65	350.537677791974
2025-06-24	18:26:21[958]	66	-6	67	354.805571092265
2025-06-24	18:26:22[011]	58	-6	67	354.09385888623
2025-06-24	18:26:22[011]	65	-9	70	352.11686068327
2025-06-24	18:26:22[011]	64	-3	68	357.316224840531
2025-06-24	18:26:22[011]	57	-12	67	348.111341960372
2025-06-24	18:26:22[011]	62	-4	70	356.308614013549
2025-06-24	18:26:22[032]	60	-5	62	355.236358309274
2025-06-24	18:26:22[032]	60	-9	62	351.469234390052
2025-06-24	18:26:22[032]	63	-12	65	349.215702132437
2025-06-24	18:26:22[051]	62	-7	69	353.558399900665
2025-06-24	18:26:22[051]	61	0	65	0
2025-06-24	18:26:22[082]	67	-4	64	356.583411808229
2025-06-24	18:26:22[082]	57	-8	65	352.010673233603
2025-06-24	18:26:22[082]	63	-11	64	350.095816787026
2025-06-24	18:26:22[112]	58	-6	67	354.09385888623
2025-06-24	18:26:22[112]	67	-2	71	358.290185955858
2025-06-24	18:26:22[112]	63	-7	67	353.65980825409
2025-06-24	18:26:22[131]	62	-8	69	352.647620640108
2025-06-24	18:26:22[131]	60	-9	71	351.469234390052
2025-06-24	18:26:22[161]	67	-10	70	351.511056119495
2025-06-24	18:26:22[161]	59	-12	65	348.503436982414
2025-06-24	18:26:22[161]	63	-9	65	351.869897645844
2025-06-24	18:26:22[185]	71	-12	67	350.40686573727
2025-06-24	18:26:22[185]	61	-2	66	358.122122552715
2025-06-24	18:26:22[185]	60	-5	65	355.236358309274
2025-06-24	18:26:22[205]	61	-3	65	357.184443315789
2025-06-24	18:26:22[205]	63	0	58	0
2025-06-24	18:26:22[239]	65	-6	65	354.726104042648
2025-06-24	18:26:22[239]	67	-11	68	350.676408221862
2025-06-24	18:26:22[239]	68	-9	63	352.460554860491
2025-06-24	18:26:22[264]	64	-5	69	355.532840938611
2025-06-24	18:26:22[264]	67	-8	64	353.190949820387
2025-06-24	18:26:22[264]	60	-10	63	350.537677791974
2025-06-24	18:26:22[298]	62	-3	62	357.2297842028
2025-06-24	18:26:22[298]	61	-3	67	357.184443315789
2025-06-24	18:26:22[298]	61	0	69	0
2025-06-24	18:26:22[318]	64	-5	62	355.532840938611
2025-06-24	18:26:22[318]	59	-11	65	349.438989308804
2025-06-24	18:26:22[355]	62	-9	64	351.740562020121
2025-06-24	18:26:22[355]	65	-6	63	354.726104042648
2025-06-24	18:26:22[355]	62	-2	62	358.152389734005
2025-06-24	18:26:22[378]	64	-6	67	354.644174957145
2025-06-24	18:26:22[378]	60	-7	66	353.345574953993
2025-06-24	18:26:22[378]	65	-6	65	354.726104042648
2025-06-24	18:26:22[378]	58	-11	66	349.261102899095
2025-06-24	18:26:22[408]	63	-5	67	355.462227492093
2025-06-24	18:26:22[408]	62	-4	64	356.308614013549
2025-06-24	18:26:22[408]	60	-4	67	356.18592516571
2025-06-24	18:26:22[441]	57	-7	65	352.998732442505
2025-06-24	18:26:22[441]	53	-6	68	353.541183621281
2025-06-24	18:26:22[441]	67	-13	67	349.019349989826
2025-06-24	18:26:22[479]	68	-15	67	347.560437981153
2025-06-24	18:26:22[479]	62	-7	64	353.558399900665
2025-06-24	18:26:22[479]	61	-1	64	359.060809054264
2025-06-24	18:26:22[498]	60	-5	67	355.236358309274
2025-06-24	18:26:22[498]	64	0	68	0
2025-06-24	18:26:22[521]	60	-11	66	349.61114218453
2025-06-24	18:26:22[554]	66	-8	66	353.088772880975
2025-06-24	18:26:22[554]	58	-11	67	349.261102899095
2025-06-24	18:26:22[554]	64	-13	67	348.518008645252
2025-06-24	18:26:22[554]	68	-4	64	356.63353933657
2025-06-24	18:26:22[554]	67	-7	65	354.035512898747
2025-06-24	18:26:22[579]	58	-7	68	353.118276369363
2025-06-24	18:26:22[579]	61	-7	63	353.453709216706
2025-06-24	18:26:22[598]	63	-4	64	356.367049260512
2025-06-24	18:26:22[631]	68	-11	64	350.811163922641
2025-06-24	18:26:22[631]	65	-6	60	354.726104042648
2025-06-24	18:26:22[631]	63	-11	68	350.095816787026
2025-06-24	18:26:22[631]	60	-2	66	358.090847567004
2025-06-24	18:26:22[654]	64	0	66	0
2025-06-24	18:26:22[654]	66	-5	64	355.667686016812
2025-06-24	18:26:22[654]	58	-6	68	354.09385888623
2025-06-24	18:26:22[688]	61	-6	62	354.382419409873
2025-06-24	18:26:22[688]	62	-2	60	358.152389734005
2025-06-24	18:26:22[688]	63	-5	69	355.462227492093
2025-06-24	18:26:22[718]	64	-11	63	350.247575058346
2025-06-24	18:26:22[722]	66	-5	62	355.667686016812
2025-06-24	18:26:22[722]	67	-9	68	352.349349044641
2025-06-24	18:26:22[772]	66	-8	64	353.088772880975
2025-06-24	18:26:22[774]	68	-10	69	351.634113875967
2025-06-24	18:26:22[774]	66	-16	65	346.373005140108
2025-06-24	18:26:22[774]	60	-7	64	353.345574953993
2025-06-24	18:26:22[774]	66	-4	65	356.531770741083
2025-06-24	18:26:22[798]	66	-6	60	354.805571092265
2025-06-24	18:26:22[798]	69	-4	60	356.682218831665
2025-06-24	18:26:22[798]	54	-6	64	353.65980825409
2025-06-24	18:26:22[818]	60	-7	63	353.345574953993
2025-06-24	18:26:22[818]	59	-10	60	350.380272200301
2025-06-24	18:26:22[842]	66	-7	68	353.945808105885
2025-06-24	18:26:22[842]	59	-6	63	354.193273094468
2025-06-24	18:26:22[842]	68	-10	65	351.634113875967
2025-06-24	18:26:22[859]	65	-10	63	351.253837737445
2025-06-24	18:26:22[859]	63	-6	65	354.559667968995
2025-06-24	18:26:22[889]	55	-5	64	354.805571092265
2025-06-24	18:26:22[889]	61	-10	66	350.690059825014
2025-06-24	18:26:22[889]	63	-6	59	354.559667968995
2025-06-24	18:26:22[909]	60	-4	72	356.18592516571
2025-06-24	18:26:22[909]	60	-10	66	350.537677791974
2025-06-24	18:26:22[929]	61	-11	65	349.777831366364
2025-06-24	18:26:22[959]	57	-10	65	350.049373312048
2025-06-24	18:26:22[959]	66	-8	66	353.088772880975
2025-06-24	18:26:22[959]	63	-8	67	352.763077974032
2025-06-24	18:26:22[992]	65	-12	63	349.540090907071
2025-06-24	18:26:22[992]	65	-8	64	352.983498255277
2025-06-24	18:26:22[992]	74	-7	64	354.59620863975
2025-06-24	18:26:22[992]	68	-7	68	354.122607393357
2025-06-24	18:26:23[023]	56	-3	59	356.933514498874
2025-06-24	18:26:23[023]	64	-6	66	354.644174957145
2025-06-24	18:26:23[023]	65	0	67	0
2025-06-24	18:26:23[066]	60	-6	64	354.2894068625
2025-06-24	18:26:23[066]	63	-10	64	350.980677568618
2025-06-24	18:26:23[066]	63	-8	65	352.763077974032
2025-06-24	18:26:23[066]	58	-12	62	348.310630824561
2025-06-24	18:26:23[066]	62	-7	64	353.558399900665
2025-06-24	18:26:23[100]	59	-10	66	350.380272200301
2025-06-24	18:26:23[100]	62	-5	70	355.389350681339
2025-06-24	18:26:23[100]	65	-8	69	352.983498255277
2025-06-24	18:26:23[124]	65	-6	59	354.726104042648
2025-06-24	18:26:23[124]	64	-5	66	355.532840938611
2025-06-24	18:26:23[147]	59	-2	64	358.058513609086
2025-06-24	18:26:23[147]	69	-3	58	357.510447078001
2025-06-24	18:26:23[147]	63	-8	66	352.763077974032
2025-06-24	18:26:23[181]	67	-9	63	352.349349044641
2025-06-24	18:26:23[181]	58	-9	64	351.179620447979
2025-06-24	18:26:23[181]	62	-5	70	355.389350681339
2025-06-24	18:26:23[201]	65	-3	69	357.357454705935
2025-06-24	18:26:23[217]	64	-7	66	353.758085652585
2025-06-24	18:26:23[217]	58	-10	66	350.217592968193
2025-06-24	18:26:23[237]	62	-5	71	355.389350681339
2025-06-24	18:26:23[237]	64	-8	64	352.874983651098
2025-06-24	18:26:23[272]	61	-10	63	350.690059825014
2025-06-24	18:26:23[272]	63	-13	65	348.340707346477
2025-06-24	18:26:23[272]	59	-11	62	349.438989308804
2025-06-24	18:26:23[272]	58	-8	73	352.146686698022
2025-06-24	18:26:23[272]	61	-8	60	352.528440823408
2025-06-24	18:26:23[297]	66	-5	66	355.667686016812
2025-06-24	18:26:23[320]	65	-7	64	353.853374340353
2025-06-24	18:26:23[320]	62	-6	74	354.472459848344
2025-06-24	18:26:23[353]	61	-4	66	356.248270929474
2025-06-24	18:26:23[353]	62	-5	65	355.389350681339
2025-06-24	18:26:23[353]	64	-5	68	355.532840938611
2025-06-24	18:26:23[353]	61	-1	70	359.060809054264
2025-06-24	18:26:23[353]	59	-10	62	350.380272200301
2025-06-24	18:26:23[373]	67	-6	68	354.882685150027
2025-06-24	18:26:23[409]	66	-13	68	348.857110141661
2025-06-24	18:26:23[409]	60	-9	61	351.469234390052
2025-06-24	18:26:23[409]	65	-5	68	355.601294645004
2025-06-24	18:26:23[435]	65	-8	58	352.983498255277
2025-06-24	18:26:23[435]	59	-1	62	359.028978068921
2025-06-24	18:26:23[435]	64	-7	67	353.758085652585
2025-06-24	18:26:23[435]	60	-6	67	354.2894068625
2025-06-24	18:26:23[460]	63	-8	63	352.763077974032
