:020000040800F2
:100000000050002071800008A5490008A749000899
:1000100000000000000000000000000000000000E0
:10002000000000000000000000000000A97D0008A2
:100030000000000000000000517E0008A9490008EF
:10004000C1800008C1800008C1800008C18000088C
:10005000C1800008C1800008C1800008C18000087C
:1000600000000000BD490008CD490008E54900082E
:10007000C1800008C1800008094A0008C18000084A
:10008000C1800008C1800008C18000080000000095
:10009000C1800008C1800008C1800008C18000083C
:1000A000C1800008C1800008C1800008F94900082B
:1000B000C1800008C18000080000000000000000AE
:1000C00010B5064C2378002B07D1054B002B02D02E
:1000D000044800E000BF0123237010BDE8010020A8
:1000E0000000000070AC0008044B10B5002B03D0DA
:1000F0000349044800E000BF10BDC04600000000F6
:10010000EC01002070AC0008002243088B4274D33D
:1001100003098B425FD3030A8B4244D3030B8B4208
:1001200028D3030C8B420DD3FF22090212BA030C11
:100130008B4202D31212090265D0030B8B4219D3F2
:1001400000E0090AC30B8B4201D3CB03C01A524112
:10015000830B8B4201D38B03C01A5241430B8B425A
:1001600001D34B03C01A5241030B8B4201D30B0343
:10017000C01A5241C30A8B4201D3CB02C01A52416A
:10018000830A8B4201D38B02C01A5241430A8B422D
:1001900001D34B02C01A5241030A8B4201D30B0216
:1001A000C01A5241CDD2C3098B4201D3CB01C01A30
:1001B000524183098B4201D38B01C01A524143093A
:1001C0008B4201D34B01C01A524103098B4201D328
:1001D0000B01C01A5241C3088B4201D3CB00C01A95
:1001E000524183088B4201D38B00C01A524143080D
:1001F0008B4201D34B00C01A5241411A00D2014632
:10020000524110467047FFE701B5002000F0F0F8BA
:1002100002BDC0460029F7D076E7704703460B437E
:100220007FD4002243088B4274D303098B425FD3EF
:10023000030A8B4244D3030B8B4228D3030C8B421B
:100240000DD3FF22090212BA030C8B4202D3121201
:10025000090265D0030B8B4219D300E0090AC30BD6
:100260008B4201D3CB03C01A5241830B8B4201D383
:100270008B03C01A5241430B8B4201D34B03C01A6C
:100280005241030B8B4201D30B03C01A5241C30AE4
:100290008B4201D3CB02C01A5241830A8B4201D355
:1002A0008B02C01A5241430A8B4201D34B02C01A3F
:1002B0005241030A8B4201D30B02C01A5241CDD2E4
:1002C000C3098B4201D3CB01C01A524183098B422F
:1002D00001D38B01C01A524143098B4201D34B0118
:1002E000C01A524103098B4201D30B01C01A52417B
:1002F000C3088B4201D3CB00C01A524183088B4202
:1003000001D38B00C01A524143088B4201D34B00EA
:10031000C01A5241411A00D201465241104670475C
:100320005DE0CA0F00D04942031000D34042534061
:1003300000229C4603098B422DD3030A8B4212D321
:10034000FC22890112BA030A8B420CD38901921153
:100350008B4208D3890192118B4204D389013AD090
:10036000921100E08909C3098B4201D3CB01C01A65
:10037000524183098B4201D38B01C01A5241430978
:100380008B4201D34B01C01A524103098B4201D366
:100390000B01C01A5241C3088B4201D3CB00C01AD3
:1003A000524183088B4201D38B00C01A5241D9D2EB
:1003B00043088B4201D34B00C01A5241411A00D26C
:1003C0000146634652415B10104601D34042002B68
:1003D00000D54942704763465B1000D3404201B5E7
:1003E000002000F005F802BD0029F8D016E770479C
:1003F0007047C0468446081C6146FFE71FB500F001
:10040000E1FC002801D40021C8421FBD10B500F056
:1004100063FC4042013010BD10B500F0D3FC002851
:1004200001DB002010BD012010BDC04610B500F05A
:10043000C9FC002801DD002010BD012010BDC04610
:1004400010B500F071FC002801DC002010BD012077
:1004500010BDC04610B500F067FC002801DA00208E
:1004600010BD012010BDC046002B11D1002A0FD1B4
:10047000002900D1002802D00021C943081C07B47C
:10048000024802A14018029003BDC04665FFFFFF6D
:1004900003B4684601B5029800F0B0F8019B9E468F
:1004A00002B00CBC7047C046F0B5CE4647461504B6
:1004B0002D0C2E0080B50704140C3F0C9946030C3C
:1004C0007E435D43674363437F19340CE4199C46C4
:1004D000A54203D980235B029846C4444B4643435C
:1004E0005143250C36046544360C2404A4195B19C9
:1004F000591820000CBC90469946F0BD9E2110B5BD
:10050000C905041CFFF7A6FF002803D1201C00F03A
:10051000B5FF10BD9E21201CC90500F0D5FD00F0DF
:10052000ADFF80231B069C466044F2E710B5002116
:10053000041CFFF771FF002803D1201C00F00CF809
:1005400010BD80231B06E01800F006F802000B0027
:10055000002150429941F3E770B502F07DFC002282
:100560000B4B0D00040001F051FE02F075FD06007A
:1005700002F040FC0022074B01F048FE02000B0095
:100580002000290002F0B4F802F066FD310070BDD1
:100590000000F03D0000F041D0B5012602000B0044
:1005A000134F7642B6185F4104001248874219D9AA
:1005B000520504D08023E40AE4021B011C43080016
:1005C00002F0DEFB00220C4B01F020FE06000F00C3
:1005D000200002F00FFC32003B0000F0F9FF02F0B7
:1005E0008DFCD0BD8742EAD1B01CE1D8E7E7C04618
:1005F000FFFF1F00FFFF3F000000F041F0B54F4636
:100600004646D646C0B5040082B00D0091469846D5
:100610008B422FD82CD04146484602F011FD2900CC
:100620000600200002F00CFD331A9C46203B9A463F
:1006300000D576E04B46524693401F004B4662463B
:1006400093401E00AF4228D825D05346A41BBD417D
:10065000002B00DA7BE000220023009201930123AB
:10066000524693400193012362469340009318E061
:100670008242D0D900220023009201930A9B002BD2
:1006800001D01C605D600098019902B01CBC9046CE
:100690009946A246F0BDA342D7D90022002300927A
:1006A00001936346002BE9D0FB0798464146720848
:1006B0000A437B0866460EE0AB4201D1A2420CD849
:1006C000A41A9D41012024196D410021013E2418E6
:1006D0004D41002E06D0AB42EED9013E24196D41AA
:1006E000002EF8D100980199534600196941002B5A
:1006F00023DB2B005246D3402A006446E2401C0014
:1007000053461500002B2DDB26005746BE40330014
:1007100026006746BE403200801A99410090019140
:10072000ACE7624620239B1A4A46DA406146130032
:1007300042468A4017001F4380E7624620239B1AE7
:100740002A0066469A402300F3401343D4E76246EA
:10075000202300219B1A0022009101920122DA40FD
:10076000019280E72023624626009B1ADE402F007C
:10077000B0466646B74046463B003343C8E7C046EE
:10078000F8B54746CE4643025B0A4400C20F9C467A
:100790004800DD004B02240E5B0A000E80B598462F
:1007A00026009146C90FDB00271A8A4229D0002F64
:1007B00015DD00284AD1002B00D095E0ED08FF2C74
:1007C00000D188E06B025B0AE6B25B02F605580ACC
:1007D0003043D20710430CBC90469946F8BD002F19
:1007E00000D087E0601CC0B2012800DCB6E0EE1A41
:1007F000720100D5C5E0002E3DD100220026002365
:10080000E3E7002F00DC96E000285DD0FF2C60D0ED
:100810008022D20413431B2F00DDECE02022D21BE8
:1008200018009340F8405A1E93410343ED186B01A2
:100830007BD50134FF2C00D1B7E0012207262A40E6
:100840006B089A4D1D4015432E4029E0FF2CB5D072
:100850008022D20413431B2F00DDB2E02022D21BE2
:1008600019009340F9405A1E93410B43ED1A6B0156
:100870005BD5AD01AE09300002F0C4FB05388640FF
:10088000844265DC041B330020200134E340041B58
:10089000A640751EAE41334307261D0000241E40AE
:1008A00001224B461A40002E04D00F232B40042B6C
:1008B00000D004356B0100D480E70134E6B2FF2C90
:1008C0002FD1FF26002380E7002B52D1FF2C00D030
:1008D00074E70A00ED08002DF3D08023DB032B43DF
:1008E0005B025B0AFF2670E7013F002FBED0FF2CA2
:1008F000B1D163E7002C47D0FF2869D08024E404FD
:100900007A4225431B2A00DDC5E02C002026D44076
:10091000B21A95406A1E954125435D1B0400894625
:10092000A5E7AB015B0A50E7002401224B461A40C1
:100930006B07BAD142E7002F3BD10134E0B2012866
:100940004ADDFF2CBDD00726ED186D082E40A7E725
:100950000723574D241A35401E40A1E7002C1BD118
:10096000002D6ED1002B00D19AE00A001D003C0042
:1009700024E7013F002F00D158E7FF2C00D04AE7C1
:10098000A7E75E1B894676E7002D1CD10A00FF28E9
:100990001FD004001D0011E7002D5DD1002B17D1E1
:1009A00080230022DB03FF260FE70A00FF26002337
:1009B0000BE7002C21D1002D66D1FF28E9D11D00C5
:1009C00087E7012352E77A1CA7D0FA43FF2899D181
:1009D0000A001D00FF24F1E6002E21D1002D4FD08A
:1009E000002B4CD0ED186B019ED5314B07362E40B5
:1009F00001241D4054E7012318E7FF28DFD080249D
:100A0000E4047F4225431B2F4DDC2026F61B2C00DF
:100A1000B540FC406A1E95412543ED18040006E7E9
:100A2000002DCCD0002B00D153E780216046C903B4
:100A3000084203D04046084200D11D000121114068
:100A400047E7002B00D1B9E6EA1A500125D5072661
:100A50005D1B2E40894623E7FF24002B00D1ADE625
:100A600080226046D203104204D04046104201D199
:100A70001D00894601224B46FF241A409EE62B00AA
:100A8000DD080A0000249DE67A1CC6D0FF43FF283B
:100A9000B9D11D001DE701253FE7151E00D044E731
:100AA0000022002391E60125B7E7C046FFFFFF7D46
:100AB000FFFFFFFBF8B557464E464546DE4644026B
:100AC000E0B546008846640A360EC70F002E63D094
:100AD000FF2E24D08023E400DB041C43002399462E
:100AE0009B467F3E434642465D02D20F5B006D0A45
:100AF0001B0E9046924665D0FF2B55D080220021D8
:100B0000ED00D2047F3B1543F61A43464A467B402C
:100B10000F2A00D98DE06D48920082589746002C2C
:100B200054D108239946063BFF269B46DAE7002569
:100B3000534602291BD0032900D1BFE0012928D048
:100B400030007F30002820DD6A0704D00F222A40C1
:100B5000042A00D004352A0103D530005C4A8030D5
:100B60001540FE2803DCAC01640AC2B201E0FF229A
:100B700000246402D205600ADB07104318433CBC22
:100B800090469946A246AB46F8BD0122101A1B2892
:100B90007CDD00220024ECE7002C1DD104239946C3
:100BA000033B00269B469DE7FF3E002D20D10221FE
:100BB00043464A467B400A430F2AD8D8454892000C
:100BC00082589746002D19D10121F1E70C2399464F
:100BD000093BFF269B4685E7200002F013FA7626A4
:100BE000431F9C4000237642361A99469B4679E77C
:100BF0004A4603231A439146032186E7280002F060
:100C000001FA431F36189D40763600217DE7802487
:100C10000023E403FF22ACE700258023DB031C4212
:100C200028D01D4226D12B435C02640A4346FF2292
:100C30009FE762016C01A24224D21B210025013EE4
:100C4000012710006D005200002801DB944201D8FA
:100C5000121B3D4301390029F3D11400621E944157
:100C600025436DE7BA46594625005346022900D070
:100C700061E77CE78023DB031C436402640A3B00DA
:100C8000FF2276E7121B1A210125D9E79E362A009A
:100C9000B5402C00C240651EAC411443620704D02D
:100CA0000F222240042A00D00434620103D4A4019C
:100CB000640A00225DE7012200245AE78024E4034D
:100CC0002C436402640AFF2253E7C04674AD000857
:100CD000FFFFFFF7B4AD000870B542004E024C00B4
:100CE00045026D0A120EC30F760A240EC90FFF2AA1
:100CF0000FD0FF2C11D00120A24200D070BDB54210
:100D0000FCD18B420DD0002AF8D12800451EA84105
:100D1000F4E70120002DF1D1EBE70120002EEDD109
:100D2000E9E70020EAE7C04670B54A004E024502F6
:100D300044006D0A240EC30F760A120EC90FFF2C51
:100D400015D0FF2A0ED0002C15D1002A01D1002E7B
:100D50001CD0002D14D08B4227D00220013B18401C
:100D6000013870BD002EEED002204042F9E7002D80
:100D7000FAD1FF2A0ED0002A0ED1002EEDD00BE0C2
:100D800001230139994308000130EAE70020002DD2
:100D9000E7D0E2E7002EE7D18B42DED1944205DDB9
:100DA0000221581E08400138DBE70024A24204DC7F
:100DB000B542D2D80020B542D3D2581E0123984361
:100DC0000130CEE730B5420044024D02C30F480067
:100DD000640A120E6D0A000EC90FFF2A12D0FF28F6
:100DE0000CD0002A12D1002819D1002D17D1002CC7
:100DF0002BD00220013B1840013826E0002DF0D016
:100E0000022022E0002CFBD1FF281FD000281FD198
:100E1000002D1DD10220013B1840013815E0002CA7
:100E20000ED08B42E5D10022904204DCAC42E0D8E7
:100E30000020AC4209D2581E01239843013004E03F
:100E40000123013999430800013030BD002DD7D16D
:100E50008B42CED18242E7DD0221581E0840013884
:100E6000F3E7C046F0B54E4657464546DE46E0B588
:100E700043025B0A450083B00F1C99462D0EC60F36
:100E8000002D57D0FF2D24D08020DB00C004184354
:100E9000002381469A469B467F3D7C027A00FB0FE9
:100EA000640A120E984623D0FF2A4BD0E300802418
:100EB0000020E4047F3A1C43AD186B1C47460193A5
:100EC000534677403A000F2B48D87D499B00CB58BA
:100ED0009F46002B00D085E008339A46063B9B4690
:100EE0007C027A00FB0FFF25640A120E9846DBD1C4
:100EF000002C00D090E0524601231A439246012074
:100F0000DBE74C4658461700022824D0032800D1BE
:100F1000CFE00022002301284DD15802D205400A1B
:100F2000FF071043384303B03CBC90469946A246A5
:100F3000AB46F0BD002B5BD104239A46033B002552
:100F40009B46AAE7FF35002C60D1524602231A4384
:100F500092460220B1E7FF220023DEE74B461B0C3E
:100F60009C464B462604360C180461463300220C7E
:100F70006446000C43434E435043544380191A0CBB
:100F80001218964203D9802149028C4664441B04FE
:100F90001B0C1004C01883015E1EB341800E184361
:100FA000130C1B199B0103431C00230179D501235A
:100FB00062081C401443019A7F32002A4DDD63070A
:100FC00004D00F232340042B00D00434230103D585
:100FD0003C4B019A1C408032FE2ABCDCA3015B0A18
:100FE000D2B29AE70C239A46093BFF259B4654E769
:100FF000180002F007F84A46431F76259A4000235E
:101000006D4291462D1A9A469B4646E75246032367
:101010001A439246032050E7200001F0F3FF431FDC
:101020002D1A9C40763D002047E780230027DB03F4
:10103000FF2272E7424666E74C463200584662E7B6
:1010400080234A46DB031A4222D01C4220D123438C
:101050005B025B0A4746FF225FE701239A1A1B2ABD
:1010600021DC23000199D3409E318C401A002300DB
:101070005C1EA34113435A0704D00F221A40042ACE
:1010800000D004335A0111D49B015B0A002244E7CB
:1010900080234A46DB0313435B025B0A3700FF22CF
:1010A0003BE7019587E70022002336E70122002372
:1010B00033E78023DB0323435B025B0AFF222CE739
:1010C000F4AD0008FFFFFFF7F8B54746CE464400F1
:1010D000C20F80B547024802400A8446664648006F
:1010E0007F0A240EF60025009046FB00000EC90F73
:1010F000B146FF2800D185E001267140261A9142B1
:1011000057D0002E43DD002800D07FE0494600295B
:1011100000D1AAE0013E002E00D0F7E05B1A5A0190
:1011200000D48BE09B019C09200001F06BFF053887
:101130008440854200DDD3E0451B2300202001359B
:10114000EB40451BAC40621E94412343072400251D
:101150001C40012241460A40002C04D00F211940B6
:10116000042900D00433590100D480E00135ECB2E9
:10117000FF2D00D0A3E0FF2400235B02E405580A02
:10118000D207204310430CBC90469946F8BD002E70
:1011900074D1601CC0B2012800DCA7E04A469C1A4A
:1011A000620100D5B6E0002CBED10022002400234D
:1011B000E3E7002E00DC85E0002846D0FF2C49D074
:1011C00080224846D2041043814601221B2E09DCAE
:1011D00020204C46801B84404A462000F240441E9A
:1011E000A04102439B185A0128D50135FF2D00D19B
:1011F000A8E00122072494491A405B080B401343DE
:101200001C40A6E7002E00D078E775E7FF2C54D0ED
:1012100080224946D2041143894601221B2E09DC53
:1012200020214846891B88404A460100F240481E5A
:1012300081410A439B1A5A0100D573E701224146B6
:101240000A40590700D089E711E04846002858D1E4
:10125000FF2C0CD1DB08002B00D18CE78020C003D1
:1012600003435B025B0AFF2487E7FF2C25D0DB08E2
:10127000FF2DF0D05B025B0AECB27EE7002C4DD074
:10128000FF2818D08024E404724223431B2A00DD87
:10129000C4E01C002025D440AA1A93405A1E934152
:1012A00023434A460500D31A884638E7721CF8D013
:1012B000F243FF28EAD10A004B46FF25D7E79B01FE
:1012C0005B0A5AE7002E41D1651CE9B2012945DDD0
:1012D000FF2D00D14FE707244B445B081C4038E743
:1012E00007225A4B2D1A2340144032E7002C1DD1FF
:1012F000002B7AD14B46002B00D191E00A0000254B
:10130000B5E7013E002E19D14B446CE7FF2C84D188
:10131000FF25ACE74A468846D41A05E7002BC5D11D
:101320000A00FF28C8D005004B46A0E7002B49D192
:101330004B46002B77D00A00FF2598E7FF2C00D002
:1013400043E787E70A00FF24002316E7002C15D1A6
:10135000002B57D1FF28E6D14B467BE7002C20D14C
:10136000002B57D04946002953D04B445A0168D529
:101370000724364A1C4001251340EAE6FF28EBD03B
:101380008022D204764213431B2E53DC2025AD1B52
:101390001A00AB40F2405C1EA34113434B440500CE
:1013A00021E7002BD8D04946002900D152E78021FF
:1013B000C9030F4200D14DE76046084200D049E71B
:1013C0004B4647E74846FF25002800D14FE78022DB
:1013D000D203174204D06046104201D14B468846E2
:1013E00001224146FF250A4041E7484600281FD018
:1013F0001A1A500120D54A460724D31A1C408846A1
:101400000025A6E6741CC9D0F643FF28BCD14B4684
:1014100020E799464B460025DB082BE7012340E7F0
:1014200000220023A9E680230022DB03FF24A4E698
:1014300000251CE70123B1E7002AF1D013000025A5
:10144000FCE60025FAE6C046FFFFFF7DFFFFFFFB3D
:1014500042024B0240004900520A5B0A090E000E8C
:10146000FF2806D00020FF2902D11800431E984112
:101470007047FE38002AFBD1F4E7C0464102420023
:10148000C30F490A120E00207E2A0DD99D2A0CD8BE
:10149000802000040143952A0ADC9620821AD1405C
:1014A0004842002B00D108007047034A9818FBE718
:1014B000963A9140F4E7C046FFFFFF7F70B50028E1
:1014C0003DD0C317C5185D40C40F280001F09AFD38
:1014D0009E22121A962A07DCD2B2082833DD083879
:1014E00085406802400A23E0992A0BDD0523290084
:1014F0001B1AD94003001B339D402B005D1EAB41DE
:1015000019430D00052801DD431F9D402B000F49A5
:101510000B406E0709D00F263540042D05D004334B
:101520005D0102D59F220B40121A9B01580AD2B2CC
:101530004002D205400AE4071043204370BD002456
:1015400000220020F4E76802400AF1E7FFFFFFFBFA
:1015500070B5041E34D001F055FD9E22121A962A51
:1015600007DCD2B208282EDD083884406002400A29
:1015700021E0992A09DD030021001B3399404B1E0D
:10158000994105231B1ADC400C43052801DD431F4C
:101590009C4023000D490B40650709D00F252C40C6
:1015A000042C05D004335C0102D59F220B40121A93
:1015B0009B01580AD2B24002D205400A104370BDC6
:1015C00000220020F7E76002400AF4E7FFFFFFFB7C
:1015D000F0B54F464646D6460C000903C0B5490A49
:1015E000470F5E0039431F03DB0F9C4665007B0AF3
:1015F000570F1F436D0DE40F760DA146C000B8468E
:10160000D200AB1B64457BD0002B5FDD002E00D0E9
:10161000A4E03E00164300D112E15E1E002E00D071
:101620009EE1871A4346B84280410125C91A4042CB
:10163000091A0B0200D431E149024E0A002E00D1F2
:101640006EE1300001F0DEFC0300083B1F2B00DDE3
:1016500061E120223900D21A9E40D1409F400E43C2
:101660009D4200DD51E15D1B6B1C1F2B00DD7CE109
:101670002021C91A3D0030008F408840DD40791E8E
:101680008F41310007222843D940002507433A40C3
:10169000002A09D00F233B40042B05D03B1DBB4241
:1016A000BF417F42C9191F000B0200D426E26A1C09
:1016B000C64B55056D0D9A4200D106E1C44AFF089C
:1016C0000A40530752023B43120B8EE0002B00D01E
:1016D000B8E06B1C5B055B0D012B00DC30E1871A69
:1016E0004346B842B641CB1A76429E1B330200D520
:1016F0004CE13B003343A1D100220024002570E0DF
:10170000002B00DCE5E0002E00D183E0AF4EB542B7
:1017100060D0802636043743B846382B00DC3EE1E3
:10172000434613431F007A1E97413F18874280416A
:10173000404209180B0200D4B0E0A44B01359D4291
:1017400000D1C3E0A24A7B080A4001210F401F4399
:101750005108D30707221F433A4099E79B4EB542F1
:1017600038D0802636043743B846382B00DDDCE01D
:101770001F2B00DC30E11E004746203EF740BC46F0
:10178000202B04D04026F31A46469E4032431700D1
:1017900063467A1E97411F43CCE0002B00D104E240
:1017A0004346134300D159E14B07C0081843802337
:1017B000C9081B03194208D04546ED081D4204D153
:1017C0004346D008590708432900420FC9007F4DFE
:1017D0001143C0004B07CA087C49C00803438D422F
:1017E00068D012036D05120B6D0D00211203180055
:1017F000130B0A0D12051A43764B2D0513402B438C
:101800005B00E4075B08234319001CBC9046994623
:10181000A246F0BD3E00164312D05E1E002E00D040
:1018200000E1871887428041414440420918012560
:101830000B0233D5022585E764463300414610008C
:101840001D00C7E7002D00D0DAE00C000443F3D000
:101850005C1C00D19FE15D4CA64200D12FE1DB432F
:10186000382B00DD66E11F2B00DD83E1202405001D
:10187000E41A0F00DD40D940A0404346A7405B1A60
:10188000441EA04198462F433843171ABA4292414A
:1018900043465242991A64463500CAE607223A4046
:1018A000002A00D0F6E64B07CA084849FF083B4328
:1018B0008D4296D11900114300D19EE18021090388
:1018C0000A431203120B414D8FE71500002200233B
:1018D0008BE7002B00D0C7E06B1C5F057F0D012F4D
:1018E00000DCF1E0394DAB4200D1B9E085180A00C7
:1018F000854289414244494251180722CF076D0869
:101900002F4349083A401D00C2E607223049ED1A2C
:1019100031403A40BCE63E002838864000279FE62A
:10192000380001F06FFB20308EE6434613431F0062
:101930007A1E9741C71BB84280414042091A78E697
:101940000E003B0006431343002D61D1002E00D052
:10195000F4E0002B00D11BE164463900100039E7A8
:101960001A4FBB427AD03300FFE630001F3DE840FB
:10197000202B03D04021CB1A9E4037437B1E9F4132
:10198000072207433A400021002589E7171A4346FA
:10199000BA42B641591A76428E1B64464EE61F2B58
:1019A00000DDADE020264746F61AB740B9461700DD
:1019B000B246DF404E463E4337005646B240561EC2
:1019C000B24117434246DA408918AEE6FF070000ED
:1019D000FFFF7FFFFFFF0F8020264746F61AB74024
:1019E000B9461700B246DF404E463E4337005646E2
:1019F000B240561EB24117434246DA40891A99E76F
:101A00007F4CA6425BD0802424045B42214327E71D
:101A1000002E0CD1002B00D1CBE064463900100021
:101A2000774DD7E6764FBB4218D0330075E6002BD2
:101A300014D04B07C00818438023C9081B03194260
:101A400007D0FC081C4204D17907D0080843E146BE
:101A500021004C46420FC9001143C000684DB9E651
:101A60001D0000220023C0E6002D5BD10D000543C0
:101A700000D1E2E65D1C00D1B0E0614DAE421FD066
:101A8000DB43382B71DC1F2B00DD96E020250F0097
:101A9000ED1AAF40B9460700AA46DF404D463D4328
:101AA0002F005546A840D940451EA8418844074309
:101AB000BF18974292415142414435003AE664468C
:101AC00035004146100085E60B000343002D00D091
:101AD00063E6002BF5D04346134300D17AE687181E
:101AE0008742804107224144404209183A400B0294
:101AF00000D4D5E6434B01351940C9E5380069E605
:101B00001E004746203EF740BC46202B04D040260E
:101B1000F31A46469E403243170063467A1E9741A9
:101B20001F4302E6364DAE42CAD080252D045B42EB
:101B30002943A6E70843411E8841A6E6002B00D1B1
:101B400048E6871A4346B842B641CB1A76429E1BF6
:101B500033024BD5171A4346BA429241591A5242A0
:101B6000891A072264463A4092E501430F00791E24
:101B70008F419DE71C000F00203CE740202B03D045
:101B80004024E31A99400843411E884138437CE6CB
:101B90000022002425E6171A4346BA429241591AF8
:101BA0005242891A6446350043E541461000144DFF
:101BB00010E680220024120380E61D000F00203D65
:101BC000EF40BC46202B03D04025EB1A9940084338
:101BD00007006346781E87411F4369E787189742CD
:101BE0009B4141445B42C9183500A3E53B003343A8
:101BF000CED0072231003A4052E600231A00F4E525
:101C0000FF070000FFFF7FFFF0B55746DE464E4658
:101C10004546E0B5834607000E03480085B092466E
:101C20001C00360B400DCD0F002800D19DE0954BD8
:101C3000984239D08023F6001B041E43924A7B0F42
:101C400033439946944603006344009300230026DF
:101C5000FF00029323031B0B98466300E40F5246D8
:101C60005B0D019400D1B3E086498B4200D19EE028
:101C70004246D100802212040A435146490F1143C3
:101C80008B46814952468C4600996344CB1A002109
:101C9000D20000932B0063409A460F2E00D905E135
:101CA0007A4BB6009B599F465B463343994600D01A
:101CB000B8E002230826002700900293CAE7CB462B
:101CC0003A0002990195019B9A46022927D00329DF
:101CD00000D180E2012944D06D49009B8C466344C9
:101CE0001C00002C38DD530700D013E2D2085B46FD
:101CF000DB0109D55946674B19408B468021C90045
:101D00008C46009B63441C00634B9C4207DC5B4693
:101D100064055F075B0217431B0B620D02E00023A3
:101D20000027584A00211B031C0B0B0D1B052343E6
:101D300014055A4A380013401C4353466400DB071D
:101D400064081C43210005B03CBC90469946A2465D
:101D5000AB46F0BD0122524201231B1B382B00DC95
:101D6000ADE1002200230027DCE75B4633439946C0
:101D70005ED0002E00D18AE1300001F043F903006B
:101D80000B3B1C2B00DD7BE11D22D31A5A460100C0
:101D9000DA4008398E4013005F46334399468F403E
:101DA0003F4B00261B1A00930023029352E7414643
:101DB00053460B433B499B468C46009B6344009330
:101DC0005B46002B3BD1022300221E43022161E728
:101DD000434613439B4637D04346002B00D162E174
:101DE000404601F00FF903000B3B1C2B00DD53E1D3
:101DF00002004146083A914088461D21CB1A5146BF
:101E0000D9400B0041460B439B46534693401A0072
:101E1000009B25499C46604403008C466344009324
:101E2000002137E70323B14600900C26029311E707
:101E30000023009301330426002702930AE70323BB
:101E4000C3461E43032125E701331E43002201211F
:101E500020E700239A46802300271B03094A61E7F5
:101E6000802349461B03194200D1E2E0594619423A
:101E700000D0DEE00B431B0317001B0BA246014AF8
:101E800050E7C046FF07000001FCFFFF34AE00082A
:101E9000FF030000FFFFFFFEFE070000FFFF0F80B3
:101EA0000DFCFFFF01F8FFFFF3030000D94500D947
:101EB000CBE000D1C6E03C0048460027009B013B38
:101EC00000935B46160E1B021E4313029846330412
:101ED0001B0C9946310C0191FEF79CF94A4642438E
:101EE0000B04210C050019438A4207D98919013DC9
:101EF0008E4203D88A4201D9851E8919881A019910
:101F0000FEF788F909048C464A4621046446424398
:101F1000090C030021438A4204D98919013B8E42EE
:101F200000D8F1E02D041D43AB464346891A4246D2
:101F3000280C12041D0C5B46140C22001B041B0C05
:101F40005A4303946B434443029568431B19150C91
:101F5000EB189C4203D980246402A44660441C0C04
:101F600015041B042D0C20185D19814277D373D002
:101F70000C1AA24A7D1BAF42BF419446009B7F4290
:101F80006344E01B1C00864200D1DBE00199FEF7B0
:101F900041F94A4642430B04290C070019438A427F
:101FA00007D98919013F8E4203D88A4201D9871E79
:101FB0008919881A0199FEF72DF909044A468946BC
:101FC00029044D464243090C030029438A4207D99C
:101FD0008919013B8E4203D88A4201D9831E89198F
:101FE0003F04891A3A00039F1A43380013041B0C5C
:101FF000584381460298150C6F4343434543484676
:10200000000C8446DB1963449F4203D980204002C0
:102010008446654448461F0C00041B04000C7D19CF
:102020001818A94200D284E000D17FE001231A43AE
:1020300057E680234A461B0313431B031B0BAA4688
:102040006F4A6FE6BA4200D935E74B46DC075808BD
:102050007B081C43FF0734E70024AF4289D2474482
:102060004745A4415B466442A4196418013BA6425B
:102070001ED2A0426DD800D1B6E0241A9B4678E764
:1020800003005A46283B9A400027914688E6584666
:1020900000F0B8FF203072E603005246283B9A4019
:1020A00093460022B4E6504600F0ACFF20309AE69A
:1020B000A642E2D1B845DCD9341A9B4659E71F2B1A
:1020C00065DC504C0099A4465C46614408008C4095
:1020D00011008240D940501E82410C4314435A469D
:1020E000DA401300620709D00F222240042A05D0EB
:1020F0002200141D9442894149425B181A0262D59C
:102100000122002300270DE68A4200D80AE7831E39
:10211000891907E70F231340042B00D1E6E5171DAB
:102120009742924153429B44FA08E0E5002800D1CF
:10213000D7E57118531EB14227D3A94215D358D001
:102140001A0073E7002B00DC04E6012300229B4405
:10215000CDE502234744474589415B429C464942BD
:1021600089190C19E344241A03E743465F004745E5
:102170009B41B8465B429E19023A8919A94200D098
:1021800054E7404500D051E7ABE51A00F6E71F21C0
:102190005F4649420C1BE740202B07D01A49009BA1
:1021A0008C46634418005B4683401A43501E8241AC
:1021B0003A4307270023174009D00F21002311407D
:1021C0001400042995D122005F075B021B0BD20883
:1021D00017430022A6E5802359461B030B431B032C
:1021E00017001B0B064A9DE5BD42B2D89B46002452
:1021F000BFE68045B9D31A00C3E7C046FF0300001D
:10220000FF0700001E0400003E040000F0B5574622
:10221000DE464E464546E0B5834606000F034800BD
:1022200087B092461D003F0B400DCC0F002800D117
:102230006FE0DE4B984238D08023FF001B041F4321
:10224000730F3B430193DA4B0027994600239B46CB
:10225000F60081442B0369001B0B52469846490D3A
:10226000ED0F002900D185E0D04B994200D173E0F9
:102270004346DA0080231B0413435246CC48520FD6
:1022800084461343524600206144D2008944210011
:10229000694000918C46012149448A460F2F00D99C
:1022A00090E0C449BF00CF59BF465B463B43019312
:1022B00000D06AE102230827002681469B46C9E731
:1022C00032005846019B61460091022800D175E01A
:1022D000032800D1FEE1012800D02CE100230027D3
:1022E000002600253F032A0D3F0BB34812053A4351
:1022F00002401B051343009A5B00D1075B080B43A8
:102300003000190007B03CBC90469946A246AB4647
:10231000F0BD5B463B43019300D12FE1002F00D17C
:10232000A5E1380000F06EFE03000B3B1C2B00DD26
:1023300096E11D22D31A5A460100DA405E4608395A
:102340008F4013008E403B4301939C4B00271B1A88
:10235000994600239B467DE7414653460B439349EC
:102360008C46E144002B00D01AE1022202201743E0
:1023700000228CE7134300D10DE14346002B00D12E
:1023800081E1404600F03EFE02000B3A1C2A00DDCF
:1023900072E10100434608398B4098461D239A1A82
:1023A0005346D3401A004346134352468A40494697
:1023B000081A824989468144002068E77B4B002740
:1023C00000268EE7140C1204120C1100370C360490
:1023D000350C794328008C462E00604360448346C8
:1023E00056432100300C80465846794340440291C0
:1023F000844506D98846802149028C46E0444146FE
:1024000002913604010C360C00048B4681191E0C17
:102410001B041B0C0391190079438C46280075435B
:102420006544A8465843050C45447743A94203D95F
:10243000802149028C466744290C8C4639000004EF
:10244000000C2D042D186144AB44059159460491AC
:1024500001990F043F0C080C390051434243904648
:1024600002008C46090C8B4662437C4344445C4426
:10247000A04503D98021490288464244210C884660
:1024800061460904090C8C463900594343437043A3
:102490007E430F0CF6182404BE19644442448C4653
:1024A000B34203D980235B0298464044029B6146B5
:1024B0009846049B370443449B46AB45AD416B4271
:1024C0000D0405992D0C8C467F196744FD18A8460C
:1024D0005D462D19A542A44193466442A446C344D7
:1024E000DC448F42BF4198459B4193459241A445AE
:1024F000A4415B427F421F43360C52426442BF19E3
:102500002243BF18624638184302D20D0399134381
:102510006A020A43501E82416146ED0D2A434E0273
:102520003243D90100D4B3E00126500832400243BF
:10253000DE0732435B08224C5444002C62DD510715
:1025400009D00F201040042805D0101D9042924160
:1025500052429B180200D90104D580241948E40096
:10256000034054441848844200DD27E75E075B02BD
:10257000D2081F0B630516435B0DB2E60023994694
:102580000133042700269B4664E603230197814616
:102590000C279B465EE6012201201743002276E6C7
:1025A000032303201F43434671E6C046FF07000094
:1025B00001FCFFFF74AE0008FFFF0F800DFCFFFF62
:1025C000FF030000FFFFFFFEFE070000002380273F
:1025D00000933F030026434B83E6019B3200A44651
:1025E000584670E6AC466EE6802701993F033942B3
:1025F0002DD03B422BD11F433F033F0B00951600CC
:10260000384B6EE601252D1B382D00DD66E61F2DAB
:1026100040DC35481C005044160082408440EE40A7
:10262000501E824134431443EB40620709D00F220D
:102630002240042A05D02200141D944280414042C9
:102640001B181A023ED501230027002649E68027E1
:10265000019B3F031F433F033F0B0094214B40E688
:1026600003005A46283B9A40002601926DE65846E0
:1026700000F0C8FC203057E603005246283B9A4041
:102680001300002293E6504600F0BCFC20307BE6AD
:10269000CA4650E71F201E004042041BE640202D82
:1026A00003D0124C5444A3401A43501E824132437B
:1026B00007260027164009D00F20002310401400E1
:1026C0000428B9D122005E075B021F0BD208164313
:1026D000002306E680273F031F433F033F0B1600FE
:1026E000004BFEE5FF0700001E0400003E04000052
:1026F000F8B557464E464546DE460C000903E0B5A0
:10270000490A460F5F0031431E03DB0F760A9B46E2
:10271000530F3343C84E6500C000E40FD2006D0D67
:10272000A24681467F0D9C469046B74200D1B9E053
:102730005B46012673409B46EE1BA34500D183E018
:10274000002E63DD002F00D0B1E06346134300D1BB
:1027500023E1731E002B00D0BAE1861A6346B04213
:1027600080410125C91A4042091A0B0200D447E1F1
:1027700049024B0A98464346002B00D189E1404666
:1027800000F040FC0300083B1F2B00DD7CE1202211
:102790003000D21A4146D040994002009E400A4380
:1027A0009D4200DD6AE15D1B6B1C1F2B00DD94E187
:1027B000202110003500C91A8E40DA408840DD40E3
:1027C000711E8E4111000722284300250643324026
:1027D000002A09D00F233340042B05D0331DB34208
:1027E000B641764289191E000B0200D43DE26A1CF4
:1027F000914B55056D0D9A4200D119E18F4AF608AB
:102800000A40570752023743120B9BE0002E00D0BC
:10281000C5E06E1C7605760D012E00DC48E16746AA
:10282000861ACB1BB042BF417F42B8461F004346C9
:10283000FF1A3B00B8461B0200D55FE137439AD12F
:1028400000220024002579E0002E00DCFAE0002FB1
:1028500000D18DE0784B9D4267D0802367461B04F2
:102860001F43BC46382E00DC52E1634613435A1E18
:1028700093411E1886428041404209180B0200D441
:10288000BEE06D4B01359D4200D1D2E06B4A73082A
:102890000A4001210E401E435108D30707221E4360
:1028A000324095E71E00164300D045E740E7624BF3
:1028B0009D423AD0802367461B041F43BC46382EF6
:1028C00000DDEBE01F2E00DC3AE133006746203BE1
:1028D000DF403B00202E05D04027BF1B6646BE4090
:1028E000324390464646721E96413343DAE0002B4F
:1028F00000D114E26346134300D168E180234E0700
:10290000C008C9081B030643194208D06046C00826
:10291000184204D163460100D2085E071643F30053
:102920009946C900720F444D11434B46DE08424B95
:102930004F073743CA089D4200D16EE012036D0570
:10294000120B6D0D00211203130B0A0D12051A4311
:102950003B4B2D0513402B435B00E4075B082343EF
:10296000380019003CBC90469946A246AB46F8BDDB
:102970006346134311D0731E002B00D007E1861865
:102980008642804161444042091801250B0237D537
:1029900002257BE73E00614691463500C5E75C466F
:1029A000002D00D0E1E00B000343F3D0731C00D1F5
:1029B000ACE1214B9F4200D13AE1F343382B00DDDB
:1029C0006FE11F2B00DD8CE120250E00ED1AAE40DB
:1029D000B0460600AA46DE40454635432E00554621
:1029E000D940A8406346451EA8415B1A9C46304327
:1029F000161AB242924163465242991A3D00B4E619
:102A000007223240002A00D0E4E60B4BF6084F07BD
:102A10003743CA089D4200D090E73B00134300D1E2
:102A2000A6E180231B031A431203120B024D89E710
:102A300015000022002785E7FF070000FFFF7FFF4A
:102A4000FFFF0F80002E00D0C7E06B1C5E05760DE7
:102A5000012E00DCF0E0C84DAB4200D1B9E0851892
:102A60000A00854289416244494251180722CE0733
:102A70006D082E43490832401D00A9E6BF49ED1AF2
:102A8000114007223240A3E6320028388240002657
:102A900086E6300000F0B6FA203073E66346134352
:102AA0005A1E9341C61AB04280414042091A5CE660
:102AB0000E00674606431743002D5ED1002E00D05E
:102AC000F3E0002F00D11EE15C46614691462CE701
:102AD000A94FBE427BD01E00F1E610001F3DE8402A
:102AE000202B03D04021CB1A9A401643731E9E41DF
:102AF0000722064332400021002583E7161A634669
:102B0000B2428041591A40420B1A98465C4632E65E
:102B10001F2E00DDABE02027BB1B9A4663465746BD
:102B2000BB40994613004F46F3401F433B005746B6
:102B3000BA40571EBA4113436246F240891898E6DC
:102B40002027BB1B9A4663465746BB409946130055
:102B50004F46F3401F433B005746BA40571EBA4109
:102B600013436246F240891A9CE7834B9F425FD031
:102B700080252D047342294320E7002E0CD1002F1D
:102B800000D1D0E05C46614691467B4DCDE67A4F60
:102B9000BE421CD01E0065E6002F18D0C0084E07AC
:102BA00006438020C9080003014208D06346DC08C0
:102BB000044204D12100DA46D2085E071643F3002E
:102BC000994601245346C900720F11431C406A4DB7
:102BD000ABE61D0000220027B4E6002D59D10B0002
:102BE000034300D1D6E6731C00D1B2E0624B9F4292
:102BF0001ED0F343382B6FDC1F2B00DD97E0202520
:102C00000E00ED1AAE40B0460600AA46DE4045462C
:102C100035432E005546A840D940451EA8418C4456
:102C20000643B61896429241514261443D0025E662
:102C30003D006146914678E60B000343002D00D02D
:102C400055E6002BF5D06346134300D16DE6861898
:102C50008642804161444042091800220B0200D4A0
:102C6000D0E6464B01351940B2E5B1465DE633008A
:102C70006746203BDF403B00202E05D04027BF1B8E
:102C80006646BE40324390464646721E96413343E6
:102C9000EFE5394B9F42CBD080252D047342294369
:102CA000A8E70843411E8841A2E6002F00D13CE678
:102CB0006346861ACF1AB0429B415B42FB1A984684
:102CC0001B024ED5161A6346B2429241591A52421D
:102CD000891A5C4600227BE501430E00711E8E417D
:102CE0009FE71D000E00203DEE40B046202B04D093
:102CF0004025EB1A99400843814648464346411E09
:102D00008841184374E60022002417E6161A634629
:102D1000B2429241591A5242891A3D0025E5614654
:102D20009146154D01E680220024120379E61D002C
:102D30000E00203DEE40B046202B04D04025EB1A7B
:102D40009940084381464E464346711E8E411E43BC
:102D500067E7861896429B4161445B42C9183D0073
:102D60008CE547463743CED007224146324049E6FC
:102D700000273A00E6E5C046FF070000FFFF7FFF9F
:102D800070B500282DD0C317C5185D40C40F2800AA
:102D900000F038F9154B1B1A5B055B0D0A2815DD91
:102DA0000B38854000222D032D0B002110002D0330
:102DB0000A0D2D0B12052A430D4D1B052A40134306
:102DC0005B00E4075B082343190070BD0200290083
:102DD000153291400A000B21081AC5402D032D0B16
:102DE000E3E70024002300250022DEE71E040000A4
:102DF000FFFF0F8010B5041E25D000F003F9144B1F
:102E00001B1A5B055B0D0A2812DD0B38844000227B
:102E10002403240B0021100024030A0D240B1205A7
:102E200022430C4C1B05224013435B00590810BD84
:102E300002002100153291400A000B21081AC440FB
:102E40002403240BE6E7002300240022E2E7C04627
:102E50001E040000FFFF0F804100090E4B1C70B5DF
:102E6000DBB24602750AC40F012B14DDE0239B0080
:102E70006D07360BCB1800210A0D280012051C4DDA
:102E800032435B052A405B0813435B00E4075B08A1
:102E90002343190070BD002914D1002D1ED0280035
:102EA00000F0B0F80A281CDC0B232A001B1ADA40B9
:102EB000030015339D400F4B12031B1A5B05160BC5
:102EC0005B0DD8E7002D06D0320B802636036D0748
:102ED0001643094BCFE7084B0026CCE7002300261A
:102EE000C9E703002A000B3B9A400025E3E7C046F0
:102EF000FFFF0F8089030000FF070000F0B54C00C2
:102F0000640D0B03621C5B0A460F5205C90F1E437A
:102F1000C500520D012A29DD374BE718FE2F1CDCB6
:102F2000002F3BDD8001431E98410722F3006D0F07
:102F300003432B431A40002A04D00F221A40042ACC
:102F400000D004338022D2041A4024D00137FAB2D0
:102F5000FF2F02D09B01580A01E0FF22002040020F
:102F6000D205400AC90710430843F0BD3543002C81
:102F700004D1002D0AD100220020F0E7002DECD072
:102F80008020C0033043FF22E9E7002400235B02D6
:102F9000580AE2B2E3E7DB083C00F8E73B001733EE
:102FA000F3DB80231B0433431E26F61B1F2E14DD88
:102FB00002225242D71B1A00FA401700202E04D0DA
:102FC0000E4A94466444A3401D432B005D1EAB4152
:102FD00007223B431A400027ADE7094A2800A21800
:102FE000954093406C1EA541F04007222B430343BC
:102FF0001A4000279FE7C04680FCFFFFA2FCFFFFAE
:1030000082FCFFFF1C2101231B04984201D3000C0A
:1030100010391B0A984201D3000A08391B0998424B
:1030200001D30009043902A2105C40187047C04661
:103030000403020201010101000000000000000081
:1030400010B5002903D1FFF7DDFF203002E0081C96
:10305000FFF7D8FF10BDC04670B500220C4B04002E
:103060000D0000F081F8002804D12000290000F0B4
:1030700011F870BD064B002220002900FFF738FB35
:1030800000F008F880231B069C466044F1E7C04628
:103090000000E04130B5144D0A034B00120B5B0DEC
:1030A000C90F0024AB4211DD104CA34210DC802478
:1030B000640322430E4CE41A1F2C0CDD0D48C31A86
:1030C000DA4013005C42002900D11C00200030BD12
:1030D000094BCC18FAE7094DE040AC4663449A40EE
:1030E00013000343EEE7C046FE0300001D0400008A
:1030F0003304000013040000FFFFFF7FEDFBFFFF20
:103100008446101C62468C46191C634600E0C0468B
:103110001FB500F0D3F8002801D40021C8421FBD1C
:1031200010B500F02BF84042013010BD10B500F092
:10313000C5F8002801DB002010BD012010BDC046ED
:1031400010B500F0BBF8002801DD002010BD012003
:1031500010BDC04610B500F04DF8002801DC00207D
:1031600010BD012010BDC04610B500F043F8002886
:1031700001DA002010BD012010BDC046F0B54F4659
:103180004646D6468446C0B58046194E18030F03FE
:103190004D00000B5C0082463F0B6D0DC90F914640
:1031A000640DDB0F0120B5420AD0B44203D0A54222
:1031B00001D157450CD01CBC90469946A246F0BDA3
:1031C00066463E43F7D1AC42F5D154461443F2D1A2
:1031D0000120C845EFD1994207D0002DEBD16346BD
:1031E0001F433800471EB841E5E70020E3E7C0462B
:1031F000FF070000F0B54F464646D6464D00C0B525
:103200000E03C90F8A462C491F035C008046360B0B
:103210006D0D91463F0B640DDB0F8D421ED08C422D
:1032200016D0002D1ED130438446002C01D13A43E4
:1032300023D06246002A1AD09A4529D0514602204E
:103240000139084001381CBC90469946A246F0BDA1
:1032500039001143E5D002204042F4E73043FAD16F
:10326000AC420FD0002C0FD13A43E7D00CE0012242
:10327000013B934318000130E5E763460020002B33
:10328000E1D0DBE73A43E6D19A45D7D1A542D5DC78
:10329000A54205DBBE42D1D808D00020BE42D2D222
:1032A00050460123013898430130CCE7C845C5D8C2
:1032B0000020C845F4D3C6E7FF070000F0B54F462D
:1032C0004646D6464D00C0B50E03C90F8A462E4964
:1032D0001F035C008046360B6D0D91463F0B640D5D
:1032E000DB0F8D4218D08C4211D0002D18D1304305
:1032F0008446002C1ED13A431CD163460020002B8B
:1033000030D0514602200139084001382AE0390006
:103310001143EAD0022025E03043FBD1AC4226D055
:10332000002C26D13A4324D15146022001390840CD
:10333000013817E06246002A0FD09A45E1D1A54234
:1033400005DBBE42DDD819D00020BE420AD250466D
:10335000012301389843013004E00122013B9343EB
:10336000180001301CBC90469946A246F0BD3A4375
:10337000D0D19A45C5D1A542C3DCE0E7C845C0D845
:103380000020C845E3D3EDE7FF0700000023C25C3F
:103390000133002AFBD1581E7047000002B4714669
:1033A00049084900095C49008E4402BC7047C04688
:1033B00070B50C4E0D031C0349005B002D0B490D2D
:1033C000240B5B0DB14208D0064900208B4203D18B
:1033D00014432000441EA04170BD05430120002D70
:1033E000FAD1F1E7FF070000034B036054330B6091
:1033F000802313607047C0460402002070B50400AB
:103400000E0001F093FC050001F090FC401BB0425F
:103410000BD2022301223C21200002F07FFA002877
:1034200004D0012001F088FCEEE7032070BD00000D
:1034300010B504F0CBFA394B1B68C31A384A9342D3
:1034400000D810BD354B186036495868FDF70AFDA5
:10345000011C354804F07CFE04F0ECFE00B21D288F
:1034600006DDC8235B00984203DDC820400000E071
:103470001E202A4B1B89022B0FD92C4A82239B002A
:10348000D35E9022FF32934207DC0433274979321E
:103490008B52224B00221A811EE0204B5B89042BA9
:1034A0000ED9224A82239B00D35E1E2B08DD023BED
:1034B0001E49822292008B52184B00225A810BE047
:1034C0001A4A82239B00D35E821E93421DDA013387
:1034D0001649822292008B52144A82239B00D35EAB
:1034E0001D2B04DC114A82239B001E21D1520F4A5E
:1034F00082239B00D25EC8235B009A42A1DD0B4A67
:103500007833C8214900D1529BE702308342E3DD82
:10351000013B0649822292008B52DDE758040020CD
:1035200087130000000090400000F04108120020C6
:10353000884202D9401A01387047081AFCE710B5D2
:10354000072001F073F8012001F0AAF801F0BCF89F
:1035500010BD000070B53D4BAC22520099580832A6
:103560009858FFF7E5FFFA239B0098423DD9374A68
:10357000C3235B00D35C002B38D0344ABF235B00ED
:10358000D35C012B3DD0314BAC225200995808320C
:10359000995018329B5C002B3AD02C4ABC235B001C
:1035A0000021D154294CBC235B00E05C01F02AF8D7
:1035B00001F0D0F8C0B2264BE35C83420FD0234A1F
:1035C000234BD054002829D0224805F031FC1F4A53
:1035D0008D239B000121D154002001F0B1F81B4A3A
:1035E0008423FF33D35C002B24D170BD140001254C
:1035F0008733FF33D55401F0E9FABF235B00E5546C
:10360000BBE77E33FF330021D154FFF798FFBAE7C1
:103610000E4ABC235B000121D154C3E70E4805F0DC
:1036200007FC0A4A8D239B000021D154012001F0A0
:1036300087F8D4E7002001F05BF8002001F06CF877
:10364000024A8423FF330021D154CEE70812002020
:1036500031020000E0AE0008F8AE000810B504F03A
:10366000B5F9044AAC235B00D050034802F09EFA3F
:1036700010BDC046081200203841002010B50C00D3
:103680004A6C4123CB5CDBB20100104805F056FBCD
:10369000636C9B0709D4636C5B070AD4636CDB071C
:1036A0000BD4636C9B060CD410BD094805F0C0FB1D
:1036B000F1E7084805F0BCFBF0E7074805F0B8FB68
:1036C000EFE7064805F0B4FBEEE7C04690B6000809
:1036D000B0B60008CCB60008DCB60008ECB60008AE
:1036E00070B505000B4805F0A3FB082401E0013488
:1036F000E4B2772C0CD8610005230222280002F0E6
:103700000DF90028F3D12100034805F017FBEEE77F
:1037100070BDC046F8B6000808B70008F0B587B01D
:1037200005000C00002600200021029003910AE011
:103730007700EF5F3A00FB17029803998018594110
:10374000029003910136A642F2DB02980399FCF73E
:1037500023FF061C2000FDF7B1FE011C301CFDF705
:10376000A9F9071C002600220023029203931BE004
:103770007300585FFFF704FB04900591381CFFF7B6
:103780006BFB02000B0004980599FEF7B1FF0200E5
:103790000B00FEF73BFD02000B0002980399FDF7BA
:1037A00017FF029003910136A642E1DB2000FFF7EC
:1037B000E7FA02000B0002980399FEF725FAFFF7DB
:1037C0009DFB04F073FD041C381C04F0F7FC224B35
:1037D00080229200985004329C502049201CFDF712
:1037E00041FB011C1E4804F0B3FC04F023FD00B2B1
:1037F0001D2806DDC8235B00984203DDC820400079
:1038000000E01E20144C8227BF00E0530025154B1A
:10381000E5540233E5500433E550603BE5520022A5
:103820004C33E254104EF56004F0D0F8306035812E
:10383000758181239B00E0587060043BE558E45F8C
:10384000FFF70AFB02000B0000942900074805F06F
:1038500075FA07B0F0BDC046081200200000904085
:103860000000F0410A020000580400201CB70008C4
:10387000F0B5D64600B5BEB00023EF2202A98C46B3
:1038800062441370EE2262441370ED22624413709E
:10389000B64805F0CDFA1421B548FFF7AFFD002872
:1038A00010D0B34C2100B348FFF7E8FE2000FFF72B
:1038B00017FFB14AD7235B000021D1543EB004BCAE
:1038C0009246F0BD32230293313B0193EE3302AABC
:1038D00094466344009301234F223C21A44801F005
:1038E00045FF002806D1EF2302AA944663441978C5
:1038F00040290DD0EF2302AA9446634419789F48CB
:1039000005F01CFA9C4AD7235B000021D154D5E76F
:103910009B4805F013FA3DAB20221A701232029236
:10392000313A0192009301235F323C21904801F02B
:103930004DFE01F0FBF9040032230293313B019369
:10394000ED3302AA944663440093012360223C2194
:10395000874801F00BFF01F0E9F9001B642806D845
:10396000EE2302AA944663441B789B06E4D4EB231F
:1039700002AA944663448C221A707D4C3226029629
:1039800001250195009301232C3A3C21200001F0F0
:103990001DFEEA2302AA9446634411221A7002967D
:1039A00001950093012351323C21200001F00EFECD
:1039B00001F0BCF9050032230293313B0193ED2461
:1039C00002AB9C4664440094012367223C21684872
:1039D00001F0CCFE23781B0708D401F0A7F9401BA7
:1039E000962803D8052001F0A7F9E4E7604D3226B8
:1039F0000296062301933BAB0093012368223C21EE
:103A0000280001F0B3FE3AAC03220021200004F0AC
:103A10002EFD0296032301930094023B60223C2179
:103A2000280001F0A3FE0296313E0196ED2702AB7D
:103A30009C4667440097012367223C21280001F03F
:103A400095FE21786278A378387800904D4805F08B
:103A500075F9494AD7235B00D6540622002106A8EF
:103A600004F005FD01F062F90400002764E0012381
:103A70005B4202930733019306AE0096053B682232
:103A80003C213B4801F072FE7078000200B23378AE
:103A90001843F3781B021BB2B27813439A46757928
:103AA0002D022DB233791D437E1CFDF707FD0490D6
:103AB0005046FDF703FD05902800FDF7FFFC051CAF
:103AC000049A111C101CFDF7CDF90490059B191CDC
:103AD000181CFDF7C7F9011C0498FCF751FE04906F
:103AE000291C281CFDF7BEF9011C0498FCF748FEB0
:103AF00004F0DCFB04F09EFB7F0008ABD85301F020
:103B000015F90500A0200821C00501F095FB01284A
:103B10000BD11D4802F04AF801F008F9401B322889
:103B20001AD8012001F008F9ECE7370001F0FEF89F
:103B3000001B164B984211D8632F0FDC124802F07D
:103B400035F8A0200821C00501F076FB01288ED0B1
:103B5000012001F0F1F8E9E73700E7E7391E03DD5E
:103B600008A8FFF7DBFDA9E60121F9E748B700083F
:103B7000EC40002064B700080812002074B7000869
:103B80008CB70008A0B70008384100208813000057
:103B900010B50C4C200005F04BF90B4805F048F926
:103BA0000A4805F045F9200005F042F900F0FEFC56
:103BB0008F22D2000021064804F059FCFFF758FE7E
:103BC00010BDC046D0B70008F8B700081CB8000800
:103BD0000812002010B503F0F9FE04001B4AB823B8
:103BE0005B00D0582100FFF7A3FC194B98422BD95A
:103BF000164AB8235B00D4503C220AE0501E134BF7
:103C00001918B331FF3109789B18B333FF3319709A
:103C10000200002AF2DC0D4BD8225200985AD9211A
:103C20004900585400219952753AFF3A06E0074B73
:103C30009B18B333FF331B78C918013A002AF6DC0E
:103C4000024AF7235B00D15210BDC0460812002083
:103C5000E7030000F8B5DE4657464E464546E0B558
:103C6000304BD62252009A5E924694B28022920045
:103C70009B5AE41AA4B226B2002E4FDB3700294D1E
:103C800082239B00EB5E9846274BEB5C9946274BC3
:103C90009B466A220021180004F0E9FB59461639B8
:103CA0007E230B706A3B4B70BD338B70CF3BCB7068
:103CB000A733FF33EB5E1A120A714B71D5235B00F9
:103CC000EB5E1A128A71CB7153461B120B7253466C
:103CD0004B7236128E72CC723B120B734F7343468B
:103CE0001B128B734346CB734B460B74F7235B005D
:103CF000EB5A1A0A4A748B74FE235B00EB5CCB749C
:103D0000FF230B75803B4B751622012000F0BCFF92
:103D10003CBC90469946A246AB46F8BD67423FB2CE
:103D2000ADE7C046081200200A0200000240002051
:103D3000F0B5CE46474680B583B00400019103F04C
:103D400045FE06008C4A83239B00D358834200D94A
:103D500080E084239B00D35883427BD880239B0040
:103D6000D35AE41AA4B227B2002F00DA77E0B8469B
:103D7000824B1B8CE41AA4B223B29946002B00DAC2
:103D800071E07E4A2224135D590051182425485FB2
:103D90004043556C281A8F84390079434018506489
:103DA0000133DBB213550F2B02D922230021D1544A
:103DB000FDF784FBF6218905FDF754F804F076FA47
:103DC00004F038FA80B26C4A6D4BD55C002D11D1ED
:103DD0006A4AC33BFF3BD35C002B0BD14B46032B02
:103DE00008DD9F2806D9130048220121995432008A
:103DF000C832DA64614A4823D35C002B05D0D36C07
:103E0000B34202D848230021D1545B4A82239B004D
:103E1000D45EA200121913019B1AD800FA2189005E
:103E2000FCF7FCF903B29946544A4823D35C002BB3
:103E30000AD0083C24B24B4602339C4201DA0230DD
:103E400004B21D2C00DC1E24002D10D0012D1DD02D
:103E50004A4B1F8403B00CBC90469946F0BD6342A8
:103E60001BB2984684E7644223B2994689E7FFF77C
:103E7000DFFA4445ECDC404B414A01219954963627
:103E800002329E503D4B4246DA60E1E73B4AD3683E
:103E90004344D360FFF7DEFE374A394B0021D1544B
:103EA000C845D5DA33002D33FF3311008422920048
:103EB0008B50324BDA68334B9A4253DDD822520092
:103EC0008B5A01338B522D4A538901335381019B05
:103ED000002B4BD0F01AFDF73BFB2B49FCF7C2FF40
:103EE000041C2A49FCF7ACFA002832D0211C2848CF
:103EF000FCF7E0FD2749FCF7B5FF2749FCF7B2FFC7
:103F0000051C1E4C2549206DFCF7ACFF011C281C2C
:103F1000FCF736FC2249FCF7CDFD20650021FCF7BB
:103F20007BFA00281BD1154B186D1E49FCF788FA47
:103F3000002802D0114B1B4A1A65FC2189050F4B42
:103F4000186DFCF71DFCFCF7D9FA0B4AFE235B0049
:103F5000D054094AFA235B000021D15006E0002228
:103F60002265E0E7054A138901331381034B0022E0
:103F7000DA6048215A546BE70812002058040020E8
:103F80000A020000AF0400006F12833A0AD7A33C74
:103F90000000A040666666400000484300004844B8
:103FA00000007A4400007F43F0B587B0062200216C
:103FB00004A804F05CFA2E4AD7235B00D35C002BE4
:103FC00052D001235B4202930733019304AC009467
:103FD000053B68223C21274801F0C8FB63781B029F
:103FE0002078184300B2224ED4235B00F052E378CD
:103FF0001B02A5781D432DB2D5235B00F5526379D2
:104000001B0224791C4324B2D6235B00F452FDF733
:1040100055FA071C2800FDF751FA051C2000FDF792
:104020004DFA041C391C381CFCF71CFF071C291C0A
:10403000281CFCF717FF011C381CFCF7A1FB051C12
:10404000211C201CFCF70EFF011C281CFCF798FB10
:1040500004F02CF904F0EEF800B2FA235B00F158FA
:10406000FFF766FE07B0F0BD034804F0E1FEF9E794
:1040700008120020EC40002020BB000810B503F01F
:10408000A5FCA0200821C00501F0D6F8012802D027
:10409000FFF7A0FD10BD034801F088FDFFF784FF86
:1040A000F6E7C04638410020F0B58BB0142200215D
:1040B00005A804F0DCF9324BD96A04221143D96215
:1040C000D96A0A400192019AD96A80221143D962C1
:1040D000D96A0A400292029ADA6A01252A43DA6210
:1040E000DA6A2A400392039AD96A02221143D962FA
:1040F000DB6A1A400492049B8024A4010022210060
:10410000204801F0A0F800221F49204801F09BF848
:104110009926360200223100A020C00501F093F854
:1041200005940695002407940327089705A91548C8
:1041300000F0B6FF164B059306950794089705A95E
:10414000124800F0ADFF059606950794089705A95B
:10415000A020C00500F0A4FF402305930694079417
:1041600005A90A4800F09CFF0823059306940794CC
:1041700005A9A020C00500F093FF0BB0F0BDC0461C
:104180000010024000080050C4F00000000400507D
:10419000A4F0000000B583B0114A116B012319434C
:1041A0001163126B13400193019B0022032109202C
:1041B00000F0D4FD092000F001FE002203210A20B6
:1041C00000F0CCFD0A2000F0F9FD002203210B20B5
:1041D00000F0C4FD0B2000F0F1FD03B000BDC046AF
:1041E00000100240F0B585B01A4C236D236D236D8D
:1041F000236D236D236D236D802109051940236DE7
:104200008022D2041A40236D802040050340276D90
:10421000802080050740266D8025ED053540266D00
:10422000581E8341501E8241481E8141F60F02965E
:10423000681E854101953800471EB8410090064828
:1042400004F07CFD226D80231B041343236505B01D
:10425000F0BDC046001002404CBB000810B5FFF78F
:10426000FDF9FFF777F9012003F0CCF8F7E710B577
:10427000012003F0C7F8FBE710B5012003F0C2F8F6
:10428000FBE710B5FFF7FAFE012003F0BBF8F9E7F2
:1042900000B583B001906423012201A9024802F015
:1042A000F1FE019803B000BDEC42002072B6FEE7BB
:1042B00010B51248124B0360124B43600023836019
:1042C0000122C260036143618361C361036201F043
:1042D00017F900280CD10021084801F0DDFB002867
:1042E00008D10021054801F003FC002804D110BDCD
:1042F000FFF7DCFFFFF7DAFFFFF7D8FFEC40002005
:10430000005400408266500010B50B480B4B036010
:1043100096231B02436000238360C36003610C2269
:1043200042618361C3610362436202F05BFF002864
:1043300000D110BDFFF7BAFFEC4200200038014069
:1043400010B50B480B4B036096239B014360002381
:104350008360C36003610C2242618361C3610362B5
:10436000436202F03FFF002800D110BDFFF79EFF1F
:104370009C430020004C004010B50B480B4B0360E1
:1043800096231B02436000238360C36003610C22F9
:1043900042618361C3610362436202F023FF00282C
:1043A00000D110BDFFF782FF1C42002000500040EA
:1043B00010B50748074B036006234360064BC360F4
:1043C000836001F0BFFB002800D110BDFFF76EFF36
:1043D0003841002000300040FF0F000010B50A48AF
:1043E0000A4B0360002343607F2282608032C260F8
:1043F000036143618361C36102F0F4F8002800D1D6
:1044000010BDFFF753FFC046744300200028004052
:1044100000B59BB0342200210DA804F028F8142226
:10442000002108A804F023F820220021684604F0A7
:104430001EF81C490B681C4A1A4080231B011343B9
:104440000B6009230D9380235B020E9301231293CB
:10445000002316930DA801F009FC00281CD10F239E
:1044600008930D3B099300230A930B930C930121AE
:1044700008A801F087FE002810D12923009300230B
:104480000293059380239B020193684601F08CFF01
:10449000002805D11BB000BDFFF708FFFFF706FF9E
:1044A000FFF704FF00700040FFE7FFFFF0B5A5B085
:1044B00000F01CFCFFF7ACFFFFF7F6FDFFF76AFE0C
:1044C000FFF7F6FEFFF720FFFFF78CFEFFF738FF40
:1044D000FFF752FFFFF76CFFFFF780FFFFF758FB76
:1044E00020A82B4C0300250046CD46C32A681A603D
:1044F000002102F08FFF274B18601CA80300220048
:10450000C2CAC2C32A681A60002102F083FF224B8C
:10451000186015A802002300103362CB62C262CB80
:1045200062C21B681360002102F036FF1B4B18604B
:104530000EA8020023002C3362CB62C262CB62C29F
:104540001B681360002102F027FF154B186007A8B5
:1045500002002300483362CB62C262CB62C21B6896
:104560001360002102F018FF0E4B1860684603002C
:10457000643426CC26C326CC26C322681A600021C8
:1045800002F00AFF084B186002F001FFFEE7C04688
:1045900088AC0008C8440020984300202044002034
:1045A00048410020A04200207043002070B513480D
:1045B00004F03EFC124C03220021200003F057FFC0
:1045C000FF23A370002415E080263602A025ED0508
:1045D00000223100280000F036FE192000F0ACFB6C
:1045E00001223100280000F02EFE192000F0A4FB6B
:1045F0000134E4B2092CE7D970BDC046B0BB000855
:10460000B004002010B5084B1B7883420AD0064B3B
:10461000187042424241D2B280210902A020C00556
:1046200000F011FE10BDC046B0040020F8B5040033
:104630000100184804F082FB174B9B789C4227D05E
:10464000154B9C70012722007A4001263240A0259C
:10465000ED0580210901280000F0F5FD62087A408F
:10466000324080214901280000F0EDFDA2087A4087
:1046700032400A4D80214901280000F0E4FDE408A1
:104680007C403200224080210902280000F0DBFD3E
:10469000F8BDC046C0BB0008B004002000040050B4
:1046A00010B504000100064804F048FB013C6242DA
:1046B0006241D2B280218901024800F0C4FD10BDE0
:1046C000DCBB00080008005070B580256D00A024F8
:1046D000E40500222900200000F0B5FD192000F0BB
:1046E0002BFB01222900200000F0ADFD70BD000071
:1046F00010B504000100064804F020FB013C6242B2
:104700006241D2B280218901024800F09CFD10BDB7
:10471000F8BB00080004005010B504000100064872
:1047200004F00CFB013C62426241D2B28021C9011B
:10473000024800F088FD10BD14BC000800040050C1
:1047400010B502002021024800F07DFD10BDC046DA
:104750000004005010B54021044800F06DFD002811
:1047600001D1002010BD0120FCE7C046000400502C
:1047700010B5084B5A6B01210A435A63996B80228A
:1047800052050A439A63022000220321404200F0AE
:10479000E5FA10BD0010024010B586B004001422E6
:1047A000002101A803F063FE2268104B9A4201D059
:1047B00006B010BD0E4CE26A02231A43E262E26ABE
:1047C00013400093009BC0239B000193122302938C
:1047D0000F3B04930133059301A9064800F060FCE8
:1047E000A26B80239B031343A363E1E700540040C3
:1047F00000100240000400500268054B9A4200D0AD
:104800007047044A116D8023DB020B431365F7E701
:10481000002800400010024030B589B00400142286
:10482000002103A803F023FE2368534A934207D0D4
:10483000524A934239D0524A93426AD009B030BDAD
:10484000504B596B8022D2010A435A63D96A012224
:104850001143D962DB6A1A400092009BC023DB003F
:104860000393022304930325069502330793A020A4
:1048700003A9C00500F014FC4348444B03604560A5
:1048800000238360C3608022026143618361603AD8
:10489000C261036200F0D2FA002803D13A4B2367C9
:1048A0009C62CBE7FFF702FDF8E7364B996B80225D
:1048B00012030A439A63D96A01221143D962DB6A5F
:1048C0001A400192019B0323039302220492069350
:1048D00003330793A02003A9C00500F0E1FB2C4897
:1048E0002C4B03600C23436000238360C360802251
:1048F000026143618361603AC261036200F09EFA23
:10490000002803D1224B23679C6297E7FFF7CEFC78
:10491000F8E71C4B996B802252030A439A63D96AC9
:1049200002221143D962DB6A13400293029B1823CF
:1049300003930492153B06930333079303A9164888
:1049400000F0AEFB1548164B03600D2343600023B7
:104950008360C3608022026143618361603AC26107
:10496000036200F06BFA002803D10C4B23679C62B2
:1049700064E7FFF79BFCF8E700380140004C00407B
:104980000050004000100240A442002030000240CD
:10499000D44100201C000240000400504C41002083
:1049A0006C000240FEE7FEE710B500F0B3F903F03B
:1049B00091F9012801D003F06DFA10BD10B502483D
:1049C00000F00EFB10BDC0462444002010B5034883
:1049D00000F006FB024800F003FB10BDD4410020AC
:1049E000A442002010B5024800F0FAFA10BDC046FB
:1049F0004C4100207047000010B5024801F03CFF18
:104A000010BDC046EC42002010B5034801F034FF51
:104A1000024801F031FF10BD9C4300201C420020E1
:104A200010B50368134A934206D0134A93420DD03F
:104A3000124A934214D010BD114C200001F07EFEAA
:104A400001221049200002F05DFCF4E70E4C20002A
:104A500001F074FE01220D49200002F053FCEAE748
:104A60000B4C200001F06AFE01220A49200002F0EE
:104A700049FCE0E700380140004C00400050004095
:104A8000EC420020891600209C430020A92300202E
:104A90001C420020C930002070B50368284A9342A8
:104AA00006D0284A934217D0274A93422ED070BD91
:104AB00002F08CFF2549264BC85026480A5A531C41
:104AC0004C798A1894719B059B0D0B52053101227C
:104AD000214802F017FCEAE702F078FF1B491F4B60
:104AE000C8501F480B5A5A1C1E4C0C5DCB181E4D4B
:104AF000AC4663441C7093059B0D0B52194B9C46AE
:104B000061440122194802F0FDFBD0E702F05EFF8C
:104B10000E49174BC85017480B5A5A1C164C0C5DBF
:104B2000CB18164DAC4663441C7093059B0D0B527D
:104B3000114B9C4661440122114802F0E3FBB6E7A9
:104B400000380140004C0040005000408416002016
:104B5000140800000C040000EC4200203415000092
:104B60002C110000250D0000260D00009C430020A4
:104B7000542200004C1E0000451A0000461A000096
:104B80001C42002010B503680A4A934206D00A4A24
:104B9000934207D0094A934208D010BD084804F058
:104BA00047F9FAE7074804F043F9F6E7064804F046
:104BB0003FF9F2E700380140004C0040005000404F
:104BC0002CBC000854BC00087CBC0008F8B5244884
:104BD00004F02EF9234C244A0021200003F047FC66
:104BE000224F2760224ED2231B01E650214DD223B3
:104BF0005B01E550012323711F4AA3541F4AA354AC
:104C0000611D0122380002F07DFB1D4BE1180122DD
:104C1000300002F077FB1B4BE1180122280002F064
:104C200071FB39680B68202213430B6031680B68F5
:104C300013430B6029680B6813430B6000220521A6
:104C40001B2000F08BF81B2000F0B8F80022052193
:104C50000E2000F083F80E2000F0B0F8F8BDC0463A
:104C600010BD00088416002064290000EC420020DA
:104C70009C4300201C420020240D0000441A000028
:104C8000250D0000451A000010B5C3001B1A1801BD
:104C9000C01A430102481858642302F0F3F910BD0A
:104CA0008416002010B504000E4B1978FA208000FD
:104CB000FBF72AFA01000C4B1868FBF725FA00F005
:104CC00089F800280CD1032C01D9012009E0002229
:104CD0002100013800F042F8024B5C60002000E047
:104CE000012010BD040000200000002010B5084A7B
:104CF000136840210B4313600320FFF7D3FF041E0A
:104D000002D00124200010BDFFF732FDFAE7C046B3
:104D100000200240034A1168034B1B785B181360A4
:104D20007047C046CC44002004000020014B1868A6
:104D30007047C046CC44002070B50400FFF7F6FF72
:104D40000500631C02D0044B1B78E418FFF7EEFF4C
:104D5000401B8442FAD870BD0400002070B50028C2
:104D600011DB8208134DC0329200545903231840BE
:104D7000C000FC331E008640B44389010B408340D1
:104D80002343535170BDC0B20F220240083A92082B
:104D900006329200084BD3185D6803242040C000FF
:104DA000FF2214008440A54389011140814029431A
:104DB0005960E7E700E100E000ED00E0002805DBD6
:104DC0001F2318401E3B8340014A13607047C046B2
:104DD00000E100E001380A4B98420FD8094A5060C0
:104DE0000948036A1B021B0AC02109060B43036220
:104DF0000023936007331360002070470120FCE715
:104E0000FFFFFF0010E000E000ED00E070B5066C71
:104E10001C25446C25400124AC4074600468636028
:104E20008368102B04D0036899600368DA6070BD52
:104E300003689A600368D960F9E7000070B5041E42
:104E40003DD005681F4BE8181421FBF75DF9800081
:104E500060641D4B236402222523E2542B681B4A05
:104E60001A40A368E1680B4321690B4361690B4356
:104E7000A1690B43E1690B43216A0B4313432B6088
:104E80008023DB01A2689A4210D0114B19681C22C2
:104E9000656C15400F20A840814319601968606C4B
:104EA00002406068904002000A431A600023E363F6
:104EB00001212522A154013AA354002070BD0120F4
:104EC000FCE7C046F8FFFDBF000002400F80FFFF77
:104ED000A800024070B504002420205C012832D0D4
:104EE0000125242025540130205C012804D0002213
:104EF0002423E254022070BD0135243025540020C3
:104F0000E063256828680126B04328602000FFF789
:104F10007DFF236B002B0BD0226813680E210B43FF
:104F200013602268136801210B4313600020E2E73D
:104F30002268136804218B431360226813680631CA
:104F40000B431360EDE70220D5E710B52523C35CC2
:104F5000022B06D00423C36300222033C254012055
:104F600010BD026813680E218B43136001680A6844
:104F700001239A430A60016C1C22446C22401C00ED
:104F800094404C602522835400222333C2540020D5
:104F9000E6E710B52523C35C022B03D00423C363CB
:104FA000012010BD026813680E218B431360016855
:104FB0000A6801239A430A60016C1C22446C224057
:104FC0001C0094404C602522835400222333C25499
:104FD000836B002B02D098470020E2E70020E0E737
:104FE00070B5036C1968046825681C23426C134073
:104FF00004229A400A4214D06A0712D523689B06FD
:1050000003D42368042293432360016C1C22436C65
:105010001A40042393404B60036B002B00D0984749
:1050200070BD02229A400A421AD0AA0718D52368F6
:105030009B0606D423680A2293432360093A25235A
:10504000C254016C1C22436C1A40022393404B60F3
:1050500000222423C254C36A002BE1D09847DFE723
:1050600008229A400A42DBD02B07D9D523680E22AA
:1050700093432360016C0E32436C1A4001231C00E1
:1050800094404C60C3632522835400222333C254CE
:10509000436B002BC4D09847C2E7C06B7047000039
:1050A000F0B5002357E085685F000326BE40B54396
:1050B000CE68BE40354385604568A5432C004D68E9
:1050C0002E09012535409D402C43446051E0DC0809
:1050D0000834A400265807251D40AD000F27AF4017
:1050E000BE430F69AF403D003543255054E00527CE
:1050F00000E00027AF403D0035430234A400464E97
:10510000A551464C2568D44326002E404F68FF0326
:1051100001D515432E00414D2E606D682E002640AE
:105120004F68BF0301D515432E003C4D6E60AD683E
:105130002E0026404F68FF0201D515432E00374D43
:10514000AE60ED682C404E68B60201D52A431400CB
:10515000324AD46001330A681400DC405AD001247A
:105160009C402240F6D003254E683540013D012D7C
:1051700099D903244D682C40032C08D0C4685E00E4
:105180000325B540AC438D68B5402C43C46003246F
:105190004D682C40022C9AD005685E00032427003D
:1051A000B740BD434F683C40B4402C430460C0242A
:1051B000A4024D682542CDD0194D6C6B01263443B5
:1051C0006C639C08A51CAD00134EAE5903271F400D
:1051D000BD000F27AF40BE43A027FF05B84288D0CF
:1051E000104FB8420ED0104FB8420DD00F4FB842FA
:1051F0000CD00F4FB8420BD00E4FB84200D176E71B
:10520000062777E7012775E7022773E7032771E78A
:1052100004276FE7F0BDC0460000014000040140D4
:10522000001002400004005000080050000C005024
:1052300000100050001C005003690B4201D10020F7
:1052400070470120FCE7002A01D18162704781612B
:10525000FCE703689A69920701D500229A62036805
:105260009A69D20703D49A6901210A439A61704767
:10527000F0B5059C05686868660D8027FF0037401B
:10528000054E3E43B0438905890D120411430B437B
:10529000234303436B60F0BDFF63FF0370B504005D
:1052A0000E00150003689A69D2063BD55A68920130
:1052B00004D459688022D2010A435A6023689A694B
:1052C000920615D4731CF9D0FFF730FD401B8642BF
:1052D00001D3002EF2D1636C202213436364412377
:1052E000E25400232232A354023AA354012018E0CE
:1052F0001022DA6123682025DD612000FFF7A9FF75
:105300002268536808490B405360636C04221343BE
:1053100063644123E55400233E32A354023AA3546C
:10532000012070BD0020FCE700E800FE70B504001D
:105330000D00160023689B699B071CD432002900CE
:105340002000FFF7ABFF002817D16B1CF2D0FFF74E
:10535000EDFC801B854201D3002DEBD1636C202234
:10536000134363644123E25400232232A354023ADC
:10537000A354012000E0002070BD0120FCE7F8B537
:1053800005000F0016001C002B689B693A009A4329
:1053900013005A425341B34216D1631CF4D0FFF7B5
:1053A000C5FC069BC01A844201D3002CECD16B6C67
:1053B000202213436B644123EA5400232232AB546E
:1053C000023AAB54012000E00020F8BD70B582B075
:1053D000040015001E00DAB2184B009380235B0412
:1053E000FFF746FF079A06992000FFF79FFF002866
:1053F0001ED1012E0DD023682A0A9A62079A0699B7
:105400002000FFF793FF002815D12368EDB29D62BD
:1054100002E02368EDB29D62079B0093069B002289
:1054200080212000FFF7ABFF002802D0012000E020
:10543000012002B070BD0120FBE7C04600200080C3
:1054400070B582B0040015001E00DAB2174B00934D
:105450000023FFF70DFF079A06992000FFF766FF6C
:1054600000281ED1012E0DD023682A0A9A62079ABD
:1054700006992000FFF75AFF002815D12368EDB2E6
:105480009D6202E02368EDB29D62079B0093069B3C
:10549000002240212000FFF772FF002802D00120E7
:1054A00000E0012002B070BD0120FBE70020008079
:1054B00070B505000C0016002B689B699B061AD47A
:1054C000320021002800FFF7E9FE002815D1FFF780
:1054D0002DFC801B844201D3002CEDD16B6C20226B
:1054E00013436B644123EA5400232232AB54023A43
:1054F000AB54012070BD0020FCE70120FAE700005A
:1055000010B5041E59D04123C35C002B43D0242284
:105510004123E2542268136801218B4313602268FF
:10552000274B61680B4013612268936825490B4043
:105530009360E368012B34D0226884231B02A168A6
:105540000B439360E368022B32D0226851681E4BF4
:105550000B4353602268D3681A490B40D36021681B
:10556000236962691343A26912021343CB60226864
:10557000E369216A0B4313602268136801210B431E
:105580001360002363641F314122A154236301325D
:10559000A354002010BD00224033C254FFF7FCF892
:1055A000B5E7226880231B02A1680B439360C9E71B
:1055B0002368802212015A60C7E70120EAE7C0464B
:1055C000FFFFFFF0FF7FFFFF00800002F0B587B014
:1055D00007000C00039204930CAB40CB1D884123C1
:1055E000C35C202B02D0022007B0F0BD002E07D0F4
:1055F000002D05D04023C35C012B06D10220F3E728
:1056000080239B007B640120EEE701224023C254EB
:10561000FFF78CFB059000901923012280210902DD
:105620003800FFF7ACFE002801D00120DCE7212282
:105630004123FA541F320133FA5400237B647E6203
:105640007D857B63059B01930E9B0093049B039ACE
:1056500021003800FFF7BAFE00280FD17B8D9BB2E6
:10566000FF2B10D9FF233B850023009380235B048D
:10567000FF2221003800FFF7FBFD21E0002240233C
:10568000FA540120B0E77A8D92B23A85D2B2002363
:10569000009380239B0421003800FFF7E9FD0FE011
:1056A0007A8D92B23A85D2B20023009380239B0474
:1056B00021003800FFF7DCFD7B8D9BB2002B35D03D
:1056C000059A0E993800FFF731FE002845D13B6856
:1056D0007A6A12789A627B6A01337B627B8D013B26
:1056E0009BB27B853B8D013B9BB23B857A8D92B211
:1056F000002AE1D0002BDFD1059B00930E9B0022F6
:1057000080213800FFF73BFE002828D17B8D9BB21B
:10571000FF2BC5D9FF233B850023009380235B0427
:10572000FF2221003800FFF7A3FDC5E7059A0E9977
:105730003800FFF7BDFE002813D13B682022DA6154
:1057400039684B68084C23404B604123FA540023CE
:105750002232BB54023ABB5446E7012044E7012001
:1057600042E7012040E7C04600E800FEF0B5D6461B
:1057700000B584B007000C00029203930AAB40CB43
:105780001D884123C35C202B04D0022004B004BC3C
:105790009246F0BD002E07D0002D05D04023C35CFB
:1057A000012B06D10220F1E780239B007B640120BE
:1057B000ECE701224023C254FFF7B8FA824600907A
:1057C00019230122802109023800FFF7D8FD0028A3
:1057D00001D00120DAE722224123FA541E3201339C
:1057E000FA5400237B647E627D857B63534601937C
:1057F0000C9B0093039B029A21003800FFF720FEC8
:1058000000280FD17B8D9BB2FF2B10D9FF233B8546
:10581000404B009380235B04FF2221003800FFF7F8
:1058200027FD21E000224023FA540120AEE77A8DC3
:1058300092B23A85D2B2374B009380239B04210069
:105840003800FFF715FD0FE07A8D92B23A85D2B29B
:105850000023009380239B0421003800FFF708FDFC
:105860007B8D9BB2002B38D0534600930C9B0022BB
:1058700004213800FFF783FD002845D13B685B6AAF
:105880007A6A13707B6A01337B623B8D013B9BB26A
:105890003B857A8D013A92B27A857A8D92B2002A4E
:1058A000DED0002BDCD1534600930C9B00228021DC
:1058B0003800FFF764FD002828D17B8D9BB2FF2BB9
:1058C000C2D9FF233B850023009380235B04FF2282
:1058D00021003800FFF7CCFCC2E752460C99380093
:1058E000FFF7E6FD002813D13B682022DA61396812
:1058F0004B68094C23404B604123FA540023223269
:10590000BB54023ABB5441E701203FE701203DE789
:1059100001203BE70024008000E800FEF0B587B0DE
:1059200006000C0003921F00002305934133C35C63
:10593000202B02D0022007B0F0BD03689B691B0436
:1059400001D50220F7E74023C35C012B00D198E08A
:1059500001224023C25423320133C2540023436442
:105960003168F368012B16D0A205920DA0239B018C
:1059700013434B60FFF7DAF9050032689169202381
:105980000B40591E8B41D9B2936910221A40531E05
:105990009A41D3B211E0A205920D3E4B1343E8E7C2
:1059A0003268916920230B40591E8B41D9B292690C
:1059B000102313405A1E9341DBB20B4313D17B1CBF
:1059C000EED0FFF7B3F9401B874201D3002FE7D198
:1059D00020224123F254736C13437364002240234A
:1059E000F2540120A7E733689B69DB0624D50095B4
:1059F0003B00002220213000FFF7C1FC002844D1E9
:105A000033681022DA6133681032DA61059B039A39
:105A1000934223D0059B01330593059B039A9A4239
:105A20009ED820234122B354726C13437364002226
:105A30004023F25401207EE700953B000022202104
:105A40003000FFF79CFC00281DD132682023D36171
:105A50004122B35400222033F2546CE7326851687B
:105A60008023DB010B43536000953B000022202183
:105A70003000FFF784FC002809D133682022DA6166
:105A8000C8E7022057E7012055E7012053E701202E
:105A900051E7C04600200002F0B54123C35C202B33
:105AA00001D00220F0BD2033C35C012B1CD0402468
:105AB0000122025541252423435506683368934348
:105AC000336006683368094F3B40336006683368CB
:105AD0001943316001680B6813430B602023435561
:105AE000002303550020DDE70220DBE7FFEFFFFF87
:105AF000F0B54123C35C202B01D00220F0BD203340
:105B0000C35C012B1AD040240122025541252423D5
:105B10004355066833689343336006683368084F1B
:105B20003B4009021943316001680B6813430B6065
:105B300020234355002303550020DFE70220DDE743
:105B4000FFF0FFFF70B5041E28D00368144A1A60E6
:105B50000368144A1A60036842685A6003688268DE
:105B60009A60FFF7E3F805002368DA6852070AD065
:105B7000FFF7DCF8401B2A28F6D92368DB685B07AF
:105B8000F2D0032005E01969E268914202D01A615F
:105B9000002070BD044A1A600020FAE70120F8E7EF
:105BA000CCCC000055550000AAAA00000368024AA8
:105BB0001A6000207047C046AAAA000010B5264B04
:105BC000DA680C231340082B42D00C2B11D0042B85
:105BD00009D0214B5A68520B072313400133802010
:105BE0000002984010BD1C4B1B68DB0632D51B48D9
:105BF000F8E7910C0F230B401949C85C920D032361
:105C00001A40541C144BDB68DB030DD4124B1B6889
:105C1000DB0613D5114A00230021FAF745FC2200C8
:105C20000023FAF721FCDDE70E4A00230021FAF7F2
:105C30003BFC22000023FAF717FCD3E70A4A0023B3
:105C40000021FAF731FC22000023FAF70DFCC9E726
:105C50000448C7E70448C5E70010024000093D00BA
:105C600008AD000800366E010024F400F0B583B0E2
:105C7000041E00D166E2B34BDA680C251540DE68DD
:105C800080235B021E400368DB0736D5082D2CD02D
:105C90000C2D28D0636880225202934255D0A02256
:105CA000D202934258D0A74B1A68A7490A401A60FB
:105CB0001A68802149020A400192019A1A68A34990
:105CC0000A401A606368002B52D0FFF72FF80700D4
:105CD0009C4B1B689B0310D4FFF728F8C01B64285B
:105CE000F6D903202FE2002ED4D0964B1B689B03DD
:105CF00003D56368002B00D127E223689B076DD58D
:105D0000E3689A0605D58F48026820210A4302609D
:105D10008B43042D3CD00C2D38D0002B00D1B2E0A9
:105D200088490A680920824313430B60FEF7FEFF8F
:105D30000600844B1B685B0700D59BE0FEF7F6FF6F
:105D4000801B0228F5D90320FDE17E4A11688023DB
:105D50005B020B431360B5E77A4B19688022D202CD
:105D60000A431A601968802252020A431A60A9E79E
:105D7000FEF7DCFF0700734B1B689B03BDD5FEF7E6
:105D8000D5FFC01B6428F6D90320DCE1002EC4D166
:105D90006C4A1268520702D5002B00D1D7E1694E38
:105DA00072686B490A40216909020A4372603268CD
:105DB00009218A4313433360FFF700FFF268120999
:105DC0000F231340634AD35CD840634B1860634B86
:105DD0001868FEF767FF002800D0B4E12368DB06EF
:105DE0002DD5002D62D1574B1B689B0503D5A369A8
:105DF000002B00D1ADE1534A536859490B40216A49
:105E00000B43536053681B021B0AE16909060B43ED
:105E10005360236A590B013180231B028B40D168E8
:105E200009090F220A404B498A5CD3404A4A136051
:105E30004A4B1868FEF736FF002800D083E123683C
:105E40001B0700D490E06369002B68D03D4A136DB6
:105E500001210B431365FEF769FF0600394B1B6DEB
:105E60009B0700D580E0FEF761FF801B0228F5D973
:105E7000032068E133494B68354A13402269120216
:105E800013434B60AAE72F4A136801218B43136029
:105E9000FEF74CFF06002B4B1B685B079ED5FEF7F9
:105EA00045FF801B0228F6D903204CE1A369002B93
:105EB00022D0244A116880235B000B431360FEF755
:105EC00035FF06001F4B1B689B0506D4FEF72EFF0F
:105ED000801B0228F6D9032035E11A4A536820496D
:105EE0000B40216A0B43536053681B021B0AE16994
:105EF00009060B435360A2E7124A136819490B4085
:105F00001360FEF713FF06000E4B1B689B0596D52A
:105F1000FEF70CFF801B0228F6D9032013E1094A83
:105F2000136D01218B431365FEF700FF0600054B3F
:105F30001B6D9B0718D5FEF7F9FE801B0228F6D9CA
:105F4000032000E100100240FFFFFEFFFFFFFBFF08
:105F5000FFE0FFFF14AD0008000000200800002053
:105F6000FF1FFFFFFFFEFFFF23685B0778D57D4B18
:105F70009B6BDB002CD47B4A916B80235B050B432E
:105F800093630126784B1B68DB0523D5A368802229
:105F90005200934232D0002B37D1724B1A6D7349A5
:105FA0000A401A651A6D72490A401A65A368002BE7
:105FB00045D0FEF7BBFE07006A4B1B6D9B054DD419
:105FC000FEF7B4FEC01B6B4B9842F5D90320BAE034
:105FD0000026D7E7644A116880235B000B431360F7
:105FE000FEF7A4FE0700604B1B68DB05CED4FEF76E
:105FF0009DFEC01B6428F6D90320A4E0594A116D08
:1060000080235B000B431365D0E7A022D2009342AC
:1060100009D0544B1A6D55490A401A651A6D5449F6
:106020000A401A65C2E74F4B196D013AFF3A0A431D
:106030001A65196D802252000A431A65B6E7FEF709
:1060400075FE0700474B1B6D9B0507D5FEF76EFEDF
:10605000C01B484B9842F5D9032074E0012E1AD09A
:10606000636A002B00D176E00C2D4FD0022B18D0A4
:106070003C4A136840490B401360FEF757FE04008A
:10608000384B1B689B013FD5FEF750FE001B0228D2
:10609000F6D9032057E0334A936B38490B4093639A
:1060A000DEE7304A136834490B401360FEF73EFECA
:1060B00005002C4B1B689B0106D5FEF737FE401BE5
:1060C0000228F6D903203EE02649CB682C4A13402B
:1060D000A26AE06A0243206B02431343CB600A6862
:1060E00080235B0413430B60FEF720FE04001D4B6E
:1060F0001B689B0106D4FEF719FE001B0228F6D987
:10610000032020E000201EE000201CE0012B24D012
:10611000144BDA6880235B021340A16A8B4201D0E2
:10612000012010E0F0239B031340E16A8B4201D071
:10613000012008E0C0231B041A40236B9A420ED0B2
:10614000012000E0012003B0F0BD0120FBE70120A9
:10615000F9E70120F7E70020F5E70120F3E7002049
:10616000F1E7C0460010024000700040FFFEFFFF54
:10617000FFFBFFFF88130000FFFFFFFEFFFFFFEFA5
:10618000FFFF02FF70B505000C00002800D1D1E030
:106190006A4B1A68012313408B4235D32B689B0747
:1061A00006D5674AD368F0218B43A9680B43D360B7
:1061B0002B68DB077BD56B68022B3CD0032B40D0D0
:1061C000012B44D05E4A1268920500D4B4E05C49C9
:1061D000CA68032082431343CB60FEF7A7FD060085
:1061E0006B68022B39D0032B45D0012B51D0544B77
:1061F000DB680C221A425AD0FEF798FD801B514BE7
:106200009842F4D903207DE04C4A136801218B4366
:1062100023431360FEF78AFD0600484B1A680123EA
:1062200013409C42BAD0FEF781FD801B454B98423B
:10623000F3D9032066E0424A12689203C7D40120D2
:1062400060E03F4A12689201C1D401205AE03C4A02
:1062500012685207BBD4012054E0394BDA680C2392
:106260001340082B23D0FEF761FD801B354B98426D
:10627000F3D9032046E0324BDA680C2313400C2B91
:1062800015D0FEF753FD801B2E4B9842F3D9032007
:1062900038E02B4BDA680C231340042B07D0FEF7B1
:1062A00045FD801B274B9842F3D903202AE0234B5E
:1062B0001A68012313409C4225D32B685B0706D53F
:1062C0001F4AD36820490B40E9680B43D3602B6811
:1062D0001B0707D51A49CB681C4A13402A69D2000C
:1062E0001343CB60FFF76AFC154BDA6812090F23E2
:1062F0001340174AD35CD840164B1860164B1868E9
:10630000FEF7D0FC70BD0D4A136801218B43234377
:106310001360FEF70BFD0600084B1A6801231340BB
:106320009C42CAD0FEF702FD801B064B9842F3D96F
:106330000320E7E70120E5E70120E3E70020024032
:106340000010024088130000FFF8FFFFFFC7FFFFA7
:1063500014AD00080000002008000020014B186860
:106360007047C0460000002010B5FFF7F7FF044B50
:10637000DA68120A07231340024AD35CD84010BDE2
:106380000010024024AD000810B5FFF7E7FF044BF2
:10639000DA68D20A07231340024AD35CD84010BD02
:1063A0000010024024AD000870B5040003689B068D
:1063B00050D5674B9B6BDB0000D589E0644A916B3D
:1063C00080235B050B4393630125624B1B68DB0550
:1063D00000D47FE05E4B1968C0239B0319406268BC
:1063E0001340994206D0C0239B02110019409942E4
:1063F00000D184E0564B1B6DC02189020B4016D0A2
:106400000A40934213D023689B0610D5504B186D59
:10641000514A02401E6D8021090331431965196DEF
:106420004E4E314019651A65C30500D56EE06268AD
:10643000C0239B0211001940994200D176E04449E3
:106440000B6DC02292026068024013430B65012D60
:1064500000D175E02368DB0706D53D4AD36C0321E4
:106460008B43A1680B43D36423689B0706D5384A46
:10647000D36C0C218B43E1680B43D36423685B0727
:1064800006D5334AD36C36490B4021690B43D3649C
:1064900023681B0706D52E4AD36C32490B4061692D
:1064A0000B43D3642368DB0506D5294AD36C2A49FC
:1064B0000B40A1690B43D36423681B0646D5244ACD
:1064C000D36C29490B40E1690B43D364002070BDB4
:1064D00000257AE71F4A116880235B000B43136095
:1064E000FEF724FC06001B4B1B68DB0500D571E79B
:1064F000FEF71CFC801B6428F5D90320E7E7144B4A
:106500001B689B0300D475E70120E0E7FEF70EFC53
:1065100006000F4B1B6D9B0500D588E7FEF706FCB8
:10652000801B124B9842F4D90320D0E708490B682E
:106530000F480340C020800302401A430A607EE7F0
:106540000A008B6B0B490B40936383E70020BEE787
:106550000010024000700040FFFFFCFFFFFFF7FF4C
:10656000FFF3FFFFFFCFFFFFFFFFF3FF88130000E4
:10657000FFFFCFFFFFFFFFEF70B504000268D36895
:10658000A0218B43D360FEF7D1FB05002368DB68B5
:106590009B0608D4FEF7CAFB401BFA239B009842D7
:1065A000F4D9032000E0002070BD70B5040003683A
:1065B000DA68520601D5002070BD01225242DA602D
:1065C000FEF7B4FB05002368DB685B0608D4FEF722
:1065D000ADFB401BFA239B009842F4D90320EBE764
:1065E0000020E9E770B5041E63D02123C35C002BB3
:1065F00041D002222123E2542368C8325A62236820
:10660000773A5A622000FFF7D0FF051E39D1226881
:10661000936829490B40936021688A686368206900
:106620000343A069034313438B602368E2681A6144
:1066300021680B69A268120413430B612268D368B6
:1066400080218B43D3602268D36C7D398B43D36424
:106650002168CB6CE269606902431343CB64236811
:106660009B689B0615D52368FF225A62FE3A2123B8
:10667000E254280070BD00222033C254FEF7BCF85B
:10668000B7E72368FF225A62FB3A2123E25401252F
:10669000EFE72000FFF770FF0028E4D02368FF2217
:1066A0005A62FB3A2123E2540022013BE2540125C5
:1066B000DFE70125DDE7C046BFFF8FFF10B5EFF331
:1066C0001081012383F3108802681368C024A34358
:1066D000136081F310882023836710BD30B5EFF37A
:1066E0001084012181F3108802681368124D2B4039
:1066F000136084F31088EFF31084012383F3108870
:10670000026893688B43936084F31088036E012BB7
:1067100005D02023C36700230366436630BDEFF333
:10672000108183F31088026813681024A343136058
:1067300081F31088EDE7C046DFFEFFFF70B504006F
:10674000826FC56F03689B681B0601D5212A07D09D
:1067500023689B685B0646D5222D22D0002043E0AB
:10676000EFF31081012383F310880268936880207F
:106770008343936081F31088E06E002803D0FEF716
:10678000E4FB002803D12000FFF798FFE0E7E06E6C
:10679000FEF783FC2028F6D110228023E2501D381A
:1067A00022E0EFF31081012383F3108822689368BD
:1067B00040208343936081F31088206F002803D02A
:1067C000FEF7C3FB002804D12000FFF787FF00205D
:1067D0000AE0206FFEF761FC2028F5D1102280230B
:1067E000E2501D3800E0002070BD10B5EFF31081BD
:1067F000012383F31088026813684024A3431360C5
:1068000081F310882023836700238366FEF7BAF99B
:1068100010BD704770B5846AA26FE56F23689B68EE
:106820001B0601D5212A0ED023689B685B0601D583
:10683000222D0FD08022A35810210B43A3502000FB
:10684000FEF7EEF870BD00225223E2522000FFF75F
:1068500035FFE9E700225A23E2522000FFF73EFF0E
:10686000E8E710B5806A00235A228352083A83521F
:10687000FEF7D6F810BD704770B504000168CB690B
:1068800008688D68AA4A1A400AD19E0608D586066D
:1068900006D5636E002B00D145E12000984742E108
:1068A000002A00D18AE001222A4003D1A14E3042C1
:1068B00000D183E0DD0707D5C50505D501260E62A9
:1068C0008025615931436151990709D5002A07D0C4
:1068D000216802250D627E356159042631436151DC
:1068E000590709D5002A07D0216804250D627C3597
:1068F000615902263143615119070AD5810601D435
:10690000002A06D0226808251562802162582A4391
:1069100062501A050AD5420108D522688021090172
:1069200011628021625820252A4362508022A25899
:10693000002A00D1F7E09B0606D5830604D5636ED6
:10694000002B01D0200098478023E25823689B68E1
:106950005B0602D42823134229D02000FFF7BEFE95
:1069600023689B685B061ED5EFF31081012383F338
:1069700010882268936840208343936081F31088D5
:10698000236F002B0BD06C4A9A63206FFEF701FB3C
:10699000002800D1C7E0206F836B9847C3E0200038
:1069A000FEF73EF8BFE02000FEF73AF8BBE020001B
:1069B000FEF736F800228023E250B4E0226E012A6E
:1069C00011D0DA0202D56A0200D5A1E01A0600D47D
:1069D000A5E0020600D4A2E0A36E002B00D1A2E045
:1069E000200098479FE0DA06EBD5C206E9D51023D0
:1069F0000B6223689B685B0652D5226F13685B6845
:106A00009BB2002B00D18EE05821615A8B4200D3FB
:106A100089E05A21635213681B689B0609D55823E5
:106A2000E15A0233E35AC91A89B22000FFF723FF63
:106A300079E0EFF31080593981F3108822681368E8
:106A40003E4D2B40136080F31088EFF3108001233C
:106A500083F31088226893688B43936080F31088D7
:106A6000EFF31081012383F310882268936840209C
:106A70008343936081F310882023E3670023236618
:106A8000EFF31081013383F31088226813683038E4
:106A90008343136081F31088206FFEF756FABEE738
:106AA0005823E15A0233E25A891A89B2E35A9BB257
:106AB000002B38D0002936D0EFF31085012080F369
:106AC0001088226813681E4E3340136085F31088C7
:106AD000EFF31085012383F31088226893688343C2
:106AE000936085F310882023E367002323666366A1
:106AF000EFF31080013383F31088226813681025A8
:106B0000AB43136080F310882000FFF7B4FE0AE067
:106B100080235B030B62200000F032FC03E05B0685
:106B200001D5430600D470BD2000FFF75EFEFAE7F2
:106B30000F0800002001000463680008FFFEFFFF4B
:106B4000DFFEFFFF10B5806A036E012B02D0FFF756
:106B500060FE10BD5733C15A4908FFF78CFEF8E7B5
:106B600070B5836A0268126892062AD400215A22FC
:106B70009952EFF31084012080F3108819680A6895
:106B80001C4D2A400A6084F31088EFF31084012220
:106B900082F3108819688A6882438A6084F31088B7
:106BA000EFF31080012282F3108819688A6840246C
:106BB000A2438A6080F310882022DA671A6E012AC5
:106BC00006D01A6E012A0FD01800FDF765FF70BDC0
:106BD000EFF3108082F3108819680A68303CA243F2
:106BE0000A6080F31088ECE75732995A1800FFF7D3
:106BF00042FEECE7FFFEFFFFF8B505000168836881
:106C00000269134342691343C26913430A689F48E8
:106C1000024013430B602A6853689D490B40E968A2
:106C20000B435360AB692A689A498A4201D0296AAA
:106C30000B439168984801400B4393602B68974A37
:106C400093421CD0964A93422DD0964A93425FD0ED
:106C5000954A93425ED08F4A934239D010228D4993
:106C60008B425BD080231B02E969994200D195E0F9
:106C7000082A00D9FAE092008C4B9B589F468C4A18
:106C8000D16C03220A40012A09D0002A05D0022A29
:106C90003AD0032A05D01022E1E70122DFE70422DF
:106CA000DDE70822DBE7824AD16C0C220A40042A85
:106CB0000AD005D9082A29D00C2A07D10822CEE704
:106CC000002A03D10022CAE70422C8E71022C6E73F
:106CD000774AD26CC02109010A408021C9008A424A
:106CE0000ED009D9802109018A4215D0C02109019D
:106CF0008A4207D10822B2E7002A03D10022AEE778
:106D00000422ACE71022AAE70222A8E70222A6E7A3
:106D10000022A4E70022A2E70222A0E7022A2CD048
:106D200025D9042A30D0082A32D18020000200243C
:106D3000002800D182E06A6853009B18984200D274
:106D40009AE01303984200D998E0070E0602500813
:106D50000021801979410023F9F786FB554BC218B1
:106D6000554B9A4200D98BE02B68D86066E0002A28
:106D70000ED1FFF7F9FA0024DAE74D4B1B68DB066A
:106D800009D54E480024D3E7FEF718FF0024CFE7CB
:106D900000200124CCE74A480024C9E7082A33D858
:106DA0009200484B9B589F468020000200240028F8
:106DB00044D040006B685B08C0186968F9F7A4F913
:106DC00083B20004000C010010393F4A914259D8A7
:106DD0000F2293434008083A104018432B68D860AC
:106DE0002CE0FFF7C1FA0024E1E7FFF7CDFA002419
:106DF000DDE72F4B1B68DB0609D530480024D6E7BA
:106E0000FEF7DCFE0024D2E700200124CFE72C4867
:106E10000024CCE780200002002400280ED06B68FC
:106E20005B08C0186968F9F76FF90004000C0200EC
:106E3000103A254B9A4227D82B68D86000236B66FE
:106E4000AB662000F8BDFFF78FFA0024E5E7FFF7F7
:106E50009BFA0024E1E7164B1B68DB0609D51748AF
:106E60000024DAE7FEF7AAFE0024D6E7002001247A
:106E7000D3E713480024D0E70124DFE70124DDE74E
:106E80000124DBE70124D9E70124D7E7F369FFEF09
:106E9000FFCFFFFF00480040FFF4FFFF0038014034
:106EA00000440040004C0040005000402CAD000861
:106EB0000010024000FDFFFFFFFC0F0000093D0035
:106EC0000024F40050AD0008EFFF0000436ADB0728
:106ED00006D5026853682C490B40816A0B43536006
:106EE000436A9B0706D50268536828490B40C16A6C
:106EF0000B435360436A5B0706D502685368244915
:106F00000B40016B0B435360436A1B0706D50268B5
:106F1000536820490B40416B0B435360436ADB06C7
:106F200006D5026893681C490B40816B0B43936044
:106F3000436A9B0606D50268936818490B40C16BEB
:106F40000B439360436A5B060BD502685368144990
:106F50000B40016C0B43536080235B03026C9A422D
:106F60000AD0436A1B0606D5026853680D490B40D8
:106F7000816C0B4353607047026853680A490B40A9
:106F8000416C0B435360ECE7FFFFFDFFFFFFFEFF8B
:106F9000FFFFFBFFFF7FFFFFFFEFFFFFFFDFFFFFB5
:106FA000FFFFEFFFFFFFF7FFFFFF9FFFF0B5C646B4
:106FB00000B504000F0016009846069D2368DB69A3
:106FC0003A009A4313005A425341B34253D16B1CC7
:106FD000F4D0FDF7ABFE4346C01A85422CD3002DFA
:106FE0002AD023681A685207E8D5DA691205E5D570
:106FF000802212011A62EFF31080012181F31088C0
:10700000226813681E4D2B40136080F31088EFF345
:107010001080012383F31088226893688B43936068
:1070200080F310882023A367E3678022A350002207
:107030005433E25403201FE0EFF31080012181F369
:107040001088226813680E4D2B40136080F310885F
:10705000EFF31080012383F31088226893688B4339
:10706000936080F310882023A367E36700225433E2
:10707000E254032000E0002004BC9046F0BDC0466E
:107080005FFEFFFFF0B585B004000F0016001D0085
:10709000836F202B02D0022005B0F0BD002962D002
:1070A000002A62D080235B0182689A4205D0742353
:1070B000E35C012B08D10220EEE70369002BF6D137
:1070C000CB07F4D50120E7E701227423E254002224
:1070D0000C33E2505F3BA367FDF728FE039050237B
:1070E000E6520233E65280235B01A2689A4204D042
:1070F000002600227423E25412E02369002B01D001
:107100000026F6E73E000027F3E722683388DB0518
:10711000DB0D936202365222A35A013B9BB2A3526B
:107120005223E35A9BB2002B0FD00095039B002201
:1071300080212000FFF73AFF002818D1002FE4D06B
:1071400023683A789A620137E5E70095039B0022AD
:1071500040212000FFF72AFF002801D003209BE7F1
:107160002023A36798E7012096E7012094E70320F6
:1071700092E7000030B583B0040000228023C250A3
:10718000FDF7D4FD050023681B681B070DD4236899
:107190001B685B0716D42023A367E36700232366DD
:1071A0007422A354002003B030BD0D4B00930300A4
:1071B0000022802189032000FFF7F8FE0028E6D096
:1071C0000320F0E7064B00932B0000228021C90327
:1071D0002000FFF7EBFE0028DDD00320E3E7C046E8
:1071E000FFFFFF0110B5041E2ED0836F002B21D0AE
:1071F0002423A3672268136801218B4313602000B6
:10720000FFF7FAFC012814D0636A002B18D122681A
:1072100053680E490B405360226893682A218B43C0
:1072200093602268136829390B4313602000FFF72D
:10723000A1FF10BD00227433C254FDF7EDFAD7E769
:107240002000FFF743FEE2E70120F2E7FFB7FFFF70
:1072500070B5040041655823C25200212833C15043
:107260005E3BC367036F002B13D02349D962036FC2
:1072700022491963036F22495963036F00219963FF
:10728000016824311300426D006FFDF723FE0028D2
:1072900028D100227423E254EFF31080012181F3FE
:1072A000108823681D680132FF322A431A6080F378
:1072B0001088EFF31080012383F31088226893680D
:1072C0000B43936080F31088EFF31081012383F365
:1072D00010882268936840200343936081F31088EC
:1072E000002070BD10228023E25000220C3BE254AB
:1072F000543BE3670120F4E7616B0008456B00082D
:107300001568000870B5C36F202B01D0022070BD36
:1073100000292DD0002A2DD080235B0184689C4257
:107320001FD07423C35C012B26D001247423C454C2
:10733000002303660368114CA3420FD05B681B0255
:107340000CD5EFF31085012383F3108804682668B9
:107350008023DB043343236085F31088FFF778FF35
:10736000D5E70369002BDCD1CB07DAD50120CEE7C6
:107370000120CCE70120CAE70220C8E7004800400E
:107380007047842801D0033070470020FCE710B517
:1073900000F0DCFA002010BDF0B5CE4600B588B094
:1073A000040005914569002D18D08669002E15D07E
:1073B0004768026891460822805EFFF7E2FF226973
:1073C000029601950090059B4946380000F066FA48
:1073D0000790079808B004BC9146F0BD666827681E
:1073E00025690823E05EFFF7CCFFAAB207AB019343
:1073F0000090059B3900300000F077FA0128E8D0B2
:107400000020E7E710B5002800D1013000F0CCFBE8
:10741000002010BD10B582B08268002A0AD0C3686F
:10742000002B07D0416800680024009400F093F816
:1074300002B010BD41680068002200F0C0F8F7E714
:10744000030008334360012252428260C36003613B
:1074500000230360704700230361704743684B605B
:107460009A688A609A68516099600861036801337C
:107470000360704730B50C68631C02D0020008320C
:1074800002E0026904E01A0053681D68AC42FAD2B7
:1074900053684B6099608A605160086103680133EA
:1074A000036030BD03694268816891608268416809
:1074B00051605A68904206D0002202611A68013A6F
:1074C0001A601868704782685A60F5E770B5040062
:1074D0000D00002823D000F093FC2268E36B206CA1
:1074E000010059435118A1600021A1636260013B72
:1074F0004343D318E360FF234422A3540132A3542F
:10750000002D11D12369002B05D02000103000F090
:10751000A5FB002805D100F07FFC012070BD72B6EC
:10752000FEE700F061FCF6E720001030FFF788FF6F
:1075300020002430FFF784FFEDE710B5029B0029FF
:1075400007D01A60D863196401211800FFF7BEFF45
:1075500010BD1B60F6E770B584B01D0008AB1B784A
:10756000002801D172B6FEE7002D08D0002A08D00D
:10757000002908D00124002C07D172B6FEE772B6AC
:10758000FEE70124F7E70024F5E7002A02D10029ED
:1075900000D00024002C01D172B6FEE748240394E9
:1075A000039C482C01D072B6FEE7039C01264624BA
:1075B0002E550095FFF7C1FF280004B070BDF0B54F
:1075C00083B006000F001500002801D172B6FEE757
:1075D000002902D00800704300E00020483000F08D
:1075E000BBFC041E0AD00200483200214623C154CD
:1075F00000902B0039003000FFF79FFF200003B000
:10760000F0BD0000084B9B6A1B68002B06D0064BA0
:107610009A6AD268D2685268DA627047012252428E
:10762000014BDA62F9E7C046B4040020F0B583B03C
:1076300000900193089C0A9E204B9C466244920055
:10764000336B9C46624407239A431700002931D0CC
:1076500000230F2B09D8C8180578F218343215709A
:107660000278002A01D00133F3E700224323F254C9
:10767000062C00D90624F46274640025B564301D1C
:10768000FFF7E9FE30001830FFF7E5FE366107230B
:107690001C1BB4617662F5644933F554019A009974
:1076A000380000F071FB3060099B002B00D01E6099
:1076B00003B0F0BD00223423F254D9E7FFFFFF3FAF
:1076C000F8B5002408E0A3001B199A0010483030D8
:1076D0008018FFF7B5FE0134062CF4D90D4C2700B5
:1076E0003C373800FFF7ACFE260050363000FFF77D
:1076F000A7FE074D28001430FFF7A2FE20006430DB
:10770000FFF79EFE2800FFF79BFEAF62A667F8BD5D
:10771000B40400203405002010B5040000F070FB14
:107720001F4AD36F0133D3671E4B1B68002B2BD02E
:107730001C4B5B68002B07D11A4B1B68DB6AE26AA3
:10774000934201D8174B1C60164B9A6801329A601D
:10775000E26ADB689A4201D9124BDA60211D93007C
:107760009B189A00104830308018FFF777FE00F021
:1077700053FB0C4B5B68002B05D00A4B1B68DA6A85
:10778000E36A9A4208D310BD064B1C60D36F012BED
:10779000DAD1FFF795FFD7E700F026FBF3E7C04605
:1077A00034050020B4050020B404002010B5040006
:1077B0005123C35C002B05D0012B0AD0022B07D02C
:1077C00072B6FEE7006B00F02BFC200000F028FCF6
:1077D00010BD00F025FCFBE770B513E000F010FBD6
:1077E0000B4C236FDD68281DFFF75CFEE36F013B48
:1077F000E367084A1369013B136100F00DFB2800A1
:10780000FFF7D4FF034B1B69002BE7D170BDC046C7
:1078100034050020B405002010B5FFF7DDFF034B51
:107820001B6B012BF9D900F0DFFAF6E7B404002056
:1078300070B504000D00164B5E6918680430FFF740
:1078400031FE631C12D03419114B1B685C60A642D8
:1078500015D8104DA86A0E4B19680431FFF70AFEBF
:10786000EB6A9C4212D20B4BDC620FE0002DEAD097
:10787000074B196804310748FFF7F0FD06E0064B97
:10788000986F034B19680431FFF7F4FD70BDC046D3
:10789000B4050020B40400203405002070B586B083
:1078A0000B9D0C9C002D08D0002C08D0542604966B
:1078B000049E542E05D072B6FEE772B6FEE772B68D
:1078C000FEE7049E25630226512566550025039593
:1078D000029405AD01950A9D0095FFF7A7FE2000D3
:1078E000FFF71AFF059806B070BDF0B587B0049099
:1078F000059114001F00900000F02EFB061E20D002
:10790000542000F029FB051E17D00663002D1AD065
:1079100000235122AB54039302950D9B01930C9BC2
:1079200000933B00220005990498FFF77FFE280092
:10793000FFF7F2FE012007B0F0BD300000F070FB51
:10794000E4E70025E2E701204042F4E710B588B003
:1079500000240594069407AA06A905A8FBF744FD90
:10796000059B0293069B019300940023079A0F49FD
:107970000F48FFF793FF002806D00123012B05D005
:10798000013310D008B010BD0023F7E772B6012212
:107990005242084BDA62084B02325A6000225A61A6
:1079A00000F004FAEEE772B6FEE7C04630BE00080B
:1079B00019780008B4040020B4050020024A936935
:1079C000013393617047C046B4050020014B5869EC
:1079D0007047C046B4050020F8B53A4B9B69002BB0
:1079E00063D1384B5D6901355D61002D12D1364B95
:1079F0009B6A1B68002B01D072B6FEE7324A916A7F
:107A0000324B986F906299672E4AD3690133D361E4
:107A1000FFF7F8FD2C4BDB6A9D423CD20024294B3A
:107A20001B68DA6A93009B189A00274B9B181B6B04
:107A3000012B3FD901243DE00124234B9B6A1B68A5
:107A4000002B2AD0204B9B6ADB68DE6873689D425E
:107A500028D3371D3800FFF725FDB36A002B03D06C
:107A600030001830FFF71EFDF26A164BDB689A42B1
:107A700001D9144BDA6093009B189A0012483030F9
:107A800080183900FFF7EAFCF26A0E4B1B68DB6ACC
:107A90009A42D1D2D1E70024CFE7012252420A4BC9
:107AA000DA62BCE7084AD362B9E7064A136A0133CF
:107AB00013620024034B5B6A002B00D001242000DA
:107AC000F8BDC046B4050020B404002034050020F1
:107AD00070B5324B9B69002B01D172B6FEE700F006
:107AE0008FF92E4B9A69013A9A619B69002B51D10B
:107AF0002B4BDB6F002B04D1002400F08DF920000C
:107B000070BD0024274B5B69002B24D0254B1B6ADA
:107B1000DC6820001830FFF7C5FC251D2800FFF7A2
:107B2000C1FCE26A1D4BDB689A4201D91B4BDA604B
:107B300093009B189A001B48303080182900FFF7EB
:107B40008DFC164B1B68DB6AE26A9A42DAD301228B
:107B5000124B5A62D6E7002C01D0FFF753FD0F4BB2
:107B60001C6A002C0AD10D4B5B6A002B14D000F06C
:107B70003BF90124C1E7013C002C07D0FFF72CFFA3
:107B80000028F8D00122054B5A62F4E70022034B8B
:107B90001A62E8E70024B0E70024AEE7B40500204D
:107BA00034050020B404002010B5041E0ED00A4B8A
:107BB0009B69002B01D072B6FEE7FFF7FFFE0021A4
:107BC0002000FFF735FEFFF783FF00E000200028CC
:107BD00001D100F009F910BDB405002010B51D4B0E
:107BE0009B69002B0FD11B4B00225A62DB689A0065
:107BF000D2189100184A5218126B002A09D1002B92
:107C000005D0013BF3E70122124B5A6210BD72B658
:107C1000FEE7114A9900CC18A0001018446B646864
:107C200044633032C91888000830121894420AD0D0
:107C30009A00D2189100084A5218526BD168054A2E
:107C40001160D360E2E760688900034A521850630C
:107C5000EEE7C046B4050020B404002070B5C36848
:107C6000DC68002C27D0250018352800FFF71AFC07
:107C7000164B9B69002B20D1251D2800FFF712FC15
:107C8000E26A124BDB689A4201D9104BDA6093002A
:107C90009B189A000E48303080182900FFF7DEFB51
:107CA000E26A0A4B1B68DB6A9A420CD90122074B35
:107CB0005A62012070BD72B6FEE7290004481430F4
:107CC000FFF7CCFBECE70020F4E7C046B40500204A
:107CD000B4040020064B5B68002B05D0044B9B6965
:107CE000002B03D1022070470120FCE70020FAE7B7
:107CF000B405002082B000230193064B1B680133BA
:107D000001D072B6FEE772B6019B002BFCD002B028
:107D10007047C0460C00002000000000000000007A
:107D20000B4A13681868203080F30988022080F31A
:107D30001488BFF36F8F3FBCAE4608BC04BC62B66C
:107D40001847C046C046C046C046C046C046C046AA
:107D5000B405002010B5084C00232360074A1360C7
:107D6000074B1868FA218900F8F7CEF90138054B5E
:107D700018600723236010BD10E000E018E000E069
:107D80000000002014E000E010B5031F802464040C
:107D90001C60043B1960043B02491960143B1A60E3
:107DA000403810BDF57C00087047000010B50C4B42
:107DB0001968FF2212040A431A601968FF2212068A
:107DC0000A431A60FFF7C6FF0022064B1A60FFF74E
:107DD000A7FFFFF703FFFFF78DFF002010BDC04690
:107DE00020ED00E00C00002080225205034B1A60B9
:107DF000BFF34F8FBFF36F8F7047C04604ED00E0B5
:107E000072B6044A136801331360BFF34F8FBFF398
:107E10006F8F70470C000020064B1B68002B01D1B0
:107E200072B6FEE7013B034A1360002B00D162B635
:107E30007047C0460C000020EFF3108072B6704708
:107E400080F3108870470000000000000000000070
:107E5000EFF309800E4B1A6820381060F0C04446DA
:107E60004D4656465F46F0C008B572B6FFF7B6FEFF
:107E700062B60CBC116808681030F0C8A046A9466C
:107E8000B246BB4680F309882038F0C81847C04680
:107E9000B405002010B5FFF7CFFF0400FFF79CFDED
:107EA000002803D080225205024B1A602000FFF701
:107EB000C7FF10BD04ED00E010B5114A53071BD0F9
:107EC000D11D07239943C0231B015B1A9B180A008D
:107ED0000C490A6000204860D318083B0724A343DC
:107EE0008B6058601860981A50601360C860086111
:107EF00080231B064B6110BDC0231B01E8E7C04671
:107F0000DC050020DC11002010B5124B1A688242FB
:107F100019D359685C18A04203D140680918596008
:107F2000180041684418A24211D10A4CA468A24228
:107F30000BD05268891841601A6812680260984232
:107F400000D0186010BD1300E0E70460F7E702609E
:107F5000F5E7C046DC11002070B50400FFF72EFDE8
:107F60002E4B9B68002B0FD02C4B5B6923424AD1D0
:107F7000002C0CD00834630709D007239C43083435
:107F8000234204D072B6FEE7FFF796FFECE7002C21
:107F90003BD0224B1B699C4239D8204B1D6801E025
:107FA0002B0015006A68944202D92A68002AF7D18A
:107FB0001A4A926895422CD01E6808362A681A60C0
:107FC0006B681B1B102B08D92819420701D072B609
:107FD000FEE743606C60FFF797FF69680F4A13691B
:107FE0005B1A1361D268934201D20C4AD3600B4BE7
:107FF0005B690B436B6000232B60FFF769FD730720
:1080000009D072B6FEE70026F7E70026F5E700265E
:10801000F3E70026F1E7300070BDC046DC11002018
:1080200070B5002820D00500083D6B680F4A5269E2
:108030001A4201D172B6FEE7010008390968002929
:1080400001D072B6FEE70838040093434360FFF79F
:10805000B5FC6368054A11698C46634413612800C6
:10806000FFF752FFFFF734FD70BDC046DC11002062
:108070000D4885460D480E490E4A002302E0D458AB
:10808000C4500433C4188C42F9D30B4A0B4C002360
:1080900001E013600432A242FBD3FCF7ABFC00F01A
:1080A000B9F9FCF703FAFEE70050002000000020B9
:1080B000E401002018C10008E8010020D444002099
:1080C000FEE7F8B50D001700002405E06E1C00E087
:1080D00000BF287001343500BC42F7DB3800F8BD22
:1080E00070B51600002405E04D1C0878FCF7D0F8A8
:1080F00001342900B442F7DB300070BD10B5030035
:108100000B4A1268002A08D0094A1068C3186A4648
:10811000934206D8064A136010BD0649044A11600E
:10812000F2E700F071F90C23036001204042F3E70D
:10813000F4110020D84400200120404270478023E1
:108140009B014B6000207047012070470020704762
:1081500070B5041C0D1C00F011F8002802D12C1C75
:10816000201C70BD281C00F009F80028F8D0291C3C
:10817000201CF8F765F90028F1D0F1E7400040082D
:108180000ED00A4B0A4AC31893420BD9094A431E20
:10819000934209D9084B9C4660444342584170477A
:1081A0000220FCE70420FAE70320F8E7000080FF44
:1081B000FFFFFF7EFEFF7F000000808043001B0E5C
:1081C0001900012210B5C41794437F3901343E29A8
:1081D00012DC002913DB80224002400A1204104303
:1081E000162911DD1A00963AB63B1DD401009940BC
:1081F0000B00904002000FE0F8F798F910BD4B1CFF
:108200000FD12000E117F9E78022D2030A4117239A
:108210001218591ACA400023E1172000F8F744F950
:10822000ECE700200021E9E7202301009B1AD94058
:108230000B00DEE770B5FF25C30D2B401A007F3A17
:1082400082B01E2A24DC511C1FDBC40F162A22DC3C
:10825000154BA200D658011C301CF8F791FA01907A
:108260000198311CF8F730FF43000ED08021430203
:108270005B0A090419439623C00D05405D1BE940C4
:108280000800002C02D0404200E0002002B070BD87
:10829000F9F7F4F8FAE780214002400A090408439C
:1082A000963B9840EDE7C04638BE0008F0B5002583
:1082B0008DB0041C00F04CF8234B061C5D576B1C62
:1082C0000BD0211C201CF9F7C3F8071E05D1002193
:1082D000201CF8F7A1F8002802D1301C0DB0F0BD29
:1082E00001230293194B201C03930A97FAF7B4FD5C
:1082F000002206900791049005910023002D15D0CF
:1083000010001900F9F780FC08900991022D0FD197
:1083100000F07AF8212303600A9B0193002B0DD112
:1083200008980999FAF7EAFD061CD6E7089209931E
:1083300002A800F067F80028EED1E9E700F064F841
:108340000A9B01930360EBE71000002040BE000889
:108350002A49430070B50200041C5B088B423BD8DD
:10836000002B38D000283EDB2549C6158B420BD8A0
:108370008020000420423DD1002300E00B00520089
:10838000591C0242FAD0F61A802352021B04520AE8
:108390001A437F3E5300F10700D5930080227010EE
:1083A0001921002600255204AC189C4202DCA518B5
:1083B0001B1BB61801395B0052080029F4D1002BB1
:1083C00002D0012301369E43FC239B059C46761078
:1083D0006644C005801970BD011CF8F743FD211CDF
:1083E000F8F7CEF9F7E7011CF8F76EFE011CF8F775
:1083F00061FBF0E701235B42C5E7C046FFFF7F7FDB
:10840000FFFF7F0000207047014B18687047C0468F
:108410001400002070B500260C4D0D4C641BA410F8
:10842000A64209D1002602F023FC0A4D0A4C641B27
:10843000A410A64205D170BDB300EB589847013691
:10844000EEE7B300EB5898470136F2E710C1000899
:1084500010C1000810C1000814C10008002310B5A5
:108460009A4200D110BDCC5CC4540133F8E703003C
:108470001218934200D1704719700133F9E7F0B533
:108480008BB014001D1E129953DA802424061B1988
:108490001D0014002D230B702023149E03229E43E5
:1084A000462E07D03300453B59424B411099013AC3
:1084B000CB18109309AB049308AB0393139B009262
:1084C0000293109B220001932B0000F00DFE070089
:1084D000472E02D1119BDB0724D5109BFB18079375
:1084E000462E14D13B78302B0CD1002200232000E3
:1084F0002900FAF715FE002804D10123109A9B1ACF
:10850000139A1360139B079A1B68D31807930022D2
:10851000002320002900FAF703FE302200280DD0A6
:10852000079B09933800099B159ADB1B13600BB05E
:10853000F0BD0023AFE7591C09911A70099B0799F8
:108540008B42F8D3EEE7F0B5831C85B001930600AB
:108550000C0002702B23002901DA2D234C4273708A
:10856000092C22DD02ABDD1D20000A21F7F73CFFBC
:108570006F1E3031397020000A21F7F74FFE0400DA
:1085800009280BDC023D3034019B2C7002AA073213
:108590001800AA4204D8801B05B0F0BD3D00E3E7F7
:1085A0002A7801351A700133F0E73023E418B370EC
:1085B000301DF470EFE70000F0B595B00C000A92A2
:1085C0000B931A9D099001F0FBFC036818000C93B3
:1085D000FAF7DCFE0023129323680E900D930D9999
:1085E000277E2B680722C90545D59B1893431A009F
:1085F00008322A601A685B68A264E3640122E56CB1
:10860000A66C6B005B080F935242AC4B30000F9985
:10861000FAF7CEFE002830D10122A84B524230009A
:108620000F99FAF78DFD002827D100220023300092
:108630002900FAF77BFD002803D023002D224333C5
:108640001A709F4D472F00D89E4D032300260D9A88
:10865000236101339A4322600B9B13AA00932100EC
:108660000A9B099800F0F4F9431C00D093E0012024
:10867000404215B0F0BD0733B8E732002B003000A0
:108680002900FAF795FE002804D08F4D472FDCD83B
:108690008E4DDAE780230D996268DB000B43511C95
:1086A00043D10732626012AA0021059211AA0392F7
:1086B000232223600691019308A96368521802924D
:1086C000009332002B0004970998FFF7D8FE20236F
:1086D0003A0005009A43472A07D1119BDA1C02DBB6
:1086E0006268934245DD023FFFB21199652F25D89C
:1086F000200001393A0050301191FFF724FF129AFF
:10870000060013182361012A02DC2268D20701D572
:1087100001332361232308AA9B181B78002B9BD0CD
:1087200023002D2243331A7096E7672F00D176E19C
:10873000472FB8D1002AB6D10122B3E7662F19D14D
:10874000636800290CDD2161002B02D12268D20769
:1087500002D501335B182361119B0026A365D9E77D
:10876000002B03D101222168114200D09A1C226102
:10877000F2E76727119B129A934205DB2268236177
:10878000D207E9D50133E6E70121002B01DC4918C6
:10879000C91A5218EBE72268530508D423692A0046
:1087A0000A9909980B9DA847431C29D15FE7652FBB
:1087B00000D8E0E0A06CE16C00220023FAF7B0FCE6
:1087C000002834D00123424A0A9909980B9DA847F2
:1087D000431C00D14BE7119B129A934202DB2368A2
:1087E000DB070DD50B9D0E9B0C9A0A990998A8479B
:1087F0000025431C00D13AE7129B013BAB420ADC47
:1088000023689B0700D508E1139BE068984200DBD2
:108810002FE718002DE7220001231A320A99099840
:108820000B9EB047431C00D121E70135E4E7119BC3
:10883000002B2DDC0123264A0A9909980B9EB0478C
:10884000431C00D113E7119B002B05D1129B002B79
:1088500002D12368DB07D3D50B9E0E9B0C9A0A9995
:108860000998B0470026431C00D100E7119B5B42EA
:10887000B34201DC129B92E7220001231A320A99CB
:1088800009980B9FB847431C00D1F0E60136EDE78D
:10889000A36D129F9F4200DD1F00002F08DD3B00EB
:1088A0002A000A9909980B9EB047431C00D1DEE6C6
:1088B00000230D93FB43DB170F9318E0FFFFEF7FBF
:1088C00050BE00084CBE000858BE000854BE000848
:1088D0005CBE0008220001231A320A9909980B9EF7
:1088E000B047431C00D1C2E60D9B01330D930F9B93
:1088F000A66D0D9A3B40F31A9342EBDC119B129A42
:10890000AD19934210DB2368DB070DD4129F119B36
:10891000BE1BFF1AB74200DD3700002F0DDCFE43FF
:10892000F31700250C931CE00E9B0C9A0A990998EA
:108930000B9FB847431CE9D199E63B002A000A99EE
:1089400009980B9DA847431CE9D190E6220001231A
:108950001A320A9909980B9EB047431C00D186E64B
:108960000135119A129B0C999B1A3A000A409B1AE6
:10897000AB42EBDC44E7129B012B02DC01231A42E1
:1089800032D001232A000A9909980B9FB847431C4B
:1089900000D16CE60E9B0C9A0A9909980B9F013541
:1089A000B847431C00D162E6A06CE16C129B002228
:1089B0005F1E0023FAF7B4FB3B00002814D000250B
:1089C0000AE0220001231A320A9909980B9FB8473E
:1089D000431C00D14BE60135129B013BAB42F0DC5E
:1089E000220033005032DBE62A000A9909980B9DD9
:1089F000A847431CF4D13AE62200012319320A9910
:108A000009980B9EB047431C00D130E60135E3685E
:108A1000139A9B1AAB42EFDCF6E60025F7E7002A33
:108A200000D189E60021069112A9059111A90391AF
:108A3000232108A809182360019300922B000497B2
:108A4000029132000998FFF71AFD050045E6C0467D
:108A5000F7B5150001938A680B6900900C009342EA
:108A600000DA130022002B6043321278002A01D072
:108A700001332B6023689B0602D52B6802332B60E1
:108A8000062723681F4027D0230043331B785A1E34
:108A900093412268920630D4220001994332009813
:108AA000089EB047431C25D0062320682A68E16849
:108AB00003400025042B03D18D1AEB43DB171D4027
:108AC000A3682269934201DD9B1AED180027BD427D
:108AD00020D1002010E00137E3682A689B1ABB42CE
:108AE000D2DD22000123193201990098089EB04777
:108AF000431CF0D101204042FEBD3020E11843313B
:108B0000087021005A1C45310978A21843320233FB
:108B10001170C1E7220001231A3201990098089EC2
:108B2000B047431CE6D00137D1E70000F0B589B06B
:108B300004920A0043320593039002920A7E0C00CD
:108B40000E9B6E2A00D186E01FD8632A33D008D846
:108B5000002A00D18CE0582A4DD0250042352A70D9
:108B600030E0642A01D0692AF7D1196825680A1D06
:108B7000280629D508681A60002803DA2D23029AEE
:108B8000404213706B4E0A274FE0732A74D008D806
:108B90006F2A1FD0702AE0D1202209680A43226080
:108BA00003E0752A16D0782AD7D1220078214532E1
:108BB0001170614E22E025001A684235111D1960BE
:108BC00013682B70012365E008681A606906D3D525
:108BD00000B2D1E719682568081D186008682E06DC
:108BE00005D5544E08276F2A1BD00A2719E06D06B9
:108BF000F7D580B2F5E745314E4E0A701868226805
:108C0000011D00681960150621D5D30702D5202360
:108C10001A4322601027002803D1202322689A4398
:108C200022602300002243331A706368A360002B84
:108C300058DB0422216891432160002854D1029D11
:108C4000002B5AD02500337842352B7055E055065D
:108C5000DBD580B2D9E71A680D68101D4969186024
:108C600013682E0601D5196002E06D06FBD5198048
:108C70000023029D23614FE01A68111D19601568D9
:108C800000216268280001F01DFA002801D0401B75
:108C90006060636823610023029A13703CE02369DB
:108CA0002A0004990398059DA847431C3ED02368D9
:108CB0009B0715D4079BE068984239DA180037E023
:108CC00022000123193204990398059EB047431CE2
:108CD0002CD00135E368079A9B1AAB42F0DCE9E738
:108CE0000025F7E70028ADD0029D3900F7F792FA8A
:108CF000735C013D2B700028F7D1082F09D1236840
:108D0000DB0706D563682269934202DC3023013D0C
:108D10002B70029B5B1B2361059B07AA009321001C
:108D2000049B0398FFF794FE431CB8D101204042F6
:108D300009B0F0BD5EBE00086FBE00080FB40B4B5B
:108D400013B51C68002C05D0A369002B02D12000AC
:108D500001F0A2F805AB049AA1682000019301F08C
:108D600081FD16BC08BC04B01847C04614000020A2
:108D700070B505000E00002804D08369002B01D1D6
:108D800001F08AF8AB69AC68002B02D1280001F031
:108D900083F8244B9C420FD16C68A3891B0702D532
:108DA0002369002B1FD12100280000F0A1F8002822
:108DB00019D00120404270BD1B4B9C4201D1AC68D0
:108DC000EBE71A4B9C42E8D1EC68E6E70136A3607A
:108DD000002B04DAA2699A4216DC0A2914D023680F
:108DE0005A1C22601970A3683178013B0029EDD12B
:108DF000A360002B0FDA22000A31280000F022F8CD
:108E0000431CD6D00A20D6E72200280000F01AF82A
:108E1000431CE8D1CDE70A2023685A1C2260187051
:108E2000C9E7C046B0BE0008D0BE000890BE00082A
:108E300010B5034B01001868FFF79AFF10BDC0463C
:108E400014000020F8B505000E001400002804D01E
:108E50008369002B01D101F01FF8224B9C422DD1D8
:108E60006C68A369A360A3891B0731D52369002B14
:108E70002ED023682269F7B2981A6369F6B283424A
:108E800005DC2100280000F099FF002826D1A36806
:108E90000130013BA36023685A1C22601F70636984
:108EA000834204D0A389DB071AD50A2E18D12100EA
:108EB000280000F083FF002812D00FE00A4B9C42EC
:108EC00001D1AC68CDE7094B9C42CAD1EC68C8E738
:108ED0002100280000F00CF80028CAD001267642B4
:108EE0003000F8BDB0BE0008D0BE000890BE00083B
:108EF000364B70B51D6806000C00002D05D0AB691F
:108F0000002B02D1280000F0C7FF314B9C420FD14B
:108F10006C680C23E25E93B219072DD4D90611D4E4
:108F200009230120336037331343A381404270BDCE
:108F3000284B9C4201D1AC68EBE7274B9C42E8D11F
:108F4000EC68E6E75B0713D5616B002908D02300C6
:108F50004433994202D0300001F0B4FB0023636334
:108F60002422A3899343A3810023636023692360A0
:108F70000823A2891343A3812369002B0BD1A021CD
:108F80008022A389890092000B40934203D02100E4
:108F9000300001F049F80123A289134011D00023C9
:108FA000A36063695B42A361002023698342BED151
:108FB0000C23E25E1306BAD540231343A381013884
:108FC000B5E7920700D46369A360EDE714000020C1
:108FD000B0BE0008D0BE000890BE0008F0B503691E
:108FE0000C6989B0070005910026A34265DB0B00E0
:108FF000013C1433A50003935B190493030014335D
:1090000002935D19049B28681B68591C0193F7F7AC
:109010007BF80190B04229D0039B02989C460696AB
:10902000624608CA9446019A99B251431B0C5343B5
:1090300089190A0C9B1807931E0C036889B29AB20F
:10904000069BD2180368521A190C6B469B8BCB1ADD
:1090500011145B18191492B21B041A43049B069155
:1090600004C06345DCD22B68002B2DD00599380055
:1090700001F048FA00281FDB0025019B029801330C
:1090800003990193026808C992B255199AB2AA1AB3
:1090900005681B0C2D0CEB1A15145B191D1492B2EC
:1090A0001B04134308C0049B8B42EBD2029AA3001B
:1090B000D3181A68002A11D0019E300009B0F0BD03
:1090C0002B68002B04D1013C029B043DAB42F7D33B
:1090D0003C61CBE71A68002A04D1013C029A043BA8
:1090E0009A42F7D33C61E7E7F0B516001F00446AE7
:1090F0009BB00290239D06960797002C08D1102064
:1091000000F0D6FF029B5862446084600460C46033
:10911000029B5B6A196800290BD05A6801239340AF
:109120004A608B60029801F010F80022029B5B6A93
:109130001A60002F20DA01232B607B005B08079365
:10914000079CB24B220017931A409A4217D1B04B9A
:10915000229A1360069B002B03D1240301D100F057
:1091600087FDAC4B249A0893002A02D0AA4B249A7C
:10917000136008981BB0F0BD00232B60E0E7069E4B
:10918000079F0022002330003900F9F7C9FF051EB0
:109190000BD00123229A1360A04B249A0893002A33
:1091A000E7D09F4A24990A60E3E718AB019319AB13
:1091B000009332003B00029801F022FA6300039012
:1091C0005B0D74D03A03974C120B14432100964A5E
:1091D000300016959E180022944BF9F789FA944AAC
:1091E000944BF9F713F8944A944BF8F7F1F904000B
:1091F00030000D00F9F7C4FD914A924BF9F706F8DB
:1092000002000B0020002900F8F7E2F904000D002D
:10921000F9F740FF00220700002320002900F9F79A
:1092200085FF002809D03800F9F7AAFD2B0022009D
:10923000F9F776FF434258413F1A01231493162F42
:109240000DD88149FB00C91808684968069A079B30
:10925000F9F780FF002846D00023013F1493189BA4
:109260009E1B00230A933300013B0B9304D501237B
:109270009B1B0A9300230B93002F36DB0B9B11974C
:10928000DB190B9300230493209B0124092B00D9A5
:1092900084E0052B02DD0024043B2093209B981ED4
:1092A000032800D984E0FAF779F87577286A189BC3
:1092B000199A9E18654BF218202A0FDD40239B1A3D
:1092C0009C40634B0698F318D8402043F9F792FD71
:1092D0000123604C013E091916937CE72023069870
:1092E0009B1A9840F2E71490B9E70A9BDB1B0A939C
:1092F0007B42049300231193C6E701230D93219B26
:10930000002B59DD0C930993029A556A00226A607A
:109310000432100014306968984252D9029800F063
:10932000DCFE029B28605B6A1B680893099B0E2B7E
:1093300000D90AE1002C00D107E1069B079C12939B
:109340001394002F00DC89E00F213A003E4B0A40C5
:10935000D2009B181D685E6802233C110E93E30641
:109360000BD53D4B0C401A6A5B6A12981399F8F7BB
:109370004BFC0323069007910E9300233AE0012350
:109380000D93219BFB180C9301330993002BBBDC3D
:109390000123B9E70023B1E70023F1E700230D948F
:1093A0002093013B00220C93099313332192ABE7E6
:1093B00001230D93023BF5E701230C9309931A0057
:1093C000F4E7013169605200A3E701231C420ED08B
:1093D0000E9B214A01330E93109B2800DB009B1843
:1093E00031001A685B68F8F711FF05000E00109B4A
:1093F000641001331093002CE7D1069807992A00D6
:109400003300F8F701FC0690079142E00000F07F7E
:109410000F27000089BE00088CBE00085CBE000853
:109420005DBE00080000F03F01FCFFFF0000F83FB8
:1094300061436F63A787D23FB3C8608B288AC63F5A
:10944000FB799F501344D33F18BF0008320400003B
:1094500012040000000010FEF0BE000802230E936C
:10946000002F16D0129813997C420D332340CE4A18
:10947000DB00D3181A685B68F8F7C8FE00230126E2
:109480001D00069007912411002C00D08CE0002BC9
:10949000B9D1149B002B00D196E0069C079D0022B9
:1094A000C24B20002900F9F741FE002800D18BE0D3
:1094B000099B002B00D187E00C9B002B41DDBC4BAE
:1094C000002220002900F8F7A1FE0E9B06900791CC
:1094D00001330E930C9B7E1E0E981093F9F750FCEF
:1094E000069A079BF8F792FE0022B24BF8F770F845
:1094F000B14A0E900F910E9C0F9D94460F9B6344B2
:1095000015931D00109B002B61D10698079900222E
:10951000AA4BF9F7EDF82200159B06900791F9F791
:1095200019FE002800D0A8E2A5480F99844661449E
:109530000B00069807992200F9F7F8FD002800D0E3
:1095400095E2129B139C06930794199B002B00DA5B
:109550005CE10E2F00DD59E1934BFA009B185C682B
:109560001B6804930594219B002B00DBD8E0099B2A
:10957000002B00DDD4E000D07DE2049805990022A4
:109580008E4BF8F743FE069A079BF9F7EDFD099B12
:1095900004931E00002800D04FE2089B089A5D1C2F
:1095A0003123013713704BE234420AD00E9B854AB7
:1095B00001330E93EB009B181A685B68F8F726FEE0
:1095C0003300641001355FE73E00099B84E7109B80
:1095D0000D995A1E744BD2009B181A685B680029BB
:1095E00049D000207849F8F70FFB2B002200F9F74B
:1095F0007FF8089B0E900F91159306980799F9F73D
:1096000049FD0400F9F7BCFB02000B00069807991E
:10961000F9F76EF8159B30345D1C1C700E9A0F9B89
:1096200006900791F9F782FD00286CD1069A079BF6
:1096300000205E49F9F75CF80E9A0F9BF9F776FD6A
:10964000002800D0C3E0089B109AEB1A9A4200DC75
:1096500077E70E980F990022554BF8F7D7FD0022B7
:109660000E900F9106980799514BF8F7CFFD15957D
:1096700006900791C1E720002900F8F7C7FD089C74
:10968000109A230094460E900F9163441593069808
:109690000799F9F7FFFC0500F9F772FB0B000200D0
:1096A00006980799F9F724F83035159B2570013491
:1096B00006900791A3422AD10E980F99089A109B01
:1096C0009446634400221D003F4BF7F781FF0200E0
:1096D0000B0006980799F9F73DFD002800D076E0C9
:1096E0000E9A0F9B00203849F9F702F802000B0090
:1096F00006980799F9F71AFD002800D121E76B1E9B
:109700001A78302A01D037003FE01D00F7E70698AD
:1097100007990022264BF8F779FD06900791B6E7E6
:10972000089E049A059B06980799F8F76DFAF9F7D1
:10973000B1FC0400F9F724FB049A059BF8F766FDD9
:1097400002000B0006980799F8F7D2FF2300303388
:109750003370099A089B751CEB1A9A4248D1020093
:109760000B00F7F735FF049A059B06900791F9F770
:10977000F1FC00282AD1049A059B06980799F9F76D
:10978000CFFC002801D0E30720D40399029800F011
:10979000DCFC00232B70229B01371F60249B002BD5
:1097A00000D1E6E41D60E4E418BF00080000F03FCB
:1097B0000000244000001C400000C0FC00001440D9
:1097C0000000C07CF0BE00080000E03F3E006B1EC1
:1097D0001A78392A06D1089A9A4207D13023137091
:1097E000130001361A7801321A708CE71D00EEE77B
:1097F0000022A44BF8F70AFD0022002306900791EF
:109800002E00F9F78DFC00288BD0BEE70D9A002AB8
:1098100000D1DAE0209A012A00DDBDE0169A002A84
:1098200000D1B5E0984A9B18049D0A9C0A9A012130
:10983000D2180A920B9A0298D3180B9300F025FDC8
:109840000600002C0EDD0B9B002B0BDD0B9A23007A
:10985000944200DD13000A9AE41AD21A0A920B9A73
:10986000D31A0B93049B002B1FD00D9B002B00D110
:10987000AFE0002D11D031002A00029800F09EFDCB
:10988000039A01000600029800F008FD0399109069
:10989000029800F05AFC109B0393049B5A1B04D0BF
:1098A0000399029800F08AFD03900121029800F0CC
:1098B000ECFC119B0490002B00D1E3E11A000100A5
:1098C000029800F07BFD209B0490012B00DD82E0DC
:1098D0000025069BAB420ED1079B1B03AB420AD16E
:1098E000179B079A134206D00A9B013501330A934E
:1098F0000B9B01330B93119B0120002B6CD10B9B15
:1099000018181F2318407ED001331B1A042B70DD5A
:109910001C23181A0A9B24181B180A930B9B1B184C
:109920000B930A9B002B05DD1A000399029800F0A7
:1099300097FD03900B9B002B05DD1A0004990298FC
:1099400000F08EFD0490149B002B5ED004990398C8
:1099500000F0D8FD002858DA00230A220399029863
:1099600000F00CFC0D9B013F0390002B00D190E117
:10997000002331000A22029800F000FC0C9B060034
:10998000002B00DD88E0209B022B00DC84E044E01B
:109990003623189A9B1A47E7099B5D1E049BAB422E
:1099A00008DB5D1B099B002B0CDA0A9B099A9C1AA9
:1099B00000233BE7049B0495EA1A119B00259B18A2
:1099C0001193EFE70A9C099B30E7049D0A9C0D9ECA
:1099D00037E7049A64E70025049B049A1B691093F7
:1099E00003339B00D318586800F006FC2023181A94
:1099F00085E7042B95D00A9A1C33D2180A920B9A49
:109A0000E418D3188CE70300F5E7099B002B3DDC35
:109A1000209B022B3ADD099B0C930C9B002B0CD155
:109A200004990522029800F0A9FB04900100039814
:109A300000F068FD002800DDAFE5219B089DDF43B5
:109A4000002309930499029800F07FFB002E00D1B7
:109A50009BE6099B002B05D0B34203D01900029866
:109A600000F073FB3100029800F06FFB8DE6109B55
:109A700004931E00E1E70023FAE7109B37000493EC
:109A80001E008AE500002440330400000D9B002BDB
:109A900000D1B2E0099B0C93002C05DD31002200BF
:109AA000029800F0DDFC06003000002D11D0716836
:109AB000029800F012FB3100040033690C319A1C4B
:109AC00092000C30FEF7CAFC01222100029800F03F
:109AD000C7FC09960600089B0A9304990398FFF7B0
:109AE0007DFA09990D900400039800F00BFD3200F7
:109AF00010900499029800F01FFD01230B93C36896
:109B000030340500002B04D10100039800F0FAFC6A
:109B10000B902900029800F018FB0B9B209A13432E
:109B20000ED1069A013313420AD1392C26D0109B4C
:109B3000002B01DD0D9C31340A9B5D1C1C7081E7FC
:109B4000109B002B07DB1D00209B1D4322D101230E
:109B5000069A13421ED10B9B002BEDDD03990122C7
:109B6000029800F07DFC0499039000F0CBFC0028E3
:109B700002DCE1D1E307DFD5392CDBD10A9B0A9A5D
:109B80005D1C392313706B1E1A78392A67D0013295
:109B90001A7057E70A9B5D1C0B9B002B04DD392CC8
:109BA000ECD001340A9BC9E70A9B0C9A1C70089BF5
:109BB000EB1A93423ED000230A220399029800F048
:109BC000DDFA099B0390B34209D100230A220999C7
:109BD000029800F0D3FA099006000A957DE70999EA
:109BE00000230A22029800F0C9FA002309900A22F1
:109BF0003100029800F0C2FAEEE7099B0C93089B33
:109C0000069304990398FFF7E9F9069B30305D1C31
:109C100018700C9A089B0400EB1A9A4208DD002386
:109C20000A220399029800F0A9FA06950390E8E742
:109C30000023099303990122029800F011FC049972
:109C4000039000F05FFC00289DDC01D1E3079AD46B
:109C50006B1E1A78302A00D0F4E61D00F8E7089A47
:109C60009A4203D1312301371370EBE61D008AE7D6
:109C70000B4B249A08930B4B002A01D0FFF777FA7D
:109C8000FFF777FA209B012B00DC21E6119D0120D4
:109C900035E60C9B002BB2DC209B022BAFDDBCE633
:109CA00080BE000888BE0008F7B58A8905000C0050
:109CB000130760D44B68002B04DC0B6C002B01DC19
:109CC0000020FEBDE76A002FFAD000232E682B602B
:109CD00080235B01216A1A4034D0606DA3895B0741
:109CE00006D56368C01A636B002B01D0236CC01AC1
:109CF0000200216A00232800E76AB847A189431CB3
:109D000006D12B681D2B30D82B4ADA40D3072CD52F
:109D10000023636023692360CB0405D5431C02D173
:109D20002B68002B00D16065616B2E600029C7D0C5
:109D300023004433994202D0280000F0C3FC0020E5
:109D40006063BEE701232800B847431CC6D12B68D7
:109D5000002BC3D01D2B01D0162B01D12E60AFE7F5
:109D60004023A2891343A381ABE740230B43012087
:109D7000A3814042A5E70F69002FA1D00B680F60B7
:109D8000DB1B01930023920700D14B69A360019B69
:109D9000002B00DC94E7019B3A00216A2800A66AA8
:109DA000B047002803DC4023A2891343DFE7019B6F
:109DB0003F181B1A0193EAE7010040200B6970B5B8
:109DC00005000C00002B01D1002070BD002804D03C
:109DD0008369002B01D100F05FF80B4B9C4209D145
:109DE0006C680C22A35E002BEED021002800FFF748
:109DF0005BFFEAE7054B9C4201D1AC68F1E7044BFD
:109E00009C42EED1EC68ECE7B0BE0008D0BE000882
:109E100090BE0008002310B5040003604360836017
:109E200081814366C2810361436183611900082215
:109E30005C30FEF71CFB054B24626362044BA3629B
:109E4000044BE362044B236310BDC046B5AA00086F
:109E5000DDAA000815AB000841AB000810B50249A7
:109E600000F08CF810BDC046BD9D000870B5682597
:109E70004A1E55430E002900743100F06DFC041E8B
:109E800008D000212A00016046600C30A0606832D2
:109E9000FEF7EDFA200070BD836913B50400002BB6
:109EA00028D18364C3640365134B144A1B68826220
:109EB0000193984201D101238361200000F020F832
:109EC0006060200000F01CF8A060200000F018F88E
:109ED0000022E06004216068FFF79CFF0122092155
:109EE000A068FFF797FF02221221E068FFF792FFB8
:109EF0000123A36113BDC04648BE00085D9E000853
:109F0000F8B51C4B07001E68B369002B02D1300066
:109F1000FFF7C2FF4836B4687368013B04D5336865
:109F2000002B07D03668F6E70C22A55E002D0DD079
:109F30006834F2E704213800FFF798FF306000280A
:109F4000F0D10C2304003B602000F8BD20000A4B38
:109F5000656625606560A560E36025616561A56152
:109F6000082229005C30FEF782FA6563A563A564C8
:109F7000E564E9E748BE00080100FFFFF7B504000B
:109F80000700002601914834002C01D13000FEBDAD
:109F90006368A5680093009B013B009301D524688A
:109FA000F2E7AB89012B08D90E22AB5E013304D056
:109FB00029003800019B984706436835EBE700000D
:109FC000034B1B68186A002800D10248F030704724
:109FD000140000207800002070B50E001D000E2334
:109FE000C95E96B01400002907DA00232B60B389FC
:109FF0001B0611D48023DB000FE06A4600F0CCFD85
:10A000000028F2DBF022019B12021340054A9B1844
:10A010005A4253412B60EDE740230020236016B0E5
:10A0200070BDC04600E0FFFFF7B502268B89050032
:10A030000C00334206D02300473323602361012301
:10A040006361F7BD01AB6A46FFF7C6FF00990700E1
:10A05000280000F081FB002808D10C22A35E9A059D
:10A06000EFD4032293431E43A681E4E70F4BAB6278
:10A070008023A28920601343A381009B2061636138
:10A08000019B002B0DD00E23E15E280000F096FD11
:10A09000002806D00322A38993431A000123134307
:10A0A000A381A0893843A081CBE7C0465D9E00080C
:10A0B00010B5034B0100186800F04EFB10BDC04600
:10A0C00014000020C9B28218904201D100207047CC
:10A0D00003788B42FBD00130F6E770B5466A040086
:10A0E0000D00002E07D11020FFF7E2FF60624660EE
:10A0F00086600660C660666AF368002B13D0636AE8
:10A10000AA00DB689B181868002818D101210E00EE
:10A11000AE40721D9200200000F0C6FA00280CD05C
:10A12000456086600DE021220421200000F0BCFA89
:10A13000636AF060DB68002BE1D1002070BD02682B
:10A140001A6000230361C360F8E770B5446A060033
:10A150000D00002C07D11020FFF7AAFF70624460A9
:10A1600084600460C460002D07D0736A6A68DB688D
:10A1700092009B181A682A601D6070BDF7B51E001A
:10A1800014239C4607000C0000200D698C44634694
:10A190001B68013099B263461B6851431B0C534343
:10A1A00089190E0C9B1989B21E0C1B045B186146A1
:10A1B00008C18C468542EADC002E1BD0A368AB4266
:10A1C00012DC63683800591CFFF787FF2100236900
:10A1D00001909A1C92000C310C30FEF73FF92100DF
:10A1E0003800FFF7B2FF019C2B1D9B00E3180135DF
:10A1F0005E6025612000FEBD0300020C002082424B
:10A2000001D11B0410301A0E01D108301B021A0FA5
:10A2100001D104301B019A0F01D102309B00002BA9
:10A2200003DB01305B0000D4202070470722036865
:10A2300010B501001A400DD001240020234205D1A1
:10A240000230034203D0E34020000B6010BD9B08A6
:10A250000B60FBE79CB21000002C01D110201B0CFE
:10A26000DAB2002A01D108301B0A1A0701D10430E2
:10A270001B099A0701D102309B08DA07E8D45B0872
:10A2800001D00130E4E72020E0E710B50C00012107
:10A29000FFF723FF01234461036110BDF0B50B6993
:10A2A0001400126989B00D00934201DA25000C00F8
:10A2B0002F6926696968BB190293AB68BA19934282
:10A2C00000DA0131FFF709FF0200BB1914329B00CD
:10A2D000D3189C4600211300049063451DD3143508
:10A2E000BF00EB191434B6000593A319039501942C
:10A2F0000793079B0199994211D3029B002B06DD1E
:10A3000004235B429C4463461B68002B51D0049B92
:10A31000029A18001A6109B0F0BD02C3DDE7019B83
:10A320001B6898B200281CD015000026039F02CF9E
:10A330002C688BB24343090C4143A4B21B199B19EF
:10A340000E0029680695090C71181E0C89190E0C4F
:10A350009BB209040B4308C5059BBB42E7D8069B8B
:10A360005E60019B1B681D0C1ED010000027136847
:10A37000039E3168046889B26943240C0919C9191C
:10A380000F049BB23B43036080CE43683F0C6F4396
:10A390009BB2FB18090C5B18059906901F0C043042
:10A3A000B142E6D806994B60019B04320433019315
:10A3B0009FE7029B013B02939FE700000323F7B551
:10A3C000134005000E001400002B08D02249013B69
:10A3D0009A00525800233100FFF7D0FE0600A31068
:10A3E000019336D06C6A002C07D11020FFF760FE75
:10A3F0006862446084600460C4606F6ABC68002C5A
:10A4000007D116492800FFF740FF00230400B86079
:10A4100003600122019B13420AD031002200280070
:10A42000FFF73CFF070031002800FFF78EFE3E00DB
:10A43000019B5B1001930CD02068002807D12200FB
:10A4400021002800FFF72AFF00232060036004009A
:10A45000DFE73000FEBDC046E0BF0008710200002B
:10A46000F0B50D0017002B69541185B0E318019366
:10A47000013300934968AB680290009A934235DB40
:10A480000298FFF72AFE002302000600190014328A
:10A49000A3422EDBE343DB171C402B00A40014195E
:10A4A0002A69143392009A1894461F22174024D028
:10A4B0000132D21B0392002219682000B9400A43DE
:10A4C00004C404CB0399CA409C45F5D84260002AD5
:10A4D00002D0019B02330093009B0298013B336141
:10A4E0002900FFF732FE300005B0F0BD01315B00FE
:10A4F000C3E7980011500133CAE704CB04C49C455C
:10A50000FBD8E9E70A69036930B59B1A0DD19200BF
:10A510001430143184188918043C043925680A68F9
:10A52000954204D00123954204D3180030BDA042C7
:10A53000F2D3FAE75B42F8E7F0B50D0085B007000B
:10A54000110028001400FFF7DDFF061E08D10100EE
:10A550003800FFF7C2FD01234661036105B0F0BD7D
:10A5600001230193002804DB23002C001D0000239D
:10A57000019361683800FFF7B0FD2F000022019BB6
:10A580002669C3601434B300E31802932B691437AF
:10A590009B00FB18039303009446143320CC04CF94
:10A5A0000192AAB294446A46614692882D0C8A1A96
:10A5B0000199090C691A151449190D1492B209046C
:10A5C0000A431A60039AAC460433BA42E6D80299A9
:10A5D0001A008C4205D3043A1368002B0ED0066192
:10A5E000BCE704CC91B261440D14120C521915143D
:10A5F00089B212040A43AC4604C3E8E7013EEAE725
:10A60000F7B51D0001211400089FFFF766FD2B031D
:10A610006D0006001B0B6D0D24D10193002C27D07B
:10A6200068460094FFF702FE009C00281ED0019BA4
:10A6300020211A00091A8A40C34022437261019303
:10A64000019CB461631E9C4101343461002D18D01B
:10A65000124BED1835232D183D60181A099B186010
:10A660003000FEBD802252031343D6E77461E7E752
:10A6700001A8FFF7DBFD0124019B346173612030E9
:10A68000E4E7074BC018074B3860E3189B00F3184A
:10A690005869FFF7B1FD6401201ADFE7CDFBFFFF2A
:10A6A000CEFBFFFFFFFFFF3F4A4370B511001400D0
:10A6B00000F052F8051E03D022000021FDF7D7FE5E
:10A6C000280070BD70B50500002910D00C1F23684C
:10A6D000002B00DAE418280000F0A8FA1D4A1368DD
:10A6E000002B05D163601460280000F0A0FA70BD53
:10A6F000A34209D9216860188342F3D118685B68C6
:10A7000041182160EEE713005A68002A01D0A242E6
:10A71000F9D919685818A0420BD12068091858189F
:10A7200019608242E0D110685268411819605A607D
:10A73000DAE7A04202D90C232B60D5E72168601824
:10A74000824203D1106852684118216062605C60E7
:10A75000CAE7C046FC110020032370B5CD1C9D4301
:10A76000083506000C2D1ED20C25A9421DD830003C
:10A7700000F05CFA254A14682100002919D1244C04
:10A780002368002B03D1300000F082F920602900FB
:10A79000300000F07DF9431C2BD10C2330003360D6
:10A7A00000F045FA03E0002DDFDA0C2333600020CF
:10A7B00070BD0B685B1B19D40B2B03D90B60CC1835
:10A7C000256003E04B688C420DD11360300000F02F
:10A7D0002EFA200007220B30231D9043C31AE7D026
:10A7E0005A42E250E4E763600C00EFE70C0049686E
:10A7F000C3E70323C41C9C43A042E1D0211A3000CC
:10A8000000F046F9431CDBD1C7E7C046FC1100202D
:10A8100000120020936810B5013B9360002B04DA0E
:10A820009469A34207DB0A2905D01368581C1060FD
:10A830001970080010BDFEF705FB0100F9E7F8B537
:10A8400006000F001400D518AC4201D1002007E02B
:10A8500021783A003000FFF7DDFF0134431CF3D1CB
:10A86000F8BD0000F0B5A1B003900F0016001D0068
:10A87000002805D083690593002B01D1FFF70CFB5D
:10A880007B4B9F425CD1039B5F68BB891B0763D5F1
:10A890003B69002B60D0002308AC636120336376F2
:10A8A0001033A376079535002B78002B01D0252B8C
:10A8B0005CD1AB1B05930CD0320039000398FFF735
:10A8C000BEFF431C00D1C4E06269059B944663440B
:10A8D00063612B78002B00D1BBE0012200235242A0
:10A8E000626004A9543252186E1C2360E360A360B6
:10A8F0001370A365317805225E48FFF7E3FB751CF2
:10A90000002835D12268D30604D5532304A95B1847
:10A9100020211970130704D5532304A95B182B2198
:10A92000197033782A2B2CD0350000210A20E368D7
:10A930002A786E1C303A092A64D900292ED026E0E4
:10A940004D4B9F4202D1039B9F689EE74B4B9F421A
:10A950009BD1039BDF6898E739000398FEF7C8FA9C
:10A96000002898D00120404221B0F0BD01359BE77E
:10A97000404B2268C01A01238340134323602E00FA
:10A98000B8E7079B191D1B680791002B01DB0B9390
:10A9900004E05B42E3600223134323602B782E2BF9
:10A9A0000AD16B782A2B35D1079B02351A1D1B68FB
:10A9B0000792002B2BDB0993314E297803223000BC
:10A9C000FFF780FB002806D04023801B83402268CD
:10A9D000013513432360297806222A486E1C21760C
:10A9E000FFF770FB00283AD0274B002B25D1072218
:10A9F000079B07339343083307936369049A9B18B3
:10AA0000636150E7434301219B18350090E7012320
:10AA10005B42D0E700230A201A00013563602978E1
:10AA20006E1C3039092903D9002BC5D00992C3E720
:10AA30004243012352183500F1E707AB00933A0077
:10AA4000124B21000398FDF7B7FD0490049B0133DE
:10AA5000D3D1BB895B0600D584E70D9884E707ABAB
:10AA600000933A00094B21000398FEF75FF8ECE7EA
:10AA7000B0BE0008ECBF0008D0BE000890BE0008C1
:10AA8000F2BF0008F6BF0008B98500083FA800081B
:10AA9000002370B5064C050008002360FDF72EFB6F
:10AAA000431C03D12368002B00D02B6070BDC0462F
:10AAB000D044002070B50C000E25495F00F0B8F8B6
:10AAC000002803DB636D1B18636570BDA389024A10
:10AAD0001340A381F9E7C046FFEFFFFFF8B51F0061
:10AAE0008B8905000C001600DB0505D50E23C95E19
:10AAF0000022022300F074F8A389054A28001340BD
:10AB0000A38132000E23E15E3B0000F01FF8F8BD88
:10AB1000FFEFFFFF70B50C000E25495F00F060F8F5
:10AB2000A389421C03D1054A1340A38170BD802232
:10AB300052011343A3816065F8E7C046FFEFFFFFB2
:10AB400010B50E23C95E00F015F810BD70B50500F4
:10AB5000080011000022064C22601A00FDF7C0FA1E
:10AB6000431C03D12368002B00D02B6070BDC0466E
:10AB7000D0440020002370B5064C05000800236077
:10AB8000FDF7DAFA431C03D12368002B00D02B60B9
:10AB900070BDC046D0440020002370B5064C0500AF
:10ABA000080011002360FDF7CAFA431C03D1236893
:10ABB000002B00D02B6070BDD0440020002370B566
:10ABC000064C050008002360FDF7BEFA431C03D1C4
:10ABD0002368002B00D02B6070BDC046D0440020FD
:10ABE00070B50500080011000022064C22601A0012
:10ABF000FDF7ACFA431C03D12368002B00D02B6077
:10AC000070BDC046D044002082B0002900D101A907
:10AC1000101E06D0002B06D013780B601078431E50
:10AC2000984102B0704702204042FAE770477047EF
:10AC300070B50500080011000022064C22601A00C1
:10AC4000FDF73FFA431C03D12368002B00D02B6093
:10AC500070BDC046D04400200B1E04D0FF2A04D98A
:10AC60008A2303608B3B180070470A700123FAE7C0
:10AC7000F8B5C046F8BC08BC9E467047F8B5C0465B
:08AC8000F8BC08BC9E467047B9
:10AC880008000000040000000000000000000000B0
:10AC9800A4BB00085D42000802000000000000009C
:10ACA80080000000000000000000000098BB0008C1
:10ACB800834200080200000000000000800000003D
:10ACC80000000000000000008CBB00086F42000874
:10ACD8000200000000000000000100000000000069
:10ACE8000000000084BB0008794200080000000052
:10ACF80000000000800000000000000000000000CC
:10AD0800030406080C1018203000000000000000A2
:10AD18000000000001020304060708090000000003
:10AD280001020304466E00084E6E0008566E0008C5
:10AD38006C6E0008646E00086C6E00086C6E00088B
:10AD48006C6E0008146E0008E26D0008EA6D0008D9
:10AD5800F26D0008086E0008006E0008086E000812
:10AD6800086E0008086E0008A86D0008320C00087C
:10AD78006E0B0008920B0008300B0008920B0008BD
:10AD88000E0C0008920B0008300B00086E0B000830
:10AD98006E0B00080E0C0008300B0008640C00084D
:10ADA800640C0008640C00081A0C00086E0B0008FC
:10ADB8006E0B0008920B00082E0B0008920B00087F
:10ADC8000E0C0008920B00082E0B00086E0B0008F2
:10ADD8006E0B00080E0C00082E0B0008640C00080F
:10ADE800640C0008640C0008180C00085C0F0008CC
:10ADF800060F0008060F000834100008020F0008AC
:10AE0800020F00082A10000834100008020F00087A
:10AE18002A100008020F0008341000083810000833
:10AE2800381000083810000840100008AC1E000850
:10AE38001E1D0008621D0008C61C0008621D0008CF
:10AE4800521E0008621D0008C61C00081E1D0008CE
:10AE58001E1D0008521E0008C61C0008BE1C000863
:10AE6800BE1C0008BE1C0008601E0008C4230008A1
:10AE7800C6220008C6220008E4250008C0220008EF
:10AE8800C0220008CC250008E4250008C0220008DC
:10AE9800CC250008C0220008E4250008DA250008AF
:10AEA800DA250008DA250008E82500085B4C4F473A
:10AEB80049435D20446973706C6179546573744DBE
:10AEC8006F64652829204D6F64655B25645D506F4C
:10AED800735B25645D0D0A00424C45205B20434F9F
:10AEE8004E4E4543544544202020205D0D0000006F
:10AEF800424C45205B20444953434F4E4E454354F2
:10AF08004544205D0D0000005B4C4F474943205DE0
:10AF1800205365742044524D205B4252543A2564B4
:10AF28005D0000005B5247423A253032785D0000F0
:10AF38005B4F50543A253032785D0D0A000000000E
:10AF48005B4C4F4749435D204D6F64656D205365E9
:10AF58006E645F5374616E6462790D005B4C4F4799
:10AF680049435D2053656E645F4D6F64656D5F5343
:10AF780074617475735B253032785D5B2530327887
:10AF88005D5B253032785D5B253032785D5B25303E
:10AF980032785D5B253032785D5B253032785D5BD9
:10AFA800253032785D5B253032785D0D0A0000006F
:10AFB8005B4C4F4749435D204D6F64656D20536579
:10AFC8006E645F5374617475730D00005B4C4F477A
:10AFD80049435D204D6F64656D2053656E645F5213
:10AFE800656769737465725B25645D0D0A0000000E
:10AFF8005B4C4F4749435D2053656E645F424C4547
:10B008005F636865636B200D0000000041540D000C
:10B0180041542B494E464F3F0D0000005B4C4F47B3
:10B0280049435D2053656E645F424C455F636D64C0
:10B03800203A202573200A0041542B5645523F0DD3
:10B048000000000041542B414456444154413F0DF7
:10B05800000000005B4C4F4749435D2053656E6418
:10B068005F424C455F636D64203A20257300000001
:10B0780041542B4144564F4E0D00000041542B4182
:10B0880044564F46460D00005B4C4F4749435D20F0
:10B09800636F6D6D616E645F737472203A202573FF
:10B0A800000000005B4C4F4749435D2053656E64C8
:10B0B8005F424C455F414456444154415F5374617B
:10B0C8007475735B25635D5B25635D5B25635D5B01
:10B0D80025635D5B25635D5B25635D5B25635D5B68
:10B0E80025635D5B25635D5B25635D5B25635D5B58
:10B0F80025635D5B25635D0D0A0000005B4C4F47CF
:10B1080049435D2053656E645F424C455F41445638
:10B11800444154415F536974756174696F6E0D00E1
:10B1280041542B414456444154413D2564256425EE
:10B138003034640D000000005B4C4F4749435D20EC
:10B14800424C455F414456444154415F5345540D78
:10B158000000000041542B414456444154413D25D0
:10B16800730D000041542B4D414E55463F0D0000D4
:10B178005B4C4F4749435D20424C455F4D414E551E
:10B18800465F5345540D000041542B4D414E5546E2
:10B198003D4D41535445520D000000005B4C4F4754
:10B1A80049435D2053656E645F424C455F494E5488
:10B1B800455256414C5F5345542025640D0A000002
:10B1C80041542B414456494E54455256414C3D2515
:10B1D800640D00005B4C4F4749435D204D6F64652B
:10B1E8006D205061636B65745F50617273655B2598
:10B1F8003032785D5B253032785D5B253032785DA2
:10B208000D0A00005B4C4F4749435D2044524D20D6
:10B2180047726F757020436F6E74726F6C5B425229
:10B2280054203A20253032785D5B524742203A203C
:10B23800253032785D5B4F7074203A2025303278A3
:10B248005D0D0A005B4C4F474943205D204F6E65FA
:10B25800436F6E74726F6C205B425254203A202503
:10B268003032785D5B524742203A20253032785D93
:10B278005B4F7074203A20253032785D0D0A00004B
:10B288005B4C4F474943205D20416C6C436F6E74A3
:10B29800726F6C5F5633205B25645D5B4252543A93
:10B2A800253032785D5B5247423A253032785D5B13
:10B2B8004F3A253032785D0D0A0000005B4C4F474D
:10B2C8004943205D2054686973204576656E742073
:10B2D8006265206E6F7420696E636C7564656420A6
:10B2E8002D205B45203A202564206D5D5B50203A77
:10B2F80020253464206D5D0D0A0000005B4C4F472B
:10B308004943205D205B253464207E202534642059
:10B318006D5D0D0A000000005B4C4F474943205DFE
:10B3280020424C4520416476446174612053657421
:10B338000D0000005B4C4F474943205D205B2564AE
:10B348005D496E697420506F736974696F6E202D42
:10B35800205B25645D5B253464206D5D0D0A00006B
:10B368005B4C4F474943205D205B25645D20466C5C
:10B37800617368696E6720436F6E74726F6C202DFD
:10B38800205B25645D0D0A0041542B554152543D04
:10B3980025640D005B4C4F4749435D203D3D3D3DD5
:10B3A8003D3D3D3D3D3D3D3D3D4D6F64656D20520C
:10B3B800656769737465723D3D3D3D3D3D3D3D3D6D
:10B3C8003D3D3D0D000000005B4C4F4749435D206B
:10B3D800312E2053656374696F6E20494420203AEA
:10B3E800205B2025303278205D0D0A005B4C4F47EA
:10B3F80049435D20322E20446576696365204944BF
:10B408002020203A205B2025303278205D0D0A006C
:10B418005B4C4F4749435D20332E205246204368FA
:10B42800616E6E656C20203A205B202530327820D2
:10B438005D0D0A005B4C4F4749435D203D3D3D3D56
:10B448003D3D3D3D3D3D3D3D3D3D3D3D3D3D3D3D24
:10B458003D3D3D3D3D3D3D3D3D3D3D3D3D3D3D3D14
:10B468003D3D3D0D000000005B6C6F6769632E6316
:10B478005D205361766520506167653120547261A3
:10B488006E736D697420526573756C74205B2564E6
:10B498005D0D0A005B6C6F6769632E635D20536105
:10B4A80076652050616765302B31205B305D205414
:10B4B80072616E736D697420526573756C74205B6C
:10B4C80025645D0D0A0000005B6C6F6769632E637D
:10B4D8005D20536176652050616765302B31205BB4
:10B4E800315D205472616E736D6974205265737595
:10B4F8006C74205B25645D0D0A0000005B6C6F674F
:10B5080069632E635D2053617665205061676530FD
:10B51800205472616E736D697420526573756C7412
:10B52800205B25645D0D0A005B6C6F6769632E63A1
:10B538005D205061676531205472616E736D697466
:10B5480020526573756C74205B25645D0D0A0000DC
:10B558005B6C6F6769632E635D205061676531209E
:10B568005265636569766520526573756C74205BF6
:10B5780025645D0D0A0000005B6C6F6769632E63CC
:10B588005D20506167652030202D20315B315D20C2
:10B598005472616E736D697420526573756C742092
:10B5A8005B25645D0D0A00005B6C6F6769632E6341
:10B5B8005D20506167652030202D20315B315D2092
:10B5C8005265636569766520526573756C74205B96
:10B5D80025645D0D0A0000005B6C6F6769632E636C
:10B5E8005D20506167652030202D20315B325D2061
:10B5F8005472616E736D697420526573756C742032
:10B608005B25645D0D0A00005B6C6F6769632E63E0
:10B618005D20506167652030202D20315B325D2030
:10B628005265636569766520526573756C74205B35
:10B6380025645D0D0A0000005B6C6F6769632E630B
:10B648005D20506167652030205472616E736D69AA
:10B658007420526573756C74205B25645D0D0A0057
:10B668005B6C6F6769632E635D205061676520308E
:10B67800205265636569766520526573756C742020
:10B688005B25645D0D0A00005B25735D2045525201
:10B698003D30782530386C582053544154453D305E
:10B6A80078253032580D0A00202D2041524C4F2069
:10B6B800286172626974726174696F6E206C6F734D
:10B6C80074290D00202D204E41434B202841462946
:10B6D8000D000000202D20427573206572726F7274
:10B6E8000D000000202D2054696D656F75740D00E4
:10B6F800493243207363616E2E2E2E0D0000000028
:10B70800202D2030782530325820283762290D0A1C
:10B71800000000005B4D41475D2043616C69622079
:10B728007C427C3A204D303D256C642C207369673F
:10B738006D613D252E32662C20543D25640D0A008E
:10B748004D61676E657469635F53656E736F725F91
:10B75800496E6974202E2E2E0D0000004973446531
:10B768007669636552656164790000005B455252F1
:10B778004F525D2057484F3D3078253032580D0ADA
:10B78800000000005B4F4B5D2057484F3D30782547
:10B798003032580D0A0000005B4346475D20413DAA
:10B7A80030782530325820423D30782530325820C4
:10B7B800433D30782530325820205B53545D3D306E
:10B7C80078253032580D0A003D3D3D3D3D3D3D3D1B
:10B7D8003D3D3D3D3D3D3D3D3D3D3D3D3D3D3D3D91
:10B7E8003D3D3D3D3D3D3D3D3D3D3D3D3D3D0D00EE
:10B7F80020204D61676E6574696320436F6E7472B3
:10B808006F6C6C65722076312E3028536C617665CA
:10B81800290D000020204C45444F20436F2C2E203A
:10B828004C74642E200D0000445244592070696EF7
:10B83800206F757470757420697320454E41424CB1
:10B8480045442E0D00000000445244592070696E92
:10B85800206F757470757420697320444953414290
:10B868004C45442E0D0000005B6C6F6769635D20DA
:10B878005245475F413A203078253032582C2052C3
:10B8880045475F423A203078253032582C205245BF
:10B89800475F433A203078253032580D0A000000BF
:10B8A8005B6C6F6769635D204D61676E6574696382
:10B8B8002053656E736F7220446973636F6E6E6593
:10B8C80063742E2E2E2E21210D0000005B6C6F67F5
:10B8D80069635D2064543D256C75206D732C205878
:10B8E8003D256420593D2564205A3D2564207C422D
:10B8F8007C3D25642C2068656164696E673D252E52
:10B9080031660D0A000000005B6C6F6769635D209B
:10B91800CE9454203D20256C75206D730D0A0000CF
:10B928005B6C6F6769635D2020436F6E6E6563743F
:10B938005F5251200D0000005B6C6F6769635D20EA
:10B9480020436F6E6E6563745F41434B200D0000AA
:10B958005B6C6F6769635D20204D6167656E746914
:10B96800635F54696D655F5251200D005B6C6F67B2
:10B9780069635D20204D6167656E7469635F546912
:10B988006D655F41636B200D000000005B6C6F67A5
:10B9980069635D20536C61766520436F6E6E6563E5
:10B9A800742E2E2E21200D005B6C6F6769635D205D
:10B9B8004D617374657220436F6E6E6563742E2ECD
:10B9C8002E21200D000000005B6C6F6769635D200D
:10B9D800536C617665205469636B2054696D6520EA
:10B9E800526571756573742E2E2E21200D0000008E
:10B9F8005B6C6F6769635D20536C61766520546981
:10BA0800636B2054696D652052656376206D6173A0
:10BA18007465725B25645D20736C6176655B256473
:10BA28005D207469636B5F6F66667365745B25641C
:10BA38005D200D0A000000005B6C6F6769635D2084
:10BA4800536C617665204D61676E65746963205437
:10BA5800696D652052656376205B25645D200D0A5B
:10BA6800000000005B6C6F6769635D20204D6167B3
:10BA7800656E7469635F54696D655F53656E6420B4
:10BA88000D0000005B6C6F6769635D206D61737406
:10BA98006572205469636B205B25645D20536C617B
:10BAA8007665205469636B205B25645D204475725C
:10BAB8006174696F6E205469636B205B25645D2037
:10BAC8000D0A00005B544553544D4F44455D2053C7
:10BAD80070656564203D20252E3266206B6D2F68C9
:10BAE8002028252E3266207365632C20252E326689
:10BAF800206D290D0A0000005B6C6F6769635D208B
:10BB0800204D6167656E7469635F54696D655F5246
:10BB1800656376200D0000005B6C6F6769635D20CC
:10BB28004D61676E657469632053656E736F72202B
:10BB3800446973636F6E6E656374202E2E2E2E21FA
:10BB4800210D00005B5253545D20504F523D256437
:10BB58002050494E3D2564205346543D25642049D4
:10BB68005744473D256420575744473D2564204C9A
:10BB78005057523D25640D0A00000000626C655460
:10BB880061736B00756172745461736B000000001F
:10BB980070726F635461736B0000000069646C65B8
:10BBA8005461736B000000005065726920496E692A
:10BBB800742E2E2E2E2E0D007065726952464D6F12
:10BBC80064756C65205B25645D2E2E2E2E2E0D0A65
:10BBD8000000000070657269524657616B657570A8
:10BBE800205B25645D2E2E2E2E2E0D0A00000000EF
:10BBF80070657269424C4557616B657570205B25AD
:10BC0800645D2E2E2E2E2E0D0A00000070657269BE
:10BC1800424C4555415254205B25645D2E2E2E2EF4
:10BC28002E0D0A005561727420555341525431202B
:10BC38003A2048414C5F554152545F547843706CE8
:10BC48007443616C6C6261636B0D000055617274C2
:10BC580020555341525434203A2048414C5F5541B5
:10BC680052545F547843706C7443616C6C626163C6
:10BC78006B0D0000556172742055534152543520A4
:10BC88003A2048414C5F554152545F547843706C98
:10BC98007443616C6C6261636B0D00005561727472
:10BCA80020555341525431203A20554152545F494E
:10BCB800444C4543616C6C6261636B0D000000008D
:10BCC8005561727420555341525434203A205541DD
:10BCD80052545F49444C4543616C6C6261636B0D1F
:10BCE80000000000556172742055534152543520AC
:10BCF8003A20554152545F49444C4543616C6C624B
:10BD080061636B0D000000005561727420496E6913
:10BD1800742E2E2E2E2E0D005B556172745D2042FE
:10BD28004C452042617564204368616E6765205BFD
:10BD380025645D0D0A0000002B4F4B002B45525225
:10BD48004F5200002B4144564552544953494E47DF
:10BD5800000000002B5354414E444259000000009B
:10BD6800424C455F44617461205B25735D200D0A78
:10BD7800000000000D0A5B4D6F64656D5D20526325
:10BD8800765F4C5243204572726F725B2532585D64
:10BD98005B2532585D0D0A005265637654696D65FE
:10BDA8006F75742042756666657220436C656172B2
:10BDB800200D0A00455458204572726F72205B2589
:10BDC8003032785D0D0A00005B4669726D776172EA
:10BDD800655D20426F6F746C6F61646572204D6F92
:10BDE8006465200D000000000D0A5B4669726D77DE
:10BDF8006172655D204F505F434F44452045727224
:10BE08006F725B2532585D0D0A0000005B55415288
:10BE180054205D005B253032785D00005B253032B0
:10BE2800785D0D0A0000000049444C450000000000
:10BE38000000004B000000CB7371727466000000B4
:10BE480018000020494E4600696E66004E414E00BB
:10BE58006E616E0030003031323334353637383960
:10BE68004142434445460030313233343536373861
:10BE78003961626364656600496E66696E697479E2
:10BE8800004E614E000000000000000000000000AD
:10BE9800000000000000000000000000000000009A
:10BEA800000000000000000000000000000000008A
:10BEB800000000000000000000000000000000007A
:10BEC800000000000000000000000000000000006A
:10BED800000000000000000000000000000000005A
:10BEE80000000000000000000080E03779C34143F3
:10BEF800176E05B5B5B89346F5F93FE9034F384DC8
:10BF0800321D30F94877825A3CBF737FDD4F157573
:10BF1800000000000000F03F000000000000244086
:10BF280000000000000059400000000000408F4061
:10BF3800000000000088C34000000000006AF840CC
:10BF48000000000080842E4100000000D0126341F0
:10BF58000000000084D797410000000065CDCD4166
:10BF6800000000205FA00242000000E87648374247
:10BF7800000000A2941A6D42000040E59C30A242E5
:10BF88000000901EC4BCD64200003426F56B0C435A
:10BF98000080E03779C3414300A0D8855734764301
:10BFA80000C84E676DC1AB43003D9160E458E14362
:10BFB800408CB5781DAF154450EFE2D6E41A4B44D7
:10BFC80092D54D06CFF08044F64AE1C7022DB5441C
:10BFD800B49DD9794378EA440500000019000000AF
:10BFE8007D000000232D302B2000686C4C00656616
:10BFF80067454647004300504F534958002E0000FC
:10C008002020202020202020202828282828202000
:10C018002020202020202020202020202020202018
:10C028008810101010101010101010101010101090
:10C038000404040404040404040410101010101070
:10C048001041414141414101010101010101010149
:10C05800010101010101010101010110101010107D
:10C06800104242424242420202020202020202021A
:10C078000202020202020202020202101010102042
:10C0880000000000000000000000000000000000A8
:10C098000000000000000000000000000000000098
:10C0A8000000000000000000000000000000000088
:10C0B8000000000000000000000000000000000078
:10C0C8000000000000000000000000000000000068
:10C0D8000000000000000000000000000000000058
:10C0E8000000000000000000000000000000000048
:10C0F8000000000000000000000000000000000038
:08C10800F444FF7F0100000078
:04C11000E90000083A
:04C11400C10000085E
:10C11800000020000100000004000000AAAAAAAA4A
:10C12800010000001800002000000000B0BE000858
:10C13800D0BE000890BE000800000000000000000B
:10C1480000000000000000000000000000000000E7
:10C1580000000000000000000000000000000000D7
:10C1680000000000000000000000000000000000C7
:10C1780000000000000000000000000000000000B7
:10C188000000000000000000430000000000000064
:10C198000000000000000000000000000000000097
:10C1A8000000000000000000430000000000000044
:10C1B8000000000000000000000000000000000077
:10C1C8000000000000000000430000000000000024
:10C1D8000000000000000000000000000000000057
:10C1E8000000000000000000430000000000000004
:10C1F8000000000000000000000000000000000037
:10C2080000000000000000004300000000000000E3
:10C218000000000000000000000000000000000016
:10C2280000000000000000004300000000000000C3
:10C2380000000000000000000000000000000000F6
:10C2480000000000000000004300000000000000A3
:10C2580000000000000000000000000000000000D6
:10C26800000000000000000059AC000809AC0008FC
:10C278000000000007C0000805C00008F1BF000862
:10C28800F1BF0008F1BF0008F1BF0008F1BF0008C6
:10C29800F1BF0008F1BF0008F1BF0008F1BF0008B6
:10C2A800FFFFFFFFFFFFFFFFFFFFFFFFFFFF000094
:10C2B800010041534349490000000000000000000C
:10C2C8000000000000000000000000000000000066
:10C2D80000004153434949000000000000000000ED
:10C2E8000000000000000000000000000000000046
:04C2F8000000000042
:0400000508008071FE
:00000001FF
