:020000040800F2
:1000000000500020918400087537000877370008F9
:1000100000000000000000000000000000000000E0
:10002000000000000000000000000000C98100087E
:10003000000000000000000071820008793700080D
:10004000E1840008E1840008E1840008E1840008FC
:10005000E1840008E1840008E1840008E1840008EC
:10006000000000008D3700089D370008B5370008F4
:10007000E1840008E184000835380008E1840008C4
:10008000E1840008E1840008E18400080000000029
:10009000E1840008E1840008E1840008E1840008AC
:1000A000E1840008E1840008E184000825380008A4
:1000B000E1840008E1840008000000000000000066
:1000C00010B5064C2378002B07D1054B002B02D02E
:1000D000044800E000BF0123237010BD7800002019
:1000E00000000000E4990008044B10B5002B03D079
:1000F0000349044800E000BF10BDC04600000000F6
:100100007C000020E4990008002243088B4274D34D
:1001100003098B425FD3030A8B4244D3030B8B4208
:1001200028D3030C8B420DD3FF22090212BA030C11
:100130008B4202D31212090265D0030B8B4219D3F2
:1001400000E0090AC30B8B4201D3CB03C01A524112
:10015000830B8B4201D38B03C01A5241430B8B425A
:1001600001D34B03C01A5241030B8B4201D30B0343
:10017000C01A5241C30A8B4201D3CB02C01A52416A
:10018000830A8B4201D38B02C01A5241430A8B422D
:1001900001D34B02C01A5241030A8B4201D30B0216
:1001A000C01A5241CDD2C3098B4201D3CB01C01A30
:1001B000524183098B4201D38B01C01A524143093A
:1001C0008B4201D34B01C01A524103098B4201D328
:1001D0000B01C01A5241C3088B4201D3CB00C01A95
:1001E000524183088B4201D38B00C01A524143080D
:1001F0008B4201D34B00C01A5241411A00D2014632
:10020000524110467047FFE701B5002000F006F8A4
:1002100002BDC0460029F7D076E770477047C04658
:10022000002B11D1002A0FD1002900D1002802D0C3
:100230000021C943081C07B4024802A140180290DB
:1002400003BDC046D9FFFFFF03B4684601B502985D
:1002500000F04EF8019B9E4602B00CBC7047C046B1
:10026000F0B5CE46474615042D0C2E0080B5070488
:10027000140C3F0C9946030C7E435D436743634374
:100280007F19340CE4199C46A54203D980235B02F4
:100290009846C4444B4643435143250C36046544B9
:1002A000360C2404A4195B19591820000CBC904684
:1002B0009946F0BD70B500220C4B04000D0001F012
:1002C0004BFA002804D12000290001F0A9F970BDE3
:1002D000064B00222000290000F05AFE01F0A0F990
:1002E00080231B069C466044F1E7C0460000E041C5
:1002F000F0B54F464646D646C0B5040082B00D0064
:10030000914698468B422FD82CD04146484601F062
:100310004BFA29000600200001F046FA331A9C46E9
:10032000203B9A4600D576E04B46524693401F004C
:100330004B46624693401E00AF4228D825D0534614
:10034000A41BBD41002B00DA7BE0002200230092B9
:100350000193012352469340019301236246934047
:10036000009318E08242D0D900220023009201932A
:100370000A9B002B01D01C605D600098019902B0BF
:100380001CBC90469946A246F0BDA342D7D9002294
:100390000023009201936346002BE9D0FB079846A7
:1003A000414672080A437B0866460EE0AB4201D123
:1003B000A2420CD8A41A9D41012024196D410021AC
:1003C000013E24184D41002E06D0AB42EED9013E2D
:1003D00024196D41002EF8D1009801995346001957
:1003E0006941002B23DB2B005246D3402A00644690
:1003F000E2401C0053461500002B2DDB260057461B
:10040000BE40330026006746BE403200801A994144
:1004100000900191ACE7624620239B1A4A46DA40DD
:100420006146130042468A4017001F4380E7624638
:1004300020239B1A2A0066469A402300F340134368
:10044000D4E76246202300219B1A002200910192EA
:100450000122DA40019280E72023624626009B1A9F
:10046000DE402F00B0466646B74046463B00334369
:10047000C8E7C046F0B54F464646D6460C000903CD
:10048000C0B5490A470F5E0039431F03DB0F9C4686
:1004900065007B0A570F1F436D0DE40F760DA146D3
:1004A000C000B846D200AB1B64457BD0002B5FDD9B
:1004B000002E00D0A4E03E00164300D112E15E1EE3
:1004C000002E00D09EE1871A4346B84280410125A4
:1004D000C91A4042091A0B0200D431E149024E0AFE
:1004E000002E00D16EE1300001F040F90300083B1E
:1004F0001F2B00DD61E120223900D21A9E40D1403D
:100500009F400E439D4200DD51E15D1B6B1C1F2B84
:1005100000DD7CE12021C91A3D0030008F40884079
:10052000DD40791E8F41310007222843D940002544
:1005300007433A40002A09D00F233B40042B05D043
:100540003B1DBB42BF417F42C9191F000B0200D4B3
:1005500026E26A1CC64B55056D0D9A4200D106E194
:10056000C44AFF080A40530752023B43120B8EE075
:10057000002B00D0B8E06B1C5B055B0D012B00DC91
:1005800030E1871A4346B842B641CB1A76429E1BE9
:10059000330200D54CE13B003343A1D100220024BB
:1005A000002570E0002B00DCE5E0002E00D183E0A8
:1005B000AF4EB54260D0802636043743B846382B5C
:1005C00000DC3EE1434613431F007A1E97413F186B
:1005D00087428041404209180B0200D4B0E0A44B8E
:1005E00001359D4200D1C3E0A24A7B080A400121A7
:1005F0000F401F435108D30707221F433A4099E792
:100600009B4EB54238D0802636043743B846382B47
:1006100000DDDCE01F2B00DC30E11E004746203E01
:10062000F740BC46202B04D04026F31A46469E4095
:100630003243170063467A1E97411F43CCE0002BDC
:1006400000D104E24346134300D159E14B07C008EF
:1006500018438023C9081B03194208D04546ED08FA
:100660001D4204D14346D008590708432900420FD0
:10067000C9007F4D1143C0004B07CA087C49C00820
:1006800003438D4268D012036D05120B6D0D0021DE
:1006900012031800130B0A0D12051A43764B2D0591
:1006A00013402B435B00E4075B08234319001CBC89
:1006B00090469946A246F0BD3E00164312D05E1EFB
:1006C000002E00D000E1871887428041414440421B
:1006D000091801250B0233D5022585E7644633004E
:1006E000414610001D00C7E7002D00D0DAE00C00E5
:1006F0000443F3D05C1C00D19FE15D4CA64200D1C5
:100700002FE1DB43382B00DD66E11F2B00DD83E1A9
:1007100020240500E41A0F00DD40D940A0404346E4
:10072000A7405B1A441EA04198462F433843171A2E
:10073000BA42924143465242991A64463500CAE68B
:1007400007223A40002A00D0F6E64B07CA0848497B
:10075000FF083B438D4296D11900114300D19EE121
:10076000802109030A431203120B414D8FE7150044
:10077000002200238BE7002B00D0C7E06B1C5F0535
:100780007F0D012F00DCF1E0394DAB4200D1B9E023
:1007900085180A008542894142444942511807227E
:1007A000CF076D082F4349083A401D00C2E60722D3
:1007B0003049ED1A31403A40BCE63E0028388640C8
:1007C00000279FE6380000F0D1FF20308EE6434638
:1007D00013431F007A1E9741C71BB8428041404215
:1007E000091A78E60E003B0006431343002D61D141
:1007F000002E00D0F4E0002B00D11BE1644639004C
:10080000100039E71A4FBB427AD03300FFE63000C0
:100810001F3DE840202B03D04021CB1A9E40374398
:100820007B1E9F41072207433A400021002589E7AC
:10083000171A4346BA42B641591A76428E1B64468D
:100840004EE61F2B00DDADE020264746F61AB740E6
:10085000B9461700B246DF404E463E433700564683
:10086000B240561EB24117434246DA408918AEE6FE
:10087000FF070000FFFF7FFFFFFF0F802026474696
:10088000F61AB740B9461700B246DF404E463E431F
:1008900037005646B240561EB24117434246DA4030
:1008A000891A99E77F4CA6425BD0802424045B42DE
:1008B000214327E7002E0CD1002B00D1CBE064466A
:1008C00039001000774DD7E6764FBB4218D0330081
:1008D00075E6002B14D04B07C00818438023C908C5
:1008E0001B03194207D0FC081C4204D17907D00829
:1008F0000843E14621004C46420FC9001143C000A5
:10090000684DB9E61D0000220023C0E6002D5BD132
:100910000D00054300D1E2E65D1C00D1B0E0614D61
:10092000AE421FD0DB43382B71DC1F2B00DD96E07D
:1009300020250F00ED1AAF40B9460700AA46DF4058
:100940004D463D432F005546A840D940451EA8417D
:1009500088440743BF1897429241514241443500B1
:100960003AE6644635004146100085E60B00034335
:10097000002D00D063E6002BF5D04346134300D191
:100980007AE687188742804107224144404209188D
:100990003A400B0200D4D5E6434B01351940C9E576
:1009A000380069E61E004746203EF740BC46202B33
:1009B00004D04026F31A46469E4032431700634651
:1009C0007A1E97411F4302E6364DAE42CAD08025BB
:1009D0002D045B422943A6E70843411E8841A6E651
:1009E000002B00D148E6871A4346B842B641CB1ADD
:1009F00076429E1B33024BD5171A4346BA429241A8
:100A0000591A5242891A072264463A4092E5014334
:100A10000F00791E8F419DE71C000F00203CE7402E
:100A2000202B03D04024E31A99400843411E8841FB
:100A300038437CE60022002425E6171A4346BA42D2
:100A40009241591A5242891A6446350043E541469B
:100A50001000144D10E680220024120380E61D00D1
:100A60000F00203DEF40BC46202B03D04025EB1A61
:100A70009940084307006346781E87411F4369E792
:100A8000871897429B4141445B42C9183500A3E552
:100A90003B003343CED0072231003A4052E60023D8
:100AA0001A00F4E5FF070000FFFF7FFFF0B557468F
:100AB000DE464E464546E0B5834606000F03480035
:100AC00087B092461D003F0B400DCC0F002800D18F
:100AD0006FE0DE4B984238D08023FF001B041F4399
:100AE000730F3B430193DA4B0027994600239B4643
:100AF000F60081442B0369001B0B52469846490DB2
:100B0000ED0F002900D185E0D04B994200D173E070
:100B10004346DA0080231B0413435246CC48520F4D
:100B200084461343524600206144D2008944210088
:100B3000694000918C46012149448A460F2F00D913
:100B400090E0C449BF00CF59BF465B463B43019389
:100B500000D06AE102230827002681469B46C9E7A8
:100B600032005846019B61460091022800D175E091
:100B7000032800D1FEE1012800D02CE1002300274A
:100B8000002600253F032A0D3F0BB34812053A43C8
:100B900002401B051343009A5B00D1075B080B431F
:100BA0003000190007B03CBC90469946A246AB46BF
:100BB000F0BD5B463B43019300D12FE1002F00D1F4
:100BC000A5E1380000F0D2FD03000B3B1C2B00DD3B
:100BD00096E11D22D31A5A460100DA405E460839D2
:100BE0008F4013008E403B4301939C4B00271B1A00
:100BF000994600239B467DE7414653460B43934964
:100C00008C46E144002B00D01AE102220220174357
:100C100000228CE7134300D10DE14346002B00D1A5
:100C200081E1404600F0A2FD02000B3A1C2A00DDE3
:100C300072E10100434608398B4098461D239A1AF9
:100C40005346D3401A004346134352468A4049460E
:100C5000081A824989468144002068E77B4B0027B7
:100C600000268EE7140C1204120C1100370C360407
:100C7000350C794328008C462E006043604483463F
:100C800056432100300C8046584679434044029137
:100C9000844506D98846802149028C46E044414675
:100CA00002913604010C360C00048B4681191E0C8F
:100CB0001B041B0C0391190079438C4628007543D3
:100CC0006544A8465843050C45447743A94203D9D7
:100CD000802149028C466744290C8C463900000467
:100CE000000C2D042D186144AB4405915946049124
:100CF00001990F043F0C080C3900514342439046C0
:100D000002008C46090C8B4662437C4344445C449D
:100D1000A04503D98021490288464244210C8846D7
:100D200061460904090C8C4639005943434370431A
:100D30007E430F0CF6182404BE19644442448C46CA
:100D4000B34203D980235B0298464044029B61462C
:100D50009846049B370443449B46AB45AD416B42E8
:100D60000D0405992D0C8C467F196744FD18A84683
:100D70005D462D19A542A44193466442A446C3444E
:100D8000DC448F42BF4198459B4193459241A44525
:100D9000A4415B427F421F43360C52426442BF195A
:100DA0002243BF18624638184302D20D03991343F9
:100DB0006A020A43501E82416146ED0D2A434E02EB
:100DC0003243D90100D4B3E0012650083240024337
:100DD000DE0732435B08224C5444002C62DD51078D
:100DE00009D00F201040042805D0101D90429241D8
:100DF00052429B180200D90104D580241948E4000E
:100E0000034054441848844200DD27E75E075B0234
:100E1000D2081F0B630516435B0DB2E6002399460B
:100E20000133042700269B4664E60323019781468D
:100E30000C279B465EE6012201201743002276E63E
:100E4000032303201F43434671E6C046FF0700000B
:100E500001FCFFFF4CA00008FFFF0F800DFCFFFF0F
:100E6000FF030000FFFFFFFEFE07000000238027B6
:100E700000933F030026434B83E6019B3200A446C8
:100E8000584670E6AC466EE6802701993F0339422A
:100E90002DD03B422BD11F433F033F0B0095160043
:100EA000384B6EE601252D1B382D00DD66E61F2D23
:100EB00040DC35481C005044160082408440EE401F
:100EC000501E824134431443EB40620709D00F2285
:100ED0002240042A05D02200141D94428041404241
:100EE0001B181A023ED501230027002649E6802759
:100EF000019B3F031F433F033F0B0094214B40E600
:100F000003005A46283B9A40002601926DE6584657
:100F100000F02CFC203057E603005246283B9A4054
:100F20001300002293E6504600F020FC20307BE6C0
:100F3000CA4650E71F201E004042041BE640202DF9
:100F400003D0124C5444A3401A43501E82413243F2
:100F500007260027164009D00F2000231040140058
:100F60000428B9D122005E075B021F0BD20816438A
:100F7000002306E680273F031F433F033F0B160075
:100F8000004BFEE5FF0700001E0400003E040000C9
:100F9000F8B557464E464546DE460C000903E0B517
:100FA000490A460F5F0031431E03DB0F760A9B465A
:100FB000530F3343C84E6500C000E40FD2006D0DDF
:100FC000A24681467F0D9C469046B74200D1B9E0CB
:100FD0005B46012673409B46EE1BA34500D183E090
:100FE000002E63DD002F00D0B1E06346134300D133
:100FF00023E1731E002B00D0BAE1861A6346B0428B
:1010000080410125C91A4042091A0B0200D447E168
:1010100049024B0A98464346002B00D189E14046DD
:1010200000F0A4FB0300083B1F2B00DD7CE1202225
:101030003000D21A4146D040994002009E400A43F7
:101040009D4200DD6AE15D1B6B1C1F2B00DD94E1FE
:10105000202110003500C91A8E40DA408840DD405A
:10106000711E8E411100072228430025064332409D
:10107000002A09D00F233340042B05D0331DB3427F
:10108000B641764289191E000B0200D43DE26A1C6B
:10109000914B55056D0D9A4200D119E18F4AF60822
:1010A0000A40570752023743120B9BE0002E00D034
:1010B000C5E06E1C7605760D012E00DC48E1674622
:1010C000861ACB1BB042BF417F42B8461F00434641
:1010D000FF1A3B00B8461B0200D55FE137439AD1A7
:1010E00000220024002579E0002E00DCFAE0002F29
:1010F00000D18DE0784B9D4267D0802367461B046A
:101100001F43BC46382E00DC52E1634613435A1E8F
:1011100093411E1886428041404209180B0200D4B8
:10112000BEE06D4B01359D4200D1D2E06B4A7308A1
:101130000A4001210E401E435108D30707221E43D7
:10114000324095E71E00164300D045E740E7624B6A
:101150009D423AD0802367461B041F43BC46382E6D
:1011600000DDEBE01F2E00DC3AE133006746203B58
:10117000DF403B00202E05D04027BF1B6646BE4007
:10118000324390464646721E96413343DAE0002BC6
:1011900000D114E26346134300D168E180234E0777
:1011A000C008C9081B030643194208D06046C0089E
:1011B000184204D163460100D2085E071643F300CB
:1011C0009946C900720F444D11434B46DE08424B0D
:1011D0004F073743CA089D4200D16EE012036D05E8
:1011E000120B6D0D00211203130B0A0D12051A4389
:1011F0003B4B2D0513402B435B00E4075B08234367
:10120000380019003CBC90469946A246AB46F8BD52
:101210006346134311D0731E002B00D007E18618DC
:101220008642804161444042091801250B0237D5AE
:1012300002257BE73E00614691463500C5E75C46E6
:10124000002D00D0E1E00B000343F3D0731C00D16C
:10125000ACE1214B9F4200D13AE1F343382B00DD52
:101260006FE11F2B00DD8CE120250E00ED1AAE4052
:10127000B0460600AA46DE40454635432E00554698
:10128000D940A8406346451EA8415B1A9C4630439E
:10129000161AB242924163465242991A3D00B4E690
:1012A00007223240002A00D0E4E60B4BF6084F0735
:1012B0003743CA089D4200D090E73B00134300D15A
:1012C000A6E180231B031A431203120B024D89E788
:1012D00015000022002785E7FF070000FFFF7FFFC2
:1012E000FFFF0F80002E00D0C7E06B1C5E05760D5F
:1012F000012E00DCF0E0C84DAB4200D1B9E085180A
:101300000A00854289416244494251180722CE07AA
:101310006D082E43490832401D00A9E6BF49ED1A69
:10132000114007223240A3E63200283882400026CE
:1013300086E6300000F01AFA203073E66346134365
:101340005A1E9341C61AB04280414042091A5CE6D7
:101350000E00674606431743002D5ED1002E00D0D5
:10136000F3E0002F00D11EE15C46614691462CE778
:10137000A94FBE427BD01E00F1E610001F3DE840A1
:10138000202B03D04021CB1A9A401643731E9E4156
:101390000722064332400021002583E7161A6346E0
:1013A000B2428041591A40420B1A98465C4632E6D6
:1013B0001F2E00DDABE02027BB1B9A466346574635
:1013C000BB40994613004F46F3401F433B0057462E
:1013D000BA40571EBA4113436246F240891898E654
:1013E0002027BB1B9A4663465746BB4099461300CD
:1013F0004F46F3401F433B005746BA40571EBA4181
:1014000013436246F240891A9CE7834B9F425FD0A8
:1014100080252D047342294320E7002E0CD1002F94
:1014200000D1D0E05C46614691467B4DCDE67A4FD7
:10143000BE421CD01E0065E6002F18D0C0084E0723
:1014400006438020C9080003014208D06346DC0837
:10145000044204D12100DA46D2085E071643F300A5
:10146000994601245346C900720F11431C406A4D2E
:10147000ABE61D0000220027B4E6002D59D10B0079
:10148000034300D1D6E6731C00D1B2E0624B9F4209
:101490001ED0F343382B6FDC1F2B00DD97E0202597
:1014A0000E00ED1AAE40B0460600AA46DE404546A4
:1014B00035432E005546A840D940451EA8418C44CE
:1014C0000643B61896429241514261443D0025E6DA
:1014D0003D006146914678E60B000343002D00D0A5
:1014E00055E6002BF5D06346134300D16DE6861810
:1014F0008642804161444042091800220B0200D418
:10150000D0E6464B01351940B2E5B1465DE6330001
:101510006746203BDF403B00202E05D04027BF1B05
:101520006646BE40324390464646721E964133435D
:10153000EFE5394B9F42CBD080252D0473422943E0
:10154000A8E70843411E8841A2E6002F00D13CE6EF
:101550006346861ACF1AB0429B415B42FB1A9846FB
:101560001B024ED5161A6346B2429241591A524294
:10157000891A5C4600227BE501430E00711E8E41F4
:101580009FE71D000E00203DEE40B046202B04D00A
:101590004025EB1A99400843814648464346411E80
:1015A0008841184374E60022002417E6161A6346A1
:1015B000B2429241591A5242891A3D0025E56146CC
:1015C0009146154D01E680220024120379E61D00A4
:1015D0000E00203DEE40B046202B04D04025EB1AF3
:1015E0009940084381464E464346711E8E411E4334
:1015F00067E7861896429B4161445B42C9183D00EB
:101600008CE547463743CED007224146324049E673
:1016100000273A00E6E5C046FF070000FFFF7FFF16
:1016200030B5144D0A034B00120B5B0DC90F00249B
:10163000AB4211DD104CA34210DC80246403224332
:101640000E4CE41A1F2C0CDD0D48C31ADA401300AF
:101650005C42002900D11C00200030BD094BCC1891
:10166000FAE7094DE040AC4663449A401300034357
:10167000EEE7C046FE0300001D0400003304000036
:1016800013040000FFFFFF7FEDFBFFFF10B5041EFA
:1016900025D000F06BF8144B1B1A5B055B0D0A2874
:1016A00012DD0B38844000222403240B002110009B
:1016B00024030A0D240B120522430C4C1B05224067
:1016C00013435B00590810BD020021001532914000
:1016D0000A000B21081AC4402403240BE6E7002368
:1016E00000240022E2E7C0461E040000FFFF0F8036
:1016F0008446101C62468C46191C634600E0C046B6
:101700001FB500F0FDF8002801D40021C8421FBD1C
:1017100010B500F055F84042013010BD10B500F092
:10172000EFF8002801DB002010BD012010BDC046ED
:1017300010B500F0E5F8002801DD002010BD012003
:1017400010BDC04610B500F077F8002801DC00207D
:1017500010BD012010BDC04610B500F06DF8002886
:1017600001DA002010BD012010BDC0461C2101235C
:101770001B04984201D3000C10391B0A984201D374
:10178000000A08391B09984201D30009043902A252
:10179000105C40187047C0460403020201010101B9
:1017A000000000000000000010B5002903D1FFF781
:1017B000DDFF203002E0081CFFF7D8FF10BDC04657
:1017C000F0B54F464646D6468446C0B58046194ECB
:1017D00018030F034D00000B5C0082463F0B6D0D9C
:1017E000C90F9146640DDB0F0120B5420AD0B44207
:1017F00003D0A54201D157450CD01CBC9046994658
:10180000A246F0BD66463E43F7D1AC42F5D1544600
:101810001443F2D10120C845EFD1994207D0002DE1
:10182000EBD163461F433800471EB841E5E700206F
:10183000E3E7C046FF070000F0B54F464646D646F0
:101840004D00C0B50E03C90F8A462C491F035C002A
:101850008046360B6D0D91463F0B640DDB0F8D42BC
:101860001ED08C4216D0002D1ED130438446002C51
:1018700001D13A4323D06246002A1AD09A4529D092
:10188000514602200139084001381CBC9046994657
:10189000A246F0BD39001143E5D002204042F4E7F2
:1018A0003043FAD1AC420FD0002C0FD13A43E7D0ED
:1018B0000CE00122013B934318000130E5E7634649
:1018C0000020002BE1D0DBE73A43E6D19A45D7D19F
:1018D000A542D5DCA54205DBBE42D1D808D0002008
:1018E000BE42D2D250460123013898430130CCE7A2
:1018F000C845C5D80020C845F4D3C6E7FF07000097
:10190000F0B54F464646D6464D00C0B50E03C90F4A
:101910008A462E491F035C008046360B6D0D9146AA
:101920003F0B640DDB0F8D4218D08C4211D0002D7F
:1019300018D130438446002C1ED13A431CD1634653
:101940000020002B30D051460220013908400138D8
:101950002AE039001143EAD0022025E03043FBD1D0
:10196000AC4226D0002C26D13A4324D15146022045
:1019700001390840013817E06246002A0FD09A4525
:10198000E1D1A54205DBBE42DDD819D00020BE4220
:101990000AD25046012301389843013004E0012265
:1019A000013B9343180001301CBC90469946A24667
:1019B000F0BD3A43D0D19A45C5D1A542C3DCE0E79A
:1019C000C845C0D80020C845E3D3EDE7FF070000B5
:1019D0000023C25C0133002AFBD1581E704700006F
:1019E0000378002B1CD0194B1B68194A92885A6344
:1019F0004378002B19D0154B1B68154A92889A63BF
:101A00008378002B16D0114B1B68114A9288DA6339
:101A1000C378002B13D10D4B1B6800221A6470474A
:101A20000A4B1B6800225A63E2E7084B1B6800223E
:101A30009A63E5E7054B1B680022DA63E8E7034B8E
:101A40001B68034A92881A64E9E7C04624400020D4
:101A50009400002010B5002808D004220100054899
:101A600006F0B0FD034B01229A7110BD014B00221C
:101A70001A60F7E79400002010B5054B9B79002B06
:101A800000D110BD024800238371FFF7A9FFF8E7DA
:101A90009400002070B5164806F034FE154C0A225A
:101AA0000021200006F097FD134D0021280004F0CE
:101AB000C3FB0421280004F0BFFB0821280004F028
:101AC000BBFB0C21280004F0B7FB2B6800225A63F3
:101AD0009A63DA631A64FF232370803B2372803B8E
:101AE000A3800233E371A371FFF7C6FF70BDC04648
:101AF0008CA000089400002024400020FF23181A26
:101B0000014B98807047C04694000020034B03604F
:101B1000034B0B60802313607047C046A000002079
:101B2000F400002001238B40DBB20370437083700C
:101B30007047000010B503681B685B0700D410BD38
:101B40000F4B60220121995401329A5C1100183127
:101B5000890059181C6D4C601100223189005918F8
:101B60005C6D4C6011002C31890059189C6D4C60E3
:101B7000D96D363292009B18596002F00BFEDEE7F9
:101B800050110020884202D9401A01387047081AC3
:101B9000FCE7000070B5554CAC235B00E55829000C
:101BA000A06CFFF7EFFFE36C984200D870BDA5640E
:101BB000200029300422002106F00DFD3123E35CD2
:101BC000072B00D98AE09A0049498A589746474A24
:101BD0002921FF205054013308315354C338C826FB
:101BE000B600FFF78BFF434C2000FFF733FFFFF7F2
:101BF00043FF293C3125615D628E3F4806F0F4FCCD
:101C0000635D072B6DD0394BDE64CFE7374A2A215D
:101C1000FF205054013307315354C338C826B6004F
:101C2000DFE7324A2B21FF20505401330631535451
:101C3000C338C826B600D4E72C4AFF212920115406
:101C4000013011540133CE3953540C38C826B60034
:101C5000C7E7264AFF2129201154013011540130D1
:101C600011540133CE3953540D38C826B600B8E7A5
:101C70001E4AFF2129201154013011540130115402
:101C80000133CE3953545530C826B600A9E7174A58
:101C90002C21FF205054013305315354C338C8263A
:101CA000B6009EE7114C618EC9B220002930FFF7C3
:101CB00039FF638E01339BB26386032B03D03C2034
:101CC000C82676008DE7094B00225A8631215A5CDE
:101CD00001325A543C20C826760082E700200600D4
:101CE0007FE7024A2A330021D1548CE750110020AB
:101CF000FC990008791100209CA0000810B505F09F
:101D0000F3FF04007C4B186A2100FFF73BFF0A2811
:101D100000D8EFE0784B1C62BE2252009B5C002B87
:101D200041D1754A7E23FF33D35C012B3BD0137C1A
:101D3000002B14D01300D18B4A1CDA835A8A9300EB
:101D40009B185A0091420FDB6B4B0022DA835A89B1
:101D5000511C5981002A07D000225A8104E0664BA9
:101D600001225A810022DA83634B5B7D002B14D061
:101D7000614B198B4A1C1A835A8A93009B185A008C
:101D8000914223DB5C4B00221A83DA8A511CD982F0
:101D9000002A1BD00022DA8218E0574B0122DA8297
:101DA00000221A8312E0544A7E23FF33D35C002BB7
:101DB0002ED0137C002B23D0130092895A814E4BD6
:101DC0005B7D002B20D04C4B9A89DA824A4B5B8991
:101DD000002B6ED0484B5B78002B5ED0464BFF2229
:101DE0005A71454B9B78002B5BD0434BFF229A7175
:101DF000414BDB78002B58D03F4BFF22DA715DE07E
:101E00003D4B01225A81DAE73B4B0122DA82DDE7C2
:101E1000394B1B7C002B1AD0374B5B8A042B13D811
:101E2000354AD18B481CD0839A00D3185A0091426E
:101E30000DDB314B0022DA835A89511C5981002A6B
:101E400005D000225A8102E02B4B9A895A812A4BF5
:101E50005B7D002B1BD0284B5B8A042B13D8264AB2
:101E6000118B481C10839A00D3185A009142ADDBA5
:101E7000214B00221A83DA8A511CD982002AA5D06C
:101E80000022DA82A2E71C4B9A89DA829EE71A4B7B
:101E90000122DA8200221A8398E7174B00225A7136
:101EA0009FE7154B00229A71A2E7134B0022DA71CB
:101EB00004E0114B00225A719A71DA710E4BDB8AE1
:101EC000002B0BD00C4B1B7D002B03D00A4BFF22A9
:101ED0001A7206E0084B00221A7202E0064B00223A
:101EE0001A72054CA07BFFF709FE601DFFF7B2FDDB
:101EF000FFF7C2FD10BDC04650110020F8B51E4CC2
:101F0000200006F0FFFB1D4806F0FCFB1C4806F015
:101F1000F9FB200006F0F6FB01F0C6F9FFF7BAFD69
:101F2000184CF22292000021200006F054FB1E20E3
:101F3000FFF7E4FD2925FF2363552A27E3552B26C8
:101F4000A3551148FFF786FDFFF796FD192002F013
:101F500001FA00236355E355A3559133FF33E3643E
:101F60000020FFF7CBFD0848FFF774FDFFF784FD65
:101F7000192002F0EFF9F8BDC8A00008F0A0000891
:101F800010A100085011002079110020F0B5CE46B4
:101F900000B584B0274A8C235B00D058264B98426A
:101FA0000BD8ED2812D90123812B0BDC9A00234991
:101FB0005458A04210D20133F6E7A0235B009621CB
:101FC0004900D15204B004BC9146F0BD194AA02387
:101FD0005B001B49D152F5E71A001E3A154F9100DC
:101FE00052185100A0267600B953013B9B00134ABA
:101FF0009B589DB2A2B2AD1AA9B21B041D0CAA0037
:1020000052195300820010184200981A0391FEF7EB
:102010007BF882B291462204120C0004000C00905E
:10202000039B2900074806F0DFFABB5B4A469B1A70
:10203000BB53C7E7501100201B0F0000309B000866
:10204000DE03000024A1000810B505F04DFE044A8F
:10205000AC235B00D050034803F088FA10BDC046A3
:1020600050110020C83F002010B5064AB9235B007C
:10207000D35C002B02D1FFF741FE10BDFFF78AFDB4
:10208000FBE7C0465011002070B5050003781C4CDA
:10209000A37301781B4806F0A7FA69781A4806F07E
:1020A000A3FA6B789B0963706B781B1103221340B2
:1020B000A3706B789B101A40E2706B785B1001265E
:1020C00033402375A978114806F08EFAAB78DB0906
:1020D000E373AB789B1133402374AB785B111E40E4
:1020E0006674AA781F231340638205F0FDFDB623B2
:1020F0005B00E0506C3BFF3B63810023E38370BDDA
:10210000501100205CA1000878A1000884A10008FB
:1021100010B5244C7C220021200006F05CFA043C1F
:102120007E232370703B6370C233A3701E4BC722A3
:1021300052009A5CE27009216171A2712122E27160
:102140009A7B22725A7862729A78A272DA78E27274
:102150001B7D002B22D080235B42134A127C002A75
:102160001ED100221343DBB20F4A518A0B430F4C9E
:10217000237398235B00D35A63730D22012120003F
:1021800001F02EFDA0737F23E373102221000120B4
:1021900001F0BAFC064806F0B5FA10BD0023DCE7F2
:1021A0004022DFE7803E0020501100207C3E0020CE
:1021B00004A2000810B50A4806F0A4FA094CFC2253
:1021C0000021200006F007FA043C04220649200002
:1021D00006F0F8F92100022001F07EFC10BDC04697
:1021E00044A200081513002060A2000810B50C4896
:1021F00006F088FA0B4CF2220021200006F0EBF9E1
:102200000E3C0E220849200006F0DCF921000220D5
:1022100001F062FC2100054806F0E6F910BDC04659
:10222000C4A300081F130020DCA30008A8A2000814
:1022300070B5050001000C4806F0D6F90B4C802261
:1022400052000021200006F0C6F92A0008492000AB
:1022500006F062FA2100022001F03EFC2100054850
:1022600006F0C2F970BDC046ECA3000811130020AF
:1022700010A40008A8A20008F0B5C64600B584B0B6
:1022800005000291140013780A000100D64806F0F8
:10229000ABF9412D4AD8AD00D44B5B599F46D44A87
:1022A000C7235B00D35C029A93423FD1D04A782384
:1022B000FF330121D15439E02000FFF7E5FE2378F8
:1022C000CB4DAB7363789B096B7063781B11032252
:1022D0001340AB7063789B101A40EA70627852101A
:1022E00001231A402A75A278D2096A75A278921140
:1022F0001A402A74A278521113406B74A2781F23DB
:1023000013406B8205F0F0FCB6235B00E8506C3B99
:10231000FF3B6B810023EB8301227D33FF33EA54C3
:1023200021786278A378B34806F05EF904B004BC63
:102330009046F0BDAE4AC7235B00D35C029A93423D
:10234000F4D12000FFF7A0FE2278A94B9A7362789F
:1023500092095A706278121103210A409A706278C9
:1023600092101140D97061784910012211401975FD
:10237000617811409976A178C9095975A1788911B8
:1023800011401974A17849110A405A74A1781F228A
:102390000A405A8201225A810022DA8300217D32CA
:1023A000FF32995421786278A378934806F01CF99B
:1023B000FFF7AEFEBAE76F1CE7193800FFF764FEBF
:1023C0008B4ABE235B000021D1543A786419A3786C
:1023D000E17800913100894806F006F9A6E700236C
:1023E000062BA3DC9D00665D8149C72252008A5CF2
:1023F000B242E0D00133F3E723781B02617819433E
:102400007B4BC022520099520A329A5A914206D806
:10241000511A774AC3235B00D15200270FE0784856
:1024200006F0E2F8724B00227E21FF315A549A7670
:102430007A22FF327D39FF39995477E70137A37843
:10244000BB4200DC72E7BBB29846DE00B6B2331D79
:10245000E55C2D022DB2731DE35C1D43B31DE25CF0
:10246000120212B2F31DE35C1A430392290065487D
:1024700006F0BAF85E4AC3235B00D35A9D42DDDC06
:10248000039A9A42DADD300008302018FFF7FCFD8D
:10249000574BC1225200414699529B7E012B00D0DE
:1024A00044E7534BDB7E029A934209D1504BC22240
:1024B00052009A5AC32149005B5A9A4200D135E72B
:1024C000514806F01FF94A4BC3225200995A023A6A
:1024D0009952029ADA760122BD2149005A547E218E
:1024E000FF315A5422E72578414A8A23FF33D554D5
:1024F0000022182A00DD19E7531CE35C3C48C72181
:102500004900415C994201D00132F2E75543ABB238
:102510000400C520400023523C4806F065F805E75A
:10252000334A7E23FF33D35C002B00D1FEE6002329
:1025300022789A4200DCF9E62D49C1225200895ADC
:10254000580022185278914201D00133F0E7201848
:102550008278274B9A812E4806F046F8E6E6244A10
:10256000C7235B00D35C029A934200D0DEE605F0FD
:10257000BBFB1F4BB622520098500C3201219954DC
:10258000D4E6BFF34F8F234B234ADA60BFF34F8F5C
:10259000C046FDE72378002B05D0154AB9235B0020
:1025A0000021D154C2E6124B002231215A545A86DE
:1025B0007332FF3230399954B8E622780C4B9A8145
:1025C000B4E60B4AC7235B00D35C029A934202D065
:1025D000FF2A00D0AAE62278054B9A767A22FF32AB
:1025E00001219954A2E6C04624A400081C9A0008C0
:1025F0005011002054A4000894A40008D0A400089E
:102600000CA500084CA5000868A5000884A50008D2
:10261000B0A5000800ED00E00400FA0522781202DF
:1026200063781343054DDF2464002B53FFF7C2FD8D
:10263000285BFFF7FDFDFFF7BDFD77E65011002099
:1026400010B5C8B001F06CFB1A4AE0235B00D05C07
:1026500001F0E2FC184B1968002245A804F0F2FDD5
:1026600009E0154B196845AC0022684604F0EAFD04
:102670006B4607CB07C4459B102B18D104AC8222B4
:1026800052004699200005F09DFF21780B4805F087
:10269000ABFF23783033DBB2012BE2D804AB1979DE
:1026A0005879587016226A44FFF7E6FDD9E748B01A
:1026B00010BDC0465011002058430020D8A5000886
:1026C00070B505000C4C802252000021200005F05E
:1026D00082FF2A000949200006F01EF82100084860
:1026E00005F082FF2100022001F0F6F921000548E3
:1026F00005F07AFF70BDC04611130020F8A5000850
:1027000070A20008A8A2000810B5012000F06EFE1B
:102710001F4AE0235B000021D154FFF74BFDFFF778
:1027200065FDFFF747FD00240EE0A200194BD158CC
:10273000194801F0BFF9FFF73DFDE1204002FFF726
:10274000BFFFFFF737FD0134022CEEDD104AB62340
:10275000FF33D35C002B0CD10D4ABE23FF33D35C77
:10276000002B0DD10A4B01229A767A21FF315A545F
:1027700010BDFFF71FFDFFF739FDFFF71BFDEBE76E
:10278000E0235B000121D154002000F02FFEE9E797
:1027900050110020249B0008AC40002010B50D48CB
:1027A00005F0B0FF0C4C8E23FF33E15C0B4805F0C5
:1027B0001BFFC7235B00E15C094805F015FF902370
:1027C000FF33E15C074805F00FFF074805F09AFF6B
:1027D00010BDC04604A600085011002038A600080D
:1027E0005CA6000880A60008A4A60008F0B587B083
:1027F0000D0016005F4B984253D813185D4A934260
:1028000000D88BE083B2DC43A4B21B0A05AA137084
:102810005070FA239B0000930223A021564802F037
:10282000AFFC03900700142001F094FD002F66D147
:10283000FA239B00009323002A00A0214E4802F0B7
:1028400055FD03900700142001F084FD002F5BD19B
:102850002D19341BA4B205AA002313705370FA2358
:102860009B0000930223A221434802F089FC06004A
:10287000142001F06FFD002E4BD1FA239B00009332
:1028800023002A00A2213C4802F030FD040014205D
:1028900001F060FD002C26D02100384805F0A4FE90
:1028A00021E080B2013080B2030A05AA1370507093
:1028B00064230093623BA2212F4802F061FC0400D4
:1028C000142001F047FD002C0FD1FA239B00009348
:1028D00033002A00A221284802F008FD002809D16F
:1028E000142001F037FD07B0F0BD2100244805F0A9
:1028F0007BFEEAE70100234805F076FEF0E7039946
:10290000214805F071FE93E70399204805F06CFE1D
:102910009EE731001E4805F067FEAEE783B21B0A52
:1029200005AA13705070FA239B0000930223A02184
:10293000114802F025FC0400142001F00BFD002CCE
:1029400013D1FA239B00009333002A00A0210A48E8
:1029500002F0CCFC0400142001F0FCFC002CC2D0DE
:1029600021000C4805F040FEBDE721000A4805F0B3
:102970003BFEE6E7FFFF00007C3F002078A8000850
:1029800098A70008C0A70008E8A7000818A8000832
:1029900048A80008D0A80008A8A8000810B5074C4F
:1029A00013220021200005F016FE13222100002032
:1029B000FFF71CFFFFF7F2FE10BDC046DC1200203F
:1029C00010B5FFF7EBFF0A4A8E23FF33D35C002BD1
:1029D00000D0042306499022FF32885C184300F09F
:1029E000A3FC012000F0DAFC00F0ECFC10BDC046B6
:1029F0005011002070B582B09A4BAC225200995809
:102A000008329858FFF7BEF8FA239B00984200D886
:102A100025E1944ABF235B00D35C002B49D0914A47
:102A2000BB235B00D35C012B4ED08E4AB623FF3311
:102A3000D35C002B4FD08B4BAC22520099580832FC
:102A4000995010329B5C002B48D0864AB8235B001B
:102A50000021D154834CB8235B00E05C00F050FCB3
:102A600000F0CEFCC0B2BE23FF33E35C83420DD046
:102A70007C4ABE23FF33D054002835D07A4805F075
:102A800041FE784AE0235B000121D154754BAC2212
:102A900052009C580C3298582100FFF773F8734B82
:102AA000984200D8DBE06F4AB2235B00D450002488
:102AB00034E0140001257F33FF33D55400F09CFF30
:102AC000BB235B00E554AAE77633FF330021D154E2
:102AD000FFF776FFA9E7FFF717FEACE7614AB823D7
:102AE0005B000121D154B5E7614805F00BFE5D4A5A
:102AF000E0235B000021D154C8E75A49602300223B
:102B0000CA540133CC54503104325A4801F0F0FD1C
:102B1000544A6023D35C002BFAD00134092CECDD3D
:102B2000504B0022822149005A5004315A5004313E
:102B30005A5004315A502AE04A4B1100183189008A
:102B400059184968822040001C58A4466144195015
:102B50001100223189005918496804301C58A446D4
:102B60006144195011002C3189005918496804300A
:102B70001C58A44661441950110036318900591877
:102B8000496804301C58A446614419500132092A8E
:102B9000D2DD00240EE0334D230040339B00EB18C0
:102BA00058680A21FDF7B0FA230044339B00ED1862
:102BB00068600134032CEEDD2A4C8E267600A35982
:102BC0008C225200A2588A214900615890256D003C
:102BD00060590090284805F007FDA059FEF756FD02
:102BE000264A274BFDF762FF0022264BFDF75EFFCA
:102BF00002000B00FDF73EFC23003933FF33186061
:102C000059600022204BFDF751FFFDF753FB1436AE
:102C1000A0536059FEF73AFD184A194BFDF746FFDD
:102C20000022184BFDF742FF02000B00FDF722FCCB
:102C300023002933FF33186059600022124BFDF73F
:102C400035FFFDF737FB04356053FFF79FF9A15BB4
:102C5000625BA0235B00E35E0C4805F0C5FC02B09C
:102C600070BDC04650110020F8A80008881300006D
:102C700010A90008FC42002028A9000866666666C4
:102C800066660A400000303F0000244068A9000842
:102C9000F0B58BB01422002105A805F09CFC2D4B4B
:102CA000D96A04221143D962D96A0A400192019A71
:102CB000D96A80221143D962D96A0A400292029AE3
:102CC000DA6A01273A43DA62DA6A3A400392039AEF
:102CD000D96A02221143D962DB6A1A400492049B2A
:102CE0008024A401002221001B4802F0B8F8002231
:102CF0001A491B4802F0B3F899252D020022290039
:102D0000A020C00502F0ABF80594069700240794B4
:102D10000326089605A9104801F0CEFF114B059334
:102D200006970794089605A90D4801F0C5FF05957B
:102D300006970794089605A9A020C00501F0BCFFDE
:102D4000402305930694079405A9054801F0B4FFB4
:102D50000BB0F0BD0010024000080050C4F00000AD
:102D600000040050A4F0000000B583B0114A116BBC
:102D7000012319431163126B13400193019B00223D
:102D80000321092001F0F4FD092001F023FE0022B7
:102D900003210A2001F0ECFD0A2001F01BFE0022B5
:102DA00003210B2001F0E4FD0B2001F013FE03B022
:102DB00000BDC0460010024010B5FFF745F9FFF70F
:102DC00019FE012004F0EEF9F7E710B5012004F038
:102DD000E9F9FBE710B5FFF747F9012004F0E2F944
:102DE000F9E710B5FFF72CFC012004F0DBF9F9E757
:102DF00000B583B00190FA239B00012201A903488A
:102E000004F00CF8019803B000BDC0467C410020DE
:102E100072B6FEE700B583B008220021684605F0CF
:102E2000DAFB2948294B03600023C3638022D205C3
:102E30004260836005228263043A0261C3602021FC
:102E40004254013143548362C221FF3141629639B9
:102E5000FF39425403324261036383614363C361B8
:102E600001F052FB002824D1194B009380235B0111
:102E700001936946144801F01DFD00281BD1154B34
:102E800000936946104801F015FD002815D1124B3A
:102E9000009369460C4801F00DFD00280FD10F4B3F
:102EA00000936946084801F005FD002809D103B0E8
:102EB00000BDFFF7ADFFFFF7ABFFFFF7A9FFFFF77F
:102EC000A7FFFFF7A5FFC046FC42002000240140F9
:102ED000040000080800000C10000010200000147E
:102EE00010B51248124B0360124B436000238360FD
:102EF0000122C260036143618361C361036202F026
:102F0000D9F800280CD10021084802F0A5FA0028C1
:102F100008D10021054802F0CBFA002804D110BDE9
:102F2000FFF776FFFFF774FFFFF772FF7C3F00208B
:102F3000005400408266500000B587B0082200218E
:102F400004A805F048FB10220021684605F043FB69
:102F500029482A4B0360002343608360802252008B
:102F6000C2600361436103F042F9002835D10023B8
:102F70000493059304A9204803F03AFA00282ED1BF
:102F80006023009300230193029303930022694678
:102F9000194803F0B9F9002823D10421164803F099
:102FA0005DFA00281FD104226946134803F0ACF9EA
:102FB00000281AD1082269460F4803F0A5F9002815
:102FC00015D10C2269460C4803F09EF9002810D157
:102FD000094800F0CFFA07B000BDFFF719FFFFF76F
:102FE00017FFFFF715FFFFF713FFFFF711FFFFF7BD
:102FF0000FFFFFF70DFFC0462440002000040040F3
:1030000010B50B480B4B036096231B024360002353
:103010008360C36003610C2242618361C361036208
:10302000436203F0ABFF002800D110BDFFF7F0FEB4
:103030007C4100200038014010B50B480B4B036069
:1030400096239B01436000238360C36003610C22CD
:1030500042618361C3610362436203F08FFF002812
:1030600000D110BDFFF7D4FE2C420020004C0040E0
:1030700010B50B480B4B036096231B0243600023E3
:103080008360C36003610C2242618361C361036298
:10309000436203F073FF002800D110BDFFF7B8FEB4
:1030A000AC4000200050004010B50748074B0360BB
:1030B00006234360064BC360836002F023FA0028B6
:1030C00000D110BDFFF7A4FEC83F00200030004033
:1030D000FF0F000010B50A480A4B0360002343604D
:1030E0007F2282608032C260036143618361C36179
:1030F00002F05AFF002800D110BDFFF789FEC0463C
:10310000044200200028004000B59BB0342200217A
:103110000DA805F060FA1422002108A805F05BFA5A
:1031200020220021684605F056FA1C490B681C4A0B
:103130001A4080231B0113430B6009230D93802346
:103140005B020E9301231293002316930DA802F045
:103150006DFA00281CD10F2308930D3B099300231F
:103160000A930B930C93012108A802F0EDFC0028B0
:1031700010D12923009300230293059380239B02FF
:103180000193684602F0F2FD002805D11BB000BD96
:10319000FFF73EFEFFF73CFEFFF73AFE00700040EF
:1031A000FFE7FFFFF0B5A5B001F0AEF8FFF7ACFF09
:1031B000FFF76EFDFFF7D8FDFFF72CFEFFF790FE3F
:1031C000FFF7BAFEFFF71CFFFFF736FFFFF750FFD0
:1031D000FFF76AFFFFF77EFFFEF790FE20A82B4C5B
:1031E0000300250046CD46C32A681A60002103F07B
:1031F000E1FF274B18601CA803002200C2CAC2C30B
:103200002A681A60002103F0D5FF224B186015A828
:1032100002002300103362CB62C262CB62C21B6821
:103220001360002103F087FF1B4B18600EA80200FB
:1032300023002C3362CB62C262CB62C21B68136074
:10324000002103F078FF154B186007A80200230047
:10325000483362CB62C262CB62C21B68136000213A
:1032600003F069FF0E4B186068460300643426CCF7
:1032700026C326CC26C322681A60002103F05BFF18
:10328000084B186003F052FFFEE7C046389D000867
:103290005843002028420020B0420020D83F0020A0
:1032A000304100200042002070B5134805F02AFA92
:1032B000124C03220021200005F08DF9FF23A3709A
:1032C000002415E080263602A025ED0500223100FD
:1032D000280001F0C4FD192001F03CF80122310062
:1032E000280001F0BCFD192001F034F80134E4B2EB
:1032F000092CE7D970BDC046D8A90008F402002007
:1033000010B5084B1B7883420AD0064B1870424216
:103310004241D2B28021A0200902C00501F09FFDE8
:1033200010BDC046F4020020F8B5040001001848A2
:1033300005F05AF9174B9B78A34227D0154B9C7088
:10334000012722007A40012632408021A025ED0588
:103350000901280001F083FD62087A403240802193
:103360004901280001F07BFDA2087A4032400A4D55
:1033700080214901280001F072FDE4087C40320000
:10338000224080210902280001F069FDF8BDC046F5
:10339000E8A90008F40200200004005010B5040061
:1033A0000100064805F020F9013C62426241D2B2B8
:1033B00080218901024801F052FD10BD04AA0008D5
:1033C0000008005070B580256D00A024E40500229F
:1033D0002900200001F043FD192000F0BBFF01226D
:1033E0002900200001F03BFD70BD000010B5020077
:1033F0002021024801F033FD10BDC04600040050FA
:1034000010B54021044801F023FD002801D100201F
:1034100010BD0120FCE7C0460004005010B5084B69
:103420005A6B01210A435A63996B802252050A4361
:103430009A63022000220321404201F099FA10BD54
:103440000010024030B587B004001422002101A80A
:1034500005F0C1F81B4B22689A4201D007B030BD7D
:10346000194B5A6B8025AD002A435A63D96A012251
:103470001143D962DB6A1A400092009B3C230193FE
:10348000393B0293A02001A9C00501F015FC0F48AB
:103490000F4B0360002343608360C360802202619E
:1034A00045618022120182612022C261036201F023
:1034B000D1FA002803D1054BE3649C62CEE7FFF705
:1034C000A7FCF8E70024014000100240B4420020AD
:1034D0000800024010B586B004001422002101A8A3
:1034E00005F079F82268104B9A4201D006B010BD61
:1034F0000E4CE26A02231A43E262E26A134000932E
:10350000009BC0239B000193122302930F3B049363
:103510000133059301A9064801F0CEFBA26B80237D
:103520009B031343A363E1E70054004000100240F3
:10353000000400500268054B9A4200D07047044ACC
:10354000116D8023DB020B431365F7E70028004071
:10355000001002400268054B9A4200D07047044AAE
:10356000936B02210B439363F8E7C04600040040CD
:103570000010024010B588B004001422002103A8F6
:1035800005F029F82268154B9A4201D008B010BD09
:10359000134BD96A01221143D962D96A0A400192B8
:1035A000019ADA6A02242243DA62DB6A2340029338
:1035B000029BC023039304940794A02003A9C00591
:1035C00001F07AFB032303930494002305930693ED
:1035D000079403A9034801F06FFBD7E700040040FC
:1035E000001002400004005030B589B004001422DD
:1035F000002103A804F0EFFF2368534A934207D049
:10360000524A934239D0524A93426AD009B030BDEF
:10361000504B596B8022D2010A435A63D96A012266
:103620001143D962DB6A1A400092009BC023DB0081
:103630000393022304930325069502330793A020E6
:1036400003A9C00501F038FB4348444B03604560C3
:1036500000238360C3608022026143618361603A1A
:10366000C261036201F0F6F9002803D13A4B2367E7
:103670009C62CBE7FFF7CCFBF8E7364B996B8022D7
:1036800012030A439A63D96A01221143D962DB6AA1
:103690001A400192019B0323039302220492069392
:1036A00003330793A02003A9C00501F005FB2C48B4
:1036B0002C4B03600C23436000238360C360802293
:1036C000026143618361603AC261036201F0C2F941
:1036D000002803D1224B23679C6297E7FFF798FBF2
:1036E000F8E71C4B996B802252030A439A63D96A0C
:1036F00002221143D962DB6A13400293029B182312
:1037000003930492153B06930333079303A91648CA
:1037100001F0D2FA1548164B03600D2343600023D5
:103720008360C3608022026143618361603AC26149
:10373000036201F08FF9002803D10C4B23679C62D0
:1037400064E7FFF765FBF8E700380140004C0040F4
:103750000050004000100240344100203000024080
:10376000644000201C00024000040050DC3F0020A8
:103770006C000240FEE7FEE710B500F0D9FD04F052
:1037800081FC012801D004F095FD10BD10B5024860
:1037900001F032FA10BDC046B442002010B5034813
:1037A00001F02AFA024801F027FA10BD6440002017
:1037B0003441002010B5024801F01EFA10BDC04689
:1037C000DC3F00207047000010B5002417E04908D6
:1037D000520892B201339BB2072B08D80800504020
:1037E000C007F4D549080B48414089B2F0E70A4BBD
:1037F000E2185200094B9B1859800134A4B2FF2CE7
:1038000003D8220000210023E6E7044A044B0121EB
:10381000D15410BD01A0FFFFB01300001815002007
:103820006027000010B5024802F002FF10BDC0463C
:103830007C41002010B5034802F0FAFE024802F075
:10384000F7FE10BD2C420020AC40002010B50368EC
:10385000134A934206D0134A93420DD0124A934220
:1038600014D010BD114C200002F044FE012210497A
:10387000200003F011FCF4E70E4C200002F03AFEA9
:1038800001220D49200003F007FCEAE70B4C200061
:1038900002F030FE01220A49200003F0FDFBE0E7C0
:1038A00000380140004C0040005000407C410020A6
:1038B0001D1500202C4200203D220020AC4000209D
:1038C0005D2F002070B50368284A934206D0284A2D
:1038D000934217D0274A93422ED070BD04F004FAC9
:1038E0002549264BC85026480A5A531C4C798A1839
:1038F00094719B059B0D0B5205310122214803F069
:10390000CBFBEAE704F0F0F91B491F4BC8501F48F6
:103910000B5A5A1C1E4C0C5DCB181E4DAC46634412
:103920001C7093059B0D0B52194B9C466144012260
:10393000194803F0B1FBD0E704F0D6F90E49174B54
:10394000C85017480B5A5A1C164C0C5DCB18164D14
:10395000AC4663441C7093059B0D0B52114B9C4667
:1039600061440122114803F097FBB6E7003801409B
:10397000004C0040005000401815002014080000C2
:103980000C0400007C410020341500002C110000C4
:10399000250D0000260D00002C42002054220000BE
:1039A0004C1E0000451A0000461A0000AC400020E2
:1039B00010B503680A4A934206D00A4A934207D0D8
:1039C000094A934208D010BD084804F09BFEFAE76C
:1039D000074804F097FEF6E7064804F093FEF2E786
:1039E00000380140004C00400050004020AA000870
:1039F00048AA000870AA0008F8B5244804F082FE1E
:103A0000234C244A0021200004F0E5FD224F2760CA
:103A1000224ED2231B01E650214DD2235B01E550FB
:103A2000012323711F4AA3541F4AA354611D01227D
:103A3000380003F031FB1D4BE1180122300003F088
:103A40002BFB1B4BE1180122280003F025FB3968F2
:103A50000B68202213430B6031680B6813430B6023
:103A600029680B6813430B60002205211B2000F01E
:103A70007FFF1B2000F0AEFF002205210E2000F08A
:103A800077FF0E2000F0A6FFF8BDC04604AB00088B
:103A900018150020642900007C4100202C420020E1
:103AA000AC400020240D0000441A0000250D000049
:103AB000451A000010B504004160064804F094FD6A
:103AC000200003F05BFA002800D110BDFFF7A0F939
:103AD000FBE7C04614AB000870B505000C000228D7
:103AE00001D972B6FEE70800FDF772FFFA2382B231
:103AF000D220000168439B002100024C005903F0D2
:103B00008DF970BD1815002010B5C3001B1A1801DF
:103B1000C01A430102481858642303F07FF910BD0E
:103B20001815002010B5234C8022D200002120005F
:103B300004F051FD204BE118204BCA5A204B9C4603
:103B40006144200004F03EFD1E49200004F016FEF2
:103B500004001D4AB623FF330121D15403221B491F
:103B600004F0FAFD00281FD006221949200004F0B5
:103B7000F3FD002818D00C221649200004F0ECFDBB
:103B800000280CD008221449200004F0E5FD00288C
:103B90000BD10D4A7C23FF330021D15404E00A4AA3
:103BA0007C23FF330121D15410BD21000B4804F0C8
:103BB0001BFDF9E771380020A7DCFFFF5022000051
:103BC000501E0000CCAB00085011002034AB0008A0
:103BD00038AB000840AB000850AB00085CAB0008F5
:103BE00030B505000023002003E0CC182C5D6040B8
:103BF00001339342F9D330BD70B53D4E8022D200DF
:103C00000021300004F0E7FC8222520000213948F4
:103C100004F0E1FC384BF418384BE55A384BE11806
:103C20002A00300004F0CEFC013D2A0000213000C3
:103C3000FFF7D6FF6419334A944664442278FF2A7A
:103C400001D090421AD1304A304BD15C294B1970C7
:103C5000C02938D020D8B02946D1264C0423FF33C0
:103C60000122E254E01C0132294904F0ABFC294B4B
:103C700018680022210003F0B3FA0CE00100264886
:103C800004F0B2FC1B490423FF330022CA54214B29
:103C9000186803F0A5FA70BD0B003033DBB2012BBE
:103CA00022D8144C0423FF330122E254A1708A1E4F
:103CB000E01C174904F086FC164B1868002221000E
:103CC00003F08EFAE7E70B4C0423FF330122E254A2
:103CD000E01C0A320E4904F075FC0E4B18680022F5
:103CE000210003F07DFAD6E70C4804F07DFCD2E712
:103CF000512B0020F8020020C7E9FFFF301500001B
:103D00003011000039160000181500203A16000086
:103D1000532B00205843002070AB000894AB0008E0
:103D200070B503F0E1FF4E4A4E4BD35A002B01D140
:103D3000002431E04C4BD45803F0D6FF01002000A2
:103D4000FDF720FFFA239B009842F1D903F0CCFF46
:103D5000434C454BE050454BE0188022D2000021F7
:103D600004F039FC00220023414962523D4962526D
:103D7000404AA354404AA3540021404804F034FC74
:103D800062E07E282BD0364A3B4B0021D154344A86
:103D90003B4BD35C012B52D0314B354A9A5A3149B7
:103DA0005B5A9A424BD05A1C2D49CB182F48844657
:103DB0006344187893059B0D2A4A8B522D4BCB5C9C
:103DC000012B11D0002BDCD0022B1DD0032BDED118
:103DD0007F282CD0224A274B0021D154D7E701332A
:103DE0001F49244A8B54CEE71D49234C0A5D551CBC
:103DF0000D558A18234CA446624410700138C4B291
:103E000001331C4A8B54C2E7154A1B4D515D4E1CB1
:103E1000565552181B498C4662441070013CE4B25E
:103E2000002CB4D101330E49124A8B54AFE70C4B2E
:103E3000134A012199540F4A00219954A7E7084ACF
:103E40000F4BD35C002B00D170BD13000C4A002136
:103E50009954094A995C0C4A9952FFF7CDFEF3E751
:103E6000181500202E11000034150000260D00004A
:103E70002C1100002611000027110000B4AB00082F
:103E800028110000301100003015000070B504004A
:103E90000D00104A104BD35C002B04D0002C05D031
:103EA0000021002013E0FFF78FFCF7E7002010E06F
:103EB00022784240000AFF231340084A9446634494
:103EC0005B00044AD3185B88584001340131A94291
:103ED000EED370BD1815002060270000B01300005D
:103EE000F8B53E4D8022D2000021280004F073FB7B
:103EF0008222520000213A4804F06DFB394BEC1845
:103F0000394FE65B394BE1183200280004F05AFBC8
:103F1000B11E2800FFF7BAFF0100E55BAB1EE318F6
:103F2000334A944663441B781B02013D6419644480
:103F300022781A4301D090421AD12E4A2C4BD15CE0
:103F4000274B1970B02935D016D9B2291FD1244C6E
:103F50000423FF330122E254E01C0732264904F017
:103F600031FB264B18680022210003F039F92BE0C1
:103F7000234804F039FB27E0A52926D0184A04235A
:103F8000FF330020D0541F4804F02EFB1CE0C02952
:103F9000F4D11D4804F0B6FB012200211B4802F0B9
:103FA0006FF8BFF34F8F1A4B1A4ADA60BFF34F8F87
:103FB000C046FDE70A490423FF330122CA540F4BD0
:103FC0001868002203F00CF9F8BDBFF34F8F104BB7
:103FD000104ADA60BFF34F8FC046FDE7713800200A
:103FE000F8020020A7DCFFFF50220000501E000056
:103FF000592300001815002076380020584300206F
:1040000070AB0008F0AB0008D0AB00080442002001
:1040100000ED00E00400FA05F8B504000A2513E0FD
:104020007E2E2FD0974A984B0021D15431009748CB
:1040300004F0DAFA3100964804F0D6FA914A954B2A
:10404000D35C012B00D1EEE08E4B934A9A5A9349F0
:104050005B5A9A4200D1E6E05A1C8A49CB18904834
:10406000844663441E7893059B0D8C4A8B52002C2A
:1040700000D1C3E08B4BCA5C092ADFD893008A4980
:10408000CB589F4601327F49864BCA54CAE77D4BC5
:104090007D490120585485495E54013281495A5462
:1040A00031007B4804F0A0FA0025C7E7754F764A37
:1040B000BB5C591CB954FB187C4A944663441E707F
:1040C0003100734804F090FA764ABB5C0133BB546C
:1040D000B4E76C4F6C4ABB5C591CB954FB18734A6B
:1040E000944663441E703100694804F07DFA6D4ABD
:1040F000BB5C0133BB54A1E7624D634AAB5C591C06
:10410000A954EB18694A944663441E703100604814
:1041100004F06AFA634AAB5C0133AB5400258DE7C7
:10412000584B59495A5C501C58549B185F4A944646
:1041300063441E7035433100554804F055FA002D94
:1041400005D05049574A8B5C01338B5476E74D4A72
:10415000544B0721D15471E74A4B4B495A5C501CD0
:1041600058549B18514A944663441E70013DEDB269
:104170003100474804F038FA002D00D05EE741498D
:10418000484A8B5C01338B5458E73E4F3E4ABB5C38
:10419000591CB954FB18454A944663441E703100BB
:1041A0003B4804F021FA3F4ABB5C0133BB5445E76E
:1041B000344F354ABB5C591CB954FB183B4A9446F2
:1041C00063441E703100324804F00EFA354ABB5C7D
:1041D0000133BB5432E77F2E04D02A4A314B0021F1
:1041E000D1542BE7274B2B4A012199542D4A00210A
:1041F000995431002E4804F0F7F91FE70D2E25D011
:10420000204B21495A5C501C58549B18274A94460D
:1042100063441E70300004F001FA1A4A1D4BD35C4F
:10422000012B00D010E7174A1A4BD35C002B0CD09F
:1042300013000021174A9954134A9D5C1D481D52D2
:104240009954002C1AD1FFF76DFCF8BD31001A48C3
:1042500004F0CAF90B490C480A5C531CDBB28A18FB
:10426000124FBC46624416705A1C0A54CB18634461
:104270000A221A70074B093ACA54CEE7FFF730FEFC
:10428000E3E7C04618150020471E000014AC0008E4
:104290001CAC0008481E00004C1E00004E1E000012
:1042A000461A0000461E0000DC9D0008501E00005B
:1042B00024AC000850220000B0AB000810B5040088
:1042C0000F4B1978FA208000FBF71EFF01000D4B01
:1042D0001868FBF719FF00F089FB00280DD1032CAB
:1042E00001D901200AE0013000222100404200F003
:1042F0003FFB034B5C60002000E0012010BDC04686
:10430000040000200000002010B5084A1368402176
:104310000B4313600320FFF7D1FF041E02D00124DA
:10432000200010BDFFF77AF8FAE7C04600200240EF
:10433000034A1168034B1B785B1813607047C04633
:104340005C43002004000020014B18687047C04601
:104350005C43002070B50400FFF7F6FF0500631C06
:1043600002D0044B1B78E418FFF7EEFF401BA0427D
:10437000FAD370BD0400002010B582B00400084BD1
:1043800018680849FBF7C0FE4443019402E0019B12
:10439000013B0193019B002BF9D102B010BDC04637
:1043A0000000002040420F0070B5040003689A68C6
:1043B000520725D59A68520706D59A68920703D402
:1043C0009A6810210A439A60FFF7BEFF0500236830
:1043D0009B685B0712D5FFF7B7FF401B0A28F6D989
:1043E00023689B685B07F2D5636D102213436365F6
:1043F000A36D0F3A1343A365012002E0002000E003
:10440000002070BD70B504000268916803230B4062
:10441000012B01D0002070BD1368DB0731D59168F6
:1044200005230B40012B09D0436D10221343436534
:10443000836D0F3A134383650120ECE793680221F3
:104440000B439360036803221A60FFF77DFF0500AA
:1044500023689B68DB0712D5FFF776FF401B0A280D
:10446000F6D923689B68DB07F2D5636D10221343EE
:104470006365A36D0F3A1343A3650120CBE70020CA
:10448000C9E70020C7E7000070B504000268916822
:1044900003230B40012B0DD091681A4B19420ED00B
:1044A000636D102213436365A36D0F3A1343A36535
:1044B000012070BD1368DB07EED50020F9E7936893
:1044C00001210B4393600120FFF756FFFFF73CFFEC
:1044D000050023681B68DB0712D4FFF735FF401B7C
:1044E0000A28F6D923681B68DB07F2D4636D102213
:1044F00013436365A36D0F3A1343A3650120D8E707
:104500000020D6E71700008070B5041E00D1E0E05F
:10451000436D002B2ED0636DDB0631D421688B6890
:1045200004221A402CD1636D6B4803400630FF30E3
:1045300003436365886803230340012B29D0636824
:10454000C0200006834228D08020C005834224D0AA
:1045500080200006834220D00B699B009B080B61E2
:104560005E4B19685E480140196019686068014334
:1045700019601BE0836550228354FEF763FFCAE78E
:10458000636D10221343636550230022E25401201F
:1045900070BD0B68DB0713D4D1E70B699B009B0848
:1045A0000B6121680B69606803430B612168CB686C
:1045B00018208343CB602168CB68A0680343CB609D
:1045C000464B19684748014019601968606B4006FE
:1045D0000143196023689968C90004D49868802150
:1045E0004905014399602168CB683F480340CB608F
:1045F0002068C168E3682569022D2DD0134320226D
:10460000A25C520313432C22A25C52001343226B80
:104610001343A26992031343E269D20313430B438A
:10462000C360636AC222FF32934205D02168CA6820
:10463000A06A03431343CB602123E35C012B0DD01D
:10464000E36B012B1ED023681A69D2072DD51A6996
:1046500001218A431A6128E00422CFE71F33E35C7B
:10466000002B06D12268D16880235B020B43D36004
:10467000E6E7636D202213436365A36D1F3A13437E
:10468000A365DDE72268136918490B4013612168AF
:104690000A69236C606C0343A06C034313430B61F2
:1046A0002268136901210B431361226853690721B2
:1046B0008B43536122685369A16B0B435361002301
:1046C000A365636D03229343023A1343636500209D
:1046D0005EE701205CE7C046FDFEFFFF08270140C2
:1046E000FFFFC3FFFFFFFFFD1902FEFF03FCFFFFFB
:1046F000F8B504000D00160003689A6852073CD410
:104700005022825C012A3AD0012150228154DA6879
:104710000A43DA60C369012B2DD0FFF7B5FE071EEF
:1047200027D1636D174A1A4080235B0013436365EA
:104730000023A3655022A354E36C134ADA62E36CAE
:10474000124A1A63E36C124A5A6323681C221A60E5
:104750002268536810210B435360216840313300B5
:104760002A00E06C00F0C2F92268936804210B4330
:1047700093603800F8BD0027D3E70227F9E7022746
:10478000F7E7C046FEF0FFFF194800088F48000811
:104790009B48000870B504005023C35C012B36D041
:1047A00050230122C254FFF7FFFD051E1DD12268D0
:1047B000D36801218B43D360E06C2523C35C022BBB
:1047C00018D02268536810218B435360002D1AD1F2
:1047D0002000FFF717FE0500002D06D1636D0D4A7E
:1047E00013400432FF321343636550230022E25426
:1047F000280070BD00F0B5F9051EE2D0636D4022BF
:1048000013436365DDE72000FFF7FCFDE4E70225C5
:10481000EEE7C046FEFEFFFF10B5836A5A6D5021D9
:10482000114203D0DB6C5B6B984710BD596D802241
:1048300092000A435A651A68D068C02109010842EB
:1048400014D12021595C002910D1116809070DD518
:10485000916849070ED451680C20814351605A6D0C
:1048600009490A400431FF310A435A651800FDF72F
:1048700061F9DAE75A6D20210A435A659A6D1F39AA
:104880000A439A65F2E7C046FEFEFFFF704710B587
:10489000806AFFF7FBFF10BD704710B5806A436D5B
:1048A000402213434365836D3C3A13438365FFF70E
:1048B000F3FF10BD70B504000D005023C35C012B45
:1048C0004BD050230122C25403689A6852071AD46D
:1048D000234A4968914229D0996A2A685203520BA7
:1048E0000A439A622B685B0316D42B689B0305D599
:1048F0001C4A11688023DB030B4313605023002202
:10490000E254002070BD436D2022134343655023C1
:104910000022C2540120F5E7124A116880231B04CB
:104920000B4313600A20FFF727FDDEE7996A2A6828
:104930005203520B914399622B685B0304D5094AD9
:10494000136809490B4013602B689B03D6D5054AB1
:10495000136806490B401360D0E70220D2E7C04637
:104960000110000008270140FFFF7FFFFFFFBFFF8E
:1049700070B5002811DB8308144DC0339B005C59CF
:1049800003221040C000FC3216008640B443890167
:104990000A40824022435A5170BDC0B20F230340E7
:1049A000083B9B0806339B00094A944663445D68B4
:1049B00003242040C000FF2214008440A543890145
:1049C0001140814029435960E6E7C04600E100E01C
:1049D00000ED00E0002805DB1F2318401E3B83404C
:1049E000014A13607047C04600E100E001380A4BFD
:1049F00098420FD8094A50600948036A1B021B0AF3
:104A0000C02109060B430362002393600733136040
:104A1000002070470120FCE7FFFFFF0010E000E0EE
:104A200000ED00E070B51C25446C2540066C0124A7
:104A3000AC407460046863608368102B04D0036822
:104A400099600368DA6070BD03689A600368D96092
:104A5000F9E7000070B5041E3DD005681F4BE8184B
:104A60001421FBF751FB800060641D4B2364252358
:104A70000222E2542B681B4A1A40A368E1680B43E8
:104A800021690B4361690B43A1690B43E1690B4346
:104A9000216A0B4313432B608023DB01A2689A42F7
:104AA00010D0114B19681C22656C15400F20A840CE
:104AB000814319601968606C024060689040020090
:104AC0000A431A600023E36325220121A154013A1D
:104AD000A354002070BD0120FCE7C046F8FFFDBFD5
:104AE000000002400F80FFFFA800024070B50400E4
:104AF0002420205C012832D02420012525540130B7
:104B0000205C012804D024230022E254022070BD3E
:104B10002430013525540020E063256828680126EB
:104B2000B04328602000FFF77DFF236B002B0BD0E4
:104B3000226813680E210B43136022681368012159
:104B40000B4313600020E2E72268136804218B43C3
:104B500013602268136806310B431360EDE70220EF
:104B6000D5E710B52523C35C022B06D00423C3630D
:104B700020330022C254012010BD026813680E21A8
:104B80008B43136001680A6801239A430A601C2260
:104B9000416C0A40016C1C0094404C6025228354F7
:104BA00023330022C2540020E6E710B52523C35C5E
:104BB000022B03D00423C363012010BD02681368D5
:104BC0000E218B43136001680A6801239A430A602F
:104BD0001C22416C0A40016C1C0094404C60252250
:104BE000835423330022C254836B002B02D0984796
:104BF0000020E2E70020E0E770B5036C1968046864
:104C000025681C23426C134004229A40114214D0A0
:104C10006A0712D523689B0603D4236804229343B2
:104C200023601C22436C1A40016C042393404B60A8
:104C3000036B002B00D0984770BD02229A401142AE
:104C40001AD0AA0718D523689B0606D423680A221F
:104C5000934323602523093AC2541C22436C1A4013
:104C6000016C022393404B6024230022C254C36A88
:104C7000002BE1D09847DFE708229A401142DBD0B1
:104C80002B07D9D523680E22934323600E32436C41
:104C90001A40016C01231C0094404C60C363252220
:104CA000835423330022C254436B002BC4D0984753
:104CB000C2E7C06B70470000F0B5002357E085687D
:104CC0005F000326BE40B5432E00CD68BD4035438E
:104CD00085604568A5434C682609012434409C4002
:104CE0002C43446051E0DD080835AD002E580534F2
:104CF0001C40A4000F27A740BE430F69A7403C00FB
:104D000034432C5055E0052600E00026AE40350027
:104D10003D430234A400464EA551464C2568D44379
:104D20002E0026404F68FF0301D515432E00414D4C
:104D30002E606D682E0026404F68BF0301D51543D5
:104D40002E003C4D6E60AD682E0026404F68FF027D
:104D500001D515432E00374DAE60ED682C404E68EE
:104D6000B60201D52A431400324AD46001330A68DE
:104D70001400DC405BD001249C402240F6D0032587
:104D80004E683540013D012D99D903244D682C40D2
:104D9000032C09D0C4685E000325B540AC43250050
:104DA0008C68B4402C43C46003244D682C40022C12
:104DB00099D005685E0003242700B740BD434F68C3
:104DC0003C40B4402C430460C024A4024D682542FA
:104DD000CCD0194D6C6B012634436C639C08A51C28
:104DE000AD00134EAF5903261E40B5000F26AE404E
:104DF000B743A026F605B04287D0104EB0420ED081
:104E00000F4EB0420DD00F4EB0420CD00E4EB042FD
:104E10000BD00E4EB04200D175E7062676E701268C
:104E200074E7022672E7032670E704266EE7F0BDFA
:104E30000000014000040140001002400004005046
:104E400000080050000C005000100050001C0050E2
:104E500003690B4201D1002070470120FCE7002AC2
:104E600001D1816270478161FCE703689A6992070A
:104E700001D500229A6203689A69D20703D49A691D
:104E800001210A439A617047F0B5059C056868687E
:104E9000660D8027FF003740054E3E43B04389052D
:104EA000890D120411430B43234303436B60F0BD90
:104EB000FF63FF0370B504000E00150003689A69D4
:104EC000D2063BD55A68920104D459688022D20197
:104ED0000A435A6023689A69920615D4731CF9D064
:104EE000FFF732FA401BB04201D8002EF2D1636CBA
:104EF0002022134363644123E25400232232A3544B
:104F0000023AA354012018E01022DA612368202518
:104F1000DD612000FFF7A9FF2268536808490B40B4
:104F20005360636C0422134363644123E5540023FC
:104F30003E32A354023AA354012070BD0020FCE786
:104F400000E800FE70B504000D00160023689B69A0
:104F50009B071CD4320029002000FFF7ABFF00287C
:104F600017D16B1CF2D0FFF7EFF9801BA84201D8D4
:104F7000002DEBD1636C2022134363644123E25480
:104F800000232232A354023AA354012000E000205F
:104F900070BD0120FCE7F8B506000C0017001D00ED
:104FA00033689B6923401B1B5A425341BB4216D1B5
:104FB0006B1CF5D0FFF7C8F9069BC01AA84201D8B0
:104FC000002DEDD1736C2022134373644123F254FE
:104FD00000232232B354023AB354012000E00020EF
:104FE000F8BD70B505000C0016002B689B699B0688
:104FF0001AD4320021002800FFF75CFF002815D1E9
:10500000FFF7A2F9801BA04201D8002CEDD16B6CF8
:10501000202213436B644123EA5400232232AB5411
:10502000023AAB54012070BD0020FCE70120FAE7F2
:1050300070B504000D00160023689B695B0733D42C
:10504000320029002000FFF735FF00282ED1236809
:105050009A69920611D4FFF777F9801BA84201D80C
:10506000002DE9D1636C2022134363644123E25491
:10507000013B0022E254012070BD9A69520702D51B
:10508000228D002AF8D12022DA6121684B68084875
:1050900003404B6000236364412162542232A354D5
:1050A000023AA3540120E7E70020E5E70120E3E707
:1050B00000E800FE10B5041E59D04123C35C002B4C
:1050C00043D041232422E2542268136801218B43F8
:1050D00013602268274B61680B4013612268936854
:1050E00025490B409360E368012B34D02268842368
:1050F0001B02A1680B439360E368022B32D0226845
:1051000051681E4B0B4353602268D3681A490B4009
:10511000D360236962691343A269120221681343B1
:10512000CB602268E369216A0B431360226813682D
:1051300001210B4313600023636441221F31A154FA
:1051400023630132A354002010BD40330022C25417
:10515000FEF7C0F9B5E7226880231B02A1680B4364
:105160009360C9E72368802212015A60C7E70120D3
:10517000EAE7C046FFFFFFF0FF7FFFFF008000026D
:10518000F0B585B00500039117001E004123C35CF4
:10519000202B00D099E02033C35C012B00D197E095
:1051A00040230122C254FFF7CFF804008021009071
:1051B0001923012209022800FFF7EDFE002800D084
:1051C00088E041232122EA540133113AEA540023B2
:1051D0006B646F626E856B636B8D9BB2FF2B0BD91B
:1051E000FF232B857F3B3F4A00925B04FF220399FC
:1051F0002800FFF749FE18E06A8D92B22A858023C5
:10520000D2B2384900919B0403992800FFF73CFE75
:105210000BE06A8D92B22A858023D2B200210091E0
:105220009B0403992800FFF72FFE6B8D9BB2002B88
:1052300034D022000A992800FFF784FE00284BD1C1
:105240002B686A6A12789A626B6A01336B626B8DA3
:10525000013B9BB26B852B8D013B9BB22B856A8DED
:1052600092B2002AE1D0002BDFD100940A9B0022E9
:1052700080212800FFF78FFE00282FD16B8D9BB275
:10528000FF2BC6D9FF232B857F3B002200925B04B6
:10529000FF3203992800FFF7F7FDC6E722000A99BD
:1052A0002800FFF79EFE00281AD12B682022DA6121
:1052B00029684B680C4C23404B604123EA5400237F
:1052C0002232AB54023AAB5400E0022005B0F0BDEC
:1052D0000220FBE70120F9E70120F7E70120F5E7CD
:1052E0000120F3E70020008000E800FEF0B585B063
:1052F0000500039117001E004123C35C202B00D042
:1053000099E02033C35C012B00D197E040230122B8
:10531000C254FFF719F804008021009019230122DC
:1053200009022800FFF737FE002800D088E041235B
:105330002222EA540133123AEA5400236B646F626A
:105340006E856B636B8D9BB2FF2B0BD9FF232B8577
:105350007F3B3F4A00925B04FF2203992800FFF73E
:1053600093FD18E06A8D92B22A858023D2B2384923
:1053700000919B0403992800FFF786FD0BE06A8DDE
:1053800092B22A858023D2B2002100919B04039916
:105390002800FFF779FD6B8D9BB2002B34D02200E3
:1053A0000A992800FFF744FE00284BD12B685B6A5E
:1053B0006A6A13706B6A01336B622B8D013B9BB27F
:1053C0002B856A8D013A92B26A856A8D92B2002A63
:1053D000E1D0002BDFD100940A9B0022802128001D
:1053E000FFF7D9FD00282FD16B8D9BB2FF2BC6D9BB
:1053F000FF232B857F3B002200925B04FF32039941
:105400002800FFF741FDC6E722000A992800FFF7B0
:10541000E8FD00281AD12B682022DA6129684B6840
:105420000C4C23404B604123EA5400232232AB54FE
:10543000023AAB5400E0022005B0F0BD0220FBE7C9
:105440000120F9E70120F7E70120F5E70120F3E764
:105450000024008000E800FEF0B54123C35C202B4F
:1054600020D12033C35C012B1ED0402401220255E1
:105470004125242343550668336893433360066807
:1054800033680A4F3B403360066833681943316024
:1054900001680B6813430B60202343550023035519
:1054A000002000E00220F0BD0220FCE7FFEFFFFF3C
:1054B000F0B54123C35C202B1ED12033C35C012BEC
:1054C0001CD040240122025541252423435506685F
:1054D00033689343336006683368094F3B400902E1
:1054E0001943316001680B6813430B602023435557
:1054F00000230355002000E00220F0BD0220FCE75D
:10550000FFF0FFFF70B5041E28D00368144A1A602C
:105510000368144A1A60036842685A600368826824
:105520009A60FEF711FF05002368DA6852070AD077
:10553000FEF70AFF401B2A28F6D92368DB685B07C1
:10554000F2D003200BE01969E268914202D01A619F
:10555000002004E0044A1A60002000E0012070BD31
:10556000CCCC000055550000AAAA00000368024AEE
:105570001A6000207047C046AAAA000010B5264B4A
:10558000DA680C231340082B42D00C2B11D0042BCB
:1055900009D0214B5A68520B072313400133802056
:1055A0000002984010BD1C4B1B68DB0632D51B481F
:1055B000F8E7910C0F230B401949C85C920D0323A7
:1055C0001A40541C144BDB68DB030DD4124B1B68D0
:1055D000DB0613D5114A00230021FAF741FE220011
:1055E0000023FAF71DFEDDE70E4A00230021FAF73B
:1055F00037FE22000023FAF713FED3E70A4A0023FE
:105600000021FAF72DFE22000023FAF709FEC9E770
:105610000448C7E70448C5E70010024000093D0000
:10562000B89D000800366E010024F400F0B583B088
:10563000041E00D169E2C54BDA680C251540DA6812
:105640008026760216400368DB0736D5082D2CD05D
:105650000C2D28D0636880225202934255D0A0229C
:10566000D202934258D0B94B1A68B9490A401A601D
:105670001A68802149020A400192019A1A68B549C4
:105680000A401A606368002B52D0FEF75DFE0700E7
:10569000AE4B1B689B0310D4FEF756FEC01B64285C
:1056A000F6D9032032E2002ED4D0A84B1B689B030E
:1056B00003D56368002B00D12AE223689B076DD5D0
:1056C000E3689A0605D5A148026820210A430260D2
:1056D0008B43042D3CD00C2D38D0002B00D1B0E0F2
:1056E0009A490A680920824313430B60FEF72CFE97
:1056F0000600964B1B685B0700D599E0FEF724FE79
:10570000801B0228F5D9032000E2904A116880230B
:105710005B020B431360B5E78C4B19688022D20201
:105720000A431A601968802252020A431A60A9E7E4
:10573000FEF70AFE0700854B1B689B03BDD5FEF7ED
:1057400003FEC01B6428F6D90320DFE1002EC4D17C
:105750007E4A1268520702D5002B00D1DAE17B4E57
:1057600072687D490A40216909020A437260326801
:1057700009218A4313433360FFF700FFF2681209DF
:105780000F231340754AD35CD840754B1860754B96
:105790001868FEF793FD002800D0B7E12368DB0608
:1057A0002DD5002D60D1694B1B689B0503D5A369DE
:1057B000002B00D1B0E1654A53686B490B40216A68
:1057C0000B43536053681B021B0AE16909060B4334
:1057D0005360236A590B013180231B028B40D1682F
:1057E00009090F220A405D498A5CD3405C4A136074
:1057F0005C4B1868FEF762FD002800D086E1236844
:105800001B077DD56369002B67D0504A136D0121BA
:105810000B431365FEF798FD06004C4B1B6D9B0771
:105820006ED4FEF791FD801B0228F6D903206DE1AE
:1058300046494B68484A13402269120213434B60A1
:10584000ACE7424A136801218B431360FEF77CFDED
:1058500006003E4B1B685B07A0D5FEF775FD801B5D
:105860000228F6D9032051E1A369002B22D0374A40
:10587000116880235B000B431360FEF765FD060093
:10588000324B1B689B0506D4FEF75EFD801B022889
:10589000F6D903203AE12D4A536833490B40216A77
:1058A0000B43536053681B021B0AE16909060B4353
:1058B0005360A4E7254A13682C490B401360FEF798
:1058C00043FD0600214B1B689B0598D5FEF73CFD68
:1058D000801B0228F6D9032018E11C4A136D012110
:1058E0008B431365FEF730FD0600184B1B6D9B07BD
:1058F00006D5FEF729FD801B0228F6D9032005E115
:1059000023685B0700D48EE0104B9B6BDB001BD43D
:105910000E4A916B80235B050B4393630126144B66
:105920001B68DB0528D5A36880225200934237D03C
:10593000002B4DD1054B1A6D0C490A401A651A6DA2
:105940000C490A401A6531E00026E8E700100240E1
:10595000FFFFFEFFFFFFFBFFFFE0FFFFC49D00080E
:105960000000002008000020FF1FFFFFFFFEFFFFD8
:1059700000700040FFFBFFFF6B4A116880235B0053
:105980000B431360FEF7E0FC0700674B1B68DB0569
:10599000C9D4FEF7D9FCC01B6428F6D90320B5E0B2
:1059A000624A116D80235B000B431365A368002BD3
:1059B00028D0FEF7C9FC07005C4B1B6D9B0530D45B
:1059C000FEF7C2FCC01B5A4B9842F5D903209DE05C
:1059D000A022D200934209D0544B1A6D55490A4077
:1059E0001A651A6D54490A401A65DFE74F4B196D65
:1059F000013AFF3A0A431A65196D802252000A43A0
:105A00001A65D3E7FEF7A0FC0700484B1B6D9B050A
:105A100007D5FEF799FCC01B454B9842F5D90320EA
:105A200074E0012E1AD0636A002B00D176E00C2DB1
:105A30004FD0022B18D03D4A136840490B401360E9
:105A4000FEF782FC0400394B1B689B013FD5FEF733
:105A50007BFC001B0228F6D9032057E0334A936BE6
:105A600037490B409363DEE7304A136833490B40F4
:105A70001360FEF769FC05002C4B1B689B0106D5E3
:105A8000FEF762FC401B0228F6D903203EE02749BE
:105A9000CB682C4A1340A26AE06A0243206B02439F
:105AA0001343CB600A6880235B0413430B60FEF74B
:105AB0004BFC04001D4B1B689B0106D4FEF744FC05
:105AC000001B0228F6D9032020E000201EE0002061
:105AD0001CE0012B24D0154BDA6880235B021340B5
:105AE000A16A8B4201D0012010E0F0239B031340F8
:105AF000E16A8B4201D0012008E0C0231B041A4058
:105B0000236B9A420ED0012000E0012003B0F0BDCB
:105B10000120FBE70120F9E70120F7E70020F5E786
:105B20000120F3E70020F1E7007000400010024080
:105B300088130000FFFEFFFFFFFBFFFFFFFFFFFEDC
:105B4000FFFFFFEFFFFF02FF70B505000C0000280C
:105B500000D1D1E06A4B1A68012313408B4219D35C
:105B60002B689B0706D5674AD368F0218B43A96849
:105B70000B43D3602B68DB077BD56B68022B20D0EF
:105B8000032B40D0012B44D05E4A126892051DD4ED
:105B9000012099E05A4A136801218B432343136083
:105BA000FEF7D2FB0600564B1A6801231340A342AE
:105BB000D6D0FEF7C9FB801B534B9842F3D9032084
:105BC00082E0504A1268920300D497E04D49CA68B7
:105BD000032082431343CB60FEF7B6FB06006B68DD
:105BE000022B1CD0032B28D0012B34D0454BDB6873
:105BF0000C221A423DD0FEF7A7FB801B424B984275
:105C0000F4D9032060E03F4A12689201DED40120FB
:105C10005AE03C4A12685207D8D4012054E0394B6C
:105C2000DA680C231340082B23D0FEF78DFB801B72
:105C3000354B9842F3D9032046E0324BDA680C2307
:105C400013400C2B15D0FEF77FFB801B2E4B984288
:105C5000F3D9032038E02B4BDA680C231340042BD4
:105C600007D0FEF771FB801B274B9842F3D9032026
:105C70002AE0234B1A6801231340A34225D82B683E
:105C80005B0706D51F4AD36820490B40E9680B43E0
:105C9000D3602B681B0707D51A49CB681C4A1340F1
:105CA0002A69D2001343CB60FFF768FC154BDA6812
:105CB00012090F231340174AD35CD840164B1860C3
:105CC000164B1868FEF7FAFA70BD0D4A13680121E9
:105CD0008B4323431360FEF737FB0600084B1A681B
:105CE00001231340A342CAD0FEF72EFB801B064BB4
:105CF0009842F3D90320E7E70120E5E70120E3E735
:105D0000002002400010024088130000FFF8FFFF4F
:105D1000FFC7FFFFC49D000800000020080000200E
:105D2000014B18687047C0460000002010B5FFF70F
:105D3000F7FF044BDA68120A07231340024AD35CC8
:105D4000D84010BD00100240D49D000810B5FFF7E8
:105D5000E7FF044BDA68D20A07231340024AD35CF8
:105D6000D84010BD00100240D49D000870B504005A
:105D700003689B0650D5674B9B6BDB0000D589E021
:105D8000644A916B80235B050B4393630125624B4F
:105D90001B68DB0500D47FE05E4B1968C0239B03C2
:105DA0001940626813408B4206D0C0239B02110049
:105DB0001940994200D184E0564B1B6DC0218902E5
:105DC0000B4016D00A409A4213D023689B0610D588
:105DD000504B186D514A02401E6D8021090331431A
:105DE0001965196D4E4E314019651A65C30500D508
:105DF0006EE06368C022920219001140914200D106
:105E000076E044490B6DC022920260680240134361
:105E10000B65012D00D175E02368DB0706D53D4AEF
:105E2000D36C03218B43A1680B43D36423689B0786
:105E300006D5384AD36C0C218B43E1680B43D364FD
:105E400023685B0706D5334AD36C36490B4021697A
:105E50000B43D36423681B0706D52E4AD36C324903
:105E60000B4061690B43D3642368DB0506D5294ADF
:105E7000D36C2A490B40A1690B43D36423681B06EA
:105E800046D5244AD36C29490B40E1690B43D364BE
:105E9000002070BD00257AE71F4A116880235B004F
:105EA0000B431360FEF750FA06001B4B1B68DB0523
:105EB00000D571E7FEF748FA801B6428F5D9032066
:105EC000E7E7144B1B689B0300D475E70120E0E76C
:105ED000FEF73AFA06000F4B1B6D9B0500D588E7CD
:105EE000FEF732FA801B124B9842F4D90320D0E718
:105EF00008490A680F480240C0208003034013434A
:105F00000B607EE70A008B6B0B490B40936383E7C2
:105F10000020BEE70010024000700040FFFFFCFFC1
:105F2000FFFFF7FFFFF3FFFFFFCFFFFFFFFFF3FFD1
:105F300088130000FFFFCFFFFFFFFFEF70B50400E5
:105F40000268D368A0218B43D360FEF7FDF90500FA
:105F50002368DB689B0608D4FEF7F6F9401BFA239A
:105F60009B009842F4D9032000E0002070BD70B57A
:105F700004000368DA68520601D5002070BD0122D2
:105F80005242DA60FEF7E0F905002368DB685B0641
:105F900008D4FEF7D9F9401BFA239B009842F4D9A4
:105FA0000320EBE70020E9E770B5041E63D021234E
:105FB000C35C002B40D021230222E2542368C83264
:105FC0005A622368773A5A622000FFF7D0FF051E15
:105FD00038D12268936829490B40936021688A6808
:105FE000636820690343A069034313438B602368FC
:105FF000E2681A6121680B69A268120413430B61FD
:106000002268D36880218B43D3602268D36C7D39AA
:106010008B43D3642168CB6CE2696069024313430C
:10602000CB6423689B689B0615D52368FF225A62C0
:106030002123FE3AE2540CE020330022C254FDF743
:1060400079FAB8E72368FF225A622123FB3AE25427
:106050000125280070BD2000FFF770FF0028E4D064
:106060002368FF225A622123FB3AE254013B0022BB
:10607000E2540125EDE70125EBE7C046BFFF8FFFA6
:10608000036850338900C9180A607047036880228A
:10609000D205904208D0154A904205D0144A904249
:1060A00002D0144A904203D1702293434A681343AA
:1060B0008022D205904208D00C4A904205D00C4A6A
:1060C000904202D00B4A904203D10B4A1340CA6857
:1060D0001343802293430A69134303608B68C362AE
:1060E0000B688362012343617047C046000400408F
:1060F0000008014000140140FFFCFFFF30B5036AB7
:10610000012293430362036A446882697325AA43A8
:106110000D682A430225AB438D682B43446082619E
:106120004A684263036230BD30B5036A102293436C
:106130000362036A45688269084C14400A681202C7
:1061400022432024A3431C008B681B01234345608A
:1061500082614A688263036230BDC046FF8CFFFFE4
:1061600030B5036A0A4A13400362036A4568C2698C
:106170007324A2430C682243064C1C408B681B020C
:1061800023434560C2614A68C263036230BDC046B2
:10619000FFFEFFFFFFFDFFFF30B5036A0A4A134011
:1061A0000362036A4568C269084C14400A68120217
:1061B0002243074C1C408B681B0323434560C2618C
:1061C0004A680264036230BDFFEFFFFFFF8CFFFFF0
:1061D000FFDFFFFF10B51F23194001248C40036A25
:1061E000A3430362036A8A401A43026210BD70B57A
:1061F000041E1ED03923C35C002B14D03925022382
:106200006355211D2068FFF741FF01233E22A3545F
:10621000043AA3540132A3540132A3540132A354CB
:106220006355002070BD38330022C254FDF792F947
:10623000E4E70120F6E7000010B50400002924D1AE
:106240003A23C35C013B5A1E9341DBB2002B50D171
:10625000002933D13A330222E25401222068FFF7A9
:10626000B9FF23688022D205934237D0234A934254
:1062700034D0234A934231D0224A93422ED01A6816
:1062800001210A431A60002034E0042908D00829BB
:106290000DD03D23C35C013B5A1E9341DBB2D5E7D1
:1062A0003B23C35C013B5A1E9341DBB2CEE73C2348
:1062B000C35C013B5A1E9341DBB2C7E7042905D0FA
:1062C000082907D03D230222E254C6E73B230222DD
:1062D000E254C2E73C230222E254BEE79968072257
:1062E0000A40062A07D01A6801210A431A600020D2
:1062F00000E0012010BD0020FCE7C0460004004083
:10630000000801400014014070B504000D0038235E
:10631000C35C012B68D038230121C154042A35D035
:106320001AD9082A49D00C2A5CD129000068FFF745
:1063300033FF2268D16980231B010B43D36122689C
:10634000D3692A490B40D3612168CB69EA681202FC
:106350001343CB61002015E0002A43D129000068D7
:10636000FFF7CCFE2268936908210B4393612268F2
:10637000936904398B43936122689369E9680B43FD
:106380009361002038230022E25470BD2900006888
:10639000FFF7CAFE2268916980231B010B439361BA
:1063A0002268936911490B40936121688B69EA68FF
:1063B000120213438B610020E4E729000068FFF715
:1063C000CFFE2268D36908210B43D3612268D369C9
:1063D00004398B43D3612268D369E9680B43D361E5
:1063E0000020CFE70120CDE70220CEE7FFFBFFFF33
:1063F00030B53823C35C012B28D038230122C25486
:1064000001330132C25403685A689C687025AA435C
:106410000D682A435A6003688022D205934208D04F
:106420000B4A934205D00B4A934202D00A4A934248
:1064300004D1802294434A6814439C60392301228A
:10644000C254013B0022C254002030BD0220FCE7B0
:106450000004004000080140001401403823C35CE0
:10646000012B06D00368196538230022C25400208E
:1064700070470220FCE710B5EFF31081012383F38E
:10648000108802681368C024A343136081F3108846
:106490002023836710BD000030B5EFF31084012284
:1064A00082F3108801680B68114D2B400B6084F358
:1064B0001088EFF3108482F3108801688B6893438F
:1064C0008B6084F31088036E012B05D02023C367F3
:1064D00000230366436630BDEFF3108183F3108819
:1064E000026813681024A343136081F31088EDE75A
:1064F000DFFEFFFF70B50400826FC56F03689B6805
:106500001B0601D5212A07D023689B685B0646D568
:10651000222D22D0002043E0EFF31081012383F3EA
:1065200010880268936880208343936081F3108809
:10653000E06E002803D0FEF714FB002803D12000F2
:10654000FFF799FFE0E7E06EFEF7B3FB2028F6D1F6
:1065500080231022E2501D3822E0EFF31081012346
:1065600083F310882268936840208343936081F30B
:106570001088206F002803D0FEF7F3FA002804D11A
:106580002000FFF789FF00200AE0206FFEF791FB53
:106590002028F5D180231022E2501D3800E0002091
:1065A00070BD10B5EFF31081012383F310880268EA
:1065B00013684024A343136081F31088202383676A
:1065C00000238366FDF7F4F910BD704770B5846A47
:1065D000A26FE56F23689B681B0601D5212A0ED0A8
:1065E00023689B685B0601D5222D0FD08022A3581B
:1065F00010210B43A3502000FDF728F970BD522352
:106600000022E2522000FFF736FFE9E75A2300227A
:10661000E2522000FFF740FFE8E710B5806A002350
:106620005A228352083A8352FDF710F910BD704781
:1066300070B504000168CB6908688D68A94A1A40E2
:1066400009D19E0607D5860605D5636E002B01D0BD
:106650002000984770BD002A00D189E001222A401D
:1066600003D1A14E304200D182E0DD0707D5C50538
:1066700005D501260E628025615931436151990784
:1066800009D5002A07D0216802250D627E3561599F
:10669000042631436151590709D5002A07D02168E2
:1066A00004250D627C356159022631436151190779
:1066B0000AD5810601D4002A06D022680825156271
:1066C000802162582A4362501A050AD5420108D532
:1066D00022688021090111628021625820252A4305
:1066E00062508022A258002AB4D09B0606D58306A9
:1066F00004D5636E002B01D0200098478023E25818
:1067000023689B685B0602D42823134229D020000B
:10671000FFF7C2FE23689B685B061ED5EFF310816E
:10672000012383F310882268936840208343936099
:1067300081F31088236F002B0BD06C4A9A63206F73
:10674000FEF733FA002800D184E7206F836B984767
:1067500080E72000FDF77AF87CE72000FDF776F867
:1067600078E72000FDF772F880230022E25071E7FD
:10677000226E012A11D0DA0202D56A0200D59FE00A
:106780001A0600D4A3E0020600D4A0E0A36E002BFA
:1067900000D15FE7200098475CE7DA06EBD5C20638
:1067A000E9D510230B6223689B685B0650D5226FE6
:1067B00013685B689BB2002B00D14BE75821615AEC
:1067C000994200D846E75A21635213681B689B061A
:1067D00009D55823E15A0233E35AC91A89B2200075
:1067E000FFF725FF36E7EFF31080012383F31088CE
:1067F00021680A683E4D2A400A6080F31088EFF352
:10680000108083F3108821688A689A438A6080F335
:106810001088EFF3108083F3108821688A6842356E
:10682000FF35AA438A6080F310882022E2670022A5
:106830002266EFF3108183F310882268136810201A
:106840008343136081F31088206FFEF78AF9C0E755
:106850005823E15A0233E25A891A89B2E35A9BB2A9
:10686000002B00D1F6E6002900D1F3E6EFF3108506
:10687000012383F31088206802681E4E32400260B4
:1068800085F31088EFF3108583F310882068826801
:106890009A43826085F310882022E26700222266F4
:1068A0006266EFF3108083F3108822681368102566
:1068B000AB43136080F310882000FFF7B8FEC9E6F1
:1068C00080235B030B62200000F024FCC2E65B0621
:1068D00000D4BFE6430600D4BCE62000FFF761FE0B
:1068E000B8E6C0460F080000200100041B6600083F
:1068F000FFFEFFFFDFFEFFFF10B5806A036E012B76
:1069000002D0FFF762FE10BD5733C15A4908FFF7A6
:106910008EFEF8E770B5836A02681268920628D482
:106920005A2200219952EFF31084593A82F31088C9
:10693000186801681B4D2940016084F31088EFF34B
:10694000108482F31088186881689143816084F311
:106950001088EFF3108082F3108819688A68402449
:10696000A2438A6080F310882022DA671A6E012A17
:1069700006D01A6E012A0FD01800FCF7A3FF70BDD5
:10698000EFF3108082F3108819680A68303CA24344
:106990000A6080F31088ECE75732995A1800FFF725
:1069A00046FEECE7FFFEFFFFD0B5040001688368F8
:1069B0000269134342691343C26913430A689B483F
:1069C000024013430B602268536899490B40E16809
:1069D0000B435360A1692268964B9A4201D0236A07
:1069E00019439368944803400B4393602368934A88
:1069F00093421CD0924A93422DD0924A93425FD048
:106A0000914A93425ED08B4A934239D010228949F1
:106A10008B425BD080231B02E169994200D190E058
:106A2000082A00D9FBE09200884B9B589F46884A71
:106A3000D16C03220A40012A09D0002A05D0022A7B
:106A40003AD0032A05D01022E1E70122DFE7042231
:106A5000DDE70822DBE77E4AD16C0C220A40042ADB
:106A60000AD005D9082A29D00C2A07D10822CEE756
:106A7000002A03D10022CAE70422C8E71022C6E791
:106A8000734AD26CC02109010A408021C9008A42A0
:106A90000ED009D9802109018A4215D0C0210901EF
:106AA0008A4207D10822B2E7002A03D10022AEE7CA
:106AB0000422ACE71022AAE70222A8E70222A6E7F6
:106AC0000022A4E70022A2E70222A0E7022A2DD09A
:106AD00007D9042A30D0082A00D090E08020000294
:106AE00007E0002A00D08AE0FFF720F9002800D153
:106AF00087E0626853009B18834200D983E0130348
:106B0000834200D281E0070E06025008002180195E
:106B100079410023F9F784FB4E4BC2184E4B9A4241
:106B200000D974E02368D860002053E0484B1B680C
:106B3000DB0604D44948DCE7FEF720FDD6E74848E9
:106B4000D7E7082A65D89200464B9B589F46FFF727
:106B5000EDF800285FD0400063685B08C0186168EA
:106B6000F9F7D2FA83B20004000C010010393E4A52
:106B7000914252D80F2293431A004008072318402D
:106B800010432368D860002024E0FFF7DFF8E0E737
:106B90002F4B1B68DB0607D43048DCE7FEF7EEFC22
:106BA000D7E780200002D6E72D48D4E7FFF7BEF8EC
:106BB000002836D063685B0818186168F9F7A4FAF2
:106BC0000004000C0200103A274B9A422BD823688D
:106BD000D860002000236366A366D0BDFFF7B6F837
:106BE000E6E71B4B1B68DB0607D41C48E2E7FEF711
:106BF000C5FCDDE780200002DCE71948DAE7012068
:106C0000E8E70020E6E70120E4E70120E2E70120D1
:106C1000E0E70120DEE70020DCE70120DAE70120E1
:106C2000D8E70020D6E70120D4E7C046F369FFEF9C
:106C3000FFCFFFFF00480040FFF4FFFF0038014096
:106C400000440040004C00400050004004A00008F8
:106C50000010024000FDFFFFFFFC0F000024F400C5
:106C600000093D0028A00008EFFF0000436ADB0791
:106C700006D5026853682C490B40816A0B43536068
:106C8000436A9B0706D50268536828490B40C16ACE
:106C90000B435360436A5B0706D502685368244977
:106CA0000B40016B0B435360436A1B0706D5026818
:106CB000536820490B40416B0B435360436ADB062A
:106CC00006D5026893681C490B40816B0B439360A7
:106CD000436A9B0606D50268936818490B40C16B4E
:106CE0000B439360436A5B060BD5026853681449F3
:106CF0000B40016C0B43536080235B03026C9A4290
:106D00000AD0436A1B0606D5026853680D490B403A
:106D1000816C0B4353607047026853680A490B400B
:106D2000416C0B435360ECE7FFFFFDFFFFFFFEFFED
:106D3000FFFFFBFFFF7FFFFFFFEFFFFFFFDFFFFF17
:106D4000FFFFEFFFFFFFF7FFFFFF9FFFF0B5C64616
:106D500000B505000C0017009846069E2B68DB69FD
:106D600023401B1B5A425341BB4251D1731CF5D0E7
:106D7000FDF7EAFA4346C01AB0422BD8002E29D0BC
:106D80002B681A685207E9D5DA691205E6D5802220
:106D900012011A62EFF31080012282F31088296831
:106DA0000B681D4C23400B6080F31088EFF31080BC
:106DB00082F3108829688B6893438B6080F3108876
:106DC0002023AB67EB677F32AB5054330022EA5489
:106DD00003201EE0EFF31080012282F3108829685F
:106DE0000B680D4C23400B6080F31088EFF310808C
:106DF00082F3108829688B6893438B6080F3108836
:106E00002023AB67EB6754330022EA54032000E0F1
:106E1000002004BC9046F0BD5FFEFFFFF0B585B0DA
:106E200004000E0017001D00836F202B60D1002985
:106E300061D0002A61D080235B0182689A421CD015
:106E40007423E35C012B5AD074230122E2540C33E7
:106E50000022E2505F3BA367FDF776FA03905023D0
:106E6000E7520233E75280235B01A2689A420BD0BB
:106E7000002774230022E25419E00369002BDFD1BC
:106E8000CB07DDD5012034E02369002B01D000279A
:106E9000EFE737000026ECE73B882268DB05DB0DD7
:106EA000936202375222A35A013B9BB2A352522350
:106EB000E35A9BB2002B0FD00095039B0022802148
:106EC0002000FFF743FF00281BD1002EE4D03278CA
:106ED00023689A620136E5E70095039B0022402172
:106EE0002000FFF733FF00280DD12023A36700E027
:106EF000022005B0F0BD0120FBE70120F9E70220E8
:106F0000F7E70320F5E70320F3E7000030B583B08F
:106F1000040080230022C250FDF716FA0500236802
:106F20001B681B070DD423681B685B0716D420233E
:106F3000A367E367002323667422A354002003B0F1
:106F400030BD80210C4B00930300002289032000F8
:106F5000FFF7FCFE0028E6D00320F0E78021064B77
:106F600000932B000022C9032000FFF7EFFE00284A
:106F7000DDD00320E3E7C046FFFFFF0110B5041E8C
:106F80002ED0836F002B21D02423A367226813689F
:106F900001218B4313602000FFF706FD012814D068
:106FA000636A002B18D1226853680E490B40536066
:106FB000226893682A218B439360226813682939D9
:106FC0000B4313602000FFF7A1FF10BD74330022B4
:106FD000C254FCF709FBD7E72000FFF747FEE2E7C2
:106FE0000120F2E7FFB7FFFF70B5040041655823A9
:106FF000C25228330021C1505E3BC367036F002B90
:1070000013D02249D962036F21491963036F2149C3
:107010005963036F00219963016824311300426DA5
:10702000006FFDF763FD002826D174230022E2548F
:10703000EFF31080733B83F3108821680D680132F1
:10704000FF322A430A6080F31088EFF3108083F345
:10705000108821688A681A438A6080F31088EFF3E9
:10706000108183F310882268936840200343936063
:1070700081F31088002070BD80231022E2500C3B69
:107080000022E254543BE3670120F4E7156900084D
:10709000F9680008CD65000870B5C36F202B2FD1AB
:1070A00000292FD0002A2FD080235B0184689C42C6
:1070B0001FD07423C35C012B28D074230124C45433
:1070C000002303660368124CA3420FD05B681B02C7
:1070D0000CD5EFF31085012383F31088046826682C
:1070E0008023DB043343236085F31088FFF77CFFA4
:1070F00007E00369002BDCD1CB07DAD5012000E0E3
:10710000022070BD0120FCE70120FAE70220F8E729
:10711000004800407047842801D0033070470020A9
:10712000FCE7EFF30580431E9841704710B500F06F
:10713000A5FD002010BDF0B5CE4600B588B0040016
:1071400005914569002D14D08769002F11D046683C
:10715000026891460822805EFFF7DDFF22690297F0
:1071600001950090059B4946300000F02DFD0790E9
:1071700011E06768266825690823E05EFFF7CBFF0A
:10718000AAB207AB01930090059B3100380000F0D4
:1071900042FD012804D1079808B004BC9146F0BD17
:1071A0000020F9E710B5002800D1013000F084FE7E
:1071B000002010BD10B582B08268002A02D0C368DA
:1071C000002B06D141680068002200F0E3F902B00C
:1071D00010BD416800680024009400F0B1F9F6E7A2
:1071E00030B585B005000191140000230393002AF7
:1071F00000D10134FFF795FF002810D0002303AA27
:1072000001A9280000F07DFA012815D1039B002B6D
:1072100014D00B4B802252051A60002008E0002396
:10722000220001A9280000F0D7F9012802D100208E
:1072300005B030BDFF20FBE7FF20F9E70020F7E7AE
:1072400004ED00E070B584B004000D00160002915A
:1072500000230193002918D000230393531C1BD053
:10726000FFF75FFF00281DD003AA01A9280000F046
:1072700022FB012813D000230093039B002B1CD07A
:10728000144B802252051A6017E06B468022009250
:10729000020023CB23C214E001267642E0E710234C
:1072A0000093EAE7320001A9280000F077FA0128EC
:1072B0000AD0002E0BD1002300936B46220023CB73
:1072C00023C2200004B070BD10230093F5E74023D3
:1072D000F2E7C04604ED00E00300083343600122FA
:1072E00052428260C3600361002303607047002341
:1072F0000361704743684B609A688A609A6851607E
:1073000099600861036801330360704730B50C6809
:10731000631C02D00200083202E0026904E01A0095
:1073200053681D68A542FAD953684B6099608A601A
:107330005160086103680133036030BD036942682E
:10734000816891608268416851605A68824206D0C3
:10735000002202611A68013A1A6018687047826850
:107360005A60F5E710B5040000F05AFFA26BE36B1A
:107370009A4204D0002400F05FFF200010BD0124D9
:10738000F9E710B5040000F04BFFA36B002B04D00D
:10739000002400F051FF200010BD0124F9E770B572
:1073A00004001600856B026C002A0CD10368002BC8
:1073B00003D000200135A56370BD806800F074FE25
:1073C0000023A360F6E7002E0ED1406801F0FAF822
:1073D0006368226C944663446360A26893421BD343
:1073E000236863600020E5E7C06801F0EBF8236CD8
:1073F0005A42E3689B18E36021688B4203D2A3687A
:107400009C466244E260022E01D00020D2E7002DAB
:1074100004D0013D0020CDE70020CBE70020C9E7E4
:1074200010B50C00026C002A0BD0C3689B18C36017
:1074300081688B4201D30368C360C168200001F0FA
:10744000C1F810BD70B5050000F0EAFE4523EC5C04
:1074500064B203E000F010FE013C64B2002C09DDD0
:107460006B6A002B06D02800243000F08FFD002826
:10747000F2D0EFE74523FF22EA5400F0DDFE00F0F2
:10748000CFFE4423EC5C64B203E000F0F5FD013C68
:1074900064B2002C09DD2B69002B06D028001030C7
:1074A00000F074FD0028F2D0EFE74423FF22EA54F5
:1074B00000F0C2FE70BD70B504000D00002801D1BF
:1074C00072B6FEE700F0ACFE2268E36B206C0100B0
:1074D00059435118A1600021A1636260013B4343FD
:1074E000D318E360FF234422A3540132A354002D98
:1074F0000FD12369002B03D100F09EFE012070BD47
:107500002000103000F042FD0028F5D000F07CFE95
:10751000F2E720001030FFF7DFFE20002430FFF7F5
:10752000DBFEE9E710B5029B002907D01A60D8639B
:10753000196401211800FFF7BEFF10BD1B60F6E7BC
:1075400070B584B01C0008AB1B78002801D172B65E
:10755000FEE7002C05D0002A05D0002903D172B621
:10756000FEE772B6FEE7002A03D1002901D072B609
:10757000FEE748250395039D482D01D072B6FEE72E
:10758000039D4625012666550094FFF7CBFF20009A
:1075900004B070BDF0B583B006000F0015000028E0
:1075A00001D172B6FEE7002902D00800704300E066
:1075B0000020483000F0E0FE041E0AD002004832ED
:1075C00046230021C15400902B0039003000FFF702
:1075D000A9FF200003B0F0BDF0B585B004000F0096
:1075E00001921D00002806D0002906D1036C002B53
:1075F00003D072B6FEE772B6FEE7022D04D1E36B4C
:10760000012B01D072B6FEE700F03CFD002804D14A
:10761000019B002B03D072B6FEE7002631E0002666
:107620002FE02A0039002000FFF7B9FE636A002B23
:1076300004D100280AD000F0E7FD07E02000243044
:1076400000F0A4FC002801D000F0DEFD00F0F4FD05
:10765000012005B0F0BD00F0EFFD0020F9E702A821
:1076600000F0D0FC013619E044230022E25420E06F
:1076700045230022E25421E02000FFF7E3FE00F062
:10768000B1FB00F0CDFDA36BE26B9342C9D3022D99
:10769000C7D0019B002BDED0002EE0D000F0CCFD47
:1076A00000F01AFB00F0BCFD4423E35C5BB2013345
:1076B000DAD04523E35C5BB20133D9D000F0BCFDE6
:1076C00001A902A800F0A6FC002813D12000FFF7B2
:1076D00049FE0028D0D020001030019900F044FC71
:1076E0002000FFF7AFFE00F07DFB0028C9D100F0BD
:1076F0008BFDC6E72000FFF7A5FE00F073FB00201E
:10770000A7E7F0B583B00400009115001F00002822
:1077100007D0009B002B06D1036C002B03D072B660
:10772000FEE772B6FEE7022F04D1E36B012B01D016
:1077300072B6FEE700F090FD0190A36BE26B9342FE
:1077400003D3022F01D000240EE04523E65C76B27D
:107750003A0000992000FFF722FE731C0AD0013680
:1077600076B24523E6540124019800F079FD20000B
:1077700003B0F0BD636A002B0AD02000243000F073
:1077800005FC002806D0002D06D001242C60EBE774
:107790000124E9E70124E7E70124E5E7F0B585B036
:1077A00004000F000192002806D0002906D1036CC6
:1077B000002B03D072B6FEE772B6FEE700F062FC63
:1077C000002804D1019B002B03D072B6FEE70026EF
:1077D00039E0002637E039002000FFF721FE013DA7
:1077E000A5632369002B04D100F026FD012005B01C
:1077F000F0BD2000103000F0C9FB0028F4D000F0EC
:1078000003FDF1E700F018FD0020F0E702A800F00A
:10781000F9FB013621E044230022E25428E045230D
:107820000022E25429E02000FFF70CFE00F0DAFA13
:1078300009E02000FFF706FE00F0D4FA2000FFF771
:10784000A0FD002835D100F0EBFCA56B002DC2D1C6
:10785000019B002BD6D0002ED8D000F0EDFC00F01C
:107860003BFA00F0DDFC4423E35C5BB20133D2D091
:107870004523E35C5BB20133D1D000F0DDFC01A90C
:1078800002A800F0C7FB0028D3D12000FFF779FD44
:107890000028C8D020002430019900F065FB2000AA
:1078A000FFF7D0FD00F09EFA0028CCD100F0ACFC30
:1078B000C9E700209BE7F0B583B0040000911500F4
:1078C000002807D0009B002B06D1036C002B03D0AF
:1078D00072B6FEE772B6FEE700F0BEFC0190A76B41
:1078E000002F1ED04423E65C76B200992000FFF7FB
:1078F00097FD7B1EA363731C05D0013676B244232B
:10790000E65401240EE02369002B11D02000103032
:1079100000F03CFB00280DD0002D0DD001242C6080
:1079200000E00024019800F09BFC200003B0F0BDB3
:107930000124F7E70124F5E70124F3E7084B9B6AEC
:107940001B68002B06D0064B9A6AD268D268526830
:10795000DA627047024B01225242DA62F9E7C0460E
:10796000FC030020F0B583B000900193089C0A9EB0
:10797000204B9C4662449200336B9C466244072332
:107980009A431700002931D000230F2B09D8C818BB
:107990000578F218343215700278002A01D00133CC
:1079A000F3E743230022F254062C00D90624F462A4
:1079B00074640025B564301DFFF799FC3000183061
:1079C000FFF795FC366107231C1BB4617662F564F2
:1079D0004933F554019A0099380000F0E5FB306016
:1079E000099B002B00D01E6003B0F0BD34230022A1
:1079F000F254D9E7FFFFFF3F70B5002407E0A30072
:107A00001B1998000F4BC018FFF766FC0134062CB9
:107A1000F5D90D4C260030363000FFF75DFC25000F
:107A200044352800FFF758FC20001430FFF754FCC1
:107A300020005830FFF750FC2000FFF74DFCA662F5
:107A4000E56670BD98040020FC03002010B504001A
:107A500000F0E6FB1F4B1A6F01321A675B6F002BB9
:107A60000CD01C4B9B6F002B0DD11A4B5B6FDB6A4C
:107A7000E26A934207D8174B5C6704E0154B5C67DA
:107A80001B6F012B1FD0134AD36F0133D367E26AF8
:107A9000114B1B689A4201D90F4B1A60211D9300AC
:107AA0009B1898000D4BC018FFF724FC00F0C4FB96
:107AB000084B9B6F002B05D0064B5B6FDA6AE36ABD
:107AC0009A4203D310BDFFF797FFDCE700F09CFB61
:107AD000F8E7C046FC0300207C0400209804002046
:107AE00010B504005123C35C002B06D1006B00F0DD
:107AF000A7FC200000F0A4FC10BD012B03D0022B3A
:107B0000FAD072B6FEE700F09BFCF5E770B513E023
:107B100000F086FB0B4C636EDD68281DFFF70EFC42
:107B2000236F013B2367084A5368013B536000F011
:107B300083FB2800FFF7D4FF034B5B68002BE7D1E2
:107B400070BDC046FC0300207C04002010B5FFF788
:107B5000DDFF034B1B68012BF9D900F055FBF6E75D
:107B60009804002070B504000D00154B9E68154B5D
:107B7000586F0430FFF7E2FB631C11D03419114B2E
:107B80005B6F5C60A64213D80E4DA86A696F043122
:107B9000FFF7BCFBEB6AA34210D90A4BDC620DE095
:107BA000002DEBD00748416F0431FFF7A3FB05E040
:107BB000044BD86E596F0431FFF7A8FB70BDC04667
:107BC0007C040020FC03002070B586B00B9D0C9C4B
:107BD000002D01D172B6FEE7002C01D172B6FEE78E
:107BE00054260496049E542E01D072B6FEE7049EDD
:107BF000256351250226665500250395029405AD9F
:107C000001950A9D0095FFF7ADFE2000FFF71EFFCE
:107C1000059806B070BDF0B587B0049005911400CA
:107C20001F00900000F0A8FB061E20D0542000F09A
:107C3000A3FB051E17D00663002D1BD00023512285
:107C4000AB54039302950D9B01930C9B00933B0057
:107C5000220005990498FFF785FE2800FFF7F6FE3D
:107C6000012007B0F0BD300000F0EAFBE4E701209E
:107C70004042F6E701204042F3E7000010B588B02B
:107C800000240594069407AA06A905A8F9F73EFF63
:107C9000059B0293069B019300940023079A0A49CF
:107CA0000A48FFF791FF002801D108B010BD72B655
:107CB000074B01225242DA6202329A67054B0022D8
:107CC0009A6000F083FAF0E730AC00084D7B0008C2
:107CD000FC0300207C040020024AD3680133D360F7
:107CE0007047C0467C040020014B98687047C0462E
:107CF0007C040020F8B5384BDB68002B60D1364B94
:107D00009D6801359D60002D11D1344B9B6A1B6825
:107D1000002B01D072B6FEE7304B9A6AD96E996299
:107D2000DA662D4A136901331361FFF707FE2B4B07
:107D3000DB6AAB423AD90024284B5B6FDA6A9300C6
:107D40009B189A00264BD358012B3ED901243CE0C6
:107D50000124224B9B6A1B68002B29D01F4B9B6A76
:107D6000DB68DE6873689D4227D3371D3800FFF754
:107D7000E5FAB36A002B03D030001830FFF7DEFAC3
:107D8000F26A154B1B689A4201D9134B1A60930093
:107D90009B189800124BC0183900FFF7ABFAF26A33
:107DA0000E4B5B6FDB6A9A42D2D2D2E70024D0E757
:107DB0000A4B01225242DA62BEE7084AD362BBE7AD
:107DC000054A5369013353610024034B9B69002B1F
:107DD00000D001242000F8BD7C040020FC0300201A
:107DE0009804002070B5314BDB68002B01D172B6CE
:107DF000FEE700F015FA2D4BDA68013ADA60DB682D
:107E0000002B4ED12A4B1B6F002B04D1002400F015
:107E100013FA200070BD0024254B5B69002B23D092
:107E2000234B1B6ADC6820001830FFF787FA251DFA
:107E30002800FFF783FAE26A1C4B1B689A4201D9BB
:107E40001A4B1A6093009B1898001A4BC01829000F
:107E5000FFF750FA164B5B6FDB6AE26A9A42DBD39C
:107E6000124B01229A61D7E7002C01D0FFF766FD83
:107E70000E4B5C69002C0CD0FFF73CFF002802D0B1
:107E80000A4B01229A61013C002CF5D1074B0022DC
:107E90005A61064B9B69002B05D000F0B5F901240F
:107EA000B5E70024B3E70024B1E7C0467C04002016
:107EB000FC0300209804002010B5041E0FD0094BCD
:107EC000DB68002B01D072B6FEE7FFF705FF00214B
:107ED0002000FFF747FEFFF785FF002801D100F0E3
:107EE00093F910BD7C04002030B51C4BDB68002BDF
:107EF00003D01A4B01229A6130BD184B00229A61BF
:107F00001B689A00D2189100154A8A58002A05D198
:107F1000002B01D0013BF4E772B6FEE7104D99004B
:107F2000CA1890002818426854684460C9188A002A
:107F30000832521994420BD09A00D2189100084A84
:107F400052185268D168074A5167044A1360D3E750
:107F50006068142159436A185060EDE77C040020E2
:107F600098040020FC03002010B50C00002801D16B
:107F700072B6FEE7044B596F1831FFF7C7F90121BC
:107F80002000FFF7EFFD10BDFC03002070B5C368B3
:107F9000DC68002C01D172B6FEE7250018352800F8
:107FA000FFF7CCF9144BDB68002B1DD1251D2800F1
:107FB000FFF7C4F9E26A104B1B689A4201D90E4BD5
:107FC0001A6093009B1898000C4BC0182900FFF70B
:107FD00091F9E26A0A4B5B6FDB6A9A420AD9064B57
:107FE00001229A61012070BD054829001430FFF775
:107FF00081F9EEE70020F6E77C04002098040020D9
:10800000FC030020024B1A6902609B6843607047C2
:108010007C040020F8B505000C00002803D00029DE
:1080200003D172B6FEE772B6FEE700F0F9F8114B25
:10803000996868680A1A23685E1C16D00D4E366966
:108040002F68B74201D0884211D9934203D8002348
:108050002360012405E09B1A23602800FFF7D2FF6C
:10806000002400F0E9F82000F8BD0024F9E701241D
:10807000F7E7C0467C040020014B01229A6170475B
:108080007C040020064B9B6F002B07D0054BDB6860
:10809000002B01D0002002E0022000E00120704708
:1080A000FC0300207C04002070B5041E2AD0184B6D
:1080B0005B6F834201D072B6FEE7836C002B01D167
:1080C00072B6FEE7013B8364C26A416C8A421BD0F0
:1080D000002B1BD1051D2800FFF730F9636CE3620C
:1080E0000722D21AA2610B4A1268934201D9094AA7
:1080F000136014205843084BC0182900FFF7FAF802
:10810000012000E0002070BD0020FCE70020FAE71D
:10811000FC0300207C0400209804002082B000238F
:108120000193064B1B68013301D072B6FEE772B6AD
:10813000019B002BFCD002B07047C0460C00002011
:108140000B4A13681868203080F30988022080F3F6
:108150001488BFF36F8F3FBCAE4608BC04BC62B648
:108160001847C046C046C046C046C046C046C04686
:108170007004002010B5084C00232360074A1360E8
:10818000074B1868FA218900F7F7BEFF0138054B45
:1081900018600723236010BD10E000E018E000E045
:1081A0000000002014E000E010B5031F80246404E8
:1081B0001C60043B1960043B02491960143B1A60BF
:1081C000403810BD1D8100087047000010B50C4BF1
:1081D0001968FF2212040A431A601968FF22120666
:1081E0000A431A60FFF7C6FF064B00221A60FFF72A
:1081F000A7FFFFF779FEFFF791FF002010BDC046F3
:1082000020ED00E00C000020044B802252051A6093
:10821000BFF34F8FBFF36F8F7047C04604ED00E090
:1082200072B6044A136801331360BFF34F8FBFF374
:108230006F8F70470C000020064B1B68002B01D18C
:1082400072B6FEE7013B034A1360002B00D162B611
:108250007047C0460C000020EFF3108072B67047E4
:1082600080F310887047000000000000000000004C
:10827000EFF309800E4B1A6820381060F0C04446B6
:108280004D4656465F46F0C008B572B6FFF72CFE65
:1082900062B60CBC116808681030F0C8A046A94648
:1082A000B246BB4680F309882038F0C81847C0465C
:1082B0007004002010B5FFF7CFFF0400FFF71AFD90
:1082C000002803D0034B802252051A602000FFF7DC
:1082D000C7FF10BD04ED00E010B5114A53071BD0D5
:1082E000D11D07239943C0231B015B1A9B180A0069
:1082F0000C490A6000204860D318083B0724A343B8
:108300008B6058601860981A50601360C8600861EC
:1083100080231B064B6110BDC0231B01E8E7C0464C
:108320003C0500202405002010B5124B1A6882423B
:1083300019D359685C18844203D140680918596000
:10834000180041684418A24211D10A4CA468A24204
:108350000BD05268891841601A681268026098420E
:1083600000D0186010BD1300E0E70460F7E702607A
:10837000F5E7C0462405002070B50400FFF7ACFC0B
:108380002E4B9B68002B0FD02C4B5B6923424AD1AC
:10839000002C0CD00834630709D007239C43083411
:1083A000234204D072B6FEE7FFF796FFECE7002CFD
:1083B0003BD0224B1B69A34239D3204B1D6801E0FF
:1083C0002B0015006A68A24202D22A68002AF7D15F
:1083D0001A4A9268AA422CD01E6808362A681A6087
:1083E0006B681B1B102B08D92819420701D072B6E5
:1083F000FEE743606C60FFF797FF69680F4A1369F7
:108400005B1A1361D268934201D20C4AD3600B4BC2
:108410005B690B436B6000232B60FFF7E3FC730782
:1084200009D072B6FEE70026F7E70026F5E700263A
:10843000F3E70026F1E7300070BDC04624050020B8
:1084400070B5002820D00500083D6B680F4A5269BE
:108450001A4201D172B6FEE7010008390968002905
:1084600001D072B6FEE70838040093434360FFF77B
:1084700033FC6368054A11698C4663441361280024
:10848000FFF752FFFFF7AEFC70BDC0462405002089
:108490000D4885460D480E490E4A002302E0D45887
:1084A000C4500433C4188C42F9D30B4A0B4C00233C
:1084B00001E013600432A242FBD3FBF783F900F022
:1084C0005DF8FAF76FFEFEE7005000200000002084
:1084D00074000020E0AC0008780000206443002015
:1084E000FEE770B50D001600002404E000E000BFB8
:1084F000287001340135B442F8DB300070BD70B52E
:108500001600002405E04D1C0878FAF771FC0134D0
:108510002900B442F7DB300070BD000010B5030045
:108520000B4A1268002A08D0094A1068C3186A4624
:10853000934206D8064A136010BD054A05491160EA
:10854000F2E700F015F80C23036001204042F3E746
:108550003C110020684300200120404270478023E6
:108560009B014B600020704701207047002070473E
:10857000014B18687047C0461000002070B50026F7
:108580000C4D0D4C641BA410A64209D1002601F02D
:1085900029FA0A4D0A4C641BA410A64205D170BDED
:1085A000B300EB5898470136EEE7B300EB58984715
:1085B0000136F2E7D8AC0008D8AC0008D8AC000807
:1085C000DCAC0008002310B59A4200D110BDCC5C91
:1085D000C4540133F8E703001218934200D17047E6
:1085E00019700133F9E700000FB40B4B13B51C6889
:1085F000002C05D0A369002B02D1200000F0D8FA8E
:1086000005AB049AA1682000019300F00BFE16BC94
:1086100008BC04B01847C04610000020084B70B5D5
:108620001C680500002C05D0A369002B02D1200096
:1086300000F0BEFA2900A268200001F07FF870BDAA
:108640001000002070B505000E00002804D08369DA
:10865000002B01D100F0ACFAAB69AC68002B02D161
:10866000280000F0A5FA244B9C420FD16C68A38926
:108670001B0702D52369002B1FD12100280000F021
:1086800029F9002819D00120404270BD1B4B9C42A3
:1086900001D1AC68EBE71A4B9C42E8D1EC68E6E705
:1086A0000136A360002B04DAA2699A4216DC0A297B
:1086B00014D023685A1C22601970A3683178013BDA
:1086C0000029EDD1A360002B0FDA22000A31280027
:1086D00000F0AAF8431CD6D00A20D6E722002800D2
:1086E00000F0A2F8431CE8D1CDE70A2023685A1C09
:1086F00022601870C9E7C0465CAC00087CAC00087A
:108700003CAC000810B5034B01001868FFF79AFF56
:1087100010BDC046100000200EB400B50B499CB03F
:108720001DAB02900690079104910948094904CBBA
:108730000591006802A9019300F04EFC0023029A03
:1087400013701CB008BC03B01847C046FFFFFF7F82
:10875000100000200802FFFF002330B59A420AD023
:10876000013AC45CCD5CAC4204D1934202D00133E7
:10877000002CF6D1631B180030BD0000F8B5124B79
:1087800006001D680F00AC6D002C16D1502000F0C3
:108790000FFBA865046044608460C46004614461A8
:1087A00084618462C462046344638463C463046454
:1087B00044648464C46404774462AA6D3900300060
:1087C000012300F003F8F8BD10000020F0B50028E8
:1087D00004D11068002801D1F0BD20000E000578FA
:1087E000441C3778002F04D1002D10D115602800CB
:1087F000F2E70136BD42F4D1002BEED114600370D4
:10880000EAE733000DE00135002F03D11C000D0015
:108810002678631C2F78BE42F5D1002EF1D00021BE
:1088200021701360D8E70000F8B505000E001400B1
:10883000002804D08369002B01D100F0B9F9224B44
:108840009C422DD16C68A369A360A3891B0731D515
:108850002369002B2ED023682269F7B2981A636926
:10886000F6B2834205DC2100280000F033F900282D
:1088700026D1A3680130013BA36023685A1C226003
:108880001F706369834204D0A389DB071AD50A2EBF
:1088900018D12100280000F01DF9002812D00FE0A7
:1088A0000A4B9C4201D1AC68CDE7094B9C42CAD12E
:1088B000EC68C8E72100280000F00CF80028CAD0B6
:1088C000012676423000F8BD5CAC00087CAC0008A4
:1088D0003CAC0008364B70B51D6806000C00002D3E
:1088E00005D0AB69002B02D1280000F061F9314BB3
:1088F0009C420FD16C680C23E25E93B219072DD411
:10890000D90611D409230120336037331343A381DF
:10891000404270BD284B9C4201D1AC68EBE7274B2D
:108920009C42E8D1EC68E6E75B0713D5616B002950
:1089300008D023004433994202D0300000F042FABC
:10894000002363632422A3899343A38100236360EC
:10895000236923600823A2891343A3812369002B81
:108960000BD1A0218022A389890092000B40934261
:1089700003D02100300000F0D7F90123A289134071
:1089800011D00023A36063695B42A36100202369C7
:108990008342BED10C23E25E1306BAD540231343B3
:1089A000A3810138B5E7920700D46369A360EDE7BE
:1089B000100000205CAC00087CAC00083CAC000857
:1089C000F7B58A8905000C00130760D44B68002BAB
:1089D00004DC0B6C002B01DC0020FEBDE76A002FDD
:1089E000FAD000232E682B6080235B01216A1A4095
:1089F00034D0606DA3895B0706D56368C01A636BCA
:108A0000002B01D0236CC01A0200216A0023280029
:108A1000E76AB847A189431C06D12B681D2B30D8C3
:108A20002B4ADA40D3072CD50023636023692360E7
:108A3000CB0405D5431C02D12B68002B00D1606507
:108A4000616B2E600029C7D023004433994202D0C5
:108A5000280000F0B7F900206063BEE7012328007A
:108A6000B847431CC6D12B68002BC3D01D2B01D0A7
:108A7000162B01D12E60AFE74023A2891343A381B7
:108A8000ABE740230B430120A3814042A5E70F69D8
:108A9000002FA1D00B680F60DB1B0193002392070E
:108AA00000D14B69A360019B002B00DC94E7019B84
:108AB0003A00216A2800A66AB047002803DC402358
:108AC000A2891343DFE7019B3F181B1A0193EAE7D2
:108AD000010040200B6970B505000C00002B01D18E
:108AE000002070BD002804D08369002B01D100F064
:108AF0005FF80B4B9C4209D16C680C22A35E002BE3
:108B0000EED021002800FFF75BFFEAE7054B9C420F
:108B100001D1AC68F1E7044B9C42EED1EC68ECE784
:108B20005CAC00087CAC00083CAC0008002310B52D
:108B3000040003604360836081814366C2810361F6
:108B400043618361190008225C30FFF744FD054B47
:108B500024626362044BA362044BE362044B23630D
:108B600010BDC046CD970008F59700082D98000865
:108B70005998000810B5024900F08CF810BDC046A5
:108B8000D58A000870B568254A1E55430E00290095
:108B9000743100F061F9041E08D000212A00016040
:108BA00046600C30A0606832FFF715FD200070BDF4
:108BB000836913B50400002B28D18364C364036563
:108BC000134B144A1B6882620193984201D101231E
:108BD0008361200000F020F86060200000F01CF8A5
:108BE000A060200000F018F80022E0600421606816
:108BF000FFF79CFF01220921A068FFF797FF0222DF
:108C00001221E068FFF792FF0123A36113BDC04664
:108C100038AC0008758B0008F8B51C4B07001E68BF
:108C2000B369002B02D13000FFF7C2FF4836B468A9
:108C30007368013B04D53368002B07D03668F6E72C
:108C40000C22A55E002D0DD06834F2E70421380017
:108C5000FFF798FF30600028F0D10C2304003B6040
:108C60002000F8BD20000A4B656625606560A560A0
:108C7000E36025616561A561082229005C30FFF78A
:108C8000AAFC6563A563A564E564E9E738AC000860
:108C90000100FFFFF7B504000700002601914834EA
:108CA000002C01D13000FEBD6368A5680093009BD5
:108CB000013B009301D52468F2E7AB89012B08D969
:108CC0000E22AB5E013304D029003800019B984787
:108CD00006436835EBE7000070B50E001D000E235B
:108CE000C95E96B01400002907DA00232B60B3890F
:108CF0001B0611D48023DB000FE06A4600F0D8FD8C
:108D00000028F2DBF022019B12021340054A9B1857
:108D10005A4253412B60EDE740230020236016B0F8
:108D200070BDC04600E0FFFFF7B502268B89050045
:108D30000C00334206D02300473323602361012314
:108D40006361F7BD01AB6A46FFF7C6FF00990700F4
:108D5000280000F081F8002808D10C22A35E9A05B3
:108D6000EFD4032293431E43A681E4E70F4BAB628B
:108D70008023A28920601343A381009B206163614B
:108D8000019B002B0DD00E23E15E280000F0A2FD18
:108D9000002806D00322A38993431A00012313431A
:108DA000A381A0893843A081CBE7C046758B00081A
:108DB00010B5034B0100186800F04EF810BDC04616
:108DC0001000002070B50500002910D00C1F23688A
:108DD000002B00DAE418280000F0C0FD1D4A1368DB
:108DE000002B05D163601460280000F0B8FD70BD51
:108DF000A34209D9216860188342F3D118685B68DF
:108E000041182160EEE713005A68002A01D0A242FF
:108E1000F9D919685818A0420BD1206809185818B8
:108E200019608242E0D110685268411819605A6096
:108E3000DAE7A04202D90C232B60D5E7216860183D
:108E4000824203D1106852684118216062605C6000
:108E5000CAE7C04644110020032370B5CD1C9D43D2
:108E6000083506000C2D1ED20C25A9421DD8300055
:108E700000F074FD254A14682100002919D1244C02
:108E80002368002B03D1300000F08EFC2060290005
:108E9000300000F089FC431C2BD10C2330003360E0
:108EA00000F05DFD03E0002DDFDA0C2333600020CD
:108EB00070BD0B685B1B19D40B2B03D90B60CC184E
:108EC000256003E04B688C420DD11360300000F048
:108ED00046FD200007220B30231D9043C31AE7D024
:108EE0005A42E250E4E763600C00EFE70C00496887
:108EF000C3E70323C41C9C43A042E1D0211A3000E5
:108F000000F052FC431CDBD1C7E7C04644110020EF
:108F100048110020F0B58E6885B007000C00039260
:108F200001939E423CD890238A89DB001A4234D0B8
:108F30000325096923685B1A0293636902985D43FC
:108F4000EB0F5D19019B6D1001331B18AB4200D96B
:108F50001D00530532D529003800FFF77DFF061E9E
:108F600009D10C233B6040230120A28940421343D6
:108F7000A38105B0F0BD029A2169FFF723FBA38905
:108F8000144A1A4080231343A381029B2661F618DA
:108F900026606561019EED1AA560019B9E4200D985
:108FA000019E32000399206800F0C5FCA3680020F0
:108FB0009B1BA36023689E192660DAE72A0038000D
:108FC00000F0CEFC061EE0D121693800FFF7FAFE62
:108FD000C7E7C0467FFBFFFFF0B5A1B003901D00BF
:108FE0008B890F0016001B0611D50B69002B0ED1C3
:108FF0004021FFF731FF38603861002805D10C238C
:10900000039A0138136021B0F0BD40237B61002337
:1090100008AC6361203363761033A376079535007F
:109020002B78002B01D0252B46D1AB1B05930CD000
:10903000320039000398FFF76DFF431C00D1AEE00A
:109040006269059B9446634463612B78002B00D1D1
:10905000A5E0012200235242626004A95432521852
:109060006E1C2360E360A3601370A3653178052252
:10907000534800F055FC751C00281FD12268D30608
:1090800004D5532304A95B1820211970130704D5B4
:10909000532304A95B182B21197033782A2B16D07F
:1090A000350000210A20E3682A786E1C303A092A2C
:1090B0004ED9002918D010E00135B1E7404B2268A5
:1090C000C01A01238340134323602E00CEE7079B81
:1090D000191D1B680791002B01DB0B9304E05B4219
:1090E000E3600223134323602B782E2B0AD16B7885
:1090F0002A2B35D1079B02351A1D1B680792002BBE
:109100002BDB09932F4E29780322300000F008FC56
:10911000002806D04023801B83402268013513437A
:1091200023602978062228486E1C217600F0F8FB7F
:1091300000283CD0254B002B25D10722079B073365
:109140009343083307936369049A9B18636166E746
:10915000434301219B183500A6E701235B42D0E77A
:1091600000230A201A000135636029786E1C30390B
:10917000092903D9002BC5D00992C3E74243012333
:1091800052183500F1E707AB00933A00104B21006D
:10919000039800E000BF0490049B0133D3D1BB8946
:1091A0000D985B0600D42EE7012040422BE707AB69
:1091B00000933A00064B2100039800F0B7F9EAE764
:1091C0009CAC0008A2AC0008A6AC0008000000009F
:1091D000158F0008936810B5013B9360002B04DAEB
:1091E0009469A34207DB0A2905D01368581C106054
:1091F0001970080010BDFFF717FB0100F9E7F8B57B
:1092000006000F001400D518AC4201D1002007E081
:1092100021783A003000FFF7DDFF0134431CF3D121
:10922000F8BD0000F0B5A1B003900F0016001D00BE
:10923000002805D083690593002B01D1FFF7B8FC06
:109240007B4B9F425CD1039B5F68BB891B0763D547
:109250003B69002B60D0002308AC63612033637648
:109260001033A376079535002B78002B01D0252BE2
:109270005CD1AB1B05930CD0320039000398FFF78B
:10928000BEFF431C00D1C4E06269059B9446634461
:1092900063612B78002B00D1BBE0012200235242F6
:1092A000626004A9543252186E1C2360E360A3600C
:1092B0001370A365317805225E4800F031FB751C00
:1092C000002835D12268D30604D5532304A95B189E
:1092D00020211970130704D5532304A95B182B21EF
:1092E000197033782A2B2CD0350000210A20E3682E
:1092F0002A786E1C303A092A64D900292ED026E03B
:109300004D4B9F4202D1039B9F689EE74B4B9F4270
:109310009BD1039BDF6898E739000398FFF7DAFADF
:10932000002898D00120404221B0F0BD01359BE7D4
:10933000404B2268C01A01238340134323602E0050
:10934000B8E7079B191D1B680791002B01DB0B93E6
:1093500004E05B42E3600223134323602B782E2B4F
:109360000AD16B782A2B35D1079B02351A1D1B6851
:109370000792002B2BDB0993314E29780322300012
:1093800000F0CEFA002806D04023801B83402268DC
:10939000013513432360297806222A486E1C217662
:1093A00000F0BEFA00283AD0274B002B25D1072227
:1093B000079B07339343083307936369049A9B1809
:1093C000636150E7434301219B18350090E7012377
:1093D0005B42D0E700230A201A0001356360297838
:1093E0006E1C3039092903D9002BC5D00992C3E777
:1093F0004243012352183500F1E707AB00933A00CE
:10940000124B2100039800E000BF0490049B01333D
:10941000D3D1BB895B0600D584E70D9884E707AB01
:1094200000933A00094B2100039800F07FF8ECE725
:109430005CAC00089CAC00087CAC00083CAC0008AC
:10944000A2AC0008A6AC000800000000FF910008D4
:10945000F7B5150001938A680B6900900C009342E0
:1094600000DA130022002B6043321278002A01D068
:1094700001332B6023689B0602D52B6802332B60D7
:10948000062723681F4027D0230043331B785A1E2A
:1094900093412268920630D4220001994332009809
:1094A000089EB047431C25D0062320682A68E1683F
:1094B00003400025042B03D18D1AEB43DB171D401D
:1094C000A3682269934201DD9B1AED180027BD4273
:1094D00020D1002010E00137E3682A689B1ABB42C4
:1094E000D2DD22000123193201990098089EB0476D
:1094F000431CF0D101204042FEBD3020E118433131
:10950000087021005A1C45310978A21843320233F1
:109510001170C1E7220001231A3201990098089EB8
:10952000B047431CE6D00137D1E70000F0B589B061
:1095300004920A0043320593039002920A7E0C00C3
:109540000E9B6E2A00D186E01FD8632A33D008D83C
:10955000002A00D18CE0582A4DD0250042352A70CF
:1095600030E0642A01D0692AF7D1196825680A1DFC
:10957000280629D508681A60002803DA2D23029AE4
:10958000404213706B4E0A274FE0732A74D008D8FC
:109590006F2A1FD0702AE0D1202209680A43226076
:1095A00003E0752A16D0782AD7D1220078214532D7
:1095B0001170614E22E025001A684235111D1960B4
:1095C00013682B70012365E008681A606906D3D51B
:1095D00000B2D1E719682568081D186008682E06D2
:1095E00005D5544E08276F2A1BD00A2719E06D06AF
:1095F000F7D580B2F5E745314E4E0A7018682268FB
:10960000011D00681960150621D5D30702D5202356
:109610001A4322601027002803D1202322689A438E
:1096200022602300002243331A706368A360002B7A
:1096300058DB0422216891432160002854D1029D07
:10964000002B5AD02500337842352B7055E0550653
:10965000DBD580B2D9E71A680D68101D496918601A
:1096600013682E0601D5196002E06D06FBD519803E
:109670000023029D23614FE01A68111D19601568CF
:1096800000216268280000F04BF9002801D0401B3F
:109690006060636823610023029A13703CE02369D1
:1096A0002A0004990398059DA847431C3ED02368CF
:1096B0009B0715D4079BE068984239DA180037E019
:1096C00022000123193204990398059EB047431CD8
:1096D0002CD00135E368079A9B1AAB42F0DCE9E72E
:1096E0000025F7E70028ADD0029D3900F6F792FD7E
:1096F000735C013D2B700028F7D1082F09D1236836
:10970000DB0706D563682269934202DC3023013D02
:109710002B70029B5B1B2361059B07AA0093210012
:10972000049B0398FFF794FE431CB8D101204042EC
:1097300009B0F0BDADAC0008BEAC000870B50600C5
:109740000D001400002804D08369002B01D1FFF71D
:109750002FFA124B9C4211D17468A368013BA3609D
:10976000002B05DAA269934212DBEBB20A2B0FD071
:109770002368E8B25A1C22601D7070BD084B9C42E1
:1097800001D1B468E9E7074B9C42E6D1F468E4E70D
:10979000220029003000FFF747F8EEE75CAC000834
:1097A0007CAC00083CAC0008002370B5064C0500FA
:1097B00008002360FEF7B2FE431C03D12368002B90
:1097C00000D02B6070BDC0466043002070B50C0017
:1097D0000E25495F00F0EAF8002803DB636D1B18D3
:1097E000636570BDA389024A1340A381F9E7C046AF
:1097F000FFEFFFFFF8B51F008B8905000C00160076
:10980000DB0505D50E23C95E0022022300F074F8A3
:10981000A389054A28001340A38132000E23E15E8C
:109820003B0000F01FF8F8BDFFEFFFFF70B50C0024
:109830000E25495F00F060F8A389421C03D1054A58
:109840001340A38170BD802252011343A381606540
:10985000F8E7C046FFEFFFFF10B50E23C95E00F02A
:1098600015F810BD70B50500080011000022064C67
:1098700022601A00FEF743FE431C03D12368002B2D
:1098800000D02B6070BDC04660430020002370B53F
:10989000064C050008002360FEF75EFE431C03D162
:1098A0002368002B00D02B6070BDC04660430020B1
:1098B000002370B5064C0500080011002360FEF778
:1098C0004EFE431C03D12368002B00D02B6070BDDB
:1098D00060430020002370B5064C0500080023609B
:1098E000FEF742FE431C03D12368002B00D02B60FF
:1098F00070BDC0466043002070B50500080011002F
:109900000022064C22601A00FEF730FE431C03D1F1
:109910002368002B00D02B6070BDC0466043002040
:10992000C9B28218904201D10020704703788B425F
:10993000FBD00130F6E710B5884202D98B18984267
:1099400003D3002307E08B5C8354013AFBD210BDA4
:10995000CC5CC45401339A42FAD1F8E7704770479F
:10996000F8B507000D001600002905D11100FFF71A
:1099700073FA04002000F8BD002A03D1FFF722FA91
:109980003400F7E700F026F82C00B042F2D23100A4
:109990003800FFF761FA041EECD029003200FEF710
:1099A00011FE29003800FFF70DFAE3E770B5050056
:1099B000080011000022064C22601A00FEF791FDFB
:1099C000431C03D12368002B00D02B6070BDC04620
:1099D000604300200B1F1B68181F002B01DA0B5877
:1099E000C0187047F8B5C046F8BC08BC9E46704722
:0C99F000F8B5C046F8BC08BC9E467047A5
:1099FC00CE1B00080C1C0008221C0008381C000898
:109A0C00521C0008701C00088E1C0008A41C0008C6
:109A1C002C2300089E2200082C2300082C2300086D
:109A2C002C2300082C2300082C2300082C230008CE
:109A3C002C2300082C2300082C2300082C230008BE
:109A4C002C2300082C2300082C2300082C230008AE
:109A5C00B8220008342300082C2300082C2300080B
:109A6C002C230008202500082C230008DE230008E6
:109A7C002C2300082C2300082C2300082C2300087E
:109A8C002C2300082C2300082C2300082C2300086E
:109A9C005E2500082C2300082C2300082C2300082A
:109AAC002C2300082C2300082C2300082C2300084E
:109ABC002C2300082C2300082C2300082C2300083E
:109ACC002C2300082C2300082C2300082C2300082E
:109ADC008225000894250008BA2500082C230008CC
:109AEC002C230008E6240008F82300082C23000887
:109AFC002C2300082C2300082C2300082C230008FE
:109B0C002C2300082C2300082C2300082C230008ED
:109B1C00C22500081C2600088025000000960000C5
:109B2C0000C201001B0F00000E0F0000010F00000F
:109B3C00F30E0000E40E0000D40E0000C40E000072
:109B4C00B30E0000A10E00008F0E00007C0E000072
:109B5C00680E0000530E00003D0E0000270E0000A2
:109B6C00100E0000F70D0000DE0D0000C40D00000B
:109B7C00A90D00008E0D0000710D0000530D0000AA
:109B8C00350D0000150D0000F50C0000D40C000084
:109B9C00B20C00008F0C00006B0C0000460C000097
:109BAC00210C0000FA0B0000D30B0000AB0B0000E3
:109BBC006B0F0000420F0000180F0000ED0E0000AC
:109BCC00DA0A0000970E0000820A0000560A000014
:109BDC00290A0000FC090000CE090000A0090000C1
:109BEC00720900004409000015090000E708000094
:109BFC00B80800008A0800005C0800002E0800006D
:109C0C0000080000D2070000A4070000770700003E
:109C1C004A0700001E070000F2060000C6060000FE
:109C2C009B06000071060000470600001D060000A0
:109C3C00F5050000CC050000A50500007E05000020
:109C4C0058050000330500000E050000EA04000072
:109C5C00C7040000A4040000830400006204000098
:109C6C00410400002204000003040000E50300008E
:109C7C00C8030000AC030000900300007503000053
:109C8C005A03000041030000280300000F030000EA
:109C9C005C030000E1020000CB020000B5020000F2
:109CAC00A00200008C020000780200006502000097
:109CBC0052020000400200002E0200001D020000B3
:109CCC000D020000FD010000ED010000DE010000AE
:109CDC00D0010000C2010000B4010000A701000087
:109CEC009A0100008D010000810100007601000046
:109CFC006B01000060010000550100004B010000E9
:109D0C0041010000370100002E0100002501000078
:109D1C001C010000140100000C01000004010000F3
:109D2C00FC000000F5000000EE0000000800000040
:109D3C00040000000000000000000000CCA9000896
:109D4C00B92D000800000000000000008000000099
:109D5C000000000000000000C0A90008D52D00087C
:109D6C000000000000000000800000000000000067
:109D7C0000000000B4A90008E32D00080200000058
:109D8C0000000000000100000000000000000000C6
:109D9C00ACA90008CB2D000800000000000000005A
:109DAC008000000000000000000000000304060812
:109DBC000C10182030000000000000000000000013
:109DCC000102030406070809000000000102030455
:109DDC00204000088E400008AC400008D24000082B
:109DEC00F840000820410008584100088A4100084A
:109DFC00B0410008D64100080000C1C081C140013B
:109E0C0001C3C003800241C201C6C006800741C71E
:109E1C000005C1C581C4400401CCC00C800D41CDEE
:109E2C00000FC1CF81CE400E000AC1CA81CB400BBE
:109E3C0001C9C009800841C801D8C018801941D98E
:109E4C00001BC1DB81DA401A001EC1DE81DF401F1E
:109E5C0001DDC01D801C41DC0014C1D481D540152E
:109E6C0001D7C017801641D601D2C012801341D33E
:109E7C000011C1D181D0401001F0C030803141F1CE
:109E8C000033C1F381F240320036C1F681F740371E
:109E9C0001F5C035803441F4003CC1FC81FD403DEE
:109EAC0001FFC03F803E41FE01FAC03A803B41FBBE
:109EBC000039C1F981F840380028C1E881E940290E
:109ECC0001EBC02B802A41EA01EEC02E802F41EF1E
:109EDC00002DC1ED81EC402C01E4C024802541E52E
:109EEC000027C1E781E640260022C1E281E340233E
:109EFC0001E1C021802041E001A0C060806141A14E
:109F0C000063C1A381A240620066C1A681A740671D
:109F1C0001A5C065806441A4006CC1AC81AD406DED
:109F2C0001AFC06F806E41AE01AAC06A806B41ABBD
:109F3C000069C1A981A840680078C1B881B940798D
:109F4C0001BBC07B807A41BA01BEC07E807F41BF1D
:109F5C00007DC1BD81BC407C01B4C074807541B52D
:109F6C000077C1B781B640760072C1B281B340733D
:109F7C0001B1C071807041B00050C19081914051CD
:109F8C000193C053805241920196C056805741971D
:109F9C000055C19581944054019CC05C805D419DED
:109FAC00005FC19F819E405E005AC19A819B405BBD
:109FBC000199C059805841980188C048804941890D
:109FCC00004BC18B818A404A004EC18E818F404F1D
:109FDC00018DC04D804C418C0044C184818540452D
:109FEC000187C047804641860182C042804341833D
:109FFC000041C18181804040AC6B0008DC6B0008E3
:10A00C00E26B00081E6C0008EE6B00081E6C00086A
:10A01C001E6C00081E6C0008F46B00084E6B0008E8
:10A02C008A6B0008906B0008126C00089C6B00088F
:10A03C00126C0008126C0008126C0008A26B00086D
:10A04C00640C0008660B0008660B0008840E000800
:10A05C00600B0008600B00086C0E0008840E0008F2
:10A06C00600B00086C0E0008600B0008840E0008E2
:10A07C007A0E00087A0E00087A0E0008880E000886
:10A08C004469737020496E69742E2E2E2E2E0D008D
:10A09C005B4C4F4749435D20446973706C61795444
:10A0AC006573744D6F64652829204D6F64655B255D
:10A0BC00645D506F735B25645D0D0A003D3D3D3D55
:10A0CC003D3D3D3D3D3D3D3D3D3D3D3D3D3D3D3DB4
:10A0DC003D3D3D3D3D3D3D3D3D3D3D3D3D3D3D3DA4
:10A0EC003D3D0D002020536D6172742044524D2073
:10A0FC00436F6E74726F6C6C65722076312E300DFE
:10A10C000000000020204C45444F20436F2C2E2093
:10A11C004C74642E200D00005B4C6F6769635D20EE
:10A12C0043616C6354656D70205B2564207E202533
:10A13C00645D5B676170203A2025645D5B646563D8
:10A14C0069616D6C203A2025645D0D0A00000000E9
:10A15C005B4C4F474943205D205365742044524D5E
:10A16C00205B4252543A25645D0000005B5247422A
:10A17C003A253032785D00005B4F50543A2530322E
:10A18C00785D0D0A000000005B4C4F4749435D2091
:10A19C004D6F64656D2053656E645F5374616E64BE
:10A1AC0062790D005B4C4F4749435D2053656E64EB
:10A1BC005F4D6F64656D5F5374617475735B2530AF
:10A1CC0032785D5B253032785D5B253032785D5BB3
:10A1DC00253032785D5B253032785D5B2530327806
:10A1EC005D5B253032785D5B253032785D5B2530E8
:10A1FC0032785D0D0A0000005B4C4F4749435D20EF
:10A20C004D6F64656D2053656E645F537461747536
:10A21C00730D00005B4C4F4749435D204D6F6465E7
:10A22C006D2053656E645F52656769737465725B0C
:10A23C0025645D0D0A0000005B4C4F4749435D20CF
:10A24C0053656E645F424C455F636865636B200DBC
:10A25C000000000041540D0041542B494E464F3F25
:10A26C000D0000005B4C4F4749435D2053656E6405
:10A27C005F424C455F636D64203A202573200A00D1
:10A28C0041542B5645523F0D0000000041542B41C8
:10A29C004456444154413F0D000000005B4C4F4775
:10A2AC0049435D2053656E645F424C455F636D644A
:10A2BC00203A20257300000041542B4144564F4E48
:10A2CC000D00000041542B4144564F46460D0000F2
:10A2DC005B4C4F4749435D20636F6D6D616E645FEE
:10A2EC00737472203A202573000000005B4C4F47BA
:10A2FC0049435D2053656E645F424C455F41445653
:10A30C00444154415F5374617475735B25635D5BA9
:10A31C0025635D5B25635D5B25635D5B25635D5B31
:10A32C0025635D5B25635D5B25635D5B25635D5B21
:10A33C0025635D5B25635D5B25635D5B25635D0D5F
:10A34C000A0000005B4C4F4749435D2053656E6427
:10A35C005F424C455F414456444154415F536974DC
:10A36C00756174696F6E0D0041542B414456444124
:10A37C0054413D25642564253034640D00000000F3
:10A38C005B4C4F4749435D20424C455F414456442A
:10A39C004154415F5345540D0000000041542B4182
:10A3AC004456444154413D25730D000041542B4DFE
:10A3BC00414E55463F0D00005B4C4F4749435D20D5
:10A3CC00424C455F4D414E55465F5345540D000080
:10A3DC0041542B4D414E55463D44524D0D0000000D
:10A3EC005B4C4F4749435D2053656E645F424C455F
:10A3FC005F494E54455256414C5F53455420256499
:10A40C000D0A000041542B414456494E54455256B6
:10A41C00414C3D25640D00005B4C4F4749435D208A
:10A42C004D6F64656D205061636B65745F50617234
:10A43C0073655B253032785D5B253032785D5B254A
:10A44C003032785D0D0A00005B4C4F4749435D206C
:10A45C0044524D2047726F757020436F6E74726F4B
:10A46C006C5B425254203A20253032785D5B524767
:10A47C0042203A20253032785D5B4F7074203A20B0
:10A48C00253032785D0D0A005B4C4F474943205D07
:10A49C00204F6E65436F6E74726F6C205B4252542A
:10A4AC00203A20253032785D5B524742203A2025F5
:10A4BC003032785D5B4F7074203A20253032785DF5
:10A4CC000D0A00005B4C4F474943205D20416C6CEA
:10A4DC00436F6E74726F6C5F5633205B25645D5BEB
:10A4EC004252543A253032785D5B5247423A25301D
:10A4FC0032785D5B4F3A253032785D0D0A000000F2
:10A50C005B4C4F474943205D205468697320457666
:10A51C00656E74206265206E6F7420696E636C7555
:10A52C00646564202D205B45203A202564206D5DF8
:10A53C005B50203A20253464206D5D0D0A0000002C
:10A54C005B4C4F474943205D205B253464207E20C3
:10A55C00253464206D5D0D0A000000005B4C4F47F4
:10A56C004943205D20424C4520416476446174612E
:10A57C00205365740D0000005B4C4F474943205D30
:10A58C00205B25645D496E697420506F7369746932
:10A59C006F6E202D205B25645D5B253464206D5D22
:10A5AC000D0A00005B4C4F474943205D205B25643E
:10A5BC005D20466C617368696E6720436F6E7472C0
:10A5CC006F6C202D205B25645D0D0A000D0A5B4C21
:10A5DC006F6769635D204D6F64656D204F505F43FD
:10A5EC004F4445205B2532585D0D0A0041542B55D4
:10A5FC004152543D25640D005B4C4F4749435D204F
:10A60C003D3D3D3D3D3D3D3D3D3D3D3D3D4D6F6405
:10A61C00656D2052656769737465723D3D3D3D3DC6
:10A62C003D3D3D3D3D3D3D0D000000005B4C4F4729
:10A63C0049435D20312E2053656374696F6E204948
:10A64C004420203A205B2025303278205D0D0A0012
:10A65C005B4C4F4749435D20322E2044657669633D
:10A66C00652049442020203A205B20253032782078
:10A67C005D0D0A005B4C4F4749435D20332E205241
:10A68C0046204368616E6E656C20203A205B202565
:10A69C00303278205D0D0A005B4C4F4749435D20FA
:10A6AC003D3D3D3D3D3D3D3D3D3D3D3D3D3D3D3DCE
:10A6BC003D3D3D3D3D3D3D3D3D3D3D3D3D3D3D3DBE
:10A6CC003D3D3D3D3D3D3D0D000000005B6C6F6729
:10A6DC0069632E635D205361766520506167653137
:10A6EC00205472616E736D697420526573756C744D
:10A6FC00205B25645D0D0A005B6C6F6769632E63DC
:10A70C005D20536176652050616765302B31205B8D
:10A71C00305D205472616E736D697420526573756F
:10A72C006C74205B25645D0D0A0000005B6C6F6728
:10A73C0069632E635D2053617665205061676530D7
:10A74C002B31205B315D205472616E736D69742006
:10A75C00526573756C74205B25645D0D0A000000F6
:10A76C005B6C6F6769632E635D2053617665205067
:10A77C0061676530205472616E736D697420526527
:10A78C0073756C74205B25645D0D0A005B6C6F67E0
:10A79C0069632E635D205061676531205472616E70
:10A7AC00736D697420526573756C74205B25645DE0
:10A7BC000D0A00005B6C6F6769632E635D2050614E
:10A7CC0067653120526563656976652052657375DE
:10A7DC006C74205B25645D0D0A0000005B6C6F6778
:10A7EC0069632E635D20506167652030202D203118
:10A7FC005B315D205472616E736D697420526573A8
:10A80C00756C74205B25645D0D0A00005B6C6F67D2
:10A81C0069632E635D20506167652030202D2031E7
:10A82C005B315D2052656365697665205265737591
:10A83C006C74205B25645D0D0A0000005B6C6F6717
:10A84C0069632E635D20506167652030202D2031B7
:10A85C005B325D205472616E736D69742052657346
:10A86C00756C74205B25645D0D0A00005B6C6F6772
:10A87C0069632E635D20506167652030202D203187
:10A88C005B325D2052656365697665205265737530
:10A89C006C74205B25645D0D0A0000005B6C6F67B7
:10A8AC0069632E635D2050616765203020547261AE
:10A8BC006E736D697420526573756C74205B2564BE
:10A8CC005D0D0A005B6C6F6769632E635D205061E0
:10A8DC006765203020526563656976652052657323
:10A8EC00756C74205B25645D0D0A0000424C45209C
:10A8FC005B20434F4E4E4543544544202020205D61
:10A90C000D000000424C45205B20444953434F4E00
:10A91C004E4543544544205D0D0000005B4C4F47B1
:10A92C0049435D204144432056616C7565205B436F
:10A93C004831203A2025645D5B434832203A20257B
:10A94C00645D5B434833203A2025645D5B434834A7
:10A95C00203A2025645D0D0A000000005B4C6F67F7
:10A96C0069635D204261747465727920566F6C74F2
:10A97C00616765205B424154203A20256420765D56
:10A98C005B534F4C203A20256420765D5B54454D3B
:10A99C0050203A20256420E284835D0D0A000000DB
:10A9AC00626C655461736B00756172745461736B86
:10A9BC000000000070726F635461736B0000000044
:10A9CC0069646C655461736B0000000050657269BA
:10A9DC0020496E69742E2E2E2E2E0D007065726914
:10A9EC0052464D6F64756C65205B25645D2E2E2E72
:10A9FC002E2E0D0A000000007065726952465761D8
:10AA0C006B657570205B25645D2E2E2E2E2E0D0A27
:10AA1C00000000005561727420555341525431208E
:10AA2C003A2048414C5F554152545F547843706C06
:10AA3C007443616C6C6261636B0D000055617274E0
:10AA4C0020555341525434203A2048414C5F5541D3
:10AA5C0052545F547843706C7443616C6C626163E4
:10AA6C006B0D0000556172742055534152543520C2
:10AA7C003A2048414C5F554152545F547843706CB6
:10AA8C007443616C6C6261636B0D00005561727490
:10AA9C0020555341525431203A20554152545F496C
:10AAAC00444C4543616C6C6261636B0D00000000AB
:10AABC005561727420555341525434203A205541FB
:10AACC0052545F49444C4543616C6C6261636B0D3D
:10AADC0000000000556172742055534152543520CA
:10AAEC003A20554152545F49444C4543616C6C6269
:10AAFC0061636B0D000000005561727420496E6932
:10AB0C00742E2E2E2E2E0D005B556172745D20421C
:10AB1C004C452042617564204368616E6765205B1B
:10AB2C0025645D0D0A0000002B4F4B002B45525243
:10AB3C004F5200002B4144564552544953494E47FD
:10AB4C00000000002B5354414E44425900000000B9
:10AB5C00424C455F44617461205B25735D200D0A96
:10AB6C00000000000D0A5B4D6F64656D5D20526343
:10AB7C00765F4C5243204572726F725B2532585D82
:10AB8C005B2532585D0D0A000D0A5B4D6F64656DD7
:10AB9C005D204F505F434F4445204572726F725B8E
:10ABAC002532585D0D0A00005265637654696D6557
:10ABBC006F75742042756666657220436C656172B0
:10ABCC00200D0A005B4669726D776172655D2042EB
:10ABDC006F6F746C6F61646572204D6F6465200DCE
:10ABEC00000000000D0A5B4669726D776172655D4D
:10ABFC00204F505F434F4445204572726F725B2566
:10AC0C0032585D0D0A0000005B55415254205D0026
:10AC1C005B253032785D00005B253032785D0D0AA3
:10AC2C000000000049444C450000000014000020C6
:10AC3C000000000000000000000000000000000008
:10AC4C0000000000000000000000000000000000F8
:10AC5C0000000000000000000000000000000000E8
:10AC6C0000000000000000000000000000000000D8
:10AC7C0000000000000000000000000000000000C8
:10AC8C0000000000000000000000000000000000B8
:10AC9C00232D302B2000686C4C00656667454647B9
:10ACAC00003031323334353637383941424344453C
:10ACBC0046003031323334353637383961626364AB
:04ACCC0065660000B9
:08ACD0002056FF7F0100000087
:04ACD800E900000887
:04ACDC00C1000008AB
:10ACE000000020000100000004000000AAAAAAAA97
:10ACF00014000020000000005CAC00087CAC0008E0
:10AD00003CAC000800000000000000000000000053
:10AD10000000000000000000000000000000000033
:10AD20000000000000000000000000000000000023
:10AD30000000000000000000000000000000000013
:10AD40000000000000000000000000000000000003
:04AD500000000000FF
:0400000508008491DA
:00000001FF
