:020000040800F2
:100000000050002061840008793600087B36000823
:1000100000000000000000000000000000000000E0
:1000200000000000000000000000000099810008AE
:100030000000000000000000418200087D3600083A
:10004000B1840008B1840008B1840008B1840008BC
:10005000B1840008B1840008B1840008B1840008AC
:100060000000000091360008A1360008B9360008EB
:10007000B1840008B184000839370008B184000851
:10008000B1840008B1840008B184000800000000B9
:10009000B1840008B1840008B1840008B18400086C
:1000A000B1840008B1840008B18400082937000831
:1000B000B1840008B18400080000000000000000C6
:1000C00010B5064C2378002B07D1054B002B02D02E
:1000D000044800E000BF0123237010BD7800002019
:1000E00000000000F8990008084B10B5002B03D061
:1000F0000749084800E000BF07480368002B00D10B
:1001000010BD064B002BFBD09847F9E7000000001C
:100110007C000020F8990008740000200000000016
:10012000002243088B4274D303098B425FD3030A36
:100130008B4244D3030B8B4228D3030C8B420DD349
:10014000FF22090212BA030C8B4202D312120902D7
:1001500065D0030B8B4219D300E0090AC30B8B4215
:1001600001D3CB03C01A5241830B8B4201D38B03C3
:10017000C01A5241430B8B4201D34B03C01A524168
:10018000030B8B4201D30B03C01A5241C30A8B42AB
:1001900001D3CB02C01A5241830A8B4201D38B0296
:1001A000C01A5241430A8B4201D34B02C01A52413A
:1001B000030A8B4201D30B02C01A5241CDD2C309AC
:1001C0008B4201D3CB01C01A524183098B4201D328
:1001D0008B01C01A524143098B4201D34B01C01A13
:1001E000524103098B4201D30B01C01A5241C3088B
:1001F0008B4201D3CB00C01A524183088B4201D3FA
:100200008B00C01A524143088B4201D34B00C01AE5
:100210005241411A00D20146524110467047FFE751
:1002200001B5002000F006F802BDC0460029F7D055
:1002300076E770477047C046002B11D1002A0FD1D6
:10024000002900D1002802D00021C943081C07B4AE
:10025000024802A14018029003BDC046D9FFFFFF2B
:1002600003B4684601B5029800F04EF8019B9E4623
:1002700002B00CBC7047C046F0B5CE4647461504E8
:100280002D0C2E0080B50704140C3F0C9946030C6E
:100290007E435D43674363437F19340CE4199C46F6
:1002A000A54203D980235B029846C4444B46514380
:1002B00043433604360C250C24046544A41959180C
:1002C000491920000CBC90469946F0BD70B500223B
:1002D0000C4B04000D0001F01DFA002804D1200091
:1002E000290001F077F970BD064B0022200029009B
:1002F00000F05AFE01F06EF980231B069C46604414
:10030000F1E7C0460000E041F0B557464E4645468D
:10031000DE46E0B5040083B00D00924699468B425C
:100320002FD82CD04946504601F01CFA290006006F
:10033000200001F017FA331A9846203B9B4600D55F
:1003400074E053465A4693401F005346424693403A
:100350001E00AF4229D826D05B46A41BBD41002B0E
:1003600000DA79E0002200230092019301235A462B
:1003700093400193012342469340009319E0824247
:10038000D0D900220023009201930C9B002B01D0B6
:100390001C605D600098019903B03CBC9046994692
:1003A000A246AB46F0BDA342D6D90022002300925C
:1003B00001934346002BE8D0FB0772081A434646D8
:1003C0007B080EE0AB4201D1A2420CD8A41A9D4199
:1003D000012024196D410021013E24184D41002EB9
:1003E00006D0AB42EED9013E24196D41002EF8D162
:1003F0005B460098019900196941002B22DB2B0014
:100400005A46D3402A004446E2401C005B46150091
:10041000002B2CDB26009E40330026004746BE40C2
:100420003200801A994100900191AEE742462023A4
:100430009B1A5246DA40414613004A468A4017004A
:100440001F4382E7424620239B1A2A0046469A40D1
:100450002300F3401343D5E74246202300219B1A93
:100460000022009101920122DA40019282E7424685
:10047000202326009B1ADE402F00B4469740664694
:100480003B003343C9E7C046F8B54546DE4657460C
:100490004E460C03E0B54E00C90F88460D00610AB8
:1004A000440F0C43C70019035800DB0F9B464B0A4F
:1004B000510F0B43760D400D1900D200D84500D1E5
:1004C000AEE0351A002D00DCF6E000280FD1134312
:1004D00000D1DBE06B1E002B00D037E1BA1A974247
:1004E000BF41641A7F42E41B0126170024E0C64B7B
:1004F0009E424DD080231B041943382D00DD07E1B7
:100500001F2D00DD38E12020431B9A460B0050468A
:100510008340994613004846EB4018430300504679
:100520008240501E8241E9401A43BA1A611A97422A
:10053000A441170064420C1B230262D56402650AC1
:10054000002D00D1DFE0280001F0EEF80300083BA9
:100550001F2B00DDD2E020223C00D21A9D40D44067
:100560009F4025439E4200DDC4E09E1B731C1F2B51
:1005700000DDF1E0202238002900D21AD840914055
:1005800097402C000143781E8741DC4000260F4332
:100590007B0709D00F233B40042B05D03B1DBB42FA
:1005A000BF417F42E4191F0023022CD5964B013630
:1005B0009E4200D19AE04546944BFF081C406007DC
:1005C000760564020743240B760D00212403230BD8
:1005D0000C0D8F4A24051C431440330523435B0054
:1005E000ED075B082B43380019003CBC9046994648
:1005F000A246AB46F8BD6446044300D111E20400B4
:1006000067467B07C6D145466007FF080743E408F5
:100610007D4B9E4230D024037605240B760DD4E723
:10062000331A9A46002B78DD002831D0764886426E
:10063000AED08020000401435346382B00DCE9E0B3
:100640000A43511E8A410021D219BA42BF410919F9
:100650007C4217000C192302D3D56B4B01369E4206
:1006600000D13AE10120694B1C407B0807401F4341
:10067000E007074364088BE723003B4300D1CBE14D
:100680008022120314432403240B9EE72E007FE7ED
:100690000800104300D1B4E0581E002800D0DEE06E
:1006A000BA18BA429B4164185B42E418170001264D
:1006B0002302A6D50226D5E7002D6ED1701C400579
:1006C000400D012800DCF9E0B81A844687428041D9
:1006D000E51A40422D1A280200D489E0D71BBA42FD
:1006E00092411C1B5242A51AD84629E745460024D0
:1006F00000276AE7454CF61A2C4049E73D002838A8
:10070000854000272EE7380001F00EF820301DE765
:100710000A43511E8A41002107E7002B00D0F3E075
:10072000701C43055B0D012B00DCADE0364B98429D
:1007300000D1D1E0BA18BA42BF4164187F42E4192F
:10074000E707520817436408060021E72E48854250
:1007500000D193E01D00D0E629001F3EF140202B80
:1007600000D18DE04022D31A9D402F437D1EAF4122
:1007700000240F43002644E72B000800203BD8400C
:100780000300202D00D17DE04020451BA9400A43F5
:10079000511E8A4100211A43C7E6002E50D01A4E3E
:1007A000B04257D080266B429946360434434B46BC
:1007B000382B00DDD6E01F2B00DD35E12026F51AB1
:1007C0002600AE40B2463E00DE40AC4635005646FE
:1007D0002E436546AF407D1EAF41DC403743D71BFB
:1007E000BA4292410C1B5242A41A0600D846A3E614
:1007F000644667462C4300D0A2E600250026002769
:1008000006E71E00C4E6C046FF070000FFFF7FFFAB
:10081000FFFF0F801F2B63DC2020C31A08009840C5
:100820009C46834653461000D84003005846184360
:1008300063469A40531E9A4153460243D94003E708
:1008400026003E4306D0EB439946002BC7D0944E7A
:10085000B042ACD10C0017000600D84698E6904B89
:100860009A450BD08246E7E6002800D09EE01800AB
:10087000104300D1E9E01C001700D846884E87E6F7
:10088000002572E7002182E723003B43002E00D0C1
:10089000ABE0002B00D1E7E00B00134300D177E67B
:1008A000BA18BA42BF4164187F42E419230200D447
:1008B000F2E07C4B17001C40060069E6200038433C
:1008C000002ED1D100285BD11C00144300D1A8E038
:1008D0001C001700D8465BE606000024002797E6B8
:1008E00050460B002038C34099465346202B00D178
:1008F00095E0402350461B1A99400A43511E8A41F5
:100900004B4600211A439FE6002E30D126003E437D
:1009100067D0DB439A46002B1CD0614EB04260D0BA
:100920005346382B00DD96E01F2B00DD9FE020268C
:10093000F31A26009E409C46B34653463E00DE40D6
:1009400033005E461E4363469F407B1E9F415346D5
:10095000DC403743BF189742924164185242A418B2
:10096000060078E627437C1EA741002437E74C4E5B
:10097000B04236D080265B4236049A463443CFE7F5
:100980001800104300D103E6B81A84466745AD410C
:10099000E01A6D42401B050200D42CE6D71BBA4278
:1009A00092411C1B5242A41AD846F1E5180010438C
:1009B00000D163E7F808670707438020E4080003D5
:1009C000044208D0DD08054205D1D2085907114379
:1009D0000F002C00D8467B0FE4001C43FF00304E74
:1009E000D6E50C0017000600D2E5002B38D00B002E
:1009F000134300D142E7F808670707438020E40863
:100A000000030442E7D0CB080342E4D1D2084907EF
:100A100011430F001C00DEE700270024D5E500216C
:100A20006BE700250027F3E54E462500203EF54004
:100A30004B462E00202B2DD04025ED1AAC402743ED
:100A40007C1EA74100243743C9E6802400252403E7
:100A5000134E0027DCE527437C1EA741002479E7DD
:100A60000C0017000E4E93E50C00170090E556465B
:100A70002300203EF34099465346202B0ED04023BE
:100A800056469B1B9C4027437C1EA7414B46002497
:100A90001F435FE70024D2E71700B2E50024F2E726
:100AA000FF070000FFFF7FFFF0B557464546DE46D3
:100AB0004E46E0B50C0398464E00230B87B0070066
:100AC00092469B46760DCD0F002E6BD06D4B9E420D
:100AD00035D080245B46420F2404DB0014431C43C2
:100AE000C3009946684BA3469C46002300276644F2
:100AF000029343461C035A00DB0F5046240B520D51
:100B0000984600D176E05F4B9A426DD08023410F2A
:100B10001B040B435C49E4008C461C43C3000020CB
:100B200062444146B6186940721C019194460743DD
:100B30000F2F00D9B0E0554ABF00D25997465B4607
:100B40000343994600D087E000239B4602330827E1
:100B50000293CEE742460192022867D0032800D1D3
:100B60000EE2012800D062E1002300240022994611
:100B700001990140CDB2002112030B0D120B1B0590
:100B80001343434A240513401C436400ED076408E3
:100B90002C434846210007B03CBC90469946A246EB
:100BA000AB46F0BD034399464FD05B46002B00D1C6
:100BB00089E1584600F0B8FD03000B3B1C2B00DD1B
:100BC0007AE11D22D31A3A0001005C46DA40083966
:100BD0008C4013008F4023439B46B94600232D4E83
:100BE0000027361A029384E7534623432AD1002470
:100BF000022096E75346234320D0002C00D157E132
:100C0000200000F091FD03000B3B1C2B00DD49E1AF
:100C10001D21CB1A51460200D9405346083A944050
:100C200093400C431B4A121A00207AE70125019BCE
:100C3000144C1D400023002299469CE7002400220A
:100C400001206EE7534603206BE700239B460133E8
:100C50000427002602934CE7032381460C270293C6
:100C600047E780220023002512039946054C82E7BE
:100C70005C464B4602986FE75C464B4601950298EE
:100C80006AE7C046FF07000001FCFFFF60A0000804
:100C9000FFFF0F800DFCFFFF4A464946170C1A0C58
:100CA0001B041B0C08041900000C41431500884666
:100CB00019007D4379430395894629001500454372
:100CC0004D44029545462D0CAA46029D5544A94522
:100CD00006D98A46802149028946CA445146039171
:100CE000290C0491414609042D04090C8846290069
:100CF000250C24044144240C0591210041438846DD
:100D0000210079438A466843414650448146080C95
:100D100048446F43824503D98021490289464F44A4
:100D2000010C894639004944029141460F04049957
:100D30003F0C88460004C01980444146049159463E
:100D40000F0C0904090C884659438A46390051435F
:100D5000894641464A435146090C8B467B43D2188B
:100D60005A44934203D980235B029B46D94451469F
:100D70000904090C8A46414661437C43130C120462
:100D80004B445244A1468A463C0041466C434D4385
:100D900051464D440F0C7D19A94503D980214902C4
:100DA00088464444049F0399B84641448B46834592
:100DB000804141428846514608042F04000C3F18E8
:100DC0005846029910188946904292414F44BA46BB
:100DD000524299469346C244D144CB448F42BF41CC
:100DE000C245894199459B41934592417F42494281
:100DF0002D0C52420F435B4213437F19FF185B4691
:100E00003C19DB0D059A64021C43430213435D1E2B
:100E1000AB415A46C00D034352021343E20156D57B
:100E200001205A0803401343E207134364085A4859
:100E3000604400284DDD5A0709D00F221A40042AC9
:100E400005D01A1D9A429B415B42E4181300E2014F
:100E500004D58020514AC00014406044504A90425A
:100E600000DDE3E60125DB0862071A436402019B0B
:100E70009146220B4405640D1D407CE680225946B4
:100E80001203114208D0144206D122431203120B5E
:100E900045469946434C6EE65B461A431203120BD5
:100EA000404C68E603005446283B9C400023B9E6CA
:100EB00000F03AFC2030A6E60300283B9F400023C8
:100EC000BB4699468AE600F02FFC203074E6B44613
:100ED000ADE701252A1A382A06DD019B00241D40B2
:100EE00000230022994646E61F2A21DC2025200007
:100EF000AD1A1E00AB40A840D6405D1EAB4130434A
:100F00001843D440430709D00F230340042B05D0D6
:100F10000300181D98429B415B42E418230221D52F
:100F20000125019B01241D4000230022994622E651
:100F30001F2521006D42281AC1400800202A1DD01B
:100F40005F35AA1A944023435C1EA341072503433F
:100F50001D400022002D09D00F2200241A40180045
:100F6000042AD6D1030065076402220BDB082B4359
:100F700001259946019B00241D40FCE50024E2E781
:100F8000802201251203224301991203120B0D4006
:100F90009946044CEFE5C046FF030000FFFFFFFE4B
:100FA000FE070000FF070000F0B54646D6464F4654
:100FB0000C03C0B5CD0F4E00610A440F0C43C100B5
:100FC0005800400D84468A460F001903500F490A05
:100FD0000143C648760DA846DB0FD200844500D1F8
:100FE000D8E001204340AB4200D1A6E06046351A6C
:100FF000002D00DC05E1002810D10B00134300D1C7
:10100000D7E06B1E002B00D04BE153469F1ABA4528
:101010008041641A4042241A01261EE0B34B9E42CE
:1010200048D080231B041943382D00DD19E11F2D02
:1010300000DD4CE120230F005B1B10009A409F4015
:10104000E840531E9A41E940074317435346DF1BCC
:10105000611ABA45A44164420C1B230200D4C5E0C6
:101060006402650A002D00D1F6E0280000F05CFB68
:101070000300083B1F2B00DDE9E020223C00D21AD0
:101080009D40D4409F4025439E4200DDDBE09E1BF7
:10109000731C1F2B00DD0AE120223800D21A290020
:1010A00097402C009140D8407A1E9741DC400026A2
:1010B00001430F437B0709D00F233B40042B05D08E
:1010C0003B1DBB42BF417F42E4191F00230225D5CF
:1010D000864B01369E4200D1AFE0854B01251C4076
:1010E00043466207FF08640276051743240B760D1A
:1010F0001D4000212403230B0C0D7E4A24051C43B4
:101100001440330523435B00ED075B082B43380095
:1011100019001CBC90469946A246F0BD01254346E5
:101120006207FF081743E4081D40704B9E4236D00B
:1011300024037605240B760DDBE76346F31A002BB8
:1011400000DC94E06046002835D068488642B1D083
:1011500080273F043943382B00DCFDE00A431700A9
:1011600000217A1E9741574457458041091944424E
:101170000C1923023AD55D4B01369E4200D14BE15A
:1011800001225B4B1C407B0817401F43E2071743BB
:1011900064088FE70800104300D024E721E723000C
:1011A0003B4300D1B9E18022120314432403240BF2
:1011B0009FE72E007EE70800104300D1CAE0581ECA
:1011C0008446002800D0E7E052445245804164182C
:1011D0004042241817000126230207D50226CFE734
:1011E00064462C4300D1B3E12C0067467B0700D056
:1011F00062E76307FF081F4301254346E4081D40DB
:1012000093E7002D78D1751C6D056D0D012D00DC67
:10121000F2E05046801A8245BF41651A7F42ED1BBD
:101220008446280200D48CE05046171ABA429241F4
:101230000C1B5542651B984614E7012543460024C4
:101240001D40002755E72A4CF61A2C4032E73D0096
:1012500028388540002717E7380000F065FA20306D
:1012600006E70A43170000217A1E9741EEE6002B9D
:1012700000D0E5E0731C9C465B055B0D012B00DC98
:101280009FE01A4B9C4500D1C5E052445245804135
:10129000641840422418E70752081743640866465A
:1012A00008E71248854200D185E01D00BCE6290010
:1012B0001F3EF140202B00D17FE04022D31A9D40F9
:1012C0002F437D1EAF4100240F4300268EE72B00E5
:1012D0000F00203BDF40202D71D040235D1BA94033
:1012E0000A43511E8A4100211743AFE6FF07000061
:1012F000FFFF7FFFFFFF0F80002E3ED0B34EB445AF
:1013000045D0802636046D423443382D00DDA8E0F8
:101310001F2D00DD1FE1202627005046761BB74019
:10132000E84007435046B040461EB041EC403843C9
:10133000171ABA4292410C1B5242A41A66469846AA
:101340008BE6644667462C4300D08BE600250026DA
:101350000027EAE61E00ADE61F2B60DC2027F81A06
:101360000F00844687401000D84007436046824003
:10137000501E8241D9401743F5E6260050460643E9
:1013800005D0ED43002DD3D0904EB445BDD10C0017
:101390001700664698468DE68C4883420BD063461C
:1013A000D9E6002D00D096E00800104300D1E2E01D
:1013B0000C0017009846854E7CE6002580E700214A
:1013C0008EE7230050460343002E00D0A8E0002BF8
:1013D00000D1DEE00B00134300D16BE652445245CE
:1013E00080416418404224181700230200D4FDE60F
:1013F000774B66461C405DE6250050460543002EAF
:10140000CFD1002D4FD10C00144300D1A0E00C002F
:10141000170098464EE666460024002785E61F0022
:101420000800203FF8400700202B00D18EE040202C
:10143000C31A99400A43511E8A410021174392E67C
:10144000002E14D126005046064362D0DB43002B09
:101450005CD187189742924164185242A41866469C
:1014600087E650462043441EA041002460E7574EC3
:10147000B4454ED0802636045B423443382B00DD21
:101480007FE01F2B00DD8BE0202627005046F61A58
:10149000B740D84007435046B040461EB0410743CE
:1014A000DC40BF18D6E70D00154300D102E65046D8
:1014B000801A8245BF41651A7F42ED1B844628028F
:1014C00000D48DE65046171ABA4292410C1B524284
:1014D000A41A9846EEE50D00154300D16BE750467F
:1014E0006707C00807438020E4080003044207D0D0
:1014F000CD08054204D12C009846D70849070F4370
:101500007B0FE4001C43FF00304ED3E52F4EB44563
:10151000B4D10C0017006646CCE500270024E8E5AE
:10152000002B39D00B00134300D144E7C0086707F4
:1015300007438020E40800030442E1D0CB080342C3
:10154000DED1D70849070F431C00D9E7002171E716
:1015500000250027E9E52E002700203EF740202D3A
:101560002FD04026751BAC4050462043441EA0415E
:1015700000243843DCE6802400252403134E002792
:10158000D3E5504620430700781E87410024BF184A
:1015900060E70C0017008DE50C0017000B4E89E585
:1015A0001E002700203EF740202B0CD04026F31AC7
:1015B0009C4050462043441EA04107430024BF18CE
:1015C00048E70024D0E70024F3E7C046FF07000007
:1015D000FFFF7FFF30B5134D0A034B00120B5B0D6D
:1015E000C90F0024AB4210DD0F4CA3420FDC802456
:1015F0000E4D64032243ED1A1F2D0BDD0C48C31A58
:10160000DA405442002900D11400200030BD094BBB
:10161000CC18FAE7084CE840A44663449A400243D9
:10162000EFE7C046FE0300001D0400003304000085
:1016300013040000FFFFFF7FEDFBFFFF10B5041E4A
:1016400028D000F071F8154B154A1B1AD21A1F2A20
:1016500015DD144AD21A9440002224035B05240BA2
:101660005B0D0021100024030A0D240B12052243F8
:101670000D4C1B05224013435B00590810BD21008F
:1016800091400A000B21081AC4405B052403240B77
:101690005B0DE6E7002300240022E2E71E040000C1
:1016A0003304000013040000FFFF0F808446101C69
:1016B00062468C46191C634600E0C0461FB500F028
:1016C000FBF8002801D40021C8421FBD10B500F06E
:1016D00055F84042013010BD10B500F0EDF800287B
:1016E00001DB002010BD012010BDC04610B500F088
:1016F000E3F8002801DD002010BD012010BDC04628
:1017000010B500F075F8002801DC002010BD0120A4
:1017100010BDC04610B500F06BF8002801DA0020BB
:1017200010BD012010BDC0461C2101231B0498429E
:1017300001D3000C10391B0A984201D3000A083962
:101740001B09984201D30009043902A2105C401819
:101750007047C046040302020101010100000000BD
:101760000000000010B5002903D1FFF7DDFF203095
:1017700002E0081CFFF7D8FF10BDC046F0B54F4689
:101780004646D6465C00C0B51F03DB0F9A46174B92
:101790000E034D0084468046360B6D0DC90F9146F1
:1017A0003F0B640D01209D4208D09C4201D0A54210
:1017B0000BD01CBC90469946A246F0BD634633430D
:1017C000F7D1AC42F5D13A43F3D10120BE42F0D17A
:1017D000C845EED1514507D0002DEAD163461E43DE
:1017E0003000461EB041E4E70020E2E7FF070000BA
:1017F000F0B54546DE4657464E46E0B51F033D0B65
:101800002C4F0E034C00AB465D008446360B640D36
:10181000C90F90466D0DDB0FBC422AD0254FBD424B
:101820002DD0002C0FD130430700814678427841FB
:10183000C0B2002D17D15F463A4314D14B46002069
:10184000002B0AD006E0002D02D15846024301D0F9
:10185000994218D04842012108433CBC9046994621
:10186000A246AB46F0BD0028F2D00120013B184350
:10187000F3E737000743D1D002204042EDE75F464F
:101880001743CED0F8E7AC42E4DC03DA481E01216E
:101890000843E2E75E45DDD806D000205E45DCD295
:1018A0000123481E1843D8E7C445D3D80020C445B7
:1018B000F6D3D2E7FF070000F0B54E464546DE46B8
:1018C00057465C00E0B51F03DB0F99462A4B0E0319
:1018D0004D00C90F8446360B6D0D8B4690463F0B6D
:1018E000640D9D4220D0244B9C4222D0002D12D169
:1018F000304343424341DBB2002C1FD0002B0CD0BD
:101900004B460120013B034318003CBC90469946DE
:10191000A246AB46F0BD002C16D0CB4517D05B4697
:10192000594201230B43EFE7310002230143EBD17E
:10193000D9E7390002231143E6D1D7E73A43DDD195
:1019400000230028E0D0EAE73A43E6D1E7E7A542E2
:10195000E5DC05DBBE42E2D807D00023BE42D3D28D
:101960005946012301390B43CEE7C445D7D800239C
:10197000C445F5D3C8E7C046FF0700000023C25C9A
:101980000133002AFBD1581E704700000378002B5A
:101990001CD0194B1B68194A92885A634378002B54
:1019A00019D0154B1B68154A92889A638378002BCF
:1019B00016D0114B1B68114A9288DA63C378002B4A
:1019C00013D10D4B1B6800221A6470470A4B1B6829
:1019D00000225A63E2E7084B1B6800229A63E5E79E
:1019E000054B1B680022DA63E8E7034B1B68034AD8
:1019F00092881A64E9E7C046244000209400002041
:101A000010B5002808D004220100054806F0C2FDE8
:101A10000122034B9A7110BD0022014B1A60F7E7B7
:101A20009400002010B5054B9B79002B00D110BD10
:101A3000024800238371FFF7A9FFF8E79400002014
:101A400070B5164806F046FE154C0A22002120000B
:101A500006F0A9FD134D0021280004F075FB0421B8
:101A6000280004F071FB0821280004F06DFB0C2114
:101A7000280004F069FB2B6800225A639A63DA633A
:101A80001A64FF232370803B2372803BA3800233C0
:101A9000E371A371FFF7C6FF70BDC046A0A00008A8
:101AA0009400002024400020FF23181A014B988046
:101AB0007047C04694000020034B036054330B6012
:101AC000802313607047C046A000002001238B4094
:101AD000DBB20370437083707047000010B5036879
:101AE0001B685B0700D410BD0F4B01216022995485
:101AF00001329A5C11001831890059181C6D4C6034
:101B000011002231890059185C6D4C6011002C3194
:101B1000890059189C6D4C60D96D363292009B1823
:101B2000596002F0C7FDDEE750110020884202D95B
:101B3000401A01387047081AFCE7000070B5554C90
:101B4000AC235B00E5582900A06CFFF7EFFFE36CC6
:101B5000984200D870BDA5642000293004220021DD
:101B600006F021FD3123E35C072B00D98AE09A00BF
:101B700049498A589746474AFF2029215054013342
:101B800008315354C338C826B600FFF78DFF434CC5
:101B90002000FFF735FFFFF745FF293C3125615D48
:101BA000628E3F4806F008FD635D072B6DD0394B10
:101BB000DE64CFE7374AFF202A2150540133073132
:101BC0005354C338C826B600DFE7324AFF202B2122
:101BD0005054013306315354C338C826B600D4E7F5
:101BE0002C4AFF2129201154013011540133CE39E0
:101BF00053540C38C826B600C7E7264AFF212920CF
:101C0000115401301154013011540133CE39535461
:101C10000D38C826B600B8E71E4AFF212920115406
:101C200001301154013011540133CE395354553021
:101C3000C826B600A9E7174AFF202C2150540133CB
:101C400005315354C338C826B6009EE7114C618E47
:101C5000C9B220002930FFF739FF638E01339BB2F0
:101C60006386032B03D03C20C82676008DE7094B02
:101C700000225A8631215A5C01325A543C20C8262F
:101C8000760082E7002006007FE700212A33014A20
:101C9000D1548CE750110020109A000879110020CF
:101CA000B0A0000870B5144BAC2252009D58986C3F
:101CB0002900FFF73BFFC8239B00984200D870BD66
:101CC0000D4CA5642500293504220021280006F0CA
:101CD0006AFCFF232922A3540132A3540132A354E6
:101CE0000132A3540020FFF7DFFE2800FFF788FE33
:101CF000FFF798FEE3E7C04650110020F8B51E4CF0
:101D0000200006F0E7FC1D4806F0E4FC1C4806F045
:101D1000E1FC200006F0DEFC01F020FAFFF790FE67
:101D2000184CF22292000021200006F03CFC1E20FC
:101D3000FFF7BAFE2925FF2363552A27E3552B26F3
:101D4000A3551148FFF75CFEFFF76CFE192002F067
:101D50007FFA00236355E355A3559133FF33E364C2
:101D60000020FFF7A1FE0848FFF74AFEFFF75AFEE2
:101D7000192002F06DFAF8BDDCA0000804A10008EB
:101D800024A100085011002079110020F0B5CE46A2
:101D900000B584B08C235B00274AD058274B98426B
:101DA0000BD8ED2812D90123812B0BDC9A00244992
:101DB0005458A04210D20133F6E796214900A023DF
:101DC0005B00D15204B004BC9146F0BD1D49A02374
:101DD0005B00194AD152F5E71A001E3A164F9100DE
:101DE00052185100A0267600B953013B9B00144ABB
:101DF0009B589DB2A2B2AD1AAAB211001B041D0CD1
:101E0000AA0052195300820010184200981A039138
:101E1000FEF786F982B291462204120C0004000CEF
:101E20000090039B2900084806F0C6FBBB5B4A46AE
:101E30009B1ABB53C6E7C046501100201B0F000081
:101E4000389B0008DE03000038A1000810B505F03B
:101E500027FFAC235B00034AD050034803F012FB7A
:101E600010BDC04650110020C83F002010B5B92356
:101E70005B00054AD35C002B02D1FFF713FF10BDB6
:101E8000FFF75CFEFBE7C0465011002070B5040070
:101E90000378234DAB730178224806F08DFB6178FF
:101EA000214806F089FB63789B096B7063781B11EE
:101EB00003221340AB7063789B101A40EA7062787B
:101EC0005210012313402B75A178184806F074FBBB
:101ED0000223E356002B1DDB0022114BDA73A3789B
:101EE0005B0619D501220E4B1A74A3789B0615D4F4
:101EF00000230B4D6B74A2781F2313406B8205F0F7
:101F0000CFFEB6235B00E8506C3BFF3B6B810023A8
:101F1000EB8370BD0122E0E70022E4E70123E8E75C
:101F20005011002070A100088CA1000898A10008A1
:101F300010B5244C80220021200006F034FB7E23C3
:101F40002370703B6370C233A3701F4BC7225200D3
:101F50009A5CE27009216171A2712122E2719A7B7F
:101F600022725A7862729A78A272DA78E2721B7DD3
:101F7000002B22D080235B42134A127C002A1ED100
:101F800000221343DBB2104A518A0B430D4C2373DA
:101F900098235B00D35A63730E220121200001F0C5
:101FA0009FFDA0737F23E37310222100012001F025
:101FB0002DFD064806F08EFB10BD0023DCE7402215
:101FC000DFE7C0467C3E00205011002018A2000828
:101FD00010B50A4806F07EFB094C80225200002111
:101FE000200006F0E0FA04220649200006F0D2FAAA
:101FF0002100022001F0F2FC10BDC04658A20008EA
:102000001113002074A2000810B50A4C802252005F
:102010000021200006F0C7FA09220749200006F037
:10202000B9FA2100022001F0D9FC2100034806F092
:10203000C3FA10BD11130020A0A2000884A200085A
:1020400010B50C4806F046FB0B4C802252000021D4
:10205000200006F0A8FA0E220849200006F09AFA9D
:102060002100022001F0BAFC2100054806F0A4FA84
:1020700010BDC046D8A3000811130020F0A300082B
:10208000BCA2000870B5050001000C4806F094FAE7
:102090000B4C802252000021200006F084FA2A0016
:1020A0000849200006F020FB2100022001F096FCE8
:1020B0002100054806F080FA70BDC04600A4000863
:1020C0001113002024A40008BCA20008F0B5D646D5
:1020D0004F464646C0B584B005000E001400137884
:1020E0000A000100D04806F067FA412D09D8AD007A
:1020F000CE4B5B599F46C7235B00CD4AD35C9E42C3
:1021000005D004B01CBC90469946A246F0BD012102
:102110007823FF33D154F4E72000FFF7B7FE22788D
:10212000C34B9A73627892095A7062781211032134
:102130000A409A70627892101140D9706178491003
:1021400001220A401A750223E356002B27DB0023E5
:10215000B74A5375A3785B0623D50123B44A137499
:10216000A3789B061FD40023B14D6B74A2781F2364
:1021700013406B8205F094FDB6235B00E8506C3B86
:10218000FF3B6B810023EB837D33FF330122EA5455
:1021900021786278A378A74806F00EFAB1E7012308
:1021A000D6E70023DAE70123DEE7C7235B00A04A76
:1021B000D35C9E42A5D12000FFF768FE22789C4B9D
:1021C0009A73627892095A706278121103210A4058
:1021D0009A70627892101140D97062785210012181
:1021E0000A401A756278114099760223E356002B53
:1021F00023DA01238E4A5375A3785B061FD501238A
:102200008B4A1374A3789B061BD50122884B5A7402
:10221000A1781F220A405A8201225A810022DA83C1
:102220007D32FF320021995421786278A378824868
:1022300006F0C2F9FFF77CFE63E70023DAE700232C
:10224000DEE70022E2E79D00675DC7225200784981
:102250008A5C974203D00133062BF4DD51E76E1CF4
:10226000A6193000FFF712FE0021BE235B00704A62
:10227000D15432786419A378E178009139006F481D
:1022800006F09AF93DE70023E6E723781B02617820
:102290001943674BC022520099520A329A5A91420E
:1022A00007D8511AC3235B00614AD15200239946D3
:1022B00011E0634806F080F95D4B00227E21FF317A
:1022C0005A549A767D39FF397A22FF32995418E7A9
:1022D00001239C46E144A378994500DB11E74B4676
:1022E0006A46D381D3899846DD00ADB22B1DE75CE9
:1022F0003F023FB26B1DE35C1F43AB1DE25C120269
:1023000012B2EB1DE35C1A43924639004D4806F0C9
:1023100053F9C3235B00464AD35A9F42D8DC9A45FF
:10232000D6DD280008302018FFF7B0FD404BC12251
:102330005200414699529B7E012B00D0E1E63C4B76
:10234000DB7E9E4208D13A4B02329A5AC3214900A1
:102350005B5A9A4200D1D4E63B4806F0BBF9344BB5
:10236000C3225200995A023A9952DE76843AFF3AD1
:10237000BD2149005A547E21FF315A54C1E62378C9
:102380008A22FF322A498B540022182A00DDB8E63F
:10239000511C605CC7214900254D695C884201D011
:1023A0000132F2E753439BB2C52040002B5227482D
:1023B00006F002F9A5E67E23FF331D4AD35C002B0D
:1023C00000D19EE6002223789A4200DB99E6C123E1
:1023D0005B001749C95A5300E0184078814201D088
:1023E0000132F0E7E418A278114B9A81184806F000
:1023F000E3F886E6C7235B000D4AD35C9E4200D01B
:102400007FE605F04DFC0A4BB622520098500121A0
:102410000C32995475E6BFF34F8F0E4A0E4BDA60BB
:10242000BFF34F8FC046FDE738A40008309A00087C
:102430005011002068A40008A8A40008E4A4000823
:1024400020A5000860A500087CA5000898A5000844
:10245000C4A500080400FA0500ED00E02378002B75
:1024600005D00021B9235B00184AD15449E6174B27
:10247000002231215A545A8630397332FF3299542E
:102480003FE62278114B9A813BE6C7235B000F4A57
:10249000D35C9E4202D0FF2E00D032E622780B4B56
:1024A0009A7601217A22FF3299542AE62278120282
:1024B00063781343054DDF2464002B53FFF788FD39
:1024C000285BFFF7DFFDFFF783FD1AE650110020C0
:1024D00010B5C8B001F0A4FBE0235B00194AD05C42
:1024E00001F01AFD184B1968002245A804F048FEB7
:1024F00009E0154B196845AC0022684604F040FE1F
:102500006B4607CB07C4459B102B18D104AC822225
:1025100052004699200006F03DF821780B4806F05D
:102520004BF823783033DBB2012BE2D804AB1979B6
:102530005879587016226A44FFF7C8FDD9E748B0A9
:1025400010BDC0465011002058430020ECA50008E3
:1025500070B505000C4C802252000021200006F0CE
:1025600022F82A000949200006F0BEF82100084898
:1025700006F022F82100022001F030FA210005487F
:1025800006F01AF870BDC046111300200CA6000812
:1025900084A20008BCA2000810B5012000F0A8FE2B
:1025A0000021E0235B00204AD154FFF711FDFFF723
:1025B00047FDFFF70DFDFFF727FD00240FE0A20008
:1025C0001A4B9B1899681A4801F0F6F9FFF700FDBD
:1025D000E1204002FFF7BCFFFFF7FAFC0134022CB8
:1025E000EDDDB623FF33104AD35C002B0CD1BE23A4
:1025F000FF330D4AD35C002B0DD10B4B01229A7691
:102600007A21FF315A5410BDFFF7E2FCFFF718FDA5
:10261000FFF7DEFCEBE70121E0235B00D154002053
:1026200000F066FEE9E7C04650110020389D000822
:10263000AC40002010B50D4806F04CF80C4C8E2331
:10264000FF33E15C0B4805F0B7FFC7235B00E15C9B
:10265000094805F0B1FF9023FF33E15C074805F01E
:10266000ABFF074806F036F810BDC04618A60008B4
:10267000501100204CA6000870A6000894A600087F
:10268000B8A60008F0B587B00D0016005F4B984261
:1026900053D813185D4A934200D88BE083B2DC43D1
:1026A000A4B21B0A05AA13705070FA239B00009372
:1026B0000223A021564802F0F3FC039007001420E7
:1026C00001F0C6FD002F66D1FA239B000093230082
:1026D0002A00A0214E4802F097FD03900700142025
:1026E00001F0B6FD002F5BD12D19341BA4B205AA51
:1026F000002313705370FA239B0000930223A2213E
:10270000434802F0CDFC0600142001F0A1FD002E8C
:102710004BD1FA239B00009323002A00A2213C48BE
:1027200002F072FD0400142001F092FD002C26D06E
:102730002100384805F040FF21E080B2013080B22E
:10274000030A05AA1370507064230093623BA22110
:102750002F4802F0A5FC0400142001F079FD002CA4
:102760000FD1FA239B00009333002A00A2212848AE
:1027700002F04AFD002809D1142001F069FD07B0DC
:10278000F0BD2100244805F017FFEAE701002348C7
:1027900005F012FFF0E70399214805F00DFF93E7DC
:1027A0000399204805F008FF9EE731001E4805F018
:1027B00003FFAEE783B21B0A05AA13705070FA2319
:1027C0009B0000930223A021114802F069FC040041
:1027D000142001F03DFD002C13D1FA239B0000933F
:1027E00033002A00A0210A4802F00EFD0400142044
:1027F00001F02EFD002CC2D021000C4805F0DCFEBB
:10280000BDE721000A4805F0D7FEE6E7FFFF00001C
:102810007C3F00208CA80008ACA70008D4A70008C3
:10282000FCA700082CA800085CA80008E4A8000881
:10283000BCA8000810B5074C13220021200005F0A9
:10284000B2FE132221000020FFF71CFFFFF7F2FE6B
:1028500010BDC046DC12002010B5FFF7EBFF8E2341
:10286000FF33094AD05C002800D004209023FF33B6
:10287000054AD35C184300F0B1FC002000F0E8FCEE
:1028800000F0FAFC10BDC0465011002070B582B0B7
:10289000A24BAC225200995808329858FFF746F9DB
:1028A000FA239B00984200D836E1BF235B009B4A85
:1028B000D35C002B4ED0BB235B00984AD35C012B2A
:1028C00053D0B623FF33954AD35C002B54D0934B9F
:1028D000AC22520099580832995010329B5C002B60
:1028E0004DD0002113008D4AD1548C4CB8235B008D
:1028F000E05C00F05FFC00F005FDC0B2BE23FF33DA
:10290000E35C98420DD0BE23FF33844AD0540028A4
:102910003BD0834805F0DEFE0121E0235B007F4AC7
:10292000D1547C23FF337D4AD35C002B36D17B4BC3
:10293000AC2252009C580C3298582100FFF7F6F850
:10294000784B984200D8E7E0B2235B00734AD4503A
:10295000002440E0140001257F33FF33D55400F0FC
:10296000CDFFBB235B00E554A5E700217633FF33A1
:10297000D154FFF771FFA4E7FFF70EFEA7E701218F
:10298000B8235B00654AD154AFE7674805F0A2FE63
:102990000021E0235B00614AD154C2E7002000F02F
:1029A0007FFC002000F090FC00217C23FF335B4A79
:1029B000D154BCE7594900226023CA540133CC5496
:1029C00050310432594801F023FE6023534AD35C4E
:1029D000002BFAD00134092CECDD504B002282216F
:1029E00049005A5004315A5004315A5004315A5057
:1029F0002AE04A4B11001831890059184968822091
:102A000040001C58A446614419501100223189002D
:102A10005918496804301C58A446614419501100E3
:102A20002C3189005918496804301C58A446614467
:102A300019501100363189005918496804301C5862
:102A4000A446614419500132092AD2DD00240EE067
:102A5000324D230040339B00EB1858680A21FDF7E4
:102A60005FFB230044339B00ED1868600134032CA6
:102A7000EEDD2A4C8E267600A3598C225200A258F5
:102A80008A214900615890256D00605900902848BE
:102A900005F092FDA059FEF7D1FD264A264BFEF720
:102AA00003F80022254BFDF7FFFF02000B00FDF7A6
:102AB000EBFC23003933FF33186059600022204BB0
:102AC000FDF7F2FFFDF702FC1436A0536059FEF744
:102AD000B5FD184A184BFDF7E7FF0022174BFDF72D
:102AE000E3FF02000B00FDF7CFFC23002933FF3387
:102AF000186059600022124BFDF7D6FFFDF7E6FB88
:102B000004356053FFF742F9A15B625BA0235B00D1
:102B1000E35E0C4805F050FD02B070BD501100207E
:102B20000CA900088813000024A90008FC4200201A
:102B30003CA900086666666666660A400000303F8B
:102B4000000024407CA90008F0B58BB014220021BD
:102B500005A805F028FD2D4BD96A04221143D9623E
:102B6000D96A0A400192019AD96A80221143D96236
:102B7000D96A0A400292029ADA6A01273A43DA6273
:102B8000DA6A3A400392039AD96A02221143D9625F
:102B9000DB6A1A400492049B8024A40100222100D5
:102BA0001B4802F0EAF800221A491B4802F0E5F837
:102BB00099252D0200222900A020C00502F0DDF891
:102BC00005940697002407940326089605A9104843
:102BD00002F000F8114B059306970794089605A993
:102BE0000D4801F0F7FF059506970794089605A98B
:102BF000A020C00501F0EEFF402305930694079442
:102C000005A9054801F0E6FF0BB0F0BD0010024039
:102C100000080050C4F0000000040050A4F00000C0
:102C200000B583B0114A116B012319431163126B74
:102C300013400193019B00220321092001F028FE8B
:102C4000092001F055FE002203210A2001F020FE98
:102C50000A2001F04DFE002203210B2001F018FE96
:102C60000B2001F045FE03B000BDC046001002403D
:102C700010B5FFF7EBF8FFF709FE012004F02FFA7B
:102C8000F7E710B5012004F02AFAFBE710B5FFF7CB
:102C9000EDF8012004F023FAF9E710B5FFF718FC6E
:102CA000012004F01CFAF9E700B583B00190642319
:102CB000012201A9024804F04DF8019803B000BDBB
:102CC0007C41002072B6FEE700B583B008220021E7
:102CD000684605F068FC2948294B03600023C3635C
:102CE0008022D2054260836005228263043A026139
:102CF000C36020214254013143548362C221FF3119
:102D000041629639FF394254033242610363836161
:102D10004363C36101F082FB002824D1194B009367
:102D200080235B0101936946144801F053FD00289C
:102D30001BD1154B00936946104801F04BFD00284C
:102D400015D1124B009369460C4801F043FD002851
:102D50000FD10F4B00936946084801F03BFD002856
:102D600009D103B000BDFFF7ADFFFFF7ABFFFFF7E1
:102D7000A9FFFFF7A7FFFFF7A5FFC046FC42002011
:102D800000240140040000080800000C100000109E
:102D90002000001410B51248124B0360124B436020
:102DA000002383600122C260036143618361C361C8
:102DB000036202F00FF900280CD10021084802F04C
:102DC000D7FA002808D10021054802F0FDFA0028B2
:102DD00004D110BDFFF776FFFFF774FFFFF772FF16
:102DE0007C3F0020005400408266500000B587B050
:102DF0000822002104A805F0D6FB10220021684615
:102E000005F0D1FB29482A4B03600023436083600F
:102E100080225200C2600361436103F070F9002810
:102E200035D100230493059304A9204803F068FAE0
:102E300000282ED160230093002301930293039373
:102E400000226946194803F0E7F9002823D104213C
:102E5000164803F08DFA00281FD104226946134852
:102E600003F0DAF900281AD1082269460F4803F066
:102E7000D3F9002815D10C2269460C4803F0CCF98F
:102E8000002810D1094800F0F7FA07B000BDFFF79D
:102E900019FFFFF717FFFFF715FFFFF713FFFFF706
:102EA00011FFFFF70FFFFFF70DFFC0462440002082
:102EB0000004004010B50B480B4B036096231B0227
:102EC000436000238360C36003610C22426183611D
:102ED000C3610362436203F0EDFF002800D110BD1F
:102EE000FFF7F0FE7C4100200038014010B50B4890
:102EF0000B4B036096239B01436000238360C360F8
:102F000003610C2242618361C3610362436203F087
:102F1000D1FF002800D110BDFFF7D4FE2C420020C5
:102F2000004C004010B50B480B4B036096231B026E
:102F3000436000238360C36003610C2242618361AC
:102F4000C3610362436203F0B5FF002800D110BDE6
:102F5000FFF7B8FEAC4000200050004010B5074815
:102F6000074B036006234360064BC360836002F097
:102F700055FA002800D110BDFFF7A4FEC83F00207D
:102F800000300040FF0F000010B50A480A4B0360F4
:102F9000002343607F2282608032C260036143610C
:102FA0008361C36102F08AFF002800D110BDFFF7E2
:102FB00089FEC046044200200028004000B59BB0B6
:102FC000342200210DA805F0EEFA1422002108A8F1
:102FD00005F0E9FA20220021684605F0E4FA1C49D0
:102FE0000B681C4A1A4080231B0113430B60092302
:102FF0000D9380235B020E930123129300231693FB
:103000000DA802F09FFA00281CD10F2308930D3B56
:10301000099300230A930B930C93012108A802F053
:103020001DFD002810D1292300930023029305934E
:1030300080239B020193684602F022FE002805D1FE
:103040001BB000BDFFF73EFEFFF73CFEFFF73AFE68
:1030500000700040FFE7FFFFF0B5A5B001F0D2F827
:10306000FFF7ACFFFFF770FDFFF7DAFDFFF72CFE6F
:10307000FFF790FEFFF7BAFEFFF71CFFFFF736FFE2
:10308000FFF750FFFFF76AFFFFF77EFFFEF736FE00
:1030900020A82B4C0300250046CD46C32A681A60A1
:1030A000002104F024F8274B18601CA8030022001C
:1030B000C2CAC2C32A681A60002104F018F8224B61
:1030C000186015A802002300103362CB62C262CBE5
:1030D00062C21B681360002103F0CBFF1B4B18601A
:1030E0000EA8020023002C3362CB62C262CB62C204
:1030F0001B681360002103F0BCFF154B186007A884
:1031000002002300483362CB62C262CB62C21B68FA
:103110001360002103F0ADFF0E4B186068466B464C
:10312000643426CC26C326CC26C322681A6000212C
:1031300003F09FFF084B186003F096FFFEE7C046C0
:103140004C9D00085843002028420020B042002037
:10315000D83F0020304100200042002070B51348C5
:1031600005F0B8FA124C03220021200005F01BFAEA
:10317000FF23A370002415E080263602A025ED056C
:1031800000223100280001F0F8FD192001F060F85C
:1031900001223100280001F0F0FD192001F058F85B
:1031A0000134E4B2092CE7D970BDC046ECA900088F
:1031B000F402002010B5084B1B7883420AD0064B5E
:1031C000187042424241D2B280210902A020C005BB
:1031D00001F0D3FD10BDC046F4020020F8B5040094
:1031E0000100184805F0E8F9174B9B789C4227D05E
:1031F000154B9C70012722007A4001263240A02501
:10320000ED0580210901280001F0B7FD62087A4030
:10321000324080214901280001F0AFFDA2087A4028
:1032200032400A4D80214901280001F0A6FDE40842
:103230007C403200224080210902280001F09DFDDF
:10324000F8BDC046FCA90008F402002000040050AC
:1032500010B504000100064805F0AEF9013C6242D9
:103260006241D2B280218901024801F086FD10BD81
:1032700018AA00080008005070B580256D00A02431
:10328000E40500222900200001F077FD192000F05C
:10329000DFFF01222900200001F06FFD70BD00005A
:1032A00010B504000100064805F086F9013C6242B1
:1032B0006241D2B280218901024801F05EFD10BD59
:1032C00034AA00080004005010B5040001000648AC
:1032D00005F072F9013C62426241D2B28021C9011B
:1032E000024801F04AFD10BD50AA00080004005039
:1032F00010B502002021024801F03FFD10BDC0467C
:103300000004005010B54021044801F02FFD0028B2
:1033100001D1002010BD0120FCE7C0460004005090
:1033200010B5084B5A6B01210A435A63996B8022EE
:1033300052050A439A63002203210220404201F011
:10334000A7FA10BD0010024030B587B00400142267
:10335000002101A805F027F91B4B22689A4201D0F1
:1033600007B030BD194B5A6B8025AD002A435A6314
:10337000D96A01221143D962DB6A1A400092009B8C
:103380003C230193393B029301A9A020C00501F021
:1033900021FC0F480F4B0360002343608360C36030
:1033A0008022026145618022120182612022C26175
:1033B000036201F0DDFA002803D1054BE3649C624F
:1033C000CEE7FFF77FFCF8E7002401400010024041
:1033D000B44200200800024010B586B00400142258
:1033E000002101A805F0DFF82268104B9A4201D0B5
:1033F00006B010BD0E4CE26A02231A43E262E26A92
:1034000013400093009BC0239B000193122302935F
:103410000F3B04930133059301A9064801F0DAFB41
:10342000A26B80239B031343A363E1E70054004096
:1034300000100240000400500268054B9A4200D080
:103440007047044A116D8023DB020B431365F7E7D5
:1034500000280040001002400268054B9A4200D04C
:103460007047044A936B02210B439363F8E7C0460D
:10347000000400400010024010B588B0040014227F
:10348000002103A805F08FF82268154B9A4201D05D
:1034900008B010BD134BD96A01221143D962D96A11
:1034A0000A400192019ADA6A02242243DA62DB6A54
:1034B00023400293029BC02303930494079403A91F
:1034C000A020C00501F086FB03230393049400238E
:1034D00005930693079403A9034801F07BFBD7E704
:1034E00000040040001002400004005030B589B0D4
:1034F00004001422002103A805F055F82368534A5C
:10350000934207D0524A934239D0524A93426AD0EA
:1035100009B030BD504B596B8022D2010A435A6327
:10352000D96A01221143D962DB6A1A400092009BDA
:10353000C023DB0003930223049303250695023383
:10354000079303A9A020C00501F044FB4348444B66
:103550000360456000238360C36080220261436191
:103560008361603AC261036201F002FA002803D16C
:103570003A4B23679C62CBE7FFF7A4FBF8E7364B97
:10358000996B802212030A439A63D96A012211437C
:10359000D962DB6A1A400192019B03230393022242
:1035A000049206930333079303A9A020C00501F0FA
:1035B00011FB2C482C4B03600C23436000238360D9
:1035C000C3608022026143618361603AC261036229
:1035D00001F0CEF9002803D1224B23679C6297E7C4
:1035E000FFF770FBF8E71C4B996B802252030A43EC
:1035F0009A63D96A02221143D962DB6A13400293AB
:10360000029B182303930492153B069303330793FD
:1036100003A9164801F0DEFA1548164B03600D2386
:10362000436000238360C360802202614361836141
:10363000603AC261036201F09BF9002803D10C4B90
:1036400023679C6264E7FFF73DFBF8E70038014021
:10365000004C004000500040001002403441002067
:1036600030000240644000201C0002400004005072
:10367000DC3F00206C000240FEE7FEE710B500F0E2
:10368000D5FD04F0E3FC012801D004F0FBFD10BDE2
:1036900010B5024801F03EFA10BDC046B442002009
:1036A00010B5034801F036FA024801F033FA10BDB4
:1036B000644000203441002010B5024801F02AFA8D
:1036C00010BDC046DC3F00207047000010B500244C
:1036D00017E04908520892B201339BB2072B08D871
:1036E00008005040C007F4D549080B48414089B252
:1036F000F0E70A4BE2185200094B9B18598001343D
:10370000A4B2FF2C03D8220000210023E6E7012108
:10371000044B034AD15410BD01A0FFFFB0130000B9
:10372000181500206027000010B5024802F00CFFB9
:1037300010BDC0467C41002010B5034802F004FFD4
:10374000024802F001FF10BD2C420020AC400020D6
:1037500010B50368134A934206D0134A93420DD022
:10376000124A934214D010BD114C200002F04EFEBC
:1037700001221049200003F02DFCF4E70E4C20003C
:1037800002F044FE01220D49200003F023FCEAE789
:103790000B4C200002F03AFE01220A49200003F0FF
:1037A00019FCE0E700380140004C004000500040A8
:1037B0007C4100201D1500202C4200203D220020CD
:1037C000AC4000205D2F002070B50368284A93426A
:1037D00006D0284A934217D0274A93422ED070BD74
:1037E00004F05EFA2549264BC85026480A5A531C55
:1037F0004C798A1894719B059B0D0B52053101225F
:10380000214803F0E7FBEAE704F04AFA1B491F4BA3
:10381000C8501F480B5A5A1C1E4C0C5DCB181E4D2D
:10382000AC4663441C7093059B0D0B52194B9C4690
:1038300061440122194803F0CDFBD0E704F030FACF
:103840000E49174BC85017480B5A5A1C164C0C5DA2
:10385000CB18164DAC4663441C7093059B0D0B5260
:10386000114B9C4661440122114803F0B3FBB6E7BB
:1038700000380140004C0040005000401815002066
:10388000140800000C0400007C41002034150000E6
:103890002C110000250D0000260D00002C420020F8
:1038A000542200004C1E0000451A0000461A000079
:1038B000AC40002010B503680A4A934206D00A4A79
:1038C000934207D0094A934208D010BD084804F03B
:1038D00001FFFAE7074804F0FDFEF6E7064804F0AA
:1038E000F9FEF2E700380140004C00400050004073
:1038F00068AA000890AA0008B8AA0008F8B52448E9
:1039000004F0E8FE234C244A0021200004F04BFE82
:10391000224F2760224ED2231B01E650214DD22395
:103920005B01E550012323711F4AA3541F4AA3548E
:10393000611D0122380003F04DFB1D4BE1180122EF
:10394000300003F047FB1B4BE1180122280003F075
:1039500041FB39680B68202213430B6031680B6808
:1039600013430B6029680B6813430B600022052189
:103970001B2000F08DFF1B2000F0BAFF0022052164
:103980000E2000F085FF0E2000F0B2FFF8BDC0460B
:103990004CAB000818150020642900007C41002071
:1039A0002C420020AC400020240D0000441A0000EE
:1039B000250D0000451A000010B5040041600648BE
:1039C00004F0FAFD200003F075FA002800D110BDC4
:1039D000FFF778F9FBE7C0465CAB000870B505005F
:1039E0000C00022801D972B6FEE70800FDF7C6FFF9
:1039F00082B2D2231B016B4303495858FA239B0020
:103A0000210003F0A7F970BD1815002010B5D223CE
:103A10001B015843024BC058642303F09BF910BDAF
:103A20001815002010B5234C8022D2000021200060
:103A300004F0B9FD204BE118204BCA5A204B9C469C
:103A40006144200004F0A6FD1E49200004F080FE21
:103A500004000121B623FF331B4AD15403221B4922
:103A600004F064FE00281FD006221949200004F04B
:103A70005DFE002818D00C221649200004F056FEE6
:103A800000280CD008221449200004F04FFE002822
:103A90000BD100217C23FF330B4AD15404E00121D8
:103AA0007C23FF33084AD15410BD21000B4804F099
:103AB00083FDF9E771380020A7DCFFFF50220000EA
:103AC000501E000014AC0008501100207CAB000810
:103AD00080AB000888AB000898AB0008A4AB0008D6
:103AE00030B505000023002003E0CC182C5D6040B9
:103AF00001339342F9D330BD70B53D4E8022D200E0
:103B00000021300004F04FFD82225200002139488C
:103B100004F049FD384BF418384BE55A384BE1189E
:103B20002A00300004F036FD013D2A00002130005B
:103B3000FFF7D6FF6419334A944664442278FF2A7B
:103B400001D090421AD1304B304AD15C294B1970C8
:103B5000C02938D020D8B02946D1264C01220423D0
:103B6000FF33E254E01C0132294904F013FD294BD4
:103B700018680022210003F0D1FA0CE00100264869
:103B800004F01AFD1B4900220423FF33CA54214BC1
:103B9000186803F0C3FA70BD0B003033DBB2012BA1
:103BA00022D8144C01220423FF33E254A1708A1E50
:103BB000E01C174904F0EEFC164B186800222100A7
:103BC00003F0ACFAE7E70B4C01220423FF33E25485
:103BD000E01C0A320E4904F0DDFC0E4B186800228E
:103BE000210003F09BFAD6E70C4804F0E5FCD2E78D
:103BF000512B0020F8020020C7E9FFFF301500001C
:103C000030110000391600003A1600001815002087
:103C1000532B002058430020B8AB0008DCAB000851
:103C200070B504F03DF84E4B4E4AD35A002B01D1EB
:103C3000002431E04C4BD45804F032F8010020004D
:103C4000FDF774FFFA239B009842F1D904F028F89D
:103C5000444C454BE050454BE0188022D2000021F7
:103C600004F0A1FC00220023414962523C49625207
:103C7000404AA354404AA3540021404804F09CFC0D
:103C800062E07E282BD000213B4B364AD1543C4B7E
:103C9000344AD35C012B52D0324B354A9A5A3049C0
:103CA0005B5A9A424BD05A1C2E49CB182F48844657
:103CB0006344187893059B0D294A8B522D4BCB5C9E
:103CC000012B11D0002BDCD0022B1DD0032BDED119
:103CD0007F282CD00021274B224AD154D7E701332B
:103CE000244A20498B54CEE71E49234C0A5D551CBB
:103CF0000D558A18234CA446624410700138C4B292
:103D000001331C4A8B54C2E7164A1B4D515D4E1CB1
:103D1000565552181B498C4662441070013CE4B25F
:103D2000002CB4D10133134A0E498B54AFE70D4B2D
:103D30000121134A995400210E4A9954A7E7104BC8
:103D4000084AD35C002B00D170BD130000210C4A3F
:103D50009954094A995C0C4A9952FFF7CDFEF3E752
:103D60002E1100001815002034150000260D00004B
:103D70002C1100002611000027110000FCAB0008E8
:103D800028110000301100003015000070B504004B
:103D90000D00104B104AD35C002B04D0002C05D032
:103DA0000021002013E0FFF791FCF7E7002010E06E
:103DB00022784240000AFF231340084A9446634495
:103DC0005B00054AD3185B88584001340131A94291
:103DD000EED370BD6027000018150020B01300005E
:103DE000F8B53E4D8022D2000021280004F0DBFB14
:103DF0008222520000213A4804F0D5FB394BEC18DE
:103E0000394FE65B394BE1183200280004F0C2FB61
:103E1000B11E2800FFF7BAFF0100E05B831EE31824
:103E2000334A944663441B781B02013824186444C7
:103E300022781A4301D091421CD12D4B2D4AD15CDE
:103E4000274B1970B02924D018D9B2292CD0C029F9
:103E500016D1294804F03EFC01220021274802F037
:103E600099F8BFF34F8F264A264BDA60BFF34F8F86
:103E7000C046FDE7244804F09FFBF8BDA52924D0E7
:103E800000200423FF33164AD054204804F094FB4A
:103E9000F3E7134901220423FF33CA541C4B18686B
:103EA000002203F03BF9E8E70D4C01220423FF3325
:103EB000E254E01C0732174904F06CFB144B1868FD
:103EC0000022210003F02AF9D7E7BFF34F8F0C4AF5
:103ED0000C4BDA60BFF34F8FC046FDE7713800200E
:103EE000F8020020A7DCFFFF50220000501E000057
:103EF000592300001815002018AC000804420020C7
:103F00000400FA0500ED00E0B8AB000838AC00088A
:103F10005843002076380020F8B504000A2513E045
:103F20007E2E2FD00021974B974AD15431009748CD
:103F300004F042FB3100964804F03EFB954B924A58
:103F4000D35C012B00D1EEE08F4B934A9A5A9349F0
:103F50005B5A9A4200D1E6E05A1C8B49CB18904834
:103F6000844663441E7893059B0D8C4A8B52002C2B
:103F700000D1C3E08B4BCA5C092ADFD893008A4981
:103F8000CB589F460132874B7F49CA54CAE77E4BC4
:103F900001207C49585485495E54013281495A5464
:103FA00031007B4804F008FB0025C7E7764F754ACF
:103FB000BB5C591CB954FB187C4A944663441E7080
:103FC0003100734804F0F8FA764ABB5C0133BB5405
:103FD000B4E76D4F6B4ABB5C591CB954FB18734A6C
:103FE000944663441E703100694804F0E5FA6D4A56
:103FF000BB5C0133BB54A1E7634D624AAB5C591C07
:10400000A954EB18694A944663441E703100604815
:1040100004F0D2FA634AAB5C0133AB5400258DE760
:10402000594B58495A5C501C58549B185F4A944647
:1040300063441E7035433100554804F0BDFA002D2D
:1040400005D05149574A8B5C01338B5476E70721E1
:10405000544B4D4AD15471E74B4B4A495A5C501C62
:1040600058549B18514A944663441E70013DEDB26A
:104070003100474804F0A0FA002D00D05EE7424925
:10408000484A8B5C01338B5458E73F4F3D4ABB5C39
:10409000591CB954FB18454A944663441E703100BC
:1040A0003B4804F089FA3F4ABB5C0133BB5445E707
:1040B000354F344ABB5C591CB954FB183B4A9446F3
:1040C00063441E703100324804F076FA354ABB5C16
:1040D0000133BB5432E77F2E04D00021314B2A4AF2
:1040E000D1542BE7284B01212A4A995400212D4A0B
:1040F000995431002E4804F05FFA1FE70D2E25D0A9
:10410000214B20495A5C501C58549B18274A94460E
:1041100063441E70300004F069FA1E4B1A4AD35CE7
:10412000012B00D010E71B4B174AD35C002B0CD09F
:1041300013000021174A9954124A9D5C1D481D52D4
:104140009954002C1AD1FFF76DFCF8BD31001A48C4
:1041500004F032FA0C490B480A5C531CDBB28A1893
:10416000124FBC46624416705A1C0A54CB18634462
:104170000A221A70093A074BCA54CEE7FFF730FEFD
:10418000E3E7C046471E0000181500205CAC00089D
:1041900064AC0008481E00004C1E00004E1E0000CB
:1041A000461A0000461E0000F09D0008501E000048
:1041B0006CAC000850220000F8AB000810B50400F9
:1041C0000E4B1978FA208000FBF7AAFF01000C4B78
:1041D0001868FBF7A5FF00F097FB00280CD1032C13
:1041E00001D9012009E000222100013800F050FB34
:1041F000024B5C60002000E0012010BD04000020A4
:104200000000002010B5084A136840210B431360DA
:104210000320FFF7D3FF041E02D00124200010BDAD
:10422000FFF77EF8FAE7C04600200240034A116813
:10423000034B1B785B1813607047C0465C4300203B
:1042400004000020014B18687047C0465C43002002
:1042500070B50400FFF7F6FF0500631C02D0044BA5
:104260001B78E418FFF7EEFF401B8442FAD870BDBC
:104270000400002010B582B00400084B18680849FB
:10428000FBF74EFF4443019402E0019B013B019385
:10429000019B002BF9D102B010BDC04600000020E8
:1042A00040420F0070B5040003689A68520725D594
:1042B0009A68520706D59A68920703D49A68102123
:1042C0000A439A60FFF7BEFF050023689B685B07FF
:1042D00012D5FFF7B7FF401B0A28F6D923689B6861
:1042E0005B07F2D5636D102213436365A36D0F3A2C
:1042F0001343A365012000E0002070BD0020FCE70F
:1043000070B504000268916803230B40012B11D0A3
:104310000023002B38D0916805230B40012B10D0CF
:10432000636D102213436365A36D0F3A1343A365B6
:10433000012070BD1368DB0701D40023E9E70123E6
:10434000E7E7936802210B439360236803221A6016
:10435000FFF778FF050023689B68DB0712D5FFF79E
:1043600071FF401B0A28F6D923689B68DB07F2D54A
:10437000636D102213436365A36D0F3A1343A36566
:104380000120D6E70020D4E70020D2E770B5040072
:104390000268916803230B40012B10D00023002BEF
:1043A00037D191681C4B194210D0636D1022134312
:1043B0006365A36D0F3A1343A36501202AE01368D8
:1043C000DB0701D40023EAE70123E8E79368012132
:1043D0000B4393600120FFF74DFFFFF733FF05000C
:1043E00023681B68DB0712D4FFF72CFF401B0A2849
:1043F000F6D923681B68DB07F2D4636D10221343E0
:104400006365A36D0F3A1343A365012002E000200A
:1044100000E0002070BDC0461700008070B5041E8B
:1044200000D1E6E0436D002B31D0636DDB0634D460
:1044300021688B68042213402FD1626D6E480240C0
:104440000630FF3002436265886803220240012A79
:104450002CD00022002A43D16268C020000682428C
:104460002BD08020C005824227D0802000068242C7
:1044700023D00A69920092080A61604A1168604874
:104480000140116011686068014311601EE083659E
:1044900050228354FEF758FFC7E7636D1022134381
:1044A000636500225023E254012070BD0A68D207E0
:1044B00001D40022CEE70122CCE70A6992009208DB
:1044C0000A6121680A69606802430A612168CA6852
:1044D00018208243CA602168CA68A0680243CA6083
:1044E000464A11684748014011601168606B4006F8
:1044F0000143116022689168C90004D4906880214A
:104500004905014391602168CA683F480240CA607A
:104510002068C268E1682569022D40D00B43202144
:10452000615C49030B432C21615C49000B43216B07
:104530000B43A16989030B43E169C9030B4313438F
:10454000C360636AC222FF32934205D02168CA6801
:10455000A06A03431343CB602123E35C012B20D0EB
:10456000E36B012B31D023681A69D20703D51A698E
:1045700001218A431A612268536907218B435361E1
:1045800022685369A16B0B4353610023A365636DDC
:1045900003229343023A13436365002085E7042313
:1045A000BCE71F33E35C002B06D12268D16880236F
:1045B0005B020B43D360D3E7636D20221343636533
:1045C000A36D1F3A1343A365CAE7226813690F4915
:1045D0000B40136121680A69236C606C0343A06C73
:1045E000034313430B612268136901210B431361D9
:1045F000C1E7012059E7C046FDFEFFFF0827014043
:10460000FFFFC3FFFFFFFFFD1902FEFF03FCFFFFDB
:10461000F8B504000E00170003689A68520702D527
:1046200002252800F8BD5022825C012A38D00121E1
:1046300050228154DA680A43DA60C369012B2DD015
:10464000FFF7A4FE0500002DEBD1636D154A1A405B
:1046500080235B00134363650023A3655022A354AA
:10466000E36C114ADA62E36C104A1A63E36C104A95
:104670005A6323681C221A602268536810210B4376
:104680005360216840313B003200E06C00F0BCF91F
:104690002268936804210B439360C2E70025D2E7A8
:1046A0000225BEE7FEF0FFFF39470008AF470008CC
:1046B000BB47000870B504005023C35C012B02D136
:1046C0000225280070BD01225023C254FFF7EAFDE5
:1046D000051E1DD12268D36801218B43D360E06C95
:1046E0002523C35C022B17D02268536810218B430B
:1046F0005360002D19D12000FFF702FE0500002DA8
:1047000006D1636D0B4A13400432FF3213436365D5
:1047100000225023E254D4E700F0B1F9051EE3D0A3
:10472000636D402213436365DEE72000FFF7E8FD79
:10473000E5E7C046FEFEFFFF10B5836A5A6D5021C3
:1047400011422CD1596D802292000A435A651A6891
:10475000D068C0210901084214D12021595C0029E8
:1047600010D1116809070DD5916849070ED4516819
:104770000C20814351605A6D0B490A400431FF31CE
:104780000A435A651800FDF7A9F910BD5A6D20219A
:104790000A435A659A6D1F390A439A65F2E7DB6C42
:1047A0005B6B9847F1E7C046FEFEFFFF704710B510
:1047B000806AFFF7FBFF10BD704710B5806A436D3C
:1047C000402213434365836D3C3A13438365FFF7EF
:1047D000F3FF10BD70B504000D005023C35C012B26
:1047E0004BD001225023C25403689A6852071AD44E
:1047F000234A4968914229D0996A2A685203520B88
:104800000A439A622B685B0316D42B689B0305D579
:104810001C4A11688023DB030B43136000225023E2
:10482000E25400202AE0436D202213434365002216
:104830005023C254012021E0124A116880231B0436
:104840000B4313600A20FFF715FDDEE7996A2A681B
:104850005203520B914399622B685B0304D5094ABA
:10486000136809490B4013602B689B03D6D5054A92
:10487000136806490B401360D0E7022070BDC046A4
:104880000110000008270140FFFF7FFFFFFFBFFF6F
:1048900070B5002811DB8208134DC03292005459C4
:1048A00003231840C000FC331E008640B443890136
:1048B0000B4083402343535170BDC0B20F220240CE
:1048C000083A920806329200084BD3185D68032418
:1048D0002040C000FF2214008440A54389011140FC
:1048E000814029435960E7E700E100E000ED00E086
:1048F000002805DB1F2318401E3B8340014A13603C
:104900007047C04600E100E001380A4B98420FD8DA
:10491000094A50600948036A1B021B0AC0210906A4
:104920000B4303620023936007331360002070473A
:104930000120FCE7FFFFFF0010E000E000ED00E0D9
:1049400070B5066C1C25446C25400124AC40746095
:10495000046863608368102B04D00368996003685F
:10496000DA6070BD03689A600368D960F9E70000F7
:1049700070B5041E3DD005681F4BE8181421FBF7E5
:10498000CFFB800060641D4B236402222523E25488
:104990002B681B4A1A40A368E1680B4321690B434B
:1049A00061690B43A1690B43E1690B43216A0B4326
:1049B00013432B608023DB01A2689A4210D0114B75
:1049C00019681C22656C15400F20A84081431960AE
:1049D0001968606C02406068904002000A431A60E7
:1049E0000023E36301212522A154013AA3540020AE
:1049F00070BD0120FCE7C046F8FFFDBF000002408B
:104A00000F80FFFFA800024070B504002420205C46
:104A1000012832D00125242025540130205C0128B2
:104A200004D000222423E254022070BD013524303A
:104A300025540020E063256828680126B0432860DB
:104A40002000FFF77DFF236B002B0BD0226813683B
:104A50000E210B4313602268136801210B4313607E
:104A60000020E2E72268136804218B431360226868
:104A7000136806310B431360EDE70220D5E710B54C
:104A80002523C35C022B06D00423C36300222033FA
:104A9000C254012010BD026813680E218B431360BD
:104AA00001680A6801239A430A60016C1C22446C65
:104AB00022401C0094404C60252283540022233362
:104AC000C2540020E6E710B52523C35C022B03D0B7
:104AD0000423C363012010BD026813680E218B43B9
:104AE000136001680A6801239A430A60016C1C2262
:104AF000446C22401C0094404C60252283540022C8
:104B00002333C254836B002B02D098470020E2E786
:104B10000020E0E770B5036C1968046825681C2361
:104B2000426C134004229A400A4214D06A0712D5FC
:104B300023689B0603D42368042293432360016CFB
:104B40001C22436C1A40042393404B60036B002BE0
:104B500000D0984770BD02229A400A421AD0AA0794
:104B600018D523689B0606D423680A229343236042
:104B7000093A2523C254016C1C22436C1A400223BB
:104B800093404B6000222423C254C36A002BE1D01F
:104B90009847DFE708229A400A42DBD02B07D9D595
:104BA00023680E2293432360016C0E32436C1A403B
:104BB00001231C0094404C60C363252283540022CF
:104BC0002333C254436B002BC4D09847C2E7C06B59
:104BD00070470000F0B5002357E085685F000326AA
:104BE000BE40B543CE68BE40354385604568A543A9
:104BF0002C004D682E09012535409D402C43446012
:104C000051E0DC080834A400265807251D40AD00FB
:104C10000F27AF40BE430F69AF403D0035432550DD
:104C200054E0052700E00027AF403D003543023443
:104C3000A400464EA551464C2568D44326002E407C
:104C40004F68FF0301D515432E00414D2E606D685E
:104C50002E0026404F68BF0301D515432E003C4D62
:104C60006E60AD682E0026404F68FF0201D51543E7
:104C70002E00374DAE60ED682C404E68B60201D56F
:104C80002A431400324AD46001330A681400DC401D
:104C90005AD001249C402240F6D003254E6835406E
:104CA000013D012D99D903244D682C40032C08D0D7
:104CB000C4685E000325B540AC438D68B5402C4305
:104CC000C46003244D682C40022C9AD005685E0015
:104CD00003242700B740BD434F683C40B4402C43F9
:104CE0000460C024A4024D682542CDD0194D6C6BE0
:104CF000012634436C639C08A51CAD00134EAE59CD
:104D000003271F40BD000F27AF40BE43A027FF056C
:104D1000B84288D0104FB8420ED0104FB8420DD0D4
:104D20000F4FB8420CD00F4FB8420BD00E4FB842C5
:104D300000D176E7062777E7012775E7022773E7B3
:104D4000032771E704276FE7F0BDC046000001406C
:104D50000004014000100240000400500008005010
:104D6000000C005000100050001C005003690B4262
:104D700001D1002070470120FCE7002A01D18162A7
:104D800070478161FCE703689A69920701D50022A8
:104D90009A6203689A69D20703D49A6901210A4387
:104DA0009A617047F0B5059C05686868660D8027B4
:104DB000FF003740054E3E43B0438905890D12047C
:104DC00011430B43234303436B60F0BDFF63FF03B9
:104DD00070B504000E00150003689A69D2063BD531
:104DE0005A68920104D459688022D2010A435A6059
:104DF00023689A69920615D4731CF9D0FFF722FA3A
:104E0000401B864201D3002EF2D1636C2022134353
:104E100063644123E25400232232A354023AA35490
:104E2000012018E01022DA6123682025DD612000CE
:104E3000FFF7A9FF2268536808490B405360636C71
:104E40000422134363644123E55400233E32A354F8
:104E5000023AA354012070BD0020FCE700E800FEE8
:104E600070B504000D00160023689B699B071CD4D5
:104E7000320029002000FFF7ABFF002817D16B1C80
:104E8000F2D0FFF7DFF9801B854201D3002DEBD173
:104E9000636C2022134363644123E25400232232D3
:104EA000A354023AA354012000E0002070BD012069
:104EB000FCE7F8B505000F0016001C002B689B6985
:104EC0003A009A4313005A425341B34216D1631C2D
:104ED000F4D0FFF7B7F9069BC01A844201D3002C27
:104EE000ECD16B6C202213436B644123EA54002302
:104EF0002232AB54023AAB54012000E00020F8BD4E
:104F000070B505000C0016002B689B699B061AD42F
:104F1000320021002800FFF75BFF002815D1FFF7C2
:104F200091F9801B844201D3002CEDD16B6C2022BF
:104F300013436B644123EA5400232232AB54023AF8
:104F4000AB54012070BD0020FCE70120FAE700000F
:104F500070B504000D00160023689B695B0733D40D
:104F6000320029002000FFF733FF00282ED12368EC
:104F70009A69920611D4FFF765F9801B854201D327
:104F8000002DE9D1636C2022134363644123E25472
:104F90000022013BE254012070BD9A69520702D5FC
:104FA000228D002AF8D12022DA6121684B68084856
:104FB00003404B6000236364412162542232A354B6
:104FC000023AA3540120E7E70020E5E70120E3E7E8
:104FD00000E800FE10B5041E59D04123C35C002B2D
:104FE00043D024224123E2542268136801218B43D9
:104FF00013602268274B61680B4013612268936835
:1050000025490B409360E368012B34D02268842348
:105010001B02A1680B439360E368022B32D0226825
:1050200051681E4B0B4353602268D3681A490B40EA
:10503000D3602168236962691343A2691202134392
:10504000CB602268E369216A0B431360226813680E
:1050500001210B431360002363641F314122A154DB
:1050600023630132A354002010BD00224033C254F8
:10507000FEF7B2F9B5E7226880231B02A1680B4353
:105080009360C9E72368802212015A60C7E70120B4
:10509000EAE7C046FFFFFFF0FF7FFFFF008000024E
:1050A000F0B585B00400039116001D004123C35CD8
:1050B000202B02D0022005B0F0BD2033C35C012BB1
:1050C00001D10220F7E701224023C254FFF7BAF8CA
:1050D0000700009019230122802109022000FFF718
:1050E000E8FE002800D083E021224123E254113A57
:1050F0000133E25400236364666265856363638DF4
:105100009BB2FF2B0BD9FF2323853D4B00938023BC
:105110005B04EF3203992000FFF744FE18E0628D34
:1051200092B22285D2B2364B009380239B0403991E
:105130002000FFF737FE0BE0628D92B22285D2B2DB
:105140000023009380239B0403992000FFF72AFE8D
:10515000638D9BB2002B34D03A000A992000FFF7F0
:105160007FFE002846D12368626A12789A62636AD9
:1051700001336362638D013B9BB26385238D013BE9
:105180009BB22385628D92B2002AE1D0002BDFD141
:1051900000970A9B002280212000FFF78AFE00284A
:1051A0002AD1638D9BB2FF2BC6D9FF232385002311
:1051B000009380235B04FF2203992000FFF7F2FD98
:1051C000C6E73A000A992000FFF79AFE002815D199
:1051D00023682022DA6121684B680A4D2B404B601E
:1051E0004123E25400232232A354023AA35462E73B
:1051F000012060E701205EE701205CE701205AE71B
:105200000020008000E800FEF0B585B004000391A6
:1052100016001D004123C35C202B02D0022005B0E4
:10522000F0BD2033C35C012B01D10220F7E701223E
:105230004023C254FFF706F807000090192301220B
:10524000802109022000FFF734FE002800D083E00F
:1052500022224123E254123A0133E25400236364D0
:10526000666265856363638D9BB2FF2B0BD9FF2359
:1052700023853D4B009380235B04EF32039920008C
:10528000FFF790FD18E0628D92B22285D2B2364BC4
:10529000009380239B0403992000FFF783FD0BE01C
:1052A000628D92B22285D2B20023009380239B04A8
:1052B00003992000FFF776FD638D9BB2002B34D05D
:1052C0003A000A992000FFF743FE002846D12368E0
:1052D0005B6A626A1370636A01336362238D013B08
:1052E0009BB22385628D013A92B26285628D92B241
:1052F000002AE1D0002BDFD100970A9B00228021F9
:105300002000FFF7D6FD00282AD1638D9BB2FF2B2A
:10531000C6D9FF2323850023009380235B04FF224B
:1053200003992000FFF73EFDC6E73A000A992000E6
:10533000FFF7E6FD002815D123682022DA612168F5
:105340004B680A4D2B404B604123E254002322322C
:10535000A354023AA35462E7012060E701205EE70C
:1053600001205CE701205AE70024008000E800FEED
:10537000F0B54123C35C202B01D00220F0BD2033C7
:10538000C35C012B1CD0402401220255412524235B
:105390004355066833689343336006683368094FA2
:1053A0003B403360066833681943316001680B681D
:1053B00013430B6020234355002303550020DDE7F2
:1053C0000220DBE7FFEFFFFFF0B54123C35C202B9A
:1053D00001D00220F0BD2033C35C012B1AD0402441
:1053E000012202554125242343550668336893431F
:1053F000336006683368084F3B4009021943316047
:1054000001680B6813430B602023435500230355A9
:105410000020DFE70220DDE7FFF0FFFF70B5041E8C
:1054200028D00368144A1A600368144A1A60036893
:1054300042685A60036882689A60FEF703FF0500BD
:105440002368DA6852070AD0FEF7FCFE401B2A28C0
:10545000F6D92368DB685B07F2D0032005E0196901
:10546000E268914202D01A61002070BD044A1A60BD
:105470000020FAE70120F8E7CCCC000055550000E9
:10548000AAAA00000368024A1A6000207047C046BA
:10549000AAAA000010B5264BDA680C231340082B8B
:1054A00042D00C2B11D0042B09D0214B5A68520B3F
:1054B00007231340013380200002984010BD1C4B8D
:1054C0001B68DB0632D51B48F8E7910C0F230B4015
:1054D0001949C85C920D03231A40541C144BDB6815
:1054E000DB030DD4124B1B68DB0613D5114A0023D6
:1054F0000021FAF7C1FE22000023FAF79DFEDDE746
:105500000E4A00230021FAF7B7FE22000023FAF723
:1055100093FED3E70A4A00230021FAF7ADFE2200EA
:105520000023FAF789FEC9E70448C7E70448C5E73E
:105530000010024000093D00CC9D000800366E01BD
:105540000024F400F0B583B0041E00D166E2B34B32
:10555000DA680C251540DE6880235B021E40036874
:10556000DB0736D5082D2CD00C2D28D0636880227F
:105570005202934255D0A022D202934258D0A74B58
:105580001A68A7490A401A601A68802149020A402D
:105590000192019A1A68A3490A401A606368002BB5
:1055A00052D0FEF74FFE07009C4B1B689B0310D4A4
:1055B000FEF748FEC01B6428F6D903202FE2002E18
:1055C000D4D0964B1B689B0303D56368002B00D196
:1055D00027E223689B076DD5E3689A0605D58F48B7
:1055E000026820210A4302608B43042D3CD00C2D1D
:1055F00038D0002B00D1B2E088490A6809208243E4
:1056000013430B60FEF71EFE0600844B1B685B070E
:1056100000D59BE0FEF716FE801B0228F5D903207B
:10562000FDE17E4A116880235B020B431360B5E7FE
:105630007A4B19688022D2020A431A6019688022C4
:1056400052020A431A60A9E7FEF7FCFD0700734BFC
:105650001B689B03BDD5FEF7F5FDC01B6428F6D97A
:105660000320DCE1002EC4D16C4A1268520702D537
:10567000002B00D1D7E1694E72686B490A4021695D
:1056800009020A437260326809218A431343336076
:10569000FFF700FFF26812090F231340634AD35C3F
:1056A000D840634B1860634B1868FEF787FD0028ED
:1056B00000D0B4E12368DB062DD5002D62D1574B15
:1056C0001B689B0503D5A369002B00D1ADE1534AAC
:1056D000536859490B40216A0B43536053681B02BE
:1056E0001B0AE16909060B435360236A590B013118
:1056F00080231B028B40D16809090F220A404B49C5
:105700008A5CD3404A4A13604A4B1868FEF756FD3C
:10571000002800D083E123681B0700D490E0636970
:10572000002B68D03D4A136D01210B431365FEF732
:1057300089FD0600394B1B6D9B0700D580E0FEF705
:1057400081FD801B0228F5D9032068E133494B68AD
:10575000354A13402269120213434B60AAE72F4ACD
:10576000136801218B431360FEF76CFD06002B4B81
:105770001B685B079ED5FEF765FD801B0228F6D9E6
:1057800003204CE1A369002B22D0244A1168802316
:105790005B000B431360FEF755FD06001F4B1B68B3
:1057A0009B0506D4FEF74EFD801B0228F6D9032088
:1057B00035E11A4A536820490B40216A0B43536074
:1057C00053681B021B0AE16909060B435360A2E7F9
:1057D000124A136819490B401360FEF733FD0600A7
:1057E0000E4B1B689B0596D5FEF72CFD801B0228EF
:1057F000F6D9032013E1094A136D01218B43136588
:10580000FEF720FD0600054B1B6D9B0718D5FEF724
:1058100019FD801B0228F6D9032000E10010024088
:10582000FFFFFEFFFFFFFBFFFFE0FFFFD89D00082B
:105830000000002008000020FF1FFFFFFFFEFFFF09
:1058400023685B0778D57D4B9B6BDB002CD47B4AB0
:10585000916B80235B050B4393630126784B1B6898
:10586000DB0523D5A36880225200934232D0002B5F
:1058700037D1724B1A6D73490A401A651A6D724915
:105880000A401A65A368002B45D0FEF7DBFC070031
:105890006A4B1B6D9B054DD4FEF7D4FCC01B6B4BB4
:1058A0009842F5D90320BAE00026D7E7644A116888
:1058B00080235B000B431360FEF7C4FC0700604BC2
:1058C0001B68DB05CED4FEF7BDFCC01B6428F6D9EF
:1058D0000320A4E0594A116D80235B000B4313653C
:1058E000D0E7A022D200934209D0544B1A6D5549FB
:1058F0000A401A651A6D54490A401A65C2E74F4BAF
:10590000196D013AFF3A0A431A65196D8022520057
:105910000A431A65B6E7FEF795FC0700474B1B6D77
:105920009B0507D5FEF78EFCC01B484B9842F5D966
:10593000032074E0012E1AD0636A002B00D176E0B8
:105940000C2D4FD0022B18D03C4A136840490B4015
:105950001360FEF777FC0400384B1B689B013FD5B2
:10596000FEF770FC001B0228F6D9032057E0334AEB
:10597000936B38490B409363DEE7304A1368344930
:105980000B401360FEF75EFC05002C4B1B689B016F
:1059900006D5FEF757FC401B0228F6D903203EE04F
:1059A0002649CB682C4A1340A26AE06A0243206B66
:1059B00002431343CB600A6880235B0413430B60EC
:1059C000FEF740FC04001D4B1B689B0106D4FEF74C
:1059D00039FC001B0228F6D9032020E000201EE03D
:1059E00000201CE0012B24D0144BDA6880235B02DA
:1059F0001340A16A8B4201D0012010E0F0239B03E9
:105A00001340E16A8B4201D0012008E0C0231B044F
:105A10001A40236B9A420ED0012000E0012003B00F
:105A2000F0BD0120FBE70120F9E70120F7E70020A6
:105A3000F5E70120F3E70020F1E7C046001002403F
:105A400000700040FFFEFFFFFFFBFFFF8813000018
:105A5000FFFFFFFEFFFFFFEFFFFF02FF70B5050036
:105A60000C00002800D1D1E06A4B1A6801231340D2
:105A70008B4235D32B689B0706D5674AD368F02144
:105A80008B43A9680B43D3602B68DB077BD56B681E
:105A9000022B3CD0032B40D0012B44D05E4A12682D
:105AA000920500D4B4E05C49CA68032082431343E2
:105AB000CB60FEF7C7FB06006B68022B39D0032BC7
:105AC00045D0012B51D0544BDB680C221A425AD0DE
:105AD000FEF7B8FB801B514B9842F4D903207DE0C0
:105AE0004C4A136801218B4323431360FEF7AAFB42
:105AF0000600484B1A68012313409C42BAD0FEF7B7
:105B0000A1FB801B454B9842F3D9032066E0424A33
:105B100012689203C7D4012060E03F4A12689201E4
:105B2000C1D401205AE03C4A12685207BBD401207C
:105B300054E0394BDA680C231340082B23D0FEF7CE
:105B400081FB801B354B9842F3D9032046E0324B52
:105B5000DA680C2313400C2B15D0FEF773FB801B67
:105B60002E4B9842F3D9032038E02B4BDA680C23F4
:105B70001340042B07D0FEF765FB801B274B984290
:105B8000F3D903202AE0234B1A68012313409C42D7
:105B900025D32B685B0706D51F4AD36820490B40E5
:105BA000E9680B43D3602B681B0707D51A49CB68FC
:105BB0001C4A13402A69D2001343CB60FFF76AFCEA
:105BC000154BDA6812090F231340174AD35CD840EB
:105BD000164B1860164B1868FEF7F0FA70BD0D4AA8
:105BE000136801218B4323431360FEF72BFB060050
:105BF000084B1A68012313409C42CAD0FEF722FBCF
:105C0000801B064B9842F3D90320E7E70120E5E724
:105C10000120E3E70020024000100240881300004A
:105C2000FFF8FFFFFFC7FFFFD89D0008000000201E
:105C300008000020014B18687047C0460000002093
:105C400010B5FFF7F7FF044BDA68120A0723134079
:105C5000024AD35CD84010BD00100240E89D000805
:105C600010B5FFF7E7FF044BDA68D20A07231340A9
:105C7000024AD35CD84010BD00100240E89D0008E5
:105C800070B5040003689B0650D5674B9B6BDB0027
:105C900000D589E0644A916B80235B050B439363D5
:105CA0000125624B1B68DB0500D47FE05E4B196861
:105CB000C0239B03194062681340994206D0C02359
:105CC0009B0211001940994200D184E0564B1B6D94
:105CD000C02189020B4016D00A40934213D023689A
:105CE0009B0610D5504B186D514A02401E6D802105
:105CF000090331431965196D4E4E314019651A6516
:105D0000C30500D56EE06268C0239B0211001940F4
:105D1000994200D176E044490B6DC022920260683E
:105D2000024013430B65012D00D175E02368DB07AA
:105D300006D53D4AD36C03218B43A1680B43D36442
:105D400023689B0706D5384AD36C0C218B43E16846
:105D50000B43D36423685B0706D5334AD36C3649BB
:105D60000B4021690B43D36423681B0706D52E4AD9
:105D7000D36C32490B4061690B43D3642368DB0564
:105D800006D5294AD36C2A490B40A1690B43D36439
:105D900023681B0646D5244AD36C29490B40E16988
:105DA0000B43D364002070BD00257AE71F4A1168B9
:105DB00080235B000B431360FEF744FA06001B4B85
:105DC0001B68DB0500D571E7FEF73CFA801B6428F1
:105DD000F5D90320E7E7144B1B689B0300D475E754
:105DE0000120E0E7FEF72EFA06000F4B1B6D9B0526
:105DF00000D588E7FEF726FA801B124B9842F4D9AB
:105E00000320D0E708490B680F480340C0208003F7
:105E100002401A430A607EE70A008B6B0B490B4075
:105E2000936383E70020BEE700100240007000404B
:105E3000FFFFFCFFFFFFF7FFFFF3FFFFFFCFFFFFB9
:105E4000FFFFF3FF88130000FFFFCFFFFFFFFFEF0F
:105E500070B504000268D368A0218B43D360FEF7BD
:105E6000F1F905002368DB689B0608D4FEF7EAF920
:105E7000401BFA239B009842F4D9032000E0002045
:105E800070BD70B504000368DA68520601D50020C1
:105E900070BD01225242DA60FEF7D4F90500236892
:105EA000DB685B0608D4FEF7CDF9401BFA239B00A4
:105EB0009842F4D90320EBE70020E9E770B5041E0F
:105EC00063D02123C35C002B41D002222123E25462
:105ED0002368C8325A622368773A5A622000FFF773
:105EE000D0FF051E39D12268936829490B40936081
:105EF00021688A68636820690343A06903431343E8
:105F00008B602368E2681A6121680B69A268120439
:105F100013430B612268D36880218B43D3602268CE
:105F2000D36C7D398B43D3642168CB6CE2696069A3
:105F300002431343CB6423689B689B0615D52368F3
:105F4000FF225A62FE3A2123E254280070BD00224B
:105F50002033C254FDF770FAB7E72368FF225A6274
:105F6000FB3A2123E2540125EFE72000FFF770FF01
:105F70000028E4D02368FF225A62FB3A2123E2542E
:105F80000022013BE2540125DFE70125DDE7C046A1
:105F9000BFFF8FFF03685033890059180A607047AC
:105FA00003688022D205904225D0154A904222D023
:105FB000144A90421FD0144A90421CD08022D2052D
:105FC000904208D00E4A904205D00E4A904202D02C
:105FD0000D4A904203D10D4A1340CA6813438022F0
:105FE00093430A69134303608B68C3620B6883623F
:105FF000012343617047702293434A681343DDE7EE
:10600000000400400008014000140140FFFCFFFFB5
:1060100030B5036A012293430362036A44688269CC
:106020007325AA430D682A430225AB438D682B4391
:10603000446082614A684263036230BD30B5036ADE
:10604000102293430362036A45688269074C224029
:106050000C68240222432024A3438C682401234398
:10606000456082614A688263036230BDFF8CFFFF36
:1060700030B5036A0A4A13400362036A4568C2697D
:106080007324A2430C682243064C23408C682402EC
:1060900023434560C2614A68C263036230BDC046A3
:1060A000FFFEFFFFFFFDFFFF30B5036A0A4A134002
:1060B0000362036A4568C269084C22400C682402E6
:1060C0002243074C23408C68240323434560C2616C
:1060D0004A680264036230BDFFEFFFFFFF8CFFFFE1
:1060E000FFDFFFFF10B51F23194001248C40036A16
:1060F000A3430362036A8A401A43026210BD70B56B
:10610000041E1ED03923C35C002B14D03925022372
:106110006355211D2068FFF743FF01233E22A3544E
:10612000043AA3540132A3540132A3540132A354BC
:106130006355002070BD00223833C254FDF78CF93E
:10614000E4E70120F6E7000010B50400002924D19F
:106150003A23C35C013B5A1E9341DBB2002B50D162
:10616000002933D102223A33E25401222068FFF79A
:10617000B9FF23688022D205934237D0234A934245
:1061800034D0234A934231D0224A93422ED01A6807
:1061900001210A431A60002034E0042908D00829AC
:1061A0000DD03D23C35C013B5A1E9341DBB2D5E7C2
:1061B0003B23C35C013B5A1E9341DBB2CEE73C2339
:1061C000C35C013B5A1E9341DBB2C7E7042905D0EB
:1061D000082907D002223D23E254C6E702223B23CE
:1061E000E254C2E702223C23E254BEE79968072248
:1061F0000A40062A07D01A6801210A431A600020C3
:1062000000E0012010BD0020FCE7C0460004004073
:10621000000801400014014070B504000D0038234F
:10622000C35C012B68D001213823C154042A35D026
:106230001AD9082A49D00C2A5CD129000068FFF736
:1062400033FF2268D16980231B010B43D36122688D
:10625000D3692A490B40D3612168CB69EA681202ED
:106260001343CB61002015E0002A43D129000068C8
:10627000FFF7CEFE2268936908210B4393612268E1
:10628000936904398B43936122689369E9680B43EE
:106290009361002000223823E25470BD2900006879
:1062A000FFF7CCFE2268916980231B010B439361A9
:1062B0002268936911490B40936121688B69EA68F0
:1062C000120213438B610020E4E729000068FFF706
:1062D000CFFE2268D36908210B43D3612268D369BA
:1062E00004398B43D3612268D369E9680B43D361D6
:1062F0000020CFE70120CDE70220CEE7FFFBFFFF24
:1063000030B53823C35C012B29D001223823C25475
:1063100001320133C2540268536894687025AB435C
:106320000D682B43536003688022D205934210D03E
:106330000C4A93420DD00C4A93420AD00B4A934226
:1063400007D001223923C2540022013BC25400204D
:1063500030BD802294434A6814439C60F1E70220D8
:10636000F6E7C04600040040000801400014014068
:106370003823C35C012B06D003681965002238233B
:10638000C254002070470220FCE710B5EFF31081E3
:10639000012383F3108802681368C024A3431360A9
:1063A00081F310882023836710BD000030B5EFF320
:1063B0001084012181F3108802681368124D2B406C
:1063C000136084F31088EFF31084012383F31088A3
:1063D000026893688B43936084F31088036E012BEB
:1063E00005D02023C36700230366436630BDEFF367
:1063F000108183F31088026813681024A34313608C
:1064000081F31088EDE7C046DFFEFFFF70B50400A2
:10641000826FC56F03689B681B0601D5212A07D0D0
:1064200023689B685B0646D5222D22D0002043E0DE
:10643000EFF31081012383F31088026893688020B2
:106440008343936081F31088E06E002803D0FEF749
:1064500016FB002803D12000FFF797FFE0E7E06E6E
:10646000FEF7B5FB2028F6D110228023E2501D381C
:1064700022E0EFF31081012383F3108822689368F0
:1064800040208343936081F31088206F002803D05D
:10649000FEF7F5FA002804D12000FFF787FF00205F
:1064A0000AE0206FFEF793FB2028F5D1102280230D
:1064B000E2501D3800E0002070BD10B5EFF31081F0
:1064C000012383F31088026813684024A3431360F8
:1064D00081F310882023836700238366FDF7EAF9A0
:1064E00010BD704770B5846AA26FE56F23689B6822
:1064F0001B0601D5212A0ED023689B685B0601D5B7
:10650000222D0FD08022A35810210B43A35020002E
:10651000FDF71EF970BD00225223E2522000FFF762
:1065200034FFE9E700225A23E2522000FFF73EFF42
:10653000E8E710B5806A00235A228352083A835252
:10654000FDF706F910BD704770B504000168CB690E
:1065500008688D68AA4A1A400AD19E0608D58606A0
:1065600006D5636E002B00D145E12000984742E13B
:10657000002A00D18AE001222A4003D1A14E3042F4
:1065800000D183E0DD0707D5C50505D501260E62DC
:106590008025615931436151990709D5002A07D0F7
:1065A000216802250D627E3561590426314361510F
:1065B000590709D5002A07D0216804250D627C35CA
:1065C000615902263143615119070AD5810601D468
:1065D000002A06D0226808251562802162582A43C5
:1065E00062501A050AD5420108D5226880210901A6
:1065F00011628021625820252A4362508022A258CD
:10660000002A00D1F7E09B0606D5830604D5636E09
:10661000002B01D0200098478023E25823689B6814
:106620005B0602D42823134229D02000FFF7BEFEC8
:1066300023689B685B061ED5EFF31081012383F36B
:1066400010882268936840208343936081F3108808
:10665000236F002B0BD06C4A9A63206FFEF733FA3E
:10666000002800D1C7E0206F836B9847C3E020006B
:10667000FDF76EF8BFE02000FDF76AF8BBE02000F0
:10668000FDF766F800228023E250B4E0226E012A72
:1066900011D0DA0202D56A0200D5A1E01A0600D4B0
:1066A000A5E0020600D4A2E0A36E002B00D1A2E078
:1066B000200098479FE0DA06EBD5C206E9D5102303
:1066C0000B6223689B685B0652D5226F13685B6878
:1066D0009BB2002B00D18EE05821615A8B4200D32F
:1066E00089E05A21635213681B689B0609D5582319
:1066F000E15A0233E35AC91A89B22000FFF723FF97
:1067000079E0EFF31080593981F31088226813681B
:106710003E4D2B40136080F31088EFF3108001236F
:1067200083F31088226893688B43936080F310880A
:10673000EFF31081012383F31088226893684020CF
:106740008343936081F310882023E367002323664B
:10675000EFF31081013383F3108822681368303817
:106760008343136081F31088206FFEF788F9BEE73A
:106770005823E15A0233E25A891A89B2E35A9BB28A
:10678000002B38D0002936D0EFF31085012080F39C
:106790001088226813681E4E3340136085F31088FA
:1067A000EFF31085012383F31088226893688343F5
:1067B000936085F310882023E367002323666366D4
:1067C000EFF31080013383F31088226813681025DB
:1067D000AB43136080F310882000FFF7B4FE0AE09B
:1067E00080235B030B62200000F032FC03E05B06B9
:1067F00001D5430600D470BD2000FFF75EFEFAE726
:106800000F0800002001000433650008FFFEFFFFB1
:10681000DFFEFFFF10B5806A036E012B02D0FFF789
:1068200060FE10BD5733C15A4908FFF78CFEF8E7E8
:1068300070B5836A0268126892062AD400215A222F
:106840009952EFF31084012080F3108819680A68C8
:106850001C4D2A400A6084F31088EFF31084012253
:1068600082F3108819688A6882438A6084F31088EA
:10687000EFF31080012282F3108819688A6840249F
:10688000A2438A6080F310882022DA671A6E012AF8
:1068900006D01A6E012A0FD01800FCF795FF70BDC4
:1068A000EFF3108082F3108819680A68303CA24325
:1068B0000A6080F31088ECE75732995A1800FFF706
:1068C00042FEECE7FFFEFFFFF8B5050001688368B4
:1068D0000269134342691343C26913430A689F481C
:1068E000024013430B602A6853689D490B40E968D6
:1068F0000B435360AB692A689A498A4201D0296ADE
:106900000B439168984801400B4393602B68974A6A
:1069100093421CD0964A93422DD0964A93425FD020
:10692000954A93425ED08F4A934239D010228D49C6
:106930008B425BD080231B02E969994200D195E02C
:10694000082A00D9FAE092008C4B9B589F468C4A4B
:10695000D16C03220A40012A09D0002A05D0022A5C
:106960003AD0032A05D01022E1E70122DFE7042212
:10697000DDE70822DBE7824AD16C0C220A40042AB8
:106980000AD005D9082A29D00C2A07D10822CEE737
:10699000002A03D10022CAE70422C8E71022C6E772
:1069A000774AD26CC02109010A408021C9008A427D
:1069B0000ED009D9802109018A4215D0C0210901D0
:1069C0008A4207D10822B2E7002A03D10022AEE7AB
:1069D0000422ACE71022AAE70222A8E70222A6E7D7
:1069E0000022A4E70022A2E70222A0E7022A2CD07C
:1069F00025D9042A30D0082A32D180200002002470
:106A0000002800D182E06A6853009B18984200D2A7
:106A10009AE01303984200D998E0070E0602500846
:106A20000021801979410023F9F706FC554BC21863
:106A3000554B9A4200D98BE02B68D86066E0002A5B
:106A40000ED1FFF7FDF80024DAE74D4B1B68DB069B
:106A500009D54E480024D3E7FEF71CFD0024CFE7FC
:106A600000200124CCE74A480024C9E7082A33D88B
:106A70009200484B9B589F4680200002002400282B
:106A800044D040006B685B08C0186968F9F748FBA0
:106A900083B20004000C010010393F4A914259D8DA
:106AA0000F2293434008083A104018432B68D860DF
:106AB0002CE0FFF7C5F80024E1E7FFF7D1F8002448
:106AC000DDE72F4B1B68DB0609D530480024D6E7ED
:106AD000FEF7E0FC0024D2E700200124CFE72C4899
:106AE0000024CCE780200002002400280ED06B6830
:106AF0005B08C0186968F9F713FB0004000C02007A
:106B0000103A254B9A4227D82B68D86000236B6631
:106B1000AB662000F8BDFFF793F80024E5E7FFF728
:106B20009FF80024E1E7164B1B68DB0609D51748E0
:106B30000024DAE7FEF7AEFC0024D6E700200124AB
:106B4000D3E713480024D0E70124DFE70124DDE781
:106B50000124DBE70124D9E70124D7E7F369FFEF3C
:106B6000FFCFFFFF00480040FFF4FFFF0038014067
:106B700000440040004C00400050004018A00008B5
:106B80000010024000FDFFFFFFFC0F0000093D0068
:106B90000024F4003CA00008EFFF0000436ADB077C
:106BA00006D5026853682C490B40816A0B43536039
:106BB000436A9B0706D50268536828490B40C16A9F
:106BC0000B435360436A5B0706D502685368244948
:106BD0000B40016B0B435360436A1B0706D50268E9
:106BE000536820490B40416B0B435360436ADB06FB
:106BF00006D5026893681C490B40816B0B43936078
:106C0000436A9B0606D50268936818490B40C16B1E
:106C10000B439360436A5B060BD5026853681449C3
:106C20000B40016C0B43536080235B03026C9A4260
:106C30000AD0436A1B0606D5026853680D490B400B
:106C4000816C0B4353607047026853680A490B40DC
:106C5000416C0B435360ECE7FFFFFDFFFFFFFEFFBE
:106C6000FFFFFBFFFF7FFFFFFFEFFFFFFFDFFFFFE8
:106C7000FFFFEFFFFFFFF7FFFFFF9FFFF0B5C646E7
:106C800000B504000F0016009846069D2368DB69D6
:106C90003A009A4313005A425341B34253D16B1CFA
:106CA000F4D0FDF7CFFA4346C01A85422CD3002D0D
:106CB0002AD023681A685207E8D5DA691205E5D5A3
:106CC000802212011A62EFF31080012181F31088F3
:106CD000226813681E4D2B40136080F31088EFF379
:106CE0001080012383F31088226893688B4393609C
:106CF00080F310882023A367E3678022A35000223B
:106D00005433E25403201FE0EFF31080012181F39C
:106D10001088226813680E4D2B40136080F3108892
:106D2000EFF31080012383F31088226893688B436C
:106D3000936080F310882023A367E3670022543315
:106D4000E254032000E0002004BC9046F0BDC046A1
:106D50005FFEFFFFF0B585B004000F0016001D00B8
:106D6000836F202B02D0022005B0F0BD002962D035
:106D7000002A62D080235B0182689A4205D0742386
:106D8000E35C012B08D10220EEE70369002BF6D16A
:106D9000CB07F4D50120E7E701227423E254002257
:106DA0000C33E2505F3BA367FDF74CFA039050238E
:106DB000E6520233E65280235B01A2689A4204D075
:106DC000002600227423E25412E02369002B01D034
:106DD0000026F6E73E000027F3E722683388DB054C
:106DE000DB0D936202365222A35A013B9BB2A3529F
:106DF0005223E35A9BB2002B0FD00095039B002235
:106E000080212000FFF73AFF002818D1002FE4D09E
:106E100023683A789A620137E5E70095039B0022E0
:106E200040212000FFF72AFF002801D003209BE724
:106E30002023A36798E7012096E7012094E7032029
:106E400092E7000030B583B0040000228023C250D6
:106E5000FDF7F8F9050023681B681B070DD42368AC
:106E60001B685B0716D42023A367E3670023236610
:106E70007422A354002003B030BD0D4B00930300D7
:106E80000022802189032000FFF7F8FE0028E6D0C9
:106E90000320F0E7064B00932B0000228021C9035A
:106EA0002000FFF7EBFE0028DDD00320E3E7C0461B
:106EB000FFFFFF0110B5041E2ED0836F002B21D0E1
:106EC0002423A3672268136801218B4313602000E9
:106ED000FFF7FAFC012814D0636A002B18D122684E
:106EE00053680E490B405360226893682A218B43F4
:106EF00093602268136829390B4313602000FFF761
:106F0000A1FF10BD00227433C254FCF7EFFAD7E79B
:106F10002000FFF743FEE2E70120F2E7FFB7FFFFA3
:106F200070B5040041655823C25200212833C15076
:106F30005E3BC367036F002B13D02349D962036FF5
:106F400022491963036F22495963036F0021996332
:106F5000016824311300426D006FFDF755FD0028D4
:106F600028D100227423E254EFF31080012181F331
:106F7000108823681D680132FF322A431A6080F3AB
:106F80001088EFF31080012383F310882268936840
:106F90000B43936080F31088EFF31081012383F398
:106FA00010882268936840200343936081F310881F
:106FB000002070BD10228023E25000220C3BE254DE
:106FC000543BE3670120F4E73168000815680008C6
:106FD000E564000870B5C36F202B01D0022070BD9E
:106FE00000292DD0002A2DD080235B0184689C428B
:106FF0001FD07423C35C012B26D001247423C454F6
:10700000002303660368114CA3420FD05B681B0288
:107010000CD5EFF31085012383F3108804682668EC
:107020008023DB043343236085F31088FFF778FF68
:10703000D5E70369002BDCD1CB07DAD50120CEE7F9
:107040000120CCE70120CAE70220C8E70048004041
:107050007047842801D0033070470020FCE7EFF32D
:107060000580431E9841704710B500F0D9FD0020FF
:1070700010BDF0B5CE4600B588B004000591456955
:10708000002D18D08669002E15D0476802689146F9
:107090000822805EFFF7DDFF2269029601950090CD
:1070A000059B4946380000F063FD0790079808B03B
:1070B00004BC9146F0BD6668276825690823E05E38
:1070C000FFF7C7FFAAB207AB01930090059B3900F9
:1070D000300000F074FD0128E8D00020E7E710B58B
:1070E000002800D1013000F0C9FE002010BD10B50D
:1070F00082B08268002A0AD0C368002B07D041689A
:1071000000680024009400F0B9F902B010BD416895
:107110000068002200F0E6F9F7E7000030B585B01E
:1071200005000191140000230393002A00D10134CB
:10713000FFF795FF002812D0002303AA01A9280019
:1071400000F092FA012801D0FF2011E0039B002BF0
:1071500010D080225205094B1A60002008E000235D
:10716000220001A9280000F0DFF9012804D0FF2047
:1071700005B030BD0020FBE70020F9E704ED00E09A
:1071800070B584B004000D00160002910023019335
:10719000002918D000230393531C1BD0FFF75FFF77
:1071A00000281DD003AA01A9280000F049FB0128EE
:1071B00013D000230093039B002B1CD08022520588
:1071C000134B1A6017E06B4680220092020023CB1B
:1071D00023C214E001267642E0E710230093EAE799
:1071E000320001A9280000F098FA01280AD0002EE8
:1071F0000BD1002300936B46220023CB23C2200037
:1072000004B070BD10230093F5E74023F2E7C046B9
:1072100004ED00E003000833436001225242826023
:10722000C36003610023036070470023036170475C
:1072300043684B609A688A609A68516099600861F7
:10724000036801330360704730B50C68631C02D0DB
:107250000200083202E0026904E01A0053681D6867
:10726000AC42FAD253684B6099608A605160086101
:1072700003680133036030BD03694268816891602F
:107280008268416851605A68904206D000220261CB
:107290001A68013A1A601868704782685A60F5E700
:1072A00010B5040000F0A4FFA26BE36B9A4204D077
:1072B000002400F0A9FF200010BD0124F9E710B55B
:1072C000040000F095FFA36B002B04D0002400F015
:1072D0009BFF200010BD0124F9E770B504001600E3
:1072E000856B026C002A0AD10368002B2ED18068BE
:1072F00000F0BCFE0023A3600135A56370BD002E25
:107300000ED1406801F046F96368226C94466344EC
:107310006360A26893421BD3236863600020EBE79D
:10732000C06801F037F9236C5B42E268D218E26072
:1073300021688A4203D2A26894466344E360022E25
:1073400008D1002D08D0013D0020D5E70020D3E76B
:107350000020D1E70020CFE70020CDE710B50C00DA
:10736000026C002A0BD0C3689B18C36081688B42F3
:1073700001D30368C360C168200001F00BF910BDA0
:1073800070B5050000F034FF4523EC5C64B201E009
:10739000013C64B2002C0BDD6B6A002B08D0280086
:1073A000243000F0D7FD0028F2D000F049FEEFE7CE
:1073B000FF224523EA5400F027FF00F019FF442381
:1073C000EC5C64B201E0013C64B2002C0BDD2B6983
:1073D000002B08D02800103000F0BCFD0028F2D0AF
:1073E00000F02EFEEFE7FF224423EA5400F00CFFEA
:1073F00070BD70B504000D00002823D000F0F8FE29
:107400002268E36B206C010059435118A1600021F0
:10741000A1636260013B4343D318E360FF2344222E
:10742000A3540132A354002D11D12369002B05D0A0
:107430002000103000F08EFD002805D100F0E4FEA1
:10744000012070BD72B6FEE700F0C6FEF6E7200030
:107450001030FFF7DFFE20002430FFF7DBFEEDE702
:1074600010B5029B002907D01A60D8631964012166
:107470001800FFF7BEFF10BD1B60F6E770B584B0C3
:107480001D0008AB1B78002801D172B6FEE7002D65
:1074900008D0002A08D0002908D00124002C07D1E8
:1074A00072B6FEE772B6FEE70124F7E70024F5E7BF
:1074B000002A02D1002900D00024002C01D172B68C
:1074C000FEE748240394039C482C01D072B6FEE7E3
:1074D000039C012646242E550095FFF7C1FF280086
:1074E00004B070BDF0B583B006000F001500002891
:1074F00001D172B6FEE7002902D00800704300E017
:107500000020483000F020FF041E0AD0020048325C
:1075100000214623C15400902B0039003000FFF7B2
:107520009FFF200003B0F0BDF0B585B004000F0050
:1075300001921E00002806D0002906D00125002D4A
:107540000AD172B6FEE772B6FEE7036C002B01D1DA
:107550000125F4E70025F2E7022E03D0002D06D125
:1075600072B6FEE7E36B012BF8D00025F6E700F0DA
:107570006DFD002803D1019B002B00D00025002DBC
:1075800001D172B6FEE7002536E032003900200056
:10759000FFF7A3FE636A002B0CD02000243000F01C
:1075A000D9FC002801D000F017FE00F02DFE0120CC
:1075B00005B0F0BD0028F8D000F00EFEF5E700F0B1
:1075C00023FE0020F4E700F01FFE01A902A800F04E
:1075D00005FD002841D12000FFF762FE002836D0CB
:1075E00020001030019900F0A3FC2000FFF7C8FE36
:1075F00000F0D8FB002827D000F0FAFDA36BE26B67
:107600009342C2D3022EC0D0019B002BD7D0002DB5
:1076100003D102A800F0DAFC013500F0F5FD00F01E
:1076200037FB00F0E5FD4423E35C5BB2013302D19C
:1076300000224423E2544523E35C5BB20133C2D110
:1076400000224523E254BEE700F0C6FDD4E7200047
:10765000FFF796FE00F0A6FBCEE72000FFF790FEB6
:1076600000F0A0FB0020A3E7F0B583B00400009178
:1076700016001F00002807D0009B002B06D0012316
:10768000002B0AD172B6FEE772B6FEE7036C002B40
:1076900001D10133F4E70023F2E7022F03D0002BDE
:1076A00006D172B6FEE7E26B012AF8D00023F6E7B6
:1076B00000F0BAFD0190A36BE26B934201D3022F5D
:1076C00023D14523E55C6DB23A0000992000FFF715
:1076D00004FE6B1C13D1636A002B18D020002430E9
:1076E00000F038FC002814D0002E14D001233360A1
:1076F0000124019800F09CFD200003B0F0BD01358D
:107700006DB24523E5540124F3E70024F1E7012499
:10771000EFE70124EDE70124EBE7F0B585B00400C5
:107720000E000192002806D0002906D00125002D68
:107730000AD172B6FEE772B6FEE7036C002B01D1E8
:107740000125F4E70025F2E700F080FC002803D1D2
:10775000019B002B00D00025002D01D172B6FEE761
:1077600000272BE031002000FFF7F8FD013DA56365
:107770002369002B07D02000103000F0EBFB00281D
:1077800001D000F029FD00F03FFD012005B0F0BD63
:1077900000F03AFD0020F9E702A800F017FC0137DD
:1077A00016E000224423E2541DE000224523E25467
:1077B0001EE02000FFF7E4FD00F0F4FA00F018FDF1
:1077C000A56B002DCED1019B002BE1D0002FE3D083
:1077D00000F01AFD00F05CFA00F00AFD4423E35CBF
:1077E0005BB20133DDD04523E35C5BB20133DCD017
:1077F00000F00AFD01A902A800F0F0FB002813D157
:107800002000FFF75CFD0028D3D020002430019930
:1078100000F08EFB2000FFF7B3FD00F0C3FA002854
:10782000CCD100F0D9FCC9E72000FFF7A9FD00F09A
:10783000B9FA2000FFF743FD0028BFD00020A5E7DC
:10784000F0B583B0040000911600002807D0009B1B
:10785000002B06D00123002B0AD172B6FEE772B6C8
:10786000FEE7036C002B01D10133F4E70023F2E7BC
:1078700000F0DAFC0190A76B002F24D04423E55CD4
:107880006DB200992000FFF769FD7B1EA3636B1C9E
:1078900013D12369002B18D02000103000F05AFBC0
:1078A000002814D0002E14D0012333600124019845
:1078B00000F0BEFC200003B0F0BD01356DB24423E2
:1078C000E5540124F3E70024F1E70124EFE7012464
:1078D000EDE70124EBE70000084B9B6A1B68002BD7
:1078E00006D0064B9A6AD268D2685268DA6270474C
:1078F00001225242014BDA62F9E7C046FC03002044
:10790000F0B583B000900193089C0A9E204B9C46E2
:1079100062449200336B9C46624407239A431700EB
:10792000002931D000230F2B09D8C8180578F21888
:10793000343215700278002A01D00133F3E70022B7
:107940004323F254062C00D90624F4627464002503
:10795000B564301DFFF769FC30001830FFF765FC97
:10796000366107231C1BB4617662F5644933F55414
:10797000019A0099380000F0FFFB3060099B002B52
:1079800000D01E6003B0F0BD00223423F254D9E7CA
:10799000FFFFFF3FF8B5002408E0A3001B199A0081
:1079A000104830308018FFF735FC0134062CF4D92C
:1079B0000D4C27003C373800FFF72CFC26005036D2
:1079C0003000FFF727FC074D28001430FFF722FC9A
:1079D00020006430FFF71EFC2800FFF71BFCAF629D
:1079E000A667F8BDFC0300207C04002010B504004D
:1079F00000F0FEFB1F4AD36F0133D3671E4B1B6899
:107A0000002B2BD01C4B5B68002B07D11A4B1B683B
:107A1000DB6AE26A934201D8174B1C60164B9A68E6
:107A200001329A60E26ADB689A4201D9124BDA604D
:107A3000211D93009B189A00104830308018FFF7E2
:107A4000F7FB00F0E1FB0C4B5B68002B05D00A4B09
:107A50001B68DA6AE36A9A4208D310BD064B1C60C1
:107A6000D36F012BDAD1FFF795FFD7E700F0B4FB16
:107A7000F3E7C0467C040020FC040020FC03002047
:107A800010B504005123C35C002B05D0012B0AD094
:107A9000022B07D072B6FEE7006B00F0B9FC2000A5
:107AA00000F0B6FC10BD00F0B3FCFBE770B513E0CE
:107AB00000F09EFB0B4C236FDD68281DFFF7DCFBFD
:107AC000E36F013BE367084A1369013B136100F070
:107AD0009BFB2800FFF7D4FF034B1B69002BE7D16A
:107AE00070BDC0467C040020FC04002010B5FFF7E8
:107AF000DDFF034B1B6B012BF9D900F06DFBF6E7A3
:107B0000FC03002070B504000D00164B5E69186878
:107B10000430FFF7B1FB631C12D03419114B1B6802
:107B20005C60A64215D8104DA86A0E4B1968043146
:107B3000FFF78AFBEB6A9C4212D20B4BDC620FE030
:107B4000002DEAD0074B196804310748FFF770FB96
:107B500006E0064B986F034B19680431FFF774FB7E
:107B600070BDC046FC040020FC0300207C04002003
:107B700070B586B00B9D0C9C002D08D0002C08D051
:107B800054260496049E542E05D072B6FEE772B6B3
:107B9000FEE772B6FEE7049E256302265125665570
:107BA00000250395029405AD01950A9D0095FFF708
:107BB000A7FE2000FFF71AFF059806B070BDF0B5CC
:107BC00087B00490059114001F00900000F0BCFBEA
:107BD000061E20D0542000F0B7FB051E17D0066308
:107BE000002D1AD000235122AB54039302950D9B14
:107BF00001930C9B00933B00220005990498FFF72A
:107C00007FFE2800FFF7F2FE012007B0F0BD300034
:107C100000F0FEFBE4E70025E2E701204042F4E744
:107C200010B588B000240594069407AA06A905A8F3
:107C3000F9F742FF059B0293069B019300940023F2
:107C4000079A0F490F48FFF793FF002806D001233A
:107C5000012B05D0013310D008B010BD0023F7E789
:107C600072B601225242084BDA62084B02325A6065
:107C700000225A6100F092FAEEE772B6FEE7C046C3
:107C800078AC0008ED7A0008FC030020FC0400201A
:107C9000024A9369013393617047C046FC04002097
:107CA000014B58697047C046FC040020F8B53A4BB8
:107CB0009B69002B63D1384B5D6901355D61002DF7
:107CC00012D1364B9B6A1B68002B01D072B6FEE7BF
:107CD000324A916A324B986F906299672E4AD36903
:107CE0000133D361FFF7F8FD2C4BDB6A9D423CD298
:107CF0000024294B1B68DA6A93009B189A00274BD3
:107D00009B181B6B012B3FD901243DE00124234B21
:107D10009B6A1B68002B2AD0204B9B6ADB68DE68BD
:107D200073689D4228D3371D3800FFF7A5FAB36A60
:107D3000002B03D030001830FFF79EFAF26A164B82
:107D4000DB689A4201D9144BDA6093009B189A00C1
:107D50001248303080183900FFF76AFAF26A0E4B89
:107D60001B68DB6A9A42D1D2D1E70024CFE7012217
:107D700052420A4BDA62BCE7084AD362B9E7064AC4
:107D8000136A013313620024034B5B6A002B00D09B
:107D900001242000F8BDC046FC040020FC030020A4
:107DA0007C04002070B5324B9B69002B01D172B668
:107DB000FEE700F01DFA2E4B9A69013A9A619B6921
:107DC000002B51D12B4BDB6F002B04D1002400F092
:107DD0001BFA200070BD0024274B5B69002B24D0C8
:107DE000254B1B6ADC6820001830FFF745FA251D7B
:107DF0002800FFF741FAE26A1D4BDB689A4201D97D
:107E00001B4BDA6093009B189A001B483030801897
:107E10002900FFF70DFA164B1B68DB6AE26A9A42EB
:107E2000DAD30122124B5A62D6E7002C01D0FFF7B9
:107E300053FD0F4B1C6A002C0AD10D4B5B6A002BC3
:107E400014D000F0C9F90124C1E7013C002C07D08F
:107E5000FFF72CFF0028F8D00122054B5A62F4E707
:107E60000022034B1A62E8E70024B0E70024AEE7E3
:107E7000FC0400207C040020FC03002010B5041E3C
:107E80000ED00A4B9B69002B01D072B6FEE7FFF7BC
:107E9000FFFE00212000FFF735FEFFF783FF00E023
:107EA0000020002801D100F097F910BDFC0400204B
:107EB00010B51D4B9B69002B0FD11B4B00225A6242
:107EC000DB689A00D2189100184A5218126B002AE7
:107ED00009D1002B05D0013BF3E70122124B5A6276
:107EE00010BD72B6FEE7114A9900CC18A000101818
:107EF000446B646844633032C91888000830121833
:107F000094420AD09A00D2189100084A5218526B33
:107F1000D168054A1160D360E2E760688900034ACE
:107F200052185063EEE7C046FC040020FC0300201A
:107F300010B50C00002801D172B6FEE7044B196899
:107F40001831FFF781F901212000FFF7DBFD10BD9B
:107F5000FC04002070B5C368DC68002C27D0250025
:107F600018352800FFF788F9164B9B69002B20D1A4
:107F7000251D2800FFF780F9E26A124BDB689A4260
:107F800001D9104BDA6093009B189A000E483030EC
:107F900080182900FFF74CF9E26A0A4B1B68DB6A7C
:107FA0009A420CD90122074B5A62012070BD72B669
:107FB000FEE7290004481430FFF73AF9ECE7002007
:107FC000F4E7C046FC040020FC030020024BDA6901
:107FD00002605B6943607047FC040020F8B505004F
:107FE0000C0000281AD000291AD000F001F9134B18
:107FF00058696968421A23685E1C1AD00F4EF669E8
:108000002F68B74201D0884215D29A420AD3002382
:108010002360012400F0F8F82000F8BD72B6FEE7F6
:1080200072B6FEE79B1A23602800FFF7CFFF0024FB
:10803000F0E70024EEE70124ECE7C046FC04002052
:108040000122014B5A627047FC040020064B5B681A
:10805000002B05D0044B9B69002B03D102207047F5
:108060000120FCE70020FAE7FC04002070B5041EA4
:108070002CD0194B1B68984201D072B6FEE7836C76
:10808000002B01D172B6FEE7013B8364C26A416CEA
:108090008A421DD0002B1DD1051D2800FFF7ECF8EA
:1080A000636CE3620722D21AA2610B4AD268934240
:1080B00001D9094AD3609A00D3189A000748303092
:1080C00080182900FFF7B4F8012070BD0020FCE7FC
:1080D0000020FAE70020F8E7FC040020FC03002061
:1080E00082B000230193064B1B68013301D072B6A6
:1080F000FEE772B6019B002BFCD002B07047C04671
:108100000C00002000000000000000000000000043
:108110000B4A13681868203080F30988022080F326
:108120001488BFF36F8F3FBCAE4608BC04BC62B678
:108130001847C046C046C046C046C046C046C046B6
:10814000FC04002010B5084C00232360074A13608C
:10815000074B1868FA218900F7F7E2FF0138054B51
:1081600018600723236010BD10E000E018E000E075
:108170000000002014E000E010B5031F8024640418
:108180001C60043B1960043B02491960143B1A60EF
:10819000403810BDE18000087047000010B50C4B5E
:1081A0001968FF2212040A431A601968FF22120696
:1081B0000A431A60FFF7C6FF0022064B1A60FFF75A
:1081C000A7FFFFF775FEFFF78BFF002010BDC0462D
:1081D00020ED00E00C00002080225205034B1A60C5
:1081E000BFF34F8FBFF36F8F7047C04604ED00E0C1
:1081F00072B6044A136801331360BFF34F8FBFF3A5
:108200006F8F70470C000020064B1B68002B01D1BC
:1082100072B6FEE7013B034A1360002B00D162B641
:108220007047C0460C000020EFF3108072B6704714
:1082300080F310887047000000000000000000007C
:10824000EFF309800E4B1A6820381060F0C04446E6
:108250004D4656465F46F0C008B572B6FFF728FE99
:1082600062B60CBC116808681030F0C8A046A94678
:10827000B246BB4680F309882038F0C81847C0468C
:10828000FC04002010B5FFF7CFFF0400FFF70EFD40
:10829000002803D080225205024B1A602000FFF70D
:1082A000C7FF10BD04ED00E010B5114A53071BD005
:1082B000D11D07239943C0231B015B1A9B180A0099
:1082C0000C490A6000204860D318083B0724A343E8
:1082D0008B6058601860981A50601360C86008611D
:1082E00080231B064B6110BDC0231B01E8E7C0467D
:1082F000240500202411002010B5124B1A68824278
:1083000019D359685C18A04203D140680918596014
:10831000180041684418A24211D10A4CA468A24234
:108320000BD05268891841601A681268026098423E
:1083300000D0186010BD1300E0E70460F7E70260AA
:10834000F5E7C0462411002070B50400FFF7A0FC3B
:108350002E4B9B68002B0FD02C4B5B6923424AD1DC
:10836000002C0CD00834630709D007239C43083441
:10837000234204D072B6FEE7FFF796FFECE7002C2D
:108380003BD0224B1B699C4239D8204B1D6801E031
:108390002B0015006A68944202D92A68002AF7D196
:1083A0001A4A926895422CD01E6808362A681A60CC
:1083B0006B681B1B102B08D92819420701D072B615
:1083C000FEE743606C60FFF797FF69680F4A136927
:1083D0005B1A1361D268934201D20C4AD3600B4BF3
:1083E0005B690B436B6000232B60FFF7DBFC7307BB
:1083F00009D072B6FEE70026F7E70026F5E700266B
:10840000F3E70026F1E7300070BDC04624110020DC
:1084100070B5002820D00500083D6B680F4A5269EE
:108420001A4201D172B6FEE7010008390968002935
:1084300001D072B6FEE70838040093434360FFF7AB
:1084400027FC6368054A11698C4663441361280060
:10845000FFF752FFFFF7A6FC70BDC04624110020B5
:108460000D4885460D480E490E4A002302E0D458B7
:10847000C4500433C4188C42F9D30B4A0B4C00236C
:1084800001E013600432A242FBD3FBF71DF900F0B8
:108490005DF8FAF7E1FDFEE7005000200000002043
:1084A0007400002028AD00087800002064430020FC
:1084B000FEE770B50D001600002404E000E000BFE8
:1084C000287001340135B442F8DB300070BD70B55E
:1084D0001600002405E04D1C0878FAF7E5FB01348E
:1084E0002900B442F7DB300070BD000010B5030076
:1084F0000B4A1268002A08D0094A1068C3186A4655
:10850000934206D8064A136010BD054A054911601A
:10851000F2E700F015F80C23036001204042F3E776
:108520003C11002068430020012040427047802316
:108530009B014B600020704701207047002070476E
:10854000014B18687047C0461000002070B5002627
:108550000C4D0D4C641BA410A64209D1002601F05D
:108560004BFA0A4D0A4C641BA410A64205D170BDFB
:10857000B300EB5898470136EEE7B300EB58984745
:108580000136F2E720AD000820AD000820AD00085C
:1085900024AD0008002310B59A4200D110BDCC5C78
:1085A000C4540133F8E703008218934200D17047A6
:1085B00019700133F9E700000FB40B4B13B51C68B9
:1085C000002C05D0A369002B02D1200000F0DAFABC
:1085D00005AB049AA1682000019300F015FE16BCBB
:1085E00008BC04B01847C04610000020084B70B506
:1085F0001C680500002C05D0A369002B02D12000C7
:1086000000F0C0FA2900A268200001F0A1F870BDB6
:108610001000002070B505000E00002804D083690A
:10862000002B01D100F0AEFAAB69AC68002B02D18F
:10863000280000F0A7FA244B9C420FD16C68A38954
:108640001B0702D52369002B20D12100280000F050
:108650002BF900281AD00120404270BD1B4B9C42D0
:1086600001D1AC68EBE71A4B9C42E8D1EC68E6E735
:10867000013B0136A360002B04DAA269934216DBAA
:108680000A2914D023685A1C226019703178A36813
:108690000029EDD1013BA360002B0FDA22000A3143
:1086A000280000F0ABF8431CD5D00A20D5E7220003
:1086B000280000F0A3F8431CE8D1CCE70A20236887
:1086C0005A1C22601870C8E7A4AC0008C4AC0008AB
:1086D00084AC000810B5034B01001868FFF79AFF3F
:1086E00010BDC046100000200EB410B59DB002A908
:1086F000029008610B488224886048610120404252
:108700001FABC881084804CBA400006801938C818A
:1087100000F04EFC0023029A13701DB010BC08BC80
:1087200003B01847FFFFFF7F10000020002330B583
:108730009A420AD0013AC45CCD5CAC4204D19A4260
:1087400002D00133002CF6D1631B180030BD0000AD
:10875000F8B5124B06001D680F00AC6D002C16D149
:10876000502000F011FBA865046044608460C46080
:108770000461446184618462C46204634463846309
:10878000C463046444648464C46404774462AA6D6A
:1087900039003000012300F003F8F8BD100000207C
:1087A000F0B5002804D11068002801D1F0BD2000E8
:1087B0000E000578441C3778002F04D1002D10D10D
:1087C00015602800F2E70136BD42F4D1002BEED14E
:1087D00014600370EAE733000EE001351C00002F3F
:1087E00002D10D002678631C2F78BE42F5D1002EF1
:1087F000F1D00024591E0C701360D7E7F8B50500BE
:108800000E001400002804D08369002B01D100F071
:10881000B9F9224B9C422DD16C68A369A360A3894E
:108820001B0731D52369002B2ED023682269F7B2AC
:10883000981A6369F6B2984205DB2100280000F01F
:1088400033F9002826D1A3680130013BA3602368D7
:108850005A1C22601F706369984204D0A389DB0709
:108860001AD50A2E18D12100280000F01DF9002881
:1088700012D00FE00A4B9C4201D1AC68CDE7094B06
:108880009C42CAD1EC68C8E72100280000F00CF82F
:108890000028CAD0012676423000F8BDA4AC0008FA
:1088A000C4AC000884AC0008364B70B51D680600E7
:1088B0000C00002D05D0AB69002B02D1280000F080
:1088C00061F9314B9C420FD16C680C23E25E93B28C
:1088D00019072DD4D90611D4092301203360373369
:1088E0001343A381404270BD284B9C4201D1AC6828
:1088F000EBE7274B9C42E8D1EC68E6E75B0713D532
:10890000616B002908D023004433994202D0300023
:1089100000F044FA002363632422A3899343A381D4
:1089200000236360236923600823A2891343A38182
:108930002369002B0BD1A0218022A38989009200FA
:108940000B40934203D02100300000F0D9F90123FD
:10895000A289134011D00023A36063695B42A36125
:10896000002023698342BED10C23E25E1306BAD5F0
:1089700040231343A3810138B5E7920700D463690C
:10898000A360EDE710000020A4AC0008C4AC000810
:1089900084AC0008F7B58A8905000C00130760D481
:1089A0004B68002B04DC0B6C002B01DC0020FEBDAF
:1089B000E76A002FFAD000232E682B6080235B012A
:1089C0001A4034D0606DA3895B0706D56368C01A6E
:1089D000636B002B01D0236CC01A0200216A0023B4
:1089E0002800E76AB847A189431C06D12B681D2BD4
:1089F00031D82C4ADA40D3072DD500236360236990
:108A00002360CB0405D5431C02D12B68002B00D179
:108A10006065616B2E600029C8D023004433994201
:108A200002D0280000F0BAF900206063BFE70123FC
:108A3000216A2800B847431CC5D12B68002BC2D03F
:108A40001D2B01D0162B01D12E60AFE74023A28948
:108A50001343A381ABE740230B430120A381404292
:108A6000A5E70F69002FA1D00B680F60DB1B0193F6
:108A70000023920700D14B69A360019B002B00DC0F
:108A800094E7019B3A00216A2800A66AB0470028B3
:108A900003DC4023A2891343DFE7019B3F181B1A25
:108AA0000193EAE7010040200B6970B505000C0056
:108AB000002B01D1002070BD002804D08369002B59
:108AC00001D100F05FF80B4B9C4209D16C680C227D
:108AD000A35E002BEED021002800FFF75BFFEAE742
:108AE000054B9C4201D1AC68F1E7044B9C42EED1AE
:108AF000EC68ECE7A4AC0008C4AC000884AC000847
:108B000010B5024900F0B2F810BDC046A98A0008AD
:108B1000002310B5040003604360836081814366D5
:108B2000C281036143618361190008225C30FFF751
:108B30003AFD054B24626362044BA362044BE3627B
:108B4000044B236310BDC046E19700080998000854
:108B5000419800086D98000870B568254A1E554375
:108B60000E002900743100F063F9041E08D00021C2
:108B70002A00016046600C30A0606832FFF713FDE8
:108B8000200070BD836913B50400002B28D18364D5
:108B9000C3640365134B144A1B68826201939842B5
:108BA00001D101238361200000F020F860602000E3
:108BB00000F01CF8A060200000F018F80022E0602F
:108BC00004216068FFF7A4FF01220921A068FFF7D4
:108BD0009FFF02221221E068FFF79AFF0123A361A1
:108BE00013BDC04680AC0008018B0008F8B51E4BD1
:108BF00007001E68B369002B02D13000FFF7C2FFE7
:108C00004836B4687368013B04D53368002B07D03D
:108C10003668F6E70C22A55E002D0DD06834F2E729
:108C200004213800FFF798FF30600028F0D10C23B2
:108C300004003B602000F8BD012320005B42E3817B
:108C40000233A38165662560A56065602561656165
:108C5000A561082229005C30FFF7A5FC6563A563C8
:108C6000A564E564E6E7C04680AC0008F7B50400FB
:108C70000700002601914834002C01D13000FEBDD0
:108C80006368A5680093009B013B009301D52468AD
:108C9000F2E7AB89012B08D90E22AB5E013304D079
:108CA00029003800019B984706436835EBE7000030
:108CB00070B50E001D000E23C95E90B0140000298F
:108CC00007DA00232B60B3891B0611D48023DB0055
:108CD0000FE001AA00F0F6FD0028F2DBF022029B73
:108CE00012021340054A9B185A4253412B60EDE78C
:108CF00040230020236010B070BDC04600E0FFFF9D
:108D0000F7B502268B8905000C00334206D02300FC
:108D100047332360236101236361F7BD01AB6A46DA
:108D2000FFF7C6FF00990700280000F081F800282F
:108D300008D10C22A35E9A05EFD4032293431E436D
:108D4000A681E4E70F4BAB628023A2892060134326
:108D5000A381009B20616361019B002B0DD00E233A
:108D6000E15E280000F0C0FD002806D00322A389A0
:108D700093431A0001231343A381A0893843A081A0
:108D8000CBE7C046018B000810B5034B0100186803
:108D900000F04EF810BDC0461000002070B5050070
:108DA000002910D00C1F2368002B00DAE4182800DB
:108DB00000F0DDFD1D4A1368002B05D163601460CF
:108DC000280000F0D5FD70BDA34209D921686018C4
:108DD0008342F3D118685B6841182160EEE7130005
:108DE0005A68002A01D0A242F9D919685818A0423D
:108DF0000BD120680918581819608242E0D1106818
:108E00005268411819605A60DAE7A04202D90C236F
:108E10002B60D5E721686018824203D11068526840
:108E20004118216062605C60CAE7C04644110020BE
:108E3000032370B5CD1C9D43083506000C2D1ED2B2
:108E40000C25A9421DD8300000F091FD254A146878
:108E50002100002919D1244C2368002B03D13000B4
:108E600000F0ACFC20602900300000F0A7FC431C9F
:108E70002CD10C233000336000F07AFD03E0002D8C
:108E8000DFDA0C233360002070BD0B685B1B1AD443
:108E90000B2B03D90B60CC18256003E08C420ED15C
:108EA00063681360300000F063FD200007220B3080
:108EB000231D9043C31AE7D05A42E250E4E74B68BF
:108EC00063600C00EEE70C004968C2E70323C41C92
:108ED0009C43A042E0D0211A300000F06FFC431CFC
:108EE000DAD1C6E74411002048110020F0B58E68A1
:108EF00085B007000C00039201939E4239D890235D
:108F00008A89DB001A4234D00325096923685B1A79
:108F10000293636902985D43EB0F5D19019B6D102D
:108F200001331B18AB4200D91D00530532D529006F
:108F30003800FFF77DFF061E09D10C233B6040235C
:108F40000120A28940421343A38105B0F0BD029ADB
:108F50002169FFF71FFBA389144A1A40802313439A
:108F6000A381029B2661F61826606561019EED1AB9
:108F7000A560019BB34200D21E0032000399206815
:108F800000F0E3FCA36800209B1BA36023689E19EC
:108F90002660DAE72A00380000F0EBFC061EE0D17C
:108FA00021693800FFF7FAFEC7E7C0467FFBFFFFE5
:108FB000F0B59FB0029005938B890F0016001B0639
:108FC00011D50B69002B0ED14021FFF731FF38601E
:108FD0003861002805D10C23029A013813601FB0B4
:108FE000F0BD40237B61002306AD6B6120336B76BF
:108FF0001033AB7634002378002B47D1A31B0493A6
:109000000DD0A31B320039000298FFF76FFF431CFD
:1090100000D1B5E06A69049B944663446B61237890
:10902000002B00D1ACE00122002352426A6002A969
:109030005432521801342B60EB60AB601370AB6597
:10904000584E05222178300000F074FC621C002884
:1090500020D12968CB0604D5532302AE20309B19BA
:1090600018700B0704D553232B2002AE9B191870E0
:1090700023782A2B16D000200A21099B2278303A27
:10908000092A55D9002815D0099313E0252BB5D00E
:109090000134B0E70123801B8340296814000B438F
:1090A0002B60CDE7059B181D1B680590002B39DB55
:1090B0000993140023782E2B0BD16378621C2A2B82
:1090C0003ED1059B02341A1D1B680592002B34DB30
:1090D0000793354E21780322300000F02BFC002846
:1090E00006D04023801B83402A68013413432B6041
:1090F000217806222D48661C297600F01BFC0028EA
:1091000046D02B4B002B2FD12968059B0722C90580
:1091100028D59B189343083305936B69039A9B18D2
:109120006B6167E75B42EB6002230B432B60C0E798
:109130004B4301349B180120A0E701235B42C7E7A2
:10914000002314000A201A006B60217830390929A5
:1091500003D9002BBDD00792BBE74243013452181C
:109160000123F2E70733D5E705AB00933A00114B33
:109170002900029800E000BF0390039B0133CCD18B
:10918000BB890B985B0600D429E70120404226E703
:1091900005AB00933A00074B2900029800F0BEF996
:1091A000EAE7C046E4AC0008EAAC0008EEAC000810
:1091B00000000000ED8E0008936810B5013B93603D
:1091C000002B05DA9469A34208DBCBB20A2B05D049
:1091D0001368581C10601970C8B210BDFFF70EFB61
:1091E000FBE7F8B506000F001400D518AC4201D11A
:1091F000002007E021783A003000FFF7DDFF01345E
:10920000431CF3D1F8BD0000F0B59FB006000F007D
:1092100014000593002804D08369002B01D1FFF7C7
:10922000B1FC7F4B9F425CD17768BB891B0762D53D
:109230003B69002B5FD0002306AD6B6120336B765A
:109240001033AB760294029C2378002B5DD1029BF5
:10925000E31A04930DD0049B029A39003000FFF703
:10926000C0FF431C00D1CCE06A69049B9446634470
:109270006B612378002B00D1C3E00122002352420E
:109280006A6002A95432521801342B60EB60AB6063
:109290001370AB6521780522624800F04BFB631C1C
:1092A0009C46002835D12968CB0604D5532302AA51
:1092B00020309B1818700B0704D553232B2002AACB
:1092C0009B18187023782A2B2CD000200A21099B88
:1092D0002278303A092A00D86BE000282AD0099376
:1092E00028E0514B9F4201D1B7689EE74F4B9F4208
:1092F0009BD1F76899E739003000FFF7D5FA0028CD
:1093000099D0012040421FB0F0BD252B9FD00134E1
:109310009AE7444B2968C01A012383400B432B6012
:109320006446B7E7059B181D1B680590002B3ADBC8
:109330000993644623782E2B0BD16378621C2A2B69
:109340003FD1059B02341A1D1B680592002B35DBAB
:10935000079321780322364800F0ECFA002807D062
:10936000334B2A68C01A4023834013432B600134D7
:109370002178631C06222F480293297600F0DAFA3E
:10938000002844D02C4B002B2FD12968059B0722A5
:10939000C90528D59B189343083305936B69039A35
:1093A0009B186B614FE75B42EB6002230B432B6022
:1093B000BFE74B4301349B18012089E701235B423F
:1093C000C6E7002314000A201A006B6021783039A8
:1093D000092903D9002BBCD00792BAE742430134D4
:1093E00052180123F2E70733D5E705AB00933A00A3
:1093F000124B2900300000E000BF0390039B0133B3
:10940000CCD1BB895B0600D57BE70B987BE705AB2E
:1094100000933A00094B2900300000F07FF8ECE798
:10942000A4AC0008E4AC0008C4AC000884AC00089C
:10943000EAAC0008EEAC000800000000E391000870
:10944000F7B5150001938A680B6900900C009342F0
:1094500000DA130022002B6043321278002A01D078
:1094600001332B6023689B0602D52B6802332B60E7
:10947000062723681F4027D0230043331B785A1E3A
:1094800093412268920630D4220001994332009819
:10949000089EB047431C25D0062320682A68E1684F
:1094A00003400025042B03D18D1AEB43DB171D402D
:1094B000A3682269934201DD9B1AED180027BD4283
:1094C00020D1002010E00137E3682A689B1A9F42F0
:1094D000D2DA22000123193201990098089EB04780
:1094E000431CF0D101204042FEBD3020E118433141
:1094F000087021005A1C45310978A2184332023302
:109500001170C1E7220001231A3201990098089EC8
:10951000B047431CE6D00137D1E70000F0B58BB06F
:1095200006920A0043320793059004920A7E0C00CB
:10953000109B6E2A00D18FE017D8632A2CD008D850
:10954000002A00D199E0582A54D0260042363270C1
:1095500029E0642A01D0692AF7D121681A6808062F
:1095600023D5111D1960156825E0732A00D188E004
:1095700008D86F2A29D0702AE7D1202209680A4327
:10958000226003E0752A20D0782ADED122007821DB
:10959000453211706C4A30E00E001A684236111DD7
:1095A000196013683370012379E04906D9D5111D7C
:1095B00019600023D55E002D03DA2D23049A6D4235
:1095C0001370624B0A2703932FE020681968050681
:1095D00003D5081D18600D6805E04006F9D50D6833
:1095E000081D1860ADB2594B082703936F2A18D095
:1095F0000A2716E045310A70544A03921A68216816
:10960000101D18601568080622D5CB0702D5202347
:10961000194321601027002D03D1202322689A438B
:1096200022602300002243331A706368A360002B7A
:109630005CDB0422216891432160002D58D1049EF7
:10964000002B64D02600039B42361B7833705EE00B
:109650004806DAD5ADB2D8E709681A68080605D514
:10966000111D1960136862691A6006E04906F7D592
:10967000111D19601368A28A1A800023049E2361B9
:1096800054E01A68111D19601668002162683000E4
:1096900000F050F9002801D0801B606063682361EE
:1096A0000023049A137041E023693200069905985B
:1096B000079DA847431C43D0236800259B070FD470
:1096C000099BE06898423DDA18003BE02200012344
:1096D000193206990598079EB047431C30D00135D2
:1096E000E368099A9B1A9D42F0DBE9E7002DA9D0B7
:1096F000049E28003900F6F799FD039B013E5B5C50
:10970000280033703900F6F70BFD051EF1D1082F44
:1097100009D12368DB0706D563682269934202DC1E
:109720003023013E3370049B9B1B2361079B09AAD6
:1097300000932100069B0598FFF782FE431CB3D1DE
:10974000012040420BB0F0BD06AD0008F5AC0008AA
:1097500070B506000D001400002804D08369002BAA
:1097600001D1FFF70FFA124B9C4211D17468A36824
:10977000013BA360002B05DAA269934212DBEBB236
:109780000A2B0FD02368E8B25A1C22601D7070BDEE
:10979000084B9C4201D1B468E9E7074B9C42E6D1F3
:1097A000F468E4E7220029003000FFF727F8EEE72D
:1097B000A4AC0008C4AC000884AC0008002370B559
:1097C000064C050008002360FEF790FE431C03D101
:1097D0002368002B00D02B6070BDC0466043002082
:1097E00070B50C000E25495F00F0EAF8002803DB95
:1097F000636D1B18636570BDA389024A1340A38182
:10980000F9E7C046FFEFFFFFF8B51F008B890500A1
:109810000C001600DB0505D50E23C95E00220223CD
:1098200000F074F8A389054A28001340A381320090
:109830000E23E15E3B0000F01FF8F8BDFFEFFFFFD5
:1098400070B50C000E25495F00F060F8A389421C3A
:1098500003D1054A1340A38170BD802252011343F6
:10986000A3816065F8E7C046FFEFFFFF10B50E2348
:10987000C95E00F015F810BD70B5050008001100B4
:109880000022064C22601A00FEF721FE431C03D181
:109890002368002B00D02B6070BDC04660430020C1
:1098A000002370B5064C050008002360FEF73CFE5F
:1098B000431C03D12368002B00D02B6070BDC04631
:1098C00060430020002370B5064C0500080011001D
:1098D0002360FEF72CFE431C03D12368002B00D02D
:1098E0002B6070BD60430020002370B5064C05005E
:1098F00008002360FEF720FE431C03D12368002BE1
:1099000000D02B6070BDC0466043002070B50500DC
:10991000080011000022064C22601A00FEF70EFE1D
:10992000431C03D12368002B00D02B6070BDC046C0
:1099300060430020C9B28218904201D100207047D4
:1099400003788B42FBD00130F6E710B5884202D98C
:109950008B18984208D300239A4207D0CC5CC45499
:109960000133F9E78B5C8354013AFBD210BD704799
:109970007047F8B507000D001600002905D1110049
:10998000FFF756FA04002000F8BD002A03D1FFF7C4
:1099900005FA3400F7E700F027F82C008642F2D9E8
:1099A00031003800FFF744FA041EECD029003200E1
:1099B000FEF7F0FD29003800FFF7F0F9E3E70000BB
:1099C00070B50500080011000022064C22601A0044
:1099D000FEF76FFD431C03D12368002B00D02B60E2
:1099E00070BDC046604300200B1F1B68181F002B72
:1099F00001DA0B58C0187047F8B5C046F8BC08BC6F
:109A00009E467047F8B5C046F8BC08BC9E467047F5
:109A1000761B0008B41B0008CA1B0008E01B0008E6
:109A2000FA1B0008181C0008361C00084C1C000813
:109A300002210008F6200008022100080221000887
:109A4000022100080221000802210008022100086A
:109A5000022100080221000802210008022100085A
:109A6000022100080221000802210008022100084A
:109A700018210008AA21000802210008022100087C
:109A800002210008B62300080221000886220008EF
:109A9000022100080221000802210008022100081A
:109AA000022100080221000802210008022100080A
:109AB000F423000802210008022100080221000806
:109AC00002210008022100080221000802210008EA
:109AD00002210008022100080221000802210008DA
:109AE00002210008022100080221000802210008CA
:109AF000162400085C2400088224000802210008C3
:109B0000022100087E2300088A22000802210008A2
:109B10000221000802210008022100080221000899
:109B20000221000802210008022100080221000889
:109B30008A240008AC2400081B0F00000E0F000050
:109B4000010F0000F30E0000E40E0000D40E000030
:109B5000C40E0000B30E0000A10E00008F0E000026
:109B60007C0E0000680E0000530E00003D0E000049
:109B7000270E0000100E0000F70D0000DE0D0000A3
:109B8000C40D0000A90D00008E0D0000710D000035
:109B9000530D0000350D0000150D0000F50C000000
:109BA000D40C0000B20C00008F0C00006B0C000005
:109BB000460C0000210C0000FA0B0000D30B000043
:109BC000AB0B00006B0F0000420F0000180F0000ED
:109BD000ED0E0000DA0A0000970E0000820A000075
:109BE000560A0000290A0000FC090000CE09000006
:109BF000A0090000720900004409000015090000D6
:109C0000E7080000B80800008A0800005C080000AF
:109C10002E08000000080000D2070000A407000082
:109C2000770700004A0700001E070000F206000048
:109C3000C60600009B0600007106000047060000F3
:109C40001D060000F5050000CC050000A50500007C
:109C50007E05000058050000330500000E050000D9
:109C6000EA040000C7040000A4040000830400000C
:109C7000620400004104000022040000030400000C
:109C8000E5030000C8030000AC03000090030000DF
:109C9000750300005A030000410300002803000080
:109CA0000F0300005C030000E1020000CB02000093
:109CB000B5020000A00200008C0200007802000043
:109CC0006502000052020000400200002E02000067
:109CD0001D0200000D020000FD010000ED0100006A
:109CE000DE010000D0010000C2010000B40100004C
:109CF000A70100009A0100008D0100008101000011
:109D0000760100006B0100006001000055010000B9
:109D10004B01000041010000370100002E0100004E
:109D2000250100001C010000140100000C010000CE
:109D300004010000FC000000F5000000EE0000003F
:109D4000802500000096000000C20100080000000D
:109D5000040000000000000000000000E0A900086E
:109D6000712C0008000000000000000080000000CE
:109D70000000000000000000D4A900088D2C00089D
:109D80000200000000000000800000000000000051
:109D900000000000C8A900089B2C00080200000079
:109DA00000000000000100000000000000000000B2
:109DB000C0A90008832C000800000000000000007B
:109DC00080000000000000000000000003040608FE
:109DD0000C101820300000000000000000000000FF
:109DE0000102030406070809000000000102030441
:109DF000203F00088E3F0008AC3F0008D23F00081B
:109E0000F83F000820400008584000088A40000839
:109E1000B0400008D64000080000C1C081C1400128
:109E200001C3C003800241C201C6C006800741C70A
:109E30000005C1C581C4400401CCC00C800D41CDDA
:109E4000000FC1CF81CE400E000AC1CA81CB400BAA
:109E500001C9C009800841C801D8C018801941D97A
:109E6000001BC1DB81DA401A001EC1DE81DF401F0A
:109E700001DDC01D801C41DC0014C1D481D540151A
:109E800001D7C017801641D601D2C012801341D32A
:109E90000011C1D181D0401001F0C030803141F1BA
:109EA0000033C1F381F240320036C1F681F740370A
:109EB00001F5C035803441F4003CC1FC81FD403DDA
:109EC00001FFC03F803E41FE01FAC03A803B41FBAA
:109ED0000039C1F981F840380028C1E881E94029FA
:109EE00001EBC02B802A41EA01EEC02E802F41EF0A
:109EF000002DC1ED81EC402C01E4C024802541E51A
:109F00000027C1E781E640260022C1E281E3402329
:109F100001E1C021802041E001A0C060806141A139
:109F20000063C1A381A240620066C1A681A7406709
:109F300001A5C065806441A4006CC1AC81AD406DD9
:109F400001AFC06F806E41AE01AAC06A806B41ABA9
:109F50000069C1A981A840680078C1B881B9407979
:109F600001BBC07B807A41BA01BEC07E807F41BF09
:109F7000007DC1BD81BC407C01B4C074807541B519
:109F80000077C1B781B640760072C1B281B3407329
:109F900001B1C071807041B00050C19081914051B9
:109FA0000193C053805241920196C0568057419709
:109FB0000055C19581944054019CC05C805D419DD9
:109FC000005FC19F819E405E005AC19A819B405BA9
:109FD0000199C059805841980188C04880494189F9
:109FE000004BC18B818A404A004EC18E818F404F09
:109FF000018DC04D804C418C0044C1848185404519
:10A000000187C047804641860182C0428043418328
:10A010000041C18181804040166B00081E6B000822
:10A02000266B00083C6B0008346B00083C6B000892
:10A030003C6B00083C6B0008E46A0008B26A000848
:10A04000BA6A0008C26A0008D86A0008D06A000824
:10A05000D86A0008D86A0008D86A0008786A000838
:10A06000980C0008580B0008580B0008540B000807
:10A07000700C0008700C0008620C0008540B0008FB
:10A08000700C0008620C0008700C0008540B0008EB
:10A09000780C0008780C0008780C00087C0E00088A
:10A0A0004469737020496E69742E2E2E2E2E0D0079
:10A0B0005B4C4F4749435D20446973706C61795430
:10A0C0006573744D6F64652829204D6F64655B2549
:10A0D000645D506F735B25645D0D0A003D3D3D3D41
:10A0E0003D3D3D3D3D3D3D3D3D3D3D3D3D3D3D3DA0
:10A0F0003D3D3D3D3D3D3D3D3D3D3D3D3D3D3D3D90
:10A100003D3D0D002020536D6172742044524D205E
:10A11000436F6E74726F6C6C65722076312E300DE9
:10A120000000000020204C45444F20436F2C2E207F
:10A130004C74642E200D00005B4C6F6769635D20DA
:10A1400043616C6354656D70205B2564207E20251F
:10A15000645D5B676170203A2025645D5B646563C4
:10A1600069616D6C203A2025645D0D0A00000000D5
:10A170005B4C4F474943205D205365742044524D4A
:10A18000205B4252543A25645D0000005B52474216
:10A190003A253032785D00005B4F50543A2530321A
:10A1A000785D0D0A000000005B4C4F4749435D207D
:10A1B0004D6F64656D2053656E645F5374616E64AA
:10A1C00062790D005B4C4F4749435D2053656E64D7
:10A1D0005F4D6F64656D5F5374617475735B25309B
:10A1E00032785D5B253032785D5B253032785D5B9F
:10A1F000253032785D5B253032785D5B25303278F2
:10A200005D5B253032785D5B253032785D5B2530D3
:10A2100032785D0D0A0000005B4C4F4749435D20DA
:10A220004D6F64656D2053656E645F537461747522
:10A23000730D00005B4C4F4749435D204D6F6465D3
:10A240006D2053656E645F52656769737465725BF8
:10A2500025645D0D0A0000005B4C4F4749435D20BB
:10A2600053656E645F424C455F636865636B200DA8
:10A270000000000041540D0041542B494E464F3F11
:10A280000D0000005B4C4F4749435D2053656E64F1
:10A290005F424C455F636D64203A202573200A00BD
:10A2A00041542B5645523F0D0000000041542B41B4
:10A2B0004456444154413F0D000000005B4C4F4761
:10A2C00049435D2053656E645F424C455F636D6436
:10A2D000203A20257300000041542B4144564F4E34
:10A2E0000D00000041542B4144564F46460D0000DE
:10A2F0005B4C4F4749435D20636F6D6D616E645FDA
:10A30000737472203A202573000000005B4C4F47A5
:10A3100049435D2053656E645F424C455F4144563E
:10A32000444154415F5374617475735B25635D5B95
:10A3300025635D5B25635D5B25635D5B25635D5B1D
:10A3400025635D5B25635D5B25635D5B25635D5B0D
:10A3500025635D5B25635D5B25635D5B25635D0D4B
:10A360000A0000005B4C4F4749435D2053656E6413
:10A370005F424C455F414456444154415F536974C8
:10A38000756174696F6E0D0041542B414456444110
:10A3900054413D25642564253034640D00000000DF
:10A3A0005B4C4F4749435D20424C455F4144564416
:10A3B0004154415F5345540D0000000041542B416E
:10A3C0004456444154413D25730D000041542B4DEA
:10A3D000414E55463F0D00005B4C4F4749435D20C1
:10A3E000424C455F4D414E55465F5345540D00006C
:10A3F00041542B4D414E55463D44524D0D000000F9
:10A400005B4C4F4749435D2053656E645F424C454A
:10A410005F494E54455256414C5F53455420256484
:10A420000D0A000041542B414456494E54455256A2
:10A43000414C3D25640D00005B4C4F4749435D2076
:10A440004D6F64656D205061636B65745F50617220
:10A4500073655B253032785D5B253032785D5B2536
:10A460003032785D0D0A00005B4C4F4749435D2058
:10A4700044524D2047726F757020436F6E74726F37
:10A480006C5B425254203A20253032785D5B524753
:10A4900042203A20253032785D5B4F7074203A209C
:10A4A000253032785D0D0A005B4C4F474943205DF3
:10A4B000204F6E65436F6E74726F6C205B42525416
:10A4C000203A20253032785D5B524742203A2025E1
:10A4D0003032785D5B4F7074203A20253032785DE1
:10A4E0000D0A00005B4C4F474943205D20416C6CD6
:10A4F000436F6E74726F6C5F5633205B25645D5BD7
:10A500004252543A253032785D5B5247423A253008
:10A5100032785D5B4F3A253032785D0D0A000000DD
:10A520005B4C4F474943205D205468697320457652
:10A53000656E74206265206E6F7420696E636C7541
:10A54000646564202D205B45203A202564206D5DE4
:10A550005B50203A20253464206D5D0D0A00000018
:10A560005B4C4F474943205D205B253464207E20AF
:10A57000253464206D5D0D0A000000005B4C4F47E0
:10A580004943205D20424C4520416476446174611A
:10A59000205365740D0000005B4C4F474943205D1C
:10A5A000205B25645D496E697420506F736974691E
:10A5B0006F6E202D205B25645D5B253464206D5D0E
:10A5C0000D0A00005B4C4F474943205D205B25642A
:10A5D0005D20466C617368696E6720436F6E7472AC
:10A5E0006F6C202D205B25645D0D0A000D0A5B4C0D
:10A5F0006F6769635D204D6F64656D204F505F43E9
:10A600004F4445205B2532585D0D0A0041542B55BF
:10A610004152543D25640D005B4C4F4749435D203A
:10A620003D3D3D3D3D3D3D3D3D3D3D3D3D4D6F64F1
:10A63000656D2052656769737465723D3D3D3D3DB2
:10A640003D3D3D3D3D3D3D0D000000005B4C4F4715
:10A6500049435D20312E2053656374696F6E204934
:10A660004420203A205B2025303278205D0D0A00FE
:10A670005B4C4F4749435D20322E20446576696329
:10A68000652049442020203A205B20253032782064
:10A690005D0D0A005B4C4F4749435D20332E20522D
:10A6A00046204368616E6E656C20203A205B202551
:10A6B000303278205D0D0A005B4C4F4749435D20E6
:10A6C0003D3D3D3D3D3D3D3D3D3D3D3D3D3D3D3DBA
:10A6D0003D3D3D3D3D3D3D3D3D3D3D3D3D3D3D3DAA
:10A6E0003D3D3D3D3D3D3D0D000000005B6C6F6715
:10A6F00069632E635D205361766520506167653123
:10A70000205472616E736D697420526573756C7438
:10A71000205B25645D0D0A005B6C6F6769632E63C7
:10A720005D20536176652050616765302B31205B79
:10A73000305D205472616E736D697420526573755B
:10A740006C74205B25645D0D0A0000005B6C6F6714
:10A7500069632E635D2053617665205061676530C3
:10A760002B31205B315D205472616E736D697420F2
:10A77000526573756C74205B25645D0D0A000000E2
:10A780005B6C6F6769632E635D2053617665205053
:10A7900061676530205472616E736D697420526513
:10A7A00073756C74205B25645D0D0A005B6C6F67CC
:10A7B00069632E635D205061676531205472616E5C
:10A7C000736D697420526573756C74205B25645DCC
:10A7D0000D0A00005B6C6F6769632E635D2050613A
:10A7E00067653120526563656976652052657375CA
:10A7F0006C74205B25645D0D0A0000005B6C6F6764
:10A8000069632E635D20506167652030202D203103
:10A810005B315D205472616E736D69742052657393
:10A82000756C74205B25645D0D0A00005B6C6F67BE
:10A8300069632E635D20506167652030202D2031D3
:10A840005B315D205265636569766520526573757D
:10A850006C74205B25645D0D0A0000005B6C6F6703
:10A8600069632E635D20506167652030202D2031A3
:10A870005B325D205472616E736D69742052657332
:10A88000756C74205B25645D0D0A00005B6C6F675E
:10A8900069632E635D20506167652030202D203173
:10A8A0005B325D205265636569766520526573751C
:10A8B0006C74205B25645D0D0A0000005B6C6F67A3
:10A8C00069632E635D20506167652030205472619A
:10A8D0006E736D697420526573756C74205B2564AA
:10A8E0005D0D0A005B6C6F6769632E635D205061CC
:10A8F000676520302052656365697665205265730F
:10A90000756C74205B25645D0D0A0000424C452087
:10A910005B20434F4E4E4543544544202020205D4C
:10A920000D000000424C45205B20444953434F4EEC
:10A930004E4543544544205D0D0000005B4C4F479D
:10A9400049435D204144432056616C7565205B435B
:10A950004831203A2025645D5B434832203A202567
:10A96000645D5B434833203A2025645D5B43483493
:10A97000203A2025645D0D0A000000005B4C6F67E3
:10A9800069635D204261747465727920566F6C74DE
:10A99000616765205B424154203A20256420765D42
:10A9A0005B534F4C203A20256420765D5B54454D27
:10A9B00050203A20256420E284835D0D0A000000C7
:10A9C000626C655461736B00756172745461736B72
:10A9D0000000000070726F635461736B0000000030
:10A9E00069646C655461736B0000000050657269A6
:10A9F00020496E69742E2E2E2E2E0D007065726900
:10AA000052464D6F64756C65205B25645D2E2E2E5D
:10AA10002E2E0D0A000000007065726952465761C3
:10AA20006B657570205B25645D2E2E2E2E2E0D0A13
:10AA30000000000070657269424C4557616B657596
:10AA400070205B25645D2E2E2E2E2E0D0A00000038
:10AA500070657269424C4555415254205B25645DD6
:10AA60002E2E2E2E2E0D0A00556172742055534144
:10AA7000525431203A2048414C5F554152545F5462
:10AA80007843706C7443616C6C6261636B0D0000A1
:10AA90005561727420555341525434203A20484134
:10AAA0004C5F554152545F547843706C7443616CF1
:10AAB0006C6261636B0D00005561727420555341E7
:10AAC000525435203A2048414C5F554152545F540E
:10AAD0007843706C7443616C6C6261636B0D000051
:10AAE0005561727420555341525431203A205541DA
:10AAF00052545F49444C4543616C6C6261636B0D19
:10AB000000000000556172742055534152543420A6
:10AB10003A20554152545F49444C4543616C6C6244
:10AB200061636B0D00000000556172742055534144
:10AB3000525435203A20554152545F49444C4543C4
:10AB4000616C6C6261636B0D000000005561727492
:10AB500020496E69742E2E2E2E2E0D005B556172CB
:10AB6000745D20424C452042617564204368616EEB
:10AB70006765205B25645D0D0A0000002B4F4B00CC
:10AB80002B4552524F5200002B41445645525449D6
:10AB900053494E47000000002B5354414E44425944
:10ABA00000000000424C455F44617461205B2573E6
:10ABB0005D200D0A000000000D0A5B4D6F64656D9D
:10ABC0005D205263765F4C5243204572726F725B18
:10ABD0002532585D5B2532585D0D0A000D0A5B4D2C
:10ABE0006F64656D5D204F505F434F444520457253
:10ABF000726F725B2532585D0D0A000052656376F4
:10AC000054696D656F757420427566666572204380
:10AC10006C656172200D0A005B4669726D77617226
:10AC2000655D20426F6F746C6F61646572204D6F5B
:10AC30006465200D000000000D0A5B4669726D77A7
:10AC40006172655D204F505F434F444520457272ED
:10AC50006F725B2532585D0D0A0000005B55415252
:10AC600054205D005B253032785D00005B2530327A
:10AC7000785D0D0A0000000049444C4500000000CA
:10AC80001400002000000000000000000000000090
:10AC900000000000000000000000000000000000B4
:10ACA00000000000000000000000000000000000A4
:10ACB0000000000000000000000000000000000094
:10ACC0000000000000000000000000000000000084
:10ACD0000000000000000000000000000000000074
:10ACE00000000000232D302B2000686C4C006566AE
:10ACF00067454647003031323334353637383941CD
:10AD000042434445460030313233343536373839E2
:08AD10006162636465660000E6
:08AD1800F055FF7F010000006F
:04AD2000E90000083E
:04AD2400C100000862
:10AD2800000020000100000004000000AAAAAAAA4E
:10AD38001400002000000000A4AC0008C4AC000807
:10AD480084AC0008000000000000000000000000C3
:10AD580000000000000000000000000000000000EB
:10AD680000000000000000000000000000000000DB
:10AD780000000000000000000000000000000000CB
:10AD880000000000000000000000000000000000BB
:04AD980000000000B7
:04000005080084610A
:00000001FF
