:020000040800F2
:100000000050002091940008DD4E0008DF4E0008EB
:1000100000000000000000000000000000000000E0
:10002000000000000000000000000000C99100086E
:10003000000000000000000071920008E14E00087E
:10004000E1940008E1940008E1940008E1940008BC
:10005000E1940008E1940008E1940008E1940008AC
:1000600000000000F54E0008054F00081D4F000875
:10007000E1940008E19400089D4F0008E194000815
:10008000E1940008E1940008E194000800000000F9
:10009000E1940008E1940008E1940008E19400086C
:1000A000E1940008E1940008E19400088D4F0008F5
:1000B000E1940008E1940008000000000000000046
:1000C00010B5064C2378002B07D1054B002B02D02E
:1000D000044800E000BF0123237010BDE8010020A8
:1000E0000000000078C50008044B10B5002B03D0B9
:1000F0000349044800E000BF10BDC04600000000F6
:10010000EC01002078C50008002243088B4274D31C
:1001100003098B425FD3030A8B4244D3030B8B4208
:1001200028D3030C8B420DD3FF22090212BA030C11
:100130008B4202D31212090265D0030B8B4219D3F2
:1001400000E0090AC30B8B4201D3CB03C01A524112
:10015000830B8B4201D38B03C01A5241430B8B425A
:1001600001D34B03C01A5241030B8B4201D30B0343
:10017000C01A5241C30A8B4201D3CB02C01A52416A
:10018000830A8B4201D38B02C01A5241430A8B422D
:1001900001D34B02C01A5241030A8B4201D30B0216
:1001A000C01A5241CDD2C3098B4201D3CB01C01A30
:1001B000524183098B4201D38B01C01A524143093A
:1001C0008B4201D34B01C01A524103098B4201D328
:1001D0000B01C01A5241C3088B4201D3CB00C01A95
:1001E000524183088B4201D38B00C01A524143080D
:1001F0008B4201D34B00C01A5241411A00D2014632
:10020000524110467047FFE701B5002000F0F0F8BA
:1002100002BDC0460029F7D076E7704703460B437E
:100220007FD4002243088B4274D303098B425FD3EF
:10023000030A8B4244D3030B8B4228D3030C8B421B
:100240000DD3FF22090212BA030C8B4202D3121201
:10025000090265D0030B8B4219D300E0090AC30BD6
:100260008B4201D3CB03C01A5241830B8B4201D383
:100270008B03C01A5241430B8B4201D34B03C01A6C
:100280005241030B8B4201D30B03C01A5241C30AE4
:100290008B4201D3CB02C01A5241830A8B4201D355
:1002A0008B02C01A5241430A8B4201D34B02C01A3F
:1002B0005241030A8B4201D30B02C01A5241CDD2E4
:1002C000C3098B4201D3CB01C01A524183098B422F
:1002D00001D38B01C01A524143098B4201D34B0118
:1002E000C01A524103098B4201D30B01C01A52417B
:1002F000C3088B4201D3CB00C01A524183088B4202
:1003000001D38B00C01A524143088B4201D34B00EA
:10031000C01A5241411A00D201465241104670475C
:100320005DE0CA0F00D04942031000D34042534061
:1003300000229C4603098B422DD3030A8B4212D321
:10034000FC22890112BA030A8B420CD38901921153
:100350008B4208D3890192118B4204D389013AD090
:10036000921100E08909C3098B4201D3CB01C01A65
:10037000524183098B4201D38B01C01A5241430978
:100380008B4201D34B01C01A524103098B4201D366
:100390000B01C01A5241C3088B4201D3CB00C01AD3
:1003A000524183088B4201D38B00C01A5241D9D2EB
:1003B00043088B4201D34B00C01A5241411A00D26C
:1003C0000146634652415B10104601D34042002B68
:1003D00000D54942704763465B1000D3404201B5E7
:1003E000002000F005F802BD0029F8D016E770479C
:1003F0007047C0468446081C6146FFE71FB500F001
:10040000E1FC002801D40021C8421FBD10B500F056
:1004100063FC4042013010BD10B500F0D3FC002851
:1004200001DB002010BD012010BDC04610B500F05A
:10043000C9FC002801DD002010BD012010BDC04610
:1004400010B500F071FC002801DC002010BD012077
:1004500010BDC04610B500F067FC002801DA00208E
:1004600010BD012010BDC046002B11D1002A0FD1B4
:10047000002900D1002802D00021C943081C07B47C
:10048000024802A14018029003BDC04665FFFFFF6D
:1004900003B4684601B5029800F0B0F8019B9E468F
:1004A00002B00CBC7047C046F0B5CE4647461504B6
:1004B0002D0C2E0080B50704140C3F0C9946030C3C
:1004C0007E435D43674363437F19340CE4199C46C4
:1004D000A54203D980235B029846C4444B4643435C
:1004E0005143250C36046544360C2404A4195B19C9
:1004F000591820000CBC90469946F0BD9E2110B5BD
:10050000C905041CFFF7A6FF002803D1201C00F03A
:10051000B5FF10BD9E21201CC90500F0D5FD00F0DF
:10052000ADFF80231B069C466044F2E710B5002116
:10053000041CFFF771FF002803D1201C00F00CF809
:1005400010BD80231B06E01800F006F802000B0027
:10055000002150429941F3E770B502F07DFC002282
:100560000B4B0D00040001F051FE02F075FD06007A
:1005700002F040FC0022074B01F048FE02000B0095
:100580002000290002F0B4F802F066FD310070BDD1
:100590000000F03D0000F041D0B5012602000B0044
:1005A000134F7642B6185F4104001248874219D9AA
:1005B000520504D08023E40AE4021B011C43080016
:1005C00002F0DEFB00220C4B01F020FE06000F00C3
:1005D000200002F00FFC32003B0000F0F9FF02F0B7
:1005E0008DFCD0BD8742EAD1B01CE1D8E7E7C04618
:1005F000FFFF1F00FFFF3F000000F041F0B54F4636
:100600004646D646C0B5040082B00D0091469846D5
:100610008B422FD82CD04146484602F011FD2900CC
:100620000600200002F00CFD331A9C46203B9A463F
:1006300000D576E04B46524693401F004B4662463B
:1006400093401E00AF4228D825D05346A41BBD417D
:10065000002B00DA7BE000220023009201930123AB
:10066000524693400193012362469340009318E061
:100670008242D0D900220023009201930A9B002BD2
:1006800001D01C605D600098019902B01CBC9046CE
:100690009946A246F0BDA342D7D90022002300927A
:1006A00001936346002BE9D0FB0798464146720848
:1006B0000A437B0866460EE0AB4201D1A2420CD849
:1006C000A41A9D41012024196D410021013E2418E6
:1006D0004D41002E06D0AB42EED9013E24196D41AA
:1006E000002EF8D100980199534600196941002B5A
:1006F00023DB2B005246D3402A006446E2401C0014
:1007000053461500002B2DDB26005746BE40330014
:1007100026006746BE403200801A99410090019140
:10072000ACE7624620239B1A4A46DA406146130032
:1007300042468A4017001F4380E7624620239B1AE7
:100740002A0066469A402300F3401343D4E76246EA
:10075000202300219B1A0022009101920122DA40FD
:10076000019280E72023624626009B1ADE402F007C
:10077000B0466646B74046463B003343C8E7C046EE
:10078000F8B54746CE4643025B0A4400C20F9C467A
:100790004800DD004B02240E5B0A000E80B598462F
:1007A00026009146C90FDB00271A8A4229D0002F64
:1007B00015DD00284AD1002B00D095E0ED08FF2C74
:1007C00000D188E06B025B0AE6B25B02F605580ACC
:1007D0003043D20710430CBC90469946F8BD002F19
:1007E00000D087E0601CC0B2012800DCB6E0EE1A41
:1007F000720100D5C5E0002E3DD100220026002365
:10080000E3E7002F00DC96E000285DD0FF2C60D0ED
:100810008022D20413431B2F00DDECE02022D21BE8
:1008200018009340F8405A1E93410343ED186B01A2
:100830007BD50134FF2C00D1B7E0012207262A40E6
:100840006B089A4D1D4015432E4029E0FF2CB5D072
:100850008022D20413431B2F00DDB2E02022D21BE2
:1008600019009340F9405A1E93410B43ED1A6B0156
:100870005BD5AD01AE09300002F0C4FB05388640FF
:10088000844265DC041B330020200134E340041B58
:10089000A640751EAE41334307261D0000241E40AE
:1008A00001224B461A40002E04D00F232B40042B6C
:1008B00000D004356B0100D480E70134E6B2FF2C90
:1008C0002FD1FF26002380E7002B52D1FF2C00D030
:1008D00074E70A00ED08002DF3D08023DB032B43DF
:1008E0005B025B0AFF2670E7013F002FBED0FF2CA2
:1008F000B1D163E7002C47D0FF2869D08024E404FD
:100900007A4225431B2A00DDC5E02C002026D44076
:10091000B21A95406A1E954125435D1B0400894625
:10092000A5E7AB015B0A50E7002401224B461A40C1
:100930006B07BAD142E7002F3BD10134E0B2012866
:100940004ADDFF2CBDD00726ED186D082E40A7E725
:100950000723574D241A35401E40A1E7002C1BD118
:10096000002D6ED1002B00D19AE00A001D003C0042
:1009700024E7013F002F00D158E7FF2C00D04AE7C1
:10098000A7E75E1B894676E7002D1CD10A00FF28E9
:100990001FD004001D0011E7002D5DD1002B17D1E1
:1009A00080230022DB03FF260FE70A00FF26002337
:1009B0000BE7002C21D1002D66D1FF28E9D11D00C5
:1009C00087E7012352E77A1CA7D0FA43FF2899D181
:1009D0000A001D00FF24F1E6002E21D1002D4FD08A
:1009E000002B4CD0ED186B019ED5314B07362E40B5
:1009F00001241D4054E7012318E7FF28DFD080249D
:100A0000E4047F4225431B2F4DDC2026F61B2C00DF
:100A1000B540FC406A1E95412543ED18040006E7E9
:100A2000002DCCD0002B00D153E780216046C903B4
:100A3000084203D04046084200D11D000121114068
:100A400047E7002B00D1B9E6EA1A500125D5072661
:100A50005D1B2E40894623E7FF24002B00D1ADE625
:100A600080226046D203104204D04046104201D199
:100A70001D00894601224B46FF241A409EE62B00AA
:100A8000DD080A0000249DE67A1CC6D0FF43FF283B
:100A9000B9D11D001DE701253FE7151E00D044E731
:100AA0000022002391E60125B7E7C046FFFFFF7D46
:100AB000FFFFFFFBF8B557464E464546DE4644026B
:100AC000E0B546008846640A360EC70F002E63D094
:100AD000FF2E24D08023E400DB041C43002399462E
:100AE0009B467F3E434642465D02D20F5B006D0A45
:100AF0001B0E9046924665D0FF2B55D080220021D8
:100B0000ED00D2047F3B1543F61A43464A467B402C
:100B10000F2A00D98DE06D48920082589746002C2C
:100B200054D108239946063BFF269B46DAE7002569
:100B3000534602291BD0032900D1BFE0012928D048
:100B400030007F30002820DD6A0704D00F222A40C1
:100B5000042A00D004352A0103D530005C4A8030D5
:100B60001540FE2803DCAC01640AC2B201E0FF229A
:100B700000246402D205600ADB07104318433CBC22
:100B800090469946A246AB46F8BD0122101A1B2892
:100B90007CDD00220024ECE7002C1DD104239946C3
:100BA000033B00269B469DE7FF3E002D20D10221FE
:100BB00043464A467B400A430F2AD8D8454892000C
:100BC00082589746002D19D10121F1E70C2399464F
:100BD000093BFF269B4685E7200002F013FA7626A4
:100BE000431F9C4000237642361A99469B4679E77C
:100BF0004A4603231A439146032186E7280002F060
:100C000001FA431F36189D40763600217DE7802487
:100C10000023E403FF22ACE700258023DB031C4212
:100C200028D01D4226D12B435C02640A4346FF2292
:100C30009FE762016C01A24224D21B210025013EE4
:100C4000012710006D005200002801DB944201D8FA
:100C5000121B3D4301390029F3D11400621E944157
:100C600025436DE7BA46594625005346022900D070
:100C700061E77CE78023DB031C436402640A3B00DA
:100C8000FF2276E7121B1A210125D9E79E362A009A
:100C9000B5402C00C240651EAC411443620704D02D
:100CA0000F222240042A00D00434620103D4A4019C
:100CB000640A00225DE7012200245AE78024E4034D
:100CC0002C436402640AFF2253E7C04668CC000844
:100CD000FFFFFFF7A8CC000870B542004E024C00A1
:100CE00045026D0A120EC30F760A240EC90FFF2AA1
:100CF0000FD0FF2C11D00120A24200D070BDB54210
:100D0000FCD18B420DD0002AF8D12800451EA84105
:100D1000F4E70120002DF1D1EBE70120002EEDD109
:100D2000E9E70020EAE7C04670B54A004E024502F6
:100D300044006D0A240EC30F760A120EC90FFF2C51
:100D400015D0FF2A0ED0002C15D1002A01D1002E7B
:100D50001CD0002D14D08B4227D00220013B18401C
:100D6000013870BD002EEED002204042F9E7002D80
:100D7000FAD1FF2A0ED0002A0ED1002EEDD00BE0C2
:100D800001230139994308000130EAE70020002DD2
:100D9000E7D0E2E7002EE7D18B42DED1944205DDB9
:100DA0000221581E08400138DBE70024A24204DC7F
:100DB000B542D2D80020B542D3D2581E0123984361
:100DC0000130CEE730B5420044024D02C30F480067
:100DD000640A120E6D0A000EC90FFF2A12D0FF28F6
:100DE0000CD0002A12D1002819D1002D17D1002CC7
:100DF0002BD00220013B1840013826E0002DF0D016
:100E0000022022E0002CFBD1FF281FD000281FD198
:100E1000002D1DD10220013B1840013815E0002CA7
:100E20000ED08B42E5D10022904204DCAC42E0D8E7
:100E30000020AC4209D2581E01239843013004E03F
:100E40000123013999430800013030BD002DD7D16D
:100E50008B42CED18242E7DD0221581E0840013884
:100E6000F3E7C046F0B54E4657464546DE46E0B588
:100E700043025B0A450083B00F1C99462D0EC60F36
:100E8000002D57D0FF2D24D08020DB00C004184354
:100E9000002381469A469B467F3D7C027A00FB0FE9
:100EA000640A120E984623D0FF2A4BD0E300802418
:100EB0000020E4047F3A1C43AD186B1C47460193A5
:100EC000534677403A000F2B48D87D499B00CB58BA
:100ED0009F46002B00D085E008339A46063B9B4690
:100EE0007C027A00FB0FFF25640A120E9846DBD1C4
:100EF000002C00D090E0524601231A439246012074
:100F0000DBE74C4658461700022824D0032800D1BE
:100F1000CFE00022002301284DD15802D205400A1B
:100F2000FF071043384303B03CBC90469946A246A5
:100F3000AB46F0BD002B5BD104239A46033B002552
:100F40009B46AAE7FF35002C60D1524602231A4384
:100F500092460220B1E7FF220023DEE74B461B0C3E
:100F60009C464B462604360C180461463300220C7E
:100F70006446000C43434E435043544380191A0CBB
:100F80001218964203D9802149028C4664441B04FE
:100F90001B0C1004C01883015E1EB341800E184361
:100FA000130C1B199B0103431C00230179D501235A
:100FB00062081C401443019A7F32002A4DDD63070A
:100FC00004D00F232340042B00D00434230103D585
:100FD0003C4B019A1C408032FE2ABCDCA3015B0A18
:100FE000D2B29AE70C239A46093BFF259B4654E769
:100FF000180002F007F84A46431F76259A4000235E
:101000006D4291462D1A9A469B4646E75246032367
:101010001A439246032050E7200001F0F3FF431FDC
:101020002D1A9C40763D002047E780230027DB03F4
:10103000FF2272E7424666E74C463200584662E7B6
:1010400080234A46DB031A4222D01C4220D123438C
:101050005B025B0A4746FF225FE701239A1A1B2ABD
:1010600021DC23000199D3409E318C401A002300DB
:101070005C1EA34113435A0704D00F221A40042ACE
:1010800000D004335A0111D49B015B0A002244E7CB
:1010900080234A46DB0313435B025B0A3700FF22CF
:1010A0003BE7019587E70022002336E70122002372
:1010B00033E78023DB0323435B025B0AFF222CE739
:1010C000E8CC0008FFFFFFF7F8B54746CE464400DE
:1010D000C20F80B547024802400A8446664648006F
:1010E0007F0A240EF60025009046FB00000EC90F73
:1010F000B146FF2800D185E001267140261A9142B1
:1011000057D0002E43DD002800D07FE0494600295B
:1011100000D1AAE0013E002E00D0F7E05B1A5A0190
:1011200000D48BE09B019C09200001F06BFF053887
:101130008440854200DDD3E0451B2300202001359B
:10114000EB40451BAC40621E94412343072400251D
:101150001C40012241460A40002C04D00F211940B6
:10116000042900D00433590100D480E00135ECB2E9
:10117000FF2D00D0A3E0FF2400235B02E405580A02
:10118000D207204310430CBC90469946F8BD002E70
:1011900074D1601CC0B2012800DCA7E04A469C1A4A
:1011A000620100D5B6E0002CBED10022002400234D
:1011B000E3E7002E00DC85E0002846D0FF2C49D074
:1011C00080224846D2041043814601221B2E09DCAE
:1011D00020204C46801B84404A462000F240441E9A
:1011E000A04102439B185A0128D50135FF2D00D19B
:1011F000A8E00122072494491A405B080B401343DE
:101200001C40A6E7002E00D078E775E7FF2C54D0ED
:1012100080224946D2041143894601221B2E09DC53
:1012200020214846891B88404A460100F240481E5A
:1012300081410A439B1A5A0100D573E701224146B6
:101240000A40590700D089E711E04846002858D1E4
:10125000FF2C0CD1DB08002B00D18CE78020C003D1
:1012600003435B025B0AFF2487E7FF2C25D0DB08E2
:10127000FF2DF0D05B025B0AECB27EE7002C4DD074
:10128000FF2818D08024E404724223431B2A00DD87
:10129000C4E01C002025D440AA1A93405A1E934152
:1012A00023434A460500D31A884638E7721CF8D013
:1012B000F243FF28EAD10A004B46FF25D7E79B01FE
:1012C0005B0A5AE7002E41D1651CE9B2012945DDD0
:1012D000FF2D00D14FE707244B445B081C4038E743
:1012E00007225A4B2D1A2340144032E7002C1DD1FF
:1012F000002B7AD14B46002B00D191E00A0000254B
:10130000B5E7013E002E19D14B446CE7FF2C84D188
:10131000FF25ACE74A468846D41A05E7002BC5D11D
:101320000A00FF28C8D005004B46A0E7002B49D192
:101330004B46002B77D00A00FF2598E7FF2C00D002
:1013400043E787E70A00FF24002316E7002C15D1A6
:10135000002B57D1FF28E6D14B467BE7002C20D14C
:10136000002B57D04946002953D04B445A0168D529
:101370000724364A1C4001251340EAE6FF28EBD03B
:101380008022D204764213431B2E53DC2025AD1B52
:101390001A00AB40F2405C1EA34113434B440500CE
:1013A00021E7002BD8D04946002900D152E78021FF
:1013B000C9030F4200D14DE76046084200D049E71B
:1013C0004B4647E74846FF25002800D14FE78022DB
:1013D000D203174204D06046104201D14B468846E2
:1013E00001224146FF250A4041E7484600281FD018
:1013F0001A1A500120D54A460724D31A1C408846A1
:101400000025A6E6741CC9D0F643FF28BCD14B4684
:1014100020E799464B460025DB082BE7012340E7F0
:1014200000220023A9E680230022DB03FF24A4E698
:1014300000251CE70123B1E7002AF1D013000025A5
:10144000FCE60025FAE6C046FFFFFF7DFFFFFFFB3D
:1014500042024B0240004900520A5B0A090E000E8C
:10146000FF2806D00020FF2902D11800431E984112
:101470007047FE38002AFBD1F4E7C0464102420023
:10148000C30F490A120E00207E2A0DD99D2A0CD8BE
:10149000802000040143952A0ADC9620821AD1405C
:1014A0004842002B00D108007047034A9818FBE718
:1014B000963A9140F4E7C046FFFFFF7F70B50028E1
:1014C0003DD0C317C5185D40C40F280001F09AFD38
:1014D0009E22121A962A07DCD2B2082833DD083879
:1014E00085406802400A23E0992A0BDD0523290084
:1014F0001B1AD94003001B339D402B005D1EAB41DE
:1015000019430D00052801DD431F9D402B000F49A5
:101510000B406E0709D00F263540042D05D004334B
:101520005D0102D59F220B40121A9B01580AD2B2CC
:101530004002D205400AE4071043204370BD002456
:1015400000220020F4E76802400AF1E7FFFFFFFBFA
:1015500070B5041E34D001F055FD9E22121A962A51
:1015600007DCD2B208282EDD083884406002400A29
:1015700021E0992A09DD030021001B3399404B1E0D
:10158000994105231B1ADC400C43052801DD431F4C
:101590009C4023000D490B40650709D00F252C40C6
:1015A000042C05D004335C0102D59F220B40121A93
:1015B0009B01580AD2B24002D205400A104370BDC6
:1015C00000220020F7E76002400AF4E7FFFFFFFB7C
:1015D000F0B54F464646D6460C000903C0B5490A49
:1015E000470F5E0039431F03DB0F9C4665007B0AF3
:1015F000570F1F436D0DE40F760DA146C000B8468E
:10160000D200AB1B64457BD0002B5FDD002E00D0E9
:10161000A4E03E00164300D112E15E1E002E00D071
:101620009EE1871A4346B84280410125C91A4042CB
:10163000091A0B0200D431E149024E0A002E00D1F2
:101640006EE1300001F0DEFC0300083B1F2B00DDE3
:1016500061E120223900D21A9E40D1409F400E43C2
:101660009D4200DD51E15D1B6B1C1F2B00DD7CE109
:101670002021C91A3D0030008F408840DD40791E8E
:101680008F41310007222843D940002507433A40C3
:10169000002A09D00F233B40042B05D03B1DBB4241
:1016A000BF417F42C9191F000B0200D426E26A1C09
:1016B000C64B55056D0D9A4200D106E1C44AFF089C
:1016C0000A40530752023B43120B8EE0002B00D01E
:1016D000B8E06B1C5B055B0D012B00DC30E1871A69
:1016E0004346B842B641CB1A76429E1B330200D520
:1016F0004CE13B003343A1D100220024002570E0DF
:10170000002B00DCE5E0002E00D183E0AF4EB542B7
:1017100060D0802636043743B846382B00DC3EE1E3
:10172000434613431F007A1E97413F18874280416A
:10173000404209180B0200D4B0E0A44B01359D4291
:1017400000D1C3E0A24A7B080A4001210F401F4399
:101750005108D30707221F433A4099E79B4EB542F1
:1017600038D0802636043743B846382B00DDDCE01D
:101770001F2B00DC30E11E004746203EF740BC46F0
:10178000202B04D04026F31A46469E4032431700D1
:1017900063467A1E97411F43CCE0002B00D104E240
:1017A0004346134300D159E14B07C0081843802337
:1017B000C9081B03194208D04546ED081D4204D153
:1017C0004346D008590708432900420FC9007F4DFE
:1017D0001143C0004B07CA087C49C00803438D422F
:1017E00068D012036D05120B6D0D00211203180055
:1017F000130B0A0D12051A43764B2D0513402B438C
:101800005B00E4075B08234319001CBC9046994623
:10181000A246F0BD3E00164312D05E1E002E00D040
:1018200000E1871887428041414440420918012560
:101830000B0233D5022585E764463300414610008C
:101840001D00C7E7002D00D0DAE00C000443F3D000
:101850005C1C00D19FE15D4CA64200D12FE1DB432F
:10186000382B00DD66E11F2B00DD83E1202405001D
:10187000E41A0F00DD40D940A0404346A7405B1A60
:10188000441EA04198462F433843171ABA4292414A
:1018900043465242991A64463500CAE607223A4046
:1018A000002A00D0F6E64B07CA084849FF083B4328
:1018B0008D4296D11900114300D19EE18021090388
:1018C0000A431203120B414D8FE71500002200233B
:1018D0008BE7002B00D0C7E06B1C5F057F0D012F4D
:1018E00000DCF1E0394DAB4200D1B9E085180A00C7
:1018F000854289414244494251180722CF076D0869
:101900002F4349083A401D00C2E607223049ED1A2C
:1019100031403A40BCE63E002838864000279FE62A
:10192000380001F06FFB20308EE6434613431F0062
:101930007A1E9741C71BB84280414042091A78E697
:101940000E003B0006431343002D61D1002E00D052
:10195000F4E0002B00D11BE164463900100039E7A8
:101960001A4FBB427AD03300FFE630001F3DE840FB
:10197000202B03D04021CB1A9E4037437B1E9F4132
:10198000072207433A400021002589E7171A4346FA
:10199000BA42B641591A76428E1B64464EE61F2B58
:1019A00000DDADE020264746F61AB740B9461700DD
:1019B000B246DF404E463E4337005646B240561EC2
:1019C000B24117434246DA408918AEE6FF070000ED
:1019D000FFFF7FFFFFFF0F8020264746F61AB74024
:1019E000B9461700B246DF404E463E4337005646E2
:1019F000B240561EB24117434246DA40891A99E76F
:101A00007F4CA6425BD0802424045B42214327E71D
:101A1000002E0CD1002B00D1CBE064463900100021
:101A2000774DD7E6764FBB4218D0330075E6002BD2
:101A300014D04B07C00818438023C9081B03194260
:101A400007D0FC081C4204D17907D0080843E146BE
:101A500021004C46420FC9001143C000684DB9E651
:101A60001D0000220023C0E6002D5BD10D000543C0
:101A700000D1E2E65D1C00D1B0E0614DAE421FD066
:101A8000DB43382B71DC1F2B00DD96E020250F0097
:101A9000ED1AAF40B9460700AA46DF404D463D4328
:101AA0002F005546A840D940451EA8418844074309
:101AB000BF18974292415142414435003AE664468C
:101AC00035004146100085E60B000343002D00D091
:101AD00063E6002BF5D04346134300D17AE687181E
:101AE0008742804107224144404209183A400B0294
:101AF00000D4D5E6434B01351940C9E5380069E605
:101B00001E004746203EF740BC46202B04D040260E
:101B1000F31A46469E403243170063467A1E9741A9
:101B20001F4302E6364DAE42CAD080252D045B42EB
:101B30002943A6E70843411E8841A6E6002B00D1B1
:101B400048E6871A4346B842B641CB1A76429E1BF6
:101B500033024BD5171A4346BA429241591A5242A0
:101B6000891A072264463A4092E501430F00791E24
:101B70008F419DE71C000F00203CE740202B03D045
:101B80004024E31A99400843411E884138437CE6CB
:101B90000022002425E6171A4346BA429241591AF8
:101BA0005242891A6446350043E541461000144DFF
:101BB00010E680220024120380E61D000F00203D65
:101BC000EF40BC46202B03D04025EB1A9940084338
:101BD00007006346781E87411F4369E787189742CD
:101BE0009B4141445B42C9183500A3E53B003343A8
:101BF000CED0072231003A4052E600231A00F4E525
:101C0000FF070000FFFF7FFFF0B55746DE464E4658
:101C10004546E0B5834607000E03480085B092466E
:101C20001C00360B400DCD0F002800D19DE0954BD8
:101C3000984239D08023F6001B041E43924A7B0F42
:101C400033439946944603006344009300230026DF
:101C5000FF00029323031B0B98466300E40F5246D8
:101C60005B0D019400D1B3E086498B4200D19EE028
:101C70004246D100802212040A435146490F1143C3
:101C80008B46814952468C4600996344CB1A002109
:101C9000D20000932B0063409A460F2E00D905E135
:101CA0007A4BB6009B599F465B463343994600D01A
:101CB000B8E002230826002700900293CAE7CB462B
:101CC0003A0002990195019B9A46022927D00329DF
:101CD00000D180E2012944D06D49009B8C466344C9
:101CE0001C00002C38DD530700D013E2D2085B46FD
:101CF000DB0109D55946674B19408B468021C90045
:101D00008C46009B63441C00634B9C4207DC5B4693
:101D100064055F075B0217431B0B620D02E00023A3
:101D20000027584A00211B031C0B0B0D1B052343E6
:101D300014055A4A380013401C4353466400DB071D
:101D400064081C43210005B03CBC90469946A2465D
:101D5000AB46F0BD0122524201231B1B382B00DC95
:101D6000ADE1002200230027DCE75B4633439946C0
:101D70005ED0002E00D18AE1300001F043F903006B
:101D80000B3B1C2B00DD7BE11D22D31A5A460100C0
:101D9000DA4008398E4013005F46334399468F403E
:101DA0003F4B00261B1A00930023029352E7414643
:101DB00053460B433B499B468C46009B6344009330
:101DC0005B46002B3BD1022300221E43022161E728
:101DD000434613439B4637D04346002B00D162E174
:101DE000404601F00FF903000B3B1C2B00DD53E1D3
:101DF00002004146083A914088461D21CB1A5146BF
:101E0000D9400B0041460B439B46534693401A0072
:101E1000009B25499C46604403008C466344009324
:101E2000002137E70323B14600900C26029311E707
:101E30000023009301330426002702930AE70323BB
:101E4000C3461E43032125E701331E43002201211F
:101E500020E700239A46802300271B03094A61E7F5
:101E6000802349461B03194200D1E2E0594619423A
:101E700000D0DEE00B431B0317001B0BA246014AF8
:101E800050E7C046FF07000001FCFFFF28CD000817
:101E9000FF030000FFFFFFFEFE070000FFFF0F80B3
:101EA0000DFCFFFF01F8FFFFF3030000D94500D947
:101EB000CBE000D1C6E03C0048460027009B013B38
:101EC00000935B46160E1B021E4313029846330412
:101ED0001B0C9946310C0191FEF79CF94A4642438E
:101EE0000B04210C050019438A4207D98919013DC9
:101EF0008E4203D88A4201D9851E8919881A019910
:101F0000FEF788F909048C464A4621046446424398
:101F1000090C030021438A4204D98919013B8E42EE
:101F200000D8F1E02D041D43AB464346891A4246D2
:101F3000280C12041D0C5B46140C22001B041B0C05
:101F40005A4303946B434443029568431B19150C91
:101F5000EB189C4203D980246402A44660441C0C04
:101F600015041B042D0C20185D19814277D373D002
:101F70000C1AA24A7D1BAF42BF419446009B7F4290
:101F80006344E01B1C00864200D1DBE00199FEF7B0
:101F900041F94A4642430B04290C070019438A427F
:101FA00007D98919013F8E4203D88A4201D9871E79
:101FB0008919881A0199FEF72DF909044A468946BC
:101FC00029044D464243090C030029438A4207D99C
:101FD0008919013B8E4203D88A4201D9831E89198F
:101FE0003F04891A3A00039F1A43380013041B0C5C
:101FF000584381460298150C6F4343434543484676
:10200000000C8446DB1963449F4203D980204002C0
:102010008446654448461F0C00041B04000C7D19CF
:102020001818A94200D284E000D17FE001231A43AE
:1020300057E680234A461B0313431B031B0BAA4688
:102040006F4A6FE6BA4200D935E74B46DC075808BD
:102050007B081C43FF0734E70024AF4289D2474482
:102060004745A4415B466442A4196418013BA6425B
:102070001ED2A0426DD800D1B6E0241A9B4678E764
:1020800003005A46283B9A400027914688E6584666
:1020900000F0B8FF203072E603005246283B9A4019
:1020A00093460022B4E6504600F0ACFF20309AE69A
:1020B000A642E2D1B845DCD9341A9B4659E71F2B1A
:1020C00065DC504C0099A4465C46614408008C4095
:1020D00011008240D940501E82410C4314435A469D
:1020E000DA401300620709D00F222240042A05D0EB
:1020F0002200141D9442894149425B181A0262D59C
:102100000122002300270DE68A4200D80AE7831E39
:10211000891907E70F231340042B00D1E6E5171DAB
:102120009742924153429B44FA08E0E5002800D1CF
:10213000D7E57118531EB14227D3A94215D358D001
:102140001A0073E7002B00DC04E6012300229B4405
:10215000CDE502234744474589415B429C464942BD
:1021600089190C19E344241A03E743465F004745E5
:102170009B41B8465B429E19023A8919A94200D098
:1021800054E7404500D051E7ABE51A00F6E71F21C0
:102190005F4649420C1BE740202B07D01A49009BA1
:1021A0008C46634418005B4683401A43501E8241AC
:1021B0003A4307270023174009D00F21002311407D
:1021C0001400042995D122005F075B021B0BD20883
:1021D00017430022A6E5802359461B030B431B032C
:1021E00017001B0B064A9DE5BD42B2D89B46002452
:1021F000BFE68045B9D31A00C3E7C046FF0300001D
:10220000FF0700001E0400003E040000F0B5574622
:10221000DE464E464546E0B5834606000F034800BD
:1022200087B092461D003F0B400DCC0F002800D117
:102230006FE0DE4B984238D08023FF001B041F4321
:10224000730F3B430193DA4B0027994600239B46CB
:10225000F60081442B0369001B0B52469846490D3A
:10226000ED0F002900D185E0D04B994200D173E0F9
:102270004346DA0080231B0413435246CC48520FD6
:1022800084461343524600206144D2008944210011
:10229000694000918C46012149448A460F2F00D99C
:1022A00090E0C449BF00CF59BF465B463B43019312
:1022B00000D06AE102230827002681469B46C9E731
:1022C00032005846019B61460091022800D175E01A
:1022D000032800D1FEE1012800D02CE100230027D3
:1022E000002600253F032A0D3F0BB34812053A4351
:1022F00002401B051343009A5B00D1075B080B43A8
:102300003000190007B03CBC90469946A246AB4647
:10231000F0BD5B463B43019300D12FE1002F00D17C
:10232000A5E1380000F06EFE03000B3B1C2B00DD26
:1023300096E11D22D31A5A460100DA405E4608395A
:102340008F4013008E403B4301939C4B00271B1A88
:10235000994600239B467DE7414653460B439349EC
:102360008C46E144002B00D01AE1022202201743E0
:1023700000228CE7134300D10DE14346002B00D12E
:1023800081E1404600F03EFE02000B3A1C2A00DDCF
:1023900072E10100434608398B4098461D239A1A82
:1023A0005346D3401A004346134352468A40494697
:1023B000081A824989468144002068E77B4B002740
:1023C00000268EE7140C1204120C1100370C360490
:1023D000350C794328008C462E00604360448346C8
:1023E00056432100300C80465846794340440291C0
:1023F000844506D98846802149028C46E0444146FE
:1024000002913604010C360C00048B4681191E0C17
:102410001B041B0C0391190079438C46280075435B
:102420006544A8465843050C45447743A94203D95F
:10243000802149028C466744290C8C4639000004EF
:10244000000C2D042D186144AB44059159460491AC
:1024500001990F043F0C080C390051434243904648
:1024600002008C46090C8B4662437C4344445C4426
:10247000A04503D98021490288464244210C884660
:1024800061460904090C8C463900594343437043A3
:102490007E430F0CF6182404BE19644442448C4653
:1024A000B34203D980235B0298464044029B6146B5
:1024B0009846049B370443449B46AB45AD416B4271
:1024C0000D0405992D0C8C467F196744FD18A8460C
:1024D0005D462D19A542A44193466442A446C344D7
:1024E000DC448F42BF4198459B4193459241A445AE
:1024F000A4415B427F421F43360C52426442BF19E3
:102500002243BF18624638184302D20D0399134381
:102510006A020A43501E82416146ED0D2A434E0273
:102520003243D90100D4B3E00126500832400243BF
:10253000DE0732435B08224C5444002C62DD510715
:1025400009D00F201040042805D0101D9042924160
:1025500052429B180200D90104D580241948E40096
:10256000034054441848844200DD27E75E075B02BD
:10257000D2081F0B630516435B0DB2E60023994694
:102580000133042700269B4664E603230197814616
:102590000C279B465EE6012201201743002276E6C7
:1025A000032303201F43434671E6C046FF07000094
:1025B00001FCFFFF68CD0008FFFF0F800DFCFFFF4F
:1025C000FF030000FFFFFFFEFE070000002380273F
:1025D00000933F030026434B83E6019B3200A44651
:1025E000584670E6AC466EE6802701993F033942B3
:1025F0002DD03B422BD11F433F033F0B00951600CC
:10260000384B6EE601252D1B382D00DD66E61F2DAB
:1026100040DC35481C005044160082408440EE40A7
:10262000501E824134431443EB40620709D00F220D
:102630002240042A05D02200141D944280414042C9
:102640001B181A023ED501230027002649E68027E1
:10265000019B3F031F433F033F0B0094214B40E688
:1026600003005A46283B9A40002601926DE65846E0
:1026700000F0C8FC203057E603005246283B9A4041
:102680001300002293E6504600F0BCFC20307BE6AD
:10269000CA4650E71F201E004042041BE640202D82
:1026A00003D0124C5444A3401A43501E824132437B
:1026B00007260027164009D00F20002310401400E1
:1026C0000428B9D122005E075B021F0BD208164313
:1026D000002306E680273F031F433F033F0B1600FE
:1026E000004BFEE5FF0700001E0400003E04000052
:1026F000F8B557464E464546DE460C000903E0B5A0
:10270000490A460F5F0031431E03DB0F760A9B46E2
:10271000530F3343C84E6500C000E40FD2006D0D67
:10272000A24681467F0D9C469046B74200D1B9E053
:102730005B46012673409B46EE1BA34500D183E018
:10274000002E63DD002F00D0B1E06346134300D1BB
:1027500023E1731E002B00D0BAE1861A6346B04213
:1027600080410125C91A4042091A0B0200D447E1F1
:1027700049024B0A98464346002B00D189E1404666
:1027800000F040FC0300083B1F2B00DD7CE1202211
:102790003000D21A4146D040994002009E400A4380
:1027A0009D4200DD6AE15D1B6B1C1F2B00DD94E187
:1027B000202110003500C91A8E40DA408840DD40E3
:1027C000711E8E4111000722284300250643324026
:1027D000002A09D00F233340042B05D0331DB34208
:1027E000B641764289191E000B0200D43DE26A1CF4
:1027F000914B55056D0D9A4200D119E18F4AF608AB
:102800000A40570752023743120B9BE0002E00D0BC
:10281000C5E06E1C7605760D012E00DC48E16746AA
:10282000861ACB1BB042BF417F42B8461F004346C9
:10283000FF1A3B00B8461B0200D55FE137439AD12F
:1028400000220024002579E0002E00DCFAE0002FB1
:1028500000D18DE0784B9D4267D0802367461B04F2
:102860001F43BC46382E00DC52E1634613435A1E18
:1028700093411E1886428041404209180B0200D441
:10288000BEE06D4B01359D4200D1D2E06B4A73082A
:102890000A4001210E401E435108D30707221E4360
:1028A000324095E71E00164300D045E740E7624BF3
:1028B0009D423AD0802367461B041F43BC46382EF6
:1028C00000DDEBE01F2E00DC3AE133006746203BE1
:1028D000DF403B00202E05D04027BF1B6646BE4090
:1028E000324390464646721E96413343DAE0002B4F
:1028F00000D114E26346134300D168E180234E0700
:10290000C008C9081B030643194208D06046C00826
:10291000184204D163460100D2085E071643F30053
:102920009946C900720F444D11434B46DE08424B95
:102930004F073743CA089D4200D16EE012036D0570
:10294000120B6D0D00211203130B0A0D12051A4311
:102950003B4B2D0513402B435B00E4075B082343EF
:10296000380019003CBC90469946A246AB46F8BDDB
:102970006346134311D0731E002B00D007E1861865
:102980008642804161444042091801250B0237D537
:1029900002257BE73E00614691463500C5E75C466F
:1029A000002D00D0E1E00B000343F3D0731C00D1F5
:1029B000ACE1214B9F4200D13AE1F343382B00DDDB
:1029C0006FE11F2B00DD8CE120250E00ED1AAE40DB
:1029D000B0460600AA46DE40454635432E00554621
:1029E000D940A8406346451EA8415B1A9C46304327
:1029F000161AB242924163465242991A3D00B4E619
:102A000007223240002A00D0E4E60B4BF6084F07BD
:102A10003743CA089D4200D090E73B00134300D1E2
:102A2000A6E180231B031A431203120B024D89E710
:102A300015000022002785E7FF070000FFFF7FFF4A
:102A4000FFFF0F80002E00D0C7E06B1C5E05760DE7
:102A5000012E00DCF0E0C84DAB4200D1B9E0851892
:102A60000A00854289416244494251180722CE0733
:102A70006D082E43490832401D00A9E6BF49ED1AF2
:102A8000114007223240A3E6320028388240002657
:102A900086E6300000F0B6FA203073E66346134352
:102AA0005A1E9341C61AB04280414042091A5CE660
:102AB0000E00674606431743002D5ED1002E00D05E
:102AC000F3E0002F00D11EE15C46614691462CE701
:102AD000A94FBE427BD01E00F1E610001F3DE8402A
:102AE000202B03D04021CB1A9A401643731E9E41DF
:102AF0000722064332400021002583E7161A634669
:102B0000B2428041591A40420B1A98465C4632E65E
:102B10001F2E00DDABE02027BB1B9A4663465746BD
:102B2000BB40994613004F46F3401F433B005746B6
:102B3000BA40571EBA4113436246F240891898E6DC
:102B40002027BB1B9A4663465746BB409946130055
:102B50004F46F3401F433B005746BA40571EBA4109
:102B600013436246F240891A9CE7834B9F425FD031
:102B700080252D047342294320E7002E0CD1002F1D
:102B800000D1D0E05C46614691467B4DCDE67A4F60
:102B9000BE421CD01E0065E6002F18D0C0084E07AC
:102BA00006438020C9080003014208D06346DC08C0
:102BB000044204D12100DA46D2085E071643F3002E
:102BC000994601245346C900720F11431C406A4DB7
:102BD000ABE61D0000220027B4E6002D59D10B0002
:102BE000034300D1D6E6731C00D1B2E0624B9F4292
:102BF0001ED0F343382B6FDC1F2B00DD97E0202520
:102C00000E00ED1AAE40B0460600AA46DE4045462C
:102C100035432E005546A840D940451EA8418C4456
:102C20000643B61896429241514261443D0025E662
:102C30003D006146914678E60B000343002D00D02D
:102C400055E6002BF5D06346134300D16DE6861898
:102C50008642804161444042091800220B0200D4A0
:102C6000D0E6464B01351940B2E5B1465DE633008A
:102C70006746203BDF403B00202E05D04027BF1B8E
:102C80006646BE40324390464646721E96413343E6
:102C9000EFE5394B9F42CBD080252D047342294369
:102CA000A8E70843411E8841A2E6002F00D13CE678
:102CB0006346861ACF1AB0429B415B42FB1A984684
:102CC0001B024ED5161A6346B2429241591A52421D
:102CD000891A5C4600227BE501430E00711E8E417D
:102CE0009FE71D000E00203DEE40B046202B04D093
:102CF0004025EB1A99400843814648464346411E09
:102D00008841184374E60022002417E6161A634629
:102D1000B2429241591A5242891A3D0025E5614654
:102D20009146154D01E680220024120379E61D002C
:102D30000E00203DEE40B046202B04D04025EB1A7B
:102D40009940084381464E464346711E8E411E43BC
:102D500067E7861896429B4161445B42C9183D0073
:102D60008CE547463743CED007224146324049E6FC
:102D700000273A00E6E5C046FF070000FFFF7FFF9F
:102D800070B500282DD0C317C5185D40C40F2800AA
:102D900000F038F9154B1B1A5B055B0D0A2815DD91
:102DA0000B38854000222D032D0B002110002D0330
:102DB0000A0D2D0B12052A430D4D1B052A40134306
:102DC0005B00E4075B082343190070BD0200290083
:102DD000153291400A000B21081AC5402D032D0B16
:102DE000E3E70024002300250022DEE71E040000A4
:102DF000FFFF0F8010B5041E25D000F003F9144B1F
:102E00001B1A5B055B0D0A2812DD0B38844000227B
:102E10002403240B0021100024030A0D240B1205A7
:102E200022430C4C1B05224013435B00590810BD84
:102E300002002100153291400A000B21081AC440FB
:102E40002403240BE6E7002300240022E2E7C04627
:102E50001E040000FFFF0F804100090E4B1C70B5DF
:102E6000DBB24602750AC40F012B14DDE0239B0080
:102E70006D07360BCB1800210A0D280012051C4DDA
:102E800032435B052A405B0813435B00E4075B08A1
:102E90002343190070BD002914D1002D1ED0280035
:102EA00000F0B0F80A281CDC0B232A001B1ADA40B9
:102EB000030015339D400F4B12031B1A5B05160BC5
:102EC0005B0DD8E7002D06D0320B802636036D0748
:102ED0001643094BCFE7084B0026CCE7002300261A
:102EE000C9E703002A000B3B9A400025E3E7C046F0
:102EF000FFFF0F8089030000FF070000F0B54C00C2
:102F0000640D0B03621C5B0A460F5205C90F1E437A
:102F1000C500520D012A29DD374BE718FE2F1CDCB6
:102F2000002F3BDD8001431E98410722F3006D0F07
:102F300003432B431A40002A04D00F221A40042ACC
:102F400000D004338022D2041A4024D00137FAB2D0
:102F5000FF2F02D09B01580A01E0FF22002040020F
:102F6000D205400AC90710430843F0BD3543002C81
:102F700004D1002D0AD100220020F0E7002DECD072
:102F80008020C0033043FF22E9E7002400235B02D6
:102F9000580AE2B2E3E7DB083C00F8E73B001733EE
:102FA000F3DB80231B0433431E26F61B1F2E14DD88
:102FB00002225242D71B1A00FA401700202E04D0DA
:102FC0000E4A94466444A3401D432B005D1EAB4152
:102FD00007223B431A400027ADE7094A2800A21800
:102FE000954093406C1EA541F04007222B430343BC
:102FF0001A4000279FE7C04680FCFFFFA2FCFFFFAE
:1030000082FCFFFF1C2101231B04984201D3000C0A
:1030100010391B0A984201D3000A08391B0998424B
:1030200001D30009043902A2105C40187047C04661
:103030000403020201010101000000000000000081
:1030400010B5002903D1FFF7DDFF203002E0081C96
:10305000FFF7D8FF10BDC04670B500220C4B04002E
:103060000D0000F081F8002804D12000290000F0B4
:1030700011F870BD064B002220002900FFF738FB35
:1030800000F008F880231B069C466044F1E7C04628
:103090000000E04130B5144D0A034B00120B5B0DEC
:1030A000C90F0024AB4211DD104CA34210DC802478
:1030B000640322430E4CE41A1F2C0CDD0D48C31A86
:1030C000DA4013005C42002900D11C00200030BD12
:1030D000094BCC18FAE7094DE040AC4663449A40EE
:1030E00013000343EEE7C046FE0300001D0400008A
:1030F0003304000013040000FFFFFF7FEDFBFFFF20
:103100008446101C62468C46191C634600E0C0468B
:103110001FB500F0D3F8002801D40021C8421FBD1C
:1031200010B500F02BF84042013010BD10B500F092
:10313000C5F8002801DB002010BD012010BDC046ED
:1031400010B500F0BBF8002801DD002010BD012003
:1031500010BDC04610B500F04DF8002801DC00207D
:1031600010BD012010BDC04610B500F043F8002886
:1031700001DA002010BD012010BDC046F0B54F4659
:103180004646D6468446C0B58046194E18030F03FE
:103190004D00000B5C0082463F0B6D0DC90F914640
:1031A000640DDB0F0120B5420AD0B44203D0A54222
:1031B00001D157450CD01CBC90469946A246F0BDA3
:1031C00066463E43F7D1AC42F5D154461443F2D1A2
:1031D0000120C845EFD1994207D0002DEBD16346BD
:1031E0001F433800471EB841E5E70020E3E7C0462B
:1031F000FF070000F0B54F464646D6464D00C0B525
:103200000E03C90F8A462C491F035C008046360B0B
:103210006D0D91463F0B640DDB0F8D421ED08C422D
:1032200016D0002D1ED130438446002C01D13A43E4
:1032300023D06246002A1AD09A4529D0514602204E
:103240000139084001381CBC90469946A246F0BDA1
:1032500039001143E5D002204042F4E73043FAD16F
:10326000AC420FD0002C0FD13A43E7D00CE0012242
:10327000013B934318000130E5E763460020002B33
:10328000E1D0DBE73A43E6D19A45D7D1A542D5DC78
:10329000A54205DBBE42D1D808D00020BE42D2D222
:1032A00050460123013898430130CCE7C845C5D8C2
:1032B0000020C845F4D3C6E7FF070000F0B54F462D
:1032C0004646D6464D00C0B50E03C90F8A462E4964
:1032D0001F035C008046360B6D0D91463F0B640D5D
:1032E000DB0F8D4218D08C4211D0002D18D1304305
:1032F0008446002C1ED13A431CD163460020002B8B
:1033000030D0514602200139084001382AE0390006
:103310001143EAD0022025E03043FBD1AC4226D055
:10332000002C26D13A4324D15146022001390840CD
:10333000013817E06246002A0FD09A45E1D1A54234
:1033400005DBBE42DDD819D00020BE420AD250466D
:10335000012301389843013004E00122013B9343EB
:10336000180001301CBC90469946A246F0BD3A4375
:10337000D0D19A45C5D1A542C3DCE0E7C845C0D845
:103380000020C845E3D3EDE7FF0700000023C25C3F
:103390000133002AFBD1581E7047000002B4714669
:1033A00049084900095C49008E4402BC7047C04688
:1033B00070B50C4E0D031C0349005B002D0B490D2D
:1033C000240B5B0DB14208D0064900208B4203D18B
:1033D00014432000441EA04170BD05430120002D70
:1033E000FAD1F1E7FF0700000378002B1CD0194B3E
:1033F0001B68194A92885A634378002B19D0154BE1
:103400001B68154A92889A638378002B16D0114B5B
:103410001B68114A9288DA63C378002B13D10D4BD5
:103420001B6800221A6470470A4B1B6800225A630B
:10343000E2E7084B1B6800229A63E5E7054B1B682F
:103440000022DA63E8E7034B1B68034A92881A6498
:10345000E9E7C046444200200402002010B50028DD
:1034600008D004220100054806F008FA0122034BA7
:103470009A7110BD0022014B1A60F7E70402002088
:1034800010B5054B9B79002B00D110BD02480023DD
:103490008371FFF7A9FFF8E704020020FF23181A41
:1034A000014B98807047C04604020020034B036024
:1034B00054330B60802313607047C0461002002015
:1034C00001238B40DBB2037043708370704770B58B
:1034D00004000E0002F0A8FA050002F0A5FA401B55
:1034E000B0420BD2022301223C21200003F094F8C9
:1034F000002804D0012002F09DFAEEE7032070BD01
:10350000884202D9401A01387047081AFCE70000C7
:1035100070B5554CAC235B00E5582900A06CFFF753
:10352000EFFFE36C984200D870BDA56420002930FD
:103530000422002106F0ABF93123E35C072B00D90C
:103540008AE09A0049498A589746474A2921FF202C
:103550005054013308315354C338C826B600FFF71E
:103560009DFF434C2000FFF779FFFFF789FF293CBF
:103570003125615D628E3F4806F0F0FD635D072BEB
:103580006DD0394BDE64CFE7374A2A21FF205054F3
:10359000013307315354C338C826B600DFE7324A37
:1035A0002B21FF205054013306315354C338C82611
:1035B000B600D4E72C4AFF212920115401301154C0
:1035C0000133CE3953540C38C826B600C7E7264A13
:1035D000FF212920115401301154013011540133BD
:1035E000CE3953540D38C826B600B8E71E4AFF211D
:1035F0002920115401301154013011540133CE39B6
:1036000053545530C826B600A9E7174A2C21FF208D
:103610005054013305315354C338C826B6009EE7D1
:10362000114C618EC9B220002930FFF749FF638E2B
:1036300001339BB26386032B03D03C20C82676005F
:103640008DE7094B00225A8631215A5C01325A54C7
:103650003C20C826760082E7002006007FE7024A69
:103660002A330021D1548CE7283C002090C5000863
:10367000513C0020A8CD000810B5072001F0B2FA97
:10368000012001F0E9FA01F0FBFA10BD70B5234BFF
:10369000AC225200995808329858FFF731FFFA23AC
:1036A0009B00984220D91D4AC1235B00D35C002BAC
:1036B0001BD01A4ABD235B00D35C012B20D0174BD3
:1036C000AC22520099580832995014329B5C002B5E
:1036D0001DD0124ABA235B000021D1540F4ABA23ED
:1036E0005B00D05C01F06AFA70BD140001258333E1
:1036F000FF33D55401F034FDBD235B00E554D8E71A
:103700007A33FF330021D154FFF7B6FFD7E7034ADE
:10371000BA235B000121D154E0E7C046283C0020D9
:1037200010B505F0D9FA044AAC235B00D050034829
:1037300003F0BAF810BDC046283C0020E841002044
:1037400070B5050003781C4CA37301781B4806F084
:1037500005FD69781A4806F001FD6B789B096370D6
:103760006B781B1103221340A3706B789B101A40D7
:10377000E2706B785B10012633402375A9781148FD
:1037800006F0ECFCAB78DB09E373AB789B113340BC
:103790002374AB785B111E406674AA781F23134014
:1037A000638205F099FAB6235B00E0506C3BFF3B67
:1037B00063810023E38370BD283C0020D4CD000842
:1037C000F0CD0008FCCD000810B5244C7C2200216F
:1037D000200006F05CF8043C7E232370703B63708D
:1037E000C233A3701E4BC92252009A5CE2700921B9
:1037F0006171A2712122E2719A7B22725A786272FF
:103800009A78A272DA78E2721B7D002B22D0802394
:103810005B42134A127C002A1ED100221343DBB202
:103820000F4A518A0B430F4C237398235B00D35AE2
:1038300063730D220121200001F076FDA0737F2328
:10384000E37310222100012001F000FD064806F07C
:1038500013FD10BD0023DCE74022DFE7A04000207D
:10386000283C00209C4000207CCE000810B50A486F
:1038700006F002FD094CFC220021200006F007F8AA
:10388000043C04220649200005F0F8FF2100022034
:1038900001F0C4FC10BDC046BCCE00085D3E002057
:1038A000D8CE000870B5050001000C4806F056FCA3
:1038B0000B4C802252000021200005F0E8FF2A0076
:1038C0000849200006F0E2FC2100022001F0A6FCDD
:1038D0002100054806F042FC70BDC04664D00008D7
:1038E000593E002088D0000820CF0008F0B5C64619
:1038F00000B584B005000291140013780A0001009D
:10390000D64806F02BFC412D4AD8AD00D44B5B596C
:103910009F46D44AC9235B00D35C029A93423FD1AD
:10392000D04A7C23FF330121D15439E02000FFF736
:1039300007FF2378CB4DAB7363789B096B7063787B
:103940001B1103221340AB7063789B101A40EA707E
:103950006278521001231A402A75A278D2096A753A
:10396000A27892111A402A74A278521113406B74F3
:10397000A2781F2313406B8205F0AEF9B6235B00DB
:10398000E8506C3BFF3B6B810023EB8301228133CA
:10399000FF33EA5421786278A378B34806F0DEFB5F
:1039A00004B004BC9046F0BDAE4AC9235B00D35CB2
:1039B000029A9342F4D12000FFF7C2FE2278A94B6D
:1039C0009A73627892095A706278121103210A4040
:1039D0009A70627892101140D97061784910012272
:1039E00011401975617811409976A178C909597506
:1039F000A178891111401974A17849110A405A74AB
:103A0000A1781F220A405A8201225A810022DA83B9
:103A100000218132FF32995421786278A37893484B
:103A200006F09CFBFFF7D0FEBAE76F1CE7193800E1
:103A3000FFF786FE8B4AC0235B000021D1543A7801
:103A40006419A378E17800913100894806F086FB7B
:103A5000A6E70023062BA3DC9D00665D8149C922F1
:103A600052008A5CB242E0D00133F3E723781B02B4
:103A7000617819437B4BC222520099520A329A5AFA
:103A8000914206D8511A774AC5235B00D1520027CC
:103A90000FE0784806F062FB724B00228221FF3172
:103AA0005A549A767E22FF328139FF39995477E74A
:103AB0000137A378BB4200DC72E7BBB29846DE0058
:103AC000B6B2331DE55C2D022DB2731DE35C1D43C0
:103AD000B31DE25C120212B2F31DE35C1A430392BF
:103AE0002900654806F03AFB5E4AC5235B00D35ABD
:103AF0009D42DDDC039A9A42DADD3000083020185E
:103B0000FFF71EFE574BC3225200414699529B7E3F
:103B1000012B00D044E7534BDB7E029A934209D13C
:103B2000504BC42252009A5AC52149005B5A9A420E
:103B300000D135E7514806F09FFB4A4BC5225200A1
:103B4000995A023A9952029ADA760122BF21490023
:103B50005A548221FF315A5422E72578414A8E2354
:103B6000FF33D5540022182A00DD19E7531CE35C0B
:103B70003C48C9214900415C994201D00132F2E739
:103B80005543ABB20400C720400023523C4806F026
:103B9000E5FA05E7334A8223FF33D35C002B00D1DB
:103BA000FEE6002322789A4200DCF9E62D49C32282
:103BB0005200895A580022185278914201D001339C
:103BC000F0E720188278274B9A812E4806F0C6FA33
:103BD000E6E6244AC9235B00D35C029A934200D0F4
:103BE000DEE605F079F81F4BB622520098501032ED
:103BF00001219954D4E6BFF34F8F234B234ADA6057
:103C0000BFF34F8FC046FDE72378002B05D0154A40
:103C1000BB235B000021D154C2E6124B00223121AC
:103C20005A545A867732FF3230399954B8E622789E
:103C30000C4B9A81B4E60B4AC9235B00D35C029A11
:103C4000934202D0FF2A00D0AAE62278054B9A764A
:103C50007E22FF3201219954A2E6C0469CD0000882
:103C6000B0C50008283C0020CCD000080CD10008CA
:103C700048D1000884D10008C4D10008E0D1000870
:103C8000FCD1000828D2000800ED00E00400FA058D
:103C90002278120263781343054D064C2B53FFF72D
:103CA000E5FD285BFFF7FEFDFFF7E0FD78E6C04687
:103CB000283C00202E02000010B50C004A6C412365
:103CC000CB5CDBB20100104806F048FA636C9B073E
:103CD00009D4636C5B070AD4636CDB070BD4636C99
:103CE0009B060CD410BD094806F0C6FAF1E7084857
:103CF00006F0C2FAF0E7074806F0BEFAEFE706481A
:103D000006F0BAFAEEE7C04650D5000870D50008B4
:103D10008CD500089CD50008ACD5000870B505000E
:103D20000B4806F0A9FA082401E00134E4B2772C2C
:103D30000CD8610005230222280002F06DFC002847
:103D4000F3D12100034806F009FAEEE770BDC04642
:103D5000B8D50008C8D50008F0B587B005000C003C
:103D6000002600200021029003910AE07700EF5F17
:103D70003A00FB1702980399801859410290039169
:103D80000136A642F2DB02980399FCF705FC061CFB
:103D90002000FDF793FB011C301CFCF78BFE071C79
:103DA000002600220023029203931BE07300585F59
:103DB000FEF7E6FF04900591381CFFF74DF802006E
:103DC0000B0004980599FEF793FC02000B00FEF728
:103DD0001DFA02000B0002980399FDF7F9FB02900F
:103DE00003910136A642E1DB2000FEF7C9FF020085
:103DF0000B0002980399FDF707FFFFF77FF805F026
:103E000065FC041C381C05F0E9FB1A4BFE2252002D
:103E1000985004329C501849201CFDF723F8011CCF
:103E2000164805F0A5FB05F015FC04B20B2C00DCD0
:103E30000C24104B812292009C52002210495A54AB
:103E400002315A5004315A5060395A520021F93225
:103E5000FF32995404329D5804329858FEF7FCFF03
:103E600002000B0000942900064806F077F907B01D
:103E7000F0BDC046283C00200000904000004041BA
:103E800006020000DCD50008F0B5D64600B5BEB08D
:103E90000023EF2202A98C4662441370EE22624492
:103EA0001370ED2262441370B64806F0E5F9142150
:103EB000B548FFF70CFB002810D0B34C2100B348E5
:103EC000FFF7FAFE2000FFF729FFB14AD5235B0078
:103ED0000021D1543EB004BC9246F0BD322302937F
:103EE000313B0193EE3302AA9446634400930123CD
:103EF0004F223C21A44802F0B7FA002806D1EF2354
:103F000002AA94466344197840290DD0EF2302AAEF
:103F10009446634419789F4806F020F99C4AD523BB
:103F20005B000021D154D5E79B4806F017F93DAB63
:103F300020221A7012320292313A01920093012328
:103F40005F323C21904802F0BFF901F06DFD0400A2
:103F500032230293313B0193ED3302AA944663442A
:103F60000093012360223C21874802F07DFA01F092
:103F70005BFD001B642806D8EE2302AA9446634426
:103F80001B789B06E4D4EB2302AA94466344802268
:103F90001A707D4C3226029601250195009301236B
:103FA000203A3C21200002F08FF9EA2302AA94462D
:103FB000634411221A700296019500930123513235
:103FC0003C21200002F080F901F02EFD0500322393
:103FD0000293313B0193ED2402AB9C466444009470
:103FE000012367223C21684802F03EFA23781B0730
:103FF00008D401F019FD401B962803D8052001F0D4
:1040000019FDE4E7604D32260296062301933BAB8F
:104010000093012368223C21280002F025FA3AACE3
:1040200003220021200005F032FC029603230193B5
:104030000094023B60223C21280002F015FA02960F
:10404000313E0196ED2702AB9C4667440097012361
:1040500067223C21280002F007FA21786278A378D1
:10406000387800904D4806F079F8494AD5235B002E
:10407000D6540622002106A805F009FC01F0D4FC64
:104080000400002764E001235B420293073301939D
:1040900006AE0096053B68223C213B4802F0E4F95D
:1040A0007078000200B233781843F3781B021BB219
:1040B000B27813439A4675792D022DB233791D4398
:1040C0007E1CFDF7FBF904905046FDF7F7F90590CB
:1040D0002800FDF7F3F9051C049A111C101CFCF7CD
:1040E000C1FE0490059B191C181CFCF7BBFE011CAB
:1040F0000498FCF745FB0490291C281CFCF7B2FE31
:10410000011C0498FCF73CFB05F0E0FA05F0A2FA6C
:104110007F0008ABD85301F087FC0500A0200821E0
:10412000C00501F007FF01280BD11D4802F0BCFBC0
:1041300001F07AFC401B32281AD8012001F07AFCE9
:10414000ECE7370001F070FC001B164B984211D8C9
:10415000632F0FDC124802F0A7FBA0200821C00546
:1041600001F0E8FE01288ED0012001F063FCE9E7B0
:104170003700E7E7391E03DD08A8FFF7EDFDA9E6E4
:104180000121F9E708D600089C41002024D6000848
:10419000283C002034D600084CD6000860D6000821
:1041A000E84100208813000010B50C4C200006F0F8
:1041B00063F80B4806F060F80A4806F05DF8200046
:1041C00006F05AF800F0CEFC8E22D20000210648FC
:1041D00005F05DFBFFF758FE10BDC04690D6000805
:1041E000B8D60008DCD60008283C0020F0B583B023
:1041F00005000090019104F06FFD04003C4A822309
:104200009B00D358834229D883239B00D3588342F1
:1042100024D8FE235B00D758BBB2EB1A9BB21EB268
:10422000002E1DDB324A334BD55C002D12D1023BF0
:10423000D05E0321FBF7F2FF00B2B0420ADD009B23
:10424000D81BFA218900FBF7E9FF3F18284AFE2313
:104250005B00D750002D06D0012D12D003B0F0BD69
:104260005B421EB2DEE7224A81239B00D35EB3424B
:10427000F4DC1F4B1F4A01219954963402329C50A2
:10428000ECE71B4A81239B00D35EB342E6DD184B6B
:10429000184A00219954AD31FF315A5A01325A520D
:1042A00022002D32FF3260315A50019B002BD5D0B5
:1042B000E01AFDF74DF91049FCF7D4FD041C0F4935
:1042C000FCF7BEF800280CD0211C0D48FCF7F2FBCF
:1042D0000C49FCF7C7FDFCF711F9054AFC235B000C
:1042E000D054034AF8235B000021D150B6E7C04602
:1042F000283C0020060200006F12833A0AD7A33C34
:104300000000A04066666640F0B587B00622002136
:1043100004A805F0BCFA2E4AD5235B00D35C002B21
:1043200052D001235B4202930733019304AC009403
:10433000053B68223C21274802F096F863781B026F
:104340002078184300B2224ED2235B00F052E3786B
:104350001B02A5781D432DB2D3235B00F552637970
:104360001B0224791C4324B2D4235B00F452FDF7D2
:10437000A5F8071C2800FDF7A1F8051C2000FDF793
:104380009DF8041C391C381CFCF76CFD071C291C0B
:10439000281CFCF767FD011C381CFCF7F1F9051C13
:1043A000211C201CFCF75EFD011C281CFCF7E8F911
:1043B00005F08CF905F04EF900B2F8235B00F158D6
:1043C000FFF714FF07B0F0BD034805F055FFF9E70C
:1043D000283C00209C410020E8D7000810B504F0DC
:1043E0007BFC04001B4AB8235B00D0582100FFF778
:1043F00087F8194B98422BD9164AB8235B00D45042
:104400003C220AE0501E134B1918AF31FF310978D6
:104410009B18AF33FF3319700200002AF2DC0D4BFA
:10442000D6225200985AD721490058540021995257
:10443000713AFF3A06E0074B9B18AF33FF331B7806
:10444000C918013A002AF6DC024AF5235B00D15272
:1044500010BDC046283C0020E703000010B504F062
:104460003BFCA0200821C00501F064FD012802D01A
:10447000FFF7B4FF10BD034802F016FAFFF744FF40
:10448000F6E7C046E841002010B5134C7A2200211F
:10449000200005F0FCF9063C7E232370773B637017
:1044A000BB33A370C13BE3700133237101336371EC
:1044B0000133A37106220121200000F035FFE071D5
:1044C0007F23237209222100012000F0BFFE034850
:1044D00005F0D2FE10BDC046A24000202CD8000836
:1044E00070B504F0F9FB0500124C7A22002120007F
:1044F00005F0CDF9063C7E232370773B63709A3339
:10450000A3702B0EE3702B0C23712B0A6371A57122
:1045100006220121200000F007FFE0717F232372B3
:1045200009222100012000F091FE034805F0A4FEBD
:1045300070BDC046A240002044D8000870B504F009
:10454000CBFB0500124C7A220021200005F09FF9D8
:10455000063C7E232370773B63709B33A3702B0E46
:10456000E3702B0C23712B0A6371A57106220121C4
:10457000200000F0D9FEE0717F2323720922210080
:10458000012000F063FE034805F076FE70BDC046D2
:10459000A240002060D8000810B5C8B000F032FF7B
:1045A000424A8C239B00D05C01F0A8F8404B19686C
:1045B000002245A803F000FE12E03C4A3D4B0121D9
:1045C000D1543D4805F058FEFFF75EFF384B19689F
:1045D00045AC0022684603F0EFFD6B4607CB07C4ED
:1045E000459B102B60D104AC8222520046992000DA
:1045F00005F044F923785F33DAB2212AE6D8930034
:104600002E4AD3589F462E4805F036FE274A8C2363
:10461000DB000121D154FFF763FFD7E7294805F0FC
:104620002BFEFFF78BFF214A224B0121D154CDE70E
:1046300004AAD3781B06117909040B4351790902A6
:104640000B4392791343204C236004F045FB020096
:104650001E4B186021680B1A144CFA20400023509E
:104660001B4805F07BFD8C23DB000122E254ADE703
:1046700004ABD97809061A79120411435A79120247
:1046800011439B791943094CF8235B00E150114811
:1046900005F064FD074B0122E25497E7034A8C239F
:1046A000DB000121D15491E748B010BD283C002027
:1046B000784500206E04000080D80008B8C60008C5
:1046C0009CD80008BCD80008C012002098400020E8
:1046D000E4D800082CD90008F0B58BB014220021D2
:1046E00005A805F0D4F8324BD96A04221143D962E7
:1046F000D96A0A400192019AD96A80221143D9628B
:10470000D96A0A400292029ADA6A01252A43DA62D9
:10471000DA6A2A400392039AD96A02221143D962C3
:10472000DB6A1A400492049B8024A4010022210029
:10473000204801F006FC00221F49204801F001FC3E
:104740009926360200223100A020C00501F0F9FBB5
:1047500005940695002407940327089705A9154892
:1047600001F01CFB164B059306950794089705A9C5
:10477000124801F013FB059606950794089705A9C2
:10478000A020C00501F00AFB40230593069407947E
:1047900005A90A4801F002FB082305930694079433
:1047A00005A9A020C00501F0F9FA0BB0F0BDC04684
:1047B0000010024000080050C4F000000004005047
:1047C000A4F0000000B583B0114A116B0123194316
:1047D0001163126B13400193019B002203210920F6
:1047E00001F03AF9092001F067F9002203210A20BB
:1047F00001F032F90A2001F05FF9002203210B20B9
:1048000001F02AF90B2001F057F903B000BDC046B2
:104810000010024010B5FEF783FFFEF737FF0120BE
:1048200003F079FCF7E710B5012003F074FCFBE717
:1048300010B5FFF713FE012003F06DFCF9E710B58A
:10484000FFF7AAFE012003F066FCF9E700B583B08C
:1048500001906423012201A9024803F097FA01980C
:1048600003B000BD9C43002072B6FEE710B51248AD
:10487000124B0360124B4360002383600122C2602D
:10488000036143618361C361036201F0B7FC0028E7
:104890000CD10021084801F07DFF002808D100213B
:1048A000054801F0A3FF002804D110BDFFF7DCFF8D
:1048B000FFF7DAFFFFF7D8FF9C41002000540040CB
:1048C0008266500010B50B480B4B036096231B0209
:1048D000436000238360C36003610C2242618361F3
:1048E000C3610362436203F001FB002800D110BDE5
:1048F000FFF7BAFF9C4300200038014010B50B4879
:104900000B4B036096239B01436000238360C360CD
:1049100003610C2242618361C3610362436203F05D
:10492000E5FA002800D110BDFFF79EFF4C4400209F
:10493000004C004010B50B480B4B036096231B0244
:10494000436000238360C36003610C224261836182
:10495000C3610362436203F0C9FA002800D110BDAD
:10496000FFF782FFCC4200200050004010B50748FE
:10497000074B036006234360064BC360836001F06E
:104980005FFF002800D110BDFFF76EFFE841002057
:1049900000300040FF0F000010B50A480A4B0360CA
:1049A000002343607F2282608032C26003614361E2
:1049B0008361C36102F094FC002800D110BDFFF7B1
:1049C00053FFC046244400200028004000B59BB09F
:1049D000342200210DA804F05AFF1422002108A857
:1049E00004F055FF20220021684604F050FF1C49C6
:1049F0000B681C4A1A4080231B0113430B600923D8
:104A00000D9380235B020E930123129300231693D0
:104A10000DA801F0A9FF00281CD10F2308930D3B1E
:104A2000099300230A930B930C93012108A802F029
:104A300027FA002810D1292300930023029305931D
:104A400080239B020193684602F02CFB002805D1CD
:104A50001BB000BDFFF708FFFFF706FFFFF704FFDD
:104A600000700040FFE7FFFFF0B5A5B000F0BCFF0D
:104A7000FFF7ACFFFFF730FEFFF7A4FEFFF7F6FEEF
:104A8000FFF720FFFFF73AFFFFF754FFFFF76EFF36
:104A9000FFF782FFFFF788FB20A82B4C03002500BF
:104AA00046CD46C32A681A60002103F03CFB274B21
:104AB00018601CA803002200C2CAC2C32A681A6078
:104AC000002103F030FB224B186015A802002300E0
:104AD000103362CB62C262CB62C21B6813600021DA
:104AE00003F0E3FA1B4B18600EA8020023002C33DE
:104AF00062CB62C262CB62C21B681360002103F00A
:104B0000D4FA154B186007A802002300483362CB83
:104B100062C262CB62C21B681360002103F0C5FA57
:104B20000E4B186068460300643426CC26C326CC9E
:104B300026C322681A60002103F0B7FA084B1860F8
:104B400003F0AEFAFEE7C04654C9000878450020DD
:104B500048440020D0440020F84100205043002069
:104B60002044002070B5134805F086FB124C032248
:104B70000021200004F08BFEFF23A370002415E029
:104B800080263602A025ED0500223100280001F024
:104B9000D8F9192000F04EFF01223100280001F061
:104BA000D0F9192000F046FF0134E4B2092CE7D90E
:104BB00070BDC04658DA00086404002010B5084BE8
:104BC0001B7883420AD0064B187042424241D2B24F
:104BD00080210902A020C00501F0B3F910BDC04634
:104BE00064040020F8B504000100184805F0B6FA86
:104BF000174B9B789C4227D0154B9C7001272200B5
:104C00007A4001263240A025ED05802109012800C7
:104C100001F097F962087A4032408021490128006A
:104C200001F08FF9A2087A4032400A4D80214901F3
:104C3000280001F086F9E4087C40320022408021FF
:104C40000902280001F07DF9F8BDC04668DA0008C5
:104C5000640400200004005010B504000100064860
:104C600005F07CFA013C62426241D2B280218901A6
:104C7000024801F066F910BD84DA0008000800500F
:104C800070B580256D00A024E405002229002000D5
:104C900001F057F9192000F0CDFE01222900200073
:104CA00001F04FF970BD000010B5084B5A6B01219F
:104CB0000A435A63996B802252050A439A63022081
:104CC00000220321404200F0C7FE10BD0010024048
:104CD00010B586B004001422002101A804F0D7FD0D
:104CE0002268104B9A4201D006B010BD0E4CE26A09
:104CF00002231A43E262E26A13400093009BC0233E
:104D00009B000193122302930F3B049301330593FD
:104D100001A9064801F042F8A26B80239B031343CC
:104D2000A363E1E70054004000100240000400507B
:104D30000268054B9A4200D07047044A116D8023E7
:104D4000DB020B431365F7E7002800400010024028
:104D500030B589B004001422002103A804F097FDA7
:104D60002368534A934207D0524A934239D0524A59
:104D700093426AD009B030BD504B596B8022D201AA
:104D80000A435A63D96A01221143D962DB6A1A4085
:104D90000092009BC023DB000393022304930325AE
:104DA000069502330793A02003A9C00500F0F6FF83
:104DB0004348444B0360456000238360C360802206
:104DC000026143618361603AC261036200F0B4FE34
:104DD000002803D13A4B23679C62CBE7FFF744FDE1
:104DE000F8E7364B996B802212030A439A63D96A1B
:104DF00001221143D962DB6A1A400192019B03230D
:104E0000039302220492069303330793A02003A97D
:104E1000C00500F0C3FF2C482C4B03600C234360FB
:104E200000238360C3608022026143618361603A32
:104E3000C261036200F080FE002803D1224B236789
:104E40009C6297E7FFF710FDF8E71C4B996B8022F7
:104E500052030A439A63D96A02221143D962DB6A78
:104E600013400293029B182303930492153B06936D
:104E70000333079303A9164800F090FF1548164B1B
:104E800003600D23436000238360C36080220261BE
:104E900043618361603AC261036200F04DFE002805
:104EA00003D10C4B23679C6264E7FFF7DDFCF8E756
:104EB00000380140004C004000500040001002400B
:104EC0005443002030000240844200201C00024075
:104ED00000040050FC4100206C000240FEE7FEE7A9
:104EE00010B500F095FD04F0CDF8012801D004F0D4
:104EF000E1F910BD10B5024800F0F0FE10BDC0464B
:104F0000D444002010B5034800F0E8FE024800F049
:104F1000E5FE10BD844200205443002010B5024835
:104F200000F0DCFE10BDC046FC41002070470000D0
:104F300010B5002417E04908520892B201339BB221
:104F4000072B08D808005040C007F4D549080B4883
:104F5000414089B2F0E70A4BE2185200094B9B1816
:104F600059800134A4B2FF2C03D822000021002371
:104F7000E6E7044A044B0121D15410BD01A0FFFF14
:104F8000B0130000C41200206027000010B50248D2
:104F900002F0F6FA10BDC0469C43002010B503484D
:104FA00002F0EEFA024802F0EBFA10BD4C44002089
:104FB000CC42002010B50368134A934206D0134A2E
:104FC00093420DD0124A934214D010BD114C2000D0
:104FD00002F038FA01221049200003F017F8F4E734
:104FE0000E4C200002F02EFA01220D49200003F0A1
:104FF0000DF8EAE70B4C200002F024FA01220A49DE
:10500000200003F003F8E0E700380140004C0040C6
:10501000005000409C430020C91200204C44002056
:10502000E91F0020CC420020092D002070B5036844
:10503000284A934206D0284A934217D0274A9342DF
:105040002ED070BD03F048FE2549264BC850264897
:105050000A5A531C4C798A1894719B059B0D0B526C
:1050600005310122214802F0D1FFEAE703F034FEC6
:105070001B491F4BC8501F480B5A5A1C1E4C0C5D35
:10508000CB181E4DAC4663441C7093059B0D0B5210
:10509000194B9C4661440122194802F0B7FFD0E742
:1050A00003F01AFE0E49174BC85017480B5A5A1CEA
:1050B000164C0C5DCB18164DAC4663441C70930522
:1050C0009B0D0B52114B9C4661440122114802F08A
:1050D0009DFFB6E700380140004C00400050004002
:1050E000C4120020140800000C0400009C4300209F
:1050F000341500002C110000250D0000260D0000C5
:105100004C440020542200004C1E0000451A0000B0
:10511000461A0000CC42002010B503680A4A9342A8
:1051200006D00A4A934207D0094A934208D010BDDC
:10513000084805F0A1F8FAE7074805F09DF8F6E7FA
:10514000064805F099F8F2E700380140004C0040AD
:1051500000500040D4DA0008FCDA000824DB000824
:10516000F8B5244805F088F8234C244A0021200093
:1051700004F08DFB224F2760224ED2231B01E65004
:10518000214DD2235B01E550012323711F4AA35413
:105190001F4AA354611D0122380002F037FF1D4B46
:1051A000E1180122300002F031FF1B4BE11801220F
:1051B000280002F02BFF39680B68202213430B6094
:1051C00031680B6813430B6029680B6813430B604D
:1051D000002205211B2000F03FFC1B2000F06CFC8E
:1051E000002205210E2000F037FC0E2000F064FCA8
:1051F000F8BDC046B8DB0008C412002064290000D6
:105200009C4300204C440020CC420020240D000090
:10521000441A0000250D0000451A000070B5050075
:105220000C00022801D972B6FEE70800FEF7AEF8BE
:10523000FA2382B2D220000168439B002100024C75
:10524000005902F0A3FD70BDC412002010B5C300C8
:105250001B1A1801C01A430102481858642302F0AF
:1052600095FD10BDC412002010B5234C8022D20041
:105270000021200004F00BFB204BE118204BCA5A00
:10528000204B9C466144200004F0F8FA1E4920009F
:1052900005F02EF804001D4A1D4B0121D1540322B4
:1052A0001C4905F013F800281FD006221A492000D7
:1052B00005F00CF8002818D00C221849200005F041
:1052C00005F800280CD008221549200004F0FEFF44
:1052D00000280BD10D4A8023FF330021D15404E074
:1052E0000A4A8023FF330121D15410BD21000D480B
:1052F00004F034FFF9E7C0461D360020A7DCFFFFAD
:1053000050220000501E000060DC0008283C0020F5
:1053100025020000E8DB0008ECDB0008F4DB0008F5
:1053200004DC000810DC000830B505000023002074
:1053300003E0CC182C5D604001339342F9D330BDBB
:1053400070B5254E8022D2000021300004F09FFA73
:10535000822252000021214804F099FA204BF418CF
:10536000204BE55A204BE1182A00300004F086FA61
:10537000013D2A0000213000FFF7D6FF64191B4AC7
:10538000944664442278FF2A01D0904216D11849ED
:10539000184BCB5C114C23700423FF330122E254E1
:1053A000E01C154B9C466144033204F067FA134B32
:1053B00018680022210002F0CDFE70BD01001048E7
:1053C00004F0CCFE05490423FF330022CA540B4BE2
:1053D000186802F0BFFEF0E7FD28002068040020F6
:1053E000C7E9FFFF3015000030110000391600003A
:1053F000C41200203A1600003B1600007845002039
:1054000024DC000870B503F067FC4E4A4E4BD35ABB
:10541000002B01D1002431E04C4BD45803F05CFC4C
:1054200001002000FEF76CF8FA239B009842F1D9A6
:1054300003F052FC434C454BE050454BE0188022B2
:10544000D200002104F023FA0022002341496252D5
:105450003D496252404AA354404AA3540021404867
:1054600004F07CFE62E07E282BD0364A3B4B0021C4
:10547000D154344A3B4BD35C012B52D0314B354A8B
:105480009A5A31495B5A9A424BD05A1C2D49CB1833
:105490002F4884466344187893059B0D2A4A8B5203
:1054A0002D4BCB5C012B11D0002BDCD0022B1DD05F
:1054B000032BDED17F282CD0224A274B0021D15448
:1054C000D7E701331F49244A8B54CEE71D49234CAB
:1054D0000A5D551C0D558A18234CA4466244107071
:1054E0000138C4B201331C4A8B54C2E7154A1B4D24
:1054F000515D4E1C565552181B498C466244107023
:10550000013CE4B2002CB4D101330E49124A8B5451
:10551000AFE70C4B134A012199540F4A00219954CB
:10552000A7E7084A0F4BD35C002B00D170BD1300D6
:105530000C4A00219954094A995C0C4A9952FFF788
:10554000FFFEF3E7C41200202E1100003415000006
:10555000260D00002C11000026110000271100006C
:1055600048DC000828110000301100003015000050
:1055700070B504000D00104A104BD35C002B04D012
:10558000002C05D00021002013E0FFF7D1FCF7E745
:10559000002010E022784240000AFF231340084A0E
:1055A000944663445B00044AD3185B885840013436
:1055B0000131A942EED370BDC41200206027000063
:1055C000B0130000F8B53E4D8022D2000021280023
:1055D00004F05DF98222520000213A4804F057F9A4
:1055E000394BEC18394FE65B394BE1183200280093
:1055F00004F044F9B11E2800FFF7BAFF0100E55B93
:10560000AB1EE318334A944663441B781B02013DEA
:105610006419644422781A4301D090421AD12E4A68
:105620002C4BD15C274B1970B02935D016D9B22933
:105630001FD1244C0423FF330122E254E01C073223
:10564000264904F01BF9264B18680022210002F0BD
:1056500081FD2BE0234804F081FD27E0A52926D019
:10566000184A0423FF330020D0541F4804F076FD6D
:105670001CE0C029F4D11D4804F0FEFD01220021E8
:105680001B4801F099FEBFF34F8F1A4B1A4ADA609C
:10569000BFF34F8FC046FDE70A490423FF330122C1
:1056A000CA540F4B1868002202F054FDF8BDBFF336
:1056B0004F8F104B104ADA60BFF34F8FC046FDE7A3
:1056C0001D36002068040020A7DCFFFF50220000E8
:1056D000501E000059230000C41200202236002072
:1056E0007845002024DC000884DC000864DC000825
:1056F0002444002000ED00E00400FA05F8B50400A1
:105700000A2513E07E2E2FD0974A984B0021D154C2
:105710003100974804F022FD3100964804F01EFD48
:10572000914A954BD35C012B00D1EEE08E4B934A0E
:105730009A5A93495B5A9A4200D1E6E05A1C8A4928
:10574000CB189048844663441E7893059B0D8C4A81
:105750008B52002C00D1C3E08B4BCA5C092ADFD8E6
:1057600093008A49CB589F4601327F49864BCA54E1
:10577000CAE77D4B7D490120585485495E5401326A
:1057800081495A5431007B4804F0E8FC0025C7E702
:10579000754F764ABB5C591CB954FB187C4A944639
:1057A00063441E703100734804F0D8FC764ABB5C39
:1057B0000133BB54B4E76C4F6C4ABB5C591CB95401
:1057C000FB18734A944663441E703100694804F024
:1057D000C5FC6D4ABB5C0133BB54A1E7624D634A13
:1057E000AB5C591CA954EB18694A944663441E707B
:1057F0003100604804F0B2FC634AAB5C0133AB5447
:1058000000258DE7584B59495A5C501C58549B1839
:105810005F4A944663441E7035433100554804F096
:105820009DFC002D05D05049574A8B5C01338B54A9
:1058300076E74D4A544B0721D15471E74A4B4B4907
:105840005A5C501C58549B18514A944663441E702D
:10585000013DEDB23100474804F080FC002D00D03E
:105860005EE74149484A8B5C01338B5458E73E4F11
:105870003E4ABB5C591CB954FB18454A94466344E4
:105880001E7031003B4804F069FC3F4ABB5C0133A9
:10589000BB5445E7344F354ABB5C591CB954FB181F
:1058A0003B4A944663441E703100324804F056FC73
:1058B000354ABB5C0133BB5432E77F2E04D02A4A01
:1058C000314B0021D1542BE7274B2B4A012199540E
:1058D0002D4A0021995431002E4804F03FFC1FE767
:1058E0000D2E25D0204B21495A5C501C58549B1832
:1058F000274A944663441E70300004F049FC1A4A5B
:105900001D4BD35C012B00D010E7174A1A4BD35C18
:10591000002B0CD013000021174A9954134A9D5CA8
:105920001D481D529954002C1AD1FFF79DFCF8BD5B
:1059300031001A4804F012FC0B490C480A5C531C55
:10594000DBB28A18124FBC46624416705A1C0A54C5
:10595000CB1863440A221A70074B093ACA54CEE79F
:10596000FFF730FEE3E7C046C4120020471E0000E8
:10597000A8DC0008B0DC0008481E00004C1E000037
:105980004E1E0000461A0000461E0000F8C900081E
:10599000501E0000B8DC000850220000D4D90008D6
:1059A00010B504000E4B1978FA208000FAF7ACFB12
:1059B00001000C4B1868FAF7A7FB00F089F80028E3
:1059C0000CD1032C01D9012009E00022210001386B
:1059D00000F042F8024B5C60002000E0012010BDA6
:1059E000040000200000002010B5084A1368402180
:1059F0000B4313600320FFF7D3FF041E02D00124E2
:105A0000200010BDFFF750F9FAE7C0460020024021
:105A1000034A1168034B1B785B1813607047C0463C
:105A20007C45002004000020014B18687047C046E8
:105A30007C45002070B50400FFF7F6FF0500631CED
:105A400002D0044B1B78E418FFF7EEFF401B8442A2
:105A5000FAD870BD0400002070B5002811DB820860
:105A6000134DC0329200545903231840C000FC3338
:105A70001E008640B44389010B40834023435351A9
:105A800070BDC0B20F220240083A9208063292005E
:105A9000084BD3185D6803242040C000FF22140087
:105AA0008440A54389011140814029435960E7E7BB
:105AB00000E100E000ED00E0002805DB1F231840B6
:105AC0001E3B8340014A13607047C04600E100E07E
:105AD00001380A4B98420FD8094A50600948036AB6
:105AE0001B021B0AC02109060B43036200239360BB
:105AF00007331360002070470120FCE7FFFFFF0021
:105B000010E000E000ED00E070B5066C1C25446C70
:105B100025400124AC407460046863608368102BE6
:105B200004D0036899600368DA6070BD03689A6006
:105B30000368D960F9E7000070B5041E3DD0056820
:105B40001F4BE8181421FAF7DFFA800060641D4B40
:105B5000236402222523E2542B681B4A1A40A368BF
:105B6000E1680B4321690B4361690B43A1690B4356
:105B7000E1690B43216A0B4313432B608023DB0154
:105B8000A2689A4210D0114B19681C22656C15400E
:105B90000F20A840814319601968606C024060685A
:105BA000904002000A431A600023E363012125228A
:105BB000A154013AA354002070BD0120FCE7C04667
:105BC000F8FFFDBF000002400F80FFFFA800024069
:105BD00070B504002420205C012832D00125242047
:105BE00025540130205C012804D000222423E254F3
:105BF000022070BD0135243025540020E063256863
:105C000028680126B04328602000FFF77DFF236B42
:105C1000002B0BD0226813680E210B4313602268FF
:105C2000136801210B4313600020E2E72268136828
:105C300004218B4313602268136806310B43136001
:105C4000EDE70220D5E710B52523C35C022B06D073
:105C50000423C36300222033C254012010BD026814
:105C600013680E218B43136001680A6801239A436D
:105C70000A60016C1C22446C22401C0094404C6061
:105C80002522835400222333C2540020E6E710B5B6
:105C90002523C35C022B03D00423C363012010BD62
:105CA000026813680E218B43136001680A680123A0
:105CB0009A430A60016C1C22446C22401C009440F0
:105CC0004C602522835400222333C254836B002B63
:105CD00002D098470020E2E70020E0E770B5036CAF
:105CE0001968046825681C23426C134004229A40FA
:105CF0000A4214D06A0712D523689B0603D423688E
:105D0000042293432360016C1C22436C1A40042339
:105D100093404B60036B002B00D0984770BD02226C
:105D20009A400A421AD0AA0718D523689B0606D4BF
:105D300023680A2293432360093A2523C254016C45
:105D40001C22436C1A40022393404B600022242300
:105D5000C254C36A002BE1D09847DFE708229A407B
:105D60000A42DBD02B07D9D523680E229343236048
:105D7000016C0E32436C1A4001231C0094404C60AD
:105D8000C3632522835400222333C254436B002B68
:105D9000C4D09847C2E7C06B70470000F0B500233D
:105DA00057E085685F000326BE40B543CE68BE401D
:105DB000354385604568A5432C004D682E090125B3
:105DC00035409D402C43446051E0DC080834A40079
:105DD000265807251D40AD000F27AF40BE430F6971
:105DE000AF403D003543255054E0052700E0002733
:105DF000AF403D0035430234A400464EA551464C09
:105E00002568D44326002E404F68FF0301D5154373
:105E10002E00414D2E606D682E0026404F68BF0356
:105E200001D515432E003C4D6E60AD682E00264016
:105E30004F68FF0201D515432E00374DAE60ED6867
:105E40002C404E68B60201D52A431400324AD46071
:105E500001330A681400DC405AD001249C402240DF
:105E6000F6D003254E683540013D012D99D9032414
:105E70004D682C40032C08D0C4685E000325B54053
:105E8000AC438D68B5402C43C46003244D682C405E
:105E9000022C9AD005685E0003242700B740BD435A
:105EA0004F683C40B4402C430460C024A4024D68B9
:105EB0002542CDD0194D6C6B012634436C639C0890
:105EC000A51CAD00134EAE5903271F40BD000F2780
:105ED000AF40BE43A027FF05B84288D0104FB8425C
:105EE0000ED0104FB8420DD00F4FB8420CD00F4F0C
:105EF000B8420BD00E4FB84200D176E7062777E7BD
:105F0000012775E7022773E7032771E704276FE787
:105F1000F0BDC046000001400004014000100240F6
:105F20000004005000080050000C00500010005009
:105F3000001C005003690B4201D100207047012072
:105F4000FCE7002A01D1816270478161FCE70368A8
:105F50009A69920701D500229A6203689A69D2076A
:105F600003D49A6901210A439A617047F0B5059CF0
:105F700005686868660D8027FF003740054E3E4380
:105F8000B0438905890D120411430B432343034396
:105F90006B60F0BDFF63FF0370B504000E001500D9
:105FA00003689A69D2063BD55A68920104D45968AD
:105FB0008022D2010A435A6023689A69920615D456
:105FC000731CF9D0FFF730FD401B864201D3002E31
:105FD000F2D1636C2022134363644123E254002313
:105FE0002232A354023AA354012018E01022DA61AD
:105FF00023682025DD612000FFF7A9FF2268536890
:1060000008490B405360636C0422134363644123CB
:10601000E55400233E32A354023AA354012070BD3C
:106020000020FCE700E800FE70B504000D0016003B
:1060300023689B699B071CD4320029002000FFF7CE
:10604000ABFF002817D16B1CF2D0FFF7EDFC801BD3
:10605000854201D3002DEBD1636C2022134363648E
:106060004123E25400232232A354023AA3540120D4
:1060700000E0002070BD0120FCE7F8B505000F002E
:1060800016001C002B689B693A009A4313005A4281
:106090005341B34216D1631CF4D0FFF7C5FC069BF5
:1060A000C01A844201D3002CECD16B6C2022134324
:1060B0006B644123EA5400232232AB54023AAB54BE
:1060C000012000E00020F8BD70B582B0040015008A
:1060D0001E00DAB2184B009380235B04FFF746FFE3
:1060E000079A06992000FFF79FFF00281ED1012E76
:1060F0000DD023682A0A9A62079A06992000FFF7B2
:1061000093FF002815D12368EDB29D6202E0236859
:10611000EDB29D62079B0093069B00228021200028
:10612000FFF7ABFF002802D0012000E0012002B001
:1061300070BD0120FBE7C0460020008070B582B032
:10614000040015001E00DAB2174B00930023FFF77E
:106150000DFF079A06992000FFF766FF00281ED161
:10616000012E0DD023682A0A9A62079A0699200008
:10617000FFF75AFF002815D12368EDB29D6202E0B7
:106180002368EDB29D62079B0093069B002240218D
:106190002000FFF772FF002802D0012000E001205C
:1061A00002B070BD0120FBE70020008070B5050043
:1061B0000C0016002B689B699B061AD43200210044
:1061C0002800FFF7E9FE002815D1FFF72DFC801B02
:1061D000844201D3002CEDD16B6C202213436B64FD
:1061E0004123EA5400232232AB54023AAB5401203B
:1061F00070BD0020FCE70120FAE7000010B5041E86
:1062000059D04123C35C002B43D024224123E254C4
:106210002268136801218B4313602268274B616851
:106220000B4013612268936825490B409360E36833
:10623000012B34D0226884231B02A1680B43936096
:10624000E368022B32D0226851681E4B0B43536027
:106250002268D3681A490B40D360216823696269B8
:106260001343A26912021343CB602268E369216AD7
:106270000B4313602268136801210B431360002352
:1062800063641F314122A15423630132A3540020CF
:1062900010BD00224033C254FEF71AFDB5E7226854
:1062A00080231B02A1680B439360C9E72368802207
:1062B00012015A60C7E70120EAE7C046FFFFFFF07E
:1062C000FF7FFFFF00800002F0B587B007000C00E1
:1062D000039204930CAB40CB1D884123C35C202B5D
:1062E00002D0022007B0F0BD002E07D0002D05D04F
:1062F0004023C35C012B06D10220F3E780239B00DF
:106300007B640120EEE701224023C254FFF78CFB9F
:106310000590009019230122802109023800FFF71F
:10632000ACFE002801D00120DCE721224123FA54F1
:106330001F320133FA5400237B647E627D857B63C8
:10634000059B01930E9B0093049B039A2100380048
:10635000FFF7BAFE00280FD17B8D9BB2FF2B10D91F
:10636000FF233B850023009380235B04FF22210051
:106370003800FFF7FBFD21E000224023FA54012002
:10638000B0E77A8D92B23A85D2B20023009380238F
:106390009B0421003800FFF7E9FD0FE07A8D92B2EF
:1063A0003A85D2B20023009380239B042100380059
:1063B000FFF7DCFD7B8D9BB2002B35D0059A0E9943
:1063C0003800FFF731FE002845D13B687A6A127821
:1063D0009A627B6A01337B627B8D013B9BB27B853A
:1063E0003B8D013B9BB23B857A8D92B2002AE1D076
:1063F000002BDFD1059B00930E9B002280213800EB
:10640000FFF73BFE002828D17B8D9BB2FF2BC5D91F
:10641000FF233B850023009380235B04FF222100A0
:106420003800FFF7A3FDC5E7059A0E993800FFF77E
:10643000BDFE002813D13B682022DA6139684B6821
:10644000084C23404B604123FA5400232232BB54B2
:10645000023ABB5446E7012044E7012042E701200D
:1064600040E7C04600E800FEF0B5D64600B584B06F
:1064700007000C00029203930AAB40CB1D88412316
:10648000C35C202B04D0022004B004BC9246F0BDB3
:10649000002E07D0002D05D04023C35C012B06D170
:1064A0000220F1E780239B007B640120ECE70122BE
:1064B0004023C254FFF7B8FA824600901923012204
:1064C000802109023800FFF7D8FD002801D0012003
:1064D000DAE722224123FA541E320133FA54002310
:1064E0007B647E627D857B63534601930C9B0093A6
:1064F000039B029A21003800FFF720FE00280FD1ED
:106500007B8D9BB2FF2B10D9FF233B85404B009323
:1065100080235B04FF2221003800FFF727FD21E0E4
:1065200000224023FA540120AEE77A8D92B23A85D8
:10653000D2B2374B009380239B0421003800FFF731
:1065400015FD0FE07A8D92B23A85D2B20023009306
:1065500080239B0421003800FFF708FD7B8D9BB250
:10656000002B38D0534600930C9B002204213800A6
:10657000FFF783FD002845D13B685B6A7A6A137098
:106580007B6A01337B623B8D013B9BB23B857A8DFD
:10659000013A92B27A857A8D92B2002ADED0002B2F
:1065A000DCD1534600930C9B002280213800FFF77A
:1065B00064FD002828D17B8D9BB2FF2BC2D9FF231D
:1065C0003B850023009380235B04FF2221003800D9
:1065D000FFF7CCFCC2E752460C993800FFF7E6FD06
:1065E000002813D13B682022DA6139684B68094CD6
:1065F00023404B604123FA5400232232BB54023A19
:10660000BB5441E701203FE701203DE701203BE784
:106610000024008000E800FEF0B587B006000C0002
:1066200003921F00002305934133C35C202B02D04B
:10663000022007B0F0BD03689B691B0401D502204E
:10664000F7E74023C35C012B00D198E001224023EF
:10665000C25423320133C254002343643168F368C7
:10666000012B16D0A205920DA0239B0113434B6072
:10667000FFF7DAF905003268916920230B40591EB3
:106680008B41D9B2936910221A40531E9A41D3B25A
:1066900011E0A205920D3E4B1343E8E73268916981
:1066A00020230B40591E8B41D9B29269102313400D
:1066B0005A1E9341DBB20B4313D17B1CEED0FFF784
:1066C000B3F9401B874201D3002FE7D12022412399
:1066D000F254736C1343736400224023F25401207C
:1066E000A7E733689B69DB0624D500953B000022B1
:1066F00020213000FFF7C1FC002844D1336810226C
:10670000DA6133681032DA61059B039A934223D031
:10671000059B01330593059B039A9A429ED820233B
:106720004122B354726C1343736400224023F25429
:1067300001207EE700953B00002220213000FFF77A
:106740009CFC00281DD132682023D3614122B35420
:1067500000222033F2546CE7326851688023DB0159
:106760000B43536000953B00002220213000FFF7CF
:1067700084FC002809D133682022DA61C8E70220AE
:1067800057E7012055E7012053E7012051E7C046B4
:1067900000200002F0B54123C35C202B01D0022071
:1067A000F0BD2033C35C012B1CD0402401220255D4
:1067B00041252423435506683368934333600668B4
:1067C0003368094F3B4033600668336819433160D2
:1067D00001680B6813430B602023435500230355C6
:1067E0000020DDE70220DBE7FFEFFFFFF0B54123EC
:1067F000C35C202B01D00220F0BD2033C35C012BF1
:106800001AD040240122025541252423435506680D
:1068100033689343336006683368084F3B4009028E
:106820001943316001680B6813430B602023435503
:10683000002303550020DFE70220DDE7FFF0FFFF24
:1068400070B5041E28D00368144A1A600368144AFD
:106850001A60036842685A60036882689A60FFF7AA
:10686000E3F805002368DA6852070AD0FFF7DCF87E
:10687000401B2A28F6D92368DB685B07F2D0032087
:1068800005E01969E268914202D01A61002070BDEA
:10689000044A1A600020FAE70120F8E7CCCC000097
:1068A00055550000AAAA00000368024A1A60002099
:1068B0007047C046AAAA000010B5264BDA680C2320
:1068C0001340082B42D00C2B11D0042B09D0214BA4
:1068D0005A68520B0723134001338020000298406E
:1068E00010BD1C4B1B68DB0632D51B48F8E7910C2A
:1068F0000F230B401949C85C920D03231A40541C06
:10690000144BDB68DB030DD4124B1B68DB0613D57D
:10691000114A00230021F9F7C7FD22000023F9F7EF
:10692000A3FDDDE70E4A00230021F9F7BDFD22009B
:106930000023F9F799FDD3E70A4A00230021F9F76C
:10694000B3FD22000023F9F78FFDC9E70448C7E72C
:106950000448C5E70010024000093D00D4C9000802
:1069600000366E010024F400F0B583B0041E00D19F
:1069700066E2B34BDA680C251540DE6880235B02C3
:106980001E400368DB0736D5082D2CD00C2D28D0EF
:10699000636880225202934255D0A022D2029342D1
:1069A00058D0A74B1A68A7490A401A601A68802174
:1069B00049020A400192019A1A68A3490A401A60E2
:1069C0006368002B52D0FFF72FF807009C4B1B6821
:1069D0009B0310D4FFF728F8C01B6428F6D90320C6
:1069E0002FE2002ED4D0964B1B689B0303D563681F
:1069F000002B00D127E223689B076DD5E3689A0638
:106A000005D58F48026820210A4302608B43042D7C
:106A10003CD00C2D38D0002B00D1B2E088490A6858
:106A20000920824313430B60FEF7FEFF0600844BF0
:106A30001B685B0700D59BE0FEF7F6FF801B022872
:106A4000F5D90320FDE17E4A116880235B020B43E8
:106A50001360B5E77A4B19688022D2020A431A60A4
:106A60001968802252020A431A60A9E7FEF7DCFF88
:106A70000700734B1B689B03BDD5FEF7D5FFC01BFA
:106A80006428F6D90320DCE1002EC4D16C4A1268D8
:106A9000520702D5002B00D1D7E1694E72686B49CD
:106AA0000A40216909020A437260326809218A4357
:106AB00013433360FFF700FFF26812090F231340FE
:106AC000634AD35CD840634B1860634B1868FEF789
:106AD00067FF002800D0B4E12368DB062DD5002D28
:106AE00062D1574B1B689B0503D5A369002B00D1CE
:106AF000ADE1534A536859490B40216A0B43536037
:106B000053681B021B0AE16909060B435360236AA1
:106B1000590B013180231B028B40D16809090F22D8
:106B20000A404B498A5CD3404A4A13604A4B186872
:106B3000FEF736FF002800D083E123681B0700D44E
:106B400090E06369002B68D03D4A136D01210B432F
:106B50001365FEF769FF0600394B1B6D9B0700D5D7
:106B600080E0FEF761FF801B0228F5D9032068E171
:106B700033494B68354A13402269120213434B6074
:106B8000AAE72F4A136801218B431360FEF74CFFDD
:106B900006002B4B1B685B079ED5FEF745FF801B4D
:106BA0000228F6D903204CE1A369002B22D0244A05
:106BB000116880235B000B431360FEF735FF06006E
:106BC0001F4B1B689B0506D4FEF72EFF801B022877
:106BD000F6D9032035E11A4A536820490B40216A4F
:106BE0000B43536053681B021B0AE16909060B4300
:106BF0005360A2E7124A136819490B401360FEF76D
:106C000013FF06000E4B1B689B0596D5FEF70CFF85
:106C1000801B0228F6D9032013E1094A136D0121D4
:106C20008B431365FEF700FF0600054B1B6D9B07AA
:106C300018D5FEF7F9FE801B0228F6D9032000E1E3
:106C400000100240FFFFFEFFFFFFFBFFFFE0FFFF22
:106C5000E0C900080000002008000020FF1FFFFF1F
:106C6000FFFEFFFF23685B0778D57D4B9B6BDB0046
:106C70002CD47B4A916B80235B050B4393630126E5
:106C8000784B1B68DB0523D5A36880225200934212
:106C900032D0002B37D1724B1A6D73490A401A65F6
:106CA0001A6D72490A401A65A368002B45D0FEF799
:106CB000BBFE07006A4B1B6D9B054DD4FEF7B4FE6F
:106CC000C01B6B4B9842F5D90320BAE00026D7E7EA
:106CD000644A116880235B000B431360FEF7A4FE37
:106CE0000700604B1B68DB05CED4FEF79DFEC01B82
:106CF0006428F6D90320A4E0594A116D80235B0073
:106D00000B431365D0E7A022D200934209D0544B25
:106D10001A6D55490A401A651A6D54490A401A6598
:106D2000C2E74F4B196D013AFF3A0A431A65196DD4
:106D3000802252000A431A65B6E7FEF775FE070087
:106D4000474B1B6D9B0507D5FEF76EFEC01B484BDE
:106D50009842F5D9032074E0012E1AD0636A002B03
:106D600000D176E00C2D4FD0022B18D03C4A13688E
:106D700040490B401360FEF757FE0400384B1B6878
:106D80009B013FD5FEF750FE001B0228F6D90320D9
:106D900057E0334A936B38490B409363DEE7304A40
:106DA000136834490B401360FEF73EFE05002C4B80
:106DB0001B689B0106D5FEF737FE401B0228F6D95B
:106DC00003203EE02649CB682C4A1340A26AE06AC1
:106DD0000243206B02431343CB600A6880235B04A9
:106DE00013430B60FEF720FE04001D4B1B689B0144
:106DF00006D4FEF719FE001B0228F6D9032020E076
:106E000000201EE000201CE0012B24D0144BDA6887
:106E100080235B021340A16A8B4201D0012010E065
:106E2000F0239B031340E16A8B4201D0012008E06C
:106E3000C0231B041A40236B9A420ED0012000E0AD
:106E4000012003B0F0BD0120FBE70120F9E701209C
:106E5000F7E70020F5E70120F3E70020F1E7C0465F
:106E60000010024000700040FFFEFFFFFFFBFFFF2D
:106E700088130000FFFFFFFEFFFFFFEFFFFF02FF91
:106E800070B505000C00002800D1D1E06A4B1A68EB
:106E9000012313408B4235D32B689B0706D5674AE5
:106EA000D368F0218B43A9680B43D3602B68DB07C1
:106EB0007BD56B68022B3CD0032B40D0012B44D0F8
:106EC0005E4A1268920500D4B4E05C49CA680320A7
:106ED00082431343CB60FEF7A7FD06006B68022BCD
:106EE00039D0032B45D0012B51D0544BDB680C22F9
:106EF0001A425AD0FEF798FD801B514B9842F4D9A4
:106F000003207DE04C4A136801218B432343136027
:106F1000FEF78AFD0600484B1A68012313409C4285
:106F2000BAD0FEF781FD801B454B9842F3D9032070
:106F300066E0424A12689203C7D4012060E03F4AEB
:106F400012689201C1D401205AE03C4A12685207EB
:106F5000BBD4012054E0394BDA680C231340082BD2
:106F600023D0FEF761FD801B354B9842F3D90320F7
:106F700046E0324BDA680C2313400C2B15D0FEF799
:106F800053FD801B2E4B9842F3D9032038E02B4B46
:106F9000DA680C231340042B07D0FEF745FD801B55
:106FA000274B9842F3D903202AE0234B1A68012388
:106FB00013409C4225D32B685B0706D51F4AD36834
:106FC00020490B40E9680B43D3602B681B0707D5AA
:106FD0001A49CB681C4A13402A69D2001343CB607C
:106FE000FFF76AFC154BDA6812090F231340174AA2
:106FF000D35CD840164B1860164B1868FEF7D0FCCF
:1070000070BD0D4A136801218B4323431360FEF7C3
:107010000BFD0600084B1A68012313409C42CAD09E
:10702000FEF702FD801B064B9842F3D90320E7E7E9
:107030000120E5E70120E3E70020024000100240C4
:1070400088130000FFF8FFFFFFC7FFFFE0C900083B
:107050000000002008000020014B18687047C0465F
:107060000000002010B5FFF7F7FF044BDA68120AA2
:1070700007231340024AD35CD84010BD00100240E1
:10708000F0C9000810B5FFF7E7FF044BDA68D20A31
:1070900007231340024AD35CD84010BD00100240C1
:1070A000F0C9000870B5040003689B0650D5674B13
:1070B0009B6BDB0000D589E0644A916B80235B0504
:1070C0000B4393630125624B1B68DB0500D47FE013
:1070D0005E4B1968C0239B031940626813409942B4
:1070E00006D0C0239B0211001940994200D184E0D0
:1070F000564B1B6DC02189020B4016D00A409342AB
:1071000013D023689B0610D5504B186D514A02408E
:107110001E6D8021090331431965196D4E4E3140B2
:1071200019651A65C30500D56EE06268C0239B022D
:1071300011001940994200D176E044490B6DC022FC
:1071400092026068024013430B65012D00D175E087
:107150002368DB0706D53D4AD36C03218B43A16826
:107160000B43D36423689B0706D5384AD36C0C21A4
:107170008B43E1680B43D36423685B0706D5334A2E
:10718000D36C36490B4021690B43D36423681B073A
:1071900006D52E4AD36C32490B4061690B43D36448
:1071A0002368DB0506D5294AD36C2A490B40A1691F
:1071B0000B43D36423681B0646D5244AD36C294964
:1071C0000B40E1690B43D364002070BD00257AE7D2
:1071D0001F4A116880235B000B431360FEF724FCF9
:1071E00006001B4B1B68DB0500D571E7FEF71CFC96
:1071F000801B6428F5D90320E7E7144B1B689B0329
:1072000000D475E70120E0E7FEF70EFC06000F4B07
:107210001B6D9B0500D588E7FEF706FC801B124B13
:107220009842F4D90320D0E708490B680F4803407F
:10723000C020800302401A430A607EE70A008B6B7D
:107240000B490B40936383E70020BEE70010024028
:1072500000700040FFFFFCFFFFFFF7FFFFF3FFFFA1
:10726000FFCFFFFFFFFFF3FF88130000FFFFCFFFFB
:10727000FFFFFFEF70B504000268D368A0218B43C5
:10728000D360FEF7D1FB05002368DB689B0608D4BA
:10729000FEF7CAFB401BFA239B009842F4D9032057
:1072A00000E0002070BD70B504000368DA68520683
:1072B00001D5002070BD01225242DA60FEF7B4FB16
:1072C00005002368DB685B0608D4FEF7ADFB401BB6
:1072D000FA239B009842F4D90320EBE70020E9E76A
:1072E00070B5041E63D02123C35C002B41D0022261
:1072F0002123E2542368C8325A622368773A5A62DB
:107300002000FFF7D0FF051E39D122689368294974
:107310000B40936021688A68636820690343A06911
:10732000034313438B602368E2681A6121680B6989
:10733000A268120413430B612268D36880218B4337
:10734000D3602268D36C7D398B43D3642168CB6CC6
:10735000E269606902431343CB6423689B689B0620
:1073600015D52368FF225A62FE3A2123E2542800F1
:1073700070BD00222033C254FDF7DAFCB7E7236862
:10738000FF225A62FB3A2123E2540125EFE7200055
:10739000FFF770FF0028E4D02368FF225A62FB3A0F
:1073A0002123E2540022013BE2540125DFE70125BD
:1073B000DDE7C046BFFF8FFF0368503389005918CF
:1073C0000A60704710B5EFF31081012383F3108832
:1073D00002681368C024A343136081F3108820233C
:1073E000836710BD30B5EFF31084012181F310885D
:1073F00002681368124D2B40136084F31088EFF37A
:107400001084012383F31088026893688B43936090
:1074100084F31088036E012B05D02023C36700235B
:107420000366436630BDEFF3108183F31088026872
:1074300013681024A343136081F31088EDE7C0465E
:10744000DFFEFFFF70B50400826FC56F03689B68A5
:107450001B0601D5212A07D023689B685B0646D509
:10746000222D22D0002043E0EFF31081012383F38B
:1074700010880268936880208343936081F31088AA
:10748000E06E002803D0FEF7DEFB002803D12000C9
:10749000FFF798FFE0E7E06EFEF77DFC2028F6D1CD
:1074A00010228023E2501D3822E0EFF310810123E7
:1074B00083F310882268936840208343936081F3AC
:1074C0001088206F002803D0FEF7BDFB002804D1F0
:1074D0002000FFF787FF00200AE0206FFEF75BFC2B
:1074E0002028F5D110228023E2501D3800E0002032
:1074F00070BD10B5EFF31081012383F3108802688B
:1075000013684024A343136081F31088202383670A
:1075100000238366FDF700FE10BD704770B5846AD6
:10752000A26FE56F23689B681B0601D5212A0ED048
:1075300023689B685B0601D5222D0FD08022A358BB
:1075400010210B43A3502000FDF734FD70BD002235
:107550005223E2522000FFF735FFE9E700225A23C9
:10756000E2522000FFF73EFFE8E710B5806A0023F3
:107570005A228352083A8352FDF71CFD10BD704712
:1075800070B504000168CB6908688D68AA4A1A4082
:107590000AD19E0608D5860606D5636E002B00D15B
:1075A00045E12000984742E1002A00D18AE001220B
:1075B0002A4003D1A14E304200D183E0DD0707D538
:1075C000C50505D501260E628025615931436151FB
:1075D000990709D5002A07D0216802250D627E355A
:1075E0006159042631436151590709D5002A07D052
:1075F000216804250D627C356159022631436151B1
:1076000019070AD5810601D4002A06D02268082568
:107610001562802162582A4362501A050AD5420138
:1076200008D5226880210901116280216258202535
:107630002A4362508022A258002A00D1F7E09B061C
:1076400006D5830604D5636E002B01D02000984731
:107650008023E25823689B685B0602D428231342E8
:1076600029D02000FFF7BEFE23689B685B061ED56D
:10767000EFF31081012383F3108822689368402080
:107680008343936081F31088236F002B0BD06C4AE7
:107690009A63206FFEF7FBFA002800D1C7E0206F45
:1076A000836B9847C3E02000FDF784FCBFE0200017
:1076B000FDF780FCBBE02000FDF77CFC002280236E
:1076C000E250B4E0226E012A11D0DA0202D56A0239
:1076D00000D5A1E01A0600D4A5E0020600D4A2E07D
:1076E000A36E002B00D1A2E0200098479FE0DA06AD
:1076F000EBD5C206E9D510230B6223689B685B06B5
:1077000052D5226F13685B689BB2002B00D18EE0CC
:107710005821615A8B4200D389E05A216352136881
:107720001B689B0609D55823E15A0233E35AC91A4C
:1077300089B22000FFF723FF79E0EFF31080593979
:1077400081F31088226813683E4D2B40136080F34C
:107750001088EFF31080012383F310882268936868
:107760008B43936080F31088EFF31081012383F340
:1077700010882268936840208343936081F31088C7
:107780002023E36700232366EFF31081013383F3A3
:1077900010882268136830388343136081F310889F
:1077A000206FFEF750FABEE75823E15A0233E25A3F
:1077B000891A89B2E35A9BB2002B38D0002936D0FF
:1077C000EFF31085012080F31088226813681E4EA5
:1077D0003340136085F31088EFF31085012383F3A2
:1077E0001088226893688343936085F31088202370
:1077F000E367002323666366EFF31080013383F3AE
:107800001088226813681025AB43136080F310883A
:107810002000FFF7B4FE0AE080235B030B62200028
:1078200000F032FC03E05B0601D5430600D470BDD6
:107830002000FFF75EFEFAE70F08000020010004B9
:107840006B750008FFFEFFFFDFFEFFFF10B5806ACB
:10785000036E012B02D0FFF760FE10BD5733C15AF3
:107860004908FFF78CFEF8E770B5836A0268126872
:1078700092062AD400215A229952EFF31084012053
:1078800080F3108819680A681C4D2A400A6084F346
:107890001088EFF31084012282F3108819688A6837
:1078A00082438A6084F31088EFF31080012282F310
:1078B000108819688A684024A2438A6080F310887F
:1078C0002022DA671A6E012A06D01A6E012A0FD01A
:1078D0001800FDF7ABFB70BDEFF3108082F310884A
:1078E00019680A68303CA2430A6080F31088ECE70C
:1078F0005732995A1800FFF742FEECE7FFFEFFFFF0
:10790000F8B50500016883680269134342691343AF
:10791000C26913430A689F48024013430B602A68F8
:1079200053689D490B40E9680B435360AB692A6873
:107930009A498A4201D0296A0B43916898480140CC
:107940000B4393602B68974A93421CD0964A93420C
:107950002DD0964A93425FD0954A93425ED08F4A8B
:10796000934239D010228D498B425BD080231B0279
:10797000E969994200D195E0082A00D9FAE092001D
:107980008C4B9B589F468C4AD16C03220A40012A9B
:1079900009D0002A05D0022A3AD0032A05D01022A5
:1079A000E1E70122DFE70422DDE70822DBE7824A84
:1079B000D16C0C220A40042A0AD005D9082A29D001
:1079C0000C2A07D10822CEE7002A03D10022CAE7F9
:1079D0000422C8E71022C6E7774AD26CC021090109
:1079E0000A408021C9008A420ED009D980210901AC
:1079F0008A4215D0C02109018A4207D10822B2E784
:107A0000002A03D10022AEE70422ACE71022AAE745
:107A10000222A8E70222A6E70022A4E70022A2E7AA
:107A20000222A0E7022A2CD025D9042A30D0082A25
:107A300032D1802000020024002800D182E06A6850
:107A400053009B18984200D29AE01303984200D941
:107A500098E0070E060250080021801979410023A2
:107A6000F8F702FD554BC218554B9A4200D98BE0EE
:107A70002B68D86066E0002A0ED1FFF7F3FA0024E5
:107A8000DAE74D4B1B68DB0609D54E480024D3E7E7
:107A9000FEF712FF0024CFE700200124CCE74A487C
:107AA0000024C9E7082A33D89200484B9B589F46C8
:107AB000802000020024002844D040006B685B084E
:107AC000C0186968F8F720FB83B20004000C0100BD
:107AD00010393F4A914259D80F2293434008083A3F
:107AE000104018432B68D8602CE0FFF7BBFA002445
:107AF000E1E7FFF7C7FA0024DDE72F4B1B68DB0641
:107B000009D530480024D6E7FEF7D6FE0024D2E798
:107B100000200124CFE72C480024CCE7802000027D
:107B2000002400280ED06B685B08C0186968F8F75D
:107B3000EBFA0004000C0200103A254B9A4227D8B9
:107B40002B68D86000236B66AB662000F8BDFFF79A
:107B500089FA0024E5E7FFF795FA0024E1E7164BE0
:107B60001B68DB0609D517480024DAE7FEF7A4FEF8
:107B70000024D6E700200124D3E713480024D0E7EF
:107B80000124DFE70124DDE70124DBE70124D9E755
:107B90000124D7E7F369FFEFFFCFFFFF0048004064
:107BA000FFF4FFFF0038014000440040004C00405B
:107BB0000050004020CC00080010024000FDFFFFF4
:107BC000FFFC0F0000093D000024F40044CC000835
:107BD000EFFF0000436ADB0706D5026853682C49B3
:107BE0000B40816A0B435360436A9B0706D50268CA
:107BF000536828490B40C16A0B435360436A5B07D3
:107C000006D50268536824490B40016B0B4353604F
:107C1000436A1B0706D50268536820490B40416B35
:107C20000B435360436ADB0606D5026893681C4920
:107C30000B40816B0B439360436A9B0606D5026839
:107C4000936818490B40C16B0B439360436A5B0612
:107C50000BD50268536814490B40016C0B43536009
:107C600080235B03026C9A420AD0436A1B0606D546
:107C7000026853680D490B40816C0B435360704799
:107C8000026853680A490B40416C0B435360ECE7B0
:107C9000FFFFFDFFFFFFFEFFFFFFFBFFFF7FFFFF7B
:107CA000FFEFFFFFFFDFFFFFFFFFEFFFFFFFF7FF2C
:107CB000FFFF9FFFF0B5C64600B504000F00160099
:107CC0009846069D2368DB693A009A4313005A429E
:107CD0005341B34253D16B1CF4D0FDF7A5FE43468C
:107CE000C01A85422CD3002D2AD023681A68520767
:107CF000E8D5DA691205E5D5802212011A62EFF3A0
:107D00001080012181F31088226813681E4D2B40DA
:107D1000136080F31088EFF31080012383F3108841
:107D2000226893688B43936080F310882023A367B5
:107D3000E3678022A35000225433E25403201FE063
:107D4000EFF31080012181F31088226813680E4D33
:107D50002B40136080F31088EFF31080012383F32E
:107D60001088226893688B43936080F310882023E7
:107D7000A367E36700225433E254032000E00020AD
:107D800004BC9046F0BDC0465FFEFFFFF0B585B075
:107D900004000F0016001D00836F202B02D002206C
:107DA00005B0F0BD002962D0002A62D080235B01BB
:107DB00082689A4205D07423E35C012B08D102202B
:107DC000EEE70369002BF6D1CB07F4D50120E7E7F6
:107DD00001227423E25400220C33E2505F3BA3677C
:107DE000FDF722FE03905023E6520233E652802331
:107DF0005B01A2689A4204D0002600227423E25458
:107E000012E02369002B01D00026F6E73E00002790
:107E1000F3E722683388DB05DB0D936202365222DA
:107E2000A35A013B9BB2A3525223E35A9BB2002BAD
:107E30000FD00095039B002280212000FFF73AFF1E
:107E4000002818D1002FE4D023683A789A620137CD
:107E5000E5E70095039B002240212000FFF72AFF61
:107E6000002801D003209BE72023A36798E7012087
:107E700096E7012094E7032092E7000030B583B035
:107E8000040000228023C250FDF7CEFD05002368C8
:107E90001B681B070DD423681B685B0716D42023BF
:107EA000A367E367002323667422A354002003B072
:107EB00030BD0D4B00930300002280218903200078
:107EC000FFF7F8FE0028E6D00320F0E7064B00930A
:107ED0002B0000228021C9032000FFF7EBFE0028C1
:107EE000DDD00320E3E7C046FFFFFF0110B5041E0D
:107EF0002ED0836F002B21D02423A3672268136820
:107F000001218B4313602000FFF7FAFC012814D0F5
:107F1000636A002B18D1226853680E490B405360E6
:107F2000226893682A218B43936022681368293959
:107F30000B4313602000FFF7A1FF10BD0022743334
:107F4000C254FCF705FFD7E72000FFF743FEE2E746
:107F50000120F2E7FFB7FFFF70B504004165582329
:107F6000C25200212833C1505E3BC367036F002B10
:107F700013D02349D962036F22491963036F224941
:107F80005963036F00219963016824311300426D26
:107F9000006FFDF71DFE002828D100227423E25453
:107FA000EFF31080012181F3108823681D680132EE
:107FB000FF322A431A6080F31088EFF31080012308
:107FC00083F31088226893680B43936080F31088D2
:107FD000EFF31081012383F3108822689368402017
:107FE0000343936081F31088002070BD102280232A
:107FF000E25000220C3BE254543BE3670120F4E7DB
:10800000697800084D7800081D75000870B5C36FC9
:10801000202B01D0022070BD00292DD0002A2DD0A8
:1080200080235B0184689C421FD07423C35C012BB6
:1080300026D001247423C454002303660368114C22
:10804000A3420FD05B681B020CD5EFF31085012310
:1080500083F31088046826688023DB04334323609D
:1080600085F31088FFF778FFD5E70369002BDCD193
:10807000CB07DAD50120CEE70120CCE70120CAE703
:108080000220C8E7004800407047842801D0033030
:1080900070470020FCE7EFF30580431E98417047CE
:1080A00010B500F0D9FD002010BDF0B5CE4600B5EA
:1080B00088B0040005914569002D18D08669002E0E
:1080C00015D04768026891460822805EFFF7DDFF01
:1080D0002269029601950090059B4946380000F000
:1080E00063FD0790079808B004BC9146F0BD666830
:1080F000276825690823E05EFFF7C7FFAAB207AB30
:1081000001930090059B3900300000F074FD0128B8
:10811000E8D00020E7E710B5002800D1013000F0DA
:10812000C9FE002010BD10B582B08268002A0AD0B6
:10813000C368002B07D0416800680024009400F059
:10814000B9F902B010BD41680068002200F0E6F9FC
:10815000F7E7000030B585B0050001911400002359
:108160000393002A00D10134FFF795FF002812D0B5
:10817000002303AA01A9280000F092FA012801D0E7
:10818000FF2011E0039B002B10D080225205094BE9
:108190001A60002008E00023220001A9280000F056
:1081A000DFF9012804D0FF2005B030BD0020FBE737
:1081B0000020F9E704ED00E070B584B004000D0084
:1081C0001600029100230193002918D00023039385
:1081D000531C1BD0FFF75FFF00281DD003AA01A985
:1081E000280000F049FB012813D000230093039BD3
:1081F000002B1CD080225205134B1A6017E06B46EF
:1082000080220092020023CB23C214E00126764292
:10821000E0E710230093EAE7320001A9280000F00C
:1082200098FA01280AD0002E0BD1002300936B4648
:10823000220023CB23C2200004B070BD1023009382
:10824000F5E74023F2E7C04604ED00E00300083301
:108250004360012252428260C360036100230360D5
:10826000704700230361704743684B609A688A60D7
:108270009A68516099600861036801330360704730
:1082800030B50C68631C02D00200083202E00269BB
:1082900004E01A0053681D68AC42FAD253684B6080
:1082A00099608A605160086103680133036030BDE2
:1082B00003694268816891608268416851605A68C8
:1082C000904206D0002202611A68013A1A601868CA
:1082D000704782685A60F5E710B5040000F0A0FF0F
:1082E000A26BE36B9A4204D0002400F0A5FF2000AB
:1082F00010BD0124F9E710B5040000F091FFA36B55
:10830000002B04D0002400F097FF200010BD0124B2
:10831000F9E770B504001600856B026C002A0AD1DB
:108320000368002B2ED1806800F0BCFE0023A36000
:108330000135A56370BD002E0ED1406801F09EFA94
:108340006368226C944663446360A26893421BD3C3
:10835000236863600020EBE7C06801F08FFA236CAC
:108360005B42E268D218E26021688A4203D2A268C6
:1083700094466344E360022E08D1002D08D0013DED
:108380000020D5E70020D3E70020D1E70020CFE789
:108390000020CDE710B50C00026C002A0BD0C3689A
:1083A0009B18C36081688B4201D30368C360C168B6
:1083B000200001F063FA10BD70B5050000F030FF39
:1083C0004523EC5C64B201E0013C64B2002C0BDD9F
:1083D0006B6A002B08D02800243000F0D7FD00285D
:1083E000F2D000F049FEEFE7FF224523EA5400F007
:1083F00023FF00F015FF4423EC5C64B201E0013C74
:1084000064B2002C0BDD2B69002B08D02800103043
:1084100000F0BCFD0028F2D000F02EFEEFE7FF22B6
:108420004423EA5400F008FF70BD70B504000D004D
:10843000002823D000F0F4FE2268E36B206C0100DA
:1084400059435118A1600021A1636260013B43437D
:10845000D318E360FF234422A3540132A354002D18
:1084600011D12369002B05D02000103000F08EFDC3
:10847000002805D100F0E0FE012070BD72B6FEE7D5
:1084800000F0C2FEF6E720001030FFF7DFFE20000C
:108490002430FFF7DBFEEDE710B5029B002907D083
:1084A0001A60D863196401211800FFF7BEFF10BDE0
:1084B0001B60F6E770B584B01D0008AB1B78002880
:1084C00001D172B6FEE7002D08D0002A08D000299D
:1084D00008D00124002C07D172B6FEE772B6FEE781
:1084E0000124F7E70024F5E7002A02D1002900D093
:1084F0000024002C01D172B6FEE748240394039CAB
:10850000482C01D072B6FEE7039C012646242E5566
:108510000095FFF7C1FF280004B070BDF0B583B02F
:1085200006000F001500002801D172B6FEE70029F1
:1085300002D00800704300E00020483000F01CFF2B
:10854000041E0AD00200483200214623C154009084
:108550002B0039003000FFF79FFF200003B0F0BD73
:10856000F0B585B004000F0001921E00002806D06F
:10857000002906D00125002D0AD172B6FEE772B699
:10858000FEE7036C002B01D10125F4E70025F2E79B
:10859000022E03D0002D06D172B6FEE7E36B012B4D
:1085A000F8D00025F6E700F06DFD002803D1019B0F
:1085B000002B00D00025002D01D172B6FEE700256A
:1085C00036E0320039002000FFF7A3FE636A002B7B
:1085D0000CD02000243000F0D9FC002801D000F09D
:1085E00013FE00F029FE012005B0F0BD0028F8D0F0
:1085F00000F00AFEF5E700F01FFE0020F4E700F0AF
:108600001BFE01A902A800F005FD002841D12000B1
:10861000FFF762FE002836D020001030019900F0EC
:10862000A3FC2000FFF7C8FE00F0D8FB002827D0ED
:1086300000F0F6FDA36BE26B9342C2D3022EC0D0D2
:10864000019B002BD7D0002D03D102A800F0DAFC4B
:10865000013500F0F1FD00F037FB00F0E1FD4423AF
:10866000E35C5BB2013302D100224423E254452390
:10867000E35C5BB20133C2D100224523E254BEE782
:1086800000F0C2FDD4E72000FFF796FE00F0A6FB45
:10869000CEE72000FFF790FE00F0A0FB0020A3E74C
:1086A000F0B583B00400009116001F00002807D029
:1086B000009B002B06D00123002B0AD172B6FEE7E7
:1086C00072B6FEE7036C002B01D10133F4E70023FF
:1086D000F2E7022F03D0002B06D172B6FEE7E26B61
:1086E000012AF8D00023F6E700F0B6FD0190A36B55
:1086F000E26B934201D3022F23D14523E55C6DB297
:108700003A0000992000FFF704FE6B1C13D1636A46
:10871000002B18D02000243000F038FC002814D0A2
:10872000002E14D0012333600124019800F098FD3D
:10873000200003B0F0BD01356DB24523E55401249E
:10874000F3E70024F1E70124EFE70124EDE701243A
:10875000EBE7F0B585B004000E000192002806D0CA
:10876000002906D00125002D0AD172B6FEE772B6A7
:10877000FEE7036C002B01D10125F4E70025F2E7A9
:1087800000F080FC002803D1019B002B00D00025C5
:10879000002D01D172B6FEE700272BE0310020004A
:1087A000FFF7F8FD013DA5632369002B07D02000EA
:1087B000103000F0EBFB002801D000F025FD00F0A8
:1087C0003BFD012005B0F0BD00F036FD0020F9E7CB
:1087D00002A800F017FC013716E000224423E254FF
:1087E0001DE000224523E2541EE02000FFF7E4FDD7
:1087F00000F0F4FA00F014FDA56B002DCED1019B22
:10880000002BE1D0002FE3D000F016FD00F05CFA61
:1088100000F006FD4423E35C5BB20133DDD0452369
:10882000E35C5BB20133DCD000F006FD01A902A8D5
:1088300000F0F0FB002813D12000FFF75CFD0028BA
:10884000D3D020002430019900F08EFB2000FFF7E8
:10885000B3FD00F0C3FA0028CCD100F0D5FCC9E785
:108860002000FFF7A9FD00F0B9FA2000FFF743FD53
:108870000028BFD00020A5E7F0B583B00400009128
:108880001600002807D0009B002B06D00123002BE8
:108890000AD172B6FEE772B6FEE7036C002B01D177
:1088A0000133F4E70023F2E700F0D6FC0190A76B58
:1088B000002F24D04423E55C6DB200992000FFF71F
:1088C00069FD7B1EA3636B1C13D12369002B18D099
:1088D0002000103000F05AFB002814D0002E14D0D5
:1088E000012333600124019800F0BAFC200003B09A
:1088F000F0BD01356DB24423E5540124F3E70024B3
:10890000F1E70124EFE70124EDE70124EBE70000A4
:10891000084B9B6A1B68002B06D0064B9A6AD268EC
:10892000D2685268DA62704701225242014BDA6221
:10893000F9E7C0466C050020F0B583B000900193C4
:10894000089C0A9E204B9C4662449200336B9C46D6
:10895000624407239A431700002931D000230F2BCC
:1089600009D8C8180578F218343215700278002A30
:1089700001D00133F3E700224323F254062C00D93F
:108980000624F46274640025B564301DFFF769FCA9
:1089900030001830FFF765FC366107231C1BB461FB
:1089A0007662F5644933F554019A0099380000F075
:1089B000FBFB3060099B002B00D01E6003B0F0BDB4
:1089C00000223423F254D9E7FFFFFF3FF8B500241B
:1089D00008E0A3001B199A00104830308018FFF7F8
:1089E00035FC0134062CF4D90D4C27003C373800F7
:1089F000FFF72CFC260050363000FFF727FC074D10
:108A000028001430FFF722FC20006430FFF71EFC22
:108A10002800FFF71BFCAF62A667F8BD6C050020BD
:108A2000EC05002010B5040000F0FAFB1F4AD36FDC
:108A30000133D3671E4B1B68002B2BD01C4B5B688C
:108A4000002B07D11A4B1B68DB6AE26A934201D8FC
:108A5000174B1C60164B9A6801329A60E26ADB6819
:108A60009A4201D9124BDA60211D93009B189A009B
:108A7000104830308018FFF7F7FB00F0DDFB0C4B9F
:108A80005B68002B05D00A4B1B68DA6AE36A9A42DE
:108A900008D310BD064B1C60D36F012BDAD1FFF752
:108AA00095FFD7E700F0B0FBF3E7C046EC050020E8
:108AB0006C0600206C05002010B504005123C35C37
:108AC000002B05D0012B0AD0022B07D072B6FEE78F
:108AD000006B00F0B5FC200000F0B2FC10BD00F00F
:108AE000AFFCFBE770B513E000F09AFB0B4C236F73
:108AF000DD68281DFFF7DCFBE36F013BE367084AF5
:108B00001369013B136100F097FB2800FFF7D4FFC6
:108B1000034B1B69002BE7D170BDC046EC0500205C
:108B20006C06002010B5FFF7DDFF034B1B6B012B1C
:108B3000F9D900F069FBF6E76C05002070B5040078
:108B40000D00164B5E6918680430FFF7B1FB631C1B
:108B500012D03419114B1B685C60A64215D8104D19
:108B6000A86A0E4B19680431FFF78AFBEB6A9C4236
:108B700012D20B4BDC620FE0002DEAD0074B1968D4
:108B800004310748FFF770FB06E0064B986F034B74
:108B900019680431FFF774FB70BDC0466C060020F5
:108BA0006C050020EC05002070B586B00B9D0C9C78
:108BB000002D08D0002C08D054260496049E542E74
:108BC00005D072B6FEE772B6FEE772B6FEE7049E07
:108BD000256302265125665500250395029405ADAF
:108BE00001950A9D0095FFF7A7FE2000FFF71AFFE9
:108BF000059806B070BDF0B587B0049005911400DB
:108C00001F00900000F0B8FB061E20D0542000F09A
:108C1000B3FB051E17D00663002D1AD00023512286
:108C2000AB54039302950D9B01930C9B00933B0067
:108C3000220005990498FFF77FFE2800FFF7F2FE57
:108C4000012007B0F0BD300000F0FAFBE4E700259A
:108C5000E2E701204042F4E710B588B00024059413
:108C6000069407AA06A905A8FAF720FC059B02931B
:108C7000069B019300940023079A0F490F48FFF7C2
:108C800093FF002806D00123012B05D0013310D01B
:108C900008B010BD0023F7E772B601225242084B1C
:108CA000DA62084B02325A6000225A6100F08EFAF2
:108CB000EEE772B6FEE7C046C4DC0008258B00086C
:108CC0006C0500206C060020024A93690133936111
:108CD0007047C0466C060020014B58697047C0467B
:108CE0006C060020F8B53A4B9B69002B63D1384BDA
:108CF0005D6901355D61002D12D1364B9B6A1B68A1
:108D0000002B01D072B6FEE7324A916A324B986F5F
:108D1000906299672E4AD3690133D361FFF7F8FD5A
:108D20002C4BDB6A9D423CD20024294B1B68DA6A3B
:108D300093009B189A00274B9B181B6B012B3FD964
:108D400001243DE00124234B9B6A1B68002B2AD0A1
:108D5000204B9B6ADB68DE6873689D4228D3371D11
:108D60003800FFF7A5FAB36A002B03D030001830A3
:108D7000FFF79EFAF26A164BDB689A4201D9144B50
:108D8000DA6093009B189A0012483030801839003E
:108D9000FFF76AFAF26A0E4B1B68DB6A9A42D1D27D
:108DA000D1E70024CFE7012252420A4BDA62BCE746
:108DB000084AD362B9E7064A136A013313620024F2
:108DC000034B5B6A002B00D001242000F8BDC04695
:108DD0006C0600206C050020EC05002070B5324BBD
:108DE0009B69002B01D172B6FEE700F019FA2E4BF9
:108DF0009A69013A9A619B69002B51D12B4BDB6F29
:108E0000002B04D1002400F017FA200070BD0024CC
:108E1000274B5B69002B24D0254B1B6ADC682000A4
:108E20001830FFF745FA251D2800FFF741FAE26ADE
:108E30001D4BDB689A4201D91B4BDA6093009B18EB
:108E40009A001B48303080182900FFF70DFA164BA6
:108E50001B68DB6AE26A9A42DAD30122124B5A6239
:108E6000D6E7002C01D0FFF753FD0F4B1C6A002CF6
:108E70000AD10D4B5B6A002B14D000F0C5F9012418
:108E8000C1E7013C002C07D0FFF72CFF0028F8D0E9
:108E90000122054B5A62F4E70022034B1A62E8E70D
:108EA0000024B0E70024AEE76C060020EC050020AB
:108EB0006C05002010B5041E0ED00A4B9B69002BD8
:108EC00001D072B6FEE7FFF7FFFE00212000FFF79A
:108ED00035FEFFF783FF00E00020002801D100F0FD
:108EE00093F910BD6C06002010B51D4B9B69002B3B
:108EF0000FD11B4B00225A62DB689A00D2189100F6
:108F0000184A5218126B002A09D1002B05D0013BD8
:108F1000F3E70122124B5A6210BD72B6FEE7114A06
:108F20009900CC18A0001018446B64684463303278
:108F3000C91888000830121894420AD09A00D21832
:108F40009100084A5218526BD168054A1160D360EB
:108F5000E2E760688900034A52185063EEE7C046B2
:108F60006C0600206C05002010B50C00002801D113
:108F700072B6FEE7044B19681831FFF781F9012139
:108F80002000FFF7DBFD10BD6C06002070B5C36844
:108F9000DC68002C27D0250018352800FFF788F959
:108FA000164B9B69002B20D1251D2800FFF780F967
:108FB000E26A124BDB689A4201D9104BDA609300E7
:108FC0009B189A000E48303080182900FFF74CF9A2
:108FD000E26A0A4B1B68DB6A9A420CD90122074BF2
:108FE0005A62012070BD72B6FEE7290004481430B1
:108FF000FFF73AF9ECE70020F4E7C0466C060020E2
:109000006C050020024BDA6902605B6943607047BF
:109010006C060020F8B505000C0000281AD00029C5
:109020001AD000F0FDF8134B58696968421A23689A
:109030005E1C1AD00F4EF6692F68B74201D08842E5
:1090400015D29A420AD300232360012400F0F4F8D9
:109050002000F8BD72B6FEE772B6FEE79B1A2360E9
:109060002800FFF7CFFF0024F0E70024EEE70124FB
:10907000ECE7C0466C0600200122014B5A627047A3
:109080006C060020064B5B68002B05D0044B9B69E7
:10909000002B03D1022070470120FCE70020FAE7F3
:1090A0006C06002070B5041E2CD0194B1B6898422A
:1090B00001D072B6FEE7836C002B01D172B6FEE7D9
:1090C000013B8364C26A416C8A421DD0002B1DD1D2
:1090D000051D2800FFF7ECF8636CE3620722D21A43
:1090E000A2610B4AD268934201D9094AD3609A001F
:1090F000D3189A000748303080182900FFF7B4F8D9
:10910000012070BD0020FCE70020FAE70020F8E70E
:109110006C0600206C05002082B000230193064BF2
:109120001B68013301D072B6FEE772B6019B002BBB
:10913000FCD002B07047C0460C00002000000000C8
:109140000B4A13681868203080F30988022080F3E6
:109150001488BFF36F8F3FBCAE4608BC04BC62B638
:109160001847C046C046C046C046C046C046C04676
:109170006C06002010B5084C00232360074A1360DA
:10918000074B1868FA218900F6F7BEFF0138054B36
:1091900018600723236010BD10E000E018E000E035
:1091A0000000002014E000E010B5031F80246404D8
:1091B0001C60043B1960043B02491960143B1A60AF
:1091C000403810BD199100087047000010B50C4BD5
:1091D0001968FF2212040A431A601968FF22120656
:1091E0000A431A60FFF7C6FF0022064B1A60FFF71A
:1091F000A7FFFFF779FEFFF78FFF002010BDC046E5
:1092000020ED00E00C00002080225205034B1A6084
:10921000BFF34F8FBFF36F8F7047C04604ED00E080
:1092200072B6044A136801331360BFF34F8FBFF364
:109230006F8F70470C000020064B1B68002B01D17C
:1092400072B6FEE7013B034A1360002B00D162B601
:109250007047C0460C000020EFF3108072B67047D4
:1092600080F310887047000000000000000000003C
:10927000EFF309800E4B1A6820381060F0C04446A6
:109280004D4656465F46F0C008B572B6FFF72CFE55
:1092900062B60CBC116808681030F0C8A046A94638
:1092A000B246BB4680F309882038F0C81847C0464C
:1092B0006C06002010B5FFF7CFFF0400FFF712FD8A
:1092C000002803D080225205024B1A602000FFF7CD
:1092D000C7FF10BD04ED00E010B5114A53071BD0C5
:1092E000D11D07239943C0231B015B1A9B180A0059
:1092F0000C490A6000204860D318083B0724A343A8
:109300008B6058601860981A50601360C8600861DC
:1093100080231B064B6110BDC0231B01E8E7C0463C
:10932000940600209412002010B5124B1A68824255
:1093300019D359685C18A04203D1406809185960D4
:10934000180041684418A24211D10A4CA468A242F4
:109350000BD05268891841601A68126802609842FE
:1093600000D0186010BD1300E0E70460F7E702606A
:10937000F5E7C0469412002070B50400FFF7A4FC86
:109380002E4B9B68002B0FD02C4B5B6923424AD19C
:10939000002C0CD00834630709D007239C43083401
:1093A000234204D072B6FEE7FFF796FFECE7002CED
:1093B0003BD0224B1B699C4239D8204B1D6801E0F1
:1093C0002B0015006A68944202D92A68002AF7D156
:1093D0001A4A926895422CD01E6808362A681A608C
:1093E0006B681B1B102B08D92819420701D072B6D5
:1093F000FEE743606C60FFF797FF69680F4A1369E7
:109400005B1A1361D268934201D20C4AD3600B4BB2
:109410005B690B436B6000232B60FFF7DFFC730776
:1094200009D072B6FEE70026F7E70026F5E700262A
:10943000F3E70026F1E7300070BDC046941200202B
:1094400070B5002820D00500083D6B680F4A5269AE
:109450001A4201D172B6FEE70100083909680029F5
:1094600001D072B6FEE70838040093434360FFF76B
:109470002BFC6368054A11698C466344136128001C
:10948000FFF752FFFFF7AAFC70BDC0469412002000
:109490000D4885460D480E490E4A002302E0D45877
:1094A000C4500433C4188C42F9D30B4A0B4C00232C
:1094B00001E013600432A242FBD3FBF737FD00F05A
:1094C000B9F9FBF7D1FAFEE70050002000000020B8
:1094D000E4010020B0DF0008E801002084450020FE
:1094E000FEE7F8B50D001700002405E06E1C00E053
:1094F00000BF287001343500BC42F7DB3800F8BDEE
:1095000070B51600002405E04D1C0878FBF79EF9A5
:1095100001342900B442F7DB300070BD10B5030000
:109520000B4A1268002A08D0094A1068C3186A4614
:10953000934206D8064A136010BD0649044A1160DA
:10954000F2E700F071F90C23036001204042F3E7D9
:10955000AC12002088450020012040427047802343
:109560009B014B600020704701207047002070472E
:1095700070B5041C0D1C00F011F8002802D12C1C41
:10958000201C70BD281C00F009F80028F8D0291C08
:10959000201CF6F755FF0028F1D0F1E74000400805
:1095A0000ED00A4B0A4AC31893420BD9094A431EEC
:1095B000934209D9084B9C46604443425841704746
:1095C0000220FCE70420FAE70320F8E7000080FF10
:1095D000FFFFFF7EFEFF7F000000808043001B0E28
:1095E0001900012210B5C41794437F3901343E2974
:1095F00012DC002913DB80224002400A12041043CF
:10960000162911DD1A00963AB63B1DD40100994087
:109610000B00904002000FE0F6F788FF10BD4B1CD6
:109620000FD12000E117F9E78022D2030A41172366
:109630001218591ACA400023E1172000F6F734FF28
:10964000ECE700200021E9E7202301009B1AD94024
:109650000B00DEE770B5FF25C30D2B401A007F3AE3
:1096600082B01E2A24DC511C1FDBC40F162A22DC08
:10967000154BA200D658011C301CF7F781F8019059
:109680000198311CF7F720FD43000ED080214302E2
:109690005B0A090419439623C00D05405D1BE94090
:1096A0000800002C02D0404200E0002002B070BD53
:1096B000F7F7E4FEFAE780214002400A0904084374
:1096C000963B9840EDE7C046CCDC0008F0B500259D
:1096D0008DB0041C00F04CF8234B061C5D576B1C2E
:1096E0000BD0211C201CF7F7B3FE071E05D100216B
:1096F000201CF6F791FE002802D1301C0DB0F0BD01
:1097000001230293194B201C03930A97F9F7A4FB3A
:10971000002206900791049005910023002D15D09A
:1097200010001900F8F770FA08900991022D0FD176
:1097300000F07AF8212303600A9B0193002B0DD1DE
:1097400008980999F9F7DAFB061CD6E708920993FD
:1097500002A800F067F80028EED1E9E700F064F80D
:109760000A9B01930360EBE710000020D4DC0008A3
:109770002A49430070B50200041C5B088B423BD8A9
:10978000002B38D000283EDB2549C6158B420BD86C
:109790008020000420423DD1002300E00B00520055
:1097A000591C0242FAD0F61A802352021B04520AB4
:1097B0001A437F3E5300F10700D5930080227010BA
:1097C0001921002600255204AC189C4202DCA51881
:1097D0001B1BB61801395B0052080029F4D1002B7D
:1097E00002D0012301369E43FC239B059C46761044
:1097F0006644C005801970BD011CF7F733FB211CBE
:10980000F6F7BEFFF7E7011CF7F75EFC011CF7F760
:1098100051F9F0E701235B42C5E7C046FFFF7F7FB8
:10982000FFFF7F0000207047014B18687047C0465B
:109830001400002070B500260C4D0D4C641BA410C4
:10984000A64209D1002602F097FE0A4D0A4C641B7D
:10985000A410A64205D170BDB300EB58984701365D
:10986000EEE7B300EB5898470136F2E7A8DF0008AF
:10987000A8DF0008A8DF0008ACDF0008002310B54F
:109880009A4200D110BDCC5CC4540133F8E7030008
:109890001218934200D1704719700133F9E7F0B5FF
:1098A0008BB014001D1E129953DA802424061B1954
:1098B0001D0014002D230B702023149E03229E43B1
:1098C000462E07D03300453B59424B411099013A8F
:1098D000CB18109309AB049308AB0393139B00922E
:1098E0000293109B220001932B0000F0A9FE0700B9
:1098F000472E02D1119BDB0724D5109BFB18079341
:10990000462E14D13B78302B0CD1002200232000AE
:109910002900F9F705FC002804D10123109A9B1AAD
:10992000139A1360139B079A1B68D318079300229E
:10993000002320002900F9F7F3FB302200280DD086
:10994000079B09933800099B159ADB1B13600BB02A
:10995000F0BD0023AFE7591C09911A70099B0799C4
:109960008B42F8D3EEE7F0B5831C85B00193060077
:109970000C0002702B23002901DA2D234C42737056
:10998000092C22DD02ABDD1D20000A21F6F72CFD9B
:109990006F1E3031397020000A21F6F73FFC0400B9
:1099A00009280BDC023D3034019B2C7002AA0732DF
:1099B0001800AA4204D8801B05B0F0BD3D00E3E7C3
:1099C0002A7801351A700133F0E73023E418B370B8
:1099D000301DF470EFE70000F0B595B00C000A926E
:1099E0000B931A9D099001F097FD036818000C93E2
:1099F000F9F7CCFC0023129323680E900D930D9978
:109A0000277E2B680722C90545D59B1893431A006A
:109A100008322A601A685B68A264E3640122E56C7C
:109A2000A66C6B005B080F935242AC4B30000F9951
:109A3000F9F7BEFC002830D10122A84B5242300079
:109A40000F99F9F77DFB002827D100220023300071
:109A50002900F9F76BFB002803D023002D224333A4
:109A60001A709F4D472F00D89E4D032300260D9A54
:109A7000236101339A4322600B9B13AA00932100B8
:109A80000A9B099800F0F4F9431C00D093E00120F0
:109A9000404215B0F0BD0733B8E732002B0030006C
:109AA0002900F9F785FC002804D08F4D472FDCD81A
:109AB0008E4DDAE780230D996268DB000B43511C61
:109AC00043D10732626012AA0021059211AA0392C3
:109AD000232223600691019308A963685218029219
:109AE000009332002B0004970998FFF7D8FE20233B
:109AF0003A0005009A43472A07D1119BDA1C02DB82
:109B00006268934245DD023FFFB21199652F25D867
:109B1000200001393A0050301191FFF724FF129ACA
:109B2000060013182361012A02DC2268D20701D53E
:109B300001332361232308AA9B181B78002B9BD099
:109B400023002D2243331A7096E7672F00D176E168
:109B5000472FB8D1002AB6D10122B3E7662F19D119
:109B6000636800290CDD2161002B02D12268D20735
:109B700002D501335B182361119B0026A365D9E749
:109B8000002B03D101222168114200D09A1C2261CE
:109B9000F2E76727119B129A934205DB2268236143
:109BA000D207E9D50133E6E70121002B01DC491892
:109BB000C91A5218EBE72268530508D423692A0012
:109BC0000A9909980B9DA847431C29D15FE7652F87
:109BD00000D8E0E0A06CE16C00220023F9F7A0FAC5
:109BE000002834D00123424A0A9909980B9DA847BE
:109BF000431C00D14BE7119B129A934202DB23686E
:109C0000DB070DD50B9D0E9B0C9A0A990998A84766
:109C10000025431C00D13AE7129B013BAB420ADC12
:109C200023689B0700D508E1139BE068984200DB9E
:109C30002FE718002DE7220001231A320A9909980C
:109C40000B9EB047431C00D121E70135E4E7119B8F
:109C5000002B2DDC0123264A0A9909980B9EB04758
:109C6000431C00D113E7119B002B05D1129B002B45
:109C700002D12368DB07D3D50B9E0E9B0C9A0A9961
:109C80000998B0470026431C00D100E7119B5B42B6
:109C9000B34201DC129B92E7220001231A320A9997
:109CA00009980B9FB847431C00D1F0E60136EDE759
:109CB000A36D129F9F4200DD1F00002F08DD3B00B7
:109CC0002A000A9909980B9EB047431C00D1DEE692
:109CD00000230D93FB43DB170F9318E0FFFFEF7F8B
:109CE000E4DC0008E0DC0008ECDC0008E8DC00084C
:109CF000F0DC0008220001231A320A9909980B9E11
:109D0000B047431C00D1C2E60D9B01330D930F9B5E
:109D1000A66D0D9A3B40F31A9342EBDC119B129A0D
:109D2000AD19934210DB2368DB070DD4129F119B02
:109D3000BE1BFF1AB74200DD3700002F0DDCFE43CB
:109D4000F31700250C931CE00E9B0C9A0A990998B6
:109D50000B9FB847431CE9D199E63B002A000A99BA
:109D600009980B9DA847431CE9D190E622000123E6
:109D70001A320A9909980B9EB047431C00D186E617
:109D80000135119A129B0C999B1A3A000A409B1AB2
:109D9000AB42EBDC44E7129B012B02DC01231A42AD
:109DA00032D001232A000A9909980B9FB847431C17
:109DB00000D16CE60E9B0C9A0A9909980B9F01350D
:109DC000B847431C00D162E6A06CE16C129B0022F4
:109DD0005F1E0023F9F7A4F93B00002814D00025EA
:109DE0000AE0220001231A320A9909980B9FB8470A
:109DF000431C00D14BE60135129B013BAB42F0DC2A
:109E0000220033005032DBE62A000A9909980B9DA4
:109E1000A847431CF4D13AE62200012319320A99DB
:109E200009980B9EB047431C00D130E60135E3682A
:109E3000139A9B1AAB42EFDCF6E60025F7E7002AFF
:109E400000D189E60021069112A9059111A903917B
:109E5000232108A809182360019300922B0004977E
:109E6000029132000998FFF71AFD050045E6C04649
:109E7000F7B5150001938A680B6900900C009342B6
:109E800000DA130022002B6043321278002A01D03E
:109E900001332B6023689B0602D52B6802332B60AD
:109EA000062723681F4027D0230043331B785A1E00
:109EB00093412268920630D42200019943320098DF
:109EC000089EB047431C25D0062320682A68E16815
:109ED00003400025042B03D18D1AEB43DB171D40F3
:109EE000A3682269934201DD9B1AED180027BD4249
:109EF00020D1002010E00137E3682A689B1ABB429A
:109F0000D2DD22000123193201990098089EB04742
:109F1000431CF0D101204042FEBD3020E118433106
:109F2000087021005A1C45310978A21843320233C7
:109F30001170C1E7220001231A3201990098089E8E
:109F4000B047431CE6D00137D1E70000F0B589B037
:109F500004920A0043320593039002920A7E0C0099
:109F60000E9B6E2A00D186E01FD8632A33D008D812
:109F7000002A00D18CE0582A4DD0250042352A70A5
:109F800030E0642A01D0692AF7D1196825680A1DD2
:109F9000280629D508681A60002803DA2D23029ABA
:109FA000404213706B4E0A274FE0732A74D008D8D2
:109FB0006F2A1FD0702AE0D1202209680A4322604C
:109FC00003E0752A16D0782AD7D1220078214532AD
:109FD0001170614E22E025001A684235111D19608A
:109FE00013682B70012365E008681A606906D3D5F1
:109FF00000B2D1E719682568081D186008682E06A8
:10A0000005D5544E08276F2A1BD00A2719E06D0684
:10A01000F7D580B2F5E745314E4E0A7018682268D0
:10A02000011D00681960150621D5D30702D520232C
:10A030001A4322601027002803D1202322689A4364
:10A0400022602300002243331A706368A360002B50
:10A0500058DB0422216891432160002854D1029DDD
:10A06000002B5AD02500337842352B7055E0550629
:10A07000DBD580B2D9E71A680D68101D49691860F0
:10A0800013682E0601D5196002E06D06FBD5198014
:10A090000023029D23614FE01A68111D19601568A5
:10A0A00000216268280001F0B9FA002801D0401BA5
:10A0B0006060636823610023029A13703CE02369A7
:10A0C0002A0004990398059DA847431C3ED02368A5
:10A0D0009B0715D4079BE068984239DA180037E0EF
:10A0E00022000123193204990398059EB047431CAE
:10A0F0002CD00135E368079A9B1AAB42F0DCE9E704
:10A100000025F7E70028ADD0029D3900F6F782F868
:10A11000735C013D2B700028F7D1082F09D123680B
:10A12000DB0706D563682269934202DC3023013DD8
:10A130002B70029B5B1B2361059B07AA00932100E8
:10A14000049B0398FFF794FE431CB8D101204042C2
:10A1500009B0F0BDF2DC000803DD00080FB40B4BC2
:10A1600013B51C68002C05D0A369002B02D1200078
:10A1700001F03EF905AB049AA1682000019301F0BB
:10A180007DFF16BC08BC04B01847C0461400002070
:10A19000084B70B51C680500002C05D0A369002B86
:10A1A00002D1200001F024F92900A268200002F069
:10A1B0007BF870BD1400002070B505000E0000286B
:10A1C00004D08369002B01D101F012F9AB69AC68AE
:10A1D000002B02D1280001F00BF9244B9C420FD137
:10A1E0006C68A3891B0702D52369002B1FD12100AE
:10A1F000280000F029F9002819D00120404270BD44
:10A200001B4B9C4201D1AC68EBE71A4B9C42E8D156
:10A21000EC68E6E70136A360002B04DAA2699A42F3
:10A2200016DC0A2914D023685A1C22601970A3680E
:10A230003178013B0029EDD1A360002B0FDA220019
:10A240000A31280000F0AAF8431CD6D00A20D6E72D
:10A250002200280000F0A2F8431CE8D1CDE70A2034
:10A2600023685A1C22601870C9E7C04644DD000804
:10A2700064DD000824DD000810B5034B01001868F8
:10A28000FFF79AFF10BDC046140000200EB400B5C1
:10A290000B499CB01DAB02900690079104910948B0
:10A2A000094904CB0591006802A9019301F0C0FDA2
:10A2B0000023029A13701CB008BC03B01847C046B4
:10A2C000FFFFFF7F140000200802FFFF002330B5CE
:10A2D0009A420AD0013AC45CCD5CAC4204D19342AC
:10A2E00002D00133002CF6D1631B180030BD0000F2
:10A2F000F8B5124B06001D680F00AC6D002C16D18E
:10A30000502001F081F9A865046044608460C46055
:10A310000461446184618462C4620463446384634D
:10A32000C463046444648464C46404774462AA6DAE
:10A3300039003000012300F003F8F8BD14000020BC
:10A34000F0B5002804D11068002801D1F0BD20002C
:10A350000E000578441C3778002F04D1002D10D151
:10A3600015602800F2E70136BD42F4D1002BEED192
:10A3700014600370EAE733000DE00135002F03D1CC
:10A380001C000D002678631C2F78BE42F5D1002EEC
:10A39000F1D0002121701360D8E70000F8B5050066
:10A3A0000E001400002804D08369002B01D101F0B5
:10A3B0001FF8224B9C422DD16C68A369A360A3892E
:10A3C0001B0731D52369002B2ED023682269F7B2F1
:10A3D000981A6369F6B2834205DC2100280000F078
:10A3E00099FF002826D1A3680130013BA3602368B0
:10A3F0005A1C22601F706369834204D0A389DB0763
:10A400001AD50A2E18D12100280000F083FF002859
:10A4100012D00FE00A4B9C4201D1AC68CDE7094B4A
:10A420009C42CAD1EC68C8E72100280000F00CF873
:10A430000028CAD0012676423000F8BD44DD00086D
:10A4400064DD000824DD0008364B70B51D68060089
:10A450000C00002D05D0AB69002B02D1280000F0C4
:10A46000C7FF314B9C420FD16C680C23E25E93B264
:10A4700019072DD4D90611D40923012033603733AD
:10A480001343A381404270BD284B9C4201D1AC686C
:10A49000EBE7274B9C42E8D1EC68E6E75B0713D576
:10A4A000616B002908D023004433994202D0300068
:10A4B00001F0B4FB002363632422A3899343A381A7
:10A4C00000236360236923600823A2891343A381C7
:10A4D0002369002B0BD1A0218022A389890092003F
:10A4E0000B40934203D02100300001F049F80123D2
:10A4F000A289134011D00023A36063695B42A3616A
:10A50000002023698342BED10C23E25E1306BAD534
:10A5100040231343A3810138B5E7920700D4636950
:10A52000A360EDE71400002044DD000864DD0008AE
:10A5300024DD0008F0B503690C6989B007000591B6
:10A540000026A34265DB0B00013C1433A5000393F6
:10A550005B1904930300143302935D19049B28686C
:10A560001B68591C0193F5F7CFFD0190B04229D02B
:10A57000039B02989C460696624608CA9446019A36
:10A5800099B251431B0C534389190A0C9B1807932A
:10A590001E0C036889B29AB2069BD2180368521A3D
:10A5A000190C6B469B8BCB1A11145B18191492B2C1
:10A5B0001B041A43049B069104C06345DCD22B683C
:10A5C000002B2DD00599380001F048FA00281FDB38
:10A5D0000025019B0298013303990193026808C981
:10A5E00092B255199AB2AA1A05681B0C2D0CEB1AD7
:10A5F00015145B191D1492B21B04134308C0049B6D
:10A600008B42EBD2029AA300D3181A68002A11D009
:10A61000019E300009B0F0BD2B68002B04D1013C35
:10A62000029B043DAB42F7D33C61CBE71A68002A9A
:10A6300004D1013C029A043B9A42F7D33C61E7E71C
:10A64000F0B516001F00446A9BB00290239D069649
:10A650000797002C08D1102000F0D6FF029B58620B
:10A66000446084600460C460029B5B6A19680029CE
:10A670000BD05A68012393404A608B60029801F026
:10A6800010F80022029B5B6A1A60002F20DA012377
:10A690002B607B005B080793079CB24B220017934B
:10A6A0001A409A4217D1B04B229A1360069B002B96
:10A6B00003D1240301D100F087FDAC4B249A089309
:10A6C000002A02D0AA4B249A136008981BB0F0BD50
:10A6D00000232B60E0E7069E079F00220023300046
:10A6E0003900F8F71DFD051E0BD00123229A1360D7
:10A6F000A04B249A0893002AE7D09F4A24990A6025
:10A70000E3E718AB019319AB009332003B000298CA
:10A7100001F022FA630003905B0D74D03A03974C6A
:10A72000120B14432100964A300016959E18002201
:10A73000944BF7F7DDFF944A944BF7F767FD944A83
:10A74000944BF6F745FF040030000D00F8F718FBB6
:10A75000914A924BF7F75AFD02000B0020002900A6
:10A76000F6F736FF04000D00F8F794FC002207000E
:10A77000002320002900F8F7D9FC002809D0380070
:10A78000F8F7FEFA2B002200F8F7CAFC43425841C2
:10A790003F1A01231493162F0DD88149FB00C918C5
:10A7A00008684968069A079BF8F7D4FC002846D049
:10A7B0000023013F1493189B9E1B00230A93330030
:10A7C000013B0B9304D501239B1B0A9300230B939E
:10A7D000002F36DB0B9B1197DB190B93002304939F
:10A7E000209B0124092B00D984E0052B02DD0024E5
:10A7F000043B2093209B981E032800D984E0F8F79F
:10A80000CDFD7577286A189B199A9E18654BF2182A
:10A81000202A0FDD40239B1A9C40634B0698F318B7
:10A82000D8402043F8F7E6FA0123604C013E0919AD
:10A8300016937CE7202306989B1A9840F2E7149021
:10A84000B9E70A9BDB1B0A937B4204930023119315
:10A85000C6E701230D93219B002B59DD0C9309932F
:10A86000029A556A00226A60043210001430696846
:10A87000984252D9029800F0DCFE029B28605B6A85
:10A880001B680893099B0E2B00D90AE1002C00D10C
:10A8900007E1069B079C12931394002F00DC89E0CC
:10A8A0000F213A003E4B0A40D2009B181D685E689B
:10A8B00002233C110E93E3060BD53D4B0C401A6A64
:10A8C0005B6A12981399F7F79FF903230690079193
:10A8D0000E9300233AE001230D93219BFB180C9368
:10A8E00001330993002BBBDC0123B9E70023B1E757
:10A8F0000023F1E700230D942093013B00220C93E9
:10A90000099313332192ABE701230D93023BF5E743
:10A9100001230C9309931A00F4E701316960520096
:10A92000A3E701231C420ED00E9B214A01330E9354
:10A93000109B2800DB009B1831001A685B68F7F752
:10A9400065FC05000E00109B641001331093002C71
:10A95000E7D1069807992A003300F7F755F90690D2
:10A96000079142E00000F07F0F2700001DDD000886
:10A9700020DD0008F0DC0008F1DC00080000F03FFA
:10A9800001FCFFFF0000F83F61436F63A787D23FE0
:10A99000B3C8608B288AC63FFB799F501344D33FCE
:10A9A000B0DD00083204000012040000000010FEB8
:10A9B00088DD000802230E93002F16D012981399F9
:10A9C0007C420D332340CE4ADB00D3181A685B6803
:10A9D000F7F71CFC002301261D00069007912411A7
:10A9E000002C00D08CE0002BB9D1149B002B00D19F
:10A9F00096E0069C079D0022C24B20002900F8F734
:10AA000095FB002800D18BE0099B002B00D187E04B
:10AA10000C9B002B41DDBC4B002220002900F7F7E6
:10AA2000F5FB0E9B0690079101330E930C9B7E1E47
:10AA30000E981093F8F7A4F9069A079BF7F7E6FB30
:10AA40000022B24BF6F7C4FDB14A0E900F910E9C56
:10AA50000F9D94460F9B634415931D00109B002B84
:10AA600061D1069807990022AA4BF7F741FE220010
:10AA7000159B06900791F8F76DFB002800D0A8E21F
:10AA8000A5480F99844661440B0006980799220057
:10AA9000F8F74CFB002800D095E2129B139C06931C
:10AAA0000794199B002B00DA5CE10E2F00DD59E1C1
:10AAB000934BFA009B185C681B6804930594219BD8
:10AAC000002B00DBD8E0099B002B00DDD4E000D098
:10AAD0007DE20498059900228E4BF7F797FB069AC2
:10AAE000079BF8F741FB099B04931E00002800D048
:10AAF0004FE2089B089A5D1C3123013713704BE22B
:10AB000034420AD00E9B854A01330E93EB009B180A
:10AB10001A685B68F7F77AFB3300641001355FE76A
:10AB20003E00099B84E7109B0D995A1E744BD2007E
:10AB30009B181A685B68002949D000207849F7F70C
:10AB400063F82B002200F7F7D3FD089B0E900F91BE
:10AB5000159306980799F8F79DFA0400F8F710F98D
:10AB600002000B0006980799F7F7C2FD159B3034D9
:10AB70005D1C1C700E9A0F9B06900791F8F7D6FA91
:10AB800000286CD1069A079B00205E49F7F7B0FDBC
:10AB90000E9A0F9BF8F7CAFA002800D0C3E0089B72
:10ABA000109AEB1A9A4200DC77E70E980F99002270
:10ABB000554BF7F72BFB00220E900F910698079943
:10ABC000514BF7F723FB159506900791C1E720003D
:10ABD0002900F7F71BFB089C109A230094460E905F
:10ABE0000F916344159306980799F8F753FA0500F7
:10ABF000F8F7C6F80B00020006980799F7F778FDFA
:10AC00003035159B2570013406900791A3422AD157
:10AC10000E980F99089A109B9446634400221D00D9
:10AC20003F4BF6F7D5FC02000B0006980799F8F7A2
:10AC300091FA002800D076E00E9A0F9B0020384948
:10AC4000F7F756FD02000B0006980799F8F76EFA21
:10AC5000002800D121E76B1E1A78302A01D0370076
:10AC60003FE01D00F7E7069807990022264BF7F70B
:10AC7000CDFA06900791B6E7089E049A059B0698C0
:10AC80000799F6F7C1FFF8F705FA0400F8F778F826
:10AC9000049A059BF7F7BAFA02000B000698079989
:10ACA000F7F726FD230030333370099A089B751C93
:10ACB000EB1A9A4248D102000B00F6F789FC049A7D
:10ACC000059B06900791F8F745FA00282AD1049AC7
:10ACD000059B06980799F8F723FA002801D0E307A7
:10ACE00020D40399029800F0DCFC00232B70229BF7
:10ACF00001371F60249B002B00D1E6E41D60E4E4D3
:10AD0000B0DD00080000F03F0000244000001C40BF
:10AD10000000C0FC000014400000C07C88DD00087A
:10AD20000000E03F3E006B1E1A78392A06D1089ACF
:10AD30009A4207D130231370130001361A7801327A
:10AD40001A708CE71D00EEE70022A44BF7F75EFABD
:10AD500000220023069007912E00F8F7E1F9002861
:10AD60008BD0BEE70D9A002A00D1DAE0209A012AA2
:10AD700000DDBDE0169A002A00D1B5E0984A9B1884
:10AD8000049D0A9C0A9A0121D2180A920B9A0298F1
:10AD9000D3180B9300F025FD0600002C0EDD0B9B55
:10ADA000002B0BDD0B9A2300944200DD13000A9A5E
:10ADB000E41AD21A0A920B9AD31A0B93049B002B13
:10ADC0001FD00D9B002B00D1AFE0002D11D0310022
:10ADD0002A00029800F09EFD039A010006000298E6
:10ADE00000F008FD03991090029800F05AFC109BA7
:10ADF0000393049B5A1B04D00399029800F08AFD28
:10AE000003900121029800F0ECFC119B0490002BB0
:10AE100000D1E3E11A000100029800F07BFD209BC5
:10AE20000490012B00DD82E00025069BAB420ED191
:10AE3000079B1B03AB420AD1179B079A134206D00C
:10AE40000A9B013501330A930B9B01330B93119B32
:10AE50000120002B6CD10B9B18181F2318407ED0AB
:10AE600001331B1A042B70DD1C23181A0A9B2418AB
:10AE70001B180A930B9B1B180B930A9B002B05DDD9
:10AE80001A000399029800F097FD03900B9B002B8A
:10AE900005DD1A000499029800F08EFD0490149BC1
:10AEA000002B5ED00499039800F0D8FD002858DAF2
:10AEB00000230A220399029800F00CFC0D9B013F2D
:10AEC0000390002B00D190E1002331000A22029868
:10AED00000F000FC0C9B0600002B00DD88E0209BAE
:10AEE000022B00DC84E044E03623189A9B1A47E7E3
:10AEF000099B5D1E049BAB4208DB5D1B099B002B7D
:10AF00000CDA0A9B099A9C1A00233BE7049B0495E0
:10AF1000EA1A119B00259B181193EFE70A9C099BE5
:10AF200030E7049D0A9C0D9E37E7049A64E70025EC
:10AF3000049B049A1B69109303339B00D318586831
:10AF400000F006FC2023181A85E7042B95D00A9AF6
:10AF50001C33D2180A920B9AE418D3188CE703001A
:10AF6000F5E7099B002B3DDC209B022B3ADD099B7A
:10AF70000C930C9B002B0CD104990522029800F035
:10AF8000A9FB04900100039800F068FD002800DD93
:10AF9000AFE5219B089DDF430023099304990298A4
:10AFA00000F07FFB002E00D19BE6099B002B05D013
:10AFB000B34203D01900029800F073FB31000298ED
:10AFC00000F06FFB8DE6109B04931E00E1E7002369
:10AFD000FAE7109B370004931E008AE50000244026
:10AFE000330400000D9B002B00D1B2E0099B0C93B1
:10AFF000002C05DD31002200029800F0DDFC060087
:10B000003000002D11D07168029800F012FB310061
:10B01000040033690C319A1C92000C30FEF72EFCB0
:10B0200001222100029800F0C7FC09960600089B47
:10B030000A9304990398FFF77DFA09990D9004008B
:10B04000039800F00BFD320010900499029800F074
:10B050001FFD01230B93C36830340500002B04D17E
:10B060000100039800F0FAFC0B902900029800F010
:10B0700018FB0B9B209A13430ED1069A01331342FF
:10B080000AD1392C26D0109B002B01DD0D9C3134C8
:10B090000A9B5D1C1C7081E7109B002B07DB1D00C9
:10B0A000209B1D4322D10123069A13421ED10B9BE4
:10B0B000002BEDDD03990122029800F07DFC04993C
:10B0C000039000F0CBFC002802DCE1D1E307DFD5E0
:10B0D000392CDBD10A9B0A9A5D1C392313706B1E35
:10B0E0001A78392A67D001321A7057E70A9B5D1C1B
:10B0F0000B9B002B04DD392CECD001340A9BC9E7F3
:10B100000A9B0C9A1C70089BEB1A93423ED00023BA
:10B110000A220399029800F0DDFA099B0390B342DA
:10B1200009D100230A220999029800F0D3FA099064
:10B1300006000A957DE7099900230A22029800F08B
:10B14000C9FA002309900A223100029800F0C2FADD
:10B15000EEE7099B0C93089B069304990398FFF76D
:10B16000E9F9069B30305D1C18700C9A089B0400AE
:10B17000EB1A9A4208DD00230A220399029800F094
:10B18000A9FA06950390E8E70023099303990122A1
:10B19000029800F011FC0499039000F05FFC002875
:10B1A0009DDC01D1E3079AD46B1E1A78302A00D0B7
:10B1B000F4E61D00F8E7089A9A4203D131230137DB
:10B1C0001370EBE61D008AE70B4B249A08930B4B98
:10B1D000002A01D0FFF777FAFFF777FA209B012BBF
:10B1E00000DC21E6119D012035E60C9B002BB2DC32
:10B1F000209B022BAFDDBCE614DD00081CDD00083F
:10B20000F7B58A8905000C00130760D44B68002B42
:10B2100004DC0B6C002B01DC0020FEBDE76A002F74
:10B22000FAD000232E682B6080235B01216A1A402C
:10B2300034D0606DA3895B0706D56368C01A636B61
:10B24000002B01D0236CC01A0200216A00232800C1
:10B25000E76AB847A189431C06D12B681D2B30D85B
:10B260002B4ADA40D3072CD500236360236923607F
:10B27000CB0405D5431C02D12B68002B00D160659F
:10B28000616B2E600029C7D023004433994202D05D
:10B29000280000F0C3FC00206063BEE70123280003
:10B2A000B847431CC6D12B68002BC3D01D2B01D03F
:10B2B000162B01D12E60AFE74023A2891343A3814F
:10B2C000ABE740230B430120A3814042A5E70F6970
:10B2D000002FA1D00B680F60DB1B019300239207A6
:10B2E00000D14B69A360019B002B00DC94E7019B1C
:10B2F0003A00216A2800A66AB047002803DC4023F0
:10B30000A2891343DFE7019B3F181B1A0193EAE769
:10B31000010040200B6970B505000C00002B01D125
:10B32000002070BD002804D08369002B01D100F0FB
:10B330005FF80B4B9C4209D16C680C22A35E002B7A
:10B34000EED021002800FFF75BFFEAE7054B9C42A7
:10B3500001D1AC68F1E7044B9C42EED1EC68ECE71C
:10B3600044DD000864DD000824DD0008002310B57A
:10B37000040003604360836081814366C28103618E
:10B3800043618361190008225C30FEF780FA054BA7
:10B3900024626362044BA362044BE362044B2363A5
:10B3A00010BDC04639C3000861C3000899C3000836
:10B3B000C5C3000810B5024900F08CF810BDC046A6
:10B3C00015B3000870B568254A1E55430E002900C4
:10B3D000743100F06DFC041E08D000212A000160C9
:10B3E00046600C30A0606832FEF751FA200070BD54
:10B3F000836913B50400002B28D18364C3640365FB
:10B40000134B144A1B6882620193984201D10123B5
:10B410008361200000F020F86060200000F01CF83C
:10B42000A060200000F018F80022E06004216068AD
:10B43000FFF79CFF01220921A068FFF797FF022276
:10B440001221E068FFF792FF0123A36113BDC046FC
:10B45000DCDC0008B5B30008F8B51C4B07001E681B
:10B46000B369002B02D13000FFF7C2FF4836B46841
:10B470007368013B04D53368002B07D03668F6E7C4
:10B480000C22A55E002D0DD06834F2E704213800AF
:10B49000FFF798FF30600028F0D10C2304003B60D8
:10B4A0002000F8BD20000A4B656625606560A56038
:10B4B000E36025616561A561082229005C30FEF723
:10B4C000E6F96563A563A564E564E9E7DCDC0008EB
:10B4D0000100FFFFF7B50400070000260191483482
:10B4E000002C01D13000FEBD6368A5680093009B6D
:10B4F000013B009301D52468F2E7AB89012B08D901
:10B500000E22AB5E013304D029003800019B98471E
:10B5100006436835EBE70000034B1B68186A0028F8
:10B5200000D10248F030704714000020780000205D
:10B5300070B50E001D000E23C95E96B014000029E0
:10B5400007DA00232B60B3891B0611D48023DB00AC
:10B550000FE06A4600F062FF0028F2DBF022019B58
:10B5600012021340054A9B185A4253412B60EDE7E3
:10B5700040230020236016B070BDC04600E0FFFFEE
:10B58000F7B502268B8905000C00334206D0230054
:10B5900047332360236101236361F7BD01AB6A4632
:10B5A000FFF7C6FF00990700280000F081FB002884
:10B5B00008D10C22A35E9A05EFD4032293431E43C5
:10B5C000A681E4E70F4BAB628023A289206013437E
:10B5D000A381009B20616361019B002B0DD00E2392
:10B5E000E15E280000F02CFF002806D00322A3898A
:10B5F00093431A0001231343A381A0893843A081F8
:10B60000CBE7C046B5B3000810B5034B010018687E
:10B6100000F04EFB10BDC04614000020C9B28218D5
:10B62000904201D10020704703788B42FBD001305B
:10B63000F6E770B5466A04000D00002E07D1102011
:10B64000FFF7E2FF6062466086600660C660666A79
:10B65000F368002B13D0636AAA00DB689B18186894
:10B66000002818D101210E00AE40721D920020006A
:10B6700000F0C6FA00280CD0456086600DE021225B
:10B680000421200000F0BCFA636AF060DB68002B44
:10B69000E1D1002070BD02681A6000230361C3601D
:10B6A000F8E770B5446A06000D00002C07D11020A1
:10B6B000FFF7AAFF7062446084600460C460002DDC
:10B6C00007D0736A6A68DB6892009B181A682A6060
:10B6D0001D6070BDF7B51E0014239C4607000C00CA
:10B6E00000200D698C4463461B68013099B26346A3
:10B6F0001B6851431B0C534389190E0C9B1989B2CB
:10B700001E0C1B045B18614608C18C468542EADCAE
:10B71000002E1BD0A368AB4212DC63683800591CB2
:10B72000FFF787FF2100236901909A1C92000C31DA
:10B730000C30FEF7A3F821003800FFF7B2FF019CA0
:10B740002B1D9B00E31801355E6025612000FEBDC6
:10B750000300020C0020824201D11B0410301A0E9B
:10B7600001D108301B021A0F01D104301B019A0FBE
:10B7700001D102309B00002B03DB01305B0000D4C1
:10B78000202070470722036810B501001A400DD031
:10B7900001240020234205D10230034203D0E340BC
:10B7A00020000B6010BD9B080B60FBE79CB21000F3
:10B7B000002C01D110201B0CDAB2002A01D1083074
:10B7C0001B0A1A0701D104301B099A0701D1023064
:10B7D0009B08DA07E8D45B0801D00130E4E72020B9
:10B7E000E0E710B50C000121FFF723FF01234461BE
:10B7F000036110BDF0B50B691400126989B00D002A
:10B80000934201DA25000C002F6926696968BB198B
:10B810000293AB68BA19934200DA0131FFF709FFCE
:10B820000200BB1914329B00D3189C460021130060
:10B83000049063451DD31435BF00EB191434B600D2
:10B840000593A319039501940793079B01999942C6
:10B8500011D3029B002B06DD04235B429C4463460C
:10B860001B68002B51D0049B029A18001A6109B082
:10B87000F0BD02C3DDE7019B1B6898B200281CD015
:10B8800015000026039F02CF2C688BB24343090C9E
:10B890004143A4B21B199B190E0029680695090C97
:10B8A00071181E0C89190E0C9BB209040B4308C5B4
:10B8B000059BBB42E7D8069B5E60019B1B681D0C85
:10B8C0001ED0100000271368039E3168046889B2F7
:10B8D0006943240C0919C9190F049BB23B43036047
:10B8E00080CE43683F0C6F439BB2FB18090C5B187A
:10B8F000059906901F0C0430B142E6D806994B60BA
:10B90000019B0432043301939FE7029B013B0293A6
:10B910009FE700000323F7B5134005000E00140055
:10B92000002B08D02249013B9A00525800233100D5
:10B93000FFF7D0FE0600A310019336D06C6A002CEE
:10B9400007D11020FFF760FE6862446084600460E5
:10B95000C4606F6ABC68002C07D116492800FFF745
:10B9600040FF00230400B86003600122019B1342E2
:10B970000AD0310022002800FFF73CFF0700310009
:10B980002800FFF78EFE3E00019B5B1001930CD058
:10B990002068002807D1220021002800FFF72AFF95
:10B9A0000023206003600400DFE73000FEBDC046D6
:10B9B00078DE000871020000F0B50D0017002B6959
:10B9C000541185B0E3180193013300934968AB68C3
:10B9D0000290009A934235DB0298FFF72AFE00237B
:10B9E0000200060019001432A3422EDBE343DB17EA
:10B9F0001C402B00A40014192A69143392009A18D1
:10BA000094461F22174024D00132D21B03920022F9
:10BA100019682000B9400A4304C404CB0399CA4002
:10BA20009C45F5D84260002A02D0019B0233009366
:10BA3000009B0298013B33612900FFF732FE300082
:10BA400005B0F0BD01315B00C3E798001150013330
:10BA5000CAE704CB04C49C45FBD8E9E70A6903693B
:10BA600030B59B1A0DD19200143014318418891806
:10BA7000043C043925680A68954204D001239542A4
:10BA800004D3180030BDA042F2D3FAE75B42F8E7D6
:10BA9000F0B50D0085B00700110028001400FFF775
:10BAA000DDFF061E08D101003800FFF7C2FD0123AB
:10BAB0004661036105B0F0BD01230193002804DB5A
:10BAC00023002C001D000023019361683800FFF75C
:10BAD000B0FD2F000022019B2669C3601434B3001F
:10BAE000E31802932B6914379B00FB1803930300A0
:10BAF0009446143320CC04CF0192AAB294446A46EF
:10BB0000614692882D0C8A1A0199090C691A15143C
:10BB100049190D1492B209040A431A60039AAC46FB
:10BB20000433BA42E6D802991A008C4205D3043A8B
:10BB30001368002B0ED00661BCE704CC91B26144BF
:10BB40000D14120C5219151489B212040A43AC4692
:10BB500004C3E8E7013EEAE7F7B51D000121140040
:10BB6000089FFFF766FD2B036D0006001B0B6D0D94
:10BB700024D10193002C27D068460094FFF702FEE1
:10BB8000009C00281ED0019B20211A00091A8A401F
:10BB9000C340224372610193019CB461631E9C41C6
:10BBA00001343461002D18D0124BED1835232D18B7
:10BBB0003D60181A099B18603000FEBD80225203B8
:10BBC0001343D6E77461E7E701A8FFF7DBFD012423
:10BBD000019B346173612030E4E7074BC018074BC9
:10BBE0003860E3189B00F3185869FFF7B1FD640152
:10BBF000201ADFE7CDFBFFFFCEFBFFFFFFFFFF3F7C
:10BC00004A4370B51100140000F052F8051E03D02D
:10BC100022000021FDF73BFE280070BD70B5050035
:10BC2000002910D00C1F2368002B00DAE41828002C
:10BC300000F051FC1D4A1368002B05D163601460AD
:10BC4000280000F049FC70BDA34209D921686018A2
:10BC50008342F3D118685B6841182160EEE7130056
:10BC60005A68002A01D0A242F9D919685818A0428E
:10BC70000BD120680918581819608242E0D1106869
:10BC80005268411819605A60DAE7A04202D90C23C1
:10BC90002B60D5E721686018824203D11068526892
:10BCA0004118216062605C60CAE7C046B41200209F
:10BCB000032370B5CD1C9D43083506000C2D1ED204
:10BCC0000C25A9421DD8300000F005FC254A146857
:10BCD0002100002919D1244C2368002B03D1300006
:10BCE00000F018FB20602900300000F013FB431C1B
:10BCF0002BD10C233000336000F0EEFB03E0002D6D
:10BD0000DFDA0C233360002070BD0B685B1B19D495
:10BD10000B2B03D90B60CC18256003E04B688C42D9
:10BD20000DD11360300000F0D7FB200007220B304C
:10BD3000231D9043C31AE7D05A42E250E4E7636000
:10BD40000C00EFE70C004968C3E70323C41C9C43C5
:10BD5000A042E1D0211A300000F0DCFA431CDBD114
:10BD6000C7E7C046B4120020B8120020F0B58E68B4
:10BD700085B007000C00039201939E423CD89023AB
:10BD80008A89DB001A4234D00325096923685B1ACB
:10BD90000293636902985D43EB0F5D19019B6D107F
:10BDA00001331B18AB4200D91D00530532D52900C1
:10BDB0003800FFF77DFF061E09D10C233B604023AE
:10BDC0000120A28940421343A38105B0F0BD029A2D
:10BDD0002169FDF753FDA389144A1A4080231343B8
:10BDE000A381029B2661F61826606561019EED1A0B
:10BDF000A560019B9E4200D9019E320003992068F4
:10BE000000F056FBA36800209B1BA36023689E19CB
:10BE10002660DAE72A00380000F05FFB061EE0D15A
:10BE200021693800FFF7FAFEC7E7C0467FFBFFFF36
:10BE3000F0B5A1B003901D008B890F0016001B0602
:10BE400011D50B69002B0ED14021FFF731FF38606F
:10BE50003861002805D10C23039A0138136021B002
:10BE6000F0BD40237B61002308AC6361203363761F
:10BE70001033A376079535002B78002B01D0252BA6
:10BE800046D1AB1B05930CD0320039000398FFF765
:10BE90006DFF431C00D1AEE06269059B944663448C
:10BEA00063612B78002B00D1A5E0012200235242D0
:10BEB000626004A9543252186E1C2360E360A360D0
:10BEC0001370A365317805225348FFF7A7FB751C53
:10BED00000281FD12268D30604D5532304A95B1878
:10BEE00020211970130704D5532304A95B182B21B3
:10BEF000197033782A2B16D0350000210A20E36808
:10BF00002A786E1C303A092A4ED9002918D010E040
:10BF10000135B1E7404B2268C01A01238340134327
:10BF200023602E00CEE7079B191D1B680791002B8D
:10BF300001DB0B9304E05B42E360022313432360C5
:10BF40002B782E2B0AD16B782A2B35D1079B023503
:10BF50001A1D1B680792002B2BDB09932F4E2978A3
:10BF600003223000FFF75AFB002806D04023801B35
:10BF7000834022680135134323602978062228482C
:10BF80006E1C2176FFF74AFB00283CD0254B002B86
:10BF900025D10722079B073393430833079363692F
:10BFA000049A9B18636166E7434301219B1835009F
:10BFB000A6E701235B42D0E700230A201A000135DF
:10BFC000636029786E1C3039092903D9002BC5D04C
:10BFD0000992C3E74243012352183500F1E707AB4A
:10BFE00000933A00104B21000398FDF7F5FC0490F4
:10BFF000049B0133D3D1BB890D985B0600D42EE797
:10C00000012040422BE707AB00933A00064B21008A
:10C010000398FDF79BFFEAE784DE00088ADE00084C
:10C020008EDE0008D99900086DBD0008936810B530
:10C03000013B9360002B04DA9469A34207DB0A29D1
:10C0400005D01368581C10601970080010BDFEF769
:10C05000A5F90100F9E7F8B506000F001400D5189E
:10C06000AC4201D1002007E021783A003000FFF710
:10C07000DDFF0134431CF3D1F8BD0000F0B5A1B0E1
:10C0800003900F0016001D00002805D0836905935A
:10C09000002B01D1FFF7ACF97B4B9F425CD1039B96
:10C0A0005F68BB891B0763D53B69002B60D0002309
:10C0B00008AC6361203363761033A37607953500AF
:10C0C0002B78002B01D0252B5CD1AB1B05930CD01A
:10C0D000320039000398FFF7BEFF431C00D1C4E0D3
:10C0E0006269059B9446634463612B78002B00D101
:10C0F000BBE0012200235242626004A9543252186C
:10C100006E1C2360E360A3601370A3653178052281
:10C110005E48FFF783FA751C002835D12268D306E4
:10C1200004D5532304A95B1820211970130704D5E3
:10C13000532304A95B182B21197033782A2B2CD098
:10C14000350000210A20E3682A786E1C303A092A5B
:10C1500064D900292ED026E04D4B9F4202D1039B8B
:10C160009F689EE74B4B9F429BD1039BDF6898E7FC
:10C1700039000398FEF768F9002898D00120404262
:10C1800021B0F0BD01359BE7404B2268C01A012366
:10C190008340134323602E00B8E7079B191D1B68DB
:10C1A0000791002B01DB0B9304E05B42E360022369
:10C1B000134323602B782E2B0AD16B782A2B35D191
:10C1C000079B02351A1D1B680792002B2BDB099376
:10C1D000314E297803223000FFF720FA002806D0DC
:10C1E0004023801B83402268013513432360297854
:10C1F00006222A486E1C2176FFF710FA00283AD052
:10C20000274B002B25D10722079B07339343083385
:10C2100007936369049A9B18636150E743430121C4
:10C220009B18350090E701235B42D0E700230A20EA
:10C230001A000135636029786E1C3039092903D949
:10C24000002BC5D00992C3E74243012352183500A1
:10C25000F1E707AB00933A00124B21000398FDF77A
:10C26000BBFB0490049B0133D3D1BB895B0600D593
:10C2700084E70D9884E707AB00933A00094B21004F
:10C280000398FDF763FEECE744DD000884DE000858
:10C2900064DD000824DD00088ADE00088EDE000868
:10C2A000D999000857C0000870B506000D001400A9
:10C2B000002804D08369002B01D1FFF799F8124BB5
:10C2C0009C4211D17468A368013BA360002B05DA7E
:10C2D000A269934212DBEBB20A2B0FD02368E8B2BB
:10C2E0005A1C22601D7070BD084B9C4201D1B4687D
:10C2F000E9E7074B9C42E6D1F468E4E72200290015
:10C300003000FEF74BF8EEE744DD000864DD00087E
:10C3100024DD0008002370B5064C050008002360EA
:10C32000FDF7FCF8431C03D12368002B00D02B60E1
:10C3300070BDC0468045002070B50C000E25495FD9
:10C3400000F0F2F8002803DB636D1B18636570BD15
:10C35000A389024A1340A381F9E7C046FFEFFFFF1C
:10C36000F8B51F008B8905000C001600DB0505D50C
:10C370000E23C95E0022022300F074F8A389054A47
:10C3800028001340A38132000E23E15E3B0000F041
:10C390001FF8F8BDFFEFFFFF70B50C000E25495FD9
:10C3A00000F060F8A389421C03D1054A1340A38121
:10C3B00070BD802252011343A3816065F8E7C04637
:10C3C000FFEFFFFF10B50E23C95E00F015F810BD9A
:10C3D00070B50500080011000022064C22601A000A
:10C3E000FDF78EF8431C03D12368002B00D02B608F
:10C3F00070BDC04680450020002370B5064C050086
:10C4000008002360FDF7A8F8431C03D12368002B24
:10C4100000D02B6070BDC04680450020002370B561
:10C42000064C0500080011002360FDF798F8431C36
:10C4300003D12368002B00D02B6070BD8045002005
:10C44000002370B5064C050008002360FDF78CF84A
:10C45000431C03D12368002B00D02B6070BDC04665
:10C460008045002070B50500080011000022064C30
:10C4700022601A00FDF77AF8431C03D12368002BD1
:10C4800000D02B6070BDC0468045002082B00029DE
:10C4900000D101A9101E06D0002B06D013780B6026
:10C4A0001078431E984102B0704702204042FAE7DC
:10C4B00010B5884202D98B18984203D3002307E0B5
:10C4C0008B5C8354013AFBD210BDCC5CC454013365
:10C4D0009A42FAD1F8E770477047F8B507000D00A7
:10C4E0001600002905D11100FFF7E2FB040020002F
:10C4F000F8BD002A03D1FFF791FB3400F7E700F005
:10C5000033F82C00B042F2D231003800FFF7D0FBF4
:10C51000041EECD029003200FDF7B0F929003800E4
:10C52000FFF77CFBE3E7000070B505000800110091
:10C530000022064C22601A00FCF7D3FF431C03D1F3
:10C540002368002B00D02B6070BDC04680450020C2
:10C550000B1E04D0FF2A04D98A2303608B3B1800EA
:10C5600070470A700123FAE70B1F1B68181F002B86
:10C5700001DA0B58C0187047F8B5C046F8BC08BCC3
:10C580009E467047F8B5C046F8BC08BC9E4670474A
:10C590004A350008883500089E350008B435000883
:10C5A000CE350008EC3500080A36000820360008B1
:10C5B000A039000812390008A0390008A039000885
:10C5C000A0390008A0390008A0390008A0390008E7
:10C5D000A0390008A0390008A0390008A0390008D7
:10C5E000A0390008A0390008A0390008A0390008C7
:10C5F0002C390008A8390008A0390008A039000823
:10C60000A0390008943B0008A0390008523A0008FD
:10C61000A0390008A0390008A0390008A039000896
:10C62000A0390008A0390008A0390008A039000886
:10C63000D23B0008A0390008A0390008A039000842
:10C64000A0390008A0390008A0390008A039000866
:10C65000A0390008A0390008A0390008A039000856
:10C66000A0390008A0390008A0390008A039000846
:10C67000F63B0008083C00082E3C0008A0390008E2
:10C68000A03900085A3B00086C3A0008A03900089D
:10C69000A0390008A0390008A0390008A039000816
:10C6A000A0390008A0390008A0390008A039000806
:10C6B000363C0008903C00081C4600083046000844
:10C6C000CC450008CC450008CC450008CC45000806
:10C6D000CC450008CC450008CC450008CC450008F6
:10C6E000CC450008CC450008CC450008CC450008E6
:10C6F000CC450008CC450008704600089C46000860
:10C70000CC450008CC450008CC450008CC450008C5
:10C71000CC450008CC450008CC450008CC450008B5
:10C72000CC450008CC450008CC450008CC450008A5
:10C73000CC450008CC450008BA450008064600086C
:10C74000802500000096000000C201001B0F0000C1
:10C750000E0F0000010F0000F30E0000E40E0000B9
:10C76000D40E0000C40E0000B30E0000A10E0000A5
:10C770008F0E00007C0E0000680E0000530E0000BB
:10C780003D0E0000270E0000100E0000F70D000007
:10C79000DE0D0000C40D0000A90D00008E0D00008C
:10C7A000710D0000530D0000350D0000150D000047
:10C7B000F50C0000D40C0000B20C00008F0C00003F
:10C7C0006B0C0000460C0000210C0000FA0B00006E
:10C7D000D30B0000AB0B00006B0F0000420F0000FA
:10C7E000180F0000ED0E0000DA0A0000970E00009E
:10C7F000820A0000560A0000290A0000FC09000015
:10C80000CE090000A00900007209000044090000E0
:10C8100015090000E7080000B80800008A080000B9
:10C820005C0800002E08000000080000D20700008D
:10C83000A4070000770700004A0700001E07000059
:10C84000F2060000C60600009B060000710600000C
:10C85000470600001D060000F5050000CC0500009D
:10C86000A50500007E050000580500003305000006
:10C870000E050000EA040000C7040000A404000044
:10C880008304000062040000410400002204000050
:10C8900003040000E5030000C8030000AC0300002F
:10C8A00090030000750300005A03000041030000DC
:10C8B000280300000F0300005C030000E1020000F9
:10C8C000CB020000B5020000A00200008C020000B4
:10C8D00078020000650200005202000040020000E1
:10C8E0002E0200001D0200000D020000FD010000EC
:10C8F000ED010000DE010000D0010000C2010000D7
:10C90000B4010000A70100009A0100008D010000A1
:10C9100081010000760100006B0100006001000051
:10C92000550100004B0100004101000037010000EB
:10C930002E010000250100001C0100001401000070
:10C940000C01000004010000FC000000F5000000E4
:10C95000EE000000080000000400000000000000DD
:10C96000000000004CDA0008154800080000000034
:10C970000000000080000000000000000000000037
:10C9800040DA000831480008020000000000000002
:10C9900080000000000000000000000034DA000801
:10C9A0003F480008020000000000000000010000F5
:10C9B00000000000000000002CDA000827480008F2
:10C9C00000000000000000008000000000000000E7
:10C9D00000000000030406080C10182030000000BE
:10C9E000000000000000000001020304060708091F
:10C9F00000000000010203040457000872570008F9
:10CA000090570008B6570008DC5700080458000883
:10CA10003C5800086E58000894580008BA5800089E
:10CA20000000C1C081C1400101C3C003800241C2F6
:10CA300001C6C006800741C70005C1C581C44004C6
:10CA400001CCC00C800D41CD000FC1CF81CE400E76
:10CA5000000AC1CA81CB400B01C9C009800841C886
:10CA600001D8C018801941D9001BC1DB81DA401AF6
:10CA7000001EC1DE81DF401F01DDC01D801C41DCC6
:10CA80000014C1D481D5401501D7C017801641D6F6
:10CA900001D2C012801341D30011C1D181D0401006
:10CAA00001F0C030803141F10033C1F381F24032F6
:10CAB0000036C1F681F7403701F5C035803441F4C6
:10CAC000003CC1FC81FD403D01FFC03F803E41FE76
:10CAD00001FAC03A803B41FB0039C1F981F8403886
:10CAE0000028C1E881E9402901EBC02B802A41EAF6
:10CAF00001EEC02E802F41EF002DC1ED81EC402CC6
:10CB000001E4C024802541E50027C1E781E64026F5
:10CB10000022C1E281E3402301E1C021802041E005
:10CB200001A0C060806141A10063C1A381A24062F5
:10CB30000066C1A681A7406701A5C065806441A4C5
:10CB4000006CC1AC81AD406D01AFC06F806E41AE75
:10CB500001AAC06A806B41AB0069C1A981A8406885
:10CB60000078C1B881B9407901BBC07B807A41BAF5
:10CB700001BEC07E807F41BF007DC1BD81BC407CC5
:10CB800001B4C074807541B50077C1B781B64076F5
:10CB90000072C1B281B3407301B1C071807041B005
:10CBA0000050C190819140510193C05380524192F5
:10CBB0000196C056805741970055C19581944054C5
:10CBC000019CC05C805D419D005FC19F819E405E75
:10CBD000005AC19A819B405B0199C0598058419885
:10CBE0000188C04880494189004BC18B818A404AF5
:10CBF000004EC18E818F404F018DC04D804C418CC5
:10CC00000044C184818540450187C04780464186F4
:10CC10000182C042804341830041C1818180404004
:10CC20004E7B0008567B00085E7B0008747B000882
:10CC30006C7B0008747B0008747B0008747B000820
:10CC40001C7B0008EA7A0008F27A0008FA7A0008E9
:10CC5000107B0008087B0008107B0008107B000890
:10CC6000107B0008B07A0008320C00086E0B000838
:10CC7000920B0008300B0008920B00080E0C000805
:10CC8000920B0008300B00086E0B00086E0B0008BA
:10CC90000E0C0008300B0008640C0008640C00083F
:10CCA000640C00081A0C00086E0B00086E0B0008DC
:10CCB000920B00082E0B0008920B00080E0C0008C7
:10CCC000920B00082E0B00086E0B00086E0B00087C
:10CCD0000E0C00082E0B0008640C0008640C000801
:10CCE000640C0008180C00085C0F0008060F000810
:10CCF000060F000834100008020F0008020F000899
:10CD00002A10000834100008020F00082A1000083A
:10CD1000020F00083410000838100008381000080E
:10CD20003810000840100008AC1E00081E1D000846
:10CD3000621D0008C61C0008621D0008521E000883
:10CD4000621D0008C61C00081E1D00081E1D0008EC
:10CD5000521E0008C61C0008BE1C0008BE1C0008AD
:10CD6000BE1C0008601E0008C4230008C62200087C
:10CD7000C6220008E4250008C0220008C0220008DE
:10CD8000CC250008E4250008C0220008CC250008B6
:10CD9000C0220008E4250008DA250008DA2500088A
:10CDA000DA250008E82500085B4C4F4749435D2021
:10CDB000446973706C6179546573744D6F64652850
:10CDC00029204D6F64655B25645D506F735B25643E
:10CDD0005D0D0A005B4C4F474943205D205365744D
:10CDE0002044524D205B4252543A25645D000000BD
:10CDF0005B5247423A253032785D00005B4F505419
:10CE00003A253032785D0D0A000000005B4C4F4738
:10CE100049435D204D6F64656D2053656E645F53BB
:10CE200074616E6462790D005B4C4F4749435D202D
:10CE300053656E645F4D6F64656D5F5374617475A7
:10CE4000735B253032785D5B253032785D5B253051
:10CE500032785D5B253032785D5B253032785D5B02
:10CE6000253032785D5B253032785D5B2530327855
:10CE70005D5B253032785D0D0A0000005B4C4F474A
:10CE800049435D204D6F64656D2053656E645F534B
:10CE900074617475730D00005B4C4F4749435D200E
:10CEA0004D6F64656D2053656E645F52656769738D
:10CEB0007465725B25645D0D0A0000005B4C4F4792
:10CEC00049435D2053656E645F424C455F6368650E
:10CED000636B200D0000000041540D0041542B49AC
:10CEE0004E464F3F0D0000005B4C4F4749435D20CD
:10CEF00053656E645F424C455F636D64203A202544
:10CF000073200A0041542B5645523F0D000000008B
:10CF100041542B414456444154413F0D0000000010
:10CF20005B4C4F4749435D2053656E645F424C45FF
:10CF30005F636D64203A20257300000041542B414B
:10CF400044564F4E0D00000041542B4144564F466D
:10CF5000460D00005B4C4F4749435D20636F6D6D8C
:10CF6000616E645F737472203A20257300000000C4
:10CF70005B4C4F4749435D2053656E645F424C45AF
:10CF80005F414456444154415F5374617475735B0F
:10CF900025635D5B25635D5B25635D5B25635D5B91
:10CFA00025635D5B25635D5B25635D5B25635D5B81
:10CFB00025635D5B25635D5B25635D5B25635D5B71
:10CFC00025635D0D0A0000005B4C4F4749435D201F
:10CFD00053656E645F424C455F4144564441544141
:10CFE0005F536974756174696F6E0D0041542B4114
:10CFF0004456444154413D25642564253034640D34
:10D00000000000005B4C4F4749435D20424C455FA8
:10D01000414456444154415F5345540D00000000C3
:10D0200041542B414456444154413D25730D000069
:10D0300041542B4D414E55463F0D00005B4C4F4730
:10D0400049435D20424C455F4D414E55465F534537
:10D05000540D000041542B4D414E55463D44524D18
:10D060000D0000005B4C4F4749435D2053656E64E3
:10D070005F424C455F494E54455256414C5F5345C3
:10D08000542025640D0A000041542B414456494E5A
:10D0900054455256414C3D25640D00005B4C4F47B2
:10D0A00049435D204D6F64656D205061636B65740D
:10D0B0005F50617273655B253032785D5B2530327D
:10D0C000785D5B253032785D0D0A00005B4C4F4780
:10D0D00049435D2044524D2047726F757020436F65
:10D0E0006E74726F6C5B425254203A202530327855
:10D0F0005D5B524742203A20253032785D5B4F70AD
:10D1000074203A20253032785D0D0A005B4C4F4781
:10D110004943205D204F6E65436F6E74726F6C20C3
:10D120005B425254203A20253032785D5B524742B0
:10D13000203A20253032785D5B4F7074203A2025EC
:10D140003032785D0D0A00005B4C4F474943205D4B
:10D1500020416C6C436F6E74726F6C5F5633205B52
:10D1600025645D5B4252543A253032785D5B52470C
:10D17000423A253032785D5B4F3A253032785D0D8A
:10D180000A0000005B4C4F474943205D205468690A
:10D1900073204576656E74206265206E6F74206919
:10D1A0006E636C75646564202D205B45203A2025F4
:10D1B00064206D5D5B50203A20253464206D5D0D48
:10D1C0000A0000005B4C4F474943205D205B25343B
:10D1D00064207E20253464206D5D0D0A000000006F
:10D1E0005B4C4F474943205D20424C4520416476CB
:10D1F00044617461205365740D0000005B4C4F471F
:10D200004943205D205B25645D496E697420506F41
:10D21000736974696F6E202D205B25645D5B253416
:10D2200064206D5D0D0A00005B4C4F474943205D53
:10D23000205B25645D20466C617368696E672043DE
:10D240006F6E74726F6C202D205B25645D0D0A007B
:10D2500041542B554152543D25640D005B4C4F47C2
:10D2600049435D203D3D3D3D3D3D3D3D3D3D3D3DD9
:10D270003D4D6F64656D2052656769737465723DDD
:10D280003D3D3D3D3D3D3D3D3D3D3D0D00000000F2
:10D290005B4C4F4749435D20312E205365637469D1
:10D2A0006F6E20494420203A205B202530327820C0
:10D2B0005D0D0A005B4C4F4749435D20322E2044F0
:10D2C00065766963652049442020203A205B20254B
:10D2D000303278205D0D0A005B4C4F4749435D209A
:10D2E000332E205246204368616E6E656C20203AD2
:10D2F000205B2025303278205D0D0A005B4C4F47C3
:10D3000049435D203D3D3D3D3D3D3D3D3D3D3D3D38
:10D310003D3D3D3D3D3D3D3D3D3D3D3D3D3D3D3D3D
:10D320003D3D3D3D3D3D3D3D3D3D3D0D0000000051
:10D330005B6C6F6769632E635D2053617665205077
:10D3400061676531205472616E736D697420526536
:10D3500073756C74205B25645D0D0A005B6C6F67F0
:10D3600069632E635D205361766520506167653087
:10D370002B31205B305D205472616E736D697420B7
:10D38000526573756C74205B25645D0D0A000000A6
:10D390005B6C6F6769632E635D2053617665205017
:10D3A000616765302B31205B315D205472616E7393
:10D3B0006D697420526573756C74205B25645D0D16
:10D3C0000A0000005B6C6F6769632E635D20536128
:10D3D0007665205061676530205472616E736D69A7
:10D3E0007420526573756C74205B25645D0D0A00B2
:10D3F0005B6C6F6769632E635D20506167653120E8
:10D400005472616E736D697420526573756C74200B
:10D410005B25645D0D0A00005B6C6F6769632E63BA
:10D420005D205061676531205265636569766520CE
:10D43000526573756C74205B25645D0D0A000000F5
:10D440005B6C6F6769632E635D2050616765203098
:10D45000202D20315B315D205472616E736D6974D3
:10D4600020526573756C74205B25645D0D0A0000A5
:10D470005B6C6F6769632E635D2050616765203068
:10D48000202D20315B315D20526563656976652012
:10D49000526573756C74205B25645D0D0A00000095
:10D4A0005B6C6F6769632E635D2050616765203038
:10D4B000202D20315B325D205472616E736D697472
:10D4C00020526573756C74205B25645D0D0A000045
:10D4D0005B6C6F6769632E635D2050616765203008
:10D4E000202D20315B325D205265636569766520B1
:10D4F000526573756C74205B25645D0D0A00000035
:10D500005B6C6F6769632E635D20506167652030D7
:10D51000205472616E736D697420526573756C74FA
:10D52000205B25645D0D0A005B6C6F6769632E6389
:10D530005D205061676520302052656365697665BE
:10D5400020526573756C74205B25645D0D0A0000C4
:10D550005B25735D204552523D30782530386C583C
:10D560002053544154453D3078253032580D0A003F
:10D57000202D2041524C4F202861726269747261E3
:10D5800074696F6E206C6F7374290D00202D204E0E
:10D5900041434B20284146290D000000202D204208
:10D5A0007573206572726F720D000000202D20547B
:10D5B000696D656F75740D00493243207363616E48
:10D5C0002E2E2E0D00000000202D20307825303228
:10D5D0005820283762290D0A000000005B4D4147A2
:10D5E0005D2043616C6962207C427C3A204D303D75
:10D5F000256C642C207369676D613D252E32662C85
:10D6000020543D25640D0A004D61676E65746963A1
:10D610005F53656E736F725F496E6974202E2E2E94
:10D620000D00000049734465766963655265616465
:10D63000790000005B4552524F525D2057484F3DE4
:10D640003078253032580D0A000000005B4F4B5DEA
:10D650002057484F3D3078253032580D0A000000E1
:10D660005B4346475D20413D3078253032582042AB
:10D670003D30782530325820433D307825303258BF
:10D6800020205B53545D3D3078253032580D0A0020
:10D690003D3D3D3D3D3D3D3D3D3D3D3D3D3D3D3DBA
:10D6A0003D3D3D3D3D3D3D3D3D3D3D3D3D3D3D3DAA
:10D6B0003D3D3D3D3D3D0D0020204D61676E657453
:10D6C000696320436F6E74726F6C6C657220763183
:10D6D0002E30284D6173746572290D0020204C4551
:10D6E000444F20436F2C2E204C74642E200D0000DC
:10D6F000445244592070696E206F7574707574209F
:10D70000697320454E41424C45442E0D00000000F7
:10D71000445244592070696E206F7574707574207E
:10D7200069732044495341424C45442E0D0000008A
:10D730005B6C6F6769635D205245475F413A2030FB
:10D7400078253032582C205245475F423A203078B5
:10D75000253032582C205245475F433A20307825F7
:10D760003032580D0A0000005B6C6F6769635D2002
:10D770004D61676E657469632053656E736F7220C7
:10D78000446973636F6E6E6563742E2E2E2E212195
:10D790000D0000005B6C6F6769635D2064543D257C
:10D7A0006C75206D732C20583D256420593D2564EF
:10D7B000205A3D2564207C427C3D25642C206865F0
:10D7C0006164696E673D252E31660D0A0000000018
:10D7D0005B6C6F6769635D20CE9454203D20256C9F
:10D7E00075206D730D0A00005B6C6F6769635D20C7
:10D7F0004D61676E657469632053656E736F722047
:10D80000446973636F6E6E656374202E2E2E2E2115
:10D81000210D00005B6C6F6769635D2020436F6EB4
:10D820006E6563745F5251200D0000005B6C6F6782
:10D8300069635D2020436F6E6E6563745F41434B87
:10D84000200D00005B6C6F6769635D20204D616790
:10D85000656E7469635F54696D655F5251200D0098
:10D860005B6C6F6769635D20204D6167656E7469ED
:10D87000635F54696D655F41636B200D00000000BC
:10D880005B6C6F6769635D20536C61766520436FE5
:10D890006E6E6563742E2E2E21200D005B6C6F67FB
:10D8A00069635D204D617374657220436F6E6E65B0
:10D8B00063742E2E2E21200D000000005B6C6F671C
:10D8C00069635D20536C617665205469636B2054F5
:10D8D000696D6520526571756573742E2E2E212039
:10D8E0000D0000005B6C6F6769635D20536C6176AF
:10D8F00065205469636B2054696D652052656376B9
:10D90000206D61737465725B25645D20736C617654
:10D91000655B25645D207469636B5F6F6666736524
:10D92000745B25645D200D0A000000005B6C6F676E
:10D9300069635D20536C617665204D61676E657427
:10D9400069632054696D652052656376205B2564A8
:10D950005D200D0A000000005B6C6F6769635D204D
:10D96000204D6167656E7469635F54696D655F53CF
:10D97000656E64206C6F63616C5B25645D206F660F
:10D98000667365745B25645D2073656E645B2564F6
:10D990005D200D0A000000005B6C6F6769635D200D
:10D9A0006D6173746572205469636B205B25645DDF
:10D9B00020536C617665205469636B205B25645D40
:10D9C000204475726174696F6E205469636B205BCB
:10D9D00025645D200D0A00005B544553544D4F44AF
:10D9E000455D205370656564203D20252E326620FC
:10D9F0006B6D2F682028252E3266207365632C20DE
:10DA0000252E3266206D290D0A0000005B6C6F67C1
:10DA100069635D20204D6167656E7469635F546959
:10DA20006D655F52656376200D000000626C655481
:10DA300061736B00756172745461736B0000000058
:10DA400070726F635461736B0000000069646C65F1
:10DA50005461736B000000005065726920496E6963
:10DA6000742E2E2E2E2E0D007065726952464D6F4B
:10DA700064756C65205B25645D2E2E2E2E2E0D0A9E
:10DA80000000000070657269524657616B657570E1
:10DA9000205B25645D2E2E2E2E2E0D0A0000000028
:10DAA00070657269424C4557616B657570205B25E6
:10DAB000645D2E2E2E2E2E0D0A00000070657269F8
:10DAC000424C4555415254205B25645D2E2E2E2E2E
:10DAD0002E0D0A0055617274205553415254312065
:10DAE0003A2048414C5F554152545F547843706C22
:10DAF0007443616C6C6261636B0D000055617274FC
:10DB000020555341525434203A2048414C5F5541EE
:10DB100052545F547843706C7443616C6C626163FF
:10DB20006B0D0000556172742055534152543520DD
:10DB30003A2048414C5F554152545F547843706CD1
:10DB40007443616C6C6261636B0D000055617274AB
:10DB500020555341525431203A20554152545F4987
:10DB6000444C4543616C6C6261636B0D00000000C6
:10DB70005561727420555341525434203A20554116
:10DB800052545F49444C4543616C6C6261636B0D58
:10DB900000000000556172742055534152543520E5
:10DBA0003A20554152545F49444C4543616C6C6284
:10DBB00061636B0D000000005561727420496E694D
:10DBC000742E2E2E2E2E0D005B556172745D204238
:10DBD0004C452042617564204368616E6765205B37
:10DBE00025645D0D0A0000002B4F4B002B4552525F
:10DBF0004F5200002B4144564552544953494E4719
:10DC0000000000002B5354414E44425900000000D4
:10DC1000424C455F44617461205B25735D200D0AB1
:10DC2000000000000D0A5B4D6F64656D5D2052635E
:10DC3000765F4C5243204572726F725B2532585D9D
:10DC40005B2532585D0D0A005265637654696D6537
:10DC50006F75742042756666657220436C656172EB
:10DC6000200D0A005B4669726D776172655D204226
:10DC70006F6F746C6F61646572204D6F6465200D09
:10DC8000000000000D0A5B4669726D776172655D88
:10DC9000204F505F434F4445204572726F725B25A1
:10DCA00032585D0D0A0000005B55415254205D0062
:10DCB0005B253032785D00005B253032785D0D0ADF
:10DCC0000000000049444C45000000000000004BEB
:10DCD000000000CB73717274660000001800002011
:10DCE000494E4600696E66004E414E006E616E0000
:10DCF00030003031323334353637383941424344DD
:10DD00004546003031323334353637383961626355
:10DD100064656600496E66696E697479004E614E8D
:10DD200000000000000000000000000000000000F3
:10DD300000000000000000000000000000000000E3
:10DD400000000000000000000000000000000000D3
:10DD500000000000000000000000000000000000C3
:10DD600000000000000000000000000000000000B3
:10DD700000000000000000000000000000000000A3
:10DD800000000000000000000080E03779C341433C
:10DD9000176E05B5B5B89346F5F93FE9034F384D11
:10DDA000321D30F94877825A3CBF737FDD4F1575BD
:10DDB000000000000000F03F0000000000002440D0
:10DDC00000000000000059400000000000408F40AB
:10DDD000000000000088C34000000000006AF84016
:10DDE0000000000080842E4100000000D01263413A
:10DDF0000000000084D797410000000065CDCD41B0
:10DE0000000000205FA00242000000E87648374290
:10DE1000000000A2941A6D42000040E59C30A2422E
:10DE20000000901EC4BCD64200003426F56B0C43A3
:10DE30000080E03779C3414300A0D885573476434A
:10DE400000C84E676DC1AB43003D9160E458E143AB
:10DE5000408CB5781DAF154450EFE2D6E41A4B4420
:10DE600092D54D06CFF08044F64AE1C7022DB54465
:10DE7000B49DD9794378EA440500000019000000F8
:10DE80007D000000232D302B2000686C4C0065665F
:10DE900067454647004300504F534958002E000045
:10DEA000202020202020202020282828282820204A
:10DEB0002020202020202020202020202020202062
:10DEC00088101010101010101010101010101010DA
:10DED00004040404040404040404101010101010BA
:10DEE0001041414141414101010101010101010193
:10DEF00001010101010101010101011010101010C7
:10DF00001042424242424202020202020202020263
:10DF1000020202020202020202020210101010208B
:10DF200000000000000000000000000000000000F1
:10DF300000000000000000000000000000000000E1
:10DF400000000000000000000000000000000000D1
:10DF500000000000000000000000000000000000C1
:10DF600000000000000000000000000000000000B1
:10DF700000000000000000000000000000000000A1
:10DF80000000000000000000000000000000000091
:10DF90000000000000000000000000000000000081
:08DFA0005C26FF7F0100000078
:04DFA800E900000884
:04DFAC00C1000008A8
:10DFB000000020000100000004000000AAAAAAAA94
:10DFC00001000000180000200000000044DD0008EF
:10DFD00064DD000824DD00080000000000000000EF
:10DFE0000000000000000000000000000000000031
:10DFF0000000000000000000000000000000000021
:10E000000000000000000000000000000000000010
:10E010000000000000000000000000000000000000
:10E0200000000000000000004300000000000000AD
:10E0300000000000000000000000000000000000E0
:10E04000000000000000000043000000000000008D
:10E0500000000000000000000000000000000000C0
:10E06000000000000000000043000000000000006D
:10E0700000000000000000000000000000000000A0
:10E08000000000000000000043000000000000004D
:10E090000000000000000000000000000000000080
:10E0A000000000000000000043000000000000002D
:10E0B0000000000000000000000000000000000060
:10E0C000000000000000000043000000000000000D
:10E0D0000000000000000000000000000000000040
:10E0E00000000000000000004300000000000000ED
:10E0F0000000000000000000000000000000000020
:10E10000000000000000000051C500088DC4000898
:10E11000000000009FDE00089DDE000889DE000888
:10E1200089DE000889DE000889DE000889DE000833
:10E1300089DE000889DE000889DE000889DE000823
:10E14000FFFFFFFFFFFFFFFFFFFFFFFFFFFF0000DD
:10E150000100415343494900000000000000000055
:10E1600000000000000000000000000000000000AF
:10E170000000415343494900000000000000000036
:10E18000000000000000000000000000000000008F
:04E19000000000008B
:0400000508009491CA
:00000001FF
