Wind Monitoring Program V1.0
회 사 명 : (주)레도
작성일자 : 2021년 03월 17일 12:36:27


날짜/시간 	 #1배터리전압 	 #1태양광전압 	 #2배터리전압 	 #2태양광전압
2021-03-17 12:36:27:363	0	0
2021-03-17 12:36:27:371	0	0
2021-03-17 12:36:27:947	0	0
2021-03-17 12:36:28:937	0	0
2021-03-17 12:36:29:944	0	0
2021-03-17 12:36:30:953	0	0
2021-03-17 12:36:31:943	0	0
2021-03-17 12:36:32:951	0	0
2021-03-17 12:36:34:950	0	0
2021-03-17 12:36:35:958	0	0
2021-03-17 12:36:36:953	0	0
2021-03-17 12:36:37:961	0	0
2021-03-17 12:36:38:969	0	0
2021-03-17 12:36:39:965	0	0
2021-03-17 12:36:40:984	0	0
2021-03-17 12:36:41:960	0	0
2021-03-17 12:36:42:972	0	0
2021-03-17 12:36:43:975	0	0
2021-03-17 12:36:44:973	0	0
2021-03-17 12:36:45:976	0	0
2021-03-17 12:36:47:974	0	0
2021-03-17 12:36:48:988	0	0
2021-03-17 12:36:49:973	0	0
2021-03-17 12:36:50:982	0	0
2021-03-17 12:36:52:978	0	0
2021-03-17 12:36:53:988	0	0
2021-03-17 12:36:54:979	0	0
2021-03-17 12:36:55:991	0	0
2021-03-17 12:36:57:986	0	0
2021-03-17 12:36:58:993	0	0
2021-03-17 12:36:59:989	0	0
2021-03-17 12:37:00:995	0	0
2021-03-17 12:37:02:004	0	0
2021-03-17 12:37:02:995	0	0
2021-03-17 12:37:04:000	0	0
2021-03-17 12:37:04:992	0	0
2021-03-17 12:37:06:003	0	0
2021-03-17 12:37:07:008	0	0
2021-03-17 12:37:08:002	0	0
2021-03-17 12:37:09:010	0	0
2021-03-17 12:37:09:998	0	0
2021-03-17 12:37:11:007	0	0
2021-03-17 12:37:12:019	0	0
2021-03-17 12:37:13:007	0	0
2021-03-17 12:37:14:016	0	0
2021-03-17 12:37:16:017	0	0
2021-03-17 12:37:17:025	0	0
2021-03-17 12:37:18:014	0	0
2021-03-17 12:37:19:023	0	0
2021-03-17 12:38:24:795	0	0
2021-03-17 12:38:30:374	0	0
2021-03-17 12:39:02:345	0	0
2021-03-17 12:39:06:746	0	0
2021-03-17 12:39:15:470	0	0
2021-03-17 12:39:15:475	0	0
2021-03-17 12:39:16:197	0	0
2021-03-17 12:39:17:205	0	0
2021-03-17 12:39:18:198	0	0
2021-03-17 12:39:19:220	0	0
2021-03-17 12:39:20:230	0	0
2021-03-17 12:39:21:217	0	0
2021-03-17 12:39:22:220	0	0
2021-03-17 12:39:23:206	0	0
2021-03-17 12:39:24:219	0	0
2021-03-17 12:39:25:222	0	0
2021-03-17 12:39:26:216	0	0
2021-03-17 12:39:27:220	0	0
2021-03-17 12:39:29:224	0	0
2021-03-17 12:39:30:227	0	0
2021-03-17 12:39:31:220	0	0
2021-03-17 12:39:32:226	0	0
2021-03-17 12:39:34:231	0	0
2021-03-17 12:39:35:236	0	0
2021-03-17 12:39:36:236	0	0
2021-03-17 12:39:37:238	0	0
2021-03-17 12:39:39:235	0	0
2021-03-17 12:39:40:240	0	0
2021-03-17 12:39:41:238	0	0
2021-03-17 12:39:42:241	0	0
2021-03-17 12:39:44:245	0	0
2021-03-17 12:39:45:253	0	0
2021-03-17 12:39:46:253	0	0
2021-03-17 12:39:47:251	0	0
2021-03-17 12:39:49:250	0	0
2021-03-17 12:39:50:257	0	0
2021-03-17 12:39:51:246	0	0
2021-03-17 12:39:52:257	0	0
2021-03-17 12:39:54:258	0	0
2021-03-17 12:39:55:266	0	0
2021-03-17 12:39:56:253	0	0
2021-03-17 12:39:57:267	0	0
2021-03-17 12:39:58:273	0	0
2021-03-17 12:39:59:264	0	0
2021-03-17 12:40:00:272	0	0
2021-03-17 12:40:01:264	0	0
2021-03-17 12:40:02:271	0	0
2021-03-17 12:40:03:280	0	0
2021-03-17 12:40:04:268	0	0
2021-03-17 12:40:05:275	0	0
2021-03-17 12:40:06:271	0	0
2021-03-17 12:40:07:280	0	0
2021-03-17 12:40:08:287	0	0
2021-03-17 12:40:09:277	0	0
2021-03-17 12:40:10:287	0	0
2021-03-17 12:40:11:280	0	0
2021-03-17 12:40:12:286	0	0
2021-03-17 12:40:13:303	0	0
2021-03-17 12:40:14:285	0	0
2021-03-17 12:40:15:302	0	0
2021-03-17 12:40:17:296	0	0
2021-03-17 12:40:18:297	0	0
2021-03-17 12:40:19:288	0	0
2021-03-17 12:40:20:298	0	0
2021-03-17 12:40:21:292	0	0
2021-03-17 12:40:22:300	0	0
2021-03-17 12:40:32:315	0	0	392	0
2021-03-17 12:40:33:319	0	0	392	0
2021-03-17 12:40:34:308	0	0	392	0
2021-03-17 12:40:35:312	0	0	392	0
2021-03-17 12:40:37:311	0	0	392	0
2021-03-17 12:40:38:319	0	0	392	0
2021-03-17 12:40:39:312	0	0	392	0
2021-03-17 12:40:40:321	0	0	392	0
2021-03-17 12:40:42:318	0	0	390	0
2021-03-17 12:40:43:328	0	0	390	0
2021-03-17 12:40:44:318	0	0	392	0
2021-03-17 12:40:45:331	0	0	392	0
2021-03-17 12:40:47:334	0	0	391	0
2021-03-17 12:40:48:336	0	0	391	0
2021-03-17 12:40:49:333	0	0	391	0
2021-03-17 12:40:50:346	0	0	391	0
2021-03-17 12:40:51:334	0	0	391	0
2021-03-17 12:40:52:339	0	0	391	0
2021-03-17 12:40:53:344	0	0	391	0
2021-03-17 12:40:54:335	0	0	391	0
2021-03-17 12:40:55:347	0	0	391	0
2021-03-17 12:40:56:346	0	0	391	0
2021-03-17 12:40:57:355	0	0	391	0
2021-03-17 12:40:58:363	0	0	392	0
2021-03-17 12:40:59:345	0	0	392	0
2021-03-17 12:41:00:351	0	0	391	0
2021-03-17 12:41:01:345	0	0	391	0
2021-03-17 12:41:02:354	0	0	391	0
2021-03-17 12:41:03:361	0	0	391	0
2021-03-17 12:41:04:353	0	0	391	0
2021-03-17 12:41:05:357	0	0	391	0
2021-03-17 12:41:06:350	0	0	391	0
2021-03-17 12:41:07:357	0	0	391	0
2021-03-17 12:41:08:365	0	0	391	0
2021-03-17 12:41:09:358	0	0	391	0
2021-03-17 12:41:10:367	0	0	391	0
2021-03-17 12:41:11:360	0	0	391	0
2021-03-17 12:41:12:365	0	0	391	0
2021-03-17 12:41:13:372	0	0	391	0
2021-03-17 12:41:14:369	0	0	392	0
2021-03-17 12:41:15:376	0	0	392	0
2021-03-17 12:41:16:363	0	0	391	0
2021-03-17 12:41:17:371	0	0	391	0
2021-03-17 12:41:18:378	0	0	392	0
2021-03-17 12:41:19:366	0	0	392	0
2021-03-17 12:41:20:376	0	0	391	0
2021-03-17 12:41:21:356	0	0	391	0
2021-03-17 12:41:22:371	0	0	391	0
2021-03-17 12:41:23:383	0	0	391	0
2021-03-17 12:41:24:376	0	0	392	0
2021-03-17 12:41:25:385	0	0	392	0
2021-03-17 12:41:26:375	0	0	392	0
2021-03-17 12:41:27:387	0	0	392	0
2021-03-17 12:41:28:401	0	0	392	0
2021-03-17 12:41:29:387	0	0	392	0
2021-03-17 12:41:30:379	0	0	391	0
2021-03-17 12:41:31:394	0	0	391	0
2021-03-17 12:41:32:378	0	0	393	0
2021-03-17 12:41:33:394	0	0	393	0
2021-03-17 12:41:34:378	0	0	399	0
2021-03-17 12:41:35:411	0	0	399	0
2021-03-17 12:41:36:390	0	0	399	0
2021-03-17 12:41:37:397	0	0	399	0
2021-03-17 12:41:38:397	0	0	399	0
2021-03-17 12:41:39:401	0	0	399	0
2021-03-17 12:41:40:407	0	0	400	0
2021-03-17 12:41:41:396	0	0	400	0
2021-03-17 12:41:42:404	0	0	400	0
2021-03-17 12:41:43:413	0	0	400	0
2021-03-17 12:41:44:403	0	0	400	0
2021-03-17 12:41:45:411	0	0	400	0
2021-03-17 12:41:46:411	0	0	400	0
2021-03-17 12:41:47:411	0	0	400	0
2021-03-17 12:41:49:424	0	0	400	0
2021-03-17 12:41:50:433	0	0	399	0
2021-03-17 12:45:21:710	0	0	399	0
2021-03-17 12:45:23:694	0	0	400	0
2021-03-17 12:45:24:710	0	0	400	0
2021-03-17 12:45:25:694	0	0	400	0
2021-03-17 12:45:26:709	0	0	400	0
2021-03-17 12:45:28:709	0	0	400	0
2021-03-17 12:45:29:708	0	0	400	0
2021-03-17 12:45:30:693	0	0	400	0
2021-03-17 12:45:31:708	0	0	400	0
2021-03-17 12:45:32:724	0	0	400	0
2021-03-17 12:45:33:708	0	0	400	0
2021-03-17 12:45:34:723	0	0	400	0
2021-03-17 12:45:35:707	0	0	400	0
2021-03-17 12:45:36:723	0	0	400	0
2021-03-17 12:45:37:722	0	0	400	0
2021-03-17 12:45:38:722	0	0	400	0
2021-03-17 12:45:39:737	0	0	400	0
2021-03-17 12:45:40:722	0	0	400	0
2021-03-17 12:45:41:737	0	0	400	0
2021-03-17 12:49:42:055	0	0	401	0
2021-03-17 12:49:44:050	0	0	401	0
2021-03-17 12:49:45:055	0	0	401	0
2021-03-17 12:49:46:046	0	0	401	0
2021-03-17 12:49:47:059	0	0	400	0
2021-03-17 12:49:49:055	0	0	400	0
2021-03-17 12:49:50:055	0	0	400	0
2021-03-17 12:49:51:054	0	0	401	0
2021-03-17 12:49:52:062	0	0	401	0
2021-03-17 12:49:54:062	0	0	400	0
2021-03-17 12:49:55:070	0	0	400	0
2021-03-17 12:49:56:079	0	0	400	0
2021-03-17 12:49:57:072	0	0	400	0
2021-03-17 12:49:59:064	0	0	400	0
2021-03-17 12:50:00:079	0	0	400	0
2021-03-17 12:50:01:063	0	0	401	0
2021-03-17 12:50:02:079	0	0	401	0
2021-03-17 12:50:04:074	0	0	400	0
2021-03-17 12:50:05:090	0	0	400	0
2021-03-17 12:50:06:074	0	0	400	0
2021-03-17 12:50:07:074	0	0	401	0
2021-03-17 12:50:09:073	0	0	401	0
2021-03-17 12:50:10:089	0	0	401	0
2021-03-17 12:50:11:073	0	0	400	0
2021-03-17 12:50:12:088	0	0	400	0
2021-03-17 12:50:14:087	0	0	400	0
2021-03-17 12:50:15:087	0	0	400	0
2021-03-17 12:50:16:087	0	0	400	0
2021-03-17 12:50:17:087	0	0	400	0
2021-03-17 12:50:19:086	0	0	400	0
2021-03-17 12:50:20:102	0	0	400	0
2021-03-17 12:50:21:102	0	0	401	0
2021-03-17 12:50:22:102	0	0	401	0
2021-03-17 12:50:24:101	0	0	400	0
2021-03-17 12:50:25:101	0	0	400	0
2021-03-17 12:50:26:101	0	0	400	0
2021-03-17 12:50:27:101	0	0	400	0
2021-03-17 12:50:28:100	0	0	400	0
2021-03-17 12:50:29:116	0	0	400	0
2021-03-17 12:50:30:116	0	0	400	0
2021-03-17 12:50:31:100	0	0	400	0
2021-03-17 12:50:32:131	0	0	400	0
2021-03-17 12:50:33:115	0	0	400	0
2021-03-17 12:50:34:115	0	0	400	0
2021-03-17 12:50:35:114	0	0	401	0
2021-03-17 12:50:36:114	0	0	401	0
2021-03-17 12:50:37:129	0	0	401	0
2021-03-17 12:50:38:114	0	0	401	0
2021-03-17 12:50:39:129	0	0	400	0
2021-03-17 12:50:40:129	0	0	400	0
2021-03-17 12:50:41:113	0	0	400	0
2021-03-17 12:50:42:129	0	0	400	0
2021-03-17 12:50:43:128	0	0	400	0
2021-03-17 12:50:44:128	0	0	400	0
2021-03-17 12:50:45:144	0	0	400	0
2021-03-17 12:50:46:128	0	0	400	0
2021-03-17 12:50:47:128	0	0	400	0
2021-03-17 12:50:48:127	0	0	400	0
2021-03-17 12:50:49:143	0	0	400	0
2021-03-17 12:50:50:143	0	0	400	0
2021-03-17 12:50:51:146	0	0	401	0
2021-03-17 12:50:52:150	0	0	401	0
2021-03-17 12:50:53:156	0	0	401	0
2021-03-17 12:50:54:165	0	0	401	0
2021-03-17 12:50:55:163	0	0	400	0
2021-03-17 12:50:56:154	0	0	400	0
2021-03-17 12:50:57:157	0	0	400	0
2021-03-17 12:50:58:154	0	0	400	0
2021-03-17 12:50:59:147	0	0	400	0
2021-03-17 12:51:00:163	0	0	400	0
2021-03-17 12:51:01:147	0	0	400	0
2021-03-17 12:51:02:162	0	0	400	0
2021-03-17 12:51:03:147	0	0	400	0
2021-03-17 12:51:04:177	0	0	400	0
2021-03-17 12:51:06:161	0	0	400	0
2021-03-17 12:51:07:161	0	0	400	0
2021-03-17 12:51:08:160	0	0	400	0
2021-03-17 12:51:09:160	0	0	400	0
2021-03-17 12:51:11:160	0	0	400	0
2021-03-17 12:51:12:175	0	0	400	0
2021-03-17 12:51:13:159	0	0	400	0
2021-03-17 12:51:14:175	0	0	400	0
2021-03-17 12:51:16:174	0	0	400	0
2021-03-17 12:51:17:174	0	0	401	0
2021-03-17 12:51:18:174	0	0	401	0
2021-03-17 12:51:19:174	0	0	400	0
2021-03-17 12:51:21:173	0	0	400	0
2021-03-17 12:51:22:188	0	0	400	0
2021-03-17 12:51:23:173	0	0	401	0
2021-03-17 12:51:24:188	0	0	401	0
2021-03-17 12:51:25:188	0	0	400	0
2021-03-17 12:51:26:187	0	0	400	0
2021-03-17 12:51:27:187	0	0	400	0
2021-03-17 12:51:28:187	0	0	400	0
2021-03-17 12:51:29:187	0	0	400	0
2021-03-17 12:51:30:202	0	0	400	0
2021-03-17 12:51:31:187	0	0	400	0
2021-03-17 12:51:32:202	0	0	400	0
2021-03-17 12:51:33:186	0	0	400	0
2021-03-17 12:51:34:201	0	0	400	0
2021-03-17 12:51:35:201	0	0	400	0
2021-03-17 12:51:36:201	0	0	400	0
2021-03-17 12:51:37:201	0	0	400	0
2021-03-17 12:51:38:200	0	0	400	0
2021-03-17 12:51:39:200	0	0	400	0
2021-03-17 12:51:40:216	0	0	400	0
2021-03-17 12:51:41:200	0	0	400	0
2021-03-17 12:51:42:231	0	0	400	0
2021-03-17 12:51:43:199	0	0	401	0
2021-03-17 12:51:44:230	0	0	401	0
2021-03-17 12:51:45:230	0	0	400	0
2021-03-17 12:51:46:214	0	0	400	0
2021-03-17 12:51:47:229	0	0	400	0
2021-03-17 12:51:48:214	0	0	400	0
2021-03-17 12:51:49:214	0	0	400	0
2021-03-17 12:51:50:229	0	0	400	0
2021-03-17 12:51:51:228	0	0	401	0
2021-03-17 12:51:52:244	0	0	401	0
2021-03-17 12:51:53:227	0	0	400	0
2021-03-17 12:51:54:234	0	0	400	0
2021-03-17 12:51:55:242	0	0	400	0
2021-03-17 12:51:56:235	0	0	400	0
2021-03-17 12:51:57:238	0	0	400	0
2021-03-17 12:51:58:248	0	0	400	0
2021-03-17 12:51:59:228	0	0	400	0
2021-03-17 12:52:00:259	0	0	400	0
2021-03-17 12:52:01:244	0	0	400	0
2021-03-17 12:52:02:243	0	0	400	0
2021-03-17 12:52:04:243	0	0	400	0
2021-03-17 12:52:05:243	0	0	401	0
2021-03-17 12:52:06:242	0	0	401	0
2021-03-17 12:52:07:242	0	0	400	0
2021-03-17 12:52:09:242	0	0	401	0
2021-03-17 12:52:10:257	0	0	401	0
2021-03-17 12:52:11:257	0	0	401	0
2021-03-17 12:52:12:257	0	0	401	0
2021-03-17 12:52:14:272	0	0	401	0
2021-03-17 12:52:15:271	0	0	401	0
2021-03-17 12:52:16:256	0	0	401	0
2021-03-17 12:52:17:271	0	0	400	0
2021-03-17 12:52:19:271	0	0	400	0
2021-03-17 12:52:20:270	0	0	400	0
2021-03-17 12:52:21:254	0	0	400	0
2021-03-17 12:52:22:270	0	0	400	0
2021-03-17 12:52:24:269	0	0	400	0
2021-03-17 12:52:25:269	0	0	400	0
2021-03-17 12:52:26:269	0	0	400	0
2021-03-17 12:52:27:269	0	0	400	0
2021-03-17 12:52:28:284	0	0	400	0
2021-03-17 12:52:29:268	0	0	400	0
2021-03-17 12:52:30:283	0	0	400	0
2021-03-17 12:52:31:268	0	0	400	0
2021-03-17 12:52:32:283	0	0	400	0
2021-03-17 12:52:33:267	0	0	400	0
2021-03-17 12:52:34:283	0	0	400	0
2021-03-17 12:52:35:282	0	0	400	0
2021-03-17 12:52:36:282	0	0	400	0
2021-03-17 12:52:37:297	0	0	400	0
2021-03-17 12:52:38:282	0	0	400	0
2021-03-17 12:52:39:297	0	0	400	0
2021-03-17 12:52:40:297	0	0	400	0
2021-03-17 12:52:41:281	0	0	400	0
2021-03-17 12:52:42:296	0	0	400	0
2021-03-17 12:52:43:281	0	0	400	0
2021-03-17 12:52:44:296	0	0	400	0
2021-03-17 12:52:45:296	0	0	400	0
2021-03-17 12:52:46:296	0	0	400	0
2021-03-17 12:52:47:295	0	0	400	0
2021-03-17 12:52:48:295	0	0	400	0
2021-03-17 12:52:49:295	0	0	400	0
2021-03-17 12:52:50:310	0	0	400	0
2021-03-17 12:52:51:322	0	0	400	0
2021-03-17 12:52:52:314	0	0	400	0
2021-03-17 12:52:53:321	0	0	401	0
2021-03-17 12:52:54:322	0	0	401	0
2021-03-17 12:52:55:328	0	0	400	0
2021-03-17 12:52:56:317	0	0	400	0
2021-03-17 12:52:57:325	0	0	400	0
2021-03-17 12:52:58:314	0	0	400	0
2021-03-17 12:52:59:325	0	0	401	0
2021-03-17 12:53:00:325	0	0	401	0
2021-03-17 12:53:01:309	0	0	400	0
2021-03-17 12:53:02:324	0	0	400	0
2021-03-17 12:53:04:340	0	0	400	0
2021-03-17 12:53:05:339	0	0	400	0
2021-03-17 12:53:06:323	0	0	400	0
2021-03-17 12:53:07:339	0	0	400	0
2021-03-17 12:53:09:323	0	0	400	0
2021-03-17 12:53:10:338	0	0	400	0
2021-03-17 12:53:11:323	0	0	400	0
2021-03-17 12:53:12:338	0	0	400	0
2021-03-17 12:53:14:338	0	0	400	0
2021-03-17 12:53:15:338	0	0	400	0
2021-03-17 12:53:16:337	0	0	400	0
2021-03-17 12:53:17:353	0	0	401	0
2021-03-17 12:53:19:337	0	0	400	0
2021-03-17 12:53:20:352	0	0	400	0
2021-03-17 12:53:21:336	0	0	400	0
2021-03-17 12:53:22:352	0	0	400	0
2021-03-17 12:53:23:336	0	0	400	0
2021-03-17 12:53:24:367	0	0	400	0
2021-03-17 12:53:25:367	0	0	400	0
2021-03-17 12:53:26:351	0	0	400	0
2021-03-17 12:53:27:366	0	0	400	0
2021-03-17 12:53:28:351	0	0	400	0
2021-03-17 12:53:29:350	0	0	400	0
2021-03-17 12:53:30:366	0	0	400	0
2021-03-17 12:53:31:365	0	0	400	0
2021-03-17 12:53:32:365	0	0	400	0
2021-03-17 12:53:33:365	0	0	400	0
2021-03-17 12:53:34:380	0	0	400	0
2021-03-17 12:53:36:364	0	0	401	0
2021-03-17 12:53:37:364	0	0	400	0
2021-03-17 12:53:38:364	0	0	400	0
2021-03-17 12:53:39:364	0	0	400	0
2021-03-17 12:53:41:363	0	0	400	0
2021-03-17 12:53:42:379	0	0	400	0
2021-03-17 12:53:43:363	0	0	400	0
2021-03-17 12:53:44:378	0	0	400	0
2021-03-17 12:53:46:378	0	0	400	0
2021-03-17 12:53:47:377	0	0	400	0
2021-03-17 12:53:48:377	0	0	400	0
2021-03-17 12:53:49:377	0	0	400	0
2021-03-17 12:53:50:377	0	0	400	0
2021-03-17 12:53:51:394	0	0	400	0
2021-03-17 12:53:52:401	0	0	400	0
2021-03-17 12:53:53:389	0	0	400	0
2021-03-17 12:53:54:401	0	0	400	0
2021-03-17 12:53:55:393	0	0	400	0
2021-03-17 12:53:56:402	0	0	400	0
2021-03-17 12:53:57:407	0	0	400	0
2021-03-17 12:53:58:396	0	0	400	0
2021-03-17 12:53:59:401	0	0	401	0
2021-03-17 12:54:00:386	0	0	401	0
2021-03-17 12:54:01:401	0	0	401	0
2021-03-17 12:54:02:401	0	0	401	0
2021-03-17 12:54:03:401	0	0	400	0
2021-03-17 12:54:04:401	0	0	400	0
2021-03-17 12:54:06:416	0	0	400	0
2021-03-17 12:54:07:416	0	0	400	0
2021-03-17 12:54:08:400	0	0	400	0
2021-03-17 12:54:09:415	0	0	401	0
2021-03-17 12:54:11:415	0	0	400	0
2021-03-17 12:54:12:430	0	0	400	0
2021-03-17 12:54:13:415	0	0	400	0
2021-03-17 12:54:14:414	0	0	400	0
2021-03-17 12:54:16:414	0	0	400	0
2021-03-17 12:54:17:429	0	0	400	0
2021-03-17 12:54:18:414	0	0	400	0
2021-03-17 12:54:19:429	0	0	400	0
2021-03-17 12:54:21:428	0	0	400	0
2021-03-17 12:54:22:428	0	0	400	0
2021-03-17 12:54:23:428	0	0	400	0
2021-03-17 12:54:24:428	0	0	400	0
2021-03-17 12:54:26:427	0	0	401	0
2021-03-17 12:54:27:442	0	0	400	0
2021-03-17 12:54:28:442	0	0	400	0
2021-03-17 12:54:29:442	0	0	400	0
2021-03-17 12:54:30:426	0	0	400	0
2021-03-17 12:54:31:442	0	0	401	0
2021-03-17 12:54:32:442	0	0	401	0
2021-03-17 12:54:33:441	0	0	400	0
2021-03-17 12:54:34:457	0	0	400	0
2021-03-17 12:54:35:457	0	0	400	0
2021-03-17 12:54:36:456	0	0	400	0
2021-03-17 12:54:38:440	0	0	401	0
2021-03-17 12:54:39:456	0	0	400	0
2021-03-17 12:54:40:440	0	0	400	0
2021-03-17 12:54:41:455	0	0	400	0
2021-03-17 12:54:43:455	0	0	400	0
2021-03-17 12:54:44:455	0	0	400	0
2021-03-17 12:54:45:455	0	0	400	0
2021-03-17 12:54:46:455	0	0	400	0
2021-03-17 12:54:47:454	0	0	400	0
2021-03-17 12:54:48:454	0	0	400	0
2021-03-17 12:54:49:469	0	0	400	0
2021-03-17 12:54:50:454	0	0	400	0
2021-03-17 12:54:51:475	0	0	400	0
2021-03-17 12:54:52:469	0	0	400	0
2021-03-17 12:54:53:475	0	0	400	0
2021-03-17 12:54:54:481	0	0	400	0
2021-03-17 12:54:55:475	0	0	401	0
2021-03-17 12:54:56:481	0	0	401	0
2021-03-17 12:54:57:475	0	0	401	0
2021-03-17 12:54:58:479	0	0	401	0
2021-03-17 12:54:59:481	0	0	400	0
2021-03-17 12:55:00:465	0	0	400	0
2021-03-17 12:55:01:496	0	0	401	0
2021-03-17 12:55:02:465	0	0	401	0
2021-03-17 12:55:03:480	0	0	401	0
2021-03-17 12:55:05:480	0	0	400	0
2021-03-17 12:55:06:495	0	0	400	0
2021-03-17 12:55:07:479	0	0	401	0
2021-03-17 12:55:08:479	0	0	401	0
2021-03-17 12:55:10:494	0	0	400	0
2021-03-17 12:55:11:494	0	0	400	0
2021-03-17 12:55:12:494	0	0	400	0
2021-03-17 12:55:13:509	0	0	400	0
2021-03-17 12:55:15:493	0	0	402	0
2021-03-17 12:55:16:493	0	0	402	0
2021-03-17 12:55:17:493	0	0	400	0
2021-03-17 12:55:18:508	0	0	400	0
2021-03-17 12:55:20:507	0	0	400	0
2021-03-17 12:55:21:508	0	0	400	0
2021-03-17 12:55:22:492	0	0	400	0
2021-03-17 12:55:23:523	0	0	400	0
2021-03-17 12:55:25:507	0	0	400	0
2021-03-17 12:55:26:522	0	0	400	0
2021-03-17 12:55:27:506	0	0	400	0
2021-03-17 12:55:28:522	0	0	400	0
2021-03-17 12:55:30:521	0	0	400	0
2021-03-17 12:55:31:521	0	0	400	0
2021-03-17 12:55:32:521	0	0	400	0
2021-03-17 12:55:33:520	0	0	400	0
2021-03-17 12:55:34:520	0	0	400	0
2021-03-17 12:55:35:536	0	0	400	0
2021-03-17 12:55:36:535	0	0	400	0
2021-03-17 12:55:37:520	0	0	400	0
2021-03-17 12:55:38:519	0	0	400	0
2021-03-17 12:55:40:535	0	0	400	0
2021-03-17 12:55:41:534	0	0	400	0
2021-03-17 12:55:42:534	0	0	400	0
2021-03-17 12:55:43:534	0	0	400	0
2021-03-17 12:55:44:534	0	0	400	0
2021-03-17 12:55:45:534	0	0	401	0
2021-03-17 12:55:46:549	0	0	401	0
2021-03-17 12:55:47:549	0	0	400	0
2021-03-17 12:55:48:548	0	0	400	0
2021-03-17 12:55:49:533	0	0	400	0
2021-03-17 12:55:50:548	0	0	400	0
2021-03-17 12:55:51:554	0	0	400	0
2021-03-17 12:55:52:551	0	0	400	0
2021-03-17 12:55:53:555	0	0	400	0
2021-03-17 12:55:54:552	0	0	400	0
2021-03-17 12:55:55:557	0	0	400	0
2021-03-17 12:55:56:567	0	0	400	0
2021-03-17 12:55:57:557	0	0	399	0
2021-03-17 12:55:58:564	0	0	399	0
2021-03-17 12:55:59:546	0	0	399	0
2021-03-17 12:56:00:577	0	0	399	0
2021-03-17 12:56:01:562	0	0	400	0
2021-03-17 12:56:02:561	0	0	400	0
2021-03-17 12:56:03:561	0	0	400	0
2021-03-17 12:56:04:561	0	0	400	0
2021-03-17 12:56:05:561	0	0	400	0
2021-03-17 12:56:06:560	0	0	400	0
2021-03-17 12:56:07:560	0	0	400	0
2021-03-17 12:56:08:560	0	0	400	0
2021-03-17 12:56:09:575	0	0	400	0
2021-03-17 12:56:10:575	0	0	400	0
2021-03-17 12:56:11:575	0	0	400	0
2021-03-17 12:56:12:575	0	0	400	0
2021-03-17 12:56:13:575	0	0	400	0
2021-03-17 12:56:14:574	0	0	400	0
2021-03-17 12:56:15:574	0	0	401	0
2021-03-17 12:56:16:589	0	0	401	0
2021-03-17 12:56:17:589	0	0	400	0
2021-03-17 12:56:18:589	0	0	400	0
2021-03-17 12:56:19:573	0	0	400	0
2021-03-17 12:56:20:604	0	0	400	0
2021-03-17 12:56:21:588	0	0	400	0
2021-03-17 12:56:22:588	0	0	400	0
2021-03-17 12:56:23:588	0	0	400	0
2021-03-17 12:56:24:588	0	0	400	0
2021-03-17 12:56:25:588	0	0	400	0
2021-03-17 12:56:26:603	0	0	400	0
2021-03-17 12:56:27:587	0	0	400	0
2021-03-17 12:56:28:618	0	0	400	0
2021-03-17 12:56:29:587	0	0	400	0
2021-03-17 12:56:30:587	0	0	400	0
2021-03-17 12:56:31:602	0	0	400	0
2021-03-17 12:56:32:602	0	0	400	0
2021-03-17 12:56:33:602	0	0	400	0
2021-03-17 12:56:34:601	0	0	400	0
2021-03-17 12:56:35:601	0	0	400	0
2021-03-17 12:56:36:617	0	0	400	0
2021-03-17 12:56:37:601	0	0	400	0
2021-03-17 12:56:38:616	0	0	400	0
2021-03-17 12:56:39:601	0	0	400	0
2021-03-17 12:56:40:616	0	0	400	0
2021-03-17 12:56:41:616	0	0	400	0
2021-03-17 12:56:42:615	0	0	400	0
2021-03-17 12:56:43:615	0	0	400	0
2021-03-17 12:56:44:631	0	0	400	0
2021-03-17 12:56:45:615	0	0	400	0
2021-03-17 12:56:46:630	0	0	400	0
2021-03-17 12:56:47:614	0	0	400	0
2021-03-17 12:56:48:630	0	0	400	0
2021-03-17 12:56:49:614	0	0	402	0
2021-03-17 12:56:50:629	0	0	402	0
2021-03-17 12:56:51:643	0	0	400	0
2021-03-17 12:56:52:634	0	0	400	0
2021-03-17 12:56:53:639	0	0	400	0
2021-03-17 12:56:54:633	0	0	400	0
2021-03-17 12:56:55:641	0	0	400	0
2021-03-17 12:56:57:640	0	0	400	0
2021-03-17 12:56:58:644	0	0	400	0
2021-03-17 12:56:59:638	0	0	400	0
2021-03-17 12:57:00:638	0	0	400	0
2021-03-17 12:57:02:637	0	0	400	0
2021-03-17 12:57:03:652	0	0	400	0
2021-03-17 12:57:04:637	0	0	400	0
2021-03-17 12:57:05:652	0	0	400	0
2021-03-17 12:57:07:636	0	0	400	0
2021-03-17 12:57:08:651	0	0	400	0
2021-03-17 12:57:09:651	0	0	400	0
2021-03-17 12:57:10:651	0	0	400	0
2021-03-17 12:57:12:650	0	0	400	0
2021-03-17 12:57:13:650	0	0	400	0
2021-03-17 12:57:14:650	0	0	400	0
2021-03-17 12:57:15:665	0	0	400	0
2021-03-17 12:57:16:650	0	0	400	0
2021-03-17 12:57:17:649	0	0	400	0
2021-03-17 12:57:18:665	0	0	400	0
2021-03-17 12:57:19:664	0	0	400	0
2021-03-17 12:57:20:664	0	0	400	0
2021-03-17 12:57:21:664	0	0	400	0
2021-03-17 12:57:22:664	0	0	400	0
2021-03-17 12:57:23:679	0	0	400	0
2021-03-17 12:57:24:663	0	0	400	0
2021-03-17 12:57:25:679	0	0	400	0
2021-03-17 12:57:26:663	0	0	400	0
2021-03-17 12:57:27:678	0	0	400	0
2021-03-17 12:57:29:678	0	0	400	0
2021-03-17 12:57:30:678	0	0	400	0
2021-03-17 12:57:31:662	0	0	400	0
2021-03-17 12:57:32:677	0	0	400	0
2021-03-17 12:57:34:677	0	0	400	0
2021-03-17 12:57:35:692	0	0	400	0
2021-03-17 12:57:36:677	0	0	400	0
2021-03-17 12:57:37:692	0	0	400	0
2021-03-17 12:57:39:676	0	0	400	0
2021-03-17 12:57:40:691	0	0	400	0
2021-03-17 12:57:41:691	0	0	399	0
2021-03-17 12:57:42:691	0	0	399	0
2021-03-17 12:57:44:690	0	0	400	0
2021-03-17 12:57:45:690	0	0	400	0
2021-03-17 12:57:46:690	0	0	400	0
2021-03-17 12:57:47:705	0	0	399	0
2021-03-17 12:57:48:705	0	0	399	0
2021-03-17 12:57:49:720	0	0	400	0
2021-03-17 12:57:50:720	0	0	400	0
2021-03-17 12:57:51:708	0	0	400	0
2021-03-17 12:57:52:715	0	0	400	0
2021-03-17 12:57:53:703	0	0	400	0
2021-03-17 12:57:54:728	0	0	400	0
2021-03-17 12:57:56:715	0	0	400	0
2021-03-17 12:57:57:720	0	0	400	0
2021-03-17 12:57:58:711	0	0	400	0
2021-03-17 12:57:59:706	0	0	400	0
2021-03-17 12:58:01:706	0	0	400	0
2021-03-17 12:58:02:721	0	0	400	0
2021-03-17 12:58:03:721	0	0	400	0
2021-03-17 12:58:04:721	0	0	400	0
2021-03-17 12:58:06:720	0	0	400	0
2021-03-17 12:58:07:720	0	0	400	0
2021-03-17 12:58:08:720	0	0	400	0
2021-03-17 12:58:09:720	0	0	400	0
2021-03-17 12:58:10:735	0	0	400	0
2021-03-17 12:58:11:719	0	0	400	0
2021-03-17 12:58:12:734	0	0	400	0
2021-03-17 12:58:13:734	0	0	400	0
2021-03-17 12:58:14:749	0	0	400	0
2021-03-17 12:58:15:718	0	0	400	0
2021-03-17 12:58:16:734	0	0	400	0
2021-03-17 12:58:17:749	0	0	400	0
2021-03-17 12:58:18:733	0	0	400	0
2021-03-17 12:58:19:748	0	0	400	0
2021-03-17 12:58:20:733	0	0	400	0
2021-03-17 12:58:21:748	0	0	400	0
2021-03-17 12:58:23:747	0	0	400	0
2021-03-17 12:58:24:747	0	0	400	0
2021-03-17 12:58:25:747	0	0	401	0
2021-03-17 12:58:26:747	0	0	401	0
2021-03-17 12:58:27:746	0	0	401	0
2021-03-17 12:58:28:762	0	0	401	0
2021-03-17 12:58:29:762	0	0	400	0
2021-03-17 12:58:30:761	0	0	400	0
2021-03-17 12:58:31:761	0	0	400	0
2021-03-17 12:58:32:745	0	0	400	0
2021-03-17 12:58:33:761	0	0	400	0
2021-03-17 12:58:35:760	0	0	400	0
2021-03-17 12:58:36:760	0	0	400	0
2021-03-17 12:58:37:744	0	0	400	0
2021-03-17 12:58:38:759	0	0	400	0
2021-03-17 12:58:40:759	0	0	400	0
2021-03-17 12:58:41:774	0	0	400	0
2021-03-17 12:58:42:759	0	0	400	0
2021-03-17 12:58:43:758	0	0	398	0
2021-03-17 12:58:44:758	0	0	398	0
2021-03-17 12:58:45:774	0	0	400	0
2021-03-17 12:58:46:773	0	0	400	0
2021-03-17 12:58:47:773	0	0	400	0
2021-03-17 12:58:48:773	0	0	400	0
2021-03-17 12:58:49:773	0	0	400	0
2021-03-17 12:58:50:773	0	0	400	0
2021-03-17 12:58:52:778	0	0	402	0
2021-03-17 12:58:53:788	0	0	400	0
2021-03-17 12:58:54:780	0	0	400	0
2021-03-17 12:58:55:786	0	0	400	0
2021-03-17 12:58:57:798	0	0	400	0
2021-03-17 12:58:58:794	0	0	400	0
2021-03-17 12:58:59:783	0	0	400	0
2021-03-17 12:59:00:783	0	0	400	0
2021-03-17 12:59:01:783	0	0	401	0
2021-03-17 12:59:02:783	0	0	401	0
2021-03-17 12:59:04:782	0	0	400	0
2021-03-17 12:59:05:798	0	0	400	0
2021-03-17 12:59:06:782	0	0	400	0
2021-03-17 12:59:07:797	0	0	400	0
2021-03-17 12:59:09:797	0	0	400	0
2021-03-17 12:59:10:797	0	0	400	0
2021-03-17 12:59:11:796	0	0	400	0
2021-03-17 12:59:12:812	0	0	400	0
2021-03-17 12:59:13:796	0	0	400	0
2021-03-17 12:59:14:812	0	0	400	0
2021-03-17 12:59:15:811	0	0	400	0
2021-03-17 12:59:16:795	0	0	400	0
2021-03-17 12:59:17:811	0	0	401	0
2021-03-17 12:59:18:795	0	0	401	0
2021-03-17 12:59:19:810	0	0	400	0
2021-03-17 12:59:20:810	0	0	400	0
2021-03-17 12:59:21:810	0	0	400	0
2021-03-17 12:59:22:810	0	0	400	0
2021-03-17 12:59:23:809	0	0	400	0
2021-03-17 12:59:24:809	0	0	400	0
2021-03-17 12:59:26:809	0	0	400	0
2021-03-17 12:59:27:840	0	0	400	0
2021-03-17 12:59:28:809	0	0	400	0
2021-03-17 12:59:29:824	0	0	400	0
2021-03-17 12:59:30:808	0	0	400	0
2021-03-17 12:59:31:824	0	0	400	0
2021-03-17 12:59:32:839	0	0	400	0
2021-03-17 12:59:33:823	0	0	400	0
2021-03-17 12:59:34:823	0	0	400	0
2021-03-17 12:59:35:823	0	0	400	0
2021-03-17 12:59:36:823	0	0	400	0
2021-03-17 12:59:38:822	0	0	400	0
2021-03-17 12:59:39:838	0	0	400	0
2021-03-17 12:59:40:822	0	0	400	0
2021-03-17 12:59:41:837	0	0	400	0
2021-03-17 12:59:42:822	0	0	400	0
2021-03-17 12:59:43:829	0	0	400	0
2021-03-17 12:59:44:841	0	0	400	0
2021-03-17 12:59:45:837	0	0	400	0
2021-03-17 12:59:46:859	0	0	400	0
2021-03-17 12:59:47:825	0	0	400	0
2021-03-17 12:59:48:833	0	0	400	0
2021-03-17 12:59:49:855	0	0	400	0
2021-03-17 12:59:50:841	0	0	400	0
2021-03-17 12:59:51:855	0	0	400	0
2021-03-17 12:59:52:862	0	0	400	0
2021-03-17 12:59:53:858	0	0	400	0
2021-03-17 12:59:54:872	0	0	400	0
2021-03-17 12:59:55:855	0	0	400	0
2021-03-17 12:59:56:860	0	0	400	0
2021-03-17 12:59:58:862	0	0	400	0
2021-03-17 12:59:59:864	0	0	400	0
2021-03-17 13:00:00:854	0	0	400	0
2021-03-17 13:00:01:854	0	0	400	0
2021-03-17 13:00:03:868	0	0	400	0
2021-03-17 13:00:04:870	0	0	400	0
2021-03-17 13:00:05:861	0	0	400	0
2021-03-17 13:00:06:867	0	0	400	0
2021-03-17 13:00:08:870	0	0	400	0
2021-03-17 13:00:09:877	0	0	400	0
2021-03-17 13:00:10:864	0	0	400	0
2021-03-17 13:00:11:881	0	0	400	0
2021-03-17 13:00:12:887	0	0	400	0
2021-03-17 13:00:13:869	0	0	400	0
2021-03-17 13:00:14:875	0	0	400	0
2021-03-17 13:00:15:872	0	0	400	0
2021-03-17 13:00:16:893	0	0	400	0
2021-03-17 13:00:17:884	0	0	400	0
2021-03-17 13:00:18:880	0	0	400	0
2021-03-17 13:00:19:903	0	0	400	0
2021-03-17 13:00:20:873	0	0	400	0
2021-03-17 13:00:21:895	0	0	400	0
2021-03-17 13:00:22:906	0	0	400	0
2021-03-17 13:00:23:881	0	0	400	0
2021-03-17 13:00:24:899	0	0	400	0
2021-03-17 13:00:25:895	0	0	400	0
2021-03-17 13:00:26:902	0	0	400	0
2021-03-17 13:00:27:909	0	0	400	0
2021-03-17 13:00:28:900	0	0	400	0
2021-03-17 13:00:29:906	0	0	400	0
2021-03-17 13:00:30:892	0	0	400	0
2021-03-17 13:00:31:904	0	0	400	0
2021-03-17 13:00:32:910	0	0	400	0
2021-03-17 13:00:33:912	0	0	400	0
2021-03-17 13:00:34:908	0	0	400	0
2021-03-17 13:00:36:916	0	0	400	0
2021-03-17 13:00:37:917	0	0	400	0
2021-03-17 13:00:38:913	0	0	400	0
2021-03-17 13:00:39:919	0	0	400	0
2021-03-17 13:00:41:907	0	0	400	0
2021-03-17 13:00:42:930	0	0	400	0
2021-03-17 13:00:43:915	0	0	400	0
2021-03-17 13:00:44:917	0	0	400	0
2021-03-17 13:00:46:919	0	0	401	0
2021-03-17 13:00:47:921	0	0	401	0
2021-03-17 13:00:48:918	0	0	401	0
2021-03-17 13:00:49:935	0	0	400	0
2021-03-17 13:00:51:951	0	0	400	0
2021-03-17 13:00:52:947	0	0	400	0
2021-03-17 13:00:53:936	0	0	401	0
2021-03-17 13:00:54:959	0	0	401	0
2021-03-17 13:00:55:954	0	0	400	0
2021-03-17 13:00:56:947	0	0	400	0
2021-03-17 13:00:57:955	0	0	400	0
2021-03-17 13:00:58:941	0	0	400	0
2021-03-17 13:00:59:948	0	0	400	0
2021-03-17 13:01:00:954	0	0	400	0
2021-03-17 13:01:01:950	0	0	400	0
2021-03-17 13:01:02:961	0	0	400	0
2021-03-17 13:01:04:942	0	0	400	0
2021-03-17 13:01:05:954	0	0	400	0
2021-03-17 13:01:06:961	0	0	400	0
2021-03-17 13:01:07:952	0	0	399	0
2021-03-17 13:01:09:981	0	0	400	0
2021-03-17 13:01:10:977	0	0	400	0
2021-03-17 13:01:11:962	0	0	400	0
2021-03-17 13:01:12:969	0	0	400	0
2021-03-17 13:01:14:962	0	0	400	0
2021-03-17 13:01:15:973	0	0	400	0
2021-03-17 13:01:16:960	0	0	400	0
2021-03-17 13:01:17:977	0	0	400	0
2021-03-17 13:01:19:980	0	0	400	0
2021-03-17 13:01:20:971	0	0	400	0
2021-03-17 13:01:21:977	0	0	400	0
2021-03-17 13:01:22:984	0	0	400	0
2021-03-17 13:01:24:972	0	0	400	0
2021-03-17 13:01:25:994	0	0	400	0
2021-03-17 13:01:26:981	0	0	400	0
2021-03-17 13:01:27:993	0	0	401	0
2021-03-17 13:01:29:984	0	0	400	0
2021-03-17 13:01:30:991	0	0	400	0
2021-03-17 13:01:31:982	0	0	400	0
2021-03-17 13:01:33:004	0	0	400	0
2021-03-17 13:01:34:997	0	0	400	0
2021-03-17 13:01:36:009	0	0	400	0
2021-03-17 13:01:36:995	0	0	400	0
2021-03-17 13:01:38:002	0	0	400	0
2021-03-17 13:01:40:000	0	0	400	0
2021-03-17 13:01:41:002	0	0	400	0
2021-03-17 13:01:41:993	0	0	400	0
2021-03-17 13:01:43:014	0	0	400	0
2021-03-17 13:01:45:002	0	0	400	0
2021-03-17 13:01:46:035	0	0	400	0
2021-03-17 13:01:46:999	0	0	400	0
2021-03-17 13:01:48:011	0	0	401	0
2021-03-17 13:01:50:010	0	0	400	0
2021-03-17 13:01:51:030	0	0	400	0
2021-03-17 13:01:52:019	0	0	400	0
2021-03-17 13:01:53:028	0	0	400	0
2021-03-17 13:01:55:029	0	0	400	0
2021-03-17 13:01:56:034	0	0	400	0
2021-03-17 13:01:57:040	0	0	400	0
2021-03-17 13:01:58:037	0	0	400	0
2021-03-17 13:02:00:021	0	0	400	0
2021-03-17 13:02:01:030	0	0	400	0
2021-03-17 13:02:02:021	0	0	400	0
2021-03-17 13:02:03:033	0	0	400	0
2021-03-17 13:02:04:041	0	0	400	0
2021-03-17 13:02:05:027	0	0	400	0
2021-03-17 13:02:06:049	0	0	400	0
2021-03-17 13:02:07:034	0	0	400	0
2021-03-17 13:02:08:041	0	0	400	0
2021-03-17 13:02:09:047	0	0	400	0
2021-03-17 13:02:10:043	0	0	400	0
2021-03-17 13:02:11:045	0	0	400	0
2021-03-17 13:02:13:043	0	0	400	0
2021-03-17 13:02:14:065	0	0	400	0
2021-03-17 13:02:15:051	0	0	400	0
2021-03-17 13:02:16:063	0	0	400	0
2021-03-17 13:02:18:060	0	0	400	0
2021-03-17 13:02:19:056	0	0	400	0
2021-03-17 13:02:20:058	0	0	400	0
2021-03-17 13:02:21:064	0	0	400	0
2021-03-17 13:02:23:068	0	0	400	0
2021-03-17 13:02:24:075	0	0	400	0
2021-03-17 13:02:25:061	0	0	400	0
2021-03-17 13:02:26:088	0	0	400	0
2021-03-17 13:02:27:084	0	0	400	0
2021-03-17 13:02:28:071	0	0	400	0
2021-03-17 13:02:29:082	0	0	400	0
2021-03-17 13:02:30:073	0	0	400	0
2021-03-17 13:02:31:075	0	0	400	0
2021-03-17 13:02:32:087	0	0	400	0
2021-03-17 13:02:33:074	0	0	400	0
2021-03-17 13:02:34:080	0	0	400	0
2021-03-17 13:02:35:076	0	0	400	0
2021-03-17 13:02:36:099	0	0	400	0
2021-03-17 13:02:37:085	0	0	400	0
2021-03-17 13:02:38:087	0	0	400	0
2021-03-17 13:02:39:093	0	0	400	0
2021-03-17 13:02:41:092	0	0	400	0
2021-03-17 13:02:42:104	0	0	400	0
2021-03-17 13:02:43:095	0	0	400	0
2021-03-17 13:02:44:102	0	0	400	0
2021-03-17 13:02:46:106	0	0	400	0
2021-03-17 13:02:47:112	0	0	400	0
2021-03-17 13:02:48:098	0	0	400	0
2021-03-17 13:02:49:105	0	0	400	0
2021-03-17 13:02:50:112	0	0	400	0
2021-03-17 13:02:51:113	0	0	400	0
2021-03-17 13:02:52:120	0	0	400	0
2021-03-17 13:02:53:109	0	0	400	0
2021-03-17 13:02:54:132	0	0	400	0
2021-03-17 13:02:55:127	0	0	400	0
2021-03-17 13:02:56:116	0	0	400	0
2021-03-17 13:02:57:600	0	0	400	0
2021-03-17 13:02:58:118	0	0	400	0
2021-03-17 13:02:59:125	0	0	400	0
2021-03-17 13:03:00:121	0	0	400	0
2021-03-17 13:03:01:116	0	0	400	0
2021-03-17 13:03:02:116	0	0	400	0
2021-03-17 13:03:04:126	0	0	400	0
2021-03-17 13:03:05:127	0	0	400	0
2021-03-17 13:03:06:123	0	0	400	0
2021-03-17 13:03:07:130	0	0	400	0
2021-03-17 13:03:09:133	0	0	400	0
2021-03-17 13:03:10:156	0	0	400	0
2021-03-17 13:03:11:126	0	0	400	0
2021-03-17 13:03:12:154	0	0	400	0
2021-03-17 13:03:13:140	0	0	400	0
2021-03-17 13:03:14:132	0	0	400	0
2021-03-17 13:03:15:138	0	0	400	0
2021-03-17 13:03:16:133	0	0	400	0
2021-03-17 13:03:17:150	0	0	400	0
2021-03-17 13:03:18:157	0	0	400	0
2021-03-17 13:03:19:137	0	0	400	0
2021-03-17 13:03:20:160	0	0	400	0
2021-03-17 13:03:21:145	0	0	400	0
2021-03-17 13:03:22:151	0	0	400	0
2021-03-17 13:03:23:158	0	0	400	0
2021-03-17 13:03:24:144	0	0	400	0
2021-03-17 13:03:25:157	0	0	400	0
2021-03-17 13:03:26:162	0	0	400	0
2021-03-17 13:03:27:169	0	0	400	0
2021-03-17 13:03:28:171	0	0	400	0
2021-03-17 13:03:29:167	0	0	400	0
2021-03-17 13:03:30:174	0	0	400	0
2021-03-17 13:03:31:150	0	0	400	0
2021-03-17 13:03:32:162	0	0	400	0
2021-03-17 13:03:33:195	0	0	400	0
2021-03-17 13:03:34:170	0	0	400	0
2021-03-17 13:03:35:187	0	0	400	0
2021-03-17 13:03:37:170	0	0	400	0
2021-03-17 13:03:38:187	0	0	400	0
2021-03-17 13:03:39:167	0	0	400	0
2021-03-17 13:03:40:190	0	0	400	0
2021-03-17 13:03:42:182	0	0	399	0
2021-03-17 13:03:43:189	0	0	399	0
2021-03-17 13:03:44:180	0	0	400	0
2021-03-17 13:03:45:192	0	0	400	0
2021-03-17 13:03:46:194	0	0	400	0
2021-03-17 13:03:47:179	0	0	400	0
2021-03-17 13:03:48:192	0	0	400	0
2021-03-17 13:03:49:204	0	0	400	0
2021-03-17 13:03:50:190	0	0	400	0
2021-03-17 13:03:51:208	0	0	400	0
2021-03-17 13:03:52:200	0	0	400	0
2021-03-17 13:03:53:215	0	0	400	0
2021-03-17 13:03:54:199	0	0	400	0
2021-03-17 13:03:55:209	0	0	400	0
2021-03-17 13:03:56:218	0	0	400	0
2021-03-17 13:03:57:208	0	0	400	0
2021-03-17 13:03:58:215	0	0	400	0
2021-03-17 13:03:59:220	0	0	400	0
2021-03-17 13:04:00:200	0	0	400	0
2021-03-17 13:04:02:215	0	0	400	0
2021-03-17 13:04:03:215	0	0	400	0
2021-03-17 13:04:04:215	0	0	400	0
2021-03-17 13:04:05:215	0	0	400	0
2021-03-17 13:04:07:214	0	0	400	0
2021-03-17 13:04:08:214	0	0	400	0
2021-03-17 13:04:09:214	0	0	400	0
2021-03-17 13:04:10:214	0	0	400	0
2021-03-17 13:04:11:229	0	0	400	0
2021-03-17 13:04:12:215	0	0	400	0
2021-03-17 13:04:13:231	0	0	400	0
2021-03-17 13:04:14:215	0	0	401	0
2021-03-17 13:04:15:230	0	0	401	0
2021-03-17 13:04:16:230	0	0	401	0
2021-03-17 13:04:17:230	0	0	401	0
2021-03-17 13:04:18:230	0	0	401	0
2021-03-17 13:04:19:229	0	0	401	0
2021-03-17 13:04:20:236	0	0	400	0
2021-03-17 13:04:21:246	0	0	400	0
2021-03-17 13:04:22:236	0	0	400	0
2021-03-17 13:04:23:244	0	0	400	0
2021-03-17 13:04:24:228	0	0	401	0
2021-03-17 13:04:25:244	0	0	401	0
2021-03-17 13:04:26:243	0	0	400	0
2021-03-17 13:04:27:243	0	0	400	0
2021-03-17 13:04:28:243	0	0	400	0
2021-03-17 13:04:29:243	0	0	400	0
2021-03-17 13:04:30:242	0	0	398	0
2021-03-17 13:04:31:258	0	0	398	0
2021-03-17 13:04:32:242	0	0	400	0
2021-03-17 13:04:33:257	0	0	400	0
2021-03-17 13:04:34:241	0	0	400	0
2021-03-17 13:04:35:257	0	0	400	0
2021-03-17 13:04:36:257	0	0	400	0
2021-03-17 13:04:37:256	0	0	400	0
2021-03-17 13:04:38:256	0	0	400	0
2021-03-17 13:04:39:256	0	0	400	0
2021-03-17 13:04:40:256	0	0	400	0
2021-03-17 13:04:41:271	0	0	400	0
2021-03-17 13:04:42:255	0	0	400	0
2021-03-17 13:04:43:271	0	0	400	0
2021-03-17 13:04:44:255	0	0	400	0
2021-03-17 13:04:45:270	0	0	400	0
2021-03-17 13:04:47:270	0	0	400	0
2021-03-17 13:04:48:270	0	0	400	0
2021-03-17 13:04:49:270	0	0	400	0
2021-03-17 13:04:50:269	0	0	400	0
2021-03-17 13:04:51:291	0	0	400	0
2021-03-17 13:04:52:282	0	0	400	0
2021-03-17 13:04:53:291	0	0	400	0
2021-03-17 13:04:54:279	0	0	397	0
2021-03-17 13:04:55:290	0	0	397	0
2021-03-17 13:04:56:297	0	0	395	0
2021-03-17 13:04:57:287	0	0	395	0
2021-03-17 13:04:58:296	0	0	395	0
2021-03-17 13:04:59:279	0	0	395	0
2021-03-17 13:05:00:279	0	0	395	0
2021-03-17 13:05:01:294	0	0	395	0
2021-03-17 13:05:02:278	0	0	395	0
2021-03-17 13:05:03:294	0	0	395	0
2021-03-17 13:05:04:294	0	0	395	0
2021-03-17 13:05:05:293	0	0	395	0
2021-03-17 13:05:06:309	0	0	395	0
2021-03-17 13:05:07:293	0	0	395	0
2021-03-17 13:05:08:308	0	0	396	0
2021-03-17 13:05:18:916	0	0	401	0
2021-03-17 13:05:19:931	0	0	401	0
2021-03-17 13:05:20:931	0	0	401	0
2021-03-17 13:05:21:931	0	0	400	0
2021-03-17 13:05:23:930	0	0	399	0
2021-03-17 13:05:24:945	0	0	399	0
2021-03-17 13:05:25:930	0	0	399	0
2021-03-17 13:05:26:945	0	0	399	0
2021-03-17 13:05:28:945	0	0	399	0
2021-03-17 13:05:29:944	0	0	401	0
2021-03-17 13:05:30:944	0	0	401	0
2021-03-17 13:05:31:944	0	0	400	0
2021-03-17 13:05:32:928	0	0	400	0
2021-03-17 13:05:33:943	0	0	399	0
2021-03-17 13:05:35:959	0	0	400	0
2021-03-17 13:05:36:958	0	0	400	0
2021-03-17 13:05:37:943	0	0	400	0
2021-03-17 13:05:38:958	0	0	400	0
2021-03-17 13:05:39:942	0	0	400	0
2021-03-17 13:05:40:942	0	0	400	0
2021-03-17 13:05:41:957	0	0	400	0
2021-03-17 13:05:42:957	0	0	400	0
2021-03-17 13:05:43:957	0	0	400	0
2021-03-17 13:05:44:956	0	0	400	0
2021-03-17 13:05:45:956	0	0	402	0
2021-03-17 13:05:47:956	0	0	400	0
2021-03-17 13:05:48:956	0	0	400	0
2021-03-17 13:05:49:955	0	0	400	0
2021-03-17 13:05:50:971	0	0	400	0
2021-03-17 13:05:51:965	0	0	401	0
2021-03-17 13:05:52:970	0	0	401	0
2021-03-17 13:05:53:978	0	0	401	0
2021-03-17 13:05:54:972	0	0	401	0
2021-03-17 13:05:55:980	0	0	400	0
2021-03-17 13:05:56:971	0	0	400	0
2021-03-17 13:05:57:980	0	0	399	0
2021-03-17 13:05:59:974	0	0	400	0
2021-03-17 13:06:00:974	0	0	400	0
2021-03-17 13:06:01:973	0	0	400	0
2021-03-17 13:06:02:973	0	0	400	0
2021-03-17 13:06:04:973	0	0	400	0
2021-03-17 13:06:05:988	0	0	401	0
2021-03-17 13:06:06:972	0	0	401	0
2021-03-17 13:06:07:988	0	0	401	0
2021-03-17 13:06:08:972	0	0	401	0
2021-03-17 13:06:09:987	0	0	401	0
2021-03-17 13:06:10:987	0	0	401	0
2021-03-17 13:06:11:987	0	0	400	0
2021-03-17 13:06:12:987	0	0	400	0
2021-03-17 13:06:13:987	0	0	400	0
2021-03-17 13:06:15:174	0	0	400	0
2021-03-17 13:06:16:002	0	0	400	0
2021-03-17 13:06:16:986	0	0	400	0
2021-03-17 13:06:18:001	0	0	401	0
2021-03-17 13:06:18:986	0	0	401	0
2021-03-17 13:06:20:001	0	0	400	0
2021-03-17 13:06:22:001	0	0	401	0
2021-03-17 13:06:23:000	0	0	401	0
2021-03-17 13:06:24:000	0	0	400	0
2021-03-17 13:06:25:000	0	0	400	0
2021-03-17 13:06:26:000	0	0	401	0
2021-03-17 13:06:26:999	0	0	401	0
2021-03-17 13:06:28:015	0	0	400	0
2021-03-17 13:06:28:999	0	0	400	0
2021-03-17 13:06:30:014	0	0	400	0
2021-03-17 13:06:30:999	0	0	400	0
2021-03-17 13:06:32:014	0	0	401	0
2021-03-17 13:06:33:014	0	0	401	0
2021-03-17 13:06:34:014	0	0	400	0
2021-03-17 13:06:35:013	0	0	400	0
2021-03-17 13:06:36:013	0	0	400	0
2021-03-17 13:06:37:013	0	0	400	0
2021-03-17 13:06:38:028	0	0	400	0
2021-03-17 13:06:39:012	0	0	400	0
2021-03-17 13:06:40:028	0	0	400	0
2021-03-17 13:06:41:012	0	0	400	0
2021-03-17 13:06:42:027	0	0	401	0
2021-03-17 13:06:43:027	0	0	401	0
2021-03-17 13:06:44:027	0	0	401	0
2021-03-17 13:06:45:027	0	0	401	0
2021-03-17 13:06:46:027	0	0	401	0
2021-03-17 13:06:47:026	0	0	401	0
2021-03-17 13:06:49:026	0	0	400	0
2021-03-17 13:06:50:041	0	0	401	0
2021-03-17 13:06:51:040	0	0	401	0
2021-03-17 13:06:52:045	0	0	401	0
2021-03-17 13:06:54:045	0	0	401	0
2021-03-17 13:06:55:054	0	0	401	0
2021-03-17 13:06:56:043	0	0	400	0
2021-03-17 13:06:57:055	0	0	400	0
2021-03-17 13:06:59:052	0	0	400	0
2021-03-17 13:07:00:054	0	0	401	0
2021-03-17 13:07:01:054	0	0	401	0
2021-03-17 13:07:02:054	0	0	400	0
2021-03-17 13:07:03:038	0	0	400	0
2021-03-17 13:07:04:054	0	0	400	0
2021-03-17 13:07:05:069	0	0	400	0
2021-03-17 13:07:06:053	0	0	399	0
2021-03-17 13:07:07:053	0	0	399	0
2021-03-17 13:07:09:052	0	0	400	0
2021-03-17 13:07:10:068	0	0	400	0
2021-03-17 13:07:11:052	0	0	400	0
2021-03-17 13:07:12:068	0	0	400	0
2021-03-17 13:07:13:052	0	0	400	0
2021-03-17 13:07:14:067	0	0	401	0
2021-03-17 13:07:15:067	0	0	401	0
2021-03-17 13:07:16:066	0	0	401	0
2021-03-17 13:07:17:082	0	0	401	0
2021-03-17 13:07:18:059	0	0	400	0
2021-03-17 13:07:19:074	0	0	400	0
2021-03-17 13:07:20:074	0	0	401	0
2021-03-17 13:07:21:074	0	0	401	0
2021-03-17 13:07:22:073	0	0	400	0
2021-03-17 13:07:23:074	0	0	400	0
2021-03-17 13:07:24:073	0	0	400	0
2021-03-17 13:07:25:089	0	0	400	0
2021-03-17 13:07:26:073	0	0	400	0
2021-03-17 13:07:27:088	0	0	400	0
2021-03-17 13:07:28:073	0	0	400	0
2021-03-17 13:07:29:088	0	0	400	0
2021-03-17 13:07:30:088	0	0	400	0
2021-03-17 13:07:31:087	0	0	400	0
2021-03-17 13:07:32:100	0	0	400	0
2021-03-17 13:07:33:085	0	0	400	0
2021-03-17 13:07:34:085	0	0	400	0
2021-03-17 13:07:36:102	0	0	400	0
2021-03-17 13:07:37:109	0	0	400	0
2021-03-17 13:07:38:101	0	0	400	0
2021-03-17 13:07:39:103	0	0	400	0
2021-03-17 13:07:41:109	0	0	400	0
2021-03-17 13:07:42:114	0	0	400	0
2021-03-17 13:07:43:105	0	0	400	0
2021-03-17 13:07:44:123	0	0	400	0
2021-03-17 13:07:46:113	0	0	402	0
2021-03-17 13:07:47:121	0	0	402	0
2021-03-17 13:07:48:112	0	0	401	0
2021-03-17 13:07:49:119	0	0	401	0
2021-03-17 13:07:51:120	0	0	401	0
2021-03-17 13:07:52:127	0	0	400	0
2021-03-17 13:07:53:122	0	0	400	0
2021-03-17 13:07:54:127	0	0	401	0
2021-03-17 13:07:56:127	0	0	400	0
2021-03-17 13:07:57:134	0	0	400	0
2021-03-17 13:07:58:129	0	0	400	0
2021-03-17 13:07:59:133	0	0	400	0
2021-03-17 13:08:01:136	0	0	400	0
2021-03-17 13:08:02:140	0	0	400	0
2021-03-17 13:08:03:134	0	0	400	0
2021-03-17 13:08:13:005	0	0	401	0
2021-03-17 13:08:13:994	0	0	400	0
2021-03-17 13:08:15:004	0	0	400	0
2021-03-17 13:08:17:006	0	0	400	0
2021-03-17 13:08:18:010	0	0	400	0
2021-03-17 13:08:19:004	0	0	400	0
2021-03-17 13:08:19:999	0	0	400	0
2021-03-17 13:08:22:008	0	0	400	0
2021-03-17 13:08:23:023	0	0	400	0
2021-03-17 13:08:24:008	0	0	400	0
2021-03-17 13:08:25:016	0	0	400	0
2021-03-17 13:08:27:019	0	0	400	0
2021-03-17 13:08:28:026	0	0	400	0
2021-03-17 13:08:29:014	0	0	400	0
2021-03-17 13:08:30:022	0	0	401	0
2021-03-17 13:08:32:025	0	0	400	0
2021-03-17 13:08:33:030	0	0	400	0
2021-03-17 13:08:34:021	0	0	400	0
2021-03-17 13:08:35:032	0	0	400	0
2021-03-17 13:08:37:029	0	0	402	0
2021-03-17 13:08:38:037	0	0	400	0
2021-03-17 13:08:39:021	0	0	400	0
2021-03-17 13:08:40:036	0	0	400	0
2021-03-17 13:08:42:024	0	0	400	0
2021-03-17 13:08:43:037	0	0	400	0
2021-03-17 13:08:44:036	0	0	400	0
2021-03-17 13:08:45:041	0	0	400	0
2021-03-17 13:08:47:043	0	0	400	0
2021-03-17 13:08:48:048	0	0	400	0
2021-03-17 13:08:49:031	0	0	400	0
2021-03-17 13:08:50:051	0	0	400	0
2021-03-17 13:08:52:054	0	0	400	0
2021-03-17 13:08:53:057	0	0	400	0
2021-03-17 13:08:54:051	0	0	400	0
2021-03-17 13:08:55:043	0	0	400	0
2021-03-17 13:08:57:045	0	0	400	0
2021-03-17 13:08:58:060	0	0	400	0
2021-03-17 13:08:59:059	0	0	400	0
2021-03-17 13:09:00:062	0	0	400	0
2021-03-17 13:09:02:066	0	0	400	0
2021-03-17 13:09:03:060	0	0	400	0
2021-03-17 13:09:04:063	0	0	400	0
2021-03-17 13:09:05:074	0	0	400	0
2021-03-17 13:09:07:065	0	0	400	0
2021-03-17 13:09:08:080	0	0	400	0
2021-03-17 13:09:09:071	0	0	400	0
2021-03-17 13:09:10:078	0	0	400	0
2021-03-17 13:09:12:070	0	0	402	0
2021-03-17 13:09:13:082	0	0	402	0
2021-03-17 13:09:14:071	0	0	400	0
2021-03-17 13:09:15:081	0	0	400	0
2021-03-17 13:09:17:083	0	0	400	0
2021-03-17 13:09:18:092	0	0	400	0
2021-03-17 13:09:19:084	0	0	400	0
2021-03-17 13:09:20:082	0	0	400	0
2021-03-17 13:09:21:100	0	0	400	0
2021-03-17 13:09:22:094	0	0	400	0
2021-03-17 13:09:23:101	0	0	400	0
2021-03-17 13:09:24:091	0	0	400	0
2021-03-17 13:09:25:102	0	0	400	0
2021-03-17 13:09:26:107	0	0	400	0
2021-03-17 13:09:27:101	0	0	400	0
2021-03-17 13:09:28:106	0	0	400	0
2021-03-17 13:09:29:098	0	0	400	0
2021-03-17 13:09:30:108	0	0	400	0
2021-03-17 13:09:31:116	0	0	400	0
2021-03-17 13:09:32:105	0	0	400	0
2021-03-17 13:09:33:116	0	0	400	0
2021-03-17 13:09:34:104	0	0	400	0
2021-03-17 13:09:35:116	0	0	400	0
2021-03-17 13:09:36:120	0	0	400	0
2021-03-17 13:09:37:112	0	0	400	0
2021-03-17 13:09:38:123	0	0	400	0
2021-03-17 13:09:39:113	0	0	400	0
2021-03-17 13:09:40:120	0	0	400	0
2021-03-17 13:09:41:130	0	0	400	0
2021-03-17 13:09:42:121	0	0	400	0
2021-03-17 13:09:43:129	0	0	400	0
2021-03-17 13:09:44:122	0	0	400	0
2021-03-17 13:09:45:129	0	0	400	0
2021-03-17 13:09:46:134	0	0	400	0
2021-03-17 13:09:47:125	0	0	400	0
2021-03-17 13:09:48:133	0	0	400	0
2021-03-17 13:09:49:125	0	0	400	0
2021-03-17 13:09:50:133	0	0	400	0
2021-03-17 13:09:51:143	0	0	400	0
2021-03-17 13:09:52:136	0	0	400	0
2021-03-17 13:09:53:140	0	0	400	0
2021-03-17 13:09:54:135	0	0	400	0
2021-03-17 13:09:55:139	0	0	400	0
2021-03-17 13:09:56:148	0	0	400	0
2021-03-17 13:09:57:141	0	0	400	0
2021-03-17 13:09:58:151	0	0	400	0
2021-03-17 13:10:00:141	0	0	400	0
2021-03-17 13:10:01:154	0	0	400	0
2021-03-17 13:10:02:148	0	0	400	0
2021-03-17 13:10:03:156	0	0	400	0
2021-03-17 13:10:05:157	0	0	400	0
2021-03-17 13:10:06:161	0	0	400	0
2021-03-17 13:10:07:157	0	0	400	0
2021-03-17 13:10:08:165	0	0	400	0
2021-03-17 13:10:10:161	0	0	400	0
2021-03-17 13:10:11:173	0	0	400	0
2021-03-17 13:10:12:160	0	0	400	0
2021-03-17 13:10:13:170	0	0	400	0
2021-03-17 13:10:15:159	0	0	400	0
2021-03-17 13:10:16:175	0	0	400	0
2021-03-17 13:10:17:167	0	0	400	0
2021-03-17 13:10:18:178	0	0	400	0
2021-03-17 13:10:20:174	0	0	400	0
2021-03-17 13:10:21:185	0	0	400	0
2021-03-17 13:10:22:175	0	0	400	0
2021-03-17 13:10:23:182	0	0	400	0
2021-03-17 13:10:25:182	0	0	400	0
2021-03-17 13:10:26:191	0	0	400	0
2021-03-17 13:10:27:180	0	0	400	0
2021-03-17 13:10:28:188	0	0	400	0
2021-03-17 13:10:30:191	0	0	400	0
2021-03-17 13:10:31:196	0	0	400	0
2021-03-17 13:10:32:188	0	0	400	0
2021-03-17 13:10:33:186	0	0	400	0
2021-03-17 13:10:35:195	0	0	400	0
2021-03-17 13:10:36:205	0	0	400	0
2021-03-17 13:10:37:196	0	0	400	0
2021-03-17 13:10:38:203	0	0	400	0
2021-03-17 13:10:39:195	0	0	400	0
2021-03-17 13:10:40:202	0	0	400	0
2021-03-17 13:10:41:210	0	0	400	0
2021-03-17 13:10:42:197	0	0	400	0
2021-03-17 13:10:43:209	0	0	400	0
2021-03-17 13:10:44:201	0	0	400	0
2021-03-17 13:10:45:209	0	0	400	0
2021-03-17 13:10:46:217	0	0	400	0
2021-03-17 13:10:47:211	0	0	400	0
2021-03-17 13:10:48:217	0	0	400	0
2021-03-17 13:10:49:212	0	0	400	0
2021-03-17 13:10:50:216	0	0	400	0
2021-03-17 13:10:51:227	0	0	400	0
2021-03-17 13:10:52:215	0	0	400	0
2021-03-17 13:10:53:227	0	0	400	0
2021-03-17 13:10:54:218	0	0	400	0
2021-03-17 13:10:55:227	0	0	400	0
2021-03-17 13:10:56:234	0	0	400	0
2021-03-17 13:10:57:223	0	0	400	0
2021-03-17 13:10:58:231	0	0	400	0
2021-03-17 13:10:59:224	0	0	400	0
2021-03-17 13:11:00:230	0	0	400	0
2021-03-17 13:11:01:238	0	0	400	0
2021-03-17 13:11:02:233	0	0	400	0
2021-03-17 13:11:03:237	0	0	400	0
2021-03-17 13:11:04:232	0	0	400	0
2021-03-17 13:11:05:237	0	0	400	0
2021-03-17 13:11:06:248	0	0	400	0
2021-03-17 13:11:07:238	0	0	400	0
2021-03-17 13:11:08:246	0	0	400	0
2021-03-17 13:11:09:238	0	0	400	0
2021-03-17 13:11:10:240	0	0	400	0
2021-03-17 13:11:11:240	0	0	400	0
2021-03-17 13:11:12:239	0	0	400	0
2021-03-17 13:11:13:242	0	0	400	0
2021-03-17 13:11:14:231	0	0	400	0
2021-03-17 13:11:15:254	0	0	400	0
2021-03-17 13:11:16:258	0	0	400	0
2021-03-17 13:11:17:246	0	0	400	0
2021-03-17 13:11:18:252	0	0	400	0
2021-03-17 13:11:19:242	0	0	400	0
2021-03-17 13:11:20:251	0	0	400	0
2021-03-17 13:11:21:265	0	0	400	0
2021-03-17 13:11:22:256	0	0	400	0
2021-03-17 13:11:23:266	0	0	400	0
2021-03-17 13:11:24:259	0	0	400	0
2021-03-17 13:11:25:265	0	0	400	0
2021-03-17 13:11:26:271	0	0	400	0
2021-03-17 13:11:27:263	0	0	400	0
2021-03-17 13:11:28:271	0	0	400	0
2021-03-17 13:11:29:264	0	0	400	0
2021-03-17 13:11:30:273	0	0	400	0
2021-03-17 13:11:31:282	0	0	400	0
2021-03-17 13:11:32:270	0	0	400	0
2021-03-17 13:11:33:280	0	0	400	0
2021-03-17 13:11:34:270	0	0	400	0
2021-03-17 13:11:35:278	0	0	400	0
2021-03-17 13:11:36:287	0	0	399	0
2021-03-17 13:11:37:267	0	0	399	0
2021-03-17 13:11:38:282	0	0	400	0
2021-03-17 13:11:39:280	0	0	400	0
2021-03-17 13:11:40:285	0	0	400	0
2021-03-17 13:11:41:284	0	0	400	0
2021-03-17 13:11:42:287	0	0	400	0
2021-03-17 13:11:43:291	0	0	400	0
2021-03-17 13:11:44:285	0	0	400	0
2021-03-17 13:11:45:295	0	0	400	0
2021-03-17 13:11:46:300	0	0	400	0
2021-03-17 13:11:47:294	0	0	400	0
2021-03-17 13:11:48:298	0	0	400	0
2021-03-17 13:11:49:293	0	0	400	0
2021-03-17 13:11:50:301	0	0	400	0
2021-03-17 13:11:51:309	0	0	400	0
2021-03-17 13:11:52:300	0	0	400	0
2021-03-17 13:11:53:309	0	0	400	0
2021-03-17 13:11:54:304	0	0	400	0
2021-03-17 13:11:55:306	0	0	400	0
2021-03-17 13:11:56:316	0	0	400	0
2021-03-17 13:11:57:305	0	0	400	0
2021-03-17 13:11:58:316	0	0	400	0
2021-03-17 13:12:00:313	0	0	400	0
2021-03-17 13:12:01:320	0	0	400	0
2021-03-17 13:12:02:304	0	0	400	0
2021-03-17 13:12:03:319	0	0	400	0
2021-03-17 13:12:05:313	0	0	400	0
2021-03-17 13:12:06:327	0	0	400	0
2021-03-17 13:12:07:318	0	0	400	0
2021-03-17 13:12:08:327	0	0	400	0
2021-03-17 13:12:10:331	0	0	400	0
2021-03-17 13:12:11:334	0	0	400	0
2021-03-17 13:12:12:328	0	0	400	0
2021-03-17 13:12:13:337	0	0	400	0
2021-03-17 13:12:14:342	0	0	400	0
2021-03-17 13:12:15:329	0	0	400	0
2021-03-17 13:12:16:342	0	0	400	0
2021-03-17 13:12:17:334	0	0	400	0
2021-03-17 13:12:18:344	0	0	400	0
2021-03-17 13:12:19:352	0	0	400	0
2021-03-17 13:12:20:339	0	0	400	0
2021-03-17 13:12:21:348	0	0	400	0
2021-03-17 13:12:22:328	0	0	400	0
2021-03-17 13:12:23:352	0	0	400	0
2021-03-17 13:12:24:356	0	0	400	0
2021-03-17 13:12:25:347	0	0	400	0
2021-03-17 13:12:26:358	0	0	400	0
2021-03-17 13:12:27:349	0	0	400	0
2021-03-17 13:12:28:355	0	0	400	0
2021-03-17 13:12:29:351	0	0	400	0
2021-03-17 13:12:30:355	0	0	400	0
2021-03-17 13:12:31:361	0	0	400	0
2021-03-17 13:12:33:364	0	0	400	0
2021-03-17 13:12:34:368	0	0	400	0
2021-03-17 13:12:35:364	0	0	400	0
2021-03-17 13:12:36:369	0	0	400	0
2021-03-17 13:12:37:364	0	0	400	0
2021-03-17 13:12:38:358	0	0	400	0
2021-03-17 13:12:39:373	0	0	400	0
2021-03-17 13:12:40:367	0	0	400	0
2021-03-17 13:12:41:375	0	0	400	0
2021-03-17 13:12:42:362	0	0	400	0
2021-03-17 13:12:43:379	0	0	400	0
2021-03-17 13:12:44:383	0	0	400	0
2021-03-17 13:12:45:374	0	0	400	0
2021-03-17 13:12:46:385	0	0	400	0
2021-03-17 13:12:47:378	0	0	400	0
2021-03-17 13:12:48:379	0	0	399	0
2021-03-17 13:12:49:393	0	0	399	0
2021-03-17 13:12:50:384	0	0	400	0
2021-03-17 13:12:51:389	0	0	400	0
2021-03-17 13:12:52:380	0	0	400	0
2021-03-17 13:12:53:385	0	0	400	0
2021-03-17 13:12:54:399	0	0	400	0
2021-03-17 13:12:55:390	0	0	400	0
2021-03-17 13:12:56:394	0	0	400	0
2021-03-17 13:12:57:388	0	0	400	0
2021-03-17 13:12:58:399	0	0	400	0
2021-03-17 13:12:59:402	0	0	400	0
2021-03-17 13:13:00:386	0	0	400	0
2021-03-17 13:13:01:405	0	0	400	0
2021-03-17 13:13:02:396	0	0	400	0
2021-03-17 13:13:03:406	0	0	400	0
2021-03-17 13:13:04:406	0	0	400	0
2021-03-17 13:13:05:405	0	0	400	0
2021-03-17 13:13:06:412	0	0	400	0
2021-03-17 13:13:07:392	0	0	400	0
2021-03-17 13:13:08:410	0	0	400	0
2021-03-17 13:13:09:418	0	0	400	0
2021-03-17 13:13:10:407	0	0	400	0
2021-03-17 13:13:11:407	0	0	400	0
2021-03-17 13:13:12:408	0	0	400	0
2021-03-17 13:13:13:417	0	0	400	0
2021-03-17 13:13:14:424	0	0	400	0
2021-03-17 13:13:15:416	0	0	400	0
2021-03-17 13:13:16:424	0	0	400	0
2021-03-17 13:13:17:417	0	0	400	0
2021-03-17 13:13:18:422	0	0	400	0
2021-03-17 13:13:20:415	0	0	400	0
2021-03-17 13:13:21:433	0	0	400	0
2021-03-17 13:13:22:425	0	0	400	0
2021-03-17 13:13:23:423	0	0	400	0
2021-03-17 13:13:25:431	0	0	400	0
2021-03-17 13:13:26:440	0	0	400	0
2021-03-17 13:13:27:423	0	0	400	0
2021-03-17 13:13:28:437	0	0	400	0
2021-03-17 13:13:29:445	0	0	400	0
2021-03-17 13:13:30:439	0	0	400	0
2021-03-17 13:13:31:439	0	0	400	0
2021-03-17 13:13:32:439	0	0	400	0
2021-03-17 13:13:33:447	0	0	400	0
2021-03-17 13:13:34:438	0	0	400	0
2021-03-17 13:13:35:447	0	0	400	0
2021-03-17 13:13:36:454	0	0	400	0
2021-03-17 13:13:37:439	0	0	400	0
2021-03-17 13:13:38:450	0	0	401	0
2021-03-17 13:13:40:454	0	0	399	0
2021-03-17 13:13:41:454	0	0	399	0
2021-03-17 13:13:42:450	0	0	400	0
2021-03-17 13:13:43:457	0	0	400	0
2021-03-17 13:13:45:458	0	0	395	0
2021-03-17 13:13:46:468	0	0	400	0
2021-03-17 13:13:47:454	0	0	400	0
2021-03-17 13:13:48:465	0	0	397	0
2021-03-17 13:13:50:468	0	0	396	0
2021-03-17 13:13:51:472	0	0	396	0
2021-03-17 13:13:52:464	0	0	398	0
2021-03-17 13:13:53:471	0	0	398	0
2021-03-17 13:13:55:472	0	0	400	0
2021-03-17 13:13:56:484	0	0	398	0
2021-03-17 13:13:57:470	0	0	398	0
2021-03-17 13:13:58:483	0	0	398	0
2021-03-17 13:14:00:473	0	0	394	0
2021-03-17 13:14:01:486	0	0	394	0
2021-03-17 13:14:02:479	0	0	394	0
2021-03-17 13:14:03:485	0	0	394	0
2021-03-17 13:14:05:488	0	0	394	0
2021-03-17 13:14:06:496	0	0	394	0
2021-03-17 13:14:07:483	0	0	394	0
2021-03-17 13:14:08:494	0	0	394	0
2021-03-17 13:14:09:484	0	0	394	0
2021-03-17 13:14:10:487	0	0	393	0
2021-03-17 13:14:11:487	0	0	393	0
2021-03-17 13:14:12:491	0	0	394	0
2021-03-17 13:14:13:502	0	0	394	0
2021-03-17 13:14:14:485	0	0	394	0
2021-03-17 13:14:15:485	0	0	394	0
2021-03-17 13:14:17:502	0	0	394	0
2021-03-17 13:14:18:506	0	0	394	0
2021-03-17 13:14:19:499	0	0	394	0
2021-03-17 13:14:20:508	0	0	393	0
2021-03-17 13:14:22:502	0	0	394	0
2021-03-17 13:14:23:512	0	0	394	0
2021-03-17 13:14:24:507	0	0	394	0
2021-03-17 13:14:25:501	0	0	394	0
2021-03-17 13:14:27:512	0	0	394	0
2021-03-17 13:14:28:518	0	0	394	0
2021-03-17 13:14:29:515	0	0	394	0
2021-03-17 13:14:30:523	0	0	394	0
2021-03-17 13:14:31:515	0	0	394	0
2021-03-17 13:14:32:517	0	0	394	0
2021-03-17 13:14:33:529	0	0	394	0
2021-03-17 13:14:34:522	0	0	394	0
2021-03-17 13:14:35:518	0	0	394	0
2021-03-17 13:14:36:519	0	0	394	0
2021-03-17 13:14:37:529	0	0	394	0
2021-03-17 13:14:38:534	0	0	394	0
2021-03-17 13:14:39:516	0	0	394	0
2021-03-17 13:14:40:536	0	0	394	0
2021-03-17 13:14:41:519	0	0	394	0
2021-03-17 13:14:42:534	0	0	394	0
2021-03-17 13:14:43:540	0	0	394	0
2021-03-17 13:14:44:534	0	0	394	0
2021-03-17 13:14:45:542	0	0	394	0
2021-03-17 13:14:47:542	0	0	394	0
2021-03-17 13:14:48:550	0	0	394	0
2021-03-17 13:14:49:534	0	0	394	0
2021-03-17 13:14:50:547	0	0	394	0
2021-03-17 13:14:51:541	0	0	394	0
2021-03-17 13:14:52:549	0	0	394	0
2021-03-17 13:14:53:557	0	0	394	0
2021-03-17 13:14:54:548	0	0	394	0
2021-03-17 13:14:55:571	0	0	394	0
2021-03-17 13:14:57:556	0	0	394	0
2021-03-17 13:14:58:563	0	0	394	0
2021-03-17 13:14:59:553	0	0	394	0
2021-03-17 13:15:00:561	0	0	394	0
2021-03-17 13:15:02:550	0	0	394	0
2021-03-17 13:15:03:565	0	0	394	0
2021-03-17 13:15:04:561	0	0	394	0
2021-03-17 13:15:05:570	0	0	394	0
2021-03-17 13:15:07:568	0	0	394	0
2021-03-17 13:15:08:577	0	0	394	0
2021-03-17 13:15:09:563	0	0	394	0
2021-03-17 13:15:10:563	0	0	395	0
2021-03-17 13:15:12:575	0	0	394	0
2021-03-17 13:15:13:581	0	0	394	0
2021-03-17 13:15:14:577	0	0	394	0
2021-03-17 13:15:15:584	0	0	394	0
2021-03-17 13:15:17:583	0	0	394	0
2021-03-17 13:15:18:588	0	0	394	0
2021-03-17 13:15:19:568	0	0	394	0
2021-03-17 13:15:20:588	0	0	394	0
2021-03-17 13:15:22:581	0	0	394	0
2021-03-17 13:15:23:597	0	0	394	0
2021-03-17 13:15:24:587	0	0	394	0
2021-03-17 13:15:25:596	0	0	394	0
2021-03-17 13:15:27:596	0	0	394	0
2021-03-17 13:15:28:603	0	0	394	0
2021-03-17 13:15:29:596	0	0	394	0
2021-03-17 13:15:30:605	0	0	394	0
2021-03-17 13:15:32:595	0	0	394	0
2021-03-17 13:15:33:595	0	0	394	0
2021-03-17 13:15:34:600	0	0	394	0
2021-03-17 13:15:35:612	0	0	394	0
2021-03-17 13:15:37:610	0	0	394	0
2021-03-17 13:15:38:619	0	0	393	0
2021-03-17 13:15:39:603	0	0	393	0
2021-03-17 13:15:40:603	0	0	394	0
2021-03-17 13:15:42:618	0	0	394	0
2021-03-17 13:15:43:612	0	0	394	0
2021-03-17 13:15:44:606	0	0	394	0
2021-03-17 13:15:45:625	0	0	394	0
2021-03-17 13:15:47:610	0	0	394	0
2021-03-17 13:15:48:626	0	0	394	0
2021-03-17 13:15:49:622	0	0	394	0
2021-03-17 13:15:50:630	0	0	394	0
2021-03-17 13:15:52:629	0	0	394	0
2021-03-17 13:15:53:641	0	0	394	0
2021-03-17 13:15:54:630	0	0	394	0
2021-03-17 13:15:55:636	0	0	394	0
2021-03-17 13:15:57:638	0	0	394	0
2021-03-17 13:15:58:646	0	0	394	0
2021-03-17 13:15:59:627	0	0	394	0
2021-03-17 13:16:00:644	0	0	394	0
2021-03-17 13:16:02:641	0	0	394	0
2021-03-17 13:16:03:653	0	0	394	0
2021-03-17 13:16:04:645	0	0	394	0
2021-03-17 13:16:05:643	0	0	394	0
2021-03-17 13:16:07:652	0	0	394	0
2021-03-17 13:16:08:657	0	0	394	0
2021-03-17 13:16:09:642	0	0	394	0
2021-03-17 13:16:10:657	0	0	394	0
2021-03-17 13:16:12:660	0	0	394	0
2021-03-17 13:16:13:667	0	0	394	0
2021-03-17 13:16:14:659	0	0	394	0
2021-03-17 13:16:15:657	0	0	394	0
2021-03-17 13:16:17:657	0	0	394	0
2021-03-17 13:16:18:672	0	0	394	0
2021-03-17 13:16:19:656	0	0	394	0
2021-03-17 13:16:20:672	0	0	394	0
2021-03-17 13:16:22:671	0	0	394	0
2021-03-17 13:16:23:671	0	0	394	0
2021-03-17 13:16:24:671	0	0	394	0
2021-03-17 13:16:25:671	0	0	394	0
2021-03-17 13:16:27:670	0	0	394	0
2021-03-17 13:16:28:686	0	0	394	0
2021-03-17 13:16:29:670	0	0	394	0
2021-03-17 13:16:30:685	0	0	395	0
2021-03-17 13:16:32:685	0	0	394	0
2021-03-17 13:16:33:685	0	0	394	0
2021-03-17 13:16:34:669	0	0	394	0
2021-03-17 13:16:35:684	0	0	394	0
2021-03-17 13:16:37:684	0	0	394	0
2021-03-17 13:16:38:699	0	0	394	0
2021-03-17 13:16:39:684	0	0	394	0
2021-03-17 13:16:40:699	0	0	394	0
2021-03-17 13:16:42:699	0	0	394	0
2021-03-17 13:16:43:698	0	0	394	0
2021-03-17 13:16:44:698	0	0	394	0
2021-03-17 13:16:45:698	0	0	394	0
2021-03-17 13:16:46:698	0	0	392	0
2021-03-17 13:16:47:698	0	0	392	0
2021-03-17 13:16:48:713	0	0	394	0
2021-03-17 13:16:49:697	0	0	394	0
2021-03-17 13:16:50:712	0	0	394	0
2021-03-17 13:16:51:705	0	0	394	0
2021-03-17 13:16:52:714	0	0	394	0
2021-03-17 13:16:53:719	0	0	394	0
2021-03-17 13:16:54:710	0	0	394	0
2021-03-17 13:16:55:722	0	0	394	0
2021-03-17 13:16:56:713	0	0	394	0
2021-03-17 13:16:57:721	0	0	394	0
2021-03-17 13:16:58:728	0	0	394	0
2021-03-17 13:16:59:719	0	0	394	0
2021-03-17 13:17:00:719	0	0	394	0
2021-03-17 13:17:01:719	0	0	394	0
2021-03-17 13:17:02:719	0	0	394	0
2021-03-17 13:17:03:734	0	0	394	0
2021-03-17 13:17:04:718	0	0	394	0
2021-03-17 13:17:05:734	0	0	394	0
2021-03-17 13:17:07:733	0	0	394	0
2021-03-17 13:17:08:733	0	0	393	0
2021-03-17 13:17:09:733	0	0	393	0
2021-03-17 13:17:10:733	0	0	394	0
2021-03-17 13:17:12:732	0	0	394	0
2021-03-17 13:17:13:732	0	0	394	0
2021-03-17 13:17:14:732	0	0	394	0
2021-03-17 13:17:15:747	0	0	394	0
2021-03-17 13:17:17:747	0	0	394	0
2021-03-17 13:17:18:746	0	0	394	0
2021-03-17 13:17:19:746	0	0	394	0
2021-03-17 13:17:20:746	0	0	394	0
2021-03-17 13:17:22:746	0	0	394	0
2021-03-17 13:17:23:761	0	0	394	0
2021-03-17 13:17:24:745	0	0	394	0
2021-03-17 13:17:25:760	0	0	394	0
2021-03-17 13:17:27:761	0	0	394	0
2021-03-17 13:17:28:761	0	0	394	0
2021-03-17 13:17:29:760	0	0	394	0
2021-03-17 13:17:30:760	0	0	394	0
2021-03-17 13:17:32:760	0	0	394	0
2021-03-17 13:17:33:775	0	0	394	0
2021-03-17 13:17:34:759	0	0	394	0
2021-03-17 13:17:35:775	0	0	394	0
2021-03-17 13:17:37:774	0	0	394	0
2021-03-17 13:17:38:774	0	0	394	0
2021-03-17 13:17:39:774	0	0	394	0
2021-03-17 13:17:40:773	0	0	394	0
2021-03-17 13:17:42:775	0	0	394	0
2021-03-17 13:17:43:790	0	0	394	0
2021-03-17 13:17:44:775	0	0	394	0
2021-03-17 13:17:45:790	0	0	394	0
2021-03-17 13:17:47:781	0	0	394	0
2021-03-17 13:17:48:797	0	0	394	0
2021-03-17 13:17:49:781	0	0	394	0
2021-03-17 13:17:50:781	0	0	394	0
2021-03-17 13:17:51:786	0	0	394	0
2021-03-17 13:17:52:795	0	0	394	0
2021-03-17 13:17:53:803	0	0	394	0
2021-03-17 13:17:54:797	0	0	394	0
2021-03-17 13:17:55:805	0	0	394	0
2021-03-17 13:17:56:793	0	0	394	0
2021-03-17 13:17:57:802	0	0	394	0
2021-03-17 13:17:58:810	0	0	394	0
2021-03-17 13:17:59:799	0	0	394	0
2021-03-17 13:18:00:798	0	0	394	0
2021-03-17 13:18:01:798	0	0	394	0
2021-03-17 13:18:02:798	0	0	394	0
2021-03-17 13:18:04:798	0	0	394	0
2021-03-17 13:18:05:814	0	0	394	0
2021-03-17 13:18:06:798	0	0	394	0
2021-03-17 13:18:07:813	0	0	394	0
2021-03-17 13:18:09:813	0	0	394	0
2021-03-17 13:18:10:812	0	0	392	0
2021-03-17 13:18:11:812	0	0	392	0
2021-03-17 13:18:12:812	0	0	394	0
2021-03-17 13:18:13:812	0	0	394	0
2021-03-17 13:18:14:812	0	0	394	0
2021-03-17 13:18:15:827	0	0	394	0
2021-03-17 13:18:16:811	0	0	394	0
2021-03-17 13:18:17:826	0	0	394	0
2021-03-17 13:18:19:826	0	0	394	0
2021-03-17 13:18:20:826	0	0	394	0
2021-03-17 13:18:21:825	0	0	394	0
2021-03-17 13:18:22:825	0	0	395	0
2021-03-17 13:18:24:825	0	0	394	0
2021-03-17 13:18:25:840	0	0	394	0
2021-03-17 13:18:26:825	0	0	394	0
2021-03-17 13:18:27:840	0	0	394	0
2021-03-17 13:18:29:839	0	0	394	0
2021-03-17 13:18:30:839	0	0	394	0
2021-03-17 13:18:31:839	0	0	394	0
2021-03-17 13:18:32:839	0	0	394	0
2021-03-17 13:18:34:838	0	0	394	0
2021-03-17 13:18:35:854	0	0	394	0
2021-03-17 13:18:36:838	0	0	394	0
2021-03-17 13:18:37:854	0	0	394	0
2021-03-17 13:18:38:854	0	0	394	0
2021-03-17 13:18:39:853	0	0	394	0
2021-03-17 13:18:40:853	0	0	394	0
2021-03-17 13:18:41:853	0	0	394	0
2021-03-17 13:18:42:853	0	0	394	0
2021-03-17 13:18:44:852	0	0	394	0
2021-03-17 13:18:45:868	0	0	394	0
2021-03-17 13:18:46:852	0	0	394	0
2021-03-17 13:18:47:867	0	0	394	0
2021-03-17 13:18:49:867	0	0	394	0
2021-03-17 13:18:50:867	0	0	394	0
2021-03-17 13:18:51:872	0	0	394	0
2021-03-17 13:18:52:880	0	0	394	0
2021-03-17 13:18:54:879	0	0	394	0
2021-03-17 13:18:55:887	0	0	394	0
2021-03-17 13:18:56:879	0	0	394	0
2021-03-17 13:18:57:887	0	0	394	0
2021-03-17 13:18:58:876	0	0	394	0
2021-03-17 13:18:59:874	0	0	394	0
2021-03-17 13:19:00:889	0	0	394	0
2021-03-17 13:19:01:873	0	0	394	0
2021-03-17 13:19:02:889	0	0	394	0
2021-03-17 13:19:04:404	0	0	394	0
2021-03-17 13:19:04:888	0	0	394	0
2021-03-17 13:19:05:888	0	0	394	0
2021-03-17 13:19:06:888	0	0	395	0
2021-03-17 13:19:07:888	0	0	395	0
2021-03-17 13:19:08:888	0	0	394	0
2021-03-17 13:19:09:888	0	0	394	0
2021-03-17 13:19:10:903	0	0	394	0
2021-03-17 13:19:11:887	0	0	394	0
2021-03-17 13:19:12:903	0	0	394	0
2021-03-17 13:19:13:886	0	0	394	0
2021-03-17 13:19:14:902	0	0	394	0
2021-03-17 13:19:15:901	0	0	394	0
2021-03-17 13:19:16:901	0	0	394	0
2021-03-17 13:19:17:901	0	0	394	0
2021-03-17 13:19:18:901	0	0	394	0
2021-03-17 13:19:19:900	0	0	394	0
2021-03-17 13:19:20:916	0	0	394	0
2021-03-17 13:19:21:900	0	0	394	0
2021-03-17 13:19:22:916	0	0	394	0
2021-03-17 13:19:23:900	0	0	394	0
2021-03-17 13:19:24:916	0	0	394	0
2021-03-17 13:19:26:915	0	0	394	0
2021-03-17 13:19:27:915	0	0	394	0
2021-03-17 13:19:28:915	0	0	394	0
2021-03-17 13:19:29:915	0	0	394	0
2021-03-17 13:19:31:914	0	0	394	0
2021-03-17 13:19:32:930	0	0	394	0
2021-03-17 13:19:33:914	0	0	394	0
2021-03-17 13:19:34:929	0	0	394	0
2021-03-17 13:19:36:929	0	0	394	0
2021-03-17 13:19:37:929	0	0	394	0
2021-03-17 13:19:38:929	0	0	394	0
2021-03-17 13:19:39:928	0	0	394	0
2021-03-17 13:19:41:928	0	0	394	0
2021-03-17 13:19:42:943	0	0	394	0
2021-03-17 13:19:43:934	0	0	394	0
2021-03-17 13:19:44:934	0	0	394	0
2021-03-17 13:19:46:934	0	0	394	0
2021-03-17 13:19:47:949	0	0	394	0
2021-03-17 13:19:48:933	0	0	394	0
2021-03-17 13:19:49:949	0	0	394	0
2021-03-17 13:19:51:956	0	0	394	0
2021-03-17 13:19:52:960	0	0	394	0
2021-03-17 13:19:53:954	0	0	394	0
2021-03-17 13:19:54:960	0	0	392	0
2021-03-17 13:19:56:959	0	0	394	0
2021-03-17 13:19:57:968	0	0	394	0
2021-03-17 13:19:58:958	0	0	394	0
2021-03-17 13:19:59:964	0	0	394	0
2021-03-17 13:20:01:964	0	0	394	0
2021-03-17 13:20:02:964	0	0	394	0
2021-03-17 13:20:03:964	0	0	394	0
2021-03-17 13:20:04:964	0	0	394	0
2021-03-17 13:20:06:963	0	0	394	0
2021-03-17 13:20:07:979	0	0	394	0
2021-03-17 13:20:08:963	0	0	394	0
2021-03-17 13:20:09:978	0	0	394	0
2021-03-17 13:20:11:978	0	0	392	0
2021-03-17 13:20:12:978	0	0	391	0
2021-03-17 13:20:13:965	0	0	391	0
2021-03-17 13:20:14:980	0	0	392	0
2021-03-17 13:20:16:981	0	0	391	0
2021-03-17 13:20:17:996	0	0	391	0
2021-03-17 13:20:18:980	0	0	391	0
2021-03-17 13:20:19:980	0	0	391	0
2021-03-17 13:20:21:979	0	0	392	0
2021-03-17 13:20:22:995	0	0	392	0
2021-03-17 13:20:23:979	0	0	392	0
2021-03-17 13:20:24:995	0	0	392	0
2021-03-17 13:20:25:994	0	0	392	0
2021-03-17 13:20:26:994	0	0	392	0
2021-03-17 13:20:28:010	0	0	392	0
2021-03-17 13:20:28:994	0	0	391	0
2021-03-17 13:20:29:994	0	0	391	0
2021-03-17 13:20:30:994	0	0	392	0
2021-03-17 13:20:31:994	0	0	392	0
2021-03-17 13:20:33:009	0	0	391	0
2021-03-17 13:20:34:009	0	0	391	0
2021-03-17 13:20:35:009	0	0	392	0
2021-03-17 13:20:36:009	0	0	392	0
2021-03-17 13:20:37:009	0	0	392	0
2021-03-17 13:20:38:008	0	0	392	0
2021-03-17 13:20:39:008	0	0	392	0
2021-03-17 13:20:40:024	0	0	392	0
2021-03-17 13:20:41:008	0	0	392	0
2021-03-17 13:20:42:008	0	0	392	0
2021-03-17 13:20:43:023	0	0	392	0
2021-03-17 13:20:44:012	0	0	392	0
2021-03-17 13:20:45:028	0	0	392	0
2021-03-17 13:20:46:012	0	0	392	0
2021-03-17 13:20:47:027	0	0	392	0
2021-03-17 13:20:48:027	0	0	392	0
2021-03-17 13:20:49:027	0	0	392	0
2021-03-17 13:20:50:042	0	0	392	0
2021-03-17 13:20:51:027	0	0	392	0
2021-03-17 13:20:52:038	0	0	392	0
2021-03-17 13:20:53:045	0	0	392	0
2021-03-17 13:20:54:035	0	0	392	0
2021-03-17 13:20:55:044	0	0	392	0
2021-03-17 13:20:56:036	0	0	392	0
2021-03-17 13:20:57:046	0	0	392	0
2021-03-17 13:20:58:053	0	0	392	0
2021-03-17 13:20:59:044	0	0	392	0
2021-03-17 13:21:00:047	0	0	392	0
2021-03-17 13:21:01:031	0	0	392	0
2021-03-17 13:21:02:046	0	0	392	0
2021-03-17 13:21:03:046	0	0	392	0
2021-03-17 13:21:04:045	0	0	392	0
2021-03-17 13:21:05:045	0	0	392	0
2021-03-17 13:21:06:045	0	0	392	0
2021-03-17 13:21:07:310	0	0	392	0
2021-03-17 13:21:08:060	0	0	392	0
2021-03-17 13:21:09:044	0	0	392	0
2021-03-17 13:21:10:059	0	0	392	0
2021-03-17 13:21:11:044	0	0	392	0
2021-03-17 13:21:12:059	0	0	392	0
2021-03-17 13:21:14:059	0	0	392	0
2021-03-17 13:21:15:058	0	0	392	0
2021-03-17 13:21:16:058	0	0	392	0
2021-03-17 13:21:17:058	0	0	392	0
2021-03-17 13:21:19:058	0	0	392	0
2021-03-17 13:21:20:074	0	0	392	0
2021-03-17 13:21:21:058	0	0	392	0
2021-03-17 13:21:22:073	0	0	392	0
2021-03-17 13:21:23:073	0	0	392	0
2021-03-17 13:21:24:073	0	0	392	0
2021-03-17 13:21:25:073	0	0	392	0
2021-03-17 13:21:26:072	0	0	392	0
2021-03-17 13:21:27:072	0	0	392	0
2021-03-17 13:21:28:088	0	0	392	0
2021-03-17 13:21:29:072	0	0	392	0
2021-03-17 13:21:30:087	0	0	392	0
2021-03-17 13:21:31:072	0	0	392	0
2021-03-17 13:21:32:087	0	0	392	0
2021-03-17 13:21:33:087	0	0	392	0
2021-03-17 13:21:34:087	0	0	392	0
2021-03-17 13:21:35:087	0	0	393	0
2021-03-17 13:21:36:087	0	0	393	0
2021-03-17 13:21:37:086	0	0	392	0
2021-03-17 13:21:39:086	0	0	392	0
2021-03-17 13:21:40:102	0	0	392	0
2021-03-17 13:21:41:086	0	0	392	0
2021-03-17 13:21:42:101	0	0	392	0
2021-03-17 13:21:44:101	0	0	392	0
2021-03-17 13:21:45:101	0	0	393	0
2021-03-17 13:21:46:100	0	0	393	0
2021-03-17 13:21:47:100	0	0	392	0
2021-03-17 13:21:49:113	0	0	392	0
2021-03-17 13:21:50:118	0	0	392	0
2021-03-17 13:21:51:112	0	0	392	0
2021-03-17 13:21:52:122	0	0	392	0
2021-03-17 13:21:53:128	0	0	392	0
2021-03-17 13:21:54:118	0	0	392	0
2021-03-17 13:21:55:128	0	0	392	0
2021-03-17 13:21:56:120	0	0	392	0
2021-03-17 13:21:57:124	0	0	392	0
2021-03-17 13:21:58:135	0	0	392	0
2021-03-17 13:21:59:125	0	0	392	0
2021-03-17 13:22:00:128	0	0	392	0
2021-03-17 13:22:01:112	0	0	392	0
2021-03-17 13:22:02:135	0	0	392	0
2021-03-17 13:22:04:124	0	0	392	0
2021-03-17 13:22:05:139	0	0	392	0
2021-03-17 13:22:06:124	0	0	392	0
2021-03-17 13:22:07:141	0	0	392	0
2021-03-17 13:22:09:140	0	0	392	0
2021-03-17 13:22:10:137	0	0	392	0
2021-03-17 13:22:11:138	0	0	392	0
2021-03-17 13:22:12:148	0	0	392	0
2021-03-17 13:22:14:133	0	0	392	0
2021-03-17 13:22:15:152	0	0	392	0
2021-03-17 13:22:16:147	0	0	392	0
2021-03-17 13:22:17:152	0	0	392	0
2021-03-17 13:22:19:155	0	0	392	0
2021-03-17 13:22:20:155	0	0	392	0
2021-03-17 13:22:21:154	0	0	392	0
2021-03-17 13:22:22:163	0	0	392	0
2021-03-17 13:22:24:161	0	0	392	0
2021-03-17 13:22:25:167	0	0	392	0
2021-03-17 13:22:26:161	0	0	392	0
2021-03-17 13:22:27:159	0	0	392	0
2021-03-17 13:22:29:168	0	0	391	0
2021-03-17 13:22:30:174	0	0	391	0
2021-03-17 13:22:31:169	0	0	392	0
2021-03-17 13:22:32:174	0	0	392	0
2021-03-17 13:22:34:174	0	0	392	0
2021-03-17 13:22:35:180	0	0	392	0
2021-03-17 13:22:36:172	0	0	392	0
2021-03-17 13:22:37:175	0	0	392	0
2021-03-17 13:22:39:180	0	0	392	0
2021-03-17 13:22:40:187	0	0	392	0
2021-03-17 13:22:41:173	0	0	392	0
2021-03-17 13:22:42:189	0	0	392	0
2021-03-17 13:22:43:197	0	0	392	0
2021-03-17 13:22:44:182	0	0	392	0
2021-03-17 13:22:45:194	0	0	393	0
2021-03-17 13:22:46:187	0	0	393	0
2021-03-17 13:22:47:192	0	0	392	0
2021-03-17 13:22:49:196	0	0	392	0
2021-03-17 13:22:50:204	0	0	392	0
2021-03-17 13:22:51:194	0	0	392	0
2021-03-17 13:22:52:205	0	0	392	0
2021-03-17 13:22:53:207	0	0	392	0
2021-03-17 13:22:54:202	0	0	392	0
2021-03-17 13:22:55:211	0	0	392	0
2021-03-17 13:22:56:202	0	0	392	0
2021-03-17 13:22:57:207	0	0	392	0
2021-03-17 13:22:58:218	0	0	392	0
2021-03-17 13:22:59:209	0	0	392	0
2021-03-17 13:23:00:214	0	0	392	0
2021-03-17 13:23:01:209	0	0	392	0
2021-03-17 13:23:02:215	0	0	392	0
2021-03-17 13:23:03:220	0	0	393	0
2021-03-17 13:23:04:216	0	0	393	0
2021-03-17 13:23:05:221	0	0	392	0
2021-03-17 13:23:06:206	0	0	392	0
2021-03-17 13:23:07:225	0	0	392	0
2021-03-17 13:23:08:229	0	0	392	0
2021-03-17 13:23:09:222	0	0	392	0
2021-03-17 13:23:10:229	0	0	392	0
2021-03-17 13:23:11:224	0	0	392	0
2021-03-17 13:23:12:222	0	0	392	0
2021-03-17 13:23:13:238	0	0	392	0
2021-03-17 13:23:14:230	0	0	392	0
2021-03-17 13:23:15:238	0	0	392	0
2021-03-17 13:23:17:238	0	0	392	0
2021-03-17 13:23:18:243	0	0	392	0
2021-03-17 13:23:19:223	0	0	392	0
2021-03-17 13:23:20:247	0	0	392	0
2021-03-17 13:23:22:237	0	0	392	0
2021-03-17 13:23:23:237	0	0	392	0
2021-03-17 13:23:24:241	0	0	392	0
2021-03-17 13:23:25:249	0	0	392	0
2021-03-17 13:23:27:252	0	0	393	0
2021-03-17 13:23:28:258	0	0	393	0
2021-03-17 13:23:29:248	0	0	391	0
2021-03-17 13:23:30:251	0	0	391	0
2021-03-17 13:23:32:255	0	0	400	0
2021-03-17 13:23:33:248	0	0	399	0
2021-03-17 13:23:34:255	0	0	399	0
2021-03-17 13:23:35:262	0	0	398	0
2021-03-17 13:23:45:197	0	0	400	0
2021-03-17 13:23:46:190	0	0	399	0
2021-03-17 13:23:47:188	0	0	399	0
2021-03-17 13:23:48:205	0	0	399	0
2021-03-17 13:23:49:195	0	0	399	0
2021-03-17 13:23:50:191	0	0	399	0
2021-03-17 13:23:51:198	0	0	399	0
2021-03-17 13:23:52:204	0	0	399	0
2021-03-17 13:23:53:214	0	0	399	0
2021-03-17 13:23:54:205	0	0	399	0
2021-03-17 13:23:55:213	0	0	399	0
2021-03-17 13:23:57:213	0	0	399	0
2021-03-17 13:23:58:219	0	0	399	0
2021-03-17 13:23:59:211	0	0	399	0
2021-03-17 13:24:00:220	0	0	399	0
2021-03-17 13:24:02:205	0	0	399	0
2021-03-17 13:24:03:224	0	0	399	0
2021-03-17 13:24:04:219	0	0	399	0
2021-03-17 13:24:05:221	0	0	399	0
2021-03-17 13:24:07:227	0	0	399	0
2021-03-17 13:24:08:221	0	0	399	0
2021-03-17 13:24:09:226	0	0	399	0
2021-03-17 13:24:10:232	0	0	399	0
2021-03-17 13:24:12:234	0	0	399	0
2021-03-17 13:24:13:239	0	0	399	0
2021-03-17 13:24:14:231	0	0	399	0
2021-03-17 13:24:15:232	0	0	399	0
2021-03-17 13:24:17:238	0	0	400	0
2021-03-17 13:24:18:245	0	0	400	0
2021-03-17 13:24:19:236	0	0	400	0
2021-03-17 13:24:20:248	0	0	400	0
2021-03-17 13:24:21:253	0	0	400	0
2021-03-17 13:24:22:244	0	0	401	0
2021-03-17 13:24:23:252	0	0	401	0
2021-03-17 13:24:24:247	0	0	400	0
2021-03-17 13:24:25:252	0	0	400	0
2021-03-17 13:24:26:247	0	0	400	0
2021-03-17 13:24:27:251	0	0	400	0
2021-03-17 13:24:28:259	0	0	400	0
2021-03-17 13:24:29:237	0	0	400	0
2021-03-17 13:24:30:258	0	0	400	0
2021-03-17 13:24:31:270	0	0	400	0
2021-03-17 13:24:32:253	0	0	401	0
2021-03-17 13:24:33:267	0	0	401	0
2021-03-17 13:24:34:261	0	0	400	0
2021-03-17 13:24:35:269	0	0	400	0
2021-03-17 13:24:36:269	0	0	400	0
2021-03-17 13:24:37:266	0	0	400	0
2021-03-17 13:24:38:274	0	0	400	0
2021-03-17 13:24:39:265	0	0	400	0
2021-03-17 13:24:40:272	0	0	401	0
2021-03-17 13:24:41:281	0	0	401	0
2021-03-17 13:24:42:268	0	0	400	0
2021-03-17 13:24:43:279	0	0	400	0
2021-03-17 13:24:45:283	0	0	400	0
2021-03-17 13:24:46:283	0	0	400	0
2021-03-17 13:24:47:267	0	0	400	0
2021-03-17 13:24:48:287	0	0	400	0
2021-03-17 13:24:50:288	0	0	400	0
2021-03-17 13:24:51:297	0	0	400	0
2021-03-17 13:24:52:288	0	0	400	0
2021-03-17 13:24:53:296	0	0	400	0
2021-03-17 13:24:55:292	0	0	400	0
2021-03-17 13:24:56:304	0	0	400	0
2021-03-17 13:24:57:295	0	0	400	0
2021-03-17 13:24:58:301	0	0	400	0
2021-03-17 13:25:00:303	0	0	400	0
2021-03-17 13:25:01:311	0	0	400	0
2021-03-17 13:25:02:291	0	0	400	0
2021-03-17 13:25:03:306	0	0	400	0
2021-03-17 13:25:05:300	0	0	401	0
2021-03-17 13:25:06:318	0	0	400	0
2021-03-17 13:25:07:309	0	0	400	0
2021-03-17 13:25:08:314	0	0	400	0
2021-03-17 13:25:09:314	0	0	400	0
2021-03-17 13:25:10:314	0	0	400	0
2021-03-17 13:25:11:321	0	0	400	0
2021-03-17 13:25:12:316	0	0	400	0
2021-03-17 13:25:13:312	0	0	400	0
2021-03-17 13:25:14:332	0	0	401	0
2021-03-17 13:25:15:322	0	0	401	0
2021-03-17 13:25:16:329	0	0	400	0
2021-03-17 13:25:17:324	0	0	400	0
2021-03-17 13:25:18:332	0	0	401	0
2021-03-17 13:25:19:336	0	0	401	0
2021-03-17 13:25:20:321	0	0	401	0
2021-03-17 13:25:21:338	0	0	401	0
2021-03-17 13:25:22:327	0	0	401	0
2021-03-17 13:25:23:329	0	0	401	0
2021-03-17 13:25:24:345	0	0	401	0
2021-03-17 13:25:25:337	0	0	401	0
2021-03-17 13:25:26:344	0	0	400	0
2021-03-17 13:25:27:331	0	0	400	0
2021-03-17 13:25:28:342	0	0	401	0
2021-03-17 13:25:29:350	0	0	401	0
2021-03-17 13:25:30:331	0	0	401	0
2021-03-17 13:25:31:351	0	0	401	0
2021-03-17 13:25:33:352	0	0	401	0
2021-03-17 13:25:34:345	0	0	401	0
2021-03-17 13:25:35:351	0	0	401	0
2021-03-17 13:25:36:359	0	0	401	0
2021-03-17 13:25:38:359	0	0	401	0
2021-03-17 13:25:39:365	0	0	401	0
2021-03-17 13:25:40:348	0	0	401	0
2021-03-17 13:25:41:365	0	0	401	0
2021-03-17 13:25:43:361	0	0	401	0
2021-03-17 13:25:44:370	0	0	401	0
2021-03-17 13:25:45:362	0	0	401	0
2021-03-17 13:25:46:369	0	0	401	0
2021-03-17 13:25:48:372	0	0	401	0
2021-03-17 13:25:49:378	0	0	401	0
2021-03-17 13:25:50:360	0	0	401	0
2021-03-17 13:25:51:380	0	0	401	0
2021-03-17 13:25:53:379	0	0	401	0
2021-03-17 13:25:54:387	0	0	401	0
2021-03-17 13:25:55:377	0	0	401	0
2021-03-17 13:25:56:387	0	0	400	0
2021-03-17 13:25:58:383	0	0	400	0
2021-03-17 13:25:59:391	0	0	400	0
2021-03-17 13:26:00:382	0	0	400	0
2021-03-17 13:26:01:393	0	0	400	0
2021-03-17 13:26:03:392	0	0	400	0
2021-03-17 13:26:04:399	0	0	401	0
2021-03-17 13:26:05:392	0	0	401	0
2021-03-17 13:26:06:390	0	0	400	0
2021-03-17 13:26:08:394	0	0	401	0
2021-03-17 13:26:09:404	0	0	401	0
2021-03-17 13:26:10:398	0	0	401	0
2021-03-17 13:26:11:405	0	0	401	0
2021-03-17 13:26:12:407	0	0	401	0
2021-03-17 13:26:13:407	0	0	401	0
2021-03-17 13:26:14:412	0	0	402	0
2021-03-17 13:26:15:392	0	0	402	0
2021-03-17 13:26:16:411	0	0	401	0
2021-03-17 13:26:17:418	0	0	401	0
2021-03-17 13:26:18:410	0	0	400	0
2021-03-17 13:26:19:418	0	0	400	0
2021-03-17 13:26:20:410	0	0	400	0
2021-03-17 13:26:21:407	0	0	400	0
2021-03-17 13:26:22:427	0	0	401	0
2021-03-17 13:26:23:422	0	0	401	0
2021-03-17 13:26:24:424	0	0	401	0
2021-03-17 13:26:26:438	0	0	401	0
2021-03-17 13:26:27:439	0	0	401	0
2021-03-17 13:26:28:423	0	0	400	0
2021-03-17 13:26:29:435	0	0	400	0
2021-03-17 13:26:31:423	0	0	400	0
2021-03-17 13:26:32:438	0	0	401	0
2021-03-17 13:26:33:435	0	0	401	0
2021-03-17 13:26:34:443	0	0	400	0
2021-03-17 13:26:35:439	0	0	400	0
2021-03-17 13:26:36:439	0	0	401	0
2021-03-17 13:26:37:448	0	0	401	0
2021-03-17 13:26:38:437	0	0	401	0
2021-03-17 13:26:39:439	0	0	401	0
2021-03-17 13:26:40:453	0	0	399	0
2021-03-17 13:26:41:445	0	0	399	0
2021-03-17 13:26:42:440	0	0	400	0
2021-03-17 13:26:43:449	0	0	400	0
2021-03-17 13:26:44:453	0	0	401	0
2021-03-17 13:26:45:456	0	0	401	0
2021-03-17 13:26:46:456	0	0	400	0
2021-03-17 13:26:47:461	0	0	400	0
2021-03-17 13:26:49:461	0	0	401	0
2021-03-17 13:26:50:471	0	0	401	0
2021-03-17 13:26:51:462	0	0	401	0
2021-03-17 13:26:52:468	0	0	401	0
2021-03-17 13:26:54:470	0	0	400	0
2021-03-17 13:26:55:477	0	0	400	0
2021-03-17 13:26:56:466	0	0	401	0
2021-03-17 13:26:57:482	0	0	401	0
2021-03-17 13:26:59:474	0	0	401	0
2021-03-17 13:27:00:481	0	0	400	0
2021-03-17 13:27:01:464	0	0	400	0
2021-03-17 13:27:02:484	0	0	401	0
2021-03-17 13:27:03:488	0	0	401	0
2021-03-17 13:27:04:472	0	0	401	0
2021-03-17 13:27:05:491	0	0	401	0
2021-03-17 13:27:06:480	0	0	401	0
2021-03-17 13:27:07:490	0	0	401	0
2021-03-17 13:27:08:486	0	0	401	0
2021-03-17 13:27:09:490	0	0	401	0
2021-03-17 13:27:10:498	0	0	401	0
2021-03-17 13:27:11:486	0	0	401	0
2021-03-17 13:27:12:496	0	0	400	0
2021-03-17 13:27:13:505	0	0	400	0
2021-03-17 13:27:14:486	0	0	401	0
2021-03-17 13:27:15:505	0	0	401	0
2021-03-17 13:27:17:501	0	0	401	0
2021-03-17 13:27:18:501	0	0	401	0
2021-03-17 13:27:19:503	0	0	401	0
2021-03-17 13:27:20:512	0	0	401	0
2021-03-17 13:27:22:509	0	0	400	0
2021-03-17 13:27:23:516	0	0	400	0
2021-03-17 13:27:24:502	0	0	402	0
2021-03-17 13:27:25:502	0	0	402	0
2021-03-17 13:27:26:528	0	0	401	0
2021-03-17 13:27:27:518	0	0	401	0
2021-03-17 13:27:28:518	0	0	401	0
2021-03-17 13:27:29:518	0	0	401	0
2021-03-17 13:27:30:526	0	0	400	0
2021-03-17 13:27:31:533	0	0	400	0
2021-03-17 13:27:32:526	0	0	401	0
2021-03-17 13:27:33:531	0	0	401	0
2021-03-17 13:27:34:525	0	0	401	0
2021-03-17 13:27:35:518	0	0	401	0
2021-03-17 13:27:36:538	0	0	401	0
2021-03-17 13:27:37:530	0	0	401	0
2021-03-17 13:27:38:534	0	0	401	0
2021-03-17 13:27:39:531	0	0	401	0
2021-03-17 13:27:40:539	0	0	401	0
2021-03-17 13:27:41:534	0	0	401	0
2021-03-17 13:27:42:539	0	0	401	0
2021-03-17 13:27:43:544	0	0	401	0
2021-03-17 13:27:44:525	0	0	401	0
2021-03-17 13:27:45:541	0	0	401	0
2021-03-17 13:27:46:551	0	0	401	0
2021-03-17 13:27:47:546	0	0	401	0
2021-03-17 13:27:48:557	0	0	401	0
2021-03-17 13:27:49:533	0	0	401	0
2021-03-17 13:27:50:553	0	0	401	0
2021-03-17 13:27:51:559	0	0	401	0
2021-03-17 13:27:52:553	0	0	400	0
2021-03-17 13:27:53:558	0	0	400	0
2021-03-17 13:27:55:560	0	0	401	0
2021-03-17 13:27:56:568	0	0	400	0
2021-03-17 13:27:57:559	0	0	400	0
2021-03-17 13:27:58:565	0	0	400	0
2021-03-17 13:28:00:550	0	0	401	0
2021-03-17 13:28:01:575	0	0	401	0
2021-03-17 13:28:02:567	0	0	401	0
2021-03-17 13:28:03:565	0	0	401	0
2021-03-17 13:28:04:580	0	0	401	0
2021-03-17 13:28:05:574	0	0	401	0
2021-03-17 13:28:06:582	0	0	401	0
2021-03-17 13:28:07:572	0	0	401	0
2021-03-17 13:28:08:580	0	0	400	0
2021-03-17 13:28:09:580	0	0	400	0
2021-03-17 13:28:10:578	0	0	400	0
2021-03-17 13:28:11:586	0	0	400	0
2021-03-17 13:28:12:578	0	0	401	0
2021-03-17 13:28:13:584	0	0	401	0
2021-03-17 13:28:14:593	0	0	401	0
2021-03-17 13:28:15:585	0	0	401	0
2021-03-17 13:28:16:581	0	0	401	0
2021-03-17 13:28:18:595	0	0	401	0
2021-03-17 13:28:19:603	0	0	401	0
2021-03-17 13:28:20:578	0	0	401	0
2021-03-17 13:28:21:602	0	0	401	0
2021-03-17 13:28:23:594	0	0	401	0
2021-03-17 13:28:24:594	0	0	401	0
2021-03-17 13:28:25:599	0	0	401	0
2021-03-17 13:28:26:610	0	0	402	0
2021-03-17 13:28:28:606	0	0	401	0
2021-03-17 13:28:29:615	0	0	401	0
2021-03-17 13:28:30:595	0	0	401	0
2021-03-17 13:28:31:616	0	0	401	0
2021-03-17 13:28:32:624	0	0	401	0
2021-03-17 13:28:33:610	0	0	401	0
2021-03-17 13:28:34:610	0	0	401	0
2021-03-17 13:28:35:610	0	0	401	0
2021-03-17 13:28:36:609	0	0	401	0
2021-03-17 13:28:37:625	0	0	401	0
2021-03-17 13:28:38:609	0	0	400	0
2021-03-17 13:28:39:625	0	0	400	0
2021-03-17 13:28:40:609	0	0	401	0
2021-03-17 13:28:41:624	0	0	401	0
2021-03-17 13:28:42:624	0	0	399	0
2021-03-17 13:28:43:616	0	0	399	0
2021-03-17 13:28:44:631	0	0	401	0
2021-03-17 13:28:45:615	0	0	401	0
2021-03-17 13:28:46:631	0	0	400	0
2021-03-17 13:28:47:631	0	0	400	0
2021-03-17 13:28:48:630	0	0	401	0
2021-03-17 13:28:49:630	0	0	401	0
2021-03-17 13:28:51:644	0	0	401	0
2021-03-17 13:28:52:649	0	0	400	0
2021-03-17 13:28:53:643	0	0	400	0
2021-03-17 13:28:54:651	0	0	400	0
2021-03-17 13:28:56:649	0	0	401	0
2021-03-17 13:28:57:658	0	0	401	0
2021-03-17 13:28:58:650	0	0	400	0
2021-03-17 13:28:59:657	0	0	400	0
2021-03-17 13:29:00:654	0	0	401	0
2021-03-17 13:29:01:654	0	0	401	0
2021-03-17 13:29:02:653	0	0	401	0
2021-03-17 13:29:03:653	0	0	401	0
2021-03-17 13:29:04:653	0	0	401	0
2021-03-17 13:29:05:669	0	0	401	0
2021-03-17 13:29:06:653	0	0	401	0
2021-03-17 13:29:07:668	0	0	401	0
2021-03-17 13:29:08:652	0	0	401	0
2021-03-17 13:29:09:668	0	0	401	0
2021-03-17 13:29:10:668	0	0	400	0
2021-03-17 13:29:11:667	0	0	400	0
2021-03-17 13:29:12:667	0	0	401	0
2021-03-17 13:29:14:678	0	0	400	0
2021-03-17 13:29:15:678	0	0	400	0
2021-03-17 13:29:16:662	0	0	401	0
2021-03-17 13:29:17:677	0	0	401	0
2021-03-17 13:29:19:677	0	0	400	0
2021-03-17 13:29:20:692	0	0	401	0
2021-03-17 13:29:21:676	0	0	401	0
2021-03-17 13:29:22:692	0	0	401	0
2021-03-17 13:29:23:692	0	0	401	0
2021-03-17 13:29:24:691	0	0	401	0
2021-03-17 13:29:25:691	0	0	401	0
2021-03-17 13:29:26:675	0	0	401	0
2021-03-17 13:29:27:691	0	0	401	0
2021-03-17 13:29:28:706	0	0	401	0
2021-03-17 13:29:29:690	0	0	401	0
2021-03-17 13:29:30:705	0	0	401	0
2021-03-17 13:29:31:690	0	0	401	0
2021-03-17 13:29:32:705	0	0	401	0
2021-03-17 13:29:33:705	0	0	401	0
2021-03-17 13:29:34:705	0	0	400	0
2021-03-17 13:29:35:705	0	0	400	0
2021-03-17 13:29:37:704	0	0	400	0
2021-03-17 13:29:38:719	0	0	401	0
2021-03-17 13:29:39:704	0	0	401	0
2021-03-17 13:29:40:719	0	0	401	0
2021-03-17 13:29:42:719	0	0	401	0
2021-03-17 13:29:43:712	0	0	401	0
2021-03-17 13:29:44:711	0	0	400	0
2021-03-17 13:29:45:711	0	0	400	0
2021-03-17 13:29:46:726	0	0	401	0
2021-03-17 13:29:47:726	0	0	401	0
2021-03-17 13:29:48:726	0	0	401	0
2021-03-17 13:29:49:711	0	0	401	0
2021-03-17 13:29:50:726	0	0	400	0
2021-03-17 13:29:51:741	0	0	400	0
2021-03-17 13:29:52:735	0	0	401	0
2021-03-17 13:29:53:738	0	0	401	0
2021-03-17 13:29:55:742	0	0	401	0
2021-03-17 13:29:56:750	0	0	401	0
2021-03-17 13:29:57:739	0	0	401	0
2021-03-17 13:29:58:749	0	0	401	0
2021-03-17 13:30:00:738	0	0	400	0
2021-03-17 13:30:01:753	0	0	400	0
2021-03-17 13:30:02:737	0	0	401	0
2021-03-17 13:30:03:753	0	0	401	0
2021-03-17 13:30:04:753	0	0	401	0
2021-03-17 13:30:05:752	0	0	401	0
2021-03-17 13:30:06:752	0	0	401	0
2021-03-17 13:30:07:752	0	0	401	0
2021-03-17 13:30:08:752	0	0	401	0
2021-03-17 13:30:09:767	0	0	401	0
2021-03-17 13:30:10:752	0	0	401	0
2021-03-17 13:30:11:767	0	0	401	0
2021-03-17 13:30:13:759	0	0	400	0
2021-03-17 13:30:14:775	0	0	401	0
2021-03-17 13:30:15:759	0	0	401	0
2021-03-17 13:30:16:774	0	0	401	0
2021-03-17 13:30:18:774	0	0	400	0
2021-03-17 13:30:19:774	0	0	400	0
2021-03-17 13:30:20:773	0	0	401	0
2021-03-17 13:30:21:773	0	0	401	0
2021-03-17 13:30:22:789	0	0	400	0
2021-03-17 13:30:23:773	0	0	400	0
2021-03-17 13:30:24:788	0	0	401	0
2021-03-17 13:30:25:772	0	0	401	0
2021-03-17 13:30:26:788	0	0	402	0
2021-03-17 13:30:27:788	0	0	402	0
2021-03-17 13:30:28:787	0	0	401	0
2021-03-17 13:30:29:788	0	0	401	0
2021-03-17 13:30:31:787	0	0	400	0
2021-03-17 13:30:32:802	0	0	400	0
2021-03-17 13:30:33:787	0	0	400	0
2021-03-17 13:30:34:802	0	0	401	0
2021-03-17 13:30:36:801	0	0	400	0
2021-03-17 13:30:37:801	0	0	400	0
2021-03-17 13:30:38:801	0	0	401	0
2021-03-17 13:30:39:801	0	0	401	0
2021-03-17 13:30:40:816	0	0	401	0
2021-03-17 13:30:41:801	0	0	401	0
2021-03-17 13:30:42:816	0	0	401	0
2021-03-17 13:30:43:807	0	0	401	0
2021-03-17 13:30:44:807	0	0	401	0
2021-03-17 13:30:45:823	0	0	401	0
2021-03-17 13:30:46:807	0	0	401	0
2021-03-17 13:30:47:823	0	0	401	0
2021-03-17 13:30:49:822	0	0	401	0
2021-03-17 13:30:50:822	0	0	401	0
2021-03-17 13:30:51:825	0	0	401	0
2021-03-17 13:30:52:833	0	0	401	0
2021-03-17 13:30:54:829	0	0	401	0
2021-03-17 13:30:55:840	0	0	401	0
2021-03-17 13:30:56:829	0	0	401	0
2021-03-17 13:30:57:837	0	0	401	0
2021-03-17 13:30:58:847	0	0	401	0
2021-03-17 13:30:59:833	0	0	401	0
2021-03-17 13:31:00:848	0	0	400	0
2021-03-17 13:31:01:832	0	0	400	0
2021-03-17 13:31:02:832	0	0	401	0
2021-03-17 13:31:03:847	0	0	401	0
2021-03-17 13:31:04:831	0	0	401	0
2021-03-17 13:31:05:846	0	0	401	0
2021-03-17 13:31:07:846	0	0	401	0
2021-03-17 13:31:08:846	0	0	401	0
2021-03-17 13:31:09:846	0	0	401	0
2021-03-17 13:31:10:846	0	0	401	0
2021-03-17 13:31:11:862	0	0	401	0
2021-03-17 13:31:12:846	0	0	401	0
2021-03-17 13:31:13:855	0	0	401	0
2021-03-17 13:31:15:855	0	0	401	0
2021-03-17 13:31:16:870	0	0	401	0
2021-03-17 13:31:17:854	0	0	401	0
2021-03-17 13:31:18:870	0	0	400	0
2021-03-17 13:31:20:869	0	0	399	0
2021-03-17 13:31:21:869	0	0	399	0
2021-03-17 13:31:22:869	0	0	400	0
2021-03-17 13:31:23:869	0	0	400	0
2021-03-17 13:31:24:884	0	0	401	0
2021-03-17 13:31:25:868	0	0	401	0
2021-03-17 13:31:26:884	0	0	401	0
2021-03-17 13:31:27:868	0	0	401	0
2021-03-17 13:31:28:883	0	0	401	0
2021-03-17 13:31:29:883	0	0	401	0
2021-03-17 13:31:30:883	0	0	401	0
2021-03-17 13:31:31:883	0	0	401	0
2021-03-17 13:31:33:882	0	0	400	0
2021-03-17 13:31:34:897	0	0	401	0
2021-03-17 13:31:35:882	0	0	401	0
2021-03-17 13:31:36:897	0	0	401	0
2021-03-17 13:31:37:897	0	0	401	0
2021-03-17 13:31:38:897	0	0	401	0
2021-03-17 13:31:39:896	0	0	401	0
2021-03-17 13:31:40:896	0	0	401	0
2021-03-17 13:31:41:896	0	0	401	0
2021-03-17 13:31:42:911	0	0	401	0
2021-03-17 13:31:43:902	0	0	401	0
2021-03-17 13:31:44:903	0	0	401	0
2021-03-17 13:31:46:902	0	0	401	0
2021-03-17 13:31:47:918	0	0	401	0
2021-03-17 13:31:48:902	0	0	401	0
2021-03-17 13:31:49:917	0	0	401	0
2021-03-17 13:31:50:917	0	0	400	0
2021-03-17 13:31:51:925	0	0	400	0
2021-03-17 13:31:52:931	0	0	400	0
2021-03-17 13:31:53:921	0	0	400	0
2021-03-17 13:31:54:929	0	0	401	0
2021-03-17 13:31:55:939	0	0	401	0
2021-03-17 13:31:56:927	0	0	401	0
2021-03-17 13:31:57:939	0	0	401	0
2021-03-17 13:31:59:926	0	0	400	0
2021-03-17 13:32:00:941	0	0	401	0
2021-03-17 13:32:01:925	0	0	401	0
2021-03-17 13:32:02:941	0	0	400	0
2021-03-17 13:32:03:940	0	0	400	0
2021-03-17 13:32:04:940	0	0	401	0
2021-03-17 13:32:05:940	0	0	401	0
2021-03-17 13:32:07:940	0	0	401	0
2021-03-17 13:32:08:955	0	0	402	0
2021-03-17 13:32:09:939	0	0	402	0
2021-03-17 13:32:10:955	0	0	401	0
2021-03-17 13:32:11:955	0	0	401	0
2021-03-17 13:32:12:954	0	0	400	0
2021-03-17 13:32:13:966	0	0	400	0
2021-03-17 13:32:15:965	0	0	401	0
2021-03-17 13:32:16:965	0	0	401	0
2021-03-17 13:32:17:949	0	0	401	0
2021-03-17 13:32:18:965	0	0	401	0
2021-03-17 13:32:20:964	0	0	401	0
2021-03-17 13:32:21:979	0	0	401	0
2021-03-17 13:32:22:964	0	0	401	0
2021-03-17 13:32:23:963	0	0	401	0
2021-03-17 13:32:24:979	0	0	401	0
2021-03-17 13:32:25:979	0	0	401	0
2021-03-17 13:32:26:978	0	0	400	0
2021-03-17 13:32:27:962	0	0	400	0
2021-03-17 13:32:28:978	0	0	401	0
2021-03-17 13:32:29:993	0	0	401	0
2021-03-17 13:32:30:978	0	0	401	0
2021-03-17 13:32:31:993	0	0	401	0
2021-03-17 13:32:32:978	0	0	401	0
2021-03-17 13:32:33:993	0	0	401	0
2021-03-17 13:32:34:993	0	0	400	0
2021-03-17 13:32:35:993	0	0	400	0
2021-03-17 13:32:36:993	0	0	401	0
2021-03-17 13:32:37:992	0	0	401	0
2021-03-17 13:32:38:992	0	0	400	0
2021-03-17 13:32:39:992	0	0	400	0
2021-03-17 13:32:40:992	0	0	400	0
2021-03-17 13:32:42:007	0	0	400	0
2021-03-17 13:32:42:991	0	0	401	0
2021-03-17 13:32:43:998	0	0	401	0
2021-03-17 13:32:45:013	0	0	401	0
2021-03-17 13:32:45:997	0	0	401	0
2021-03-17 13:32:47:013	0	0	401	0
2021-03-17 13:32:47:997	0	0	401	0
2021-03-17 13:32:49:012	0	0	400	0
2021-03-17 13:32:50:012	0	0	400	0
2021-03-17 13:32:51:013	0	0	401	0
2021-03-17 13:32:52:022	0	0	401	0
2021-03-17 13:32:53:011	0	0	401	0
2021-03-17 13:32:54:022	0	0	401	0
2021-03-17 13:32:55:030	0	0	401	0
2021-03-17 13:32:56:022	0	0	401	0
2021-03-17 13:32:57:031	0	0	401	0
2021-03-17 13:32:58:019	0	0	401	0
2021-03-17 13:32:59:030	0	0	401	0
2021-03-17 13:33:00:021	0	0	401	0
2021-03-17 13:33:01:020	0	0	400	0
2021-03-17 13:33:02:036	0	0	400	0
2021-03-17 13:33:03:020	0	0	401	0
2021-03-17 13:33:04:035	0	0	401	0
2021-03-17 13:33:06:035	0	0	401	0
2021-03-17 13:33:07:035	0	0	400	0
2021-03-17 13:33:08:019	0	0	400	0
2021-03-17 13:33:09:035	0	0	401	0
2021-03-17 13:33:11:034	0	0	401	0
2021-03-17 13:33:12:034	0	0	401	0
2021-03-17 13:33:13:034	0	0	400	0
2021-03-17 13:33:14:046	0	0	400	0
2021-03-17 13:33:16:045	0	0	401	0
2021-03-17 13:33:17:045	0	0	400	0
2021-03-17 13:33:18:045	0	0	400	0
2021-03-17 13:33:19:045	0	0	400	0
2021-03-17 13:33:20:045	0	0	400	0
2021-03-17 13:33:21:045	0	0	401	0
2021-03-17 13:33:22:060	0	0	401	0
2021-03-17 13:33:23:045	0	0	401	0
2021-03-17 13:33:24:060	0	0	401	0
2021-03-17 13:33:25:044	0	0	401	0
2021-03-17 13:33:26:060	0	0	401	0
2021-03-17 13:33:28:059	0	0	400	0
2021-03-17 13:33:29:059	0	0	401	0
2021-03-17 13:33:30:059	0	0	401	0
2021-03-17 13:33:31:059	0	0	401	0
2021-03-17 13:33:33:058	0	0	400	0
2021-03-17 13:33:34:073	0	0	400	0
2021-03-17 13:33:35:058	0	0	400	0
2021-03-17 13:33:36:073	0	0	400	0
2021-03-17 13:33:37:057	0	0	401	0
2021-03-17 13:33:38:072	0	0	401	0
2021-03-17 13:33:39:072	0	0	400	0
2021-03-17 13:33:40:072	0	0	400	0
2021-03-17 13:33:41:072	0	0	401	0
2021-03-17 13:33:42:072	0	0	401	0
2021-03-17 13:33:43:072	0	0	401	0
2021-03-17 13:33:44:078	0	0	401	0
2021-03-17 13:33:45:078	0	0	401	0
2021-03-17 13:33:46:078	0	0	401	0
2021-03-17 13:33:47:077	0	0	401	0
2021-03-17 13:33:48:077	0	0	401	0
2021-03-17 13:33:50:077	0	0	400	0
2021-03-17 13:33:51:098	0	0	400	0
2021-03-17 13:33:52:088	0	0	400	0
2021-03-17 13:33:53:095	0	0	400	0
2021-03-17 13:33:54:091	0	0	400	0
2021-03-17 13:33:55:095	0	0	400	0
2021-03-17 13:33:56:104	0	0	400	0
2021-03-17 13:33:57:097	0	0	401	0
2021-03-17 13:33:58:102	0	0	401	0
2021-03-17 13:33:59:093	0	0	400	0
2021-03-17 13:34:00:100	0	0	400	0
2021-03-17 13:34:01:099	0	0	400	0
2021-03-17 13:34:02:099	0	0	400	0
2021-03-17 13:34:03:099	0	0	399	0
2021-03-17 13:34:04:099	0	0	399	0
2021-03-17 13:34:05:099	0	0	399	0
2021-03-17 13:34:07:098	0	0	400	0
2021-03-17 13:34:08:114	0	0	400	0
2021-03-17 13:34:09:098	0	0	399	0
2021-03-17 13:34:10:113	0	0	399	0
2021-03-17 13:34:12:113	0	0	400	0
2021-03-17 13:34:13:113	0	0	399	0
2021-03-17 13:34:14:110	0	0	399	0
2021-03-17 13:34:15:110	0	0	400	0
2021-03-17 13:34:17:109	0	0	401	0
2021-03-17 13:34:18:125	0	0	401	0
2021-03-17 13:34:19:109	0	0	401	0
2021-03-17 13:34:20:124	0	0	401	0
2021-03-17 13:34:21:109	0	0	401	0
2021-03-17 13:34:22:124	0	0	401	0
2021-03-17 13:34:23:124	0	0	400	0
2021-03-17 13:34:24:124	0	0	400	0
2021-03-17 13:34:25:124	0	0	400	0
2021-03-17 13:34:26:123	0	0	400	0
2021-03-17 13:34:27:139	0	0	400	0
2021-03-17 13:34:28:138	0	0	400	0
2021-03-17 13:34:29:123	0	0	400	0
2021-03-17 13:34:30:138	0	0	400	0
2021-03-17 13:34:31:123	0	0	401	0
2021-03-17 13:34:32:138	0	0	401	0
2021-03-17 13:34:33:138	0	0	400	0
2021-03-17 13:34:34:138	0	0	400	0
2021-03-17 13:34:35:138	0	0	401	0
2021-03-17 13:34:36:138	0	0	401	0
2021-03-17 13:34:37:137	0	0	400	0
2021-03-17 13:34:38:153	0	0	400	0
2021-03-17 13:34:39:137	0	0	401	0
2021-03-17 13:34:40:153	0	0	401	0
2021-03-17 13:34:41:137	0	0	400	0
2021-03-17 13:34:42:152	0	0	400	0
2021-03-17 13:34:43:152	0	0	400	0
2021-03-17 13:34:44:152	0	0	400	0
2021-03-17 13:34:45:152	0	0	401	0
2021-03-17 13:34:46:151	0	0	401	0
2021-03-17 13:34:47:151	0	0	401	0
2021-03-17 13:34:49:151	0	0	401	0
2021-03-17 13:34:50:166	0	0	401	0
2021-03-17 13:34:51:166	0	0	400	0
2021-03-17 13:34:52:173	0	0	400	0
2021-03-17 13:34:54:172	0	0	401	0
2021-03-17 13:34:55:179	0	0	401	0
2021-03-17 13:34:56:171	0	0	401	0
2021-03-17 13:34:57:178	0	0	401	0
2021-03-17 13:34:58:171	0	0	401	0
2021-03-17 13:34:59:177	0	0	400	0
2021-03-17 13:35:00:182	0	0	400	0
2021-03-17 13:35:01:166	0	0	401	0
2021-03-17 13:35:02:182	0	0	401	0
2021-03-17 13:35:03:166	0	0	400	0
2021-03-17 13:35:04:181	0	0	400	0
2021-03-17 13:35:05:181	0	0	401	0
2021-03-17 13:35:06:181	0	0	401	0
2021-03-17 13:35:07:180	0	0	401	0
2021-03-17 13:35:08:180	0	0	401	0
2021-03-17 13:35:09:180	0	0	401	0
2021-03-17 13:35:10:195	0	0	401	0
2021-03-17 13:35:11:179	0	0	400	0
2021-03-17 13:35:12:195	0	0	400	0
2021-03-17 13:35:14:195	0	0	400	0
2021-03-17 13:35:15:194	0	0	401	0
2021-03-17 13:35:16:195	0	0	401	0
2021-03-17 13:35:17:194	0	0	400	0
2021-03-17 13:35:19:194	0	0	401	0
2021-03-17 13:35:20:209	0	0	401	0
2021-03-17 13:35:21:193	0	0	401	0
2021-03-17 13:35:22:209	0	0	401	0
2021-03-17 13:35:23:208	0	0	401	0
2021-03-17 13:35:24:208	0	0	401	0
2021-03-17 13:35:25:208	0	0	400	0
2021-03-17 13:35:26:208	0	0	400	0
2021-03-17 13:35:27:207	0	0	400	0
2021-03-17 13:35:28:223	0	0	400	0
2021-03-17 13:35:29:207	0	0	400	0
2021-03-17 13:35:30:222	0	0	400	0
2021-03-17 13:35:31:207	0	0	400	0
2021-03-17 13:35:32:222	0	0	400	0
2021-03-17 13:35:33:222	0	0	400	0
2021-03-17 13:35:34:222	0	0	400	0
2021-03-17 13:35:35:222	0	0	400	0
2021-03-17 13:35:37:222	0	0	401	0
2021-03-17 13:35:38:237	0	0	401	0
2021-03-17 13:35:39:221	0	0	400	0
2021-03-17 13:35:40:237	0	0	400	0
2021-03-17 13:35:42:237	0	0	400	0
2021-03-17 13:35:43:236	0	0	400	0
2021-03-17 13:35:44:236	0	0	400	0
2021-03-17 13:35:45:236	0	0	400	0
2021-03-17 13:35:47:235	0	0	400	0
2021-03-17 13:35:48:251	0	0	400	0
2021-03-17 13:35:49:235	0	0	401	0
2021-03-17 13:35:50:251	0	0	401	0
2021-03-17 13:35:51:262	0	0	400	0
2021-03-17 13:35:52:256	0	0	400	0
2021-03-17 13:35:53:263	0	0	401	0
2021-03-17 13:35:54:255	0	0	401	0
2021-03-17 13:35:55:262	0	0	401	0
2021-03-17 13:35:56:269	0	0	401	0
2021-03-17 13:35:57:258	0	0	401	0
2021-03-17 13:35:58:270	0	0	401	0
2021-03-17 13:35:59:258	0	0	401	0
2021-03-17 13:36:00:267	0	0	401	0
2021-03-17 13:36:01:267	0	0	400	0
2021-03-17 13:36:02:267	0	0	400	0
2021-03-17 13:36:03:267	0	0	400	0
2021-03-17 13:36:04:266	0	0	400	0
2021-03-17 13:36:05:266	0	0	400	0
2021-03-17 13:36:06:281	0	0	400	0
2021-03-17 13:36:07:266	0	0	401	0
2021-03-17 13:36:08:281	0	0	401	0
2021-03-17 13:36:09:265	0	0	401	0
2021-03-17 13:36:10:281	0	0	401	0
2021-03-17 13:36:11:281	0	0	401	0
2021-03-17 13:36:12:280	0	0	401	0
2021-03-17 13:36:13:280	0	0	401	0
2021-03-17 13:36:14:264	0	0	401	0
2021-03-17 13:36:15:280	0	0	401	0
2021-03-17 13:36:16:295	0	0	401	0
2021-03-17 13:36:17:280	0	0	401	0
2021-03-17 13:36:18:295	0	0	401	0
2021-03-17 13:36:20:295	0	0	401	0
2021-03-17 13:36:21:294	0	0	400	0
2021-03-17 13:36:22:294	0	0	400	0
2021-03-17 13:36:23:294	0	0	400	0
2021-03-17 13:36:25:294	0	0	401	0
2021-03-17 13:36:26:309	0	0	401	0
2021-03-17 13:36:27:293	0	0	400	0
2021-03-17 13:36:28:308	0	0	400	0
2021-03-17 13:36:30:308	0	0	400	0
2021-03-17 13:36:31:308	0	0	401	0
2021-03-17 13:36:32:307	0	0	401	0
2021-03-17 13:36:33:308	0	0	401	0
2021-03-17 13:36:35:307	0	0	401	0
2021-03-17 13:36:36:323	0	0	401	0
2021-03-17 13:36:37:307	0	0	401	0
2021-03-17 13:36:38:323	0	0	401	0
2021-03-17 13:36:39:322	0	0	398	0
2021-03-17 13:36:40:322	0	0	398	0
2021-03-17 13:36:41:322	0	0	401	0
2021-03-17 13:36:42:322	0	0	401	0
2021-03-17 13:36:43:322	0	0	400	0
2021-03-17 13:36:44:322	0	0	400	0
2021-03-17 13:36:45:321	0	0	401	0
2021-03-17 13:36:46:337	0	0	401	0
2021-03-17 13:36:48:321	0	0	400	0
2021-03-17 13:36:49:336	0	0	401	0
2021-03-17 13:36:50:336	0	0	401	0
2021-03-17 13:36:51:343	0	0	400	0
2021-03-17 13:36:53:346	0	0	401	0
2021-03-17 13:36:54:350	0	0	401	0
2021-03-17 13:36:55:345	0	0	400	0
2021-03-17 13:36:56:353	0	0	400	0
2021-03-17 13:36:57:359	0	0	401	0
2021-03-17 13:36:58:350	0	0	401	0
2021-03-17 13:36:59:361	0	0	400	0
2021-03-17 13:37:00:340	0	0	400	0
2021-03-17 13:37:01:352	0	0	401	0
2021-03-17 13:37:02:361	0	0	401	0
2021-03-17 13:37:03:346	0	0	401	0
2021-03-17 13:37:04:361	0	0	401	0
2021-03-17 13:37:05:345	0	0	400	0
2021-03-17 13:37:06:361	0	0	400	0
2021-03-17 13:37:07:360	0	0	400	0
2021-03-17 13:37:08:360	0	0	400	0
2021-03-17 13:37:09:360	0	0	401	0
2021-03-17 13:37:10:360	0	0	401	0
2021-03-17 13:37:11:360	0	0	401	0
2021-03-17 13:37:12:376	0	0	401	0
2021-03-17 13:37:13:360	0	0	400	0
2021-03-17 13:37:14:375	0	0	400	0
2021-03-17 13:37:16:375	0	0	401	0
2021-03-17 13:37:17:372	0	0	400	0
2021-03-17 13:37:18:371	0	0	400	0
2021-03-17 13:37:19:386	0	0	400	0
2021-03-17 13:37:21:370	0	0	400	0
2021-03-17 13:37:22:387	0	0	400	0
2021-03-17 13:37:23:386	0	0	402	0
2021-03-17 13:37:24:386	0	0	402	0
2021-03-17 13:37:25:401	0	0	401	0
2021-03-17 13:37:26:386	0	0	401	0
2021-03-17 13:37:27:401	0	0	400	0
2021-03-17 13:37:28:386	0	0	400	0
2021-03-17 13:37:29:401	0	0	401	0
2021-03-17 13:37:30:401	0	0	401	0
2021-03-17 13:37:31:401	0	0	400	0
2021-03-17 13:37:32:401	0	0	400	0
2021-03-17 13:37:33:400	0	0	401	0
2021-03-17 13:37:34:400	0	0	401	0
2021-03-17 13:37:35:416	0	0	400	0
2021-03-17 13:37:36:400	0	0	400	0
2021-03-17 13:37:37:400	0	0	400	0
2021-03-17 13:37:39:415	0	0	401	0
2021-03-17 13:37:40:415	0	0	401	0
2021-03-17 13:37:41:399	0	0	400	0
2021-03-17 13:37:42:415	0	0	400	0
2021-03-17 13:37:44:414	0	0	401	0
2021-03-17 13:37:45:429	0	0	400	0
2021-03-17 13:37:46:414	0	0	400	0
2021-03-17 13:37:47:414	0	0	401	0
2021-03-17 13:37:49:413	0	0	400	0
2021-03-17 13:37:50:429	0	0	400	0
2021-03-17 13:37:51:430	0	0	401	0
2021-03-17 13:37:52:437	0	0	401	0
2021-03-17 13:37:54:436	0	0	400	0
2021-03-17 13:37:55:441	0	0	400	0
2021-03-17 13:37:56:433	0	0	400	0
2021-03-17 13:37:57:443	0	0	400	0
2021-03-17 13:37:59:442	0	0	401	0
2021-03-17 13:38:00:437	0	0	401	0
2021-03-17 13:38:01:436	0	0	400	0
2021-03-17 13:38:02:436	0	0	400	0
2021-03-17 13:38:04:435	0	0	400	0
2021-03-17 13:38:05:451	0	0	400	0
2021-03-17 13:38:06:435	0	0	400	0
2021-03-17 13:38:07:450	0	0	401	0
2021-03-17 13:38:08:435	0	0	401	0
2021-03-17 13:38:09:450	0	0	400	0
2021-03-17 13:38:10:450	0	0	400	0
2021-03-17 13:38:11:450	0	0	400	0
2021-03-17 13:38:12:450	0	0	400	0
2021-03-17 13:38:13:449	0	0	401	0
2021-03-17 13:38:14:465	0	0	401	0
2021-03-17 13:38:15:465	0	0	401	0
2021-03-17 13:38:16:461	0	0	401	0
2021-03-17 13:38:17:461	0	0	400	0
2021-03-17 13:38:18:460	0	0	400	0
2021-03-17 13:38:19:460	0	0	401	0
2021-03-17 13:38:20:475	0	0	401	0
2021-03-17 13:38:21:459	0	0	401	0
2021-03-17 13:38:22:475	0	0	401	0
2021-03-17 13:38:23:459	0	0	400	0
2021-03-17 13:38:24:474	0	0	400	0
2021-03-17 13:38:25:474	0	0	400	0
2021-03-17 13:38:26:474	0	0	400	0
2021-03-17 13:38:27:474	0	0	400	0
2021-03-17 13:38:28:474	0	0	400	0
2021-03-17 13:38:29:473	0	0	400	0
2021-03-17 13:38:31:473	0	0	400	0
2021-03-17 13:38:32:488	0	0	400	0
2021-03-17 13:38:33:473	0	0	400	0
2021-03-17 13:38:34:474	0	0	400	0
2021-03-17 13:38:36:489	0	0	400	0
2021-03-17 13:38:37:489	0	0	401	0
2021-03-17 13:38:38:488	0	0	401	0
2021-03-17 13:38:39:488	0	0	400	0
2021-03-17 13:38:41:488	0	0	399	0
2021-03-17 13:38:42:503	0	0	399	0
2021-03-17 13:38:43:488	0	0	400	0
2021-03-17 13:38:44:503	0	0	400	0
2021-03-17 13:38:46:502	0	0	401	0
2021-03-17 13:38:47:502	0	0	401	0
2021-03-17 13:38:48:502	0	0	401	0
2021-03-17 13:38:49:502	0	0	400	0
2021-03-17 13:38:50:502	0	0	400	0
2021-03-17 13:38:51:509	0	0	400	0
2021-03-17 13:38:52:518	0	0	400	0
2021-03-17 13:38:53:508	0	0	400	0
2021-03-17 13:38:54:515	0	0	400	0
2021-03-17 13:38:55:510	0	0	400	0
2021-03-17 13:38:56:518	0	0	400	0
2021-03-17 13:38:57:527	0	0	400	0
2021-03-17 13:38:58:515	0	0	400	0
2021-03-17 13:38:59:525	0	0	400	0
2021-03-17 13:39:00:502	0	0	400	0
2021-03-17 13:39:01:524	0	0	400	0
2021-03-17 13:39:02:524	0	0	400	0
2021-03-17 13:39:03:508	0	0	400	0
2021-03-17 13:39:04:524	0	0	400	0
2021-03-17 13:39:05:523	0	0	401	0
2021-03-17 13:39:06:523	0	0	401	0
2021-03-17 13:39:08:523	0	0	400	0
2021-03-17 13:39:09:538	0	0	401	0
2021-03-17 13:39:10:523	0	0	401	0
2021-03-17 13:39:11:538	0	0	400	0
2021-03-17 13:39:13:523	0	0	401	0
2021-03-17 13:39:14:539	0	0	401	0
2021-03-17 13:39:15:523	0	0	400	0
2021-03-17 13:39:16:538	0	0	400	0
2021-03-17 13:39:17:538	0	0	401	0
2021-03-17 13:39:18:534	0	0	401	0
2021-03-17 13:39:19:550	0	0	400	0
2021-03-17 13:39:20:534	0	0	400	0
2021-03-17 13:39:21:549	0	0	401	0
2021-03-17 13:39:22:534	0	0	401	0
2021-03-17 13:39:23:549	0	0	400	0
2021-03-17 13:39:25:548	0	0	400	0
2021-03-17 13:39:26:548	0	0	400	0
2021-03-17 13:39:27:548	0	0	400	0
2021-03-17 13:39:28:548	0	0	400	0
2021-03-17 13:39:30:549	0	0	400	0
2021-03-17 13:39:31:564	0	0	400	0
2021-03-17 13:39:32:549	0	0	400	0
2021-03-17 13:39:33:565	0	0	400	0
2021-03-17 13:39:34:550	0	0	400	0
2021-03-17 13:39:35:549	0	0	400	0
2021-03-17 13:39:36:565	0	0	400	0
2021-03-17 13:39:37:564	0	0	401	0
2021-03-17 13:39:38:564	0	0	401	0
2021-03-17 13:39:39:549	0	0	400	0
2021-03-17 13:39:40:564	0	0	400	0
2021-03-17 13:39:43:172	0	0	400	0
2021-03-17 13:39:43:188	0	0	400	0
2021-03-17 13:39:43:578	0	0	400	0
2021-03-17 13:39:44:572	0	0	400	0
2021-03-17 13:39:45:572	0	0	401	0
2021-03-17 13:39:47:571	0	0	401	0
2021-03-17 13:39:48:586	0	0	401	0
2021-03-17 13:39:49:571	0	0	400	0
2021-03-17 13:39:50:571	0	0	400	0
2021-03-17 13:39:52:582	0	0	400	0
2021-03-17 13:39:53:590	0	0	400	0
2021-03-17 13:39:54:585	0	0	400	0
2021-03-17 13:39:55:593	0	0	401	0
2021-03-17 13:39:56:582	0	0	401	0
2021-03-17 13:39:57:592	0	0	401	0
2021-03-17 13:39:58:602	0	0	401	0
2021-03-17 13:40:00:529	0	0	400	0
2021-03-17 13:40:00:597	0	0	400	0
2021-03-17 13:40:01:577	0	0	400	0
2021-03-17 13:40:02:592	0	0	400	0
2021-03-17 13:40:03:607	0	0	401	0
2021-03-17 13:40:04:592	0	0	401	0
2021-03-17 13:40:05:607	0	0	398	0
2021-03-17 13:40:06:591	0	0	398	0
2021-03-17 13:40:07:606	0	0	400	0
2021-03-17 13:40:08:606	0	0	400	0
2021-03-17 13:40:09:590	0	0	400	0
2021-03-17 13:40:10:606	0	0	400	0
2021-03-17 13:40:12:355	0	0	401	0
2021-03-17 13:40:12:605	0	0	401	0
2021-03-17 13:40:13:621	0	0	400	0
2021-03-17 13:40:14:605	0	0	400	0
2021-03-17 13:40:15:808	0	0	401	0
2021-03-17 13:40:16:600	0	0	401	0
2021-03-17 13:40:17:616	0	0	400	0
2021-03-17 13:40:19:616	0	0	400	0
2021-03-17 13:40:20:616	0	0	400	0
2021-03-17 13:40:21:617	0	0	401	0
2021-03-17 13:40:22:617	0	0	401	0
2021-03-17 13:40:24:616	0	0	401	0
2021-03-17 13:40:25:632	0	0	401	0
2021-03-17 13:40:26:616	0	0	401	0
2021-03-17 13:40:27:631	0	0	400	0
2021-03-17 13:40:28:616	0	0	400	0
2021-03-17 13:40:29:631	0	0	401	0
2021-03-17 13:40:30:631	0	0	401	0
2021-03-17 13:40:31:630	0	0	400	0
2021-03-17 13:40:32:631	0	0	400	0
2021-03-17 13:40:33:630	0	0	400	0
2021-03-17 13:40:34:630	0	0	400	0
2021-03-17 13:40:35:645	0	0	400	0
2021-03-17 13:40:36:630	0	0	400	0
2021-03-17 13:40:37:646	0	0	398	0
2021-03-17 13:40:38:630	0	0	398	0
2021-03-17 13:40:39:630	0	0	400	0
2021-03-17 13:40:41:630	0	0	400	0
2021-03-17 13:40:42:645	0	0	400	0
2021-03-17 13:40:43:644	0	0	400	0
2021-03-17 13:40:44:645	0	0	400	0
2021-03-17 13:40:45:644	0	0	401	0
2021-03-17 13:40:46:644	0	0	401	0
2021-03-17 13:40:47:659	0	0	400	0
2021-03-17 13:40:48:644	0	0	400	0
2021-03-17 13:40:49:659	0	0	401	0
2021-03-17 13:40:50:643	0	0	401	0
2021-03-17 13:40:51:658	0	0	400	0
2021-03-17 13:40:53:657	0	0	401	0
2021-03-17 13:40:54:664	0	0	401	0
2021-03-17 13:40:55:661	0	0	401	0
2021-03-17 13:40:56:666	0	0	401	0
2021-03-17 13:40:57:660	0	0	400	0
2021-03-17 13:40:58:664	0	0	400	0
2021-03-17 13:40:59:675	0	0	400	0
2021-03-17 13:41:00:655	0	0	400	0
2021-03-17 13:41:01:665	0	0	400	0
2021-03-17 13:41:02:665	0	0	400	0
2021-03-17 13:41:03:665	0	0	400	0
2021-03-17 13:41:04:680	0	0	400	0
2021-03-17 13:41:05:664	0	0	401	0
2021-03-17 13:41:06:679	0	0	401	0
2021-03-17 13:41:07:664	0	0	400	0
2021-03-17 13:41:08:679	0	0	400	0
2021-03-17 13:41:09:679	0	0	400	0
2021-03-17 13:41:10:678	0	0	400	0
2021-03-17 13:41:11:678	0	0	401	0
2021-03-17 13:41:12:678	0	0	401	0
2021-03-17 13:41:13:678	0	0	401	0
2021-03-17 13:41:15:678	0	0	401	0
2021-03-17 13:41:16:689	0	0	401	0
2021-03-17 13:41:17:673	0	0	400	0
2021-03-17 13:41:18:688	0	0	400	0
2021-03-17 13:41:19:688	0	0	400	0
2021-03-17 13:41:20:688	0	0	400	0
2021-03-17 13:41:21:688	0	0	400	0
2021-03-17 13:41:22:688	0	0	400	0
2021-03-17 13:41:23:703	0	0	401	0
2021-03-17 13:41:24:703	0	0	401	0
2021-03-17 13:41:25:687	0	0	400	0
2021-03-17 13:41:26:703	0	0	400	0
2021-03-17 13:41:27:687	0	0	400	0
2021-03-17 13:41:28:703	0	0	400	0
2021-03-17 13:41:29:702	0	0	401	0
2021-03-17 13:41:30:702	0	0	401	0
2021-03-17 13:41:31:702	0	0	400	0
2021-03-17 13:41:33:701	0	0	401	0
2021-03-17 13:41:34:723	0	0	401	0
2021-03-17 13:41:35:713	0	0	400	0
2021-03-17 13:41:36:714	0	0	400	0
2021-03-17 13:41:38:713	0	0	400	0
2021-03-17 13:41:39:728	0	0	400	0
2021-03-17 13:41:40:713	0	0	400	0
2021-03-17 13:41:41:728	0	0	401	0
2021-03-17 13:41:43:727	0	0	401	0
2021-03-17 13:41:44:727	0	0	401	0
2021-03-17 13:41:45:727	0	0	401	0
2021-03-17 13:41:46:727	0	0	401	0
2021-03-17 13:41:47:742	0	0	400	0
2021-03-17 13:41:48:727	0	0	400	0
2021-03-17 13:41:49:742	0	0	400	0
2021-03-17 13:41:50:726	0	0	400	0
2021-03-17 13:41:51:740	0	0	400	0
2021-03-17 13:41:52:740	0	0	400	0
2021-03-17 13:41:53:739	0	0	400	0
2021-03-17 13:41:54:736	0	0	400	0
2021-03-17 13:41:56:735	0	0	400	0
2021-03-17 13:41:57:751	0	0	400	0
2021-03-17 13:41:58:750	0	0	400	0
2021-03-17 13:41:59:750	0	0	401	0
2021-03-17 13:42:01:749	0	0	400	0
2021-03-17 13:42:02:748	0	0	400	0
2021-03-17 13:42:03:748	0	0	400	0
2021-03-17 13:42:04:764	0	0	400	0
2021-03-17 13:42:05:763	0	0	400	0
2021-03-17 13:42:06:763	0	0	400	0
2021-03-17 13:42:07:763	0	0	400	0
2021-03-17 13:42:08:763	0	0	400	0
2021-03-17 13:42:09:762	0	0	400	0
2021-03-17 13:42:10:778	0	0	400	0
2021-03-17 13:42:11:762	0	0	400	0
2021-03-17 13:42:12:762	0	0	400	0
2021-03-17 13:42:14:777	0	0	400	0
2021-03-17 13:42:15:777	0	0	400	0
2021-03-17 13:42:16:773	0	0	400	0
2021-03-17 13:42:17:773	0	0	401	0
2021-03-17 13:42:18:788	0	0	401	0
2021-03-17 13:42:19:772	0	0	400	0
2021-03-17 13:42:20:788	0	0	400	0
2021-03-17 13:42:22:787	0	0	400	0
2021-03-17 13:42:23:787	0	0	400	0
2021-03-17 13:42:24:787	0	0	400	0
2021-03-17 13:42:25:786	0	0	401	0
2021-03-17 13:42:27:786	0	0	400	0
2021-03-17 13:42:28:802	0	0	400	0
2021-03-17 13:42:29:786	0	0	402	0
2021-03-17 13:42:30:801	0	0	402	0
2021-03-17 13:42:31:800	0	0	400	0
2021-03-17 13:42:32:801	0	0	400	0
2021-03-17 13:42:33:800	0	0	401	0
2021-03-17 13:42:35:800	0	0	400	0
2021-03-17 13:42:36:815	0	0	400	0
2021-03-17 13:42:37:799	0	0	400	0
2021-03-17 13:42:38:815	0	0	400	0
2021-03-17 13:42:39:815	0	0	400	0
2021-03-17 13:42:40:815	0	0	400	0
2021-03-17 13:42:41:814	0	0	401	0
2021-03-17 13:42:42:814	0	0	401	0
2021-03-17 13:42:43:815	0	0	400	0
2021-03-17 13:42:44:830	0	0	400	0
2021-03-17 13:42:45:815	0	0	401	0
2021-03-17 13:42:46:831	0	0	401	0
2021-03-17 13:42:48:830	0	0	400	0
2021-03-17 13:42:49:842	0	0	400	0
2021-03-17 13:42:50:827	0	0	400	0
2021-03-17 13:42:51:839	0	0	400	0
2021-03-17 13:42:53:842	0	0	400	0
2021-03-17 13:42:54:847	0	0	400	0
2021-03-17 13:42:55:841	0	0	400	0
2021-03-17 13:42:56:846	0	0	400	0
2021-03-17 13:42:57:857	0	0	400	0
2021-03-17 13:42:58:849	0	0	400	0
2021-03-17 13:42:59:855	0	0	400	0
2021-03-17 13:43:01:842	0	0	401	0
2021-03-17 13:43:02:858	0	0	401	0
2021-03-17 13:43:03:842	0	0	400	0
2021-03-17 13:43:04:857	0	0	400	0
2021-03-17 13:43:05:857	0	0	401	0
2021-03-17 13:43:06:857	0	0	401	0
2021-03-17 13:43:07:856	0	0	400	0
2021-03-17 13:43:08:856	0	0	400	0
2021-03-17 13:43:09:856	0	0	400	0
2021-03-17 13:43:10:871	0	0	400	0
2021-03-17 13:43:11:856	0	0	400	0
2021-03-17 13:43:12:871	0	0	400	0
2021-03-17 13:43:14:871	0	0	400	0
2021-03-17 13:43:15:870	0	0	400	0
2021-03-17 13:43:16:866	0	0	400	0
2021-03-17 13:43:17:881	0	0	402	0
2021-03-17 13:43:19:881	0	0	400	0
2021-03-17 13:43:20:881	0	0	400	0
2021-03-17 13:43:21:881	0	0	400	0
2021-03-17 13:43:22:881	0	0	400	0
2021-03-17 13:43:23:896	0	0	400	0
2021-03-17 13:43:24:880	0	0	400	0
2021-03-17 13:43:25:895	0	0	400	0
2021-03-17 13:43:26:880	0	0	400	0
2021-03-17 13:43:27:895	0	0	400	0
2021-03-17 13:43:28:895	0	0	400	0
2021-03-17 13:43:29:894	0	0	401	0
2021-03-17 13:43:30:895	0	0	401	0
2021-03-17 13:43:32:895	0	0	400	0
2021-03-17 13:43:33:910	0	0	400	0
2021-03-17 13:43:34:894	0	0	400	0
2021-03-17 13:43:35:910	0	0	400	0
2021-03-17 13:43:36:909	0	0	400	0
2021-03-17 13:43:37:909	0	0	400	0
2021-03-17 13:43:38:909	0	0	400	0
2021-03-17 13:43:40:908	0	0	400	0
2021-03-17 13:43:41:924	0	0	400	0
2021-03-17 13:43:42:908	0	0	400	0
2021-03-17 13:43:43:923	0	0	400	0
2021-03-17 13:43:45:923	0	0	400	0
2021-03-17 13:43:46:923	0	0	400	0
2021-03-17 13:43:47:923	0	0	400	0
2021-03-17 13:43:48:923	0	0	400	0
2021-03-17 13:43:49:939	0	0	400	0
2021-03-17 13:43:50:923	0	0	400	0
2021-03-17 13:43:51:942	0	0	400	0
2021-03-17 13:43:52:933	0	0	400	0
2021-03-17 13:43:53:942	0	0	400	0
2021-03-17 13:43:54:948	0	0	400	0
2021-03-17 13:43:55:940	0	0	400	0
2021-03-17 13:43:56:945	0	0	400	0
2021-03-17 13:43:58:947	0	0	400	0
2021-03-17 13:43:59:956	0	0	401	0
2021-03-17 13:44:00:937	0	0	401	0
2021-03-17 13:44:01:937	0	0	401	0
2021-03-17 13:44:03:952	0	0	400	0
2021-03-17 13:44:04:952	0	0	400	0
2021-03-17 13:44:05:936	0	0	400	0
2021-03-17 13:44:06:951	0	0	400	0
2021-03-17 13:44:08:951	0	0	400	0
2021-03-17 13:44:09:966	0	0	400	0
2021-03-17 13:44:10:951	0	0	400	0
2021-03-17 13:44:11:966	0	0	400	0
2021-03-17 13:44:13:966	0	0	400	0
2021-03-17 13:44:14:965	0	0	400	0
2021-03-17 13:44:15:965	0	0	400	0
2021-03-17 13:44:16:962	0	0	400	0
2021-03-17 13:44:18:962	0	0	400	0
2021-03-17 13:44:19:978	0	0	401	0
2021-03-17 13:44:21:978	0	0	401	0
2021-03-17 13:44:21:978	0	0	400	0
2021-03-17 13:44:22:978	0	0	400	0
2021-03-17 13:44:23:977	0	0	400	0
2021-03-17 13:44:24:977	0	0	400	0
2021-03-17 13:44:25:977	0	0	400	0
2021-03-17 13:44:26:977	0	0	400	0
2021-03-17 13:44:27:992	0	0	400	0
2021-03-17 13:44:28:976	0	0	400	0
2021-03-17 13:44:29:991	0	0	401	0
2021-03-17 13:44:30:976	0	0	401	0
2021-03-17 13:44:31:991	0	0	401	0
2021-03-17 13:44:32:991	0	0	401	0
2021-03-17 13:44:33:990	0	0	400	0
2021-03-17 13:44:34:991	0	0	400	0
2021-03-17 13:44:36:990	0	0	400	0
2021-03-17 13:44:38:006	0	0	400	0
2021-03-17 13:44:38:990	0	0	400	0
2021-03-17 13:44:40:006	0	0	400	0
2021-03-17 13:44:42:005	0	0	400	0
2021-03-17 13:44:43:005	0	0	400	0
2021-03-17 13:44:44:005	0	0	400	0
2021-03-17 13:44:45:005	0	0	400	0
2021-03-17 13:44:46:020	0	0	400	0
2021-03-17 13:44:47:004	0	0	400	0
2021-03-17 13:44:48:020	0	0	400	0
2021-03-17 13:44:50:020	0	0	400	0
2021-03-17 13:44:51:028	0	0	400	0
2021-03-17 13:44:52:024	0	0	400	0
2021-03-17 13:44:53:030	0	0	400	0
2021-03-17 13:44:55:031	0	0	400	0
2021-03-17 13:44:56:036	0	0	401	0
2021-03-17 13:44:57:030	0	0	401	0
2021-03-17 13:44:58:039	0	0	400	0
2021-03-17 13:44:59:046	0	0	400	0
2021-03-17 13:45:00:035	0	0	400	0
2021-03-17 13:45:01:046	0	0	400	0
2021-03-17 13:45:03:046	0	0	400	0
2021-03-17 13:45:04:046	0	0	400	0
2021-03-17 13:45:05:030	0	0	400	0
2021-03-17 13:45:06:045	0	0	400	0
2021-03-17 13:45:08:045	0	0	400	0
2021-03-17 13:45:09:045	0	0	400	0
2021-03-17 13:45:10:045	0	0	400	0
2021-03-17 13:45:11:045	0	0	400	0
2021-03-17 13:45:12:060	0	0	400	0
2021-03-17 13:45:13:045	0	0	400	0
2021-03-17 13:45:14:060	0	0	400	0
2021-03-17 13:45:15:044	0	0	400	0
2021-03-17 13:45:16:059	0	0	400	0
2021-03-17 13:45:17:070	0	0	400	0
2021-03-17 13:45:18:054	0	0	400	0
2021-03-17 13:45:19:070	0	0	400	0
2021-03-17 13:45:21:070	0	0	400	0
2021-03-17 13:45:22:069	0	0	400	0
2021-03-17 13:45:23:070	0	0	400	0
2021-03-17 13:45:24:069	0	0	400	0
2021-03-17 13:45:26:069	0	0	400	0
2021-03-17 13:45:27:085	0	0	400	0
2021-03-17 13:45:28:069	0	0	400	0
2021-03-17 13:45:29:084	0	0	400	0
2021-03-17 13:45:30:084	0	0	400	0
2021-03-17 13:45:31:084	0	0	400	0
2021-03-17 13:45:32:084	0	0	400	0
2021-03-17 13:45:34:084	0	0	401	0
2021-03-17 13:45:35:099	0	0	401	0
2021-03-17 13:45:36:083	0	0	400	0
2021-03-17 13:45:37:099	0	0	400	0
2021-03-17 13:45:39:098	0	0	401	0
2021-03-17 13:45:40:098	0	0	400	0
2021-03-17 13:45:41:098	0	0	400	0
2021-03-17 13:45:42:098	0	0	400	0
2021-03-17 13:45:43:113	0	0	400	0
2021-03-17 13:45:44:097	0	0	400	0
2021-03-17 13:45:45:112	0	0	400	0
2021-03-17 13:45:46:097	0	0	400	0
2021-03-17 13:45:47:112	0	0	400	0
2021-03-17 13:45:48:112	0	0	401	0
2021-03-17 13:45:49:112	0	0	401	0
2021-03-17 13:45:50:112	0	0	400	0
2021-03-17 13:45:52:120	0	0	400	0
2021-03-17 13:45:53:130	0	0	400	0
2021-03-17 13:45:54:119	0	0	400	0
2021-03-17 13:45:55:126	0	0	400	0
2021-03-17 13:45:57:130	0	0	401	0
2021-03-17 13:45:58:137	0	0	400	0
2021-03-17 13:45:59:129	0	0	400	0
2021-03-17 13:46:00:137	0	0	400	0
2021-03-17 13:46:02:132	0	0	400	0
2021-03-17 13:46:03:132	0	0	400	0
2021-03-17 13:46:04:132	0	0	400	0
2021-03-17 13:46:05:131	0	0	400	0
2021-03-17 13:46:06:131	0	0	400	0
2021-03-17 13:46:07:131	0	0	400	0
2021-03-17 13:46:08:146	0	0	400	0
2021-03-17 13:46:09:131	0	0	400	0
2021-03-17 13:46:10:146	0	0	400	0
2021-03-17 13:46:11:130	0	0	400	0
2021-03-17 13:46:12:146	0	0	400	0
2021-03-17 13:46:13:145	0	0	400	0
2021-03-17 13:46:14:145	0	0	400	0
2021-03-17 13:46:15:145	0	0	400	0
2021-03-17 13:46:16:146	0	0	400	0
2021-03-17 13:46:17:156	0	0	400	0
2021-03-17 13:46:19:155	0	0	400	0
2021-03-17 13:46:20:156	0	0	401	0
2021-03-17 13:46:21:140	0	0	401	0
2021-03-17 13:46:22:155	0	0	400	0
2021-03-17 13:46:23:155	0	0	400	0
2021-03-17 13:46:24:155	0	0	400	0
2021-03-17 13:46:25:170	0	0	400	0
2021-03-17 13:46:26:154	0	0	400	0
2021-03-17 13:46:27:155	0	0	400	0
2021-03-17 13:46:28:155	0	0	400	0
2021-03-17 13:46:29:155	0	0	400	0
2021-03-17 13:46:30:170	0	0	400	0
2021-03-17 13:46:31:170	0	0	400	0
2021-03-17 13:46:32:170	0	0	400	0
2021-03-17 13:46:33:154	0	0	400	0
2021-03-17 13:46:34:169	0	0	400	0
2021-03-17 13:46:36:169	0	0	400	0
2021-03-17 13:46:37:184	0	0	400	0
2021-03-17 13:46:38:168	0	0	400	0
2021-03-17 13:46:39:183	0	0	400	0
2021-03-17 13:46:41:183	0	0	400	0
2021-03-17 13:46:42:183	0	0	400	0
2021-03-17 13:46:43:183	0	0	400	0
2021-03-17 13:46:44:184	0	0	399	0
2021-03-17 13:46:46:184	0	0	400	0
2021-03-17 13:46:47:184	0	0	400	0
2021-03-17 13:46:48:183	0	0	401	0
2021-03-17 13:46:49:183	0	0	401	0
2021-03-17 13:46:51:198	0	0	400	0
2021-03-17 13:46:52:205	0	0	400	0
2021-03-17 13:46:53:197	0	0	400	0
2021-03-17 13:46:54:205	0	0	400	0
2021-03-17 13:46:55:211	0	0	400	0
2021-03-17 13:46:56:205	0	0	402	0
2021-03-17 13:46:57:208	0	0	402	0
2021-03-17 13:46:58:203	0	0	400	0
2021-03-17 13:46:59:209	0	0	400	0
2021-03-17 13:47:00:217	0	0	400	0
2021-03-17 13:47:01:212	0	0	400	0
2021-03-17 13:47:02:211	0	0	400	0
2021-03-17 13:47:04:211	0	0	400	0
2021-03-17 13:47:05:211	0	0	400	0
2021-03-17 13:47:06:211	0	0	400	0
2021-03-17 13:47:07:211	0	0	400	0
2021-03-17 13:47:08:226	0	0	400	0
2021-03-17 13:47:09:210	0	0	400	0
2021-03-17 13:47:10:226	0	0	401	0
2021-03-17 13:47:11:225	0	0	401	0
2021-03-17 13:47:12:225	0	0	400	0
2021-03-17 13:47:13:241	0	0	400	0
2021-03-17 13:47:14:230	0	0	400	0
2021-03-17 13:47:15:230	0	0	400	0
2021-03-17 13:47:17:226	0	0	400	0
2021-03-17 13:47:18:242	0	0	400	0
2021-03-17 13:47:19:226	0	0	400	0
2021-03-17 13:47:20:241	0	0	400	0
2021-03-17 13:47:21:242	0	0	400	0
2021-03-17 13:47:22:242	0	0	400	0
2021-03-17 13:47:23:242	0	0	400	0
2021-03-17 13:47:24:242	0	0	401	0
2021-03-17 13:47:25:242	0	0	401	0
2021-03-17 13:47:26:258	0	0	400	0
2021-03-17 13:47:27:242	0	0	400	0
2021-03-17 13:47:28:257	0	0	400	0
2021-03-17 13:47:30:257	0	0	402	0
2021-03-17 13:47:31:257	0	0	402	0
2021-03-17 13:47:32:257	0	0	400	0
2021-03-17 13:47:33:257	0	0	400	0
2021-03-17 13:47:34:272	0	0	400	0
2021-03-17 13:47:35:256	0	0	400	0
2021-03-17 13:47:36:272	0	0	400	0
2021-03-17 13:47:37:256	0	0	400	0
2021-03-17 13:47:38:271	0	0	400	0
2021-03-17 13:47:39:271	0	0	400	0
2021-03-17 13:47:40:271	0	0	400	0
2021-03-17 13:47:41:270	0	0	400	0
2021-03-17 13:47:43:280	0	0	400	0
2021-03-17 13:47:44:278	0	0	400	0
2021-03-17 13:47:45:278	0	0	400	0
2021-03-17 13:47:46:278	0	0	400	0
2021-03-17 13:47:48:284	0	0	400	0
2021-03-17 13:47:49:283	0	0	400	0
2021-03-17 13:47:50:283	0	0	400	0
2021-03-17 13:47:51:292	0	0	400	0
2021-03-17 13:47:53:296	0	0	400	0
2021-03-17 13:47:54:302	0	0	400	0
2021-03-17 13:47:55:295	0	0	400	0
2021-03-17 13:47:56:303	0	0	400	0
2021-03-17 13:47:57:311	0	0	400	0
2021-03-17 13:47:58:299	0	0	400	0
2021-03-17 13:47:59:310	0	0	400	0
2021-03-17 13:48:00:299	0	0	400	0
2021-03-17 13:48:01:297	0	0	400	0
2021-03-17 13:48:02:313	0	0	400	0
2021-03-17 13:48:03:297	0	0	400	0
2021-03-17 13:48:04:312	0	0	400	0
2021-03-17 13:48:05:296	0	0	400	0
2021-03-17 13:48:06:312	0	0	401	0
2021-03-17 13:48:07:312	0	0	401	0
2021-03-17 13:48:08:311	0	0	400	0
2021-03-17 13:48:09:311	0	0	400	0
2021-03-17 13:48:11:311	0	0	400	0
2021-03-17 13:48:12:326	0	0	401	0
2021-03-17 13:48:13:310	0	0	401	0
2021-03-17 13:48:14:326	0	0	400	0
2021-03-17 13:48:16:322	0	0	400	0
2021-03-17 13:48:17:337	0	0	400	0
2021-03-17 13:48:19:681	0	0	400	0
2021-03-17 13:48:19:696	0	0	400	0
2021-03-17 13:48:21:337	0	0	400	0
2021-03-17 13:48:22:337	0	0	398	0
2021-03-17 13:48:23:336	0	0	398	0
2021-03-17 13:48:24:336	0	0	400	0
2021-03-17 13:48:26:336	0	0	400	0
2021-03-17 13:48:27:351	0	0	400	0
2021-03-17 13:48:28:335	0	0	401	0
2021-03-17 13:48:29:350	0	0	401	0
2021-03-17 13:48:31:350	0	0	400	0
2021-03-17 13:48:32:350	0	0	400	0
2021-03-17 13:48:33:349	0	0	400	0
2021-03-17 13:48:34:350	0	0	400	0
2021-03-17 13:48:35:365	0	0	400	0
2021-03-17 13:48:36:349	0	0	400	0
2021-03-17 13:48:37:364	0	0	400	0
2021-03-17 13:48:38:349	0	0	400	0
2021-03-17 13:48:39:364	0	0	400	0
2021-03-17 13:48:40:364	0	0	399	0
2021-03-17 13:48:41:363	0	0	399	0
2021-03-17 13:48:42:363	0	0	400	0
2021-03-17 13:48:43:363	0	0	400	0
2021-03-17 13:48:44:363	0	0	400	0
2021-03-17 13:48:45:378	0	0	400	0
2021-03-17 13:48:46:362	0	0	400	0
2021-03-17 13:48:47:377	0	0	400	0
2021-03-17 13:48:49:362	0	0	400	0
2021-03-17 13:48:50:377	0	0	401	0
2021-03-17 13:48:51:379	0	0	401	0
2021-03-17 13:48:52:387	0	0	400	0
2021-03-17 13:48:54:386	0	0	400	0
2021-03-17 13:48:55:394	0	0	400	0
2021-03-17 13:48:56:384	0	0	400	0
2021-03-17 13:48:57:393	0	0	400	0
2021-03-17 13:48:59:390	0	0	400	0
2021-03-17 13:49:00:401	0	0	400	0
2021-03-17 13:49:01:382	0	0	400	0
2021-03-17 13:49:02:397	0	0	400	0
2021-03-17 13:49:04:397	0	0	400	0
2021-03-17 13:49:05:397	0	0	400	0
2021-03-17 13:49:06:397	0	0	400	0
2021-03-17 13:49:07:397	0	0	400	0
2021-03-17 13:49:09:396	0	0	400	0
2021-03-17 13:49:10:412	0	0	400	0
2021-03-17 13:49:11:396	0	0	400	0
2021-03-17 13:49:12:411	0	0	400	0
2021-03-17 13:49:13:411	0	0	400	0
2021-03-17 13:49:14:411	0	0	400	0
2021-03-17 13:49:15:411	0	0	400	0
2021-03-17 13:49:16:407	0	0	400	0
2021-03-17 13:49:17:407	0	0	400	0
2021-03-17 13:49:18:422	0	0	400	0
2021-03-17 13:49:19:407	0	0	400	0
2021-03-17 13:49:20:423	0	0	400	0
2021-03-17 13:49:21:407	0	0	400	0
2021-03-17 13:49:22:438	0	0	400	0
2021-03-17 13:49:23:422	0	0	400	0
2021-03-17 13:49:24:422	0	0	400	0
2021-03-17 13:49:25:422	0	0	400	0
2021-03-17 13:49:26:421	0	0	400	0
2021-03-17 13:49:27:422	0	0	400	0
2021-03-17 13:49:28:437	0	0	400	0
2021-03-17 13:49:29:421	0	0	400	0
2021-03-17 13:49:30:437	0	0	400	0
2021-03-17 13:49:31:421	0	0	400	0
2021-03-17 13:49:32:437	0	0	400	0
2021-03-17 13:49:34:437	0	0	401	0
2021-03-17 13:49:35:437	0	0	401	0
2021-03-17 13:49:36:437	0	0	400	0
2021-03-17 13:49:37:437	0	0	400	0
2021-03-17 13:49:39:437	0	0	400	0
2021-03-17 13:49:40:452	0	0	402	0
2021-03-17 13:49:41:436	0	0	402	0
2021-03-17 13:49:42:452	0	0	400	0
2021-03-17 13:49:44:443	0	0	400	0
2021-03-17 13:49:45:459	0	0	400	0
2021-03-17 13:49:46:444	0	0	400	0
2021-03-17 13:49:47:459	0	0	400	0
2021-03-17 13:49:49:459	0	0	400	0
2021-03-17 13:49:50:458	0	0	400	0
2021-03-17 13:49:51:462	0	0	400	0
2021-03-17 13:49:52:467	0	0	400	0
2021-03-17 13:49:54:469	0	0	400	0
2021-03-17 13:49:55:477	0	0	400	0
2021-03-17 13:49:56:465	0	0	400	0
2021-03-17 13:49:57:474	0	0	400	0
2021-03-17 13:49:59:475	0	0	400	0
2021-03-17 13:50:00:473	0	0	400	0
2021-03-17 13:50:01:475	0	0	400	0
2021-03-17 13:50:02:475	0	0	400	0
2021-03-17 13:50:04:475	0	0	400	0
2021-03-17 13:50:05:475	0	0	400	0
2021-03-17 13:50:06:474	0	0	400	0
2021-03-17 13:50:07:475	0	0	400	0
2021-03-17 13:50:08:490	0	0	400	0
2021-03-17 13:50:09:475	0	0	400	0
2021-03-17 13:50:10:490	0	0	401	0
2021-03-17 13:50:11:474	0	0	401	0
2021-03-17 13:50:12:490	0	0	400	0
2021-03-17 13:50:13:492	0	0	400	0
2021-03-17 13:50:14:491	0	0	400	0
2021-03-17 13:50:15:491	0	0	400	0
2021-03-17 13:50:17:503	0	0	401	0
2021-03-17 13:50:18:502	0	0	400	0
2021-03-17 13:50:19:502	0	0	400	0
2021-03-17 13:50:20:502	0	0	400	0
2021-03-17 13:50:22:502	0	0	400	0
2021-03-17 13:50:23:518	0	0	400	0
2021-03-17 13:50:24:502	0	0	399	0
2021-03-17 13:50:25:517	0	0	399	0
2021-03-17 13:50:26:518	0	0	400	0
2021-03-17 13:50:27:517	0	0	400	0
2021-03-17 13:50:28:518	0	0	400	0
2021-03-17 13:50:30:518	0	0	400	0
2021-03-17 13:50:31:518	0	0	400	0
2021-03-17 13:50:32:518	0	0	400	0
2021-03-17 13:50:33:517	0	0	400	0
2021-03-17 13:50:34:533	0	0	400	0
2021-03-17 13:50:35:518	0	0	400	0
2021-03-17 13:50:36:533	0	0	400	0
2021-03-17 13:50:37:518	0	0	400	0
2021-03-17 13:50:38:533	0	0	400	0
2021-03-17 13:50:39:533	0	0	400	0
2021-03-17 13:50:40:533	0	0	400	0
2021-03-17 13:50:41:533	0	0	400	0
2021-03-17 13:50:43:540	0	0	402	0
2021-03-17 13:50:44:540	0	0	400	0
2021-03-17 13:50:45:540	0	0	400	0
2021-03-17 13:50:46:540	0	0	400	0
2021-03-17 13:50:47:555	0	0	400	0
2021-03-17 13:50:48:540	0	0	400	0
2021-03-17 13:50:49:555	0	0	400	0
2021-03-17 13:50:51:560	0	0	400	0
2021-03-17 13:50:52:566	0	0	401	0
2021-03-17 13:50:53:560	0	0	401	0
2021-03-17 13:50:54:565	0	0	400	0
2021-03-17 13:50:56:568	0	0	400	0
2021-03-17 13:50:57:572	0	0	400	0
2021-03-17 13:50:58:567	0	0	400	0
2021-03-17 13:50:59:575	0	0	400	0
2021-03-17 13:51:00:572	0	0	400	0
2021-03-17 13:51:01:567	0	0	400	0
2021-03-17 13:51:02:568	0	0	400	0
2021-03-17 13:51:03:567	0	0	400	0
2021-03-17 13:51:04:566	0	0	400	0
2021-03-17 13:51:05:581	0	0	400	0
2021-03-17 13:51:06:581	0	0	400	0
2021-03-17 13:51:07:581	0	0	400	0
2021-03-17 13:51:09:581	0	0	399	0
2021-03-17 13:51:10:581	0	0	400	0
2021-03-17 13:51:11:580	0	0	400	0
2021-03-17 13:51:12:580	0	0	400	0
2021-03-17 13:51:13:587	0	0	400	0
2021-03-17 13:51:14:587	0	0	400	0
2021-03-17 13:51:15:602	0	0	400	0
2021-03-17 13:51:17:598	0	0	400	0
2021-03-17 13:51:18:598	0	0	400	0
2021-03-17 13:51:19:598	0	0	400	0
2021-03-17 13:51:20:598	0	0	400	0
2021-03-17 13:51:22:597	0	0	400	0
2021-03-17 13:51:23:613	0	0	400	0
2021-03-17 13:51:24:597	0	0	400	0
2021-03-17 13:51:25:614	0	0	400	0
2021-03-17 13:51:26:613	0	0	400	0
2021-03-17 13:51:27:613	0	0	400	0
2021-03-17 13:51:28:613	0	0	400	0
2021-03-17 13:51:30:613	0	0	400	0
2021-03-17 13:51:31:628	0	0	400	0
2021-03-17 13:51:32:612	0	0	400	0
2021-03-17 13:51:33:628	0	0	400	0
2021-03-17 13:51:35:627	0	0	400	0
2021-03-17 13:51:36:627	0	0	400	0
2021-03-17 13:51:37:627	0	0	400	0
2021-03-17 13:51:38:627	0	0	400	0
2021-03-17 13:51:39:642	0	0	400	0
2021-03-17 13:51:40:626	0	0	400	0
2021-03-17 13:51:41:642	0	0	400	0
2021-03-17 13:51:42:626	0	0	400	0
2021-03-17 13:51:43:635	0	0	400	0
2021-03-17 13:51:44:635	0	0	400	0
2021-03-17 13:51:45:634	0	0	400	0
2021-03-17 13:51:46:649	0	0	400	0
2021-03-17 13:51:47:634	0	0	400	0
2021-03-17 13:51:48:649	0	0	400	0
2021-03-17 13:51:49:649	0	0	400	0
2021-03-17 13:51:50:649	0	0	400	0
2021-03-17 13:51:51:659	0	0	400	0
2021-03-17 13:51:53:656	0	0	400	0
2021-03-17 13:51:54:664	0	0	400	0
2021-03-17 13:51:55:657	0	0	400	0
2021-03-17 13:51:56:663	0	0	400	0
2021-03-17 13:51:57:671	0	0	400	0
2021-03-17 13:51:58:665	0	0	400	0
2021-03-17 13:51:59:674	0	0	400	0
2021-03-17 13:52:00:651	0	0	400	0
2021-03-17 13:52:01:662	0	0	400	0
2021-03-17 13:52:02:677	0	0	401	0
2021-03-17 13:52:03:661	0	0	401	0
2021-03-17 13:52:04:677	0	0	400	0
2021-03-17 13:52:05:661	0	0	400	0
2021-03-17 13:52:06:676	0	0	400	0
2021-03-17 13:52:07:677	0	0	400	0
2021-03-17 13:52:08:676	0	0	400	0
2021-03-17 13:52:09:676	0	0	400	0
2021-03-17 13:52:11:676	0	0	400	0
2021-03-17 13:52:12:691	0	0	400	0
2021-03-17 13:52:13:682	0	0	400	0
2021-03-17 13:52:14:682	0	0	400	0
2021-03-17 13:52:16:693	0	0	400	0
2021-03-17 13:52:17:693	0	0	400	0
2021-03-17 13:52:18:677	0	0	400	0
2021-03-17 13:52:19:693	0	0	400	0
2021-03-17 13:52:20:708	0	0	400	0
2021-03-17 13:52:21:692	0	0	400	0
2021-03-17 13:52:22:707	0	0	400	0
2021-03-17 13:52:23:692	0	0	400	0
2021-03-17 13:52:24:707	0	0	400	0
2021-03-17 13:52:25:708	0	0	400	0
2021-03-17 13:52:26:707	0	0	400	0
2021-03-17 13:52:27:708	0	0	400	0
2021-03-17 13:52:29:708	0	0	400	0
2021-03-17 13:52:30:707	0	0	400	0
2021-03-17 13:52:31:708	0	0	400	0
2021-03-17 13:52:32:708	0	0	401	0
2021-03-17 13:52:34:708	0	0	400	0
2021-03-17 13:52:35:723	0	0	400	0
2021-03-17 13:52:36:708	0	0	400	0
2021-03-17 13:52:37:723	0	0	400	0
2021-03-17 13:52:39:723	0	0	400	0
2021-03-17 13:52:40:723	0	0	400	0
2021-03-17 13:52:41:723	0	0	400	0
2021-03-17 13:52:42:723	0	0	400	0
2021-03-17 13:52:43:730	0	0	400	0
2021-03-17 13:52:44:730	0	0	400	0
2021-03-17 13:52:45:730	0	0	400	0
2021-03-17 13:52:46:730	0	0	400	0
2021-03-17 13:52:47:730	0	0	400	0
2021-03-17 13:52:48:745	0	0	400	0
2021-03-17 13:52:49:730	0	0	400	0
2021-03-17 13:52:50:746	0	0	400	0
2021-03-17 13:52:51:742	0	0	400	0
2021-03-17 13:52:52:748	0	0	400	0
2021-03-17 13:52:53:754	0	0	400	0
2021-03-17 13:52:54:745	0	0	400	0
2021-03-17 13:52:55:754	0	0	400	0
2021-03-17 13:52:57:755	0	0	400	0
2021-03-17 13:52:58:761	0	0	400	0
2021-03-17 13:52:59:757	0	0	400	0
2021-03-17 13:53:00:760	0	0	400	0
2021-03-17 13:53:02:760	0	0	400	0
2021-03-17 13:53:03:760	0	0	400	0
2021-03-17 13:53:04:759	0	0	400	0
2021-03-17 13:53:05:759	0	0	400	0
2021-03-17 13:53:06:775	0	0	400	0
2021-03-17 13:53:07:759	0	0	400	0
2021-03-17 13:53:08:774	0	0	400	0
2021-03-17 13:53:09:759	0	0	400	0
2021-03-17 13:53:10:774	0	0	400	0
2021-03-17 13:53:11:774	0	0	400	0
2021-03-17 13:53:12:773	0	0	400	0
2021-03-17 13:53:13:777	0	0	400	0
2021-03-17 13:53:15:777	0	0	400	0
2021-03-17 13:53:16:788	0	0	400	0
2021-03-17 13:53:17:773	0	0	400	0
2021-03-17 13:53:18:789	0	0	400	0
2021-03-17 13:53:20:788	0	0	400	0
2021-03-17 13:53:21:788	0	0	400	0
2021-03-17 13:53:22:788	0	0	400	0
2021-03-17 13:53:23:788	0	0	400	0
2021-03-17 13:53:24:803	0	0	400	0
2021-03-17 13:53:25:787	0	0	400	0
2021-03-17 13:53:26:802	0	0	400	0
2021-03-17 13:53:27:787	0	0	400	0
2021-03-17 13:53:28:802	0	0	400	0
2021-03-17 13:53:29:803	0	0	400	0
2021-03-17 13:53:30:802	0	0	400	0
2021-03-17 13:53:31:802	0	0	400	0
2021-03-17 13:53:33:801	0	0	400	0
2021-03-17 13:53:34:817	0	0	400	0
2021-03-17 13:53:35:801	0	0	400	0
2021-03-17 13:53:36:817	0	0	400	0
2021-03-17 13:53:38:816	0	0	400	0
2021-03-17 13:53:39:816	0	0	400	0
2021-03-17 13:53:40:816	0	0	400	0
2021-03-17 13:53:41:815	0	0	400	0
2021-03-17 13:53:43:824	0	0	400	0
2021-03-17 13:53:44:824	0	0	400	0
2021-03-17 13:53:45:824	0	0	400	0
2021-03-17 13:53:46:824	0	0	400	0
2021-03-17 13:53:47:824	0	0	400	0
2021-03-17 13:53:48:824	0	0	400	0
2021-03-17 13:53:49:824	0	0	400	0
2021-03-17 13:53:50:824	0	0	400	0
2021-03-17 13:53:51:839	0	0	400	0
2021-03-17 13:53:52:832	0	0	400	0
2021-03-17 13:53:53:840	0	0	400	0
2021-03-17 13:53:54:848	0	0	400	0
2021-03-17 13:53:55:840	0	0	400	0
2021-03-17 13:53:56:847	0	0	400	0
2021-03-17 13:53:57:839	0	0	400	0
2021-03-17 13:53:58:845	0	0	401	0
2021-03-17 13:54:00:829	0	0	400	0
2021-03-17 13:54:01:845	0	0	400	0
2021-03-17 13:54:02:844	0	0	400	0
2021-03-17 13:54:03:844	0	0	400	0
2021-03-17 13:54:05:844	0	0	400	0
2021-03-17 13:54:06:844	0	0	400	0
2021-03-17 13:54:07:844	0	0	400	0
2021-03-17 13:54:08:859	0	0	400	0
2021-03-17 13:54:09:859	0	0	400	0
2021-03-17 13:54:10:859	0	0	400	0
2021-03-17 13:54:11:859	0	0	400	0
2021-03-17 13:54:12:843	0	0	400	0
2021-03-17 13:54:13:856	0	0	400	0
2021-03-17 13:54:14:872	0	0	400	0
2021-03-17 13:54:15:856	0	0	400	0
2021-03-17 13:54:16:868	0	0	400	0
2021-03-17 13:54:17:867	0	0	400	0
2021-03-17 13:54:18:869	0	0	400	0
2021-03-17 13:54:19:880	0	0	400	0
2021-03-17 13:54:20:864	0	0	400	0
2021-03-17 13:54:21:864	0	0	400	0
2021-03-17 13:54:23:879	0	0	400	0
2021-03-17 13:54:24:880	0	0	400	0
2021-03-17 13:54:25:864	0	0	400	0
2021-03-17 13:54:26:880	0	0	400	0
2021-03-17 13:54:28:879	0	0	400	0
2021-03-17 13:54:29:895	0	0	400	0
2021-03-17 13:54:30:879	0	0	401	0
2021-03-17 13:54:31:894	0	0	401	0
2021-03-17 13:54:32:895	0	0	400	0
2021-03-17 13:54:33:894	0	0	400	0
2021-03-17 13:54:34:894	0	0	400	0
2021-03-17 13:54:35:894	0	0	400	0
2021-03-17 13:54:36:893	0	0	400	0
2021-03-17 13:54:37:909	0	0	400	0
2021-03-17 13:54:38:893	0	0	400	0
2021-03-17 13:54:39:908	0	0	400	0
2021-03-17 13:54:41:893	0	0	400	0
2021-03-17 13:54:43:080	0	0	400	0
2021-03-17 13:54:43:904	0	0	400	0
2021-03-17 13:54:44:904	0	0	400	0
2021-03-17 13:54:45:920	0	0	400	0
2021-03-17 13:54:46:904	0	0	400	0
2021-03-17 13:54:47:919	0	0	400	0
2021-03-17 13:54:48:903	0	0	400	0
2021-03-17 13:54:49:919	0	0	400	0
2021-03-17 13:54:50:919	0	0	400	0
2021-03-17 13:54:51:921	0	0	400	0
2021-03-17 13:54:52:929	0	0	400	0
2021-03-17 13:54:54:930	0	0	400	0
2021-03-17 13:54:55:937	0	0	400	0
2021-03-17 13:54:56:928	0	0	400	0
2021-03-17 13:54:57:936	0	0	400	0
2021-03-17 13:54:59:937	0	0	400	0
2021-03-17 13:55:00:940	0	0	400	0
2021-03-17 13:55:01:925	0	0	400	0
2021-03-17 13:55:02:940	0	0	400	0
2021-03-17 13:55:03:940	0	0	400	0
2021-03-17 13:55:04:940	0	0	400	0
2021-03-17 13:55:05:939	0	0	400	0
2021-03-17 13:55:06:939	0	0	400	0
2021-03-17 13:55:07:939	0	0	400	0
2021-03-17 13:55:08:954	0	0	400	0
2021-03-17 13:55:09:938	0	0	400	0
2021-03-17 13:55:10:954	0	0	400	0
2021-03-17 13:55:12:954	0	0	400	0
2021-03-17 13:55:13:951	0	0	400	0
2021-03-17 13:55:14:951	0	0	400	0
2021-03-17 13:55:15:966	0	0	400	0
2021-03-17 13:55:17:961	0	0	400	0
2021-03-17 13:55:18:961	0	0	400	0
2021-03-17 13:55:19:961	0	0	400	0
2021-03-17 13:55:20:960	0	0	400	0
2021-03-17 13:55:21:976	0	0	400	0
2021-03-17 13:55:22:960	0	0	400	0
2021-03-17 13:55:23:975	0	0	400	0
2021-03-17 13:55:24:960	0	0	400	0
2021-03-17 13:55:25:975	0	0	400	0
2021-03-17 13:55:26:975	0	0	400	0
2021-03-17 13:55:27:975	0	0	400	0
2021-03-17 13:55:28:975	0	0	400	0
2021-03-17 13:55:30:974	0	0	400	0
2021-03-17 13:55:31:990	0	0	400	0
2021-03-17 13:55:32:974	0	0	400	0
2021-03-17 13:55:33:990	0	0	400	0
2021-03-17 13:55:34:990	0	0	400	0
2021-03-17 13:55:35:985	0	0	400	0
2021-03-17 13:55:36:985	0	0	400	0
2021-03-17 13:55:37:985	0	0	400	0
2021-03-17 13:55:38:985	0	0	400	0
2021-03-17 13:55:40:001	0	0	400	0
2021-03-17 13:55:41:000	0	0	400	0
2021-03-17 13:55:42:001	0	0	400	0
2021-03-17 13:55:43:000	0	0	400	0
2021-03-17 13:55:43:998	0	0	400	0
2021-03-17 13:55:45:013	0	0	400	0
2021-03-17 13:55:45:998	0	0	400	0
2021-03-17 13:55:47:013	0	0	400	0
2021-03-17 13:55:49:012	0	0	400	0
2021-03-17 13:55:50:013	0	0	400	0
2021-03-17 13:55:51:012	0	0	400	0
2021-03-17 13:55:52:018	0	0	400	0
2021-03-17 13:55:54:018	0	0	400	0
2021-03-17 13:55:55:029	0	0	400	0
2021-03-17 13:55:56:021	0	0	400	0
2021-03-17 13:55:57:028	0	0	400	0
2021-03-17 13:55:59:028	0	0	400	0
2021-03-17 13:56:00:034	0	0	400	0
2021-03-17 13:56:01:015	0	0	400	0
2021-03-17 13:56:02:031	0	0	400	0
2021-03-17 13:56:04:031	0	0	400	0
2021-03-17 13:56:05:031	0	0	400	0
2021-03-17 13:56:06:031	0	0	400	0
2021-03-17 13:56:07:030	0	0	400	0
2021-03-17 13:56:09:030	0	0	400	0
2021-03-17 13:56:10:046	0	0	400	0
2021-03-17 13:56:11:030	0	0	400	0
2021-03-17 13:56:12:045	0	0	400	0
2021-03-17 13:56:14:046	0	0	400	0
2021-03-17 13:56:15:046	0	0	400	0
2021-03-17 13:56:16:045	0	0	400	0
2021-03-17 13:56:17:047	0	0	400	0
2021-03-17 13:56:19:047	0	0	400	0
2021-03-17 13:56:20:047	0	0	400	0
2021-03-17 13:56:21:047	0	0	400	0
2021-03-17 13:56:22:063	0	0	400	0
2021-03-17 13:56:24:062	0	0	400	0
2021-03-17 13:56:25:063	0	0	400	0
2021-03-17 13:56:26:047	0	0	400	0
2021-03-17 13:56:27:062	0	0	400	0
2021-03-17 13:56:29:063	0	0	400	0
2021-03-17 13:56:30:063	0	0	400	0
2021-03-17 13:56:31:062	0	0	400	0
2021-03-17 13:56:32:063	0	0	400	0
2021-03-17 13:56:34:062	0	0	400	0
2021-03-17 13:56:35:077	0	0	400	0
2021-03-17 13:56:36:062	0	0	400	0
2021-03-17 13:56:37:077	0	0	400	0
2021-03-17 13:56:39:077	0	0	400	0
2021-03-17 13:56:40:076	0	0	400	0
2021-03-17 13:56:41:076	0	0	400	0
2021-03-17 13:56:42:076	0	0	400	0
2021-03-17 13:56:44:077	0	0	400	0
2021-03-17 13:56:45:093	0	0	400	0
2021-03-17 13:56:46:077	0	0	400	0
2021-03-17 13:56:47:092	0	0	400	0
2021-03-17 13:56:49:093	0	0	400	0
2021-03-17 13:56:50:093	0	0	400	0
2021-03-17 13:56:51:093	0	0	400	0
2021-03-17 13:56:52:105	0	0	400	0
2021-03-17 13:56:54:104	0	0	400	0
2021-03-17 13:56:55:111	0	0	400	0
2021-03-17 13:56:56:101	0	0	400	0
2021-03-17 13:56:57:110	0	0	400	0
2021-03-17 13:56:59:111	0	0	400	0
2021-03-17 13:57:00:120	0	0	400	0
2021-03-17 13:57:01:097	0	0	401	0
2021-03-17 13:57:02:112	0	0	401	0
2021-03-17 13:57:04:112	0	0	400	0
2021-03-17 13:57:05:112	0	0	400	0
2021-03-17 13:57:06:111	0	0	400	0
2021-03-17 13:57:07:111	0	0	400	0
2021-03-17 13:57:09:111	0	0	400	0
2021-03-17 13:57:10:126	0	0	400	0
2021-03-17 13:57:11:110	0	0	400	0
2021-03-17 13:57:12:126	0	0	400	0
2021-03-17 13:57:14:125	0	0	400	0
2021-03-17 13:57:15:125	0	0	400	0
2021-03-17 13:57:16:124	0	0	400	0
2021-03-17 13:57:17:136	0	0	400	0
2021-03-17 13:57:19:136	0	0	400	0
2021-03-17 13:57:20:137	0	0	400	0
2021-03-17 13:57:21:136	0	0	398	0
2021-03-17 13:57:22:137	0	0	398	0
2021-03-17 13:57:24:136	0	0	400	0
2021-03-17 13:57:25:136	0	0	400	0
2021-03-17 13:57:26:136	0	0	400	0
2021-03-17 13:57:27:135	0	0	400	0
2021-03-17 13:57:29:150	0	0	400	0
2021-03-17 13:57:30:150	0	0	400	0
2021-03-17 13:57:31:150	0	0	400	0
2021-03-17 13:57:32:150	0	0	400	0
2021-03-17 13:57:34:149	0	0	400	0
2021-03-17 13:57:35:149	0	0	400	0
2021-03-17 13:57:36:149	0	0	400	0
2021-03-17 13:57:37:164	0	0	400	0
2021-03-17 13:57:39:165	0	0	400	0
2021-03-17 13:57:40:165	0	0	400	0
2021-03-17 13:57:41:165	0	0	400	0
2021-03-17 13:57:42:165	0	0	400	0
2021-03-17 13:57:43:164	0	0	400	0
2021-03-17 13:57:44:157	0	0	400	0
2021-03-17 13:57:45:172	0	0	400	0
2021-03-17 13:57:46:172	0	0	400	0
2021-03-17 13:57:47:172	0	0	400	0
2021-03-17 13:57:48:171	0	0	400	0
2021-03-17 13:57:49:171	0	0	400	0
2021-03-17 13:57:50:172	0	0	400	0
2021-03-17 13:57:51:180	0	0	400	0
2021-03-17 13:57:52:185	0	0	400	0
2021-03-17 13:57:54:185	0	0	400	0
2021-03-17 13:57:55:195	0	0	400	0
2021-03-17 13:57:56:184	0	0	400	0
2021-03-17 13:57:57:194	0	0	400	0
2021-03-17 13:57:59:194	0	0	400	0
2021-03-17 13:58:00:203	0	0	400	0
2021-03-17 13:58:01:180	0	0	400	0
2021-03-17 13:58:02:195	0	0	400	0
2021-03-17 13:58:03:195	0	0	400	0
2021-03-17 13:58:04:195	0	0	400	0
2021-03-17 13:58:05:195	0	0	400	0
2021-03-17 13:58:06:195	0	0	400	0
2021-03-17 13:58:07:195	0	0	400	0
2021-03-17 13:58:08:210	0	0	400	0
2021-03-17 13:58:09:194	0	0	400	0
2021-03-17 13:58:10:210	0	0	400	0
2021-03-17 13:58:12:210	0	0	400	0
2021-03-17 13:58:13:210	0	0	400	0
2021-03-17 13:58:14:204	0	0	400	0
2021-03-17 13:58:15:219	0	0	400	0
2021-03-17 13:58:16:231	0	0	400	0
2021-03-17 13:58:17:215	0	0	400	0
2021-03-17 13:58:18:230	0	0	400	0
2021-03-17 13:58:19:215	0	0	400	0
2021-03-17 13:58:20:215	0	0	400	0
2021-03-17 13:58:21:230	0	0	400	0
2021-03-17 13:58:22:215	0	0	400	0
2021-03-17 13:58:23:230	0	0	400	0
2021-03-17 13:58:24:215	0	0	400	0
2021-03-17 13:58:25:230	0	0	400	0
2021-03-17 13:58:26:230	0	0	400	0
2021-03-17 13:58:27:230	0	0	400	0
2021-03-17 13:58:28:230	0	0	400	0
2021-03-17 13:58:29:231	0	0	400	0
2021-03-17 13:58:30:230	0	0	400	0
2021-03-17 13:58:31:245	0	0	400	0
2021-03-17 13:58:32:230	0	0	400	0
2021-03-17 13:58:33:245	0	0	400	0
2021-03-17 13:58:35:246	0	0	400	0
2021-03-17 13:58:36:245	0	0	400	0
2021-03-17 13:58:37:245	0	0	400	0
2021-03-17 13:58:38:246	0	0	400	0
2021-03-17 13:58:40:246	0	0	400	0
2021-03-17 13:58:41:261	0	0	400	0
2021-03-17 13:58:42:246	0	0	400	0
2021-03-17 13:58:43:261	0	0	400	0
2021-03-17 13:58:45:252	0	0	400	0
2021-03-17 13:58:46:267	0	0	400	0
2021-03-17 13:58:47:251	0	0	400	0
2021-03-17 13:58:48:267	0	0	400	0
2021-03-17 13:58:50:267	0	0	400	0
2021-03-17 13:58:51:274	0	0	400	0
2021-03-17 13:58:52:268	0	0	400	0
2021-03-17 13:58:53:278	0	0	400	0
2021-03-17 13:58:55:273	0	0	400	0
2021-03-17 13:58:56:288	0	0	400	0
2021-03-17 13:58:57:273	0	0	400	0
2021-03-17 13:58:58:284	0	0	400	0
2021-03-17 13:59:00:281	0	0	400	0
2021-03-17 13:59:01:284	0	0	400	0
2021-03-17 13:59:02:268	0	0	400	0
2021-03-17 13:59:03:283	0	0	400	0
2021-03-17 13:59:05:283	0	0	400	0
2021-03-17 13:59:06:282	0	0	400	0
2021-03-17 13:59:07:954	0	0	400	0
2021-03-17 13:59:08:297	0	0	400	0
2021-03-17 13:59:09:297	0	0	400	0
2021-03-17 13:59:10:297	0	0	400	0
2021-03-17 13:59:11:297	0	0	400	0
2021-03-17 13:59:12:296	0	0	400	0
2021-03-17 13:59:13:296	0	0	400	0
2021-03-17 13:59:14:298	0	0	400	0
2021-03-17 13:59:15:298	0	0	400	0
2021-03-17 13:59:16:309	0	0	400	0
2021-03-17 13:59:17:294	0	0	400	0
2021-03-17 13:59:18:747	0	0	400	0
2021-03-17 13:59:19:309	0	0	399	0
2021-03-17 13:59:20:309	0	0	399	0
2021-03-17 13:59:21:309	0	0	400	0
2021-03-17 13:59:23:309	0	0	400	0
2021-03-17 13:59:24:325	0	0	400	0
2021-03-17 13:59:25:309	0	0	399	0
2021-03-17 13:59:26:324	0	0	399	0
2021-03-17 13:59:28:324	0	0	400	0
2021-03-17 13:59:29:324	0	0	400	0
2021-03-17 13:59:30:324	0	0	400	0
2021-03-17 13:59:31:324	0	0	400	0
2021-03-17 13:59:32:339	0	0	400	0
2021-03-17 13:59:33:323	0	0	400	0
2021-03-17 13:59:34:323	0	0	400	0
2021-03-17 13:59:35:323	0	0	400	0
2021-03-17 13:59:36:338	0	0	400	0
2021-03-17 13:59:37:339	0	0	400	0
2021-03-17 13:59:38:323	0	0	400	0
2021-03-17 13:59:39:338	0	0	400	0
2021-03-17 13:59:40:338	0	0	400	0
2021-03-17 13:59:41:338	0	0	400	0
2021-03-17 13:59:42:354	0	0	400	0
2021-03-17 13:59:43:338	0	0	400	0
2021-03-17 13:59:44:345	0	0	400	0
2021-03-17 13:59:46:345	0	0	400	0
2021-03-17 13:59:47:360	0	0	400	0
2021-03-17 13:59:48:344	0	0	400	0
2021-03-17 13:59:49:360	0	0	400	0
2021-03-17 13:59:51:360	0	0	400	0
2021-03-17 13:59:52:368	0	0	400	0
2021-03-17 13:59:53:357	0	0	400	0
2021-03-17 13:59:54:368	0	0	400	0
2021-03-17 13:59:55:376	0	0	400	0
2021-03-17 13:59:56:365	0	0	400	0
2021-03-17 13:59:57:373	0	0	400	0
2021-03-17 13:59:58:366	0	0	400	0
2021-03-17 13:59:59:376	0	0	400	0
2021-03-17 14:00:00:379	0	0	400	0
2021-03-17 14:00:01:362	0	0	400	0
2021-03-17 14:00:02:378	0	0	400	0
2021-03-17 14:00:03:362	0	0	400	0
2021-03-17 14:00:04:377	0	0	400	0
2021-03-17 14:00:05:377	0	0	400	0
2021-03-17 14:00:06:377	0	0	400	0
2021-03-17 14:00:07:377	0	0	400	0
2021-03-17 14:00:09:376	0	0	400	0
2021-03-17 14:00:10:392	0	0	400	0
2021-03-17 14:00:11:376	0	0	400	0
2021-03-17 14:00:12:391	0	0	400	0
2021-03-17 14:00:14:392	0	0	400	0
2021-03-17 14:00:15:393	0	0	400	0
2021-03-17 14:00:16:389	0	0	400	0
2021-03-17 14:00:17:389	0	0	400	0
2021-03-17 14:00:18:405	0	0	400	0
2021-03-17 14:00:19:389	0	0	400	0
2021-03-17 14:00:20:404	0	0	400	0
2021-03-17 14:00:21:388	0	0	400	0
2021-03-17 14:00:22:404	0	0	400	0
2021-03-17 14:00:23:403	0	0	400	0
2021-03-17 14:00:24:404	0	0	400	0
2021-03-17 14:00:25:403	0	0	401	0
2021-03-17 14:00:26:403	0	0	401	0
2021-03-17 14:00:27:402	0	0	400	0
2021-03-17 14:00:28:418	0	0	400	0
2021-03-17 14:00:29:402	0	0	400	0
2021-03-17 14:00:30:418	0	0	400	0
2021-03-17 14:00:31:402	0	0	400	0
2021-03-17 14:00:32:418	0	0	400	0
2021-03-17 14:00:33:418	0	0	400	0
2021-03-17 14:00:34:418	0	0	400	0
2021-03-17 14:00:35:418	0	0	400	0
2021-03-17 14:00:37:418	0	0	400	0
2021-03-17 14:00:38:433	0	0	400	0
2021-03-17 14:00:39:417	0	0	400	0
2021-03-17 14:00:40:433	0	0	400	0
2021-03-17 14:00:42:433	0	0	400	0
2021-03-17 14:00:43:433	0	0	400	0
2021-03-17 14:00:44:424	0	0	400	0
2021-03-17 14:00:45:440	0	0	400	0
2021-03-17 14:00:47:439	0	0	400	0
2021-03-17 14:00:48:439	0	0	400	0
2021-03-17 14:00:49:439	0	0	400	0
2021-03-17 14:00:50:439	0	0	400	0
2021-03-17 14:00:52:447	0	0	400	0
2021-03-17 14:00:53:458	0	0	400	0
2021-03-17 14:00:54:451	0	0	400	0
2021-03-17 14:00:55:457	0	0	399	0
2021-03-17 14:00:56:464	0	0	399	0
2021-03-17 14:00:57:460	0	0	400	0
2021-03-17 14:00:58:464	0	0	400	0
2021-03-17 14:00:59:458	0	0	400	0
2021-03-17 14:01:00:465	0	0	400	0
2021-03-17 14:01:01:464	0	0	400	0
2021-03-17 14:01:02:463	0	0	400	0
2021-03-17 14:01:03:463	0	0	400	0
2021-03-17 14:01:05:462	0	0	400	0
2021-03-17 14:01:06:477	0	0	400	0
2021-03-17 14:01:07:462	0	0	400	0
2021-03-17 14:01:08:477	0	0	400	0
2021-03-17 14:01:10:477	0	0	400	0
2021-03-17 14:01:11:477	0	0	400	0
2021-03-17 14:01:12:477	0	0	400	0
2021-03-17 14:01:13:471	0	0	400	0
2021-03-17 14:01:14:487	0	0	400	0
2021-03-17 14:01:15:487	0	0	400	0
2021-03-17 14:01:16:484	0	0	400	0
2021-03-17 14:01:17:483	0	0	400	0
2021-03-17 14:01:18:483	0	0	400	0
2021-03-17 14:01:19:499	0	0	400	0
2021-03-17 14:01:20:483	0	0	400	0
2021-03-17 14:01:21:498	0	0	400	0
2021-03-17 14:01:22:483	0	0	400	0
2021-03-17 14:01:23:498	0	0	400	0
2021-03-17 14:01:24:498	0	0	400	0
2021-03-17 14:01:25:483	0	0	400	0
2021-03-17 14:01:26:498	0	0	400	0
2021-03-17 14:01:28:498	0	0	398	0
2021-03-17 14:01:29:513	0	0	400	0
2021-03-17 14:01:30:497	0	0	400	0
2021-03-17 14:01:31:513	0	0	400	0
2021-03-17 14:01:33:512	0	0	400	0
2021-03-17 14:01:34:512	0	0	400	0
2021-03-17 14:01:35:512	0	0	400	0
2021-03-17 14:01:36:512	0	0	400	0
2021-03-17 14:01:37:527	0	0	400	0
2021-03-17 14:01:38:511	0	0	400	0
2021-03-17 14:01:39:512	0	0	400	0
2021-03-17 14:01:40:511	0	0	400	0
2021-03-17 14:01:41:512	0	0	400	0
2021-03-17 14:01:42:527	0	0	400	0
2021-03-17 14:01:43:520	0	0	400	0
2021-03-17 14:01:44:535	0	0	400	0
2021-03-17 14:01:46:534	0	0	400	0
2021-03-17 14:01:47:535	0	0	400	0
2021-03-17 14:01:48:534	0	0	400	0
2021-03-17 14:01:49:535	0	0	400	0
2021-03-17 14:01:51:543	0	0	400	0
2021-03-17 14:01:52:548	0	0	400	0
2021-03-17 14:01:53:542	0	0	400	0
2021-03-17 14:01:54:550	0	0	400	0
2021-03-17 14:01:55:556	0	0	400	0
2021-03-17 14:01:56:549	0	0	400	0
2021-03-17 14:01:57:558	0	0	400	0
2021-03-17 14:01:58:548	0	0	400	0
2021-03-17 14:01:59:556	0	0	400	0
2021-03-17 14:02:00:564	0	0	400	0
2021-03-17 14:02:01:555	0	0	400	0
2021-03-17 14:02:02:555	0	0	400	0
2021-03-17 14:02:04:555	0	0	400	0
2021-03-17 14:02:05:555	0	0	400	0
2021-03-17 14:02:06:555	0	0	400	0
2021-03-17 14:02:07:570	0	0	400	0
2021-03-17 14:02:09:570	0	0	400	0
2021-03-17 14:02:10:570	0	0	400	0
2021-03-17 14:02:11:570	0	0	400	0
2021-03-17 14:02:12:570	0	0	400	0
2021-03-17 14:02:14:567	0	0	400	0
2021-03-17 14:02:15:582	0	0	400	0
2021-03-17 14:02:16:563	0	0	400	0
2021-03-17 14:02:17:578	0	0	400	0
2021-03-17 14:02:18:579	0	0	400	0
2021-03-17 14:02:19:579	0	0	400	0
2021-03-17 14:02:20:578	0	0	400	0
2021-03-17 14:02:21:578	0	0	400	0
2021-03-17 14:02:22:577	0	0	400	0
2021-03-17 14:02:23:593	0	0	400	0
2021-03-17 14:02:24:577	0	0	400	0
2021-03-17 14:02:25:593	0	0	400	0
2021-03-17 14:02:26:577	0	0	400	0
2021-03-17 14:02:27:592	0	0	400	0
2021-03-17 14:02:28:592	0	0	400	0
2021-03-17 14:02:29:592	0	0	400	0
2021-03-17 14:02:30:592	0	0	400	0
2021-03-17 14:02:32:592	0	0	400	0
2021-03-17 14:02:33:608	0	0	400	0
2021-03-17 14:02:34:592	0	0	400	0
2021-03-17 14:02:35:607	0	0	400	0
2021-03-17 14:02:37:607	0	0	400	0
2021-03-17 14:02:38:607	0	0	400	0
2021-03-17 14:02:39:606	0	0	400	0
2021-03-17 14:02:40:606	0	0	400	0
2021-03-17 14:02:42:606	0	0	400	0
2021-03-17 14:02:43:615	0	0	400	0
2021-03-17 14:02:44:615	0	0	400	0
2021-03-17 14:02:45:615	0	0	400	0
2021-03-17 14:02:47:614	0	0	400	0
2021-03-17 14:02:48:630	0	0	400	0
2021-03-17 14:02:49:614	0	0	400	0
2021-03-17 14:02:50:629	0	0	400	0
2021-03-17 14:02:52:629	0	0	400	0
2021-03-17 14:02:53:637	0	0	400	0
2021-03-17 14:02:54:632	0	0	400	0
2021-03-17 14:02:55:640	0	0	400	0
2021-03-17 14:02:56:644	0	0	400	0
2021-03-17 14:02:57:639	0	0	400	0
2021-03-17 14:02:58:648	0	0	400	0
2021-03-17 14:02:59:637	0	0	400	0
2021-03-17 14:03:00:646	0	0	400	0
2021-03-17 14:03:01:651	0	0	400	0
2021-03-17 14:03:02:635	0	0	400	0
2021-03-17 14:03:03:650	0	0	400	0
2021-03-17 14:03:05:650	0	0	400	0
2021-03-17 14:03:06:650	0	0	400	0
2021-03-17 14:03:07:650	0	0	400	0
2021-03-17 14:03:08:650	0	0	400	0
2021-03-17 14:03:10:649	0	0	400	0
2021-03-17 14:03:11:665	0	0	400	0
2021-03-17 14:03:12:649	0	0	400	0
2021-03-17 14:03:13:663	0	0	400	0
2021-03-17 14:03:14:663	0	0	400	0
2021-03-17 14:03:15:663	0	0	400	0
2021-03-17 14:03:16:675	0	0	400	0
2021-03-17 14:03:18:674	0	0	400	0
2021-03-17 14:03:19:675	0	0	401	0
2021-03-17 14:03:20:659	0	0	401	0
2021-03-17 14:03:21:674	0	0	400	0
2021-03-17 14:03:23:674	0	0	400	0
2021-03-17 14:03:24:674	0	0	400	0
2021-03-17 14:03:25:674	0	0	400	0
2021-03-17 14:03:26:689	0	0	400	0
2021-03-17 14:03:27:689	0	0	400	0
2021-03-17 14:03:28:688	0	0	400	0
2021-03-17 14:03:29:688	0	0	400	0
2021-03-17 14:03:30:688	0	0	400	0
2021-03-17 14:03:31:688	0	0	400	0
2021-03-17 14:03:32:688	0	0	400	0
2021-03-17 14:03:33:688	0	0	401	0
2021-03-17 14:03:34:688	0	0	401	0
2021-03-17 14:03:36:703	0	0	400	0
2021-03-17 14:03:37:703	0	0	400	0
2021-03-17 14:03:38:703	0	0	400	0
2021-03-17 14:03:39:703	0	0	399	0
2021-03-17 14:03:41:703	0	0	400	0
2021-03-17 14:03:42:718	0	0	400	0
2021-03-17 14:03:43:695	0	0	399	0
2021-03-17 14:03:44:710	0	0	399	0
2021-03-17 14:03:45:710	0	0	400	0
2021-03-17 14:03:46:710	0	0	400	0
2021-03-17 14:03:47:710	0	0	400	0
2021-03-17 14:03:48:710	0	0	400	0
2021-03-17 14:03:49:709	0	0	400	0
2021-03-17 14:03:50:725	0	0	400	0
2021-03-17 14:03:51:723	0	0	400	0
2021-03-17 14:03:52:732	0	0	400	0
2021-03-17 14:03:54:728	0	0	400	0
2021-03-17 14:03:55:739	0	0	400	0
2021-03-17 14:03:56:731	0	0	400	0
2021-03-17 14:03:57:740	0	0	400	0
2021-03-17 14:03:59:737	0	0	400	0
2021-03-17 14:04:00:746	0	0	400	0
2021-03-17 14:04:01:732	0	0	400	0
2021-03-17 14:04:02:732	0	0	400	0
2021-03-17 14:04:04:732	0	0	400	0
2021-03-17 14:04:05:747	0	0	400	0
2021-03-17 14:04:06:731	0	0	400	0
2021-03-17 14:04:07:747	0	0	400	0
2021-03-17 14:04:08:747	0	0	400	0
2021-03-17 14:04:09:746	0	0	400	0
2021-03-17 14:04:10:746	0	0	400	0
2021-03-17 14:04:11:746	0	0	400	0
2021-03-17 14:04:12:746	0	0	400	0
2021-03-17 14:04:13:758	0	0	400	0
2021-03-17 14:04:14:757	0	0	400	0
2021-03-17 14:04:15:757	0	0	400	0
2021-03-17 14:04:16:753	0	0	400	0
2021-03-17 14:04:17:753	0	0	400	0
2021-03-17 14:04:18:769	0	0	400	0
2021-03-17 14:04:19:753	0	0	400	0
2021-03-17 14:04:20:768	0	0	400	0
2021-03-17 14:04:22:768	0	0	400	0
2021-03-17 14:04:23:768	0	0	400	0
2021-03-17 14:04:24:768	0	0	400	0
2021-03-17 14:04:25:767	0	0	401	0
2021-03-17 14:04:27:768	0	0	400	0
2021-03-17 14:04:28:784	0	0	400	0
2021-03-17 14:04:29:768	0	0	400	0
2021-03-17 14:04:30:783	0	0	400	0
2021-03-17 14:04:31:783	0	0	400	0
2021-03-17 14:04:32:783	0	0	400	0
2021-03-17 14:04:33:783	0	0	400	0
2021-03-17 14:04:34:783	0	0	400	0
2021-03-17 14:04:35:783	0	0	400	0
2021-03-17 14:04:36:798	0	0	400	0
2021-03-17 14:04:37:783	0	0	400	0
2021-03-17 14:04:38:798	0	0	400	0
2021-03-17 14:04:39:782	0	0	400	0
2021-03-17 14:04:40:798	0	0	400	0
2021-03-17 14:04:41:798	0	0	400	0
2021-03-17 14:04:42:798	0	0	400	0
2021-03-17 14:04:43:805	0	0	400	0
2021-03-17 14:04:44:789	0	0	400	0
2021-03-17 14:04:45:804	0	0	400	0
2021-03-17 14:04:47:804	0	0	400	0
2021-03-17 14:04:48:804	0	0	400	0
2021-03-17 14:04:49:804	0	0	400	0
2021-03-17 14:04:50:804	0	0	400	0
2021-03-17 14:04:52:813	0	0	400	0
2021-03-17 14:04:53:822	0	0	400	0
2021-03-17 14:04:54:813	0	0	400	0
2021-03-17 14:04:55:824	0	0	400	0
2021-03-17 14:04:56:810	0	0	400	0
2021-03-17 14:04:57:821	0	0	400	0
2021-03-17 14:04:58:827	0	0	400	0
2021-03-17 14:04:59:820	0	0	400	0
2021-03-17 14:05:00:826	0	0	400	0
2021-03-17 14:05:01:809	0	0	400	0
2021-03-17 14:05:02:825	0	0	400	0
2021-03-17 14:05:03:825	0	0	400	0
2021-03-17 14:05:04:824	0	0	400	0
2021-03-17 14:05:05:824	0	0	400	0
2021-03-17 14:05:06:824	0	0	400	0
2021-03-17 14:05:07:824	0	0	400	0
2021-03-17 14:05:08:839	0	0	400	0
2021-03-17 14:05:09:823	0	0	400	0
2021-03-17 14:05:10:838	0	0	400	0
2021-03-17 14:05:11:823	0	0	400	0
2021-03-17 14:05:12:838	0	0	400	0
2021-03-17 14:05:14:837	0	0	400	0
2021-03-17 14:05:15:837	0	0	401	0
2021-03-17 14:05:16:832	0	0	401	0
2021-03-17 14:05:17:847	0	0	400	0
2021-03-17 14:05:19:847	0	0	400	0
2021-03-17 14:05:20:847	0	0	400	0
2021-03-17 14:05:21:832	0	0	400	0
2021-03-17 14:05:22:847	0	0	400	0
2021-03-17 14:05:24:846	0	0	400	0
2021-03-17 14:05:25:861	0	0	400	0
2021-03-17 14:05:26:846	0	0	400	0
2021-03-17 14:05:27:861	0	0	400	0
2021-03-17 14:05:28:861	0	0	400	0
2021-03-17 14:05:29:861	0	0	400	0
2021-03-17 14:05:30:861	0	0	400	0
2021-03-17 14:05:31:860	0	0	401	0
2021-03-17 14:05:32:861	0	0	401	0
2021-03-17 14:05:33:876	0	0	400	0
2021-03-17 14:05:34:860	0	0	400	0
2021-03-17 14:05:35:860	0	0	400	0
2021-03-17 14:05:37:875	0	0	400	0
2021-03-17 14:05:38:876	0	0	400	0
2021-03-17 14:05:39:875	0	0	400	0
2021-03-17 14:05:40:876	0	0	400	0
2021-03-17 14:05:42:875	0	0	400	0
2021-03-17 14:05:43:886	0	0	400	0
2021-03-17 14:05:44:870	0	0	400	0
2021-03-17 14:05:45:885	0	0	400	0
2021-03-17 14:05:47:885	0	0	400	0
2021-03-17 14:05:48:884	0	0	400	0
2021-03-17 14:05:49:884	0	0	400	0
2021-03-17 14:05:50:884	0	0	400	0
2021-03-17 14:05:51:905	0	0	400	0
2021-03-17 14:05:52:897	0	0	400	0
2021-03-17 14:05:53:905	0	0	400	0
2021-03-17 14:05:54:896	0	0	400	0
2021-03-17 14:05:55:903	0	0	400	0
2021-03-17 14:05:56:911	0	0	400	0
2021-03-17 14:05:57:900	0	0	400	0
2021-03-17 14:05:58:911	0	0	400	0
2021-03-17 14:05:59:903	0	0	400	0
2021-03-17 14:06:00:909	0	0	400	0
2021-03-17 14:06:01:916	0	0	400	0
2021-03-17 14:06:02:901	0	0	400	0
2021-03-17 14:06:03:916	0	0	400	0
2021-03-17 14:06:04:900	0	0	400	0
2021-03-17 14:06:05:916	0	0	400	0
2021-03-17 14:06:06:916	0	0	400	0
2021-03-17 14:06:07:915	0	0	400	0
2021-03-17 14:06:08:915	0	0	400	0
2021-03-17 14:06:10:915	0	0	400	0
2021-03-17 14:06:11:930	0	0	400	0
2021-03-17 14:06:12:914	0	0	400	0
2021-03-17 14:06:13:917	0	0	400	0
2021-03-17 14:06:15:917	0	0	400	0
2021-03-17 14:06:16:928	0	0	400	0
2021-03-17 14:06:17:928	0	0	400	0
2021-03-17 14:06:18:928	0	0	400	0
2021-03-17 14:06:19:943	0	0	400	0
2021-03-17 14:06:20:928	0	0	400	0
2021-03-17 14:06:21:943	0	0	400	0
2021-03-17 14:06:22:928	0	0	400	0
2021-03-17 14:06:23:943	0	0	400	0
2021-03-17 14:06:24:943	0	0	400	0
2021-03-17 14:06:25:943	0	0	400	0
2021-03-17 14:06:26:943	0	0	400	0
2021-03-17 14:06:28:949	0	0	400	0
2021-03-17 14:06:29:945	0	0	400	0
2021-03-17 14:06:30:945	0	0	400	0
2021-03-17 14:06:31:944	0	0	400	0
2021-03-17 14:06:33:957	0	0	400	0
2021-03-17 14:06:34:962	0	0	400	0
2021-03-17 14:06:35:946	0	0	400	0
2021-03-17 14:06:36:956	0	0	400	0
2021-03-17 14:06:37:971	0	0	400	0
2021-03-17 14:06:38:955	0	0	400	0
2021-03-17 14:06:39:971	0	0	400	0
2021-03-17 14:06:40:955	0	0	400	0
2021-03-17 14:06:41:970	0	0	400	0
2021-03-17 14:06:42:970	0	0	400	0
2021-03-17 14:06:43:960	0	0	400	0
2021-03-17 14:06:44:976	0	0	400	0
2021-03-17 14:06:46:975	0	0	400	0
2021-03-17 14:06:47:975	0	0	400	0
2021-03-17 14:06:48:975	0	0	400	0
2021-03-17 14:06:49:982	0	0	399	0
2021-03-17 14:06:51:985	0	0	400	0
2021-03-17 14:06:52:992	0	0	400	0
2021-03-17 14:06:53:988	0	0	399	0
2021-03-17 14:06:54:995	0	0	399	0
2021-03-17 14:06:56:996	0	0	400	0
2021-03-17 14:06:58:000	0	0	400	0
2021-03-17 14:06:58:995	0	0	400	0
2021-03-17 14:07:00:000	0	0	400	0
2021-03-17 14:07:01:996	0	0	400	0
2021-03-17 14:07:02:996	0	0	400	0
2021-03-17 14:07:03:996	0	0	400	0
2021-03-17 14:07:04:996	0	0	400	0
2021-03-17 14:07:06:011	0	0	401	0
2021-03-17 14:07:06:995	0	0	401	0
2021-03-17 14:07:08:011	0	0	400	0
2021-03-17 14:07:08:995	0	0	400	0
2021-03-17 14:07:10:001	0	0	400	0
2021-03-17 14:07:11:017	0	0	400	0
2021-03-17 14:07:12:001	0	0	400	0
2021-03-17 14:07:13:016	0	0	400	0
2021-03-17 14:07:15:014	0	0	400	0
2021-03-17 14:07:16:029	0	0	400	0
2021-03-17 14:07:17:015	0	0	400	0
2021-03-17 14:07:18:030	0	0	400	0
2021-03-17 14:07:20:018	0	0	400	0
2021-03-17 14:07:21:032	0	0	400	0
2021-03-17 14:07:22:026	0	0	400	0
2021-03-17 14:07:23:033	0	0	400	0
2021-03-17 14:07:24:041	0	0	400	0
2021-03-17 14:07:25:032	0	0	400	0
2021-03-17 14:07:26:034	0	0	398	0
2021-03-17 14:07:27:034	0	0	398	0
2021-03-17 14:07:28:034	0	0	400	0
2021-03-17 14:07:29:049	0	0	400	0
2021-03-17 14:07:30:034	0	0	400	0
2021-03-17 14:07:31:047	0	0	400	0
2021-03-17 14:07:32:031	0	0	400	0
2021-03-17 14:07:33:047	0	0	400	0
2021-03-17 14:07:34:046	0	0	400	0
2021-03-17 14:07:35:046	0	0	400	0
2021-03-17 14:07:36:046	0	0	400	0
2021-03-17 14:07:38:045	0	0	400	0
2021-03-17 14:07:39:061	0	0	400	0
2021-03-17 14:07:40:045	0	0	400	0
2021-03-17 14:07:41:060	0	0	400	0
2021-03-17 14:07:42:066	0	0	400	0
2021-03-17 14:07:43:050	0	0	400	0
2021-03-17 14:07:44:062	0	0	400	0
2021-03-17 14:07:45:061	0	0	400	0
2021-03-17 14:07:46:061	0	0	400	0
2021-03-17 14:07:47:077	0	0	400	0
2021-03-17 14:07:48:061	0	0	400	0
2021-03-17 14:07:49:076	0	0	400	0
2021-03-17 14:07:50:060	0	0	400	0
2021-03-17 14:07:51:077	0	0	400	0
2021-03-17 14:07:52:084	0	0	400	0
2021-03-17 14:07:53:074	0	0	400	0
2021-03-17 14:07:54:084	0	0	400	0
2021-03-17 14:07:56:085	0	0	400	0
2021-03-17 14:07:57:092	0	0	400	0
2021-03-17 14:07:58:085	0	0	400	0
2021-03-17 14:07:59:093	0	0	400	0
2021-03-17 14:08:01:091	0	0	400	0
2021-03-17 14:08:02:091	0	0	400	0
2021-03-17 14:08:03:082	0	0	400	0
2021-03-17 14:08:04:097	0	0	400	0
2021-03-17 14:08:05:097	0	0	400	0
2021-03-17 14:08:06:097	0	0	400	0
2021-03-17 14:08:07:097	0	0	400	0
2021-03-17 14:08:08:097	0	0	400	0
2021-03-17 14:08:09:096	0	0	400	0
2021-03-17 14:08:10:112	0	0	400	0
2021-03-17 14:08:11:096	0	0	400	0
2021-03-17 14:08:12:111	0	0	401	0
2021-03-17 14:08:13:095	0	0	401	0
2021-03-17 14:08:14:109	0	0	400	0
2021-03-17 14:08:15:109	0	0	400	0
2021-03-17 14:08:16:109	0	0	400	0
2021-03-17 14:08:17:108	0	0	400	0
2021-03-17 14:08:18:108	0	0	400	0
2021-03-17 14:08:19:108	0	0	400	0
2021-03-17 14:08:20:123	0	0	400	0
2021-03-17 14:08:21:108	0	0	400	0
2021-03-17 14:08:22:123	0	0	400	0
2021-03-17 14:08:23:107	0	0	400	0
2021-03-17 14:08:24:122	0	0	400	0
2021-03-17 14:08:25:122	0	0	400	0
2021-03-17 14:08:26:122	0	0	400	0
2021-03-17 14:08:27:122	0	0	400	0
2021-03-17 14:08:28:121	0	0	400	0
2021-03-17 14:08:29:121	0	0	400	0
2021-03-17 14:08:30:137	0	0	400	0
2021-03-17 14:08:31:121	0	0	400	0
2021-03-17 14:08:32:136	0	0	400	0
2021-03-17 14:08:33:120	0	0	400	0
2021-03-17 14:08:34:136	0	0	399	0
2021-03-17 14:08:35:135	0	0	399	0
2021-03-17 14:08:36:135	0	0	400	0
2021-03-17 14:08:37:151	0	0	400	0
2021-03-17 14:08:39:135	0	0	400	0
2021-03-17 14:08:40:150	0	0	399	0
2021-03-17 14:08:41:134	0	0	399	0
2021-03-17 14:08:42:150	0	0	400	0
2021-03-17 14:08:44:142	0	0	400	0
2021-03-17 14:08:45:157	0	0	400	0
2021-03-17 14:08:46:149	0	0	400	0
2021-03-17 14:08:47:149	0	0	400	0
2021-03-17 14:08:49:149	0	0	400	0
2021-03-17 14:08:50:164	0	0	400	0
2021-03-17 14:08:51:159	0	0	400	0
2021-03-17 14:08:52:169	0	0	400	0
2021-03-17 14:08:53:175	0	0	400	0
2021-03-17 14:08:54:169	0	0	400	0
2021-03-17 14:08:55:173	0	0	400	0
2021-03-17 14:08:56:165	0	0	400	0
2021-03-17 14:08:57:173	0	0	400	0
2021-03-17 14:08:58:171	0	0	400	0
2021-03-17 14:08:59:175	0	0	400	0
2021-03-17 14:09:00:175	0	0	400	0
2021-03-17 14:09:01:159	0	0	400	0
2021-03-17 14:09:02:175	0	0	400	0
2021-03-17 14:09:03:174	0	0	400	0
2021-03-17 14:09:04:174	0	0	400	0
2021-03-17 14:09:05:174	0	0	400	0
2021-03-17 14:09:06:174	0	0	400	0
2021-03-17 14:09:07:173	0	0	400	0
2021-03-17 14:09:08:189	0	0	400	0
2021-03-17 14:09:09:173	0	0	400	0
2021-03-17 14:09:10:185	0	0	400	0
2021-03-17 14:09:11:182	0	0	400	0
2021-03-17 14:09:12:194	0	0	400	0
2021-03-17 14:09:13:198	0	0	400	0
2021-03-17 14:09:14:189	0	0	400	0
2021-03-17 14:09:15:189	0	0	400	0
2021-03-17 14:09:17:201	0	0	400	0
2021-03-17 14:09:18:208	0	0	400	0
2021-03-17 14:09:19:200	0	0	400	0
2021-03-17 14:09:20:207	0	0	400	0
2021-03-17 14:09:22:207	0	0	400	0
2021-03-17 14:09:23:215	0	0	400	0
2021-03-17 14:09:24:207	0	0	400	0
2021-03-17 14:09:25:214	0	0	400	0
2021-03-17 14:09:27:214	0	0	400	0
2021-03-17 14:09:28:222	0	0	400	0
2021-03-17 14:09:29:214	0	0	400	0
2021-03-17 14:09:30:223	0	0	400	0
2021-03-17 14:09:31:229	0	0	400	0
2021-03-17 14:09:32:225	0	0	400	0
2021-03-17 14:09:33:230	0	0	400	0
2021-03-17 14:09:34:221	0	0	400	0
2021-03-17 14:09:35:233	0	0	400	0
2021-03-17 14:09:36:240	0	0	400	0
2021-03-17 14:09:37:228	0	0	400	0
2021-03-17 14:09:38:235	0	0	400	0
2021-03-17 14:09:40:236	0	0	400	0
2021-03-17 14:09:41:243	0	0	400	0
2021-03-17 14:09:42:235	0	0	400	0
2021-03-17 14:09:43:242	0	0	400	0
2021-03-17 14:09:45:242	0	0	400	0
2021-03-17 14:09:46:249	0	0	400	0
2021-03-17 14:09:47:245	0	0	400	0
2021-03-17 14:09:48:245	0	0	400	0
2021-03-17 14:09:49:260	0	0	400	0
2021-03-17 14:09:50:244	0	0	400	0
2021-03-17 14:09:51:257	0	0	400	0
2021-03-17 14:09:52:253	0	0	400	0
2021-03-17 14:09:53:260	0	0	400	0
2021-03-17 14:09:54:268	0	0	400	0
2021-03-17 14:09:55:258	0	0	400	0
2021-03-17 14:09:56:261	0	0	400	0
2021-03-17 14:09:57:245	0	0	400	0
2021-03-17 14:09:58:261	0	0	400	0
2021-03-17 14:09:59:261	0	0	400	0
2021-03-17 14:10:00:260	0	0	400	0
2021-03-17 14:10:01:260	0	0	400	0
2021-03-17 14:10:03:260	0	0	400	0
2021-03-17 14:10:04:275	0	0	400	0
2021-03-17 14:10:05:259	0	0	400	0
2021-03-17 14:10:06:275	0	0	400	0
2021-03-17 14:10:08:274	0	0	400	0
2021-03-17 14:10:09:274	0	0	400	0
2021-03-17 14:10:10:274	0	0	400	0
2021-03-17 14:10:11:274	0	0	400	0
2021-03-17 14:10:12:289	0	0	400	0
2021-03-17 14:10:13:273	0	0	400	0
2021-03-17 14:10:14:285	0	0	398	0
2021-03-17 14:10:15:285	0	0	398	0
2021-03-17 14:10:16:285	0	0	401	0
2021-03-17 14:10:17:300	0	0	401	0
2021-03-17 14:10:18:284	0	0	400	0
2021-03-17 14:10:19:299	0	0	400	0
2021-03-17 14:10:20:284	0	0	400	0
2021-03-17 14:10:21:299	0	0	400	0
2021-03-17 14:10:22:299	0	0	400	0
2021-03-17 14:10:23:299	0	0	400	0
2021-03-17 14:10:24:299	0	0	400	0
2021-03-17 14:10:26:298	0	0	400	0
2021-03-17 14:10:27:314	0	0	400	0
2021-03-17 14:10:28:298	0	0	400	0
2021-03-17 14:10:29:313	0	0	400	0
2021-03-17 14:10:31:313	0	0	400	0
2021-03-17 14:10:32:313	0	0	399	0
2021-03-17 14:10:33:312	0	0	399	0
2021-03-17 14:10:34:312	0	0	400	0
2021-03-17 14:10:35:327	0	0	400	0
2021-03-17 14:10:36:312	0	0	400	0
2021-03-17 14:10:37:327	0	0	400	0
2021-03-17 14:10:38:327	0	0	400	0
2021-03-17 14:10:39:326	0	0	400	0
2021-03-17 14:10:40:326	0	0	400	0
2021-03-17 14:10:41:326	0	0	400	0
2021-03-17 14:10:42:326	0	0	400	0
2021-03-17 14:10:43:325	0	0	400	0
2021-03-17 14:10:44:325	0	0	400	0
2021-03-17 14:10:45:341	0	0	400	0
2021-03-17 14:10:46:340	0	0	400	0
2021-03-17 14:10:47:340	0	0	400	0
2021-03-17 14:10:48:340	0	0	400	0
2021-03-17 14:10:49:340	0	0	400	0
2021-03-17 14:10:50:355	0	0	400	0
2021-03-17 14:10:51:345	0	0	400	0
2021-03-17 14:10:52:365	0	0	400	0
2021-03-17 14:10:53:345	0	0	400	0
2021-03-17 14:10:54:356	0	0	401	0
2021-03-17 14:10:55:366	0	0	401	0
2021-03-17 14:10:56:355	0	0	400	0
2021-03-17 14:10:57:359	0	0	400	0
2021-03-17 14:10:58:355	0	0	398	0
2021-03-17 14:10:59:360	0	0	398	0
2021-03-17 14:11:00:369	0	0	400	0
2021-03-17 14:11:01:343	0	0	400	0
2021-03-17 14:11:02:358	0	0	400	0
2021-03-17 14:11:04:357	0	0	400	0
2021-03-17 14:11:05:372	0	0	400	0
2021-03-17 14:11:06:356	0	0	400	0
2021-03-17 14:11:07:372	0	0	400	0
2021-03-17 14:11:09:371	0	0	400	0
2021-03-17 14:11:10:371	0	0	400	0
2021-03-17 14:11:11:371	0	0	400	0
2021-03-17 14:11:12:371	0	0	400	0
2021-03-17 14:11:14:371	0	0	400	0
2021-03-17 14:11:15:386	0	0	400	0
2021-03-17 14:11:16:370	0	0	400	0
2021-03-17 14:11:17:385	0	0	400	0
2021-03-17 14:11:19:385	0	0	400	0
2021-03-17 14:11:20:385	0	0	400	0
2021-03-17 14:11:21:384	0	0	400	0
2021-03-17 14:11:22:384	0	0	400	0
2021-03-17 14:11:24:384	0	0	400	0
2021-03-17 14:11:25:399	0	0	400	0
2021-03-17 14:11:26:383	0	0	400	0
2021-03-17 14:11:27:414	0	0	400	0
2021-03-17 14:11:29:398	0	0	400	0
2021-03-17 14:11:30:398	0	0	400	0
2021-03-17 14:11:31:398	0	0	400	0
2021-03-17 14:11:32:398	0	0	400	0
2021-03-17 14:11:34:397	0	0	400	0
2021-03-17 14:11:35:412	0	0	400	0
2021-03-17 14:11:36:397	0	0	400	0
2021-03-17 14:11:37:412	0	0	400	0
2021-03-17 14:11:38:427	0	0	399	0
2021-03-17 14:11:39:411	0	0	399	0
2021-03-17 14:11:40:411	0	0	400	0
2021-03-17 14:11:41:411	0	0	400	0
2021-03-17 14:11:42:411	0	0	400	0
2021-03-17 14:11:43:426	0	0	400	0
2021-03-17 14:11:44:410	0	0	400	0
2021-03-17 14:11:45:426	0	0	400	0
2021-03-17 14:11:47:425	0	0	401	0
2021-03-17 14:11:48:425	0	0	400	0
2021-03-17 14:11:49:425	0	0	400	0
2021-03-17 14:11:50:425	0	0	400	0
2021-03-17 14:11:52:438	0	0	400	0
2021-03-17 14:11:53:445	0	0	400	0
2021-03-17 14:11:54:434	0	0	400	0
2021-03-17 14:11:55:445	0	0	400	0
2021-03-17 14:11:56:451	0	0	400	0
2021-03-17 14:11:57:457	0	0	400	0
2021-03-17 14:11:58:453	0	0	400	0
2021-03-17 14:11:59:441	0	0	400	0
2021-03-17 14:12:00:448	0	0	400	0
2021-03-17 14:12:01:453	0	0	400	0
2021-03-17 14:12:02:438	0	0	400	0
2021-03-17 14:12:03:453	0	0	400	0
2021-03-17 14:12:05:452	0	0	400	0
2021-03-17 14:12:06:452	0	0	400	0
2021-03-17 14:12:07:452	0	0	400	0
2021-03-17 14:12:08:452	0	0	400	0
2021-03-17 14:12:10:452	0	0	401	0
2021-03-17 14:12:11:467	0	0	401	0
2021-03-17 14:12:12:467	0	0	399	0
2021-03-17 14:12:13:466	0	0	399	0
2021-03-17 14:12:15:466	0	0	400	0
2021-03-17 14:12:16:466	0	0	400	0
2021-03-17 14:12:17:465	0	0	400	0
2021-03-17 14:12:18:465	0	0	400	0
2021-03-17 14:12:20:465	0	0	400	0
2021-03-17 14:12:21:480	0	0	400	0
2021-03-17 14:12:22:464	0	0	400	0
2021-03-17 14:12:23:480	0	0	400	0
2021-03-17 14:12:25:479	0	0	400	0
2021-03-17 14:12:26:495	0	0	400	0
2021-03-17 14:12:27:479	0	0	400	0
2021-03-17 14:12:28:479	0	0	400	0
2021-03-17 14:12:29:494	0	0	400	0
2021-03-17 14:12:30:478	0	0	400	0
2021-03-17 14:12:31:494	0	0	400	0
2021-03-17 14:12:32:478	0	0	400	0
2021-03-17 14:12:33:493	0	0	400	0
2021-03-17 14:12:34:509	0	0	400	0
2021-03-17 14:12:35:493	0	0	400	0
2021-03-17 14:12:36:508	0	0	400	0
2021-03-17 14:12:37:508	0	0	400	0
2021-03-17 14:12:38:492	0	0	399	0
2021-03-17 14:12:39:507	0	0	399	0
2021-03-17 14:12:40:492	0	0	400	0
2021-03-17 14:12:41:507	0	0	400	0
2021-03-17 14:12:42:507	0	0	401	0
2021-03-17 14:12:43:523	0	0	401	0
2021-03-17 14:12:44:507	0	0	400	0
2021-03-17 14:12:45:507	0	0	400	0
2021-03-17 14:12:46:522	0	0	400	0
2021-03-17 14:12:47:506	0	0	400	0
2021-03-17 14:12:48:522	0	0	400	0
2021-03-17 14:12:49:522	0	0	400	0
2021-03-17 14:12:50:521	0	0	399	0
2021-03-17 14:12:51:528	0	0	399	0
2021-03-17 14:12:52:518	0	0	399	0
2021-03-17 14:12:53:530	0	0	399	0
2021-03-17 14:12:54:537	0	0	400	0
2021-03-17 14:12:55:528	0	0	400	0
2021-03-17 14:12:56:536	0	0	400	0
2021-03-17 14:12:57:527	0	0	400	0
2021-03-17 14:12:58:535	0	0	399	0
2021-03-17 14:12:59:539	0	0	399	0
2021-03-17 14:13:00:546	0	0	399	0
2021-03-17 14:13:01:535	0	0	399	0
2021-03-17 14:13:02:519	0	0	399	0
2021-03-17 14:13:03:534	0	0	399	0
2021-03-17 14:13:04:550	0	0	401	0
2021-03-17 14:13:05:534	0	0	401	0
2021-03-17 14:13:06:549	0	0	398	0
2021-03-17 14:13:07:549	0	0	398	0
2021-03-17 14:13:08:549	0	0	400	0
2021-03-17 14:13:09:549	0	0	400	0
2021-03-17 14:13:10:548	0	0	400	0
2021-03-17 14:13:11:548	0	0	400	0
2021-03-17 14:13:12:532	0	0	400	0
2021-03-17 14:13:13:563	0	0	400	0
2021-03-17 14:13:14:548	0	0	400	0
2021-03-17 14:13:15:547	0	0	400	0
2021-03-17 14:13:16:563	0	0	400	0
2021-03-17 14:13:17:547	0	0	400	0
2021-03-17 14:13:18:562	0	0	400	0
2021-03-17 14:13:19:562	0	0	400	0
2021-03-17 14:13:20:562	0	0	400	0
2021-03-17 14:13:21:562	0	0	400	0
2021-03-17 14:13:22:561	0	0	400	0
2021-03-17 14:13:23:561	0	0	400	0
2021-03-17 14:13:24:561	0	0	400	0
2021-03-17 14:13:25:561	0	0	400	0
2021-03-17 14:13:26:561	0	0	400	0
2021-03-17 14:13:27:560	0	0	400	0
2021-03-17 14:13:28:576	0	0	400	0
2021-03-17 14:13:29:576	0	0	400	0
2021-03-17 14:13:30:575	0	0	400	0
2021-03-17 14:13:31:575	0	0	400	0
2021-03-17 14:13:32:559	0	0	400	0
2021-03-17 14:13:33:575	0	0	400	0
2021-03-17 14:13:34:575	0	0	399	0
2021-03-17 14:13:35:574	0	0	399	0
2021-03-17 14:13:36:590	0	0	400	0
2021-03-17 14:13:37:574	0	0	400	0
2021-03-17 14:13:38:589	0	0	399	0
2021-03-17 14:13:39:589	0	0	399	0
2021-03-17 14:13:40:589	0	0	400	0
2021-03-17 14:13:41:589	0	0	400	0
2021-03-17 14:13:43:588	0	0	400	0
2021-03-17 14:13:44:588	0	0	399	0
2021-03-17 14:13:45:588	0	0	399	0
2021-03-17 14:13:46:587	0	0	400	0
2021-03-17 14:13:48:587	0	0	400	0
2021-03-17 14:13:49:602	0	0	400	0
2021-03-17 14:13:50:586	0	0	399	0
2021-03-17 14:13:51:613	0	0	399	0
2021-03-17 14:13:52:625	0	0	400	0
2021-03-17 14:13:53:607	0	0	400	0
2021-03-17 14:13:54:631	0	0	399	0
2021-03-17 14:13:55:615	0	0	399	0
2021-03-17 14:13:56:619	0	0	400	0
2021-03-17 14:13:57:634	0	0	400	0
2021-03-17 14:13:58:618	0	0	400	0
2021-03-17 14:13:59:627	0	0	400	0
2021-03-17 14:14:01:618	0	0	400	0
2021-03-17 14:14:02:618	0	0	400	0
2021-03-17 14:14:03:618	0	0	400	0
2021-03-17 14:14:04:618	0	0	400	0
2021-03-17 14:14:05:633	0	0	400	0
2021-03-17 14:14:06:633	0	0	400	0
2021-03-17 14:14:07:632	0	0	400	0
2021-03-17 14:14:08:617	0	0	400	0
2021-03-17 14:14:09:632	0	0	400	0
2021-03-17 14:14:10:632	0	0	400	0
2021-03-17 14:14:11:647	0	0	400	0
2021-03-17 14:14:12:632	0	0	400	0
2021-03-17 14:14:14:647	0	0	400	0
2021-03-17 14:14:15:647	0	0	400	0
2021-03-17 14:14:16:646	0	0	400	0
2021-03-17 14:14:17:646	0	0	400	0
2021-03-17 14:14:18:646	0	0	400	0
2021-03-17 14:14:19:646	0	0	400	0
2021-03-17 14:14:20:646	0	0	399	0
2021-03-17 14:14:22:661	0	0	400	0
2021-03-17 14:14:23:661	0	0	400	0
2021-03-17 14:14:24:645	0	0	400	0
2021-03-17 14:14:25:661	0	0	400	0
2021-03-17 14:14:27:676	0	0	400	0
2021-03-17 14:14:28:675	0	0	399	0
2021-03-17 14:14:29:660	0	0	399	0
2021-03-17 14:14:30:675	0	0	400	0
2021-03-17 14:14:31:675	0	0	400	0
2021-03-17 14:14:32:659	0	0	400	0
2021-03-17 14:14:33:674	0	0	400	0
2021-03-17 14:14:34:659	0	0	400	0
2021-03-17 14:14:35:674	0	0	400	0
2021-03-17 14:14:36:674	0	0	400	0
2021-03-17 14:14:37:673	0	0	400	0
2021-03-17 14:14:38:689	0	0	400	0
2021-03-17 14:14:40:688	0	0	400	0
2021-03-17 14:14:41:688	0	0	400	0
2021-03-17 14:14:42:688	0	0	400	0
2021-03-17 14:14:43:688	0	0	400	0
2021-03-17 14:14:44:687	0	0	400	0
2021-03-17 14:14:45:687	0	0	400	0
2021-03-17 14:14:46:687	0	0	400	0
2021-03-17 14:14:47:687	0	0	400	0
2021-03-17 14:14:48:687	0	0	401	0
2021-03-17 14:14:49:702	0	0	401	0
2021-03-17 14:14:50:702	0	0	400	0
2021-03-17 14:14:51:710	0	0	400	0
2021-03-17 14:14:53:710	0	0	400	0
2021-03-17 14:14:54:713	0	0	400	0
2021-03-17 14:14:55:710	0	0	400	0
2021-03-17 14:14:56:717	0	0	400	0
2021-03-17 14:14:58:729	0	0	400	0
2021-03-17 14:14:59:728	0	0	400	0
2021-03-17 14:15:00:717	0	0	400	0
2021-03-17 14:15:01:710	0	0	400	0
2021-03-17 14:15:02:725	0	0	399	0
2021-03-17 14:15:03:709	0	0	399	0
2021-03-17 14:15:04:725	0	0	400	0
2021-03-17 14:15:05:709	0	0	400	0
2021-03-17 14:15:06:724	0	0	400	0
2021-03-17 14:15:07:724	0	0	400	0
2021-03-17 14:15:08:724	0	0	400	0
2021-03-17 14:15:09:724	0	0	400	0
2021-03-17 14:15:11:723	0	0	400	0
2021-03-17 14:15:12:739	0	0	401	0
2021-03-17 14:15:13:723	0	0	401	0
2021-03-17 14:15:14:738	0	0	399	0
2021-03-17 14:15:16:738	0	0	399	0
2021-03-17 14:15:17:738	0	0	399	0
2021-03-17 14:15:18:737	0	0	400	0
2021-03-17 14:15:19:737	0	0	400	0
2021-03-17 14:15:20:752	0	0	400	0
2021-03-17 14:15:21:737	0	0	400	0
2021-03-17 14:15:22:752	0	0	400	0
2021-03-17 14:15:23:752	0	0	400	0
2021-03-17 14:15:24:752	0	0	400	0
2021-03-17 14:15:25:767	0	0	400	0
2021-03-17 14:15:26:751	0	0	400	0
2021-03-17 14:15:27:751	0	0	400	0
2021-03-17 14:15:28:751	0	0	400	0
2021-03-17 14:15:29:750	0	0	400	0
2021-03-17 14:15:30:766	0	0	400	0
2021-03-17 14:15:31:750	0	0	400	0
2021-03-17 14:15:32:765	0	0	400	0
2021-03-17 14:15:34:765	0	0	400	0
2021-03-17 14:15:35:765	0	0	400	0
2021-03-17 14:15:36:764	0	0	400	0
2021-03-17 14:15:37:764	0	0	400	0
2021-03-17 14:15:38:779	0	0	400	0
2021-03-17 14:15:39:764	0	0	400	0
2021-03-17 14:15:40:779	0	0	400	0
2021-03-17 14:15:41:763	0	0	400	0
2021-03-17 14:15:42:779	0	0	400	0
2021-03-17 14:15:43:778	0	0	400	0
2021-03-17 14:15:44:778	0	0	400	0
2021-03-17 14:15:45:778	0	0	400	0
2021-03-17 14:15:46:778	0	0	400	0
2021-03-17 14:15:47:786	0	0	400	0
2021-03-17 14:15:48:786	0	0	401	0
2021-03-17 14:15:49:785	0	0	401	0
2021-03-17 14:15:50:785	0	0	398	0
2021-03-17 14:15:52:798	0	0	400	0
2021-03-17 14:15:53:804	0	0	400	0
2021-03-17 14:15:54:797	0	0	400	0
2021-03-17 14:15:55:804	0	0	400	0
2021-03-17 14:15:56:813	0	0	400	0
2021-03-17 14:15:57:804	0	0	400	0
2021-03-17 14:15:58:813	0	0	400	0
2021-03-17 14:15:59:803	0	0	400	0
2021-03-17 14:16:00:812	0	0	400	0
2021-03-17 14:16:01:805	0	0	400	0
2021-03-17 14:16:02:804	0	0	400	0
2021-03-17 14:16:03:804	0	0	400	0
2021-03-17 14:16:04:804	0	0	400	0
2021-03-17 14:16:05:804	0	0	400	0
2021-03-17 14:16:06:819	0	0	399	0
2021-03-17 14:16:07:819	0	0	399	0
2021-03-17 14:16:08:819	0	0	400	0
2021-03-17 14:16:10:818	0	0	400	0
2021-03-17 14:16:11:818	0	0	400	0
2021-03-17 14:16:12:818	0	0	400	0
2021-03-17 14:16:13:817	0	0	400	0
2021-03-17 14:16:15:817	0	0	400	0
2021-03-17 14:16:16:833	0	0	400	0
2021-03-17 14:16:17:817	0	0	400	0
2021-03-17 14:16:18:832	0	0	400	0
2021-03-17 14:16:19:847	0	0	400	0
2021-03-17 14:16:20:832	0	0	400	0
2021-03-17 14:16:21:847	0	0	400	0
2021-03-17 14:16:22:831	0	0	400	0
2021-03-17 14:16:23:846	0	0	400	0
2021-03-17 14:16:24:846	0	0	400	0
2021-03-17 14:16:25:846	0	0	400	0
2021-03-17 14:16:26:846	0	0	400	0
2021-03-17 14:16:27:845	0	0	400	0
2021-03-17 14:16:28:861	0	0	400	0
2021-03-17 14:16:29:861	0	0	400	0
2021-03-17 14:16:30:845	0	0	400	0
2021-03-17 14:16:31:876	0	0	400	0
2021-03-17 14:16:33:860	0	0	400	0
2021-03-17 14:16:34:859	0	0	400	0
2021-03-17 14:16:35:859	0	0	400	0
2021-03-17 14:16:36:859	0	0	400	0
2021-03-17 14:16:38:859	0	0	399	0
2021-03-17 14:16:39:874	0	0	399	0
2021-03-17 14:16:40:858	0	0	400	0
2021-03-17 14:16:41:873	0	0	400	0
2021-03-17 14:16:43:873	0	0	400	0
2021-03-17 14:16:44:873	0	0	398	0
2021-03-17 14:16:45:872	0	0	398	0
2021-03-17 14:16:46:872	0	0	400	0
2021-03-17 14:16:48:872	0	0	401	0
2021-03-17 14:16:49:887	0	0	401	0
2021-03-17 14:16:50:887	0	0	399	0
2021-03-17 14:16:51:896	0	0	399	0
2021-03-17 14:16:53:887	0	0	400	0
2021-03-17 14:16:54:896	0	0	400	0
2021-03-17 14:16:55:892	0	0	400	0
2021-03-17 14:16:56:899	0	0	399	0
2021-03-17 14:16:58:893	0	0	400	0
2021-03-17 14:16:59:902	0	0	400	0
2021-03-17 14:17:00:894	0	0	400	0
2021-03-17 14:17:01:898	0	0	400	0
2021-03-17 14:17:03:898	0	0	400	0
2021-03-17 14:17:04:898	0	0	399	0
2021-03-17 14:17:05:897	0	0	399	0
2021-03-17 14:17:06:897	0	0	400	0
2021-03-17 14:17:07:928	0	0	400	0
2021-03-17 14:17:08:897	0	0	400	0
2021-03-17 14:17:09:912	0	0	400	0
2021-03-17 14:17:10:896	0	0	400	0
2021-03-17 14:17:11:912	0	0	400	0
2021-03-17 14:17:12:912	0	0	400	0
2021-03-17 14:17:13:911	0	0	400	0
2021-03-17 14:17:14:927	0	0	400	0
2021-03-17 14:17:15:926	0	0	400	0
2021-03-17 14:17:16:911	0	0	400	0
2021-03-17 14:17:17:941	0	0	400	0
2021-03-17 14:17:18:910	0	0	399	0
2021-03-17 14:17:19:925	0	0	399	0
2021-03-17 14:17:20:925	0	0	399	0
2021-03-17 14:17:21:925	0	0	399	0
2021-03-17 14:17:22:925	0	0	400	0
2021-03-17 14:17:23:925	0	0	400	0
2021-03-17 14:17:24:924	0	0	399	0
2021-03-17 14:17:25:924	0	0	399	0
2021-03-17 14:17:26:924	0	0	399	0
2021-03-17 14:17:27:955	0	0	399	0
2021-03-17 14:17:28:923	0	0	400	0
2021-03-17 14:17:29:939	0	0	400	0
2021-03-17 14:17:30:938	0	0	400	0
2021-03-17 14:17:31:938	0	0	400	0
2021-03-17 14:17:32:938	0	0	400	0
2021-03-17 14:17:33:938	0	0	400	0
2021-03-17 14:17:34:938	0	0	400	0
2021-03-17 14:17:35:937	0	0	400	0
2021-03-17 14:17:36:937	0	0	400	0
2021-03-17 14:17:37:952	0	0	400	0
2021-03-17 14:17:38:952	0	0	399	0
2021-03-17 14:17:39:952	0	0	399	0
2021-03-17 14:17:40:936	0	0	400	0
2021-03-17 14:17:41:951	0	0	400	0
2021-03-17 14:17:42:951	0	0	400	0
2021-03-17 14:17:43:951	0	0	400	0
2021-03-17 14:17:44:954	0	0	399	0
2021-03-17 14:17:45:954	0	0	399	0
2021-03-17 14:17:46:954	0	0	400	0
2021-03-17 14:17:47:969	0	0	400	0
2021-03-17 14:17:48:952	0	0	399	0
2021-03-17 14:17:49:967	0	0	399	0
2021-03-17 14:17:51:975	0	0	400	0
2021-03-17 14:17:52:979	0	0	399	0
2021-03-17 14:17:53:970	0	0	399	0
2021-03-17 14:17:54:982	0	0	399	0
2021-03-17 14:17:55:970	0	0	399	0
2021-03-17 14:17:56:983	0	0	399	0
2021-03-17 14:17:57:990	0	0	399	0
2021-03-17 14:17:58:978	0	0	400	0
2021-03-17 14:17:59:989	0	0	400	0
2021-03-17 14:18:01:974	0	0	400	0
2021-03-17 14:18:03:005	0	0	399	0
2021-03-17 14:18:03:973	0	0	399	0
2021-03-17 14:18:04:989	0	0	400	0
2021-03-17 14:18:05:973	0	0	400	0
2021-03-17 14:18:06:988	0	0	399	0
2021-03-17 14:18:08:004	0	0	399	0
2021-03-17 14:18:08:988	0	0	399	0
2021-03-17 14:18:10:003	0	0	399	0
2021-03-17 14:18:10:988	0	0	399	0
2021-03-17 14:18:11:987	0	0	399	0
2021-03-17 14:18:13:987	0	0	399	0
2021-03-17 14:18:15:002	0	0	400	0
2021-03-17 14:18:15:986	0	0	400	0
2021-03-17 14:18:17:002	0	0	399	0
2021-03-17 14:18:19:001	0	0	399	0
2021-03-17 14:18:20:001	0	0	399	0
2021-03-17 14:18:21:001	0	0	400	0
2021-03-17 14:18:22:001	0	0	400	0
2021-03-17 14:18:23:000	0	0	399	0
2021-03-17 14:18:24:000	0	0	399	0
2021-03-17 14:18:25:015	0	0	399	0
2021-03-17 14:18:26:000	0	0	399	0
2021-03-17 14:18:27:015	0	0	399	0
2021-03-17 14:18:28:015	0	0	399	0
2021-03-17 14:18:29:015	0	0	400	0
2021-03-17 14:18:30:014	0	0	400	0
2021-03-17 14:18:31:014	0	0	399	0
2021-03-17 14:18:32:029	0	0	399	0
2021-03-17 14:18:33:014	0	0	399	0
2021-03-17 14:18:34:029	0	0	399	0
2021-03-17 14:18:36:013	0	0	399	0
2021-03-17 14:18:37:028	0	0	400	0
2021-03-17 14:18:38:012	0	0	400	0
2021-03-17 14:18:39:028	0	0	399	0
2021-03-17 14:18:41:027	0	0	400	0
2021-03-17 14:18:42:027	0	0	400	0
2021-03-17 14:18:43:027	0	0	400	0
2021-03-17 14:18:44:027	0	0	400	0
2021-03-17 14:18:45:026	0	0	400	0
2021-03-17 14:18:46:042	0	0	400	0
2021-03-17 14:18:47:041	0	0	400	0
2021-03-17 14:18:48:026	0	0	400	0
2021-03-17 14:18:49:041	0	0	399	0
2021-03-17 14:18:50:025	0	0	399	0
2021-03-17 14:18:51:046	0	0	400	0
2021-03-17 14:18:52:056	0	0	400	0
2021-03-17 14:18:53:045	0	0	400	0
2021-03-17 14:18:54:053	0	0	400	0
2021-03-17 14:18:55:049	0	0	400	0
2021-03-17 14:18:56:052	0	0	400	0
2021-03-17 14:18:57:060	0	0	400	0
2021-03-17 14:18:58:056	0	0	400	0
2021-03-17 14:18:59:076	0	0	400	0
2021-03-17 14:19:00:052	0	0	400	0
2021-03-17 14:19:01:061	0	0	400	0
2021-03-17 14:19:02:061	0	0	400	0
2021-03-17 14:19:03:045	0	0	400	0
2021-03-17 14:19:04:061	0	0	400	0
2021-03-17 14:19:05:060	0	0	400	0
2021-03-17 14:19:06:060	0	0	400	0
2021-03-17 14:19:07:076	0	0	400	0
2021-03-17 14:19:08:060	0	0	400	0
2021-03-17 14:19:09:059	0	0	399	0
2021-03-17 14:19:11:075	0	0	399	0
2021-03-17 14:19:12:074	0	0	399	0
2021-03-17 14:19:13:074	0	0	400	0
2021-03-17 14:19:14:074	0	0	400	0
2021-03-17 14:19:16:073	0	0	399	0
2021-03-17 14:19:17:089	0	0	400	0
2021-03-17 14:19:18:073	0	0	400	0
2021-03-17 14:19:19:088	0	0	400	0
2021-03-17 14:19:20:088	0	0	400	0
2021-03-17 14:19:21:088	0	0	399	0
2021-03-17 14:19:22:088	0	0	399	0
2021-03-17 14:19:23:103	0	0	399	0
2021-03-17 14:19:24:087	0	0	399	0
2021-03-17 14:19:25:103	0	0	399	0
2021-03-17 14:19:26:087	0	0	399	0
2021-03-17 14:19:27:086	0	0	400	0
2021-03-17 14:19:28:086	0	0	400	0
2021-03-17 14:19:29:086	0	0	400	0
2021-03-17 14:19:30:101	0	0	400	0
2021-03-17 14:19:31:101	0	0	400	0
2021-03-17 14:19:32:101	0	0	400	0
2021-03-17 14:19:34:100	0	0	400	0
2021-03-17 14:19:35:100	0	0	399	0
2021-03-17 14:19:36:100	0	0	399	0
2021-03-17 14:19:37:115	0	0	400	0
2021-03-17 14:19:39:099	0	0	400	0
2021-03-17 14:19:40:115	0	0	400	0
2021-03-17 14:19:41:114	0	0	399	0
2021-03-17 14:19:42:114	0	0	399	0
2021-03-17 14:19:43:129	0	0	400	0
2021-03-17 14:19:44:114	0	0	400	0
2021-03-17 14:19:45:129	0	0	400	0
2021-03-17 14:19:46:113	0	0	400	0
2021-03-17 14:19:47:129	0	0	400	0
2021-03-17 14:19:48:128	0	0	400	0
2021-03-17 14:19:49:128	0	0	400	0
2021-03-17 14:19:50:128	0	0	400	0
2021-03-17 14:19:51:127	0	0	400	0
2021-03-17 14:19:52:139	0	0	400	0
2021-03-17 14:19:53:146	0	0	399	0
2021-03-17 14:19:54:145	0	0	399	0
2021-03-17 14:19:55:143	0	0	399	0
2021-03-17 14:19:57:147	0	0	400	0
2021-03-17 14:19:58:150	0	0	400	0
2021-03-17 14:19:59:143	0	0	399	0
2021-03-17 14:20:00:151	0	0	399	0
2021-03-17 14:20:02:145	0	0	399	0
2021-03-17 14:20:03:144	0	0	400	0
2021-03-17 14:20:04:144	0	0	400	0
2021-03-17 14:20:05:160	0	0	400	0
2021-03-17 14:20:07:159	0	0	400	0
2021-03-17 14:20:08:159	0	0	400	0
2021-03-17 14:20:09:143	0	0	399	0
2021-03-17 14:20:10:158	0	0	399	0
2021-03-17 14:20:11:174	0	0	400	0
2021-03-17 14:20:12:158	0	0	400	0
2021-03-17 14:20:13:173	0	0	400	0
2021-03-17 14:20:14:158	0	0	400	0
2021-03-17 14:20:15:173	0	0	400	0
2021-03-17 14:20:16:173	0	0	400	0
2021-03-17 14:20:17:188	0	0	399	0
2021-03-17 14:20:18:172	0	0	399	0
2021-03-17 14:20:19:172	0	0	400	0
2021-03-17 14:20:20:172	0	0	400	0
2021-03-17 14:20:21:187	0	0	399	0
2021-03-17 14:20:22:171	0	0	399	0
2021-03-17 14:20:23:202	0	0	399	0
2021-03-17 14:20:25:186	0	0	400	0
2021-03-17 14:20:26:186	0	0	400	0
2021-03-17 14:20:27:186	0	0	400	0
2021-03-17 14:20:28:186	0	0	400	0
2021-03-17 14:20:30:201	0	0	400	0
2021-03-17 14:20:31:185	0	0	400	0
2021-03-17 14:20:32:185	0	0	400	0
2021-03-17 14:20:33:497	0	0	400	0
2021-03-17 14:20:34:200	0	0	400	0
2021-03-17 14:20:35:184	0	0	400	0
2021-03-17 14:20:36:210	0	0	400	0
2021-03-17 14:20:37:189	0	0	400	0
2021-03-17 14:20:38:196	0	0	400	0
2021-03-17 14:20:39:206	0	0	400	0
2021-03-17 14:20:40:201	0	0	400	0
2021-03-17 14:20:41:211	0	0	399	0
2021-03-17 14:20:42:206	0	0	399	0
2021-03-17 14:20:43:201	0	0	400	0
2021-03-17 14:20:44:211	0	0	400	0
2021-03-17 14:20:45:206	0	0	400	0
2021-03-17 14:20:46:216	0	0	400	0
2021-03-17 14:20:48:206	0	0	400	0
2021-03-17 14:20:49:216	0	0	400	0
2021-03-17 14:20:50:218	0	0	400	0
2021-03-17 14:20:51:234	0	0	400	0
2021-03-17 14:20:53:227	0	0	400	0
2021-03-17 14:20:54:235	0	0	400	0
2021-03-17 14:20:55:228	0	0	400	0
2021-03-17 14:20:56:248	0	0	400	0
2021-03-17 14:20:57:245	0	0	400	0
2021-03-17 14:20:58:249	0	0	400	0
2021-03-17 14:20:59:240	0	0	399	0
2021-03-17 14:21:01:240	0	0	400	0
2021-03-17 14:21:02:239	0	0	400	0
2021-03-17 14:21:03:234	0	0	400	0
2021-03-17 14:21:04:243	0	0	400	0
2021-03-17 14:21:06:248	0	0	400	0
2021-03-17 14:21:07:242	0	0	398	0
2021-03-17 14:21:08:236	0	0	398	0
2021-03-17 14:21:09:247	0	0	399	0
2021-03-17 14:21:11:251	0	0	399	0
2021-03-17 14:21:12:251	0	0	399	0
2021-03-17 14:21:13:246	0	0	399	0
2021-03-17 14:21:14:261	0	0	399	0
2021-03-17 14:21:15:255	0	0	400	0
2021-03-17 14:21:16:250	0	0	400	0
2021-03-17 14:21:17:260	0	0	400	0
2021-03-17 14:21:18:255	0	0	400	0
2021-03-17 14:21:19:265	0	0	400	0
2021-03-17 14:21:20:275	0	0	400	0
2021-03-17 14:21:21:272	0	0	400	0
2021-03-17 14:21:22:266	0	0	400	0
2021-03-17 14:21:24:261	0	0	399	0
2021-03-17 14:21:25:282	0	0	400	0
2021-03-17 14:21:26:264	0	0	400	0
2021-03-17 14:21:27:279	0	0	400	0
2021-03-17 14:21:28:289	0	0	400	0
2021-03-17 14:21:29:268	0	0	400	0
2021-03-17 14:21:30:279	0	0	400	0
2021-03-17 14:21:31:273	0	0	400	0
2021-03-17 14:21:32:283	0	0	400	0
2021-03-17 14:21:33:294	0	0	399	0
2021-03-17 14:21:34:288	0	0	399	0
2021-03-17 14:21:35:283	0	0	399	0
2021-03-17 14:21:36:278	0	0	399	0
2021-03-17 14:21:37:290	0	0	399	0
2021-03-17 14:21:38:300	0	0	399	0
2021-03-17 14:21:39:291	0	0	399	0
2021-03-17 14:21:40:291	0	0	399	0
2021-03-17 14:21:42:305	0	0	399	0
2021-03-17 14:21:43:300	0	0	400	0
2021-03-17 14:21:44:293	0	0	400	0
2021-03-17 14:21:45:303	0	0	399	0
2021-03-17 14:21:46:313	0	0	399	0
2021-03-17 14:21:47:307	0	0	399	0
2021-03-17 14:21:48:318	0	0	399	0
2021-03-17 14:21:49:296	0	0	400	0
2021-03-17 14:21:50:307	0	0	400	0
2021-03-17 14:21:51:325	0	0	400	0
2021-03-17 14:21:52:317	0	0	400	0
2021-03-17 14:21:53:326	0	0	400	0
2021-03-17 14:21:54:317	0	0	400	0
2021-03-17 14:21:55:324	0	0	399	0
2021-03-17 14:21:56:336	0	0	399	0
2021-03-17 14:21:57:324	0	0	398	0
2021-03-17 14:21:58:336	0	0	398	0
2021-03-17 14:22:00:336	0	0	400	0
2021-03-17 14:22:01:345	0	0	400	0
2021-03-17 14:22:02:324	0	0	400	0
2021-03-17 14:22:03:334	0	0	399	0
2021-03-17 14:22:05:324	0	0	399	0
2021-03-17 14:22:06:334	0	0	399	0
2021-03-17 14:22:07:333	0	0	399	0
2021-03-17 14:22:08:343	0	0	399	0
2021-03-17 14:22:10:348	0	0	399	0
2021-03-17 14:22:11:343	0	0	400	0
2021-03-17 14:22:12:338	0	0	400	0
2021-03-17 14:22:13:348	0	0	399	0
2021-03-17 14:22:15:350	0	0	400	0
2021-03-17 14:22:16:361	0	0	400	0
2021-03-17 14:22:17:340	0	0	399	0
2021-03-17 14:22:18:368	0	0	399	0
2021-03-17 14:22:20:358	0	0	399	0
2021-03-17 14:22:21:368	0	0	399	0
2021-03-17 14:22:22:347	0	0	399	0
2021-03-17 14:22:23:358	0	0	400	0
2021-03-17 14:22:24:352	0	0	400	0
2021-03-17 14:22:25:362	0	0	400	0
2021-03-17 14:22:26:374	0	0	400	0
2021-03-17 14:22:27:368	0	0	398	0
2021-03-17 14:22:28:363	0	0	398	0
2021-03-17 14:22:29:358	0	0	399	0
2021-03-17 14:22:30:368	0	0	399	0
2021-03-17 14:22:31:378	0	0	400	0
2021-03-17 14:22:32:373	0	0	400	0
2021-03-17 14:22:33:383	0	0	400	0
2021-03-17 14:22:34:363	0	0	400	0
2021-03-17 14:22:35:373	0	0	400	0
2021-03-17 14:22:36:384	0	0	400	0
2021-03-17 14:22:37:369	0	0	399	0
2021-03-17 14:22:38:380	0	0	399	0
2021-03-17 14:22:39:374	0	0	400	0
2021-03-17 14:22:40:385	0	0	400	0
2021-03-17 14:22:42:375	0	0	399	0
2021-03-17 14:22:43:386	0	0	399	0
2021-03-17 14:22:44:387	0	0	399	0
2021-03-17 14:22:45:382	0	0	400	0
2021-03-17 14:22:47:387	0	0	400	0
2021-03-17 14:22:48:401	0	0	400	0
2021-03-17 14:22:49:407	0	0	399	0
2021-03-17 14:22:50:391	0	0	399	0
2021-03-17 14:22:52:416	0	0	399	0
2021-03-17 14:22:53:410	0	0	401	0
2021-03-17 14:22:54:399	0	0	401	0
2021-03-17 14:22:55:408	0	0	399	0
2021-03-17 14:22:57:406	0	0	399	0
2021-03-17 14:22:58:414	0	0	399	0
2021-03-17 14:22:59:406	0	0	400	0
2021-03-17 14:23:00:413	0	0	400	0
2021-03-17 14:23:02:404	0	0	400	0
2021-03-17 14:23:03:414	0	0	399	0
2021-03-17 14:23:04:409	0	0	399	0
2021-03-17 14:23:05:419	0	0	400	0
2021-03-17 14:23:06:398	0	0	400	0
2021-03-17 14:23:07:408	0	0	399	0
2021-03-17 14:23:08:418	0	0	399	0
2021-03-17 14:23:09:413	0	0	399	0
2021-03-17 14:23:10:428	0	0	399	0
2021-03-17 14:23:11:408	0	0	399	0
2021-03-17 14:23:12:418	0	0	399	0
2021-03-17 14:23:13:429	0	0	400	0
2021-03-17 14:23:14:423	0	0	400	0
2021-03-17 14:23:15:433	0	0	399	0
2021-03-17 14:23:16:413	0	0	399	0
2021-03-17 14:23:17:423	0	0	399	0
2021-03-17 14:23:18:434	0	0	399	0
2021-03-17 14:23:19:428	0	0	399	0
2021-03-17 14:23:20:439	0	0	399	0
2021-03-17 14:23:21:424	0	0	400	0
2021-03-17 14:23:22:434	0	0	400	0
2021-03-17 14:23:23:445	0	0	400	0
2021-03-17 14:23:24:439	0	0	400	0
2021-03-17 14:23:25:434	0	0	399	0
2021-03-17 14:23:26:429	0	0	399	0
2021-03-17 14:23:27:440	0	0	399	0
2021-03-17 14:23:28:450	0	0	399	0
2021-03-17 14:23:29:445	0	0	399	0
2021-03-17 14:23:30:455	0	0	399	0
2021-03-17 14:23:31:450	0	0	399	0
2021-03-17 14:23:32:452	0	0	399	0
2021-03-17 14:23:33:462	0	0	400	0
2021-03-17 14:23:34:442	0	0	400	0
2021-03-17 14:23:35:479	0	0	399	0
2021-03-17 14:23:36:447	0	0	399	0
2021-03-17 14:23:37:457	0	0	400	0
2021-03-17 14:23:38:484	0	0	400	0
2021-03-17 14:23:39:463	0	0	400	0
2021-03-17 14:23:40:458	0	0	400	0
2021-03-17 14:23:41:452	0	0	400	0
2021-03-17 14:23:42:463	0	0	400	0
2021-03-17 14:23:43:481	0	0	399	0
2021-03-17 14:23:44:460	0	0	399	0
2021-03-17 14:23:45:471	0	0	399	0
2021-03-17 14:23:46:465	0	0	399	0
2021-03-17 14:23:47:476	0	0	400	0
2021-03-17 14:23:48:487	0	0	400	0
2021-03-17 14:23:49:466	0	0	400	0
2021-03-17 14:23:50:476	0	0	400	0
2021-03-17 14:23:51:479	0	0	399	0
2021-03-17 14:23:52:484	0	0	399	0
2021-03-17 14:23:53:491	0	0	400	0
2021-03-17 14:23:54:487	0	0	400	0
2021-03-17 14:23:55:495	0	0	400	0
2021-03-17 14:23:56:485	0	0	400	0
2021-03-17 14:23:57:494	0	0	399	0
2021-03-17 14:23:59:494	0	0	399	0
2021-03-17 14:24:00:502	0	0	399	0
2021-03-17 14:24:01:488	0	0	399	0
2021-03-17 14:24:02:488	0	0	399	0
2021-03-17 14:24:04:493	0	0	400	0
2021-03-17 14:24:05:504	0	0	400	0
2021-03-17 14:24:06:513	0	0	400	0
2021-03-17 14:24:07:493	0	0	399	0
2021-03-17 14:24:09:498	0	0	399	0
2021-03-17 14:24:10:508	0	0	399	0
2021-03-17 14:24:11:504	0	0	400	0
2021-03-17 14:24:12:505	0	0	400	0
2021-03-17 14:24:14:509	0	0	399	0
2021-03-17 14:24:15:504	0	0	400	0
2021-03-17 14:24:16:499	0	0	400	0
2021-03-17 14:24:17:509	0	0	400	0
2021-03-17 14:24:19:514	0	0	400	0
2021-03-17 14:24:20:509	0	0	400	0
2021-03-17 14:24:21:504	0	0	399	0
2021-03-17 14:24:22:514	0	0	399	0
2021-03-17 14:24:24:524	0	0	399	0
2021-03-17 14:24:25:518	0	0	399	0
2021-03-17 14:24:26:514	0	0	399	0
2021-03-17 14:24:27:524	0	0	399	0
2021-03-17 14:24:28:519	0	0	399	0
2021-03-17 14:24:29:529	0	0	399	0
2021-03-17 14:24:30:524	0	0	399	0
2021-03-17 14:24:31:534	0	0	400	0
2021-03-17 14:24:32:529	0	0	400	0
2021-03-17 14:24:33:524	0	0	399	0
2021-03-17 14:24:34:533	0	0	399	0
2021-03-17 14:24:35:543	0	0	399	0
2021-03-17 14:24:36:538	0	0	399	0
2021-03-17 14:24:37:533	0	0	399	0
2021-03-17 14:24:38:527	0	0	399	0
2021-03-17 14:24:39:538	0	0	399	0
2021-03-17 14:24:40:549	0	0	399	0
2021-03-17 14:24:41:543	0	0	399	0
2021-03-17 14:24:42:554	0	0	399	0
2021-03-17 14:24:43:533	0	0	399	0
2021-03-17 14:24:44:540	0	0	399	0
2021-03-17 14:24:45:559	0	0	399	0
2021-03-17 14:24:46:553	0	0	399	0
2021-03-17 14:24:47:548	0	0	399	0
2021-03-17 14:24:48:543	0	0	399	0
2021-03-17 14:24:49:553	0	0	399	0
2021-03-17 14:24:50:563	0	0	399	0
2021-03-17 14:24:51:562	0	0	400	0
2021-03-17 14:24:52:569	0	0	400	0
2021-03-17 14:24:53:561	0	0	399	0
2021-03-17 14:24:54:570	0	0	399	0
2021-03-17 14:24:55:573	0	0	399	0
2021-03-17 14:24:56:569	0	0	399	0
2021-03-17 14:24:57:577	0	0	400	0
2021-03-17 14:24:58:569	0	0	400	0
2021-03-17 14:24:59:581	0	0	399	0
2021-03-17 14:25:01:562	0	0	399	0
2021-03-17 14:25:02:577	0	0	399	0
2021-03-17 14:25:03:571	0	0	400	0
2021-03-17 14:25:04:566	0	0	400	0
2021-03-17 14:25:06:572	0	0	400	0
2021-03-17 14:25:07:572	0	0	400	0
2021-03-17 14:25:08:567	0	0	400	0
2021-03-17 14:25:09:577	0	0	399	0
2021-03-17 14:25:10:572	0	0	399	0
2021-03-17 14:25:11:582	0	0	399	0
2021-03-17 14:25:12:593	0	0	399	0
2021-03-17 14:25:13:588	0	0	399	0
2021-03-17 14:25:14:588	0	0	399	0
2021-03-17 14:25:15:582	0	0	399	0
2021-03-17 14:25:16:578	0	0	399	0
2021-03-17 14:25:18:590	0	0	399	0
2021-03-17 14:25:19:601	0	0	399	0
2021-03-17 14:25:20:580	0	0	399	0
2021-03-17 14:25:21:591	0	0	399	0
2021-03-17 14:25:22:585	0	0	399	0
2021-03-17 14:25:23:595	0	0	399	0
2021-03-17 14:25:24:606	0	0	399	0
2021-03-17 14:25:25:611	0	0	399	0
2021-03-17 14:25:26:596	0	0	399	0
2021-03-17 14:25:27:590	0	0	400	0
2021-03-17 14:25:28:601	0	0	400	0
2021-03-17 14:25:29:618	0	0	400	0
2021-03-17 14:25:30:596	0	0	400	0
2021-03-17 14:25:31:607	0	0	399	0
2021-03-17 14:25:32:602	0	0	399	0
2021-03-17 14:25:33:612	0	0	400	0
2021-03-17 14:25:35:602	0	0	399	0
2021-03-17 14:25:36:612	0	0	399	0
2021-03-17 14:25:37:607	0	0	399	0
2021-03-17 14:25:38:617	0	0	399	0
2021-03-17 14:25:40:629	0	0	399	0
2021-03-17 14:25:41:624	0	0	399	0
2021-03-17 14:25:42:619	0	0	399	0
2021-03-17 14:25:43:629	0	0	399	0
2021-03-17 14:25:45:615	0	0	399	0
2021-03-17 14:25:46:625	0	0	399	0
2021-03-17 14:25:47:620	0	0	399	0
2021-03-17 14:25:48:646	0	0	399	0
2021-03-17 14:25:50:635	0	0	399	0
2021-03-17 14:25:51:640	0	0	399	0
2021-03-17 14:25:52:637	0	0	399	0
2021-03-17 14:25:53:640	0	0	400	0
2021-03-17 14:25:55:640	0	0	399	0
2021-03-17 14:25:56:650	0	0	399	0
2021-03-17 14:25:57:644	0	0	400	0
2021-03-17 14:25:58:651	0	0	400	0
2021-03-17 14:26:00:646	0	0	399	0
2021-03-17 14:26:01:646	0	0	399	0
2021-03-17 14:26:02:646	0	0	399	0
2021-03-17 14:26:03:641	0	0	399	0
2021-03-17 14:26:05:646	0	0	399	0
2021-03-17 14:26:06:657	0	0	399	0
2021-03-17 14:26:07:651	0	0	399	0
2021-03-17 14:26:08:662	0	0	399	0
2021-03-17 14:26:10:651	0	0	399	0
2021-03-17 14:26:11:662	0	0	399	0
2021-03-17 14:26:12:655	0	0	399	0
2021-03-17 14:26:13:666	0	0	399	0
2021-03-17 14:26:14:667	0	0	399	0
2021-03-17 14:26:15:662	0	0	399	0
2021-03-17 14:26:16:672	0	0	399	0
2021-03-17 14:26:17:667	0	0	399	0
2021-03-17 14:26:18:678	0	0	399	0
2021-03-17 14:26:19:673	0	0	400	0
2021-03-17 14:26:20:668	0	0	400	0
2021-03-17 14:26:21:678	0	0	399	0
2021-03-17 14:26:22:673	0	0	399	0
2021-03-17 14:26:23:675	0	0	400	0
2021-03-17 14:26:24:702	0	0	400	0
2021-03-17 14:26:25:680	0	0	400	0
2021-03-17 14:26:26:692	0	0	400	0
2021-03-17 14:26:28:681	0	0	399	0
2021-03-17 14:26:29:692	0	0	400	0
2021-03-17 14:26:30:686	0	0	400	0
2021-03-17 14:26:31:697	0	0	400	0
2021-03-17 14:26:33:687	0	0	400	0
2021-03-17 14:26:34:705	0	0	400	0
2021-03-17 14:26:35:700	0	0	400	0
2021-03-17 14:26:36:694	0	0	400	0
2021-03-17 14:26:38:700	0	0	399	0
2021-03-17 14:26:39:710	0	0	399	0
2021-03-17 14:26:40:690	0	0	399	0
2021-03-17 14:26:41:700	0	0	399	0
2021-03-17 14:26:43:710	0	0	399	0
2021-03-17 14:26:44:709	0	0	399	0
2021-03-17 14:26:45:707	0	0	399	0
2021-03-17 14:26:46:702	0	0	399	0
2021-03-17 14:26:48:707	0	0	399	0
2021-03-17 14:26:49:718	0	0	399	0
2021-03-17 14:26:50:713	0	0	399	0
2021-03-17 14:26:51:727	0	0	400	0
2021-03-17 14:26:53:728	0	0	399	0
2021-03-17 14:26:54:735	0	0	399	0
2021-03-17 14:26:55:721	0	0	399	0
2021-03-17 14:26:56:732	0	0	399	0
2021-03-17 14:26:58:730	0	0	400	0
2021-03-17 14:26:59:741	0	0	399	0
2021-03-17 14:27:00:732	0	0	399	0
2021-03-17 14:27:01:738	0	0	399	0
2021-03-17 14:27:02:738	0	0	399	0
2021-03-17 14:27:03:732	0	0	399	0
2021-03-17 14:27:04:742	0	0	399	0
2021-03-17 14:27:05:737	0	0	399	0
2021-03-17 14:27:06:732	0	0	399	0
2021-03-17 14:27:07:742	0	0	399	0
2021-03-17 14:27:08:737	0	0	399	0
2021-03-17 14:27:09:747	0	0	399	0
2021-03-17 14:27:10:742	0	0	399	0
2021-03-17 14:27:11:743	0	0	400	0
2021-03-17 14:27:12:754	0	0	400	0
2021-03-17 14:27:13:746	0	0	399	0
2021-03-17 14:27:14:756	0	0	399	0
2021-03-17 14:27:16:747	0	0	400	0
2021-03-17 14:27:17:757	0	0	399	0
2021-03-17 14:27:18:752	0	0	399	0
2021-03-17 14:27:19:762	0	0	399	0
2021-03-17 14:27:21:768	0	0	401	0
2021-03-17 14:27:22:769	0	0	401	0
2021-03-17 14:27:23:765	0	0	401	0
2021-03-17 14:27:24:775	0	0	401	0
2021-03-17 14:27:26:765	0	0	399	0
2021-03-17 14:27:27:775	0	0	399	0
2021-03-17 14:27:28:770	0	0	399	0
2021-03-17 14:27:29:764	0	0	399	0
2021-03-17 14:27:31:769	0	0	399	0
2021-03-17 14:27:32:780	0	0	399	0
2021-03-17 14:27:33:783	0	0	401	0
2021-03-17 14:27:34:777	0	0	401	0
2021-03-17 14:27:36:783	0	0	399	0
2021-03-17 14:27:37:793	0	0	399	0
2021-03-17 14:27:38:772	0	0	399	0
2021-03-17 14:27:39:783	0	0	400	0
2021-03-17 14:27:40:793	0	0	400	0
2021-03-17 14:27:41:788	0	0	400	0
2021-03-17 14:27:42:799	0	0	400	0
2021-03-17 14:27:43:794	0	0	399	0
2021-03-17 14:27:44:795	0	0	399	0
2021-03-17 14:27:45:821	0	0	399	0
2021-03-17 14:27:46:784	0	0	399	0
2021-03-17 14:27:47:795	0	0	399	0
2021-03-17 14:27:48:790	0	0	399	0
2021-03-17 14:27:49:800	0	0	399	0
2021-03-17 14:27:50:827	0	0	399	0
2021-03-17 14:27:51:808	0	0	399	0
2021-03-17 14:27:52:816	0	0	399	0
2021-03-17 14:27:53:806	0	0	399	0
2021-03-17 14:27:54:818	0	0	399	0
2021-03-17 14:27:55:821	0	0	399	0
2021-03-17 14:27:56:813	0	0	399	0
2021-03-17 14:27:57:825	0	0	400	0
2021-03-17 14:27:58:812	0	0	400	0
2021-03-17 14:27:59:824	0	0	400	0
2021-03-17 14:28:00:833	0	0	400	0
2021-03-17 14:28:01:817	0	0	399	0
2021-03-17 14:28:02:832	0	0	399	0
2021-03-17 14:28:04:822	0	0	399	0
2021-03-17 14:28:05:833	0	0	399	0
2021-03-17 14:28:06:818	0	0	399	0
2021-03-17 14:28:07:828	0	0	399	0
2021-03-17 14:28:09:849	0	0	399	0
2021-03-17 14:28:10:844	0	0	399	0
2021-03-17 14:28:11:823	0	0	399	0
2021-03-17 14:28:12:833	0	0	399	0
2021-03-17 14:28:13:842	0	0	399	0
2021-03-17 14:28:14:837	0	0	399	0
2021-03-17 14:28:15:864	0	0	399	0
2021-03-17 14:28:16:843	0	0	399	0
2021-03-17 14:28:17:845	0	0	399	0
2021-03-17 14:28:18:841	0	0	399	0
2021-03-17 14:28:19:851	0	0	399	0
2021-03-17 14:28:20:846	0	0	399	0
2021-03-17 14:28:21:840	0	0	400	0
2021-03-17 14:28:22:867	0	0	400	0
2021-03-17 14:28:23:861	0	0	401	0
2021-03-17 14:28:24:856	0	0	401	0
2021-03-17 14:28:25:866	0	0	399	0
2021-03-17 14:28:27:856	0	0	399	0
2021-03-17 14:28:28:859	0	0	399	0
2021-03-17 14:28:29:853	0	0	400	0
2021-03-17 14:28:30:864	0	0	400	0
2021-03-17 14:28:32:885	0	0	399	0
2021-03-17 14:28:33:879	0	0	400	0
2021-03-17 14:28:34:859	0	0	400	0
2021-03-17 14:28:35:869	0	0	399	0
2021-03-17 14:28:36:880	0	0	399	0
2021-03-17 14:28:37:875	0	0	399	0
2021-03-17 14:28:38:885	0	0	399	0
2021-03-17 14:28:39:870	0	0	399	0
2021-03-17 14:28:40:881	0	0	399	0
2021-03-17 14:28:41:876	0	0	399	0
2021-03-17 14:28:42:870	0	0	399	0
2021-03-17 14:28:43:891	0	0	400	0
2021-03-17 14:28:45:880	0	0	400	0
2021-03-17 14:28:46:890	0	0	400	0
2021-03-17 14:28:47:885	0	0	399	0
2021-03-17 14:28:48:896	0	0	399	0
2021-03-17 14:28:49:890	0	0	399	0
2021-03-17 14:28:50:893	0	0	399	0
2021-03-17 14:28:51:922	0	0	400	0
2021-03-17 14:28:52:900	0	0	400	0
2021-03-17 14:28:53:907	0	0	399	0
2021-03-17 14:28:54:913	0	0	399	0
2021-03-17 14:28:55:908	0	0	400	0
2021-03-17 14:28:56:916	0	0	400	0
2021-03-17 14:28:58:928	0	0	400	0
2021-03-17 14:28:59:931	0	0	399	0
2021-03-17 14:29:00:929	0	0	399	0
2021-03-17 14:29:01:911	0	0	399	0
2021-03-17 14:29:03:921	0	0	399	0
2021-03-17 14:29:04:916	0	0	399	0
2021-03-17 14:29:05:911	0	0	399	0
2021-03-17 14:29:06:921	0	0	399	0
2021-03-17 14:29:07:932	0	0	400	0
2021-03-17 14:29:08:927	0	0	400	0
2021-03-17 14:29:09:921	0	0	399	0
2021-03-17 14:29:10:916	0	0	399	0
2021-03-17 14:29:11:926	0	0	399	0
2021-03-17 14:29:12:927	0	0	399	0
2021-03-17 14:29:13:922	0	0	399	0
2021-03-17 14:29:14:932	0	0	399	0
2021-03-17 14:29:15:927	0	0	399	0
2021-03-17 14:29:16:954	0	0	399	0
2021-03-17 14:29:18:943	0	0	400	0
2021-03-17 14:29:19:938	0	0	400	0
2021-03-17 14:29:20:933	0	0	400	0
2021-03-17 14:29:21:943	0	0	400	0
2021-03-17 14:29:23:942	0	0	399	0
2021-03-17 14:29:24:952	0	0	399	0
2021-03-17 14:29:25:948	0	0	400	0
2021-03-17 14:29:26:942	0	0	400	0
2021-03-17 14:29:28:947	0	0	399	0
2021-03-17 14:29:29:958	0	0	399	0
2021-03-17 14:29:30:953	0	0	399	0
2021-03-17 14:29:31:964	0	0	401	0
2021-03-17 14:29:33:953	0	0	399	0
2021-03-17 14:29:34:956	0	0	399	0
2021-03-17 14:29:35:950	0	0	399	0
2021-03-17 14:29:36:961	0	0	399	0
2021-03-17 14:29:38:977	0	0	399	0
2021-03-17 14:29:39:977	0	0	399	0
2021-03-17 14:29:40:957	0	0	399	0
2021-03-17 14:29:41:967	0	0	399	0
2021-03-17 14:29:42:962	0	0	399	0
2021-03-17 14:29:43:986	0	0	399	0
2021-03-17 14:29:44:980	0	0	399	0
2021-03-17 14:29:45:966	0	0	399	0
2021-03-17 14:29:46:976	0	0	399	0
2021-03-17 14:29:47:971	0	0	399	0
2021-03-17 14:29:48:966	0	0	399	0
2021-03-17 14:29:49:976	0	0	400	0
2021-03-17 14:29:50:971	0	0	400	0
2021-03-17 14:29:51:991	0	0	399	0
2021-03-17 14:29:52:981	0	0	399	0
2021-03-17 14:29:53:993	0	0	399	0
2021-03-17 14:29:55:000	0	0	399	0
2021-03-17 14:29:55:991	0	0	399	0
2021-03-17 14:29:56:998	0	0	399	0
2021-03-17 14:29:57:989	0	0	399	0
2021-03-17 14:29:58:999	0	0	399	0
2021-03-17 14:30:00:005	0	0	399	0
2021-03-17 14:30:00:993	0	0	399	0
2021-03-17 14:30:02:008	0	0	399	0
2021-03-17 14:30:02:992	0	0	399	0
2021-03-17 14:30:04:003	0	0	399	0
2021-03-17 14:30:04:997	0	0	399	0
2021-03-17 14:30:05:992	0	0	399	0
2021-03-17 14:30:07:002	0	0	399	0
2021-03-17 14:30:07:988	0	0	399	0
2021-03-17 14:30:08:998	0	0	399	0
2021-03-17 14:30:10:009	0	0	399	0
2021-03-17 14:30:11:003	0	0	399	0
2021-03-17 14:30:12:014	0	0	399	0
2021-03-17 14:30:12:993	0	0	399	0
2021-03-17 14:30:14:002	0	0	400	0
2021-03-17 14:30:15:012	0	0	400	0
2021-03-17 14:30:16:007	0	0	399	0
2021-03-17 14:30:17:018	0	0	399	0
2021-03-17 14:30:18:013	0	0	399	0
2021-03-17 14:30:19:016	0	0	399	0
2021-03-17 14:30:20:023	0	0	399	0
2021-03-17 14:30:21:021	0	0	399	0
2021-03-17 14:30:22:036	0	0	399	0
2021-03-17 14:30:23:016	0	0	399	0
2021-03-17 14:30:24:016	0	0	399	0
2021-03-17 14:30:25:031	0	0	399	0
2021-03-17 14:30:26:046	0	0	399	0
2021-03-17 14:30:27:046	0	0	399	0
2021-03-17 14:30:29:030	0	0	399	0
2021-03-17 14:30:30:030	0	0	399	0
2021-03-17 14:30:31:030	0	0	399	0
2021-03-17 14:30:32:029	0	0	399	0
2021-03-17 14:30:34:029	0	0	399	0
2021-03-17 14:30:35:044	0	0	399	0
2021-03-17 14:30:36:029	0	0	399	0
2021-03-17 14:30:37:044	0	0	399	0
2021-03-17 14:30:39:044	0	0	399	0
2021-03-17 14:30:40:043	0	0	399	0
2021-03-17 14:30:41:043	0	0	399	0
2021-03-17 14:30:42:043	0	0	399	0
2021-03-17 14:30:44:051	0	0	399	0
2021-03-17 14:30:45:051	0	0	399	0
2021-03-17 14:30:46:050	0	0	399	0
2021-03-17 14:30:47:050	0	0	399	0
2021-03-17 14:30:49:050	0	0	399	0
2021-03-17 14:30:50:065	0	0	399	0
2021-03-17 14:30:51:058	0	0	399	0
2021-03-17 14:30:52:066	0	0	399	0
2021-03-17 14:30:54:066	0	0	399	0
2021-03-17 14:30:55:073	0	0	399	0
2021-03-17 14:30:56:065	0	0	399	0
2021-03-17 14:30:57:073	0	0	399	0
2021-03-17 14:30:59:073	0	0	399	0
2021-03-17 14:31:00:079	0	0	399	0
2021-03-17 14:31:01:075	0	0	399	0
2021-03-17 14:31:02:066	0	0	399	0
2021-03-17 14:31:03:081	0	0	399	0
2021-03-17 14:31:04:080	0	0	399	0
2021-03-17 14:31:05:079	0	0	399	0
2021-03-17 14:31:06:079	0	0	399	0
2021-03-17 14:31:07:079	0	0	399	0
2021-03-17 14:31:08:094	0	0	399	0
2021-03-17 14:31:09:078	0	0	399	0
2021-03-17 14:31:10:094	0	0	399	0
2021-03-17 14:31:11:078	0	0	399	0
2021-03-17 14:31:12:093	0	0	399	0
2021-03-17 14:31:13:093	0	0	399	0
2021-03-17 14:31:14:083	0	0	399	0
2021-03-17 14:31:15:098	0	0	399	0
2021-03-17 14:31:16:082	0	0	399	0
2021-03-17 14:31:17:098	0	0	399	0
2021-03-17 14:31:18:097	0	0	400	0
2021-03-17 14:31:19:097	0	0	400	0
2021-03-17 14:31:20:097	0	0	399	0
2021-03-17 14:31:21:097	0	0	399	0
2021-03-17 14:31:22:096	0	0	399	0
2021-03-17 14:31:23:112	0	0	399	0
2021-03-17 14:31:24:096	0	0	400	0
2021-03-17 14:31:25:111	0	0	400	0
2021-03-17 14:31:26:096	0	0	400	0
2021-03-17 14:31:27:111	0	0	400	0
2021-03-17 14:31:28:111	0	0	399	0
2021-03-17 14:31:29:110	0	0	399	0
2021-03-17 14:31:30:110	0	0	399	0
2021-03-17 14:31:31:110	0	0	399	0
2021-03-17 14:31:32:110	0	0	400	0
2021-03-17 14:31:33:125	0	0	400	0
2021-03-17 14:31:34:110	0	0	400	0
2021-03-17 14:31:35:125	0	0	400	0
2021-03-17 14:31:37:129	0	0	400	0
2021-03-17 14:31:38:135	0	0	399	0
2021-03-17 14:31:39:128	0	0	399	0
2021-03-17 14:31:40:135	0	0	400	0
2021-03-17 14:31:42:138	0	0	399	0
2021-03-17 14:31:43:147	0	0	399	0
2021-03-17 14:31:44:126	0	0	399	0
2021-03-17 14:31:45:141	0	0	399	0
2021-03-17 14:31:46:153	0	0	399	0
2021-03-17 14:31:47:144	0	0	399	0
2021-03-17 14:31:48:150	0	0	399	0
2021-03-17 14:31:49:144	0	0	399	0
2021-03-17 14:31:50:149	0	0	399	0
2021-03-17 14:31:51:157	0	0	399	0
2021-03-17 14:31:52:150	0	0	399	0
2021-03-17 14:31:53:160	0	0	399	0
2021-03-17 14:31:55:159	0	0	399	0
2021-03-17 14:31:56:164	0	0	399	0
2021-03-17 14:31:57:156	0	0	399	0
2021-03-17 14:31:58:163	0	0	400	0
2021-03-17 14:32:00:166	0	0	399	0
2021-03-17 14:32:01:173	0	0	399	0
2021-03-17 14:32:02:162	0	0	399	0
2021-03-17 14:32:03:170	0	0	399	0
2021-03-17 14:32:04:177	0	0	399	0
2021-03-17 14:32:05:170	0	0	399	0
2021-03-17 14:32:06:172	0	0	400	0
2021-03-17 14:32:07:170	0	0	400	0
2021-03-17 14:32:08:177	0	0	399	0
2021-03-17 14:32:09:188	0	0	399	0
2021-03-17 14:32:10:172	0	0	399	0
2021-03-17 14:32:11:185	0	0	399	0
2021-03-17 14:32:13:173	0	0	400	0
2021-03-17 14:32:14:179	0	0	399	0
2021-03-17 14:32:15:187	0	0	399	0
2021-03-17 14:32:16:195	0	0	400	0
2021-03-17 14:32:18:188	0	0	400	0
2021-03-17 14:32:19:201	0	0	400	0
2021-03-17 14:32:20:193	0	0	400	0
2021-03-17 14:32:21:188	0	0	400	0
2021-03-17 14:32:22:205	0	0	400	0
2021-03-17 14:32:23:197	0	0	400	0
2021-03-17 14:32:24:204	0	0	399	0
2021-03-17 14:32:25:200	0	0	399	0
2021-03-17 14:32:26:207	0	0	400	0
2021-03-17 14:32:27:212	0	0	400	0
2021-03-17 14:32:28:205	0	0	399	0
2021-03-17 14:32:29:212	0	0	399	0
2021-03-17 14:32:30:204	0	0	399	0
2021-03-17 14:32:31:214	0	0	399	0
2021-03-17 14:32:32:220	0	0	399	0
2021-03-17 14:32:33:212	0	0	399	0
2021-03-17 14:32:34:220	0	0	399	0
2021-03-17 14:32:36:218	0	0	399	0
2021-03-17 14:32:37:228	0	0	399	0
2021-03-17 14:32:38:220	0	0	401	0
2021-03-17 14:32:39:227	0	0	401	0
2021-03-17 14:32:41:222	0	0	400	0
2021-03-17 14:32:42:233	0	0	400	0
2021-03-17 14:32:43:229	0	0	400	0
2021-03-17 14:32:44:221	0	0	399	0
2021-03-17 14:32:45:242	0	0	399	0
2021-03-17 14:32:46:236	0	0	393	0
2021-03-17 14:32:47:240	0	0	393	0
2021-03-17 14:32:48:220	0	0	399	0
2021-03-17 14:32:49:240	0	0	399	0
2021-03-17 14:32:50:247	0	0	399	0
2021-03-17 14:32:51:241	0	0	399	0
2021-03-17 14:32:52:248	0	0	399	0
2021-03-17 14:32:54:247	0	0	399	0
2021-03-17 14:32:55:254	0	0	399	0
2021-03-17 14:32:56:248	0	0	399	0
2021-03-17 14:32:57:255	0	0	399	0
2021-03-17 14:32:59:254	0	0	399	0
2021-03-17 14:33:00:262	0	0	397	0
2021-03-17 14:33:01:257	0	0	397	0
2021-03-17 14:33:02:255	0	0	399	0
2021-03-17 14:33:04:261	0	0	398	0
2021-03-17 14:33:05:268	0	0	398	0
2021-03-17 14:33:06:252	0	0	399	0
2021-03-17 14:33:07:267	0	0	399	0
2021-03-17 14:33:08:278	0	0	399	0
2021-03-17 14:33:09:270	0	0	399	0
2021-03-17 14:33:10:276	0	0	400	0
2021-03-17 14:33:11:268	0	0	400	0
2021-03-17 14:33:12:269	0	0	400	0
2021-03-17 14:33:13:269	0	0	400	0
2021-03-17 14:33:14:274	0	0	400	0
2021-03-17 14:33:15:282	0	0	400	0
2021-03-17 14:33:16:268	0	0	400	0
2021-03-17 14:33:17:283	0	0	400	0
2021-03-17 14:33:18:292	0	0	399	0
2021-03-17 14:33:19:281	0	0	399	0
2021-03-17 14:33:20:283	0	0	400	0
2021-03-17 14:33:22:290	0	0	401	0
2021-03-17 14:33:23:299	0	0	401	0
2021-03-17 14:33:24:283	0	0	400	0
2021-03-17 14:33:25:298	0	0	400	0
2021-03-17 14:33:27:282	0	0	399	0
2021-03-17 14:33:28:306	0	0	400	0
2021-03-17 14:33:29:296	0	0	400	0
2021-03-17 14:33:30:303	0	0	400	0
2021-03-17 14:33:31:313	0	0	400	0
2021-03-17 14:33:32:302	0	0	400	0
2021-03-17 14:33:33:312	0	0	400	0
2021-03-17 14:33:35:297	0	0	400	0
2021-03-17 14:33:36:318	0	0	400	0
2021-03-17 14:33:37:310	0	0	400	0
2021-03-17 14:33:38:314	0	0	400	0
2021-03-17 14:33:40:317	0	0	400	0
2021-03-17 14:33:41:327	0	0	400	0
2021-03-17 14:33:42:316	0	0	402	0
2021-03-17 14:33:43:313	0	0	402	0
2021-03-17 14:33:44:323	0	0	400	0
2021-03-17 14:33:45:322	0	0	400	0
2021-03-17 14:33:46:333	0	0	400	0
2021-03-17 14:33:47:326	0	0	400	0
2021-03-17 14:33:48:331	0	0	400	0
2021-03-17 14:33:49:331	0	0	400	0
2021-03-17 14:33:50:333	0	0	399	0
2021-03-17 14:33:51:337	0	0	399	0
2021-03-17 14:33:53:341	0	0	400	0
2021-03-17 14:33:54:345	0	0	399	0
2021-03-17 14:33:55:340	0	0	399	0
2021-03-17 14:33:56:345	0	0	398	0
2021-03-17 14:33:57:357	0	0	398	0
2021-03-17 14:33:58:349	0	0	400	0
2021-03-17 14:33:59:356	0	0	400	0
2021-03-17 14:34:00:340	0	0	400	0
2021-03-17 14:34:01:351	0	0	400	0
2021-03-17 14:34:02:360	0	0	400	0
2021-03-17 14:34:03:351	0	0	400	0
2021-03-17 14:34:04:359	0	0	400	0
2021-03-17 14:34:06:359	0	0	400	0
2021-03-17 14:34:07:366	0	0	400	0
2021-03-17 14:34:08:358	0	0	399	0
2021-03-17 14:34:09:367	0	0	399	0
2021-03-17 14:34:10:364	0	0	399	0
2021-03-17 14:34:11:368	0	0	399	0
2021-03-17 14:34:12:374	0	0	399	0
2021-03-17 14:34:14:378	0	0	400	0
2021-03-17 14:34:15:382	0	0	400	0
2021-03-17 14:34:16:374	0	0	400	0
2021-03-17 14:34:17:376	0	0	400	0
2021-03-17 14:34:19:383	0	0	400	0
2021-03-17 14:34:20:388	0	0	401	0
2021-03-17 14:34:21:383	0	0	401	0
2021-03-17 14:34:22:390	0	0	399	0
2021-03-17 14:34:23:396	0	0	399	0
2021-03-17 14:34:24:386	0	0	400	0
2021-03-17 14:34:25:397	0	0	400	0
2021-03-17 14:34:27:394	0	0	400	0
2021-03-17 14:34:28:402	0	0	399	0
2021-03-17 14:34:29:396	0	0	399	0
2021-03-17 14:34:30:402	0	0	400	0
2021-03-17 14:34:32:408	0	0	399	0
2021-03-17 14:34:33:412	0	0	399	0
2021-03-17 14:34:34:404	0	0	400	0
2021-03-17 14:34:35:411	0	0	400	0
2021-03-17 14:34:36:418	0	0	399	0
2021-03-17 14:34:37:408	0	0	399	0
2021-03-17 14:34:38:409	0	0	399	0
2021-03-17 14:34:39:409	0	0	399	0
2021-03-17 14:34:40:418	0	0	399	0
2021-03-17 14:34:41:427	0	0	399	0
2021-03-17 14:34:42:407	0	0	399	0
2021-03-17 14:34:43:423	0	0	399	0
2021-03-17 14:34:45:424	0	0	400	0
2021-03-17 14:34:46:429	0	0	400	0
2021-03-17 14:34:47:421	0	0	400	0
2021-03-17 14:34:48:429	0	0	399	0
2021-03-17 14:34:50:429	0	0	399	0
2021-03-17 14:34:51:437	0	0	399	0
2021-03-17 14:34:52:432	0	0	399	0
2021-03-17 14:34:53:436	0	0	399	0
2021-03-17 14:34:55:437	0	0	399	0
2021-03-17 14:34:56:439	0	0	399	0
2021-03-17 14:34:57:437	0	0	399	0
2021-03-17 14:34:58:445	0	0	399	0
2021-03-17 14:34:59:456	0	0	399	0
2021-03-17 14:35:00:440	0	0	399	0
2021-03-17 14:35:01:451	0	0	399	0
2021-03-17 14:35:02:446	0	0	399	0
2021-03-17 14:35:03:441	0	0	399	0
2021-03-17 14:35:04:462	0	0	399	0
2021-03-17 14:35:05:450	0	0	399	0
2021-03-17 14:35:06:455	0	0	399	0
2021-03-17 14:35:07:451	0	0	399	0
2021-03-17 14:35:08:459	0	0	400	0
2021-03-17 14:35:09:467	0	0	400	0
2021-03-17 14:35:10:455	0	0	399	0
2021-03-17 14:35:11:467	0	0	399	0
2021-03-17 14:35:13:467	0	0	399	0
2021-03-17 14:35:14:470	0	0	399	0
2021-03-17 14:35:15:466	0	0	399	0
2021-03-17 14:35:16:471	0	0	400	0
2021-03-17 14:35:17:471	0	0	400	0
2021-03-17 14:35:18:473	0	0	399	0
2021-03-17 14:35:19:479	0	0	399	0
2021-03-17 14:35:20:471	0	0	399	0
2021-03-17 14:35:21:479	0	0	399	0
2021-03-17 14:35:22:489	0	0	399	0
2021-03-17 14:35:23:471	0	0	399	0
2021-03-17 14:35:24:486	0	0	399	0
2021-03-17 14:35:25:480	0	0	399	0
2021-03-17 14:35:26:486	0	0	400	0
2021-03-17 14:35:27:489	0	0	400	0
2021-03-17 14:35:28:486	0	0	399	0
2021-03-17 14:35:29:496	0	0	399	0
2021-03-17 14:35:31:485	0	0	399	0
2021-03-17 14:35:32:502	0	0	399	0
2021-03-17 14:35:33:492	0	0	399	0
2021-03-17 14:35:34:501	0	0	399	0
2021-03-17 14:35:36:500	0	0	400	0
2021-03-17 14:35:37:503	0	0	400	0
2021-03-17 14:35:38:487	0	0	399	0
2021-03-17 14:35:39:506	0	0	399	0
2021-03-17 14:35:40:517	0	0	399	0
2021-03-17 14:35:41:501	0	0	399	0
2021-03-17 14:35:42:500	0	0	399	0
2021-03-17 14:35:43:508	0	0	399	0
2021-03-17 14:35:44:514	0	0	399	0
2021-03-17 14:35:45:522	0	0	399	0
2021-03-17 14:35:46:513	0	0	399	0
2021-03-17 14:35:47:521	0	0	399	0
2021-03-17 14:35:48:501	0	0	399	0
2021-03-17 14:35:49:521	0	0	399	0
2021-03-17 14:35:50:531	0	0	399	0
2021-03-17 14:35:51:521	0	0	399	0
2021-03-17 14:35:52:528	0	0	400	0
2021-03-17 14:35:54:529	0	0	399	0
2021-03-17 14:35:55:535	0	0	399	0
2021-03-17 14:35:56:527	0	0	399	0
2021-03-17 14:35:57:534	0	0	399	0
2021-03-17 14:35:59:536	0	0	399	0
2021-03-17 14:36:00:545	0	0	400	0
2021-03-17 14:36:01:534	0	0	400	0
2021-03-17 14:36:02:542	0	0	399	0
2021-03-17 14:36:04:541	0	0	399	0
2021-03-17 14:36:05:551	0	0	399	0
2021-03-17 14:36:06:543	0	0	399	0
2021-03-17 14:36:07:552	0	0	399	0
2021-03-17 14:36:08:559	0	0	399	0
2021-03-17 14:36:09:548	0	0	399	0
2021-03-17 14:36:10:547	0	0	399	0
2021-03-17 14:36:11:548	0	0	399	0
2021-03-17 14:36:12:548	0	0	397	0
2021-03-17 14:36:13:564	0	0	397	0
2021-03-17 14:36:14:550	0	0	400	0
2021-03-17 14:36:15:565	0	0	400	0
2021-03-17 14:36:17:551	0	0	400	0
2021-03-17 14:36:18:566	0	0	399	0
2021-03-17 14:36:19:551	0	0	399	0
2021-03-17 14:36:20:568	0	0	399	0
2021-03-17 14:36:22:572	0	0	399	0
2021-03-17 14:36:23:567	0	0	399	0
2021-03-17 14:36:24:567	0	0	400	0
2021-03-17 14:36:25:567	0	0	400	0
2021-03-17 14:36:26:584	0	0	399	0
2021-03-17 14:36:27:573	0	0	399	0
2021-03-17 14:36:28:573	0	0	399	0
2021-03-17 14:36:29:568	0	0	399	0
2021-03-17 14:36:30:584	0	0	400	0
2021-03-17 14:36:31:584	0	0	400	0
2021-03-17 14:36:32:585	0	0	399	0
2021-03-17 14:36:33:590	0	0	399	0
2021-03-17 14:36:35:585	0	0	399	0
2021-03-17 14:36:36:585	0	0	400	0
2021-03-17 14:36:37:585	0	0	400	0
2021-03-17 14:36:38:586	0	0	400	0
2021-03-17 14:36:39:601	0	0	400	0
2021-03-17 14:36:40:585	0	0	400	0
2021-03-17 14:36:41:601	0	0	400	0
2021-03-17 14:36:42:586	0	0	400	0
2021-03-17 14:36:43:604	0	0	400	0
2021-03-17 14:36:44:602	0	0	399	0
2021-03-17 14:36:45:601	0	0	399	0
2021-03-17 14:36:46:601	0	0	399	0
2021-03-17 14:36:47:604	0	0	399	0
2021-03-17 14:36:48:612	0	0	400	0
2021-03-17 14:36:49:619	0	0	400	0
2021-03-17 14:36:50:613	0	0	399	0
2021-03-17 14:36:51:622	0	0	399	0
2021-03-17 14:36:53:621	0	0	399	0
2021-03-17 14:36:54:628	0	0	399	0
2021-03-17 14:36:55:620	0	0	399	0
2021-03-17 14:36:56:626	0	0	399	0
2021-03-17 14:36:58:625	0	0	401	0
2021-03-17 14:36:59:633	0	0	401	0
2021-03-17 14:37:00:627	0	0	399	0
2021-03-17 14:37:01:634	0	0	399	0
2021-03-17 14:37:03:635	0	0	400	0
2021-03-17 14:37:04:640	0	0	399	0
2021-03-17 14:37:05:634	0	0	399	0
2021-03-17 14:37:06:640	0	0	399	0
2021-03-17 14:37:07:647	0	0	399	0
2021-03-17 14:37:08:641	0	0	399	0
2021-03-17 14:37:09:646	0	0	399	0
2021-03-17 14:37:10:642	0	0	400	0
2021-03-17 14:37:11:649	0	0	400	0
2021-03-17 14:37:12:656	0	0	399	0
2021-03-17 14:37:13:650	0	0	399	0
2021-03-17 14:37:14:657	0	0	400	0
2021-03-17 14:37:16:656	0	0	399	0
2021-03-17 14:37:17:663	0	0	399	0
2021-03-17 14:37:18:655	0	0	399	0
2021-03-17 14:37:19:661	0	0	399	0
2021-03-17 14:37:21:663	0	0	399	0
2021-03-17 14:37:22:672	0	0	399	0
2021-03-17 14:37:23:662	0	0	399	0
2021-03-17 14:37:24:670	0	0	400	0
2021-03-17 14:37:25:679	0	0	400	0
2021-03-17 14:37:26:670	0	0	399	0
2021-03-17 14:37:27:675	0	0	399	0
2021-03-17 14:37:28:670	0	0	400	0
2021-03-17 14:37:29:673	0	0	400	0
2021-03-17 14:37:30:681	0	0	399	0
2021-03-17 14:37:31:677	0	0	399	0
2021-03-17 14:37:32:685	0	0	400	0
2021-03-17 14:37:34:684	0	0	399	0
2021-03-17 14:37:35:691	0	0	399	0
2021-03-17 14:37:36:669	0	0	399	0
2021-03-17 14:37:37:689	0	0	399	0
2021-03-17 14:37:38:696	0	0	399	0
2021-03-17 14:37:39:680	0	0	399	0
2021-03-17 14:37:40:696	0	0	400	0
2021-03-17 14:37:41:680	0	0	400	0
2021-03-17 14:37:42:695	0	0	400	0
2021-03-17 14:37:43:706	0	0	400	0
2021-03-17 14:37:44:697	0	0	399	0
2021-03-17 14:37:45:697	0	0	399	0
2021-03-17 14:37:47:698	0	0	399	0
2021-03-17 14:37:48:703	0	0	399	0
2021-03-17 14:37:49:702	0	0	399	0
2021-03-17 14:37:50:698	0	0	399	0
2021-03-17 14:37:52:708	0	0	399	0
2021-03-17 14:37:53:720	0	0	399	0
2021-03-17 14:37:54:710	0	0	399	0
2021-03-17 14:37:55:720	0	0	399	0
2021-03-17 14:37:57:717	0	0	399	0
2021-03-17 14:37:58:727	0	0	399	0
2021-03-17 14:37:59:718	0	0	399	0
2021-03-17 14:38:00:724	0	0	399	0
2021-03-17 14:38:02:714	0	0	399	0
2021-03-17 14:38:03:730	0	0	399	0
2021-03-17 14:38:04:719	0	0	399	0
2021-03-17 14:38:05:731	0	0	399	0
2021-03-17 14:38:07:732	0	0	400	0
2021-03-17 14:38:08:732	0	0	399	0
2021-03-17 14:38:09:716	0	0	399	0
2021-03-17 14:38:10:736	0	0	400	0
2021-03-17 14:38:12:731	0	0	400	0
2021-03-17 14:38:13:733	0	0	400	0
2021-03-17 14:38:14:733	0	0	399	0
2021-03-17 14:38:15:738	0	0	399	0
2021-03-17 14:38:17:733	0	0	400	0
2021-03-17 14:38:18:748	0	0	400	0
2021-03-17 14:38:19:732	0	0	400	0
2021-03-17 14:38:20:749	0	0	399	0
2021-03-17 14:38:22:753	0	0	399	0
2021-03-17 14:38:23:749	0	0	399	0
2021-03-17 14:38:24:749	0	0	400	0
2021-03-17 14:38:25:749	0	0	400	0
2021-03-17 14:38:26:749	0	0	399	0
2021-03-17 14:38:27:749	0	0	399	0
2021-03-17 14:38:28:765	0	0	399	0
2021-03-17 14:38:29:750	0	0	399	0
2021-03-17 14:38:30:766	0	0	399	0
2021-03-17 14:38:31:755	0	0	399	0
2021-03-17 14:38:32:766	0	0	399	0
2021-03-17 14:38:33:766	0	0	399	0
2021-03-17 14:38:34:766	0	0	399	0
2021-03-17 14:38:35:767	0	0	399	0
2021-03-17 14:38:36:767	0	0	399	0
2021-03-17 14:38:37:771	0	0	399	0
2021-03-17 14:38:38:783	0	0	400	0
2021-03-17 14:38:39:767	0	0	400	0
2021-03-17 14:38:40:782	0	0	399	0
2021-03-17 14:38:41:768	0	0	399	0
2021-03-17 14:38:42:773	0	0	399	0
2021-03-17 14:38:43:781	0	0	399	0
2021-03-17 14:38:44:768	0	0	400	0
2021-03-17 14:38:45:783	0	0	400	0
2021-03-17 14:38:47:788	0	0	399	0
2021-03-17 14:38:48:790	0	0	399	0
2021-03-17 14:38:49:774	0	0	399	0
2021-03-17 14:38:50:784	0	0	399	0
2021-03-17 14:38:52:794	0	0	399	0
2021-03-17 14:38:53:799	0	0	399	0
2021-03-17 14:38:54:794	0	0	400	0
2021-03-17 14:38:55:802	0	0	400	0
2021-03-17 14:38:57:801	0	0	399	0
2021-03-17 14:38:58:810	0	0	401	0
2021-03-17 14:38:59:801	0	0	401	0
2021-03-17 14:39:00:809	0	0	399	0
2021-03-17 14:39:01:798	0	0	399	0
2021-03-17 14:39:02:802	0	0	400	0
2021-03-17 14:39:03:802	0	0	400	0
2021-03-17 14:39:04:806	0	0	399	0
2021-03-17 14:39:05:802	0	0	399	0
2021-03-17 14:39:06:798	0	0	399	0
2021-03-17 14:39:07:813	0	0	399	0
2021-03-17 14:39:09:806	0	0	399	0
2021-03-17 14:39:10:821	0	0	399	0
2021-03-17 14:39:11:811	0	0	399	0
2021-03-17 14:39:12:811	0	0	399	0
2021-03-17 14:39:14:818	0	0	399	0
2021-03-17 14:39:15:818	0	0	399	0
2021-03-17 14:39:16:818	0	0	399	0
2021-03-17 14:39:17:818	0	0	399	0
2021-03-17 14:39:18:818	0	0	399	0
2021-03-17 14:39:19:817	0	0	399	0
2021-03-17 14:39:20:835	0	0	399	0
2021-03-17 14:39:21:819	0	0	399	0
2021-03-17 14:39:22:819	0	0	399	0
2021-03-17 14:39:23:828	0	0	399	0
2021-03-17 14:39:24:819	0	0	400	0
2021-03-17 14:39:26:833	0	0	399	0
2021-03-17 14:39:27:835	0	0	399	0
2021-03-17 14:39:28:819	0	0	399	0
2021-03-17 14:39:29:842	0	0	399	0
2021-03-17 14:39:31:829	0	0	399	0
2021-03-17 14:39:32:849	0	0	399	0
2021-03-17 14:39:33:836	0	0	399	0
2021-03-17 14:39:34:836	0	0	399	0
2021-03-17 14:39:35:838	0	0	399	0
2021-03-17 14:39:36:841	0	0	399	0
2021-03-17 14:39:37:841	0	0	399	0
2021-03-17 14:39:38:848	0	0	399	0
2021-03-17 14:39:39:853	0	0	399	0
2021-03-17 14:39:40:837	0	0	399	0
2021-03-17 14:39:41:856	0	0	399	0
2021-03-17 14:39:42:854	0	0	399	0
2021-03-17 14:39:43:854	0	0	399	0
2021-03-17 14:39:44:860	0	0	399	0
2021-03-17 14:39:45:838	0	0	399	0
2021-03-17 14:39:46:854	0	0	399	0
2021-03-17 14:39:48:855	0	0	398	0
2021-03-17 14:39:49:855	0	0	398	0
2021-03-17 14:39:50:862	0	0	399	0
2021-03-17 14:39:51:868	0	0	399	0
2021-03-17 14:39:53:870	0	0	399	0
2021-03-17 14:39:54:877	0	0	399	0
2021-03-17 14:39:55:868	0	0	399	0
2021-03-17 14:39:56:874	0	0	399	0
2021-03-17 14:39:57:867	0	0	399	0
2021-03-17 14:39:58:875	0	0	399	0
2021-03-17 14:39:59:883	0	0	399	0
2021-03-17 14:40:00:875	0	0	399	0
2021-03-17 14:40:01:869	0	0	399	0
2021-03-17 14:40:02:872	0	0	399	0
2021-03-17 14:40:03:878	0	0	399	0
2021-03-17 14:40:04:878	0	0	399	0
2021-03-17 14:40:05:883	0	0	399	0
2021-03-17 14:40:06:874	0	0	400	0
2021-03-17 14:40:07:873	0	0	400	0
2021-03-17 14:40:08:891	0	0	399	0
2021-03-17 14:40:10:889	0	0	400	0
2021-03-17 14:40:11:896	0	0	400	0
2021-03-17 14:40:12:886	0	0	399	0
2021-03-17 14:40:13:894	0	0	399	0
2021-03-17 14:40:15:896	0	0	399	0
2021-03-17 14:40:16:901	0	0	399	0
2021-03-17 14:40:17:895	0	0	399	0
2021-03-17 14:40:18:900	0	0	399	0
2021-03-17 14:40:20:903	0	0	399	0
2021-03-17 14:40:21:910	0	0	399	0
2021-03-17 14:40:22:904	0	0	400	0
2021-03-17 14:40:23:908	0	0	400	0
2021-03-17 14:40:24:920	0	0	400	0
2021-03-17 14:40:25:910	0	0	400	0
2021-03-17 14:40:26:918	0	0	401	0
2021-03-17 14:40:27:906	0	0	401	0
2021-03-17 14:40:28:916	0	0	400	0
2021-03-17 14:40:29:924	0	0	400	0
2021-03-17 14:40:30:911	0	0	400	0
2021-03-17 14:40:31:911	0	0	400	0
2021-03-17 14:40:32:917	0	0	400	0
2021-03-17 14:40:33:923	0	0	400	0
2021-03-17 14:40:34:923	0	0	400	0
2021-03-17 14:40:35:924	0	0	400	0
2021-03-17 14:40:36:924	0	0	399	0
2021-03-17 14:40:38:931	0	0	400	0
2021-03-17 14:40:39:924	0	0	400	0
2021-03-17 14:40:40:924	0	0	400	0
2021-03-17 14:40:41:938	0	0	400	0
2021-03-17 14:40:42:939	0	0	400	0
2021-03-17 14:40:43:923	0	0	400	0
2021-03-17 14:40:44:946	0	0	400	0
2021-03-17 14:40:45:925	0	0	400	0
2021-03-17 14:40:46:929	0	0	400	0
2021-03-17 14:40:47:950	0	0	400	0
2021-03-17 14:40:48:940	0	0	400	0
2021-03-17 14:40:49:940	0	0	400	0
2021-03-17 14:40:51:952	0	0	400	0
2021-03-17 14:40:52:957	0	0	400	0
2021-03-17 14:40:53:953	0	0	400	0
2021-03-17 14:40:54:957	0	0	400	0
2021-03-17 14:40:56:957	0	0	400	0
2021-03-17 14:40:57:968	0	0	400	0
2021-03-17 14:40:58:959	0	0	400	0
2021-03-17 14:40:59:973	0	0	400	0
2021-03-17 14:41:00:971	0	0	400	0
2021-03-17 14:41:01:951	0	0	400	0
2021-03-17 14:41:02:971	0	0	400	0
2021-03-17 14:41:03:958	0	0	400	0
2021-03-17 14:41:04:973	0	0	400	0
2021-03-17 14:41:05:978	0	0	400	0
2021-03-17 14:41:06:958	0	0	400	0
2021-03-17 14:41:07:974	0	0	400	0
2021-03-17 14:41:09:975	0	0	399	0
2021-03-17 14:41:10:975	0	0	400	0
2021-03-17 14:41:11:976	0	0	400	0
2021-03-17 14:41:12:975	0	0	400	0
2021-03-17 14:41:14:987	0	0	400	0
2021-03-17 14:41:15:991	0	0	400	0
2021-03-17 14:41:16:976	0	0	400	0
2021-03-17 14:41:17:994	0	0	400	0
2021-03-17 14:41:18:998	0	0	400	0
2021-03-17 14:41:19:982	0	0	400	0
2021-03-17 14:41:20:999	0	0	398	0
2021-03-17 14:41:21:993	0	0	398	0
2021-03-17 14:41:22:993	0	0	400	0
2021-03-17 14:41:24:008	0	0	400	0
2021-03-17 14:41:24:999	0	0	400	0
2021-03-17 14:41:25:998	0	0	400	0
2021-03-17 14:41:27:994	0	0	400	0
2021-03-17 14:41:29:009	0	0	400	0
2021-03-17 14:41:30:008	0	0	400	0
2021-03-17 14:41:31:010	0	0	400	0
2021-03-17 14:41:33:013	0	0	400	0
2021-03-17 14:41:34:010	0	0	400	0
2021-03-17 14:41:35:010	0	0	400	0
2021-03-17 14:41:36:022	0	0	400	0
2021-03-17 14:41:37:027	0	0	399	0
2021-03-17 14:41:38:011	0	0	399	0
2021-03-17 14:41:39:030	0	0	399	0
2021-03-17 14:41:40:012	0	0	399	0
2021-03-17 14:41:41:017	0	0	400	0
2021-03-17 14:41:42:035	0	0	400	0
2021-03-17 14:41:43:028	0	0	399	0
2021-03-17 14:41:44:027	0	0	399	0
2021-03-17 14:41:46:032	0	0	400	0
2021-03-17 14:41:47:032	0	0	400	0
2021-03-17 14:41:48:033	0	0	400	0
2021-03-17 14:41:49:044	0	0	400	0
2021-03-17 14:41:51:043	0	0	400	0
2021-03-17 14:41:52:051	0	0	400	0
2021-03-17 14:41:53:040	0	0	400	0
2021-03-17 14:41:54:051	0	0	400	0
2021-03-17 14:41:55:056	0	0	399	0
2021-03-17 14:41:56:049	0	0	399	0
2021-03-17 14:41:57:055	0	0	400	0
2021-03-17 14:41:58:049	0	0	400	0
2021-03-17 14:41:59:058	0	0	400	0
2021-03-17 14:42:00:065	0	0	400	0
2021-03-17 14:42:01:057	0	0	400	0
2021-03-17 14:42:02:052	0	0	400	0
2021-03-17 14:42:04:061	0	0	400	0
2021-03-17 14:42:05:061	0	0	400	0
2021-03-17 14:42:06:062	0	0	400	0
2021-03-17 14:42:07:063	0	0	400	0
2021-03-17 14:42:09:068	0	0	399	0
2021-03-17 14:42:10:063	0	0	399	0
2021-03-17 14:42:11:063	0	0	400	0
2021-03-17 14:42:12:078	0	0	400	0
2021-03-17 14:42:13:085	0	0	399	0
2021-03-17 14:42:14:069	0	0	399	0
2021-03-17 14:42:15:087	0	0	400	0
2021-03-17 14:42:16:064	0	0	400	0
2021-03-17 14:42:17:079	0	0	400	0
2021-03-17 14:42:18:090	0	0	400	0
2021-03-17 14:42:19:081	0	0	400	0
2021-03-17 14:42:20:081	0	0	400	0
2021-03-17 14:42:22:080	0	0	400	0
2021-03-17 14:42:23:096	0	0	400	0
2021-03-17 14:42:24:091	0	0	400	0
2021-03-17 14:42:25:096	0	0	400	0
2021-03-17 14:42:26:106	0	0	400	0
2021-03-17 14:42:27:097	0	0	399	0
2021-03-17 14:42:28:105	0	0	399	0
2021-03-17 14:42:29:101	0	0	400	0
2021-03-17 14:42:30:104	0	0	400	0
2021-03-17 14:42:31:113	0	0	399	0
2021-03-17 14:42:32:105	0	0	399	0
2021-03-17 14:42:33:112	0	0	400	0
2021-03-17 14:42:34:105	0	0	400	0
2021-03-17 14:42:35:114	0	0	400	0
2021-03-17 14:42:36:118	0	0	400	0
2021-03-17 14:42:37:109	0	0	400	0
2021-03-17 14:42:38:119	0	0	400	0
2021-03-17 14:42:40:125	0	0	400	0
2021-03-17 14:42:41:148	0	0	400	0
2021-03-17 14:42:42:121	0	0	400	0
2021-03-17 14:42:43:134	0	0	400	0
2021-03-17 14:42:45:141	0	0	400	0
2021-03-17 14:42:46:151	0	0	400	0
2021-03-17 14:42:47:128	0	0	400	0
2021-03-17 14:42:48:139	0	0	400	0
2021-03-17 14:42:49:145	0	0	400	0
2021-03-17 14:42:50:135	0	0	400	0
2021-03-17 14:42:51:146	0	0	399	0
2021-03-17 14:42:53:145	0	0	400	0
2021-03-17 14:42:54:150	0	0	400	0
2021-03-17 14:42:55:142	0	0	399	0
2021-03-17 14:42:56:157	0	0	399	0
2021-03-17 14:42:57:158	0	0	400	0
2021-03-17 14:42:58:163	0	0	400	0
2021-03-17 14:42:59:161	0	0	400	0
2021-03-17 14:43:00:156	0	0	400	0
2021-03-17 14:43:01:161	0	0	400	0
2021-03-17 14:43:02:169	0	0	400	0
2021-03-17 14:43:03:141	0	0	400	0
2021-03-17 14:43:04:165	0	0	400	0
2021-03-17 14:43:06:157	0	0	400	0
2021-03-17 14:43:07:175	0	0	400	0
2021-03-17 14:43:08:163	0	0	400	0
2021-03-17 14:43:09:157	0	0	400	0
2021-03-17 14:43:10:172	0	0	400	0
2021-03-17 14:43:11:185	0	0	400	0
2021-03-17 14:43:12:184	0	0	400	0
2021-03-17 14:43:14:178	0	0	401	0
2021-03-17 14:43:15:190	0	0	400	0
2021-03-17 14:43:16:175	0	0	400	0
2021-03-17 14:43:17:185	0	0	400	0
2021-03-17 14:43:19:188	0	0	400	0
2021-03-17 14:43:20:193	0	0	400	0
2021-03-17 14:43:21:187	0	0	400	0
2021-03-17 14:43:22:196	0	0	400	0
2021-03-17 14:43:43:228	0	0	400	0
2021-03-17 14:43:44:221	0	0	400	0
2021-03-17 14:43:46:224	0	0	400	0
2021-03-17 14:43:47:235	0	0	400	0
2021-03-17 14:43:48:224	0	0	400	0
2021-03-17 14:43:49:235	0	0	400	0
2021-03-17 14:43:50:240	0	0	400	0
2021-03-17 14:43:51:236	0	0	399	0
2021-03-17 14:43:52:242	0	0	399	0
2021-03-17 14:43:54:240	0	0	400	0
2021-03-17 14:43:55:247	0	0	400	0
2021-03-17 14:43:56:238	0	0	400	0
2021-03-17 14:43:57:250	0	0	399	0
2021-03-17 14:43:59:254	0	0	400	0
2021-03-17 14:44:00:259	0	0	400	0
2021-03-17 14:44:01:252	0	0	400	0
2021-03-17 14:44:02:261	0	0	400	0
2021-03-17 14:44:03:267	0	0	399	0
2021-03-17 14:44:04:259	0	0	399	0
2021-03-17 14:44:05:268	0	0	400	0
2021-03-17 14:44:07:268	0	0	400	0
2021-03-17 14:44:08:269	0	0	400	0
2021-03-17 14:44:09:263	0	0	400	0
2021-03-17 14:44:10:275	0	0	400	0
2021-03-17 14:44:11:283	0	0	400	0
2021-03-17 14:44:12:267	0	0	400	0
2021-03-17 14:44:13:285	0	0	400	0
2021-03-17 14:44:14:270	0	0	400	0
2021-03-17 14:44:15:268	0	0	400	0
2021-03-17 14:44:16:291	0	0	400	0
2021-03-17 14:44:17:295	0	0	400	0
2021-03-17 14:44:18:289	0	0	400	0
2021-03-17 14:44:20:285	0	0	400	0
2021-03-17 14:44:21:293	0	0	400	0
2021-03-17 14:44:22:287	0	0	400	0
2021-03-17 14:44:23:296	0	0	400	0
2021-03-17 14:44:24:301	0	0	400	0
2021-03-17 14:44:25:284	0	0	400	0
2021-03-17 14:44:26:299	0	0	400	0
2021-03-17 14:44:28:302	0	0	400	0
2021-03-17 14:44:29:312	0	0	400	0
2021-03-17 14:44:30:297	0	0	400	0
2021-03-17 14:44:31:307	0	0	399	0
2021-03-17 14:44:33:297	0	0	400	0
2021-03-17 14:44:34:314	0	0	400	0
2021-03-17 14:44:35:305	0	0	399	0
2021-03-17 14:44:36:313	0	0	399	0
2021-03-17 14:44:37:314	0	0	400	0
2021-03-17 14:44:38:318	0	0	400	0
2021-03-17 14:44:39:322	0	0	400	0
2021-03-17 14:44:41:320	0	0	399	0
2021-03-17 14:44:42:321	0	0	399	0
2021-03-17 14:44:43:306	0	0	400	0
2021-03-17 14:44:44:321	0	0	400	0
2021-03-17 14:44:45:339	0	0	400	0
2021-03-17 14:44:46:332	0	0	400	0
2021-03-17 14:44:47:330	0	0	400	0
2021-03-17 14:44:48:327	0	0	400	0
2021-03-17 14:44:49:334	0	0	400	0
2021-03-17 14:44:50:344	0	0	400	0
2021-03-17 14:44:51:334	0	0	401	0
2021-03-17 14:44:52:347	0	0	401	0
2021-03-17 14:44:54:341	0	0	399	0
2021-03-17 14:44:55:353	0	0	400	0
2021-03-17 14:44:56:344	0	0	400	0
2021-03-17 14:44:57:350	0	0	400	0
2021-03-17 14:44:59:353	0	0	400	0
2021-03-17 14:45:00:360	0	0	400	0
2021-03-17 14:45:01:363	0	0	399	0
2021-03-17 14:45:02:370	0	0	399	0
2021-03-17 14:45:03:367	0	0	400	0
2021-03-17 14:45:04:372	0	0	400	0
2021-03-17 14:45:05:365	0	0	400	0
2021-03-17 14:45:06:358	0	0	400	0
2021-03-17 14:45:07:379	0	0	400	0
2021-03-17 14:45:08:370	0	0	400	0
2021-03-17 14:45:09:365	0	0	399	0
2021-03-17 14:45:10:372	0	0	399	0
2021-03-17 14:45:12:370	0	0	400	0
2021-03-17 14:45:13:377	0	0	399	0
2021-03-17 14:45:14:368	0	0	399	0
2021-03-17 14:45:15:378	0	0	400	0
2021-03-17 14:45:17:382	0	0	399	0
2021-03-17 14:45:18:384	0	0	399	0
2021-03-17 14:45:19:378	0	0	400	0
2021-03-17 14:45:27:401	400	0	0	0
2021-03-17 14:45:28:388	400	0	0	0
2021-03-17 14:45:29:393	399	0	0	0
2021-03-17 14:45:30:403	399	0	0	0
2021-03-17 14:45:31:397	400	0	0	0
2021-03-17 14:45:32:393	400	0	0	0
2021-03-17 14:45:33:395	399	0	0	0
2021-03-17 14:45:34:402	399	0	0	0
2021-03-17 14:45:35:409	401	0	0	0
2021-03-17 14:45:36:401	401	0	0	0
2021-03-17 14:45:37:408	400	0	0	0
2021-03-17 14:46:20:485	400	0	0	0
2021-03-17 14:46:21:472	400	0	0	0
2021-03-17 14:46:22:473	400	0	0	0
2021-03-17 14:46:24:471	400	0	0	0
2021-03-17 14:46:25:486	400	0	0	0
2021-03-17 14:46:26:482	400	0	0	0
2021-03-17 14:46:27:490	400	0	0	0
2021-03-17 14:46:28:494	400	0	0	0
2021-03-17 14:46:29:489	400	0	0	0
2021-03-17 14:46:30:494	400	0	0	0
2021-03-17 14:46:31:472	399	0	0	0
2021-03-17 14:46:32:487	399	0	0	0
2021-03-17 14:46:33:500	399	0	0	0
2021-03-17 14:46:34:494	399	0	0	0
2021-03-17 14:46:35:503	400	0	0	0
2021-03-17 14:46:37:503	400	0	0	0
2021-03-17 14:46:38:503	400	0	0	0
2021-03-17 14:46:39:500	400	0	0	0
2021-03-17 14:46:40:508	400	0	0	0
2021-03-17 14:46:42:501	400	0	0	0
2021-03-17 14:46:43:515	400	0	0	0
2021-03-17 14:46:44:510	400	0	0	0
2021-03-17 14:46:45:518	400	0	0	0
2021-03-17 14:46:47:514	399	0	0	0
2021-03-17 14:46:48:518	399	0	0	0
2021-03-17 14:46:49:517	400	0	0	0
2021-03-17 14:46:50:524	400	0	0	0
2021-03-17 14:46:52:532	400	0	0	0
2021-03-17 14:46:53:537	398	0	0	0
2021-03-17 14:46:54:532	398	0	0	0
2021-03-17 14:46:55:535	400	0	0	0
2021-03-17 14:46:56:545	400	0	0	0
2021-03-17 14:46:57:536	399	0	0	0
2021-03-17 14:46:58:543	399	0	0	0
2021-03-17 14:46:59:555	400	0	0	0
2021-03-17 14:47:00:564	400	0	0	0
2021-03-17 14:47:01:550	400	0	0	0
2021-03-17 14:47:02:545	400	0	0	0
2021-03-17 14:47:03:550	400	0	0	0
2021-03-17 14:47:04:533	400	0	0	0
2021-03-17 14:47:05:548	399	0	0	0
2021-03-17 14:47:06:577	399	0	0	0
2021-03-17 14:47:07:549	400	0	0	0
2021-03-17 14:47:08:566	400	0	0	0
2021-03-17 14:47:10:578	399	0	0	0
2021-03-17 14:47:11:570	400	0	0	0
2021-03-17 14:47:12:548	400	0	0	0
2021-03-17 14:47:13:566	400	0	0	0
2021-03-17 14:47:15:564	399	0	0	0
2021-03-17 14:47:16:570	399	0	0	0
2021-03-17 14:47:17:563	400	0	0	0
2021-03-17 14:47:18:565	400	0	0	0
2021-03-17 14:47:20:570	399	0	0	0
2021-03-17 14:47:21:594	400	0	0	0
2021-03-17 14:47:22:563	400	0	0	0
2021-03-17 14:47:23:579	400	0	0	0
2021-03-17 14:47:25:581	400	0	0	0
2021-03-17 14:47:26:580	400	0	0	0
2021-03-17 14:47:27:581	399	0	0	0
2021-03-17 14:47:28:584	399	0	0	0
2021-03-17 14:47:29:588	400	0	0	0
2021-03-17 14:47:30:572	400	0	0	0
2021-03-17 14:47:31:587	399	0	0	0
2021-03-17 14:47:32:572	399	0	0	0
2021-03-17 14:47:33:602	400	0	0	0
2021-03-17 14:47:34:602	400	0	0	0
2021-03-17 14:47:35:586	400	0	0	0
2021-03-17 14:47:36:586	400	0	0	0
2021-03-17 14:47:38:586	400	0	0	0
2021-03-17 14:47:39:601	400	0	0	0
2021-03-17 14:47:40:616	400	0	0	0
2021-03-17 14:47:41:601	400	0	0	0
2021-03-17 14:47:42:600	400	0	0	0
2021-03-17 14:47:43:600	399	0	0	0
2021-03-17 14:47:44:615	399	0	0	0
2021-03-17 14:47:46:614	399	0	0	0
2021-03-17 14:47:47:614	400	0	0	0
2021-03-17 14:47:48:614	400	0	0	0
2021-03-17 14:47:49:610	400	0	0	0
2021-03-17 14:47:50:641	400	0	0	0
2021-03-17 14:47:51:641	400	0	0	0
2021-03-17 14:47:52:628	400	0	0	0
2021-03-17 14:47:53:626	400	0	0	0
2021-03-17 14:47:54:631	400	0	0	0
2021-03-17 14:47:55:656	400	0	0	0
2021-03-17 14:47:56:626	400	0	0	0
2021-03-17 14:47:57:637	400	0	0	0
2021-03-17 14:47:59:634	400	0	0	0
2021-03-17 14:48:00:645	400	0	0	0
2021-03-17 14:48:01:633	399	0	0	0
2021-03-17 14:48:02:638	399	0	0	0
2021-03-17 14:48:03:638	400	0	0	0
2021-03-17 14:48:04:637	400	0	0	0
2021-03-17 14:48:05:653	400	0	0	0
2021-03-17 14:48:07:637	399	0	0	0
2021-03-17 14:48:08:652	399	0	0	0
2021-03-17 14:48:09:636	399	0	0	0
2021-03-17 14:48:10:652	399	0	0	0
2021-03-17 14:48:11:652	400	0	0	0
2021-03-17 14:48:12:651	400	0	0	0
2021-03-17 14:48:13:651	400	0	0	0
2021-03-17 14:48:15:651	399	0	0	0
2021-03-17 14:48:16:666	399	0	0	0
2021-03-17 14:48:17:650	400	0	0	0
2021-03-17 14:48:18:666	400	0	0	0
2021-03-17 14:48:19:681	400	0	0	0
2021-03-17 14:48:20:665	400	0	0	0
2021-03-17 14:48:21:665	400	0	0	0
2021-03-17 14:48:23:664	399	0	0	0
2021-03-17 14:48:24:680	399	0	0	0
2021-03-17 14:48:25:664	399	0	0	0
2021-03-17 14:48:26:679	399	0	0	0
2021-03-17 14:48:28:679	401	0	0	0
2021-03-17 14:48:29:679	399	0	0	0
2021-03-17 14:48:30:678	399	0	0	0
2021-03-17 14:48:31:678	400	0	0	0
2021-03-17 14:48:32:694	400	0	0	0
2021-03-17 14:48:33:678	400	0	0	0
2021-03-17 14:48:34:693	400	0	0	0
2021-03-17 14:48:36:693	400	0	0	0
2021-03-17 14:48:37:693	400	0	0	0
2021-03-17 14:48:38:692	400	0	0	0
2021-03-17 14:48:39:692	400	0	0	0
2021-03-17 14:48:40:708	400	0	0	0
2021-03-17 14:48:41:707	400	0	0	0
2021-03-17 14:48:42:707	400	0	0	0
2021-03-17 14:48:43:707	400	0	0	0
2021-03-17 14:48:44:707	400	0	0	0
2021-03-17 14:48:45:706	400	0	0	0
2021-03-17 14:48:46:706	400	0	0	0
2021-03-17 14:48:47:706	400	0	0	0
2021-03-17 14:48:49:721	400	0	0	0
2021-03-17 14:48:50:721	400	0	0	0
2021-03-17 14:48:51:717	400	0	0	0
2021-03-17 14:48:52:725	400	0	0	0
2021-03-17 14:48:54:731	400	0	0	0
2021-03-17 14:48:55:754	400	0	0	0
2021-03-17 14:48:56:743	400	0	0	0
2021-03-17 14:48:57:737	400	0	0	0
2021-03-17 14:48:58:760	400	0	0	0
2021-03-17 14:54:53:275	399	0	0	0
2021-03-17 14:54:54:265	399	0	0	0
2021-03-17 14:54:55:275	399	0	0	0
2021-03-17 14:54:57:272	399	0	0	0
2021-03-17 14:54:58:283	399	0	0	0
2021-03-17 14:54:59:274	399	0	0	0
2021-03-17 14:55:00:282	399	0	0	0
2021-03-17 14:55:02:281	399	0	0	0
2021-03-17 14:55:03:281	399	0	0	0
2021-03-17 14:55:04:280	399	0	0	0
2021-03-17 14:55:05:280	399	0	0	0
2021-03-17 14:55:07:280	399	0	0	0
2021-03-17 14:55:08:295	399	0	0	0
2021-03-17 14:55:09:279	399	0	0	0
2021-03-17 14:55:10:294	399	0	0	0
2021-03-17 14:55:12:294	399	0	0	0
2021-03-17 14:55:13:294	399	0	0	0
2021-03-17 14:55:14:294	399	0	0	0
2021-03-17 14:55:15:293	399	0	0	0
2021-03-17 14:55:16:293	399	0	0	0
2021-03-17 14:55:17:293	399	0	0	0
2021-03-17 14:55:18:293	399	0	0	0
2021-03-17 14:55:19:293	399	0	0	0
2021-03-17 14:55:20:292	399	0	0	0
2021-03-17 14:55:21:308	399	0	0	0
2021-03-17 14:55:22:307	399	0	0	0
2021-03-17 14:55:23:307	399	0	0	0
2021-03-17 14:55:25:322	399	0	0	0
2021-03-17 14:55:26:322	399	0	0	0
2021-03-17 14:55:27:322	399	0	0	0
2021-03-17 14:55:28:322	400	0	0	0
2021-03-17 14:55:30:321	399	0	0	0
2021-03-17 14:55:31:336	399	0	0	0
2021-03-17 14:55:32:321	399	0	0	0
2021-03-17 14:55:33:336	399	0	0	0
2021-03-17 14:55:34:336	399	0	0	0
2021-03-17 14:55:35:335	399	0	0	0
2021-03-17 14:55:36:335	399	0	0	0
2021-03-17 14:55:37:335	399	0	0	0
2021-03-17 14:55:38:335	399	0	0	0
2021-03-17 14:55:39:350	399	0	0	0
2021-03-17 14:55:40:334	399	0	0	0
2021-03-17 14:55:41:350	399	0	0	0
2021-03-17 14:55:43:349	399	0	0	0
2021-03-17 14:55:44:349	399	0	0	0
2021-03-17 14:55:45:349	399	0	0	0
2021-03-17 14:55:46:348	399	0	0	0
2021-03-17 14:55:48:348	399	0	0	0
2021-03-17 14:55:49:363	399	0	0	0
2021-03-17 14:55:50:348	399	0	0	0
2021-03-17 14:55:51:367	399	0	0	0
2021-03-17 14:55:52:374	399	0	0	0
2021-03-17 14:55:53:366	399	0	0	0
2021-03-17 14:55:54:374	399	0	0	0
2021-03-17 14:55:55:382	399	0	0	0
2021-03-17 14:55:56:373	399	0	0	0
2021-03-17 14:55:57:380	399	0	0	0
2021-03-17 14:55:58:373	398	0	0	0
2021-03-17 14:55:59:379	398	0	0	0
2021-03-17 14:56:01:398	399	0	0	0
2021-03-17 14:56:02:386	399	0	0	0
2021-03-17 14:56:03:371	399	0	0	0
2021-03-17 14:56:04:386	399	0	0	0
2021-03-17 14:56:06:386	399	0	0	0
2021-03-17 14:56:07:386	399	0	0	0
2021-03-17 14:56:08:386	399	0	0	0
2021-03-17 14:56:09:386	399	0	0	0
2021-03-17 14:56:10:401	399	0	0	0
2021-03-17 14:56:11:385	399	0	0	0
2021-03-17 14:56:12:401	399	0	0	0
2021-03-17 14:56:13:385	399	0	0	0
2021-03-17 14:56:14:400	399	0	0	0
2021-03-17 14:56:15:400	399	0	0	0
2021-03-17 14:56:16:400	399	0	0	0
2021-03-17 14:56:17:399	399	0	0	0
2021-03-17 14:56:19:399	399	0	0	0
2021-03-17 14:56:20:414	399	0	0	0
2021-03-17 14:56:21:399	399	0	0	0
2021-03-17 14:56:22:414	399	0	0	0
2021-03-17 14:56:23:414	399	0	0	0
2021-03-17 14:56:24:413	399	0	0	0
2021-03-17 14:56:25:413	399	0	0	0
2021-03-17 14:56:26:413	399	0	0	0
2021-03-17 14:56:27:413	399	0	0	0
2021-03-17 14:56:28:428	399	0	0	0
2021-03-17 14:56:29:412	399	0	0	0
2021-03-17 14:56:30:428	399	0	0	0
2021-03-17 14:56:31:412	399	0	0	0
2021-03-17 14:56:32:427	400	0	0	0
2021-03-17 14:56:33:427	400	0	0	0
2021-03-17 14:56:34:427	399	0	0	0
2021-03-17 14:56:35:426	399	0	0	0
2021-03-17 14:56:36:426	399	0	0	0
2021-03-17 14:56:37:426	399	0	0	0
2021-03-17 14:56:38:441	400	0	0	0
2021-03-17 14:56:39:426	400	0	0	0
2021-03-17 14:56:40:441	399	0	0	0
2021-03-17 14:56:42:440	399	0	0	0
2021-03-17 14:56:43:440	399	0	0	0
2021-03-17 14:56:44:440	399	0	0	0
2021-03-17 14:56:45:440	399	0	0	0
2021-03-17 14:56:47:439	399	0	0	0
2021-03-17 14:56:48:455	399	0	0	0
2021-03-17 14:56:49:439	399	0	0	0
2021-03-17 14:56:50:454	399	0	0	0
2021-03-17 14:56:51:466	399	0	0	0
2021-03-17 14:56:52:456	399	0	0	0
2021-03-17 14:56:53:465	399	0	0	0
2021-03-17 14:56:54:457	399	0	0	0
2021-03-17 14:56:55:465	399	0	0	0
2021-03-17 14:56:56:472	399	0	0	0
2021-03-17 14:56:57:465	399	0	0	0
2021-03-17 14:56:58:471	399	0	0	0
2021-03-17 14:56:59:462	399	0	0	0
2021-03-17 14:57:00:471	399	0	0	0
2021-03-17 14:57:01:478	399	0	0	0
2021-03-17 14:57:02:463	398	0	0	0
2021-03-17 14:57:03:478	398	0	0	0
2021-03-17 14:57:05:477	399	0	0	0
2021-03-17 14:57:06:477	399	0	0	0
2021-03-17 14:57:07:477	399	0	0	0
2021-03-17 14:57:08:477	399	0	0	0
2021-03-17 14:57:10:476	399	0	0	0
2021-03-17 14:57:11:492	399	0	0	0
2021-03-17 14:57:12:492	399	0	0	0
2021-03-17 14:57:13:491	399	0	0	0
2021-03-17 14:57:14:491	399	0	0	0
2021-03-17 14:57:15:491	399	0	0	0
2021-03-17 14:57:16:490	399	0	0	0
2021-03-17 14:57:18:490	399	0	0	0
2021-03-17 14:57:19:505	399	0	0	0
2021-03-17 14:57:20:490	399	0	0	0
2021-03-17 14:57:21:505	399	0	0	0
2021-03-17 14:57:22:505	399	0	0	0
2021-03-17 14:57:23:504	399	0	0	0
2021-03-17 14:57:24:504	399	0	0	0
2021-03-17 14:57:25:504	399	0	0	0
2021-03-17 14:57:26:504	399	0	0	0
2021-03-17 14:57:27:519	399	0	0	0
2021-03-17 14:57:28:503	399	0	0	0
2021-03-17 14:57:29:519	399	0	0	0
2021-03-17 14:57:31:518	399	0	0	0
2021-03-17 14:57:32:518	399	0	0	0
2021-03-17 14:57:33:518	399	0	0	0
2021-03-17 14:57:34:518	399	0	0	0
2021-03-17 14:57:36:517	399	0	0	0
2021-03-17 14:57:37:533	399	0	0	0
2021-03-17 14:57:38:517	399	0	0	0
2021-03-17 14:57:39:532	399	0	0	0
2021-03-17 14:57:40:532	399	0	0	0
2021-03-17 14:57:41:532	399	0	0	0
2021-03-17 14:57:42:531	399	0	0	0
2021-03-17 14:57:43:531	399	0	0	0
2021-03-17 14:57:44:531	399	0	0	0
2021-03-17 14:57:45:546	399	0	0	0
2021-03-17 14:57:46:530	399	0	0	0
2021-03-17 14:57:47:546	399	0	0	0
2021-03-17 14:57:49:545	399	0	0	0
2021-03-17 14:57:50:545	399	0	0	0
2021-03-17 14:57:51:547	399	0	0	0
2021-03-17 14:57:52:556	399	0	0	0
2021-03-17 14:57:53:564	399	0	0	0
2021-03-17 14:57:54:555	399	0	0	0
2021-03-17 14:57:55:563	399	0	0	0
2021-03-17 14:57:56:555	399	0	0	0
2021-03-17 14:57:57:562	399	0	0	0
2021-03-17 14:57:58:573	399	0	0	0
2021-03-17 14:57:59:562	399	0	0	0
2021-03-17 14:58:00:571	399	0	0	0
2021-03-17 14:58:01:561	399	0	0	0
2021-03-17 14:58:02:558	399	0	0	0
2021-03-17 14:58:03:573	399	0	0	0
2021-03-17 14:58:04:557	399	0	0	0
2021-03-17 14:58:05:572	399	0	0	0
2021-03-17 14:58:06:557	399	0	0	0
2021-03-17 14:58:07:572	399	0	0	0
2021-03-17 14:58:08:572	399	0	0	0
2021-03-17 14:58:09:571	399	0	0	0
2021-03-17 14:58:10:571	399	0	0	0
2021-03-17 14:58:12:571	399	0	0	0
2021-03-17 14:58:13:586	399	0	0	0
2021-03-17 14:58:14:570	399	0	0	0
2021-03-17 14:58:15:586	399	0	0	0
2021-03-17 14:58:17:585	399	0	0	0
2021-03-17 14:58:18:585	399	0	0	0
2021-03-17 14:58:19:585	399	0	0	0
2021-03-17 14:58:20:585	399	0	0	0
2021-03-17 14:58:21:600	399	0	0	0
2021-03-17 14:58:22:584	399	0	0	0
2021-03-17 14:58:23:599	399	0	0	0
2021-03-17 14:58:24:584	399	0	0	0
2021-03-17 14:58:25:599	399	0	0	0
2021-03-17 14:58:26:599	399	0	0	0
2021-03-17 14:58:27:598	399	0	0	0
2021-03-17 14:58:28:598	399	0	0	0
2021-03-17 14:58:30:598	399	0	0	0
2021-03-17 14:58:31:613	399	0	0	0
2021-03-17 14:58:32:597	399	0	0	0
2021-03-17 14:58:33:613	399	0	0	0
2021-03-17 14:58:35:612	399	0	0	0
2021-03-17 14:58:36:612	399	0	0	0
2021-03-17 14:58:37:612	399	0	0	0
2021-03-17 14:58:38:627	397	0	0	0
2021-03-17 14:58:39:627	397	0	0	0
2021-03-17 14:58:40:611	399	0	0	0
2021-03-17 14:58:41:626	399	0	0	0
2021-03-17 14:58:42:611	399	0	0	0
2021-03-17 14:58:43:626	399	0	0	0
2021-03-17 14:58:44:626	399	0	0	0
2021-03-17 14:58:45:625	399	0	0	0
2021-03-17 14:58:46:625	399	0	0	0
2021-03-17 14:58:47:625	399	0	0	0
2021-03-17 14:58:48:625	399	0	0	0
2021-03-17 14:58:49:640	399	0	0	0
2021-03-17 14:58:50:624	398	0	0	0
2021-03-17 14:58:51:646	398	0	0	0
2021-03-17 14:58:53:647	399	0	0	0
2021-03-17 14:58:54:655	399	0	0	0
2021-03-17 14:58:55:647	399	0	0	0
2021-03-17 14:58:56:654	399	0	0	0
2021-03-17 14:58:58:651	399	0	0	0
2021-03-17 14:58:59:657	399	0	0	0
2021-03-17 14:59:00:650	399	0	0	0
2021-03-17 14:59:01:658	399	0	0	0
2021-03-17 14:59:02:660	399	0	0	0
2021-03-17 14:59:03:644	399	0	0	0
2021-03-17 14:59:04:659	399	0	0	0
2021-03-17 14:59:05:643	399	0	0	0
2021-03-17 14:59:06:659	399	0	0	0
2021-03-17 14:59:07:659	399	0	0	0
2021-03-17 14:59:08:658	399	0	0	0
2021-03-17 14:59:09:658	399	0	0	0
2021-03-17 14:59:11:658	399	0	0	0
2021-03-17 14:59:12:673	399	0	0	0
2021-03-17 14:59:13:657	399	0	0	0
2021-03-17 14:59:14:673	399	0	0	0
2021-03-17 14:59:15:672	399	0	0	0
2021-03-17 14:59:16:664	399	0	0	0
2021-03-17 14:59:17:680	399	0	0	0
2021-03-17 14:59:18:664	399	0	0	0
2021-03-17 14:59:19:679	399	0	0	0
2021-03-17 14:59:20:679	399	0	0	0
2021-03-17 14:59:21:679	399	0	0	0
2021-03-17 14:59:22:678	399	0	0	0
2021-03-17 14:59:23:678	399	0	0	0
2021-03-17 14:59:24:678	399	0	0	0
2021-03-17 14:59:25:693	399	0	0	0
2021-03-17 14:59:26:678	399	0	0	0
2021-03-17 14:59:27:693	399	0	0	0
2021-03-17 14:59:29:692	397	0	0	0
2021-03-17 14:59:30:692	399	0	0	0
2021-03-17 14:59:31:692	399	0	0	0
2021-03-17 14:59:32:692	399	0	0	0
2021-03-17 14:59:33:707	399	0	0	0
2021-03-17 14:59:34:691	399	0	0	0
2021-03-17 14:59:35:707	399	0	0	0
2021-03-17 14:59:37:706	399	0	0	0
2021-03-17 14:59:38:706	399	0	0	0
2021-03-17 14:59:39:706	399	0	0	0
2021-03-17 14:59:40:706	399	0	0	0
2021-03-17 14:59:41:721	399	0	0	0
2021-03-17 14:59:42:705	399	0	0	0
2021-03-17 14:59:43:721	399	0	0	0
2021-03-17 14:59:44:705	399	0	0	0
2021-03-17 14:59:45:720	399	0	0	0
2021-03-17 14:59:46:720	399	0	0	0
2021-03-17 14:59:47:720	399	0	0	0
2021-03-17 14:59:48:719	399	0	0	0
2021-03-17 14:59:50:735	399	0	0	0
2021-03-17 14:59:51:750	399	0	0	0
2021-03-17 14:59:52:734	399	0	0	0
2021-03-17 14:59:53:740	399	0	0	0
2021-03-17 14:59:54:749	399	0	0	0
2021-03-17 14:59:55:740	399	0	0	0
2021-03-17 14:59:56:748	399	0	0	0
2021-03-17 14:59:58:747	399	0	0	0
2021-03-17 14:59:59:755	399	0	0	0
2021-03-17 15:00:00:747	399	0	0	0
2021-03-17 15:00:01:754	399	0	0	0
2021-03-17 15:00:02:761	399	0	0	0
2021-03-17 15:00:03:761	399	0	0	0
2021-03-17 15:00:04:761	399	0	0	0
2021-03-17 15:00:05:745	399	0	0	0
2021-03-17 15:00:06:760	399	0	0	0
2021-03-17 15:00:07:760	399	0	0	0
2021-03-17 15:00:08:760	399	0	0	0
2021-03-17 15:00:09:759	399	0	0	0
2021-03-17 15:00:11:759	399	0	0	0
2021-03-17 15:00:12:774	399	0	0	0
2021-03-17 15:00:13:758	399	0	0	0
2021-03-17 15:00:14:774	399	0	0	0
2021-03-17 15:00:15:774	399	0	0	0
2021-03-17 15:00:16:773	399	0	0	0
2021-03-17 15:00:17:773	399	0	0	0
2021-03-17 15:00:18:773	399	0	0	0
2021-03-17 15:00:19:773	399	0	0	0
2021-03-17 15:00:20:788	400	0	0	0
2021-03-17 15:00:21:772	400	0	0	0
2021-03-17 15:00:22:788	399	0	0	0
2021-03-17 15:00:24:787	399	0	0	0
2021-03-17 15:00:25:787	399	0	0	0
2021-03-17 15:00:26:787	399	0	0	0
2021-03-17 15:00:27:786	399	0	0	0
2021-03-17 15:00:28:802	399	0	0	0
2021-03-17 15:00:29:786	399	0	0	0
2021-03-17 15:00:30:801	399	0	0	0
2021-03-17 15:00:32:801	399	0	0	0
2021-03-17 15:00:33:801	399	0	0	0
2021-03-17 15:00:34:800	399	0	0	0
2021-03-17 15:00:35:800	399	0	0	0
2021-03-17 15:00:37:800	399	0	0	0
2021-03-17 15:00:38:815	400	0	0	0
2021-03-17 15:00:39:799	400	0	0	0
2021-03-17 15:00:40:815	399	0	0	0
2021-03-17 15:00:41:814	399	0	0	0
2021-03-17 15:00:42:814	399	0	0	0
2021-03-17 15:00:43:814	399	0	0	0
2021-03-17 15:00:44:814	399	0	0	0
2021-03-17 15:00:45:813	399	0	0	0
2021-03-17 15:00:46:829	399	0	0	0
2021-03-17 15:00:47:813	399	0	0	0
2021-03-17 15:00:48:828	399	0	0	0
2021-03-17 15:00:50:828	399	0	0	0
2021-03-17 15:00:51:840	399	0	0	0
2021-03-17 15:00:52:832	399	0	0	0
2021-03-17 15:00:53:840	399	0	0	0
2021-03-17 15:00:55:839	399	0	0	0
2021-03-17 15:00:56:846	397	0	0	0
2021-03-17 15:00:57:838	397	0	0	0
2021-03-17 15:00:58:847	399	0	0	0
2021-03-17 15:01:00:846	399	0	0	0
2021-03-17 15:01:01:853	399	0	0	0
2021-03-17 15:01:02:831	399	0	0	0
2021-03-17 15:01:03:847	399	0	0	0
2021-03-17 15:01:04:861	399	0	0	0
2021-03-17 15:01:05:845	399	0	0	0
2021-03-17 15:01:06:860	399	0	0	0
2021-03-17 15:01:07:844	399	0	0	0
2021-03-17 15:01:08:860	399	0	0	0
2021-03-17 15:01:09:859	399	0	0	0
2021-03-17 15:01:10:859	398	0	0	0
2021-03-17 15:01:11:859	398	0	0	0
2021-03-17 15:01:13:858	399	0	0	0
2021-03-17 15:01:14:874	399	0	0	0
2021-03-17 15:01:15:858	399	0	0	0
2021-03-17 15:01:16:873	399	0	0	0
2021-03-17 15:01:18:873	399	0	0	0
2021-03-17 15:01:19:873	399	0	0	0
2021-03-17 15:01:20:872	398	0	0	0
2021-03-17 15:01:21:872	398	0	0	0
2021-03-17 15:01:22:888	399	0	0	0
2021-03-17 15:01:23:872	399	0	0	0
2021-03-17 15:01:24:887	399	0	0	0
2021-03-17 15:01:25:871	399	0	0	0
2021-03-17 15:01:26:887	399	0	0	0
2021-03-17 15:01:27:887	399	0	0	0
2021-03-17 15:01:28:886	399	0	0	0
2021-03-17 15:01:29:886	399	0	0	0
2021-03-17 15:01:31:886	399	0	0	0
2021-03-17 15:01:32:901	399	0	0	0
2021-03-17 15:01:33:886	399	0	0	0
2021-03-17 15:01:34:901	399	0	0	0
2021-03-17 15:01:35:901	399	0	0	0
2021-03-17 15:01:36:900	399	0	0	0
2021-03-17 15:01:37:900	399	0	0	0
2021-03-17 15:01:38:900	399	0	0	0
2021-03-17 15:01:39:900	399	0	0	0
2021-03-17 15:01:40:915	399	0	0	0
2021-03-17 15:01:41:899	399	0	0	0
2021-03-17 15:01:42:915	399	0	0	0
2021-03-17 15:01:44:914	399	0	0	0
2021-03-17 15:01:45:914	399	0	0	0
2021-03-17 15:01:46:914	399	0	0	0
2021-03-17 15:01:47:914	399	0	0	0
2021-03-17 15:01:49:913	399	0	0	0
2021-03-17 15:01:50:928	399	0	0	0
2021-03-17 15:01:51:925	399	0	0	0
2021-03-17 15:01:52:934	399	0	0	0
2021-03-17 15:01:53:943	399	0	0	0
2021-03-17 15:01:54:933	399	0	0	0
2021-03-17 15:01:55:943	399	0	0	0
2021-03-17 15:01:56:933	399	0	0	0
2021-03-17 15:01:57:945	399	0	0	0
2021-03-17 15:01:58:950	399	0	0	0
2021-03-17 15:01:59:936	399	0	0	0
2021-03-17 15:02:00:949	399	0	0	0
2021-03-17 15:02:02:942	399	0	0	0
2021-03-17 15:02:03:942	399	0	0	0
2021-03-17 15:02:04:942	399	0	0	0
2021-03-17 15:02:05:942	399	0	0	0
2021-03-17 15:02:06:957	399	0	0	0
2021-03-17 15:02:07:941	399	0	0	0
2021-03-17 15:02:08:956	399	0	0	0
2021-03-17 15:02:09:941	399	0	0	0
2021-03-17 15:02:10:956	399	0	0	0
2021-03-17 15:02:11:956	399	0	0	0
2021-03-17 15:02:12:955	399	0	0	0
2021-03-17 15:02:13:955	399	0	0	0
2021-03-17 15:02:15:960	399	0	0	0
2021-03-17 15:02:16:975	399	0	0	0
2021-03-17 15:02:17:960	399	0	0	0
2021-03-17 15:02:18:975	399	0	0	0
2021-03-17 15:02:20:974	399	0	0	0
2021-03-17 15:02:21:990	399	0	0	0
2021-03-17 15:02:22:974	399	0	0	0
2021-03-17 15:02:23:974	399	0	0	0
2021-03-17 15:02:24:989	399	0	0	0
2021-03-17 15:02:25:973	399	0	0	0
2021-03-17 15:02:26:989	399	0	0	0
2021-03-17 15:02:27:973	399	0	0	0
2021-03-17 15:02:28:988	399	0	0	0
2021-03-17 15:02:29:988	399	0	0	0
2021-03-17 15:02:30:988	399	0	0	0
2021-03-17 15:02:31:987	399	0	0	0
2021-03-17 15:02:33:987	399	0	0	0
2021-03-17 15:02:35:002	399	0	0	0
2021-03-17 15:02:35:987	399	0	0	0
2021-03-17 15:02:37:002	399	0	0	0
2021-03-17 15:02:38:002	399	0	0	0
2021-03-17 15:02:39:001	399	0	0	0
2021-03-17 15:02:40:001	399	0	0	0
2021-03-17 15:02:42:001	399	0	0	0
2021-03-17 15:02:43:016	399	0	0	0
2021-03-17 15:02:44:000	399	0	0	0
2021-03-17 15:02:45:016	399	0	0	0
2021-03-17 15:02:46:031	399	0	0	0
2021-03-17 15:02:47:015	399	0	0	0
2021-03-17 15:02:48:015	399	0	0	0
2021-03-17 15:02:49:015	399	0	0	0
2021-03-17 15:02:50:015	399	0	0	0
2021-03-17 15:02:51:032	399	0	0	0
2021-03-17 15:02:52:025	399	0	0	0
2021-03-17 15:02:53:033	399	0	0	0
2021-03-17 15:02:55:033	399	0	0	0
2021-03-17 15:02:56:040	399	0	0	0
2021-03-17 15:02:57:032	399	0	0	0
2021-03-17 15:02:58:040	399	0	0	0
2021-03-17 15:03:00:035	400	0	0	0
2021-03-17 15:03:01:048	399	0	0	0
2021-03-17 15:03:02:039	399	0	0	0
2021-03-17 15:03:03:036	399	0	0	0
2021-03-17 15:03:04:052	399	0	0	0
2021-03-17 15:03:05:036	399	0	0	0
2021-03-17 15:03:06:051	399	0	0	0
2021-03-17 15:03:07:035	399	0	0	0
2021-03-17 15:03:08:051	399	0	0	0
2021-03-17 15:03:09:051	399	0	0	0
2021-03-17 15:03:10:051	399	0	0	0
2021-03-17 15:03:11:050	399	0	0	0
2021-03-17 15:03:12:050	399	0	0	0
2021-03-17 15:03:13:050	399	0	0	0
2021-03-17 15:03:14:065	399	0	0	0
2021-03-17 15:03:15:049	399	0	0	0
2021-03-17 15:03:16:065	399	0	0	0
2021-03-17 15:03:18:064	399	0	0	0
2021-03-17 15:03:19:064	399	0	0	0
2021-03-17 15:03:20:064	399	0	0	0
2021-03-17 15:03:21:064	398	0	0	0
2021-03-17 15:03:23:063	399	0	0	0
2021-03-17 15:03:24:079	399	0	0	0
2021-03-17 15:03:25:063	399	0	0	0
2021-03-17 15:03:26:078	399	0	0	0
2021-03-17 15:03:27:078	399	0	0	0
2021-03-17 15:03:28:078	399	0	0	0
2021-03-17 15:03:29:078	399	0	0	0
2021-03-17 15:03:30:077	399	0	0	0
2021-03-17 15:03:31:077	399	0	0	0
2021-03-17 15:03:32:092	399	0	0	0
2021-03-17 15:03:33:077	399	0	0	0
2021-03-17 15:03:34:092	399	0	0	0
2021-03-17 15:03:36:092	399	0	0	0
2021-03-17 15:03:37:091	399	0	0	0
2021-03-17 15:03:38:091	399	0	0	0
2021-03-17 15:03:39:091	399	0	0	0
2021-03-17 15:03:41:090	399	0	0	0
2021-03-17 15:03:42:106	399	0	0	0
2021-03-17 15:03:43:090	399	0	0	0
2021-03-17 15:03:44:105	399	0	0	0
2021-03-17 15:03:46:105	399	0	0	0
2021-03-17 15:03:47:105	399	0	0	0
2021-03-17 15:03:48:104	399	0	0	0
2021-03-17 15:03:49:104	399	0	0	0
2021-03-17 15:03:51:128	399	0	0	0
2021-03-17 15:03:52:123	399	0	0	0
2021-03-17 15:03:53:115	399	0	0	0
2021-03-17 15:03:54:123	399	0	0	0
2021-03-17 15:03:55:114	399	0	0	0
2021-03-17 15:03:56:122	399	0	0	0
2021-03-17 15:03:57:131	399	0	0	0
2021-03-17 15:03:58:123	399	0	0	0
2021-03-17 15:03:59:130	399	0	0	0
2021-03-17 15:04:00:204	399	0	0	0
2021-03-17 15:04:01:127	399	0	0	0
2021-03-17 15:04:02:138	399	0	0	0
2021-03-17 15:04:03:116	399	0	0	0
2021-03-17 15:04:04:131	399	0	0	0
2021-03-17 15:04:05:115	399	0	0	0
2021-03-17 15:04:06:131	399	0	0	0
2021-03-17 15:04:07:131	399	0	0	0
2021-03-17 15:04:08:130	399	0	0	0
2021-03-17 15:04:09:130	399	0	0	0
2021-03-17 15:04:10:130	399	0	0	0
2021-03-17 15:04:11:333	399	0	0	0
2021-03-17 15:04:12:145	399	0	0	0
2021-03-17 15:04:13:129	399	0	0	0
2021-03-17 15:04:14:144	399	0	0	0
2021-03-17 15:04:15:129	399	0	0	0
2021-03-17 15:04:16:144	399	0	0	0
2021-03-17 15:04:17:144	399	0	0	0
2021-03-17 15:04:18:144	399	0	0	0
2021-03-17 15:04:19:144	399	0	0	0
2021-03-17 15:04:21:143	399	0	0	0
2021-03-17 15:04:22:158	399	0	0	0
2021-03-17 15:04:23:143	399	0	0	0
2021-03-17 15:04:24:158	399	0	0	0
2021-03-17 15:04:25:158	399	0	0	0
2021-03-17 15:04:26:157	399	0	0	0
2021-03-17 15:04:27:157	399	0	0	0
2021-03-17 15:04:28:157	399	0	0	0
2021-03-17 15:04:29:157	399	0	0	0
2021-03-17 15:04:30:172	399	0	0	0
2021-03-17 15:04:31:156	399	0	0	0
2021-03-17 15:04:32:172	399	0	0	0
2021-03-17 15:04:34:171	399	0	0	0
2021-03-17 15:04:35:171	399	0	0	0
2021-03-17 15:04:36:171	399	0	0	0
2021-03-17 15:04:37:171	399	0	0	0
2021-03-17 15:04:38:186	399	0	0	0
2021-03-17 15:04:39:186	399	0	0	0
2021-03-17 15:04:40:185	399	0	0	0
2021-03-17 15:04:41:185	399	0	0	0
2021-03-17 15:04:42:185	399	0	0	0
2021-03-17 15:04:43:200	399	0	0	0
2021-03-17 15:04:44:184	399	0	0	0
2021-03-17 15:04:45:200	399	0	0	0
2021-03-17 15:04:47:199	399	0	0	0
2021-03-17 15:04:48:199	399	0	0	0
2021-03-17 15:04:49:199	399	0	0	0
2021-03-17 15:04:50:199	399	0	0	0
2021-03-17 15:04:51:215	399	0	0	0
2021-03-17 15:04:52:207	399	0	0	0
2021-03-17 15:04:53:214	399	0	0	0
2021-03-17 15:04:54:207	399	0	0	0
2021-03-17 15:04:55:214	397	0	0	0
2021-03-17 15:04:56:223	397	0	0	0
2021-03-17 15:04:57:213	399	0	0	0
2021-03-17 15:04:58:221	399	0	0	0
2021-03-17 15:05:00:222	399	0	0	0
2021-03-17 15:05:01:229	399	0	0	0
2021-03-17 15:05:02:221	399	0	0	0
2021-03-17 15:05:03:219	399	0	0	0
2021-03-17 15:05:04:219	399	0	0	0
2021-03-17 15:05:05:219	399	0	0	0
2021-03-17 15:05:06:234	399	0	0	0
2021-03-17 15:05:07:218	399	0	0	0
2021-03-17 15:05:08:234	399	0	0	0
2021-03-17 15:05:09:233	399	0	0	0
2021-03-17 15:05:10:233	399	0	0	0
2021-03-17 15:05:11:233	399	0	0	0
2021-03-17 15:05:13:232	399	0	0	0
2021-03-17 15:05:14:248	399	0	0	0
2021-03-17 15:05:15:232	399	0	0	0
2021-03-17 15:05:16:247	399	0	0	0
2021-03-17 15:05:17:247	399	0	0	0
2021-03-17 15:05:18:247	399	0	0	0
2021-03-17 15:05:19:247	399	0	0	0
2021-03-17 15:05:20:246	399	0	0	0
2021-03-17 15:05:21:246	398	0	0	0
2021-03-17 15:05:22:262	398	0	0	0
2021-03-17 15:05:23:246	399	0	0	0
2021-03-17 15:05:24:261	399	0	0	0
2021-03-17 15:05:26:261	399	0	0	0
2021-03-17 15:05:27:260	399	0	0	0
2021-03-17 15:05:28:260	399	0	0	0
2021-03-17 15:05:29:260	399	0	0	0
2021-03-17 15:05:30:276	399	0	0	0
2021-03-17 15:05:31:260	399	0	0	0
2021-03-17 15:05:32:275	399	0	0	0
2021-03-17 15:05:34:275	399	0	0	0
2021-03-17 15:05:35:274	399	0	0	0
2021-03-17 15:05:36:274	399	0	0	0
2021-03-17 15:05:37:274	399	0	0	0
2021-03-17 15:05:38:289	399	0	0	0
2021-03-17 15:05:39:274	399	0	0	0
2021-03-17 15:05:40:289	399	0	0	0
2021-03-17 15:05:41:273	399	0	0	0
2021-03-17 15:05:42:289	399	0	0	0
2021-03-17 15:05:43:289	399	0	0	0
2021-03-17 15:05:44:288	399	0	0	0
2021-03-17 15:05:45:288	399	0	0	0
2021-03-17 15:05:47:288	399	0	0	0
2021-03-17 15:05:48:303	399	0	0	0
2021-03-17 15:05:49:287	399	0	0	0
2021-03-17 15:05:50:302	399	0	0	0
2021-03-17 15:05:51:313	399	0	0	0
2021-03-17 15:05:52:306	399	0	0	0
2021-03-17 15:05:53:313	399	0	0	0
2021-03-17 15:05:55:313	399	0	0	0
2021-03-17 15:05:56:320	399	0	0	0
2021-03-17 15:05:57:312	399	0	0	0
2021-03-17 15:05:58:319	399	0	0	0
2021-03-17 15:05:59:328	399	0	0	0
2021-03-17 15:06:00:319	399	0	0	0
2021-03-17 15:06:01:328	398	0	0	0
2021-03-17 15:06:02:319	398	0	0	0
2021-03-17 15:06:03:314	399	0	0	0
2021-03-17 15:06:04:329	399	0	0	0
2021-03-17 15:06:05:314	401	0	0	0
2021-03-17 15:06:06:329	401	0	0	0
2021-03-17 15:06:08:329	399	0	0	0
2021-03-17 15:06:09:328	399	0	0	0
2021-03-17 15:06:10:328	399	0	0	0
2021-03-17 15:06:11:328	399	0	0	0
2021-03-17 15:06:12:343	399	0	0	0
2021-03-17 15:06:13:327	399	0	0	0
2021-03-17 15:06:14:343	399	0	0	0
2021-03-17 15:06:16:342	399	0	0	0
2021-03-17 15:06:17:342	399	0	0	0
2021-03-17 15:06:18:342	399	0	0	0
2021-03-17 15:06:19:342	399	0	0	0
2021-03-17 15:06:20:357	399	0	0	0
2021-03-17 15:06:21:341	399	0	0	0
2021-03-17 15:06:22:356	399	0	0	0
2021-03-17 15:06:24:356	399	0	0	0
2021-03-17 15:06:25:356	399	0	0	0
2021-03-17 15:06:26:356	399	0	0	0
2021-03-17 15:06:27:355	399	0	0	0
2021-03-17 15:06:29:355	399	0	0	0
2021-03-17 15:06:30:370	399	0	0	0
2021-03-17 15:06:31:354	397	0	0	0
2021-03-17 15:06:32:370	397	0	0	0
2021-03-17 15:06:33:369	399	0	0	0
2021-03-17 15:06:34:369	399	0	0	0
2021-03-17 15:06:35:369	399	0	0	0
2021-03-17 15:06:37:369	399	0	0	0
2021-03-17 15:06:38:384	399	0	0	0
2021-03-17 15:06:39:368	399	0	0	0
2021-03-17 15:06:40:383	399	0	0	0
2021-03-17 15:06:42:383	399	0	0	0
2021-03-17 15:06:43:383	399	0	0	0
2021-03-17 15:06:44:383	399	0	0	0
2021-03-17 15:06:45:383	399	0	0	0
2021-03-17 15:06:46:398	399	0	0	0
2021-03-17 15:06:47:382	399	0	0	0
2021-03-17 15:06:48:397	399	0	0	0
2021-03-17 15:06:49:382	399	0	0	0
2021-03-17 15:06:50:397	399	0	0	0
2021-03-17 15:06:51:412	399	0	0	0
2021-03-17 15:06:52:403	399	0	0	0
2021-03-17 15:06:53:411	399	0	0	0
2021-03-17 15:06:55:410	399	0	0	0
2021-03-17 15:06:56:419	399	0	0	0
2021-03-17 15:06:57:411	399	0	0	0
2021-03-17 15:06:58:418	399	0	0	0
2021-03-17 15:06:59:426	399	0	0	0
2021-03-17 15:07:00:417	399	0	0	0
2021-03-17 15:07:01:425	399	0	0	0
2021-03-17 15:07:03:423	400	0	0	0
2021-03-17 15:07:04:423	400	0	0	0
2021-03-17 15:07:05:423	399	0	0	0
2021-03-17 15:07:06:422	399	0	0	0
2021-03-17 15:07:08:422	399	0	0	0
2021-03-17 15:07:09:437	399	0	0	0
2021-03-17 15:07:10:421	399	0	0	0
2021-03-17 15:07:11:437	399	0	0	0
2021-03-17 15:07:12:436	399	0	0	0
2021-03-17 15:07:13:436	399	0	0	0
2021-03-17 15:07:14:436	399	0	0	0
2021-03-17 15:07:16:436	399	0	0	0
2021-03-17 15:07:17:451	399	0	0	0
2021-03-17 15:07:18:435	399	0	0	0
2021-03-17 15:07:19:450	399	0	0	0
2021-03-17 15:07:21:450	399	0	0	0
2021-03-17 15:07:22:450	399	0	0	0
2021-03-17 15:07:23:450	399	0	0	0
2021-03-17 15:07:24:449	399	0	0	0
2021-03-17 15:07:25:465	399	0	0	0
2021-03-17 15:07:26:449	399	0	0	0
2021-03-17 15:07:27:464	399	0	0	0
2021-03-17 15:07:29:464	399	0	0	0
2021-03-17 15:07:30:464	399	0	0	0
2021-03-17 15:07:31:463	399	0	0	0
2021-03-17 15:07:32:463	399	0	0	0
2021-03-17 15:07:33:478	399	0	0	0
2021-03-17 15:07:34:463	399	0	0	0
2021-03-17 15:07:35:478	399	0	0	0
2021-03-17 15:07:36:462	399	0	0	0
2021-03-17 15:07:37:477	399	0	0	0
2021-03-17 15:07:38:477	399	0	0	0
2021-03-17 15:07:39:477	399	0	0	0
2021-03-17 15:07:40:477	399	0	0	0
2021-03-17 15:07:41:492	399	0	0	0
2021-03-17 15:07:42:476	399	0	0	0
2021-03-17 15:07:43:492	399	0	0	0
2021-03-17 15:07:44:476	399	0	0	0
2021-03-17 15:07:45:491	399	0	0	0
2021-03-17 15:07:46:491	399	0	0	0
2021-03-17 15:07:47:491	399	0	0	0
2021-03-17 15:07:48:491	399	0	0	0
2021-03-17 15:07:50:490	399	0	0	0
2021-03-17 15:07:51:511	399	0	0	0
2021-03-17 15:07:52:503	399	0	0	0
2021-03-17 15:07:53:510	399	0	0	0
2021-03-17 15:07:54:519	399	0	0	0
2021-03-17 15:07:55:510	399	0	0	0
2021-03-17 15:07:56:518	399	0	0	0
2021-03-17 15:07:57:510	399	0	0	0
2021-03-17 15:07:58:518	399	0	0	0
2021-03-17 15:07:59:526	399	0	0	0
2021-03-17 15:08:00:518	399	0	0	0
2021-03-17 15:08:01:525	399	0	0	0
2021-03-17 15:08:03:518	399	0	0	0
2021-03-17 15:08:04:518	399	0	0	0
2021-03-17 15:08:05:517	399	0	0	0
2021-03-17 15:08:06:517	399	0	0	0
2021-03-17 15:08:07:533	399	0	0	0
2021-03-17 15:08:08:517	399	0	0	0
2021-03-17 15:08:09:532	399	0	0	0
2021-03-17 15:08:11:532	399	0	0	0
2021-03-17 15:08:12:531	399	0	0	0
2021-03-17 15:08:13:531	399	0	0	0
2021-03-17 15:08:14:531	399	0	0	0
2021-03-17 15:08:15:546	399	0	0	0
2021-03-17 15:08:16:531	399	0	0	0
2021-03-17 15:08:17:546	399	0	0	0
2021-03-17 15:08:18:530	399	0	0	0
2021-03-17 15:08:19:545	399	0	0	0
2021-03-17 15:08:20:545	399	0	0	0
2021-03-17 15:08:21:545	399	0	0	0
2021-03-17 15:08:22:545	399	0	0	0
2021-03-17 15:08:24:560	399	0	0	0
2021-03-17 15:08:25:560	399	0	0	0
2021-03-17 15:08:26:559	399	0	0	0
2021-03-17 15:08:27:559	399	0	0	0
2021-03-17 15:08:28:559	399	0	0	0
2021-03-17 15:08:29:559	399	0	0	0
2021-03-17 15:08:30:574	399	0	0	0
2021-03-17 15:08:31:558	400	0	0	0
2021-03-17 15:08:32:573	400	0	0	0
2021-03-17 15:08:33:573	399	0	0	0
2021-03-17 15:08:34:573	399	0	0	0
2021-03-17 15:08:35:573	399	0	0	0
2021-03-17 15:08:37:572	399	0	0	0
2021-03-17 15:08:38:588	399	0	0	0
2021-03-17 15:08:39:572	399	0	0	0
2021-03-17 15:08:40:587	399	0	0	0
2021-03-17 15:08:41:587	399	0	0	0
2021-03-17 15:08:42:587	399	0	0	0
2021-03-17 15:08:43:587	399	0	0	0
2021-03-17 15:08:44:586	399	0	0	0
2021-03-17 15:08:45:586	398	0	0	0
2021-03-17 15:08:46:602	398	0	0	0
2021-03-17 15:08:47:586	399	0	0	0
2021-03-17 15:08:48:601	399	0	0	0
2021-03-17 15:08:50:601	399	0	0	0
2021-03-17 15:08:51:609	399	0	0	0
2021-03-17 15:08:52:602	399	0	0	0
2021-03-17 15:08:53:609	399	0	0	0
2021-03-17 15:08:54:618	399	0	0	0
2021-03-17 15:08:55:609	399	0	0	0
2021-03-17 15:08:56:616	399	0	0	0
2021-03-17 15:08:58:616	399	0	0	0
2021-03-17 15:08:59:623	399	0	0	0
2021-03-17 15:09:00:613	399	0	0	0
2021-03-17 15:09:01:622	399	0	0	0
2021-03-17 15:09:02:632	399	0	0	0
2021-03-17 15:09:03:691	399	0	0	0
2021-03-17 15:09:04:628	399	0	0	0
2021-03-17 15:09:05:612	399	0	0	0
2021-03-17 15:09:06:623	399	0	0	0
2021-03-17 15:09:07:623	399	0	0	0
2021-03-17 15:09:08:620	399	0	0	0
2021-03-17 15:09:09:631	398	0	0	0
2021-03-17 15:09:11:631	399	0	0	0
2021-03-17 15:09:12:631	399	0	0	0
2021-03-17 15:09:13:630	399	0	0	0
2021-03-17 15:09:14:630	399	0	0	0
2021-03-17 15:09:15:645	399	0	0	0
2021-03-17 15:09:16:630	399	0	0	0
2021-03-17 15:09:17:645	399	0	0	0
2021-03-17 15:09:19:645	399	0	0	0
2021-03-17 15:09:20:645	399	0	0	0
2021-03-17 15:09:21:644	399	0	0	0
2021-03-17 15:09:22:644	399	0	0	0
2021-03-17 15:09:23:660	399	0	0	0
2021-03-17 15:09:24:644	399	0	0	0
2021-03-17 15:09:25:659	399	0	0	0
2021-03-17 15:09:26:643	399	0	0	0
2021-03-17 15:09:27:659	399	0	0	0
2021-03-17 15:09:28:659	399	0	0	0
2021-03-17 15:09:29:658	399	0	0	0
2021-03-17 15:09:30:658	399	0	0	0
2021-03-17 15:09:32:658	399	0	0	0
2021-03-17 15:09:33:673	399	0	0	0
2021-03-17 15:09:34:657	399	0	0	0
2021-03-17 15:09:35:672	399	0	0	0
2021-03-17 15:09:36:672	399	0	0	0
2021-03-17 15:09:37:672	399	0	0	0
2021-03-17 15:09:38:672	399	0	0	0
2021-03-17 15:09:40:671	399	0	0	0
2021-03-17 15:09:41:687	399	0	0	0
2021-03-17 15:09:42:687	399	0	0	0
2021-03-17 15:09:43:687	399	0	0	0
2021-03-17 15:09:44:687	399	0	0	0
2021-03-17 15:09:45:686	399	0	0	0
2021-03-17 15:09:46:702	399	0	0	0
2021-03-17 15:09:47:686	399	0	0	0
2021-03-17 15:09:48:701	399	0	0	0
2021-03-17 15:09:49:701	399	0	0	0
2021-03-17 15:09:50:701	399	0	0	0
2021-03-17 15:09:51:708	399	0	0	0
2021-03-17 15:09:53:710	397	0	0	0
2021-03-17 15:09:54:717	397	0	0	0
2021-03-17 15:09:55:707	399	0	0	0
2021-03-17 15:09:56:716	399	0	0	0
2021-03-17 15:09:58:732	399	0	0	0
2021-03-17 15:09:59:721	399	0	0	0
2021-03-17 15:10:00:714	399	0	0	0
2021-03-17 15:10:01:722	399	0	0	0
2021-03-17 15:10:02:720	399	0	0	0
2021-03-17 15:10:03:719	399	0	0	0
2021-03-17 15:10:04:719	399	0	0	0
2021-03-17 15:10:06:719	399	0	0	0
2021-03-17 15:10:07:734	399	0	0	0
2021-03-17 15:10:08:718	399	0	0	0
2021-03-17 15:10:09:734	399	0	0	0
2021-03-17 15:10:10:733	399	0	0	0
2021-03-17 15:10:11:733	399	0	0	0
2021-03-17 15:10:12:733	399	0	0	0
2021-03-17 15:10:13:733	399	0	0	0
2021-03-17 15:10:14:733	399	0	0	0
2021-03-17 15:10:15:748	399	0	0	0
2021-03-17 15:10:16:732	399	0	0	0
2021-03-17 15:10:17:747	399	0	0	0
2021-03-17 15:10:19:747	399	0	0	0
2021-03-17 15:10:20:747	399	0	0	0
2021-03-17 15:10:21:747	399	0	0	0
2021-03-17 15:10:22:746	399	0	0	0
2021-03-17 15:10:23:762	399	0	0	0
2021-03-17 15:10:24:746	399	0	0	0
2021-03-17 15:10:25:761	399	0	0	0
2021-03-17 15:10:27:761	399	0	0	0
2021-03-17 15:10:28:761	399	0	0	0
2021-03-17 15:10:29:760	399	0	0	0
2021-03-17 15:10:30:760	399	0	0	0
2021-03-17 15:10:31:775	399	0	0	0
2021-03-17 15:10:32:822	399	0	0	0
2021-03-17 15:10:33:775	399	0	0	0
2021-03-17 15:10:34:759	399	0	0	0
2021-03-17 15:10:35:774	399	0	0	0
2021-03-17 15:10:36:774	399	0	0	0
2021-03-17 15:10:37:774	399	0	0	0
2021-03-17 15:10:38:774	399	0	0	0
2021-03-17 15:10:40:773	399	0	0	0
2021-03-17 15:10:41:789	398	0	0	0
2021-03-17 15:10:42:773	398	0	0	0
2021-03-17 15:10:43:788	399	0	0	0
2021-03-17 15:10:45:788	399	0	0	0
2021-03-17 15:10:46:788	399	0	0	0
2021-03-17 15:10:47:787	399	0	0	0
2021-03-17 15:10:48:787	399	0	0	0
2021-03-17 15:10:49:803	399	0	0	0
2021-03-17 15:10:50:787	399	0	0	0
2021-03-17 15:10:51:803	399	0	0	0
2021-03-17 15:10:52:799	399	0	0	0
2021-03-17 15:10:53:806	399	0	0	0
2021-03-17 15:10:56:176	399	0	0	0
2021-03-17 15:10:56:192	399	0	0	0
2021-03-17 15:10:56:809	399	0	0	0
2021-03-17 15:10:58:815	399	0	0	0
2021-03-17 15:10:59:821	399	0	0	0
2021-03-17 15:11:00:814	399	0	0	0
2021-03-17 15:11:01:817	399	0	0	0
2021-03-17 15:11:02:828	399	0	0	0
2021-03-17 15:11:03:812	399	0	0	0
2021-03-17 15:11:04:827	399	0	0	0
2021-03-17 15:11:05:811	399	0	0	0
2021-03-17 15:11:06:811	399	0	0	0
2021-03-17 15:11:07:826	399	0	0	0
2021-03-17 15:11:08:826	399	0	0	0
2021-03-17 15:11:09:826	399	0	0	0
2021-03-17 15:11:11:825	399	0	0	0
2021-03-17 15:11:12:841	399	0	0	0
2021-03-17 15:11:13:825	399	0	0	0
2021-03-17 15:11:14:840	399	0	0	0
2021-03-17 15:11:16:824	399	0	0	0
2021-03-17 15:11:17:840	399	0	0	0
2021-03-17 15:11:18:839	399	0	0	0
2021-03-17 15:11:19:839	399	0	0	0
2021-03-17 15:11:20:855	399	0	0	0
2021-03-17 15:11:21:839	399	0	0	0
2021-03-17 15:11:22:854	399	0	0	0
2021-03-17 15:11:23:838	399	0	0	0
2021-03-17 15:11:24:854	399	0	0	0
2021-03-17 15:11:25:853	399	0	0	0
2021-03-17 15:11:26:838	399	0	0	0
2021-03-17 15:11:27:853	399	0	0	0
2021-03-17 15:11:29:852	399	0	0	0
2021-03-17 15:11:30:868	399	0	0	0
2021-03-17 15:11:31:852	399	0	0	0
2021-03-17 15:11:32:868	399	0	0	0
2021-03-17 15:11:33:867	399	0	0	0
2021-03-17 15:11:34:867	399	0	0	0
2021-03-17 15:11:35:867	399	0	0	0
2021-03-17 15:11:36:867	399	0	0	0
2021-03-17 15:11:37:866	399	0	0	0
2021-03-17 15:11:39:163	399	0	0	0
2021-03-17 15:11:39:866	399	0	0	0
2021-03-17 15:11:40:881	399	0	0	0
2021-03-17 15:11:42:881	399	0	0	0
2021-03-17 15:11:43:881	399	0	0	0
2021-03-17 15:11:44:880	399	0	0	0
2021-03-17 15:11:45:880	399	0	0	0
2021-03-17 15:11:46:895	399	0	0	0
2021-03-17 15:11:47:880	399	0	0	0
2021-03-17 15:11:48:895	399	0	0	0
2021-03-17 15:11:49:879	399	0	0	0
2021-03-17 15:11:50:894	399	0	0	0
2021-03-17 15:11:51:914	399	0	0	0
2021-03-17 15:11:52:897	399	0	0	0
2021-03-17 15:11:53:905	399	0	0	0
2021-03-17 15:11:54:898	399	0	0	0
2021-03-17 15:11:55:904	399	0	0	0
2021-03-17 15:11:56:927	399	0	0	0
2021-03-17 15:11:57:901	399	0	0	0
2021-03-17 15:11:58:937	399	0	0	0
2021-03-17 15:12:00:912	399	0	0	0
2021-03-17 15:12:01:931	399	0	0	0
2021-03-17 15:12:02:900	399	0	0	0
2021-03-17 15:12:03:916	399	0	0	0
2021-03-17 15:12:05:915	399	0	0	0
2021-03-17 15:12:06:931	399	0	0	0
2021-03-17 15:12:07:915	399	0	0	0
2021-03-17 15:12:08:915	399	0	0	0
2021-03-17 15:12:09:930	399	0	0	0
2021-03-17 15:12:10:914	399	0	0	0
2021-03-17 15:12:11:945	399	0	0	0
2021-03-17 15:12:12:914	399	0	0	0
2021-03-17 15:12:13:929	399	0	0	0
2021-03-17 15:12:14:929	399	0	0	0
2021-03-17 15:12:15:929	399	0	0	0
2021-03-17 15:12:16:944	399	0	0	0
2021-03-17 15:12:18:928	399	0	0	0
2021-03-17 15:12:19:943	399	0	0	0
2021-03-17 15:12:20:928	399	0	0	0
2021-03-17 15:12:21:959	397	0	0	0
2021-03-17 15:12:23:943	399	0	0	0
2021-03-17 15:12:24:942	399	0	0	0
2021-03-17 15:12:25:942	399	0	0	0
2021-03-17 15:12:26:957	399	0	0	0
2021-03-17 15:12:27:957	399	0	0	0
2021-03-17 15:12:28:942	399	0	0	0
2021-03-17 15:12:29:957	400	0	0	0
2021-03-17 15:12:30:941	400	0	0	0
2021-03-17 15:12:31:972	399	0	0	0
2021-03-17 15:12:32:956	399	0	0	0
2021-03-17 15:12:33:956	399	0	0	0
2021-03-17 15:12:34:956	399	0	0	0
2021-03-17 15:12:35:955	399	0	0	0
2021-03-17 15:12:36:971	399	0	0	0
2021-03-17 15:12:37:971	399	0	0	0
2021-03-17 15:12:38:955	399	0	0	0
2021-03-17 15:12:39:961	399	0	0	0
2021-03-17 15:12:41:976	399	0	0	0
2021-03-17 15:12:42:976	399	0	0	0
2021-03-17 15:12:43:960	399	0	0	0
2021-03-17 15:12:44:976	399	0	0	0
2021-03-17 15:12:46:991	399	0	0	0
2021-03-17 15:12:47:975	399	0	0	0
2021-03-17 15:12:48:975	399	0	0	0
2021-03-17 15:12:49:974	399	0	0	0
2021-03-17 15:12:50:997	399	0	0	0
2021-03-17 15:12:52:004	399	0	0	0
2021-03-17 15:12:52:997	399	0	0	0
2021-03-17 15:12:54:997	399	0	0	0
2021-03-17 15:12:56:003	399	0	0	0
2021-03-17 15:12:57:012	399	0	0	0
2021-03-17 15:12:58:003	399	0	0	0
2021-03-17 15:12:59:012	399	0	0	0
2021-03-17 15:13:00:002	399	0	0	0
2021-03-17 15:13:01:009	399	0	0	0
2021-03-17 15:13:02:000	399	0	0	0
2021-03-17 15:13:02:998	399	0	0	0
2021-03-17 15:13:04:013	399	0	0	0
2021-03-17 15:13:04:997	399	0	0	0
2021-03-17 15:13:06:013	399	0	0	0
2021-03-17 15:13:08:012	399	0	0	0
2021-03-17 15:13:09:012	399	0	0	0
2021-03-17 15:13:10:012	399	0	0	0
2021-03-17 15:13:11:012	399	0	0	0
2021-03-17 15:13:12:027	399	0	0	0
2021-03-17 15:13:13:011	399	0	0	0
2021-03-17 15:13:14:027	399	0	0	0
2021-03-17 15:13:15:011	399	0	0	0
2021-03-17 15:13:16:026	399	0	0	0
2021-03-17 15:13:17:026	399	0	0	0
2021-03-17 15:13:18:026	399	0	0	0
2021-03-17 15:13:19:025	399	0	0	0
2021-03-17 15:13:21:025	399	0	0	0
2021-03-17 15:13:22:040	399	0	0	0
2021-03-17 15:13:23:025	399	0	0	0
2021-03-17 15:13:24:040	399	0	0	0
2021-03-17 15:13:25:040	399	0	0	0
2021-03-17 15:13:26:039	399	0	0	0
2021-03-17 15:13:27:039	399	0	0	0
2021-03-17 15:13:28:039	399	0	0	0
2021-03-17 15:13:29:039	399	0	0	0
2021-03-17 15:13:30:054	399	0	0	0
2021-03-17 15:13:31:038	399	0	0	0
2021-03-17 15:13:32:054	399	0	0	0
2021-03-17 15:13:34:053	399	0	0	0
2021-03-17 15:13:35:053	399	0	0	0
2021-03-17 15:13:36:053	399	0	0	0
2021-03-17 15:13:37:052	399	0	0	0
2021-03-17 15:13:38:068	399	0	0	0
2021-03-17 15:13:39:052	399	0	0	0
2021-03-17 15:13:40:067	399	0	0	0
2021-03-17 15:13:41:052	399	0	0	0
2021-03-17 15:13:42:067	399	0	0	0
2021-03-17 15:13:43:067	399	0	0	0
2021-03-17 15:13:44:191	399	0	0	0
2021-03-17 15:13:45:066	399	0	0	0
2021-03-17 15:13:47:066	399	0	0	0
2021-03-17 15:13:48:081	399	0	0	0
2021-03-17 15:13:49:065	399	0	0	0
2021-03-17 15:13:50:081	399	0	0	0
2021-03-17 15:13:51:096	399	0	0	0
2021-03-17 15:13:52:087	399	0	0	0
2021-03-17 15:13:53:095	399	0	0	0
2021-03-17 15:13:54:086	399	0	0	0
2021-03-17 15:13:55:095	399	0	0	0
2021-03-17 15:13:56:102	399	0	0	0
2021-03-17 15:13:57:095	399	0	0	0
2021-03-17 15:13:58:102	399	0	0	0
2021-03-17 15:14:00:101	399	0	0	0
2021-03-17 15:14:01:110	399	0	0	0
2021-03-17 15:14:02:101	398	0	0	0
2021-03-17 15:14:03:103	398	0	0	0
2021-03-17 15:14:05:102	399	0	0	0
2021-03-17 15:14:06:102	399	0	0	0
2021-03-17 15:14:07:102	399	0	0	0
2021-03-17 15:14:08:102	399	0	0	0
2021-03-17 15:14:09:117	399	0	0	0
2021-03-17 15:14:10:101	400	0	0	0
2021-03-17 15:14:11:117	400	0	0	0
2021-03-17 15:14:12:101	399	0	0	0
2021-03-17 15:14:13:116	399	0	0	0
2021-03-17 15:14:14:116	399	0	0	0
2021-03-17 15:14:15:116	399	0	0	0
2021-03-17 15:14:16:116	399	0	0	0
2021-03-17 15:14:18:115	399	0	0	0
2021-03-17 15:14:19:130	399	0	0	0
2021-03-17 15:14:20:115	397	0	0	0
2021-03-17 15:14:21:130	397	0	0	0
2021-03-17 15:14:23:129	399	0	0	0
2021-03-17 15:14:24:129	399	0	0	0
2021-03-17 15:14:25:129	399	0	0	0
2021-03-17 15:14:26:129	399	0	0	0
2021-03-17 15:14:27:144	399	0	0	0
2021-03-17 15:14:28:144	399	0	0	0
2021-03-17 15:14:29:144	399	0	0	0
2021-03-17 15:14:30:128	399	0	0	0
2021-03-17 15:14:31:143	399	0	0	0
2021-03-17 15:14:32:159	399	0	0	0
2021-03-17 15:14:33:143	399	0	0	0
2021-03-17 15:14:34:158	399	0	0	0
2021-03-17 15:14:35:142	399	0	0	0
2021-03-17 15:14:36:142	399	0	0	0
2021-03-17 15:14:37:157	399	0	0	0
2021-03-17 15:14:38:157	399	0	0	0
2021-03-17 15:14:39:157	399	0	0	0
2021-03-17 15:14:41:157	399	0	0	0
2021-03-17 15:14:42:172	398	0	0	0
2021-03-17 15:14:43:156	398	0	0	0
2021-03-17 15:14:44:171	399	0	0	0
2021-03-17 15:14:46:171	399	0	0	0
2021-03-17 15:14:47:171	399	0	0	0
2021-03-17 15:14:48:155	399	0	0	0
2021-03-17 15:14:49:170	399	0	0	0
2021-03-17 15:14:50:186	399	0	0	0
2021-03-17 15:14:51:179	399	0	0	0
2021-03-17 15:14:52:185	399	0	0	0
2021-03-17 15:14:53:178	399	0	0	0
2021-03-17 15:14:54:186	399	0	0	0
2021-03-17 15:14:55:194	399	0	0	0
2021-03-17 15:14:56:213	401	0	0	0
2021-03-17 15:14:57:193	401	0	0	0
2021-03-17 15:14:59:192	399	0	0	0
2021-03-17 15:15:00:201	399	0	0	0
2021-03-17 15:15:01:192	399	0	0	0
2021-03-17 15:15:02:200	399	0	0	0
2021-03-17 15:15:03:195	399	0	0	0
2021-03-17 15:15:04:195	399	0	0	0
2021-03-17 15:15:05:195	399	0	0	0
2021-03-17 15:15:06:194	399	0	0	0
2021-03-17 15:15:07:194	399	0	0	0
2021-03-17 15:15:08:210	399	0	0	0
2021-03-17 15:15:09:194	399	0	0	0
2021-03-17 15:15:10:209	399	0	0	0
2021-03-17 15:15:12:209	399	0	0	0
2021-03-17 15:15:13:209	399	0	0	0
2021-03-17 15:15:14:208	399	0	0	0
2021-03-17 15:15:15:208	399	0	0	0
2021-03-17 15:15:16:223	399	0	0	0
2021-03-17 15:15:17:208	399	0	0	0
2021-03-17 15:15:18:223	399	0	0	0
2021-03-17 15:15:19:207	399	0	0	0
2021-03-17 15:15:20:222	398	0	0	0
2021-03-17 15:15:21:222	398	0	0	0
2021-03-17 15:15:22:222	397	0	0	0
2021-03-17 15:15:23:222	397	0	0	0
2021-03-17 15:15:24:237	399	0	0	0
2021-03-17 15:15:25:221	399	0	0	0
2021-03-17 15:15:26:237	399	0	0	0
2021-03-17 15:15:27:221	399	0	0	0
2021-03-17 15:15:28:236	399	0	0	0
2021-03-17 15:15:29:236	399	0	0	0
2021-03-17 15:15:30:236	399	0	0	0
2021-03-17 15:15:31:236	399	0	0	0
2021-03-17 15:15:33:235	399	0	0	0
2021-03-17 15:15:34:250	399	0	0	0
2021-03-17 15:15:35:235	399	0	0	0
2021-03-17 15:15:36:250	399	0	0	0
2021-03-17 15:15:38:250	399	0	0	0
2021-03-17 15:15:39:249	399	0	0	0
2021-03-17 15:15:40:249	399	0	0	0
2021-03-17 15:15:41:249	399	0	0	0
2021-03-17 15:15:42:264	399	0	0	0
2021-03-17 15:15:43:249	399	0	0	0
2021-03-17 15:15:44:264	399	0	0	0
2021-03-17 15:15:45:248	399	0	0	0
2021-03-17 15:15:46:263	399	0	0	0
2021-03-17 15:15:47:263	399	0	0	0
2021-03-17 15:15:48:263	399	0	0	0
2021-03-17 15:15:49:263	399	0	0	0
2021-03-17 15:15:51:278	399	0	0	0
2021-03-17 15:15:52:284	399	0	0	0
2021-03-17 15:15:53:277	399	0	0	0
2021-03-17 15:15:54:284	399	0	0	0
2021-03-17 15:15:55:293	399	0	0	0
2021-03-17 15:15:56:284	399	0	0	0
2021-03-17 15:15:57:293	399	0	0	0
2021-03-17 15:15:58:283	399	0	0	0
2021-03-17 15:15:59:292	399	0	0	0
2021-03-17 15:16:00:300	399	0	0	0
2021-03-17 15:16:01:291	399	0	0	0
2021-03-17 15:16:02:298	399	0	0	0
2021-03-17 15:16:03:286	399	0	0	0
2021-03-17 15:16:04:286	399	0	0	0
2021-03-17 15:16:05:302	399	0	0	0
2021-03-17 15:16:06:286	399	0	0	0
2021-03-17 15:16:07:301	399	0	0	0
2021-03-17 15:16:09:301	399	0	0	0
2021-03-17 15:16:10:301	399	0	0	0
2021-03-17 15:16:11:300	399	0	0	0
2021-03-17 15:16:12:300	399	0	0	0
2021-03-17 15:16:13:315	399	0	0	0
2021-03-17 15:16:14:300	400	0	0	0
2021-03-17 15:16:15:315	400	0	0	0
2021-03-17 15:16:16:299	397	0	0	0
2021-03-17 15:16:17:315	397	0	0	0
2021-03-17 15:16:18:315	399	0	0	0
2021-03-17 15:16:19:314	399	0	0	0
2021-03-17 15:16:20:314	399	0	0	0
2021-03-17 15:16:22:314	397	0	0	0
2021-03-17 15:16:23:329	397	0	0	0
2021-03-17 15:16:24:313	399	0	0	0
2021-03-17 15:16:25:328	399	0	0	0
2021-03-17 15:16:26:328	399	0	0	0
2021-03-17 15:16:27:328	399	0	0	0
2021-03-17 15:16:28:328	399	0	0	0
2021-03-17 15:16:29:327	399	0	0	0
2021-03-17 15:16:30:327	399	0	0	0
2021-03-17 15:16:31:343	399	0	0	0
2021-03-17 15:16:32:327	399	0	0	0
2021-03-17 15:16:33:342	399	0	0	0
2021-03-17 15:16:35:342	399	0	0	0
2021-03-17 15:16:36:341	400	0	0	0
2021-03-17 15:16:37:341	400	0	0	0
2021-03-17 15:16:38:341	399	0	0	0
2021-03-17 15:16:39:356	399	0	0	0
2021-03-17 15:16:40:341	399	0	0	0
2021-03-17 15:16:41:356	399	0	0	0
2021-03-17 15:16:42:340	399	0	0	0
2021-03-17 15:16:43:355	399	0	0	0
2021-03-17 15:16:44:355	399	0	0	0
2021-03-17 15:16:45:355	399	0	0	0
2021-03-17 15:16:46:355	401	0	0	0
2021-03-17 15:16:48:354	399	0	0	0
2021-03-17 15:16:49:370	399	0	0	0
2021-03-17 15:16:50:354	399	0	0	0
2021-03-17 15:16:51:375	399	0	0	0
2021-03-17 15:16:53:376	399	0	0	0
2021-03-17 15:16:54:383	398	0	0	0
2021-03-17 15:16:55:374	398	0	0	0
2021-03-17 15:16:56:382	399	0	0	0
2021-03-17 15:16:58:382	399	0	0	0
2021-03-17 15:16:59:391	399	0	0	0
2021-03-17 15:17:00:383	400	0	0	0
2021-03-17 15:17:01:390	400	0	0	0
2021-03-17 15:17:02:398	399	0	0	0
2021-03-17 15:17:03:388	399	0	0	0
2021-03-17 15:17:04:388	399	0	0	0
2021-03-17 15:17:05:388	399	0	0	0
2021-03-17 15:17:06:387	399	0	0	0
2021-03-17 15:17:07:418	399	0	0	0
2021-03-17 15:17:08:387	399	0	0	0
2021-03-17 15:17:09:402	399	0	0	0
2021-03-17 15:17:10:387	399	0	0	0
2021-03-17 15:17:11:402	399	0	0	0
2021-03-17 15:17:12:402	399	0	0	0
2021-03-17 15:17:13:402	399	0	0	0
2021-03-17 15:17:14:401	399	0	0	0
2021-03-17 15:17:15:401	399	0	0	0
2021-03-17 15:17:16:401	399	0	0	0
2021-03-17 15:17:17:416	399	0	0	0
2021-03-17 15:17:18:400	398	0	0	0
2021-03-17 15:17:19:400	398	0	0	0
2021-03-17 15:17:21:415	399	0	0	0
2021-03-17 15:17:22:415	399	0	0	0
2021-03-17 15:17:23:415	399	0	0	0
2021-03-17 15:17:24:415	399	0	0	0
2021-03-17 15:17:25:415	399	0	0	0
2021-03-17 15:17:26:414	399	0	0	0
2021-03-17 15:17:27:430	399	0	0	0
2021-03-17 15:17:28:414	399	0	0	0
2021-03-17 15:17:29:429	399	0	0	0
2021-03-17 15:17:30:429	399	0	0	0
2021-03-17 15:17:31:429	399	0	0	0
2021-03-17 15:17:32:428	399	0	0	0
2021-03-17 15:17:34:428	401	0	0	0
2021-03-17 15:17:35:443	401	0	0	0
2021-03-17 15:17:36:428	399	0	0	0
2021-03-17 15:17:37:443	399	0	0	0
2021-03-17 15:17:39:442	399	0	0	0
2021-03-17 15:17:40:442	399	0	0	0
2021-03-17 15:17:41:442	399	0	0	0
2021-03-17 15:17:42:442	399	0	0	0
2021-03-17 15:17:44:441	399	0	0	0
2021-03-17 15:17:45:457	399	0	0	0
2021-03-17 15:17:46:441	399	0	0	0
2021-03-17 15:17:47:456	399	0	0	0
2021-03-17 15:17:48:456	399	0	0	0
2021-03-17 15:17:49:440	399	0	0	0
2021-03-17 15:17:50:456	399	0	0	0
2021-03-17 15:17:51:459	399	0	0	0
2021-03-17 15:17:52:466	399	0	0	0
2021-03-17 15:17:53:475	399	0	0	0
2021-03-17 15:17:54:465	399	0	0	0
2021-03-17 15:17:55:474	399	0	0	0
2021-03-17 15:17:57:473	399	0	0	0
2021-03-17 15:17:58:480	399	0	0	0
2021-03-17 15:17:59:473	399	0	0	0
2021-03-17 15:18:00:480	399	0	0	0
2021-03-17 15:18:02:480	399	0	0	0
2021-03-17 15:18:03:484	399	0	0	0
2021-03-17 15:18:04:468	399	0	0	0
2021-03-17 15:18:05:483	399	0	0	0
2021-03-17 15:18:06:483	398	0	0	0
2021-03-17 15:18:07:483	398	0	0	0
2021-03-17 15:18:08:482	399	0	0	0
2021-03-17 15:18:09:482	399	0	0	0
2021-03-17 15:18:10:482	399	0	0	0
2021-03-17 15:18:11:497	399	0	0	0
2021-03-17 15:18:12:482	399	0	0	0
2021-03-17 15:18:13:497	399	0	0	0
2021-03-17 15:18:15:496	399	0	0	0
2021-03-17 15:18:16:496	399	0	0	0
2021-03-17 15:18:17:496	399	0	0	0
2021-03-17 15:18:18:496	399	0	0	0
2021-03-17 15:18:20:495	399	0	0	0
2021-03-17 15:18:21:510	399	0	0	0
2021-03-17 15:18:22:495	399	0	0	0
2021-03-17 15:18:23:510	399	0	0	0
2021-03-17 15:18:24:511	399	0	0	0
2021-03-17 15:18:25:510	399	0	0	0
2021-03-17 15:18:26:510	399	0	0	0
2021-03-17 15:18:27:510	399	0	0	0
2021-03-17 15:18:28:510	399	0	0	0
2021-03-17 15:18:29:525	399	0	0	0
2021-03-17 15:18:30:509	398	0	0	0
2021-03-17 15:18:31:524	398	0	0	0
2021-03-17 15:18:33:524	399	0	0	0
2021-03-17 15:18:34:524	399	0	0	0
2021-03-17 15:18:35:523	399	0	0	0
2021-03-17 15:18:36:523	399	0	0	0
2021-03-17 15:18:38:523	399	0	0	0
2021-03-17 15:18:39:538	399	0	0	0
2021-03-17 15:18:40:522	400	0	0	0
2021-03-17 15:18:41:538	400	0	0	0
2021-03-17 15:18:42:538	399	0	0	0
2021-03-17 15:18:43:537	399	0	0	0
2021-03-17 15:18:44:537	399	0	0	0
2021-03-17 15:18:45:537	399	0	0	0
2021-03-17 15:18:46:552	399	0	0	0
2021-03-17 15:18:47:552	399	0	0	0
2021-03-17 15:18:48:536	399	0	0	0
2021-03-17 15:18:49:552	399	0	0	0
2021-03-17 15:18:51:558	399	0	0	0
2021-03-17 15:18:52:565	399	0	0	0
2021-03-17 15:18:53:556	399	0	0	0
2021-03-17 15:18:54:564	399	0	0	0
2021-03-17 15:18:55:573	399	0	0	0
2021-03-17 15:18:56:564	399	0	0	0
2021-03-17 15:18:57:573	399	0	0	0
2021-03-17 15:18:58:564	399	0	0	0
2021-03-17 15:18:59:570	399	0	0	0
2021-03-17 15:19:00:579	399	0	0	0
2021-03-17 15:19:01:572	399	0	0	0
2021-03-17 15:19:02:579	399	0	0	0
2021-03-17 15:19:04:572	399	0	0	0
2021-03-17 15:19:05:572	399	0	0	0
2021-03-17 15:19:06:572	399	0	0	0
2021-03-17 15:19:07:572	399	0	0	0
2021-03-17 15:19:08:587	399	0	0	0
2021-03-17 15:19:09:571	399	0	0	0
2021-03-17 15:19:10:586	399	0	0	0
2021-03-17 15:19:11:571	399	0	0	0
2021-03-17 15:19:12:586	399	0	0	0
2021-03-17 15:19:13:586	399	0	0	0
2021-03-17 15:19:14:585	399	0	0	0
2021-03-17 15:19:15:585	399	0	0	0
2021-03-17 15:19:16:585	397	0	0	0
2021-03-17 15:19:17:585	397	0	0	0
2021-03-17 15:19:18:600	399	0	0	0
2021-03-17 15:19:19:584	399	0	0	0
2021-03-17 15:19:20:600	399	0	0	0
2021-03-17 15:19:21:584	399	0	0	0
2021-03-17 15:19:22:599	399	0	0	0
2021-03-17 15:19:23:599	399	0	0	0
2021-03-17 15:19:24:599	399	0	0	0
2021-03-17 15:19:25:614	399	0	0	0
2021-03-17 15:19:27:598	399	0	0	0
2021-03-17 15:19:28:613	400	0	0	0
2021-03-17 15:19:29:598	400	0	0	0
2021-03-17 15:19:30:613	399	0	0	0
2021-03-17 15:19:31:628	399	0	0	0
2021-03-17 15:19:32:613	399	0	0	0
2021-03-17 15:19:33:628	399	0	0	0
2021-03-17 15:19:34:612	399	0	0	0
2021-03-17 15:19:35:612	399	0	0	0
2021-03-17 15:19:36:627	399	0	0	0
2021-03-17 15:19:37:627	399	0	0	0
2021-03-17 15:19:38:627	399	0	0	0
2021-03-17 15:19:40:626	399	0	0	0
2021-03-17 15:19:41:642	399	0	0	0
2021-03-17 15:19:42:626	399	0	0	0
2021-03-17 15:19:43:641	399	0	0	0
2021-03-17 15:19:45:641	399	0	0	0
2021-03-17 15:19:46:641	399	0	0	0
2021-03-17 15:19:47:640	399	0	0	0
2021-03-17 15:19:48:640	399	0	0	0
2021-03-17 15:19:50:640	399	0	0	0
2021-03-17 15:19:51:655	399	0	0	0
2021-03-17 15:19:52:647	399	0	0	0
2021-03-17 15:19:53:656	399	0	0	0
2021-03-17 15:19:54:663	399	0	0	0
2021-03-17 15:19:55:655	399	0	0	0
2021-03-17 15:19:56:662	399	0	0	0
2021-03-17 15:19:57:651	399	0	0	0
2021-03-17 15:19:58:661	397	0	0	0
2021-03-17 15:19:59:667	397	0	0	0
2021-03-17 15:20:00:661	399	0	0	0
2021-03-17 15:20:01:667	399	0	0	0
2021-03-17 15:20:02:661	399	0	0	0
2021-03-17 15:20:03:667	399	0	0	0
2021-03-17 15:20:04:667	399	0	0	0
2021-03-17 15:20:05:651	399	0	0	0
2021-03-17 15:20:06:666	399	0	0	0
2021-03-17 15:20:07:666	399	0	0	0
2021-03-17 15:20:08:666	399	0	0	0
2021-03-17 15:20:09:681	399	0	0	0
2021-03-17 15:20:10:665	399	0	0	0
2021-03-17 15:20:11:681	399	0	0	0
2021-03-17 15:20:13:681	399	0	0	0
2021-03-17 15:20:14:680	399	0	0	0
2021-03-17 15:20:15:680	399	0	0	0
2021-03-17 15:20:16:680	398	0	0	0
2021-03-17 15:24:09:013	398	0	0	0
2021-03-17 15:24:10:029	398	0	0	0
2021-03-17 15:24:11:013	399	0	0	0
2021-03-17 15:24:12:028	399	0	0	0
2021-03-17 15:24:14:028	398	0	0	0
2021-03-17 15:24:15:028	399	0	0	0
2021-03-17 15:24:16:027	399	0	0	0
2021-03-17 15:24:17:027	398	0	0	0
2021-03-17 15:24:19:027	399	0	0	0
2021-03-17 15:24:20:042	399	0	0	0
2021-03-17 15:24:21:026	399	0	0	0
2021-03-17 15:24:22:042	399	0	0	0
2021-03-17 15:24:24:041	399	0	0	0
2021-03-17 15:24:25:041	399	0	0	0
2021-03-17 15:24:26:041	399	0	0	0
2021-03-17 15:24:27:041	399	0	0	0
2021-03-17 15:24:29:040	399	0	0	0
2021-03-17 15:24:30:055	399	0	0	0
2021-03-17 15:24:31:040	399	0	0	0
2021-03-17 15:24:32:055	399	0	0	0
2021-03-17 15:24:34:055	399	0	0	0
2021-03-17 15:24:35:054	399	0	0	0
2021-03-17 15:24:36:054	399	0	0	0
2021-03-17 15:24:37:054	399	0	0	0
2021-03-17 15:24:38:069	399	0	0	0
2021-03-17 15:24:39:053	399	0	0	0
2021-03-17 15:24:40:069	399	0	0	0
2021-03-17 15:24:41:069	399	0	0	0
2021-03-17 15:24:42:068	399	0	0	0
2021-03-17 15:24:43:084	398	0	0	0
2021-03-17 15:24:44:068	398	0	0	0
2021-03-17 15:24:45:083	399	0	0	0
2021-03-17 15:24:46:067	399	0	0	0
2021-03-17 15:24:47:083	399	0	0	0
2021-03-17 15:24:49:082	398	0	0	0
2021-03-17 15:24:50:098	398	0	0	0
2021-03-17 15:24:51:085	399	0	0	0
2021-03-17 15:24:52:091	399	0	0	0
2021-03-17 15:24:54:093	399	0	0	0
2021-03-17 15:24:55:103	399	0	0	0
2021-03-17 15:24:56:094	399	0	0	0
2021-03-17 15:24:57:097	399	0	0	0
2021-03-17 15:24:59:089	399	0	0	0
2021-03-17 15:25:00:101	399	0	0	0
2021-03-17 15:25:01:090	399	0	0	0
2021-03-17 15:25:02:120	399	0	0	0
2021-03-17 16:03:15:201	398	0	0	0
2021-03-17 16:03:16:201	398	0	0	0
2021-03-17 16:03:17:201	398	0	0	0
2021-03-17 16:03:18:200	398	0	0	0
2021-03-17 16:03:19:200	398	0	0	0
2021-03-17 16:08:08:553	332	0	0	0
2021-03-17 16:08:09:568	332	0	0	0
2021-03-17 16:08:10:553	332	0	0	0
2021-03-17 16:08:11:568	332	0	0	0
