Wind Monitoring Program V1.0
회 사 명 : (주)레도
작성일자 : 2020년 06월 09일 10:08:09


날짜/시간 	 Wind_Driction 	 Wind_Speed
2020-06-09 10:08:09:671	301	0
2020-06-09 10:08:10:653	301	0
2020-06-09 10:08:11:656	301	0
2020-06-09 10:08:12:663	301	0
2020-06-09 10:08:13:655	301	0
2020-06-09 10:08:14:658	301	0
2020-06-09 10:08:15:649	301	0
2020-06-09 10:08:16:653	301	0
2020-06-09 10:08:17:660	301	0
2020-06-09 10:08:18:649	301	0
2020-06-09 10:08:19:657	301	0
2020-06-09 10:08:20:661	301	0
2020-06-09 10:08:21:670	301	0
2020-06-09 10:08:22:658	301	0
2020-06-09 10:08:23:663	301	0
2020-06-09 10:08:24:672	301	0
2020-06-09 10:08:25:658	301	0
2020-06-09 10:08:26:664	301	0
2020-06-09 10:08:27:655	301	0
2020-06-09 10:08:28:644	301	0
2020-06-09 10:08:29:649	301	0
2020-06-09 10:08:30:655	301	0
2020-06-09 10:08:31:645	301	0
2020-06-09 10:08:32:652	301	0
2020-06-09 10:08:33:641	301	0
2020-06-09 10:08:34:650	301	0
2020-06-09 10:08:35:669	301	0
2020-06-09 10:08:36:659	301	0
2020-06-09 10:08:37:649	301	0
2020-06-09 10:08:38:656	301	0.1819853
2020-06-09 10:08:39:647	301	0.1809325
2020-06-09 10:08:40:650	301	0.1846655
2020-06-09 10:08:41:657	301	0.1758313
2020-06-09 10:08:42:647	301	0.1930181
2020-06-09 10:08:43:652	301	0.1752866
2020-06-09 10:08:44:658	301	0
2020-06-09 10:08:45:648	301	0
2020-06-09 10:08:46:653	301	0
2020-06-09 10:08:47:659	301	0
2020-06-09 10:08:48:652	278	0.3005084
2020-06-09 10:08:49:655	274	0.2573662
2020-06-09 10:08:50:665	274	0.2312521
2020-06-09 10:08:51:670	285	0.2807711
2020-06-09 10:08:52:657	275	0.2424628
2020-06-09 10:08:53:651	275	0.2485372
2020-06-09 10:08:54:653	236	0.2331137
2020-06-09 10:08:55:662	236	0.1857711
2020-06-09 10:08:56:648	236	0
2020-06-09 10:08:57:658	236	0
2020-06-09 10:08:58:663	236	0
2020-06-09 10:08:59:666	236	0
2020-06-09 10:09:00:657	236	0
2020-06-09 10:09:01:662	236	0
2020-06-09 10:09:02:651	236	0
2020-06-09 10:09:03:658	236	0
2020-06-09 10:09:04:664	236	0
2020-06-09 10:09:05:653	236	0
2020-06-09 10:09:06:659	236	0
2020-06-09 10:09:07:648	236	0
2020-06-09 10:09:08:654	236	0
2020-06-09 10:09:09:649	236	0
2020-06-09 10:09:10:651	236	0
2020-06-09 10:09:11:658	236	0
2020-06-09 10:09:12:648	236	0
2020-06-09 10:09:13:654	236	0
2020-06-09 10:09:14:662	236	0
2020-06-09 10:09:15:648	236	0
2020-06-09 10:09:16:659	236	0
2020-06-09 10:09:17:660	236	0
2020-06-09 10:09:18:652	236	0
2020-06-09 10:09:19:655	236	0
2020-06-09 10:09:20:664	236	0
2020-06-09 10:09:21:651	236	0
2020-06-09 10:09:22:661	236	0
2020-06-09 10:09:23:665	236	0
2020-06-09 10:09:24:668	236	0
2020-06-09 10:09:25:659	236	0
2020-06-09 10:09:26:648	236	0
2020-06-09 10:09:27:654	236	0
2020-06-09 10:09:28:660	236	0
2020-06-09 10:09:29:650	236	0
2020-06-09 10:09:30:657	236	0
2020-06-09 10:09:31:663	236	0
2020-06-09 10:09:32:656	236	0
2020-06-09 10:09:33:657	236	0
2020-06-09 10:09:34:651	236	0
2020-06-09 10:09:35:654	236	0
2020-06-09 10:09:36:649	236	0
2020-06-09 10:09:37:649	236	0
2020-06-09 10:09:38:656	236	0
2020-06-09 10:09:39:663	236	0
2020-06-09 10:09:40:651	236	0
2020-06-09 10:09:41:656	236	0
2020-06-09 10:09:42:647	236	0
2020-06-09 10:09:43:656	236	0
2020-06-09 10:09:44:658	236	0
2020-06-09 10:09:45:665	236	0
2020-06-09 10:09:46:654	236	0
2020-06-09 10:09:47:661	236	0
2020-06-09 10:09:48:666	236	0
2020-06-09 10:09:49:656	236	0
2020-06-09 10:09:50:646	236	0
2020-06-09 10:09:51:651	236	0
2020-06-09 10:09:52:658	236	0
2020-06-09 10:09:53:647	236	0
2020-06-09 10:09:54:652	236	0
2020-06-09 10:09:55:643	236	0
2020-06-09 10:09:56:649	236	0
2020-06-09 10:09:57:655	236	0
2020-06-09 10:09:58:660	236	0
2020-06-09 10:09:59:650	236	0
2020-06-09 10:10:00:656	236	0
2020-06-09 10:10:01:663	236	0
2020-06-09 10:10:02:653	236	0
2020-06-09 10:10:03:657	236	0
2020-06-09 10:10:04:648	236	0
2020-06-09 10:10:05:655	236	0
2020-06-09 10:10:06:644	236	0
2020-06-09 10:10:07:671	236	0
2020-06-09 10:10:08:655	236	0
2020-06-09 10:10:09:648	236	0
2020-06-09 10:10:10:651	236	0
2020-06-09 10:10:11:657	236	0
2020-06-09 10:10:12:663	236	0
2020-06-09 10:10:13:654	236	0
2020-06-09 10:10:14:650	236	0.1764371
2020-06-09 10:10:15:650	236	0
2020-06-09 10:10:16:655	236	0
2020-06-09 10:10:17:661	236	0
2020-06-09 10:10:18:667	236	0
2020-06-09 10:10:19:657	236	0
2020-06-09 10:10:20:647	236	0
2020-06-09 10:10:21:654	236	0
2020-06-09 10:10:22:658	236	0
2020-06-09 10:10:23:666	236	0
2020-06-09 10:10:24:661	236	0.1897098
2020-06-09 10:10:25:660	236	0
2020-06-09 10:10:26:669	236	0
2020-06-09 10:10:27:655	236	0
2020-06-09 10:10:28:665	236	0
2020-06-09 10:10:29:653	236	0
2020-06-09 10:10:30:658	236	0
2020-06-09 10:10:31:666	236	0
2020-06-09 10:10:32:653	236	0
2020-06-09 10:10:33:662	236	0
2020-06-09 10:10:34:649	236	0
2020-06-09 10:10:35:655	236	0
2020-06-09 10:10:36:648	236	0
2020-06-09 10:10:37:650	236	0
2020-06-09 10:10:38:644	236	0
2020-06-09 10:10:39:646	236	0
2020-06-09 10:10:40:653	236	0
2020-06-09 10:10:41:658	236	0
2020-06-09 10:10:42:648	236	0
2020-06-09 10:10:43:655	236	0
2020-06-09 10:10:44:660	236	0
2020-06-09 10:10:45:653	236	0
2020-06-09 10:10:46:657	236	0
2020-06-09 10:10:47:663	236	0
2020-06-09 10:10:48:652	236	0
2020-06-09 10:10:49:658	236	0
2020-06-09 10:10:50:663	236	0
2020-06-09 10:10:51:652	236	0
2020-06-09 10:10:52:660	236	0
2020-06-09 10:10:53:666	236	0
2020-06-09 10:10:54:658	236	0
2020-06-09 10:10:55:665	236	0
2020-06-09 10:10:56:652	236	0
2020-06-09 10:10:57:657	236	0
2020-06-09 10:10:58:662	236	0
2020-06-09 10:10:59:655	236	0
2020-06-09 10:11:00:659	236	0.2238589
2020-06-09 10:11:01:664	236	0.1726545
2020-06-09 10:11:02:657	236	0
2020-06-09 10:11:03:644	236	0
2020-06-09 10:11:04:651	236	0.2247137
2020-06-09 10:11:05:656	236	0
2020-06-09 10:11:06:647	236	0
2020-06-09 10:11:07:655	236	0
2020-06-09 10:11:08:657	236	0
2020-06-09 10:11:09:649	236	0
2020-06-09 10:11:10:652	236	0
2020-06-09 10:11:11:659	236	0
2020-06-09 10:11:12:651	236	0
2020-06-09 10:11:13:655	236	0
2020-06-09 10:11:14:661	236	0
2020-06-09 10:11:15:666	236	0
2020-06-09 10:11:16:656	236	0
2020-06-09 10:11:17:663	236	0
2020-06-09 10:11:18:653	236	0
2020-06-09 10:11:19:658	236	0
2020-06-09 10:11:20:666	236	0
2020-06-09 10:11:21:654	236	0
2020-06-09 10:11:22:660	236	0
2020-06-09 10:11:23:654	236	0
2020-06-09 10:11:24:655	236	0.1695198
2020-06-09 10:11:25:665	236	0
2020-06-09 10:11:26:652	236	0
2020-06-09 10:11:27:657	236	0
2020-06-09 10:11:28:665	236	0
2020-06-09 10:11:29:654	236	0
2020-06-09 10:11:30:646	236	0
2020-06-09 10:11:31:649	236	0
2020-06-09 10:11:32:655	236	0
2020-06-09 10:11:33:646	236	0
2020-06-09 10:11:34:651	236	0
2020-06-09 10:11:35:657	236	0
2020-06-09 10:11:36:646	236	0
2020-06-09 10:11:37:653	236	0
2020-06-09 10:11:38:658	236	0
2020-06-09 10:11:39:663	236	0
2020-06-09 10:11:40:656	236	0
2020-06-09 10:11:41:659	236	0
2020-06-09 10:11:42:668	236	0
2020-06-09 10:11:43:657	236	0
2020-06-09 10:11:44:661	236	0
2020-06-09 10:11:45:652	236	0
2020-06-09 10:11:46:656	236	0
2020-06-09 10:11:47:647	236	0
2020-06-09 10:11:48:653	236	0
2020-06-09 10:11:49:642	236	0
2020-06-09 10:11:50:663	236	0
2020-06-09 10:11:51:655	236	0
2020-06-09 10:11:52:646	236	0
2020-06-09 10:11:53:650	236	0
2020-06-09 10:11:54:658	236	0
2020-06-09 10:11:55:646	236	0
2020-06-09 10:11:56:652	236	0
2020-06-09 10:11:57:658	236	0
2020-06-09 10:11:58:646	236	0
2020-06-09 10:11:59:654	236	0
2020-06-09 10:12:00:660	236	0.1658891
2020-06-09 10:12:01:650	236	0
2020-06-09 10:12:02:656	236	0
2020-06-09 10:12:03:660	236	0
2020-06-09 10:12:04:651	236	0
2020-06-09 10:12:05:655	236	0
2020-06-09 10:12:06:661	236	0
2020-06-09 10:12:07:652	236	0
2020-06-09 10:12:08:658	236	0.1679441
2020-06-09 10:12:09:664	236	0
2020-06-09 10:12:10:653	236	0
2020-06-09 10:12:11:660	236	0
2020-06-09 10:12:12:649	236	0
2020-06-09 10:12:13:654	236	0
2020-06-09 10:12:14:660	236	0
2020-06-09 10:12:15:649	236	0
2020-06-09 10:12:16:657	236	0
2020-06-09 10:12:17:663	236	0
2020-06-09 10:12:18:651	236	0
2020-06-09 10:12:19:660	236	0
2020-06-09 10:12:20:663	236	0
2020-06-09 10:12:21:669	236	0
2020-06-09 10:12:22:659	236	0
2020-06-09 10:12:23:665	236	0
2020-06-09 10:12:24:655	236	0
2020-06-09 10:12:25:660	236	0
2020-06-09 10:12:26:654	236	0
2020-06-09 10:12:27:656	236	0
2020-06-09 10:12:28:648	236	0
2020-06-09 10:12:29:652	236	0
2020-06-09 10:12:30:659	236	0
2020-06-09 10:12:31:667	236	0
2020-06-09 10:12:32:669	236	0
2020-06-09 10:12:33:659	236	0
2020-06-09 10:12:34:667	236	0
2020-06-09 10:12:35:655	236	0
2020-06-09 10:12:36:664	236	0
2020-06-09 10:12:37:669	236	0
2020-06-09 10:12:38:658	236	0
2020-06-09 10:12:39:662	236	0
2020-06-09 10:12:40:669	236	0
2020-06-09 10:12:41:658	236	0
2020-06-09 10:12:42:664	236	0
2020-06-09 10:12:43:656	236	0
2020-06-09 10:12:44:660	236	0
2020-06-09 10:12:45:653	236	0
2020-06-09 10:12:46:657	236	0
2020-06-09 10:12:47:662	236	0
2020-06-09 10:12:48:654	236	0
2020-06-09 10:12:49:657	236	0
2020-06-09 10:12:50:664	236	0
2020-06-09 10:12:51:653	236	0
2020-06-09 10:12:52:661	236	0
2020-06-09 10:12:53:649	236	0
2020-06-09 10:12:54:655	236	0
2020-06-09 10:12:55:661	236	0
2020-06-09 10:12:56:651	236	0
2020-06-09 10:12:57:657	236	0
2020-06-09 10:12:58:647	236	0
2020-06-09 10:12:59:655	236	0
2020-06-09 10:13:00:658	236	0
2020-06-09 10:13:01:666	236	0
2020-06-09 10:13:02:655	236	0
2020-06-09 10:13:03:660	236	0
2020-06-09 10:13:04:649	236	0
2020-06-09 10:13:05:655	236	0
2020-06-09 10:13:06:662	236	0
2020-06-09 10:13:07:651	236	0
2020-06-09 10:13:08:660	236	0
2020-06-09 10:13:09:647	236	0
2020-06-09 10:13:10:653	236	0
2020-06-09 10:13:11:661	236	0
2020-06-09 10:13:12:649	236	0
2020-06-09 10:13:13:657	236	0
2020-06-09 10:13:14:647	236	0
2020-06-09 10:13:15:652	236	0
2020-06-09 10:13:16:660	236	0
2020-06-09 10:13:17:662	236	0
2020-06-09 10:13:18:656	236	0
2020-06-09 10:13:19:661	236	0
2020-06-09 10:13:20:648	236	0
2020-06-09 10:13:21:656	236	0
2020-06-09 10:13:22:643	236	0
2020-06-09 10:13:23:667	236	0
2020-06-09 10:13:24:655	236	0
2020-06-09 10:13:25:662	236	0
2020-06-09 10:13:26:652	236	0
2020-06-09 10:13:27:658	236	0.1951491
2020-06-09 10:13:28:664	236	0.2280574
2020-06-09 10:13:29:659	236	0.2063774
2020-06-09 10:13:30:663	236	0
2020-06-09 10:13:31:668	236	0
2020-06-09 10:13:32:654	236	0
2020-06-09 10:13:33:663	236	0
2020-06-09 10:13:34:652	236	0
2020-06-09 10:13:35:659	236	0
2020-06-09 10:13:36:661	236	0
2020-06-09 10:13:37:655	236	0
2020-06-09 10:13:38:659	236	0
2020-06-09 10:13:39:647	236	0
2020-06-09 10:13:40:675	236	0
2020-06-09 10:13:41:642	236	0
2020-06-09 10:13:42:652	236	0
2020-06-09 10:13:43:658	236	0
2020-06-09 10:13:44:660	236	0
2020-06-09 10:13:45:676	236	0
2020-06-09 10:13:46:672	236	0
2020-06-09 10:13:47:662	236	0
2020-06-09 10:13:48:655	236	0
2020-06-09 10:13:49:658	236	0
2020-06-09 10:13:50:648	236	0
2020-06-09 10:13:51:654	236	0
2020-06-09 10:13:52:663	236	0
2020-06-09 10:13:53:666	236	0
2020-06-09 10:13:54:657	236	0
2020-06-09 10:13:55:665	236	0
2020-06-09 10:13:56:667	236	0
2020-06-09 10:13:57:661	236	0
2020-06-09 10:13:58:647	236	0
2020-06-09 10:13:59:669	236	0
2020-06-09 10:14:00:661	236	0
2020-06-09 10:14:01:649	236	0
2020-06-09 10:14:02:674	236	0
2020-06-09 10:14:03:660	236	0
2020-06-09 10:14:04:653	236	0
2020-06-09 10:14:05:660	236	0
2020-06-09 10:14:06:661	236	0
2020-06-09 10:14:07:655	236	0
2020-06-09 10:14:08:658	236	0
2020-06-09 10:14:09:667	236	0
2020-06-09 10:14:10:654	236	0
2020-06-09 10:14:11:643	236	0
2020-06-09 10:14:12:653	236	0
2020-06-09 10:14:13:655	236	0
2020-06-09 10:14:14:664	236	0
2020-06-09 10:14:15:652	236	0
2020-06-09 10:14:16:659	236	0
2020-06-09 10:14:17:646	236	0
2020-06-09 10:14:18:652	236	0
2020-06-09 10:14:19:662	236	0
2020-06-09 10:14:20:647	236	0
2020-06-09 10:14:21:657	236	0
2020-06-09 10:14:22:663	236	0
2020-06-09 10:14:23:650	236	0
2020-06-09 10:14:24:659	236	0
2020-06-09 10:14:25:661	236	0
2020-06-09 10:14:26:655	236	0
2020-06-09 10:14:27:661	236	0
2020-06-09 10:14:28:663	236	0
2020-06-09 10:14:29:656	236	0
2020-06-09 10:14:30:660	236	0
2020-06-09 10:14:31:668	236	0
2020-06-09 10:14:32:674	236	0
2020-06-09 10:14:33:660	236	0
2020-06-09 10:14:34:650	236	0
2020-06-09 10:14:35:656	236	0
2020-06-09 10:14:36:646	236	0
2020-06-09 10:14:37:651	236	0
2020-06-09 10:14:38:642	236	0
2020-06-09 10:14:39:664	236	0
2020-06-09 10:14:40:654	236	0
2020-06-09 10:14:41:659	236	0
2020-06-09 10:14:42:649	236	0
2020-06-09 10:14:43:659	236	0
2020-06-09 10:14:44:664	236	0
2020-06-09 10:14:45:655	236	0
2020-06-09 10:14:46:656	236	0
2020-06-09 10:14:47:663	236	0
2020-06-09 10:14:48:653	236	0
2020-06-09 10:14:49:662	236	0
2020-06-09 10:14:50:652	236	0
2020-06-09 10:14:51:687	236	0
2020-06-09 10:14:52:664	236	0
2020-06-09 10:14:53:666	236	0
2020-06-09 10:14:54:658	236	0
2020-06-09 10:14:55:662	236	0
2020-06-09 10:14:56:657	236	0.1753479
2020-06-09 10:14:57:658	236	0
2020-06-09 10:14:58:667	236	0
2020-06-09 10:14:59:658	236	0
2020-06-09 10:15:00:658	236	0
2020-06-09 10:15:01:668	236	0
2020-06-09 10:15:02:654	236	0
2020-06-09 10:15:03:663	236	0
2020-06-09 10:15:04:666	236	0
2020-06-09 10:15:05:656	236	0
2020-06-09 10:15:06:663	236	0
2020-06-09 10:15:07:668	236	0
2020-06-09 10:15:08:661	236	0
2020-06-09 10:15:09:647	236	0
2020-06-09 10:15:10:654	236	0
2020-06-09 10:15:11:661	236	0
2020-06-09 10:15:12:652	236	0
2020-06-09 10:15:13:654	236	0
2020-06-09 10:15:14:646	174	0.3295966
2020-06-09 10:15:15:658	167	0.2136022
2020-06-09 10:15:16:658	167	0
2020-06-09 10:15:17:667	167	0
2020-06-09 10:15:18:653	167	0
2020-06-09 10:15:19:662	167	0
2020-06-09 10:15:20:668	167	0
2020-06-09 10:15:21:654	167	0
2020-06-09 10:15:22:662	167	0
2020-06-09 10:15:23:665	167	0
2020-06-09 10:15:24:675	167	0
2020-06-09 10:15:25:664	167	0
2020-06-09 10:15:26:668	167	0
2020-06-09 10:15:27:661	167	0
2020-06-09 10:15:28:647	167	0
2020-06-09 10:15:29:656	167	0
2020-06-09 10:15:30:659	167	0
2020-06-09 10:15:31:648	167	0
2020-06-09 10:15:32:658	167	0
2020-06-09 10:15:33:661	167	0
2020-06-09 10:15:34:651	167	0
2020-06-09 10:15:35:671	167	0
2020-06-09 10:15:36:665	167	0
2020-06-09 10:15:37:652	167	0
2020-06-09 10:15:38:657	167	0
2020-06-09 10:15:39:649	167	0
2020-06-09 10:15:40:654	167	0
2020-06-09 10:15:41:659	167	0
2020-06-09 10:15:42:665	167	0
2020-06-09 10:15:43:661	167	0
2020-06-09 10:15:44:646	167	0
2020-06-09 10:15:45:667	167	0
2020-06-09 10:15:46:658	167	0
2020-06-09 10:15:47:648	167	0
2020-06-09 10:15:48:654	167	0.2107462
2020-06-09 10:15:49:644	167	0
2020-06-09 10:15:50:648	167	0
2020-06-09 10:15:51:654	167	0
2020-06-09 10:15:52:660	167	0
2020-06-09 10:15:53:650	167	0
2020-06-09 10:15:54:657	167	0
2020-06-09 10:15:55:662	167	0
2020-06-09 10:15:56:652	167	0
2020-06-09 10:15:57:657	167	0
2020-06-09 10:15:58:652	167	0
2020-06-09 10:15:59:654	167	0
2020-06-09 10:16:00:659	167	0
2020-06-09 10:16:01:649	167	0
2020-06-09 10:16:02:655	167	0
2020-06-09 10:16:03:661	167	0
2020-06-09 10:16:04:650	167	0
2020-06-09 10:16:05:656	167	0
2020-06-09 10:16:06:662	167	0
2020-06-09 10:16:07:655	167	0
2020-06-09 10:16:08:657	167	0
2020-06-09 10:16:09:664	167	0
2020-06-09 10:16:10:654	167	0
2020-06-09 10:16:11:660	167	0
2020-06-09 10:16:12:669	167	0
2020-06-09 10:16:13:655	167	0
2020-06-09 10:16:14:660	167	0
2020-06-09 10:16:15:651	167	0
2020-06-09 10:16:16:657	167	0
2020-06-09 10:16:17:662	167	0
2020-06-09 10:16:18:654	167	0
2020-06-09 10:16:19:658	167	0
2020-06-09 10:16:20:651	167	0
2020-06-09 10:16:21:657	167	0
2020-06-09 10:16:22:644	167	0
2020-06-09 10:16:23:652	167	0.2009947
2020-06-09 10:16:24:657	167	0.196055
2020-06-09 10:16:25:648	167	0
2020-06-09 10:16:26:651	167	0
2020-06-09 10:16:27:643	167	0
2020-06-09 10:16:28:664	167	0
2020-06-09 10:16:29:653	167	0
2020-06-09 10:16:30:647	167	0
2020-06-09 10:16:31:649	167	0
2020-06-09 10:16:32:657	167	0
2020-06-09 10:16:33:646	167	0
2020-06-09 10:16:34:654	167	0
2020-06-09 10:16:35:656	167	0
2020-06-09 10:16:36:665	167	0
2020-06-09 10:16:37:655	167	0
2020-06-09 10:16:38:658	167	0
2020-06-09 10:16:39:652	167	0
2020-06-09 10:16:40:654	167	0
2020-06-09 10:16:41:660	167	0
2020-06-09 10:16:42:650	167	0.1919065
2020-06-09 10:16:43:661	167	0
2020-06-09 10:16:44:661	167	0
2020-06-09 10:16:45:653	167	0
2020-06-09 10:16:46:661	167	0
2020-06-09 10:16:47:663	167	0
2020-06-09 10:16:48:652	167	0
2020-06-09 10:16:49:658	167	0
2020-06-09 10:16:50:666	167	0
2020-06-09 10:16:51:654	167	0
2020-06-09 10:16:52:662	167	0
2020-06-09 10:16:53:666	167	0
2020-06-09 10:16:54:658	167	0
2020-06-09 10:16:55:666	167	0
2020-06-09 10:16:56:669	167	0
2020-06-09 10:16:57:659	167	0
2020-06-09 10:16:58:647	167	0
2020-06-09 10:16:59:654	167	0
2020-06-09 10:17:00:643	167	0
2020-06-09 10:17:01:665	167	0
2020-06-09 10:17:02:671	167	0
2020-06-09 10:17:03:664	167	0
2020-06-09 10:17:04:653	167	0
2020-06-09 10:17:05:656	167	0
2020-06-09 10:17:06:665	167	0
2020-06-09 10:17:07:668	167	0
2020-06-09 10:17:08:660	167	0
2020-06-09 10:17:09:664	167	0
2020-06-09 10:17:10:657	167	0
2020-06-09 10:17:11:660	167	0
2020-06-09 10:17:12:665	167	0
2020-06-09 10:17:13:675	167	0
2020-06-09 10:17:14:661	167	0
2020-06-09 10:17:15:652	167	0
2020-06-09 10:17:16:657	167	0
2020-06-09 10:17:17:647	167	0
2020-06-09 10:17:18:652	167	0
2020-06-09 10:17:19:659	167	0
2020-06-09 10:17:20:649	167	0
2020-06-09 10:17:21:655	167	0
2020-06-09 10:17:22:661	167	0
2020-06-09 10:17:23:669	167	0
2020-06-09 10:17:24:658	167	0
2020-06-09 10:17:25:663	167	0.1932986
2020-06-09 10:17:26:660	167	0
2020-06-09 10:17:27:658	167	0
2020-06-09 10:17:28:665	167	0
2020-06-09 10:17:29:654	167	0
2020-06-09 10:17:30:661	167	0
2020-06-09 10:17:31:669	167	0
2020-06-09 10:17:32:656	167	0
2020-06-09 10:17:33:661	167	0
2020-06-09 10:17:34:652	167	0
2020-06-09 10:17:35:658	167	0
2020-06-09 10:17:36:646	167	0
2020-06-09 10:17:37:653	167	0
2020-06-09 10:17:38:658	167	0
2020-06-09 10:17:39:664	167	0
2020-06-09 10:17:40:654	167	0
2020-06-09 10:17:41:662	167	0
2020-06-09 10:17:42:653	167	0
2020-06-09 10:17:43:642	167	0.2318926
2020-06-09 10:17:44:649	167	0.2107042
2020-06-09 10:17:45:652	167	0.2014764
2020-06-09 10:17:46:664	167	0
2020-06-09 10:17:47:649	167	0
2020-06-09 10:17:48:656	167	0
2020-06-09 10:17:49:665	167	0
2020-06-09 10:17:50:650	167	0
2020-06-09 10:17:51:658	167	0
2020-06-09 10:17:52:663	167	0
2020-06-09 10:17:53:651	167	0
2020-06-09 10:17:54:657	167	0
2020-06-09 10:17:55:650	167	0
2020-06-09 10:17:56:653	167	0
2020-06-09 10:17:57:658	167	0
2020-06-09 10:17:58:648	167	0
2020-06-09 10:17:59:657	167	0
2020-06-09 10:18:00:661	167	0
2020-06-09 10:18:01:666	167	0
2020-06-09 10:18:02:658	167	0
2020-06-09 10:18:03:647	167	0
2020-06-09 10:18:04:652	167	0
2020-06-09 10:18:05:658	167	0
2020-06-09 10:18:06:648	167	0
2020-06-09 10:18:07:654	167	0
2020-06-09 10:18:08:644	167	0
2020-06-09 10:18:09:649	167	0
2020-06-09 10:18:10:655	167	0
2020-06-09 10:18:11:661	167	0
2020-06-09 10:18:12:667	167	0
2020-06-09 10:18:13:657	167	0
2020-06-09 10:18:14:662	167	0
2020-06-09 10:18:15:656	167	0
2020-06-09 10:18:16:661	167	0
2020-06-09 10:18:17:669	167	0
2020-06-09 10:18:18:656	167	0
2020-06-09 10:18:19:660	167	0
2020-06-09 10:18:20:649	167	0
2020-06-09 10:18:21:677	167	0
2020-06-09 10:18:22:661	167	0
2020-06-09 10:18:23:654	167	0
2020-06-09 10:18:24:642	167	0
2020-06-09 10:18:25:649	167	0
2020-06-09 10:18:26:656	167	0
2020-06-09 10:18:27:659	167	0
2020-06-09 10:18:28:665	167	0
2020-06-09 10:18:29:655	167	0
2020-06-09 10:18:30:660	167	0
2020-06-09 10:18:31:651	167	0
2020-06-09 10:18:32:658	167	0
2020-06-09 10:18:33:647	167	0
2020-06-09 10:18:34:669	167	0
2020-06-09 10:18:35:658	167	0
2020-06-09 10:18:36:664	167	0
2020-06-09 10:18:37:655	167	0
2020-06-09 10:18:38:660	167	0
2020-06-09 10:18:39:666	167	0
2020-06-09 10:18:40:657	167	0
2020-06-09 10:18:41:661	167	0
2020-06-09 10:18:42:652	167	0
2020-06-09 10:18:43:657	167	0
2020-06-09 10:18:44:663	167	0
2020-06-09 10:18:45:652	167	0
2020-06-09 10:18:46:659	167	0
2020-06-09 10:18:47:648	167	0
2020-06-09 10:18:48:655	167	0
2020-06-09 10:18:49:660	167	0
2020-06-09 10:18:50:665	167	0
2020-06-09 10:18:51:660	167	0
2020-06-09 10:18:52:662	167	0
2020-06-09 10:18:53:667	167	0
2020-06-09 10:18:54:661	167	0
2020-06-09 10:18:55:663	167	0
2020-06-09 10:18:56:656	167	0
2020-06-09 10:18:57:660	167	0
2020-06-09 10:18:58:666	167	0
2020-06-09 10:18:59:642	167	0
2020-06-09 10:19:00:644	167	0
2020-06-09 10:19:01:657	167	0
2020-06-09 10:19:02:657	167	0
2020-06-09 10:19:03:664	167	0
2020-06-09 10:19:04:652	167	0
2020-06-09 10:19:05:660	167	0
2020-06-09 10:19:06:664	167	0.1959076
2020-06-09 10:19:07:655	167	0
2020-06-09 10:19:08:663	167	0
2020-06-09 10:19:09:648	167	0
2020-06-09 10:19:10:658	167	0
2020-06-09 10:19:11:661	167	0
2020-06-09 10:19:12:667	167	0
2020-06-09 10:19:13:660	167	0
2020-06-09 10:19:14:662	167	0
2020-06-09 10:19:15:653	167	0
2020-06-09 10:19:16:659	167	0
2020-06-09 10:19:17:648	167	0
2020-06-09 10:19:18:656	167	0
2020-06-09 10:19:19:659	167	0
2020-06-09 10:19:20:650	167	0
2020-06-09 10:19:21:656	167	0
2020-06-09 10:19:22:662	167	0
2020-06-09 10:19:23:652	167	0
2020-06-09 10:19:24:641	167	0
2020-06-09 10:19:25:649	167	0
2020-06-09 10:19:26:654	167	0
2020-06-09 10:19:27:646	167	0
2020-06-09 10:19:28:650	167	0
2020-06-09 10:19:29:656	167	0
2020-06-09 10:19:30:648	167	0
2020-06-09 10:19:31:649	167	0
2020-06-09 10:19:32:657	167	0
2020-06-09 10:19:33:646	167	0
2020-06-09 10:19:34:652	167	0
2020-06-09 10:19:35:663	167	0
2020-06-09 10:19:36:648	167	0
2020-06-09 10:19:37:656	167	0
2020-06-09 10:19:38:661	167	0
2020-06-09 10:19:39:667	167	0
2020-06-09 10:19:40:659	167	0
2020-06-09 10:19:41:662	240	0.2273844
2020-06-09 10:19:42:652	240	0.1870818
2020-06-09 10:19:43:657	240	0
2020-06-09 10:19:44:650	240	0
2020-06-09 10:19:45:653	240	0
2020-06-09 10:19:46:658	240	0
2020-06-09 10:19:47:667	240	0
2020-06-09 10:19:48:655	240	0
2020-06-09 10:19:49:643	240	0
2020-06-09 10:19:50:650	240	0
2020-06-09 10:19:51:656	240	0
2020-06-09 10:19:52:665	240	0
2020-06-09 10:19:53:668	240	0
2020-06-09 10:19:54:659	240	0
2020-06-09 10:19:55:663	240	0
2020-06-09 10:19:56:671	240	0
2020-06-09 10:19:57:661	240	0
2020-06-09 10:19:58:665	240	0
2020-06-09 10:19:59:658	240	0
2020-06-09 10:20:00:661	240	0
2020-06-09 10:20:01:672	240	0
2020-06-09 10:20:02:660	240	0
2020-06-09 10:20:03:662	240	0
2020-06-09 10:20:04:652	240	0
2020-06-09 10:20:05:657	240	0
2020-06-09 10:20:06:664	240	0
2020-06-09 10:20:07:653	240	0
2020-06-09 10:20:08:661	240	0
2020-06-09 10:20:09:652	240	0
2020-06-09 10:20:10:655	240	0
2020-06-09 10:20:11:666	240	0
2020-06-09 10:20:12:651	240	0
2020-06-09 10:20:13:662	240	0
2020-06-09 10:20:14:648	240	0
2020-06-09 10:20:15:654	240	0
2020-06-09 10:20:16:660	240	0
2020-06-09 10:20:17:648	240	0
2020-06-09 10:20:18:657	240	0
2020-06-09 10:20:19:661	240	0
2020-06-09 10:20:20:653	240	0
2020-06-09 10:20:21:658	240	0
2020-06-09 10:20:22:661	240	0
2020-06-09 10:20:23:652	240	0
2020-06-09 10:20:24:658	240	0
2020-06-09 10:20:25:647	240	0
2020-06-09 10:20:26:653	240	0
2020-06-09 10:20:27:659	240	0
2020-06-09 10:20:28:650	240	0
2020-06-09 10:20:29:655	240	0
2020-06-09 10:20:30:661	240	0
2020-06-09 10:20:31:650	240	0
2020-06-09 10:20:32:657	240	0
2020-06-09 10:20:33:662	240	0
2020-06-09 10:20:34:652	240	0
2020-06-09 10:20:35:661	240	0.1774987
2020-06-09 10:20:36:649	240	0
2020-06-09 10:20:37:657	240	0
2020-06-09 10:20:38:660	240	0
2020-06-09 10:20:39:655	240	0
2020-06-09 10:20:40:659	240	0
2020-06-09 10:20:41:661	240	0
2020-06-09 10:20:42:655	240	0
2020-06-09 10:20:43:658	240	0
2020-06-09 10:20:44:666	240	0
2020-06-09 10:20:45:654	240	0
2020-06-09 10:20:46:661	240	0
2020-06-09 10:20:47:666	240	0
2020-06-09 10:20:48:655	240	0
2020-06-09 10:20:49:660	240	0
2020-06-09 10:20:50:667	240	0
2020-06-09 10:20:51:661	240	0
2020-06-09 10:20:52:666	240	0
2020-06-09 10:20:53:652	240	0
2020-06-09 10:20:54:662	240	0
2020-06-09 10:20:55:648	240	0
2020-06-09 10:20:56:657	240	0
2020-06-09 10:20:57:663	240	0
2020-06-09 10:20:58:650	240	0
2020-06-09 10:20:59:659	240	0
2020-06-09 10:21:00:661	240	0
2020-06-09 10:21:01:655	240	0
2020-06-09 10:21:02:658	240	0
2020-06-09 10:21:03:663	240	0
2020-06-09 10:21:04:656	240	0
2020-06-09 10:21:05:658	240	0
2020-06-09 10:21:06:668	240	0
2020-06-09 10:21:07:671	240	0
2020-06-09 10:21:08:664	240	0
2020-06-09 10:21:09:653	240	0
2020-06-09 10:21:10:655	240	0
2020-06-09 10:21:11:666	240	0
2020-06-09 10:21:12:653	240	0
2020-06-09 10:21:13:661	240	0
2020-06-09 10:21:14:649	240	0
2020-06-09 10:21:15:653	240	0
2020-06-09 10:21:16:663	240	0
2020-06-09 10:21:17:650	240	0
2020-06-09 10:21:18:658	240	0
2020-06-09 10:21:19:646	240	0
2020-06-09 10:21:20:654	240	0
2020-06-09 10:21:21:641	240	0
2020-06-09 10:21:22:663	240	0
2020-06-09 10:21:23:652	240	0
2020-06-09 10:21:24:644	240	0.1970566
2020-06-09 10:21:25:652	240	0.2008922
2020-06-09 10:21:26:654	240	0
2020-06-09 10:21:27:663	240	0
2020-06-09 10:21:28:652	240	0
2020-06-09 10:21:29:656	240	0
2020-06-09 10:21:30:664	240	0
2020-06-09 10:21:31:668	240	0
2020-06-09 10:21:32:658	240	0
2020-06-09 10:21:33:648	240	0
2020-06-09 10:21:34:655	240	0
2020-06-09 10:21:35:647	240	0
2020-06-09 10:21:36:649	240	0
2020-06-09 10:21:37:657	240	0
2020-06-09 10:21:38:661	240	0
2020-06-09 10:21:39:652	240	0
2020-06-09 10:21:40:658	240	0
2020-06-09 10:21:41:647	240	0
2020-06-09 10:21:42:655	240	0
2020-06-09 10:21:43:658	240	0
2020-06-09 10:21:44:649	240	0
2020-06-09 10:21:45:655	240	0
2020-06-09 10:21:46:661	240	0
2020-06-09 10:21:47:649	240	0
2020-06-09 10:21:48:657	240	0
2020-06-09 10:21:49:668	240	0
2020-06-09 10:21:50:652	240	0
2020-06-09 10:21:51:661	240	0
2020-06-09 10:21:52:664	240	0.2457231
2020-06-09 10:21:53:657	240	0.2297535
2020-06-09 10:21:54:662	240	0
2020-06-09 10:21:55:649	240	0
2020-06-09 10:21:56:659	240	0
2020-06-09 10:21:57:661	240	0
2020-06-09 10:21:58:654	240	0
2020-06-09 10:21:59:660	240	0
2020-06-09 10:22:00:663	240	0
2020-06-09 10:22:01:655	240	0
2020-06-09 10:22:02:659	240	0
2020-06-09 10:22:03:652	240	0
2020-06-09 10:22:04:672	240	0
2020-06-09 10:22:05:662	240	0
2020-06-09 10:22:06:652	240	0
2020-06-09 10:22:07:655	240	0
2020-06-09 10:22:08:649	240	0
2020-06-09 10:22:09:652	240	0
2020-06-09 10:22:10:657	240	0
2020-06-09 10:22:11:650	240	0
2020-06-09 10:22:12:653	240	0
2020-06-09 10:22:13:644	240	0
2020-06-09 10:22:14:651	240	0
2020-06-09 10:22:15:655	240	0
2020-06-09 10:22:16:660	240	0
2020-06-09 10:22:17:654	240	0
2020-06-09 10:22:18:659	240	0
2020-06-09 10:22:19:661	240	0
2020-06-09 10:22:20:655	240	0
2020-06-09 10:22:21:657	240	0
2020-06-09 10:22:22:650	240	0
2020-06-09 10:22:23:656	240	0
2020-06-09 10:22:24:659	240	0
2020-06-09 10:22:25:651	240	0
2020-06-09 10:22:26:654	240	0
2020-06-09 10:22:27:648	240	0
2020-06-09 10:22:28:654	240	0
2020-06-09 10:22:29:657	240	0.2286441
2020-06-09 10:22:30:666	240	0.1705492
2020-06-09 10:22:31:653	240	0
2020-06-09 10:22:32:645	240	0
2020-06-09 10:22:33:648	240	0
2020-06-09 10:22:34:654	240	0
2020-06-09 10:22:35:664	240	0
2020-06-09 10:22:36:649	240	0
2020-06-09 10:22:37:656	240	0
2020-06-09 10:22:38:662	240	0
2020-06-09 10:22:39:651	240	0
2020-06-09 10:22:40:658	240	0
2020-06-09 10:22:41:662	240	0
2020-06-09 10:22:42:672	240	0
2020-06-09 10:22:43:658	240	0
2020-06-09 10:22:44:652	240	0
2020-06-09 10:22:45:655	240	0
2020-06-09 10:22:46:666	240	0
2020-06-09 10:22:47:672	240	0
2020-06-09 10:22:48:656	240	0
2020-06-09 10:22:49:665	240	0
2020-06-09 10:22:50:652	240	0.1886235
2020-06-09 10:22:51:664	240	0
2020-06-09 10:22:52:648	240	0
2020-06-09 10:22:53:652	240	0
2020-06-09 10:22:54:659	240	0
2020-06-09 10:22:55:648	240	0
2020-06-09 10:22:56:655	240	0
2020-06-09 10:22:57:661	240	0
2020-06-09 10:22:58:651	240	0
2020-06-09 10:22:59:664	240	0
2020-06-09 10:23:00:663	240	0
2020-06-09 10:23:01:669	240	0
2020-06-09 10:23:02:658	240	0
2020-06-09 10:23:03:667	240	0
2020-06-09 10:23:04:654	240	0
2020-06-09 10:23:05:660	240	0
2020-06-09 10:23:06:652	240	0
2020-06-09 10:23:07:656	240	0
2020-06-09 10:23:08:664	240	0
2020-06-09 10:23:09:670	240	0
2020-06-09 10:23:10:658	240	0
2020-06-09 10:23:11:647	240	0
2020-06-09 10:23:12:652	240	0
2020-06-09 10:23:13:659	240	0
2020-06-09 10:23:14:648	240	0
2020-06-09 10:23:15:654	240	0
2020-06-09 10:23:16:665	240	0
2020-06-09 10:23:17:666	240	0
2020-06-09 10:23:18:656	240	0
2020-06-09 10:23:19:664	240	0
2020-06-09 10:23:20:667	240	0
2020-06-09 10:23:21:658	240	0
2020-06-09 10:23:22:648	240	0
2020-06-09 10:23:23:670	240	0.2019477
2020-06-09 10:23:24:675	240	0.1758054
2020-06-09 10:23:25:652	240	0
2020-06-09 10:23:26:655	240	0
2020-06-09 10:23:27:661	240	0
2020-06-09 10:23:28:651	240	0
2020-06-09 10:23:29:659	240	0
2020-06-09 10:23:30:663	240	0
2020-06-09 10:23:31:652	240	0
2020-06-09 10:23:32:659	240	0
2020-06-09 10:23:33:663	240	0
2020-06-09 10:23:34:656	240	0
2020-06-09 10:23:35:662	240	0
2020-06-09 10:23:36:665	240	0
2020-06-09 10:23:37:657	240	0
2020-06-09 10:23:38:645	240	0
2020-06-09 10:23:39:652	240	0
2020-06-09 10:23:40:657	240	0
2020-06-09 10:23:41:648	240	0
2020-06-09 10:23:42:653	240	0
2020-06-09 10:23:43:658	240	0
2020-06-09 10:23:44:665	240	0
2020-06-09 10:23:45:654	240	0
2020-06-09 10:23:46:660	240	0
2020-06-09 10:23:47:666	240	0
2020-06-09 10:23:48:656	240	0
2020-06-09 10:23:49:649	240	0
2020-06-09 10:23:50:652	240	0
2020-06-09 10:23:51:641	240	0
2020-06-09 10:23:52:648	240	0
2020-06-09 10:23:53:654	240	0
2020-06-09 10:23:54:659	240	0
2020-06-09 10:23:55:650	240	0
2020-06-09 10:23:56:655	240	0
2020-06-09 10:23:57:661	240	0
2020-06-09 10:23:58:650	240	0
2020-06-09 10:23:59:658	240	0
2020-06-09 10:24:00:664	240	0
2020-06-09 10:24:01:654	240	0
2020-06-09 10:24:02:658	240	0
2020-06-09 10:24:03:648	240	0
2020-06-09 10:24:04:654	240	0
2020-06-09 10:24:05:661	240	0
2020-06-09 10:24:06:650	240	0
2020-06-09 10:24:07:659	240	0
2020-06-09 10:24:08:662	240	0
2020-06-09 10:24:09:651	240	0
2020-06-09 10:24:10:662	240	0
2020-06-09 10:24:11:648	240	0.1774006
2020-06-09 10:24:12:655	240	0.1991849
2020-06-09 10:24:13:660	240	0.2020965
2020-06-09 10:24:14:649	240	0.1839867
2020-06-09 10:24:15:654	240	0
2020-06-09 10:24:16:660	240	0
2020-06-09 10:24:17:666	240	0
2020-06-09 10:24:18:656	240	0
2020-06-09 10:24:19:662	240	0
2020-06-09 10:24:20:652	240	0
2020-06-09 10:24:21:657	240	0
2020-06-09 10:24:22:648	240	0
2020-06-09 10:24:23:654	240	0
2020-06-09 10:24:24:644	240	0
2020-06-09 10:24:25:650	240	0
2020-06-09 10:24:26:658	240	0
2020-06-09 10:24:27:664	240	0
2020-06-09 10:24:28:654	240	0
2020-06-09 10:24:29:656	240	0
2020-06-09 10:24:30:647	240	0.1898875
2020-06-09 10:24:31:657	240	0.1837292
2020-06-09 10:24:32:665	240	0
2020-06-09 10:24:33:651	240	0
2020-06-09 10:24:34:658	240	0
2020-06-09 10:24:35:663	240	0
2020-06-09 10:24:36:669	240	0
2020-06-09 10:24:37:665	240	0
2020-06-09 10:24:38:662	240	0
2020-06-09 10:24:39:670	240	0
2020-06-09 10:24:40:658	240	0
2020-06-09 10:24:41:650	240	0
2020-06-09 10:24:42:653	240	0
2020-06-09 10:24:43:661	240	0
2020-06-09 10:24:44:652	240	0
2020-06-09 10:24:45:654	240	0
2020-06-09 10:24:46:661	240	0.1932896
2020-06-09 10:24:47:651	240	0.2317678
2020-06-09 10:24:48:658	256	0.2936236
2020-06-09 10:24:49:646	254	0.2882087
2020-06-09 10:24:50:659	260	0.2245077
2020-06-09 10:24:51:658	260	0
2020-06-09 10:24:52:652	260	0
2020-06-09 10:24:53:657	260	0
2020-06-09 10:24:54:659	260	0
2020-06-09 10:24:55:649	260	0
2020-06-09 10:24:56:658	260	0
2020-06-09 10:24:57:661	260	0
2020-06-09 10:24:58:651	260	0
2020-06-09 10:24:59:660	260	0
2020-06-09 10:25:00:668	260	0
2020-06-09 10:25:01:652	260	0
2020-06-09 10:25:02:661	260	0
2020-06-09 10:25:03:664	260	0
2020-06-09 10:25:04:660	260	0.2375046
2020-06-09 10:25:05:659	260	0.2130875
2020-06-09 10:25:06:650	260	0
2020-06-09 10:25:07:659	260	0
2020-06-09 10:25:08:661	260	0
2020-06-09 10:25:09:653	260	0
2020-06-09 10:25:10:656	260	0
2020-06-09 10:25:11:663	260	0
2020-06-09 10:25:12:653	260	0
2020-06-09 10:25:13:645	260	0
2020-06-09 10:25:14:667	260	0
2020-06-09 10:25:15:654	260	0
2020-06-09 10:25:16:663	260	0
2020-06-09 10:25:17:650	260	0
2020-06-09 10:25:18:658	260	0
2020-06-09 10:25:19:649	260	0
2020-06-09 10:25:20:651	260	0
2020-06-09 10:25:21:661	260	0
2020-06-09 10:25:22:663	260	0
2020-06-09 10:25:23:657	260	0
2020-06-09 10:25:24:664	260	0
2020-06-09 10:25:25:648	260	0
2020-06-09 10:25:26:658	260	0
2020-06-09 10:25:27:660	260	0
2020-06-09 10:25:28:654	260	0
2020-06-09 10:25:29:656	260	0
2020-06-09 10:25:30:666	260	0
2020-06-09 10:25:31:653	260	0
2020-06-09 10:25:32:657	260	0
2020-06-09 10:25:33:667	260	0
2020-06-09 10:25:34:655	260	0
2020-06-09 10:25:35:663	260	0
2020-06-09 10:25:36:666	260	0
2020-06-09 10:25:37:656	260	0
2020-06-09 10:25:38:663	260	0
2020-06-09 10:25:39:651	260	0
2020-06-09 10:25:40:660	260	0
2020-06-09 10:25:41:650	260	0
2020-06-09 10:25:42:653	260	0
2020-06-09 10:25:43:661	260	0
2020-06-09 10:25:44:649	260	0
2020-06-09 10:25:45:656	260	0
2020-06-09 10:25:46:660	260	0
2020-06-09 10:25:47:666	260	0
2020-06-09 10:25:48:658	260	0
2020-06-09 10:25:49:665	260	0
2020-06-09 10:25:50:653	260	0
2020-06-09 10:25:51:657	260	0
2020-06-09 10:25:52:664	260	0
2020-06-09 10:25:53:654	260	0
2020-06-09 10:25:54:660	251	0.2585749
2020-06-09 10:25:55:650	245	0.222535
2020-06-09 10:25:56:660	245	0
2020-06-09 10:25:57:660	245	0
2020-06-09 10:25:58:654	245	0
2020-06-09 10:25:59:657	245	0
2020-06-09 10:26:00:669	245	0
2020-06-09 10:26:01:654	245	0
2020-06-09 10:26:02:644	245	0
2020-06-09 10:26:03:649	245	0
2020-06-09 10:26:04:657	245	0
2020-06-09 10:26:05:659	245	0
2020-06-09 10:26:06:651	245	0
2020-06-09 10:26:07:656	245	0
2020-06-09 10:26:08:662	245	0
2020-06-09 10:26:09:654	245	0
2020-06-09 10:26:10:659	245	0
2020-06-09 10:26:11:664	245	0
2020-06-09 10:26:12:653	245	0
2020-06-09 10:26:13:660	245	0.2055178
2020-06-09 10:26:14:653	245	0.1966579
2020-06-09 10:26:15:670	245	0.2085168
2020-06-09 10:26:16:666	245	0.17822
2020-06-09 10:26:17:667	245	0
2020-06-09 10:26:18:659	245	0
2020-06-09 10:26:19:649	245	0
2020-06-09 10:26:20:651	245	0
2020-06-09 10:26:21:665	245	0.182033
2020-06-09 10:26:22:664	245	0
2020-06-09 10:26:23:653	245	0
2020-06-09 10:26:24:659	245	0
2020-06-09 10:26:25:650	245	0
2020-06-09 10:26:26:657	245	0
2020-06-09 10:26:27:645	245	0
2020-06-09 10:26:28:653	245	0
2020-06-09 10:26:29:656	245	0
2020-06-09 10:26:30:650	245	0
2020-06-09 10:26:31:656	245	0
2020-06-09 10:26:32:658	245	0
2020-06-09 10:26:33:671	245	0.1811583
2020-06-09 10:26:34:654	245	0
2020-06-09 10:26:35:663	245	0
2020-06-09 10:26:36:652	245	0
2020-06-09 10:26:37:655	245	0
2020-06-09 10:26:38:664	245	0
2020-06-09 10:26:39:667	245	0
2020-06-09 10:26:40:659	252	0.1936931
2020-06-09 10:26:41:663	252	0
2020-06-09 10:26:42:674	252	0
2020-06-09 10:26:43:661	252	0.2279512
2020-06-09 10:26:44:649	252	0.2000273
2020-06-09 10:26:45:661	252	0.1932416
2020-06-09 10:26:46:660	252	0.1847188
2020-06-09 10:26:47:656	252	0
2020-06-09 10:26:48:659	252	0
2020-06-09 10:26:49:646	252	0
2020-06-09 10:26:50:653	252	0
2020-06-09 10:26:51:657	252	0
2020-06-09 10:26:52:651	252	0
2020-06-09 10:26:53:657	252	0
2020-06-09 10:26:54:659	252	0
2020-06-09 10:26:55:655	252	0.2106457
2020-06-09 10:26:56:656	252	0
2020-06-09 10:26:57:665	252	0
2020-06-09 10:26:58:651	252	0
2020-06-09 10:26:59:657	252	0
2020-06-09 10:27:00:647	252	0
2020-06-09 10:27:01:654	252	0
2020-06-09 10:27:02:662	252	0
2020-06-09 10:27:03:664	252	0
2020-06-09 10:27:04:658	252	0
2020-06-09 10:27:05:661	252	0
2020-06-09 10:27:06:666	252	0
2020-06-09 10:27:07:661	252	0
2020-06-09 10:27:08:661	252	0
2020-06-09 10:27:09:653	252	0
2020-06-09 10:27:10:657	252	0
2020-06-09 10:27:11:650	252	0
2020-06-09 10:27:12:659	252	0
2020-06-09 10:27:13:659	252	0
2020-06-09 10:27:14:654	252	0
2020-06-09 10:27:15:655	252	0
2020-06-09 10:27:16:646	252	0
2020-06-09 10:27:17:670	252	0
2020-06-09 10:27:18:657	252	0
2020-06-09 10:27:19:666	252	0
2020-06-09 10:27:20:652	252	0
2020-06-09 10:27:21:662	252	0
2020-06-09 10:27:22:667	252	0
2020-06-09 10:27:23:654	252	0
2020-06-09 10:27:24:659	252	0
2020-06-09 10:27:25:666	252	0
2020-06-09 10:27:26:655	252	0
2020-06-09 10:27:27:662	252	0
2020-06-09 10:27:28:667	252	0
2020-06-09 10:27:29:661	252	0
2020-06-09 10:27:30:651	252	0
2020-06-09 10:27:31:656	252	0
2020-06-09 10:27:32:643	252	0
2020-06-09 10:27:33:664	252	0
2020-06-09 10:27:34:660	252	0.2108893
2020-06-09 10:27:35:661	252	0.1990996
2020-06-09 10:27:36:656	252	0
2020-06-09 10:27:37:656	252	0
2020-06-09 10:27:38:663	252	0
2020-06-09 10:27:39:653	252	0
2020-06-09 10:27:40:658	252	0
2020-06-09 10:27:41:664	252	0
2020-06-09 10:27:42:653	252	0
2020-06-09 10:27:43:661	252	0
2020-06-09 10:27:44:668	252	0
2020-06-09 10:27:45:640	252	0
2020-06-09 10:27:46:665	252	0
2020-06-09 10:27:47:667	252	0
2020-06-09 10:27:48:659	252	0
2020-06-09 10:27:49:650	252	0
2020-06-09 10:27:50:652	252	0
2020-06-09 10:27:51:663	252	0
2020-06-09 10:27:52:665	252	0
2020-06-09 10:27:53:656	252	0
2020-06-09 10:27:54:662	252	0
2020-06-09 10:27:55:650	252	0
2020-06-09 10:27:56:674	252	0
2020-06-09 10:27:57:646	252	0
2020-06-09 10:27:58:651	252	0
2020-06-09 10:27:59:657	252	0
2020-06-09 10:28:00:648	252	0
2020-06-09 10:28:01:653	252	0
2020-06-09 10:28:02:658	252	0
2020-06-09 10:28:03:667	252	0
2020-06-09 10:28:04:654	252	0
2020-06-09 10:28:05:663	252	0
2020-06-09 10:28:06:651	252	0
2020-06-09 10:28:07:655	252	0
2020-06-09 10:28:08:662	252	0
2020-06-09 10:28:09:667	252	0
2020-06-09 10:28:10:658	252	0
2020-06-09 10:28:11:667	252	0
2020-06-09 10:28:12:652	252	0
2020-06-09 10:28:13:648	252	0
2020-06-09 10:28:14:649	252	0
2020-06-09 10:28:15:659	252	0
2020-06-09 10:28:16:664	252	0
2020-06-09 10:28:17:651	252	0
2020-06-09 10:28:18:656	252	0
2020-06-09 10:28:19:646	252	0
2020-06-09 10:28:20:673	252	0
2020-06-09 10:28:21:661	252	0
2020-06-09 10:28:22:646	252	0.2325238
2020-06-09 10:28:23:657	252	0
2020-06-09 10:28:24:640	252	0
2020-06-09 10:28:25:667	252	0
2020-06-09 10:28:26:657	252	0
2020-06-09 10:28:27:660	185	0.2629634
2020-06-09 10:28:28:650	186	0
2020-06-09 10:28:29:654	186	0
2020-06-09 10:28:30:663	186	0
2020-06-09 10:28:31:653	186	0
2020-06-09 10:28:32:656	186	0
2020-06-09 10:28:33:666	186	0
2020-06-09 10:28:34:652	186	0
2020-06-09 10:28:35:662	186	0
2020-06-09 10:28:36:664	186	0
2020-06-09 10:28:37:656	186	0
2020-06-09 10:28:38:662	186	0
2020-06-09 10:28:39:665	186	0.2410906
2020-06-09 10:28:40:657	186	0.2186239
2020-06-09 10:28:41:661	186	0
2020-06-09 10:28:42:651	186	0
2020-06-09 10:28:43:656	186	0
2020-06-09 10:28:44:662	186	0
2020-06-09 10:28:45:656	186	0
2020-06-09 10:28:46:658	186	0
2020-06-09 10:28:47:650	186	0
2020-06-09 10:28:48:659	186	0
2020-06-09 10:28:49:659	186	0
2020-06-09 10:28:50:649	186	0
2020-06-09 10:28:51:655	186	0
2020-06-09 10:28:52:665	186	0
2020-06-09 10:28:53:651	186	0
2020-06-09 10:28:54:659	186	0.2268156
2020-06-09 10:28:55:657	186	0.2427947
2020-06-09 10:28:56:661	186	0.1995519
2020-06-09 10:28:57:652	186	0
2020-06-09 10:28:58:660	186	0
2020-06-09 10:28:59:646	186	0
2020-06-09 10:29:00:657	186	0
2020-06-09 10:29:01:642	186	0
2020-06-09 10:29:02:651	186	0
2020-06-09 10:29:03:657	186	0
2020-06-09 10:29:04:659	186	0
2020-06-09 10:29:05:655	186	0
2020-06-09 10:29:06:655	186	0
2020-06-09 10:29:07:660	186	0
2020-06-09 10:29:08:667	186	0
2020-06-09 10:29:09:656	186	0
2020-06-09 10:29:10:666	186	0
2020-06-09 10:29:11:652	186	0
2020-06-09 10:29:12:661	186	0
2020-06-09 10:29:13:649	186	0
2020-06-09 10:29:14:674	186	0
2020-06-09 10:29:15:660	186	0
2020-06-09 10:29:16:667	186	0
2020-06-09 10:29:17:656	186	0
2020-06-09 10:29:18:662	186	0
2020-06-09 10:29:19:655	186	0
2020-06-09 10:29:20:660	186	0
2020-06-09 10:29:21:647	186	0
2020-06-09 10:29:22:657	186	0
2020-06-09 10:29:23:659	186	0
2020-06-09 10:29:24:651	186	0
2020-06-09 10:29:25:667	186	0
2020-06-09 10:29:26:661	186	0
2020-06-09 10:29:27:670	186	0
2020-06-09 10:29:28:671	186	0
2020-06-09 10:29:29:664	186	0
2020-06-09 10:29:30:671	186	0
2020-06-09 10:29:31:658	186	0
2020-06-09 10:29:32:648	186	0
2020-06-09 10:29:33:654	258	0.2101983
2020-06-09 10:29:34:648	258	0
2020-06-09 10:29:35:652	258	0
2020-06-09 10:29:36:654	258	0
2020-06-09 10:29:37:664	258	0
2020-06-09 10:29:38:650	258	0
2020-06-09 10:29:39:660	258	0
2020-06-09 10:29:40:665	258	0
2020-06-09 10:29:41:652	258	0
2020-06-09 10:29:42:662	258	0.1954026
2020-06-09 10:29:43:667	258	0
2020-06-09 10:29:44:657	258	0
2020-06-09 10:29:45:660	258	0
2020-06-09 10:29:46:665	258	0
2020-06-09 10:29:47:659	258	0
2020-06-09 10:29:48:644	258	0
2020-06-09 10:29:49:654	258	0
2020-06-09 10:29:50:659	258	0
2020-06-09 10:29:51:662	258	0
2020-06-09 10:29:52:653	258	0
2020-06-09 10:29:53:659	258	0
2020-06-09 10:29:54:665	258	0
2020-06-09 10:29:55:655	258	0
2020-06-09 10:29:56:659	258	0
2020-06-09 10:29:57:652	258	0
2020-06-09 10:29:58:655	258	0
2020-06-09 10:29:59:664	258	0
2020-06-09 10:30:00:671	258	0
2020-06-09 10:30:01:657	258	0
2020-06-09 10:30:02:651	258	0
2020-06-09 10:30:03:652	258	0
2020-06-09 10:30:04:662	258	0
2020-06-09 10:30:05:667	258	0
2020-06-09 10:30:06:654	258	0
2020-06-09 10:30:07:667	258	0
2020-06-09 10:30:08:650	258	0
2020-06-09 10:30:09:659	258	0
2020-06-09 10:30:10:646	258	0
2020-06-09 10:30:11:652	258	0
2020-06-09 10:30:12:658	258	0
2020-06-09 10:30:13:648	258	0
2020-06-09 10:30:14:658	258	0
2020-06-09 10:30:15:660	258	0
2020-06-09 10:30:16:649	258	0
2020-06-09 10:30:17:661	258	0
2020-06-09 10:30:18:643	258	0
2020-06-09 10:30:19:670	258	0
2020-06-09 10:30:20:657	258	0
2020-06-09 10:30:21:663	258	0
2020-06-09 10:30:22:653	258	0
2020-06-09 10:30:23:658	258	0
2020-06-09 10:30:24:664	258	0
2020-06-09 10:30:25:655	258	0
2020-06-09 10:30:26:663	258	0
2020-06-09 10:30:27:655	258	0.2178364
2020-06-09 10:30:28:655	258	0.216691
2020-06-09 10:30:29:651	258	0.2024112
2020-06-09 10:30:30:651	258	0
2020-06-09 10:30:31:658	258	0
2020-06-09 10:30:32:650	258	0
2020-06-09 10:30:33:652	258	0
2020-06-09 10:30:34:658	258	0
2020-06-09 10:30:35:665	258	0
2020-06-09 10:30:36:657	258	0
2020-06-09 10:30:37:661	258	0
2020-06-09 10:30:38:650	258	0
2020-06-09 10:30:39:659	258	0
2020-06-09 10:30:40:662	258	0
2020-06-09 10:30:41:671	258	0
2020-06-09 10:30:42:657	258	0
2020-06-09 10:30:43:667	258	0
2020-06-09 10:30:44:673	258	0
2020-06-09 10:30:45:642	258	0
2020-06-09 10:30:46:650	258	0
2020-06-09 10:30:47:641	258	0
2020-06-09 10:30:48:660	258	0
2020-06-09 10:30:49:654	258	0
2020-06-09 10:30:50:656	258	0
2020-06-09 10:30:51:669	258	0.2078343
2020-06-09 10:30:52:669	258	0
2020-06-09 10:30:53:661	258	0
2020-06-09 10:30:54:652	258	0
2020-06-09 10:30:55:654	258	0
2020-06-09 10:30:56:666	258	0
2020-06-09 10:30:57:667	258	0
2020-06-09 10:30:58:659	258	0
2020-06-09 10:30:59:664	258	0
2020-06-09 10:31:00:667	258	0
2020-06-09 10:31:01:657	258	0
2020-06-09 10:31:02:663	258	0
2020-06-09 10:31:03:668	258	0
2020-06-09 10:31:04:658	258	0
2020-06-09 10:31:05:648	258	0
2020-06-09 10:31:06:653	258	0
2020-06-09 10:31:07:644	258	0
2020-06-09 10:31:08:666	258	0
2020-06-09 10:31:09:655	258	0
2020-06-09 10:31:10:646	258	0
2020-06-09 10:31:11:651	258	0
2020-06-09 10:31:12:656	258	0
2020-06-09 10:31:13:648	258	0
2020-06-09 10:31:14:653	258	0
2020-06-09 10:31:15:659	258	0
2020-06-09 10:31:16:665	258	0
2020-06-09 10:31:17:655	258	0
2020-06-09 10:31:18:660	258	0
2020-06-09 10:31:19:651	258	0
2020-06-09 10:31:20:672	258	0
2020-06-09 10:31:21:646	258	0
2020-06-09 10:31:22:652	258	0
2020-06-09 10:31:23:657	258	0
2020-06-09 10:31:24:647	258	0
2020-06-09 10:31:25:654	258	0.2344464
2020-06-09 10:31:26:660	243	0.2139499
2020-06-09 10:31:27:665	243	0
2020-06-09 10:31:28:655	243	0
2020-06-09 10:31:29:644	243	0
2020-06-09 10:31:30:651	243	0
2020-06-09 10:31:31:657	243	0
2020-06-09 10:31:32:647	243	0.2108652
2020-06-09 10:31:33:653	243	0.2209885
2020-06-09 10:31:34:659	243	0
2020-06-09 10:31:35:648	243	0
2020-06-09 10:31:36:654	243	0
2020-06-09 10:31:37:659	243	0
2020-06-09 10:31:38:666	243	0
2020-06-09 10:31:39:655	243	0
2020-06-09 10:31:40:661	243	0
2020-06-09 10:31:41:667	243	0
2020-06-09 10:31:42:657	243	0
2020-06-09 10:31:43:662	243	0
2020-06-09 10:31:44:669	243	0
2020-06-09 10:31:45:676	243	0.1742899
2020-06-09 10:31:46:665	243	0
2020-06-09 10:31:47:670	243	0
2020-06-09 10:31:48:676	243	0
2020-06-09 10:31:49:666	243	0
2020-06-09 10:31:50:671	243	0
2020-06-09 10:31:51:678	243	0
2020-06-09 10:31:52:668	243	0
2020-06-09 10:31:53:673	243	0
2020-06-09 10:31:54:680	243	0
2020-06-09 10:31:55:669	243	0
2020-06-09 10:31:56:659	243	0
2020-06-09 10:31:57:665	243	0
2020-06-09 10:31:58:671	243	0
2020-06-09 10:31:59:676	243	0
2020-06-09 10:32:00:667	202	0.2470192
2020-06-09 10:32:01:673	202	0
2020-06-09 10:32:02:661	202	0
2020-06-09 10:32:03:668	202	0
2020-06-09 10:32:04:674	202	0
2020-06-09 10:32:05:680	202	0
2020-06-09 10:32:06:670	202	0
2020-06-09 10:32:07:676	202	0
2020-06-09 10:32:08:683	202	0
2020-06-09 10:32:09:673	202	0.2035482
2020-06-09 10:32:10:677	202	0.1891953
2020-06-09 10:32:11:683	202	0.2068761
2020-06-09 10:32:12:674	202	0.2303723
2020-06-09 10:32:13:663	202	0
2020-06-09 10:32:14:668	202	0
2020-06-09 10:32:15:674	202	0
2020-06-09 10:32:16:664	202	0
2020-06-09 10:32:17:671	202	0
2020-06-09 10:32:18:660	202	0
2020-06-09 10:32:19:666	202	0
2020-06-09 10:32:20:672	202	0
2020-06-09 10:32:21:678	202	0
2020-06-09 10:32:22:669	202	0.2408941
2020-06-09 10:32:23:675	202	0
2020-06-09 10:32:24:681	202	0
2020-06-09 10:32:25:686	202	0
2020-06-09 10:32:26:675	202	0
2020-06-09 10:32:27:666	202	0
2020-06-09 10:32:28:671	202	0.2303547
2020-06-09 10:32:29:678	202	0
2020-06-09 10:32:30:666	202	0
2020-06-09 10:32:31:672	202	0
2020-06-09 10:32:32:679	202	0
2020-06-09 10:32:33:668	202	0
2020-06-09 10:32:34:674	202	0
2020-06-09 10:32:35:664	202	0
2020-06-09 10:32:36:670	202	0
2020-06-09 10:32:37:660	202	0
2020-06-09 10:32:38:667	202	0
2020-06-09 10:32:39:671	202	0
2020-06-09 10:32:40:681	202	0.215852
2020-06-09 10:32:41:668	202	0.2355294
2020-06-09 10:32:42:674	202	0
2020-06-09 10:32:43:662	202	0
2020-06-09 10:32:44:668	202	0
2020-06-09 10:32:45:675	202	0
2020-06-09 10:32:46:680	202	0
2020-06-09 10:32:47:672	202	0
2020-06-09 10:32:48:676	251	0.2332003
2020-06-09 10:32:49:683	251	0
2020-06-09 10:32:50:671	251	0
2020-06-09 10:32:51:677	251	0
2020-06-09 10:32:52:683	251	0
2020-06-09 10:32:53:675	251	0
2020-06-09 10:32:54:681	251	0
2020-06-09 10:32:55:687	251	0
2020-06-09 10:32:56:676	251	0
2020-06-09 10:32:57:683	251	0
2020-06-09 10:32:58:671	251	0
2020-06-09 10:32:59:662	251	0
2020-06-09 10:33:00:667	251	0
2020-06-09 10:33:01:672	251	0
2020-06-09 10:33:02:679	251	0
2020-06-09 10:33:03:669	251	0
2020-06-09 10:33:04:675	251	0
2020-06-09 10:33:05:665	251	0
2020-06-09 10:33:06:669	251	0
2020-06-09 10:33:07:677	251	0
2020-06-09 10:33:08:666	251	0
2020-06-09 10:33:09:677	251	0
2020-06-09 10:33:10:663	251	0
2020-06-09 10:33:11:667	251	0
2020-06-09 10:33:12:673	251	0
2020-06-09 10:33:13:663	251	0
2020-06-09 10:33:14:669	251	0
2020-06-09 10:33:15:674	251	0
2020-06-09 10:33:16:681	251	0
2020-06-09 10:33:17:670	251	0
2020-06-09 10:33:18:676	251	0
2020-06-09 10:33:19:666	251	0
2020-06-09 10:33:20:657	251	0
2020-06-09 10:33:21:678	251	0
2020-06-09 10:33:22:670	251	0
2020-06-09 10:33:23:677	251	0.2171836
2020-06-09 10:33:24:666	251	0
2020-06-09 10:33:25:670	251	0
2020-06-09 10:33:26:659	251	0
2020-06-09 10:33:27:666	251	0
2020-06-09 10:33:28:670	251	0
2020-06-09 10:33:29:678	251	0
2020-06-09 10:33:30:668	251	0
2020-06-09 10:33:31:672	251	0
2020-06-09 10:33:32:679	251	0
2020-06-09 10:33:33:668	251	0
2020-06-09 10:33:34:674	251	0
2020-06-09 10:33:35:680	251	0
2020-06-09 10:33:36:671	251	0
2020-06-09 10:33:37:679	251	0
2020-06-09 10:33:38:681	251	0
2020-06-09 10:33:39:672	251	0
2020-06-09 10:33:40:677	251	0
2020-06-09 10:33:41:685	251	0
2020-06-09 10:33:42:673	251	0
2020-06-09 10:33:43:678	251	0
2020-06-09 10:33:44:671	251	0
2020-06-09 10:33:45:674	251	0
2020-06-09 10:33:46:664	251	0
2020-06-09 10:33:47:670	251	0
2020-06-09 10:33:48:675	251	0
2020-06-09 10:33:49:666	251	0
2020-06-09 10:33:50:674	251	0
2020-06-09 10:33:51:663	251	0
2020-06-09 10:33:52:668	251	0
2020-06-09 10:33:53:674	251	0
2020-06-09 10:33:54:663	251	0
2020-06-09 10:33:55:669	251	0
2020-06-09 10:33:56:676	251	0
2020-06-09 10:33:57:681	251	0
2020-06-09 10:33:58:672	251	0
2020-06-09 10:33:59:676	251	0
2020-06-09 10:34:00:683	251	0
2020-06-09 10:34:01:689	251	0
2020-06-09 10:34:02:694	251	0
2020-06-09 10:34:03:700	251	0
2020-06-09 10:34:04:690	251	0
2020-06-09 10:34:05:679	251	0
2020-06-09 10:34:06:684	251	0
2020-06-09 10:34:07:691	251	0
2020-06-09 10:34:08:681	251	0
2020-06-09 10:34:09:687	251	0
2020-06-09 10:34:10:678	251	0
2020-06-09 10:34:11:683	251	0
2020-06-09 10:34:12:689	251	0
2020-06-09 10:34:13:694	251	0
2020-06-09 10:34:14:688	251	0
2020-06-09 10:34:15:690	251	0
2020-06-09 10:34:16:680	251	0
2020-06-09 10:34:17:686	251	0
2020-06-09 10:34:18:691	251	0
2020-06-09 10:34:19:700	251	0
2020-06-09 10:34:20:687	251	0
2020-06-09 10:34:21:693	251	0
2020-06-09 10:34:22:700	251	0.2075143
2020-06-09 10:34:23:691	251	0
2020-06-09 10:34:24:681	251	0
2020-06-09 10:34:25:685	251	0
2020-06-09 10:34:26:693	251	0
2020-06-09 10:34:27:680	251	0
2020-06-09 10:34:28:686	251	0
2020-06-09 10:34:29:677	251	0
2020-06-09 10:34:30:682	251	0
2020-06-09 10:34:31:689	251	0
2020-06-09 10:34:32:693	251	0
2020-06-09 10:34:33:687	251	0
2020-06-09 10:34:34:689	251	0
2020-06-09 10:34:35:695	251	0
2020-06-09 10:34:36:686	251	0
2020-06-09 10:34:37:692	251	0
2020-06-09 10:34:38:700	251	0
2020-06-09 10:34:39:687	251	0
2020-06-09 10:34:40:695	251	0
2020-06-09 10:34:41:698	251	0
2020-06-09 10:34:42:691	251	0
2020-06-09 10:34:43:678	251	0
2020-06-09 10:34:44:687	251	0
2020-06-09 10:34:45:691	251	0
2020-06-09 10:34:46:680	251	0
2020-06-09 10:34:47:688	251	0
2020-06-09 10:34:48:692	251	0
2020-06-09 10:34:49:684	251	0
2020-06-09 10:34:50:673	251	0
2020-06-09 10:34:51:678	251	0
2020-06-09 10:34:52:683	251	0
2020-06-09 10:34:53:689	251	0
2020-06-09 10:34:54:678	251	0
2020-06-09 10:34:55:687	251	0
2020-06-09 10:34:56:691	251	0
2020-06-09 10:34:57:680	251	0
2020-06-09 10:34:58:688	251	0.2057205
2020-06-09 10:34:59:694	251	0
2020-06-09 10:35:00:683	251	0
2020-06-09 10:35:01:688	251	0
2020-06-09 10:35:02:694	251	0
2020-06-09 10:35:03:684	251	0
2020-06-09 10:35:04:691	251	0
2020-06-09 10:35:05:695	251	0
2020-06-09 10:35:06:684	251	0
2020-06-09 10:35:07:691	251	0
2020-06-09 10:35:08:697	251	0
2020-06-09 10:35:09:703	251	0
2020-06-09 10:35:10:693	251	0
2020-06-09 10:35:11:698	251	0
2020-06-09 10:35:12:688	251	0
2020-06-09 10:35:13:694	251	0
2020-06-09 10:35:14:686	251	0.1907947
2020-06-09 10:35:15:675	251	0
2020-06-09 10:35:16:696	251	0
2020-06-09 10:35:17:687	251	0
2020-06-09 10:35:18:692	251	0
2020-06-09 10:35:19:682	251	0
2020-06-09 10:35:20:687	251	0
2020-06-09 10:35:21:693	251	0
2020-06-09 10:35:22:683	251	0
2020-06-09 10:35:23:688	251	0
2020-06-09 10:35:24:695	251	0
2020-06-09 10:35:25:685	251	0
2020-06-09 10:35:26:690	251	0
2020-06-09 10:35:27:696	251	0
2020-06-09 10:35:28:686	251	0
2020-06-09 10:35:29:693	251	0
2020-06-09 10:35:30:698	251	0
2020-06-09 10:35:31:689	225	0.2459735
2020-06-09 10:35:32:694	232	0.253639
2020-06-09 10:35:33:686	249	0.282492
2020-06-09 10:35:34:691	248	0.2198559
2020-06-09 10:35:35:696	248	0
2020-06-09 10:35:36:702	248	0
2020-06-09 10:35:37:691	248	0
2020-06-09 10:35:38:681	248	0
2020-06-09 10:35:39:671	248	0
2020-06-09 10:35:40:677	248	0
2020-06-09 10:35:41:687	248	0
2020-06-09 10:35:42:688	248	0
2020-06-09 10:35:43:678	248	0
2020-06-09 10:35:44:686	248	0
2020-06-09 10:35:45:692	248	0
2020-06-09 10:35:46:679	248	0
2020-06-09 10:35:47:686	248	0
2020-06-09 10:35:48:692	248	0
2020-06-09 10:35:49:681	248	0
2020-06-09 10:35:50:687	248	0
2020-06-09 10:35:51:694	248	0
2020-06-09 10:35:52:700	248	0
2020-06-09 10:35:53:689	248	0
2020-06-09 10:35:54:680	248	0
2020-06-09 10:35:55:701	248	0
2020-06-09 10:35:56:691	248	0
2020-06-09 10:35:57:682	248	0
2020-06-09 10:35:58:688	248	0
2020-06-09 10:35:59:678	248	0.1909643
2020-06-09 10:36:00:698	248	0.1801753
2020-06-09 10:36:01:691	248	0
2020-06-09 10:36:02:678	248	0
2020-06-09 10:36:03:684	248	0
2020-06-09 10:36:04:690	248	0
2020-06-09 10:36:05:679	248	0
2020-06-09 10:36:06:686	248	0
2020-06-09 10:36:07:691	248	0
2020-06-09 10:36:08:682	248	0
2020-06-09 10:36:09:686	248	0
2020-06-09 10:36:10:694	248	0
2020-06-09 10:36:11:682	248	0
2020-06-09 10:36:12:690	248	0
2020-06-09 10:36:13:697	248	0
2020-06-09 10:36:14:685	248	0
2020-06-09 10:36:15:693	248	0
2020-06-09 10:36:16:682	248	0
2020-06-09 10:36:17:686	248	0
2020-06-09 10:36:18:692	248	0
2020-06-09 10:36:19:681	248	0
2020-06-09 10:36:20:688	248	0
2020-06-09 10:36:21:678	248	0
2020-06-09 10:36:22:699	248	0
2020-06-09 10:36:23:690	248	0
2020-06-09 10:36:24:696	248	0
2020-06-09 10:36:25:685	248	0
2020-06-09 10:36:26:691	248	0
2020-06-09 10:36:27:682	248	0
2020-06-09 10:36:28:672	248	0
2020-06-09 10:36:29:677	248	0
2020-06-09 10:36:30:683	248	0
2020-06-09 10:36:31:688	248	0
2020-06-09 10:36:32:695	248	0
2020-06-09 10:36:33:685	248	0
2020-06-09 10:36:34:692	248	0
2020-06-09 10:36:35:680	248	0
2020-06-09 10:36:36:688	248	0
2020-06-09 10:36:37:694	248	0.1954616
2020-06-09 10:36:38:698	248	0
2020-06-09 10:36:39:689	248	0
2020-06-09 10:36:40:694	248	0
2020-06-09 10:36:41:684	248	0
2020-06-09 10:36:42:689	248	0.2018509
2020-06-09 10:36:43:696	248	0.2267868
2020-06-09 10:36:44:689	248	0.1965838
2020-06-09 10:36:45:692	248	0
2020-06-09 10:36:46:698	248	0
2020-06-09 10:36:47:686	248	0
2020-06-09 10:36:48:694	248	0
2020-06-09 10:36:49:699	248	0
2020-06-09 10:36:50:688	248	0
2020-06-09 10:36:51:694	248	0
2020-06-09 10:36:52:683	248	0
2020-06-09 10:36:53:692	248	0
2020-06-09 10:36:54:679	248	0
2020-06-09 10:36:55:685	248	0
2020-06-09 10:36:56:676	248	0
2020-06-09 10:36:57:681	248	0
2020-06-09 10:36:58:687	248	0
2020-06-09 10:36:59:693	248	0
2020-06-09 10:37:00:684	248	0
2020-06-09 10:37:01:689	248	0
2020-06-09 10:37:02:679	248	0
2020-06-09 10:37:03:686	248	0
2020-06-09 10:37:04:690	248	0
2020-06-09 10:37:05:681	248	0
2020-06-09 10:37:06:685	248	0
2020-06-09 10:37:07:693	248	0
2020-06-09 10:37:08:699	248	0
2020-06-09 10:37:09:690	248	0
2020-06-09 10:37:10:697	248	0
2020-06-09 10:37:11:683	248	0
2020-06-09 10:37:12:690	248	0
2020-06-09 10:37:13:695	248	0
2020-06-09 10:37:14:685	248	0
2020-06-09 10:37:15:674	248	0
2020-06-09 10:37:16:681	248	0
2020-06-09 10:37:17:692	248	0
2020-06-09 10:37:18:677	248	0
2020-06-09 10:37:19:686	248	0
2020-06-09 10:37:20:689	248	0
2020-06-09 10:37:21:693	248	0
2020-06-09 10:37:22:687	248	0
2020-06-09 10:37:23:690	248	0
2020-06-09 10:37:24:700	248	0
2020-06-09 10:37:25:686	248	0
2020-06-09 10:37:26:694	248	0
2020-06-09 10:37:27:681	248	0
2020-06-09 10:37:28:686	248	0
2020-06-09 10:37:29:697	248	0
2020-06-09 10:37:30:683	248	0
2020-06-09 10:37:31:674	248	0
2020-06-09 10:37:32:679	248	0
2020-06-09 10:37:33:686	248	0
2020-06-09 10:37:34:678	248	0
2020-06-09 10:37:35:680	248	0
2020-06-09 10:37:36:686	248	0
2020-06-09 10:37:37:676	248	0
2020-06-09 10:37:38:684	248	0
2020-06-09 10:37:39:689	248	0
2020-06-09 10:37:40:694	248	0
2020-06-09 10:37:41:685	248	0.1986312
2020-06-09 10:37:42:690	245	0.2544556
2020-06-09 10:37:43:680	254	0.3200484
2020-06-09 10:37:44:686	261	0.2983223
2020-06-09 10:37:45:692	257	0
2020-06-09 10:37:46:681	257	0
2020-06-09 10:37:47:687	257	0
2020-06-09 10:37:48:694	257	0
2020-06-09 10:37:49:699	257	0
2020-06-09 10:37:50:692	257	0
2020-06-09 10:37:51:679	257	0
2020-06-09 10:37:52:689	257	0
2020-06-09 10:37:53:695	257	0
2020-06-09 10:37:54:704	257	0
2020-06-09 10:37:55:687	257	0
2020-06-09 10:37:56:676	257	0
2020-06-09 10:37:57:688	257	0
2020-06-09 10:37:58:688	257	0
2020-06-09 10:37:59:693	257	0
2020-06-09 10:38:00:687	257	0
2020-06-09 10:38:01:689	257	0
2020-06-09 10:38:02:698	257	0
2020-06-09 10:38:03:686	257	0
2020-06-09 10:38:04:692	257	0
2020-06-09 10:38:05:683	257	0
2020-06-09 10:38:06:686	257	0
2020-06-09 10:38:07:694	257	0
2020-06-09 10:38:08:682	257	0
2020-06-09 10:38:09:694	257	0
2020-06-09 10:38:10:678	257	0
2020-06-09 10:38:11:688	257	0
2020-06-09 10:38:12:678	257	0
2020-06-09 10:38:13:681	257	0
2020-06-09 10:38:14:690	257	0
2020-06-09 10:38:15:692	257	0
2020-06-09 10:38:16:682	257	0
2020-06-09 10:38:17:693	257	0
2020-06-09 10:38:18:694	231	0.2045022
2020-06-09 10:38:19:684	231	0.1837397
2020-06-09 10:38:20:690	231	0.1688596
2020-06-09 10:38:21:682	231	0
2020-06-09 10:38:22:685	231	0
2020-06-09 10:38:23:690	231	0
2020-06-09 10:38:24:684	231	0
2020-06-09 10:38:25:672	231	0.2028496
2020-06-09 10:38:26:697	231	0.1630703
2020-06-09 10:38:27:683	231	0
2020-06-09 10:38:28:688	231	0
2020-06-09 10:38:29:679	231	0
2020-06-09 10:38:30:684	231	0
2020-06-09 10:38:31:695	231	0
2020-06-09 10:38:32:695	231	0
2020-06-09 10:38:33:689	231	0
2020-06-09 10:38:34:697	231	0.1765027
2020-06-09 10:38:35:682	231	0.1663696
2020-06-09 10:38:36:678	231	0.1647007
2020-06-09 10:38:37:687	231	0
2020-06-09 10:38:38:692	231	0
2020-06-09 10:38:39:694	231	0
2020-06-09 10:38:40:686	231	0
2020-06-09 10:38:41:690	231	0
2020-06-09 10:38:42:680	231	0
2020-06-09 10:38:43:688	231	0
2020-06-09 10:38:44:678	231	0
2020-06-09 10:38:45:684	231	0
2020-06-09 10:38:46:688	231	0
2020-06-09 10:38:47:679	287	0.3488394
2020-06-09 10:38:48:684	305	0.3366241
2020-06-09 10:38:49:695	302	0.1950249
2020-06-09 10:38:50:679	302	0
2020-06-09 10:38:51:689	302	0
2020-06-09 10:38:52:694	302	0
2020-06-09 10:38:53:680	302	0
2020-06-09 10:38:54:687	302	0
2020-06-09 10:38:55:693	302	0
2020-06-09 10:38:56:683	302	0
2020-06-09 10:38:57:689	302	0
2020-06-09 10:38:58:682	302	0
2020-06-09 10:38:59:684	302	0
2020-06-09 10:39:00:676	302	0
2020-06-09 10:39:01:681	302	0
2020-06-09 10:39:02:686	302	0
2020-06-09 10:39:03:689	302	0.2248132
2020-06-09 10:39:04:683	302	0.1973826
2020-06-09 10:39:05:689	302	0
2020-06-09 10:39:06:678	302	0
2020-06-09 10:39:07:688	302	0
2020-06-09 10:39:08:691	302	0
2020-06-09 10:39:09:679	302	0
2020-06-09 10:39:10:687	302	0
2020-06-09 10:39:11:692	302	0
2020-06-09 10:39:12:697	302	0
2020-06-09 10:39:13:691	302	0.1819159
2020-06-09 10:39:14:692	302	0
2020-06-09 10:39:15:685	302	0
2020-06-09 10:39:16:688	302	0
2020-06-09 10:39:17:681	302	0
2020-06-09 10:39:18:684	302	0
2020-06-09 10:39:19:691	302	0
2020-06-09 10:39:20:699	302	0
2020-06-09 10:39:21:686	302	0
2020-06-09 10:39:22:692	302	0
2020-06-09 10:39:23:698	302	0
2020-06-09 10:39:24:688	302	0
2020-06-09 10:39:25:677	302	0
2020-06-09 10:39:26:684	302	0
2020-06-09 10:39:27:694	302	0
2020-06-09 10:39:28:678	302	0
2020-06-09 10:39:29:685	302	0
2020-06-09 10:39:30:690	302	0
2020-06-09 10:39:31:697	302	0
2020-06-09 10:39:32:686	302	0
2020-06-09 10:39:33:692	302	0
2020-06-09 10:39:34:702	302	0
2020-06-09 10:39:35:687	302	0
2020-06-09 10:39:36:678	302	0
2020-06-09 10:39:37:700	302	0
2020-06-09 10:39:38:691	302	0
2020-06-09 10:39:39:679	302	0
2020-06-09 10:39:40:685	302	0.2240909
2020-06-09 10:39:41:679	302	0.1833078
2020-06-09 10:39:42:697	302	0
2020-06-09 10:39:43:671	302	0
2020-06-09 10:39:44:676	302	0
2020-06-09 10:39:45:682	302	0
2020-06-09 10:39:46:689	302	0
2020-06-09 10:39:47:678	302	0
2020-06-09 10:39:48:684	302	0
2020-06-09 10:39:49:690	302	0
2020-06-09 10:39:50:681	302	0
2020-06-09 10:39:51:691	302	0
2020-06-09 10:39:52:691	302	0
2020-06-09 10:39:53:701	302	0
2020-06-09 10:39:54:687	302	0
2020-06-09 10:39:55:697	302	0
2020-06-09 10:39:56:702	302	0
2020-06-09 10:39:57:688	302	0
2020-06-09 10:39:58:698	302	0
2020-06-09 10:39:59:685	302	0
2020-06-09 10:40:00:692	302	0
2020-06-09 10:40:01:680	302	0
2020-06-09 10:40:02:686	302	0
2020-06-09 10:40:03:692	302	0
2020-06-09 10:40:04:681	302	0
2020-06-09 10:40:05:691	302	0
2020-06-09 10:40:06:693	302	0
2020-06-09 10:40:07:703	302	0
2020-06-09 10:40:08:693	302	0
2020-06-09 10:40:09:679	302	0
2020-06-09 10:40:10:685	302	0
2020-06-09 10:40:11:674	302	0
2020-06-09 10:40:12:699	302	0
2020-06-09 10:40:13:686	302	0
2020-06-09 10:40:14:691	302	0
2020-06-09 10:40:15:684	302	0.2056343
2020-06-09 10:40:16:691	302	0
2020-06-09 10:40:17:695	302	0
2020-06-09 10:40:18:683	302	0
2020-06-09 10:40:19:695	302	0
2020-06-09 10:40:20:699	302	0
2020-06-09 10:40:21:700	302	0
2020-06-09 10:40:22:692	302	0
2020-06-09 10:40:23:681	302	0
2020-06-09 10:40:24:689	302	0
2020-06-09 10:40:25:693	302	0
2020-06-09 10:40:26:699	302	0
2020-06-09 10:40:27:692	302	0
2020-06-09 10:40:28:678	302	0
2020-06-09 10:40:29:688	302	0
2020-06-09 10:40:30:691	302	0.1770413
2020-06-09 10:40:31:703	302	0
2020-06-09 10:40:32:687	302	0
2020-06-09 10:40:33:691	302	0
2020-06-09 10:40:34:684	302	0
2020-06-09 10:40:35:687	302	0
2020-06-09 10:40:36:693	302	0
2020-06-09 10:40:37:685	302	0
2020-06-09 10:40:38:690	302	0.2195826
2020-06-09 10:40:39:680	302	0.1696837
2020-06-09 10:40:40:685	302	0
2020-06-09 10:40:41:691	302	0
2020-06-09 10:40:42:699	302	0
2020-06-09 10:40:43:686	302	0
2020-06-09 10:40:44:680	302	0
2020-06-09 10:40:45:703	302	0
2020-06-09 10:40:46:689	302	0
2020-06-09 10:40:47:694	302	0
2020-06-09 10:40:48:683	302	0
2020-06-09 10:40:49:689	302	0
2020-06-09 10:40:50:680	302	0
2020-06-09 10:40:51:689	302	0
2020-06-09 10:40:52:675	302	0
2020-06-09 10:40:53:683	302	0
2020-06-09 10:40:54:690	302	0
2020-06-09 10:40:55:678	302	0
2020-06-09 10:40:56:683	302	0
2020-06-09 10:40:57:689	302	0
2020-06-09 10:40:58:679	302	0
2020-06-09 10:40:59:686	302	0
2020-06-09 10:41:00:697	302	0
2020-06-09 10:41:01:684	302	0
2020-06-09 10:41:02:687	238	0.2418391
2020-06-09 10:41:03:693	238	0.1689895
2020-06-09 10:41:04:683	238	0
2020-06-09 10:41:05:690	238	0
2020-06-09 10:41:06:695	238	0
2020-06-09 10:41:07:687	238	0
2020-06-09 10:41:08:694	238	0
2020-06-09 10:41:09:695	238	0
2020-06-09 10:41:10:688	238	0
2020-06-09 10:41:11:692	238	0
2020-06-09 10:41:12:681	238	0
2020-06-09 10:41:13:687	238	0
2020-06-09 10:41:14:693	238	0
2020-06-09 10:41:15:699	238	0
2020-06-09 10:41:16:688	238	0
2020-06-09 10:41:17:678	238	0
2020-06-09 10:41:18:684	238	0
2020-06-09 10:41:19:690	238	0
2020-06-09 10:41:20:695	238	0
2020-06-09 10:41:21:688	238	0
2020-06-09 10:41:22:692	238	0
2020-06-09 10:41:23:683	238	0
2020-06-09 10:41:24:689	238	0
2020-06-09 10:41:25:697	238	0
2020-06-09 10:41:26:699	238	0
2020-06-09 10:41:27:700	238	0
2020-06-09 10:41:28:682	238	0
2020-06-09 10:41:29:685	238	0
2020-06-09 10:41:30:694	238	0
2020-06-09 10:41:31:700	238	0
2020-06-09 10:41:32:705	238	0
2020-06-09 10:41:33:692	238	0
2020-06-09 10:41:34:700	238	0
2020-06-09 10:41:35:688	238	0
2020-06-09 10:41:36:694	238	0
2020-06-09 10:41:37:684	238	0
2020-06-09 10:41:38:689	238	0
2020-06-09 10:41:39:695	238	0
2020-06-09 10:41:40:685	238	0
2020-06-09 10:41:41:694	238	0
2020-06-09 10:41:42:698	238	0
2020-06-09 10:41:43:689	238	0
2020-06-09 10:41:44:696	238	0
2020-06-09 10:41:45:682	238	0
2020-06-09 10:41:46:689	238	0
2020-06-09 10:41:47:677	238	0
2020-06-09 10:41:48:700	238	0
2020-06-09 10:41:49:690	238	0
2020-06-09 10:41:50:695	238	0
2020-06-09 10:41:51:687	238	0
2020-06-09 10:41:52:691	238	0
2020-06-09 10:41:53:683	238	0
2020-06-09 10:41:54:688	238	0
2020-06-09 10:41:55:693	238	0
2020-06-09 10:41:56:683	238	0
2020-06-09 10:41:57:690	238	0
2020-06-09 10:41:58:678	238	0
2020-06-09 10:41:59:685	238	0
2020-06-09 10:42:00:690	238	0
2020-06-09 10:42:01:695	238	0
2020-06-09 10:42:02:703	238	0
2020-06-09 10:42:03:691	238	0
2020-06-09 10:42:04:681	238	0
2020-06-09 10:42:05:703	238	0
2020-06-09 10:42:06:693	238	0
2020-06-09 10:42:07:683	238	0
2020-06-09 10:42:08:693	238	0
2020-06-09 10:42:09:678	238	0
2020-06-09 10:42:10:685	238	0
2020-06-09 10:42:11:691	238	0
2020-06-09 10:42:12:696	238	0
2020-06-09 10:42:13:687	238	0
2020-06-09 10:42:14:692	238	0
2020-06-09 10:42:15:682	238	0
2020-06-09 10:42:16:688	238	0
2020-06-09 10:42:17:693	238	0
2020-06-09 10:42:18:683	238	0
2020-06-09 10:42:19:675	238	0.2379033
2020-06-09 10:42:20:682	236	0.2664087
2020-06-09 10:42:21:688	240	0.2123496
2020-06-09 10:42:22:679	240	0
2020-06-09 10:42:23:700	240	0
2020-06-09 10:42:24:689	240	0
2020-06-09 10:42:25:697	240	0.2140695
2020-06-09 10:42:26:686	240	0.2390767
2020-06-09 10:42:27:672	240	0.2194147
2020-06-09 10:42:28:701	240	0
2020-06-09 10:42:29:686	240	0
2020-06-09 10:42:30:692	240	0
2020-06-09 10:42:31:685	240	0.177117
2020-06-09 10:42:32:692	240	0
2020-06-09 10:42:33:695	240	0
2020-06-09 10:42:34:681	240	0
2020-06-09 10:42:35:686	240	0
2020-06-09 10:42:36:696	240	0
2020-06-09 10:42:37:683	240	0
2020-06-09 10:42:38:692	240	0
2020-06-09 10:42:39:681	240	0
2020-06-09 10:42:40:687	240	0
2020-06-09 10:42:41:678	240	0
2020-06-09 10:42:42:680	240	0
2020-06-09 10:42:43:693	240	0
2020-06-09 10:42:44:711	240	0
2020-06-09 10:42:45:682	240	0
2020-06-09 10:42:46:687	240	0
2020-06-09 10:42:47:696	240	0
2020-06-09 10:42:48:686	240	0
2020-06-09 10:42:49:692	240	0
2020-06-09 10:42:50:698	240	0
2020-06-09 10:42:51:689	240	0
2020-06-09 10:42:52:693	240	0
2020-06-09 10:42:53:683	240	0
2020-06-09 10:42:54:692	240	0.1740595
2020-06-09 10:42:55:678	240	0
2020-06-09 10:42:56:685	240	0
2020-06-09 10:42:57:691	240	0
2020-06-09 10:42:58:677	240	0
2020-06-09 10:42:59:689	240	0.2028461
2020-06-09 10:43:00:694	240	0.1743751
2020-06-09 10:43:01:683	240	0.1749199
2020-06-09 10:43:02:689	240	0.1876616
2020-06-09 10:43:03:697	240	0
2020-06-09 10:43:04:684	240	0
2020-06-09 10:43:05:689	240	0
2020-06-09 10:43:06:695	240	0
2020-06-09 10:43:07:686	240	0
2020-06-09 10:43:08:691	240	0
2020-06-09 10:43:09:679	240	0
2020-06-09 10:43:10:688	240	0
2020-06-09 10:43:11:690	240	0
2020-06-09 10:43:12:680	240	0
2020-06-09 10:43:13:685	240	0
2020-06-09 10:43:14:692	240	0
2020-06-09 10:43:15:682	240	0
2020-06-09 10:43:16:687	240	0
2020-06-09 10:43:17:696	240	0
2020-06-09 10:43:18:686	240	0
2020-06-09 10:43:19:692	240	0
2020-06-09 10:43:20:698	240	0
2020-06-09 10:43:21:687	240	0
2020-06-09 10:43:22:696	240	0
2020-06-09 10:43:23:696	240	0
2020-06-09 10:43:24:690	240	0
2020-06-09 10:43:25:694	240	0
2020-06-09 10:43:26:698	240	0
2020-06-09 10:43:27:690	240	0
2020-06-09 10:43:28:696	240	0
2020-06-09 10:43:29:686	240	0
2020-06-09 10:43:30:690	240	0
2020-06-09 10:43:31:695	240	0
2020-06-09 10:43:32:701	240	0
2020-06-09 10:43:33:693	240	0
2020-06-09 10:43:34:684	240	0
2020-06-09 10:43:35:690	240	0
2020-06-09 10:43:36:695	240	0
2020-06-09 10:43:37:703	240	0
2020-06-09 10:43:38:707	240	0
2020-06-09 10:43:39:680	240	0.2257404
2020-06-09 10:43:40:705	240	0.226188
2020-06-09 10:43:41:689	240	0.1938336
2020-06-09 10:43:42:700	240	0
2020-06-09 10:43:43:685	240	0
2020-06-09 10:43:44:695	240	0
2020-06-09 10:43:45:698	240	0
2020-06-09 10:43:46:691	249	0.236391
2020-06-09 10:43:47:696	249	0.1969447
2020-06-09 10:43:48:688	249	0.2171476
2020-06-09 10:43:49:693	234	0.2379425
2020-06-09 10:43:50:698	234	0.1841097
2020-06-09 10:43:51:708	234	0
2020-06-09 10:43:52:694	234	0
2020-06-09 10:43:53:683	234	0
2020-06-09 10:43:54:706	234	0
2020-06-09 10:43:55:678	234	0
2020-06-09 10:43:56:701	234	0
2020-06-09 10:43:57:690	234	0
2020-06-09 10:43:58:696	234	0
2020-06-09 10:43:59:702	234	0
2020-06-09 10:44:00:692	234	0
2020-06-09 10:44:01:698	234	0
2020-06-09 10:44:02:688	234	0
2020-06-09 10:44:03:693	234	0
2020-06-09 10:44:04:684	234	0
2020-06-09 10:44:05:686	234	0
2020-06-09 10:44:06:679	234	0
2020-06-09 10:44:07:685	234	0
2020-06-09 10:44:08:691	234	0
2020-06-09 10:44:09:678	234	0
2020-06-09 10:44:10:687	234	0
2020-06-09 10:44:11:693	234	0
2020-06-09 10:44:12:696	234	0
2020-06-09 10:44:13:690	234	0
2020-06-09 10:44:14:678	234	0
2020-06-09 10:44:15:700	234	0
2020-06-09 10:44:16:687	234	0
2020-06-09 10:44:17:680	234	0
2020-06-09 10:44:18:686	234	0
2020-06-09 10:44:19:692	234	0
2020-06-09 10:44:20:696	234	0
2020-06-09 10:44:21:684	234	0
2020-06-09 10:44:22:692	234	0
2020-06-09 10:44:23:681	234	0
2020-06-09 10:44:24:688	234	0
2020-06-09 10:44:25:695	234	0
2020-06-09 10:44:26:684	234	0.1699522
2020-06-09 10:44:27:690	234	0
2020-06-09 10:44:28:693	234	0
2020-06-09 10:44:29:703	234	0
2020-06-09 10:44:30:689	234	0
2020-06-09 10:44:31:698	234	0
2020-06-09 10:44:32:685	234	0
2020-06-09 10:44:33:696	234	0
2020-06-09 10:44:34:698	234	0
2020-06-09 10:44:35:689	234	0
2020-06-09 10:44:36:695	234	0
2020-06-09 10:44:37:688	234	0.1876341
2020-06-09 10:44:38:693	234	0
2020-06-09 10:44:39:697	234	0
2020-06-09 10:44:40:687	234	0
2020-06-09 10:44:41:692	234	0
2020-06-09 10:44:42:698	234	0
2020-06-09 10:44:43:688	234	0
2020-06-09 10:44:44:694	234	0
2020-06-09 10:44:45:686	234	0
2020-06-09 10:44:46:690	234	0
2020-06-09 10:44:47:680	234	0
2020-06-09 10:44:48:685	234	0
2020-06-09 10:44:49:692	234	0
2020-06-09 10:44:50:697	234	0
2020-06-09 10:44:51:687	234	0
2020-06-09 10:44:52:677	234	0
2020-06-09 10:44:53:700	234	0
2020-06-09 10:44:54:685	234	0
2020-06-09 10:44:55:677	234	0
2020-06-09 10:44:56:684	234	0
2020-06-09 10:44:57:691	234	0
2020-06-09 10:44:58:693	234	0
2020-06-09 10:44:59:686	234	0
2020-06-09 10:45:00:695	234	0.2062116
2020-06-09 10:45:01:685	234	0
2020-06-09 10:45:02:689	234	0
2020-06-09 10:45:03:678	234	0
2020-06-09 10:45:04:684	234	0
2020-06-09 10:45:05:691	234	0
2020-06-09 10:45:06:695	234	0
2020-06-09 10:45:07:688	234	0
2020-06-09 10:45:08:675	234	0
2020-06-09 10:45:09:682	234	0
2020-06-09 10:45:10:687	234	0
2020-06-09 10:45:11:693	234	0
2020-06-09 10:45:12:680	234	0
2020-06-09 10:45:13:702	234	0
2020-06-09 10:45:14:691	234	0
2020-06-09 10:45:15:697	234	0
2020-06-09 10:45:16:686	234	0
2020-06-09 10:45:17:697	234	0
2020-06-09 10:45:18:686	234	0
2020-06-09 10:45:19:694	234	0.2371375
2020-06-09 10:45:20:698	234	0.2061224
2020-06-09 10:45:21:689	234	0.1764206
2020-06-09 10:45:22:679	234	0
2020-06-09 10:45:23:683	234	0
2020-06-09 10:45:24:690	234	0
2020-06-09 10:45:25:695	234	0
2020-06-09 10:45:26:685	234	0
2020-06-09 10:45:27:690	234	0
2020-06-09 10:45:28:696	234	0
2020-06-09 10:45:29:685	234	0
2020-06-09 10:45:30:692	234	0
2020-06-09 10:45:31:682	234	0
2020-06-09 10:45:32:688	234	0
2020-06-09 10:45:33:694	234	0
2020-06-09 10:45:34:699	234	0
2020-06-09 10:45:35:686	234	0
2020-06-09 10:45:36:694	234	0
2020-06-09 10:45:37:682	234	0
2020-06-09 10:45:38:690	234	0
2020-06-09 10:45:39:693	234	0
2020-06-09 10:45:40:687	234	0
2020-06-09 10:45:41:692	234	0
2020-06-09 10:45:42:698	234	0
2020-06-09 10:45:43:684	234	0
2020-06-09 10:45:44:691	234	0
2020-06-09 10:45:45:700	234	0
2020-06-09 10:45:46:689	234	0
2020-06-09 10:45:47:692	234	0
2020-06-09 10:45:48:705	234	0
2020-06-09 10:45:49:691	234	0
2020-06-09 10:45:50:680	234	0
2020-06-09 10:45:51:686	234	0
2020-06-09 10:45:52:694	234	0
2020-06-09 10:45:53:682	234	0
2020-06-09 10:45:54:688	234	0
2020-06-09 10:45:55:696	234	0.1901877
2020-06-09 10:45:56:688	234	0
2020-06-09 10:45:57:690	234	0
2020-06-09 10:45:58:696	234	0
2020-06-09 10:45:59:686	234	0
2020-06-09 10:46:00:691	234	0
2020-06-09 10:46:01:697	234	0
2020-06-09 10:46:02:686	234	0
2020-06-09 10:46:03:697	234	0.1983733
2020-06-09 10:46:04:683	234	0.1731422
2020-06-09 10:46:05:709	234	0
2020-06-09 10:46:06:678	234	0
2020-06-09 10:46:07:685	234	0
2020-06-09 10:46:08:687	234	0
2020-06-09 10:46:09:696	234	0
2020-06-09 10:46:10:688	234	0.2253036
2020-06-09 10:46:11:688	234	0.2122713
2020-06-09 10:46:12:695	234	0.1738733
2020-06-09 10:46:13:686	234	0
2020-06-09 10:46:14:676	234	0
2020-06-09 10:46:15:683	234	0
2020-06-09 10:46:16:690	234	0
2020-06-09 10:46:17:679	234	0
2020-06-09 10:46:18:682	234	0
2020-06-09 10:46:19:687	234	0
2020-06-09 10:46:20:678	234	0
2020-06-09 10:46:21:683	234	0
2020-06-09 10:46:22:676	234	0.2281593
2020-06-09 10:46:23:680	234	0.2198776
2020-06-09 10:46:24:686	234	0.2336671
2020-06-09 10:46:25:692	234	0.2042972
2020-06-09 10:46:26:682	234	0
2020-06-09 10:46:27:689	234	0
2020-06-09 10:46:28:677	234	0
2020-06-09 10:46:29:685	234	0.2472499
2020-06-09 10:46:30:689	234	0.2238406
2020-06-09 10:46:31:679	234	0.1759736
2020-06-09 10:46:32:684	234	0.1802796
2020-06-09 10:46:33:692	234	0
2020-06-09 10:46:34:681	234	0
2020-06-09 10:46:35:686	234	0
2020-06-09 10:46:36:676	234	0
2020-06-09 10:46:37:697	234	0
2020-06-09 10:46:38:687	234	0
2020-06-09 10:46:39:695	234	0
2020-06-09 10:46:40:686	234	0
2020-06-09 10:46:41:690	234	0
2020-06-09 10:46:42:679	234	0
2020-06-09 10:46:43:686	234	0
2020-06-09 10:46:44:675	234	0
2020-06-09 10:46:45:681	234	0
2020-06-09 10:46:46:688	234	0
2020-06-09 10:46:47:696	234	0
2020-06-09 10:46:48:684	234	0.1690804
2020-06-09 10:46:49:689	234	0
2020-06-09 10:46:50:678	234	0
2020-06-09 10:46:51:683	234	0
2020-06-09 10:46:52:691	234	0
2020-06-09 10:46:53:680	234	0
2020-06-09 10:46:54:687	234	0
2020-06-09 10:46:55:676	234	0
2020-06-09 10:46:56:681	234	0
2020-06-09 10:46:57:687	234	0
2020-06-09 10:46:58:676	234	0
2020-06-09 10:46:59:684	234	0
2020-06-09 10:47:00:688	234	0
2020-06-09 10:47:01:678	234	0
2020-06-09 10:47:02:683	234	0
2020-06-09 10:47:03:689	234	0
2020-06-09 10:47:04:680	234	0
2020-06-09 10:47:05:685	234	0
2020-06-09 10:47:06:691	234	0
2020-06-09 10:47:07:682	234	0.1695849
2020-06-09 10:47:08:688	234	0
2020-06-09 10:47:09:695	234	0
2020-06-09 10:47:10:684	234	0
2020-06-09 10:47:11:693	234	0
2020-06-09 10:47:12:694	234	0
2020-06-09 10:47:13:687	234	0
2020-06-09 10:47:14:690	234	0
2020-06-09 10:47:15:682	234	0
2020-06-09 10:47:16:689	234	0
2020-06-09 10:47:17:693	234	0
2020-06-09 10:47:18:684	234	0
2020-06-09 10:47:19:689	234	0
2020-06-09 10:47:20:694	234	0
2020-06-09 10:47:21:684	234	0
2020-06-09 10:47:22:691	234	0.1820197
2020-06-09 10:47:23:681	234	0.203797
2020-06-09 10:47:24:687	234	0
2020-06-09 10:47:25:691	234	0
2020-06-09 10:47:26:681	234	0
2020-06-09 10:47:27:687	234	0
2020-06-09 10:47:28:693	234	0
2020-06-09 10:47:29:684	234	0
2020-06-09 10:47:30:692	234	0
2020-06-09 10:47:31:679	234	0
2020-06-09 10:47:32:684	234	0
2020-06-09 10:47:33:691	234	0
2020-06-09 10:47:34:680	234	0
2020-06-09 10:47:35:687	234	0.2184253
2020-06-09 10:47:36:693	234	0.2080138
2020-06-09 10:47:37:683	234	0.1680675
2020-06-09 10:47:38:688	234	0
2020-06-09 10:47:39:679	234	0
2020-06-09 10:47:40:684	234	0
2020-06-09 10:47:41:690	234	0
2020-06-09 10:47:42:695	234	0
2020-06-09 10:47:43:686	234	0
2020-06-09 10:47:44:691	234	0
2020-06-09 10:47:45:682	234	0.2214741
2020-06-09 10:47:46:688	234	0
2020-06-09 10:47:47:692	234	0
2020-06-09 10:47:48:682	234	0
2020-06-09 10:47:49:688	234	0
2020-06-09 10:47:50:679	234	0
2020-06-09 10:47:51:686	234	0
2020-06-09 10:47:52:689	234	0
2020-06-09 10:47:53:697	234	0
2020-06-09 10:47:54:686	234	0.1700074
2020-06-09 10:47:55:692	234	0
2020-06-09 10:47:56:697	234	0
2020-06-09 10:47:57:689	234	0
2020-06-09 10:47:58:697	229	0.2559938
2020-06-09 10:47:59:684	225	0.2535625
2020-06-09 10:48:00:691	225	0.198475
2020-06-09 10:48:01:695	225	0
2020-06-09 10:48:02:684	225	0
2020-06-09 10:48:03:691	225	0
2020-06-09 10:48:04:697	225	0
2020-06-09 10:48:05:687	225	0
2020-06-09 10:48:06:694	225	0.1999997
2020-06-09 10:48:07:685	225	0.2294748
2020-06-09 10:48:08:688	225	0.1966805
2020-06-09 10:48:09:678	225	0.1644913
2020-06-09 10:48:10:683	225	0
2020-06-09 10:48:11:689	225	0
2020-06-09 10:48:12:680	225	0
2020-06-09 10:48:13:686	225	0
2020-06-09 10:48:14:677	225	0
2020-06-09 10:48:15:681	225	0
2020-06-09 10:48:16:689	225	0
2020-06-09 10:48:17:692	225	0
2020-06-09 10:48:18:684	225	0
2020-06-09 10:48:19:672	225	0
2020-06-09 10:48:20:694	225	0
2020-06-09 10:48:21:686	225	0
2020-06-09 10:48:22:690	225	0
2020-06-09 10:48:23:696	225	0
2020-06-09 10:48:24:685	225	0
2020-06-09 10:48:25:690	225	0
2020-06-09 10:48:26:682	225	0
2020-06-09 10:48:27:687	225	0
2020-06-09 10:48:28:696	225	0.2147774
2020-06-09 10:48:29:701	225	0.17474
2020-06-09 10:48:30:690	225	0.1684406
2020-06-09 10:48:31:678	225	0.1889442
2020-06-09 10:48:32:686	225	0.2129404
2020-06-09 10:48:33:692	225	0.1617494
2020-06-09 10:48:34:697	225	0
2020-06-09 10:48:35:686	225	0
2020-06-09 10:48:36:691	225	0
2020-06-09 10:48:37:697	225	0
2020-06-09 10:48:38:689	225	0
2020-06-09 10:48:39:694	225	0
2020-06-09 10:48:40:684	225	0
2020-06-09 10:48:41:689	225	0
2020-06-09 10:48:42:697	225	0
2020-06-09 10:48:43:685	225	0
2020-06-09 10:48:44:691	225	0
2020-06-09 10:48:45:696	225	0
2020-06-09 10:48:46:686	225	0
2020-06-09 10:48:47:694	225	0
2020-06-09 10:48:48:682	225	0
2020-06-09 10:48:49:690	225	0
2020-06-09 10:48:50:677	225	0
2020-06-09 10:48:51:700	225	0
2020-06-09 10:48:52:688	225	0
2020-06-09 10:48:53:679	225	0.1856085
2020-06-09 10:48:54:701	225	0
2020-06-09 10:48:55:692	225	0
2020-06-09 10:48:56:680	225	0
2020-06-09 10:48:57:686	225	0
2020-06-09 10:48:58:693	225	0
2020-06-09 10:48:59:698	225	0
2020-06-09 10:49:00:689	225	0
2020-06-09 10:49:01:696	225	0
2020-06-09 10:49:02:684	225	0
2020-06-09 10:49:03:693	225	0
2020-06-09 10:49:04:695	225	0
2020-06-09 10:49:05:686	225	0
2020-06-09 10:49:06:691	225	0
2020-06-09 10:49:07:697	225	0
2020-06-09 10:49:08:688	225	0
2020-06-09 10:49:09:694	225	0
2020-06-09 10:49:10:683	225	0
2020-06-09 10:49:11:688	225	0
2020-06-09 10:49:12:679	225	0
2020-06-09 10:49:13:684	225	0
2020-06-09 10:49:14:690	225	0
2020-06-09 10:49:15:681	225	0
2020-06-09 10:49:16:686	225	0
2020-06-09 10:49:17:693	225	0
2020-06-09 10:49:18:681	225	0
2020-06-09 10:49:19:687	225	0
2020-06-09 10:49:20:678	225	0
2020-06-09 10:49:21:683	225	0
2020-06-09 10:49:22:693	225	0
2020-06-09 10:49:23:678	225	0
2020-06-09 10:49:24:686	225	0
2020-06-09 10:49:25:690	225	0
2020-06-09 10:49:26:680	225	0
2020-06-09 10:49:27:685	225	0
2020-06-09 10:49:28:692	225	0
2020-06-09 10:49:29:682	225	0
2020-06-09 10:49:30:688	225	0
2020-06-09 10:49:31:695	225	0
2020-06-09 10:49:32:683	225	0
2020-06-09 10:49:33:689	225	0
2020-06-09 10:49:34:694	225	0
2020-06-09 10:49:35:685	225	0
2020-06-09 10:49:36:691	225	0
2020-06-09 10:49:37:681	225	0
2020-06-09 10:49:38:688	225	0
2020-06-09 10:49:39:691	225	0
2020-06-09 10:49:40:682	225	0
2020-06-09 10:49:41:689	225	0.2180299
2020-06-09 10:49:42:679	225	0.1982699
2020-06-09 10:49:43:684	225	0
2020-06-09 10:49:44:688	225	0
2020-06-09 10:49:45:681	225	0
2020-06-09 10:49:46:684	225	0
2020-06-09 10:49:47:691	225	0
2020-06-09 10:49:48:680	225	0
2020-06-09 10:49:49:686	225	0
2020-06-09 10:49:50:677	225	0
2020-06-09 10:49:51:683	225	0
2020-06-09 10:49:52:689	225	0
2020-06-09 10:49:53:693	225	0
2020-06-09 10:49:54:684	225	0
2020-06-09 10:49:55:690	225	0
2020-06-09 10:49:56:680	225	0
2020-06-09 10:49:57:687	225	0
2020-06-09 10:49:58:675	225	0
2020-06-09 10:49:59:683	225	0
2020-06-09 10:50:00:671	225	0
2020-06-09 10:50:01:693	225	0
2020-06-09 10:50:02:682	225	0
2020-06-09 10:50:03:689	225	0
2020-06-09 10:50:04:677	225	0
2020-06-09 10:50:05:684	225	0
2020-06-09 10:50:06:693	225	0
2020-06-09 10:50:07:679	225	0
2020-06-09 10:50:08:685	225	0
2020-06-09 10:50:09:691	225	0
2020-06-09 10:50:10:682	225	0
2020-06-09 10:50:11:688	225	0
2020-06-09 10:50:12:677	225	0
2020-06-09 10:50:13:682	225	0
2020-06-09 10:50:14:689	225	0
2020-06-09 10:50:15:695	225	0
2020-06-09 10:50:16:684	225	0
2020-06-09 10:50:17:691	225	0
2020-06-09 10:50:18:683	225	0
2020-06-09 10:50:19:687	225	0
2020-06-09 10:50:20:694	225	0
2020-06-09 10:50:21:682	225	0
2020-06-09 10:50:22:688	225	0
2020-06-09 10:50:23:693	225	0
2020-06-09 10:50:24:698	225	0
2020-06-09 10:50:25:689	225	0
2020-06-09 10:50:26:695	225	0
2020-06-09 10:50:27:685	225	0
2020-06-09 10:50:28:690	225	0
2020-06-09 10:50:29:698	225	0
2020-06-09 10:50:30:686	225	0
2020-06-09 10:50:31:677	225	0
2020-06-09 10:50:32:699	225	0
2020-06-09 10:50:33:689	225	0
2020-06-09 10:50:34:679	225	0
2020-06-09 10:50:35:684	225	0
2020-06-09 10:50:36:676	225	0
2020-06-09 10:50:37:679	225	0
2020-06-09 10:50:38:685	225	0
2020-06-09 10:50:39:692	225	0
2020-06-09 10:50:40:681	225	0
2020-06-09 10:50:41:688	225	0
2020-06-09 10:50:42:694	225	0
2020-06-09 10:50:43:684	225	0.1936581
2020-06-09 10:50:44:690	225	0.1700748
2020-06-09 10:50:45:679	225	0.1686269
2020-06-09 10:50:46:684	225	0.1844267
2020-06-09 10:50:47:690	225	0.1734452
2020-06-09 10:50:48:682	225	0.1665639
2020-06-09 10:50:49:688	225	0
2020-06-09 10:50:50:691	225	0
2020-06-09 10:50:51:682	225	0
2020-06-09 10:50:52:688	225	0
2020-06-09 10:50:53:696	225	0
2020-06-09 10:50:54:684	225	0
2020-06-09 10:50:55:692	225	0
2020-06-09 10:50:56:695	225	0
2020-06-09 10:50:57:685	225	0
2020-06-09 10:50:58:691	225	0
2020-06-09 10:50:59:697	225	0
2020-06-09 10:51:00:687	225	0
2020-06-09 10:51:01:693	225	0
2020-06-09 10:51:02:682	225	0
2020-06-09 10:51:03:688	225	0
2020-06-09 10:51:04:694	225	0
2020-06-09 10:51:05:683	225	0
2020-06-09 10:51:06:693	225	0
2020-06-09 10:51:07:682	225	0
2020-06-09 10:51:08:686	225	0
2020-06-09 10:51:09:678	225	0
2020-06-09 10:51:10:697	225	0
2020-06-09 10:51:11:688	225	0
2020-06-09 10:51:12:678	225	0.1787834
2020-06-09 10:51:13:684	225	0
2020-06-09 10:51:14:689	225	0
2020-06-09 10:51:15:678	225	0
2020-06-09 10:51:16:684	225	0
2020-06-09 10:51:17:690	225	0
2020-06-09 10:51:18:680	225	0
2020-06-09 10:51:19:686	225	0
2020-06-09 10:51:20:693	225	0
2020-06-09 10:51:21:681	225	0
2020-06-09 10:51:22:689	225	0
2020-06-09 10:51:23:693	225	0
2020-06-09 10:51:24:699	225	0
2020-06-09 10:51:25:690	225	0.2201774
2020-06-09 10:51:26:678	225	0.2084482
2020-06-09 10:51:27:686	225	0
2020-06-09 10:51:28:690	225	0
2020-06-09 10:51:29:680	225	0
2020-06-09 10:51:30:686	225	0
2020-06-09 10:51:31:692	225	0
2020-06-09 10:51:32:681	225	0
2020-06-09 10:51:33:688	225	0
2020-06-09 10:51:34:694	225	0
2020-06-09 10:51:35:682	225	0
2020-06-09 10:51:36:689	225	0
2020-06-09 10:51:37:679	225	0
2020-06-09 10:51:38:684	225	0
2020-06-09 10:51:39:692	225	0
2020-06-09 10:51:40:681	225	0
2020-06-09 10:51:41:687	225	0
2020-06-09 10:51:42:692	225	0
2020-06-09 10:51:43:682	225	0
2020-06-09 10:51:44:689	225	0
2020-06-09 10:51:45:694	225	0
2020-06-09 10:51:46:684	225	0
2020-06-09 10:51:47:689	225	0
2020-06-09 10:51:48:679	225	0
2020-06-09 10:51:49:685	225	0
2020-06-09 10:51:50:691	225	0
2020-06-09 10:51:51:681	225	0
2020-06-09 10:51:52:687	225	0
2020-06-09 10:51:53:692	225	0
2020-06-09 10:51:54:683	225	0
2020-06-09 10:51:55:688	225	0
2020-06-09 10:51:56:693	225	0
2020-06-09 10:51:57:683	225	0
2020-06-09 10:51:58:689	225	0
2020-06-09 10:51:59:697	225	0
2020-06-09 10:52:00:684	225	0
2020-06-09 10:52:01:696	225	0.1631251
2020-06-09 10:52:02:683	225	0
2020-06-09 10:52:03:687	225	0
2020-06-09 10:52:04:693	225	0
2020-06-09 10:52:05:682	225	0
2020-06-09 10:52:06:690	225	0
2020-06-09 10:52:07:694	225	0
2020-06-09 10:52:08:685	225	0.2042283
2020-06-09 10:52:09:690	225	0.228812
2020-06-09 10:52:10:680	225	0.213109
2020-06-09 10:52:11:687	225	0
2020-06-09 10:52:12:694	225	0
2020-06-09 10:52:13:682	225	0
2020-06-09 10:52:14:687	225	0
2020-06-09 10:52:15:693	225	0
2020-06-09 10:52:16:683	225	0
2020-06-09 10:52:17:690	225	0
2020-06-09 10:52:18:694	225	0
2020-06-09 10:52:19:688	225	0
2020-06-09 10:52:20:690	225	0
2020-06-09 10:52:21:695	225	0
2020-06-09 10:52:22:687	225	0.2162326
2020-06-09 10:52:23:694	225	0.1885599
2020-06-09 10:52:24:682	225	0
2020-06-09 10:52:25:688	225	0
2020-06-09 10:52:26:693	225	0
2020-06-09 10:52:27:683	225	0.1593204
2020-06-09 10:52:28:690	225	0
2020-06-09 10:52:29:678	225	0
2020-06-09 10:52:30:684	225	0
2020-06-09 10:52:31:689	225	0
2020-06-09 10:52:32:680	225	0
2020-06-09 10:52:33:686	225	0
2020-06-09 10:52:34:692	225	0
2020-06-09 10:52:35:681	225	0
2020-06-09 10:52:36:688	225	0
2020-06-09 10:52:37:694	225	0
2020-06-09 10:52:38:683	225	0
2020-06-09 10:52:39:690	225	0
2020-06-09 10:52:40:679	225	0
2020-06-09 10:52:41:686	225	0
2020-06-09 10:52:42:691	225	0
2020-06-09 10:52:43:680	225	0
2020-06-09 10:52:44:688	225	0
2020-06-09 10:52:45:693	225	0
2020-06-09 10:52:46:698	225	0
2020-06-09 10:52:47:689	225	0.1596004
2020-06-09 10:52:48:701	225	0
2020-06-09 10:52:49:683	225	0
2020-06-09 10:52:50:689	225	0
2020-06-09 10:52:51:697	225	0
2020-06-09 10:52:52:686	225	0
2020-06-09 10:52:53:692	225	0
2020-06-09 10:52:54:681	225	0
2020-06-09 10:52:55:687	225	0
2020-06-09 10:52:56:692	225	0
2020-06-09 10:52:57:683	225	0
2020-06-09 10:52:58:690	225	0
2020-06-09 10:52:59:698	225	0
2020-06-09 10:53:00:684	225	0
2020-06-09 10:53:01:692	225	0
2020-06-09 10:53:02:696	225	0
2020-06-09 10:53:03:686	225	0
2020-06-09 10:53:04:691	225	0
2020-06-09 10:53:05:680	225	0
2020-06-09 10:53:06:687	225	0
2020-06-09 10:53:07:693	225	0
2020-06-09 10:53:08:682	225	0
2020-06-09 10:53:09:689	225	0
2020-06-09 10:53:10:694	225	0
2020-06-09 10:53:11:685	225	0
2020-06-09 10:53:12:691	225	0
2020-06-09 10:53:13:697	225	0
2020-06-09 10:53:14:687	225	0
2020-06-09 10:53:15:692	225	0
2020-06-09 10:53:16:683	225	0
2020-06-09 10:53:17:688	225	0
2020-06-09 10:53:18:678	225	0
2020-06-09 10:53:19:700	225	0
2020-06-09 10:53:20:689	225	0
2020-06-09 10:53:21:679	225	0
2020-06-09 10:53:22:687	225	0
2020-06-09 10:53:23:676	225	0
2020-06-09 10:53:24:683	225	0
2020-06-09 10:53:25:686	225	0
2020-06-09 10:53:26:694	225	0.1608209
2020-06-09 10:53:27:684	225	0
2020-06-09 10:53:28:697	225	0
2020-06-09 10:53:29:695	225	0
2020-06-09 10:53:30:686	225	0
2020-06-09 10:53:31:691	225	0
2020-06-09 10:53:32:680	225	0
2020-06-09 10:53:33:689	225	0
2020-06-09 10:53:34:691	225	0
2020-06-09 10:53:35:683	225	0.2354118
2020-06-09 10:53:36:689	225	0.2308362
2020-06-09 10:53:37:695	225	0
2020-06-09 10:53:38:682	225	0
2020-06-09 10:53:39:692	225	0
2020-06-09 10:53:40:696	225	0
2020-06-09 10:53:41:685	225	0
2020-06-09 10:53:42:692	225	0
2020-06-09 10:53:43:681	225	0
2020-06-09 10:53:44:688	225	0
2020-06-09 10:53:45:693	225	0
2020-06-09 10:53:46:683	225	0
2020-06-09 10:53:47:690	225	0
2020-06-09 10:53:48:695	225	0
2020-06-09 10:53:49:702	225	0
2020-06-09 10:53:50:690	225	0
2020-06-09 10:53:51:696	225	0
2020-06-09 10:53:52:688	225	0
2020-06-09 10:53:53:677	225	0
2020-06-09 10:53:54:698	225	0
2020-06-09 10:53:55:688	225	0
2020-06-09 10:53:56:693	225	0
2020-06-09 10:53:57:684	225	0
2020-06-09 10:53:58:689	225	0
2020-06-09 10:53:59:696	225	0
2020-06-09 10:54:00:684	225	0
2020-06-09 10:54:01:691	225	0
2020-06-09 10:54:02:680	225	0
2020-06-09 10:54:03:704	225	0.2127326
2020-06-09 10:54:04:679	225	0
2020-06-09 10:54:05:698	225	0
2020-06-09 10:54:06:690	225	0
2020-06-09 10:54:07:680	225	0
2020-06-09 10:54:08:699	225	0
2020-06-09 10:54:09:690	225	0
2020-06-09 10:54:10:680	225	0
2020-06-09 10:54:11:686	225	0
2020-06-09 10:54:12:692	225	0
2020-06-09 10:54:13:682	225	0
2020-06-09 10:54:14:687	225	0
2020-06-09 10:54:15:677	225	0
2020-06-09 10:54:16:682	225	0
2020-06-09 10:54:17:673	225	0
2020-06-09 10:54:18:679	225	0
2020-06-09 10:54:19:684	225	0
2020-06-09 10:54:20:690	225	0
2020-06-09 10:54:21:696	225	0
2020-06-09 10:54:22:702	225	0
2020-06-09 10:54:23:707	225	0
2020-06-09 10:54:24:713	225	0
2020-06-09 10:54:25:703	225	0
2020-06-09 10:54:26:709	225	0
2020-06-09 10:54:27:704	225	0
2020-06-09 10:54:28:705	225	0
2020-06-09 10:54:29:695	225	0
2020-06-09 10:54:30:701	225	0
2020-06-09 10:54:31:691	225	0
2020-06-09 10:54:32:696	225	0
2020-06-09 10:54:33:704	225	0
2020-06-09 10:54:34:709	225	0
2020-06-09 10:54:35:698	225	0
2020-06-09 10:54:36:706	225	0
2020-06-09 10:54:37:694	225	0
2020-06-09 10:54:38:700	225	0
2020-06-09 10:54:39:706	225	0
2020-06-09 10:54:40:702	225	0.2190942
2020-06-09 10:54:41:702	225	0.1793575
2020-06-09 10:54:42:707	225	0.179891
2020-06-09 10:54:43:703	225	0.203652
2020-06-09 10:54:44:708	225	0
2020-06-09 10:54:45:694	225	0
2020-06-09 10:54:46:699	225	0
2020-06-09 10:54:47:689	225	0
2020-06-09 10:54:48:694	225	0
2020-06-09 10:54:49:701	225	0
2020-06-09 10:54:50:706	225	0
2020-06-09 10:54:51:696	225	0
2020-06-09 10:54:52:703	225	0
2020-06-09 10:54:53:692	225	0
2020-06-09 10:54:54:698	225	0
2020-06-09 10:54:55:705	225	0
2020-06-09 10:54:56:694	225	0
2020-06-09 10:54:57:700	225	0
2020-06-09 10:54:58:705	225	0
2020-06-09 10:54:59:696	225	0
2020-06-09 10:55:00:707	225	0
2020-06-09 10:55:01:710	225	0
2020-06-09 10:55:02:700	225	0
2020-06-09 10:55:03:708	225	0
2020-06-09 10:55:04:694	225	0
2020-06-09 10:55:05:699	225	0
2020-06-09 10:55:06:705	225	0
2020-06-09 10:55:07:696	223	0.244716
2020-06-09 10:55:08:701	223	0.1843597
2020-06-09 10:55:09:707	223	0
2020-06-09 10:55:10:696	223	0
2020-06-09 10:55:11:702	223	0
2020-06-09 10:55:12:708	223	0
2020-06-09 10:55:13:697	223	0
2020-06-09 10:55:14:705	223	0
2020-06-09 10:55:15:710	223	0
2020-06-09 10:55:16:699	223	0
2020-06-09 10:55:17:708	223	0
2020-06-09 10:55:18:711	223	0
2020-06-09 10:55:19:703	223	0
2020-06-09 10:55:20:707	223	0
2020-06-09 10:55:21:713	223	0
2020-06-09 10:55:22:702	223	0
2020-06-09 10:55:23:693	223	0
2020-06-09 10:55:24:715	223	0
2020-06-09 10:55:25:705	223	0
2020-06-09 10:55:26:694	223	0
2020-06-09 10:55:27:703	223	0
2020-06-09 10:55:28:707	223	0
2020-06-09 10:55:29:712	223	0
2020-06-09 10:55:30:702	223	0
2020-06-09 10:55:31:691	223	0
2020-06-09 10:55:32:697	223	0
2020-06-09 10:55:33:704	223	0
2020-06-09 10:55:34:693	223	0
2020-06-09 10:55:35:699	223	0
2020-06-09 10:55:36:707	223	0
2020-06-09 10:55:37:710	223	0
2020-06-09 10:55:38:701	223	0
2020-06-09 10:55:39:709	223	0
2020-06-09 10:55:40:712	223	0
2020-06-09 10:55:41:702	223	0
2020-06-09 10:55:42:708	223	0
2020-06-09 10:55:43:701	223	0
2020-06-09 10:55:44:703	223	0
2020-06-09 10:55:45:697	223	0
2020-06-09 10:55:46:700	223	0
2020-06-09 10:55:47:706	223	0
2020-06-09 10:55:48:699	223	0
2020-06-09 10:55:49:701	223	0
2020-06-09 10:55:50:692	223	0
2020-06-09 10:55:51:702	223	0
2020-06-09 10:55:52:705	223	0
2020-06-09 10:55:53:694	223	0
2020-06-09 10:55:54:699	223	0
2020-06-09 10:55:55:705	223	0
2020-06-09 10:55:56:694	223	0
2020-06-09 10:55:57:700	223	0
2020-06-09 10:55:58:707	223	0
2020-06-09 10:55:59:696	223	0
2020-06-09 10:56:00:703	223	0
2020-06-09 10:56:01:710	223	0
2020-06-09 10:56:02:699	223	0
2020-06-09 10:56:03:705	223	0
2020-06-09 10:56:04:713	223	0
2020-06-09 10:56:05:703	223	0
2020-06-09 10:56:06:707	223	0
2020-06-09 10:56:07:699	223	0
2020-06-09 10:56:08:704	223	0
2020-06-09 10:56:09:710	223	0
2020-06-09 10:56:10:716	223	0
2020-06-09 10:56:11:706	223	0
2020-06-09 10:56:12:693	223	0
2020-06-09 10:56:13:717	223	0
2020-06-09 10:56:14:705	223	0
2020-06-09 10:56:15:713	223	0
2020-06-09 10:56:16:701	223	0
2020-06-09 10:56:17:709	223	0
2020-06-09 10:56:18:712	223	0
2020-06-09 10:56:19:705	223	0
2020-06-09 10:56:20:708	223	0
2020-06-09 10:56:21:701	223	0
2020-06-09 10:56:22:692	223	0
2020-06-09 10:56:23:697	223	0
2020-06-09 10:56:24:701	223	0
2020-06-09 10:56:25:709	223	0
2020-06-09 10:56:26:695	223	0
2020-06-09 10:56:27:705	223	0
2020-06-09 10:56:28:709	223	0
2020-06-09 10:56:29:713	223	0
2020-06-09 10:56:30:702	223	0
2020-06-09 10:56:31:708	223	0
2020-06-09 10:56:32:702	223	0
2020-06-09 10:56:33:705	223	0
2020-06-09 10:56:34:710	223	0
2020-06-09 10:56:35:700	223	0
2020-06-09 10:56:36:707	223	0
2020-06-09 10:56:37:696	223	0
2020-06-09 10:56:38:702	223	0
2020-06-09 10:56:39:707	223	0
2020-06-09 10:56:40:697	223	0
2020-06-09 10:56:41:703	223	0
2020-06-09 10:56:42:709	223	0
2020-06-09 10:56:43:698	223	0
2020-06-09 10:56:44:705	223	0
2020-06-09 10:56:45:711	223	0
2020-06-09 10:56:46:701	223	0
2020-06-09 10:56:47:690	223	0
2020-06-09 10:56:48:696	223	0
2020-06-09 10:56:49:702	223	0
2020-06-09 10:56:50:709	223	0
2020-06-09 10:56:51:700	223	0.1684137
2020-06-09 10:56:52:704	223	0
2020-06-09 10:56:53:694	223	0
2020-06-09 10:56:54:700	223	0
2020-06-09 10:56:55:705	223	0
2020-06-09 10:56:56:695	223	0
2020-06-09 10:56:57:701	223	0
2020-06-09 10:56:58:691	223	0
2020-06-09 10:56:59:714	223	0
2020-06-09 10:57:00:704	223	0
2020-06-09 10:57:01:692	223	0
2020-06-09 10:57:02:714	223	0
2020-06-09 10:57:03:691	223	0
2020-06-09 10:57:04:694	223	0
2020-06-09 10:57:05:703	223	0
2020-06-09 10:57:06:694	223	0
2020-06-09 10:57:07:699	223	0
2020-06-09 10:57:08:704	223	0
2020-06-09 10:57:09:711	223	0
2020-06-09 10:57:10:697	223	0
2020-06-09 10:57:11:707	223	0
2020-06-09 10:57:12:696	223	0
2020-06-09 10:57:13:704	223	0
2020-06-09 10:57:14:708	223	0
2020-06-09 10:57:15:695	223	0
2020-06-09 10:57:16:704	223	0
2020-06-09 10:57:17:709	223	0
2020-06-09 10:57:18:700	223	0
2020-06-09 10:57:19:706	223	0
2020-06-09 10:57:20:711	223	0
2020-06-09 10:57:21:701	223	0
2020-06-09 10:57:22:703	223	0
2020-06-09 10:57:23:712	223	0
2020-06-09 10:57:24:704	223	0
2020-06-09 10:57:25:706	223	0.1826454
2020-06-09 10:57:26:715	223	0.1794287
2020-06-09 10:57:27:702	223	0.2146506
2020-06-09 10:57:28:710	223	0.1930502
2020-06-09 10:57:29:719	223	0
2020-06-09 10:57:30:705	223	0
2020-06-09 10:57:31:711	223	0
2020-06-09 10:57:32:718	223	0
2020-06-09 10:57:33:708	223	0
2020-06-09 10:57:34:696	223	0
2020-06-09 10:57:35:703	223	0
2020-06-09 10:57:36:709	223	0
2020-06-09 10:57:37:716	223	0
2020-06-09 10:57:38:706	223	0
2020-06-09 10:57:39:714	223	0.1722498
2020-06-09 10:57:40:717	223	0.1687186
2020-06-09 10:57:41:708	223	0.1752251
2020-06-09 10:57:42:711	223	0
2020-06-09 10:57:43:716	223	0
2020-06-09 10:57:44:705	223	0
2020-06-09 10:57:45:696	223	0.1779667
2020-06-09 10:57:46:703	223	0.1873867
2020-06-09 10:57:47:709	223	0
2020-06-09 10:57:48:715	223	0
2020-06-09 10:57:49:702	223	0
2020-06-09 10:57:50:695	223	0
2020-06-09 10:57:51:715	223	0
2020-06-09 10:57:52:706	223	0
2020-06-09 10:57:53:710	223	0
2020-06-09 10:57:54:702	223	0
2020-06-09 10:57:55:709	223	0
2020-06-09 10:57:56:714	223	0
2020-06-09 10:57:57:704	223	0
2020-06-09 10:57:58:711	223	0
2020-06-09 10:57:59:701	223	0
2020-06-09 10:58:00:709	223	0.2117455
2020-06-09 10:58:01:697	223	0.2231501
2020-06-09 10:58:02:720	223	0.2035833
2020-06-09 10:58:03:708	223	0.1753296
2020-06-09 10:58:04:695	223	0
2020-06-09 10:58:05:700	223	0
2020-06-09 10:58:06:690	223	0
2020-06-09 10:58:07:696	223	0
2020-06-09 10:58:08:708	223	0
2020-06-09 10:58:09:697	223	0.1709487
2020-06-09 10:58:10:719	223	0
2020-06-09 10:58:11:705	223	0
2020-06-09 10:58:12:712	223	0
2020-06-09 10:58:13:702	223	0
2020-06-09 10:58:14:705	223	0
2020-06-09 10:58:15:714	223	0
2020-06-09 10:58:16:703	223	0
2020-06-09 10:58:17:707	223	0
2020-06-09 10:58:18:700	223	0
2020-06-09 10:58:19:706	223	0
2020-06-09 10:58:20:710	223	0
2020-06-09 10:58:21:701	223	0
2020-06-09 10:58:22:704	223	0
2020-06-09 10:58:23:715	223	0.1876041
2020-06-09 10:58:24:715	223	0
2020-06-09 10:58:25:708	223	0
2020-06-09 10:58:26:715	223	0
2020-06-09 10:58:27:704	223	0
2020-06-09 10:58:28:713	223	0.1938329
2020-06-09 10:58:29:701	223	0.1669217
2020-06-09 10:58:30:706	223	0
2020-06-09 10:58:31:692	223	0
2020-06-09 10:58:32:699	223	0
2020-06-09 10:58:33:707	223	0
2020-06-09 10:58:34:713	223	0
2020-06-09 10:58:35:703	223	0
2020-06-09 10:58:36:709	223	0
2020-06-09 10:58:37:715	223	0
2020-06-09 10:58:38:704	223	0
2020-06-09 10:58:39:708	223	0
2020-06-09 10:58:40:713	223	0
2020-06-09 10:58:41:705	223	0.1833342
2020-06-09 10:58:42:699	223	0
2020-06-09 10:58:43:703	223	0
2020-06-09 10:58:44:713	223	0
2020-06-09 10:58:45:714	223	0
2020-06-09 10:58:46:701	223	0
2020-06-09 10:58:47:708	223	0
2020-06-09 10:58:48:701	223	0
2020-06-09 10:58:49:707	223	0
2020-06-09 10:58:50:710	223	0
2020-06-09 10:58:51:717	223	0
2020-06-09 10:58:52:708	223	0
2020-06-09 10:58:53:708	223	0
2020-06-09 10:58:54:701	223	0
2020-06-09 10:58:55:708	223	0
2020-06-09 10:58:56:713	223	0
2020-06-09 10:58:57:704	223	0
2020-06-09 10:58:58:710	223	0
2020-06-09 10:58:59:715	223	0
2020-06-09 10:59:00:703	223	0
2020-06-09 10:59:01:710	223	0
2020-06-09 10:59:02:698	223	0
2020-06-09 10:59:03:703	223	0
2020-06-09 10:59:04:709	223	0
2020-06-09 10:59:05:718	223	0
2020-06-09 10:59:06:705	223	0
2020-06-09 10:59:07:698	223	0
2020-06-09 10:59:08:700	223	0
2020-06-09 10:59:09:710	223	0
2020-06-09 10:59:10:716	223	0
2020-06-09 10:59:11:706	223	0
2020-06-09 10:59:12:712	223	0
2020-06-09 10:59:13:720	223	0.2261135
2020-06-09 10:59:14:707	223	0.2014859
2020-06-09 10:59:15:716	223	0
2020-06-09 10:59:16:701	223	0
2020-06-09 10:59:17:707	223	0
2020-06-09 10:59:18:700	223	0
2020-06-09 10:59:19:702	223	0
2020-06-09 10:59:20:711	223	0
2020-06-09 10:59:21:713	223	0
2020-06-09 10:59:22:707	223	0
2020-06-09 10:59:23:694	223	0
2020-06-09 10:59:24:708	223	0.1631522
2020-06-09 10:59:25:691	223	0
2020-06-09 10:59:26:698	223	0
2020-06-09 10:59:27:701	223	0
2020-06-09 10:59:28:694	223	0
2020-06-09 10:59:29:713	223	0
2020-06-09 10:59:30:704	223	0
2020-06-09 10:59:31:693	223	0
2020-06-09 10:59:32:699	223	0
2020-06-09 10:59:33:705	223	0
2020-06-09 10:59:34:712	223	0
2020-06-09 10:59:35:701	223	0
2020-06-09 10:59:36:708	223	0
2020-06-09 10:59:37:699	223	0
2020-06-09 10:59:38:705	223	0
2020-06-09 10:59:39:710	223	0
2020-06-09 10:59:40:717	223	0
2020-06-09 10:59:41:706	223	0
2020-06-09 10:59:42:708	223	0
2020-06-09 10:59:43:718	223	0
2020-06-09 10:59:44:710	223	0.2065393
2020-06-09 10:59:45:715	261	0.2532794
2020-06-09 10:59:46:704	261	0.3066236
2020-06-09 10:59:47:694	255	0.2393399
2020-06-09 10:59:48:721	255	0
2020-06-09 10:59:49:702	255	0
2020-06-09 10:59:50:710	255	0
2020-06-09 10:59:51:700	255	0
2020-06-09 10:59:52:686	255	0
2020-06-09 10:59:53:697	255	0
2020-06-09 10:59:54:702	255	0
2020-06-09 10:59:55:706	255	0.2403113
2020-06-09 10:59:56:697	255	0
2020-06-09 10:59:57:701	255	0
2020-06-09 10:59:58:707	255	0
2020-06-09 10:59:59:714	255	0
2020-06-09 11:00:00:705	255	0
2020-06-09 11:00:01:711	255	0
2020-06-09 11:00:02:698	255	0
2020-06-09 11:00:03:707	255	0
2020-06-09 11:00:04:713	255	0
2020-06-09 11:00:05:703	255	0
2020-06-09 11:00:06:709	255	0
2020-06-09 11:00:07:712	255	0
2020-06-09 11:00:08:701	255	0
2020-06-09 11:00:09:708	255	0
2020-06-09 11:00:10:713	255	0
2020-06-09 11:00:11:703	255	0
2020-06-09 11:00:12:709	255	0
2020-06-09 11:00:13:699	255	0
2020-06-09 11:00:14:705	255	0
2020-06-09 11:00:15:713	255	0.2189264
2020-06-09 11:00:16:701	255	0.2466172
2020-06-09 11:00:17:711	245	0.2336631
2020-06-09 11:00:18:695	245	0.1998669
2020-06-09 11:00:19:707	245	0
2020-06-09 11:00:20:708	245	0
2020-06-09 11:00:21:698	245	0
2020-06-09 11:00:22:707	245	0
2020-06-09 11:00:23:693	245	0
2020-06-09 11:00:24:702	245	0
2020-06-09 11:00:25:706	245	0
2020-06-09 11:00:26:698	245	0
2020-06-09 11:00:27:704	245	0
2020-06-09 11:00:28:710	245	0
2020-06-09 11:00:29:699	245	0
2020-06-09 11:00:30:705	245	0
2020-06-09 11:00:31:692	245	0
2020-06-09 11:00:32:700	245	0
2020-06-09 11:00:33:709	245	0
2020-06-09 11:00:34:713	245	0
2020-06-09 11:00:35:702	245	0
2020-06-09 11:00:36:690	245	0
2020-06-09 11:00:37:695	245	0
2020-06-09 11:00:38:702	245	0
2020-06-09 11:00:39:707	245	0
2020-06-09 11:00:40:705	245	0.190466
2020-06-09 11:00:41:703	245	0.191425
2020-06-09 11:00:42:695	245	0
2020-06-09 11:00:43:699	245	0
2020-06-09 11:00:44:704	245	0
2020-06-09 11:00:45:697	245	0
2020-06-09 11:00:46:700	245	0
2020-06-09 11:00:47:693	245	0
2020-06-09 11:00:48:699	245	0
2020-06-09 11:00:49:705	245	0
2020-06-09 11:00:50:710	245	0
2020-06-09 11:00:51:716	245	0
2020-06-09 11:00:52:706	245	0
2020-06-09 11:00:53:709	245	0
2020-06-09 11:00:54:701	245	0
2020-06-09 11:00:55:707	245	0
2020-06-09 11:00:56:714	245	0
2020-06-09 11:00:57:703	245	0
2020-06-09 11:00:58:710	245	0
2020-06-09 11:00:59:713	245	0.1785309
2020-06-09 11:01:00:708	245	0
2020-06-09 11:01:01:711	245	0
2020-06-09 11:01:02:701	245	0
2020-06-09 11:01:03:707	245	0
2020-06-09 11:01:04:712	245	0
2020-06-09 11:01:05:702	245	0
2020-06-09 11:01:06:708	245	0
2020-06-09 11:01:07:712	245	0
2020-06-09 11:01:08:703	245	0
2020-06-09 11:01:09:707	245	0
2020-06-09 11:01:10:703	245	0.2293698
2020-06-09 11:01:11:703	245	0.2281005
2020-06-09 11:01:12:711	245	0.2208719
2020-06-09 11:01:13:702	245	0.199763
2020-06-09 11:01:14:709	245	0
2020-06-09 11:01:15:713	245	0
2020-06-09 11:01:16:704	245	0
2020-06-09 11:01:17:708	245	0
2020-06-09 11:01:18:698	245	0
2020-06-09 11:01:19:704	245	0
2020-06-09 11:01:20:707	245	0
2020-06-09 11:01:21:701	245	0
2020-06-09 11:01:22:706	245	0
2020-06-09 11:01:23:712	245	0
2020-06-09 11:01:24:702	245	0
2020-06-09 11:01:25:707	245	0
2020-06-09 11:01:26:699	245	0
2020-06-09 11:01:27:703	245	0
2020-06-09 11:01:28:711	245	0.1928423
2020-06-09 11:01:29:701	245	0
2020-06-09 11:01:30:704	245	0
2020-06-09 11:01:31:695	245	0
2020-06-09 11:01:32:700	245	0
2020-06-09 11:01:33:703	245	0
2020-06-09 11:01:34:694	245	0
2020-06-09 11:01:35:704	245	0
2020-06-09 11:01:36:704	245	0
2020-06-09 11:01:37:696	245	0
2020-06-09 11:01:38:700	245	0
2020-06-09 11:01:39:707	245	0
2020-06-09 11:01:40:696	245	0.1873456
2020-06-09 11:01:41:713	245	0
2020-06-09 11:01:42:711	245	0
2020-06-09 11:01:43:700	245	0
2020-06-09 11:01:44:706	245	0
2020-06-09 11:01:45:713	245	0
2020-06-09 11:01:46:699	245	0
2020-06-09 11:01:47:693	245	0
2020-06-09 11:01:48:699	245	0
2020-06-09 11:01:49:701	245	0
2020-06-09 11:01:50:694	245	0
2020-06-09 11:01:51:700	245	0
2020-06-09 11:01:52:705	245	0
2020-06-09 11:01:53:695	245	0
2020-06-09 11:01:54:703	245	0
2020-06-09 11:01:55:694	245	0.2130739
2020-06-09 11:01:56:714	244	0.2529413
2020-06-09 11:01:57:702	248	0.2566884
2020-06-09 11:01:58:712	259	0.2560064
2020-06-09 11:01:59:700	267	0.2742055
2020-06-09 11:02:00:689	267	0.2489325
2020-06-09 11:02:01:697	267	0
2020-06-09 11:02:02:702	267	0
2020-06-09 11:02:03:705	267	0
2020-06-09 11:02:04:696	267	0
2020-06-09 11:02:05:704	267	0
2020-06-09 11:02:06:691	267	0
2020-06-09 11:02:07:698	267	0
2020-06-09 11:02:08:703	253	0.277095
2020-06-09 11:02:09:716	256	0.1902741
2020-06-09 11:02:10:715	256	0
2020-06-09 11:02:11:689	256	0
2020-06-09 11:02:12:692	256	0
2020-06-09 11:02:13:701	256	0
2020-06-09 11:02:14:707	256	0
2020-06-09 11:02:15:693	256	0
2020-06-09 11:02:16:715	256	0
2020-06-09 11:02:17:708	256	0
2020-06-09 11:02:18:695	256	0
2020-06-09 11:02:19:704	256	0
2020-06-09 11:02:20:691	256	0
2020-06-09 11:02:21:700	256	0
2020-06-09 11:02:22:704	256	0
2020-06-09 11:02:23:712	256	0
2020-06-09 11:02:24:714	256	0
2020-06-09 11:02:25:704	256	0
2020-06-09 11:02:26:711	256	0
2020-06-09 11:02:27:700	256	0
2020-06-09 11:02:28:705	256	0
2020-06-09 11:02:29:714	256	0
2020-06-09 11:02:30:704	256	0
2020-06-09 11:02:31:710	256	0
2020-06-09 11:02:32:702	256	0
2020-06-09 11:02:33:705	256	0
2020-06-09 11:02:34:712	256	0
2020-06-09 11:02:35:702	256	0
2020-06-09 11:02:36:707	256	0
2020-06-09 11:02:37:696	256	0
2020-06-09 11:02:38:703	256	0
2020-06-09 11:02:39:709	256	0
2020-06-09 11:02:40:715	256	0
2020-06-09 11:02:41:706	256	0
2020-06-09 11:02:42:710	256	0
2020-06-09 11:02:43:717	256	0
2020-06-09 11:02:44:723	256	0
2020-06-09 11:02:45:712	256	0
2020-06-09 11:02:46:701	256	0
2020-06-09 11:02:47:710	256	0.2078179
2020-06-09 11:02:48:700	256	0
2020-06-09 11:02:49:705	256	0
2020-06-09 11:02:50:705	256	0
2020-06-09 11:02:51:697	262	0.3153807
2020-06-09 11:02:52:718	273	0.274126
2020-06-09 11:02:53:709	273	0
2020-06-09 11:02:54:713	273	0
2020-06-09 11:02:55:703	273	0
2020-06-09 11:02:56:697	273	0
2020-06-09 11:02:57:699	273	0
2020-06-09 11:02:58:706	273	0
2020-06-09 11:02:59:713	234	0.2755533
2020-06-09 11:03:00:705	245	0.2728463
2020-06-09 11:03:01:709	236	0.2528682
2020-06-09 11:03:02:717	225	0.2576496
2020-06-09 11:03:03:708	225	0.2152806
2020-06-09 11:03:04:709	225	0.1691107
2020-06-09 11:03:05:701	225	0.1774213
2020-06-09 11:03:06:710	225	0
2020-06-09 11:03:07:712	225	0
2020-06-09 11:03:08:704	225	0
2020-06-09 11:03:09:706	225	0
2020-06-09 11:03:10:698	225	0
2020-06-09 11:03:11:702	225	0
2020-06-09 11:03:12:708	225	0
2020-06-09 11:03:13:697	225	0
2020-06-09 11:03:14:703	225	0
2020-06-09 11:03:15:712	225	0
2020-06-09 11:03:16:702	225	0
2020-06-09 11:03:17:708	225	0
2020-06-09 11:03:18:698	225	0
2020-06-09 11:03:19:704	225	0
2020-06-09 11:03:20:693	225	0
2020-06-09 11:03:21:700	225	0
2020-06-09 11:03:22:705	225	0
2020-06-09 11:03:23:696	225	0
2020-06-09 11:03:24:701	225	0
2020-06-09 11:03:25:693	225	0
2020-06-09 11:03:26:710	225	0
2020-06-09 11:03:27:699	225	0
2020-06-09 11:03:28:709	225	0
2020-06-09 11:03:29:699	225	0
2020-06-09 11:03:30:704	225	0
2020-06-09 11:03:31:712	225	0.1621415
2020-06-09 11:03:32:703	225	0
2020-06-09 11:03:33:690	225	0
2020-06-09 11:03:34:696	225	0
2020-06-09 11:03:35:701	225	0
2020-06-09 11:03:36:691	225	0
2020-06-09 11:03:37:698	225	0
2020-06-09 11:03:38:704	225	0
2020-06-09 11:03:39:694	225	0
2020-06-09 11:03:40:700	225	0
2020-06-09 11:03:41:707	225	0
2020-06-09 11:03:42:695	225	0
2020-06-09 11:03:43:701	225	0
2020-06-09 11:03:44:709	225	0
2020-06-09 11:03:45:697	225	0
2020-06-09 11:03:46:701	225	0
2020-06-09 11:03:47:692	225	0
2020-06-09 11:03:48:714	225	0
2020-06-09 11:03:49:705	225	0
2020-06-09 11:03:50:710	225	0
2020-06-09 11:03:51:701	225	0
2020-06-09 11:03:52:705	225	0
2020-06-09 11:03:53:709	225	0
2020-06-09 11:03:54:701	225	0
2020-06-09 11:03:55:706	225	0
2020-06-09 11:03:56:696	225	0
2020-06-09 11:03:57:720	225	0
2020-06-09 11:03:58:690	225	0
2020-06-09 11:03:59:711	225	0
2020-06-09 11:04:00:717	225	0
2020-06-09 11:04:01:708	225	0
2020-06-09 11:04:02:713	225	0
2020-06-09 11:04:03:718	225	0
2020-06-09 11:04:04:712	225	0
2020-06-09 11:04:05:718	225	0
2020-06-09 11:04:06:723	225	0
2020-06-09 11:04:07:729	225	0
2020-06-09 11:04:08:719	225	0
2020-06-09 11:04:09:725	225	0
2020-06-09 11:04:10:712	225	0
2020-06-09 11:04:11:720	225	0
2020-06-09 11:04:12:708	225	0
2020-06-09 11:04:13:716	225	0
2020-06-09 11:04:14:721	225	0
2020-06-09 11:04:15:728	225	0
2020-06-09 11:04:16:715	225	0
2020-06-09 11:04:17:724	225	0
2020-06-09 11:04:18:714	225	0
2020-06-09 11:04:19:720	225	0
2020-06-09 11:04:20:726	225	0
2020-06-09 11:04:21:716	225	0
2020-06-09 11:04:22:721	225	0
2020-06-09 11:04:23:712	225	0
2020-06-09 11:04:24:718	225	0
2020-06-09 11:04:25:723	225	0
2020-06-09 11:04:26:712	225	0
2020-06-09 11:04:27:719	225	0
2020-06-09 11:04:28:709	225	0
2020-06-09 11:04:29:714	225	0
2020-06-09 11:04:30:721	225	0
2020-06-09 11:04:31:727	225	0
2020-06-09 11:04:32:716	225	0
2020-06-09 11:04:33:722	225	0
2020-06-09 11:04:34:712	225	0
2020-06-09 11:04:35:718	225	0
2020-06-09 11:04:36:723	225	0
2020-06-09 11:04:37:713	225	0
2020-06-09 11:04:38:719	225	0
2020-06-09 11:04:39:709	225	0
2020-06-09 11:04:40:715	225	0
2020-06-09 11:04:41:722	225	0
2020-06-09 11:04:42:726	225	0
2020-06-09 11:04:43:732	225	0
2020-06-09 11:04:44:723	225	0
2020-06-09 11:04:45:712	225	0
2020-06-09 11:04:46:719	225	0
2020-06-09 11:04:47:708	225	0
2020-06-09 11:04:48:711	225	0
2020-06-09 11:04:49:719	225	0
2020-06-09 11:04:50:709	225	0
2020-06-09 11:04:51:715	225	0
2020-06-09 11:04:52:718	225	0
2020-06-09 11:04:53:709	225	0
2020-06-09 11:04:54:714	225	0
2020-06-09 11:04:55:707	225	0
2020-06-09 11:04:56:728	225	0
2020-06-09 11:04:57:719	225	0
2020-06-09 11:04:58:711	225	0.1810067
2020-06-09 11:04:59:728	225	0
2020-06-09 11:05:00:737	225	0
2020-06-09 11:05:01:740	225	0
2020-06-09 11:05:02:731	225	0
2020-06-09 11:05:03:738	225	0
2020-06-09 11:05:04:743	225	0
2020-06-09 11:05:05:733	225	0
2020-06-09 11:05:06:741	225	0
2020-06-09 11:05:07:746	225	0
2020-06-09 11:05:08:736	225	0
2020-06-09 11:05:09:742	225	0
2020-06-09 11:05:10:731	225	0
2020-06-09 11:05:11:736	225	0
2020-06-09 11:05:12:742	225	0
2020-06-09 11:05:13:730	225	0
2020-06-09 11:05:14:739	225	0
2020-06-09 11:05:15:741	225	0
2020-06-09 11:05:16:749	225	0
2020-06-09 11:05:17:737	225	0
2020-06-09 11:05:18:729	225	0
2020-06-09 11:05:19:734	225	0
2020-06-09 11:05:20:741	225	0
2020-06-09 11:05:21:747	225	0
2020-06-09 11:05:22:737	225	0
2020-06-09 11:05:23:727	225	0
2020-06-09 11:05:24:734	225	0
2020-06-09 11:05:25:736	225	0
2020-06-09 11:05:26:744	225	0
2020-06-09 11:05:27:732	225	0
2020-06-09 11:05:28:740	225	0
2020-06-09 11:05:29:744	225	0
2020-06-09 11:05:30:736	225	0
2020-06-09 11:05:31:738	225	0
2020-06-09 11:05:32:732	225	0
2020-06-09 11:05:33:738	225	0
2020-06-09 11:05:34:728	225	0
2020-06-09 11:05:35:748	225	0
2020-06-09 11:05:36:739	225	0
2020-06-09 11:05:37:745	225	0
2020-06-09 11:05:38:736	225	0
2020-06-09 11:05:39:724	225	0
2020-06-09 11:05:40:743	225	0
2020-06-09 11:05:41:735	225	0
2020-06-09 11:05:42:742	225	0
2020-06-09 11:05:43:745	225	0
2020-06-09 11:05:44:735	225	0
2020-06-09 11:05:45:741	225	0
2020-06-09 11:05:46:730	225	0
2020-06-09 11:05:47:737	225	0
2020-06-09 11:05:48:728	225	0
2020-06-09 11:05:49:749	225	0
2020-06-09 11:05:50:741	225	0
2020-06-09 11:05:51:730	225	0
2020-06-09 11:05:52:740	225	0
2020-06-09 11:05:53:726	225	0
2020-06-09 11:05:54:733	225	0
2020-06-09 11:05:55:722	225	0
2020-06-09 11:05:56:728	225	0
2020-06-09 11:05:57:734	225	0
2020-06-09 11:05:58:725	225	0
2020-06-09 11:05:59:746	225	0
2020-06-09 11:06:00:736	225	0
2020-06-09 11:06:01:742	225	0
2020-06-09 11:06:02:733	225	0
2020-06-09 11:06:03:738	225	0
2020-06-09 11:06:04:728	225	0
2020-06-09 11:06:05:733	225	0
2020-06-09 11:06:06:739	225	0
2020-06-09 11:06:07:745	225	0
2020-06-09 11:06:08:735	225	0
2020-06-09 11:06:09:741	225	0
2020-06-09 11:06:10:731	225	0
2020-06-09 11:06:11:737	225	0
2020-06-09 11:06:12:742	225	0
2020-06-09 11:06:13:751	225	0
2020-06-09 11:06:14:738	225	0
2020-06-09 11:06:15:728	225	0
2020-06-09 11:06:16:751	225	0
2020-06-09 11:06:17:740	225	0
2020-06-09 11:06:18:746	225	0
2020-06-09 11:06:19:734	225	0
2020-06-09 11:06:20:741	225	0
2020-06-09 11:06:21:747	225	0
2020-06-09 11:06:22:739	225	0
2020-06-09 11:06:23:743	225	0
2020-06-09 11:06:24:732	225	0
2020-06-09 11:06:25:738	225	0
2020-06-09 11:06:26:728	225	0
2020-06-09 11:06:27:734	225	0
2020-06-09 11:06:28:739	225	0
2020-06-09 11:06:29:747	225	0
2020-06-09 11:06:30:736	225	0
2020-06-09 11:06:31:741	225	0
2020-06-09 11:06:32:732	225	0
2020-06-09 11:06:33:736	225	0
2020-06-09 11:06:34:744	225	0
2020-06-09 11:06:35:749	225	0
2020-06-09 11:06:36:737	225	0
2020-06-09 11:06:37:745	225	0
2020-06-09 11:06:38:748	225	0
2020-06-09 11:06:39:737	225	0
2020-06-09 11:06:40:727	225	0
2020-06-09 11:06:41:750	225	0
2020-06-09 11:06:42:740	225	0
2020-06-09 11:06:43:746	225	0
2020-06-09 11:06:44:736	225	0
2020-06-09 11:06:45:744	225	0
2020-06-09 11:06:46:750	225	0
2020-06-09 11:06:47:740	225	0
2020-06-09 11:06:48:746	225	0
2020-06-09 11:06:49:735	225	0
2020-06-09 11:06:50:741	225	0
2020-06-09 11:06:51:748	225	0
2020-06-09 11:06:52:737	225	0
2020-06-09 11:06:53:743	225	0
2020-06-09 11:06:54:732	225	0
2020-06-09 11:06:55:739	225	0
2020-06-09 11:06:56:729	225	0
2020-06-09 11:06:57:751	225	0
2020-06-09 11:06:58:741	225	0
2020-06-09 11:06:59:746	225	0
2020-06-09 11:07:00:737	225	0
2020-06-09 11:07:01:742	225	0
2020-06-09 11:07:02:749	225	0
2020-06-09 11:07:03:739	225	0
2020-06-09 11:07:04:743	225	0
2020-06-09 11:07:05:734	225	0
2020-06-09 11:07:06:740	225	0
2020-06-09 11:07:07:745	225	0
2020-06-09 11:07:08:735	225	0
2020-06-09 11:07:09:741	225	0
2020-06-09 11:07:10:730	225	0
2020-06-09 11:07:11:739	225	0.1869501
2020-06-09 11:07:12:744	225	0
2020-06-09 11:07:13:732	225	0
2020-06-09 11:07:14:738	225	0
2020-06-09 11:07:15:744	225	0
2020-06-09 11:07:16:734	225	0
2020-06-09 11:07:17:739	225	0
2020-06-09 11:07:18:729	225	0
2020-06-09 11:07:19:736	225	0
2020-06-09 11:07:20:741	225	0
2020-06-09 11:07:21:731	225	0
2020-06-09 11:07:22:737	225	0
2020-06-09 11:07:23:742	225	0
2020-06-09 11:07:24:750	225	0
2020-06-09 11:07:25:737	225	0
2020-06-09 11:07:26:744	225	0
2020-06-09 11:07:27:746	225	0
2020-06-09 11:07:28:736	225	0
2020-06-09 11:07:29:727	225	0
2020-06-09 11:07:30:734	225	0
2020-06-09 11:07:31:741	225	0
2020-06-09 11:07:32:747	225	0
2020-06-09 11:07:33:738	225	0
2020-06-09 11:07:34:743	225	0
2020-06-09 11:07:35:735	225	0.1842518
2020-06-09 11:07:36:741	225	0
2020-06-09 11:07:37:744	225	0
2020-06-09 11:07:38:734	225	0
2020-06-09 11:07:39:740	225	0
2020-06-09 11:07:40:746	225	0
2020-06-09 11:07:41:752	225	0
2020-06-09 11:07:42:742	225	0
2020-06-09 11:07:43:732	225	0
2020-06-09 11:07:44:737	225	0
2020-06-09 11:07:45:744	225	0
2020-06-09 11:07:46:748	225	0
2020-06-09 11:07:47:739	225	0
2020-06-09 11:07:48:729	225	0
2020-06-09 11:07:49:751	225	0
2020-06-09 11:07:50:742	225	0
2020-06-09 11:07:51:747	225	0
2020-06-09 11:07:52:732	225	0
2020-06-09 11:07:53:742	225	0
2020-06-09 11:07:54:729	225	0
2020-06-09 11:07:55:735	225	0
2020-06-09 11:07:56:740	225	0
2020-06-09 11:07:57:747	225	0
2020-06-09 11:07:58:739	225	0
2020-06-09 11:07:59:726	225	0
2020-06-09 11:08:00:734	225	0
2020-06-09 11:08:01:741	225	0
2020-06-09 11:08:02:731	225	0
2020-06-09 11:08:03:737	225	0
2020-06-09 11:08:04:744	225	0.2210322
2020-06-09 11:08:05:735	225	0.2187127
2020-06-09 11:08:06:741	243	0.278044
2020-06-09 11:08:07:732	234	0.2315941
2020-06-09 11:08:08:735	234	0.1666708
2020-06-09 11:08:09:742	234	0
2020-06-09 11:08:10:731	234	0
2020-06-09 11:08:11:734	234	0
2020-06-09 11:08:12:741	234	0
2020-06-09 11:08:13:732	234	0
2020-06-09 11:08:14:735	234	0
2020-06-09 11:08:15:725	234	0
2020-06-09 11:08:16:729	234	0
2020-06-09 11:08:17:735	234	0
2020-06-09 11:08:18:742	234	0
2020-06-09 11:08:19:735	234	0
2020-06-09 11:08:20:737	234	0
2020-06-09 11:08:21:733	234	0.1752345
2020-06-09 11:08:22:734	234	0
2020-06-09 11:08:23:725	234	0
2020-06-09 11:08:24:732	234	0
2020-06-09 11:08:25:738	234	0
2020-06-09 11:08:26:727	234	0
2020-06-09 11:08:27:734	234	0
2020-06-09 11:08:28:724	234	0
2020-06-09 11:08:29:729	234	0
2020-06-09 11:08:30:735	234	0
2020-06-09 11:08:31:725	234	0
2020-06-09 11:08:32:731	234	0
2020-06-09 11:08:33:741	234	0.2010749
2020-06-09 11:08:34:744	234	0.1932854
2020-06-09 11:08:35:733	234	0.1648613
2020-06-09 11:08:36:725	234	0
2020-06-09 11:08:37:728	234	0
2020-06-09 11:08:38:735	234	0
2020-06-09 11:08:39:723	234	0
2020-06-09 11:08:40:730	234	0
2020-06-09 11:08:41:736	234	0
2020-06-09 11:08:42:741	234	0
2020-06-09 11:08:43:728	234	0
2020-06-09 11:08:44:733	234	0
2020-06-09 11:08:45:724	234	0
2020-06-09 11:08:46:732	234	0
2020-06-09 11:08:47:739	234	0
2020-06-09 11:08:48:729	234	0
2020-06-09 11:08:49:734	234	0
2020-06-09 11:08:50:725	234	0
2020-06-09 11:08:51:730	234	0
2020-06-09 11:08:52:736	234	0
2020-06-09 11:08:53:726	234	0
2020-06-09 11:08:54:729	234	0
2020-06-09 11:08:55:740	234	0
2020-06-09 11:08:56:728	234	0
2020-06-09 11:08:57:734	234	0
2020-06-09 11:08:58:724	234	0
2020-06-09 11:08:59:732	234	0.1832674
2020-06-09 11:09:00:737	234	0
2020-06-09 11:09:01:741	234	0
2020-06-09 11:09:02:731	234	0
2020-06-09 11:09:03:733	234	0
2020-06-09 11:09:04:742	234	0
2020-06-09 11:09:05:730	234	0
2020-06-09 11:09:06:750	234	0
2020-06-09 11:09:07:742	234	0
2020-06-09 11:09:08:747	234	0
2020-06-09 11:09:09:737	234	0
2020-06-09 11:09:10:727	234	0
2020-06-09 11:09:11:735	234	0
2020-06-09 11:09:12:738	234	0
2020-06-09 11:09:13:748	234	0
2020-06-09 11:09:14:737	234	0
2020-06-09 11:09:15:743	234	0
2020-06-09 11:09:16:730	234	0
2020-06-09 11:09:17:739	234	0
2020-06-09 11:09:18:729	234	0
2020-06-09 11:09:19:736	234	0
2020-06-09 11:09:20:741	234	0
2020-06-09 11:09:21:730	234	0
2020-06-09 11:09:22:738	234	0
2020-06-09 11:09:23:727	234	0
2020-06-09 11:09:24:732	234	0
2020-06-09 11:09:25:739	234	0
2020-06-09 11:09:26:727	234	0
2020-06-09 11:09:27:739	234	0.1816127
2020-06-09 11:09:28:742	234	0
2020-06-09 11:09:29:746	234	0
2020-06-09 11:09:30:736	234	0
2020-06-09 11:09:31:742	234	0
2020-06-09 11:09:32:731	234	0
2020-06-09 11:09:33:736	234	0
2020-06-09 11:09:34:727	234	0
2020-06-09 11:09:35:733	234	0
2020-06-09 11:09:36:738	234	0
2020-06-09 11:09:37:730	234	0
2020-06-09 11:09:38:734	234	0
2020-06-09 11:09:39:723	234	0
2020-06-09 11:09:40:746	234	0
2020-06-09 11:09:41:737	234	0
2020-06-09 11:09:42:725	234	0
2020-06-09 11:09:43:731	234	0
2020-06-09 11:09:44:737	234	0
2020-06-09 11:09:45:743	234	0
2020-06-09 11:09:46:733	234	0
2020-06-09 11:09:47:741	234	0
2020-06-09 11:09:48:728	234	0
2020-06-09 11:09:49:734	234	0
2020-06-09 11:09:50:740	234	0
2020-06-09 11:09:51:730	234	0
2020-06-09 11:09:52:736	234	0
2020-06-09 11:09:53:726	234	0
2020-06-09 11:09:54:735	234	0.1758517
2020-06-09 11:09:55:737	234	0
2020-06-09 11:09:56:744	234	0
2020-06-09 11:09:57:731	234	0
2020-06-09 11:09:58:721	234	0
2020-06-09 11:09:59:730	234	0
2020-06-09 11:10:00:732	234	0
2020-06-09 11:10:01:726	234	0
2020-06-09 11:10:02:731	234	0
2020-06-09 11:10:03:737	234	0
2020-06-09 11:10:04:726	234	0
2020-06-09 11:10:05:733	234	0
2020-06-09 11:10:06:740	234	0
2020-06-09 11:10:07:744	234	0
2020-06-09 11:10:08:735	234	0
2020-06-09 11:10:09:740	234	0
2020-06-09 11:10:10:730	234	0
2020-06-09 11:10:11:740	234	0
2020-06-09 11:10:12:741	234	0
2020-06-09 11:10:13:749	234	0
2020-06-09 11:10:14:721	234	0
2020-06-09 11:10:15:743	234	0
2020-06-09 11:10:16:735	234	0
2020-06-09 11:10:17:726	234	0
2020-06-09 11:10:18:726	234	0
2020-06-09 11:10:19:732	234	0
2020-06-09 11:10:20:722	234	0
2020-06-09 11:10:21:744	234	0
2020-06-09 11:10:22:736	234	0
2020-06-09 11:10:23:725	234	0
2020-06-09 11:10:24:747	234	0
2020-06-09 11:10:25:737	234	0
2020-06-09 11:10:26:743	234	0
2020-06-09 11:10:27:747	234	0
2020-06-09 11:10:28:738	234	0
2020-06-09 11:10:29:726	234	0
2020-06-09 11:10:30:735	234	0
2020-06-09 11:10:31:722	234	0
2020-06-09 11:10:32:730	234	0
2020-06-09 11:10:33:736	234	0
2020-06-09 11:10:34:742	234	0
2020-06-09 11:10:35:732	234	0
2020-06-09 11:10:36:738	234	0
2020-06-09 11:10:37:744	234	0
2020-06-09 11:10:38:734	234	0
2020-06-09 11:10:39:741	234	0
2020-06-09 11:10:40:729	234	0
2020-06-09 11:10:41:736	234	0
2020-06-09 11:10:42:740	234	0
2020-06-09 11:10:43:730	234	0
2020-06-09 11:10:44:733	234	0
2020-06-09 11:10:45:739	234	0
2020-06-09 11:10:46:730	234	0
2020-06-09 11:10:47:735	234	0
2020-06-09 11:10:48:725	234	0
2020-06-09 11:10:49:730	234	0
2020-06-09 11:10:50:737	234	0
2020-06-09 11:10:51:727	234	0
2020-06-09 11:10:52:732	234	0
2020-06-09 11:10:53:739	234	0
2020-06-09 11:10:54:745	234	0.1800391
2020-06-09 11:10:55:736	234	0
2020-06-09 11:10:56:724	234	0
2020-06-09 11:10:57:746	234	0
2020-06-09 11:10:58:739	234	0
2020-06-09 11:10:59:732	184	0.2521783
2020-06-09 11:11:00:739	176	0.2621284
2020-06-09 11:11:01:743	175	0.2135922
2020-06-09 11:11:02:733	175	0
2020-06-09 11:11:03:736	175	0
2020-06-09 11:11:04:743	175	0
2020-06-09 11:11:05:749	175	0
2020-06-09 11:11:06:744	175	0.2032549
2020-06-09 11:11:07:747	175	0
2020-06-09 11:11:08:734	175	0
2020-06-09 11:11:09:737	175	0
2020-06-09 11:11:10:731	175	0
2020-06-09 11:11:11:736	175	0
2020-06-09 11:11:12:745	189	0.2363685
2020-06-09 11:11:13:751	189	0
2020-06-09 11:11:14:737	189	0
2020-06-09 11:11:15:743	189	0
2020-06-09 11:11:16:731	189	0
2020-06-09 11:11:17:738	186	0.2547773
2020-06-09 11:11:18:743	186	0
2020-06-09 11:11:19:733	186	0
2020-06-09 11:11:20:737	186	0
2020-06-09 11:11:21:744	186	0
2020-06-09 11:11:22:736	186	0
2020-06-09 11:11:23:740	186	0
2020-06-09 11:11:24:732	186	0
2020-06-09 11:11:25:738	186	0
2020-06-09 11:11:26:746	186	0.2022809
2020-06-09 11:11:27:736	186	0
2020-06-09 11:11:28:739	186	0
2020-06-09 11:11:29:729	186	0
2020-06-09 11:11:30:732	186	0
2020-06-09 11:11:31:741	186	0
2020-06-09 11:11:32:729	186	0
2020-06-09 11:11:33:733	186	0
2020-06-09 11:11:34:740	186	0
2020-06-09 11:11:35:732	186	0
2020-06-09 11:11:36:741	186	0
2020-06-09 11:11:37:744	186	0
2020-06-09 11:11:38:731	186	0
2020-06-09 11:11:39:740	186	0
2020-06-09 11:11:40:745	186	0
2020-06-09 11:11:41:735	186	0
2020-06-09 11:11:42:741	186	0
2020-06-09 11:11:43:731	186	0
2020-06-09 11:11:44:735	186	0
2020-06-09 11:11:45:744	186	0
2020-06-09 11:11:46:731	186	0
2020-06-09 11:11:47:739	186	0
2020-06-09 11:11:48:726	186	0
2020-06-09 11:11:49:735	186	0
2020-06-09 11:11:50:738	186	0
2020-06-09 11:11:51:746	186	0
2020-06-09 11:11:52:736	186	0
2020-06-09 11:11:53:743	186	0
2020-06-09 11:11:54:732	186	0
2020-06-09 11:11:55:738	186	0
2020-06-09 11:11:56:743	186	0
2020-06-09 11:11:57:734	186	0
2020-06-09 11:11:58:739	186	0
2020-06-09 11:11:59:729	186	0
2020-06-09 11:12:00:734	186	0
2020-06-09 11:12:01:741	186	0
2020-06-09 11:12:02:747	186	0
2020-06-09 11:12:03:739	186	0
2020-06-09 11:12:04:743	186	0
2020-06-09 11:12:05:731	186	0
2020-06-09 11:12:06:735	186	0
2020-06-09 11:12:07:740	186	0
2020-06-09 11:12:08:747	186	0
2020-06-09 11:12:09:738	264	0.2782634
2020-06-09 11:12:10:748	261	0.2560158
2020-06-09 11:12:11:739	261	0.20437
2020-06-09 11:12:12:745	261	0
2020-06-09 11:12:13:747	261	0
2020-06-09 11:12:14:737	261	0
2020-06-09 11:12:15:743	261	0
2020-06-09 11:12:16:731	261	0
2020-06-09 11:12:17:739	265	0.2549836
2020-06-09 11:12:18:745	266	0.2476977
2020-06-09 11:12:19:730	283	0.2727152
2020-06-09 11:12:20:741	285	0.3484847
2020-06-09 11:12:21:731	282	0.4239213
2020-06-09 11:12:22:733	285	0.3164237
2020-06-09 11:12:23:727	286	0.2264467
2020-06-09 11:12:24:735	260	0.3289115
2020-06-09 11:12:25:739	258	0.2926001
2020-06-09 11:12:26:745	252	0.2340931
2020-06-09 11:12:27:736	252	0.248904
2020-06-09 11:12:28:745	251	0.2795706
2020-06-09 11:12:29:746	259	0.2718907
2020-06-09 11:12:30:753	259	0.2559659
2020-06-09 11:12:31:743	257	0.2464619
2020-06-09 11:12:32:749	257	0
2020-06-09 11:12:33:737	257	0
2020-06-09 11:12:34:743	257	0
2020-06-09 11:12:35:751	271	0.2774158
2020-06-09 11:12:36:740	273	0.3420924
2020-06-09 11:12:37:730	275	0.2941882
2020-06-09 11:12:38:735	275	0.2796254
2020-06-09 11:12:39:743	268	0.231679
2020-06-09 11:12:40:733	268	0.2214707
2020-06-09 11:12:41:743	268	0.2408567
2020-06-09 11:12:42:743	268	0.2236344
2020-06-09 11:12:43:734	268	0
2020-06-09 11:12:44:738	268	0
2020-06-09 11:12:45:743	268	0
2020-06-09 11:12:46:733	268	0
2020-06-09 11:12:47:739	268	0
2020-06-09 11:12:48:748	252	0.2900252
2020-06-09 11:12:49:752	277	0.3430968
2020-06-09 11:12:50:743	283	0.319712
2020-06-09 11:12:51:750	277	0.2610564
2020-06-09 11:12:52:754	276	0
2020-06-09 11:12:53:741	276	0
2020-06-09 11:12:54:732	276	0
2020-06-09 11:12:55:736	276	0
2020-06-09 11:12:56:728	276	0
2020-06-09 11:12:57:731	276	0
2020-06-09 11:12:58:739	276	0
2020-06-09 11:12:59:727	276	0
2020-06-09 11:13:00:733	276	0
2020-06-09 11:13:01:722	276	0
2020-06-09 11:13:02:744	276	0
2020-06-09 11:13:03:750	276	0
2020-06-09 11:13:04:740	276	0
2020-06-09 11:13:05:745	276	0
2020-06-09 11:13:06:738	276	0
2020-06-09 11:13:07:728	276	0
2020-06-09 11:13:08:730	276	0
2020-06-09 11:13:09:740	276	0
2020-06-09 11:13:10:751	163	0.2591582
2020-06-09 11:13:11:740	169	0.2570871
2020-06-09 11:13:12:744	170	0.2067589
2020-06-09 11:13:13:735	170	0
2020-06-09 11:13:14:738	170	0
2020-06-09 11:13:15:743	170	0
2020-06-09 11:13:16:730	170	0
2020-06-09 11:13:17:739	170	0
2020-06-09 11:13:18:728	170	0
2020-06-09 11:13:19:751	170	0
2020-06-09 11:13:20:740	170	0
2020-06-09 11:13:21:730	170	0
2020-06-09 11:13:22:738	170	0
2020-06-09 11:13:23:726	170	0
2020-06-09 11:13:24:747	170	0
2020-06-09 11:13:25:737	170	0
2020-06-09 11:13:26:728	170	0
2020-06-09 11:13:27:749	170	0
2020-06-09 11:13:28:739	170	0
2020-06-09 11:13:29:729	170	0
2020-06-09 11:13:30:736	170	0
2020-06-09 11:13:31:724	170	0
2020-06-09 11:13:32:733	170	0
2020-06-09 11:13:33:736	170	0
2020-06-09 11:13:34:728	170	0
2020-06-09 11:13:35:732	170	0
2020-06-09 11:13:36:753	170	0
2020-06-09 11:13:37:743	170	0
2020-06-09 11:13:38:749	170	0
2020-06-09 11:13:39:739	170	0
2020-06-09 11:13:40:745	170	0
2020-06-09 11:13:41:737	170	0
2020-06-09 11:13:42:725	170	0
2020-06-09 11:13:43:747	170	0
2020-06-09 11:13:44:736	170	0
2020-06-09 11:13:45:727	170	0
2020-06-09 11:13:46:732	170	0
2020-06-09 11:13:47:726	170	0.2093294
2020-06-09 11:13:48:730	170	0.219478
2020-06-09 11:13:49:736	170	0
2020-06-09 11:13:50:739	170	0
2020-06-09 11:13:51:730	170	0
2020-06-09 11:13:52:736	170	0
2020-06-09 11:13:53:741	170	0
2020-06-09 11:13:54:729	170	0
2020-06-09 11:13:55:738	170	0
2020-06-09 11:13:56:741	170	0
2020-06-09 11:13:57:730	170	0.2355541
2020-06-09 11:13:58:736	170	0.2114174
2020-06-09 11:13:59:731	170	0
2020-06-09 11:14:00:731	170	0
2020-06-09 11:14:01:742	170	0
2020-06-09 11:14:02:730	275	0.2870886
2020-06-09 11:14:03:740	279	0
2020-06-09 11:14:04:739	279	0
2020-06-09 11:14:05:728	279	0
2020-06-09 11:14:06:735	279	0
2020-06-09 11:14:07:728	279	0
2020-06-09 11:14:08:734	230	0.264147
2020-06-09 11:14:09:745	229	0.1916581
2020-06-09 11:14:10:731	229	0
2020-06-09 11:14:11:734	229	0
2020-06-09 11:14:12:741	229	0
2020-06-09 11:14:13:731	229	0
2020-06-09 11:14:14:737	229	0
2020-06-09 11:14:15:743	229	0
2020-06-09 11:14:16:729	229	0
2020-06-09 11:14:17:735	229	0
2020-06-09 11:14:18:741	229	0.1907802
2020-06-09 11:14:19:733	229	0.2099754
2020-06-09 11:14:20:736	229	0.1860539
2020-06-09 11:14:21:749	229	0
2020-06-09 11:14:22:734	229	0
2020-06-09 11:14:23:741	229	0
2020-06-09 11:14:24:733	229	0
2020-06-09 11:14:25:739	229	0
2020-06-09 11:14:26:743	229	0
2020-06-09 11:14:27:734	229	0
2020-06-09 11:14:28:738	229	0
2020-06-09 11:14:29:745	229	0
2020-06-09 11:14:30:737	229	0
2020-06-09 11:14:31:740	229	0
2020-06-09 11:14:32:731	229	0
2020-06-09 11:14:33:736	229	0
2020-06-09 11:14:34:743	229	0
2020-06-09 11:14:35:734	229	0
2020-06-09 11:14:36:738	229	0
2020-06-09 11:14:37:728	229	0
2020-06-09 11:14:38:736	229	0.1854994
2020-06-09 11:14:39:738	229	0.1734485
2020-06-09 11:14:40:730	229	0
2020-06-09 11:14:41:736	229	0
2020-06-09 11:14:42:722	229	0
2020-06-09 11:14:43:728	229	0
2020-06-09 11:14:44:735	229	0.1867357
2020-06-09 11:14:45:745	229	0
2020-06-09 11:14:46:728	229	0
2020-06-09 11:14:47:735	229	0
2020-06-09 11:14:48:729	229	0
2020-06-09 11:14:49:734	229	0
2020-06-09 11:14:50:740	229	0
2020-06-09 11:14:51:730	229	0
2020-06-09 11:14:52:735	229	0
2020-06-09 11:14:53:742	229	0
2020-06-09 11:14:54:728	229	0
2020-06-09 11:14:55:738	229	0
2020-06-09 11:14:56:743	229	0
2020-06-09 11:14:57:737	229	0.2228829
2020-06-09 11:14:58:740	229	0.2424825
2020-06-09 11:14:59:731	239	0.2638385
2020-06-09 11:15:00:736	238	0.1990817
2020-06-09 11:15:01:741	238	0.2035709
2020-06-09 11:15:02:749	238	0.1940549
2020-06-09 11:15:03:741	238	0
2020-06-09 11:15:04:742	238	0
2020-06-09 11:15:05:732	238	0
2020-06-09 11:15:06:742	238	0.2019797
2020-06-09 11:15:07:745	238	0.1995548
2020-06-09 11:15:08:736	238	0.1844379
2020-06-09 11:15:09:742	238	0
2020-06-09 11:15:10:745	238	0
2020-06-09 11:15:11:736	238	0
2020-06-09 11:15:12:741	238	0
2020-06-09 11:15:13:731	238	0
2020-06-09 11:15:14:753	238	0
2020-06-09 11:15:15:727	238	0
2020-06-09 11:15:16:732	238	0
2020-06-09 11:15:17:739	238	0
2020-06-09 11:15:18:729	238	0
2020-06-09 11:15:19:736	238	0
2020-06-09 11:15:20:740	238	0
2020-06-09 11:15:21:730	238	0
2020-06-09 11:15:22:736	238	0
2020-06-09 11:15:23:742	238	0
2020-06-09 11:15:24:733	238	0
2020-06-09 11:15:25:739	238	0
2020-06-09 11:15:26:742	238	0
2020-06-09 11:15:27:731	238	0
2020-06-09 11:15:28:739	238	0
2020-06-09 11:15:29:725	238	0
2020-06-09 11:15:30:731	238	0
2020-06-09 11:15:31:737	238	0
2020-06-09 11:15:32:727	238	0
2020-06-09 11:15:33:732	238	0
2020-06-09 11:15:34:742	238	0
2020-06-09 11:15:35:728	238	0
2020-06-09 11:15:36:737	238	0
2020-06-09 11:15:37:727	238	0
2020-06-09 11:15:38:751	238	0
2020-06-09 11:15:39:740	238	0
2020-06-09 11:15:40:745	238	0
2020-06-09 11:15:41:735	238	0
2020-06-09 11:15:42:724	238	0
2020-06-09 11:15:43:728	238	0
2020-06-09 11:15:44:753	238	0
2020-06-09 11:15:45:726	238	0
2020-06-09 11:15:46:731	238	0
2020-06-09 11:15:47:737	238	0
2020-06-09 11:15:48:728	238	0
2020-06-09 11:15:49:734	238	0
2020-06-09 11:15:50:740	238	0
2020-06-09 11:15:51:730	238	0
2020-06-09 11:15:52:737	238	0
2020-06-09 11:15:53:741	238	0
2020-06-09 11:15:54:730	238	0
2020-06-09 11:15:55:737	238	0
2020-06-09 11:15:56:726	238	0
2020-06-09 11:15:57:734	238	0
2020-06-09 11:15:58:738	238	0
2020-06-09 11:15:59:728	238	0
2020-06-09 11:16:00:734	238	0
2020-06-09 11:16:01:740	238	0
2020-06-09 11:16:02:729	238	0
2020-06-09 11:16:03:735	238	0
2020-06-09 11:16:04:741	238	0
2020-06-09 11:16:05:731	238	0
2020-06-09 11:16:06:737	238	0
2020-06-09 11:16:07:726	238	0
2020-06-09 11:16:08:749	238	0
2020-06-09 11:16:09:740	238	0
2020-06-09 11:16:10:728	238	0
2020-06-09 11:16:11:737	238	0
2020-06-09 11:16:12:740	238	0
2020-06-09 11:16:13:730	238	0
2020-06-09 11:16:14:752	238	0
2020-06-09 11:16:15:727	238	0
2020-06-09 11:16:16:732	238	0
2020-06-09 11:16:17:739	238	0
2020-06-09 11:16:18:743	238	0
2020-06-09 11:16:19:731	238	0
2020-06-09 11:16:20:735	238	0
2020-06-09 11:16:21:726	238	0
2020-06-09 11:16:22:750	238	0
2020-06-09 11:16:23:741	238	0
2020-06-09 11:16:24:743	238	0
2020-06-09 11:16:25:738	238	0.1778189
2020-06-09 11:16:26:745	238	0
2020-06-09 11:16:27:733	238	0
2020-06-09 11:16:28:739	238	0
2020-06-09 11:16:29:744	238	0
2020-06-09 11:16:30:733	238	0
2020-06-09 11:16:31:724	238	0
2020-06-09 11:16:32:744	238	0
2020-06-09 11:16:33:736	238	0
2020-06-09 11:16:34:725	238	0
2020-06-09 11:16:35:747	238	0
2020-06-09 11:16:36:741	238	0.2129606
2020-06-09 11:16:37:727	238	0.1746245
2020-06-09 11:16:38:746	238	0
2020-06-09 11:16:39:738	238	0
2020-06-09 11:16:40:744	238	0
2020-06-09 11:16:41:734	238	0
2020-06-09 11:16:42:740	238	0
2020-06-09 11:16:43:745	238	0
2020-06-09 11:16:44:733	238	0
2020-06-09 11:16:45:757	238	0
2020-06-09 11:16:46:728	238	0
2020-06-09 11:16:47:719	238	0
2020-06-09 11:16:48:724	238	0
2020-06-09 11:16:49:732	238	0
2020-06-09 11:16:50:735	238	0
2020-06-09 11:16:51:727	238	0
2020-06-09 11:16:52:734	238	0
2020-06-09 11:16:53:724	238	0
2020-06-09 11:16:54:730	238	0
2020-06-09 11:16:55:736	238	0
2020-06-09 11:16:56:729	277	0.2797689
2020-06-09 11:16:57:733	279	0.2396208
2020-06-09 11:16:58:739	289	0.2472189
2020-06-09 11:16:59:744	285	0.2582005
2020-06-09 11:17:00:735	283	0.2278481
2020-06-09 11:17:01:741	283	0
2020-06-09 11:17:02:744	283	0
2020-06-09 11:17:03:734	283	0
2020-06-09 11:17:04:738	283	0
2020-06-09 11:17:05:743	283	0
2020-06-09 11:17:06:735	283	0
2020-06-09 11:17:07:742	283	0
2020-06-09 11:17:08:748	283	0
2020-06-09 11:17:09:735	283	0
2020-06-09 11:17:10:725	283	0
2020-06-09 11:17:11:731	283	0
2020-06-09 11:17:12:739	283	0
2020-06-09 11:17:13:726	283	0
2020-06-09 11:17:14:734	283	0
2020-06-09 11:17:15:738	283	0
2020-06-09 11:17:16:727	283	0
2020-06-09 11:17:17:735	283	0
2020-06-09 11:17:18:727	283	0
2020-06-09 11:17:19:734	283	0
2020-06-09 11:17:20:740	283	0
2020-06-09 11:17:21:728	283	0
2020-06-09 11:17:22:750	283	0
2020-06-09 11:17:23:739	283	0
2020-06-09 11:17:24:745	283	0
2020-06-09 11:17:25:736	283	0
2020-06-09 11:17:26:743	283	0.205379
2020-06-09 11:17:27:729	283	0
2020-06-09 11:17:28:737	283	0
2020-06-09 11:17:29:742	283	0
2020-06-09 11:17:30:736	283	0.1915476
2020-06-09 11:17:31:724	283	0
2020-06-09 11:17:32:744	283	0
2020-06-09 11:17:33:734	283	0
2020-06-09 11:17:34:724	283	0
2020-06-09 11:17:35:729	283	0
2020-06-09 11:17:36:736	283	0
2020-06-09 11:17:37:726	283	0
2020-06-09 11:17:38:731	283	0
2020-06-09 11:17:39:737	283	0
2020-06-09 11:17:40:727	283	0
2020-06-09 11:17:41:733	283	0
2020-06-09 11:17:42:740	283	0
2020-06-09 11:17:43:744	283	0
2020-06-09 11:17:44:735	283	0
2020-06-09 11:17:45:725	283	0
2020-06-09 11:17:46:730	283	0
2020-06-09 11:17:47:737	283	0
2020-06-09 11:17:48:726	283	0
2020-06-09 11:17:49:732	283	0
2020-06-09 11:17:50:723	283	0
2020-06-09 11:17:51:728	283	0
2020-06-09 11:17:52:734	283	0
2020-06-09 11:17:53:721	283	0
2020-06-09 11:17:54:726	283	0
2020-06-09 11:17:55:732	283	0
2020-06-09 11:17:56:722	283	0
2020-06-09 11:17:57:728	283	0
2020-06-09 11:17:58:738	283	0
2020-06-09 11:17:59:742	283	0
2020-06-09 11:18:00:734	283	0
2020-06-09 11:18:01:738	283	0
2020-06-09 11:18:02:725	283	0
2020-06-09 11:18:03:736	283	0
2020-06-09 11:18:04:740	283	0
2020-06-09 11:18:05:727	283	0
2020-06-09 11:18:06:736	283	0
2020-06-09 11:18:07:742	283	0
2020-06-09 11:18:08:735	283	0.2438063
2020-06-09 11:18:09:741	283	0
2020-06-09 11:18:10:743	283	0
2020-06-09 11:18:11:735	283	0
2020-06-09 11:18:12:739	283	0
2020-06-09 11:18:13:742	283	0
2020-06-09 11:18:14:736	283	0
2020-06-09 11:18:15:741	283	0
2020-06-09 11:18:16:727	283	0
2020-06-09 11:18:17:737	283	0
2020-06-09 11:18:18:726	283	0
2020-06-09 11:18:19:732	283	0
2020-06-09 11:18:20:740	283	0
2020-06-09 11:18:21:744	283	0
2020-06-09 11:18:22:734	283	0
2020-06-09 11:18:23:744	283	0.2122425
2020-06-09 11:18:24:748	283	0
2020-06-09 11:18:25:735	283	0
2020-06-09 11:18:26:741	283	0
2020-06-09 11:18:27:747	283	0
2020-06-09 11:18:28:738	283	0
2020-06-09 11:18:29:727	283	0
2020-06-09 11:18:30:733	283	0
2020-06-09 11:18:31:739	283	0
2020-06-09 11:18:32:745	283	0
2020-06-09 11:18:33:734	283	0
2020-06-09 11:18:34:743	283	0
2020-06-09 11:18:35:726	283	0
2020-06-09 11:18:36:736	283	0
2020-06-09 11:18:37:727	283	0
2020-06-09 11:18:38:734	283	0
2020-06-09 11:18:39:737	283	0
2020-06-09 11:18:40:726	283	0
2020-06-09 11:18:41:746	283	0
2020-06-09 11:18:42:737	283	0
2020-06-09 11:18:43:728	283	0
2020-06-09 11:18:44:735	283	0
2020-06-09 11:18:45:725	283	0
2020-06-09 11:18:46:729	283	0
2020-06-09 11:18:47:737	283	0
2020-06-09 11:18:48:724	283	0
2020-06-09 11:18:49:735	283	0
2020-06-09 11:18:50:735	283	0
2020-06-09 11:18:51:743	283	0
2020-06-09 11:18:52:734	283	0
2020-06-09 11:18:53:741	283	0
2020-06-09 11:18:54:741	283	0
2020-06-09 11:18:55:735	283	0
2020-06-09 11:18:56:742	283	0
2020-06-09 11:18:57:747	283	0
2020-06-09 11:18:58:736	283	0
2020-06-09 11:18:59:742	283	0
2020-06-09 11:19:00:733	283	0
2020-06-09 11:19:01:738	283	0
2020-06-09 11:19:02:744	283	0
2020-06-09 11:19:03:749	283	0
2020-06-09 11:19:04:739	283	0
2020-06-09 11:19:05:744	283	0.2103004
2020-06-09 11:19:06:737	283	0
2020-06-09 11:19:07:741	283	0
2020-06-09 11:19:08:745	283	0
2020-06-09 11:19:09:735	283	0
2020-06-09 11:19:10:740	283	0
2020-06-09 11:19:11:730	283	0
2020-06-09 11:19:12:736	283	0
2020-06-09 11:19:13:726	283	0
2020-06-09 11:19:14:748	283	0
2020-06-09 11:19:15:740	283	0
2020-06-09 11:19:16:730	283	0
2020-06-09 11:19:17:736	283	0
2020-06-09 11:19:18:743	283	0
2020-06-09 11:19:19:732	283	0
2020-06-09 11:19:20:737	283	0
2020-06-09 11:19:21:728	283	0
2020-06-09 11:19:22:735	283	0
2020-06-09 11:19:23:721	283	0
2020-06-09 11:19:24:729	283	0
2020-06-09 11:19:25:736	283	0
2020-06-09 11:19:26:741	283	0
2020-06-09 11:19:27:731	283	0
2020-06-09 11:19:28:738	283	0
2020-06-09 11:19:29:726	283	0
2020-06-09 11:19:30:733	283	0
2020-06-09 11:19:31:738	283	0
2020-06-09 11:19:32:745	283	0
2020-06-09 11:19:33:735	283	0
2020-06-09 11:19:34:740	283	0
2020-06-09 11:19:35:747	283	0
2020-06-09 11:19:36:751	283	0
2020-06-09 11:19:37:757	283	0
2020-06-09 11:19:38:748	283	0
2020-06-09 11:19:39:753	283	0
2020-06-09 11:19:40:740	283	0
2020-06-09 11:19:41:749	283	0
2020-06-09 11:19:42:755	283	0
2020-06-09 11:19:43:742	283	0
2020-06-09 11:19:44:752	283	0
2020-06-09 11:19:45:741	283	0
2020-06-09 11:19:46:746	283	0
2020-06-09 11:19:47:752	283	0
2020-06-09 11:19:48:759	283	0
2020-06-09 11:19:49:748	283	0
2020-06-09 11:19:50:754	283	0
2020-06-09 11:19:51:760	283	0
2020-06-09 11:19:52:749	283	0
2020-06-09 11:19:53:756	283	0
2020-06-09 11:19:54:759	283	0
2020-06-09 11:19:55:770	283	0
2020-06-09 11:19:56:758	283	0
2020-06-09 11:19:57:764	283	0
2020-06-09 11:19:58:754	283	0
2020-06-09 11:19:59:744	283	0
2020-06-09 11:20:00:748	283	0
2020-06-09 11:20:01:742	180	0.2083469
2020-06-09 11:20:02:766	180	0
2020-06-09 11:20:03:750	180	0
2020-06-09 11:20:04:755	180	0
2020-06-09 11:20:05:746	180	0
2020-06-09 11:20:06:750	180	0
2020-06-09 11:20:07:757	180	0
2020-06-09 11:20:08:744	180	0
2020-06-09 11:20:09:755	180	0
2020-06-09 11:20:10:756	180	0
2020-06-09 11:20:11:765	180	0
2020-06-09 11:20:12:752	180	0
2020-06-09 11:20:13:743	180	0
2020-06-09 11:20:14:748	180	0
2020-06-09 11:20:15:737	180	0
2020-06-09 11:20:16:744	180	0
2020-06-09 11:20:17:750	228	0.2044517
2020-06-09 11:20:18:745	228	0
2020-06-09 11:20:19:748	228	0
2020-06-09 11:20:20:738	228	0
2020-06-09 11:20:21:759	228	0
2020-06-09 11:20:22:753	228	0.1722402
2020-06-09 11:20:23:757	228	0
2020-06-09 11:20:24:762	228	0
2020-06-09 11:20:25:749	228	0
2020-06-09 11:20:26:754	228	0
2020-06-09 11:20:27:744	228	0
2020-06-09 11:20:28:754	228	0
2020-06-09 11:20:29:755	228	0
2020-06-09 11:20:30:766	228	0
2020-06-09 11:20:31:753	228	0
2020-06-09 11:20:32:759	228	0
2020-06-09 11:20:33:765	228	0
2020-06-09 11:20:34:755	228	0
2020-06-09 11:20:35:746	228	0
2020-06-09 11:20:36:752	228	0
2020-06-09 11:20:37:758	228	0
2020-06-09 11:20:38:747	228	0
2020-06-09 11:20:39:753	228	0
2020-06-09 11:20:40:759	228	0
2020-06-09 11:20:41:749	228	0
2020-06-09 11:20:42:754	228	0
2020-06-09 11:20:43:740	228	0
2020-06-09 11:20:44:754	228	0
2020-06-09 11:20:45:741	228	0
2020-06-09 11:20:46:746	228	0
2020-06-09 11:20:47:753	228	0
2020-06-09 11:20:48:758	228	0
2020-06-09 11:20:49:749	228	0
2020-06-09 11:20:50:737	228	0
2020-06-09 11:20:51:744	228	0
2020-06-09 11:20:52:749	228	0
2020-06-09 11:20:53:752	228	0
2020-06-09 11:20:54:761	228	0
2020-06-09 11:20:55:750	228	0
2020-06-09 11:20:56:756	228	0
2020-06-09 11:20:57:747	228	0
2020-06-09 11:20:58:753	228	0
2020-06-09 11:20:59:742	228	0
2020-06-09 11:21:00:748	228	0
2020-06-09 11:21:01:754	228	0
2020-06-09 11:21:02:743	228	0
2020-06-09 11:21:03:749	228	0
2020-06-09 11:21:04:756	228	0
2020-06-09 11:21:05:746	228	0
2020-06-09 11:21:06:751	228	0
2020-06-09 11:21:07:757	228	0
2020-06-09 11:21:08:744	228	0
2020-06-09 11:21:09:749	228	0
2020-06-09 11:21:10:757	228	0
2020-06-09 11:21:11:748	228	0
2020-06-09 11:21:12:755	228	0
2020-06-09 11:21:13:744	228	0
2020-06-09 11:21:14:750	228	0
2020-06-09 11:21:15:755	228	0
2020-06-09 11:21:16:763	228	0
2020-06-09 11:21:17:749	228	0
2020-06-09 11:21:18:755	228	0
2020-06-09 11:21:19:748	228	0
2020-06-09 11:21:20:753	228	0
2020-06-09 11:21:21:755	228	0
2020-06-09 11:21:22:748	228	0
2020-06-09 11:21:23:755	228	0
2020-06-09 11:21:24:744	228	0
2020-06-09 11:21:25:750	228	0
2020-06-09 11:21:26:741	228	0
2020-06-09 11:21:27:762	228	0
2020-06-09 11:21:28:769	228	0
2020-06-09 11:21:29:742	228	0
2020-06-09 11:21:30:749	228	0
2020-06-09 11:21:31:755	228	0
2020-06-09 11:21:32:740	228	0
2020-06-09 11:21:33:764	228	0
2020-06-09 11:21:34:772	228	0
2020-06-09 11:21:35:761	228	0
2020-06-09 11:21:36:751	228	0
2020-06-09 11:21:37:757	228	0
2020-06-09 11:21:38:747	228	0
2020-06-09 11:21:39:737	228	0
2020-06-09 11:21:40:743	228	0
2020-06-09 11:21:41:751	228	0.1879359
2020-06-09 11:21:42:736	228	0.2493841
2020-06-09 11:21:43:745	170	0.3109033
2020-06-09 11:21:44:748	164	0.1968106
2020-06-09 11:21:45:759	164	0
2020-06-09 11:21:46:743	164	0
2020-06-09 11:21:47:753	164	0
2020-06-09 11:21:48:739	164	0
2020-06-09 11:21:49:747	164	0
2020-06-09 11:21:50:752	164	0
2020-06-09 11:21:51:743	164	0
2020-06-09 11:21:52:749	164	0
2020-06-09 11:21:53:761	164	0
2020-06-09 11:21:54:744	164	0
2020-06-09 11:21:55:752	164	0.2025336
2020-06-09 11:21:56:758	164	0
2020-06-09 11:21:57:746	164	0
2020-06-09 11:21:58:752	164	0
2020-06-09 11:21:59:757	164	0
2020-06-09 11:22:00:745	164	0
2020-06-09 11:22:01:750	164	0
2020-06-09 11:22:02:741	164	0
2020-06-09 11:22:03:750	164	0
2020-06-09 11:22:04:755	164	0
2020-06-09 11:22:05:748	164	0.1898459
2020-06-09 11:22:06:754	164	0
2020-06-09 11:22:07:753	164	0
2020-06-09 11:22:08:747	164	0
2020-06-09 11:22:09:753	164	0
2020-06-09 11:22:10:739	164	0
2020-06-09 11:22:11:749	164	0
2020-06-09 11:22:12:755	164	0
2020-06-09 11:22:13:743	164	0
2020-06-09 11:22:14:749	164	0
2020-06-09 11:22:15:759	164	0
2020-06-09 11:22:16:746	164	0
2020-06-09 11:22:17:751	164	0
2020-06-09 11:22:18:754	164	0
2020-06-09 11:22:19:747	164	0
2020-06-09 11:22:20:753	164	0
2020-06-09 11:22:21:756	164	0
2020-06-09 11:22:22:748	164	0
2020-06-09 11:22:23:753	164	0
2020-06-09 11:22:24:761	164	0
2020-06-09 11:22:25:750	164	0
2020-06-09 11:22:26:760	164	0
2020-06-09 11:22:27:745	164	0
2020-06-09 11:22:28:752	164	0
2020-06-09 11:22:29:760	164	0.2131804
2020-06-09 11:22:30:748	164	0.2002908
2020-06-09 11:22:31:757	164	0
2020-06-09 11:22:32:759	164	0
2020-06-09 11:22:33:750	164	0
2020-06-09 11:22:34:771	164	0
2020-06-09 11:22:35:745	164	0
2020-06-09 11:22:36:767	164	0
2020-06-09 11:22:37:738	164	0
2020-06-09 11:22:38:763	164	0
2020-06-09 11:22:39:736	164	0
2020-06-09 11:22:40:742	164	0
2020-06-09 11:22:41:749	164	0
2020-06-09 11:22:42:756	164	0
2020-06-09 11:22:43:744	164	0
2020-06-09 11:22:44:751	164	0
2020-06-09 11:22:45:756	164	0
2020-06-09 11:22:46:747	164	0
2020-06-09 11:22:47:752	164	0
2020-06-09 11:22:48:757	164	0
2020-06-09 11:22:49:747	164	0
2020-06-09 11:22:50:755	164	0
2020-06-09 11:22:51:757	164	0
2020-06-09 11:22:52:748	164	0
2020-06-09 11:22:53:752	164	0
2020-06-09 11:22:54:742	164	0
2020-06-09 11:22:55:747	164	0
2020-06-09 11:22:56:753	164	0
2020-06-09 11:22:57:742	164	0
2020-06-09 11:22:58:754	164	0.2214057
2020-06-09 11:22:59:754	164	0.2070832
2020-06-09 11:23:00:768	164	0
2020-06-09 11:23:01:753	164	0
2020-06-09 11:23:02:756	164	0
2020-06-09 11:23:03:746	164	0
2020-06-09 11:23:04:753	164	0
2020-06-09 11:23:05:743	164	0
2020-06-09 11:23:06:750	164	0
2020-06-09 11:23:07:742	164	0
2020-06-09 11:23:08:762	164	0
2020-06-09 11:23:09:752	164	0
2020-06-09 11:23:10:739	164	0
2020-06-09 11:23:11:746	164	0
2020-06-09 11:23:12:754	164	0
2020-06-09 11:23:13:758	164	0
2020-06-09 11:23:14:749	164	0
2020-06-09 11:23:15:752	164	0
2020-06-09 11:23:16:745	164	0
2020-06-09 11:23:17:748	164	0
2020-06-09 11:23:18:756	164	0
2020-06-09 11:23:19:744	164	0
2020-06-09 11:23:20:752	164	0
2020-06-09 11:23:21:757	164	0
2020-06-09 11:23:22:748	164	0
2020-06-09 11:23:23:754	164	0
2020-06-09 11:23:24:761	164	0.1978803
2020-06-09 11:23:25:752	164	0
2020-06-09 11:23:26:755	164	0
2020-06-09 11:23:27:761	164	0
2020-06-09 11:23:28:752	164	0
2020-06-09 11:23:29:741	164	0
2020-06-09 11:23:30:763	164	0
2020-06-09 11:23:31:752	164	0
2020-06-09 11:23:32:759	164	0
2020-06-09 11:23:33:749	164	0
2020-06-09 11:23:34:738	164	0
2020-06-09 11:23:35:761	164	0
2020-06-09 11:23:36:749	164	0
2020-06-09 11:23:37:738	164	0
2020-06-09 11:23:38:743	164	0
2020-06-09 11:23:39:751	164	0
2020-06-09 11:23:40:760	164	0.2097148
2020-06-09 11:23:41:748	164	0.2035282
2020-06-09 11:23:42:742	164	0
2020-06-09 11:23:43:743	164	0
2020-06-09 11:23:44:765	164	0
2020-06-09 11:23:45:736	164	0
2020-06-09 11:23:46:746	164	0.2237811
2020-06-09 11:23:47:752	164	0
2020-06-09 11:23:48:754	164	0
2020-06-09 11:23:49:747	164	0
2020-06-09 11:23:50:754	164	0
2020-06-09 11:23:51:743	164	0
2020-06-09 11:23:52:750	164	0
2020-06-09 11:23:53:754	164	0
2020-06-09 11:23:54:744	164	0
2020-06-09 11:23:55:750	164	0
2020-06-09 11:23:56:755	164	0
2020-06-09 11:23:57:746	164	0
2020-06-09 11:23:58:752	164	0
2020-06-09 11:23:59:756	164	0
2020-06-09 11:24:00:747	164	0
2020-06-09 11:24:01:753	164	0
2020-06-09 11:24:02:759	164	0
2020-06-09 11:24:03:748	164	0
2020-06-09 11:24:04:754	164	0
2020-06-09 11:24:05:761	164	0
2020-06-09 11:24:06:750	164	0
2020-06-09 11:24:07:756	164	0
2020-06-09 11:24:08:762	164	0
2020-06-09 11:24:09:751	164	0
2020-06-09 11:24:10:755	164	0
2020-06-09 11:24:11:745	164	0
2020-06-09 11:24:12:766	164	0
2020-06-09 11:24:13:741	164	0
2020-06-09 11:24:14:762	164	0
2020-06-09 11:24:15:756	164	0
2020-06-09 11:24:16:757	164	0
2020-06-09 11:24:17:747	164	0.1882294
2020-06-09 11:24:18:754	164	0
2020-06-09 11:24:19:744	164	0
2020-06-09 11:24:20:750	164	0
2020-06-09 11:24:21:759	164	0
2020-06-09 11:24:22:749	164	0
2020-06-09 11:24:23:754	164	0
2020-06-09 11:24:24:745	164	0
2020-06-09 11:24:25:750	164	0
2020-06-09 11:24:26:756	164	0
2020-06-09 11:24:27:746	164	0
2020-06-09 11:24:28:751	164	0
2020-06-09 11:24:29:738	164	0
2020-06-09 11:24:30:748	164	0
2020-06-09 11:24:31:750	164	0
2020-06-09 11:24:32:740	164	0
2020-06-09 11:24:33:763	164	0
2020-06-09 11:24:34:771	164	0
2020-06-09 11:24:35:760	164	0
2020-06-09 11:24:36:766	164	0
2020-06-09 11:24:37:769	164	0
2020-06-09 11:24:38:778	164	0
2020-06-09 11:24:39:783	164	0
2020-06-09 11:24:40:770	164	0
2020-06-09 11:24:41:763	164	0
2020-06-09 11:24:42:765	164	0
2020-06-09 11:24:43:759	164	0
2020-06-09 11:24:44:764	164	0
2020-06-09 11:24:45:755	164	0
2020-06-09 11:24:46:760	164	0
2020-06-09 11:24:47:768	164	0
2020-06-09 11:24:48:769	164	0
2020-06-09 11:24:49:761	164	0
2020-06-09 11:24:50:768	164	0
2020-06-09 11:24:51:774	164	0
2020-06-09 11:24:52:765	164	0
2020-06-09 11:24:53:772	164	0
2020-06-09 11:24:54:775	164	0
2020-06-09 11:24:55:781	164	0
2020-06-09 11:24:56:770	164	0
2020-06-09 11:24:57:786	164	0
2020-06-09 11:24:58:767	164	0
2020-06-09 11:24:59:772	164	0
2020-06-09 11:25:00:763	164	0
2020-06-09 11:25:01:768	164	0
2020-06-09 11:25:02:758	164	0
2020-06-09 11:25:03:764	164	0
2020-06-09 11:25:04:770	164	0
2020-06-09 11:25:05:776	164	0
2020-06-09 11:25:06:766	164	0
2020-06-09 11:25:07:771	164	0
2020-06-09 11:25:08:777	164	0
2020-06-09 11:25:09:767	164	0
2020-06-09 11:25:10:773	164	0
2020-06-09 11:25:11:765	164	0.2077541
2020-06-09 11:25:12:767	164	0
2020-06-09 11:25:13:756	164	0
2020-06-09 11:25:14:762	164	0
2020-06-09 11:25:15:768	164	0
2020-06-09 11:25:16:776	164	0
2020-06-09 11:25:17:770	164	0.2221863
2020-06-09 11:25:18:774	164	0
2020-06-09 11:25:19:776	164	0
2020-06-09 11:25:20:768	164	0
2020-06-09 11:25:21:755	164	0
2020-06-09 11:25:22:763	164	0
2020-06-09 11:25:23:766	164	0
2020-06-09 11:25:24:775	164	0
2020-06-09 11:25:25:765	164	0
2020-06-09 11:25:26:767	164	0
2020-06-09 11:25:27:760	164	0
2020-06-09 11:25:28:766	164	0
2020-06-09 11:25:29:778	164	0
2020-06-09 11:25:30:778	164	0
2020-06-09 11:25:31:765	164	0
2020-06-09 11:25:32:755	164	0
2020-06-09 11:25:33:778	164	0
2020-06-09 11:25:34:769	164	0
2020-06-09 11:25:35:775	164	0
2020-06-09 11:25:36:764	164	0
2020-06-09 11:25:37:769	164	0
2020-06-09 11:25:38:761	164	0
2020-06-09 11:25:39:767	164	0
2020-06-09 11:25:40:769	164	0
2020-06-09 11:25:41:762	164	0
2020-06-09 11:25:42:770	164	0
2020-06-09 11:25:43:774	164	0
2020-06-09 11:25:44:780	164	0
2020-06-09 11:25:45:771	164	0
2020-06-09 11:25:46:777	164	0
2020-06-09 11:25:47:766	164	0
2020-06-09 11:25:48:756	164	0
2020-06-09 11:25:49:762	164	0
2020-06-09 11:25:50:767	164	0
2020-06-09 11:25:51:773	164	0
2020-06-09 11:25:52:763	164	0
2020-06-09 11:25:53:770	164	0
2020-06-09 11:25:54:775	164	0
2020-06-09 11:25:55:767	164	0
2020-06-09 11:25:56:770	164	0
2020-06-09 11:25:57:776	164	0
2020-06-09 11:25:58:767	164	0
2020-06-09 11:25:59:772	164	0
2020-06-09 11:26:00:763	164	0
2020-06-09 11:26:01:768	164	0
2020-06-09 11:26:02:755	164	0
2020-06-09 11:26:03:779	164	0
2020-06-09 11:26:04:751	164	0
2020-06-09 11:26:05:756	164	0
2020-06-09 11:26:06:763	164	0
2020-06-09 11:26:07:768	164	0
2020-06-09 11:26:08:761	164	0
2020-06-09 11:26:09:764	164	0
2020-06-09 11:26:10:773	164	0
2020-06-09 11:26:11:778	164	0
2020-06-09 11:26:12:764	164	0
2020-06-09 11:26:13:774	164	0
2020-06-09 11:26:14:761	164	0
2020-06-09 11:26:15:770	164	0
2020-06-09 11:26:16:756	164	0
2020-06-09 11:26:17:766	164	0
2020-06-09 11:26:18:768	164	0
2020-06-09 11:26:19:762	164	0
2020-06-09 11:26:20:765	164	0
2020-06-09 11:26:21:770	164	0
2020-06-09 11:26:22:777	164	0
2020-06-09 11:26:23:769	164	0
2020-06-09 11:26:24:759	164	0
2020-06-09 11:26:25:764	164	0
2020-06-09 11:26:26:771	164	0
2020-06-09 11:26:27:761	164	0
2020-06-09 11:26:28:767	164	0
2020-06-09 11:26:29:772	164	0
2020-06-09 11:26:30:762	164	0
2020-06-09 11:26:31:768	164	0
2020-06-09 11:26:32:774	164	0
2020-06-09 11:26:33:763	164	0
2020-06-09 11:26:34:767	164	0
2020-06-09 11:26:35:775	164	0
2020-06-09 11:26:36:762	164	0
2020-06-09 11:26:37:773	164	0
2020-06-09 11:26:38:758	164	0
2020-06-09 11:26:39:767	164	0
2020-06-09 11:26:40:755	164	0
2020-06-09 11:26:41:763	164	0
2020-06-09 11:26:42:769	164	0
2020-06-09 11:26:43:775	164	0
2020-06-09 11:26:44:764	164	0
2020-06-09 11:26:45:771	164	0
2020-06-09 11:26:46:776	164	0
2020-06-09 11:26:47:784	164	0
2020-06-09 11:26:48:772	164	0
2020-06-09 11:26:49:762	164	0
2020-06-09 11:26:50:768	164	0
2020-06-09 11:26:51:757	164	0
2020-06-09 11:26:52:763	164	0
2020-06-09 11:26:53:773	233	0.2576264
2020-06-09 11:26:54:776	233	0.1945194
2020-06-09 11:26:55:768	233	0
2020-06-09 11:26:56:771	233	0
2020-06-09 11:26:57:777	233	0
2020-06-09 11:26:58:763	233	0
2020-06-09 11:26:59:772	233	0
2020-06-09 11:27:00:762	233	0
2020-06-09 11:27:01:764	233	0
2020-06-09 11:27:02:755	233	0
2020-06-09 11:27:03:760	233	0
2020-06-09 11:27:04:766	233	0
2020-06-09 11:27:05:778	233	0.2481767
2020-06-09 11:27:06:773	226	0.2339278
2020-06-09 11:27:07:772	226	0.1922322
2020-06-09 11:27:08:761	226	0.1737235
2020-06-09 11:27:09:780	226	0.2131235
2020-06-09 11:27:10:773	226	0.2250922
2020-06-09 11:27:11:765	226	0
2020-06-09 11:27:12:768	226	0
2020-06-09 11:27:13:758	226	0
2020-06-09 11:27:14:764	226	0
2020-06-09 11:27:15:771	226	0
2020-06-09 11:27:16:774	226	0
2020-06-09 11:27:17:762	226	0
2020-06-09 11:27:18:771	226	0
2020-06-09 11:27:19:777	226	0
2020-06-09 11:27:20:783	226	0
2020-06-09 11:27:21:773	226	0
2020-06-09 11:27:22:778	226	0
2020-06-09 11:27:23:769	226	0
2020-06-09 11:27:24:758	226	0
2020-06-09 11:27:25:766	226	0
2020-06-09 11:27:26:771	226	0
2020-06-09 11:27:27:760	226	0
2020-06-09 11:27:28:765	226	0
2020-06-09 11:27:29:773	226	0
2020-06-09 11:27:30:780	226	0.1909662
2020-06-09 11:27:31:769	226	0.1675614
2020-06-09 11:27:32:776	226	0
2020-06-09 11:27:33:763	226	0
2020-06-09 11:27:34:769	226	0
2020-06-09 11:27:35:758	226	0
2020-06-09 11:27:36:765	226	0
2020-06-09 11:27:37:771	226	0
2020-06-09 11:27:38:787	226	0.2301696
2020-06-09 11:27:39:772	226	0.2044155
2020-06-09 11:27:40:764	226	0.2060269
2020-06-09 11:27:41:752	226	0
2020-06-09 11:27:42:775	226	0
2020-06-09 11:27:43:763	226	0
2020-06-09 11:27:44:771	226	0
2020-06-09 11:27:45:757	226	0
2020-06-09 11:27:46:769	226	0.2405382
2020-06-09 11:27:47:770	226	0.2175597
2020-06-09 11:27:48:779	226	0.1687705
2020-06-09 11:27:49:772	226	0
2020-06-09 11:27:50:772	226	0
2020-06-09 11:27:51:777	226	0
2020-06-09 11:27:52:767	226	0
2020-06-09 11:27:53:772	226	0
2020-06-09 11:27:54:766	226	0
2020-06-09 11:27:55:771	226	0
2020-06-09 11:27:56:761	226	0
2020-06-09 11:27:57:782	226	0
2020-06-09 11:27:58:771	226	0
2020-06-09 11:27:59:763	226	0
2020-06-09 11:28:00:768	226	0
2020-06-09 11:28:01:761	187	0.33284
2020-06-09 11:28:02:785	201	0.2502165
2020-06-09 11:28:03:774	201	0
2020-06-09 11:28:04:775	201	0
2020-06-09 11:28:05:765	201	0
2020-06-09 11:28:06:756	201	0
2020-06-09 11:28:07:761	201	0
2020-06-09 11:28:08:767	201	0
2020-06-09 11:28:09:773	201	0
2020-06-09 11:28:10:765	201	0
2020-06-09 11:28:11:770	201	0
2020-06-09 11:28:12:761	201	0.2359242
2020-06-09 11:28:13:765	201	0.2476816
2020-06-09 11:28:14:771	201	0.2184616
2020-06-09 11:28:15:779	201	0
2020-06-09 11:28:16:768	201	0
2020-06-09 11:28:17:772	201	0
2020-06-09 11:28:18:762	201	0
2020-06-09 11:28:19:769	201	0
2020-06-09 11:28:20:758	201	0
2020-06-09 11:28:21:764	201	0
2020-06-09 11:28:22:754	201	0
2020-06-09 11:28:23:775	201	0
2020-06-09 11:28:24:766	201	0
2020-06-09 11:28:25:771	201	0
2020-06-09 11:28:26:761	201	0
2020-06-09 11:28:27:767	201	0
2020-06-09 11:28:28:773	201	0
2020-06-09 11:28:29:762	201	0
2020-06-09 11:28:30:768	201	0
2020-06-09 11:28:31:774	201	0
2020-06-09 11:28:32:780	201	0
2020-06-09 11:28:33:770	201	0
2020-06-09 11:28:34:776	201	0
2020-06-09 11:28:35:766	201	0
2020-06-09 11:28:36:772	201	0
2020-06-09 11:28:37:762	201	0
2020-06-09 11:28:38:768	201	0
2020-06-09 11:28:39:756	201	0
2020-06-09 11:28:40:763	201	0
2020-06-09 11:28:41:769	201	0
2020-06-09 11:28:42:755	201	0
2020-06-09 11:28:43:764	201	0
2020-06-09 11:28:44:770	201	0
2020-06-09 11:28:45:759	201	0
2020-06-09 11:28:46:764	201	0
2020-06-09 11:28:47:771	201	0
2020-06-09 11:28:48:762	201	0
2020-06-09 11:28:49:770	201	0
2020-06-09 11:28:50:773	201	0
2020-06-09 11:28:51:780	201	0
2020-06-09 11:28:52:770	201	0
2020-06-09 11:28:53:759	201	0
2020-06-09 11:28:54:768	212	0.2304275
2020-06-09 11:28:55:758	212	0
2020-06-09 11:28:56:758	212	0
2020-06-09 11:28:57:765	212	0
2020-06-09 11:28:58:770	212	0
2020-06-09 11:28:59:760	212	0
2020-06-09 11:29:00:766	212	0
2020-06-09 11:29:01:774	212	0
2020-06-09 11:29:02:764	212	0
2020-06-09 11:29:03:770	212	0
2020-06-09 11:29:04:776	212	0
2020-06-09 11:29:05:782	212	0
2020-06-09 11:29:06:772	212	0
2020-06-09 11:29:07:777	212	0
2020-06-09 11:29:08:769	212	0
2020-06-09 11:29:09:773	212	0
2020-06-09 11:29:10:763	212	0
2020-06-09 11:29:11:751	212	0
2020-06-09 11:29:12:774	212	0
2020-06-09 11:29:13:762	212	0
2020-06-09 11:29:14:771	212	0
2020-06-09 11:29:15:757	212	0
2020-06-09 11:29:16:767	212	0
2020-06-09 11:29:17:769	212	0
2020-06-09 11:29:18:764	212	0
2020-06-09 11:29:19:766	212	0
2020-06-09 11:29:20:777	256	0.2902762
2020-06-09 11:29:21:780	256	0
2020-06-09 11:29:22:769	256	0
2020-06-09 11:29:23:759	256	0
2020-06-09 11:29:24:781	256	0
2020-06-09 11:29:25:772	256	0
2020-06-09 11:29:26:761	256	0
2020-06-09 11:29:27:766	256	0
2020-06-09 11:29:28:771	256	0
2020-06-09 11:29:29:764	256	0
2020-06-09 11:29:30:770	256	0
2020-06-09 11:29:31:771	256	0
2020-06-09 11:29:32:761	256	0
2020-06-09 11:29:33:769	256	0
2020-06-09 11:29:34:757	256	0
2020-06-09 11:29:35:767	256	0
2020-06-09 11:29:36:768	256	0
2020-06-09 11:29:37:762	256	0
2020-06-09 11:29:38:767	256	0
2020-06-09 11:29:39:773	256	0
2020-06-09 11:29:40:779	256	0
2020-06-09 11:29:41:769	256	0
2020-06-09 11:29:42:775	256	0
2020-06-09 11:29:43:780	256	0
2020-06-09 11:29:44:770	256	0
2020-06-09 11:29:45:759	256	0
2020-06-09 11:29:46:766	256	0
2020-06-09 11:29:47:771	256	0
2020-06-09 11:29:48:761	256	0
2020-06-09 11:29:49:767	256	0
2020-06-09 11:29:50:773	256	0
2020-06-09 11:29:51:763	256	0
2020-06-09 11:29:52:769	256	0
2020-06-09 11:29:53:759	256	0
2020-06-09 11:29:54:766	256	0
2020-06-09 11:29:55:772	256	0
2020-06-09 11:29:56:776	256	0
2020-06-09 11:29:57:767	256	0
2020-06-09 11:29:58:772	256	0
2020-06-09 11:29:59:764	256	0.1967605
2020-06-09 11:30:00:771	256	0
2020-06-09 11:30:01:758	256	0
2020-06-09 11:30:02:763	256	0
2020-06-09 11:30:03:766	256	0
2020-06-09 11:30:04:757	256	0
2020-06-09 11:30:05:762	256	0
2020-06-09 11:30:06:769	256	0
2020-06-09 11:30:07:758	256	0
2020-06-09 11:30:08:770	256	0
2020-06-09 11:30:09:769	256	0
2020-06-09 11:30:10:763	256	0
2020-06-09 11:30:11:768	256	0
2020-06-09 11:30:12:774	256	0
2020-06-09 11:30:13:766	256	0
2020-06-09 11:30:14:770	256	0
2020-06-09 11:30:15:776	256	0
2020-06-09 11:30:16:766	256	0
2020-06-09 11:30:17:771	256	0
2020-06-09 11:30:18:760	256	0
2020-06-09 11:30:19:766	256	0
2020-06-09 11:30:20:753	256	0
2020-06-09 11:30:21:763	256	0
2020-06-09 11:30:22:767	256	0
2020-06-09 11:30:23:760	256	0
2020-06-09 11:30:24:764	256	0
2020-06-09 11:30:25:767	256	0
2020-06-09 11:30:26:760	256	0
2020-06-09 11:30:27:767	256	0
2020-06-09 11:30:28:772	256	0
2020-06-09 11:30:29:762	256	0
2020-06-09 11:30:30:768	256	0
2020-06-09 11:30:31:774	256	0
2020-06-09 11:30:32:778	256	0
2020-06-09 11:30:33:771	256	0
2020-06-09 11:30:34:763	251	0.2421465
2020-06-09 11:30:35:768	251	0
2020-06-09 11:30:36:772	251	0
2020-06-09 11:30:37:762	251	0
2020-06-09 11:30:38:768	251	0
2020-06-09 11:30:39:756	251	0
2020-06-09 11:30:40:763	251	0
2020-06-09 11:30:41:770	251	0
2020-06-09 11:30:42:775	251	0
2020-06-09 11:30:43:763	251	0
2020-06-09 11:30:44:770	251	0
2020-06-09 11:30:45:776	251	0
2020-06-09 11:30:46:765	251	0
2020-06-09 11:30:47:772	251	0
2020-06-09 11:30:48:762	251	0
2020-06-09 11:30:49:767	251	0
2020-06-09 11:30:50:758	251	0
2020-06-09 11:30:51:763	251	0
2020-06-09 11:30:52:769	251	0
2020-06-09 11:30:53:775	251	0
2020-06-09 11:30:54:765	251	0
2020-06-09 11:30:55:754	251	0
2020-06-09 11:30:56:761	251	0
2020-06-09 11:30:57:766	251	0
2020-06-09 11:30:58:772	251	0
2020-06-09 11:30:59:762	251	0
2020-06-09 11:31:00:768	251	0
2020-06-09 11:31:01:773	251	0
2020-06-09 11:31:02:780	251	0
2020-06-09 11:31:03:769	251	0
2020-06-09 11:31:04:759	251	0
2020-06-09 11:31:05:766	251	0
2020-06-09 11:31:06:769	251	0
2020-06-09 11:31:07:761	251	0
2020-06-09 11:31:08:766	251	0
2020-06-09 11:31:09:752	251	0
2020-06-09 11:31:10:764	251	0
2020-06-09 11:31:11:768	251	0
2020-06-09 11:31:12:770	251	0
2020-06-09 11:31:13:761	251	0
2020-06-09 11:31:14:767	251	0
2020-06-09 11:31:15:774	251	0
2020-06-09 11:31:16:762	251	0
2020-06-09 11:31:17:768	251	0
2020-06-09 11:31:18:774	251	0
2020-06-09 11:31:19:767	251	0
2020-06-09 11:31:20:757	251	0
2020-06-09 11:31:21:779	251	0
2020-06-09 11:31:22:770	251	0
2020-06-09 11:31:23:758	251	0
2020-06-09 11:31:24:766	251	0
2020-06-09 11:31:25:771	251	0
2020-06-09 11:31:26:757	251	0
2020-06-09 11:31:27:767	251	0
2020-06-09 11:31:28:772	251	0
2020-06-09 11:31:29:763	251	0
2020-06-09 11:31:30:768	251	0
2020-06-09 11:31:31:757	251	0
2020-06-09 11:31:32:766	233	0.2106881
2020-06-09 11:31:33:773	233	0
2020-06-09 11:31:34:759	233	0
2020-06-09 11:31:35:765	233	0
2020-06-09 11:31:36:772	233	0
2020-06-09 11:31:37:777	233	0
2020-06-09 11:31:38:767	233	0
2020-06-09 11:31:39:773	233	0
2020-06-09 11:31:40:764	233	0
2020-06-09 11:31:41:768	233	0
2020-06-09 11:31:42:757	233	0
2020-06-09 11:31:43:764	233	0
2020-06-09 11:31:44:769	233	0
2020-06-09 11:31:45:776	233	0
2020-06-09 11:31:46:781	233	0
2020-06-09 11:31:47:772	233	0
2020-06-09 11:31:48:778	233	0
2020-06-09 11:31:49:767	233	0
2020-06-09 11:31:50:756	233	0
2020-06-09 11:31:51:764	233	0
2020-06-09 11:31:52:768	233	0
2020-06-09 11:31:53:774	233	0
2020-06-09 11:31:54:764	233	0
2020-06-09 11:31:55:771	233	0.2057234
2020-06-09 11:31:56:777	233	0.1676779
2020-06-09 11:31:57:764	233	0
2020-06-09 11:31:58:770	233	0
2020-06-09 11:31:59:760	233	0
2020-06-09 11:32:00:765	233	0
2020-06-09 11:32:01:774	233	0
2020-06-09 11:32:02:761	233	0
2020-06-09 11:32:03:750	233	0
2020-06-09 11:32:04:758	233	0
2020-06-09 11:32:05:765	233	0
2020-06-09 11:32:06:770	233	0
2020-06-09 11:32:07:776	233	0
2020-06-09 11:32:08:768	233	0
2020-06-09 11:32:09:772	233	0
2020-06-09 11:32:10:765	233	0
2020-06-09 11:32:11:768	233	0
2020-06-09 11:32:12:759	233	0
2020-06-09 11:32:13:765	233	0
2020-06-09 11:32:14:771	233	0
2020-06-09 11:32:15:762	233	0.236114
2020-06-09 11:32:16:768	233	0.1712263
2020-06-09 11:32:17:774	233	0
2020-06-09 11:32:18:761	233	0
2020-06-09 11:32:19:768	233	0
2020-06-09 11:32:20:775	233	0
2020-06-09 11:32:21:777	233	0
2020-06-09 11:32:22:765	233	0
2020-06-09 11:32:23:772	233	0
2020-06-09 11:32:24:762	233	0
2020-06-09 11:32:25:767	233	0
2020-06-09 11:32:26:776	233	0
2020-06-09 11:32:27:766	233	0
2020-06-09 11:32:28:772	233	0
2020-06-09 11:32:29:761	233	0
2020-06-09 11:32:30:771	233	0.1897645
2020-06-09 11:32:31:773	233	0.1952993
2020-06-09 11:32:32:764	233	0.1805954
2020-06-09 11:32:33:769	233	0.2110731
2020-06-09 11:32:34:775	233	0.1883345
2020-06-09 11:32:35:767	233	0
2020-06-09 11:32:36:773	233	0
2020-06-09 11:32:37:759	233	0
2020-06-09 11:32:38:767	233	0
2020-06-09 11:32:39:776	233	0.1867686
2020-06-09 11:32:40:780	233	0
2020-06-09 11:32:41:768	233	0
2020-06-09 11:32:42:757	233	0
2020-06-09 11:32:43:764	233	0
2020-06-09 11:32:44:767	233	0
2020-06-09 11:32:45:757	233	0
2020-06-09 11:32:46:763	233	0
2020-06-09 11:32:47:767	233	0
2020-06-09 11:32:48:761	233	0
2020-06-09 11:32:49:766	233	0
2020-06-09 11:32:50:773	233	0
2020-06-09 11:32:51:763	233	0
2020-06-09 11:32:52:765	233	0
2020-06-09 11:32:53:758	233	0
2020-06-09 11:32:54:767	233	0.183651
2020-06-09 11:32:55:772	233	0
2020-06-09 11:32:56:776	233	0
2020-06-09 11:32:57:763	233	0
2020-06-09 11:32:58:772	233	0
2020-06-09 11:32:59:762	233	0
2020-06-09 11:33:00:767	233	0
2020-06-09 11:33:01:773	233	0
2020-06-09 11:33:02:763	233	0
2020-06-09 11:33:03:786	233	0
2020-06-09 11:33:04:759	233	0
2020-06-09 11:33:05:765	233	0
2020-06-09 11:33:06:755	233	0
2020-06-09 11:33:07:777	233	0
2020-06-09 11:33:08:768	233	0
2020-06-09 11:33:09:774	233	0
2020-06-09 11:33:10:779	233	0
2020-06-09 11:33:11:768	233	0
2020-06-09 11:33:12:775	233	0
2020-06-09 11:33:13:764	233	0
2020-06-09 11:33:14:770	233	0
2020-06-09 11:33:15:776	233	0
2020-06-09 11:33:16:765	233	0
2020-06-09 11:33:17:772	233	0
2020-06-09 11:33:18:761	233	0
2020-06-09 11:33:19:768	233	0
2020-06-09 11:33:20:776	233	0.1872589
2020-06-09 11:33:21:766	233	0
2020-06-09 11:33:22:769	233	0
2020-06-09 11:33:23:759	233	0
2020-06-09 11:33:24:782	233	0
2020-06-09 11:33:25:771	233	0
2020-06-09 11:33:26:777	233	0
2020-06-09 11:33:27:766	233	0
2020-06-09 11:33:28:772	233	0
2020-06-09 11:33:29:762	233	0
2020-06-09 11:33:30:765	233	0
2020-06-09 11:33:31:775	233	0.1900007
2020-06-09 11:33:32:762	233	0.1767389
2020-06-09 11:33:33:769	233	0.175547
2020-06-09 11:33:34:757	233	0
2020-06-09 11:33:35:761	233	0
2020-06-09 11:33:36:768	233	0
2020-06-09 11:33:37:758	233	0
2020-06-09 11:33:38:764	233	0
2020-06-09 11:33:39:775	210	0.260418
2020-06-09 11:33:40:779	207	0.2635346
2020-06-09 11:33:41:770	213	0.2651637
2020-06-09 11:33:42:760	207	0.2291801
2020-06-09 11:33:43:766	207	0.2111407
2020-06-09 11:33:44:774	207	0
2020-06-09 11:33:45:776	207	0
2020-06-09 11:33:46:765	207	0
2020-06-09 11:33:47:758	207	0
2020-06-09 11:33:48:762	207	0
2020-06-09 11:33:49:768	207	0
2020-06-09 11:33:50:779	207	0
2020-06-09 11:33:51:765	207	0
2020-06-09 11:33:52:772	207	0.201473
2020-06-09 11:33:53:762	207	0.2287932
2020-06-09 11:33:54:765	207	0.2249036
2020-06-09 11:33:55:773	207	0.179007
2020-06-09 11:33:56:763	207	0.2074287
2020-06-09 11:33:57:767	207	0.2025315
2020-06-09 11:33:58:775	207	0
2020-06-09 11:33:59:781	207	0
2020-06-09 11:34:00:769	207	0
2020-06-09 11:34:01:773	207	0
2020-06-09 11:34:02:764	207	0
2020-06-09 11:34:03:754	207	0
2020-06-09 11:34:04:759	207	0
2020-06-09 11:34:05:765	207	0
2020-06-09 11:34:06:771	207	0
2020-06-09 11:34:07:761	207	0
2020-06-09 11:34:08:769	207	0
2020-06-09 11:34:09:757	207	0
2020-06-09 11:34:10:764	207	0
2020-06-09 11:34:11:768	207	0
2020-06-09 11:34:12:775	207	0
2020-06-09 11:34:13:766	207	0
2020-06-09 11:34:14:772	207	0
2020-06-09 11:34:15:776	207	0
2020-06-09 11:34:16:768	207	0
2020-06-09 11:34:17:772	207	0
2020-06-09 11:34:18:762	207	0
2020-06-09 11:34:19:765	207	0
2020-06-09 11:34:20:773	207	0
2020-06-09 11:34:21:763	207	0
2020-06-09 11:34:22:765	207	0
2020-06-09 11:34:23:756	207	0
2020-06-09 11:34:24:762	207	0
2020-06-09 11:34:25:772	207	0
2020-06-09 11:34:26:761	207	0
2020-06-09 11:34:27:767	207	0
2020-06-09 11:34:28:756	207	0
2020-06-09 11:34:29:762	207	0
2020-06-09 11:34:30:768	207	0
2020-06-09 11:34:31:774	207	0
2020-06-09 11:34:32:764	207	0
2020-06-09 11:34:33:771	207	0
2020-06-09 11:34:34:775	207	0
2020-06-09 11:34:35:768	207	0
2020-06-09 11:34:36:772	207	0
2020-06-09 11:34:37:761	207	0
2020-06-09 11:34:38:767	207	0
2020-06-09 11:34:39:773	207	0
2020-06-09 11:34:40:763	207	0
2020-06-09 11:34:41:768	207	0
2020-06-09 11:34:42:773	207	0
2020-06-09 11:34:43:761	207	0
2020-06-09 11:34:44:769	207	0
2020-06-09 11:34:45:758	207	0
2020-06-09 11:34:46:766	207	0
2020-06-09 11:34:47:769	207	0
2020-06-09 11:34:48:761	207	0
2020-06-09 11:34:49:766	207	0
2020-06-09 11:34:50:774	207	0
2020-06-09 11:34:51:776	207	0
2020-06-09 11:34:52:773	207	0.1858805
2020-06-09 11:34:53:756	207	0.1770813
2020-06-09 11:34:54:765	207	0.1972433
2020-06-09 11:34:55:769	207	0.2235399
2020-06-09 11:34:56:761	207	0.2327904
2020-06-09 11:34:57:765	207	0
2020-06-09 11:34:58:759	207	0
2020-06-09 11:34:59:763	207	0
2020-06-09 11:35:00:767	207	0
2020-06-09 11:35:01:773	207	0
2020-06-09 11:35:02:765	207	0
2020-06-09 11:35:03:771	207	0
2020-06-09 11:35:04:776	207	0
2020-06-09 11:35:05:781	207	0
2020-06-09 11:35:06:772	207	0
2020-06-09 11:35:07:777	207	0
2020-06-09 11:35:08:764	207	0
2020-06-09 11:35:09:772	207	0
2020-06-09 11:35:10:760	207	0
2020-06-09 11:35:11:765	207	0
2020-06-09 11:35:12:759	207	0
2020-06-09 11:35:13:762	207	0.2234872
2020-06-09 11:35:14:772	207	0.2039854
2020-06-09 11:35:15:761	207	0.1937884
2020-06-09 11:35:16:767	207	0.1863197
2020-06-09 11:35:17:774	207	0
2020-06-09 11:35:18:762	207	0
2020-06-09 11:35:19:770	175	0.4757987
2020-06-09 11:35:20:775	188	0.2666585
2020-06-09 11:35:21:782	188	0
2020-06-09 11:35:22:770	188	0
2020-06-09 11:35:23:759	188	0
2020-06-09 11:35:24:766	188	0
2020-06-09 11:35:25:770	188	0
2020-06-09 11:35:26:776	188	0
2020-06-09 11:35:27:768	188	0
2020-06-09 11:35:28:775	249	0.2638009
2020-06-09 11:35:29:766	272	0.2422948
2020-06-09 11:35:30:769	306	0.2091217
2020-06-09 11:35:31:759	306	0.2483748
2020-06-09 11:35:32:769	298	0.2855766
2020-06-09 11:35:33:759	292	0.1999465
2020-06-09 11:35:34:764	292	0
2020-06-09 11:35:35:766	292	0
2020-06-09 11:35:36:772	292	0
2020-06-09 11:35:37:763	292	0
2020-06-09 11:35:38:771	292	0
2020-06-09 11:35:39:777	292	0
2020-06-09 11:35:40:768	292	0
2020-06-09 11:35:41:757	292	0
2020-06-09 11:35:42:763	292	0
2020-06-09 11:35:43:752	292	0
2020-06-09 11:35:44:777	211	0.298854
2020-06-09 11:35:45:766	186	0.266983
2020-06-09 11:35:46:772	168	0.2457259
2020-06-09 11:35:47:761	193	0.2687438
2020-06-09 11:35:48:767	210	0.2336283
2020-06-09 11:35:49:772	210	0.2498429
2020-06-09 11:35:50:767	210	0.2237326
2020-06-09 11:35:51:773	210	0
2020-06-09 11:35:52:761	210	0
2020-06-09 11:35:53:767	210	0
2020-06-09 11:35:54:773	210	0
2020-06-09 11:35:55:762	210	0
2020-06-09 11:35:56:768	210	0
2020-06-09 11:35:57:771	210	0
2020-06-09 11:35:58:783	210	0
2020-06-09 11:35:59:768	210	0
2020-06-09 11:36:00:773	210	0
2020-06-09 11:36:01:767	210	0
2020-06-09 11:36:02:769	210	0
2020-06-09 11:36:03:777	210	0
2020-06-09 11:36:04:768	210	0
2020-06-09 11:36:05:758	210	0
2020-06-09 11:36:06:761	210	0
2020-06-09 11:36:07:754	210	0
2020-06-09 11:36:08:756	210	0
2020-06-09 11:36:09:765	210	0
2020-06-09 11:36:10:768	210	0
2020-06-09 11:36:11:760	210	0
2020-06-09 11:36:12:764	210	0
2020-06-09 11:36:13:772	210	0
2020-06-09 11:36:14:776	210	0
2020-06-09 11:36:15:770	210	0
2020-06-09 11:36:16:756	210	0
2020-06-09 11:36:17:780	210	0
2020-06-09 11:36:18:770	210	0
2020-06-09 11:36:19:759	210	0
2020-06-09 11:36:20:767	210	0
2020-06-09 11:36:21:771	210	0
2020-06-09 11:36:22:763	210	0
2020-06-09 11:36:23:767	210	0
2020-06-09 11:36:24:773	210	0
2020-06-09 11:36:25:781	210	0
2020-06-09 11:36:26:769	210	0.212446
2020-06-09 11:36:27:774	210	0.1964973
2020-06-09 11:36:28:779	210	0
2020-06-09 11:36:29:767	210	0
2020-06-09 11:36:30:760	210	0
2020-06-09 11:36:31:781	210	0
2020-06-09 11:36:32:775	210	0.1781496
2020-06-09 11:36:33:765	210	0
2020-06-09 11:36:34:767	210	0
2020-06-09 11:36:35:757	210	0
2020-06-09 11:36:36:762	210	0
2020-06-09 11:36:37:769	210	0
2020-06-09 11:36:38:775	210	0
2020-06-09 11:36:39:764	210	0
2020-06-09 11:36:40:770	210	0
2020-06-09 11:36:41:761	210	0
2020-06-09 11:36:42:783	210	0
2020-06-09 11:36:43:770	210	0
2020-06-09 11:36:44:775	210	0
2020-06-09 11:36:45:765	210	0
2020-06-09 11:36:46:754	210	0
2020-06-09 11:36:47:763	210	0
2020-06-09 11:36:48:755	210	0.2356207
2020-06-09 11:36:49:762	210	0
2020-06-09 11:36:50:765	210	0
2020-06-09 11:36:51:752	210	0
2020-06-09 11:36:52:761	210	0
2020-06-09 11:36:53:767	210	0
2020-06-09 11:36:54:772	210	0
2020-06-09 11:36:55:762	210	0
2020-06-09 11:36:56:769	210	0
2020-06-09 11:36:57:774	210	0
2020-06-09 11:36:58:760	210	0
2020-06-09 11:36:59:769	210	0
2020-06-09 11:37:00:776	210	0
2020-06-09 11:37:01:765	210	0
2020-06-09 11:37:02:772	210	0
2020-06-09 11:37:03:761	210	0
2020-06-09 11:37:04:766	210	0
2020-06-09 11:37:05:773	210	0
2020-06-09 11:37:06:762	210	0
2020-06-09 11:37:07:768	210	0
2020-06-09 11:37:08:774	210	0
2020-06-09 11:37:09:764	210	0
2020-06-09 11:37:10:770	210	0
2020-06-09 11:37:11:775	210	0
2020-06-09 11:37:12:781	210	0
2020-06-09 11:37:13:771	210	0
2020-06-09 11:37:14:762	210	0
2020-06-09 11:37:15:769	210	0
2020-06-09 11:37:16:774	210	0
2020-06-09 11:37:17:763	210	0
2020-06-09 11:37:18:770	210	0
2020-06-09 11:37:19:758	210	0
2020-06-09 11:37:20:764	210	0
2020-06-09 11:37:21:771	210	0
2020-06-09 11:37:22:760	210	0
2020-06-09 11:37:23:767	210	0
2020-06-09 11:37:24:772	210	0
2020-06-09 11:37:25:760	210	0
2020-06-09 11:37:26:768	210	0
2020-06-09 11:37:27:771	210	0
2020-06-09 11:37:28:777	210	0
2020-06-09 11:37:29:766	210	0
2020-06-09 11:37:30:757	210	0
2020-06-09 11:37:31:762	210	0
2020-06-09 11:37:32:767	210	0
2020-06-09 11:37:33:757	210	0
2020-06-09 11:37:34:767	210	0
2020-06-09 11:37:35:769	210	0
2020-06-09 11:37:36:778	210	0
2020-06-09 11:37:37:752	210	0
2020-06-09 11:37:38:774	210	0
2020-06-09 11:37:39:763	210	0
2020-06-09 11:37:40:767	210	0
2020-06-09 11:37:41:760	210	0
2020-06-09 11:37:42:764	210	0
2020-06-09 11:37:43:772	210	0
2020-06-09 11:37:44:758	210	0
2020-06-09 11:37:45:767	210	0
2020-06-09 11:37:46:769	210	0
2020-06-09 11:37:47:779	210	0
2020-06-09 11:37:48:766	210	0
2020-06-09 11:37:49:774	210	0
2020-06-09 11:37:50:762	250	0.2011574
2020-06-09 11:37:51:773	250	0
2020-06-09 11:37:52:773	250	0
2020-06-09 11:37:53:766	250	0
2020-06-09 11:37:54:771	250	0
2020-06-09 11:37:55:761	250	0
2020-06-09 11:37:56:768	250	0
2020-06-09 11:37:57:772	250	0.1952478
2020-06-09 11:37:58:766	250	0
2020-06-09 11:37:59:771	250	0
2020-06-09 11:38:00:759	250	0
2020-06-09 11:38:01:765	250	0
2020-06-09 11:38:02:771	250	0
2020-06-09 11:38:03:776	250	0
2020-06-09 11:38:04:782	250	0
2020-06-09 11:38:05:756	250	0
2020-06-09 11:38:06:762	250	0
2020-06-09 11:38:07:769	250	0
2020-06-09 11:38:08:758	250	0
2020-06-09 11:38:09:765	250	0
2020-06-09 11:38:10:770	250	0
2020-06-09 11:38:11:759	250	0
2020-06-09 11:38:12:765	250	0
2020-06-09 11:38:13:771	250	0
2020-06-09 11:38:14:761	250	0
2020-06-09 11:38:15:767	250	0
2020-06-09 11:38:16:772	250	0
2020-06-09 11:38:17:765	250	0
2020-06-09 11:38:18:766	250	0
2020-06-09 11:38:19:759	250	0
2020-06-09 11:38:20:762	250	0
2020-06-09 11:38:21:766	250	0
2020-06-09 11:38:22:758	250	0
2020-06-09 11:38:23:766	250	0
2020-06-09 11:38:24:771	250	0
2020-06-09 11:38:25:778	250	0
2020-06-09 11:38:26:768	250	0
2020-06-09 11:38:27:757	250	0
2020-06-09 11:38:28:763	250	0
2020-06-09 11:38:29:766	250	0
2020-06-09 11:38:30:776	250	0
2020-06-09 11:38:31:764	250	0
2020-06-09 11:38:32:752	250	0
2020-06-09 11:38:33:761	250	0
2020-06-09 11:38:34:766	250	0
2020-06-09 11:38:35:756	250	0
2020-06-09 11:38:36:762	250	0
2020-06-09 11:38:37:768	250	0
2020-06-09 11:38:38:774	250	0
2020-06-09 11:38:39:763	250	0
2020-06-09 11:38:40:766	250	0
2020-06-09 11:38:41:772	250	0
2020-06-09 11:38:42:762	250	0
2020-06-09 11:38:43:772	250	0
2020-06-09 11:38:44:774	250	0
2020-06-09 11:38:45:766	250	0
2020-06-09 11:38:46:769	250	0
2020-06-09 11:38:47:762	250	0
2020-06-09 11:38:48:765	250	0
2020-06-09 11:38:49:755	250	0
2020-06-09 11:38:50:780	250	0
2020-06-09 11:38:51:755	250	0
2020-06-09 11:38:52:756	250	0
2020-06-09 11:38:53:766	250	0
2020-06-09 11:38:54:772	250	0
2020-06-09 11:38:55:761	250	0
2020-06-09 11:38:56:767	250	0
2020-06-09 11:38:57:773	250	0
2020-06-09 11:38:58:762	250	0
2020-06-09 11:38:59:768	250	0
2020-06-09 11:39:00:758	250	0
2020-06-09 11:39:01:766	250	0
2020-06-09 11:39:02:770	250	0
2020-06-09 11:39:03:777	250	0
2020-06-09 11:39:04:782	250	0
2020-06-09 11:39:05:772	250	0
2020-06-09 11:39:06:760	250	0
2020-06-09 11:39:07:767	250	0
2020-06-09 11:39:08:755	250	0
2020-06-09 11:39:09:778	250	0
2020-06-09 11:39:10:766	250	0
2020-06-09 11:39:11:759	250	0
2020-06-09 11:39:12:763	250	0
2020-06-09 11:39:13:755	250	0
2020-06-09 11:39:14:760	250	0
2020-06-09 11:39:15:765	250	0
2020-06-09 11:39:16:774	250	0
2020-06-09 11:39:17:763	250	0
2020-06-09 11:39:18:766	250	0
2020-06-09 11:39:19:774	250	0
2020-06-09 11:39:20:780	250	0
2020-06-09 11:39:21:769	250	0
2020-06-09 11:39:22:775	250	0
2020-06-09 11:39:23:781	250	0
2020-06-09 11:39:24:755	250	0
2020-06-09 11:39:25:758	250	0
2020-06-09 11:39:26:765	250	0
2020-06-09 11:39:27:755	250	0
2020-06-09 11:39:28:759	250	0
2020-06-09 11:39:29:768	250	0
2020-06-09 11:39:30:774	250	0
2020-06-09 11:39:31:764	250	0
2020-06-09 11:39:32:770	250	0
2020-06-09 11:39:33:774	250	0
2020-06-09 11:39:34:763	250	0
2020-06-09 11:39:35:768	250	0
2020-06-09 11:39:36:779	250	0.2158891
2020-06-09 11:39:37:769	250	0.195757
2020-06-09 11:39:38:760	250	0
2020-06-09 11:39:39:763	250	0
2020-06-09 11:39:40:770	250	0
2020-06-09 11:39:41:759	250	0
2020-06-09 11:39:42:764	250	0
2020-06-09 11:39:43:771	250	0
2020-06-09 11:39:44:776	250	0
2020-06-09 11:39:45:766	250	0
2020-06-09 11:39:46:773	250	0
2020-06-09 11:39:47:766	250	0.184865
2020-06-09 11:39:48:771	250	0
2020-06-09 11:39:49:757	250	0
2020-06-09 11:39:50:764	250	0
2020-06-09 11:39:51:770	250	0
2020-06-09 11:39:52:773	250	0
2020-06-09 11:39:53:765	250	0
2020-06-09 11:39:54:771	250	0
2020-06-09 11:39:55:761	250	0
2020-06-09 11:39:56:763	250	0
2020-06-09 11:39:57:754	250	0
2020-06-09 11:39:58:760	250	0
2020-06-09 11:39:59:765	250	0
2020-06-09 11:40:00:774	250	0
2020-06-09 11:40:01:761	250	0
2020-06-09 11:40:02:770	250	0
2020-06-09 11:40:03:756	250	0
2020-06-09 11:40:04:766	250	0
2020-06-09 11:40:05:768	250	0
2020-06-09 11:40:06:761	250	0
2020-06-09 11:40:07:763	250	0
2020-06-09 11:40:08:757	250	0
2020-06-09 11:40:09:762	250	0
2020-06-09 11:40:10:771	250	0.2328662
2020-06-09 11:40:11:775	250	0.2046936
2020-06-09 11:40:12:763	250	0
2020-06-09 11:40:13:770	250	0
2020-06-09 11:40:14:776	250	0
2020-06-09 11:40:15:782	250	0
2020-06-09 11:40:16:772	250	0
2020-06-09 11:40:17:777	250	0
2020-06-09 11:40:18:767	250	0
2020-06-09 11:40:19:758	250	0
2020-06-09 11:40:20:763	250	0
2020-06-09 11:40:21:754	250	0
2020-06-09 11:40:22:759	250	0
2020-06-09 11:40:23:765	250	0
2020-06-09 11:40:24:771	250	0
2020-06-09 11:40:25:761	250	0
2020-06-09 11:40:26:767	250	0
2020-06-09 11:40:27:772	250	0
2020-06-09 11:40:28:778	250	0
2020-06-09 11:40:29:766	250	0
2020-06-09 11:40:30:772	250	0
2020-06-09 11:40:31:764	250	0
2020-06-09 11:40:32:768	250	0
2020-06-09 11:40:33:776	250	0
2020-06-09 11:40:34:766	250	0
2020-06-09 11:40:35:771	250	0
2020-06-09 11:40:36:761	250	0
2020-06-09 11:40:37:766	250	0
2020-06-09 11:40:38:773	250	0
2020-06-09 11:40:39:762	250	0
2020-06-09 11:40:40:769	250	0
2020-06-09 11:40:41:772	250	0
2020-06-09 11:40:42:763	250	0
2020-06-09 11:40:43:768	250	0
2020-06-09 11:40:44:761	250	0
2020-06-09 11:40:45:780	250	0
2020-06-09 11:40:46:757	250	0
2020-06-09 11:40:47:760	250	0.2232477
2020-06-09 11:40:48:764	197	0.2966673
2020-06-09 11:40:49:772	204	0.3175215
2020-06-09 11:40:50:765	217	0.2587403
2020-06-09 11:40:51:772	219	0
2020-06-09 11:40:52:773	219	0
2020-06-09 11:40:53:766	219	0
2020-06-09 11:40:54:771	219	0
2020-06-09 11:40:55:776	219	0
2020-06-09 11:40:56:765	219	0.1889065
2020-06-09 11:40:57:774	219	0.2299083
2020-06-09 11:40:58:764	183	0.3605675
2020-06-09 11:40:59:786	180	0.3201198
2020-06-09 11:41:00:760	180	0.262325
2020-06-09 11:41:01:768	180	0.2234974
2020-06-09 11:41:02:770	180	0.2077108
2020-06-09 11:41:03:776	180	0.2289832
2020-06-09 11:41:04:785	190	0.3021658
2020-06-09 11:41:05:757	195	0.2992344
2020-06-09 11:41:06:780	186	0.3010043
2020-06-09 11:41:07:771	169	0.2820727
2020-06-09 11:41:08:775	173	0.2563833
2020-06-09 11:41:09:765	184	0.2290707
2020-06-09 11:41:10:771	184	0
2020-06-09 11:41:11:759	184	0
2020-06-09 11:41:12:762	184	0
2020-06-09 11:41:13:771	184	0
2020-06-09 11:41:14:776	184	0
2020-06-09 11:41:15:764	184	0
2020-06-09 11:41:16:769	184	0
2020-06-09 11:41:17:762	184	0
2020-06-09 11:41:18:766	184	0
2020-06-09 11:41:19:758	184	0
2020-06-09 11:41:20:761	184	0
2020-06-09 11:41:21:774	184	0
2020-06-09 11:41:22:773	184	0
2020-06-09 11:41:23:765	184	0
2020-06-09 11:41:24:768	184	0
2020-06-09 11:41:25:774	184	0
2020-06-09 11:41:26:766	184	0
2020-06-09 11:41:27:773	184	0
2020-06-09 11:41:28:763	184	0
2020-06-09 11:41:29:771	184	0
2020-06-09 11:41:30:774	184	0
2020-06-09 11:41:31:764	184	0
2020-06-09 11:41:32:767	184	0
2020-06-09 11:41:33:761	184	0
2020-06-09 11:41:34:763	184	0
2020-06-09 11:41:35:775	243	0.2609423
2020-06-09 11:41:36:778	243	0.1840446
2020-06-09 11:41:37:763	243	0
2020-06-09 11:41:38:773	243	0
2020-06-09 11:41:39:762	243	0
2020-06-09 11:41:40:753	243	0
2020-06-09 11:41:41:774	243	0
2020-06-09 11:41:42:765	243	0
2020-06-09 11:41:43:770	243	0
2020-06-09 11:41:44:760	243	0
2020-06-09 11:41:45:763	243	0
2020-06-09 11:41:46:772	243	0
2020-06-09 11:41:47:767	243	0.1880917
2020-06-09 11:41:48:770	243	0
2020-06-09 11:41:49:774	243	0
2020-06-09 11:41:50:764	243	0
2020-06-09 11:41:51:769	243	0
2020-06-09 11:41:52:772	243	0
2020-06-09 11:41:53:765	243	0
2020-06-09 11:41:54:771	243	0
2020-06-09 11:41:55:776	243	0
2020-06-09 11:41:56:767	243	0
2020-06-09 11:41:57:775	243	0.1908812
2020-06-09 11:41:58:763	243	0.2264409
2020-06-09 11:41:59:769	243	0.2000763
2020-06-09 11:42:00:776	243	0
2020-06-09 11:42:01:763	243	0
2020-06-09 11:42:02:771	243	0
2020-06-09 11:42:03:776	243	0
2020-06-09 11:42:04:766	243	0
2020-06-09 11:42:05:771	243	0
2020-06-09 11:42:06:762	243	0
2020-06-09 11:42:07:767	243	0
2020-06-09 11:42:08:773	243	0
2020-06-09 11:42:09:763	243	0
2020-06-09 11:42:10:768	243	0
2020-06-09 11:42:11:774	243	0
2020-06-09 11:42:12:778	243	0
2020-06-09 11:42:13:768	243	0
2020-06-09 11:42:14:774	243	0
2020-06-09 11:42:15:765	243	0
2020-06-09 11:42:16:755	243	0
2020-06-09 11:42:17:761	243	0
2020-06-09 11:42:18:767	243	0
2020-06-09 11:42:19:757	243	0
2020-06-09 11:42:20:763	243	0
2020-06-09 11:42:21:769	243	0
2020-06-09 11:42:22:761	274	0.2940767
2020-06-09 11:42:23:763	275	0.2432549
2020-06-09 11:42:24:773	275	0
2020-06-09 11:42:25:760	275	0
2020-06-09 11:42:26:763	275	0
2020-06-09 11:42:27:775	267	0.2691832
2020-06-09 11:42:28:765	265	0
2020-06-09 11:42:29:768	265	0
2020-06-09 11:42:30:773	265	0
2020-06-09 11:42:31:768	178	0.2872553
2020-06-09 11:42:32:768	175	0
2020-06-09 11:42:33:773	175	0
2020-06-09 11:42:34:762	175	0
2020-06-09 11:42:35:768	175	0
2020-06-09 11:42:36:759	242	0.226214
2020-06-09 11:42:37:764	242	0
2020-06-09 11:42:38:769	242	0
2020-06-09 11:42:39:759	242	0
2020-06-09 11:42:40:768	242	0
2020-06-09 11:42:41:772	242	0
2020-06-09 11:42:42:764	242	0
2020-06-09 11:42:43:769	242	0
2020-06-09 11:42:44:760	242	0
2020-06-09 11:42:45:767	242	0
2020-06-09 11:42:46:774	242	0
2020-06-09 11:42:47:762	242	0
2020-06-09 11:42:48:771	242	0.2167482
2020-06-09 11:42:49:774	242	0.1989707
2020-06-09 11:42:50:765	242	0
2020-06-09 11:42:51:768	242	0
2020-06-09 11:42:52:771	242	0
2020-06-09 11:42:53:780	242	0
2020-06-09 11:42:54:769	242	0
2020-06-09 11:42:55:774	242	0
2020-06-09 11:42:56:781	242	0
2020-06-09 11:42:57:769	242	0
2020-06-09 11:42:58:778	242	0
2020-06-09 11:42:59:767	242	0
2020-06-09 11:43:00:773	242	0
2020-06-09 11:43:01:767	242	0.1970662
2020-06-09 11:43:02:769	242	0.2410328
2020-06-09 11:43:03:760	242	0.2128007
2020-06-09 11:43:04:767	242	0.2135574
2020-06-09 11:43:05:773	242	0.23545
2020-06-09 11:43:06:764	242	0.1894027
2020-06-09 11:43:07:768	242	0.2097903
2020-06-09 11:43:08:759	171	0.2884834
2020-06-09 11:43:09:764	180	0.2936156
2020-06-09 11:43:10:770	194	0.2786225
2020-06-09 11:43:11:776	201	0.2393748
2020-06-09 11:43:12:761	201	0.2090718
2020-06-09 11:43:13:771	201	0.2033281
2020-06-09 11:43:14:776	201	0.2147416
2020-06-09 11:43:15:762	201	0.2218394
2020-06-09 11:43:16:771	201	0.2312964
2020-06-09 11:43:17:779	201	0.2360072
2020-06-09 11:43:18:768	201	0.2044488
2020-06-09 11:43:19:774	201	0.2139252
2020-06-09 11:43:20:764	201	0.1988944
2020-06-09 11:43:21:772	201	0
2020-06-09 11:43:22:759	201	0
2020-06-09 11:43:23:762	201	0
2020-06-09 11:43:24:770	201	0
2020-06-09 11:43:25:760	201	0
2020-06-09 11:43:26:766	201	0
2020-06-09 11:43:27:772	201	0
2020-06-09 11:43:28:762	201	0
2020-06-09 11:43:29:768	201	0
2020-06-09 11:43:30:773	201	0
2020-06-09 11:43:31:781	201	0.2329831
2020-06-09 11:43:32:768	254	0.2936013
2020-06-09 11:43:33:761	277	0.4053648
2020-06-09 11:43:34:764	292	0.3526327
2020-06-09 11:43:35:757	295	0.2831033
2020-06-09 11:43:36:759	294	0.1902671
2020-06-09 11:43:37:768	294	0.2117601
2020-06-09 11:43:38:754	294	0.2272296
2020-06-09 11:43:39:760	294	0.2183743
2020-06-09 11:43:40:768	224	0.2388317
2020-06-09 11:43:41:775	237	0.2614618
2020-06-09 11:43:42:766	237	0.1917839
2020-06-09 11:43:43:769	237	0.1697753
2020-06-09 11:43:44:758	237	0.2329955
2020-06-09 11:43:45:781	199	0.3553877
2020-06-09 11:43:46:774	192	0.3549116
2020-06-09 11:43:47:779	185	0.2154454
2020-06-09 11:43:48:773	185	0
2020-06-09 11:43:49:755	185	0
2020-06-09 11:43:50:761	185	0
2020-06-09 11:43:51:766	185	0
2020-06-09 11:43:52:757	217	0.2526959
2020-06-09 11:43:53:762	217	0.2243724
2020-06-09 11:43:54:768	217	0.1682986
2020-06-09 11:43:55:778	217	0
2020-06-09 11:43:56:763	217	0
2020-06-09 11:43:57:772	217	0
2020-06-09 11:43:58:764	217	0.1885457
2020-06-09 11:43:59:769	217	0.1684049
2020-06-09 11:44:00:775	217	0.1908043
2020-06-09 11:44:01:783	222	0.2549664
2020-06-09 11:44:02:773	223	0.2629213
2020-06-09 11:44:03:778	224	0.2040468
2020-06-09 11:44:04:763	224	0.2033088
2020-06-09 11:44:05:756	224	0.1922546
2020-06-09 11:44:06:764	224	0
2020-06-09 11:44:07:763	224	0
2020-06-09 11:44:08:773	224	0
2020-06-09 11:44:09:763	224	0
2020-06-09 11:44:10:769	224	0
2020-06-09 11:44:11:774	224	0
2020-06-09 11:44:12:762	224	0.2076192
2020-06-09 11:44:13:773	224	0
2020-06-09 11:44:14:760	224	0
2020-06-09 11:44:15:767	224	0
2020-06-09 11:44:16:772	224	0
2020-06-09 11:44:17:778	224	0
2020-06-09 11:44:18:767	224	0
2020-06-09 11:44:19:758	224	0
2020-06-09 11:44:20:763	224	0
2020-06-09 11:44:21:773	224	0.1804394
2020-06-09 11:44:22:760	224	0.1593087
2020-06-09 11:44:23:766	224	0
2020-06-09 11:44:24:771	224	0
2020-06-09 11:44:25:759	224	0
2020-06-09 11:44:26:765	224	0
2020-06-09 11:44:27:773	224	0
2020-06-09 11:44:28:762	224	0
2020-06-09 11:44:29:772	224	0
2020-06-09 11:44:30:775	224	0
2020-06-09 11:44:31:766	224	0
2020-06-09 11:44:32:768	224	0
2020-06-09 11:44:33:776	224	0
2020-06-09 11:44:34:767	224	0
2020-06-09 11:44:35:773	224	0
2020-06-09 11:44:36:779	224	0
2020-06-09 11:44:37:767	224	0
2020-06-09 11:44:38:776	224	0.1820406
2020-06-09 11:44:39:764	224	0.1697318
2020-06-09 11:44:40:773	224	0
2020-06-09 11:44:41:775	224	0
2020-06-09 11:44:42:765	224	0
2020-06-09 11:44:43:771	224	0
2020-06-09 11:44:44:761	224	0
2020-06-09 11:44:45:767	224	0
2020-06-09 11:44:46:772	224	0
2020-06-09 11:44:47:778	224	0
2020-06-09 11:44:48:786	224	0
2020-06-09 11:44:49:774	224	0
2020-06-09 11:44:50:764	224	0
2020-06-09 11:44:51:770	224	0
2020-06-09 11:44:52:757	224	0
2020-06-09 11:44:53:764	224	0.1878446
2020-06-09 11:44:54:768	224	0.2129946
2020-06-09 11:44:55:767	224	0.1773418
2020-06-09 11:44:56:769	224	0
2020-06-09 11:44:57:761	224	0
2020-06-09 11:44:58:768	224	0
2020-06-09 11:44:59:769	224	0
2020-06-09 11:45:00:760	224	0
2020-06-09 11:45:01:765	224	0
2020-06-09 11:45:02:772	224	0
2020-06-09 11:45:03:762	224	0
2020-06-09 11:45:04:772	224	0.1620464
2020-06-09 11:45:05:762	224	0
2020-06-09 11:45:06:766	224	0
2020-06-09 11:45:07:771	224	0
2020-06-09 11:45:08:777	224	0
2020-06-09 11:45:09:772	224	0.1791549
2020-06-09 11:45:10:775	224	0
2020-06-09 11:45:11:760	224	0
2020-06-09 11:45:12:766	224	0
2020-06-09 11:45:13:773	224	0.2140708
2020-06-09 11:45:14:765	224	0.2054482
2020-06-09 11:45:15:771	224	0.1725113
2020-06-09 11:45:16:763	224	0
2020-06-09 11:45:17:763	224	0
2020-06-09 11:45:18:772	224	0
2020-06-09 11:45:19:759	224	0
2020-06-09 11:45:20:768	224	0
2020-06-09 11:45:21:773	224	0
2020-06-09 11:45:22:765	224	0
2020-06-09 11:45:23:769	224	0
2020-06-09 11:45:24:775	224	0
2020-06-09 11:45:25:765	224	0
2020-06-09 11:45:26:772	224	0
2020-06-09 11:45:27:761	224	0
2020-06-09 11:45:28:766	224	0
2020-06-09 11:45:29:756	224	0
2020-06-09 11:45:30:764	224	0
2020-06-09 11:45:31:769	224	0
2020-06-09 11:45:32:773	224	0
2020-06-09 11:45:33:764	224	0
2020-06-09 11:45:34:770	224	0
2020-06-09 11:45:35:776	224	0
2020-06-09 11:45:36:765	224	0
2020-06-09 11:45:37:772	224	0
2020-06-09 11:45:38:761	224	0
2020-06-09 11:45:39:767	224	0
2020-06-09 11:45:40:758	224	0
2020-06-09 11:45:41:763	224	0
2020-06-09 11:45:42:767	224	0
2020-06-09 11:45:43:774	224	0
2020-06-09 11:45:44:782	224	0
2020-06-09 11:45:45:767	224	0
2020-06-09 11:45:46:776	224	0
2020-06-09 11:45:47:766	224	0
2020-06-09 11:45:48:756	224	0
2020-06-09 11:45:49:762	224	0
2020-06-09 11:45:50:764	224	0
2020-06-09 11:45:51:774	224	0
2020-06-09 11:45:52:768	224	0.1661686
2020-06-09 11:45:53:757	224	0
2020-06-09 11:45:54:761	224	0
2020-06-09 11:45:55:767	224	0
2020-06-09 11:45:56:772	224	0
2020-06-09 11:45:57:779	224	0
2020-06-09 11:45:58:773	224	0.1680728
2020-06-09 11:45:59:777	224	0
2020-06-09 11:46:00:762	224	0
2020-06-09 11:46:01:769	224	0
2020-06-09 11:46:02:774	224	0
2020-06-09 11:46:03:765	224	0.1941635
2020-06-09 11:46:04:755	224	0
2020-06-09 11:46:05:759	224	0
2020-06-09 11:46:06:766	224	0
2020-06-09 11:46:07:773	224	0
2020-06-09 11:46:08:763	224	0
2020-06-09 11:46:09:771	224	0
2020-06-09 11:46:10:777	224	0.1857781
2020-06-09 11:46:11:768	224	0
2020-06-09 11:46:12:771	224	0
2020-06-09 11:46:13:776	224	0
2020-06-09 11:46:14:768	224	0.2053228
2020-06-09 11:46:15:773	224	0.2390016
2020-06-09 11:46:16:779	224	0.1701295
2020-06-09 11:46:17:774	224	0
2020-06-09 11:46:18:758	224	0
2020-06-09 11:46:19:760	224	0
2020-06-09 11:46:20:767	224	0
2020-06-09 11:46:21:775	224	0
2020-06-09 11:46:22:765	224	0
2020-06-09 11:46:23:771	224	0
2020-06-09 11:46:24:761	224	0
2020-06-09 11:46:25:767	224	0
2020-06-09 11:46:26:773	224	0
2020-06-09 11:46:27:780	224	0
2020-06-09 11:46:28:769	224	0
2020-06-09 11:46:29:756	224	0.1851092
2020-06-09 11:46:30:782	224	0.1885518
2020-06-09 11:46:31:767	224	0
2020-06-09 11:46:32:757	224	0
2020-06-09 11:46:33:762	224	0
2020-06-09 11:46:34:768	224	0
2020-06-09 11:46:35:759	224	0
2020-06-09 11:46:36:763	224	0
2020-06-09 11:46:37:771	224	0
2020-06-09 11:46:38:765	224	0.2185923
2020-06-09 11:46:39:764	224	0.2406746
2020-06-09 11:46:40:775	224	0.2210461
2020-06-09 11:46:41:767	224	0.169397
2020-06-09 11:46:42:773	224	0.1993611
2020-06-09 11:46:43:776	224	0.2294528
2020-06-09 11:46:44:767	224	0.2165678
2020-06-09 11:46:45:772	224	0.1947076
2020-06-09 11:46:46:765	224	0.205983
2020-06-09 11:46:47:772	224	0.2299164
2020-06-09 11:46:48:761	224	0.1639332
2020-06-09 11:46:49:769	224	0
2020-06-09 11:46:50:756	224	0
2020-06-09 11:46:51:762	224	0
2020-06-09 11:46:52:768	224	0
2020-06-09 11:46:53:757	224	0
2020-06-09 11:46:54:764	224	0
2020-06-09 11:46:55:769	224	0
2020-06-09 11:46:56:775	224	0
2020-06-09 11:46:57:765	224	0
2020-06-09 11:46:58:769	224	0
2020-06-09 11:46:59:775	224	0
2020-06-09 11:47:00:782	224	0.1617328
2020-06-09 11:47:01:775	224	0
2020-06-09 11:47:02:762	224	0
2020-06-09 11:47:03:766	224	0
2020-06-09 11:47:04:772	224	0
2020-06-09 11:47:05:762	224	0
2020-06-09 11:47:06:766	224	0
2020-06-09 11:47:07:757	224	0
2020-06-09 11:47:08:765	224	0
2020-06-09 11:47:09:771	224	0
2020-06-09 11:47:10:762	224	0
2020-06-09 11:47:11:771	224	0.2006359
2020-06-09 11:47:12:774	224	0.1820849
2020-06-09 11:47:13:781	224	0
2020-06-09 11:47:14:769	224	0
2020-06-09 11:47:15:774	224	0
2020-06-09 11:47:16:765	224	0
2020-06-09 11:47:17:771	224	0
2020-06-09 11:47:18:760	224	0
2020-06-09 11:47:19:767	224	0
2020-06-09 11:47:20:769	224	0
2020-06-09 11:47:21:762	224	0
2020-06-09 11:47:22:769	224	0
2020-06-09 11:47:23:760	224	0
2020-06-09 11:47:24:763	224	0
2020-06-09 11:47:25:770	224	0
2020-06-09 11:47:26:759	224	0
2020-06-09 11:47:27:766	224	0
2020-06-09 11:47:28:768	224	0
2020-06-09 11:47:29:777	224	0
2020-06-09 11:47:30:767	224	0
2020-06-09 11:47:31:773	224	0
2020-06-09 11:47:32:778	224	0
2020-06-09 11:47:33:769	224	0
2020-06-09 11:47:34:758	224	0
2020-06-09 11:47:35:764	224	0
2020-06-09 11:47:36:754	224	0
2020-06-09 11:47:37:760	224	0
2020-06-09 11:47:38:767	224	0
2020-06-09 11:47:39:772	224	0
2020-06-09 11:47:40:781	224	0.2032424
2020-06-09 11:47:41:768	224	0.1981803
2020-06-09 11:47:42:772	224	0
2020-06-09 11:47:43:777	224	0
2020-06-09 11:47:44:769	224	0
2020-06-09 11:47:45:775	224	0
2020-06-09 11:47:46:765	224	0
2020-06-09 11:47:47:771	224	0
2020-06-09 11:47:48:776	224	0
2020-06-09 11:47:49:764	224	0
2020-06-09 11:47:50:773	224	0
2020-06-09 11:47:51:760	224	0
2020-06-09 11:47:52:772	178	0.343233
2020-06-09 11:47:53:773	188	0.2063647
2020-06-09 11:47:54:782	188	0
2020-06-09 11:47:55:768	188	0
2020-06-09 11:47:56:777	188	0
2020-06-09 11:47:57:763	188	0
2020-06-09 11:47:58:771	188	0
2020-06-09 11:47:59:761	188	0
2020-06-09 11:48:00:768	188	0
2020-06-09 11:48:01:776	230	0.2461851
2020-06-09 11:48:02:761	219	0.2672716
2020-06-09 11:48:03:766	221	0.2490214
2020-06-09 11:48:04:772	221	0.1619541
2020-06-09 11:48:05:767	221	0
2020-06-09 11:48:06:768	221	0
2020-06-09 11:48:07:777	221	0
2020-06-09 11:48:08:787	221	0.1766524
2020-06-09 11:48:09:770	221	0
2020-06-09 11:48:10:778	221	0
2020-06-09 11:48:11:768	221	0
2020-06-09 11:48:12:758	221	0
2020-06-09 11:48:13:764	221	0
2020-06-09 11:48:14:767	221	0
2020-06-09 11:48:15:759	221	0
2020-06-09 11:48:16:770	221	0.2165486
2020-06-09 11:48:17:768	221	0
2020-06-09 11:48:18:778	221	0
2020-06-09 11:48:19:767	221	0
2020-06-09 11:48:20:773	221	0
2020-06-09 11:48:21:778	221	0
2020-06-09 11:48:22:769	221	0
2020-06-09 11:48:23:772	198	0.3598072
2020-06-09 11:48:24:778	186	0.2700391
2020-06-09 11:48:25:769	184	0
2020-06-09 11:48:26:776	184	0
2020-06-09 11:48:27:782	184	0
2020-06-09 11:48:28:755	184	0
2020-06-09 11:48:29:783	196	0.256476
2020-06-09 11:48:30:773	191	0.2715015
2020-06-09 11:48:31:759	190	0.2636965
2020-06-09 11:48:32:765	191	0.1955996
2020-06-09 11:48:33:772	191	0
2020-06-09 11:48:34:761	225	0.2303839
2020-06-09 11:48:35:768	225	0
2020-06-09 11:48:36:771	225	0
2020-06-09 11:48:37:776	225	0
2020-06-09 11:48:38:766	225	0
2020-06-09 11:48:39:773	225	0
2020-06-09 11:48:40:785	225	0
2020-06-09 11:48:41:770	225	0.1875297
2020-06-09 11:48:42:772	225	0
2020-06-09 11:48:43:779	225	0
2020-06-09 11:48:44:770	225	0
2020-06-09 11:48:45:778	225	0.1879882
2020-06-09 11:48:46:767	225	0
2020-06-09 11:48:47:771	225	0
2020-06-09 11:48:48:761	225	0
2020-06-09 11:48:49:770	204	0.2942535
2020-06-09 11:48:50:774	206	0.1939288
2020-06-09 11:48:51:764	206	0.2003188
2020-06-09 11:48:52:771	206	0.2385064
2020-06-09 11:48:53:761	206	0.2168898
2020-06-09 11:48:54:767	206	0.1867374
2020-06-09 11:48:55:767	206	0.2443093
2020-06-09 11:48:56:757	206	0.1882703
2020-06-09 11:48:57:770	206	0
2020-06-09 11:48:58:769	206	0
2020-06-09 11:48:59:760	206	0
2020-06-09 11:49:00:767	206	0
2020-06-09 11:49:01:768	206	0
2020-06-09 11:49:02:763	206	0
2020-06-09 11:49:03:768	206	0
2020-06-09 11:49:04:773	206	0
2020-06-09 11:49:05:763	196	0.3208069
2020-06-09 11:49:06:768	207	0.2650518
2020-06-09 11:49:07:773	209	0.2908081
2020-06-09 11:49:08:763	205	0.2860846
2020-06-09 11:49:09:770	205	0.2263158
2020-06-09 11:49:10:759	205	0.2419013
2020-06-09 11:49:11:765	201	0.2541742
2020-06-09 11:49:12:757	202	0.2443993
2020-06-09 11:49:13:778	202	0.2327912
2020-06-09 11:49:14:767	202	0.2490284
2020-06-09 11:49:15:777	224	0.2085523
2020-06-09 11:49:16:779	224	0.2019715
2020-06-09 11:49:17:773	224	0.211324
2020-06-09 11:49:18:775	195	0.3195913
2020-06-09 11:49:19:772	183	0.337872
2020-06-09 11:49:20:770	184	0.2165015
2020-06-09 11:49:21:765	184	0
2020-06-09 11:49:22:767	184	0
2020-06-09 11:49:23:772	184	0
2020-06-09 11:49:24:763	184	0
2020-06-09 11:49:25:775	184	0
2020-06-09 11:49:26:773	184	0
2020-06-09 11:49:27:763	184	0
2020-06-09 11:49:28:768	190	0.2856277
2020-06-09 11:49:29:776	190	0.2265808
2020-06-09 11:49:30:766	190	0
2020-06-09 11:49:31:773	190	0
2020-06-09 11:49:32:776	190	0
2020-06-09 11:49:33:770	190	0
2020-06-09 11:49:34:756	190	0.2455895
2020-06-09 11:49:35:764	190	0.212961
2020-06-09 11:49:36:768	222	0.2192312
2020-06-09 11:49:37:776	222	0.1870436
2020-06-09 11:49:38:766	222	0.1670081
2020-06-09 11:49:39:755	222	0.1690417
2020-06-09 11:49:40:765	222	0
2020-06-09 11:49:41:765	222	0
2020-06-09 11:49:42:774	222	0
2020-06-09 11:49:43:764	222	0.2169477
2020-06-09 11:49:44:766	222	0.1940043
2020-06-09 11:49:45:758	222	0
2020-06-09 11:49:46:764	222	0
2020-06-09 11:49:47:769	222	0
2020-06-09 11:49:48:760	222	0
2020-06-09 11:49:49:771	222	0.2441902
2020-06-09 11:49:50:773	211	0.2513125
2020-06-09 11:49:51:764	211	0
2020-06-09 11:49:52:767	211	0
2020-06-09 11:49:53:773	211	0
2020-06-09 11:49:54:763	211	0
2020-06-09 11:49:55:766	211	0
2020-06-09 11:49:56:777	211	0.1747924
2020-06-09 11:49:57:783	211	0.175078
2020-06-09 11:49:58:775	211	0
2020-06-09 11:49:59:776	211	0
2020-06-09 11:50:00:767	211	0
2020-06-09 11:50:01:769	211	0
2020-06-09 11:50:02:776	232	0.2546808
2020-06-09 11:50:03:750	232	0.2037535
2020-06-09 11:50:04:756	232	0
2020-06-09 11:50:05:761	232	0
2020-06-09 11:50:06:756	232	0
2020-06-09 11:50:07:775	232	0
2020-06-09 11:50:08:765	232	0
2020-06-09 11:50:09:772	232	0
2020-06-09 11:50:10:761	232	0
2020-06-09 11:50:11:770	232	0.2451364
2020-06-09 11:50:12:776	232	0.2321256
2020-06-09 11:50:13:765	198	0.2891351
2020-06-09 11:50:14:766	205	0.2232408
2020-06-09 11:50:15:775	205	0.2099245
2020-06-09 11:50:16:764	205	0.2435752
2020-06-09 11:50:17:771	205	0.2433658
2020-06-09 11:50:18:778	205	0
2020-06-09 11:50:19:766	205	0
2020-06-09 11:50:20:773	205	0
2020-06-09 11:50:21:785	205	0
2020-06-09 11:50:22:768	205	0
2020-06-09 11:50:23:773	205	0
2020-06-09 11:50:24:764	205	0
2020-06-09 11:50:25:766	205	0
2020-06-09 11:50:26:774	205	0
2020-06-09 11:50:27:762	205	0
2020-06-09 11:50:28:771	205	0
2020-06-09 11:50:29:757	205	0
2020-06-09 11:50:30:765	205	0
2020-06-09 11:50:31:772	205	0
2020-06-09 11:50:32:765	205	0
2020-06-09 11:50:33:764	205	0
2020-06-09 11:50:34:774	205	0
2020-06-09 11:50:35:764	205	0
2020-06-09 11:50:36:771	205	0
2020-06-09 11:50:37:759	205	0
2020-06-09 11:50:38:765	205	0
2020-06-09 11:50:39:755	205	0
2020-06-09 11:50:40:778	205	0
2020-06-09 11:50:41:768	205	0
2020-06-09 11:50:42:773	205	0
2020-06-09 11:50:43:764	205	0
2020-06-09 11:50:44:766	205	0
2020-06-09 11:50:45:774	205	0
2020-06-09 11:50:46:766	205	0
2020-06-09 11:50:47:772	205	0
2020-06-09 11:50:48:776	205	0
2020-06-09 11:50:49:767	205	0
2020-06-09 11:50:50:769	205	0
2020-06-09 11:50:51:761	205	0
2020-06-09 11:50:52:770	227	0.2295228
2020-06-09 11:50:53:774	227	0.2161398
2020-06-09 11:50:54:768	227	0
2020-06-09 11:50:55:753	227	0
2020-06-09 11:50:56:775	227	0
2020-06-09 11:50:57:766	227	0
2020-06-09 11:50:58:774	227	0.2014155
2020-06-09 11:50:59:762	227	0
2020-06-09 11:51:00:763	227	0
2020-06-09 11:51:01:754	227	0
2020-06-09 11:51:02:761	227	0
2020-06-09 11:51:03:766	227	0
2020-06-09 11:51:04:771	227	0
2020-06-09 11:51:05:764	227	0
2020-06-09 11:51:06:770	227	0
2020-06-09 11:51:07:775	227	0
2020-06-09 11:51:08:766	227	0
2020-06-09 11:51:09:772	227	0
2020-06-09 11:51:10:761	227	0
2020-06-09 11:51:11:768	227	0
2020-06-09 11:51:12:756	227	0
2020-06-09 11:51:13:765	227	0.1836056
2020-06-09 11:51:14:752	227	0.2190168
2020-06-09 11:51:15:774	227	0.2440907
2020-06-09 11:51:16:765	227	0.2119053
2020-06-09 11:51:17:773	227	0
2020-06-09 11:51:18:759	227	0
2020-06-09 11:51:19:778	227	0
2020-06-09 11:51:20:754	227	0
2020-06-09 11:51:21:763	227	0.168154
2020-06-09 11:51:22:767	227	0
2020-06-09 11:51:23:773	227	0
2020-06-09 11:51:24:762	227	0
2020-06-09 11:51:25:768	227	0
2020-06-09 11:51:26:774	227	0
2020-06-09 11:51:27:763	227	0
2020-06-09 11:51:28:769	227	0
2020-06-09 11:51:29:775	227	0
2020-06-09 11:51:30:765	227	0
2020-06-09 11:51:31:772	227	0
2020-06-09 11:51:32:777	227	0
2020-06-09 11:51:33:763	227	0
2020-06-09 11:51:34:772	227	0
2020-06-09 11:51:35:765	227	0.1716044
2020-06-09 11:51:36:787	227	0
2020-06-09 11:51:37:774	227	0
2020-06-09 11:51:38:782	227	0
2020-06-09 11:51:39:770	227	0
2020-06-09 11:51:40:756	227	0
2020-06-09 11:51:41:765	227	0
2020-06-09 11:51:42:753	227	0
2020-06-09 11:51:43:761	227	0
2020-06-09 11:51:44:764	227	0
2020-06-09 11:51:45:773	227	0
2020-06-09 11:51:46:767	227	0.1758682
2020-06-09 11:51:47:771	227	0
2020-06-09 11:51:48:775	227	0
2020-06-09 11:51:49:764	227	0
2020-06-09 11:51:50:770	227	0
2020-06-09 11:51:51:773	227	0
2020-06-09 11:51:52:763	227	0
2020-06-09 11:51:53:770	227	0
2020-06-09 11:51:54:775	227	0
2020-06-09 11:51:55:764	227	0
2020-06-09 11:51:56:771	227	0
2020-06-09 11:51:57:762	227	0.1617109
2020-06-09 11:51:58:767	227	0
2020-06-09 11:51:59:772	227	0
2020-06-09 11:52:00:762	227	0
2020-06-09 11:52:01:767	227	0
2020-06-09 11:52:02:758	227	0
2020-06-09 11:52:03:765	227	0.1760712
2020-06-09 11:52:04:769	227	0.1858485
2020-06-09 11:52:05:776	227	0.1834702
2020-06-09 11:52:06:765	227	0.1822853
2020-06-09 11:52:07:770	227	0.1941938
2020-06-09 11:52:08:777	227	0
2020-06-09 11:52:09:751	227	0
2020-06-09 11:52:10:756	227	0
2020-06-09 11:52:11:764	227	0
2020-06-09 11:52:12:771	227	0
2020-06-09 11:52:13:760	227	0
2020-06-09 11:52:14:764	227	0
2020-06-09 11:52:15:758	227	0
2020-06-09 11:52:16:763	227	0
2020-06-09 11:52:17:770	227	0
2020-06-09 11:52:18:774	227	0
2020-06-09 11:52:19:767	227	0.1817161
2020-06-09 11:52:20:771	227	0.2175522
2020-06-09 11:52:21:762	247	0.2921446
2020-06-09 11:52:22:764	234	0.237674
2020-06-09 11:52:23:769	234	0.2181121
2020-06-09 11:52:24:782	234	0
2020-06-09 11:52:25:768	234	0
2020-06-09 11:52:26:773	234	0
2020-06-09 11:52:27:779	234	0
2020-06-09 11:52:28:785	234	0
2020-06-09 11:52:29:775	234	0
2020-06-09 11:52:30:781	234	0
2020-06-09 11:52:31:789	234	0.1778682
2020-06-09 11:52:32:779	234	0.174875
2020-06-09 11:52:33:784	234	0
2020-06-09 11:52:34:788	234	0
2020-06-09 11:52:35:796	234	0
2020-06-09 11:52:36:787	234	0
2020-06-09 11:52:37:789	234	0
2020-06-09 11:52:38:780	234	0
2020-06-09 11:52:39:784	234	0
2020-06-09 11:52:40:791	234	0
2020-06-09 11:52:41:794	234	0
2020-06-09 11:52:42:771	234	0
2020-06-09 11:52:43:775	234	0
2020-06-09 11:52:44:782	234	0
2020-06-09 11:52:45:772	234	0
2020-06-09 11:52:46:778	234	0
2020-06-09 11:52:47:782	234	0
2020-06-09 11:52:48:772	234	0
2020-06-09 11:52:49:780	234	0
2020-06-09 11:52:50:786	234	0
2020-06-09 11:52:51:777	234	0
2020-06-09 11:52:52:786	234	0.2052408
2020-06-09 11:52:53:788	234	0.1876794
2020-06-09 11:52:54:775	234	0.1749149
2020-06-09 11:52:55:780	234	0
2020-06-09 11:52:56:789	234	0
2020-06-09 11:52:57:776	234	0
2020-06-09 11:52:58:784	234	0
2020-06-09 11:52:59:788	234	0.2252649
2020-06-09 11:53:00:782	234	0.212091
2020-06-09 11:53:01:789	234	0.2202606
2020-06-09 11:53:02:793	234	0.2182605
2020-06-09 11:53:03:783	234	0.1728393
2020-06-09 11:53:04:790	234	0.194219
2020-06-09 11:53:05:781	234	0.1767715
2020-06-09 11:53:06:802	234	0
2020-06-09 11:53:07:773	234	0
2020-06-09 11:53:08:780	234	0
2020-06-09 11:53:09:787	234	0.1866222
2020-06-09 11:53:10:775	234	0.1880322
2020-06-09 11:53:11:779	234	0
2020-06-09 11:53:12:783	234	0
2020-06-09 11:53:13:773	234	0
2020-06-09 11:53:14:780	234	0
2020-06-09 11:53:15:788	234	0
2020-06-09 11:53:16:794	234	0
2020-06-09 11:53:17:784	234	0
2020-06-09 11:53:18:790	234	0
2020-06-09 11:53:19:779	234	0
2020-06-09 11:53:20:786	234	0
2020-06-09 11:53:21:792	234	0
2020-06-09 11:53:22:784	234	0.1892866
2020-06-09 11:53:23:772	234	0.1804587
2020-06-09 11:53:24:796	234	0
2020-06-09 11:53:25:783	234	0
2020-06-09 11:53:26:788	234	0
2020-06-09 11:53:27:779	234	0
2020-06-09 11:53:28:785	234	0
2020-06-09 11:53:29:788	234	0
2020-06-09 11:53:30:778	234	0
2020-06-09 11:53:31:787	234	0
2020-06-09 11:53:32:793	234	0
2020-06-09 11:53:33:781	234	0
2020-06-09 11:53:34:789	234	0
2020-06-09 11:53:35:778	234	0
2020-06-09 11:53:36:783	234	0
2020-06-09 11:53:37:789	234	0
2020-06-09 11:53:38:779	234	0
2020-06-09 11:53:39:787	234	0
2020-06-09 11:53:40:773	234	0
2020-06-09 11:53:41:781	234	0
2020-06-09 11:53:42:788	234	0
2020-06-09 11:53:43:774	234	0
2020-06-09 11:53:44:788	229	0.2423543
2020-06-09 11:53:45:790	257	0.3102896
2020-06-09 11:53:46:782	261	0.2906635
2020-06-09 11:53:47:785	258	0.2091707
2020-06-09 11:53:48:776	258	0
2020-06-09 11:53:49:798	258	0
2020-06-09 11:53:50:786	258	0
2020-06-09 11:53:51:776	258	0
2020-06-09 11:53:52:799	258	0
2020-06-09 11:53:53:787	258	0
2020-06-09 11:53:54:777	258	0
2020-06-09 11:53:55:783	258	0
2020-06-09 11:53:56:790	258	0
2020-06-09 11:53:57:779	258	0
2020-06-09 11:53:58:784	258	0
2020-06-09 11:53:59:775	258	0
2020-06-09 11:54:00:777	258	0
2020-06-09 11:54:01:793	252	0.2845188
2020-06-09 11:54:02:778	248	0.2146178
2020-06-09 11:54:03:784	248	0
2020-06-09 11:54:04:789	248	0
2020-06-09 11:54:05:779	248	0
2020-06-09 11:54:06:783	248	0
2020-06-09 11:54:07:789	248	0
2020-06-09 11:54:08:777	248	0
2020-06-09 11:54:09:787	248	0
2020-06-09 11:54:10:787	248	0
2020-06-09 11:54:11:781	248	0
2020-06-09 11:54:12:783	248	0
2020-06-09 11:54:13:776	248	0
2020-06-09 11:54:14:779	248	0
2020-06-09 11:54:15:785	248	0
2020-06-09 11:54:16:775	248	0
2020-06-09 11:54:17:783	248	0
2020-06-09 11:54:18:792	248	0.2199392
2020-06-09 11:54:19:781	248	0.2381527
2020-06-09 11:54:20:790	243	0.258032
2020-06-09 11:54:21:778	241	0.2339208
2020-06-09 11:54:22:783	241	0.2258366
2020-06-09 11:54:23:788	241	0.244506
2020-06-09 11:54:24:796	241	0.1838809
2020-06-09 11:54:25:790	241	0
2020-06-09 11:54:26:790	241	0
2020-06-09 11:54:27:779	241	0
2020-06-09 11:54:28:786	241	0.227164
2020-06-09 11:54:29:775	241	0.205576
2020-06-09 11:54:30:784	241	0.1763435
2020-06-09 11:54:31:788	241	0
2020-06-09 11:54:32:775	241	0
2020-06-09 11:54:33:782	241	0
2020-06-09 11:54:34:773	241	0.1802419
2020-06-09 11:54:35:774	241	0
2020-06-09 11:54:36:783	241	0
2020-06-09 11:54:37:790	241	0
2020-06-09 11:54:38:779	241	0
2020-06-09 11:54:39:785	241	0
2020-06-09 11:54:40:791	241	0
2020-06-09 11:54:41:784	241	0.1935854
2020-06-09 11:54:42:788	241	0.2191676
2020-06-09 11:54:43:778	241	0.2052418
2020-06-09 11:54:44:783	241	0.2014898
2020-06-09 11:54:45:789	241	0.1729285
2020-06-09 11:54:46:796	241	0
2020-06-09 11:54:47:787	241	0
2020-06-09 11:54:48:774	241	0
2020-06-09 11:54:49:779	241	0
2020-06-09 11:54:50:770	241	0
2020-06-09 11:54:51:775	241	0
2020-06-09 11:54:52:781	241	0
2020-06-09 11:54:53:771	241	0
2020-06-09 11:54:54:777	241	0
2020-06-09 11:54:55:787	241	0.2324142
2020-06-09 11:54:56:790	241	0.2183377
2020-06-09 11:54:57:784	241	0
2020-06-09 11:54:58:786	241	0
2020-06-09 11:54:59:790	241	0
2020-06-09 11:55:00:781	241	0
2020-06-09 11:55:01:787	241	0
2020-06-09 11:55:02:794	241	0.176237
2020-06-09 11:55:03:797	241	0.1902922
2020-06-09 11:55:04:785	241	0.2145641
2020-06-09 11:55:05:794	241	0.2424034
2020-06-09 11:55:06:786	241	0.2027166
2020-06-09 11:55:07:774	241	0.1851256
2020-06-09 11:55:08:783	241	0
2020-06-09 11:55:09:769	241	0
2020-06-09 11:55:10:791	241	0
2020-06-09 11:55:11:781	241	0
2020-06-09 11:55:12:788	241	0
2020-06-09 11:55:13:776	241	0
2020-06-09 11:55:14:784	241	0
2020-06-09 11:55:15:788	241	0
2020-06-09 11:55:16:778	241	0
2020-06-09 11:55:17:786	241	0
2020-06-09 11:55:18:774	241	0
2020-06-09 11:55:19:779	241	0
2020-06-09 11:55:20:785	241	0
2020-06-09 11:55:21:790	241	0
2020-06-09 11:55:22:778	241	0
2020-06-09 11:55:23:784	241	0
2020-06-09 11:55:24:789	241	0
2020-06-09 11:55:25:768	241	0
2020-06-09 11:55:26:786	241	0
2020-06-09 11:55:27:775	241	0
2020-06-09 11:55:28:784	241	0
2020-06-09 11:55:29:787	241	0
2020-06-09 11:55:30:780	241	0
2020-06-09 11:55:31:784	241	0
2020-06-09 11:55:32:791	241	0
2020-06-09 11:55:33:782	241	0
2020-06-09 11:55:34:790	241	0.1956993
2020-06-09 11:55:35:778	241	0.2063015
2020-06-09 11:55:36:785	241	0.2201861
2020-06-09 11:55:37:790	273	0.3239191
2020-06-09 11:55:38:794	270	0.3197314
2020-06-09 11:55:39:790	251	0.257071
2020-06-09 11:55:40:774	250	0.1978812
2020-06-09 11:55:41:787	250	0
2020-06-09 11:55:42:769	250	0
2020-06-09 11:55:43:774	250	0
2020-06-09 11:55:44:779	250	0
2020-06-09 11:55:45:786	250	0
2020-06-09 11:55:46:774	250	0
2020-06-09 11:55:47:783	250	0
2020-06-09 11:55:48:787	250	0
2020-06-09 11:55:49:780	250	0
2020-06-09 11:55:50:783	250	0
2020-06-09 11:55:51:791	250	0
2020-06-09 11:55:52:779	250	0
2020-06-09 11:55:53:773	250	0
2020-06-09 11:55:54:777	250	0
2020-06-09 11:55:55:783	250	0
2020-06-09 11:55:56:788	250	0
2020-06-09 11:55:57:782	250	0.2088024
2020-06-09 11:55:58:787	250	0.1861342
2020-06-09 11:55:59:791	250	0.2347366
2020-06-09 11:56:00:783	250	0.2392072
2020-06-09 11:56:01:788	250	0
2020-06-09 11:56:02:776	250	0
2020-06-09 11:56:03:782	250	0
2020-06-09 11:56:04:790	250	0.2252605
2020-06-09 11:56:05:778	250	0.1915744
2020-06-09 11:56:06:786	250	0.2055079
2020-06-09 11:56:07:774	250	0.2023147
2020-06-09 11:56:08:780	250	0.1912498
2020-06-09 11:56:09:787	250	0
2020-06-09 11:56:10:775	250	0
2020-06-09 11:56:11:782	250	0
2020-06-09 11:56:12:785	250	0
2020-06-09 11:56:13:775	250	0
2020-06-09 11:56:14:786	250	0.2478731
2020-06-09 11:56:15:787	250	0.2258701
2020-06-09 11:56:16:790	250	0.2164806
2020-06-09 11:56:17:782	250	0.2207984
2020-06-09 11:56:18:790	250	0.1914757
2020-06-09 11:56:19:800	250	0
2020-06-09 11:56:20:786	250	0
2020-06-09 11:56:21:793	250	0.2124229
2020-06-09 11:56:22:785	250	0
2020-06-09 11:56:23:788	250	0
2020-06-09 11:56:24:794	250	0
2020-06-09 11:56:25:783	250	0
2020-06-09 11:56:26:788	250	0
2020-06-09 11:56:27:775	250	0
2020-06-09 11:56:28:784	250	0
2020-06-09 11:56:29:774	250	0
2020-06-09 11:56:30:779	250	0
2020-06-09 11:56:31:788	250	0
2020-06-09 11:56:32:776	250	0
2020-06-09 11:56:33:782	250	0
2020-06-09 11:56:34:788	250	0
2020-06-09 11:56:35:791	250	0
2020-06-09 11:56:36:783	250	0
2020-06-09 11:56:37:789	250	0
2020-06-09 11:56:38:793	250	0
2020-06-09 11:56:39:782	250	0
2020-06-09 11:56:40:772	250	0
2020-06-09 11:56:41:781	250	0
2020-06-09 11:56:42:783	250	0
2020-06-09 11:56:43:791	250	0
2020-06-09 11:56:44:781	250	0
2020-06-09 11:56:45:788	250	0
2020-06-09 11:56:46:779	250	0
2020-06-09 11:56:47:783	250	0
2020-06-09 11:56:48:793	250	0.2060724
2020-06-09 11:56:49:782	250	0
2020-06-09 11:56:50:786	250	0
2020-06-09 11:56:51:791	250	0
2020-06-09 11:56:52:783	250	0
2020-06-09 11:56:53:788	250	0
2020-06-09 11:56:54:777	250	0
2020-06-09 11:56:55:798	250	0
2020-06-09 11:56:56:788	250	0
2020-06-09 11:56:57:778	250	0
2020-06-09 11:56:58:785	250	0
2020-06-09 11:56:59:774	250	0
2020-06-09 11:57:00:781	250	0
2020-06-09 11:57:01:770	250	0
2020-06-09 11:57:02:773	250	0
2020-06-09 11:57:03:785	250	0
2020-06-09 11:57:04:788	250	0
2020-06-09 11:57:05:774	250	0
2020-06-09 11:57:06:784	250	0
2020-06-09 11:57:07:789	250	0
2020-06-09 11:57:08:796	250	0
2020-06-09 11:57:09:785	250	0
2020-06-09 11:57:10:772	250	0
2020-06-09 11:57:11:797	250	0
2020-06-09 11:57:12:787	250	0
2020-06-09 11:57:13:777	250	0
2020-06-09 11:57:14:780	250	0
2020-06-09 11:57:15:769	250	0
2020-06-09 11:57:16:775	250	0
2020-06-09 11:57:17:783	250	0
2020-06-09 11:57:18:790	250	0
2020-06-09 11:57:19:795	250	0
2020-06-09 11:57:20:787	250	0
2020-06-09 11:57:21:793	250	0
2020-06-09 11:57:22:781	250	0
2020-06-09 11:57:23:787	250	0
2020-06-09 11:57:24:779	250	0
2020-06-09 11:57:25:783	250	0
2020-06-09 11:57:26:789	250	0
2020-06-09 11:57:27:778	250	0
2020-06-09 11:57:28:785	250	0
2020-06-09 11:57:29:790	250	0
2020-06-09 11:57:30:796	250	0
2020-06-09 11:57:31:770	250	0
2020-06-09 11:57:32:776	250	0
2020-06-09 11:57:33:782	250	0
2020-06-09 11:57:34:771	250	0
2020-06-09 11:57:35:778	250	0
2020-06-09 11:57:36:784	250	0
2020-06-09 11:57:37:789	250	0
2020-06-09 11:57:38:795	250	0
2020-06-09 11:57:39:784	250	0
2020-06-09 11:57:40:774	250	0
2020-06-09 11:57:41:796	250	0
2020-06-09 11:57:42:770	250	0
2020-06-09 11:57:43:776	250	0
2020-06-09 11:57:44:782	250	0
2020-06-09 11:57:45:789	250	0
2020-06-09 11:57:46:778	250	0
2020-06-09 11:57:47:783	250	0
2020-06-09 11:57:48:789	250	0
2020-06-09 11:57:49:796	250	0
2020-06-09 11:57:50:786	250	0
2020-06-09 11:57:51:774	250	0
2020-06-09 11:57:52:781	250	0
2020-06-09 11:57:53:783	250	0
2020-06-09 11:57:54:773	250	0
2020-06-09 11:57:55:781	250	0
2020-06-09 11:57:56:789	250	0
2020-06-09 11:57:57:776	250	0
2020-06-09 11:57:58:786	250	0
2020-06-09 11:57:59:790	250	0
2020-06-09 11:58:00:779	250	0
2020-06-09 11:58:01:785	250	0
2020-06-09 11:58:02:775	250	0
2020-06-09 11:58:03:779	250	0
2020-06-09 11:58:04:788	250	0
2020-06-09 11:58:05:773	250	0
2020-06-09 11:58:06:785	250	0
2020-06-09 11:58:07:786	250	0
2020-06-09 11:58:08:778	250	0
2020-06-09 11:58:09:784	250	0
2020-06-09 11:58:10:790	250	0
2020-06-09 11:58:11:793	250	0
2020-06-09 11:58:12:786	250	0
2020-06-09 11:58:13:774	250	0
2020-06-09 11:58:14:779	250	0
2020-06-09 11:58:15:769	250	0
2020-06-09 11:58:16:791	250	0
2020-06-09 11:58:17:784	250	0
2020-06-09 11:58:18:789	250	0
2020-06-09 11:58:19:795	250	0
2020-06-09 11:58:20:786	250	0
2020-06-09 11:58:21:775	250	0
2020-06-09 11:58:22:781	250	0
2020-06-09 11:58:23:772	250	0
2020-06-09 11:58:24:776	250	0
2020-06-09 11:58:25:782	250	0
2020-06-09 11:58:26:788	250	0
2020-06-09 11:58:27:776	250	0
2020-06-09 11:58:28:783	250	0
2020-06-09 11:58:29:794	250	0
2020-06-09 11:58:30:781	250	0
2020-06-09 11:58:31:784	250	0
2020-06-09 11:58:32:775	250	0
2020-06-09 11:58:33:796	250	0
2020-06-09 11:58:34:770	250	0
2020-06-09 11:58:35:774	250	0
2020-06-09 11:58:36:782	250	0
2020-06-09 11:58:37:789	250	0
2020-06-09 11:58:38:790	250	0
2020-06-09 11:58:39:781	250	0
2020-06-09 11:58:40:787	250	0
2020-06-09 11:58:41:777	250	0
2020-06-09 11:58:42:785	250	0
2020-06-09 11:58:43:787	250	0
2020-06-09 11:58:44:788	250	0
2020-06-09 11:58:45:784	250	0
2020-06-09 11:58:46:774	250	0
2020-06-09 11:58:47:780	250	0
2020-06-09 11:58:48:787	250	0
2020-06-09 11:58:49:790	250	0
2020-06-09 11:58:50:781	250	0
2020-06-09 11:58:51:774	250	0
2020-06-09 11:58:52:781	250	0
2020-06-09 11:58:53:786	250	0
2020-06-09 11:58:54:772	250	0
2020-06-09 11:58:55:781	250	0
2020-06-09 11:58:56:788	250	0
2020-06-09 11:58:57:777	250	0
2020-06-09 11:58:58:784	250	0
2020-06-09 11:58:59:789	250	0
2020-06-09 11:59:00:779	250	0
2020-06-09 11:59:01:785	250	0
2020-06-09 11:59:02:775	250	0
2020-06-09 11:59:03:780	250	0
2020-06-09 11:59:04:770	250	0
2020-06-09 11:59:05:776	250	0
2020-06-09 11:59:06:781	250	0
2020-06-09 11:59:07:786	250	0
2020-06-09 11:59:08:790	250	0
2020-06-09 11:59:09:780	250	0
2020-06-09 11:59:10:790	250	0
2020-06-09 11:59:11:780	250	0
2020-06-09 11:59:12:785	250	0
2020-06-09 11:59:13:790	250	0
2020-06-09 11:59:14:781	250	0
2020-06-09 11:59:15:787	250	0
2020-06-09 11:59:16:777	250	0
2020-06-09 11:59:17:782	250	0
2020-06-09 11:59:18:787	250	0
2020-06-09 11:59:19:778	250	0
2020-06-09 11:59:20:782	250	0
2020-06-09 11:59:21:773	250	0
2020-06-09 11:59:22:792	250	0
2020-06-09 11:59:23:786	250	0
2020-06-09 11:59:24:788	250	0
2020-06-09 11:59:25:781	250	0
2020-06-09 11:59:26:783	250	0
2020-06-09 11:59:27:773	250	0
2020-06-09 11:59:28:779	250	0
2020-06-09 11:59:29:785	250	0
2020-06-09 11:59:30:775	250	0
2020-06-09 11:59:31:781	250	0.2240666
2020-06-09 11:59:32:770	250	0.2297416
2020-06-09 11:59:33:777	250	0.2091557
2020-06-09 11:59:34:789	250	0
2020-06-09 11:59:35:775	250	0
2020-06-09 11:59:36:782	250	0
2020-06-09 11:59:37:788	250	0
2020-06-09 11:59:38:790	250	0
2020-06-09 11:59:39:783	250	0
2020-06-09 11:59:40:789	250	0
2020-06-09 11:59:41:797	250	0
2020-06-09 11:59:42:769	250	0
2020-06-09 11:59:43:774	250	0
2020-06-09 11:59:44:780	250	0
2020-06-09 11:59:45:786	250	0
2020-06-09 11:59:46:777	250	0
2020-06-09 11:59:47:782	250	0
2020-06-09 11:59:48:788	250	0
2020-06-09 11:59:49:775	250	0
2020-06-09 11:59:50:797	250	0
2020-06-09 11:59:51:786	250	0
2020-06-09 11:59:52:779	250	0
2020-06-09 11:59:53:783	250	0
2020-06-09 11:59:54:791	250	0
2020-06-09 11:59:55:781	250	0
2020-06-09 11:59:56:787	250	0
2020-06-09 11:59:57:793	250	0
2020-06-09 11:59:58:783	250	0
2020-06-09 11:59:59:789	250	0
2020-06-09 12:00:00:799	250	0
2020-06-09 12:00:01:785	250	0
2020-06-09 12:00:02:771	250	0
2020-06-09 12:00:03:777	250	0
2020-06-09 12:00:04:783	250	0
2020-06-09 12:00:05:776	250	0
2020-06-09 12:00:06:782	250	0
2020-06-09 12:00:07:788	250	0
2020-06-09 12:00:08:777	250	0
2020-06-09 12:00:09:783	250	0
2020-06-09 12:00:10:790	250	0
2020-06-09 12:00:11:780	250	0
2020-06-09 12:00:12:785	250	0
2020-06-09 12:00:13:776	250	0
2020-06-09 12:00:14:782	250	0
2020-06-09 12:00:15:787	250	0
2020-06-09 12:00:16:793	250	0
2020-06-09 12:00:17:783	250	0
2020-06-09 12:00:18:788	250	0
2020-06-09 12:00:19:778	250	0
2020-06-09 12:00:20:786	250	0
2020-06-09 12:00:21:786	250	0
2020-06-09 12:00:22:798	250	0
2020-06-09 12:00:23:783	250	0
2020-06-09 12:00:24:776	250	0
2020-06-09 12:00:25:782	250	0
2020-06-09 12:00:26:771	250	0
2020-06-09 12:00:27:777	250	0
2020-06-09 12:00:28:783	250	0
2020-06-09 12:00:29:788	250	0
2020-06-09 12:00:30:775	250	0
2020-06-09 12:00:31:786	250	0
2020-06-09 12:00:32:787	250	0
2020-06-09 12:00:33:780	250	0
2020-06-09 12:00:34:785	250	0
2020-06-09 12:00:35:775	250	0
2020-06-09 12:00:36:798	250	0
2020-06-09 12:00:37:787	250	0
2020-06-09 12:00:38:774	250	0
2020-06-09 12:00:39:781	250	0
2020-06-09 12:00:40:790	250	0
2020-06-09 12:00:41:775	250	0
2020-06-09 12:00:42:783	250	0
2020-06-09 12:00:43:788	250	0
2020-06-09 12:00:44:777	250	0
2020-06-09 12:00:45:788	250	0
2020-06-09 12:00:46:789	250	0
2020-06-09 12:00:47:783	250	0
2020-06-09 12:00:48:773	250	0
2020-06-09 12:00:49:778	250	0
2020-06-09 12:00:50:784	250	0
2020-06-09 12:00:51:773	250	0
2020-06-09 12:00:52:779	250	0
2020-06-09 12:00:53:783	250	0
2020-06-09 12:00:54:788	250	0
2020-06-09 12:00:55:778	250	0
2020-06-09 12:00:56:790	250	0.1848508
2020-06-09 12:00:57:794	250	0
2020-06-09 12:00:58:783	250	0
2020-06-09 12:00:59:788	250	0
2020-06-09 12:01:00:778	250	0
2020-06-09 12:01:01:784	250	0
2020-06-09 12:01:02:774	250	0
2020-06-09 12:01:03:782	250	0
2020-06-09 12:01:04:786	250	0
2020-06-09 12:01:05:775	250	0
2020-06-09 12:01:06:782	250	0
2020-06-09 12:01:07:784	250	0
2020-06-09 12:01:08:779	250	0
2020-06-09 12:01:09:783	250	0
2020-06-09 12:01:10:785	250	0
2020-06-09 12:01:11:779	250	0
2020-06-09 12:01:12:784	250	0
2020-06-09 12:01:13:774	250	0
2020-06-09 12:01:14:781	250	0
2020-06-09 12:01:15:770	250	0
2020-06-09 12:01:16:792	250	0
2020-06-09 12:01:17:780	250	0
2020-06-09 12:01:18:788	250	0
2020-06-09 12:01:19:794	250	0
2020-06-09 12:01:20:782	250	0
2020-06-09 12:01:21:786	250	0
2020-06-09 12:01:22:795	250	0
2020-06-09 12:01:23:786	250	0
2020-06-09 12:01:24:775	250	0
2020-06-09 12:01:25:781	250	0
2020-06-09 12:01:26:783	250	0
2020-06-09 12:01:27:776	250	0
2020-06-09 12:01:28:783	250	0
2020-06-09 12:01:29:772	250	0
2020-06-09 12:01:30:777	250	0
2020-06-09 12:01:31:785	250	0.2209258
2020-06-09 12:01:32:790	250	0.2063494
2020-06-09 12:01:33:784	250	0
2020-06-09 12:01:34:782	250	0
2020-06-09 12:01:35:790	250	0
2020-06-09 12:01:36:779	250	0
2020-06-09 12:01:37:768	250	0
2020-06-09 12:01:38:773	250	0
2020-06-09 12:01:39:779	250	0
2020-06-09 12:01:40:785	250	0
2020-06-09 12:01:41:776	250	0
2020-06-09 12:01:42:785	250	0
2020-06-09 12:01:43:789	250	0
2020-06-09 12:01:44:795	250	0
2020-06-09 12:01:45:786	250	0
2020-06-09 12:01:46:775	250	0
2020-06-09 12:01:47:779	250	0
2020-06-09 12:01:48:784	250	0
2020-06-09 12:01:49:792	250	0
2020-06-09 12:01:50:782	250	0
2020-06-09 12:01:51:771	250	0
2020-06-09 12:01:52:775	250	0
2020-06-09 12:01:53:783	250	0
2020-06-09 12:01:54:787	250	0
2020-06-09 12:01:55:777	250	0
2020-06-09 12:01:56:782	250	0
2020-06-09 12:01:57:775	250	0
2020-06-09 12:01:58:778	250	0
2020-06-09 12:01:59:768	250	0
2020-06-09 12:02:00:777	250	0
2020-06-09 12:02:01:783	250	0
2020-06-09 12:02:02:788	250	0
2020-06-09 12:02:03:795	250	0
2020-06-09 12:02:04:785	250	0
2020-06-09 12:02:05:775	250	0
2020-06-09 12:02:06:780	250	0
2020-06-09 12:02:07:787	250	0
2020-06-09 12:02:08:775	250	0
2020-06-09 12:02:09:782	250	0
2020-06-09 12:02:10:784	250	0
2020-06-09 12:02:11:778	250	0
2020-06-09 12:02:12:783	250	0
2020-06-09 12:02:13:789	250	0
2020-06-09 12:02:14:795	250	0
2020-06-09 12:02:15:785	250	0
2020-06-09 12:02:16:791	250	0
2020-06-09 12:02:17:781	250	0
2020-06-09 12:02:18:769	250	0
2020-06-09 12:02:19:792	250	0
2020-06-09 12:02:20:782	250	0
2020-06-09 12:02:21:788	250	0
2020-06-09 12:02:22:777	250	0
2020-06-09 12:02:23:783	250	0
2020-06-09 12:02:24:789	250	0
2020-06-09 12:02:25:780	250	0
2020-06-09 12:02:26:785	250	0
2020-06-09 12:02:27:791	250	0
2020-06-09 12:02:28:781	250	0
2020-06-09 12:02:29:786	250	0
2020-06-09 12:02:30:776	250	0
2020-06-09 12:02:31:782	250	0
2020-06-09 12:02:32:786	250	0
2020-06-09 12:02:33:776	250	0
2020-06-09 12:02:34:781	250	0
2020-06-09 12:02:35:790	250	0
2020-06-09 12:02:36:776	250	0
2020-06-09 12:02:37:785	250	0
2020-06-09 12:02:38:793	250	0
2020-06-09 12:02:39:781	250	0
2020-06-09 12:02:40:787	250	0
2020-06-09 12:02:41:777	250	0
2020-06-09 12:02:42:798	250	0
2020-06-09 12:02:43:789	250	0
2020-06-09 12:02:44:778	250	0
2020-06-09 12:02:45:781	250	0
2020-06-09 12:02:46:774	250	0
2020-06-09 12:02:47:780	250	0
2020-06-09 12:02:48:781	250	0
2020-06-09 12:02:49:775	250	0
2020-06-09 12:02:50:782	250	0
2020-06-09 12:02:51:787	250	0
2020-06-09 12:02:52:776	250	0
2020-06-09 12:02:53:783	250	0
2020-06-09 12:02:54:788	250	0
2020-06-09 12:02:55:778	250	0
2020-06-09 12:02:56:781	250	0
2020-06-09 12:02:57:772	250	0
2020-06-09 12:02:58:778	250	0
2020-06-09 12:02:59:783	250	0
2020-06-09 12:03:00:772	250	0
2020-06-09 12:03:01:780	250	0
2020-06-09 12:03:02:769	250	0
2020-06-09 12:03:03:787	250	0
2020-06-09 12:03:04:785	250	0
2020-06-09 12:03:05:789	250	0
2020-06-09 12:03:06:794	250	0
2020-06-09 12:03:07:789	262	0.2504723
2020-06-09 12:03:08:776	260	0.2030016
2020-06-09 12:03:09:782	260	0
2020-06-09 12:03:10:787	260	0
2020-06-09 12:03:11:792	260	0
2020-06-09 12:03:12:782	260	0
2020-06-09 12:03:13:786	260	0
2020-06-09 12:03:14:779	260	0
2020-06-09 12:03:15:781	260	0
2020-06-09 12:03:16:790	260	0
2020-06-09 12:03:17:777	260	0
2020-06-09 12:03:18:784	260	0
2020-06-09 12:03:19:789	260	0
2020-06-09 12:03:20:780	260	0
2020-06-09 12:03:21:788	260	0
2020-06-09 12:03:22:776	260	0
2020-06-09 12:03:23:784	260	0
2020-06-09 12:03:24:789	260	0
2020-06-09 12:03:25:779	260	0
2020-06-09 12:03:26:784	260	0
2020-06-09 12:03:27:790	260	0
2020-06-09 12:03:28:780	260	0
2020-06-09 12:03:29:785	260	0
2020-06-09 12:03:30:776	260	0
2020-06-09 12:03:31:778	260	0
2020-06-09 12:03:32:771	260	0
2020-06-09 12:03:33:775	260	0
2020-06-09 12:03:34:781	260	0
2020-06-09 12:03:35:789	260	0
2020-06-09 12:03:36:779	260	0
2020-06-09 12:03:37:783	260	0
2020-06-09 12:03:38:790	260	0
2020-06-09 12:03:39:797	260	0
2020-06-09 12:03:40:786	260	0
2020-06-09 12:03:41:793	260	0
2020-06-09 12:03:42:782	260	0
2020-06-09 12:03:43:771	260	0
2020-06-09 12:03:44:779	260	0
2020-06-09 12:03:45:767	260	0
2020-06-09 12:03:46:790	260	0
2020-06-09 12:03:47:779	260	0
2020-06-09 12:03:48:782	260	0
2020-06-09 12:03:49:775	260	0
2020-06-09 12:03:50:783	260	0
2020-06-09 12:03:51:787	260	0
2020-06-09 12:03:52:774	260	0
2020-06-09 12:03:53:779	260	0
2020-06-09 12:03:54:786	260	0
2020-06-09 12:03:55:796	260	0
2020-06-09 12:03:56:784	260	0
2020-06-09 12:03:57:773	260	0
2020-06-09 12:03:58:796	260	0
2020-06-09 12:03:59:785	260	0
2020-06-09 12:04:00:775	260	0
2020-06-09 12:04:01:780	260	0
2020-06-09 12:04:02:770	260	0
2020-06-09 12:04:03:777	260	0
2020-06-09 12:04:04:767	260	0
2020-06-09 12:04:05:772	260	0
2020-06-09 12:04:06:794	260	0
2020-06-09 12:04:07:784	260	0
2020-06-09 12:04:08:774	260	0
2020-06-09 12:04:09:782	260	0
2020-06-09 12:04:10:788	260	0
2020-06-09 12:04:11:792	260	0
2020-06-09 12:04:12:783	260	0
2020-06-09 12:04:13:789	260	0
2020-06-09 12:04:14:779	260	0
2020-06-09 12:04:15:783	260	0
2020-06-09 12:04:16:790	260	0
2020-06-09 12:04:17:781	260	0
2020-06-09 12:04:18:786	260	0
2020-06-09 12:04:19:791	260	0
2020-06-09 12:04:20:781	260	0
2020-06-09 12:04:21:786	260	0
2020-06-09 12:04:22:777	260	0
2020-06-09 12:04:23:780	260	0
2020-06-09 12:04:24:788	260	0
2020-06-09 12:04:25:778	260	0
2020-06-09 12:04:26:780	260	0
2020-06-09 12:04:27:787	260	0
2020-06-09 12:04:28:781	260	0
2020-06-09 12:04:29:784	260	0
2020-06-09 12:04:30:789	260	0
2020-06-09 12:04:31:778	260	0
2020-06-09 12:04:32:785	260	0
2020-06-09 12:04:33:790	260	0
2020-06-09 12:04:34:779	260	0
2020-06-09 12:04:35:770	260	0
2020-06-09 12:04:36:779	260	0
2020-06-09 12:04:37:782	260	0
2020-06-09 12:04:38:775	260	0
2020-06-09 12:04:39:780	260	0
2020-06-09 12:04:40:771	260	0
2020-06-09 12:04:41:775	260	0
2020-06-09 12:04:42:782	260	0
2020-06-09 12:04:43:787	260	0
2020-06-09 12:04:44:777	260	0
2020-06-09 12:04:45:782	260	0
2020-06-09 12:04:46:788	260	0
2020-06-09 12:04:47:779	260	0
2020-06-09 12:04:48:784	260	0
2020-06-09 12:04:49:788	260	0
2020-06-09 12:04:50:792	260	0
2020-06-09 12:04:51:783	260	0
2020-06-09 12:04:52:789	260	0
2020-06-09 12:04:53:783	260	0
2020-06-09 12:04:54:773	260	0
2020-06-09 12:04:55:793	260	0
2020-06-09 12:04:56:783	260	0
2020-06-09 12:04:57:773	260	0
2020-06-09 12:04:58:795	260	0
2020-06-09 12:04:59:786	260	0
2020-06-09 12:05:00:790	260	0
2020-06-09 12:05:01:782	260	0
2020-06-09 12:05:02:786	260	0
2020-06-09 12:05:03:776	260	0
2020-06-09 12:05:04:782	260	0
2020-06-09 12:05:05:787	260	0
2020-06-09 12:05:06:777	260	0
2020-06-09 12:05:07:784	260	0
2020-06-09 12:05:08:789	260	0
2020-06-09 12:05:09:796	260	0
2020-06-09 12:05:10:787	260	0
2020-06-09 12:05:11:790	260	0
2020-06-09 12:05:12:776	260	0
2020-06-09 12:05:13:789	260	0
2020-06-09 12:05:14:791	260	0
2020-06-09 12:05:15:782	260	0
2020-06-09 12:05:16:774	260	0
2020-06-09 12:05:17:777	260	0
2020-06-09 12:05:18:783	260	0
2020-06-09 12:05:19:791	260	0
2020-06-09 12:05:20:777	260	0
2020-06-09 12:05:21:785	260	0
2020-06-09 12:05:22:775	260	0
2020-06-09 12:05:23:784	256	0.2324713
2020-06-09 12:05:24:773	256	0
2020-06-09 12:05:25:776	256	0
2020-06-09 12:05:26:782	256	0
2020-06-09 12:05:27:772	256	0
2020-06-09 12:05:28:779	256	0
2020-06-09 12:05:29:784	256	0
2020-06-09 12:05:30:773	256	0
2020-06-09 12:05:31:783	256	0.1995293
2020-06-09 12:05:32:789	256	0
2020-06-09 12:05:33:792	256	0
2020-06-09 12:05:34:781	256	0
2020-06-09 12:05:35:784	256	0
2020-06-09 12:05:36:793	256	0
2020-06-09 12:05:37:783	256	0
2020-06-09 12:05:38:788	256	0
2020-06-09 12:05:39:778	256	0
2020-06-09 12:05:40:786	256	0
2020-06-09 12:05:41:772	256	0
2020-06-09 12:05:42:777	256	0
2020-06-09 12:05:43:784	256	0
2020-06-09 12:05:44:789	256	0
2020-06-09 12:05:45:779	256	0
2020-06-09 12:05:46:790	256	0
2020-06-09 12:05:47:780	256	0
2020-06-09 12:05:48:784	256	0
2020-06-09 12:05:49:789	256	0
2020-06-09 12:05:50:781	256	0
2020-06-09 12:05:51:785	256	0
2020-06-09 12:05:52:775	256	0
2020-06-09 12:05:53:780	256	0
2020-06-09 12:05:54:770	256	0
2020-06-09 12:05:55:776	256	0
2020-06-09 12:05:56:783	256	0
2020-06-09 12:05:57:772	256	0
2020-06-09 12:05:58:775	256	0
2020-06-09 12:05:59:784	256	0
2020-06-09 12:06:00:790	256	0
2020-06-09 12:06:01:776	256	0
2020-06-09 12:06:02:785	256	0
2020-06-09 12:06:03:775	256	0
2020-06-09 12:06:04:781	256	0
2020-06-09 12:06:05:771	256	0
2020-06-09 12:06:06:777	256	0
2020-06-09 12:06:07:783	256	0
2020-06-09 12:06:08:788	256	0
2020-06-09 12:06:09:776	256	0
2020-06-09 12:06:10:784	256	0
2020-06-09 12:06:11:775	256	0
2020-06-09 12:06:12:781	256	0
2020-06-09 12:06:13:786	256	0
2020-06-09 12:06:14:776	256	0
2020-06-09 12:06:15:782	256	0
2020-06-09 12:06:16:788	256	0
2020-06-09 12:06:17:794	256	0
2020-06-09 12:06:18:784	256	0
2020-06-09 12:06:19:789	256	0
2020-06-09 12:06:20:797	256	0
2020-06-09 12:06:21:786	256	0
2020-06-09 12:06:22:791	256	0
2020-06-09 12:06:23:781	256	0
2020-06-09 12:06:24:772	256	0
2020-06-09 12:06:25:778	256	0
2020-06-09 12:06:26:782	256	0
2020-06-09 12:06:27:788	256	0
2020-06-09 12:06:28:778	256	0
2020-06-09 12:06:29:786	256	0
2020-06-09 12:06:30:790	256	0
2020-06-09 12:06:31:796	256	0
2020-06-09 12:06:32:787	256	0
2020-06-09 12:06:33:775	256	0
2020-06-09 12:06:34:797	256	0
2020-06-09 12:06:35:786	256	0
2020-06-09 12:06:36:791	256	0
2020-06-09 12:06:37:780	256	0
2020-06-09 12:06:38:773	256	0
2020-06-09 12:06:39:778	256	0
2020-06-09 12:06:40:784	256	0
2020-06-09 12:06:41:790	256	0
2020-06-09 12:06:42:780	256	0
2020-06-09 12:06:43:786	256	0
2020-06-09 12:06:44:790	256	0
2020-06-09 12:06:45:781	256	0
2020-06-09 12:06:46:787	256	0
2020-06-09 12:06:47:774	256	0
2020-06-09 12:06:48:783	256	0
2020-06-09 12:06:49:771	256	0
2020-06-09 12:06:50:775	256	0
2020-06-09 12:06:51:781	256	0
2020-06-09 12:06:52:794	256	0
2020-06-09 12:06:53:777	256	0
2020-06-09 12:06:54:783	256	0
2020-06-09 12:06:55:792	256	0
2020-06-09 12:06:56:782	256	0
2020-06-09 12:06:57:788	256	0
2020-06-09 12:06:58:774	256	0
2020-06-09 12:06:59:783	256	0
2020-06-09 12:07:00:786	256	0
2020-06-09 12:07:01:796	256	0
2020-06-09 12:07:02:782	256	0
2020-06-09 12:07:03:788	256	0
2020-06-09 12:07:04:781	256	0
2020-06-09 12:07:05:770	256	0
2020-06-09 12:07:06:776	256	0
2020-06-09 12:07:07:790	256	0
2020-06-09 12:07:08:788	256	0
2020-06-09 12:07:09:780	256	0
2020-06-09 12:07:10:783	256	0
2020-06-09 12:07:11:791	256	0
2020-06-09 12:07:12:779	256	0
2020-06-09 12:07:13:786	256	0
2020-06-09 12:07:14:791	256	0
2020-06-09 12:07:15:781	256	0
2020-06-09 12:07:16:786	256	0
2020-06-09 12:07:17:776	256	0
2020-06-09 12:07:18:797	256	0
2020-06-09 12:07:19:786	256	0
2020-06-09 12:07:20:790	256	0
2020-06-09 12:07:21:783	256	0
2020-06-09 12:07:22:787	256	0
2020-06-09 12:07:23:779	256	0
2020-06-09 12:07:24:783	256	0
2020-06-09 12:07:25:777	254	0.230163
2020-06-09 12:07:26:782	254	0
2020-06-09 12:07:27:786	254	0
2020-06-09 12:07:28:776	254	0
2020-06-09 12:07:29:782	254	0
2020-06-09 12:07:30:787	254	0
2020-06-09 12:07:31:793	254	0
2020-06-09 12:07:32:783	254	0
2020-06-09 12:07:33:774	254	0
2020-06-09 12:07:34:796	254	0
2020-06-09 12:07:35:769	254	0
2020-06-09 12:07:36:773	254	0
2020-06-09 12:07:37:798	254	0
2020-06-09 12:07:38:787	254	0
2020-06-09 12:07:39:789	254	0
2020-06-09 12:07:40:783	254	0
2020-06-09 12:07:41:772	254	0
2020-06-09 12:07:42:774	254	0
2020-06-09 12:07:43:785	254	0
2020-06-09 12:07:44:789	254	0
2020-06-09 12:07:45:779	254	0
2020-06-09 12:07:46:785	254	0
2020-06-09 12:07:47:791	254	0
2020-06-09 12:07:48:781	254	0
2020-06-09 12:07:49:786	254	0
2020-06-09 12:07:50:792	254	0
2020-06-09 12:07:51:781	254	0.2289046
2020-06-09 12:07:52:788	254	0.2070427
2020-06-09 12:07:53:791	254	0
2020-06-09 12:07:54:782	254	0
2020-06-09 12:07:55:787	254	0
2020-06-09 12:07:56:780	254	0
2020-06-09 12:07:57:767	254	0
2020-06-09 12:07:58:791	254	0
2020-06-09 12:07:59:782	254	0
2020-06-09 12:08:00:787	254	0
2020-06-09 12:08:01:777	254	0
2020-06-09 12:08:02:782	254	0
2020-06-09 12:08:03:786	254	0
2020-06-09 12:08:04:778	254	0
2020-06-09 12:08:05:782	254	0
2020-06-09 12:08:06:774	254	0
2020-06-09 12:08:07:796	254	0
2020-06-09 12:08:08:786	254	0
2020-06-09 12:08:09:772	254	0
2020-06-09 12:08:10:781	254	0
2020-06-09 12:08:11:785	254	0
2020-06-09 12:08:12:777	254	0
2020-06-09 12:08:13:781	254	0
2020-06-09 12:08:14:789	254	0
2020-06-09 12:08:15:779	254	0
2020-06-09 12:08:16:784	254	0
2020-06-09 12:08:17:774	254	0
2020-06-09 12:08:18:797	254	0
2020-06-09 12:08:19:786	254	0
2020-06-09 12:08:20:776	254	0
2020-06-09 12:08:21:780	254	0
2020-06-09 12:08:22:787	254	0
2020-06-09 12:08:23:778	254	0
2020-06-09 12:08:24:784	254	0
2020-06-09 12:08:25:787	254	0
2020-06-09 12:08:26:779	254	0
2020-06-09 12:08:27:785	254	0
2020-06-09 12:08:28:788	254	0
2020-06-09 12:08:29:780	254	0
2020-06-09 12:08:30:786	254	0
2020-06-09 12:08:31:775	254	0
2020-06-09 12:08:32:782	254	0
2020-06-09 12:08:33:788	254	0
2020-06-09 12:08:34:778	254	0
2020-06-09 12:08:35:783	254	0
2020-06-09 12:08:36:771	254	0
2020-06-09 12:08:37:779	254	0
2020-06-09 12:08:38:771	254	0
2020-06-09 12:08:39:790	254	0
2020-06-09 12:08:40:781	254	0
2020-06-09 12:08:41:788	254	0
2020-06-09 12:08:42:772	254	0
2020-06-09 12:08:43:778	254	0
2020-06-09 12:08:44:784	254	0
2020-06-09 12:08:45:775	254	0
2020-06-09 12:08:46:780	254	0
2020-06-09 12:08:47:787	254	0
2020-06-09 12:08:48:795	254	0
2020-06-09 12:08:49:786	254	0
2020-06-09 12:08:50:791	254	0
2020-06-09 12:08:51:779	254	0
2020-06-09 12:08:52:784	254	0
2020-06-09 12:08:53:789	254	0
2020-06-09 12:08:54:780	254	0
2020-06-09 12:08:55:772	254	0
2020-06-09 12:08:56:777	254	0
2020-06-09 12:08:57:784	254	0
2020-06-09 12:08:58:789	254	0
2020-06-09 12:08:59:780	254	0
2020-06-09 12:09:00:786	254	0
2020-06-09 12:09:01:775	254	0
2020-06-09 12:09:02:781	254	0
2020-06-09 12:09:03:784	254	0
2020-06-09 12:09:04:776	254	0
2020-06-09 12:09:05:782	254	0
2020-06-09 12:09:06:789	254	0
2020-06-09 12:09:07:793	254	0
2020-06-09 12:09:08:784	254	0
2020-06-09 12:09:09:790	254	0
2020-06-09 12:09:10:797	254	0
2020-06-09 12:09:11:785	254	0
2020-06-09 12:09:12:775	254	0
2020-06-09 12:09:13:777	254	0
2020-06-09 12:09:14:787	254	0
2020-06-09 12:09:15:792	254	0
2020-06-09 12:09:16:782	254	0
2020-06-09 12:09:17:786	254	0
2020-06-09 12:09:18:780	254	0
2020-06-09 12:09:19:783	254	0
2020-06-09 12:09:20:773	254	0
2020-06-09 12:09:21:779	254	0
2020-06-09 12:09:22:783	254	0
2020-06-09 12:09:23:775	254	0
2020-06-09 12:09:24:778	254	0
2020-06-09 12:09:25:786	254	0
2020-06-09 12:09:26:773	254	0
2020-06-09 12:09:27:784	254	0
2020-06-09 12:09:28:785	254	0
2020-06-09 12:09:29:794	254	0
2020-06-09 12:09:30:780	254	0
2020-06-09 12:09:31:785	254	0
2020-06-09 12:09:32:780	254	0
2020-06-09 12:09:33:786	254	0
2020-06-09 12:09:34:791	254	0
2020-06-09 12:09:35:780	254	0
2020-06-09 12:09:36:803	254	0
2020-06-09 12:09:37:777	254	0
2020-06-09 12:09:38:782	254	0
2020-06-09 12:09:39:772	254	0
2020-06-09 12:09:40:780	254	0
2020-06-09 12:09:41:784	254	0
2020-06-09 12:09:42:790	254	0
2020-06-09 12:09:43:796	254	0
2020-06-09 12:09:44:786	254	0
2020-06-09 12:09:45:775	254	0
2020-06-09 12:09:46:781	254	0
2020-06-09 12:09:47:787	254	0
2020-06-09 12:09:48:793	254	0
2020-06-09 12:09:49:780	254	0
2020-06-09 12:09:50:786	254	0
2020-06-09 12:09:51:776	254	0
2020-06-09 12:09:52:797	254	0
2020-06-09 12:09:53:772	254	0
2020-06-09 12:09:54:780	254	0
2020-06-09 12:09:55:769	254	0
2020-06-09 12:09:56:776	254	0
2020-06-09 12:09:57:782	254	0
2020-06-09 12:09:58:790	254	0
2020-06-09 12:09:59:777	254	0
2020-06-09 12:10:00:784	254	0
2020-06-09 12:10:01:788	254	0
2020-06-09 12:10:02:781	254	0
2020-06-09 12:10:03:784	254	0
2020-06-09 12:10:04:790	254	0
2020-06-09 12:10:05:780	254	0
2020-06-09 12:10:06:785	254	0
2020-06-09 12:10:07:776	254	0
2020-06-09 12:10:08:797	254	0
2020-06-09 12:10:09:783	254	0
2020-06-09 12:10:10:778	254	0
2020-06-09 12:10:11:783	254	0
2020-06-09 12:10:12:790	254	0
2020-06-09 12:10:13:778	254	0
2020-06-09 12:10:14:768	254	0
2020-06-09 12:10:15:788	254	0
2020-06-09 12:10:16:781	254	0
2020-06-09 12:10:17:784	254	0
2020-06-09 12:10:18:776	254	0
2020-06-09 12:10:19:780	254	0
2020-06-09 12:10:20:784	254	0
2020-06-09 12:10:21:794	254	0
2020-06-09 12:10:22:783	254	0
2020-06-09 12:10:23:789	254	0
2020-06-09 12:10:24:780	254	0
2020-06-09 12:10:25:785	254	0
2020-06-09 12:10:26:775	254	0
2020-06-09 12:10:27:796	254	0
2020-06-09 12:10:28:786	254	0
2020-06-09 12:10:29:777	254	0
2020-06-09 12:10:30:782	254	0
2020-06-09 12:10:31:789	254	0
2020-06-09 12:10:32:777	254	0
2020-06-09 12:10:33:784	254	0
2020-06-09 12:10:34:789	254	0
2020-06-09 12:10:35:780	254	0
2020-06-09 12:10:36:784	254	0
2020-06-09 12:10:37:791	254	0
2020-06-09 12:10:38:797	254	0
2020-06-09 12:10:39:786	254	0
2020-06-09 12:10:40:777	254	0
2020-06-09 12:10:41:780	254	0
2020-06-09 12:10:42:772	254	0
2020-06-09 12:10:43:775	254	0
2020-06-09 12:10:44:784	254	0
2020-06-09 12:10:45:771	254	0
2020-06-09 12:10:46:776	254	0
2020-06-09 12:10:47:782	254	0
2020-06-09 12:10:48:788	254	0
2020-06-09 12:10:49:778	254	0
2020-06-09 12:10:50:783	254	0
2020-06-09 12:10:51:789	254	0
2020-06-09 12:10:52:795	254	0
2020-06-09 12:10:53:769	254	0
2020-06-09 12:10:54:791	254	0
2020-06-09 12:10:55:782	254	0
2020-06-09 12:10:56:790	254	0
2020-06-09 12:10:57:797	254	0
2020-06-09 12:10:58:767	254	0
2020-06-09 12:10:59:775	254	0
2020-06-09 12:11:00:782	254	0
2020-06-09 12:11:01:787	254	0
2020-06-09 12:11:02:777	254	0
2020-06-09 12:11:03:782	254	0
2020-06-09 12:11:04:773	254	0
2020-06-09 12:11:05:781	254	0
2020-06-09 12:11:06:784	254	0
2020-06-09 12:11:07:790	254	0
2020-06-09 12:11:08:780	254	0
2020-06-09 12:11:09:783	254	0
2020-06-09 12:11:10:776	254	0
2020-06-09 12:11:11:782	254	0
2020-06-09 12:11:12:788	254	0
2020-06-09 12:11:13:779	254	0
2020-06-09 12:11:14:784	254	0
2020-06-09 12:11:15:789	254	0
2020-06-09 12:11:16:796	254	0
2020-06-09 12:11:17:787	254	0
2020-06-09 12:11:18:791	254	0
2020-06-09 12:11:19:781	254	0
2020-06-09 12:11:20:787	254	0
2020-06-09 12:11:21:777	254	0
2020-06-09 12:11:22:782	254	0
2020-06-09 12:11:23:788	254	0
2020-06-09 12:11:24:778	254	0
2020-06-09 12:11:25:783	254	0
2020-06-09 12:11:26:790	254	0
2020-06-09 12:11:27:779	254	0
2020-06-09 12:11:28:785	254	0
2020-06-09 12:11:29:791	254	0
2020-06-09 12:11:30:781	254	0
2020-06-09 12:11:31:785	254	0
2020-06-09 12:11:32:790	254	0
2020-06-09 12:11:33:784	254	0
2020-06-09 12:11:34:772	254	0
2020-06-09 12:11:35:778	254	0
2020-06-09 12:11:36:786	254	0
2020-06-09 12:11:37:773	254	0
2020-06-09 12:11:38:781	254	0
2020-06-09 12:11:39:785	254	0
2020-06-09 12:11:40:776	254	0
2020-06-09 12:11:41:784	254	0
2020-06-09 12:11:42:770	254	0
2020-06-09 12:11:43:778	254	0
2020-06-09 12:11:44:779	254	0
2020-06-09 12:11:45:789	254	0
2020-06-09 12:11:46:778	254	0
2020-06-09 12:11:47:781	254	0
2020-06-09 12:11:48:790	254	0
2020-06-09 12:11:49:780	254	0
2020-06-09 12:11:50:788	254	0
2020-06-09 12:11:51:791	254	0
2020-06-09 12:11:52:780	254	0
2020-06-09 12:11:53:787	254	0
2020-06-09 12:11:54:778	254	0
2020-06-09 12:11:55:780	254	0
2020-06-09 12:11:56:778	254	0
2020-06-09 12:11:57:791	254	0
2020-06-09 12:11:58:780	254	0
2020-06-09 12:11:59:773	254	0
2020-06-09 12:12:00:780	254	0
2020-06-09 12:12:01:770	254	0
2020-06-09 12:12:02:775	254	0
2020-06-09 12:12:03:781	254	0
2020-06-09 12:12:04:788	254	0
2020-06-09 12:12:05:777	254	0
2020-06-09 12:12:06:783	254	0
2020-06-09 12:12:07:789	254	0
2020-06-09 12:12:08:779	254	0
2020-06-09 12:12:09:785	254	0
2020-06-09 12:12:10:788	254	0
2020-06-09 12:12:11:781	254	0
2020-06-09 12:12:12:782	254	0
2020-06-09 12:12:13:791	254	0
2020-06-09 12:12:14:779	254	0
2020-06-09 12:12:15:784	254	0
2020-06-09 12:12:16:790	254	0
2020-06-09 12:12:17:785	254	0
2020-06-09 12:12:18:789	254	0
2020-06-09 12:12:19:796	254	0
2020-06-09 12:12:20:784	254	0
2020-06-09 12:12:21:790	254	0
2020-06-09 12:12:22:780	254	0
2020-06-09 12:12:23:786	254	0
2020-06-09 12:12:24:792	254	0
2020-06-09 12:12:25:798	254	0
2020-06-09 12:12:26:788	254	0
2020-06-09 12:12:27:777	254	0
2020-06-09 12:12:28:783	254	0
2020-06-09 12:12:29:791	254	0
2020-06-09 12:12:30:776	254	0
2020-06-09 12:12:31:784	254	0
2020-06-09 12:12:32:774	254	0
2020-06-09 12:12:33:793	254	0
2020-06-09 12:12:34:770	254	0
2020-06-09 12:12:35:776	254	0
2020-06-09 12:12:36:781	254	0
2020-06-09 12:12:37:785	254	0
2020-06-09 12:12:38:778	254	0
2020-06-09 12:12:39:784	254	0
2020-06-09 12:12:40:788	254	0
2020-06-09 12:12:41:777	254	0
2020-06-09 12:12:42:790	254	0
2020-06-09 12:12:43:774	254	0
2020-06-09 12:12:44:781	254	0
2020-06-09 12:12:45:786	254	0
2020-06-09 12:12:46:792	254	0
2020-06-09 12:12:47:780	254	0
2020-06-09 12:12:48:788	254	0
2020-06-09 12:12:49:794	254	0
2020-06-09 12:12:50:783	254	0
2020-06-09 12:12:51:791	254	0.206275
2020-06-09 12:12:52:783	254	0
2020-06-09 12:12:53:785	254	0
2020-06-09 12:12:54:790	254	0
2020-06-09 12:12:55:781	254	0
2020-06-09 12:12:56:768	254	0
2020-06-09 12:12:57:774	254	0
2020-06-09 12:12:58:779	254	0
2020-06-09 12:12:59:785	254	0
2020-06-09 12:13:00:775	254	0
2020-06-09 12:13:01:785	254	0
2020-06-09 12:13:02:771	254	0
2020-06-09 12:13:03:779	254	0
2020-06-09 12:13:04:782	254	0
2020-06-09 12:13:05:775	254	0
2020-06-09 12:13:06:779	254	0
2020-06-09 12:13:07:787	254	0
2020-06-09 12:13:08:791	254	0
2020-06-09 12:13:09:782	254	0
2020-06-09 12:13:10:788	254	0
2020-06-09 12:13:11:795	254	0
2020-06-09 12:13:12:785	254	0
2020-06-09 12:13:13:790	254	0
2020-06-09 12:13:14:781	254	0
2020-06-09 12:13:15:785	254	0
2020-06-09 12:13:16:776	254	0
2020-06-09 12:13:17:781	254	0
2020-06-09 12:13:18:772	254	0
2020-06-09 12:13:19:774	254	0
2020-06-09 12:13:20:785	254	0
2020-06-09 12:13:21:773	254	0
2020-06-09 12:13:22:774	254	0
2020-06-09 12:13:23:784	254	0
2020-06-09 12:13:24:790	254	0
2020-06-09 12:13:25:782	254	0
2020-06-09 12:13:26:787	254	0
2020-06-09 12:13:27:793	254	0
2020-06-09 12:13:28:783	254	0
2020-06-09 12:13:29:787	254	0
2020-06-09 12:13:30:794	254	0
2020-06-09 12:13:31:780	254	0
2020-06-09 12:13:32:773	254	0
2020-06-09 12:13:33:776	254	0
2020-06-09 12:13:34:785	254	0
2020-06-09 12:13:35:776	254	0
2020-06-09 12:13:36:781	254	0
2020-06-09 12:13:37:771	254	0
2020-06-09 12:13:38:777	254	0
2020-06-09 12:13:39:782	254	0
2020-06-09 12:13:40:785	254	0
2020-06-09 12:13:41:778	254	0
2020-06-09 12:13:42:784	254	0
2020-06-09 12:13:43:790	254	0
2020-06-09 12:13:44:779	254	0
2020-06-09 12:13:45:786	254	0
2020-06-09 12:13:46:775	254	0
2020-06-09 12:13:47:781	254	0
2020-06-09 12:13:48:770	254	0
2020-06-09 12:13:49:777	254	0
2020-06-09 12:13:50:784	254	0
2020-06-09 12:13:51:789	254	0
2020-06-09 12:13:52:778	254	0
2020-06-09 12:13:53:781	254	0
2020-06-09 12:13:54:788	254	0
2020-06-09 12:13:55:778	254	0
2020-06-09 12:13:56:782	254	0
2020-06-09 12:13:57:789	254	0
2020-06-09 12:13:58:781	254	0
2020-06-09 12:13:59:790	254	0
2020-06-09 12:14:00:792	254	0
2020-06-09 12:14:01:798	254	0
2020-06-09 12:14:02:772	254	0
2020-06-09 12:14:03:778	254	0
2020-06-09 12:14:04:785	254	0
2020-06-09 12:14:05:774	254	0
2020-06-09 12:14:06:783	254	0.2160209
2020-06-09 12:14:07:772	254	0
2020-06-09 12:14:08:789	254	0
2020-06-09 12:14:09:782	254	0
2020-06-09 12:14:10:787	254	0
2020-06-09 12:14:11:774	254	0
2020-06-09 12:14:12:785	254	0
2020-06-09 12:14:13:789	254	0
2020-06-09 12:14:14:795	254	0
2020-06-09 12:14:15:784	254	0
2020-06-09 12:14:16:790	254	0
2020-06-09 12:14:17:781	254	0
2020-06-09 12:14:18:786	254	0
2020-06-09 12:14:19:789	254	0
2020-06-09 12:14:20:797	254	0
2020-06-09 12:14:21:771	254	0
2020-06-09 12:14:22:796	254	0
2020-06-09 12:14:23:783	254	0
2020-06-09 12:14:24:789	254	0
2020-06-09 12:14:25:779	254	0
2020-06-09 12:14:26:785	254	0
2020-06-09 12:14:27:791	254	0
2020-06-09 12:14:28:796	254	0
2020-06-09 12:14:29:787	254	0
2020-06-09 12:14:30:793	254	0
2020-06-09 12:14:31:783	254	0
2020-06-09 12:14:32:772	254	0
2020-06-09 12:14:33:778	254	0
2020-06-09 12:14:34:783	254	0
2020-06-09 12:14:35:789	254	0
2020-06-09 12:14:36:780	254	0
2020-06-09 12:14:37:785	254	0
2020-06-09 12:14:38:791	254	0
2020-06-09 12:14:39:782	254	0
2020-06-09 12:14:40:784	254	0
2020-06-09 12:14:41:776	254	0
2020-06-09 12:14:42:779	254	0
2020-06-09 12:14:43:773	254	0
2020-06-09 12:14:44:777	254	0
2020-06-09 12:14:45:786	254	0
2020-06-09 12:14:46:790	254	0
2020-06-09 12:14:47:796	254	0
2020-06-09 12:14:48:787	254	0
2020-06-09 12:14:49:790	254	0
2020-06-09 12:14:50:794	254	0
2020-06-09 12:14:51:784	254	0
2020-06-09 12:14:52:773	254	0
2020-06-09 12:14:53:783	254	0
2020-06-09 12:14:54:773	254	0
2020-06-09 12:14:55:779	254	0
2020-06-09 12:14:56:786	254	0
2020-06-09 12:14:57:787	254	0
2020-06-09 12:14:58:780	254	0
2020-06-09 12:14:59:786	254	0
2020-06-09 12:15:00:788	254	0
2020-06-09 12:15:01:781	254	0
2020-06-09 12:15:02:787	254	0
2020-06-09 12:15:03:793	254	0
2020-06-09 12:15:04:784	254	0
2020-06-09 12:15:05:773	254	0
2020-06-09 12:15:06:779	254	0
2020-06-09 12:15:07:785	254	0
2020-06-09 12:15:08:787	254	0
2020-06-09 12:15:09:780	254	0
2020-06-09 12:15:10:786	254	0
2020-06-09 12:15:11:792	254	0
2020-06-09 12:15:12:782	254	0
2020-06-09 12:15:13:778	254	0.1954117
2020-06-09 12:15:14:785	254	0
2020-06-09 12:15:15:787	254	0
2020-06-09 12:15:16:793	254	0
2020-06-09 12:15:17:783	254	0
2020-06-09 12:15:18:788	254	0
2020-06-09 12:15:19:778	254	0
2020-06-09 12:15:20:787	240	0.2628731
2020-06-09 12:15:21:791	237	0.2348885
2020-06-09 12:15:22:782	237	0
2020-06-09 12:15:23:770	237	0
2020-06-09 12:15:24:776	237	0
2020-06-09 12:15:25:783	237	0
2020-06-09 12:15:26:787	237	0
2020-06-09 12:15:27:777	237	0
2020-06-09 12:15:28:786	237	0.1850267
2020-06-09 12:15:29:791	237	0
2020-06-09 12:15:30:780	237	0
2020-06-09 12:15:31:769	237	0
2020-06-09 12:15:32:774	237	0
2020-06-09 12:15:33:782	237	0
2020-06-09 12:15:34:787	237	0
2020-06-09 12:15:35:792	237	0
2020-06-09 12:15:36:782	237	0
2020-06-09 12:15:37:769	237	0
2020-06-09 12:15:38:775	237	0
2020-06-09 12:15:39:764	237	0
2020-06-09 12:15:40:786	237	0
2020-06-09 12:15:41:779	237	0
2020-06-09 12:15:42:784	237	0
2020-06-09 12:15:43:790	237	0
2020-06-09 12:15:44:780	237	0
2020-06-09 12:15:45:788	237	0
2020-06-09 12:15:46:792	237	0
2020-06-09 12:15:47:782	237	0
2020-06-09 12:15:48:788	237	0
2020-06-09 12:15:49:775	237	0
2020-06-09 12:15:50:784	237	0
2020-06-09 12:15:51:771	237	0
2020-06-09 12:15:52:775	237	0
2020-06-09 12:15:53:782	237	0
2020-06-09 12:15:54:788	237	0
2020-06-09 12:15:55:777	237	0
2020-06-09 12:15:56:783	237	0
2020-06-09 12:15:57:773	237	0
2020-06-09 12:15:58:782	237	0
2020-06-09 12:15:59:785	237	0
2020-06-09 12:16:00:782	237	0
2020-06-09 12:16:01:782	237	0
2020-06-09 12:16:02:790	237	0
2020-06-09 12:16:03:777	237	0
2020-06-09 12:16:04:785	237	0
2020-06-09 12:16:05:772	237	0
2020-06-09 12:16:06:782	237	0
2020-06-09 12:16:07:785	237	0
2020-06-09 12:16:08:778	237	0
2020-06-09 12:16:09:781	237	0
2020-06-09 12:16:10:788	237	0
2020-06-09 12:16:11:780	237	0
2020-06-09 12:16:12:786	237	0
2020-06-09 12:16:13:790	237	0
2020-06-09 12:16:14:797	237	0
2020-06-09 12:16:15:787	237	0
2020-06-09 12:16:16:775	237	0
2020-06-09 12:16:17:783	237	0
2020-06-09 12:16:18:787	237	0
2020-06-09 12:16:19:777	237	0
2020-06-09 12:16:20:780	237	0
2020-06-09 12:16:21:787	237	0
2020-06-09 12:16:22:776	237	0
2020-06-09 12:16:23:786	237	0
2020-06-09 12:16:24:774	237	0
2020-06-09 12:16:25:780	237	0
2020-06-09 12:16:26:786	237	0
2020-06-09 12:16:27:775	237	0
2020-06-09 12:16:28:781	237	0
2020-06-09 12:16:29:771	237	0
2020-06-09 12:16:30:777	237	0
2020-06-09 12:16:31:783	237	0
2020-06-09 12:16:32:789	237	0
2020-06-09 12:16:33:778	237	0
2020-06-09 12:16:34:784	237	0
2020-06-09 12:16:35:788	237	0
2020-06-09 12:16:36:780	237	0
2020-06-09 12:16:37:783	237	0
2020-06-09 12:16:38:773	237	0
2020-06-09 12:16:39:781	237	0
2020-06-09 12:16:40:771	237	0
2020-06-09 12:16:41:778	237	0
2020-06-09 12:16:42:783	237	0
2020-06-09 12:16:43:789	237	0
2020-06-09 12:16:44:796	237	0
2020-06-09 12:16:45:786	237	0.2026465
2020-06-09 12:16:46:788	237	0
2020-06-09 12:16:47:780	237	0
2020-06-09 12:16:48:785	237	0
2020-06-09 12:16:49:792	237	0
2020-06-09 12:16:50:781	237	0
2020-06-09 12:16:51:787	237	0
2020-06-09 12:16:52:793	237	0
2020-06-09 12:16:53:783	237	0
2020-06-09 12:16:54:790	237	0
2020-06-09 12:16:55:776	237	0
2020-06-09 12:16:56:785	237	0
2020-06-09 12:16:57:791	237	0
2020-06-09 12:16:58:797	237	0
2020-06-09 12:16:59:786	237	0
2020-06-09 12:17:00:778	237	0
2020-06-09 12:17:01:781	237	0
2020-06-09 12:17:02:788	237	0
2020-06-09 12:17:03:777	237	0
2020-06-09 12:17:04:785	237	0
2020-06-09 12:17:05:789	237	0
2020-06-09 12:17:06:794	237	0
2020-06-09 12:17:07:783	237	0
2020-06-09 12:17:08:787	237	0
2020-06-09 12:17:09:777	237	0
2020-06-09 12:17:10:783	237	0
2020-06-09 12:17:11:777	237	0
2020-06-09 12:17:12:779	237	0
2020-06-09 12:17:13:787	237	0
2020-06-09 12:17:14:779	237	0
2020-06-09 12:17:15:785	237	0
2020-06-09 12:17:16:790	237	0
2020-06-09 12:17:17:779	237	0
2020-06-09 12:17:18:786	237	0
2020-06-09 12:17:19:791	237	0
2020-06-09 12:17:20:781	237	0
2020-06-09 12:17:21:770	237	0
2020-06-09 12:17:22:777	237	0
2020-06-09 12:17:23:784	237	0
2020-06-09 12:17:24:770	237	0
2020-06-09 12:17:25:777	237	0
2020-06-09 12:17:26:784	237	0
2020-06-09 12:17:27:770	237	0
2020-06-09 12:17:28:780	237	0
2020-06-09 12:17:29:786	237	0
2020-06-09 12:17:30:788	237	0
2020-06-09 12:17:31:780	237	0
2020-06-09 12:17:32:786	237	0
2020-06-09 12:17:33:792	237	0
2020-06-09 12:17:34:783	237	0
2020-06-09 12:17:35:785	237	0
2020-06-09 12:17:36:777	237	0
2020-06-09 12:17:37:783	237	0
2020-06-09 12:17:38:790	237	0
2020-06-09 12:17:39:795	237	0
2020-06-09 12:17:40:785	237	0
2020-06-09 12:17:41:775	237	0
2020-06-09 12:17:42:781	237	0
2020-06-09 12:17:43:786	237	0
2020-06-09 12:17:44:776	237	0
2020-06-09 12:17:45:798	237	0
2020-06-09 12:17:46:775	237	0
2020-06-09 12:17:47:780	237	0
2020-06-09 12:17:48:785	237	0
2020-06-09 12:17:49:773	237	0
2020-06-09 12:17:50:779	237	0
2020-06-09 12:17:51:785	237	0
2020-06-09 12:17:52:792	237	0
2020-06-09 12:17:53:781	237	0
2020-06-09 12:17:54:787	237	0
2020-06-09 12:17:55:777	237	0
2020-06-09 12:17:56:781	237	0
2020-06-09 12:17:57:788	237	0
2020-06-09 12:17:58:777	237	0
2020-06-09 12:17:59:781	237	0
2020-06-09 12:18:00:787	237	0
2020-06-09 12:18:01:780	237	0
2020-06-09 12:18:02:785	237	0
2020-06-09 12:18:03:776	237	0
2020-06-09 12:18:04:798	237	0
2020-06-09 12:18:05:787	237	0
2020-06-09 12:18:06:777	237	0
2020-06-09 12:18:07:783	237	0
2020-06-09 12:18:08:788	237	0
2020-06-09 12:18:09:778	237	0
2020-06-09 12:18:10:785	237	0
2020-06-09 12:18:11:774	237	0
2020-06-09 12:18:12:798	237	0
2020-06-09 12:18:13:784	237	0
2020-06-09 12:18:14:791	237	0
2020-06-09 12:18:15:779	237	0
2020-06-09 12:18:16:786	237	0
2020-06-09 12:18:17:773	237	0
2020-06-09 12:18:18:779	237	0
2020-06-09 12:18:19:785	237	0
2020-06-09 12:18:20:776	237	0
2020-06-09 12:18:21:782	237	0
2020-06-09 12:18:22:774	237	0
2020-06-09 12:18:23:777	237	0
2020-06-09 12:18:24:783	237	0
2020-06-09 12:18:25:791	237	0
2020-06-09 12:18:26:781	237	0
2020-06-09 12:18:27:787	237	0
2020-06-09 12:18:28:777	237	0
2020-06-09 12:18:29:783	237	0
2020-06-09 12:18:30:789	237	0
2020-06-09 12:18:31:781	237	0
2020-06-09 12:18:32:786	237	0
2020-06-09 12:18:33:774	237	0
2020-06-09 12:18:34:780	237	0
2020-06-09 12:18:35:785	237	0
2020-06-09 12:18:36:776	237	0
2020-06-09 12:18:37:782	237	0
2020-06-09 12:18:38:787	237	0
2020-06-09 12:18:39:777	237	0
2020-06-09 12:18:40:782	237	0
2020-06-09 12:18:41:786	237	0
2020-06-09 12:18:42:778	237	0
2020-06-09 12:18:43:782	237	0
2020-06-09 12:18:44:790	237	0
2020-06-09 12:18:45:777	237	0
2020-06-09 12:18:46:771	237	0
2020-06-09 12:18:47:776	237	0
2020-06-09 12:18:48:782	237	0
2020-06-09 12:18:49:788	237	0
2020-06-09 12:18:50:778	237	0
2020-06-09 12:18:51:784	237	0
2020-06-09 12:18:52:789	237	0
2020-06-09 12:18:53:781	237	0.2074283
2020-06-09 12:18:54:786	237	0.1923003
2020-06-09 12:18:55:793	237	0
2020-06-09 12:18:56:781	237	0
2020-06-09 12:18:57:787	237	0
2020-06-09 12:18:58:775	237	0
2020-06-09 12:18:59:782	237	0
2020-06-09 12:19:00:785	237	0
2020-06-09 12:19:01:780	237	0
2020-06-09 12:19:02:782	237	0
2020-06-09 12:19:03:789	237	0
2020-06-09 12:19:04:794	237	0
2020-06-09 12:19:05:782	237	0
2020-06-09 12:19:06:773	237	0
2020-06-09 12:19:07:782	237	0
2020-06-09 12:19:08:770	237	0
2020-06-09 12:19:09:793	237	0
2020-06-09 12:19:10:784	237	0
2020-06-09 12:19:11:773	237	0
2020-06-09 12:19:12:779	237	0
2020-06-09 12:19:13:781	237	0
2020-06-09 12:19:14:774	237	0
2020-06-09 12:19:15:781	237	0
2020-06-09 12:19:16:783	237	0
2020-06-09 12:19:17:774	237	0
2020-06-09 12:19:18:779	237	0
2020-06-09 12:19:19:786	237	0
2020-06-09 12:19:20:793	237	0
2020-06-09 12:19:21:784	237	0
2020-06-09 12:19:22:790	237	0
2020-06-09 12:19:23:796	237	0
2020-06-09 12:19:24:785	237	0
2020-06-09 12:19:25:790	237	0
2020-06-09 12:19:26:796	237	0
2020-06-09 12:19:27:784	237	0
2020-06-09 12:19:28:789	237	0
2020-06-09 12:19:29:782	237	0
2020-06-09 12:19:30:773	237	0
2020-06-09 12:19:31:776	237	0
2020-06-09 12:19:32:783	237	0
2020-06-09 12:19:33:789	237	0
2020-06-09 12:19:34:776	237	0
2020-06-09 12:19:35:785	237	0
2020-06-09 12:19:36:787	237	0
2020-06-09 12:19:37:780	237	0
2020-06-09 12:19:38:783	237	0
2020-06-09 12:19:39:791	237	0
2020-06-09 12:19:40:781	237	0
2020-06-09 12:19:41:772	237	0
2020-06-09 12:19:42:777	237	0
2020-06-09 12:19:43:784	237	0
2020-06-09 12:19:44:773	237	0
2020-06-09 12:19:45:782	237	0
2020-06-09 12:19:46:784	237	0
2020-06-09 12:19:47:790	237	0
2020-06-09 12:19:48:780	237	0
2020-06-09 12:19:49:793	237	0
2020-06-09 12:19:50:793	237	0
2020-06-09 12:19:51:780	237	0
2020-06-09 12:19:52:788	237	0
2020-06-09 12:19:53:780	237	0
2020-06-09 12:19:54:780	237	0
2020-06-09 12:19:55:776	237	0.1713068
2020-06-09 12:19:56:781	237	0.1893157
2020-06-09 12:19:57:789	237	0.2152181
2020-06-09 12:19:58:791	237	0.1953207
2020-06-09 12:19:59:784	237	0.2219435
2020-06-09 12:20:00:790	237	0.186142
2020-06-09 12:20:01:798	237	0
2020-06-09 12:20:02:779	237	0
2020-06-09 12:20:03:788	237	0
2020-06-09 12:20:04:780	237	0
2020-06-09 12:20:05:785	237	0
2020-06-09 12:20:06:774	237	0
2020-06-09 12:20:07:781	237	0
2020-06-09 12:20:08:788	237	0
2020-06-09 12:20:09:775	237	0
2020-06-09 12:20:10:782	237	0
2020-06-09 12:20:11:790	237	0.1659794
2020-06-09 12:20:12:775	237	0
2020-06-09 12:20:13:780	237	0
2020-06-09 12:20:14:786	237	0
2020-06-09 12:20:15:793	237	0.1992918
2020-06-09 12:20:16:782	237	0.1945359
2020-06-09 12:20:17:777	237	0
2020-06-09 12:20:18:782	237	0
2020-06-09 12:20:19:769	237	0
2020-06-09 12:20:20:776	237	0
2020-06-09 12:20:21:782	237	0
2020-06-09 12:20:22:788	237	0
2020-06-09 12:20:23:777	237	0
2020-06-09 12:20:24:783	237	0
2020-06-09 12:20:25:788	237	0
2020-06-09 12:20:26:794	237	0
2020-06-09 12:20:27:785	237	0
2020-06-09 12:20:28:790	237	0
2020-06-09 12:20:29:780	237	0
2020-06-09 12:20:30:770	237	0
2020-06-09 12:20:31:791	237	0
2020-06-09 12:20:32:782	237	0
2020-06-09 12:20:33:788	237	0
2020-06-09 12:20:34:777	237	0
2020-06-09 12:20:35:783	237	0
2020-06-09 12:20:36:789	237	0
2020-06-09 12:20:37:777	237	0
2020-06-09 12:20:38:786	237	0
2020-06-09 12:20:39:774	237	0
2020-06-09 12:20:40:777	237	0
2020-06-09 12:20:41:786	237	0
2020-06-09 12:20:42:775	237	0
2020-06-09 12:20:43:779	237	0
2020-06-09 12:20:44:789	237	0
2020-06-09 12:20:45:777	237	0
2020-06-09 12:20:46:785	237	0
2020-06-09 12:20:47:773	237	0
2020-06-09 12:20:48:778	237	0
2020-06-09 12:20:49:784	237	0
2020-06-09 12:20:50:774	237	0
2020-06-09 12:20:51:777	237	0
2020-06-09 12:20:52:769	237	0
2020-06-09 12:20:53:772	237	0
2020-06-09 12:20:54:780	237	0
2020-06-09 12:20:55:783	237	0
2020-06-09 12:20:56:777	237	0
2020-06-09 12:20:57:779	237	0
2020-06-09 12:20:58:789	237	0
2020-06-09 12:20:59:792	237	0
2020-06-09 12:21:00:784	237	0
2020-06-09 12:21:01:789	237	0
2020-06-09 12:21:02:779	237	0
2020-06-09 12:21:03:769	237	0
2020-06-09 12:21:04:791	237	0
2020-06-09 12:21:05:781	237	0
2020-06-09 12:21:06:771	237	0
2020-06-09 12:21:07:775	237	0
2020-06-09 12:21:08:779	237	0
2020-06-09 12:21:09:786	237	0
2020-06-09 12:21:10:777	237	0
2020-06-09 12:21:11:782	237	0
2020-06-09 12:21:12:790	237	0
2020-06-09 12:21:13:797	237	0
2020-06-09 12:21:14:788	237	0
2020-06-09 12:21:15:791	237	0
2020-06-09 12:21:16:779	237	0
2020-06-09 12:21:17:771	237	0
2020-06-09 12:21:18:793	237	0
2020-06-09 12:21:19:782	237	0
2020-06-09 12:21:20:773	237	0
2020-06-09 12:21:21:779	237	0
2020-06-09 12:21:22:787	237	0.1757626
2020-06-09 12:21:23:777	237	0
2020-06-09 12:21:24:781	237	0
2020-06-09 12:21:25:785	237	0
2020-06-09 12:21:26:773	237	0
2020-06-09 12:21:27:782	237	0
2020-06-09 12:21:28:788	237	0
2020-06-09 12:21:29:774	237	0
2020-06-09 12:21:30:787	237	0
2020-06-09 12:21:31:791	237	0
2020-06-09 12:21:32:791	237	0
2020-06-09 12:21:33:788	237	0
2020-06-09 12:21:34:774	237	0
2020-06-09 12:21:35:780	237	0
2020-06-09 12:21:36:787	237	0
2020-06-09 12:21:37:776	237	0
2020-06-09 12:21:38:783	237	0
2020-06-09 12:21:39:772	237	0
2020-06-09 12:21:40:774	237	0
2020-06-09 12:21:41:783	237	0
2020-06-09 12:21:42:790	237	0
2020-06-09 12:21:43:779	237	0
2020-06-09 12:21:44:785	237	0
2020-06-09 12:21:45:791	237	0
2020-06-09 12:21:46:781	237	0
2020-06-09 12:21:47:771	237	0
2020-06-09 12:21:48:792	237	0
2020-06-09 12:21:49:783	237	0
2020-06-09 12:21:50:772	237	0
2020-06-09 12:21:51:779	237	0
2020-06-09 12:21:52:784	237	0
2020-06-09 12:21:53:790	237	0
2020-06-09 12:21:54:779	237	0
2020-06-09 12:21:55:785	237	0
2020-06-09 12:21:56:788	237	0
2020-06-09 12:21:57:781	237	0
2020-06-09 12:21:58:786	237	0
2020-06-09 12:21:59:789	237	0
2020-06-09 12:22:00:798	237	0
2020-06-09 12:22:01:773	237	0
2020-06-09 12:22:02:778	237	0
2020-06-09 12:22:03:784	237	0
2020-06-09 12:22:04:774	237	0
2020-06-09 12:22:05:780	237	0
2020-06-09 12:22:06:783	237	0
2020-06-09 12:22:07:789	237	0
2020-06-09 12:22:08:779	237	0
2020-06-09 12:22:09:785	237	0
2020-06-09 12:22:10:790	237	0
2020-06-09 12:22:11:796	237	0
2020-06-09 12:22:12:770	237	0
2020-06-09 12:22:13:776	237	0
2020-06-09 12:22:14:781	237	0
2020-06-09 12:22:15:772	237	0
2020-06-09 12:22:16:780	237	0
2020-06-09 12:22:17:783	237	0
2020-06-09 12:22:18:789	237	0
2020-06-09 12:22:19:778	237	0
2020-06-09 12:22:20:787	237	0
2020-06-09 12:22:21:790	237	0
2020-06-09 12:22:22:783	237	0
2020-06-09 12:22:23:786	237	0
2020-06-09 12:22:24:778	237	0
2020-06-09 12:22:25:786	237	0
2020-06-09 12:22:26:786	237	0
2020-06-09 12:22:27:780	237	0
2020-06-09 12:22:28:786	237	0
2020-06-09 12:22:29:775	237	0
2020-06-09 12:22:30:781	237	0
2020-06-09 12:22:31:787	237	0
2020-06-09 12:22:32:777	237	0
2020-06-09 12:22:33:784	237	0
2020-06-09 12:22:34:789	237	0
2020-06-09 12:22:35:778	237	0
2020-06-09 12:22:36:784	237	0
2020-06-09 12:22:37:774	237	0
2020-06-09 12:22:38:780	237	0
2020-06-09 12:22:39:786	237	0
2020-06-09 12:22:40:792	237	0
2020-06-09 12:22:41:782	237	0
2020-06-09 12:22:42:787	237	0
2020-06-09 12:22:43:777	237	0
2020-06-09 12:22:44:783	237	0
2020-06-09 12:22:45:773	237	0
2020-06-09 12:22:46:780	237	0
2020-06-09 12:22:47:785	237	0
2020-06-09 12:22:48:790	237	0
2020-06-09 12:22:49:795	237	0
2020-06-09 12:22:50:784	237	0
2020-06-09 12:22:51:789	237	0
2020-06-09 12:22:52:782	237	0
2020-06-09 12:22:53:772	237	0
2020-06-09 12:22:54:777	237	0
2020-06-09 12:22:55:802	237	0
2020-06-09 12:22:56:774	237	0
2020-06-09 12:22:57:777	237	0
2020-06-09 12:22:58:787	237	0
2020-06-09 12:22:59:775	237	0
2020-06-09 12:23:00:781	237	0
2020-06-09 12:23:01:786	237	0
2020-06-09 12:23:02:796	237	0
2020-06-09 12:23:03:799	237	0
2020-06-09 12:23:04:772	237	0
2020-06-09 12:23:05:793	237	0
2020-06-09 12:23:06:769	237	0
2020-06-09 12:23:07:771	237	0
2020-06-09 12:23:08:780	237	0
2020-06-09 12:23:09:787	237	0
2020-06-09 12:23:10:772	237	0
2020-06-09 12:23:11:781	237	0
2020-06-09 12:23:12:785	237	0
2020-06-09 12:23:13:788	237	0
2020-06-09 12:23:14:783	237	0
2020-06-09 12:23:15:785	237	0
2020-06-09 12:23:16:778	237	0
2020-06-09 12:23:17:784	237	0
2020-06-09 12:23:18:772	237	0
2020-06-09 12:23:19:781	237	0
2020-06-09 12:23:20:785	237	0
2020-06-09 12:23:21:773	237	0
2020-06-09 12:23:22:778	237	0
2020-06-09 12:23:23:785	237	0
2020-06-09 12:23:24:790	237	0
2020-06-09 12:23:25:780	237	0
2020-06-09 12:23:26:785	237	0
2020-06-09 12:23:27:774	237	0
2020-06-09 12:23:28:782	237	0
2020-06-09 12:23:29:787	237	0.173057
2020-06-09 12:23:30:778	237	0.1812537
2020-06-09 12:23:31:783	237	0.1765362
2020-06-09 12:23:32:772	237	0
2020-06-09 12:23:33:778	237	0
2020-06-09 12:23:34:783	237	0
2020-06-09 12:23:35:779	237	0.2262628
2020-06-09 12:23:36:787	237	0
2020-06-09 12:23:37:788	237	0
2020-06-09 12:23:38:798	237	0
2020-06-09 12:23:39:783	237	0
2020-06-09 12:23:40:788	237	0
2020-06-09 12:23:41:779	237	0
2020-06-09 12:23:42:789	237	0
2020-06-09 12:23:43:790	237	0
2020-06-09 12:23:44:783	237	0.2257699
2020-06-09 12:23:45:787	237	0.1865352
2020-06-09 12:23:46:778	237	0
2020-06-09 12:23:47:784	237	0
2020-06-09 12:23:48:787	237	0
2020-06-09 12:23:49:793	237	0
2020-06-09 12:23:50:782	237	0
2020-06-09 12:23:51:788	237	0
2020-06-09 12:23:52:795	237	0
2020-06-09 12:23:53:785	237	0
2020-06-09 12:23:54:774	237	0
2020-06-09 12:23:55:782	237	0
2020-06-09 12:23:56:785	237	0
2020-06-09 12:23:57:776	237	0
2020-06-09 12:23:58:797	237	0
2020-06-09 12:23:59:784	237	0
2020-06-09 12:24:00:779	237	0
2020-06-09 12:24:01:781	237	0
2020-06-09 12:24:02:789	237	0
2020-06-09 12:24:03:779	237	0
2020-06-09 12:24:04:785	237	0
2020-06-09 12:24:05:791	237	0
2020-06-09 12:24:06:797	237	0
2020-06-09 12:24:07:784	237	0
2020-06-09 12:24:08:789	237	0
2020-06-09 12:24:09:782	237	0
2020-06-09 12:24:10:772	237	0
2020-06-09 12:24:11:777	237	0
2020-06-09 12:24:12:785	237	0
2020-06-09 12:24:13:770	237	0
2020-06-09 12:24:14:779	237	0
2020-06-09 12:24:15:783	237	0
2020-06-09 12:24:16:773	237	0
2020-06-09 12:24:17:782	237	0
2020-06-09 12:24:18:784	237	0
2020-06-09 12:24:19:779	237	0.2033799
2020-06-09 12:24:20:799	237	0.2013548
2020-06-09 12:24:21:789	237	0.1816164
2020-06-09 12:24:22:781	237	0
2020-06-09 12:24:23:784	237	0
2020-06-09 12:24:24:788	237	0
2020-06-09 12:24:25:776	237	0
2020-06-09 12:24:26:783	237	0
2020-06-09 12:24:27:790	237	0
2020-06-09 12:24:28:781	237	0
2020-06-09 12:24:29:784	237	0
2020-06-09 12:24:30:777	237	0
2020-06-09 12:24:31:783	237	0
2020-06-09 12:24:32:790	237	0
2020-06-09 12:24:33:778	237	0
2020-06-09 12:24:34:787	237	0
2020-06-09 12:24:35:790	237	0
2020-06-09 12:24:36:795	237	0
2020-06-09 12:24:37:788	237	0
2020-06-09 12:24:38:792	237	0
2020-06-09 12:24:39:782	237	0
2020-06-09 12:24:40:788	237	0
2020-06-09 12:24:41:778	237	0
2020-06-09 12:24:42:781	237	0
2020-06-09 12:24:43:789	237	0
2020-06-09 12:24:44:777	237	0
2020-06-09 12:24:45:782	237	0
2020-06-09 12:24:46:771	237	0
2020-06-09 12:24:47:782	237	0
2020-06-09 12:24:48:782	237	0
2020-06-09 12:24:49:792	237	0
2020-06-09 12:24:50:780	237	0
2020-06-09 12:24:51:788	237	0
2020-06-09 12:24:52:791	237	0
2020-06-09 12:24:53:785	237	0
2020-06-09 12:24:54:790	237	0
2020-06-09 12:24:55:780	237	0
2020-06-09 12:24:56:785	237	0
2020-06-09 12:24:57:792	237	0
2020-06-09 12:24:58:781	237	0
2020-06-09 12:24:59:787	237	0
2020-06-09 12:25:00:775	237	0
2020-06-09 12:25:01:785	237	0.1688337
2020-06-09 12:25:02:787	237	0
2020-06-09 12:25:03:781	237	0
2020-06-09 12:25:04:781	237	0
2020-06-09 12:25:05:792	237	0
2020-06-09 12:25:06:777	237	0
2020-06-09 12:25:07:787	237	0
2020-06-09 12:25:08:789	237	0
2020-06-09 12:25:09:781	237	0
2020-06-09 12:25:10:787	237	0
2020-06-09 12:25:11:777	237	0
2020-06-09 12:25:12:782	237	0
2020-06-09 12:25:13:789	237	0
2020-06-09 12:25:14:776	237	0
2020-06-09 12:25:15:782	237	0
2020-06-09 12:25:16:788	237	0
2020-06-09 12:25:17:777	237	0
2020-06-09 12:25:18:783	237	0
2020-06-09 12:25:19:794	237	0.1905733
2020-06-09 12:25:20:785	237	0
2020-06-09 12:25:21:788	237	0
2020-06-09 12:25:22:793	237	0
2020-06-09 12:25:23:783	237	0
2020-06-09 12:25:24:788	237	0
2020-06-09 12:25:25:780	237	0
2020-06-09 12:25:26:784	237	0
2020-06-09 12:25:27:775	237	0
2020-06-09 12:25:28:780	237	0
2020-06-09 12:25:29:786	237	0
2020-06-09 12:25:30:791	237	0
2020-06-09 12:25:31:782	237	0
2020-06-09 12:25:32:787	237	0
2020-06-09 12:25:33:777	237	0
2020-06-09 12:25:34:779	237	0
2020-06-09 12:25:35:789	237	0
2020-06-09 12:25:36:778	237	0
2020-06-09 12:25:37:780	237	0
2020-06-09 12:25:38:775	237	0
2020-06-09 12:25:39:777	237	0
2020-06-09 12:25:40:785	237	0
2020-06-09 12:25:41:776	237	0
2020-06-09 12:25:42:781	237	0
2020-06-09 12:25:43:787	237	0
2020-06-09 12:25:44:794	237	0
2020-06-09 12:25:45:782	237	0
2020-06-09 12:25:46:773	237	0
2020-06-09 12:25:47:796	237	0
2020-06-09 12:25:48:787	237	0
2020-06-09 12:25:49:790	237	0
2020-06-09 12:25:50:780	237	0
2020-06-09 12:25:51:786	237	0
2020-06-09 12:25:52:791	237	0
2020-06-09 12:25:53:782	237	0
2020-06-09 12:25:54:789	237	0
2020-06-09 12:25:55:777	237	0
2020-06-09 12:25:56:785	237	0
2020-06-09 12:25:57:788	237	0
2020-06-09 12:25:58:779	237	0
2020-06-09 12:25:59:784	237	0
2020-06-09 12:26:00:775	237	0
2020-06-09 12:26:01:779	237	0
2020-06-09 12:26:02:784	237	0
2020-06-09 12:26:03:789	237	0
2020-06-09 12:26:04:783	237	0
2020-06-09 12:26:05:784	237	0
2020-06-09 12:26:06:793	237	0
2020-06-09 12:26:07:796	237	0
2020-06-09 12:26:08:790	237	0
2020-06-09 12:26:09:791	237	0
2020-06-09 12:26:10:785	237	0
2020-06-09 12:26:11:787	237	0
2020-06-09 12:26:12:780	237	0
2020-06-09 12:26:13:785	237	0
2020-06-09 12:26:14:773	237	0
2020-06-09 12:26:15:779	237	0
2020-06-09 12:26:16:785	237	0
2020-06-09 12:26:17:779	237	0
2020-06-09 12:26:18:783	237	0
2020-06-09 12:26:19:789	237	0
2020-06-09 12:26:20:777	237	0
2020-06-09 12:26:21:785	237	0
2020-06-09 12:26:22:790	237	0
2020-06-09 12:26:23:777	237	0
2020-06-09 12:26:24:788	237	0
2020-06-09 12:26:25:792	237	0
2020-06-09 12:26:26:784	237	0
2020-06-09 12:26:27:787	237	0
2020-06-09 12:26:28:791	237	0
2020-06-09 12:26:29:783	237	0
2020-06-09 12:26:30:773	237	0
2020-06-09 12:26:31:779	237	0
2020-06-09 12:26:32:786	237	0
2020-06-09 12:26:33:791	237	0
2020-06-09 12:26:34:780	237	0
2020-06-09 12:26:35:786	237	0
2020-06-09 12:26:36:792	237	0
2020-06-09 12:26:37:798	237	0
2020-06-09 12:26:38:787	237	0
2020-06-09 12:26:39:778	237	0
2020-06-09 12:26:40:784	237	0
2020-06-09 12:26:41:773	237	0
2020-06-09 12:26:42:795	237	0
2020-06-09 12:26:43:784	237	0
2020-06-09 12:26:44:790	237	0
2020-06-09 12:26:45:781	237	0
2020-06-09 12:26:46:786	237	0
2020-06-09 12:26:47:778	237	0
2020-06-09 12:26:48:783	237	0
2020-06-09 12:26:49:787	237	0
2020-06-09 12:26:50:794	237	0
2020-06-09 12:26:51:783	237	0
2020-06-09 12:26:52:789	237	0
2020-06-09 12:26:53:796	237	0
2020-06-09 12:26:54:785	237	0
2020-06-09 12:26:55:775	237	0
2020-06-09 12:26:56:780	237	0
2020-06-09 12:26:57:788	237	0
2020-06-09 12:26:58:776	237	0
2020-06-09 12:26:59:785	237	0
2020-06-09 12:27:00:788	237	0
2020-06-09 12:27:01:777	237	0
2020-06-09 12:27:02:783	237	0
2020-06-09 12:27:03:790	237	0
2020-06-09 12:27:04:778	237	0
2020-06-09 12:27:05:785	237	0
2020-06-09 12:27:06:791	237	0
2020-06-09 12:27:07:802	237	0
2020-06-09 12:27:08:786	237	0
2020-06-09 12:27:09:774	237	0.2005377
2020-06-09 12:27:10:798	237	0
2020-06-09 12:27:11:787	237	0
2020-06-09 12:27:12:773	237	0
2020-06-09 12:27:13:789	237	0
2020-06-09 12:27:14:773	237	0
2020-06-09 12:27:15:779	237	0
2020-06-09 12:27:16:786	237	0
2020-06-09 12:27:17:790	237	0
2020-06-09 12:27:18:782	237	0
2020-06-09 12:27:19:786	237	0
2020-06-09 12:27:20:776	237	0
2020-06-09 12:27:21:782	237	0
2020-06-09 12:27:22:787	237	0
2020-06-09 12:27:23:777	237	0
2020-06-09 12:27:24:782	237	0
2020-06-09 12:27:25:789	237	0
2020-06-09 12:27:26:775	237	0
2020-06-09 12:27:27:780	237	0
2020-06-09 12:27:28:787	237	0
2020-06-09 12:27:29:780	237	0
2020-06-09 12:27:30:783	237	0
2020-06-09 12:27:31:776	237	0
2020-06-09 12:27:32:779	251	0.2355304
2020-06-09 12:27:33:777	251	0
2020-06-09 12:27:34:776	251	0
2020-06-09 12:27:35:783	251	0
2020-06-09 12:27:36:789	251	0
2020-06-09 12:27:37:779	251	0
2020-06-09 12:27:38:785	251	0
2020-06-09 12:27:39:774	251	0
2020-06-09 12:27:40:782	251	0.1908849
2020-06-09 12:27:41:788	251	0
2020-06-09 12:27:42:791	251	0
2020-06-09 12:27:43:797	251	0
2020-06-09 12:27:44:787	251	0
2020-06-09 12:27:45:792	251	0
2020-06-09 12:27:46:781	251	0
2020-06-09 12:27:47:774	251	0
2020-06-09 12:27:48:779	251	0
2020-06-09 12:27:49:784	251	0
2020-06-09 12:27:50:790	251	0
2020-06-09 12:27:51:780	251	0
2020-06-09 12:27:52:786	251	0
2020-06-09 12:27:53:774	251	0
2020-06-09 12:27:54:780	251	0
2020-06-09 12:27:55:787	251	0
2020-06-09 12:27:56:793	251	0
2020-06-09 12:27:57:782	251	0
2020-06-09 12:27:58:786	251	0.2258992
2020-06-09 12:27:59:779	251	0.1915482
2020-06-09 12:28:00:787	251	0
2020-06-09 12:28:01:786	251	0
2020-06-09 12:28:02:780	251	0
2020-06-09 12:28:03:783	251	0
2020-06-09 12:28:04:775	251	0
2020-06-09 12:28:05:778	251	0
2020-06-09 12:28:06:788	251	0
2020-06-09 12:28:07:774	251	0
2020-06-09 12:28:08:783	251	0
2020-06-09 12:28:09:771	251	0
2020-06-09 12:28:10:781	251	0
2020-06-09 12:28:11:782	251	0
2020-06-09 12:28:12:791	251	0
2020-06-09 12:28:13:780	251	0
2020-06-09 12:28:14:787	251	0
2020-06-09 12:28:15:791	251	0
2020-06-09 12:28:16:783	251	0
2020-06-09 12:28:17:771	251	0
2020-06-09 12:28:18:778	251	0
2020-06-09 12:28:19:783	251	0
2020-06-09 12:28:20:788	251	0
2020-06-09 12:28:21:778	251	0
2020-06-09 12:28:22:783	251	0
2020-06-09 12:28:23:774	251	0
2020-06-09 12:28:24:780	251	0
2020-06-09 12:28:25:786	251	0
2020-06-09 12:28:26:791	251	0
2020-06-09 12:28:27:782	251	0
2020-06-09 12:28:28:790	251	0
2020-06-09 12:28:29:794	251	0
2020-06-09 12:28:30:782	251	0
2020-06-09 12:28:31:789	251	0
2020-06-09 12:28:32:776	251	0
2020-06-09 12:28:33:782	251	0
2020-06-09 12:28:34:773	251	0.2039887
2020-06-09 12:28:35:782	251	0
2020-06-09 12:28:36:772	251	0
2020-06-09 12:28:37:774	251	0
2020-06-09 12:28:38:785	251	0.2019449
2020-06-09 12:28:39:788	246	0.2445324
2020-06-09 12:28:40:779	260	0.2649135
2020-06-09 12:28:41:781	264	0
2020-06-09 12:28:42:789	264	0
2020-06-09 12:28:43:776	264	0
2020-06-09 12:28:44:785	264	0
2020-06-09 12:28:45:787	264	0
2020-06-09 12:28:46:781	264	0
2020-06-09 12:28:47:768	264	0
2020-06-09 12:28:48:792	264	0
2020-06-09 12:28:49:782	264	0
2020-06-09 12:28:50:768	264	0
2020-06-09 12:28:51:777	264	0
2020-06-09 12:28:52:783	264	0
2020-06-09 12:28:53:785	264	0
2020-06-09 12:28:54:775	264	0
2020-06-09 12:28:55:782	264	0
2020-06-09 12:28:56:788	264	0
2020-06-09 12:28:57:779	264	0
2020-06-09 12:28:58:786	264	0
2020-06-09 12:28:59:776	264	0
2020-06-09 12:29:00:799	264	0
2020-06-09 12:29:01:788	264	0
2020-06-09 12:29:02:777	264	0
2020-06-09 12:29:03:781	264	0
2020-06-09 12:29:04:789	264	0
2020-06-09 12:29:05:779	264	0
2020-06-09 12:29:06:785	264	0
2020-06-09 12:29:07:791	264	0
2020-06-09 12:29:08:781	264	0
2020-06-09 12:29:09:783	264	0
2020-06-09 12:29:10:791	264	0
2020-06-09 12:29:11:781	264	0
2020-06-09 12:29:12:788	264	0
2020-06-09 12:29:13:778	264	0
2020-06-09 12:29:14:786	264	0
2020-06-09 12:29:15:788	264	0
2020-06-09 12:29:16:780	264	0
2020-06-09 12:29:17:784	264	0
2020-06-09 12:29:18:790	264	0
2020-06-09 12:29:19:780	264	0
2020-06-09 12:29:20:785	264	0
2020-06-09 12:29:21:791	264	0
2020-06-09 12:29:22:781	264	0
2020-06-09 12:29:23:787	264	0
2020-06-09 12:29:24:793	264	0
2020-06-09 12:29:25:783	264	0
2020-06-09 12:29:26:771	264	0
2020-06-09 12:29:27:775	264	0
2020-06-09 12:29:28:781	264	0
2020-06-09 12:29:29:775	264	0
2020-06-09 12:29:30:780	264	0
2020-06-09 12:29:31:788	264	0
2020-06-09 12:29:32:776	264	0
2020-06-09 12:29:33:780	264	0
2020-06-09 12:29:34:787	264	0
2020-06-09 12:29:35:794	264	0
2020-06-09 12:29:36:783	264	0
2020-06-09 12:29:37:771	264	0
2020-06-09 12:29:38:778	264	0
2020-06-09 12:29:39:765	264	0
2020-06-09 12:29:40:772	264	0
2020-06-09 12:29:41:778	264	0
2020-06-09 12:29:42:770	264	0
2020-06-09 12:29:43:776	264	0
2020-06-09 12:29:44:780	264	0
2020-06-09 12:29:45:789	264	0
2020-06-09 12:29:46:793	264	0
2020-06-09 12:29:47:784	264	0
2020-06-09 12:29:48:788	264	0
2020-06-09 12:29:49:784	256	0.2671212
2020-06-09 12:29:50:782	256	0
2020-06-09 12:29:51:791	256	0
2020-06-09 12:29:52:781	256	0
2020-06-09 12:29:53:770	256	0
2020-06-09 12:29:54:777	256	0
2020-06-09 12:29:55:782	256	0
2020-06-09 12:29:56:787	256	0
2020-06-09 12:29:57:779	256	0
2020-06-09 12:29:58:780	256	0
2020-06-09 12:29:59:792	258	0.2521826
2020-06-09 12:30:00:777	252	0.2384152
2020-06-09 12:30:01:789	252	0.2124935
2020-06-09 12:30:02:772	252	0
2020-06-09 12:30:03:797	252	0
2020-06-09 12:30:04:787	252	0
2020-06-09 12:30:05:776	252	0
2020-06-09 12:30:06:781	252	0
2020-06-09 12:30:07:789	252	0
2020-06-09 12:30:08:777	252	0
2020-06-09 12:30:09:784	252	0
2020-06-09 12:30:10:789	252	0
2020-06-09 12:30:11:778	252	0
2020-06-09 12:30:12:787	252	0
2020-06-09 12:30:13:790	252	0
2020-06-09 12:30:14:780	252	0
2020-06-09 12:30:15:770	252	0
2020-06-09 12:30:16:776	252	0
2020-06-09 12:30:17:784	252	0
2020-06-09 12:30:18:787	252	0
2020-06-09 12:30:19:775	252	0
2020-06-09 12:30:20:780	252	0
2020-06-09 12:30:21:786	252	0
2020-06-09 12:30:22:781	252	0
2020-06-09 12:30:23:784	252	0
2020-06-09 12:30:24:790	252	0
2020-06-09 12:30:25:778	252	0
2020-06-09 12:30:26:785	252	0
2020-06-09 12:30:27:789	252	0
2020-06-09 12:30:28:778	252	0
2020-06-09 12:30:29:772	252	0
2020-06-09 12:30:30:779	252	0
2020-06-09 12:30:31:784	252	0
2020-06-09 12:30:32:789	252	0
2020-06-09 12:30:33:778	252	0
2020-06-09 12:30:34:785	252	0
2020-06-09 12:30:35:774	252	0
2020-06-09 12:30:36:797	252	0
2020-06-09 12:30:37:786	252	0
2020-06-09 12:30:38:777	252	0
2020-06-09 12:30:39:779	252	0
2020-06-09 12:30:40:787	252	0
2020-06-09 12:30:41:777	252	0
2020-06-09 12:30:42:784	252	0
2020-06-09 12:30:43:789	252	0
2020-06-09 12:30:44:779	252	0
2020-06-09 12:30:45:785	252	0
2020-06-09 12:30:46:791	252	0
2020-06-09 12:30:47:780	252	0
2020-06-09 12:30:48:787	252	0
2020-06-09 12:30:49:776	252	0
2020-06-09 12:30:50:783	252	0
2020-06-09 12:30:51:772	252	0
2020-06-09 12:30:52:796	252	0
2020-06-09 12:30:53:783	252	0
2020-06-09 12:30:54:790	252	0
2020-06-09 12:30:55:780	252	0
2020-06-09 12:30:56:767	252	0
2020-06-09 12:30:57:775	252	0
2020-06-09 12:30:58:778	252	0
2020-06-09 12:30:59:786	252	0
2020-06-09 12:31:00:789	252	0
2020-06-09 12:31:01:782	252	0
2020-06-09 12:31:02:786	252	0
2020-06-09 12:31:03:778	252	0
2020-06-09 12:31:04:784	252	0
2020-06-09 12:31:05:770	252	0
2020-06-09 12:31:06:780	252	0
2020-06-09 12:31:07:782	252	0
2020-06-09 12:31:08:774	252	0
2020-06-09 12:31:09:778	252	0
2020-06-09 12:31:10:787	252	0
2020-06-09 12:31:11:776	252	0
2020-06-09 12:31:12:782	252	0
2020-06-09 12:31:13:788	252	0
2020-06-09 12:31:14:777	252	0
2020-06-09 12:31:15:788	252	0
2020-06-09 12:31:16:773	252	0
2020-06-09 12:31:17:776	252	0
2020-06-09 12:31:18:791	234	0.1767761
2020-06-09 12:31:19:794	234	0
2020-06-09 12:31:20:793	234	0
2020-06-09 12:31:21:768	234	0
2020-06-09 12:31:22:789	234	0
2020-06-09 12:31:23:779	234	0
2020-06-09 12:31:24:770	234	0
2020-06-09 12:31:25:775	234	0
2020-06-09 12:31:26:783	234	0
2020-06-09 12:31:27:774	234	0
2020-06-09 12:31:28:780	234	0
2020-06-09 12:31:29:785	234	0
2020-06-09 12:31:30:775	234	0
2020-06-09 12:31:31:781	234	0
2020-06-09 12:31:32:787	234	0
2020-06-09 12:31:33:794	234	0
2020-06-09 12:31:34:783	234	0
2020-06-09 12:31:35:788	234	0
2020-06-09 12:31:36:778	234	0
2020-06-09 12:31:37:784	234	0
2020-06-09 12:31:38:774	234	0
2020-06-09 12:31:39:780	234	0
2020-06-09 12:31:40:768	234	0
2020-06-09 12:31:41:776	234	0
2020-06-09 12:31:42:779	234	0
2020-06-09 12:31:43:784	234	0
2020-06-09 12:31:44:778	234	0
2020-06-09 12:31:45:784	234	0
2020-06-09 12:31:46:788	234	0
2020-06-09 12:31:47:781	234	0
2020-06-09 12:31:48:786	234	0
2020-06-09 12:31:49:790	234	0
2020-06-09 12:31:50:780	234	0
2020-06-09 12:31:51:786	234	0
2020-06-09 12:31:52:791	234	0
2020-06-09 12:31:53:781	234	0
2020-06-09 12:31:54:787	234	0
2020-06-09 12:31:55:777	234	0
2020-06-09 12:31:56:781	234	0
2020-06-09 12:31:57:773	234	0
2020-06-09 12:31:58:779	234	0
2020-06-09 12:31:59:786	234	0
2020-06-09 12:32:00:774	234	0
2020-06-09 12:32:01:780	234	0
2020-06-09 12:32:02:785	234	0
2020-06-09 12:32:03:775	234	0
2020-06-09 12:32:04:783	234	0
2020-06-09 12:32:05:788	234	0
2020-06-09 12:32:06:774	234	0
2020-06-09 12:32:07:785	234	0
2020-06-09 12:32:08:789	234	0
2020-06-09 12:32:09:775	234	0
2020-06-09 12:32:10:784	234	0
2020-06-09 12:32:11:788	234	0
2020-06-09 12:32:12:781	234	0
2020-06-09 12:32:13:772	234	0
2020-06-09 12:32:14:776	234	0
2020-06-09 12:32:15:780	234	0
2020-06-09 12:32:16:786	234	0
2020-06-09 12:32:17:774	234	0
2020-06-09 12:32:18:785	234	0
2020-06-09 12:32:19:789	234	0
2020-06-09 12:32:20:779	234	0
2020-06-09 12:32:21:785	234	0
2020-06-09 12:32:22:790	234	0
2020-06-09 12:32:23:782	234	0
2020-06-09 12:32:24:786	234	0
2020-06-09 12:32:25:773	234	0
2020-06-09 12:32:26:780	234	0
2020-06-09 12:32:27:770	234	0
2020-06-09 12:32:28:775	234	0
2020-06-09 12:32:29:783	234	0
2020-06-09 12:32:30:786	234	0
2020-06-09 12:32:31:779	234	0
2020-06-09 12:32:32:781	234	0
2020-06-09 12:32:33:791	234	0
2020-06-09 12:32:34:778	234	0
2020-06-09 12:32:35:786	234	0
2020-06-09 12:32:36:773	234	0
2020-06-09 12:32:37:798	234	0
2020-06-09 12:32:38:785	234	0
2020-06-09 12:32:39:775	234	0
2020-06-09 12:32:40:783	234	0
2020-06-09 12:32:41:789	234	0
2020-06-09 12:32:42:779	234	0
2020-06-09 12:32:43:785	234	0
2020-06-09 12:32:44:775	234	0
2020-06-09 12:32:45:782	234	0
2020-06-09 12:32:46:786	234	0
2020-06-09 12:32:47:776	234	0
2020-06-09 12:32:48:783	234	0
2020-06-09 12:32:49:788	234	0
2020-06-09 12:32:50:796	234	0
2020-06-09 12:32:51:784	234	0
2020-06-09 12:32:52:774	234	0
2020-06-09 12:32:53:796	234	0
2020-06-09 12:32:54:784	234	0
2020-06-09 12:32:55:774	234	0
2020-06-09 12:32:56:781	234	0
2020-06-09 12:32:57:768	234	0
2020-06-09 12:32:58:788	234	0
2020-06-09 12:32:59:782	234	0
2020-06-09 12:33:00:785	234	0
2020-06-09 12:33:01:778	234	0
2020-06-09 12:33:02:784	234	0
2020-06-09 12:33:03:790	234	0
2020-06-09 12:33:04:779	234	0
2020-06-09 12:33:05:784	234	0
2020-06-09 12:33:06:789	234	0
2020-06-09 12:33:07:796	234	0
2020-06-09 12:33:08:786	234	0
2020-06-09 12:33:09:793	234	0
2020-06-09 12:33:10:783	234	0
2020-06-09 12:33:11:789	234	0
2020-06-09 12:33:12:794	234	0
2020-06-09 12:33:13:784	234	0
2020-06-09 12:33:14:774	234	0
2020-06-09 12:33:15:779	234	0
2020-06-09 12:33:16:774	234	0
2020-06-09 12:33:17:791	234	0
2020-06-09 12:33:18:780	234	0
2020-06-09 12:33:19:787	234	0
2020-06-09 12:33:20:774	234	0
2020-06-09 12:33:21:779	234	0
2020-06-09 12:33:22:785	234	0
2020-06-09 12:33:23:778	234	0
2020-06-09 12:33:24:784	234	0
2020-06-09 12:33:25:790	234	0
2020-06-09 12:33:26:795	234	0
2020-06-09 12:33:27:787	234	0
2020-06-09 12:33:28:775	234	0
2020-06-09 12:33:29:783	234	0
2020-06-09 12:33:30:770	234	0
2020-06-09 12:33:31:775	234	0
2020-06-09 12:33:32:783	234	0
2020-06-09 12:33:33:785	234	0
2020-06-09 12:33:34:778	234	0
2020-06-09 12:33:35:781	234	0
2020-06-09 12:33:36:790	234	0
2020-06-09 12:33:37:781	234	0
2020-06-09 12:33:38:788	234	0
2020-06-09 12:33:39:788	234	0
2020-06-09 12:33:40:797	234	0
2020-06-09 12:33:41:787	234	0
2020-06-09 12:33:42:792	234	0
2020-06-09 12:33:43:783	234	0
2020-06-09 12:33:44:773	234	0
2020-06-09 12:33:45:794	234	0
2020-06-09 12:33:46:784	234	0
2020-06-09 12:33:47:770	234	0
2020-06-09 12:33:48:782	234	0
2020-06-09 12:33:49:783	234	0
2020-06-09 12:33:50:772	234	0
2020-06-09 12:33:51:779	234	0
2020-06-09 12:33:52:787	234	0
2020-06-09 12:33:53:776	234	0
2020-06-09 12:33:54:783	234	0
2020-06-09 12:33:55:786	234	0
2020-06-09 12:33:56:795	234	0
2020-06-09 12:33:57:781	234	0
2020-06-09 12:33:58:790	234	0
2020-06-09 12:33:59:777	234	0.1969223
2020-06-09 12:34:00:788	234	0.220892
2020-06-09 12:34:01:789	234	0.2025895
2020-06-09 12:34:02:784	234	0
2020-06-09 12:34:03:769	234	0
2020-06-09 12:34:04:777	234	0
2020-06-09 12:34:05:779	234	0
2020-06-09 12:34:06:772	234	0
2020-06-09 12:34:07:775	234	0
2020-06-09 12:34:08:784	234	0
2020-06-09 12:34:09:774	234	0
2020-06-09 12:34:10:781	234	0
2020-06-09 12:34:11:785	234	0
2020-06-09 12:34:12:792	234	0
2020-06-09 12:34:13:782	234	0.1967713
2020-06-09 12:34:14:785	234	0.1668012
2020-06-09 12:34:15:792	234	0
2020-06-09 12:34:16:781	234	0
2020-06-09 12:34:17:789	234	0
2020-06-09 12:34:18:775	234	0
2020-06-09 12:34:19:785	234	0
2020-06-09 12:34:20:792	234	0
2020-06-09 12:34:21:780	234	0
2020-06-09 12:34:22:785	234	0
2020-06-09 12:34:23:792	234	0
2020-06-09 12:34:24:779	234	0
2020-06-09 12:34:25:787	234	0
2020-06-09 12:34:26:789	234	0
2020-06-09 12:34:27:785	234	0
2020-06-09 12:34:28:772	234	0
2020-06-09 12:34:29:778	234	0
2020-06-09 12:34:30:787	234	0
2020-06-09 12:34:31:791	234	0
2020-06-09 12:34:32:781	234	0
2020-06-09 12:34:33:786	234	0
2020-06-09 12:34:34:790	234	0
2020-06-09 12:34:35:782	234	0
2020-06-09 12:34:36:785	234	0
2020-06-09 12:34:37:793	234	0
2020-06-09 12:34:38:781	234	0
2020-06-09 12:34:39:771	234	0
2020-06-09 12:34:40:794	234	0
2020-06-09 12:34:41:785	234	0
2020-06-09 12:34:42:775	234	0
2020-06-09 12:34:43:782	234	0
2020-06-09 12:34:44:788	234	0.164693
2020-06-09 12:34:45:779	234	0
2020-06-09 12:34:46:784	234	0
2020-06-09 12:34:47:789	234	0
2020-06-09 12:34:48:778	234	0
2020-06-09 12:34:49:789	234	0.1842766
2020-06-09 12:34:50:790	234	0.1792396
2020-06-09 12:34:51:780	234	0.1991848
2020-06-09 12:34:52:789	234	0
2020-06-09 12:34:53:774	234	0
2020-06-09 12:34:54:781	234	0
2020-06-09 12:34:55:786	234	0
2020-06-09 12:34:56:777	234	0
2020-06-09 12:34:57:784	234	0
2020-06-09 12:34:58:788	234	0
2020-06-09 12:34:59:794	234	0
2020-06-09 12:35:00:783	234	0
2020-06-09 12:35:01:789	234	0
2020-06-09 12:35:02:781	234	0.1736884
2020-06-09 12:35:03:770	234	0.1814774
2020-06-09 12:35:04:794	234	0
2020-06-09 12:35:05:781	234	0
2020-06-09 12:35:06:772	234	0
2020-06-09 12:35:07:796	234	0.1798469
2020-06-09 12:35:08:787	234	0
2020-06-09 12:35:09:788	234	0
2020-06-09 12:35:10:777	234	0
2020-06-09 12:35:11:784	234	0
2020-06-09 12:35:12:789	234	0
2020-06-09 12:35:13:778	234	0
2020-06-09 12:35:14:782	234	0
2020-06-09 12:35:15:772	234	0
2020-06-09 12:35:16:778	234	0
2020-06-09 12:35:17:783	234	0
2020-06-09 12:35:18:774	234	0
2020-06-09 12:35:19:779	234	0
2020-06-09 12:35:20:786	234	0
2020-06-09 12:35:21:793	234	0
2020-06-09 12:35:22:781	234	0
2020-06-09 12:35:23:790	234	0
2020-06-09 12:35:24:795	234	0
2020-06-09 12:35:25:781	234	0
2020-06-09 12:35:26:789	234	0
2020-06-09 12:35:27:777	234	0
2020-06-09 12:35:28:770	234	0
2020-06-09 12:35:29:792	234	0
2020-06-09 12:35:30:784	234	0
2020-06-09 12:35:31:788	234	0
2020-06-09 12:35:32:781	234	0.210374
2020-06-09 12:35:33:789	234	0.1692714
2020-06-09 12:35:34:791	234	0
2020-06-09 12:35:35:780	234	0
2020-06-09 12:35:36:785	234	0
2020-06-09 12:35:37:790	234	0
2020-06-09 12:35:38:780	234	0
2020-06-09 12:35:39:787	234	0
2020-06-09 12:35:40:792	234	0
2020-06-09 12:35:41:782	234	0
2020-06-09 12:35:42:788	234	0
2020-06-09 12:35:43:794	234	0
2020-06-09 12:35:44:785	234	0
2020-06-09 12:35:45:789	234	0
2020-06-09 12:35:46:795	234	0
2020-06-09 12:35:47:785	234	0
2020-06-09 12:35:48:791	234	0
2020-06-09 12:35:49:782	234	0
2020-06-09 12:35:50:787	234	0
2020-06-09 12:35:51:777	234	0
2020-06-09 12:35:52:783	234	0
2020-06-09 12:35:53:771	234	0
2020-06-09 12:35:54:781	234	0
2020-06-09 12:35:55:785	234	0
2020-06-09 12:35:56:773	234	0
2020-06-09 12:35:57:778	234	0
2020-06-09 12:35:58:785	234	0
2020-06-09 12:35:59:790	234	0
2020-06-09 12:36:00:780	234	0
2020-06-09 12:36:01:784	234	0.1661222
2020-06-09 12:36:02:778	234	0
2020-06-09 12:36:03:782	234	0
2020-06-09 12:36:04:787	234	0
2020-06-09 12:36:05:777	234	0
2020-06-09 12:36:06:783	234	0
2020-06-09 12:36:07:788	234	0
2020-06-09 12:36:08:779	234	0
2020-06-09 12:36:09:786	234	0
2020-06-09 12:36:10:789	234	0
2020-06-09 12:36:11:782	234	0
2020-06-09 12:36:12:787	234	0
2020-06-09 12:36:13:792	234	0
2020-06-09 12:36:14:794	234	0
2020-06-09 12:36:15:789	234	0.1888209
2020-06-09 12:36:16:790	234	0.1654385
2020-06-09 12:36:17:779	234	0
2020-06-09 12:36:18:774	234	0
2020-06-09 12:36:19:781	234	0.1995416
2020-06-09 12:36:20:788	234	0
2020-06-09 12:36:21:791	234	0
2020-06-09 12:36:22:780	234	0
2020-06-09 12:36:23:787	234	0
2020-06-09 12:36:24:776	234	0
2020-06-09 12:36:25:797	234	0
2020-06-09 12:36:26:772	234	0
2020-06-09 12:36:27:779	234	0
2020-06-09 12:36:28:783	234	0
2020-06-09 12:36:29:773	234	0
2020-06-09 12:36:30:777	234	0
2020-06-09 12:36:31:783	234	0
2020-06-09 12:36:32:788	234	0
2020-06-09 12:36:33:777	234	0
2020-06-09 12:36:34:783	234	0
2020-06-09 12:36:35:793	234	0
2020-06-09 12:36:36:782	234	0
2020-06-09 12:36:37:784	234	0
2020-06-09 12:36:38:794	234	0
2020-06-09 12:36:39:781	234	0.1812539
2020-06-09 12:36:40:775	234	0
2020-06-09 12:36:41:779	234	0
2020-06-09 12:36:42:786	234	0
2020-06-09 12:36:43:775	234	0
2020-06-09 12:36:44:780	234	0
2020-06-09 12:36:45:770	234	0
2020-06-09 12:36:46:792	234	0
2020-06-09 12:36:47:781	234	0
2020-06-09 12:36:48:788	234	0
2020-06-09 12:36:49:779	234	0
2020-06-09 12:36:50:790	234	0
2020-06-09 12:36:51:790	234	0
2020-06-09 12:36:52:779	234	0
2020-06-09 12:36:53:785	234	0
2020-06-09 12:36:54:774	234	0
2020-06-09 12:36:55:781	234	0
2020-06-09 12:36:56:769	234	0
2020-06-09 12:36:57:777	234	0
2020-06-09 12:36:58:780	234	0
2020-06-09 12:36:59:773	234	0
2020-06-09 12:37:00:774	234	0
2020-06-09 12:37:01:788	234	0
2020-06-09 12:37:02:770	234	0
2020-06-09 12:37:03:776	234	0
2020-06-09 12:37:04:782	234	0
2020-06-09 12:37:05:772	234	0
2020-06-09 12:37:06:778	234	0
2020-06-09 12:37:07:770	234	0
2020-06-09 12:37:08:790	234	0
2020-06-09 12:37:09:782	234	0
2020-06-09 12:37:10:788	234	0
2020-06-09 12:37:11:778	234	0
2020-06-09 12:37:12:785	234	0
2020-06-09 12:37:13:789	234	0
2020-06-09 12:37:14:779	234	0
2020-06-09 12:37:15:785	234	0
2020-06-09 12:37:16:791	234	0
2020-06-09 12:37:17:780	234	0
2020-06-09 12:37:18:786	234	0
2020-06-09 12:37:19:794	234	0
2020-06-09 12:37:20:782	234	0
2020-06-09 12:37:21:788	234	0
2020-06-09 12:37:22:778	234	0
2020-06-09 12:37:23:783	234	0
2020-06-09 12:37:24:789	234	0
2020-06-09 12:37:25:779	234	0
2020-06-09 12:37:26:787	234	0
2020-06-09 12:37:27:791	234	0
2020-06-09 12:37:28:780	234	0
2020-06-09 12:37:29:786	234	0
2020-06-09 12:37:30:776	234	0
2020-06-09 12:37:31:779	234	0
2020-06-09 12:37:32:785	234	0
2020-06-09 12:37:33:790	234	0
2020-06-09 12:37:34:781	234	0
2020-06-09 12:37:35:786	234	0
2020-06-09 12:37:36:778	234	0
2020-06-09 12:37:37:788	234	0.1908562
2020-06-09 12:37:38:792	234	0
2020-06-09 12:37:39:782	234	0
2020-06-09 12:37:40:786	234	0
2020-06-09 12:37:41:776	234	0
2020-06-09 12:37:42:781	234	0
2020-06-09 12:37:43:788	234	0
2020-06-09 12:37:44:794	234	0
2020-06-09 12:37:45:783	234	0
2020-06-09 12:37:46:789	234	0
2020-06-09 12:37:47:795	234	0
2020-06-09 12:37:48:783	234	0
2020-06-09 12:37:49:772	234	0
2020-06-09 12:37:50:777	234	0
2020-06-09 12:37:51:784	234	0
2020-06-09 12:37:52:788	234	0
2020-06-09 12:37:53:780	234	0
2020-06-09 12:37:54:783	234	0
2020-06-09 12:37:55:778	234	0
2020-06-09 12:37:56:782	234	0
2020-06-09 12:37:57:788	234	0
2020-06-09 12:37:58:779	234	0
2020-06-09 12:37:59:785	234	0
2020-06-09 12:38:00:774	234	0
2020-06-09 12:38:01:780	234	0
2020-06-09 12:38:02:790	220	0.2385007
2020-06-09 12:38:03:792	220	0.1964917
2020-06-09 12:38:04:785	220	0.1938146
2020-06-09 12:38:05:791	220	0.168414
2020-06-09 12:38:06:795	220	0
2020-06-09 12:38:07:782	220	0
2020-06-09 12:38:08:788	220	0
2020-06-09 12:38:09:778	220	0
2020-06-09 12:38:10:786	220	0
2020-06-09 12:38:11:774	220	0
2020-06-09 12:38:12:780	220	0
2020-06-09 12:38:13:786	220	0
2020-06-09 12:38:14:775	220	0
2020-06-09 12:38:15:782	220	0
2020-06-09 12:38:16:786	220	0
2020-06-09 12:38:17:776	220	0
2020-06-09 12:38:18:782	220	0
2020-06-09 12:38:19:789	220	0
2020-06-09 12:38:20:796	220	0
2020-06-09 12:38:21:785	220	0
2020-06-09 12:38:22:789	220	0
2020-06-09 12:38:23:780	220	0
2020-06-09 12:38:24:786	220	0
2020-06-09 12:38:25:791	220	0
2020-06-09 12:38:26:781	220	0
2020-06-09 12:38:27:771	220	0
2020-06-09 12:38:28:774	220	0.2212088
2020-06-09 12:38:29:764	220	0.2238152
2020-06-09 12:38:30:786	220	0.2198417
2020-06-09 12:38:31:793	220	0.1934872
2020-06-09 12:38:32:785	220	0.1907649
2020-06-09 12:38:33:792	220	0.1744026
2020-06-09 12:38:34:783	220	0.164155
2020-06-09 12:38:35:789	220	0
2020-06-09 12:38:36:775	220	0
2020-06-09 12:38:37:782	220	0.1932086
2020-06-09 12:38:38:785	220	0.1744608
2020-06-09 12:38:39:794	220	0.186924
2020-06-09 12:38:40:781	220	0
2020-06-09 12:38:41:785	220	0
2020-06-09 12:38:42:779	220	0
2020-06-09 12:38:43:781	220	0
2020-06-09 12:38:44:792	220	0.2272986
2020-06-09 12:38:45:782	220	0
2020-06-09 12:38:46:785	220	0
2020-06-09 12:38:47:791	220	0
2020-06-09 12:38:48:785	220	0
2020-06-09 12:38:49:788	220	0
2020-06-09 12:38:50:777	220	0
2020-06-09 12:38:51:784	220	0
2020-06-09 12:38:52:789	220	0
2020-06-09 12:38:53:795	220	0
2020-06-09 12:38:54:801	220	0
2020-06-09 12:38:55:774	220	0
2020-06-09 12:38:56:781	220	0
2020-06-09 12:38:57:788	220	0
2020-06-09 12:38:58:791	220	0
2020-06-09 12:38:59:781	220	0
2020-06-09 12:39:00:771	220	0
2020-06-09 12:39:01:778	220	0
2020-06-09 12:39:02:785	220	0
2020-06-09 12:39:03:788	220	0
2020-06-09 12:39:04:794	220	0
2020-06-09 12:39:05:781	220	0
2020-06-09 12:39:06:790	220	0
2020-06-09 12:39:07:777	220	0
2020-06-09 12:39:08:787	220	0
2020-06-09 12:39:09:792	220	0.1803553
2020-06-09 12:39:10:783	220	0
2020-06-09 12:39:11:783	220	0
2020-06-09 12:39:12:777	220	0
2020-06-09 12:39:13:782	220	0
2020-06-09 12:39:14:788	220	0
2020-06-09 12:39:15:779	220	0
2020-06-09 12:39:16:783	220	0
2020-06-09 12:39:17:774	220	0
2020-06-09 12:39:18:781	220	0
2020-06-09 12:39:19:791	220	0.1630366
2020-06-09 12:39:20:777	220	0
2020-06-09 12:39:21:781	220	0
2020-06-09 12:39:22:788	220	0
2020-06-09 12:39:23:777	220	0
2020-06-09 12:39:24:783	220	0.1738348
2020-06-09 12:39:25:792	220	0
2020-06-09 12:39:26:776	220	0
2020-06-09 12:39:27:783	220	0.2235849
2020-06-09 12:39:28:776	220	0
2020-06-09 12:39:29:778	220	0
2020-06-09 12:39:30:782	220	0
2020-06-09 12:39:31:789	220	0.1916209
2020-06-09 12:39:32:778	220	0.1766613
2020-06-09 12:39:33:784	220	0
2020-06-09 12:39:34:777	220	0
2020-06-09 12:39:35:781	220	0
2020-06-09 12:39:36:788	220	0
2020-06-09 12:39:37:795	220	0
2020-06-09 12:39:38:784	220	0
2020-06-09 12:39:39:774	220	0
2020-06-09 12:39:40:782	220	0
2020-06-09 12:39:41:771	220	0
2020-06-09 12:39:42:776	220	0
2020-06-09 12:39:43:781	220	0
2020-06-09 12:39:44:787	220	0
2020-06-09 12:39:45:777	220	0
2020-06-09 12:39:46:783	220	0
2020-06-09 12:39:47:773	220	0
2020-06-09 12:39:48:796	220	0.1948963
2020-06-09 12:39:49:786	220	0.2423745
2020-06-09 12:39:50:776	242	0.2761739
2020-06-09 12:39:51:783	241	0.1753882
2020-06-09 12:39:52:788	241	0
2020-06-09 12:39:53:792	241	0
2020-06-09 12:39:54:782	241	0
2020-06-09 12:39:55:787	241	0
2020-06-09 12:39:56:793	241	0
2020-06-09 12:39:57:780	241	0
2020-06-09 12:39:58:789	241	0
2020-06-09 12:39:59:793	241	0
2020-06-09 12:40:00:784	241	0
2020-06-09 12:40:01:788	241	0
2020-06-09 12:40:02:797	241	0
2020-06-09 12:40:03:786	241	0
2020-06-09 12:40:04:775	241	0
2020-06-09 12:40:05:788	241	0.1954732
2020-06-09 12:40:06:772	241	0.1847786
2020-06-09 12:40:07:778	241	0
2020-06-09 12:40:08:783	241	0
2020-06-09 12:40:09:788	241	0
2020-06-09 12:40:10:779	241	0
2020-06-09 12:40:11:784	241	0
2020-06-09 12:40:12:777	244	0.2648857
2020-06-09 12:40:13:782	241	0.2354048
2020-06-09 12:40:14:787	241	0.1940204
2020-06-09 12:40:15:778	241	0
2020-06-09 12:40:16:778	241	0
2020-06-09 12:40:17:789	241	0
2020-06-09 12:40:18:790	241	0
2020-06-09 12:40:19:779	241	0
2020-06-09 12:40:20:785	241	0
2020-06-09 12:40:21:775	241	0
2020-06-09 12:40:22:781	241	0
2020-06-09 12:40:23:772	241	0.1748168
2020-06-09 12:40:24:783	241	0
2020-06-09 12:40:25:785	241	0
2020-06-09 12:40:26:791	241	0
2020-06-09 12:40:27:779	241	0
2020-06-09 12:40:28:784	241	0
2020-06-09 12:40:29:774	241	0
2020-06-09 12:40:30:780	241	0
2020-06-09 12:40:31:773	241	0
2020-06-09 12:40:32:779	241	0
2020-06-09 12:40:33:787	241	0
2020-06-09 12:40:34:774	241	0
2020-06-09 12:40:35:782	241	0
2020-06-09 12:40:36:786	241	0
2020-06-09 12:40:37:776	241	0
2020-06-09 12:40:38:782	241	0
2020-06-09 12:40:39:789	241	0
2020-06-09 12:40:40:779	241	0
2020-06-09 12:40:41:783	241	0
2020-06-09 12:40:42:788	241	0
2020-06-09 12:40:43:781	241	0
2020-06-09 12:40:44:784	241	0
2020-06-09 12:40:45:790	241	0
2020-06-09 12:40:46:777	241	0
2020-06-09 12:40:47:786	241	0
2020-06-09 12:40:48:776	241	0
2020-06-09 12:40:49:781	241	0
2020-06-09 12:40:50:785	241	0
2020-06-09 12:40:51:779	241	0.2405526
2020-06-09 12:40:52:789	241	0
2020-06-09 12:40:53:791	241	0
2020-06-09 12:40:54:778	241	0
2020-06-09 12:40:55:784	241	0
2020-06-09 12:40:56:771	241	0
2020-06-09 12:40:57:781	241	0
2020-06-09 12:40:58:786	241	0
2020-06-09 12:40:59:790	241	0
2020-06-09 12:41:00:784	241	0
2020-06-09 12:41:01:787	241	0
2020-06-09 12:41:02:775	241	0
2020-06-09 12:41:03:783	241	0
2020-06-09 12:41:04:789	241	0.2453393
2020-06-09 12:41:05:777	230	0.2269792
2020-06-09 12:41:06:788	230	0.1690432
2020-06-09 12:41:07:796	230	0
2020-06-09 12:41:08:781	230	0
2020-06-09 12:41:09:787	230	0
2020-06-09 12:41:10:776	230	0
2020-06-09 12:41:11:782	230	0
2020-06-09 12:41:12:790	230	0
2020-06-09 12:41:13:793	230	0
2020-06-09 12:41:14:782	230	0
2020-06-09 12:41:15:788	230	0
2020-06-09 12:41:16:795	230	0
2020-06-09 12:41:17:787	230	0
2020-06-09 12:41:18:790	230	0
2020-06-09 12:41:19:797	230	0
2020-06-09 12:41:20:786	230	0
2020-06-09 12:41:21:774	230	0
2020-06-09 12:41:22:782	230	0
2020-06-09 12:41:23:789	230	0
2020-06-09 12:41:24:780	230	0
2020-06-09 12:41:25:781	230	0
2020-06-09 12:41:26:774	230	0
2020-06-09 12:41:27:778	230	0
2020-06-09 12:41:28:800	230	0
2020-06-09 12:41:29:773	230	0.1993161
2020-06-09 12:41:30:778	230	0.187966
2020-06-09 12:41:31:784	230	0.1692662
2020-06-09 12:41:32:773	230	0.1854023
2020-06-09 12:41:33:779	230	0.1820437
2020-06-09 12:41:34:789	230	0.1788259
2020-06-09 12:41:35:774	230	0.1869972
2020-06-09 12:41:36:787	230	0.1667973
2020-06-09 12:41:37:771	230	0
2020-06-09 12:41:38:795	230	0
2020-06-09 12:41:39:784	230	0
2020-06-09 12:41:40:790	230	0
2020-06-09 12:41:41:780	230	0
2020-06-09 12:41:42:769	230	0
2020-06-09 12:41:43:792	230	0
2020-06-09 12:41:44:781	230	0
2020-06-09 12:41:45:773	230	0
2020-06-09 12:41:46:778	230	0.1641817
2020-06-09 12:41:47:786	230	0
2020-06-09 12:41:48:770	230	0
2020-06-09 12:41:49:782	230	0
2020-06-09 12:41:50:783	230	0
2020-06-09 12:41:51:787	230	0
2020-06-09 12:41:52:779	230	0
2020-06-09 12:41:53:782	230	0
2020-06-09 12:41:54:787	230	0
2020-06-09 12:41:55:781	230	0
2020-06-09 12:41:56:787	230	0
2020-06-09 12:41:57:792	230	0
2020-06-09 12:41:58:783	230	0
2020-06-09 12:41:59:788	230	0
2020-06-09 12:42:00:779	230	0
2020-06-09 12:42:01:784	230	0
2020-06-09 12:42:02:789	230	0
2020-06-09 12:42:03:782	230	0
2020-06-09 12:42:04:785	230	0
2020-06-09 12:42:05:790	230	0
2020-06-09 12:42:06:779	230	0
2020-06-09 12:42:07:786	230	0.2215007
2020-06-09 12:42:08:791	230	0.2340284
2020-06-09 12:42:09:785	251	0.3001854
2020-06-09 12:42:10:791	245	0.2543361
2020-06-09 12:42:11:797	245	0.1896736
2020-06-09 12:42:12:786	245	0.2252983
2020-06-09 12:42:13:791	245	0
2020-06-09 12:42:14:781	245	0
2020-06-09 12:42:15:786	245	0
2020-06-09 12:42:16:774	245	0
2020-06-09 12:42:17:781	245	0
2020-06-09 12:42:18:789	245	0.1828962
2020-06-09 12:42:19:777	245	0.2346608
2020-06-09 12:42:20:784	252	0.2794431
2020-06-09 12:42:21:789	249	0.2261261
2020-06-09 12:42:22:780	249	0
2020-06-09 12:42:23:800	249	0
2020-06-09 12:42:24:773	249	0
2020-06-09 12:42:25:779	249	0
2020-06-09 12:42:26:787	249	0
2020-06-09 12:42:27:775	249	0
2020-06-09 12:42:28:783	249	0
2020-06-09 12:42:29:788	249	0
2020-06-09 12:42:30:776	249	0
2020-06-09 12:42:31:783	249	0
2020-06-09 12:42:32:772	249	0
2020-06-09 12:42:33:778	249	0
2020-06-09 12:42:34:785	249	0
2020-06-09 12:42:35:771	249	0
2020-06-09 12:42:36:793	249	0
2020-06-09 12:42:37:782	249	0
2020-06-09 12:42:38:773	249	0
2020-06-09 12:42:39:778	249	0
2020-06-09 12:42:40:783	249	0
2020-06-09 12:42:41:776	249	0
2020-06-09 12:42:42:779	249	0.1805677
2020-06-09 12:42:43:769	249	0
2020-06-09 12:42:44:775	249	0
2020-06-09 12:42:45:785	249	0
2020-06-09 12:42:46:786	249	0
2020-06-09 12:42:47:777	249	0
2020-06-09 12:42:48:785	249	0
2020-06-09 12:42:49:775	249	0
2020-06-09 12:42:50:778	249	0
2020-06-09 12:42:51:787	249	0
2020-06-09 12:42:52:773	249	0
2020-06-09 12:42:53:784	249	0
2020-06-09 12:42:54:786	249	0
2020-06-09 12:42:55:779	249	0
2020-06-09 12:42:56:783	249	0
2020-06-09 12:42:57:787	249	0
2020-06-09 12:42:58:779	249	0
2020-06-09 12:42:59:788	249	0
2020-06-09 12:43:00:791	249	0
2020-06-09 12:43:01:781	249	0
2020-06-09 12:43:02:783	249	0
2020-06-09 12:43:03:795	249	0.2242906
2020-06-09 12:43:04:784	249	0
2020-06-09 12:43:05:788	249	0
2020-06-09 12:43:06:794	249	0
2020-06-09 12:43:07:783	249	0
2020-06-09 12:43:08:790	249	0
2020-06-09 12:43:09:779	249	0
2020-06-09 12:43:10:786	249	0
2020-06-09 12:43:11:791	249	0
2020-06-09 12:43:12:781	249	0
2020-06-09 12:43:13:790	249	0
2020-06-09 12:43:14:792	249	0
2020-06-09 12:43:15:782	249	0
2020-06-09 12:43:16:788	249	0
2020-06-09 12:43:17:794	249	0
2020-06-09 12:43:18:784	249	0
2020-06-09 12:43:19:790	249	0
2020-06-09 12:43:20:781	249	0
2020-06-09 12:43:21:785	249	0
2020-06-09 12:43:22:775	249	0
2020-06-09 12:43:23:781	249	0
2020-06-09 12:43:24:787	249	0
2020-06-09 12:43:25:774	249	0
2020-06-09 12:43:26:780	249	0
2020-06-09 12:43:27:789	249	0
2020-06-09 12:43:28:796	249	0
2020-06-09 12:43:29:781	249	0.1852297
2020-06-09 12:43:30:776	249	0
2020-06-09 12:43:31:796	249	0
2020-06-09 12:43:32:786	249	0
2020-06-09 12:43:33:790	249	0
2020-06-09 12:43:34:795	249	0
2020-06-09 12:43:35:787	249	0
2020-06-09 12:43:36:778	249	0
2020-06-09 12:43:37:785	249	0
2020-06-09 12:43:38:773	249	0
2020-06-09 12:43:39:779	249	0
2020-06-09 12:43:40:784	249	0
2020-06-09 12:43:41:790	249	0
2020-06-09 12:43:42:780	249	0
2020-06-09 12:43:43:786	249	0
2020-06-09 12:43:44:792	249	0
2020-06-09 12:43:45:781	249	0
2020-06-09 12:43:46:774	249	0.1956603
2020-06-09 12:43:47:783	249	0
2020-06-09 12:43:48:783	249	0
2020-06-09 12:43:49:773	249	0
2020-06-09 12:43:50:775	249	0
2020-06-09 12:43:51:783	249	0
2020-06-09 12:43:52:771	249	0
2020-06-09 12:43:53:793	249	0
2020-06-09 12:43:54:782	249	0
2020-06-09 12:43:55:773	249	0
2020-06-09 12:43:56:780	249	0
2020-06-09 12:43:57:785	249	0
2020-06-09 12:43:58:777	249	0
2020-06-09 12:43:59:785	249	0
2020-06-09 12:44:00:789	249	0
2020-06-09 12:44:01:778	249	0
2020-06-09 12:44:02:789	249	0
2020-06-09 12:44:03:790	249	0
2020-06-09 12:44:04:780	249	0
2020-06-09 12:44:05:787	249	0
2020-06-09 12:44:06:776	249	0
2020-06-09 12:44:07:782	249	0
2020-06-09 12:44:08:788	249	0
2020-06-09 12:44:09:779	249	0
2020-06-09 12:44:10:786	249	0
2020-06-09 12:44:11:789	249	0
2020-06-09 12:44:12:779	249	0
2020-06-09 12:44:13:785	249	0
2020-06-09 12:44:14:787	249	0
2020-06-09 12:44:15:777	249	0
2020-06-09 12:44:16:786	249	0
2020-06-09 12:44:17:790	249	0
2020-06-09 12:44:18:777	249	0
2020-06-09 12:44:19:786	249	0
2020-06-09 12:44:20:794	249	0
2020-06-09 12:44:21:783	249	0
2020-06-09 12:44:22:791	249	0.1861769
2020-06-09 12:44:23:781	249	0
2020-06-09 12:44:24:785	249	0
2020-06-09 12:44:25:774	249	0
2020-06-09 12:44:26:780	249	0
2020-06-09 12:44:27:786	249	0
2020-06-09 12:44:28:775	249	0
2020-06-09 12:44:29:782	249	0
2020-06-09 12:44:30:787	249	0
2020-06-09 12:44:31:794	249	0
2020-06-09 12:44:32:783	249	0
2020-06-09 12:44:33:789	249	0
2020-06-09 12:44:34:780	249	0
2020-06-09 12:44:35:786	249	0
2020-06-09 12:44:36:777	249	0.193362
2020-06-09 12:44:37:782	249	0
2020-06-09 12:44:38:785	249	0
2020-06-09 12:44:39:775	249	0
2020-06-09 12:44:40:779	249	0.1953475
2020-06-09 12:44:41:788	249	0.2072403
2020-06-09 12:44:42:797	249	0.219845
2020-06-09 12:44:43:780	249	0
2020-06-09 12:44:44:786	249	0
2020-06-09 12:44:45:799	249	0
2020-06-09 12:44:46:786	249	0.1960799
2020-06-09 12:44:47:774	249	0.2424328
2020-06-09 12:44:48:795	257	0.2660273
2020-06-09 12:44:49:787	250	0.2379739
2020-06-09 12:44:50:792	250	0.2263949
2020-06-09 12:44:51:781	250	0.2288418
2020-06-09 12:44:52:787	250	0.2279902
2020-06-09 12:44:53:778	250	0.2325317
2020-06-09 12:44:54:785	250	0.1866907
2020-06-09 12:44:55:792	250	0
2020-06-09 12:44:56:778	250	0
2020-06-09 12:44:57:783	250	0
2020-06-09 12:44:58:774	250	0
2020-06-09 12:44:59:779	250	0
2020-06-09 12:45:00:769	250	0
2020-06-09 12:45:01:791	250	0
2020-06-09 12:45:02:779	250	0
2020-06-09 12:45:03:767	250	0
2020-06-09 12:45:04:774	250	0
2020-06-09 12:45:05:779	250	0
2020-06-09 12:45:06:768	250	0
2020-06-09 12:45:07:773	250	0
2020-06-09 12:45:08:780	250	0
2020-06-09 12:45:09:792	250	0.1960354
2020-06-09 12:45:10:776	250	0.1885329
2020-06-09 12:45:11:788	250	0.1958717
2020-06-09 12:45:12:791	250	0.185605
2020-06-09 12:45:13:790	250	0
2020-06-09 12:45:14:786	250	0
2020-06-09 12:45:15:776	250	0
2020-06-09 12:45:16:782	250	0
2020-06-09 12:45:17:788	250	0
2020-06-09 12:45:18:777	250	0
2020-06-09 12:45:19:785	250	0
2020-06-09 12:45:20:788	250	0
2020-06-09 12:45:21:779	250	0
2020-06-09 12:45:22:798	250	0
2020-06-09 12:45:23:790	250	0
2020-06-09 12:45:24:782	250	0
2020-06-09 12:45:25:786	250	0
2020-06-09 12:45:26:792	250	0
2020-06-09 12:45:27:786	250	0.2483477
2020-06-09 12:45:28:791	226	0.1799483
2020-06-09 12:45:29:780	226	0
2020-06-09 12:45:30:767	226	0
2020-06-09 12:45:31:773	226	0
2020-06-09 12:45:32:781	226	0
2020-06-09 12:45:33:786	226	0
2020-06-09 12:45:34:775	226	0
2020-06-09 12:45:35:781	226	0
2020-06-09 12:45:36:787	226	0
2020-06-09 12:45:37:776	226	0
2020-06-09 12:45:38:785	226	0
2020-06-09 12:45:39:787	226	0
2020-06-09 12:45:40:778	226	0
2020-06-09 12:45:41:782	226	0
2020-06-09 12:45:42:789	226	0
2020-06-09 12:45:43:779	226	0
2020-06-09 12:45:44:785	226	0
2020-06-09 12:45:45:788	226	0
2020-06-09 12:45:46:782	226	0
2020-06-09 12:45:47:785	226	0
2020-06-09 12:45:48:777	226	0
2020-06-09 12:45:49:782	226	0
2020-06-09 12:45:50:788	226	0
2020-06-09 12:45:51:794	226	0
2020-06-09 12:45:52:780	226	0
2020-06-09 12:45:53:771	226	0
2020-06-09 12:45:54:778	226	0
2020-06-09 12:45:55:786	226	0
2020-06-09 12:45:56:775	226	0
2020-06-09 12:45:57:781	226	0
2020-06-09 12:45:58:788	226	0
2020-06-09 12:45:59:793	226	0
2020-06-09 12:46:00:784	226	0
2020-06-09 12:46:01:789	226	0
2020-06-09 12:46:02:778	226	0
2020-06-09 12:46:03:784	226	0
2020-06-09 12:46:04:776	226	0.2073937
2020-06-09 12:46:05:781	226	0.2039221
2020-06-09 12:46:06:790	226	0
2020-06-09 12:46:07:775	226	0
2020-06-09 12:46:08:781	226	0
2020-06-09 12:46:09:787	226	0
2020-06-09 12:46:10:774	226	0
2020-06-09 12:46:11:781	226	0
2020-06-09 12:46:12:786	226	0
2020-06-09 12:46:13:779	226	0
2020-06-09 12:46:14:783	226	0
2020-06-09 12:46:15:790	226	0
2020-06-09 12:46:16:779	226	0
2020-06-09 12:46:17:786	226	0
2020-06-09 12:46:18:792	226	0
2020-06-09 12:46:19:779	226	0
2020-06-09 12:46:20:787	226	0
2020-06-09 12:46:21:790	226	0
2020-06-09 12:46:22:783	226	0
2020-06-09 12:46:23:786	226	0.1851048
2020-06-09 12:46:24:795	226	0.1946315
2020-06-09 12:46:25:782	226	0
2020-06-09 12:46:26:790	226	0
2020-06-09 12:46:27:780	226	0
2020-06-09 12:46:28:783	226	0
2020-06-09 12:46:29:775	226	0
2020-06-09 12:46:30:781	226	0
2020-06-09 12:46:31:787	226	0
2020-06-09 12:46:32:792	226	0
2020-06-09 12:46:33:783	226	0
2020-06-09 12:46:34:789	226	0
2020-06-09 12:46:35:796	226	0
2020-06-09 12:46:36:784	226	0
2020-06-09 12:46:37:789	226	0
2020-06-09 12:46:38:779	226	0
2020-06-09 12:46:39:785	226	0.1963445
2020-06-09 12:46:40:788	226	0.1932447
2020-06-09 12:46:41:796	226	0
2020-06-09 12:46:42:784	226	0
2020-06-09 12:46:43:792	226	0
2020-06-09 12:46:44:783	226	0
2020-06-09 12:46:45:786	226	0
2020-06-09 12:46:46:794	226	0
2020-06-09 12:46:47:783	226	0
2020-06-09 12:46:48:774	226	0
2020-06-09 12:46:49:779	226	0
2020-06-09 12:46:50:787	226	0
2020-06-09 12:46:51:791	226	0
2020-06-09 12:46:52:780	226	0
2020-06-09 12:46:53:787	226	0
2020-06-09 12:46:54:792	226	0
2020-06-09 12:46:55:783	226	0
2020-06-09 12:46:56:790	226	0
2020-06-09 12:46:57:789	226	0
2020-06-09 12:46:58:784	226	0
2020-06-09 12:46:59:792	226	0.2386893
2020-06-09 12:47:00:796	226	0.1886714
2020-06-09 12:47:01:788	226	0
2020-06-09 12:47:02:791	226	0
2020-06-09 12:47:03:780	226	0
2020-06-09 12:47:04:785	226	0.1838631
2020-06-09 12:47:05:789	226	0.1791249
2020-06-09 12:47:06:779	226	0
2020-06-09 12:47:07:788	226	0
2020-06-09 12:47:08:796	226	0.1898453
2020-06-09 12:47:09:785	226	0.1880779
2020-06-09 12:47:10:789	226	0.1726607
2020-06-09 12:47:11:798	226	0
2020-06-09 12:47:12:787	226	0
2020-06-09 12:47:13:790	226	0
2020-06-09 12:47:14:797	226	0
2020-06-09 12:47:15:786	226	0
2020-06-09 12:47:16:776	226	0
2020-06-09 12:47:17:782	226	0
2020-06-09 12:47:18:787	226	0
2020-06-09 12:47:19:793	226	0
2020-06-09 12:47:20:782	226	0
2020-06-09 12:47:21:789	226	0
2020-06-09 12:47:22:778	226	0
2020-06-09 12:47:23:784	226	0
2020-06-09 12:47:24:790	226	0
2020-06-09 12:47:25:783	226	0.2134605
2020-06-09 12:47:26:786	226	0.2072746
2020-06-09 12:47:27:794	226	0
2020-06-09 12:47:28:779	226	0
2020-06-09 12:47:29:787	226	0
2020-06-09 12:47:30:789	226	0
2020-06-09 12:47:31:780	226	0
2020-06-09 12:47:32:772	226	0
2020-06-09 12:47:33:778	226	0
2020-06-09 12:47:34:781	226	0
2020-06-09 12:47:35:774	226	0
2020-06-09 12:47:36:776	226	0
2020-06-09 12:47:37:790	226	0.1800403
2020-06-09 12:47:38:790	226	0
2020-06-09 12:47:39:781	226	0
2020-06-09 12:47:40:784	226	0
2020-06-09 12:47:41:777	226	0
2020-06-09 12:47:42:782	226	0
2020-06-09 12:47:43:788	226	0
2020-06-09 12:47:44:779	226	0
2020-06-09 12:47:45:786	226	0
2020-06-09 12:47:46:789	226	0
2020-06-09 12:47:47:781	226	0
2020-06-09 12:47:48:789	226	0.1986552
2020-06-09 12:47:49:792	226	0.1636673
2020-06-09 12:47:50:786	226	0
2020-06-09 12:47:51:772	226	0
2020-06-09 12:47:52:777	226	0
2020-06-09 12:47:53:782	226	0
2020-06-09 12:47:54:773	226	0
2020-06-09 12:47:55:778	226	0
2020-06-09 12:47:56:787	226	0.2026162
2020-06-09 12:47:57:773	226	0
2020-06-09 12:47:58:777	226	0
2020-06-09 12:47:59:783	226	0
2020-06-09 12:48:00:774	226	0
2020-06-09 12:48:01:781	226	0
2020-06-09 12:48:02:787	226	0
2020-06-09 12:48:03:777	226	0
2020-06-09 12:48:04:784	226	0
2020-06-09 12:48:05:789	226	0
2020-06-09 12:48:06:779	226	0
2020-06-09 12:48:07:785	226	0
2020-06-09 12:48:08:791	226	0
2020-06-09 12:48:09:780	226	0
2020-06-09 12:48:10:786	226	0
2020-06-09 12:48:11:792	226	0
2020-06-09 12:48:12:782	226	0
2020-06-09 12:48:13:787	226	0
2020-06-09 12:48:14:778	226	0
2020-06-09 12:48:15:785	226	0
2020-06-09 12:48:16:789	226	0
2020-06-09 12:48:17:777	226	0
2020-06-09 12:48:18:782	226	0
2020-06-09 12:48:19:771	226	0
2020-06-09 12:48:20:793	226	0
2020-06-09 12:48:21:786	226	0
2020-06-09 12:48:22:791	226	0
2020-06-09 12:48:23:778	226	0
2020-06-09 12:48:24:791	226	0
2020-06-09 12:48:25:779	226	0
2020-06-09 12:48:26:783	226	0
2020-06-09 12:48:27:777	226	0.1946445
2020-06-09 12:48:28:781	226	0
2020-06-09 12:48:29:786	226	0
2020-06-09 12:48:30:775	226	0
2020-06-09 12:48:31:781	226	0
2020-06-09 12:48:32:786	226	0
2020-06-09 12:48:33:776	226	0
2020-06-09 12:48:34:779	226	0
2020-06-09 12:48:35:788	226	0
2020-06-09 12:48:36:774	226	0
2020-06-09 12:48:37:785	226	0
2020-06-09 12:48:38:787	226	0
2020-06-09 12:48:39:778	226	0
2020-06-09 12:48:40:785	226	0
2020-06-09 12:48:41:788	226	0
2020-06-09 12:48:42:781	226	0
2020-06-09 12:48:43:783	226	0
2020-06-09 12:48:44:792	226	0
2020-06-09 12:48:45:779	226	0
2020-06-09 12:48:46:788	226	0
2020-06-09 12:48:47:778	226	0
2020-06-09 12:48:48:784	226	0
2020-06-09 12:48:49:789	226	0
2020-06-09 12:48:50:795	226	0
2020-06-09 12:48:51:785	226	0
2020-06-09 12:48:52:791	226	0
2020-06-09 12:48:53:780	226	0
2020-06-09 12:48:54:784	226	0
2020-06-09 12:48:55:774	226	0.1600774
2020-06-09 12:48:56:782	226	0
2020-06-09 12:48:57:788	226	0
2020-06-09 12:48:58:794	226	0
2020-06-09 12:48:59:783	226	0
2020-06-09 12:49:00:790	226	0
2020-06-09 12:49:01:796	226	0.1625112
2020-06-09 12:49:02:784	226	0.1719179
2020-06-09 12:49:03:794	226	0.169583
2020-06-09 12:49:04:800	226	0
2020-06-09 12:49:05:768	226	0
2020-06-09 12:49:06:774	226	0
2020-06-09 12:49:07:783	226	0
2020-06-09 12:49:08:785	226	0
2020-06-09 12:49:09:776	226	0.2251138
2020-06-09 12:49:10:784	226	0.1838349
2020-06-09 12:49:11:791	226	0
2020-06-09 12:49:12:776	226	0
2020-06-09 12:49:13:787	226	0
2020-06-09 12:49:14:775	226	0
2020-06-09 12:49:15:783	226	0
2020-06-09 12:49:16:786	226	0
2020-06-09 12:49:17:795	226	0
2020-06-09 12:49:18:782	226	0
2020-06-09 12:49:19:790	226	0
2020-06-09 12:49:20:779	226	0
2020-06-09 12:49:21:784	226	0
2020-06-09 12:49:22:789	226	0
2020-06-09 12:49:23:779	226	0
2020-06-09 12:49:24:785	226	0
2020-06-09 12:49:25:774	226	0
2020-06-09 12:49:26:781	226	0
2020-06-09 12:49:27:786	226	0
2020-06-09 12:49:28:776	226	0
2020-06-09 12:49:29:785	226	0
2020-06-09 12:49:30:788	226	0
2020-06-09 12:49:31:793	226	0
2020-06-09 12:49:32:789	226	0
2020-06-09 12:49:33:789	226	0
2020-06-09 12:49:34:779	226	0
2020-06-09 12:49:35:785	226	0
2020-06-09 12:49:36:791	226	0
2020-06-09 12:49:37:780	226	0
2020-06-09 12:49:38:784	226	0
2020-06-09 12:49:39:777	226	0
2020-06-09 12:49:40:782	226	0
2020-06-09 12:49:41:788	226	0
2020-06-09 12:49:42:778	226	0
2020-06-09 12:49:43:783	226	0
2020-06-09 12:49:44:773	226	0
2020-06-09 12:49:45:780	226	0
2020-06-09 12:49:46:785	226	0
2020-06-09 12:49:47:775	226	0
2020-06-09 12:49:48:780	226	0
2020-06-09 12:49:49:787	226	0
2020-06-09 12:49:50:776	226	0
2020-06-09 12:49:51:784	226	0
2020-06-09 12:49:52:772	226	0
2020-06-09 12:49:53:776	226	0
2020-06-09 12:49:54:782	226	0
2020-06-09 12:49:55:786	226	0
2020-06-09 12:49:56:782	226	0
2020-06-09 12:49:57:766	226	0
2020-06-09 12:49:58:789	226	0
2020-06-09 12:49:59:799	226	0
2020-06-09 12:50:00:801	226	0
2020-06-09 12:50:01:789	226	0
2020-06-09 12:50:02:795	226	0
2020-06-09 12:50:03:786	226	0
2020-06-09 12:50:04:807	226	0
2020-06-09 12:50:05:800	226	0
2020-06-09 12:50:06:803	226	0
2020-06-09 12:50:07:796	226	0
2020-06-09 12:50:08:799	226	0
2020-06-09 12:50:09:791	226	0
2020-06-09 12:50:10:799	226	0.192746
2020-06-09 12:50:11:806	226	0.1721618
2020-06-09 12:50:12:795	226	0
2020-06-09 12:50:13:799	226	0
2020-06-09 12:50:14:789	226	0
2020-06-09 12:50:15:813	226	0
2020-06-09 12:50:16:800	226	0
2020-06-09 12:50:17:790	226	0
2020-06-09 12:50:18:798	226	0.1786115
2020-06-09 12:50:19:805	226	0
2020-06-09 12:50:20:808	226	0
2020-06-09 12:50:21:797	226	0
2020-06-09 12:50:22:802	226	0
2020-06-09 12:50:23:793	226	0
2020-06-09 12:50:24:799	226	0
2020-06-09 12:50:25:804	226	0
2020-06-09 12:50:26:795	226	0
2020-06-09 12:50:27:800	226	0
2020-06-09 12:50:28:790	226	0
2020-06-09 12:50:29:811	226	0
2020-06-09 12:50:30:801	226	0
2020-06-09 12:50:31:808	226	0
2020-06-09 12:50:32:797	226	0
2020-06-09 12:50:33:787	226	0
2020-06-09 12:50:34:808	226	0
2020-06-09 12:50:35:798	226	0
2020-06-09 12:50:36:805	226	0
2020-06-09 12:50:37:795	226	0
2020-06-09 12:50:38:801	226	0
2020-06-09 12:50:39:789	226	0
2020-06-09 12:50:40:796	226	0
2020-06-09 12:50:41:799	226	0
2020-06-09 12:50:42:806	226	0
2020-06-09 12:50:43:797	226	0
2020-06-09 12:50:44:799	226	0
2020-06-09 12:50:45:793	226	0
2020-06-09 12:50:46:795	226	0
2020-06-09 12:50:47:803	226	0
2020-06-09 12:50:48:810	226	0
2020-06-09 12:50:49:799	226	0
2020-06-09 12:50:50:806	226	0
2020-06-09 12:50:51:797	226	0
2020-06-09 12:50:52:801	226	0
2020-06-09 12:50:53:791	226	0
2020-06-09 12:50:54:797	226	0
2020-06-09 12:50:55:803	226	0
2020-06-09 12:50:56:792	226	0
2020-06-09 12:50:57:798	226	0
2020-06-09 12:50:58:805	226	0
2020-06-09 12:50:59:795	226	0
2020-06-09 12:51:00:800	226	0
2020-06-09 12:51:01:806	226	0
2020-06-09 12:51:02:812	226	0
2020-06-09 12:51:03:801	226	0
2020-06-09 12:51:04:791	226	0
2020-06-09 12:51:05:798	226	0
2020-06-09 12:51:06:787	226	0
2020-06-09 12:51:07:808	226	0
2020-06-09 12:51:08:798	226	0
2020-06-09 12:51:09:788	226	0
2020-06-09 12:51:10:792	226	0
2020-06-09 12:51:11:782	226	0
2020-06-09 12:51:12:788	226	0
2020-06-09 12:51:13:796	226	0
2020-06-09 12:51:14:801	226	0
2020-06-09 12:51:15:789	226	0
2020-06-09 12:51:16:798	226	0
2020-06-09 12:51:17:801	226	0
2020-06-09 12:51:18:796	226	0.1814228
2020-06-09 12:51:19:797	226	0
2020-06-09 12:51:20:805	226	0
2020-06-09 12:51:21:807	226	0
2020-06-09 12:51:22:800	226	0
2020-06-09 12:51:23:803	226	0
2020-06-09 12:51:24:795	226	0
2020-06-09 12:51:25:803	226	0
2020-06-09 12:51:26:807	226	0
2020-06-09 12:51:27:795	226	0
2020-06-09 12:51:28:803	226	0
2020-06-09 12:51:29:790	226	0
2020-06-09 12:51:30:798	226	0
2020-06-09 12:51:31:785	226	0
2020-06-09 12:51:32:791	226	0
2020-06-09 12:51:33:797	226	0
2020-06-09 12:51:34:802	226	0
2020-06-09 12:51:35:793	226	0
2020-06-09 12:51:36:797	226	0
2020-06-09 12:51:37:789	226	0
2020-06-09 12:51:38:797	226	0
2020-06-09 12:51:39:802	226	0
2020-06-09 12:51:40:793	226	0
2020-06-09 12:51:41:799	226	0
2020-06-09 12:51:42:804	226	0
2020-06-09 12:51:43:811	226	0
2020-06-09 12:51:44:802	226	0
2020-06-09 12:51:45:806	226	0
2020-06-09 12:51:46:812	226	0
2020-06-09 12:51:47:801	226	0
2020-06-09 12:51:48:791	226	0
2020-06-09 12:51:49:816	226	0
2020-06-09 12:51:50:803	226	0
2020-06-09 12:51:51:793	226	0
2020-06-09 12:51:52:798	226	0
2020-06-09 12:51:53:801	226	0
2020-06-09 12:51:54:811	226	0
2020-06-09 12:51:55:802	226	0
2020-06-09 12:51:56:790	226	0
2020-06-09 12:51:57:797	226	0
2020-06-09 12:51:58:801	226	0
2020-06-09 12:51:59:791	226	0
2020-06-09 12:52:00:815	226	0.1881163
2020-06-09 12:52:01:803	226	0.1866554
2020-06-09 12:52:02:792	226	0.1806371
2020-06-09 12:52:03:796	226	0.1710404
2020-06-09 12:52:04:803	226	0
2020-06-09 12:52:05:806	226	0
2020-06-09 12:52:06:800	226	0
2020-06-09 12:52:07:805	226	0
2020-06-09 12:52:08:795	226	0
2020-06-09 12:52:09:803	226	0
2020-06-09 12:52:10:809	226	0
2020-06-09 12:52:11:796	226	0
2020-06-09 12:52:12:803	226	0
2020-06-09 12:52:13:795	226	0.1836708
2020-06-09 12:52:14:799	226	0.1933913
2020-06-09 12:52:15:787	226	0.179947
2020-06-09 12:52:16:798	226	0
2020-06-09 12:52:17:797	226	0
2020-06-09 12:52:18:786	226	0
2020-06-09 12:52:19:809	226	0
2020-06-09 12:52:20:800	226	0
2020-06-09 12:52:21:805	226	0
2020-06-09 12:52:22:794	226	0
2020-06-09 12:52:23:800	226	0
2020-06-09 12:52:24:792	226	0.1632587
2020-06-09 12:52:25:795	226	0
2020-06-09 12:52:26:804	226	0
2020-06-09 12:52:27:796	226	0
2020-06-09 12:52:28:801	226	0
2020-06-09 12:52:29:805	226	0
2020-06-09 12:52:30:796	226	0
2020-06-09 12:52:31:802	226	0
2020-06-09 12:52:32:789	226	0
2020-06-09 12:52:33:797	226	0
2020-06-09 12:52:34:800	226	0
2020-06-09 12:52:35:792	226	0
2020-06-09 12:52:36:796	226	0
2020-06-09 12:52:37:790	226	0
2020-06-09 12:52:38:791	226	0
2020-06-09 12:52:39:804	226	0
2020-06-09 12:52:40:790	226	0
2020-06-09 12:52:41:796	226	0
2020-06-09 12:52:42:802	226	0
2020-06-09 12:52:43:791	226	0
2020-06-09 12:52:44:797	226	0
2020-06-09 12:52:45:803	226	0
2020-06-09 12:52:46:794	226	0
2020-06-09 12:52:47:799	226	0
2020-06-09 12:52:48:788	226	0
2020-06-09 12:52:49:796	226	0.1958188
2020-06-09 12:52:50:800	226	0.1773206
2020-06-09 12:52:51:793	226	0
2020-06-09 12:52:52:798	226	0
2020-06-09 12:52:53:802	226	0
2020-06-09 12:52:54:794	226	0
2020-06-09 12:52:55:796	226	0
2020-06-09 12:52:56:801	226	0
2020-06-09 12:52:57:790	226	0
2020-06-09 12:52:58:796	226	0
2020-06-09 12:52:59:802	226	0
2020-06-09 12:53:00:794	226	0
2020-06-09 12:53:01:801	226	0
2020-06-09 12:53:02:807	226	0
2020-06-09 12:53:03:796	226	0
2020-06-09 12:53:04:801	226	0
2020-06-09 12:53:05:807	226	0
2020-06-09 12:53:06:812	226	0
2020-06-09 12:53:07:801	226	0
2020-06-09 12:53:08:792	226	0
2020-06-09 12:53:09:797	226	0
2020-06-09 12:53:10:804	226	0
2020-06-09 12:53:11:791	226	0
2020-06-09 12:53:12:799	226	0
2020-06-09 12:53:13:802	226	0
2020-06-09 12:53:14:792	226	0
2020-06-09 12:53:15:805	226	0
2020-06-09 12:53:16:807	226	0
2020-06-09 12:53:17:797	226	0
2020-06-09 12:53:18:802	226	0
2020-06-09 12:53:19:809	226	0
2020-06-09 12:53:20:799	226	0
2020-06-09 12:53:21:803	226	0
2020-06-09 12:53:22:795	226	0
2020-06-09 12:53:23:799	226	0
2020-06-09 12:53:24:790	226	0
2020-06-09 12:53:25:795	226	0
2020-06-09 12:53:26:804	226	0.1930085
2020-06-09 12:53:27:792	226	0
2020-06-09 12:53:28:813	226	0
2020-06-09 12:53:29:802	226	0
2020-06-09 12:53:30:792	226	0
2020-06-09 12:53:31:799	226	0
2020-06-09 12:53:32:803	226	0
2020-06-09 12:53:33:810	226	0
2020-06-09 12:53:34:800	226	0
2020-06-09 12:53:35:805	226	0
2020-06-09 12:53:36:795	226	0
2020-06-09 12:53:37:801	226	0
2020-06-09 12:53:38:806	226	0
2020-06-09 12:53:39:797	226	0
2020-06-09 12:53:40:804	226	0
2020-06-09 12:53:41:808	226	0
2020-06-09 12:53:42:798	226	0
2020-06-09 12:53:43:805	226	0
2020-06-09 12:53:44:810	226	0
2020-06-09 12:53:45:797	226	0
2020-06-09 12:53:46:805	226	0
2020-06-09 12:53:47:793	226	0.2104194
2020-06-09 12:53:48:800	226	0.2132708
2020-06-09 12:53:49:804	226	0.1902933
2020-06-09 12:53:50:794	226	0
2020-06-09 12:53:51:799	226	0
2020-06-09 12:53:52:808	226	0
2020-06-09 12:53:53:798	226	0
2020-06-09 12:53:54:803	226	0
2020-06-09 12:53:55:793	226	0
2020-06-09 12:53:56:799	226	0
2020-06-09 12:53:57:805	226	0
2020-06-09 12:53:58:799	226	0.2016461
2020-06-09 12:53:59:801	226	0.205993
2020-06-09 12:54:00:807	226	0.1593022
2020-06-09 12:54:01:795	226	0
2020-06-09 12:54:02:798	226	0
2020-06-09 12:54:03:805	226	0
2020-06-09 12:54:04:798	226	0
2020-06-09 12:54:05:788	226	0
2020-06-09 12:54:06:789	226	0
2020-06-09 12:54:07:805	226	0.1721483
2020-06-09 12:54:08:807	226	0
2020-06-09 12:54:09:795	226	0
2020-06-09 12:54:10:785	226	0
2020-06-09 12:54:11:791	226	0
2020-06-09 12:54:12:797	226	0
2020-06-09 12:54:13:802	226	0
2020-06-09 12:54:14:792	226	0
2020-06-09 12:54:15:795	226	0
2020-06-09 12:54:16:804	226	0
2020-06-09 12:54:17:794	226	0
2020-06-09 12:54:18:801	226	0
2020-06-09 12:54:19:805	226	0
2020-06-09 12:54:20:796	226	0
2020-06-09 12:54:21:801	226	0
2020-06-09 12:54:22:809	226	0.1711445
2020-06-09 12:54:23:816	226	0
2020-06-09 12:54:24:816	226	0
2020-06-09 12:54:25:808	226	0
2020-06-09 12:54:26:815	226	0
2020-06-09 12:54:27:820	226	0
2020-06-09 12:54:28:807	226	0
2020-06-09 12:54:29:816	226	0
2020-06-09 12:54:30:819	226	0
2020-06-09 12:54:31:812	226	0
2020-06-09 12:54:32:815	226	0
2020-06-09 12:54:33:822	226	0
2020-06-09 12:54:34:811	226	0
2020-06-09 12:54:35:819	226	0
2020-06-09 12:54:36:808	226	0
2020-06-09 12:54:37:814	226	0
2020-06-09 12:54:38:819	226	0
2020-06-09 12:54:39:825	226	0
2020-06-09 12:54:40:815	226	0
2020-06-09 12:54:41:822	226	0
2020-06-09 12:54:42:811	226	0
2020-06-09 12:54:43:817	226	0
2020-06-09 12:54:44:825	226	0.17276
2020-06-09 12:54:45:814	226	0
2020-06-09 12:54:46:818	226	0
2020-06-09 12:54:47:824	226	0
2020-06-09 12:54:48:814	226	0
2020-06-09 12:54:49:820	226	0
2020-06-09 12:54:50:825	226	0
2020-06-09 12:54:51:812	226	0
2020-06-09 12:54:52:819	226	0
2020-06-09 12:54:53:812	226	0.1995659
2020-06-09 12:54:54:815	226	0.1815935
2020-06-09 12:54:55:821	226	0.1872987
2020-06-09 12:54:56:812	226	0.1768569
2020-06-09 12:54:57:818	226	0
2020-06-09 12:54:58:821	226	0
2020-06-09 12:54:59:811	226	0
2020-06-09 12:55:00:817	226	0
2020-06-09 12:55:01:823	226	0
2020-06-09 12:55:02:813	226	0
2020-06-09 12:55:03:805	226	0
2020-06-09 12:55:04:826	226	0.1966539
2020-06-09 12:55:05:818	226	0.1941698
2020-06-09 12:55:06:820	226	0.1730533
2020-06-09 12:55:07:816	226	0
2020-06-09 12:55:08:800	226	0
2020-06-09 12:55:09:822	226	0
2020-06-09 12:55:10:815	226	0
2020-06-09 12:55:11:821	226	0
2020-06-09 12:55:12:828	226	0
2020-06-09 12:55:13:816	226	0
2020-06-09 12:55:14:822	226	0
2020-06-09 12:55:15:812	226	0
2020-06-09 12:55:16:802	226	0
2020-06-09 12:55:17:807	226	0
2020-06-09 12:55:18:813	226	0
2020-06-09 12:55:19:803	226	0
2020-06-09 12:55:20:808	226	0
2020-06-09 12:55:21:815	226	0
2020-06-09 12:55:22:820	226	0
2020-06-09 12:55:23:812	226	0
2020-06-09 12:55:24:818	226	0
2020-06-09 12:55:25:806	226	0
2020-06-09 12:55:26:813	226	0
2020-06-09 12:55:27:817	226	0
2020-06-09 12:55:28:808	226	0
2020-06-09 12:55:29:813	226	0
2020-06-09 12:55:30:820	226	0
2020-06-09 12:55:31:808	226	0
2020-06-09 12:55:32:815	226	0
2020-06-09 12:55:33:820	226	0
2020-06-09 12:55:34:810	226	0
2020-06-09 12:55:35:816	226	0
2020-06-09 12:55:36:822	226	0
2020-06-09 12:55:37:811	226	0
2020-06-09 12:55:38:816	226	0
2020-06-09 12:55:39:807	226	0
2020-06-09 12:55:40:810	226	0
2020-06-09 12:55:41:816	226	0
2020-06-09 12:55:42:806	226	0
2020-06-09 12:55:43:814	226	0
2020-06-09 12:55:44:821	226	0
2020-06-09 12:55:45:825	226	0
2020-06-09 12:55:46:818	226	0
2020-06-09 12:55:47:822	226	0
2020-06-09 12:55:48:811	226	0
2020-06-09 12:55:49:802	226	0
2020-06-09 12:55:50:823	226	0
2020-06-09 12:55:51:812	226	0
2020-06-09 12:55:52:819	226	0
2020-06-09 12:55:53:813	226	0
2020-06-09 12:55:54:815	226	0
2020-06-09 12:55:55:806	226	0
2020-06-09 12:55:56:810	226	0
2020-06-09 12:55:57:817	226	0
2020-06-09 12:55:58:821	226	0
2020-06-09 12:55:59:812	226	0
2020-06-09 12:56:00:818	226	0
2020-06-09 12:56:01:824	226	0
2020-06-09 12:56:02:814	226	0
2020-06-09 12:56:03:818	226	0
2020-06-09 12:56:04:809	226	0
2020-06-09 12:56:05:816	226	0
2020-06-09 12:56:06:802	226	0
2020-06-09 12:56:07:826	226	0
2020-06-09 12:56:08:817	226	0
2020-06-09 12:56:09:806	226	0
2020-06-09 12:56:10:811	226	0
2020-06-09 12:56:11:817	226	0
2020-06-09 12:56:12:804	226	0
2020-06-09 12:56:13:810	226	0
2020-06-09 12:56:14:816	226	0
2020-06-09 12:56:15:806	226	0
2020-06-09 12:56:16:819	226	0
2020-06-09 12:56:17:818	226	0
2020-06-09 12:56:18:810	226	0
2020-06-09 12:56:19:816	226	0
2020-06-09 12:56:20:821	226	0
2020-06-09 12:56:21:828	226	0
2020-06-09 12:56:22:817	226	0
2020-06-09 12:56:23:824	226	0
2020-06-09 12:56:24:813	226	0
2020-06-09 12:56:25:824	226	0
2020-06-09 12:56:26:825	226	0
2020-06-09 12:56:27:829	226	0
2020-06-09 12:56:28:802	226	0
2020-06-09 12:56:29:808	226	0
2020-06-09 12:56:30:812	226	0
2020-06-09 12:56:31:805	226	0
2020-06-09 12:56:32:811	226	0
2020-06-09 12:56:33:819	226	0
2020-06-09 12:56:34:807	226	0
2020-06-09 12:56:35:813	226	0
2020-06-09 12:56:36:821	226	0
2020-06-09 12:56:37:808	226	0
2020-06-09 12:56:38:816	226	0
2020-06-09 12:56:39:823	226	0
2020-06-09 12:56:40:817	226	0
2020-06-09 12:56:41:816	226	0
2020-06-09 12:56:42:806	226	0
2020-06-09 12:56:43:812	226	0
2020-06-09 12:56:44:817	226	0
2020-06-09 12:56:45:807	226	0
2020-06-09 12:56:46:813	226	0
2020-06-09 12:56:47:815	226	0
2020-06-09 12:56:48:821	226	0
2020-06-09 12:56:49:811	226	0
2020-06-09 12:56:50:805	226	0
2020-06-09 12:56:51:810	226	0
2020-06-09 12:56:52:814	226	0
2020-06-09 12:56:53:803	226	0
2020-06-09 12:56:54:811	226	0
2020-06-09 12:56:55:817	226	0
2020-06-09 12:56:56:819	226	0
2020-06-09 12:56:57:810	226	0
2020-06-09 12:56:58:820	226	0
2020-06-09 12:56:59:824	226	0
2020-06-09 14:49:12:347	232	0
2020-06-09 14:49:44:522	232	0
2020-06-09 14:49:45:530	232	0
2020-06-09 14:49:46:518	232	0
2020-06-09 14:49:47:523	232	0
2020-06-09 14:49:48:512	232	0
2020-06-09 14:49:49:503	232	0
2020-06-09 14:49:50:509	232	0
2020-06-09 14:49:51:513	232	0
2020-06-09 14:49:52:504	232	0
2020-06-09 14:49:53:528	232	0
2020-06-09 14:50:14:282	232	0
2020-06-09 14:50:39:354	232	0
2020-06-09 14:51:39:288	232	0
2020-06-09 14:52:04:442	232	0.2330609
2020-06-09 14:52:22:811	227	0
2020-06-09 14:52:23:819	227	0
2020-06-09 14:52:24:808	227	0
2020-06-09 14:52:25:814	227	0
2020-06-09 15:00:21:726	179	0.2975356
2020-06-09 15:00:22:729	178	0.2786447
2020-06-09 15:00:23:736	177	0.3100445
2020-06-09 15:00:24:733	173	0.3009804
2020-06-09 15:00:25:724	179	0.3299889
2020-06-09 15:00:26:728	175	0.3365938
2020-06-09 15:00:27:736	162	0.2463255
2020-06-09 15:00:28:740	162	0.1951784
2020-06-09 15:00:29:731	162	0
2020-06-09 15:00:30:735	162	0
2020-06-09 15:00:31:725	162	0
2020-06-09 15:00:32:731	162	0
2020-06-09 15:00:33:737	162	0
2020-06-09 15:00:34:726	162	0
