Road Temp Monitoring Program V1.0
회 사 명 : (주)레도
작성일자 : 2021년 04월 15일 16:16:24


날짜/시간 	 #1주변온도 	 #1물체온도 	 #2주변온도 	 #2물체온도 
2021-04-15 16:16:24:284	27.2	21.9	0	0
2021-04-15 16:16:25:268	27.3	22	0	0
2021-04-15 16:16:26:268	27.4	21.9	0	0
2021-04-15 16:16:27:283	27.4	21.8	0	0
2021-04-15 16:16:28:268	27.5	21.8	0	0
2021-04-15 16:16:29:283	27.6	21.8	0	0
2021-04-15 16:16:30:283	27.6	21.8	0	0
2021-04-15 16:16:31:282	27.8	21.7	0	0
2021-04-15 16:16:32:282	27.7	21.6	0	0
2021-04-15 16:16:33:298	27.5	21.5	0	0
2021-04-15 16:16:34:282	27.6	21.4	0	0
2021-04-15 16:16:35:298	27.7	21.4	0	0
2021-04-15 16:16:36:290	27.7	0.2	0	0
2021-04-15 16:16:37:298	27.8	21.6	0	0
2021-04-15 16:16:38:305	27.9	21.6	0	0
2021-04-15 16:16:39:319	27.9	21.6	0	0
2021-04-15 16:16:40:305	28.2	21.9	0	0
2021-04-15 16:16:41:312	28.4	21.9	0	0
2021-04-15 16:16:42:305	28.5	21.8	0	0
2021-04-15 16:16:43:311	28.3	21.8	0	0
2021-04-15 16:16:44:319	28.3	21.8	0	0
2021-04-15 16:16:45:312	28.4	21.6	0	0
2021-04-15 16:16:46:319	28.4	21.5	0	0
2021-04-15 16:16:47:327	28.8	21.5	0	0
2021-04-15 16:16:48:319	28.9	21.2	0	0
2021-04-15 16:16:49:318	28.9	21.2	0	0
2021-04-15 16:16:50:334	29	21.2	0	0
2021-04-15 16:16:51:318	29.3	21.2	0	0
2021-04-15 16:16:52:333	29.4	21.2	0	0
2021-04-15 16:16:53:333	29.4	21.2	0	0
2021-04-15 16:16:54:333	29.5	21.2	0	0
2021-04-15 16:16:55:333	29.2	20.9	0	0
2021-04-15 16:16:56:348	29.3	20.7	0	0
2021-04-15 16:16:57:332	29.3	20.7	0	0
2021-04-15 16:16:58:347	29.4	20.4	0	0
2021-04-15 16:16:59:347	29.4	20.2	0	0
2021-04-15 16:17:00:347	29.5	20	0	0
2021-04-15 16:17:01:347	29.5	20	0	0
2021-04-15 16:17:02:362	29.6	20	0	0
2021-04-15 16:17:03:346	29.8	20.2	0	0
2021-04-15 16:17:04:362	29.9	20.4	0	0
2021-04-15 16:17:05:361	29.9	20.4	0	0
2021-04-15 16:17:06:361	30	20.5	0	0
2021-04-15 16:17:07:361	30	20.7	0	0
2021-04-15 16:17:08:376	30.1	20.9	0	0
2021-04-15 16:17:09:361	30.1	20.9	0	0
2021-04-15 16:17:10:376	30.2	20.8	0	0
2021-04-15 16:17:11:376	30	20.8	0	0
2021-04-15 16:17:12:375	30.2	20.8	0	0
2021-04-15 16:17:13:375	30.2	20.8	0	0
2021-04-15 16:17:14:391	30.3	21	0	0
2021-04-15 16:17:15:375	30.3	21	0	0
2021-04-15 16:17:16:390	30.4	21	0	0
2021-04-15 16:17:17:390	30.4	21	0	0
2021-04-15 16:17:18:390	30.5	21	0	0
2021-04-15 16:17:19:390	30.5	20.9	0	0
2021-04-15 16:17:20:405	30.4	20.9	0	0
2021-04-15 16:17:21:389	30.5	20.9	0	0
2021-04-15 16:17:22:405	30.5	20.9	0	0
2021-04-15 16:17:23:404	30.5	20.9	0	0
2021-04-15 16:17:24:404	30.6	20.9	0	0
2021-04-15 16:17:25:404	30.7	20.9	0	0
2021-04-15 16:17:26:419	30.7	20.9	0	0
2021-04-15 16:17:27:403	30.8	21	0	0
2021-04-15 16:17:28:419	30.8	21	0	0
2021-04-15 16:17:29:419	30.9	21	0	0
2021-04-15 16:17:30:418	30.9	21	0	0
2021-04-15 16:17:31:418	31	21	0	0
2021-04-15 16:17:32:433	31	21	0	0
2021-04-15 16:17:34:433	31	20.9	0	0
2021-04-15 16:17:35:440	31.1	20.9	0	0
2021-04-15 16:17:36:440	31.1	20.9	0	0
2021-04-15 16:17:37:439	31.1	20.9	0	0
2021-04-15 16:17:38:439	31.2	21.2	0	0
2021-04-15 16:17:39:455	31.2	22.2	0	0
2021-04-15 16:17:40:439	31.2	23.5	0	0
2021-04-15 16:17:41:454	31.3	25.1	0	0
2021-04-15 16:17:42:454	31.3	25.1	0	0
2021-04-15 16:17:43:454	31.3	25.3	0	0
2021-04-15 16:17:44:454	31.4	26.4	0	0
2021-04-15 16:17:45:469	31.4	27	0	0
2021-04-15 16:17:46:453	31.5	2.7	0	0
2021-04-15 16:17:47:469	31.5	26.3	0	0
2021-04-15 16:17:48:468	31.6	25.5	0	0
2021-04-15 16:17:49:484	31.6	23.9	0	0
2021-04-15 16:17:50:468	31.7	23.9	0	0
2021-04-15 16:17:51:483	31.7	23.8	0	0
2021-04-15 16:17:52:483	31.7	22.6	0	0
2021-04-15 16:17:53:483	31.8	22.1	0	0
2021-04-15 16:17:54:483	31.8	21.8	0	0
2021-04-15 16:17:55:498	31.9	21.6	0	0
2021-04-15 16:17:56:482	31.9	21.1	0	0
2021-04-15 16:17:57:498	31.9	21.1	0	0
2021-04-15 16:17:58:497	32	21.1	0	0
2021-04-15 16:17:59:497	32	21.2	0	0
2021-04-15 16:18:00:497	32	21.2	0	0
2021-04-15 16:18:01:512	32.1	21.2	0	0
2021-04-15 16:18:02:512	32.1	21.1	0	0
2021-04-15 16:18:03:512	32.1	21	0	0
2021-04-15 16:18:04:512	32.1	21	0	0
2021-04-15 16:18:05:527	32.2	21	0	0
2021-04-15 16:18:06:511	32.1	21	0	0
2021-04-15 16:18:07:527	32.1	20.9	0	0
2021-04-15 16:18:08:542	32.1	20.9	0	0
2021-04-15 16:18:09:526	32.1	20.9	0	0
2021-04-15 16:18:10:541	32.2	21	0	0
2021-04-15 16:18:11:541	32	21	0	0
2021-04-15 16:18:13:541	32.1	21	0	0
2021-04-15 16:18:14:556	32.3	21	0	0
2021-04-15 16:18:15:556	32.3	21	0	0
2021-04-15 16:18:16:540	32.3	21	0	0
2021-04-15 16:18:17:556	32.3	21	0	0
2021-04-15 16:18:18:571	32.4	20.8	0	0
2021-04-15 16:18:19:555	32.6	20.8	0	0
2021-04-15 16:18:20:570	32.6	20.8	0	0
2021-04-15 16:18:21:570	32.6	20.8	0	0
2021-04-15 16:18:22:586	32.5	20.8	0	0
2021-04-15 16:18:23:570	32.5	20.8	0	0
2021-04-15 16:18:24:585	32.5	20.8	0	0
2021-04-15 16:18:25:585	32.5	20.8	0	0
2021-04-15 16:18:26:585	32.3	20.8	0	0
2021-04-15 16:18:27:584	32.4	20.8	0	0
2021-04-15 16:18:28:600	32.2	20.8	0	0
2021-04-15 16:18:29:584	32.2	21.1	0	0
2021-04-15 16:18:30:599	32.2	21.1	0	0
2021-04-15 16:18:31:599	32.2	21.1	0	0
2021-04-15 16:18:32:614	32.2	21.1	0	0
2021-04-15 16:18:33:599	32.3	21.1	0	0
2021-04-15 16:18:34:614	32.3	21	0	0
2021-04-15 16:18:35:624	32.3	21.1	0	0
2021-04-15 16:18:36:615	32.5	21.3	0	0
2021-04-15 16:18:37:623	32.5	21.1	0	0
2021-04-15 16:18:38:631	32.8	21.2	0	0
2021-04-15 16:18:39:639	32.8	21.3	0	0
2021-04-15 16:18:40:631	32.9	21.3	0	0
2021-04-15 16:18:41:639	32.9	21.4	0	0
2021-04-15 16:18:42:646	33.1	21.5	0	0
2021-04-15 16:18:43:638	33.2	21.7	0	0
2021-04-15 16:18:44:647	33.2	21.5	0	0
2021-04-15 16:18:45:653	33.2	21.5	0	0
2021-04-15 16:18:47:653	33.3	21.4	0	0
2021-04-15 16:18:48:661	33.3	21.7	0	0
2021-04-15 16:18:49:663	33.3	21.6	0	0
2021-04-15 16:18:50:647	33.3	21.5	0	0
2021-04-15 16:18:51:663	33.4	21.3	0	0
2021-04-15 16:18:52:663	33.4	21.2	0	0
2021-04-15 16:18:53:662	33.4	21.1	0	0
2021-04-15 16:18:54:662	33.4	21.1	0	0
2021-04-15 16:18:55:678	33.5	21.4	0	0
2021-04-15 16:18:56:677	33.5	21	0	0
2021-04-15 16:18:57:677	33.5	21	0	0
2021-04-15 16:18:58:677	33.5	21.4	0	0
2021-04-15 16:18:59:692	33.5	21.3	0	0
2021-04-15 16:19:00:676	33.5	21.3	0	0
2021-04-15 16:19:01:692	33.6	21.3	0	0
2021-04-15 16:19:02:692	33.6	21.3	0	0
2021-04-15 16:19:03:691	33.6	2.1	0	0
2021-04-15 16:19:04:691	33.6	21	0	0
2021-04-15 16:19:05:706	33.6	21	0	0
2021-04-15 16:19:06:722	33.7	20.6	0	0
2021-04-15 16:19:07:706	33.7	21	0	0
2021-04-15 16:19:08:706	33.7	21	0	0
2021-04-15 16:19:09:721	33.7	21	0	0
2021-04-15 16:19:10:705	33.4	21	0	0
2021-04-15 16:19:11:721	33.4	21	0	0
2021-04-15 16:19:12:720	33.4	21	0	0
2021-04-15 16:19:13:736	33.1	21	0	0
2021-04-15 16:19:14:720	33.1	21	0	0
2021-04-15 16:19:15:735	33.1	20.7	0	0
2021-04-15 16:19:16:751	33.1	20.7	0	0
2021-04-15 16:19:17:735	33.1	20.7	0	0
2021-04-15 16:19:18:750	33.5	20.7	0	0
2021-04-15 16:19:19:750	33.5	20.7	0	0
2021-04-15 16:19:20:765	33.5	21.1	0	0
2021-04-15 16:19:21:750	33.9	21.1	0	0
2021-04-15 16:19:22:765	33.9	21.2	0	0
2021-04-15 16:19:23:765	34	21.2	0	0
2021-04-15 16:19:24:764	34	21.3	0	0
2021-04-15 16:19:25:764	34	21.4	0	0
2021-04-15 16:19:26:780	34	21.5	0	0
2021-04-15 16:19:27:779	34	21.2	0	0
2021-04-15 16:19:28:776	34	20.6	0	0
2021-04-15 16:19:29:785	34.1	20.3	0	0
2021-04-15 16:19:30:784	34.3	20.2	0	0
2021-04-15 16:19:31:784	34.3	19.9	0	0
2021-04-15 16:19:32:784	34.3	19.8	0	0
2021-04-15 16:19:33:799	34.5	19.7	0	0
2021-04-15 16:19:34:799	34.6	19.7	0	0
2021-04-15 16:19:35:803	34.8	19.9	0	0
2021-04-15 16:19:36:809	34.8	20.1	0	0
2021-04-15 16:19:37:809	34.8	20.4	0	0
2021-04-15 16:19:38:808	34.6	20.4	0	0
2021-04-15 16:19:39:808	34.6	20.4	0	0
2021-04-15 16:19:40:819	34.7	20.4	0	0
2021-04-15 16:19:41:830	34.4	20.4	0	0
2021-04-15 16:19:42:814	34.5	20.4	0	0
2021-04-15 16:19:43:829	34.3	20.4	0	0
2021-04-15 16:19:44:829	34.3	20.4	0	0
2021-04-15 16:19:45:828	34.5	20.4	0	0
2021-04-15 16:19:46:832	34.5	20.4	0	0
2021-04-15 16:19:47:847	34.5	20.7	0	0
2021-04-15 16:19:48:847	34.5	20.5	0	0
2021-04-15 16:19:49:847	34.6	20.5	0	0
2021-04-15 16:19:50:847	34.6	20.5	0	0
2021-04-15 16:19:51:862	34.6	20.5	0	0
2021-04-15 16:19:52:846	34.6	20.5	0	0
2021-04-15 16:19:53:861	34.4	20.5	0	0
2021-04-15 16:19:54:861	34.4	20.5	0	0
2021-04-15 16:19:55:877	34.4	20.5	0	0
2021-04-15 16:19:56:861	34.4	20.8	0	0
2021-04-15 16:19:57:876	34.4	20.8	0	0
2021-04-15 16:19:58:876	34.5	20.8	0	0
2021-04-15 16:19:59:891	34.7	20.8	0	0
2021-04-15 16:20:00:876	34.7	20.8	0	0
2021-04-15 16:20:01:890	34.7	20.8	0	0
2021-04-15 16:20:02:890	34.7	20.6	0	0
2021-04-15 16:20:03:890	34.7	20.6	0	0
2021-04-15 16:20:04:890	34.8	20.5	0	0
2021-04-15 16:20:05:905	34.8	20.5	0	0
2021-04-15 16:20:06:905	34.8	20.3	0	0
2021-04-15 16:20:07:905	34.6	20.3	0	0
2021-04-15 16:20:08:905	34.6	20.3	0	0
2021-04-15 16:20:09:920	34.6	20.1	0	0
2021-04-15 16:20:10:904	34.6	2	0	0
2021-04-15 16:20:11:920	34.7	20.3	0	0
2021-04-15 16:20:12:919	34.7	20.2	0	0
2021-04-15 16:20:13:935	34.8	20.1	0	0
2021-04-15 16:20:14:919	34.9	20.2	0	0
2021-04-15 16:20:15:934	34.9	20.1	0	0
2021-04-15 16:20:16:934	34.9	20	0	0
2021-04-15 16:20:18:934	34.9	20	0	0
2021-04-15 16:20:19:949	34.9	20	0	0
2021-04-15 16:20:20:949	34.9	20.1	0	0
2021-04-15 16:20:21:948	34.8	20	0	0
2021-04-15 16:20:22:948	34.8	20.1	0	0
2021-04-15 16:20:23:964	34.9	20.1	0	0
2021-04-15 16:20:24:964	35	20.3	0	0
2021-04-15 16:20:25:966	35	20.3	0	0
2021-04-15 16:20:26:973	35	20.4	0	0
2021-04-15 16:20:27:981	35	20.4	0	0
2021-04-15 16:20:28:974	35	20.4	0	0
2021-04-15 16:20:29:974	35	20.6	0	0
2021-04-15 16:20:30:988	35	20.5	0	0
2021-04-15 16:20:31:995	34.9	20.3	0	0
2021-04-15 16:20:32:988	34.9	20.3	0	0
2021-04-15 16:20:33:982	34.9	20.4	0	0
2021-04-15 16:20:35:006	35.1	20.4	0	0
2021-04-15 16:20:36:992	35.2	20.4	0	0
2021-04-15 16:20:38:010	35.3	20.4	0	0
2021-04-15 16:20:39:010	35.4	20.5	0	0
2021-04-15 16:20:40:012	35.5	20.6	0	0
2021-04-15 16:20:41:009	35.5	20.6	0	0
2021-04-15 16:20:42:025	35.5	20.6	0	0
2021-04-15 16:20:43:036	35.4	20.6	0	0
2021-04-15 16:20:44:021	35.4	20.6	0	0
2021-04-15 16:20:45:021	35.3	20.5	0	0
2021-04-15 16:20:46:036	35.2	20.4	0	0
2021-04-15 16:20:47:034	35.2	20.4	0	0
2021-04-15 16:20:48:039	35.1	20.4	0	0
2021-04-15 16:20:49:039	35.2	20.4	0	0
2021-04-15 16:20:50:057	35.3	20.4	0	0
2021-04-15 16:20:51:039	35.3	20.3	0	0
2021-04-15 16:20:52:057	35.3	20.3	0	0
2021-04-15 16:20:53:059	35.3	20.4	0	0
2021-04-15 16:20:54:073	35.4	20.5	0	0
2021-04-15 16:20:55:049	35.4	20.5	0	0
2021-04-15 16:20:56:067	35.4	20.5	0	0
2021-04-15 16:20:57:066	35.3	20.5	0	0
2021-04-15 16:20:58:070	35.2	20.4	0	0
2021-04-15 16:20:59:073	35.2	20.4	0	0
2021-04-15 16:21:00:086	35.2	20.4	0	0
2021-04-15 16:21:01:095	35.2	20.3	0	0
2021-04-15 16:21:02:087	35.2	20.3	0	0
2021-04-15 16:21:03:087	35.2	20.3	0	0
2021-04-15 16:21:04:102	35.3	20.2	0	0
2021-04-15 16:21:05:102	35.3	20.2	0	0
2021-04-15 16:21:06:098	35.3	20.2	0	0
2021-04-15 16:21:07:097	35.4	20.3	0	0
2021-04-15 16:21:08:116	35.4	20.4	0	0
2021-04-15 16:21:09:110	35.4	20.5	0	0
2021-04-15 16:21:10:115	35.4	20.5	0	0
2021-04-15 16:21:11:118	35.4	20.5	0	0
2021-04-15 16:21:12:132	35.4	20.6	0	0
2021-04-15 16:21:13:116	35.4	20.5	0	0
2021-04-15 16:21:14:118	35.4	20.5	0	0
2021-04-15 16:21:15:140	35.4	20.5	0	0
2021-04-15 16:21:16:148	35.5	20.5	0	0
2021-04-15 16:21:17:140	35.5	20.5	0	0
2021-04-15 16:21:18:146	35.5	20.5	0	0
2021-04-15 16:21:19:148	35.5	20.5	0	0
2021-04-15 16:21:20:136	35.6	2	0	0
2021-04-15 16:21:21:155	35.6	20.6	0	0
2021-04-15 16:21:22:162	35.6	20.6	0	0
2021-04-15 16:21:23:165	35.6	20.6	0	0
2021-04-15 16:21:24:149	35.7	20.6	0	0
2021-04-15 16:21:25:165	35.6	20.6	0	0
2021-04-15 16:21:26:177	35.6	20.6	0	0
2021-04-15 16:21:27:177	35.7	20.6	0	0
2021-04-15 16:21:28:176	35.7	20.6	0	0
2021-04-15 16:21:29:187	35.6	20.5	0	0
2021-04-15 16:21:30:179	35.6	20.5	0	0
2021-04-15 16:21:32:191	35.5	20.5	0	0
2021-04-15 16:21:33:199	35.5	20.5	0	0
2021-04-15 16:21:34:207	35.5	20.5	0	0
2021-04-15 16:21:35:193	35.6	20.5	0	0
2021-04-15 16:21:36:208	35.6	20.5	0	0
2021-04-15 16:21:37:208	35.6	20.5	0	0
2021-04-15 16:21:38:223	35.6	20.5	0	0
2021-04-15 16:21:39:207	35.6	20.5	0	0
2021-04-15 16:21:40:215	35.6	20.5	0	0
2021-04-15 16:21:41:230	35.6	20.5	0	0
2021-04-15 16:21:42:230	35.6	20.5	0	0
2021-04-15 16:21:43:230	35.6	20.5	0	0
2021-04-15 16:21:44:224	35.7	20.5	0	0
2021-04-15 16:21:45:239	35.7	20.5	0	0
2021-04-15 16:21:47:239	35.7	20.5	0	0
2021-04-15 16:21:48:242	35.7	20.5	0	0
2021-04-15 16:21:49:257	35.7	20.5	0	0
2021-04-15 16:21:50:242	35.7	20.5	0	0
2021-04-15 16:21:51:257	35.7	20.5	0	0
2021-04-15 16:21:52:268	35.7	20.5	0	0
2021-04-15 16:21:53:270	35.8	20.5	0	0
2021-04-15 16:21:54:254	35.8	20.5	0	0
2021-04-15 16:21:55:272	35.7	20.5	0	0
2021-04-15 16:21:56:280	35.8	20.5	0	0
2021-04-15 16:21:57:284	35.7	20.5	0	0
2021-04-15 16:21:58:281	35.7	20.5	0	0
2021-04-15 16:21:59:282	35.8	20.5	0	0
2021-04-15 16:22:00:298	35.8	20.5	0	0
2021-04-15 16:22:01:288	35.8	20.5	0	0
2021-04-15 16:22:02:293	35.8	20.5	0	0
2021-04-15 16:22:03:302	35.8	20.6	0	0
2021-04-15 16:22:04:313	35.8	20.6	0	0
2021-04-15 16:22:05:292	35.8	20.6	0	0
2021-04-15 16:22:06:306	35.8	20.6	0	0
2021-04-15 16:22:07:322	35.9	20.6	0	0
2021-04-15 16:22:08:321	35.9	20.6	0	0
2021-04-15 16:22:09:318	35.9	20.6	0	0
2021-04-15 16:22:10:318	35.9	20.6	0	0
2021-04-15 16:22:11:334	35.9	20.6	0	0
2021-04-15 16:22:13:333	35.9	20.6	0	0
2021-04-15 16:22:14:333	35.9	20.6	0	0
2021-04-15 16:22:15:348	35.9	20.6	0	0
2021-04-15 16:22:16:332	35.9	20.6	0	0
2021-04-15 16:22:17:348	35.9	20.6	0	0
2021-04-15 16:22:18:358	35.9	20.6	0	0
2021-04-15 16:22:19:364	35.9	20.6	0	0
2021-04-15 16:22:20:348	35.9	20.6	0	0
2021-04-15 16:22:21:364	35.9	20.6	0	0
2021-04-15 16:22:22:363	35.9	20.6	0	0
2021-04-15 16:22:23:379	35.9	20.6	0	0
2021-04-15 16:22:24:363	35.9	20.6	0	0
2021-04-15 16:22:25:378	35.9	20.6	0	0
2021-04-15 16:22:26:388	35.9	20.6	0	0
2021-04-15 16:22:27:395	35.9	20.6	0	0
2021-04-15 16:22:28:382	36	20.6	0	0
2021-04-15 16:22:29:383	36	20.6	0	0
2021-04-15 16:22:30:398	36	20.6	0	0
2021-04-15 16:22:32:396	36	20.6	0	0
2021-04-15 16:22:33:411	36	20.6	0	0
2021-04-15 16:22:34:418	36	20.6	0	0
2021-04-15 16:22:35:396	36	20.6	0	0
2021-04-15 16:22:36:411	36	20.6	0	0
2021-04-15 16:22:37:411	36	20.6	0	0
2021-04-15 16:22:38:427	36	20.6	0	0
2021-04-15 16:22:39:426	36	20.6	0	0
2021-04-15 16:22:40:426	36	20.6	0	0
2021-04-15 16:22:41:439	36	20.6	0	0
2021-04-15 16:22:42:446	36	20.6	0	0
2021-04-15 16:22:43:442	36.1	20.6	0	0
2021-04-15 16:22:44:448	36.1	20.6	0	0
2021-04-15 16:22:45:451	36	20.6	0	0
2021-04-15 16:22:46:459	36.1	20.6	0	0
2021-04-15 16:22:47:445	36.1	20.6	0	0
2021-04-15 16:22:48:464	36.1	20.6	0	0
2021-04-15 16:22:49:462	36.1	20.6	0	0
2021-04-15 16:22:50:451	36.1	20.7	0	0
2021-04-15 16:22:51:471	36.1	20.6	0	0
2021-04-15 16:22:52:477	36.1	20.7	0	0
2021-04-15 16:22:53:472	36.1	20.7	0	0
2021-04-15 16:22:54:478	36.1	20.7	0	0
2021-04-15 16:22:55:487	36.1	20.7	0	0
2021-04-15 16:22:56:495	36.1	20.7	0	0
2021-04-15 16:22:57:503	36.1	20.7	0	0
2021-04-15 16:22:58:547	36.1	20.6	0	0
2021-04-15 16:22:59:502	36.1	20.6	0	0
2021-04-15 16:23:00:509	36.1	20.6	0	0
2021-04-15 16:23:01:511	36.2	20.6	0	0
2021-04-15 16:23:02:506	36.2	20.6	0	0
2021-04-15 16:23:03:515	36.2	20.6	0	0
2021-04-15 16:23:04:521	36.2	20.6	0	0
2021-04-15 16:23:05:532	36.2	20.6	0	0
2021-04-15 16:23:06:517	36.2	20.6	0	0
2021-04-15 16:23:07:532	36.2	20.6	0	0
2021-04-15 16:23:08:533	36.2	20.6	0	0
2021-04-15 16:23:10:539	36.2	20.6	0	0
2021-04-15 16:23:11:547	36.2	20.6	0	0
2021-04-15 16:23:12:547	36.2	20.6	0	0
2021-04-15 16:23:13:548	36.2	20.6	0	0
2021-04-15 16:23:14:555	36.2	20.6	0	0
2021-04-15 16:23:15:562	36.2	20.6	0	0
2021-04-15 16:23:16:568	36.2	20.6	0	0
2021-04-15 16:23:17:561	36.2	20.6	0	0
2021-04-15 16:23:18:569	36.2	20.6	0	0
2021-04-15 16:23:19:576	36.2	20.6	0	0
2021-04-15 16:23:20:584	36.2	20.6	0	0
2021-04-15 16:23:21:576	36.2	20.6	0	0
2021-04-15 16:23:22:571	36.2	20.6	0	0
2021-04-15 16:23:23:582	36.3	20.6	0	0
2021-04-15 16:23:24:598	36.3	20.6	0	0
2021-04-15 16:23:25:592	36.2	20.6	0	0
2021-04-15 16:23:26:599	36.2	20.6	0	0
2021-04-15 16:23:27:608	36.2	20.5	0	0
2021-04-15 16:23:28:616	36.3	20.5	0	0
2021-04-15 16:23:29:594	36.3	20.5	0	0
2021-04-15 16:23:30:614	36.3	20.5	0	0
2021-04-15 16:23:31:622	36.3	20.5	0	0
2021-04-15 16:23:32:630	36.3	20.5	0	0
2021-04-15 16:23:33:622	36.3	20.6	0	0
2021-04-15 16:23:34:631	36.3	20.5	0	0
2021-04-15 16:23:35:639	36.3	20.6	0	0
2021-04-15 16:23:36:645	36.2	20.6	0	0
2021-04-15 16:23:37:638	36.2	20.6	0	0
2021-04-15 16:23:38:644	36.2	20.6	0	0
2021-04-15 16:23:39:652	36.2	20.6	0	0
2021-04-15 16:23:41:650	36.2	20.6	0	0
2021-04-15 16:23:42:654	36.2	20.6	0	0
2021-04-15 16:23:43:668	36.2	20.6	0	0
2021-04-15 16:23:45:669	36.2	20.6	0	0
2021-04-15 16:23:46:676	36.3	20.7	0	0
2021-04-15 16:23:47:683	36.3	20.6	0	0
2021-04-15 16:23:48:675	36.3	20.6	0	0
2021-04-15 16:23:49:674	36.4	20.6	0	0
2021-04-15 16:23:50:689	36.4	20.6	0	0
2021-04-15 16:23:51:699	36.4	20.6	0	0
2021-04-15 16:23:52:690	36.5	20.6	0	0
2021-04-15 16:23:53:698	36.4	20.6	0	0
2021-04-15 16:23:54:706	36.4	20.5	0	0
2021-04-15 16:23:55:714	36.4	20.5	0	0
2021-04-15 16:23:56:706	36.4	20.6	0	0
2021-04-15 16:23:57:713	36.4	20.5	0	0
2021-04-15 16:23:58:722	36.4	20.5	0	0
2021-04-15 16:23:59:729	36.4	20.6	0	0
2021-04-15 16:24:00:719	36.4	20.7	0	0
2021-04-15 16:24:01:728	36.5	20.7	0	0
2021-04-15 16:24:02:721	36.5	20.8	0	0
2021-04-15 16:24:03:742	36.5	20.8	0	0
2021-04-15 16:24:04:733	36.5	20.8	0	0
2021-04-15 16:24:05:744	36.5	20.8	0	0
2021-04-15 16:24:06:751	36.5	20.8	0	0
2021-04-15 16:24:07:759	36.4	20.7	0	0
2021-04-15 16:24:08:751	36.4	20.7	0	0
2021-04-15 16:24:09:754	36.5	20.7	0	0
2021-04-15 16:24:10:766	36.5	20.6	0	0
2021-04-15 16:24:11:774	36.5	20.6	0	0
2021-04-15 16:24:12:766	36.5	20.5	0	0
2021-04-15 16:24:13:772	36.4	20.6	0	0
2021-04-15 16:24:14:782	36.4	20.6	0	0
2021-04-15 16:24:15:787	36.5	20.5	0	0
2021-04-15 16:24:16:781	36.5	20.5	0	0
2021-04-15 16:24:17:789	36.5	20.5	0	0
2021-04-15 16:24:18:796	36.4	20.4	0	0
2021-04-15 16:24:19:802	36.2	20.4	0	0
2021-04-15 16:24:20:795	36.2	20.4	0	0
2021-04-15 16:24:21:804	36.3	20.4	0	0
2021-04-15 16:24:22:804	36.3	20.4	0	0
2021-04-15 16:24:23:817	36.3	20.3	0	0
2021-04-15 16:24:24:801	36.2	20.4	0	0
2021-04-15 16:24:25:819	36.2	20.4	0	0
2021-04-15 16:24:26:825	36.3	20.5	0	0
2021-04-15 16:24:27:834	36.4	20.6	0	0
2021-04-15 16:24:28:828	36.3	20.6	0	0
2021-04-15 16:24:29:825	36.3	20.6	0	0
2021-04-15 16:24:30:841	36.3	20.6	0	0
2021-04-15 16:24:31:850	36.3	20.7	0	0
2021-04-15 16:24:32:842	36.4	20.6	0	0
2021-04-15 16:24:33:849	36.4	20.6	0	0
2021-04-15 16:24:34:857	36.4	20.6	0	0
2021-04-15 16:24:35:865	36.4	20.6	0	0
2021-04-15 16:24:36:856	36.4	20.6	0	0
2021-04-15 16:24:37:864	36.5	20.6	0	0
2021-04-15 16:24:38:871	36.5	20.6	0	0
2021-04-15 16:24:40:866	36.4	20.6	0	0
2021-04-15 16:24:41:866	36.4	20.6	0	0
2021-04-15 16:24:42:877	36.4	20.5	0	0
2021-04-15 16:24:44:879	36.4	20.6	0	0
2021-04-15 16:24:45:894	36.4	20.6	0	0
2021-04-15 16:24:46:894	36.4	20.6	0	0
2021-04-15 16:24:48:925	36.5	20.6	0	0
2021-04-15 16:24:49:909	36.5	20.6	0	0
2021-04-15 16:24:50:909	36.5	20.6	0	0
2021-04-15 16:24:51:910	36.5	2	0	0
2021-04-15 16:24:52:910	36.5	20.5	0	0
2021-04-15 16:24:53:925	36.4	20.5	0	0
2021-04-15 16:24:54:925	36.4	20.5	0	0
2021-04-15 16:24:55:924	36.5	20.5	0	0
2021-04-15 16:24:56:924	36.5	20.5	0	0
2021-04-15 16:24:57:940	36.5	20.5	0	0
2021-04-15 16:24:58:939	36.5	20.5	0	0
2021-04-15 16:24:59:940	36.5	20.6	0	0
2021-04-15 16:25:00:941	36.5	20.6	0	0
2021-04-15 16:25:01:940	36.5	20.6	0	0
2021-04-15 16:25:02:954	36.4	20.6	0	0
2021-04-15 16:25:03:954	36.4	20.7	0	0
2021-04-15 16:25:04:954	36.4	20.7	0	0
2021-04-15 16:25:05:969	36.4	20.7	0	0
2021-04-15 16:25:06:969	36.4	20.7	0	0
2021-04-15 16:25:07:957	36.4	20.7	0	0
2021-04-15 16:25:08:973	36.5	20.7	0	0
2021-04-15 16:25:09:973	36.5	20.6	0	0
2021-04-15 16:25:10:988	36.6	20.6	0	0
2021-04-15 16:25:11:972	36.6	20.5	0	0
2021-04-15 16:25:12:988	36.6	20.5	0	0
2021-04-15 16:25:13:987	36.6	20.6	0	0
2021-04-15 16:25:15:003	36.6	20.6	0	0
2021-04-15 16:25:15:999	36.6	20.6	0	0
2021-04-15 16:25:17:005	36.6	20.6	0	0
2021-04-15 16:25:18:005	36.6	20.7	0	0
2021-04-15 16:25:19:020	36.6	20.7	0	0
2021-04-15 16:25:20:004	36.6	20.7	0	0
2021-04-15 16:25:21:020	36.6	20.7	0	0
2021-04-15 16:25:22:020	36.6	20.7	0	0
2021-04-15 16:25:23:035	36.6	20.7	0	0
2021-04-15 16:25:24:030	36.6	20.7	0	0
2021-04-15 16:25:25:036	36.6	20.7	0	0
2021-04-15 16:25:26:035	36.6	20.7	0	0
2021-04-15 16:25:28:035	36.6	20.7	0	0
2021-04-15 16:25:29:050	36.6	20.7	0	0
2021-04-15 16:25:30:050	36.7	20.8	0	0
2021-04-15 16:25:31:050	36.7	0.2	0	0
2021-04-15 16:25:32:049	36.7	20.9	0	0
2021-04-15 16:25:33:065	36.7	20.8	0	0
2021-04-15 16:25:34:065	36.7	20.8	0	0
2021-04-15 16:25:35:067	36.7	20.8	0	0
2021-04-15 16:25:36:075	36.7	20.8	0	0
2021-04-15 16:25:37:083	36.7	20.8	0	0
2021-04-15 16:25:38:092	36.7	20.7	0	0
2021-04-15 16:25:39:084	36.7	20.6	0	0
2021-04-15 16:25:40:090	36.7	20.6	0	0
2021-04-15 16:25:41:099	36.6	20.6	0	0
2021-04-15 16:25:42:107	36.5	20.6	0	0
2021-04-15 16:25:43:099	36.4	20.6	0	0
2021-04-15 16:25:44:106	36.3	20.6	0	0
2021-04-15 16:25:45:113	36.3	20.6	0	0
2021-04-15 16:25:46:121	36.3	20.6	0	0
2021-04-15 16:25:47:114	36.3	20.6	0	0
2021-04-15 16:25:48:121	36.3	20.6	0	0
2021-04-15 16:25:49:129	36.4	20.6	0	0
2021-04-15 16:25:50:124	36.5	20.6	0	0
2021-04-15 16:25:51:123	36.7	20.6	0	0
2021-04-15 16:25:52:123	36.8	20.6	0	0
2021-04-15 16:25:53:138	36.8	20.6	0	0
2021-04-15 16:25:54:138	36.8	20.6	0	0
2021-04-15 16:25:55:138	36.8	20.7	0	0
2021-04-15 16:25:56:138	36.8	20.7	0	0
2021-04-15 16:25:57:153	36.8	20.8	0	0
2021-04-15 16:25:58:153	36.7	20.8	0	0
2021-04-15 16:25:59:153	36.7	20.8	0	0
2021-04-15 16:26:00:153	36.7	20.8	0	0
2021-04-15 16:26:01:168	36.7	20.9	0	0
2021-04-15 16:26:02:168	36.7	20.9	0	0
2021-04-15 16:26:03:168	36.7	20.8	0	0
2021-04-15 16:26:04:167	36.7	20.8	0	0
2021-04-15 16:26:05:183	36.7	20.8	0	0
2021-04-15 16:26:06:183	36.8	20.8	0	0
2021-04-15 16:26:07:182	36.8	20.8	0	0
2021-04-15 16:26:08:182	36.8	20.8	0	0
2021-04-15 16:26:09:198	36.7	20.7	0	0
2021-04-15 16:26:10:197	36.6	20.7	0	0
2021-04-15 16:26:11:197	36.5	20.7	0	0
2021-04-15 16:26:12:197	36.5	20.7	0	0
2021-04-15 16:26:13:212	36.5	20.5	0	0
2021-04-15 16:26:15:212	36.5	20.5	0	0
2021-04-15 16:26:16:212	36.5	20.5	0	0
2021-04-15 16:26:17:227	36.6	20.6	0	0
2021-04-15 16:26:19:226	36.8	20.6	0	0
2021-04-15 16:26:20:242	36.9	20.6	0	0
2021-04-15 16:26:21:242	36.9	20.7	0	0
2021-04-15 16:26:22:288	36.7	20.7	0	0
2021-04-15 16:26:23:288	36.8	20.7	0	0
2021-04-15 16:26:24:257	36.6	20.7	0	0
2021-04-15 16:26:25:257	36.6	20.6	0	0
2021-04-15 16:26:26:256	36.6	20.6	0	0
2021-04-15 16:26:27:256	36.6	20.6	0	0
2021-04-15 16:26:28:271	36.6	20.6	0	0
2021-04-15 16:26:29:271	36.6	20.6	0	0
2021-04-15 16:26:30:271	36.8	20.6	0	0
2021-04-15 16:26:31:271	36.8	20.6	0	0
2021-04-15 16:26:32:286	36.9	20.6	0	0
2021-04-15 16:26:33:286	36.8	20.6	0	0
2021-04-15 16:26:34:286	36.8	20.6	0	0
2021-04-15 16:26:35:317	36.8	20.6	0	0
2021-04-15 16:26:36:303	36.8	20.7	0	0
2021-04-15 16:26:37:310	36.8	20.7	0	0
2021-04-15 16:26:38:302	36.8	20.7	0	0
2021-04-15 16:26:39:309	36.8	20.7	0	0
2021-04-15 16:26:40:317	36.8	20.7	0	0
2021-04-15 16:26:41:326	36.9	20.7	0	0
2021-04-15 16:26:42:316	36.9	20.7	0	0
2021-04-15 16:26:43:325	37	20.8	0	0
2021-04-15 16:26:44:334	37	20.7	0	0
2021-04-15 16:26:45:340	37	20.7	0	0
2021-04-15 16:26:46:332	37	20.7	0	0
2021-04-15 16:26:47:339	37	20.7	0	0
2021-04-15 16:26:48:348	37	20.8	0	0
2021-04-15 16:26:49:351	37	20.8	0	0
2021-04-15 16:26:50:335	37	20.8	0	0
2021-04-15 16:26:51:350	37	20.6	0	0
2021-04-15 16:26:52:350	36.8	20.6	0	0
2021-04-15 16:26:53:366	36.8	20.6	0	0
2021-04-15 16:26:54:350	36.8	20.6	0	0
2021-04-15 16:26:55:365	36.8	20.6	0	0
2021-04-15 16:26:56:365	36.9	20.6	0	0
2021-04-15 16:26:58:371	36.9	20.6	0	0
2021-04-15 16:26:59:386	36.9	20.8	0	0
2021-04-15 16:27:00:386	37	20.7	0	0
2021-04-15 16:27:02:377	37	20.7	0	0
2021-04-15 16:27:03:393	37	20.7	0	0
2021-04-15 16:27:04:408	36.9	20.7	0	0
2021-04-15 16:27:06:408	36.8	20.7	0	0
2021-04-15 16:27:07:408	36.8	20.6	0	0
2021-04-15 16:27:08:423	36.8	20.6	0	0
2021-04-15 16:27:10:422	36.8	20.5	0	0
2021-04-15 16:27:11:422	36.8	20.5	0	0
2021-04-15 16:27:12:422	36.9	20.5	0	0
2021-04-15 16:27:14:437	37	20.6	0	0
2021-04-15 16:27:15:437	37	20.6	0	0
2021-04-15 16:27:16:452	37	20.6	0	0
2021-04-15 16:27:17:437	37	0.2	0	0
2021-04-15 16:27:18:452	36.9	20.6	0	0
2021-04-15 16:27:19:452	36.9	20.6	0	0
2021-04-15 16:27:20:467	36.7	20.6	0	0
2021-04-15 16:27:21:451	36.7	2	0	0
2021-04-15 16:27:22:467	36.7	20.5	0	0
2021-04-15 16:27:23:467	36.7	20.5	0	0
2021-04-15 16:27:24:482	36.7	20.5	0	0
2021-04-15 16:27:25:466	36.8	2	0	0
2021-04-15 16:27:26:481	36.9	20.5	0	0
2021-04-15 16:27:27:481	36.9	20.5	0	0
2021-04-15 16:27:28:495	37.1	20.6	0	0
2021-04-15 16:27:29:488	37.1	20.6	0	0
2021-04-15 16:27:30:487	37.1	20.7	0	0
2021-04-15 16:27:31:503	37.1	20.7	0	0
2021-04-15 16:27:32:503	37.1	20.7	0	0
2021-04-15 16:27:33:502	37.1	20.7	0	0
2021-04-15 16:27:34:502	37.1	20.7	0	0
2021-04-15 16:27:35:521	37.1	20.8	0	0
2021-04-15 16:27:36:530	37.1	20.8	0	0
2021-04-15 16:27:37:521	37.1	20.8	0	0
2021-04-15 16:27:38:530	37.1	20.7	0	0
2021-04-15 16:27:39:537	37.1	20.6	0	0
2021-04-15 16:27:40:544	37.1	20.6	0	0
2021-04-15 16:27:41:536	37.1	20.6	0	0
2021-04-15 16:27:42:545	37	20.6	0	0
2021-04-15 16:27:43:552	37	20.5	0	0
2021-04-15 16:27:44:560	37	20.5	0	0
2021-04-15 16:27:45:551	37	20.5	0	0
2021-04-15 16:27:46:558	37	20.5	0	0
2021-04-15 16:27:47:568	37	20.5	0	0
2021-04-15 16:27:48:575	37	20.5	0	0
2021-04-15 16:27:49:556	37	20.5	0	0
2021-04-15 16:27:50:572	37.1	20.7	0	0
2021-04-15 16:27:51:572	37.2	20.7	0	0
2021-04-15 16:27:52:587	37.2	20.7	0	0
2021-04-15 16:27:53:571	37	20.7	0	0
2021-04-15 16:27:54:587	37	20.9	0	0
2021-04-15 16:27:55:586	37	20.9	0	0
2021-04-15 16:27:56:602	37	20.9	0	0
2021-04-15 16:27:57:586	36.9	20.9	0	0
2021-04-15 16:27:58:601	36.9	20.7	0	0
2021-04-15 16:27:59:601	36.9	20.7	0	0
2021-04-15 16:28:00:617	36.9	20.7	0	0
2021-04-15 16:28:01:601	37	20.7	0	0
2021-04-15 16:28:02:616	37	20.6	0	0
2021-04-15 16:28:03:616	37	20.6	0	0
2021-04-15 16:28:04:631	37	20.6	0	0
2021-04-15 16:28:05:615	37.2	20.5	0	0
2021-04-15 16:28:06:631	37	20.5	0	0
2021-04-15 16:28:07:631	37	20.5	0	0
2021-04-15 16:28:08:646	37	20.5	0	0
2021-04-15 16:28:09:630	37	20.5	0	0
2021-04-15 16:28:10:646	37.1	20.5	0	0
2021-04-15 16:28:11:645	37.1	20.5	0	0
2021-04-15 16:28:12:661	37.1	20.5	0	0
2021-04-15 16:28:13:645	36.9	20.5	0	0
2021-04-15 16:28:14:660	36.9	20.5	0	0
2021-04-15 16:28:15:660	36.9	20.5	0	0
2021-04-15 16:28:16:675	36.9	20.5	0	0
2021-04-15 16:28:17:660	36.9	20.5	0	0
2021-04-15 16:28:18:675	36.9	20.5	0	0
2021-04-15 16:28:19:675	36.9	20.5	0	0
2021-04-15 16:28:20:690	36.9	20.5	0	0
2021-04-15 16:28:21:674	36.9	20.5	0	0
2021-04-15 16:28:22:690	37.1	20.5	0	0
2021-04-15 16:28:23:689	36.9	20.5	0	0
2021-04-15 16:28:24:705	36.9	20.5	0	0
2021-04-15 16:28:25:689	36.7	20.5	0	0
2021-04-15 16:28:26:704	36.7	20.7	0	0
2021-04-15 16:28:27:704	36.7	20.8	0	0
2021-04-15 16:28:28:719	36.7	20.8	0	0
2021-04-15 16:28:29:704	36.9	20.8	0	0
2021-04-15 16:28:30:719	36.9	21	0	0
2021-04-15 16:28:31:719	36.9	21	0	0
2021-04-15 16:28:32:734	36.9	21	0	0
2021-04-15 16:28:33:718	37.1	21	0	0
2021-04-15 16:28:34:734	37.1	20.9	0	0
2021-04-15 16:28:35:749	37.1	20.7	0	0
2021-04-15 16:28:36:756	37.1	20.7	0	0
2021-04-15 16:28:37:748	37.1	20.7	0	0
2021-04-15 16:28:38:756	37.1	20.5	0	0
2021-04-15 16:28:39:764	37.3	20.5	0	0
2021-04-15 16:28:40:772	37.1	20.5	0	0
2021-04-15 16:28:41:764	37.1	20.5	0	0
2021-04-15 16:28:42:771	37.1	20.5	0	0
2021-04-15 16:28:43:778	37.1	20.5	0	0
2021-04-15 16:28:44:787	37.1	20.5	0	0
2021-04-15 16:28:45:778	37.1	20.5	0	0
2021-04-15 16:28:46:787	36.9	20.5	0	0
2021-04-15 16:28:47:793	36.9	20.5	0	0
2021-04-15 16:28:48:802	37.1	20.5	0	0
2021-04-15 16:28:49:785	37.1	20.5	0	0
2021-04-15 16:28:50:800	36.9	20.5	0	0
2021-04-15 16:28:51:800	36.9	20.5	0	0
2021-04-15 16:28:52:816	36.9	20.5	0	0
2021-04-15 16:28:53:800	36.7	20.5	0	0
2021-04-15 16:28:54:815	36.9	20.5	0	0
2021-04-15 16:28:55:815	36.9	20.5	0	0
2021-04-15 16:28:56:831	36.9	20.7	0	0
2021-04-15 16:28:57:815	36.9	20.7	0	0
2021-04-15 16:28:58:830	37.1	20.7	0	0
2021-04-15 16:28:59:830	37.1	20.6	0	0
2021-04-15 16:29:00:845	37.1	20.6	0	0
2021-04-15 16:29:01:830	37.3	20.8	0	0
2021-04-15 16:29:02:845	37.3	20.8	0	0
2021-04-15 16:29:03:845	37.3	20.8	0	0
2021-04-15 16:29:04:860	37.1	20.6	0	0
2021-04-15 16:29:05:844	37.1	2	0	0
2021-04-15 16:29:06:860	37.1	20.7	0	0
2021-04-15 16:29:07:857	37.1	20.7	0	0
2021-04-15 16:29:08:871	37.1	20.7	0	0
2021-04-15 16:29:10:866	37	20.5	0	0
2021-04-15 16:29:11:881	37	20.4	0	0
2021-04-15 16:29:12:881	37.2	20.4	0	0
2021-04-15 16:29:14:881	37	20.3	0	0
2021-04-15 16:29:15:896	37	20.3	0	0
2021-04-15 16:29:16:896	37	20.2	0	0
2021-04-15 16:29:18:895	37.1	20.2	0	0
2021-04-15 16:29:19:911	36.9	20.2	0	0
2021-04-15 16:29:20:911	36.9	20.3	0	0
2021-04-15 16:29:22:910	37.1	20.4	0	0
2021-04-15 16:29:23:926	37.1	20.4	0	0
2021-04-15 16:29:24:925	37.1	20.5	0	0
2021-04-15 16:29:26:925	36.9	20.5	0	0
2021-04-15 16:29:27:940	37.1	20.5	0	0
2021-04-15 16:29:28:940	37.1	20.5	0	0
2021-04-15 16:29:30:940	37.1	20.5	0	0
2021-04-15 16:29:31:955	36.9	20.5	0	0
2021-04-15 16:29:32:955	36.7	20.5	0	0
2021-04-15 16:29:34:954	36.9	20.5	0	0
2021-04-15 16:29:35:975	36.8	20.5	0	0
2021-04-15 16:29:36:975	36.8	20.6	0	0
2021-04-15 16:29:38:974	36.8	20.7	0	0
2021-04-15 16:29:39:989	36.9	20.8	0	0
2021-04-15 16:29:40:989	37.1	20.8	0	0
2021-04-15 16:29:42:987	37.1	21	0	0
2021-04-15 16:29:43:998	37.1	21	0	0
2021-04-15 16:29:45:011	37.1	20.9	0	0
2021-04-15 16:29:47:011	36.9	20.7	0	0
2021-04-15 16:29:48:011	36.9	20.7	0	0
2021-04-15 16:29:49:026	36.9	20.6	0	0
2021-04-15 16:29:51:025	36.9	20.8	0	0
2021-04-15 16:29:52:025	37.1	20.7	0	0
2021-04-15 16:29:53:041	37.1	20.8	0	0
2021-04-15 16:29:55:032	37.3	20.8	0	0
2021-04-15 16:29:56:048	37.3	20.8	0	0
2021-04-15 16:29:57:048	37.3	20.8	0	0
2021-04-15 16:29:59:044	37.3	20.5	0	0
2021-04-15 16:30:00:059	37.3	20.7	0	0
2021-04-15 16:30:01:074	37.3	20.7	0	0
2021-04-15 16:30:03:072	36.9	20.7	0	0
2021-04-15 16:30:04:080	36.9	20.7	0	0
2021-04-15 16:30:05:088	36.9	20.7	0	0
2021-04-15 16:30:07:087	36.8	20.7	0	0
2021-04-15 16:30:08:087	36.8	20.5	0	0
2021-04-15 16:30:09:102	36.8	20.5	0	0
2021-04-15 16:30:11:104	37.1	20.5	0	0
2021-04-15 16:30:12:103	37.1	20.5	0	0
2021-04-15 16:30:13:119	37.1	20.5	0	0
2021-04-15 16:30:15:103	37.3	20.7	0	0
2021-04-15 16:30:16:119	37.3	20.7	0	0
2021-04-15 16:30:17:134	37.3	20.7	0	0
2021-04-15 16:30:19:134	37.3	20.7	0	0
2021-04-15 16:30:20:133	37.3	20.7	0	0
2021-04-15 16:30:21:149	37.3	20.7	0	0
2021-04-15 16:30:23:148	37.3	20.6	0	0
2021-04-15 16:30:24:148	37.2	20.6	0	0
2021-04-15 16:30:25:163	37	20.6	0	0
2021-04-15 16:30:27:163	37	20.6	0	0
2021-04-15 16:30:28:163	37	20.6	0	0
2021-04-15 16:30:29:178	37	20.6	0	0
2021-04-15 16:30:31:178	37	20.6	0	0
2021-04-15 16:30:32:178	37.2	20.6	0	0
2021-04-15 16:30:33:184	37.3	20.6	0	0
2021-04-15 16:30:35:194	37.2	20.6	0	0
2021-04-15 16:30:36:201	37.2	20.6	0	0
2021-04-15 16:30:37:208	37.2	20.8	0	0
2021-04-15 16:30:38:200	37.2	0.2	0	0
2021-04-15 16:30:39:208	37.2	20.9	0	0
2021-04-15 16:30:40:215	37.2	20.9	0	0
2021-04-15 16:30:41:224	37	20.9	0	0
2021-04-15 16:30:42:216	37	20.9	0	0
2021-04-15 16:30:43:224	37.2	20.9	0	0
2021-04-15 16:30:44:232	37	21	0	0
2021-04-15 16:30:45:239	37	20.8	0	0
2021-04-15 16:30:46:230	37	20.6	0	0
2021-04-15 16:30:47:240	37	20.6	0	0
2021-04-15 16:30:48:246	36.8	20.6	0	0
2021-04-15 16:30:49:254	36.8	20.6	0	0
2021-04-15 16:30:50:241	36.8	20.5	0	0
2021-04-15 16:30:51:250	36.8	20.5	0	0
2021-04-15 16:30:52:250	37	20.5	0	0
2021-04-15 16:30:53:265	36.8	20.6	0	0
2021-04-15 16:30:54:249	36.8	20.6	0	0
2021-04-15 16:30:55:265	36.8	20.6	0	0
2021-04-15 16:30:56:276	37	20.6	0	0
2021-04-15 16:30:57:284	37.2	20.5	0	0
2021-04-15 16:30:58:268	37.2	20.5	0	0
2021-04-15 16:30:59:283	37.2	20.5	0	0
2021-04-15 16:31:00:283	37.2	20.4	0	0
2021-04-15 16:31:01:299	37.2	20.4	0	0
2021-04-15 16:31:02:283	37.1	20.4	0	0
2021-04-15 16:31:03:298	37.1	20.4	0	0
2021-04-15 16:31:04:298	37.1	20.4	0	0
2021-04-15 16:31:05:313	37.1	20.4	0	0
2021-04-15 16:31:06:297	36.9	20.4	0	0
2021-04-15 16:31:07:314	36.9	20.4	0	0
2021-04-15 16:31:08:321	36.9	20.4	0	0
2021-04-15 16:31:09:329	37.1	20.6	0	0
2021-04-15 16:31:10:321	37	20.6	0	0
2021-04-15 16:31:11:329	37	20.6	0	0
2021-04-15 16:31:12:337	37	20.8	0	0
2021-04-15 16:31:13:344	36.9	20.8	0	0
2021-04-15 16:31:14:337	37.2	20.8	0	0
2021-04-15 16:31:15:345	37.2	21	0	0
2021-04-15 16:31:16:351	37.2	21	0	0
2021-04-15 16:31:17:353	37	20.9	0	0
2021-04-15 16:31:18:347	37.2	21.1	0	0
2021-04-15 16:31:19:346	37.2	21.1	0	0
2021-04-15 16:31:20:362	37.2	20.9	0	0
2021-04-15 16:31:21:362	37.2	20.9	0	0
2021-04-15 16:31:22:361	37.2	20.9	0	0
2021-04-15 16:31:23:377	37.2	20.7	0	0
2021-04-15 16:31:24:376	37.2	20.9	0	0
2021-04-15 16:31:25:392	37.4	20.9	0	0
2021-04-15 16:31:26:376	37.2	20.7	0	0
2021-04-15 16:31:27:376	37.2	20.9	0	0
2021-04-15 16:31:28:391	37.2	21.1	0	0
2021-04-15 16:31:29:406	37.2	21.3	0	0
2021-04-15 16:31:30:391	37.2	21.3	0	0
2021-04-15 16:31:31:390	37.2	21.3	0	0
2021-04-15 16:31:32:406	37	21.1	0	0
2021-04-15 16:31:33:421	36.8	21.1	0	0
2021-04-15 16:31:34:405	36.8	21.1	0	0
2021-04-15 16:31:35:422	36.8	21.1	0	0
2021-04-15 16:31:36:422	36.8	20.9	0	0
2021-04-15 16:31:38:422	36.8	20.7	0	0
2021-04-15 16:31:39:437	36.6	20.7	0	0
2021-04-15 16:31:40:437	36.8	20.7	0	0
2021-04-15 16:31:42:436	37.2	20.7	0	0
2021-04-15 16:31:43:436	37.2	20.5	0	0
2021-04-15 16:31:44:452	37.2	20.5	0	0
2021-04-15 16:31:46:451	37.2	20.5	0	0
2021-04-15 16:31:47:451	37.2	20.5	0	0
2021-04-15 16:31:48:466	37.2	20.7	0	0
2021-04-15 16:31:50:466	37.2	20.7	0	0
2021-04-15 16:31:51:481	37.2	20.7	0	0
2021-04-15 16:31:52:481	37.2	20.7	0	0
2021-04-15 16:31:53:481	37.2	0.2	0	0
2021-04-15 16:31:54:480	37.2	20.7	0	0
2021-04-15 16:31:55:496	37.4	20.7	0	0
2021-04-15 16:31:56:496	37.4	20.5	0	0
2021-04-15 16:31:57:495	37.4	20.5	0	0
2021-04-15 16:31:58:495	37.4	20.7	0	0
2021-04-15 16:31:59:511	37.5	20.7	0	0
2021-04-15 16:32:00:510	37.5	20.7	0	0
2021-04-15 16:32:01:510	37.5	20.9	0	0
2021-04-15 16:32:02:510	37.5	20.9	0	0
2021-04-15 16:32:03:525	37.5	20.9	0	0
2021-04-15 16:32:04:525	37.3	20.9	0	0
2021-04-15 16:32:05:525	37.3	20.9	0	0
2021-04-15 16:32:06:525	37	20.6	0	0
2021-04-15 16:32:07:540	37	20.8	0	0
2021-04-15 16:32:08:540	37	20.9	0	0
2021-04-15 16:32:09:539	36.8	20.6	0	0
2021-04-15 16:32:10:543	36.6	20.7	0	0
2021-04-15 16:32:11:547	36.6	20.7	0	0
2021-04-15 16:32:12:562	36.7	20.7	0	0
2021-04-15 16:32:13:562	36.7	20.7	0	0
2021-04-15 16:32:14:561	36.9	20.7	0	0
2021-04-15 16:32:15:561	36.7	20.5	0	0
2021-04-15 16:32:16:579	36.7	20.5	0	0
2021-04-15 16:32:17:570	36.9	20.5	0	0
2021-04-15 16:32:18:579	37.1	20.5	0	0
2021-04-15 16:32:19:586	37.1	20.5	0	0
2021-04-15 16:32:20:594	37.3	20.5	0	0
2021-04-15 16:32:21:586	37.3	20.5	0	0
2021-04-15 16:32:22:594	37.1	20.5	0	0
2021-04-15 16:32:23:601	37.1	20.5	0	0
2021-04-15 16:32:24:610	37.1	20.5	0	0
2021-04-15 16:32:25:602	37.1	20.8	0	0
2021-04-15 16:32:26:610	37.1	20.8	0	0
2021-04-15 16:32:27:618	37.1	20.8	0	0
2021-04-15 16:32:28:627	36.9	20.8	0	0
2021-04-15 16:32:29:618	36.9	20.7	0	0
2021-04-15 16:32:30:626	37.1	20.7	0	0
2021-04-15 16:32:31:633	37.3	20.7	0	0
2021-04-15 16:32:32:641	37.1	20.7	0	0
2021-04-15 16:32:33:631	37.1	20.5	0	0
2021-04-15 16:32:34:640	37.1	20.5	0	0
2021-04-15 16:32:35:647	37.1	20.5	0	0
2021-04-15 16:32:36:655	37.1	20.5	0	0
2021-04-15 16:32:37:646	37.1	20.5	0	0
2021-04-15 16:32:38:654	37.1	20.5	0	0
2021-04-15 16:32:39:662	37.1	20.5	0	0
2021-04-15 16:32:40:673	37.3	20.5	0	0
2021-04-15 16:32:41:663	37.3	20.7	0	0
2021-04-15 16:32:42:669	37.3	20.7	0	0
2021-04-15 16:32:43:679	37.3	20.7	0	0
2021-04-15 16:32:44:685	37.5	20.7	0	0
2021-04-15 16:32:45:677	37.5	20.9	0	0
2021-04-15 16:32:46:684	37.5	20.9	0	0
2021-04-15 16:32:47:692	37.5	21.1	0	0
2021-04-15 16:32:48:701	37.5	21.3	0	0
2021-04-15 16:32:49:694	37.5	21.1	0	0
2021-04-15 16:32:50:702	37.5	21.1	0	0
2021-04-15 16:32:51:707	37.5	21.1	0	0
2021-04-15 16:32:52:715	37.3	21.1	0	0
2021-04-15 16:32:53:709	37.1	20.9	0	0
2021-04-15 16:32:54:716	37.1	20.9	0	0
2021-04-15 16:32:55:724	37.1	20.9	0	0
2021-04-15 16:32:56:732	37.1	20.7	0	0
2021-04-15 16:32:57:724	37.1	20.7	0	0
2021-04-15 16:32:58:729	37.1	20.7	0	0
2021-04-15 16:32:59:740	37.1	20.7	0	0
2021-04-15 16:33:00:748	37.3	20.7	0	0
2021-04-15 16:33:01:739	37.5	20.7	0	0
2021-04-15 16:33:02:745	37.5	20.7	0	0
2021-04-15 16:33:03:755	37.5	20.5	0	0
2021-04-15 16:33:04:762	37.5	20.7	0	0
2021-04-15 16:33:05:768	37.5	20.7	0	0
2021-04-15 16:33:06:760	37.5	20.7	0	0
2021-04-15 16:33:07:769	37.5	20.7	0	0
2021-04-15 16:33:08:778	37.5	20.7	0	0
2021-04-15 16:33:09:769	37.5	20.9	0	0
2021-04-15 16:33:10:776	37.5	20.9	0	0
2021-04-15 16:33:11:784	37.5	21	0	0
2021-04-15 16:33:12:790	37.5	21	0	0
2021-04-15 16:33:13:785	37.5	21	0	0
2021-04-15 16:33:14:791	37.5	21	0	0
2021-04-15 16:33:15:802	37.5	21.1	0	0
2021-04-15 16:33:16:806	37.5	21.2	0	0
2021-04-15 16:33:17:800	37.5	0.2	0	0
2021-04-15 16:33:18:807	37.5	20.9	0	0
2021-04-15 16:33:19:815	37.5	20.9	0	0
2021-04-15 16:33:20:821	37.5	20.7	0	0
2021-04-15 16:33:22:824	37.5	20.7	0	0
2021-04-15 16:33:23:831	37.3	20.5	0	0
2021-04-15 16:33:24:838	37.3	20.7	0	0
2021-04-15 16:33:26:838	37.3	20.8	0	0
2021-04-15 16:33:27:845	37.3	20.7	0	0
2021-04-15 16:33:28:853	37.3	20.8	0	0
2021-04-15 16:33:29:860	37.3	20.8	0	0
2021-04-15 16:33:30:852	37.1	20.8	0	0
2021-04-15 16:33:31:859	37.3	20.7	0	0
2021-04-15 16:33:32:869	37.1	20.5	0	0
2021-04-15 16:33:33:875	37.1	20.5	0	0
2021-04-15 16:33:34:868	37.1	20.4	0	0
2021-04-15 16:33:35:873	37.1	20.4	0	0
2021-04-15 16:33:36:884	37.1	20.4	0	0
2021-04-15 16:33:37:889	37.1	20.4	0	0
2021-04-15 16:33:38:884	37.3	20.4	0	0
2021-04-15 16:33:39:890	37.3	20.3	0	0
2021-04-15 16:33:40:898	37.5	20.4	0	0
2021-04-15 16:33:41:907	37.3	20.4	0	0
2021-04-15 16:33:42:896	37.3	20.4	0	0
2021-04-15 16:33:43:907	37	20.4	0	0
2021-04-15 16:33:44:913	37	20.4	0	0
2021-04-15 16:33:45:920	37	20.4	0	0
2021-04-15 16:33:46:912	37	20.4	0	0
2021-04-15 16:33:47:921	37	20.7	0	0
2021-04-15 16:33:48:926	37	20.7	0	0
2021-04-15 16:33:49:935	37.3	20.9	0	0
2021-04-15 16:33:50:927	37.3	20.9	0	0
2021-04-15 16:33:51:936	37.5	20.9	0	0
2021-04-15 16:33:52:945	37.5	21.1	0	0
2021-04-15 16:33:53:950	37.5	21.1	0	0
2021-04-15 16:33:54:942	37.5	21.1	0	0
2021-04-15 16:33:55:949	37.5	20.9	0	0
2021-04-15 16:33:56:957	37.5	20.9	0	0
2021-04-15 16:33:57:967	37.3	20.7	0	0
2021-04-15 16:33:58:959	37.3	20.9	0	0
2021-04-15 16:33:59:966	37.1	20.9	0	0
2021-04-15 16:34:00:973	36.9	20.7	0	0
2021-04-15 16:34:01:982	36.9	20.7	0	0
2021-04-15 16:34:02:974	36.9	0.2	0	0
2021-04-15 16:34:03:980	36.9	20.7	0	0
2021-04-15 16:34:04:990	36.9	20.7	0	0
2021-04-15 16:34:05:997	37.1	20.7	0	0
2021-04-15 16:34:07:997	37.3	20.5	0	0
2021-04-15 16:34:09:003	37.5	20.5	0	0
2021-04-15 16:34:10:012	37.5	20.5	0	0
2021-04-15 16:34:11:020	37.5	20.6	0	0
2021-04-15 16:34:12:012	37.3	20.6	0	0
2021-04-15 16:34:13:019	37.1	20.6	0	0
2021-04-15 16:34:14:027	36.9	20.6	0	0
2021-04-15 16:34:15:034	36.9	20.6	0	0
2021-04-15 16:34:16:024	36.9	20.6	0	0
2021-04-15 16:34:17:033	36.7	20.6	0	0
2021-04-15 16:34:18:041	36.7	20.6	0	0
2021-04-15 16:34:19:050	36.7	20.6	0	0
2021-04-15 16:34:20:041	36.9	20.7	0	0
2021-04-15 16:34:21:050	37.1	20.7	0	0
2021-04-15 16:34:22:055	37.3	20.7	0	0
2021-04-15 16:34:23:064	37.3	20.7	0	0
2021-04-15 16:34:24:055	37.3	20.7	0	0
2021-04-15 16:34:25:066	37.5	20.7	0	0
2021-04-15 16:34:26:073	37.5	20.7	0	0
2021-04-15 16:34:27:078	37.5	20.7	0	0
2021-04-15 16:34:28:072	37.5	20.5	0	0
2021-04-15 16:34:29:079	37.5	20.5	0	0
2021-04-15 16:34:30:088	37.3	20.5	0	0
2021-04-15 16:34:31:096	37.3	20.6	0	0
2021-04-15 16:34:32:088	37.1	20.5	0	0
2021-04-15 16:34:33:096	37.1	20.8	0	0
2021-04-15 16:34:34:101	37.1	20.7	0	0
2021-04-15 16:34:35:111	37.1	20.8	0	0
2021-04-15 16:34:37:109	37.1	20.8	0	0
2021-04-15 16:34:38:118	37.3	20.7	0	0
2021-04-15 16:34:39:126	37.3	20.9	0	0
2021-04-15 16:34:40:131	37.5	21	0	0
2021-04-15 16:34:41:123	37.5	20.9	0	0
2021-04-15 16:34:42:131	37.5	21.2	0	0
2021-04-15 16:34:43:140	37.3	21.2	0	0
2021-04-15 16:34:44:147	37.3	21.2	0	0
2021-04-15 16:34:45:140	37.3	21.2	0	0
2021-04-15 16:34:46:147	37.3	21.2	0	0
2021-04-15 16:34:47:156	37.3	21	0	0
2021-04-15 16:34:48:162	37.3	21	0	0
2021-04-15 16:34:49:157	37.3	20.8	0	0
2021-04-15 16:34:50:163	37.3	20.6	0	0
2021-04-15 16:34:51:172	37.5	20.8	0	0
2021-04-15 16:34:52:177	37.4	20.8	0	0
2021-04-15 16:34:53:170	37.4	20.8	0	0
2021-04-15 16:34:54:178	37.4	20.8	0	0
2021-04-15 16:34:55:185	37.2	20.8	0	0
2021-04-15 16:34:56:193	37.2	20.8	0	0
2021-04-15 16:34:57:184	37.2	20.8	0	0
2021-04-15 16:34:58:191	37.2	20.8	0	0
2021-04-15 16:34:59:201	37.2	20.6	0	0
2021-04-15 16:35:00:209	37.3	20.6	0	0
2021-04-15 16:35:01:201	37.1	20.6	0	0
2021-04-15 16:35:02:208	37.1	20.6	0	0
2021-04-15 16:35:03:217	37.4	20.8	0	0
2021-04-15 16:35:04:223	37.4	20.8	0	0
2021-04-15 16:35:05:215	37.4	20.8	0	0
2021-04-15 16:35:06:223	37.4	21	0	0
2021-04-15 16:35:07:231	37.4	21	0	0
2021-04-15 16:35:08:239	37.4	21.2	0	0
2021-04-15 16:35:10:239	37.6	21.2	0	0
2021-04-15 16:35:11:247	37.6	21	0	0
2021-04-15 16:35:12:255	37.6	21	0	0
2021-04-15 16:35:14:254	37.6	20.8	0	0
2021-04-15 16:35:15:261	37.6	20.8	0	0
2021-04-15 16:35:16:270	37.6	20.6	0	0
2021-04-15 16:35:17:278	37.6	20.6	0	0
2021-04-15 16:35:18:269	37.6	20.8	0	0
2021-04-15 16:35:19:276	37.6	20.8	0	0
2021-04-15 16:35:20:283	37.6	20.8	0	0
2021-04-15 16:35:21:290	37.6	20.8	0	0
2021-04-15 16:35:22:284	37.6	20.8	0	0
2021-04-15 16:35:23:292	37.6	20.8	0	0
2021-04-15 16:35:24:298	37.6	20.8	0	0
2021-04-15 16:35:25:306	37.6	20.8	0	0
2021-04-15 16:35:26:298	37.4	20.6	0	0
2021-04-15 16:35:27:307	37.4	20.6	0	0
2021-04-15 16:35:28:315	37.4	20.6	0	0
2021-04-15 16:35:29:322	37.4	20.6	0	0
2021-04-15 16:35:30:314	37.4	20.6	0	0
2021-04-15 16:35:31:321	37.4	20.6	0	0
2021-04-15 16:35:32:329	37.4	20.6	0	0
2021-04-15 16:35:33:337	37.4	20.6	0	0
2021-04-15 16:35:34:329	37.6	20.8	0	0
2021-04-15 16:35:35:336	37.6	20.8	0	0
2021-04-15 16:35:36:344	37.6	20.8	0	0
2021-04-15 16:35:37:354	37.6	20.8	0	0
2021-04-15 16:35:38:345	37.6	20.8	0	0
2021-04-15 16:35:39:353	37.6	20.8	0	0
2021-04-15 16:35:40:359	37.6	20.8	0	0
2021-04-15 16:35:41:367	37.6	20.8	0	0
2021-04-15 16:35:43:368	37.6	20.6	0	0
2021-04-15 16:35:44:375	37.6	20.6	0	0
2021-04-15 16:35:45:383	37.6	20.6	0	0
2021-04-15 16:35:47:383	37.6	20.8	0	0
2021-04-15 16:35:48:390	37.6	20.8	0	0
2021-04-15 16:35:49:397	37.6	20.8	0	0
2021-04-15 16:35:50:406	37.6	20.8	0	0
2021-04-15 16:35:51:397	37.6	20.8	0	0
2021-04-15 16:35:52:405	37.6	20.8	0	0
2021-04-15 16:35:53:412	37.6	20.8	0	0
2021-04-15 16:35:54:420	37.6	20.6	0	0
2021-04-15 16:35:55:413	37.4	20.6	0	0
2021-04-15 16:35:56:421	37.2	20.5	0	0
2021-04-15 16:35:57:427	37.2	20.6	0	0
2021-04-15 16:35:58:435	37.2	20.6	0	0
2021-04-15 16:35:59:428	37.2	20.6	0	0
2021-04-15 16:36:00:435	37	20.6	0	0
2021-04-15 16:36:01:445	36.8	20.6	0	0
2021-04-15 16:36:02:450	36.6	20.6	0	0
2021-04-15 16:36:03:443	36.6	20.6	0	0
2021-04-15 16:36:04:450	36.8	20.6	0	0
2021-04-15 16:36:05:459	36.8	20.6	0	0
2021-04-15 16:36:06:468	36.6	20.6	0	0
2021-04-15 16:36:07:457	36.6	20.6	0	0
2021-04-15 16:36:08:466	36.8	20.8	0	0
2021-04-15 16:36:09:474	37	20.8	0	0
2021-04-15 16:36:10:480	37.2	20.8	0	0
2021-04-15 16:36:11:476	37.4	2.1	0	0
2021-04-15 16:36:12:482	37.4	21	0	0
2021-04-15 16:36:13:487	37.4	21.2	0	0
2021-04-15 16:36:14:499	37.7	21.2	0	0
2021-04-15 16:36:16:496	37.7	21	0	0
2021-04-15 16:36:17:502	37.7	21	0	0
2021-04-15 16:36:18:510	37.4	21	0	0
2021-04-15 16:36:19:518	37.4	20.8	0	0
2021-04-15 16:36:20:511	37.4	20.8	0	0
2021-04-15 16:36:21:520	37.4	20.6	0	0
2021-04-15 16:36:22:525	37.4	20.6	0	0
2021-04-15 16:36:23:534	37.4	20.6	0	0
2021-04-15 16:36:24:527	37.5	20.6	0	0
2021-04-15 16:36:25:532	37.4	20.6	0	0
2021-04-15 16:36:26:540	37.7	20.6	0	0
2021-04-15 16:36:27:549	37.7	20.6	0	0
2021-04-15 16:36:28:542	37.7	20.6	0	0
2021-04-15 16:36:29:549	37.7	20.6	0	0
2021-04-15 16:36:30:556	37.7	20.8	0	0
2021-04-15 16:36:31:563	37.7	20.8	0	0
2021-04-15 16:36:32:555	37.5	20.8	0	0
2021-04-15 16:36:33:566	37.5	20.8	0	0
2021-04-15 16:36:34:571	37.5	21	0	0
2021-04-15 16:36:35:579	37.5	21	0	0
2021-04-15 16:36:37:580	37.5	21	0	0
2021-04-15 16:36:38:586	37.5	20.8	0	0
2021-04-15 16:36:39:593	37.5	20.8	0	0
2021-04-15 16:36:41:595	37.7	20.8	0	0
2021-04-15 16:36:42:602	37.7	20.8	0	0
2021-04-15 16:36:43:612	37.7	21	0	0
2021-04-15 16:36:44:617	37.7	21	0	0
2021-04-15 16:36:45:608	37.7	21.2	0	0
2021-04-15 16:36:46:616	37.7	21.2	0	0
2021-04-15 16:36:47:624	37.7	21.2	0	0
2021-04-15 16:36:48:635	37.7	21.2	0	0
2021-04-15 16:36:49:625	37.5	21.2	0	0
2021-04-15 16:36:50:633	37.5	21	0	0
2021-04-15 16:36:51:640	37.5	20.8	0	0
2021-04-15 16:36:52:648	37.5	20.8	0	0
2021-04-15 16:36:53:638	37.3	20.6	0	0
2021-04-15 16:36:54:648	37.3	20.8	0	0
2021-04-15 16:36:55:655	37.3	20.8	0	0
2021-04-15 16:36:56:662	37.2	20.8	0	0
2021-04-15 16:36:58:653	37.5	21	0	0
2021-04-15 16:36:59:669	37.5	21	0	0
2021-04-15 16:37:00:668	37.5	21	0	0
2021-04-15 16:37:01:684	37.7	21.2	0	0
2021-04-15 16:37:02:668	37.7	21	0	0
2021-04-15 16:37:03:683	37.7	21	0	0
2021-04-15 16:37:04:692	37.7	21	0	0
2021-04-15 16:37:05:699	37.7	21	0	0
2021-04-15 16:37:06:692	37.7	20.8	0	0
2021-04-15 16:37:07:699	37.7	20.8	0	0
2021-04-15 16:37:08:707	37.5	20.8	0	0
2021-04-15 16:37:09:715	37.3	20.6	0	0
2021-04-15 16:37:10:709	37.3	0.2	0	0
2021-04-15 16:37:11:715	37	20.6	0	0
2021-04-15 16:37:12:722	37	20.6	0	0
2021-04-15 16:37:13:730	37	20.6	0	0
2021-04-15 16:37:14:727	37	20.6	0	0
2021-04-15 16:37:15:727	37	20.6	0	0
2021-04-15 16:37:16:727	37.3	20.6	0	0
2021-04-15 16:37:17:742	37.5	20.8	0	0
2021-04-15 16:37:18:742	37.3	20.8	0	0
2021-04-15 16:37:19:745	37.3	20.8	0	0
2021-04-15 16:37:20:740	37.3	21	0	0
2021-04-15 16:37:21:755	37.3	21	0	0
2021-04-15 16:37:22:755	37.3	21	0	0
2021-04-15 16:37:23:748	37.3	21	0	0
2021-04-15 16:37:24:764	37.3	21.2	0	0
2021-04-15 16:37:25:763	37.3	21	0	0
2021-04-15 16:37:26:779	37.5	21	0	0
2021-04-15 16:37:28:778	37.7	20.8	0	0
2021-04-15 16:37:29:778	37.7	20.8	0	0
2021-04-15 16:37:30:793	37.7	20.9	0	0
2021-04-15 16:37:31:809	37.7	20.8	0	0
2021-04-15 16:37:32:793	37.7	20.8	0	0
2021-04-15 16:37:33:793	37.7	21.1	0	0
2021-04-15 16:37:34:808	37.7	21.1	0	0
2021-04-15 16:37:35:823	37.7	21.1	0	0
2021-04-15 16:37:36:815	37.7	21	0	0
2021-04-15 16:37:37:823	37.5	21	0	0
2021-04-15 16:37:38:829	37.3	21	0	0
2021-04-15 16:37:39:837	37.3	21	0	0
2021-04-15 16:37:40:830	37.3	20.8	0	0
2021-04-15 16:37:41:836	37.3	20.8	0	0
2021-04-15 16:37:42:846	37.3	21	0	0
2021-04-15 16:37:43:854	37	21	0	0
2021-04-15 16:37:44:845	37	21	0	0
2021-04-15 16:37:45:853	37.3	21	0	0
2021-04-15 16:37:46:861	37.5	21	0	0
2021-04-15 16:37:47:869	37.5	21.2	0	0
2021-04-15 16:37:48:861	37.5	0.2	0	0
2021-04-15 16:37:49:856	37.5	21	0	0
2021-04-15 16:37:50:872	37.5	20.8	0	0
2021-04-15 16:37:51:871	37.7	20.8	0	0
2021-04-15 16:37:52:887	37.7	20.8	0	0
2021-04-15 16:37:53:871	37.7	20.8	0	0
2021-04-15 16:37:54:886	37.5	20.8	0	0
2021-04-15 16:37:55:886	37.5	20.6	0	0
2021-04-15 16:37:56:902	37.5	20.8	0	0
2021-04-15 16:37:57:886	37.5	21	0	0
2021-04-15 16:37:58:901	37.5	21	0	0
2021-04-15 16:37:59:948	37.5	21	0	0
2021-04-15 16:38:00:916	37.5	21	0	0
2021-04-15 16:38:01:901	37.5	21	0	0
2021-04-15 16:38:02:916	37.7	21	0	0
2021-04-15 16:38:03:916	37.7	21.1	0	0
2021-04-15 16:38:04:931	37.7	20.8	0	0
2021-04-15 16:38:05:915	37.7	20.6	0	0
2021-04-15 16:38:06:931	37.7	20.6	0	0
2021-04-15 16:38:07:930	37.7	20.6	0	0
2021-04-15 16:38:08:946	37.7	20.6	0	0
2021-04-15 16:38:10:943	37.7	20.6	0	0
2021-04-15 16:38:11:958	37.7	20.6	0	0
2021-04-15 16:38:12:957	37.5	20.6	0	0
2021-04-15 16:38:13:972	37.5	20.6	0	0
2021-04-15 16:38:14:956	37.5	20.6	0	0
2021-04-15 16:38:15:972	37.5	20.6	0	0
2021-04-15 16:38:16:971	37.5	20.6	0	0
2021-04-15 16:38:17:987	37.5	20.6	0	0
2021-04-15 16:38:18:971	37.5	20.6	0	0
2021-04-15 16:38:19:986	37.5	20.8	0	0
2021-04-15 16:38:20:986	37.5	20.8	0	0
2021-04-15 16:38:22:001	37.5	21	0	0
2021-04-15 16:38:22:986	37.5	21	0	0
2021-04-15 16:38:24:001	37.5	21.3	0	0
2021-04-15 16:38:25:001	37.5	21.3	0	0
2021-04-15 16:38:26:016	37.5	21.5	0	0
2021-04-15 16:38:28:016	37.1	21.2	0	0
2021-04-15 16:38:29:027	37.3	21.2	0	0
2021-04-15 16:38:30:033	37.3	21	0	0
2021-04-15 16:38:31:041	37.1	21	0	0
2021-04-15 16:38:32:024	37.1	20.8	0	0
2021-04-15 16:38:33:042	37.1	20.8	0	0
2021-04-15 16:38:34:039	36.8	20.6	0	0
2021-04-15 16:38:35:057	37.1	20.5	0	0
2021-04-15 16:38:36:049	37.3	20.6	0	0
2021-04-15 16:38:37:058	37.3	20.5	0	0
2021-04-15 16:38:38:064	37.3	20.5	0	0
2021-04-15 16:38:39:073	37.5	20.6	0	0
2021-04-15 16:38:40:064	37.5	20.6	0	0
2021-04-15 16:38:41:071	37.3	20.6	0	0
2021-04-15 16:38:42:080	37.5	20.6	0	0
2021-04-15 16:38:43:087	37.5	20.6	0	0
2021-04-15 16:38:44:079	37.5	20.8	0	0
2021-04-15 16:38:45:088	37.3	20.8	0	0
2021-04-15 16:38:46:096	37.3	20.8	0	0
2021-04-15 16:38:47:089	37.1	20.8	0	0
2021-04-15 16:38:49:103	37.3	20.9	0	0
2021-04-15 16:38:50:111	37.3	20.9	0	0
2021-04-15 16:38:51:119	37.3	20.9	0	0
2021-04-15 16:38:52:113	37.1	20.6	0	0
2021-04-15 16:38:53:104	37.3	20.8	0	0
2021-04-15 16:38:54:123	37.3	20.8	0	0
2021-04-15 16:38:55:124	37.3	20.8	0	0
2021-04-15 16:38:56:141	37.3	20.8	0	0
2021-04-15 16:38:57:133	37.3	20.8	0	0
2021-04-15 16:38:58:141	37.3	20.8	0	0
2021-04-15 16:38:59:149	37.1	20.8	0	0
2021-04-15 16:39:00:149	37.3	20.8	0	0
2021-04-15 16:39:02:149	37.3	20.6	0	0
2021-04-15 16:39:03:164	37.5	20.6	0	0
2021-04-15 16:39:04:158	37.5	20.6	0	0
2021-04-15 16:39:05:176	37.5	20.6	0	0
2021-04-15 16:39:06:160	37.5	20.6	0	0
2021-04-15 16:39:07:175	37.5	20.6	0	0
2021-04-15 16:39:08:175	37.5	20.6	0	0
2021-04-15 16:39:09:190	37.3	20.6	0	0
2021-04-15 16:39:10:175	37.3	20.6	0	0
2021-04-15 16:39:11:190	37.3	20.9	0	0
2021-04-15 16:39:12:190	37.1	20.8	0	0
2021-04-15 16:39:13:205	37.1	20.8	0	0
2021-04-15 16:39:14:205	37.1	20.8	0	0
2021-04-15 16:39:15:205	37.3	20.8	0	0
2021-04-15 16:39:16:204	37.3	21	0	0
2021-04-15 16:39:17:220	37.5	21	0	0
2021-04-15 16:39:18:234	37.5	21	0	0
2021-04-15 16:39:19:225	37.5	20.8	0	0
2021-04-15 16:39:20:233	37.8	20.8	0	0
2021-04-15 16:39:21:240	37.5	20.8	0	0
2021-04-15 16:39:22:249	37.5	21	0	0
2021-04-15 16:39:24:245	37.5	20.8	0	0
2021-04-15 16:39:25:255	37.5	20.8	0	0
2021-04-15 16:39:26:255	37.5	20.8	0	0
2021-04-15 16:39:27:271	37.5	20.8	0	0
2021-04-15 16:39:28:255	37.5	20.8	0	0
2021-04-15 16:39:29:270	37.8	20.8	0	0
2021-04-15 16:39:30:270	37.8	20.5	0	0
2021-04-15 16:39:31:285	37.8	20.5	0	0
2021-04-15 16:39:32:270	37.8	20.5	0	0
2021-04-15 16:39:33:285	37.5	20.5	0	0
2021-04-15 16:39:34:285	37.5	20.5	0	0
2021-04-15 16:39:35:300	37.5	20.5	0	0
2021-04-15 16:39:37:301	37.3	20.8	0	0
2021-04-15 16:39:38:309	37.3	20.8	0	0
2021-04-15 16:39:39:315	37.1	20.8	0	0
2021-04-15 16:39:40:322	37.1	20.8	0	0
2021-04-15 16:39:41:317	37.3	20.8	0	0
2021-04-15 16:39:42:324	37.3	21	0	0
2021-04-15 16:39:43:332	37.1	21	0	0
2021-04-15 16:39:44:339	37.1	20.8	0	0
2021-04-15 16:39:45:331	37.3	20.8	0	0
2021-04-15 16:39:46:338	37.3	20.8	0	0
2021-04-15 16:39:47:347	37.5	21.1	0	0
2021-04-15 16:39:48:354	37.5	21.1	0	0
2021-04-15 16:39:49:362	37.5	21.1	0	0
2021-04-15 16:39:50:350	37.5	20.8	0	0
2021-04-15 16:39:51:349	37.8	20.8	0	0
2021-04-15 16:39:52:365	37.8	20.8	0	0
2021-04-15 16:39:53:365	37.8	20.8	0	0
2021-04-15 16:39:54:364	37.8	20.8	0	0
2021-04-15 16:39:55:364	37.8	20.6	0	0
2021-04-15 16:39:56:379	37.8	20.6	0	0
2021-04-15 16:39:57:379	37.5	20.6	0	0
2021-04-15 16:39:59:379	37.5	20.6	0	0
2021-04-15 16:40:00:394	37.5	20.6	0	0
2021-04-15 16:40:01:394	37.5	20.6	0	0
2021-04-15 16:40:02:403	37.5	20.8	0	0
2021-04-15 16:40:03:403	37.5	20.8	0	0
2021-04-15 16:40:04:402	37.5	20.8	0	0
2021-04-15 16:40:05:421	37.8	20.8	0	0
2021-04-15 16:40:06:424	37.5	20.8	0	0
2021-04-15 16:40:07:408	37.3	20.8	0	0
2021-04-15 16:40:08:416	37.3	20.8	0	0
2021-04-15 16:40:09:431	37.3	20.8	0	0
2021-04-15 16:40:10:431	37.3	20.8	0	0
2021-04-15 16:40:11:441	37.3	20.8	0	0
2021-04-15 16:40:12:440	37.3	20.8	0	0
2021-04-15 16:40:13:440	37.3	20.8	0	0
2021-04-15 16:40:14:456	37.5	20.8	0	0
2021-04-15 16:40:15:456	37.8	21	0	0
2021-04-15 16:40:16:455	37.8	21.3	0	0
2021-04-15 16:40:17:455	37.5	21.3	0	0
2021-04-15 16:40:18:470	37.5	21	0	0
2021-04-15 16:40:19:470	37.5	21	0	0
2021-04-15 16:40:20:470	37.5	2.1	0	0
2021-04-15 16:40:21:484	37.5	21.3	0	0
2021-04-15 16:40:22:485	37.5	21.3	0	0
2021-04-15 16:40:23:494	37.3	21	0	0
2021-04-15 16:40:24:493	37.3	20.8	0	0
2021-04-15 16:40:25:493	37.5	20.8	0	0
2021-04-15 16:40:26:493	37.5	20.8	0	0
2021-04-15 16:40:27:508	37.5	20.8	0	0
2021-04-15 16:40:28:508	37.6	20.6	0	0
2021-04-15 16:40:29:508	37.5	20.6	0	0
2021-04-15 16:40:30:508	37.5	20.6	0	0
2021-04-15 16:40:31:523	37.8	20.6	0	0
2021-04-15 16:40:32:523	37.8	20.6	0	0
2021-04-15 16:40:33:523	37.5	20.6	0	0
2021-04-15 16:40:34:522	37.5	20.6	0	0
2021-04-15 16:40:35:544	37.5	20.6	0	0
2021-04-15 16:40:36:552	37.5	20.6	0	0
2021-04-15 16:40:37:544	37.3	20.6	0	0
2021-04-15 16:40:38:551	37.3	20.6	0	0
2021-04-15 16:40:39:560	37.3	20.6	0	0
2021-04-15 16:40:40:567	37.1	20.6	0	0
2021-04-15 16:40:42:567	37.3	20.8	0	0
2021-04-15 16:40:43:574	37.3	20.8	0	0
2021-04-15 16:40:44:583	37.3	20.8	0	0
2021-04-15 16:40:45:590	37.6	20.8	0	0
2021-04-15 16:40:46:582	37.6	21.1	0	0
2021-04-15 16:40:47:590	37.6	21.3	0	0
2021-04-15 16:40:48:598	37.8	21.3	0	0
2021-04-15 16:40:49:605	37.8	21.1	0	0
2021-04-15 16:40:50:595	37.6	21.1	0	0
2021-04-15 16:40:51:595	37.6	21.1	0	0
2021-04-15 16:40:52:611	37.6	21.1	0	0
2021-04-15 16:40:53:610	37.3	21.1	0	0
2021-04-15 16:40:54:610	37.3	20.8	0	0
2021-04-15 16:40:55:610	37.3	20.6	0	0
2021-04-15 16:40:56:625	37.3	20.6	0	0
2021-04-15 16:40:57:625	37.3	20.6	0	0
2021-04-15 16:40:58:625	37.6	20.6	0	0
2021-04-15 16:40:59:625	37.6	20.6	0	0
2021-04-15 16:41:00:640	37.6	20.6	0	0
2021-04-15 16:41:01:638	37.8	20.6	0	0
2021-04-15 16:41:03:641	37.8	20.6	0	0
2021-04-15 16:41:04:656	37.8	20.6	0	0
2021-04-15 16:41:05:656	37.8	20.6	0	0
2021-04-15 16:41:06:673	37.8	20.6	0	0
2021-04-15 16:41:07:708	37.8	20.6	0	0
2021-04-15 16:41:08:661	37.6	20.6	0	0
2021-04-15 16:41:09:669	37.6	20.6	0	0
2021-04-15 16:41:10:685	37.6	20.6	0	0
2021-04-15 16:41:11:669	37.6	20.6	0	0
2021-04-15 16:41:12:684	37.6	20.6	0	0
2021-04-15 16:41:13:684	37.4	20.6	0	0
2021-04-15 16:41:14:699	37.1	20.6	0	0
2021-04-15 16:41:15:683	37.1	20.8	0	0
2021-04-15 16:41:16:701	37.4	21	0	0
2021-04-15 16:41:17:701	37.1	21	0	0
2021-04-15 16:41:18:716	37.1	21	0	0
2021-04-15 16:41:20:716	37.1	21	0	0
2021-04-15 16:41:21:715	37.1	21	0	0
2021-04-15 16:41:22:731	37.1	21	0	0
2021-04-15 16:41:23:731	37.1	21	0	0
2021-04-15 16:41:24:730	37.1	20.8	0	0
2021-04-15 16:41:25:739	37.4	21	0	0
2021-04-15 16:41:26:743	37.1	21	0	0
2021-04-15 16:41:27:755	37.1	21	0	0
2021-04-15 16:41:28:734	37.1	21	0	0
2021-04-15 16:41:29:753	37.4	21.3	0	0
2021-04-15 16:41:30:753	37.6	21.3	0	0
2021-04-15 16:41:31:769	37.6	21	0	0
2021-04-15 16:41:32:753	37.6	21.3	0	0
2021-04-15 16:41:33:758	37.6	21	0	0
2021-04-15 16:41:34:773	37.6	21	0	0
2021-04-15 16:41:35:776	37.6	21	0	0
2021-04-15 16:41:36:776	37.6	0.2	0	0
2021-04-15 16:41:37:776	37.6	20.8	0	0
2021-04-15 16:41:38:791	37.6	20.8	0	0
2021-04-15 16:41:39:791	37.6	20.8	0	0
2021-04-15 16:41:41:790	37.6	20.6	0	0
2021-04-15 16:41:42:806	37.6	20.6	0	0
2021-04-15 16:41:43:806	37.6	20.6	0	0
2021-04-15 16:41:44:821	37.6	20.6	0	0
2021-04-15 16:41:45:805	37.6	20.6	0	0
2021-04-15 16:41:46:820	37.6	20.8	0	0
2021-04-15 16:41:47:820	37.6	20.8	0	0
2021-04-15 16:41:48:836	37.6	20.8	0	0
2021-04-15 16:41:49:820	37.6	20.8	0	0
2021-04-15 16:41:50:832	37.6	20.8	0	0
2021-04-15 16:41:51:845	37.4	20.8	0	0
2021-04-15 16:41:52:841	37.4	20.8	0	0
2021-04-15 16:41:53:845	37.4	20.8	0	0
2021-04-15 16:41:54:853	37.1	20.6	0	0
2021-04-15 16:41:55:851	36.9	20.5	0	0
2021-04-15 16:41:56:866	36.9	20.5	0	0
2021-04-15 16:41:58:866	37.1	20.5	0	0
2021-04-15 16:41:59:866	37.4	20.5	0	0
2021-04-15 16:42:00:881	37.4	20.5	0	0
2021-04-15 16:42:01:892	37.4	20.5	0	0
2021-04-15 16:42:02:885	37.6	20.5	0	0
2021-04-15 16:42:03:884	37.9	20.5	0	0
2021-04-15 16:42:04:899	37.9	20.6	0	0
2021-04-15 16:42:05:899	37.9	20.6	0	0
2021-04-15 16:42:06:899	37.9	20.6	0	0
2021-04-15 16:42:07:907	37.9	20.8	0	0
2021-04-15 16:42:08:903	37.9	20.8	0	0
2021-04-15 16:42:09:922	37.9	20.8	0	0
2021-04-15 16:42:11:917	37.9	20.8	0	0
2021-04-15 16:42:12:917	37.9	20.8	0	0
2021-04-15 16:42:13:933	37.9	20.8	0	0
2021-04-15 16:42:14:932	37.9	20.7	0	0
2021-04-15 16:42:15:929	37.9	20.5	0	0
2021-04-15 16:42:16:944	37.9	20.5	0	0
2021-04-15 16:42:17:944	37.9	20.5	0	0
2021-04-15 16:42:18:960	37.9	20.5	0	0
2021-04-15 16:42:19:944	37.9	20.5	0	0
2021-04-15 16:42:20:959	37.9	20.5	0	0
2021-04-15 16:42:21:959	37.9	20.6	0	0
2021-04-15 16:42:22:974	37.9	20.6	0	0
2021-04-15 16:42:23:959	37.9	20.6	0	0
2021-04-15 16:42:24:974	37.9	20.6	0	0
2021-04-15 16:42:25:974	37.9	20.6	0	0
2021-04-15 16:42:26:989	37.9	20.6	0	0
2021-04-15 16:42:27:989	37.9	20.6	0	0
2021-04-15 16:42:28:989	37.9	20.6	0	0
2021-04-15 16:42:29:988	37.9	20.6	0	0
2021-04-15 16:42:31:004	37.9	20.8	0	0
2021-04-15 16:42:32:004	37.9	21	0	0
2021-04-15 16:42:33:003	37.9	21.3	0	0
2021-04-15 16:42:34:003	37.9	21.3	0	0
2021-04-15 16:42:35:020	37.9	21.5	0	0
2021-04-15 16:42:36:028	37.6	21.5	0	0
2021-04-15 16:42:37:020	37.6	21.5	0	0
2021-04-15 16:42:38:027	37.6	21.5	0	0
2021-04-15 16:42:39:036	37.4	21.3	0	0
2021-04-15 16:42:40:044	37.4	21.1	0	0
2021-04-15 16:42:42:043	37.4	21.1	0	0
2021-04-15 16:42:43:050	37.1	20.8	0	0
2021-04-15 16:42:44:058	37.4	20.8	0	0
2021-04-15 16:42:45:066	37.4	21.1	0	0
2021-04-15 16:42:46:058	37.4	21.1	0	0
2021-04-15 16:42:47:066	37.4	21.1	0	0
2021-04-15 16:42:48:073	37.4	21.1	0	0
2021-04-15 16:42:49:082	37.4	20.8	0	0
2021-04-15 16:42:50:063	37.4	20.8	0	0
2021-04-15 16:42:51:071	37.6	20.8	0	0
2021-04-15 16:42:52:090	37.6	20.8	0	0
2021-04-15 16:42:53:095	37.6	20.6	0	0
2021-04-15 16:42:55:099	37.9	20.8	0	0
2021-04-15 16:42:56:104	37.9	20.8	0	0
2021-04-15 16:42:57:110	37.9	20.8	0	0
2021-04-15 16:42:58:120	37.9	20.8	0	0
2021-04-15 16:42:59:111	37.9	20.8	0	0
2021-04-15 16:43:00:111	37.9	20.8	0	0
2021-04-15 16:43:01:125	37.9	21	0	0
2021-04-15 16:43:02:130	37.9	20.8	0	0
2021-04-15 16:43:03:113	37.9	20.8	0	0
2021-04-15 16:43:04:136	37.9	21	0	0
2021-04-15 16:43:05:133	37.6	21	0	0
2021-04-15 16:43:06:151	37.6	21	0	0
2021-04-15 16:43:07:132	37.6	21	0	0
2021-04-15 16:43:08:146	37.6	21.3	0	0
2021-04-15 16:43:09:160	37.4	21	0	0
2021-04-15 16:43:10:154	37.4	21.3	0	0
2021-04-15 16:43:12:164	37.4	21	0	0
2021-04-15 16:43:13:172	37.6	21	0	0
2021-04-15 16:43:14:179	37.6	21	0	0
2021-04-15 16:43:15:189	37.6	21	0	0
2021-04-15 16:43:16:180	37.6	20.8	0	0
2021-04-15 16:43:17:186	37.9	20.8	0	0
2021-04-15 16:43:18:196	37.7	20.5	0	0
2021-04-15 16:43:19:205	37.6	20.5	0	0
2021-04-15 16:43:20:192	37.4	20.5	0	0
2021-04-15 16:43:21:200	37.4	20.5	0	0
2021-04-15 16:43:22:202	37.1	20.5	0	0
2021-04-15 16:43:23:220	37.1	20.5	0	0
2021-04-15 16:43:25:218	37.1	20.5	0	0
2021-04-15 16:43:26:221	37.4	20.5	0	0
2021-04-15 16:43:27:232	37.4	20.8	0	0
2021-04-15 16:43:28:231	37.6	20.8	0	0
2021-04-15 16:43:29:231	37.6	20.8	0	0
2021-04-15 16:43:30:240	37.9	20.8	0	0
2021-04-15 16:43:31:239	37.9	20.8	0	0
2021-04-15 16:43:32:258	37.9	21	0	0
2021-04-15 16:43:33:243	37.9	21	0	0
2021-04-15 16:43:34:242	37.9	21	0	0
2021-04-15 16:43:35:264	37.9	20.8	0	0
2021-04-15 16:43:36:273	37.9	21	0	0
2021-04-15 16:43:38:272	37.7	21.3	0	0
2021-04-15 16:43:39:281	37.7	21.5	0	0
2021-04-15 16:43:40:286	37.7	21.3	0	0
2021-04-15 16:43:41:295	37.7	21.3	0	0
2021-04-15 16:43:42:286	37.4	21.3	0	0
2021-04-15 16:43:43:294	37.4	21.3	0	0
2021-04-15 16:43:44:302	37.2	21.1	0	0
2021-04-15 16:43:45:311	37.2	20.8	0	0
2021-04-15 16:43:46:304	37.4	2	0	0
2021-04-15 16:43:47:309	37.4	20.6	0	0
2021-04-15 16:43:48:317	37.2	20.6	0	0
2021-04-15 16:43:49:326	37.2	20.8	0	0
2021-04-15 16:43:50:332	37.4	20.8	0	0
2021-04-15 16:43:51:318	37.2	20.8	0	0
2021-04-15 16:43:52:334	37.1	20.8	0	0
2021-04-15 16:43:53:334	37.2	21	0	0
2021-04-15 16:43:54:349	37.1	21	0	0
2021-04-15 16:43:55:333	37.1	21	0	0
2021-04-15 16:43:56:348	37.4	21	0	0
2021-04-15 16:43:57:348	37.4	20.8	0	0
2021-04-15 16:43:58:364	37.4	20.8	0	0
2021-04-15 16:43:59:348	37.7	20.8	0	0
2021-04-15 16:44:00:348	37.9	20.8	0	0
2021-04-15 16:44:01:363	37.9	20.6	0	0
2021-04-15 16:44:02:378	37.9	20.6	0	0
2021-04-15 16:44:04:376	37.9	20.6	0	0
2021-04-15 16:44:05:387	37.9	20.8	0	0
2021-04-15 16:44:06:382	37.9	20.8	0	0
2021-04-15 16:44:07:400	37.7	20.8	0	0
2021-04-15 16:44:08:390	37.7	20.8	0	0
2021-04-15 16:44:09:403	37.7	20.8	0	0
2021-04-15 16:44:10:406	37.4	20.8	0	0
2021-04-15 16:44:11:406	37.4	20.8	0	0
2021-04-15 16:44:12:409	37.4	20.8	0	0
2021-04-15 16:44:13:409	37.4	20.5	0	0
2021-04-15 16:44:14:447	37.4	20.5	0	0
2021-04-15 16:44:15:424	37.7	20.5	0	0
2021-04-15 16:44:16:424	37.7	20.8	0	0
2021-04-15 16:44:17:430	37.7	20.8	0	0
2021-04-15 16:44:18:427	37.9	20.8	0	0
2021-04-15 16:44:19:436	37.9	21	0	0
2021-04-15 16:44:21:443	37.9	21.1	0	0
2021-04-15 16:44:22:453	37.9	21.1	0	0
2021-04-15 16:44:23:451	37.9	21.1	0	0
2021-04-15 16:44:24:470	37.9	20.8	0	0
2021-04-15 16:44:25:458	37.9	20.8	0	0
2021-04-15 16:44:26:457	37.9	20.8	0	0
2021-04-15 16:44:27:473	37.9	20.6	0	0
2021-04-15 16:44:28:473	37.9	20.6	0	0
2021-04-15 16:44:29:476	37.9	20.5	0	0
2021-04-15 16:44:30:485	37.9	20.6	0	0
2021-04-15 16:44:31:489	37.9	20.6	0	0
2021-04-15 16:44:32:489	37.9	20.8	0	0
2021-04-15 16:44:33:520	37.9	20.8	0	0
2021-04-15 16:44:34:489	37.9	20.8	0	0
2021-04-15 16:44:35:507	37.9	20.8	0	0
2021-04-15 16:44:36:515	37.9	20.8	0	0
2021-04-15 16:44:38:515	37.9	20.8	0	0
2021-04-15 16:44:39:523	37.9	21	0	0
2021-04-15 16:44:40:531	37.9	20.8	0	0
2021-04-15 16:44:41:539	37.9	21	0	0
2021-04-15 16:44:42:528	37.9	21	0	0
2021-04-15 16:44:43:536	37.9	21	0	0
2021-04-15 16:44:44:546	37.9	21.3	0	0
2021-04-15 16:44:45:554	37.9	21.5	0	0
2021-04-15 16:44:46:546	37.7	21.5	0	0
2021-04-15 16:44:47:553	37.7	21.3	0	0
2021-04-15 16:44:48:560	37.7	21.3	0	0
2021-04-15 16:44:49:569	37.7	21	0	0
2021-04-15 16:44:51:564	37.4	21	0	0
2021-04-15 16:44:52:576	37.4	21	0	0
2021-04-15 16:44:53:583	37.4	20.8	0	0
2021-04-15 16:44:54:583	37.7	20.8	0	0
2021-04-15 16:44:55:567	37.7	20.8	0	0
2021-04-15 16:44:56:587	37.7	20.8	0	0
2021-04-15 16:44:57:597	37.6	20.8	0	0
2021-04-15 16:44:58:606	37.6	20.8	0	0
2021-04-15 16:44:59:598	37.9	20.8	0	0
2021-04-15 16:45:00:597	37.6	20.5	0	0
2021-04-15 16:45:01:613	37.6	20.5	0	0
2021-04-15 16:45:02:613	37.7	20.5	0	0
2021-04-15 16:45:03:612	37.7	20.8	0	0
2021-04-15 16:45:04:612	37.7	20.8	0	0
2021-04-15 16:45:05:627	37.7	20.8	0	0
2021-04-15 16:45:06:627	37.7	20.8	0	0
2021-04-15 16:45:07:646	37.4	20.8	0	0
2021-04-15 16:45:08:628	37.7	20.8	0	0
2021-04-15 16:45:09:643	37.7	20.8	0	0
2021-04-15 16:45:10:643	37.7	20.9	0	0
2021-04-15 16:45:11:659	37.7	20.6	0	0
2021-04-15 16:45:12:643	37.7	20.6	0	0
2021-04-15 16:45:13:659	37.4	20.6	0	0
2021-04-15 16:45:14:667	37.4	20.6	0	0
2021-04-15 16:45:15:660	37.7	20.6	0	0
2021-04-15 16:45:16:660	37.7	0.2	0	0
2021-04-15 16:45:17:660	37.7	20.6	0	0
2021-04-15 16:45:18:675	37.4	20.6	0	0
2021-04-15 16:45:19:688	37.4	20.6	0	0
2021-04-15 16:45:20:697	37.4	20.6	0	0
2021-04-15 16:45:21:691	37.7	20.5	0	0
2021-04-15 16:45:22:693	37.7	20.6	0	0
2021-04-15 16:45:23:706	37.7	20.5	0	0
2021-04-15 16:45:24:701	37.4	20.5	0	0
2021-04-15 16:45:25:705	37.4	20.5	0	0
2021-04-15 16:45:26:709	37.7	20.5	0	0
2021-04-15 16:45:27:709	37.7	20.6	0	0
2021-04-15 16:45:28:728	37.4	20.6	0	0
2021-04-15 16:45:29:713	37.4	20.6	0	0
2021-04-15 16:45:30:728	37.4	20.6	0	0
2021-04-15 16:45:31:723	37.4	20.6	0	0
2021-04-15 16:45:32:738	37.7	20.6	0	0
2021-04-15 16:45:34:738	37.4	20.8	0	0
2021-04-15 16:45:35:750	37.4	20.8	0	0
2021-04-15 16:45:36:759	37.7	21.1	0	0
2021-04-15 16:45:37:766	37.7	21.1	0	0
2021-04-15 16:45:38:757	37.7	21	0	0
2021-04-15 16:45:39:766	37.7	21	0	0
2021-04-15 16:45:40:775	37.6	21.1	0	0
2021-04-15 16:45:41:779	37.7	20.8	0	0
2021-04-15 16:45:42:774	37.9	20.8	0	0
2021-04-15 16:45:43:781	37.9	20.8	0	0
2021-04-15 16:45:44:789	37.7	20.6	0	0
2021-04-15 16:45:45:795	37.7	20.6	0	0
2021-04-15 16:45:46:788	37.7	20.6	0	0
2021-04-15 16:45:47:796	37.4	20.6	0	0
2021-04-15 16:45:48:804	37.4	20.5	0	0
2021-04-15 16:45:49:811	37.4	20.5	0	0
2021-04-15 16:45:50:804	37.4	0.2	0	0
2021-04-15 16:45:51:802	37.4	20.8	0	0
2021-04-15 16:45:52:817	37.6	20.8	0	0
2021-04-15 16:45:53:817	37.6	20.8	0	0
2021-04-15 16:45:55:816	37.7	20.8	0	0
2021-04-15 16:45:56:832	37.7	20.8	0	0
2021-04-15 16:45:57:840	37.7	21	0	0
2021-04-15 16:45:58:848	37.7	21	0	0
2021-04-15 16:45:59:833	37.7	21.3	0	0
2021-04-15 16:46:00:848	37.7	21.5	0	0
2021-04-15 16:46:01:857	37.7	21.8	0	0
2021-04-15 16:46:02:863	37.7	21.8	0	0
2021-04-15 16:46:03:847	37.9	22	0	0
2021-04-15 16:46:04:863	37.9	22	0	0
2021-04-15 16:46:05:862	37.9	21.8	0	0
2021-04-15 16:46:06:878	37.9	21.5	0	0
2021-04-15 16:46:07:862	37.9	21.3	0	0
2021-04-15 16:46:08:877	37.9	21.1	0	0
2021-04-15 16:46:09:877	37.9	20.8	0	0
2021-04-15 16:46:10:893	37.9	20.8	0	0
2021-04-15 16:46:11:880	37.9	2	0	0
2021-04-15 16:46:12:895	37.9	20.6	0	0
2021-04-15 16:46:13:895	37.9	20.6	0	0
2021-04-15 16:46:14:904	37.9	20.6	0	0
2021-04-15 16:46:15:917	37.9	20.6	0	0
2021-04-15 16:46:16:909	37.9	20.8	0	0
2021-04-15 16:46:17:909	37.9	20.8	0	0
2021-04-15 16:46:18:924	37.9	20.8	0	0
2021-04-15 16:46:19:924	37.9	20.8	0	0
2021-04-15 16:46:20:918	37.9	21.1	0	0
2021-04-15 16:46:21:932	37.9	21.1	0	0
2021-04-15 16:46:22:927	37.9	21.1	0	0
2021-04-15 16:46:23:942	37.9	21.1	0	0
2021-04-15 16:46:24:926	37.7	20.8	0	0
2021-04-15 16:46:25:941	37.7	21	0	0
2021-04-15 16:46:26:957	37.7	21.3	0	0
2021-04-15 16:46:27:956	37.7	21.6	0	0
2021-04-15 16:46:29:956	37.4	21.3	0	0
2021-04-15 16:46:30:956	37.2	21.3	0	0
2021-04-15 16:46:31:971	37.2	21.3	0	0
2021-04-15 16:46:32:971	37.2	21.3	0	0
2021-04-15 16:46:33:976	37.2	21.1	0	0
2021-04-15 16:46:34:984	37.2	20.8	0	0
2021-04-15 16:46:35:992	37.2	20.6	0	0
2021-04-15 16:46:37:002	37.4	20.6	0	0
2021-04-15 16:46:37:992	37.4	20.6	0	0
2021-04-15 16:46:39:002	37.7	20.6	0	0
2021-04-15 16:46:40:008	37.7	20.6	0	0
2021-04-15 16:46:41:019	37.9	20.8	0	0
2021-04-15 16:46:42:007	37.9	20.8	0	0
2021-04-15 16:46:43:016	37.9	20.8	0	0
2021-04-15 16:46:44:022	37.9	20.8	0	0
2021-04-15 16:46:45:032	37.9	20.8	0	0
2021-04-15 16:46:47:031	37.9	20.8	0	0
2021-04-15 16:46:48:039	37.9	20.8	0	0
2021-04-15 16:46:49:047	37.7	20.5	0	0
2021-04-15 16:46:50:053	37.7	20.5	0	0
2021-04-15 16:46:51:041	37.7	20.5	0	0
2021-04-15 16:46:52:054	37.4	20.5	0	0
2021-04-15 16:46:53:052	37.2	20.5	0	0
2021-04-15 16:46:54:067	36.9	20.6	0	0
2021-04-15 16:46:55:051	36.9	20.8	0	0
2021-04-15 16:46:56:067	36.9	21.1	0	0
2021-04-15 16:46:57:066	37.2	21.1	0	0
2021-04-15 16:46:58:082	37.2	21.3	0	0
2021-04-15 16:47:00:083	37.4	21.3	0	0
2021-04-15 16:47:01:083	37.7	21.3	0	0
2021-04-15 16:47:02:098	37.9	21.3	0	0
2021-04-15 16:47:03:098	37.9	21.1	0	0
2021-04-15 16:47:04:098	37.9	20.8	0	0
2021-04-15 16:47:05:097	37.9	20.8	0	0
2021-04-15 16:47:06:113	37.7	20.5	0	0
2021-04-15 16:47:07:113	37.7	20.6	0	0
2021-04-15 16:47:08:113	37.7	20.6	0	0
2021-04-15 16:47:09:112	37.7	20.6	0	0
2021-04-15 16:47:10:128	37.7	20.6	0	0
2021-04-15 16:47:11:128	37.7	20.6	0	0
2021-04-15 16:47:13:138	37.4	20.6	0	0
2021-04-15 16:47:14:146	37.7	20.6	0	0
2021-04-15 16:47:15:146	37.7	20.8	0	0
2021-04-15 16:47:16:161	37.7	20.8	0	0
2021-04-15 16:47:17:145	37.7	20.8	0	0
2021-04-15 16:47:18:160	37.7	20.8	0	0
2021-04-15 16:47:19:160	37.7	20.8	0	0
2021-04-15 16:47:20:176	37.7	20.8	0	0
2021-04-15 16:47:21:160	38	20.8	0	0
2021-04-15 16:47:22:175	37.9	20.8	0	0
2021-04-15 16:47:23:175	37.9	20.6	0	0
2021-04-15 16:47:24:190	37.9	20.6	0	0
2021-04-15 16:47:26:190	38	20.6	0	0
2021-04-15 16:47:27:190	37.9	20.6	0	0
2021-04-15 16:47:28:205	37.9	20.8	0	0
2021-04-15 16:47:29:208	37.9	20.8	0	0
2021-04-15 16:47:30:192	38	20.8	0	0
2021-04-15 16:47:31:207	37.7	20.8	0	0
2021-04-15 16:47:32:207	37.7	20.8	0	0
2021-04-15 16:47:33:223	37.7	20.8	0	0
2021-04-15 16:47:34:207	37.7	20.8	0	0
2021-04-15 16:47:35:217	37.5	20.8	0	0
2021-04-15 16:47:36:235	37.5	20.6	0	0
2021-04-15 16:47:37:239	37.5	20.7	0	0
2021-04-15 16:47:39:238	37.7	20.9	0	0
2021-04-15 16:47:40:238	37.7	20.9	0	0
2021-04-15 16:47:41:253	37.7	20.9	0	0
2021-04-15 16:47:42:253	37.4	20.9	0	0
2021-04-15 16:47:43:253	37.7	21.2	0	0
2021-04-15 16:47:44:252	37.7	21.3	0	0
2021-04-15 16:47:45:268	37.7	21.3	0	0
2021-04-15 16:47:46:268	37.4	21.3	0	0
2021-04-15 16:47:47:274	37.4	21.1	0	0
2021-04-15 16:47:48:271	37.2	21	0	0
2021-04-15 16:47:49:286	37.2	21.1	0	0
2021-04-15 16:47:50:286	37.4	21.1	0	0
2021-04-15 16:47:52:286	37.4	20.8	0	0
2021-04-15 16:47:53:301	37.4	20.8	0	0
2021-04-15 16:47:54:301	37.7	20.8	0	0
2021-04-15 16:47:55:316	37.7	20.8	0	0
2021-04-15 16:47:56:300	37.9	20.8	0	0
2021-04-15 16:47:57:316	37.9	20.8	0	0
2021-04-15 16:47:58:315	37.9	20.8	0	0
2021-04-15 16:47:59:331	37.9	20.5	0	0
2021-04-15 16:48:00:315	37.9	20.6	0	0
2021-04-15 16:48:01:330	37.9	20.6	0	0
2021-04-15 16:48:02:341	37.9	20.6	0	0
2021-04-15 16:48:03:345	37.9	20.6	0	0
2021-04-15 16:48:04:344	37.9	20.8	0	0
2021-04-15 16:48:05:349	37.9	20.8	0	0
2021-04-15 16:48:06:349	37.9	20.8	0	0
2021-04-15 16:48:07:364	37.9	20.8	0	0
2021-04-15 16:48:09:364	37.6	21.1	0	0
2021-04-15 16:48:10:364	37.6	21	0	0
2021-04-15 16:48:11:379	37.6	21	0	0
2021-04-15 16:48:12:379	37.4	20.8	0	0
2021-04-15 16:48:13:378	37.4	20.8	0	0
2021-04-15 16:48:14:378	37.4	20.7	0	0
2021-04-15 16:48:15:393	37.4	20.7	0	0
2021-04-15 16:48:16:393	37.6	20.7	0	0
2021-04-15 16:48:17:393	37.6	20.5	0	0
2021-04-15 16:48:18:402	37.6	20.4	0	0
2021-04-15 16:48:19:397	37.6	20.4	0	0
2021-04-15 16:48:20:412	37.6	20.4	0	0
2021-04-15 16:48:21:396	37.6	20.7	0	0
2021-04-15 16:48:22:412	37.6	20.7	0	0
2021-04-15 16:48:23:412	37.6	20.7	0	0
2021-04-15 16:48:24:427	37.6	20.7	0	0
2021-04-15 16:48:26:427	37.4	21	0	0
2021-04-15 16:48:27:426	37.4	21	0	0
2021-04-15 16:48:28:442	37.4	21	0	0
2021-04-15 16:48:29:457	37.4	20.8	0	0
2021-04-15 16:48:30:441	37.4	21	0	0
2021-04-15 16:48:31:457	37.4	21	0	0
2021-04-15 16:48:32:456	37.4	21.1	0	0
2021-04-15 16:48:33:472	37.4	20.8	0	0
2021-04-15 16:48:34:456	37.6	20.8	0	0
2021-04-15 16:48:35:471	37.6	20.8	0	0
2021-04-15 16:48:36:480	37.9	20.8	0	0
2021-04-15 16:48:37:486	37.9	20.8	0	0
2021-04-15 16:48:38:480	37.9	20.5	0	0
2021-04-15 16:48:39:487	37.6	20.5	0	0
2021-04-15 16:48:40:494	37.6	20.5	0	0
2021-04-15 16:48:41:502	37.6	20.5	0	0
2021-04-15 16:48:43:501	37.6	20.5	0	0
2021-04-15 16:48:44:509	37.6	20.5	0	0
2021-04-15 16:48:45:517	37.6	20.5	0	0
2021-04-15 16:48:47:515	37.9	20.5	0	0
2021-04-15 16:48:48:524	37.9	20.5	0	0
2021-04-15 16:48:49:533	37.9	20.8	0	0
2021-04-15 16:48:50:526	37.9	20.8	0	0
2021-04-15 16:48:51:531	37.9	20.8	0	0
2021-04-15 16:48:52:536	37.9	20.8	0	0
2021-04-15 16:48:53:536	37.6	20.8	0	0
2021-04-15 16:48:54:551	37.4	20.8	0	0
2021-04-15 16:48:55:535	37.4	20.8	0	0
2021-04-15 16:48:56:551	37.1	20.8	0	0
2021-04-15 16:48:57:550	37.1	20.5	0	0
2021-04-15 16:48:58:566	37.1	20.7	0	0
2021-04-15 16:48:59:550	37.1	20.8	0	0
2021-04-15 16:49:00:565	37.1	20.8	0	0
2021-04-15 16:49:01:565	37.4	20.8	0	0
2021-04-15 16:49:02:580	37.6	20.8	0	0
2021-04-15 16:49:04:584	37.6	20.8	0	0
2021-04-15 16:49:05:583	37.6	20.8	0	0
2021-04-15 16:49:06:599	37.6	20.6	0	0
2021-04-15 16:49:07:598	37.6	20.8	0	0
2021-04-15 16:49:08:598	37.6	20.8	0	0
2021-04-15 16:49:09:598	37.6	20.8	0	0
2021-04-15 16:49:10:613	37.6	20.8	0	0
2021-04-15 16:49:11:613	37.9	20.8	0	0
2021-04-15 16:49:12:613	37.9	20.7	0	0
2021-04-15 16:49:13:613	37.9	20.7	0	0
2021-04-15 16:49:14:628	37.9	20.7	0	0
2021-04-15 16:49:15:628	37.9	20.7	0	0
2021-04-15 16:49:16:627	37.9	2	0	0
2021-04-15 16:49:17:627	37.9	20.7	0	0
2021-04-15 16:49:18:643	37.9	20.7	0	0
2021-04-15 16:49:19:642	37.9	21	0	0
2021-04-15 16:49:20:658	37.9	21	0	0
2021-04-15 16:49:21:642	37.6	21	0	0
2021-04-15 16:49:22:657	37.6	21	0	0
2021-04-15 16:49:23:657	37.6	21	0	0
2021-04-15 16:49:24:672	37.6	21	0	0
2021-04-15 16:49:25:657	37.4	21	0	0
2021-04-15 16:49:26:672	37.4	21	0	0
2021-04-15 16:49:27:672	37.4	20.8	0	0
2021-04-15 16:49:28:687	37.1	20.8	0	0
2021-04-15 16:49:29:671	37.4	20.8	0	0
2021-04-15 16:49:30:687	37.4	20.8	0	0
2021-04-15 16:49:31:686	37.4	20.5	0	0
2021-04-15 16:49:32:702	37.4	20.5	0	0
2021-04-15 16:49:34:701	37.6	20.8	0	0
2021-04-15 16:49:35:715	37.6	21	0	0
2021-04-15 16:49:36:721	37.9	21.3	0	0
2021-04-15 16:49:37:729	37.9	21.3	0	0
2021-04-15 16:49:38:723	37.6	21.3	0	0
2021-04-15 16:49:39:729	37.6	21.3	0	0
2021-04-15 16:49:40:736	37.6	21.3	0	0
2021-04-15 16:49:41:745	37.6	21.2	0	0
2021-04-15 16:49:42:739	37.6	21	0	0
2021-04-15 16:49:43:746	37.6	20.7	0	0
2021-04-15 16:49:44:753	37.6	20.5	0	0
2021-04-15 16:49:45:760	37.6	20.5	0	0
2021-04-15 16:49:47:759	37.9	20.8	0	0
2021-04-15 16:49:48:768	37.9	20.8	0	0
2021-04-15 16:49:49:775	37.9	20.8	0	0
2021-04-15 16:49:50:771	37.9	20.7	0	0
2021-04-15 16:49:51:771	37.9	20.7	0	0
2021-04-15 16:49:52:770	37.9	20.8	0	0
2021-04-15 16:49:53:786	37.9	20.8	0	0
2021-04-15 16:49:54:786	37.7	20.5	0	0
2021-04-15 16:49:55:785	37.7	20.5	0	0
2021-04-15 16:49:56:785	37.7	20.5	0	0
2021-04-15 16:49:57:801	37.4	20.5	0	0
2021-04-15 16:49:58:800	37.2	20.5	0	0
2021-04-15 16:49:59:800	37.2	20.5	0	0
2021-04-15 16:50:00:800	37.2	20.5	0	0
2021-04-15 16:50:01:815	37.2	20.5	0	0
2021-04-15 16:50:02:815	37.4	20.7	0	0
2021-04-15 16:50:03:814	37.4	20.7	0	0
2021-04-15 16:50:04:814	37.4	20.7	0	0
2021-04-15 16:50:05:830	37.7	21	0	0
2021-04-15 16:50:06:829	37.9	21	0	0
2021-04-15 16:50:07:829	37.9	0.2	0	0
2021-04-15 16:50:08:844	37.9	21	0	0
2021-04-15 16:50:09:844	37.9	21	0	0
2021-04-15 16:50:10:860	37.7	20.7	0	0
2021-04-15 16:50:12:858	37.4	20.8	0	0
2021-04-15 16:50:13:866	37.2	20.5	0	0
2021-04-15 16:50:14:866	37.2	20.5	0	0
2021-04-15 16:50:15:865	37.2	20.8	0	0
2021-04-15 16:50:16:865	37.2	20.8	0	0
2021-04-15 16:50:17:881	37.2	20.7	0	0
2021-04-15 16:50:18:881	37.4	20.7	0	0
2021-04-15 16:50:19:896	37.4	20.7	0	0
2021-04-15 16:50:20:880	37.6	20.7	0	0
2021-04-15 16:50:21:892	37.9	20.7	0	0
2021-04-15 16:50:22:891	37.9	20.7	0	0
2021-04-15 16:50:23:907	37.9	20.7	0	0
2021-04-15 16:50:24:891	37.9	20.7	0	0
2021-04-15 16:50:25:906	37.9	20.7	0	0
2021-04-15 16:50:26:906	37.9	20.7	0	0
2021-04-15 16:50:27:922	37.9	20.7	0	0
2021-04-15 16:50:28:906	37.9	20.7	0	0
2021-04-15 16:50:29:921	37.9	20.7	0	0
2021-04-15 16:50:30:921	37.9	20.7	0	0
2021-04-15 16:50:31:936	37.9	20.7	0	0
2021-04-15 16:50:32:920	37.9	20.7	0	0
2021-04-15 16:50:33:936	37.9	20.7	0	0
2021-04-15 16:50:34:936	37.9	20.7	0	0
2021-04-15 16:50:35:957	37.7	20.7	0	0
2021-04-15 16:50:37:957	37.4	20.8	0	0
2021-04-15 16:50:38:964	37.4	20.8	0	0
2021-04-15 16:50:39:971	37.4	20.5	0	0
2021-04-15 16:50:40:980	37.4	20.5	0	0
2021-04-15 16:50:41:973	37.2	20.5	0	0
2021-04-15 16:50:42:978	37.2	20.8	0	0
2021-04-15 16:50:43:989	37.4	20.8	0	0
2021-04-15 16:50:44:999	37.4	20.8	0	0
2021-04-15 16:50:45:988	37.7	20.7	0	0
2021-04-15 16:50:46:994	37.7	20.7	0	0
2021-04-15 16:50:48:003	37.4	20.7	0	0
2021-04-15 16:50:49:011	37.4	21	0	0
2021-04-15 16:50:50:003	37.7	21	0	0
2021-04-15 16:50:50:999	37.4	20.7	0	0
2021-04-15 16:50:52:014	37.4	20.7	0	0
2021-04-15 16:50:53:014	37.4	20.7	0	0
2021-04-15 16:50:55:014	37.4	21	0	0
2021-04-15 16:50:56:029	37.7	21.3	0	0
2021-04-15 16:50:57:029	37.7	21	0	0
2021-04-15 16:50:58:044	37.7	21.3	0	0
2021-04-15 16:50:59:028	37.9	21.3	0	0
2021-04-15 16:51:00:044	37.9	21.3	0	0
2021-04-15 16:51:01:044	37.9	21.3	0	0
2021-04-15 16:51:02:059	37.9	21	0	0
2021-04-15 16:51:03:043	37.9	21	0	0
2021-04-15 16:51:04:058	37.9	20.8	0	0
2021-04-15 16:51:05:058	37.9	20.8	0	0
2021-04-15 16:51:06:074	37.9	20.5	0	0
2021-04-15 16:51:07:058	37.9	20.5	0	0
2021-04-15 16:51:08:073	37.9	20.5	0	0
2021-04-15 16:51:09:073	37.9	20.5	0	0
2021-04-15 16:51:10:088	37.9	20.5	0	0
2021-04-15 16:51:11:072	37.9	20.5	0	0
2021-04-15 16:51:12:088	37.9	20.5	0	0
2021-04-15 16:51:13:088	37.9	20.5	0	0
2021-04-15 16:51:14:103	37.9	20.5	0	0
2021-04-15 16:51:16:102	37.9	20.5	0	0
2021-04-15 16:51:17:102	37.9	20.8	0	0
2021-04-15 16:51:18:118	37.9	20.8	0	0
2021-04-15 16:51:19:117	37.9	20.8	0	0
2021-04-15 16:51:20:117	37.9	21	0	0
2021-04-15 16:51:21:117	37.9	21	0	0
2021-04-15 16:51:22:132	37.7	21	0	0
2021-04-15 16:51:23:132	37.7	21.3	0	0
2021-04-15 16:51:24:132	37.7	21.3	0	0
2021-04-15 16:51:25:147	37.7	21	0	0
2021-04-15 16:51:26:147	37.7	21.3	0	0
2021-04-15 16:51:27:162	37.7	21.5	0	0
2021-04-15 16:51:28:147	37.7	21.5	0	0
2021-04-15 16:51:29:162	37.7	21.8	0	0
2021-04-15 16:51:30:162	37.9	21.8	0	0
2021-04-15 16:51:31:177	37.7	21.6	0	0
2021-04-15 16:51:32:161	37.7	21.8	0	0
2021-04-15 16:51:33:177	37.7	21.8	0	0
2021-04-15 16:51:34:176	37.7	21.6	0	0
2021-04-15 16:51:35:193	37.7	21.3	0	0
2021-04-15 16:51:36:185	37.7	21	0	0
2021-04-15 16:51:37:192	37.7	20.8	0	0
2021-04-15 16:51:38:200	37.7	20.8	0	0
2021-04-15 16:51:39:208	37.9	20.8	0	0
2021-04-15 16:51:41:208	37.9	20.5	0	0
2021-04-15 16:51:42:215	37.9	20.5	0	0
2021-04-15 16:51:43:221	37.9	20.5	0	0
2021-04-15 16:51:44:230	37.9	20.5	0	0
2021-04-15 16:51:45:222	37.9	20.5	0	0
2021-04-15 16:51:46:231	37.9	20.7	0	0
2021-04-15 16:51:47:237	37.9	20.8	0	0
2021-04-15 16:51:48:245	37.9	20.8	0	0
2021-04-15 16:51:49:237	37.9	20.8	0	0
2021-04-15 16:51:50:238	37.9	20.8	0	0
2021-04-15 16:51:51:254	37.9	21	0	0
2021-04-15 16:51:52:269	37.7	21	0	0
2021-04-15 16:51:53:253	37.7	21.3	0	0
2021-04-15 16:51:54:253	37.7	21	0	0
2021-04-15 16:51:55:268	37.7	21	0	0
2021-04-15 16:51:56:268	37.7	21.3	0	0
2021-04-15 16:51:57:268	37.7	21.3	0	0
2021-04-15 16:51:58:268	37.7	21.3	0	0
2021-04-15 16:51:59:267	37.7	21	0	0
2021-04-15 16:52:00:283	37.7	21	0	0
2021-04-15 16:52:02:282	37.4	20.8	0	0
2021-04-15 16:52:03:298	37.4	20.8	0	0
2021-04-15 16:52:04:297	37.4	20.5	0	0
2021-04-15 16:52:05:313	37.4	20.5	0	0
2021-04-15 16:52:06:297	37.4	20.5	0	0
2021-04-15 16:52:07:312	37.1	20.5	0	0
2021-04-15 16:52:08:312	37.4	20.5	0	0
2021-04-15 16:52:09:318	37.4	20.5	0	0
2021-04-15 16:52:10:317	37.6	20.7	0	0
2021-04-15 16:52:11:317	37.6	20.7	0	0
2021-04-15 16:52:12:336	37.6	20.7	0	0
2021-04-15 16:52:13:338	37.4	20.8	0	0
2021-04-15 16:52:14:322	37.4	20.7	0	0
2021-04-15 16:52:15:338	37.6	20.7	0	0
2021-04-15 16:52:16:338	37.6	20.7	0	0
2021-04-15 16:52:17:353	37.6	20.7	0	0
2021-04-15 16:52:19:350	37.6	20.5	0	0
2021-04-15 16:52:20:365	37.6	20.5	0	0
2021-04-15 16:52:21:365	37.9	20.5	0	0
2021-04-15 16:52:23:364	37.9	20.7	0	0
2021-04-15 16:52:24:380	37.9	20.7	0	0
2021-04-15 16:52:25:380	37.9	20.7	0	0
2021-04-15 16:52:26:398	37.9	21	0	0
2021-04-15 16:52:27:373	37.9	21	0	0
2021-04-15 16:52:28:389	37.6	21	0	0
2021-04-15 16:52:29:397	37.6	21	0	0
2021-04-15 16:52:30:412	37.6	21	0	0
2021-04-15 16:52:31:396	37.6	21	0	0
2021-04-15 16:52:32:411	37.6	21	0	0
2021-04-15 16:52:33:411	37.6	21	0	0
2021-04-15 16:52:34:426	37.6	21	0	0
2021-04-15 16:52:35:419	37.4	21	0	0
2021-04-15 16:52:36:425	37.4	21	0	0
2021-04-15 16:52:37:433	37.1	21	0	0
2021-04-15 16:52:38:441	37.1	21	0	0
2021-04-15 16:52:40:444	37.1	20.7	0	0
2021-04-15 16:52:41:450	37.1	20.7	0	0
2021-04-15 16:52:42:456	37.1	20.5	0	0
2021-04-15 16:52:43:466	37.4	20.5	0	0
2021-04-15 16:52:44:456	37.6	20.7	0	0
2021-04-15 16:52:45:461	37.9	20.7	0	0
2021-04-15 16:52:46:461	37.6	20.7	0	0
2021-04-15 16:52:47:480	37.6	20.7	0	0
2021-04-15 16:52:48:470	37.6	20.7	0	0
2021-04-15 16:52:49:476	37.6	20.7	0	0
2021-04-15 16:52:50:476	37.6	20.7	0	0
2021-04-15 16:52:51:491	37.6	20.7	0	0
2021-04-15 16:52:52:481	37.6	20.5	0	0
2021-04-15 16:52:53:491	37.6	20.5	0	0
2021-04-15 16:52:54:491	37.9	20.5	0	0
2021-04-15 16:52:55:495	37.9	20.5	0	0
2021-04-15 16:52:56:495	37.9	20.5	0	0
2021-04-15 16:52:57:503	37.9	20.5	0	0
2021-04-15 16:52:58:503	37.6	20.5	0	0
2021-04-15 16:52:59:526	37.6	20.5	0	0
2021-04-15 16:53:00:508	37.6	2	0	0
2021-04-15 16:53:01:523	37.6	20.8	0	0
2021-04-15 16:53:02:523	37.7	21	0	0
2021-04-15 16:53:03:538	37.4	21	0	0
2021-04-15 16:53:05:537	36.9	21	0	0
2021-04-15 16:53:06:537	37.2	21	0	0
2021-04-15 16:53:07:553	37.2	21	0	0
2021-04-15 16:53:08:552	36.9	21	0	0
2021-04-15 16:53:09:552	36.9	20.8	0	0
2021-04-15 16:53:10:552	36.9	20.5	0	0
2021-04-15 16:53:11:567	37.2	20.5	0	0
2021-04-15 16:53:12:567	37.4	20.5	0	0
2021-04-15 16:53:13:567	37.7	20.5	0	0
2021-04-15 16:53:14:567	37.7	20.8	0	0
2021-04-15 16:53:15:582	37.7	20.8	0	0
2021-04-15 16:53:16:579	37.9	20.8	0	0
2021-04-15 16:53:17:579	37.9	20.8	0	0
2021-04-15 16:53:18:579	37.9	21	0	0
2021-04-15 16:53:19:594	37.7	21	0	0
2021-04-15 16:53:20:609	37.7	21	0	0
2021-04-15 16:53:21:593	37.7	21	0	0
2021-04-15 16:53:22:609	37.7	20.8	0	0
2021-04-15 16:53:23:609	37.7	21	0	0
2021-04-15 16:53:24:624	37.7	21	0	0
2021-04-15 16:53:25:608	37.7	21.3	0	0
2021-04-15 16:53:26:623	37.7	21	0	0
2021-04-15 16:53:27:623	37.9	21	0	0
2021-04-15 16:53:28:639	37.9	21	0	0
2021-04-15 16:53:30:638	37.7	21	0	0
2021-04-15 16:53:31:638	37.7	21	0	0
2021-04-15 16:53:32:653	37.7	21	0	0
2021-04-15 16:53:33:653	37.7	21	0	0
2021-04-15 16:53:34:653	37.4	21	0	0
2021-04-15 16:53:35:663	37.4	21.3	0	0
2021-04-15 16:53:36:668	37.4	21.3	0	0
2021-04-15 16:53:37:678	37.2	21.3	0	0
2021-04-15 16:53:38:668	37.4	21.3	0	0
2021-04-15 16:53:39:676	37.4	21	0	0
2021-04-15 16:53:40:684	37.2	21	0	0
2021-04-15 16:53:41:694	37.2	20.8	0	0
2021-04-15 16:53:42:683	37.4	21	0	0
2021-04-15 16:53:43:692	37.4	20.8	0	0
2021-04-15 16:53:44:701	37.4	21	0	0
2021-04-15 16:53:45:707	37.7	21.3	0	0
2021-04-15 16:53:46:699	37.7	21.3	0	0
2021-04-15 16:53:47:707	37.7	21.3	0	0
2021-04-15 16:53:48:716	37.9	21.3	0	0
2021-04-15 16:53:49:724	37.9	21.6	0	0
2021-04-15 16:53:50:702	37.9	21.6	0	0
2021-04-15 16:53:51:717	37.9	21.8	0	0
2021-04-15 16:53:52:726	37.9	21.6	0	0
2021-04-15 16:53:53:726	37.9	21.3	0	0
2021-04-15 16:53:54:726	37.9	0.2	0	0
2021-04-15 16:53:55:725	38	21.3	0	0
2021-04-15 16:53:56:741	38	21.3	0	0
2021-04-15 16:53:57:741	37.9	21.1	0	0
2021-04-15 16:53:58:756	37.9	20.8	0	0
2021-04-15 16:53:59:740	37.9	20.5	0	0
2021-04-15 16:54:00:756	37.9	20.5	0	0
2021-04-15 16:54:01:755	37.9	20.5	0	0
2021-04-15 16:54:02:771	37.9	20.8	0	0
2021-04-15 16:54:03:755	37.9	20.8	0	0
2021-04-15 16:54:04:770	37.9	20.8	0	0
2021-04-15 16:54:05:770	37.9	20.8	0	0
2021-04-15 16:54:06:787	37.9	20.8	0	0
2021-04-15 16:54:07:770	37.9	20.8	0	0
2021-04-15 16:54:08:785	37.9	20.8	0	0
2021-04-15 16:54:09:796	37.9	21	0	0
2021-04-15 16:54:10:796	37.9	20.8	0	0
2021-04-15 16:54:11:796	37.9	20.8	0	0
2021-04-15 16:54:12:796	37.9	20.8	0	0
2021-04-15 16:54:13:811	37.9	21	0	0
2021-04-15 16:54:14:811	37.9	21	0	0
2021-04-15 16:54:16:810	37.7	21.3	0	0
2021-04-15 16:54:17:826	37.4	21	0	0
2021-04-15 16:54:18:826	37.4	21.3	0	0
2021-04-15 16:54:19:841	37.4	21.5	0	0
2021-04-15 16:54:20:825	37.2	21.5	0	0
2021-04-15 16:54:21:841	36.9	21.3	0	0
2021-04-15 16:54:22:840	36.9	21.3	0	0
2021-04-15 16:54:23:856	37.2	21.3	0	0
2021-04-15 16:54:24:840	36.9	21	0	0
2021-04-15 16:54:25:855	37.2	21	0	0
2021-04-15 16:54:26:852	37.2	20.8	0	0
2021-04-15 16:54:27:861	36.9	20.5	0	0
2021-04-15 16:54:29:873	37.4	20.8	0	0
2021-04-15 16:54:30:869	37.4	20.8	0	0
2021-04-15 16:54:31:884	37.4	20.8	0	0
2021-04-15 16:54:32:884	37.7	20.8	0	0
2021-04-15 16:54:33:884	37.7	20.8	0	0
2021-04-15 16:54:34:883	37.7	20.8	0	0
2021-04-15 16:54:35:906	38	20.8	0	0
2021-04-15 16:54:36:913	38	20.8	0	0
2021-04-15 16:54:37:906	38	20.6	0	0
2021-04-15 16:54:38:912	38	20.6	0	0
2021-04-15 16:54:39:921	38	20.8	0	0
2021-04-15 16:54:40:928	38	20.8	0	0
2021-04-15 16:54:41:918	38	20.8	0	0
2021-04-15 16:54:42:927	38	20.8	0	0
2021-04-15 16:54:43:935	38	20.8	0	0
2021-04-15 16:54:44:942	38	20.8	0	0
2021-04-15 16:54:45:935	37.7	20.8	0	0
2021-04-15 16:54:46:942	37.7	20.8	0	0
2021-04-15 16:54:47:949	37.7	20.5	0	0
2021-04-15 16:54:48:958	37.7	20.8	0	0
2021-04-15 16:54:50:958	37.7	21.1	0	0
2021-04-15 16:54:51:950	37.7	21.1	0	0
2021-04-15 16:54:52:966	37.7	21.1	0	0
2021-04-15 16:54:53:966	37.9	21.1	0	0
2021-04-15 16:54:54:965	37.9	21.1	0	0
2021-04-15 16:54:55:981	37.9	21.1	0	0
2021-04-15 16:54:56:980	37.9	20.8	0	0
2021-04-15 16:54:57:996	37.9	20.8	0	0
2021-04-15 16:54:58:980	37.9	20.8	0	0
2021-04-15 16:54:59:980	37.9	21.1	0	0
2021-04-15 16:55:00:995	37.9	21.1	0	0
2021-04-15 16:55:02:010	37.7	21.1	0	0
2021-04-15 16:55:02:995	37.7	21.1	0	0
2021-04-15 16:55:04:010	37.7	21.1	0	0
2021-04-15 16:55:05:010	37.7	21.1	0	0
2021-04-15 16:55:06:025	37.4	21.1	0	0
2021-04-15 16:55:07:009	37.4	20.8	0	0
2021-04-15 16:55:08:025	37.4	20.5	0	0
2021-04-15 16:55:09:024	37.4	20.5	0	0
2021-04-15 16:55:10:040	37.7	20.5	0	0
2021-04-15 16:55:12:039	37.7	20.5	0	0
2021-04-15 16:55:13:039	37.7	20.5	0	0
2021-04-15 16:55:14:056	37.9	20.6	0	0
2021-04-15 16:55:15:064	37.9	20.6	0	0
2021-04-15 16:55:16:053	37.9	20.6	0	0
2021-04-15 16:55:17:051	37.9	20.6	0	0
2021-04-15 16:55:18:066	37.9	20.6	0	0
2021-04-15 16:55:19:066	37.9	20.6	0	0
2021-04-15 16:55:20:066	37.7	20.6	0	0
2021-04-15 16:55:21:066	37.7	20.6	0	0
2021-04-15 16:55:22:081	37.4	20.6	0	0
2021-04-15 16:55:23:081	37.4	20.6	0	0
2021-04-15 16:55:24:080	37.2	20.6	0	0
2021-04-15 16:55:25:080	37.2	20.6	0	0
2021-04-15 16:55:26:096	37.2	20.6	0	0
2021-04-15 16:55:27:095	37.2	20.6	0	0
2021-04-15 16:55:28:095	37.4	20.8	0	0
2021-04-15 16:55:29:095	37.4	20.8	0	0
2021-04-15 16:55:30:110	37.7	20.8	0	0
2021-04-15 16:55:31:110	37.7	20.8	0	0
2021-04-15 16:55:33:125	37.9	20.8	0	0
2021-04-15 16:55:34:125	37.7	20.8	0	0
2021-04-15 16:55:35:141	37.4	20.8	0	0
2021-04-15 16:55:36:148	37.4	20.8	0	0
2021-04-15 16:55:37:141	37.4	21.1	0	0
2021-04-15 16:55:38:148	37.4	21.1	0	0
2021-04-15 16:55:39:156	37.4	21.3	0	0
2021-04-15 16:55:40:164	37.2	21.3	0	0
2021-04-15 16:55:41:154	37.2	21.3	0	0
2021-04-15 16:55:42:162	37.2	21.3	0	0
2021-04-15 16:55:43:171	37.4	21.3	0	0
2021-04-15 16:55:44:179	37.4	21.1	0	0
2021-04-15 16:55:45:171	37.4	20.8	0	0
2021-04-15 16:55:46:177	37.4	20.8	0	0
2021-04-15 16:55:47:186	37.4	20.5	0	0
2021-04-15 16:55:48:194	37.7	20.5	0	0
2021-04-15 16:55:49:185	37.7	20.5	0	0
2021-04-15 16:55:50:193	37.9	20.8	0	0
2021-04-15 16:55:51:193	37.9	20.8	0	0
2021-04-15 16:55:52:208	37.9	20.8	0	0
2021-04-15 16:55:54:208	37.9	21.1	0	0
2021-04-15 16:55:55:207	37.9	21.1	0	0
2021-04-15 16:55:56:223	37.9	21.3	0	0
2021-04-15 16:55:57:223	37.7	21.3	0	0
2021-04-15 16:55:58:222	37.7	21.3	0	0
2021-04-15 16:55:59:222	37.7	21.3	0	0
2021-04-15 16:56:00:237	37.7	21.6	0	0
2021-04-15 16:56:01:237	37.7	21.3	0	0
2021-04-15 16:56:02:237	37.7	21.3	0	0
2021-04-15 16:56:03:237	37.7	21.3	0	0
2021-04-15 16:56:04:252	37.7	21	0	0
2021-04-15 16:56:05:252	37.9	21.1	0	0
2021-04-15 16:56:06:252	37.9	20.8	0	0
2021-04-15 16:56:07:252	37.9	20.8	0	0
2021-04-15 16:56:08:267	37.9	20.5	0	0
2021-04-15 16:56:09:267	37.9	20.5	0	0
2021-04-15 16:56:10:267	37.9	20.5	0	0
2021-04-15 16:56:11:266	37.7	20.6	0	0
2021-04-15 16:56:12:282	37.7	20.6	0	0
2021-04-15 16:56:13:282	37.7	20.6	0	0
2021-04-15 16:56:14:281	37.7	20.6	0	0
2021-04-15 16:56:15:297	37.7	20.6	0	0
2021-04-15 16:56:16:295	37.7	20.6	0	0
2021-04-15 16:56:17:300	37.7	20.6	0	0
2021-04-15 16:56:19:300	37.9	20.6	0	0
2021-04-15 16:56:20:300	37.7	20.6	0	0
2021-04-15 16:56:21:315	37.7	20.6	0	0
2021-04-15 16:56:22:315	37.7	20.6	0	0
2021-04-15 16:56:23:314	37.7	20.6	0	0
2021-04-15 16:56:24:325	37.7	20.8	0	0
2021-04-15 16:56:25:325	37.7	20.8	0	0
2021-04-15 16:56:26:340	37.4	20.8	0	0
2021-04-15 16:56:27:324	37.4	21	0	0
2021-04-15 16:56:28:339	37.4	21	0	0
2021-04-15 16:56:29:339	37.4	21	0	0
2021-04-15 16:56:30:356	37.4	21	0	0
2021-04-15 16:56:31:344	37.4	21.3	0	0
2021-04-15 16:56:32:359	37.4	21	0	0
2021-04-15 16:56:33:359	37.4	21	0	0
2021-04-15 16:56:34:375	37.7	21	0	0
2021-04-15 16:56:35:367	37.7	20.8	0	0
2021-04-15 16:56:36:374	37.7	20.8	0	0
2021-04-15 16:56:37:383	37.7	21	0	0
2021-04-15 16:56:38:390	37.7	21.3	0	0
2021-04-15 16:56:40:390	37.4	21.3	0	0
2021-04-15 16:56:41:399	37.4	21.3	0	0
2021-04-15 16:56:42:405	37.4	21.3	0	0
2021-04-15 16:56:43:413	37.4	21.3	0	0
2021-04-15 16:56:44:406	37.7	21.5	0	0
2021-04-15 16:56:45:413	37.7	21.3	0	0
2021-04-15 16:56:46:420	37.7	21	0	0
2021-04-15 16:56:47:428	37.9	21	0	0
2021-04-15 16:56:48:421	37.9	20.8	0	0
2021-04-15 16:56:49:426	37.9	20.8	0	0
2021-04-15 16:56:50:435	37.9	20.8	0	0
2021-04-15 16:56:51:434	37.9	20.8	0	0
2021-04-15 16:56:52:434	37.9	20.5	0	0
2021-04-15 16:56:53:434	37.9	20.5	0	0
2021-04-15 16:56:54:449	37.9	20.5	0	0
2021-04-15 16:56:55:449	37.9	20.5	0	0
2021-04-15 16:56:57:449	37.9	20.5	0	0
2021-04-15 16:56:58:464	37.9	20.5	0	0
2021-04-15 16:56:59:464	37.9	20.5	0	0
2021-04-15 16:57:00:479	37.9	20.5	0	0
2021-04-15 16:57:01:463	37.9	20.8	0	0
2021-04-15 16:57:02:480	37.9	20.8	0	0
2021-04-15 16:57:03:487	37.9	20.8	0	0
2021-04-15 16:57:04:497	37.9	21.1	0	0
2021-04-15 16:57:05:481	37.9	21.1	0	0
2021-04-15 16:57:06:496	37.9	21	0	0
2021-04-15 16:57:07:496	37.9	21.1	0	0
2021-04-15 16:57:08:496	37.7	21.1	0	0
2021-04-15 16:57:09:496	37.7	20.8	0	0
2021-04-15 16:57:10:511	37.7	20.8	0	0
2021-04-15 16:57:11:511	37.7	21.1	0	0
2021-04-15 16:57:12:526	37.7	20.8	0	0
2021-04-15 16:57:14:526	37.7	21.3	0	0
2021-04-15 16:57:15:526	37.7	21.3	0	0
2021-04-15 16:57:16:541	37.9	21.3	0	0
2021-04-15 16:57:17:541	37.9	21.3	0	0
2021-04-15 16:57:18:540	37.9	21.3	0	0
2021-04-15 16:57:19:540	37.9	21.3	0	0
2021-04-15 16:57:20:556	37.9	21.3	0	0
2021-04-15 16:57:21:556	37.9	21	0	0
2021-04-15 16:57:22:555	37.9	20.8	0	0
2021-04-15 16:57:23:555	37.9	20.8	0	0
2021-04-15 16:57:24:570	37.9	20.8	0	0
2021-04-15 16:57:25:570	37.9	20.8	0	0
2021-04-15 16:57:27:570	37.9	20.5	0	0
2021-04-15 16:57:28:585	37.9	20.6	0	0
2021-04-15 16:57:29:585	37.7	20.6	0	0
2021-04-15 16:57:30:600	37.7	20.6	0	0
2021-04-15 16:57:31:584	37.4	20.6	0	0
2021-04-15 16:57:32:600	37.4	20.6	0	0
2021-04-15 16:57:33:600	37.4	20.6	0	0
2021-04-15 16:57:34:615	37.4	20.6	0	0
2021-04-15 16:57:35:610	37.4	20.8	0	0
2021-04-15 16:57:36:618	37.4	20.8	0	0
2021-04-15 16:57:37:625	37.4	20.8	0	0
2021-04-15 16:57:38:633	37.4	20.8	0	0
2021-04-15 16:57:40:635	37.7	21.1	0	0
2021-04-15 16:57:41:642	37.7	21	0	0
2021-04-15 16:57:42:650	37.7	21.3	0	0
2021-04-15 16:57:43:657	37.7	21	0	0
2021-04-15 16:57:44:646	37.7	21.1	0	0
2021-04-15 16:57:45:656	37.9	21.3	0	0
2021-04-15 16:57:46:662	37.9	21.3	0	0
2021-04-15 16:57:47:673	37.9	21	0	0
2021-04-15 16:57:48:664	37.9	21.1	0	0
2021-04-15 16:57:49:765	37.9	21.1	0	0
2021-04-15 16:57:50:677	37.7	20.8	0	0
2021-04-15 16:57:51:677	37.7	20.8	0	0
2021-04-15 16:57:53:675	37.7	20.8	0	0
2021-04-15 16:57:54:690	37.7	20.8	0	0
2021-04-15 16:57:55:690	37.7	20.8	0	0
2021-04-15 16:57:56:705	37.7	20.8	0	0
2021-04-15 16:57:57:689	37.7	20.8	0	0
2021-04-15 16:57:58:705	37.9	20.8	0	0
2021-04-15 16:57:59:705	37.9	20.8	0	0
2021-04-15 16:58:00:720	37.7	20.8	0	0
2021-04-15 16:58:01:704	37.7	20.6	0	0
2021-04-15 16:58:02:720	37.7	20.6	0	0
2021-04-15 16:58:03:719	37.7	20.6	0	0
2021-04-15 16:58:04:735	37.7	20.6	0	0
2021-04-15 16:58:05:719	37.7	20.6	0	0
2021-04-15 16:58:06:734	37.7	20.8	0	0
2021-04-15 16:58:07:734	37.7	20.8	0	0
2021-04-15 16:58:08:749	37.9	20.8	0	0
2021-04-15 16:58:10:749	37.9	20.8	0	0
2021-04-15 16:58:11:749	37.7	20.8	0	0
2021-04-15 16:58:12:764	37.7	20.8	0	0
2021-04-15 16:58:13:764	37.7	20.8	0	0
2021-04-15 16:58:14:776	37.7	20.6	0	0
2021-04-15 16:58:15:770	37.7	20.8	0	0
2021-04-15 16:58:16:785	37.7	21.1	0	0
2021-04-15 16:58:17:785	37.7	21.3	0	0
2021-04-15 16:58:18:769	37.7	21.3	0	0
2021-04-15 16:58:19:785	37.9	21.6	0	0
2021-04-15 16:58:20:790	37.9	21.6	0	0
2021-04-15 16:58:21:806	37.9	21.8	0	0
2021-04-15 16:58:23:800	37.9	21.6	0	0
2021-04-15 16:58:24:799	37.9	21.3	0	0
2021-04-15 16:58:25:815	37.9	21	0	0
2021-04-15 16:58:26:830	37.9	21	0	0
2021-04-15 16:58:27:822	37.9	20.8	0	0
2021-04-15 16:58:28:818	37.9	21	0	0
2021-04-15 16:58:29:833	37.9	20.8	0	0
2021-04-15 16:58:30:833	37.9	20.8	0	0
2021-04-15 16:58:31:833	37.9	20.8	0	0
2021-04-15 16:58:32:833	38	20.8	0	0
2021-04-15 16:58:33:848	38	20.8	0	0
2021-04-15 16:58:34:848	38	20.8	0	0
2021-04-15 16:58:36:860	38	20.8	0	0
2021-04-15 16:58:37:868	38	20.8	0	0
2021-04-15 16:58:38:877	38	20.8	0	0
2021-04-15 16:58:39:884	38	20.8	0	0
2021-04-15 16:58:40:877	38	20.8	0	0
2021-04-15 16:58:41:883	38	20.8	0	0
2021-04-15 16:58:42:891	38	20.8	0	0
2021-04-15 16:58:43:900	38	20.5	0	0
2021-04-15 16:58:44:891	38	20.5	0	0
2021-04-15 16:58:45:899	38	20.5	0	0
2021-04-15 16:58:46:907	38	20.5	0	0
2021-04-15 16:58:47:919	37.7	20.6	0	0
2021-04-15 16:58:49:918	37.7	20.6	0	0
2021-04-15 16:58:50:911	37.4	20.6	0	0
2021-04-15 16:58:51:926	37.4	20.8	0	0
2021-04-15 16:58:52:926	37.4	21.1	0	0
2021-04-15 16:58:53:925	37.4	21.1	0	0
2021-04-15 16:58:54:925	37.5	21.1	0	0
2021-04-15 16:58:55:941	37.5	21.1	0	0
2021-04-15 16:58:56:947	37.5	21.3	0	0
2021-04-15 16:58:57:931	37.2	0.2	0	0
2021-04-15 16:58:58:944	37.5	21.3	0	0
2021-04-15 16:58:59:953	37.5	21	0	0
2021-04-15 16:59:00:963	37.5	20.8	0	0
2021-04-15 16:59:01:963	37.4	20.8	0	0
2021-04-15 16:59:02:963	37.4	21	0	0
2021-04-15 16:59:03:962	37.7	21.1	0	0
2021-04-15 16:59:04:978	37.7	20.8	0	0
2021-04-15 16:59:05:982	38	21.1	0	0
2021-04-15 16:59:06:977	38	21.1	0	0
2021-04-15 16:59:07:977	38	21.1	0	0
2021-04-15 16:59:08:992	38	21.1	0	0
2021-04-15 16:59:10:002	37.7	21.1	0	0
2021-04-15 16:59:11:002	37.7	20.8	0	0
2021-04-15 16:59:12:002	37.7	20.8	0	0
2021-04-15 16:59:13:002	37.7	20.8	0	0
2021-04-15 16:59:14:017	37.7	20.8	0	0
2021-04-15 16:59:15:017	37.7	20.8	0	0
2021-04-15 16:59:16:017	37.7	20.8	0	0
2021-04-15 16:59:17:016	37.4	20.8	0	0
2021-04-15 16:59:18:032	37.7	20.8	0	0
2021-04-15 16:59:19:031	37.4	20.8	0	0
2021-04-15 16:59:21:031	37.2	20.8	0	0
2021-04-15 16:59:22:050	37.2	20.5	0	0
2021-04-15 16:59:23:050	36.9	20.5	0	0
2021-04-15 16:59:24:065	36.9	20.5	0	0
2021-04-15 16:59:25:049	37.2	20.5	0	0
2021-04-15 16:59:26:065	37.2	20.5	0	0
2021-04-15 16:59:27:065	37.4	20.5	0	0
2021-04-15 16:59:28:078	37.4	20.5	0	0
2021-04-15 16:59:29:069	37.7	2	0	0
2021-04-15 16:59:30:069	37.7	20.5	0	0
2021-04-15 16:59:31:084	38	20.5	0	0
2021-04-15 16:59:32:084	38	20.5	0	0
2021-04-15 16:59:33:101	37.7	20.5	0	0
2021-04-15 16:59:34:095	37.7	20.5	0	0
2021-04-15 16:59:35:104	37.7	20.5	0	0
2021-04-15 16:59:36:110	37.7	20.5	0	0
2021-04-15 16:59:37:120	37.5	20.5	0	0
2021-04-15 16:59:38:112	37.5	20.5	0	0
2021-04-15 16:59:39:120	37.2	20.6	0	0
2021-04-15 16:59:40:127	36.9	20.5	0	0
2021-04-15 16:59:41:133	36.9	20.5	0	0
2021-04-15 16:59:42:126	36.9	20.5	0	0
2021-04-15 16:59:43:134	36.9	20.6	0	0
2021-04-15 16:59:44:140	36.9	20.6	0	0
2021-04-15 16:59:45:153	37.2	20.6	0	0
2021-04-15 16:59:46:158	37.2	20.6	0	0
2021-04-15 16:59:47:148	37.5	20.6	0	0
2021-04-15 16:59:48:156	37.7	20.6	0	0
2021-04-15 16:59:49:164	37.7	20.6	0	0
2021-04-15 16:59:50:173	37.7	20.6	0	0
2021-04-15 16:59:51:153	37.7	20.8	0	0
2021-04-15 16:59:52:168	37.7	20.8	0	0
2021-04-15 16:59:53:168	37.7	20.8	0	0
2021-04-15 16:59:54:185	37.4	20.8	0	0
2021-04-15 16:59:55:177	37.4	20.8	0	0
2021-04-15 16:59:56:183	37.4	20.8	0	0
2021-04-15 16:59:57:183	37.7	20.8	0	0
2021-04-15 16:59:58:198	37.7	20.8	0	0
2021-04-15 16:59:59:198	37.7	20.5	0	0
2021-04-15 17:00:00:198	37.5	20.5	0	0
2021-04-15 17:00:01:198	37.5	20.5	0	0
2021-04-15 17:00:02:213	37.7	20.5	0	0
2021-04-15 17:00:03:217	37.7	20.5	0	0
2021-04-15 17:00:04:209	37.7	20.5	0	0
2021-04-15 17:00:05:224	37.7	20.5	0	0
2021-04-15 17:00:06:224	37.7	20.5	0	0
2021-04-15 17:00:07:240	37.7	20.5	0	0
2021-04-15 17:00:08:224	38	20.5	0	0
2021-04-15 17:00:09:239	38	20.5	0	0
2021-04-15 17:00:10:239	38	20.8	0	0
2021-04-15 17:00:11:254	38	20.8	0	0
2021-04-15 17:00:13:254	38	20.8	0	0
2021-04-15 17:00:14:253	38	20.8	0	0
2021-04-15 17:00:15:269	37.7	20.8	0	0
2021-04-15 17:00:16:269	37.7	20.8	0	0
2021-04-15 17:00:17:269	37.7	21.1	0	0
2021-04-15 17:00:18:268	37.7	20.8	0	0
2021-04-15 17:00:19:284	37.7	21.1	0	0
2021-04-15 17:00:20:283	37.7	21.1	0	0
2021-04-15 17:00:21:283	37.7	21.1	0	0
2021-04-15 17:00:22:283	37.7	21.1	0	0
2021-04-15 17:00:23:298	38	21.3	0	0
2021-04-15 17:00:24:298	38	21.3	0	0
2021-04-15 17:00:26:298	38	21.3	0	0
2021-04-15 17:00:27:313	38	21.1	0	0
2021-04-15 17:00:28:313	38	21.1	0	0
2021-04-15 17:00:29:328	37.7	21	0	0
2021-04-15 17:00:30:312	37.7	21	0	0
2021-04-15 17:00:31:328	37.7	20.8	0	0
2021-04-15 17:00:32:328	37.5	20.8	0	0
2021-04-15 17:00:33:343	37.5	20.8	0	0
2021-04-15 17:00:34:327	37.2	20.6	0	0
2021-04-15 17:00:35:347	37.2	20.8	0	0
2021-04-15 17:00:36:355	37.2	20.8	0	0
2021-04-15 17:00:37:362	37.5	21.1	0	0
2021-04-15 17:00:38:354	37.5	21.1	0	0
2021-04-15 17:00:39:362	37.2	21.1	0	0
2021-04-15 17:00:40:370	37.5	21.1	0	0
2021-04-15 17:00:41:377	37.5	21.1	0	0
2021-04-15 17:00:43:376	37.7	20.8	0	0
2021-04-15 17:00:44:384	37.7	20.8	0	0
2021-04-15 17:00:45:393	37.7	20.6	0	0
2021-04-15 17:00:46:400	37.7	20.6	0	0
2021-04-15 17:00:47:391	38	20.6	0	0
2021-04-15 17:00:48:399	38	20.6	0	0
2021-04-15 17:00:49:406	38	20.6	0	0
2021-04-15 17:00:50:411	38	20.8	0	0
2021-04-15 17:00:51:395	38	20.8	0	0
2021-04-15 17:00:52:410	38	20.8	0	0
2021-04-15 17:00:53:410	38	20.8	0	0
2021-04-15 17:00:54:425	38	20.8	0	0
2021-04-15 17:00:56:425	38	21	0	0
2021-04-15 17:00:57:425	38	21	0	0
2021-04-15 17:00:58:440	37.7	20.8	0	0
2021-04-15 17:00:59:440	37.7	20.8	0	0
2021-04-15 17:01:00:440	37.4	20.8	0	0
2021-04-15 17:01:01:439	37.4	21.1	0	0
2021-04-15 17:01:02:455	37.4	21.1	0	0
2021-04-15 17:01:03:458	37.4	21.1	0	0
2021-04-15 17:01:04:456	37.4	21.1	0	0
2021-04-15 17:01:05:455	37.4	21.1	0	0
2021-04-15 17:01:06:464	37.7	21.1	0	0
2021-04-15 17:01:07:479	37.7	21.1	0	0
2021-04-15 17:01:09:479	38	20.8	0	0
2021-04-15 17:01:10:478	37.7	20.8	0	0
2021-04-15 17:01:11:494	37.7	20.6	0	0
2021-04-15 17:01:12:494	37.7	20.8	0	0
2021-04-15 17:01:13:493	37.5	20.8	0	0
2021-04-15 17:01:14:505	37.5	21.1	0	0
2021-04-15 17:01:15:513	37.5	21.1	0	0
2021-04-15 17:01:16:510	37.2	21.1	0	0
2021-04-15 17:01:17:509	37.2	21.1	0	0
2021-04-15 17:01:18:509	37.5	21.1	0	0
2021-04-15 17:01:19:524	37.4	21.1	0	0
2021-04-15 17:01:20:535	37.5	20.8	0	0
2021-04-15 17:01:21:520	37.7	20.8	0	0
2021-04-15 17:01:22:535	37.7	20.6	0	0
2021-04-15 17:01:23:535	37.7	20.6	0	0
2021-04-15 17:01:24:550	37.9	20.6	0	0
2021-04-15 17:01:25:550	37.9	20.5	0	0
2021-04-15 17:01:26:550	37.9	20.8	0	0
2021-04-15 17:01:27:549	37.9	20.8	0	0
2021-04-15 17:01:28:565	37.9	20.8	0	0
2021-04-15 17:01:29:565	37.9	20.8	0	0
2021-04-15 17:01:30:564	37.9	21	0	0
2021-04-15 17:01:31:564	38	21.1	0	0
2021-04-15 17:01:32:571	38	21.3	0	0
2021-04-15 17:01:33:587	38	21.3	0	0
2021-04-15 17:01:34:571	38	21.1	0	0
2021-04-15 17:01:35:588	38	21.1	0	0
2021-04-15 17:01:36:596	38	21.1	0	0
2021-04-15 17:01:37:606	38	21.1	0	0
2021-04-15 17:01:39:605	37.7	21.1	0	0
2021-04-15 17:01:40:611	37.7	20.8	0	0
2021-04-15 17:01:41:622	37.4	20.8	0	0
2021-04-15 17:01:42:628	37.4	20.8	0	0
2021-04-15 17:01:43:620	37.4	20.8	0	0
2021-04-15 17:01:44:631	37.4	20.8	0	0
2021-04-15 17:01:45:636	37.4	20.8	0	0
2021-04-15 17:01:46:642	37.7	21.1	0	0
2021-04-15 17:01:47:633	37.7	20.8	0	0
2021-04-15 17:01:48:642	37.7	20.8	0	0
2021-04-15 17:01:49:649	37.9	20.8	0	0
2021-04-15 17:01:50:656	37.9	20.8	0	0
2021-04-15 17:01:51:647	37.9	20.8	0	0
2021-04-15 17:01:52:647	37.9	20.8	0	0
2021-04-15 17:01:53:662	37.9	20.8	0	0
2021-04-15 17:01:54:662	37.9	20.5	0	0
2021-04-15 17:01:55:662	37.9	20.5	0	0
2021-04-15 17:01:56:662	37.9	20.6	0	0
2021-04-15 17:01:57:677	37.9	20.6	0	0
2021-04-15 17:01:58:677	37.7	20.6	0	0
2021-04-15 17:01:59:692	37.7	20.6	0	0
2021-04-15 17:02:00:685	37.4	20.6	0	0
2021-04-15 17:02:01:685	37.4	20.8	0	0
2021-04-15 17:02:02:701	37.4	20.8	0	0
2021-04-15 17:02:03:710	37.4	20.8	0	0
2021-04-15 17:02:04:698	37.4	20.8	0	0
2021-04-15 17:02:05:698	37.4	20.8	0	0
2021-04-15 17:02:06:711	37.4	20.8	0	0
2021-04-15 17:02:07:720	37.4	21.1	0	0
2021-04-15 17:02:08:717	37.4	21	0	0
2021-04-15 17:02:09:727	37.4	20.8	0	0
2021-04-15 17:02:10:727	37.4	21	0	0
2021-04-15 17:02:11:729	37.4	21	0	0
2021-04-15 17:02:12:729	37.2	21	0	0
2021-04-15 17:02:13:731	36.9	21	0	0
2021-04-15 17:02:14:746	37.2	21	0	0
2021-04-15 17:02:15:758	37.2	20.8	0	0
2021-04-15 17:02:17:749	37.4	20.8	0	0
2021-04-15 17:02:18:763	37.4	20.6	0	0
2021-04-15 17:02:19:763	37.4	20.6	0	0
2021-04-15 17:02:20:778	37.7	20.6	0	0
2021-04-15 17:02:21:762	37.9	20.6	0	0
2021-04-15 17:02:22:778	37.9	20.6	0	0
2021-04-15 17:02:23:778	37.9	20.6	0	0
2021-04-15 17:02:24:793	37.9	20.6	0	0
2021-04-15 17:02:25:777	37.9	20.6	0	0
2021-04-15 17:02:26:790	37.9	20.6	0	0
2021-04-15 17:02:27:795	37.9	20.6	0	0
2021-04-15 17:02:28:799	37.9	20.6	0	0
2021-04-15 17:02:29:799	37.7	20.6	0	0
2021-04-15 17:02:30:798	37.4	20.6	0	0
2021-04-15 17:02:31:805	37.4	20.6	0	0
2021-04-15 17:02:32:820	37.4	20.8	0	0
2021-04-15 17:02:34:819	37.4	21.1	0	0
2021-04-15 17:02:35:831	37.4	21.1	0	0
2021-04-15 17:02:36:841	37.4	21.3	0	0
2021-04-15 17:02:37:849	37.4	21.3	0	0
2021-04-15 17:02:38:839	37.7	21.3	0	0
2021-04-15 17:02:39:848	37.7	21.6	0	0
2021-04-15 17:02:40:854	37.7	21.3	0	0
2021-04-15 17:02:41:866	37.4	21.3	0	0
2021-04-15 17:02:42:855	37.2	21.1	0	0
2021-04-15 17:02:43:865	37.2	21.1	0	0
2021-04-15 17:02:44:871	37.2	20.8	0	0
2021-04-15 17:02:45:878	37.4	21.1	0	0
2021-04-15 17:02:46:871	37.4	21.3	0	0
2021-04-15 17:02:47:878	37.4	21.1	0	0
2021-04-15 17:02:48:886	37.4	21.1	0	0
2021-04-15 17:02:49:895	37.7	21.1	0	0
2021-04-15 17:02:51:889	37.7	21.1	0	0
2021-04-15 17:02:52:889	37.7	21.1	0	0
2021-04-15 17:02:53:906	37.7	20.8	0	0
2021-04-15 17:02:54:917	37.7	20.6	0	0
2021-04-15 17:02:55:894	37.7	20.5	0	0
2021-04-15 17:02:56:910	37.7	20.5	0	0
2021-04-15 17:02:57:910	37.7	20.6	0	0
2021-04-15 17:02:58:925	37.7	20.6	0	0
2021-04-15 17:02:59:909	37.9	20.6	0	0
2021-04-15 17:03:00:924	37.9	20.6	0	0
2021-04-15 17:03:01:924	37.9	20.8	0	0
2021-04-15 17:03:02:940	37.9	20.8	0	0
2021-04-15 17:03:03:924	37.9	20.8	0	0
2021-04-15 17:03:04:939	37.9	20.8	0	0
2021-04-15 17:03:05:954	37.9	20.8	0	0
2021-04-15 17:03:06:949	37.9	20.8	0	0
2021-04-15 17:03:07:949	37.9	20.8	0	0
2021-04-15 17:03:08:948	37.9	21.1	0	0
2021-04-15 17:03:09:964	37.7	20.8	0	0
2021-04-15 17:03:10:963	37.7	20.8	0	0
2021-04-15 17:03:12:963	37.4	21.1	0	0
2021-04-15 17:03:13:978	37.4	21.1	0	0
2021-04-15 17:03:14:978	37.4	21.1	0	0
2021-04-15 17:03:15:994	37.4	21.1	0	0
2021-04-15 17:03:16:978	37.4	21.1	0	0
2021-04-15 17:03:17:993	37.4	21.1	0	0
2021-04-15 17:03:18:993	37.4	21.1	0	0
2021-04-15 17:03:20:008	37.4	21.1	0	0
2021-04-15 17:03:20:992	37.4	21.1	0	0
2021-04-15 17:03:22:008	37.4	21.3	0	0
2021-04-15 17:03:23:023	37.4	21.3	0	0
2021-04-15 17:03:24:023	37.4	21.6	0	0
2021-04-15 17:03:25:023	37.4	21.3	0	0
2021-04-15 17:03:26:023	37.7	21.3	0	0
2021-04-15 17:03:27:038	37.4	21.3	0	0
2021-04-15 17:03:28:038	37.7	21.3	0	0
2021-04-15 17:03:29:037	37.7	21	0	0
2021-04-15 17:03:30:037	37.7	20.8	0	0
2021-04-15 17:03:31:053	37.7	20.8	0	0
2021-04-15 17:03:32:052	37.7	20.5	0	0
2021-04-15 17:03:34:052	37.7	20.5	0	0
2021-04-15 17:03:35:068	37.9	20.5	0	0
2021-04-15 17:03:36:074	37.9	20.5	0	0
2021-04-15 17:03:38:075	37.9	20.5	0	0
2021-04-15 17:03:39:083	37.9	20.5	0	0
2021-04-15 17:03:40:090	37.9	20.5	0	0
2021-04-15 17:03:41:097	37.9	20.5	0	0
2021-04-15 17:03:42:091	37.9	20.6	0	0
2021-04-15 17:03:43:099	37.7	20.6	0	0
2021-04-15 17:03:44:106	37.4	20.6	0	0
2021-04-15 17:03:45:114	37.4	20.6	0	0
2021-04-15 17:03:46:103	37.4	20.6	0	0
2021-04-15 17:03:47:114	37.4	20.8	0	0
2021-04-15 17:03:48:123	37.4	21.1	0	0
2021-04-15 17:03:49:130	37.4	21.1	0	0
2021-04-15 17:03:51:123	37.4	21.3	0	0
2021-04-15 17:03:52:123	37.7	21.3	0	0
2021-04-15 17:03:53:138	37.7	21.3	0	0
2021-04-15 17:03:54:138	37.7	21.3	0	0
2021-04-15 17:03:55:138	37.7	21	0	0
2021-04-15 17:03:56:137	37.4	20.8	0	0
2021-04-15 17:03:57:153	37.4	20.8	0	0
2021-04-15 17:03:58:153	37.2	20.5	0	0
2021-04-15 17:03:59:152	37.4	20.5	0	0
2021-04-15 17:04:00:152	37.4	20.5	0	0
2021-04-15 17:04:01:168	37.2	20.5	0	0
2021-04-15 17:04:02:167	36.9	20.5	0	0
2021-04-15 17:04:03:167	36.9	20.5	0	0
2021-04-15 17:04:04:167	37.1	20.5	0	0
2021-04-15 17:04:05:182	37.2	20.5	0	0
2021-04-15 17:04:06:182	37.4	20.5	0	0
2021-04-15 17:04:08:182	37.4	20.5	0	0
2021-04-15 17:04:09:197	37.7	20.5	0	0
2021-04-15 17:04:10:197	37.9	20.5	0	0
2021-04-15 17:04:11:212	37.9	20.5	0	0
2021-04-15 17:04:12:212	37.9	20.5	0	0
2021-04-15 17:04:13:212	37.9	20.8	0	0
2021-04-15 17:04:14:211	37.9	20.8	0	0
2021-04-15 17:04:15:227	37.9	21	0	0
2021-04-15 17:04:16:226	37.9	21	0	0
2021-04-15 17:04:17:226	37.9	21	0	0
2021-04-15 17:04:18:242	37.9	21	0	0
2021-04-15 17:04:19:241	37.9	21	0	0
2021-04-15 17:04:20:241	37.7	21	0	0
2021-04-15 17:04:21:241	37.7	21	0	0
2021-04-15 17:04:22:256	37.4	21	0	0
2021-04-15 17:04:23:256	37.4	20.8	0	0
2021-04-15 17:04:24:271	37.4	20.8	0	0
2021-04-15 17:04:25:256	37.4	20.8	0	0
2021-04-15 17:04:26:271	37.2	20.8	0	0
2021-04-15 17:04:27:271	37.2	21.1	0	0
2021-04-15 17:04:28:286	37.2	21.1	0	0
2021-04-15 17:04:29:271	37.2	20.8	0	0
2021-04-15 17:04:30:286	37.4	20.8	0	0
2021-04-15 17:04:31:286	37.4	20.8	0	0
2021-04-15 17:04:32:301	37.4	20.8	0	0
2021-04-15 17:04:33:285	37.2	20.8	0	0
2021-04-15 17:04:34:301	37.2	20.8	0	0
2021-04-15 17:04:35:311	36.9	20.5	0	0
2021-04-15 17:04:36:319	37.1	20.8	0	0
2021-04-15 17:04:37:311	36.9	20.8	0	0
2021-04-15 17:04:38:318	36.9	20.8	0	0
2021-04-15 17:04:39:325	36.9	21	0	0
2021-04-15 17:04:40:334	36.9	21	0	0
2021-04-15 17:04:42:335	37.4	21.1	0	0
2021-04-15 17:04:43:341	37.4	21.1	0	0
2021-04-15 17:04:44:350	37.4	20.8	0	0
2021-04-15 17:04:45:356	37.7	20.8	0	0
2021-04-15 17:04:46:348	37.7	20.8	0	0
2021-04-15 17:04:47:357	37.7	20.5	0	0
2021-04-15 17:04:48:363	37.7	20.5	0	0
2021-04-15 17:04:49:370	37.4	20.5	0	0
2021-04-15 17:04:50:363	37.4	20.5	0	0
2021-04-15 17:04:51:360	37.7	20.5	0	0
2021-04-15 17:04:52:375	37.7	20.5	0	0
2021-04-15 17:04:53:375	37.7	20.5	0	0
2021-04-15 17:04:54:374	37.7	20.5	0	0
2021-04-15 17:04:55:374	37.7	20.8	0	0
2021-04-15 17:04:56:390	37.7	20.8	0	0
2021-04-15 17:04:57:389	37.9	20.8	0	0
2021-04-15 17:04:58:389	37.9	0.2	0	0
2021-04-15 17:04:59:389	37.9	20.8	0	0
2021-04-15 17:05:00:404	37.9	20.8	0	0
2021-04-15 17:05:01:404	37.9	20.8	0	0
2021-04-15 17:05:02:419	37.9	20.8	0	0
2021-04-15 17:05:03:416	37.7	20.5	0	0
2021-04-15 17:05:04:416	37.7	20.5	0	0
2021-04-15 17:05:05:426	37.7	20.5	0	0
2021-04-15 17:05:06:432	37.4	20.5	0	0
2021-04-15 17:05:07:416	37.4	20.5	0	0
2021-04-15 17:05:08:431	37.4	20.5	0	0
2021-04-15 17:05:09:446	37.4	20.5	0	0
2021-04-15 17:05:10:446	37.4	20.5	0	0
2021-04-15 17:05:11:446	37.7	20.8	0	0
2021-04-15 17:05:12:446	37.7	20.8	0	0
2021-04-15 17:05:13:461	37.7	20.8	0	0
2021-04-15 17:05:14:461	37.9	20.8	0	0
2021-04-15 17:05:15:461	37.9	20.8	0	0
2021-04-15 17:05:16:461	37.7	20.8	0	0
2021-04-15 17:05:17:476	37.7	20.8	0	0
2021-04-15 17:05:18:476	37.7	20.7	0	0
2021-04-15 17:05:19:476	37.7	20.5	0	0
2021-04-15 17:05:20:475	37.7	20.5	0	0
2021-04-15 17:05:21:491	37.7	20.5	0	0
2021-04-15 17:05:22:491	37.7	20.5	0	0
2021-04-15 17:05:24:490	37.9	20.5	0	0
2021-04-15 17:05:25:506	37.9	20.5	0	0
2021-04-15 17:05:26:505	37.7	20.5	0	0
2021-04-15 17:05:27:521	37.7	20.8	0	0
2021-04-15 17:05:28:505	37.7	20.8	0	0
2021-04-15 17:05:29:520	37.4	20.8	0	0
2021-04-15 17:05:30:520	37.4	20.8	0	0
2021-04-15 17:05:31:535	37.4	20.8	0	0
2021-04-15 17:05:32:520	37.4	20.8	0	0
2021-04-15 17:05:33:535	37.4	20.8	0	0
2021-04-15 17:05:34:535	37.7	20.8	0	0
2021-04-15 17:05:35:550	37.7	20.5	0	0
2021-04-15 17:05:36:534	37.7	20.5	0	0
2021-04-15 17:05:37:547	37.9	20.5	0	0
2021-04-15 17:05:38:551	37.9	20.5	0	0
2021-04-15 17:05:39:557	37.9	20.8	0	0
2021-04-15 17:05:41:556	37.9	21	0	0
2021-04-15 17:05:42:572	37.9	21	0	0
2021-04-15 17:05:43:572	37.9	21.3	0	0
2021-04-15 17:05:44:587	37.7	21.3	0	0
2021-04-15 17:05:45:571	37.7	21.3	0	0
2021-04-15 17:05:46:587	37.7	21.3	0	0
2021-04-15 17:05:47:586	37.7	21.3	0	0
2021-04-15 17:05:48:602	37.7	21.3	0	0
2021-04-15 17:05:49:586	37.4	21.1	0	0
2021-04-15 17:05:50:601	37.4	21.1	0	0
2021-04-15 17:05:51:608	37.4	20.8	0	0
2021-04-15 17:05:52:619	37.7	20.8	0	0
2021-04-15 17:05:53:614	37.7	20.8	0	0
2021-04-15 17:05:54:614	37.7	20.8	0	0
2021-04-15 17:05:55:623	37.7	20.5	0	0
2021-04-15 17:05:56:623	37.7	20.5	0	0
2021-04-15 17:05:57:623	37.9	20.5	0	0
2021-04-15 17:05:58:623	37.9	20.5	0	0
2021-04-15 17:05:59:638	37.9	20.8	0	0
2021-04-15 17:06:00:638	37.9	20.8	0	0
2021-04-15 17:06:02:638	37.7	20.8	0	0
2021-04-15 17:06:03:653	37.7	20.8	0	0
2021-04-15 17:06:04:653	37.7	20.8	0	0
2021-04-15 17:06:05:668	37.7	20.8	0	0
2021-04-15 17:06:06:652	37.7	20.8	0	0
2021-04-15 17:06:07:668	37.7	20.8	0	0
2021-04-15 17:06:08:683	37.7	21	0	0
2021-04-15 17:06:09:683	37.7	21	0	0
2021-04-15 17:06:10:682	37.4	21	0	0
2021-04-15 17:06:11:682	37.4	21	0	0
2021-04-15 17:06:12:698	37.4	21.3	0	0
2021-04-15 17:06:13:697	37.4	21.5	0	0
2021-04-15 17:06:14:697	37.4	21.5	0	0
2021-04-15 17:06:15:697	37.4	21.3	0	0
2021-04-15 17:06:16:712	37.4	21.1	0	0
2021-04-15 17:06:17:712	37.7	21.1	0	0
2021-04-15 17:06:18:712	37.9	21.1	0	0
2021-04-15 17:06:19:712	37.9	21.1	0	0
2021-04-15 17:06:20:727	37.9	20.8	0	0
2021-04-15 17:06:21:727	37.9	20.8	0	0
2021-04-15 17:06:23:726	37.9	20.8	0	0
2021-04-15 17:06:24:742	37.9	20.8	0	0
2021-04-15 17:06:25:742	37.9	20.8	0	0
2021-04-15 17:06:26:757	37.9	20.8	0	0
2021-04-15 17:06:27:750	37.9	20.8	0	0
2021-04-15 17:06:28:748	37.9	20.8	0	0
2021-04-15 17:06:29:763	37.9	20.5	0	0
2021-04-15 17:06:30:763	37.9	20.5	0	0
2021-04-15 17:06:31:763	37.9	20.5	0	0
2021-04-15 17:06:32:763	38	20.5	0	0
2021-04-15 17:06:33:778	38	20.5	0	0
2021-04-15 17:06:34:778	37.9	20.5	0	0
2021-04-15 17:06:35:781	37.9	20.8	0	0
2021-04-15 17:06:36:787	37.9	20.8	0	0
2021-04-15 17:06:37:794	37.9	20.8	0	0
2021-04-15 17:06:38:805	37.9	20.8	0	0
2021-04-15 17:06:40:802	37.9	20.8	0	0
2021-04-15 17:06:41:812	37.7	20.8	0	0
2021-04-15 17:06:42:819	37.7	20.8	0	0
2021-04-15 17:06:43:830	37.7	20.5	0	0
2021-04-15 17:06:44:820	37.7	20.5	0	0
2021-04-15 17:06:45:826	37.7	20.5	0	0
2021-04-15 17:06:46:835	37.4	20.5	0	0
2021-04-15 17:06:47:842	37.4	20.6	0	0
2021-04-15 17:06:48:835	37.4	20.6	0	0
2021-04-15 17:06:49:841	37.7	20.5	0	0
2021-04-15 17:06:50:842	37.7	20.5	0	0
2021-04-15 17:06:51:842	37.7	20.5	0	0
2021-04-15 17:06:53:857	37.4	20.8	0	0
2021-04-15 17:06:54:864	37.7	20.8	0	0
2021-04-15 17:06:55:864	37.7	20.8	0	0
2021-04-15 17:06:56:879	37.7	20.8	0	0
2021-04-15 17:06:57:864	37.7	20.8	0	0
2021-04-15 17:06:58:879	37.7	20.8	0	0
2021-04-15 17:06:59:879	37.4	20.8	0	0
2021-04-15 17:07:00:894	37.7	20.8	0	0
2021-04-15 17:07:01:878	37.7	20.6	0	0
2021-04-15 17:07:02:894	37.7	20.6	0	0
2021-04-15 17:07:03:895	37.7	20.6	0	0
2021-04-15 17:07:04:910	37.7	20.6	0	0
2021-04-15 17:07:05:890	37.7	20.6	0	0
2021-04-15 17:07:06:906	37.7	20.6	0	0
2021-04-15 17:07:07:905	37.7	20.6	0	0
2021-04-15 17:07:08:921	37.7	20.8	0	0
2021-04-15 17:07:10:924	37.4	20.8	0	0
2021-04-15 17:07:11:924	37.4	20.8	0	0
2021-04-15 17:07:12:939	37.2	20.8	0	0
2021-04-15 17:07:13:939	37.2	20.8	0	0
2021-04-15 17:07:14:940	36.9	20.8	0	0
2021-04-15 17:07:15:944	37.2	20.8	0	0
2021-04-15 17:07:16:944	37.2	20.5	0	0
2021-04-15 17:07:17:964	37.4	20.5	0	0
2021-04-15 17:07:18:943	37.2	20.5	0	0
2021-04-15 17:07:19:959	37.2	20.8	0	0
2021-04-15 17:07:20:959	37.4	20.8	0	0
2021-04-15 17:07:21:974	37.4	20.8	0	0
2021-04-15 17:07:22:958	37.7	21	0	0
2021-04-15 17:07:23:974	37.7	21.1	0	0
2021-04-15 17:07:24:974	37.7	21.1	0	0
2021-04-15 17:07:25:989	37.7	21.1	0	0
2021-04-15 17:07:27:988	37.9	20.8	0	0
2021-04-15 17:07:28:988	37.9	20.8	0	0
2021-04-15 17:07:30:003	37.9	20.8	0	0
2021-04-15 17:07:31:003	37.9	20.8	0	0
2021-04-15 17:07:32:003	37.9	20.8	0	0
2021-04-15 17:07:33:003	37.9	20.8	0	0
2021-04-15 17:07:34:018	37.9	20.8	0	0
2021-04-15 17:07:35:031	37.9	20.8	0	0
2021-04-15 17:07:36:023	37.9	20.8	0	0
2021-04-15 17:07:37:031	37.9	20.8	0	0
2021-04-15 17:07:38:039	37.9	20.8	0	0
2021-04-15 17:07:39:048	37.7	20.6	0	0
2021-04-15 17:07:40:038	37.7	20.6	0	0
2021-04-15 17:07:41:045	37.7	20.8	0	0
2021-04-15 17:07:42:053	37.4	20.8	0	0
2021-04-15 17:07:43:062	37.4	20.8	0	0
2021-04-15 17:07:45:062	37.4	21.1	0	0
2021-04-15 17:07:46:069	37.4	21.1	0	0
2021-04-15 17:07:47:078	37.7	21.1	0	0
2021-04-15 17:07:48:085	37.7	21.1	0	0
2021-04-15 17:07:49:077	37.7	20.8	0	0
2021-04-15 17:07:50:085	37.9	20.8	0	0
2021-04-15 17:07:51:087	37.7	20.8	0	0
2021-04-15 17:07:52:086	37.7	20.5	0	0
2021-04-15 17:07:53:086	37.7	20.5	0	0
2021-04-15 17:07:54:086	37.7	20.5	0	0
2021-04-15 17:07:55:101	37.4	20.6	0	0
2021-04-15 17:07:56:101	37.4	20.6	0	0
2021-04-15 17:07:57:101	37.4	20.5	0	0
2021-04-15 17:07:58:101	37.4	20.5	0	0
2021-04-15 17:07:59:116	37.4	20.5	0	0
2021-04-15 17:08:00:116	37.4	20.5	0	0
2021-04-15 17:08:02:115	37.4	20.5	0	0
2021-04-15 17:08:03:131	37.7	20.5	0	0
2021-04-15 17:08:04:131	37.7	20.8	0	0
2021-04-15 17:08:05:146	37.7	20.8	0	0
2021-04-15 17:08:06:146	37.7	21	0	0
2021-04-15 17:08:07:145	37.9	21	0	0
2021-04-15 17:08:08:161	37.7	21	0	0
2021-04-15 17:08:09:161	37.7	21	0	0
2021-04-15 17:08:10:145	37.7	21	0	0
2021-04-15 17:08:11:160	37.7	21	0	0
2021-04-15 17:08:12:175	37.7	20.8	0	0
2021-04-15 17:08:13:175	37.7	20.8	0	0
2021-04-15 17:08:14:169	37.7	20.5	0	0
2021-04-15 17:08:15:169	37.7	20.5	0	0
2021-04-15 17:08:16:185	37.9	20.5	0	0
2021-04-15 17:08:17:184	37.9	20.8	0	0
2021-04-15 17:08:19:184	37.9	21	0	0
2021-04-15 17:08:20:199	37.7	21	0	0
2021-04-15 17:08:21:198	37.4	21	0	0
2021-04-15 17:08:22:214	37.4	21	0	0
2021-04-15 17:08:23:213	37.2	21	0	0
2021-04-15 17:08:24:213	37.2	21	0	0
2021-04-15 17:08:25:213	36.9	20.8	0	0
2021-04-15 17:08:26:228	36.7	20.5	0	0
2021-04-15 17:08:27:212	36.7	20.6	0	0
2021-04-15 17:08:28:228	36.9	20.8	0	0
2021-04-15 17:08:29:243	37.2	20.8	0	0
2021-04-15 17:08:30:243	37.2	20.8	0	0
2021-04-15 17:08:31:243	37.4	20.8	0	0
2021-04-15 17:08:32:243	37.4	21.1	0	0
2021-04-15 17:08:33:258	37.7	21.3	0	0
2021-04-15 17:08:34:258	37.9	21.3	0	0
2021-04-15 17:08:35:258	37.9	21.3	0	0
2021-04-15 17:08:36:267	37.9	21.1	0	0
2021-04-15 17:08:37:276	37.9	21.1	0	0
2021-04-15 17:08:38:282	37.9	21.1	0	0
2021-04-15 17:08:39:272	37.9	21.1	0	0
2021-04-15 17:08:40:282	37.9	20.8	0	0
2021-04-15 17:08:41:290	37.9	20.6	0	0
2021-04-15 17:08:42:297	37.9	20.6	0	0
2021-04-15 17:08:43:305	37.9	20.6	0	0
2021-04-15 17:08:44:297	37.9	20.6	0	0
2021-04-15 17:08:45:304	37.9	20.6	0	0
2021-04-15 17:08:46:312	37.9	20.8	0	0
2021-04-15 17:08:47:319	37.9	20.8	0	0
2021-04-15 17:08:48:310	37.9	20.8	0	0
2021-04-15 17:08:49:318	37.9	20.9	0	0
2021-04-15 17:08:50:326	37.9	20.9	0	0
2021-04-15 17:08:51:324	37.9	20.9	0	0
2021-04-15 17:08:52:323	37.9	20.8	0	0
2021-04-15 17:08:53:323	37.7	20.8	0	0
2021-04-15 17:08:54:339	37.7	20.6	0	0
2021-04-15 17:08:55:338	37.7	20.6	0	0
2021-04-15 17:08:56:338	37.7	20.8	0	0
2021-04-15 17:08:57:341	37.7	20.8	0	0
2021-04-15 17:08:58:357	37.7	20.8	0	0
2021-04-15 17:08:59:351	37.7	21.1	0	0
2021-04-15 17:09:00:351	37.7	21.1	0	0
2021-04-15 17:09:01:358	37.7	21.1	0	0
2021-04-15 17:09:02:358	37.7	21.1	0	0
2021-04-15 17:09:03:374	37.7	21.1	0	0
2021-04-15 17:09:04:358	37.7	0.2	0	0
2021-04-15 17:09:05:373	37.7	21.1	0	0
2021-04-15 17:09:06:373	37.7	21.1	0	0
2021-04-15 17:09:07:388	37.7	20.8	0	0
2021-04-15 17:09:08:388	37.4	20.8	0	0
2021-04-15 17:09:09:388	37.7	20.8	0	0
2021-04-15 17:09:10:403	37.7	21	0	0
2021-04-15 17:09:11:398	37.7	21	0	0
2021-04-15 17:09:12:413	37.7	21	0	0
2021-04-15 17:09:13:397	37.7	21	0	0
2021-04-15 17:09:14:413	37.6	21	0	0
2021-04-15 17:09:15:413	37.6	21	0	0
2021-04-15 17:09:16:428	37.9	21	0	0
2021-04-15 17:09:17:412	37.9	21	0	0
2021-04-15 17:09:18:427	37.9	20.8	0	0
2021-04-15 17:09:19:427	37.9	20.8	0	0
2021-04-15 17:09:20:442	37.7	20.5	0	0
2021-04-15 17:09:21:427	37.7	20.6	0	0
2021-04-15 17:09:22:442	37.7	20.6	0	0
2021-04-15 17:09:23:442	37.7	20.8	0	0
2021-04-15 17:09:24:457	37.4	20.8	0	0
2021-04-15 17:09:26:457	37.4	20.8	0	0
2021-04-15 17:09:27:456	37.2	20.8	0	0
2021-04-15 17:09:28:472	37.4	20.8	0	0
2021-04-15 17:09:29:472	37.4	20.8	0	0
2021-04-15 17:09:30:472	37.4	20.8	0	0
2021-04-15 17:09:31:487	37.2	20.6	0	0
2021-04-15 17:09:32:487	37.2	20.6	0	0
2021-04-15 17:09:33:502	36.9	20.6	0	0
2021-04-15 17:09:34:486	36.9	20.8	0	0
2021-04-15 17:09:35:502	37.2	20.8	0	0
2021-04-15 17:09:36:510	37.2	20.9	0	0
2021-04-15 17:09:37:516	37.2	20.8	0	0
2021-04-15 17:09:38:508	37.2	20.8	0	0
2021-04-15 17:09:39:518	37.4	20.8	0	0
2021-04-15 17:09:40:525	37.6	20.9	0	0
2021-04-15 17:09:41:533	37.9	20.8	0	0
2021-04-15 17:09:43:532	37.7	20.8	0	0
2021-04-15 17:09:44:538	37.7	20.8	0	0
2021-04-15 17:09:45:547	37.7	20.8	0	0
2021-04-15 17:09:46:555	37.7	20.8	0	0
2021-04-15 17:09:47:546	37.7	20.8	0	0
2021-04-15 17:09:48:555	37.7	20.8	0	0
2021-04-15 17:09:49:561	37.7	20.8	0	0
2021-04-15 17:09:50:569	37.9	20.8	0	0
2021-04-15 17:09:51:550	37.9	20.5	0	0
2021-04-15 17:09:52:561	37.9	20.5	0	0
2021-04-15 17:09:53:569	37.9	20.5	0	0
2021-04-15 17:09:54:582	37.6	20.5	0	0
2021-04-15 17:09:55:576	37.6	20.5	0	0
2021-04-15 17:09:56:572	37.4	20.5	0	0
2021-04-15 17:09:57:587	37.1	20.6	0	0
2021-04-15 17:09:58:600	37.1	20.6	0	0
2021-04-15 17:10:00:598	36.9	20.6	0	0
2021-04-15 17:10:01:605	36.9	20.6	0	0
2021-04-15 17:10:02:604	36.9	20.6	0	0
2021-04-15 17:10:03:619	36.9	20.8	0	0
2021-04-15 17:10:04:603	37.2	21.1	0	0
2021-04-15 17:10:05:619	37.4	21.1	0	0
2021-04-15 17:10:06:618	37.4	21.1	0	0
2021-04-15 17:10:07:634	37.6	21.1	0	0
2021-04-15 17:10:08:618	37.6	21.1	0	0
2021-04-15 17:10:09:633	37.6	21.1	0	0
2021-04-15 17:10:10:633	37.9	21	0	0
2021-04-15 17:10:11:648	37.9	20.8	0	0
2021-04-15 17:10:12:633	37.9	20.6	0	0
2021-04-15 17:10:13:648	37.9	20.6	0	0
2021-04-15 17:10:14:646	37.9	20.6	0	0
2021-04-15 17:10:15:662	37.9	20.8	0	0
2021-04-15 17:10:16:647	37.9	21.1	0	0
2021-04-15 17:10:17:667	37.6	21	0	0
2021-04-15 17:10:18:667	37.6	21	0	0
2021-04-15 17:10:19:680	37.6	21	0	0
2021-04-15 17:10:21:679	37.6	21	0	0
2021-04-15 17:10:22:679	37.6	21	0	0
2021-04-15 17:10:23:694	37.6	20.8	0	0
2021-04-15 17:10:24:706	37.6	20.6	0	0
2021-04-15 17:10:25:692	37.9	20.6	0	0
2021-04-15 17:10:26:692	37.9	20.6	0	0
2021-04-15 17:10:27:708	37.9	20.6	0	0
2021-04-15 17:10:28:707	37.9	20.6	0	0
2021-04-15 17:10:29:707	37.9	20.6	0	0
2021-04-15 17:10:30:707	37.9	20.6	0	0
2021-04-15 17:10:31:722	37.9	20.9	0	0
2021-04-15 17:10:32:722	37.9	20.9	0	0
2021-04-15 17:10:33:722	37.9	20.9	0	0
2021-04-15 17:10:34:722	37.9	21.1	0	0
2021-04-15 17:10:35:744	37.9	21.1	0	0
2021-04-15 17:10:36:752	37.9	21.1	0	0
2021-04-15 17:10:37:743	37.9	21.1	0	0
2021-04-15 17:10:38:751	37.9	21.1	0	0
2021-04-15 17:10:39:759	37.9	20.8	0	0
2021-04-15 17:10:40:767	37.9	20.8	0	0
2021-04-15 17:10:41:758	37.9	20.8	0	0
2021-04-15 17:10:42:766	37.9	20.8	0	0
2021-04-15 17:10:43:774	37.9	20.8	0	0
2021-04-15 17:10:44:781	37.9	21.1	0	0
2021-04-15 17:10:46:781	37.9	21.1	0	0
2021-04-15 17:10:47:789	37.9	21.1	0	0
2021-04-15 17:10:48:797	37.9	21.1	0	0
2021-04-15 17:10:49:805	37.9	21.1	0	0
2021-04-15 17:10:50:796	37.9	20.8	0	0
2021-04-15 17:10:51:798	37.9	20.8	0	0
2021-04-15 17:10:52:798	37.9	20.6	0	0
2021-04-15 17:10:53:813	37.9	20.6	0	0
2021-04-15 17:10:54:813	37.9	20.8	0	0
2021-04-15 17:10:55:819	37.9	20.8	0	0
2021-04-15 17:10:56:826	37.9	20.8	0	0
2021-04-15 17:10:57:826	37.9	20.8	0	0
2021-04-15 17:10:58:826	37.9	21.1	0	0
2021-04-15 17:10:59:826	37.9	21.1	0	0
2021-04-15 17:11:00:841	37.9	21.1	0	0
2021-04-15 17:11:01:841	37.9	21.1	0	0
2021-04-15 17:11:02:840	37.9	20.8	0	0
2021-04-15 17:11:03:840	37.9	20.8	0	0
2021-04-15 17:11:04:856	37.9	20.8	0	0
2021-04-15 17:11:05:855	37.9	20.8	0	0
2021-04-15 17:11:07:855	37.9	20.6	0	0
2021-04-15 17:11:08:870	37.9	20.6	0	0
2021-04-15 17:11:09:870	37.9	20.6	0	0
2021-04-15 17:11:10:885	37.9	20.8	0	0
2021-04-15 17:11:11:870	37.9	20.8	0	0
2021-04-15 17:11:12:885	37.9	20.8	0	0
2021-04-15 17:11:13:885	37.9	20.8	0	0
2021-04-15 17:11:14:900	37.9	21.1	0	0
2021-04-15 17:11:15:884	37.9	21.1	0	0
2021-04-15 17:11:16:900	37.9	21.1	0	0
2021-04-15 17:11:17:900	37.9	21	0	0
2021-04-15 17:11:18:915	37.9	20.8	0	0
2021-04-15 17:11:19:899	37.7	20.8	0	0
2021-04-15 17:11:20:913	37.7	21.1	0	0
2021-04-15 17:11:21:923	37.7	21.1	0	0
2021-04-15 17:11:22:923	37.7	20.8	0	0
2021-04-15 17:11:23:922	37.7	20.8	0	0
2021-04-15 17:11:24:922	37.7	20.8	0	0
2021-04-15 17:11:25:937	37.7	21.1	0	0
2021-04-15 17:11:26:937	37.7	21.3	0	0
2021-04-15 17:11:28:937	37.6	21.1	0	0
2021-04-15 17:11:29:952	37.7	21.1	0	0
2021-04-15 17:11:30:952	37.7	21.1	0	0
2021-04-15 17:11:31:967	37.7	21.1	0	0
2021-04-15 17:11:32:951	37.4	21.1	0	0
2021-04-15 17:11:33:967	37.4	20.8	0	0
2021-04-15 17:11:34:977	37.4	20.6	0	0
2021-04-15 17:11:35:988	37.7	20.6	0	0
2021-04-15 17:11:36:979	37.7	20.6	0	0
2021-04-15 17:11:37:986	37.7	20.6	0	0
2021-04-15 17:11:38:993	37.7	20.6	0	0
2021-04-15 17:11:40:002	37.7	20.6	0	0
2021-04-15 17:11:40:995	37.9	20.8	0	0
2021-04-15 17:11:42:003	37.9	20.8	0	0
2021-04-15 17:11:43:008	37.7	20.8	0	0
2021-04-15 17:11:44:019	37.4	20.8	0	0
2021-04-15 17:11:45:008	37.4	20.8	0	0
2021-04-15 17:11:46:017	37.4	20.8	0	0
2021-04-15 17:11:47:026	37.4	20.8	0	0
2021-04-15 17:11:48:034	37.2	20.8	0	0
2021-04-15 17:11:50:032	37.2	20.8	0	0
2021-04-15 17:11:51:029	37.4	20.8	0	0
2021-04-15 17:11:52:045	37.7	20.8	0	0
2021-04-15 17:11:53:044	37.7	21.1	0	0
2021-04-15 17:11:54:044	37.7	21.1	0	0
2021-04-15 17:11:55:044	37.7	21.1	0	0
2021-04-15 17:11:56:059	37.9	21.1	0	0
2021-04-15 17:11:57:059	37.9	21.3	0	0
2021-04-15 17:11:58:059	37.9	21.1	0	0
2021-04-15 17:11:59:059	37.9	21.3	0	0
2021-04-15 17:12:00:074	37.7	21.3	0	0
2021-04-15 17:12:01:074	37.7	21.3	0	0
2021-04-15 17:12:02:073	37.7	21.3	0	0
2021-04-15 17:12:03:073	37.7	21.3	0	0
2021-04-15 17:12:04:089	37.7	21.3	0	0
2021-04-15 17:12:05:088	37.7	21.1	0	0
2021-04-15 17:12:07:088	37.7	21.1	0	0
2021-04-15 17:12:08:103	37.9	21.1	0	0
2021-04-15 17:12:09:103	37.9	20.8	0	0
2021-04-15 17:12:10:118	37.9	20.8	0	0
2021-04-15 17:12:11:103	37.9	20.8	0	0
2021-04-15 17:12:12:118	37.9	21.1	0	0
2021-04-15 17:12:13:118	37.9	21.1	0	0
2021-04-15 17:12:14:133	37.9	20.8	0	0
2021-04-15 17:12:15:117	37.9	20.8	0	0
2021-04-15 17:12:16:133	37.9	21.1	0	0
2021-04-15 17:12:17:132	37.9	21.3	0	0
2021-04-15 17:12:18:148	37.9	21.3	0	0
2021-04-15 17:12:19:132	37.9	21.6	0	0
2021-04-15 17:12:20:147	37.9	21.3	0	0
2021-04-15 17:12:21:147	37.7	21.3	0	0
2021-04-15 17:12:22:163	37.7	21.6	0	0
2021-04-15 17:12:24:162	37.4	21.3	0	0
2021-04-15 17:12:25:177	37.4	21.1	0	0
2021-04-15 17:12:26:177	37.4	21.1	0	0
2021-04-15 17:12:27:192	37.4	21.1	0	0
2021-04-15 17:12:28:177	37.4	21.1	0	0
2021-04-15 17:12:29:192	37.7	21.3	0	0
2021-04-15 17:12:30:192	37.7	21.1	0	0
2021-04-15 17:12:31:207	37.7	21.1	0	0
2021-04-15 17:12:32:191	37.9	21.1	0	0
2021-04-15 17:12:33:207	37.9	21.3	0	0
2021-04-15 17:12:34:207	37.9	21.3	0	0
2021-04-15 17:12:35:223	37.7	21.1	0	0
2021-04-15 17:12:36:214	37.7	21.1	0	0
2021-04-15 17:12:37:222	37.7	21.1	0	0
2021-04-15 17:12:38:228	37.7	21.1	0	0
2021-04-15 17:12:39:237	37.7	21.1	0	0
2021-04-15 17:12:41:237	37.7	21.1	0	0
2021-04-15 17:12:42:246	37.7	21.1	0	0
2021-04-15 17:12:43:254	38	21.4	0	0
2021-04-15 17:12:44:260	38	21.4	0	0
2021-04-15 17:12:45:299	38	21.1	0	0
2021-04-15 17:12:46:259	38	21.1	0	0
2021-04-15 17:12:47:267	38	21.1	0	0
2021-04-15 17:12:48:274	38	21.1	0	0
2021-04-15 17:12:49:268	38	20.8	0	0
2021-04-15 17:12:50:275	38	20.8	0	0
2021-04-15 17:12:51:274	38	20.5	0	0
2021-04-15 17:12:52:289	38	20.5	0	0
2021-04-15 17:12:54:289	37.7	20.5	0	0
2021-04-15 17:12:55:289	37.7	20.5	0	0
2021-04-15 17:12:56:304	37.7	20.5	0	0
2021-04-15 17:12:57:304	37.7	20.8	0	0
2021-04-15 17:12:58:304	37.7	20.8	0	0
2021-04-15 17:12:59:313	37.7	20.8	0	0
2021-04-15 17:13:00:308	37.7	20.8	0	0
2021-04-15 17:13:01:323	38	20.8	0	0
2021-04-15 17:13:02:307	38	20.8	0	0
2021-04-15 17:13:03:323	37.7	20.8	0	0
2021-04-15 17:13:04:338	37.4	20.8	0	0
2021-04-15 17:13:05:338	37.4	20.5	0	0
2021-04-15 17:13:07:337	37.2	20.5	0	0
2021-04-15 17:13:08:337	36.9	20.5	0	0
2021-04-15 17:13:09:355	36.9	20.5	0	0
2021-04-15 17:13:10:367	36.9	20.8	0	0
2021-04-15 17:13:11:351	37.2	21.1	0	0
2021-04-15 17:13:12:359	37.2	21.1	0	0
2021-04-15 17:13:13:374	37.2	21	0	0
2021-04-15 17:13:14:374	37.2	21	0	0
2021-04-15 17:13:15:358	37.2	21	0	0
2021-04-15 17:13:16:374	37.4	21.3	0	0
2021-04-15 17:13:17:378	37.2	21.3	0	0
2021-04-15 17:13:18:393	37.2	21.3	0	0
2021-04-15 17:13:20:393	37.4	21	0	0
2021-04-15 17:13:21:393	37.5	21	0	0
2021-04-15 17:13:22:408	37.4	21.3	0	0
2021-04-15 17:13:23:408	37.7	21.3	0	0
2021-04-15 17:13:24:404	37.7	21	0	0
2021-04-15 17:13:25:419	38	21	0	0
2021-04-15 17:13:26:420	38	20.8	0	0
2021-04-15 17:13:27:420	38	20.8	0	0
2021-04-15 17:13:28:419	38	20.8	0	0
2021-04-15 17:13:29:433	38	20.8	0	0
2021-04-15 17:13:30:432	38	20.5	0	0
2021-04-15 17:13:31:448	38	20.5	0	0
2021-04-15 17:13:33:447	38	20.5	0	0
2021-04-15 17:13:34:447	38	20.5	0	0
2021-04-15 17:13:35:466	37.7	20.5	0	0
2021-04-15 17:13:36:474	37.5	20.5	0	0
2021-04-15 17:13:37:464	37.5	20.8	0	0
2021-04-15 17:13:38:473	37.5	20.8	0	0
2021-04-15 17:13:39:480	37.5	20.8	0	0
2021-04-15 17:13:40:489	37.5	21.1	0	0
2021-04-15 17:13:41:481	37.2	21.1	0	0
2021-04-15 17:13:42:486	37.2	21.3	0	0
2021-04-15 17:13:43:495	37.5	21.3	0	0
2021-04-15 17:13:44:504	37.7	21.3	0	0
2021-04-15 17:13:45:495	37.7	21.1	0	0
2021-04-15 17:13:46:504	37.7	21.1	0	0
2021-04-15 17:13:47:509	37.5	21.1	0	0
2021-04-15 17:13:48:518	37.5	21.1	0	0
2021-04-15 17:13:49:527	37.8	21.1	0	0
2021-04-15 17:13:50:517	37.5	20.8	0	0
2021-04-15 17:13:51:523	37.2	20.8	0	0
2021-04-15 17:13:52:523	37	20.8	0	0
2021-04-15 17:13:53:538	36.7	20.8	0	0
2021-04-15 17:13:54:523	36.7	20.8	0	0
2021-04-15 17:13:55:538	36.7	20.8	0	0
2021-04-15 17:13:56:538	36.7	20.5	0	0
2021-04-15 17:13:57:553	36.4	20.5	0	0
2021-04-15 17:13:58:537	36.7	0.2	0	0
2021-04-15 17:13:59:553	37	20.5	0	0
2021-04-15 17:14:00:552	37.2	20.5	0	0
2021-04-15 17:14:01:568	37.5	20.5	0	0
2021-04-15 17:14:02:568	37.5	20.5	0	0
2021-04-15 17:14:03:567	37.8	20.8	0	0
2021-04-15 17:14:04:567	37.7	20.8	0	0
2021-04-15 17:14:05:583	38	20.8	0	0
2021-04-15 17:14:06:582	38	20.8	0	0
2021-04-15 17:14:07:582	38	20.8	0	0
2021-04-15 17:14:08:582	38	20.8	0	0
2021-04-15 17:14:09:597	38	20.8	0	0
2021-04-15 17:14:10:597	38	20.8	0	0
2021-04-15 17:14:12:597	38	20.8	0	0
2021-04-15 17:14:13:612	37.7	20.8	0	0
2021-04-15 17:14:14:612	37.7	20.8	0	0
2021-04-15 17:14:15:627	37.7	21.1	0	0
2021-04-15 17:14:16:611	37.7	21.1	0	0
2021-04-15 17:14:17:627	37.5	21.1	0	0
2021-04-15 17:14:18:626	37.5	21.1	0	0
2021-04-15 17:14:19:642	37.5	21.1	0	0
2021-04-15 17:14:20:626	37.5	21.1	0	0
2021-04-15 17:14:21:641	37.7	21.1	0	0
2021-04-15 17:14:22:641	37.7	21.1	0	0
2021-04-15 17:14:23:656	37.7	20.8	0	0
2021-04-15 17:14:24:650	37.7	20.8	0	0
2021-04-15 17:14:25:649	38	20.8	0	0
2021-04-15 17:14:26:663	37.7	20.8	0	0
2021-04-15 17:14:27:663	37.7	20.8	0	0
2021-04-15 17:14:29:678	37.7	20.6	0	0
2021-04-15 17:14:30:678	37.7	20.6	0	0
2021-04-15 17:14:31:693	37.7	20.5	0	0
2021-04-15 17:14:32:693	37.7	20.5	0	0
2021-04-15 17:14:33:693	37.7	20.5	0	0
2021-04-15 17:14:34:693	38	20.5	0	0
2021-04-15 17:14:35:707	38	20.5	0	0
2021-04-15 17:14:36:716	38	20.5	0	0
2021-04-15 17:14:37:707	38	20.5	0	0
2021-04-15 17:14:38:714	38	20.5	0	0
2021-04-15 17:14:39:721	38	20.6	0	0
2021-04-15 17:14:40:731	38	20.6	0	0
2021-04-15 17:14:42:730	38	20.6	0	0
2021-04-15 17:14:43:737	38	20.6	0	0
2021-04-15 17:14:44:744	38	20.6	0	0
2021-04-15 17:14:45:754	38	20.6	0	0
2021-04-15 17:14:46:745	38	20.6	0	0
2021-04-15 17:14:47:754	38	20.6	0	0
2021-04-15 17:14:48:760	38	20.6	0	0
2021-04-15 17:14:49:769	38	20.6	0	0
2021-04-15 17:14:50:746	37.7	20.6	0	0
2021-04-15 17:14:51:762	37.7	20.6	0	0
2021-04-15 17:14:52:761	37.5	20.6	0	0
2021-04-15 17:14:53:777	37.5	20.8	0	0
2021-04-15 17:14:54:761	37.5	20.8	0	0
2021-04-15 17:14:55:776	37.5	20.8	0	0
2021-04-15 17:14:56:792	37.5	20.8	0	0
2021-04-15 17:14:57:792	37.5	20.8	0	0
2021-04-15 17:14:59:791	37.7	20.8	0	0
2021-04-15 17:15:00:791	38	21.1	0	0
2021-04-15 17:15:01:806	38	21.1	0	0
2021-04-15 17:15:02:806	38	21.1	0	0
2021-04-15 17:15:03:806	38	21.4	0	0
2021-04-15 17:15:04:805	38	21.3	0	0
2021-04-15 17:15:05:828	38	21.6	0	0
2021-04-15 17:15:06:836	38	21.6	0	0
2021-04-15 17:15:07:828	37.7	21.6	0	0
2021-04-15 17:15:08:837	37.4	21.3	0	0
2021-04-15 17:15:09:843	37.5	21.1	0	0
2021-04-15 17:15:10:851	37.4	21.3	0	0
2021-04-15 17:15:11:844	37.4	21.1	0	0
2021-04-15 17:15:12:851	37.4	21.1	0	0
2021-04-15 17:15:13:858	37.4	20.8	0	0
2021-04-15 17:15:14:866	37.4	21.1	0	0
2021-04-15 17:15:16:857	37.9	21.1	0	0
2021-04-15 17:15:17:872	37.9	21.1	0	0
2021-04-15 17:15:18:881	37.9	20.8	0	0
2021-04-15 17:15:19:889	37.7	20.8	0	0
2021-04-15 17:15:20:880	37.7	20.8	0	0
2021-04-15 17:15:21:888	37.7	20.8	0	0
2021-04-15 17:15:22:899	37.7	20.6	0	0
2021-04-15 17:15:23:905	37.7	20.6	0	0
2021-04-15 17:15:24:895	37.7	20.6	0	0
2021-04-15 17:15:25:905	37.7	20.6	0	0
2021-04-15 17:15:26:913	37.7	20.6	0	0
2021-04-15 17:15:27:919	37.9	20.6	0	0
2021-04-15 17:15:28:911	37.9	20.8	0	0
2021-04-15 17:15:29:920	37.9	20.8	0	0
2021-04-15 17:15:30:926	37.9	21.1	0	0
2021-04-15 17:15:31:936	37.9	21.3	0	0
2021-04-15 17:15:32:926	37.9	0.2	0	0
2021-04-15 17:15:33:937	37.9	21.6	0	0
2021-04-15 17:15:34:943	37.9	21.8	0	0
2021-04-15 17:15:35:950	37.9	21.8	0	0
2021-04-15 17:15:36:958	37.9	21.6	0	0
2021-04-15 17:15:37:950	37.9	21.6	0	0
2021-04-15 17:15:38:961	37.7	21.3	0	0
2021-04-15 17:15:39:967	37.4	21.1	0	0
2021-04-15 17:15:40:972	37.4	21.1	0	0
2021-04-15 17:15:41:966	37.4	21.1	0	0
2021-04-15 17:15:42:974	37.2	20.8	0	0
2021-04-15 17:15:43:980	37.2	20.8	0	0
2021-04-15 17:15:44:989	37.2	20.8	0	0
2021-04-15 17:15:45:980	37.2	20.8	0	0
2021-04-15 17:15:46:989	37.4	20.8	0	0
2021-04-15 17:15:47:996	37.7	20.8	0	0
2021-04-15 17:15:49:004	37.7	20.8	0	0
2021-04-15 17:15:51:005	37.9	20.8	0	0
2021-04-15 17:15:52:011	37.9	20.8	0	0
2021-04-15 17:15:53:020	37.9	21	0	0
2021-04-15 17:15:54:026	37.9	21.1	0	0
2021-04-15 17:15:55:019	37.9	21.1	0	0
2021-04-15 17:15:56:027	37.9	21.1	0	0
2021-04-15 17:15:57:034	37.9	21.1	0	0
2021-04-15 17:15:58:043	37.7	21.1	0	0
2021-04-15 17:15:59:033	37.7	20.8	0	0
2021-04-15 17:16:00:041	37.7	20.8	0	0
2021-04-15 17:16:01:050	37.7	20.6	0	0
2021-04-15 17:16:02:058	37.7	20.8	0	0
2021-04-15 17:16:04:056	37.7	20.8	0	0
2021-04-15 17:16:05:064	37.7	20.8	0	0
2021-04-15 17:16:06:074	37.9	20.8	0	0
2021-04-15 17:16:07:080	37.9	20.8	0	0
2021-04-15 17:16:08:072	37.9	20.8	0	0
2021-04-15 17:16:09:078	37.9	20.8	0	0
2021-04-15 17:16:10:088	37.9	20.6	0	0
2021-04-15 17:16:11:096	37.7	20.6	0	0
2021-04-15 17:16:12:086	37.7	20.6	0	0
2021-04-15 17:16:13:094	37.7	20.6	0	0
2021-04-15 17:16:14:102	37.7	20.6	0	0
2021-04-15 17:16:15:109	37.7	20.6	0	0
2021-04-15 17:16:17:110	37.7	20.6	0	0
2021-04-15 17:16:18:118	37.7	20.6	0	0
2021-04-15 17:16:19:126	37.9	20.8	0	0
2021-04-15 17:16:20:133	37.9	20.8	0	0
2021-04-15 17:16:21:125	37.9	20.8	0	0
2021-04-15 17:16:22:132	37.9	20.8	0	0
2021-04-15 17:16:23:140	37.9	20.8	0	0
2021-04-15 17:16:24:148	37.9	20.8	0	0
2021-04-15 17:16:25:140	37.9	20.8	0	0
2021-04-15 17:16:26:148	37.9	20.8	0	0
2021-04-15 17:16:27:156	37.9	20.6	0	0
2021-04-15 17:16:28:163	37.9	20.6	0	0
2021-04-15 17:16:29:155	37.9	20.6	0	0
2021-04-15 17:16:30:163	37.9	20.6	0	0
2021-04-15 17:16:31:171	37.9	20.6	0	0
2021-04-15 17:16:32:179	37.9	20.6	0	0
2021-04-15 17:16:34:179	37.9	20.8	0	0
2021-04-15 17:16:35:910	37.9	20.8	0	0
2021-04-15 17:16:36:195	37.9	21.1	0	0
2021-04-15 17:16:37:203	37.9	21.3	0	0
2021-04-15 17:16:38:192	37.9	21.5	0	0
2021-04-15 17:16:39:201	37.9	21.5	0	0
2021-04-15 17:16:40:209	37.9	21.5	0	0
2021-04-15 17:16:41:215	37.9	21.3	0	0
2021-04-15 17:16:42:209	37.9	21.5	0	0
2021-04-15 17:16:43:216	37.9	21.5	0	0
2021-04-15 17:16:44:225	37.9	21.3	0	0
2021-04-15 17:16:45:232	37.9	21.3	0	0
2021-04-15 17:16:46:224	37.9	21	0	0
2021-04-15 17:16:47:232	37.9	21	0	0
2021-04-15 17:16:48:239	37.9	21	0	0
2021-04-15 17:16:49:247	37.9	21	0	0
2021-04-15 17:16:51:248	37.9	20.8	0	0
2021-04-15 17:16:52:254	37.9	20.8	0	0
2021-04-15 17:16:53:263	37.7	20.6	0	0
2021-04-15 17:16:54:268	37.7	20.6	0	0
2021-04-15 17:16:55:263	37.7	20.8	0	0
2021-04-15 17:16:56:271	37.7	20.8	0	0
2021-04-15 17:16:57:280	37.4	20.8	0	0
2021-04-15 17:16:58:285	37.4	20.8	0	0
2021-04-15 17:16:59:277	37.4	21.1	0	0
2021-04-15 17:17:00:284	37.4	21.1	0	0
2021-04-15 17:17:01:293	37.7	21.1	0	0
2021-04-15 17:17:02:301	37.7	21.1	0	0
2021-04-15 17:17:03:293	37.7	20.8	0	0
2021-04-15 17:17:04:300	37.7	20.8	0	0
2021-04-15 17:17:05:308	37.9	20.8	0	0
2021-04-15 17:17:06:316	37.7	20.8	0	0
2021-04-15 17:17:08:315	37.7	20.8	0	0
2021-04-15 17:17:09:322	37.7	20.8	0	0
2021-04-15 17:17:10:329	37.7	21.1	0	0
2021-04-15 17:17:11:338	37.7	21.1	0	0
2021-04-15 17:17:12:331	37.4	21.1	0	0
2021-04-15 17:17:13:338	37.4	21.1	0	0
2021-04-15 17:17:14:344	37.7	21.3	0	0
2021-04-15 17:17:15:354	37.7	21.1	0	0
2021-04-15 17:17:16:345	37.7	21.1	0	0
2021-04-15 17:17:17:352	37.7	21.1	0	0
2021-04-15 17:17:18:361	37.7	21	0	0
2021-04-15 17:17:19:367	37.4	21	0	0
2021-04-15 17:17:20:361	37.6	2.1	0	0
2021-04-15 17:17:21:368	37.4	21	0	0
2021-04-15 17:17:22:375	37.4	21	0	0
2021-04-15 17:17:23:383	37.4	21	0	0
2021-04-15 17:17:24:392	37.2	21	0	0
2021-04-15 17:17:25:383	37.2	21	0	0
2021-04-15 17:17:26:392	37.2	20.8	0	0
2021-04-15 17:17:27:399	37.4	21	0	0
2021-04-15 17:17:28:406	37.2	21	0	0
2021-04-15 17:17:29:398	37.4	21	0	0
2021-04-15 17:17:30:405	37.4	20.8	0	0
2021-04-15 17:17:31:413	37.4	20.8	0	0
2021-04-15 17:17:32:420	37.7	20.8	0	0
2021-04-15 17:17:33:413	37.7	20.8	0	0
2021-04-15 17:17:34:421	37.7	20.8	0	0
2021-04-15 17:17:35:430	37.7	20.5	0	0
2021-04-15 17:17:36:437	37.9	20.5	0	0
2021-04-15 17:17:38:437	37.7	20.5	0	0
2021-04-15 17:17:39:443	37.7	20.8	0	0
2021-04-15 17:17:40:451	37.7	20.8	0	0
2021-04-15 17:17:41:458	37.4	20.8	0	0
2021-04-15 17:17:42:451	37.4	20.8	0	0
2021-04-15 17:17:43:459	37.4	20.8	0	0
2021-04-15 17:17:44:467	37.4	21	0	0
2021-04-15 17:17:45:475	37.4	21	0	0
2021-04-15 17:17:46:466	37.7	21	0	0
2021-04-15 17:17:47:475	37.4	20.8	0	0
2021-04-15 17:17:48:483	37.2	20.8	0	0
2021-04-15 17:17:49:488	37.4	20.8	0	0
2021-04-15 17:17:50:484	37.4	2	0	0
2021-04-15 17:17:51:488	37.4	20.8	0	0
2021-04-15 17:17:52:497	37.4	20.6	0	0
2021-04-15 17:17:53:505	37.4	20.6	0	0
2021-04-15 17:17:54:512	37.4	20.6	0	0
2021-04-15 17:17:55:505	37.7	20.6	0	0
2021-04-15 17:17:56:511	37.9	20.6	0	0
2021-04-15 17:17:57:519	37.9	20.6	0	0
2021-04-15 17:17:58:528	37.9	20.6	0	0
2021-04-15 17:17:59:520	37.9	20.5	0	0
2021-04-15 17:18:00:527	37.9	20.5	0	0
2021-04-15 17:18:01:535	37.9	20.5	0	0
2021-04-15 17:18:02:543	37.9	20.5	0	0
2021-04-15 17:18:03:536	37.7	20.5	0	0
2021-04-15 17:18:04:541	37.7	20.5	0	0
2021-04-15 17:18:05:549	37.4	20.5	0	0
2021-04-15 17:18:06:557	37.4	20.5	0	0
2021-04-15 17:18:07:565	37.4	20.8	0	0
2021-04-15 17:18:08:557	37.4	20.8	0	0
2021-04-15 17:18:09:566	37.4	20.8	0	0
2021-04-15 17:18:10:574	37.4	20.8	0	0
2021-04-15 17:18:11:582	37.7	20.8	0	0
2021-04-15 17:18:12:572	37.7	20.8	0	0
2021-04-15 17:18:13:581	37.9	20.8	0	0
2021-04-15 17:18:14:588	37.9	20.8	0	0
2021-04-15 17:18:15:597	37.9	20.6	0	0
2021-04-15 17:18:16:589	37.9	2	0	0
2021-04-15 17:18:17:597	37.9	20.8	0	0
2021-04-15 17:18:18:604	37.7	20.8	0	0
2021-04-15 17:18:19:612	37.4	20.8	0	0
2021-04-15 17:18:20:621	37.4	20.8	0	0
2021-04-15 17:18:21:611	37.4	20.8	0	0
2021-04-15 17:18:22:619	37.4	20.8	0	0
2021-04-15 17:18:23:627	37.4	20.8	0	0
2021-04-15 17:18:24:635	37.4	21.1	0	0
2021-04-15 17:18:25:627	37.4	20.8	0	0
2021-04-15 17:18:26:638	37.7	20.8	0	0
2021-04-15 17:18:27:643	37.9	20.8	0	0
2021-04-15 17:18:28:649	37.9	20.8	0	0
2021-04-15 17:18:29:642	37.9	21.1	0	0
2021-04-15 17:18:30:649	37.9	21.1	0	0
2021-04-15 17:18:31:657	37.9	21.1	0	0
2021-04-15 17:18:32:665	37.9	20.8	0	0
2021-04-15 17:18:34:665	37.7	20.8	0	0
2021-04-15 17:18:35:672	37.7	20.8	0	0
2021-04-15 17:18:36:680	37.7	20.8	0	0
2021-04-15 17:18:37:689	37.7	20.6	0	0
2021-04-15 17:18:38:680	37.4	20.6	0	0
2021-04-15 17:18:39:687	37.4	20.6	0	0
2021-04-15 17:18:40:695	37.4	20.6	0	0
2021-04-15 17:18:41:704	37.7	20.6	0	0
2021-04-15 17:18:42:694	37.7	20.6	0	0
2021-04-15 17:18:43:702	37.7	20.6	0	0
2021-04-15 17:18:44:711	37.7	20.6	0	0
2021-04-15 17:18:45:718	37.7	20.6	0	0
2021-04-15 17:18:46:711	37.9	20.6	0	0
2021-04-15 17:18:47:716	37.9	20.8	0	0
2021-04-15 17:18:48:726	37.7	20.8	0	0
2021-04-15 17:18:49:733	37.7	20.8	0	0
2021-04-15 17:18:51:733	37.2	20.8	0	0
2021-04-15 17:18:52:740	37.2	20.8	0	0
2021-04-15 17:18:53:748	37.2	20.8	0	0
2021-04-15 17:18:54:756	37.2	21.1	0	0
2021-04-15 17:18:55:746	37.2	20.8	0	0
2021-04-15 17:18:56:756	37.4	20.8	0	0
2021-04-15 17:18:57:761	37.4	20.8	0	0
2021-04-15 17:18:58:773	37.7	20.8	0	0
2021-04-15 17:18:59:764	37.9	20.8	0	0
2021-04-15 17:19:00:769	37.9	21.1	0	0
2021-04-15 17:19:01:779	37.7	21.1	0	0
2021-04-15 17:19:02:787	37.7	20.8	0	0
2021-04-15 17:19:04:785	37.7	20.8	0	0
2021-04-15 17:19:05:794	37.7	21.1	0	0
2021-04-15 17:19:06:802	37.4	21.1	0	0
2021-04-15 17:19:07:808	37.4	21.1	0	0
2021-04-15 17:19:08:801	37.4	20.8	0	0
2021-04-15 17:19:09:807	37.7	20.8	0	0
2021-04-15 17:19:10:816	37.7	20.8	0	0
2021-04-15 17:19:11:824	37.7	20.8	0	0
2021-04-15 17:19:12:816	37.7	20.8	0	0
2021-04-15 17:19:13:825	37.4	20.6	0	0
2021-04-15 17:19:14:832	37.7	20.6	0	0
2021-04-15 17:19:15:838	37.7	20.6	0	0
2021-04-15 17:19:16:830	37.7	20.6	0	0
2021-04-15 17:19:17:839	37.4	20.6	0	0
2021-04-15 17:19:18:846	37.4	20.6	0	0
2021-04-15 17:19:19:854	37.4	20.6	0	0
2021-04-15 17:19:20:860	37.4	20.6	0	0
2021-04-15 17:19:21:852	37.7	20.6	0	0
2021-04-15 17:19:22:860	37.4	20.6	0	0
2021-04-15 17:19:23:868	37.4	20.8	0	0
2021-04-15 17:19:24:876	37.4	20.8	0	0
2021-04-15 17:19:25:867	37.7	20.8	0	0
2021-04-15 17:19:26:876	37.7	20.8	0	0
2021-04-15 17:19:27:883	37.7	21	0	0
2021-04-15 17:19:28:892	37.7	21.1	0	0
2021-04-15 17:19:29:885	37.7	21.1	0	0
2021-04-15 17:19:30:890	37.9	21.1	0	0
2021-04-15 17:19:31:900	37.9	21.1	0	0
2021-04-15 17:19:32:906	37.9	21.1	0	0
2021-04-15 17:19:33:898	37.9	2.1	0	0
2021-04-15 17:19:34:906	37.9	21.1	0	0
2021-04-15 17:19:35:915	37.9	20.8	0	0
2021-04-15 17:19:36:921	37.7	20.8	0	0
2021-04-15 17:19:37:929	37.7	21.1	0	0
2021-04-15 17:19:38:921	37.7	21.1	0	0
2021-04-15 17:19:39:928	37.7	20.8	0	0
2021-04-15 17:19:40:937	37.7	20.8	0	0
2021-04-15 17:19:41:944	37.7	20.8	0	0
2021-04-15 17:19:42:938	37.7	20.8	0	0
2021-04-15 17:19:43:944	37.7	20.8	0	0
2021-04-15 17:19:44:953	37.7	20.8	0	0
2021-04-15 17:19:45:961	37.7	20.6	0	0
2021-04-15 17:19:46:951	37.4	20.6	0	0
2021-04-15 17:19:47:961	37.4	20.6	0	0
2021-04-15 17:19:48:967	37.4	20.6	0	0
2021-04-15 17:19:49:974	37.4	20.6	0	0
2021-04-15 17:19:51:974	37.2	20.6	0	0
2021-04-15 17:19:52:982	37.4	20.6	0	0
2021-04-15 17:19:53:990	37.4	20.6	0	0
2021-04-15 17:19:54:999	37.7	20.6	0	0
2021-04-15 17:19:55:990	37.7	20.6	0	0
2021-04-15 17:19:56:999	37.7	20.8	0	0
2021-04-15 17:19:58:006	37.7	20.8	0	0
2021-04-15 17:19:59:012	37.9	20.8	0	0
2021-04-15 17:20:00:004	37.9	20.8	0	0
2021-04-15 17:20:01:013	37.9	21.1	0	0
2021-04-15 17:20:02:022	37.9	21.1	0	0
2021-04-15 17:20:03:027	37.9	21.1	0	0
2021-04-15 17:20:04:019	37.9	0.2	0	0
2021-04-15 17:20:05:029	37.9	20.8	0	0
2021-04-15 17:20:06:037	37.7	20.8	0	0
2021-04-15 17:20:07:043	37.7	20.8	0	0
2021-04-15 17:20:08:050	37.7	20.8	0	0
2021-04-15 17:20:09:045	37.7	20.5	0	0
2021-04-15 17:20:10:050	37.7	20.5	0	0
2021-04-15 17:20:11:058	37.7	20.6	0	0
2021-04-15 17:20:12:066	37.7	20.6	0	0
2021-04-15 17:20:13:057	37.7	20.6	0	0
2021-04-15 17:20:14:067	37.9	20.6	0	0
2021-04-15 17:20:15:073	37.9	20.6	0	0
2021-04-15 17:20:16:082	37.9	20.6	0	0
2021-04-15 17:20:17:072	37.9	20.6	0	0
2021-04-15 17:20:18:083	37.9	20.8	0	0
2021-04-15 17:20:19:089	37.9	20.8	0	0
2021-04-15 17:20:20:097	37.9	20.8	0	0
2021-04-15 17:20:21:104	37.9	20.8	0	0
2021-04-15 17:20:22:095	37.9	20.8	0	0
2021-04-15 17:20:23:103	37.9	20.8	0	0
2021-04-15 17:20:24:101	37.9	20.8	0	0
2021-04-15 17:20:25:117	37.9	20.8	0	0
2021-04-15 17:20:26:101	37.9	20.6	0	0
2021-04-15 17:20:27:116	37.7	20.6	0	0
2021-04-15 17:20:28:116	37.7	20.6	0	0
2021-04-15 17:20:29:131	37.7	20.6	0	0
2021-04-15 17:20:30:116	37.4	20.6	0	0
2021-04-15 17:20:31:131	37.2	20.6	0	0
2021-04-15 17:20:32:131	37.2	20.6	0	0
2021-04-15 17:20:33:146	37.2	20.6	0	0
2021-04-15 17:20:35:149	37.4	20.6	0	0
2021-04-15 17:20:36:160	37.4	20.8	0	0
2021-04-15 17:20:37:166	37.4	20.8	0	0
2021-04-15 17:20:38:175	37.7	20.8	0	0
2021-04-15 17:20:39:166	37.9	20.8	0	0
2021-04-15 17:20:40:172	37.9	20.8	0	0
2021-04-15 17:20:41:179	37.9	20.8	0	0
2021-04-15 17:20:42:188	37.9	20.8	0	0
2021-04-15 17:20:43:181	37.9	21.1	0	0
2021-04-15 17:20:44:188	37.9	20.8	0	0
2021-04-15 17:20:45:196	37.9	20.8	0	0
2021-04-15 17:20:46:202	37.9	20.8	0	0
2021-04-15 17:20:48:203	37.7	20.8	0	0
2021-04-15 17:20:49:212	37.4	20.8	0	0
2021-04-15 17:20:50:218	37.4	20.8	0	0
2021-04-15 17:20:51:214	37.2	20.6	0	0
2021-04-15 17:20:52:213	37.2	20.6	0	0
2021-04-15 17:20:53:213	37.2	20.6	0	0
2021-04-15 17:20:54:229	37.2	20.6	0	0
2021-04-15 17:20:55:228	37.4	20.6	0	0
2021-04-15 17:20:56:232	37.4	20.5	0	0
2021-04-15 17:20:57:232	37.7	20.5	0	0
2021-04-15 17:20:58:247	37.7	20.5	0	0
2021-04-15 17:20:59:247	37.9	20.5	0	0
2021-04-15 17:21:01:248	37.7	20.6	0	0
2021-04-15 17:21:02:263	37.7	20.6	0	0
2021-04-15 17:21:03:263	37.7	20.6	0	0
2021-04-15 17:21:04:278	37.4	20.6	0	0
2021-04-15 17:21:05:262	37.4	20.6	0	0
2021-04-15 17:21:06:278	37.4	20.6	0	0
2021-04-15 17:21:07:277	37.4	20.6	0	0
2021-04-15 17:21:08:293	37.2	20.6	0	0
2021-04-15 17:21:09:277	37.4	20.8	0	0
2021-04-15 17:21:10:292	37.2	20.8	0	0
2021-04-15 17:21:11:292	37	20.8	0	0
2021-04-15 17:21:12:308	37.2	20.9	0	0
2021-04-15 17:21:13:292	37.2	20.8	0	0
2021-04-15 17:21:14:307	37.2	21.1	0	0
2021-04-15 17:21:15:307	37.2	21.1	0	0
2021-04-15 17:21:16:322	37.4	21.1	0	0
2021-04-15 17:21:18:322	37.7	21.1	0	0
2021-04-15 17:21:19:322	37.7	21.1	0	0
2021-04-15 17:21:20:337	37.7	21	0	0
2021-04-15 17:21:21:337	37.7	21.1	0	0
2021-04-15 17:21:22:336	37.4	20.8	0	0
2021-04-15 17:21:23:336	37.4	21.1	0	0
2021-04-15 17:21:24:352	37.4	21.3	0	0
2021-04-15 17:21:25:351	37.4	21.1	0	0
2021-04-15 17:21:26:351	37.2	21.1	0	0
2021-04-15 17:21:27:351	37.4	21.1	0	0
2021-04-15 17:21:28:366	37.4	21.1	0	0
2021-04-15 17:21:29:366	37.4	21.1	0	0
2021-04-15 17:21:30:381	37.7	21.1	0	0
2021-04-15 17:21:31:366	37.7	20.8	0	0
2021-04-15 17:21:32:381	37.7	20.6	0	0
2021-04-15 17:21:33:390	37.7	20.6	0	0
2021-04-15 17:21:34:394	37.7	20.6	0	0
2021-04-15 17:21:35:394	37.4	20.6	0	0
2021-04-15 17:21:36:400	37.2	20.6	0	0
2021-04-15 17:21:37:408	37.2	20.6	0	0
2021-04-15 17:21:38:417	37.2	20.6	0	0
2021-04-15 17:21:39:409	37.2	20.8	0	0
2021-04-15 17:21:40:415	37.2	20.8	0	0
2021-04-15 17:21:41:423	37.2	20.8	0	0
2021-04-15 17:21:42:430	37.5	21.1	0	0
2021-04-15 17:21:43:442	37.7	21.1	0	0
2021-04-15 17:21:44:433	37.9	21.3	0	0
2021-04-15 17:21:45:439	37.9	21.3	0	0
2021-04-15 17:21:46:445	37.9	21.3	0	0
2021-04-15 17:21:47:453	37.9	21.3	0	0
2021-04-15 17:21:48:447	37.7	21.3	0	0
2021-04-15 17:21:49:455	37.7	21.3	0	0
2021-04-15 17:21:50:461	37.7	21.1	0	0
2021-04-15 17:21:51:458	37.7	21.1	0	0
2021-04-15 17:21:52:449	37.7	2	0	0
2021-04-15 17:21:53:468	37.4	20.8	0	0
2021-04-15 17:21:54:473	37.4	21.1	0	0
2021-04-15 17:21:55:472	37.4	20.8	0	0
2021-04-15 17:21:56:488	37.7	20.9	0	0
2021-04-15 17:21:57:472	37.7	20.9	0	0
2021-04-15 17:21:58:487	37.7	20.9	0	0
2021-04-15 17:21:59:492	37.7	20.9	0	0
2021-04-15 17:22:00:499	37.7	20.9	0	0
2021-04-15 17:22:01:499	37.9	20.9	0	0
2021-04-15 17:22:02:499	37.9	20.6	0	0
2021-04-15 17:22:03:514	37.9	20.6	0	0
2021-04-15 17:22:04:514	37.9	20.6	0	0
2021-04-15 17:22:05:514	37.9	20.6	0	0
2021-04-15 17:22:06:511	37.9	20.6	0	0
2021-04-15 17:22:07:517	37.9	20.6	0	0
2021-04-15 17:22:08:533	37.7	20.6	0	0
2021-04-15 17:22:09:533	37.7	20.6	0	0
2021-04-15 17:22:10:532	37.7	20.6	0	0
2021-04-15 17:22:11:532	37.7	20.6	0	0
2021-04-15 17:22:12:547	37.7	20.6	0	0
2021-04-15 17:22:13:547	37.7	20.6	0	0
2021-04-15 17:22:14:547	37.4	20.6	0	0
2021-04-15 17:22:15:547	37.4	20.8	0	0
2021-04-15 17:22:16:562	37.7	20.8	0	0
2021-04-15 17:22:17:562	37.7	21.1	0	0
2021-04-15 17:22:19:562	37.7	21.1	0	0
2021-04-15 17:22:20:577	37.7	21.1	0	0
2021-04-15 17:22:21:577	37.7	21.1	0	0
2021-04-15 17:22:22:592	37.9	21.1	0	0
2021-04-15 17:22:23:576	37.9	20.8	0	0
2021-04-15 17:22:24:592	37.9	20.8	0	0
2021-04-15 17:22:25:607	37.7	20.6	0	0
2021-04-15 17:22:26:607	37.7	20.8	0	0
2021-04-15 17:22:27:591	37.7	20.8	0	0
2021-04-15 17:22:28:606	37.7	20.8	0	0
2021-04-15 17:22:29:622	37.7	20.9	0	0
2021-04-15 17:22:30:621	37.7	20.9	0	0
2021-04-15 17:22:32:621	37.4	20.9	0	0
2021-04-15 17:22:33:621	37.7	20.9	0	0
2021-04-15 17:22:34:636	37.7	20.9	0	0
2021-04-15 17:22:35:652	37.7	20.9	0	0
2021-04-15 17:22:36:644	37.7	20.8	0	0
2021-04-15 17:22:37:652	37.7	20.8	0	0
2021-04-15 17:22:38:659	37.4	20.8	0	0
2021-04-15 17:22:39:668	37.2	20.8	0	0
2021-04-15 17:22:40:660	37.4	21.1	0	0
2021-04-15 17:22:41:666	37.4	21.1	0	0
2021-04-15 17:22:42:675	37.4	20.8	0	0
2021-04-15 17:22:43:681	37.4	20.8	0	0
2021-04-15 17:22:44:674	37.4	20.8	0	0
2021-04-15 17:22:45:682	37.4	20.8	0	0
2021-04-15 17:22:46:689	37.7	20.8	0	0
2021-04-15 17:22:47:693	37.7	20.8	0	0
2021-04-15 17:22:49:685	37.7	20.6	0	0
2021-04-15 17:22:50:701	37.7	20.6	0	0
2021-04-15 17:22:51:709	37.7	20.8	0	0
2021-04-15 17:22:52:709	37.7	20.8	0	0
2021-04-15 17:22:53:709	37.7	21.1	0	0
2021-04-15 17:22:54:708	37.7	21.1	0	0
2021-04-15 17:22:55:724	38	21.1	0	0
2021-04-15 17:22:56:724	38	21.1	0	0
2021-04-15 17:22:57:723	38	21.1	0	0
2021-04-15 17:22:58:723	38	21.3	0	0
2021-04-15 17:22:59:738	38	21.1	0	0
2021-04-15 17:23:00:754	37.7	21	0	0
2021-04-15 17:23:02:750	37.7	20.7	0	0
2021-04-15 17:23:03:756	37.7	20.7	0	0
2021-04-15 17:23:04:756	37.7	20.7	0	0
2021-04-15 17:23:05:771	37.7	20.7	0	0
2021-04-15 17:23:06:755	37.7	20.5	0	0
2021-04-15 17:23:07:771	37.7	20.4	0	0
2021-04-15 17:23:08:770	37.9	20.5	0	0
2021-04-15 17:23:09:785	37.9	20.6	0	0
2021-04-15 17:23:10:769	37.9	20.5	0	0
2021-04-15 17:23:11:785	37.9	20.5	0	0
2021-04-15 17:23:12:784	37.9	20.5	0	0
2021-04-15 17:23:13:800	37.9	20.8	0	0
2021-04-15 17:23:14:800	37.9	20.8	0	0
2021-04-15 17:23:15:799	37.9	20.8	0	0
2021-04-15 17:23:16:799	37.9	20.8	0	0
2021-04-15 17:23:17:815	37.9	20.8	0	0
2021-04-15 17:23:18:814	37.9	20.8	0	0
2021-04-15 17:23:19:814	37.9	20.8	0	0
2021-04-15 17:23:20:814	37.9	20.8	0	0
2021-04-15 17:23:21:829	37.9	20.5	0	0
2021-04-15 17:23:22:829	37.9	20.5	0	0
2021-04-15 17:23:23:844	37.9	20.5	0	0
2021-04-15 17:23:24:829	37.9	20.8	0	0
2021-04-15 17:23:25:844	37.9	20.8	0	0
2021-04-15 17:23:26:844	37.9	20.8	0	0
2021-04-15 17:23:27:859	37.9	20.8	0	0
2021-04-15 17:23:28:843	37.9	20.8	0	0
2021-04-15 17:23:29:859	37.6	20.8	0	0
2021-04-15 17:23:30:858	37.6	20.8	0	0
2021-04-15 17:23:31:874	37.6	21.1	0	0
2021-04-15 17:23:32:874	37.6	20.8	0	0
2021-04-15 17:23:33:873	37.6	20.8	0	0
2021-04-15 17:23:34:873	37.6	20.8	0	0
2021-04-15 17:23:35:894	37.6	20.8	0	0
2021-04-15 17:23:36:902	37.6	20.8	0	0
2021-04-15 17:23:37:895	37.9	21.1	0	0
2021-04-15 17:23:38:906	37.9	21.1	0	0
2021-04-15 17:23:39:910	37.9	20.8	0	0
2021-04-15 17:23:40:918	37.9	21.1	0	0
2021-04-15 17:23:42:918	37.9	21.1	0	0
2021-04-15 17:23:43:924	37.9	21.1	0	0
2021-04-15 17:23:44:933	37.9	21.1	0	0
2021-04-15 17:23:45:941	37.9	20.8	0	0
2021-04-15 17:23:46:933	37.9	20.8	0	0
2021-04-15 17:23:47:939	37.9	20.8	0	0
2021-04-15 17:23:48:951	37.9	20.6	0	0
2021-04-15 17:23:49:956	37.9	20.6	0	0
2021-04-15 17:23:52:459	37.8	20.6	0	0
2021-04-15 17:23:52:459	37.8	20.6	0	0
2021-04-15 17:23:52:959	37.8	20.7	0	0
2021-04-15 17:23:53:959	37.6	20.7	0	0
2021-04-15 17:23:54:974	37.6	20.7	0	0
2021-04-15 17:23:55:958	37.6	20.9	0	0
2021-04-15 17:23:56:974	37.6	21.2	0	0
2021-04-15 17:23:57:973	37.6	21.1	0	0
2021-04-15 17:23:58:989	37.4	21.1	0	0
2021-04-15 17:23:59:973	37.4	21.1	0	0
2021-04-15 17:24:00:989	37.4	21.1	0	0
2021-04-15 17:24:01:988	37.3	21	0	0
2021-04-15 17:24:03:004	37.3	21	0	0
2021-04-15 17:24:03:988	37.3	20.8	0	0
2021-04-15 17:24:05:003	37.3	20.6	0	0
2021-04-15 17:24:06:003	37.3	20.7	0	0
2021-04-15 17:24:07:018	37.6	20.7	0	0
2021-04-15 17:24:08:018	37.6	20.7	0	0
2021-04-15 17:24:09:018	37.6	20.7	0	0
2021-04-15 17:24:10:018	37.6	20.7	0	0
2021-04-15 17:24:11:033	37.6	20.9	0	0
2021-04-15 17:24:12:033	37.6	21.1	0	0
2021-04-15 17:24:13:033	37.6	21.1	0	0
2021-04-15 17:24:14:048	37.6	21.3	0	0
2021-04-15 17:24:15:046	37.6	21.3	0	0
2021-04-15 17:24:16:062	37.6	21.5	0	0
2021-04-15 17:24:18:054	37.8	21.7	0	0
2021-04-15 17:24:19:069	37.8	21.5	0	0
2021-04-15 17:24:20:069	37.8	21.3	0	0
2021-04-15 17:24:21:084	37.8	21.2	0	0
2021-04-15 17:24:22:068	37.8	21	0	0
2021-04-15 17:24:23:084	37.8	21	0	0
2021-04-15 17:24:24:083	37.5	20.7	0	0
2021-04-15 17:24:25:099	37.5	20.7	0	0
2021-04-15 17:24:26:083	37.5	20.5	0	0
2021-04-15 17:24:27:098	37.5	20.7	0	0
2021-04-15 17:24:28:098	37.5	21	0	0
2021-04-15 17:24:29:114	37.5	21	0	0
2021-04-15 17:24:30:113	37.5	21	0	0
2021-04-15 17:24:31:113	37.5	21	0	0
2021-04-15 17:24:32:113	37.8	21	0	0
2021-04-15 17:24:33:128	37.8	21	0	0
2021-04-15 17:24:34:128	37.5	21	0	0
2021-04-15 17:24:35:132	37.5	20.8	0	0
2021-04-15 17:24:36:138	37.3	20.5	0	0
2021-04-15 17:24:37:146	37.1	20.6	0	0
2021-04-15 17:24:38:154	37.1	20.8	0	0
2021-04-15 17:24:39:145	37.1	20.8	0	0
2021-04-15 17:24:40:154	37.1	21	0	0
2021-04-15 17:24:41:161	37.1	21	0	0
2021-04-15 17:24:42:169	37.3	21	0	0
2021-04-15 17:24:43:162	37.1	21.1	0	0
2021-04-15 17:24:44:168	37.3	21.1	0	0
2021-04-15 17:24:45:177	37.5	21.1	0	0
2021-04-15 17:24:46:184	37.5	20.8	0	0
2021-04-15 17:24:48:183	37.5	20.8	0	0
2021-04-15 17:24:49:192	37.5	20.8	0	0
2021-04-15 17:24:50:199	37.5	20.9	0	0
2021-04-15 17:24:51:204	37.8	20.8	0	0
2021-04-15 17:24:52:188	37.8	20.9	0	0
2021-04-15 17:24:53:204	37.8	20.9	0	0
2021-04-15 17:24:54:203	37.5	20.9	0	0
2021-04-15 17:24:55:219	37.5	20.9	0	0
2021-04-15 17:24:56:203	37.5	20.6	0	0
2021-04-15 17:24:57:218	37.5	20.6	0	0
2021-04-15 17:24:58:218	37.5	20.6	0	0
2021-04-15 17:24:59:234	37.5	20.8	0	0
2021-04-15 17:25:00:218	37.5	20.8	0	0
2021-04-15 17:25:01:233	37.5	20.8	0	0
2021-04-15 17:25:02:233	37.5	20.8	0	0
2021-04-15 17:25:03:248	37.3	20.8	0	0
2021-04-15 17:25:04:232	37.3	20.8	0	0
2021-04-15 17:25:05:248	37.3	20.8	0	0
2021-04-15 17:25:06:247	37.3	20.8	0	0
2021-04-15 17:25:07:263	37.3	20.6	0	0
2021-04-15 17:25:08:247	37.1	0.2	0	0
2021-04-15 17:25:09:262	37.1	20.6	0	0
2021-04-15 17:25:10:262	37.3	20.8	0	0
2021-04-15 17:25:11:278	37.5	20.8	0	0
2021-04-15 17:25:12:277	37.5	20.8	0	0
2021-04-15 17:25:13:275	37.5	20.8	0	0
2021-04-15 17:25:14:277	37.5	21	0	0
2021-04-15 17:25:15:285	37.5	21	0	0
2021-04-15 17:25:16:300	37.5	21	0	0
2021-04-15 17:25:17:284	37.3	21	0	0
2021-04-15 17:25:18:300	37.3	20.8	0	0
2021-04-15 17:25:19:300	37.3	20.8	0	0
2021-04-15 17:25:20:315	37.3	20.8	0	0
2021-04-15 17:25:21:299	37.3	20.8	0	0
2021-04-15 17:25:22:315	37.3	20.6	0	0
2021-04-15 17:25:23:314	37.3	20.6	0	0
2021-04-15 17:25:24:330	37.3	20.6	0	0
2021-04-15 17:25:26:329	37.6	20.6	0	0
2021-04-15 17:25:27:329	37.6	20.6	0	0
2021-04-15 17:25:28:344	37.6	20.5	0	0
2021-04-15 17:25:29:344	37.6	20.5	0	0
2021-04-15 17:25:30:344	37.6	20.5	0	0
2021-04-15 17:25:31:344	37.6	20.5	0	0
2021-04-15 17:25:32:359	37.8	20.4	0	0
2021-04-15 17:25:33:359	37.5	20.4	0	0
2021-04-15 17:25:34:359	37.5	20.3	0	0
2021-04-15 17:25:35:373	37.5	20.4	0	0
2021-04-15 17:25:36:379	37.5	20.4	0	0
2021-04-15 17:25:37:387	37.5	20.5	0	0
2021-04-15 17:25:39:387	37.5	20.5	0	0
2021-04-15 17:25:40:394	37.5	20.4	0	0
2021-04-15 17:25:41:402	37.5	20.5	0	0
2021-04-15 17:25:42:409	37.5	20.4	0	0
2021-04-15 17:25:43:403	37.2	20.4	0	0
2021-04-15 17:25:44:412	37.2	20.4	0	0
2021-04-15 17:25:45:418	37	20.4	0	0
2021-04-15 17:25:46:426	36.9	20.4	0	0
2021-04-15 17:25:47:416	36.9	20.4	0	0
2021-04-15 17:25:48:429	36.9	20.6	0	0
2021-04-15 17:25:49:434	37.2	20.6	0	0
2021-04-15 17:25:50:442	37.2	20.7	0	0
2021-04-15 17:25:51:447	37.5	20.7	0	0
2021-04-15 17:25:52:431	37.4	21	0	0
2021-04-15 17:25:53:447	37.7	21	0	0
2021-04-15 17:25:54:446	37.7	21	0	0
2021-04-15 17:25:55:462	37.7	21.2	0	0
2021-04-15 17:25:56:446	37.7	21	0	0
2021-04-15 17:25:57:462	37.7	21	0	0
2021-04-15 17:25:58:470	37.7	21	0	0
2021-04-15 17:25:59:479	37.7	21.1	0	0
2021-04-15 17:26:01:477	37.5	20.8	0	0
2021-04-15 17:26:02:477	37.5	20.8	0	0
2021-04-15 17:26:03:493	37.5	20.6	0	0
2021-04-15 17:26:04:493	37.5	20.6	0	0
2021-04-15 17:26:05:492	37.5	20.6	0	0
2021-04-15 17:26:06:496	37.5	20.6	0	0
2021-04-15 17:26:07:493	37.5	20.6	0	0
2021-04-15 17:26:08:509	37.7	20.6	0	0
2021-04-15 17:26:09:508	37.7	20.6	0	0
2021-04-15 17:26:10:508	37.7	20.9	0	0
2021-04-15 17:26:11:524	37.7	21.1	0	0
2021-04-15 17:26:12:524	37.7	21.1	0	0
2021-04-15 17:26:14:523	37.7	21.1	0	0
2021-04-15 17:26:15:538	37.7	21.1	0	0
2021-04-15 17:26:16:538	37.7	21.3	0	0
2021-04-15 17:26:17:554	37.7	21.5	0	0
2021-04-15 17:26:18:538	37.5	21.3	0	0
2021-04-15 17:26:19:553	37.5	21.1	0	0
2021-04-15 17:26:20:553	37.5	21.1	0	0
2021-04-15 17:26:21:568	37.5	21.3	0	0
2021-04-15 17:26:22:552	37.5	21.3	0	0
2021-04-15 17:26:23:568	37.5	21.3	0	0
2021-04-15 17:26:24:568	37.5	21.1	0	0
2021-04-15 17:26:25:583	37.5	20.9	0	0
2021-04-15 17:26:26:583	37.7	20.8	0	0
2021-04-15 17:26:27:583	37.7	20.8	0	0
2021-04-15 17:26:28:582	37.7	20.8	0	0
2021-04-15 17:26:29:598	37.7	20.6	0	0
2021-04-15 17:26:30:613	37.7	20.8	0	0
2021-04-15 17:26:31:597	37.7	20.8	0	0
2021-04-15 17:26:32:597	37.7	20.8	0	0
2021-04-15 17:26:33:613	37.7	20.8	0	0
2021-04-15 17:26:34:612	37.7	20.8	0	0
2021-04-15 17:26:35:614	37.7	20.8	0	0
2021-04-15 17:26:36:623	37.7	20.8	0	0
2021-04-15 17:26:37:630	37.7	20.8	0	0
2021-04-15 17:26:38:640	37.7	20.6	0	0
2021-04-15 17:26:40:638	37.7	20.6	0	0
2021-04-15 17:26:41:646	37.7	20.6	0	0
2021-04-15 17:26:42:655	37.7	20.8	0	0
2021-04-15 17:26:43:662	37.7	21.1	0	0
2021-04-15 17:26:44:653	37.7	21.1	0	0
2021-04-15 17:26:45:663	37.7	21.1	0	0
2021-04-15 17:26:46:670	37.5	21.1	0	0
2021-04-15 17:26:47:677	37.5	21.1	0	0
2021-04-15 17:26:48:668	37.5	21.1	0	0
2021-04-15 17:26:49:676	37.5	21.1	0	0
2021-04-15 17:26:50:685	37.3	20.8	0	0
2021-04-15 17:26:51:687	37.3	20.6	0	0
2021-04-15 17:26:52:671	37.3	20.6	0	0
2021-04-15 17:26:53:687	37.3	20.6	0	0
2021-04-15 17:26:54:686	37.5	20.6	0	0
2021-04-15 17:26:55:702	37.5	20.8	0	0
2021-04-15 17:26:57:701	37.5	20.7	0	0
2021-04-15 17:26:58:701	37.7	20.7	0	0
2021-04-15 17:26:59:717	37.7	20.7	0	0
2021-04-15 17:27:00:716	37.7	20.7	0	0
2021-04-15 17:27:01:716	37.7	20.7	0	0
2021-04-15 17:27:02:716	37.7	20.7	0	0
2021-04-15 17:27:03:731	37.7	20.4	0	0
2021-04-15 17:27:04:731	37.7	20.4	0	0
2021-04-15 17:27:05:731	37.7	20.7	0	0
2021-04-15 17:27:06:730	37.7	20.7	0	0
2021-04-15 17:27:07:746	37.4	20.6	0	0
2021-04-15 17:27:08:761	37.4	20.7	0	0
2021-04-15 17:27:09:745	37.4	20.7	0	0
2021-04-15 17:27:10:745	37.4	20.7	0	0
2021-04-15 17:27:11:761	37.4	20.7	0	0
2021-04-15 17:27:12:760	37.4	20.7	0	0
2021-04-15 17:27:13:776	37.4	20.5	0	0
2021-04-15 17:27:14:760	37.4	20.5	0	0
2021-04-15 17:27:15:775	37.5	20.6	0	0
2021-04-15 17:27:16:791	37.5	20.8	0	0
2021-04-15 17:27:17:790	37.5	20.8	0	0
2021-04-15 17:27:18:775	37.5	21	0	0
2021-04-15 17:27:19:790	37.5	21.1	0	0
2021-04-15 17:27:20:790	37.5	21.1	0	0
2021-04-15 17:27:21:805	37.3	21.1	0	0
2021-04-15 17:27:22:805	37.3	21.3	0	0
2021-04-15 17:27:23:804	37.5	21.5	0	0
2021-04-15 17:27:24:821	37.5	21.3	0	0
2021-04-15 17:27:25:821	37.5	21.3	0	0
2021-04-15 17:27:26:836	37.5	21	0	0
2021-04-15 17:27:27:821	37.5	21	0	0
2021-04-15 17:27:28:836	37.5	21.2	0	0
2021-04-15 17:27:29:836	37.7	21.2	0	0
2021-04-15 17:27:30:851	37.8	21	0	0
2021-04-15 17:27:31:835	37.7	20.8	0	0
2021-04-15 17:27:32:851	37.7	20.8	0	0
2021-04-15 17:27:33:850	37.7	20.7	0	0
2021-04-15 17:27:34:866	37.7	20.7	0	0
2021-04-15 17:27:35:860	37.7	20.7	0	0
2021-04-15 17:27:36:867	37.5	20.5	0	0
2021-04-15 17:27:37:872	37.5	20.5	0	0
2021-04-15 17:27:38:881	37.5	20.5	0	0
2021-04-15 17:27:40:882	37.5	20.5	0	0
2021-04-15 17:27:41:889	37.5	20.5	0	0
2021-04-15 17:27:42:897	37.5	20.5	0	0
2021-04-15 17:27:43:903	37.5	20.5	0	0
2021-04-15 17:27:44:897	37.8	20.8	0	0
2021-04-15 17:27:45:903	37.8	20.8	0	0
2021-04-15 17:27:46:911	37.8	20.8	0	0
2021-04-15 17:27:47:919	37.5	20.8	0	0
2021-04-15 17:27:48:915	37.3	20.8	0	0
2021-04-15 17:27:49:923	37.1	20.7	0	0
2021-04-15 17:27:50:929	37.1	20.7	0	0
2021-04-15 17:27:51:925	37.1	20.7	0	0
2021-04-15 17:27:52:924	37.1	20.5	0	0
2021-04-15 17:27:53:924	36.8	20.5	0	0
2021-04-15 17:27:54:940	36.6	20.5	0	0
2021-04-15 17:27:55:939	36.8	20.5	0	0
2021-04-15 17:27:57:939	37.3	20.7	0	0
2021-04-15 17:27:58:954	37.3	20.7	0	0
2021-04-15 17:27:59:954	37.3	20.7	0	0
2021-04-15 17:28:00:969	37.3	20.8	0	0
2021-04-15 17:28:01:953	37.5	20.8	0	0
2021-04-15 17:28:02:969	37.8	20.8	0	0
2021-04-15 17:28:03:969	37.8	20.8	0	0
2021-04-15 17:28:04:984	37.8	20.5	0	0
2021-04-15 17:28:05:968	37.8	20.5	0	0
2021-04-15 17:28:06:984	37.8	20.5	0	0
2021-04-15 17:28:07:983	37.8	20.5	0	0
2021-04-15 17:28:08:999	37.8	20.5	0	0
2021-04-15 17:28:09:987	37.8	20.5	0	0
2021-04-15 17:28:10:988	37.8	20.5	0	0
2021-04-15 17:28:12:004	37.8	20.5	0	0
2021-04-15 17:28:13:004	37.8	20.5	0	0
2021-04-15 17:28:15:019	37.8	20.8	0	0
2021-04-15 17:28:16:019	37.8	20.8	0	0
2021-04-15 17:28:17:034	37.5	20.8	0	0
2021-04-15 17:28:18:034	37.3	20.8	0	0
2021-04-15 17:28:19:034	37.3	20.8	0	0
2021-04-15 17:28:20:033	37.3	20.8	0	0
2021-04-15 17:28:21:049	37.3	21	0	0
2021-04-15 17:28:22:048	37.3	21	0	0
2021-04-15 17:28:23:048	37.3	20.8	0	0
2021-04-15 17:28:24:048	37.3	20.8	0	0
2021-04-15 17:28:25:063	37.5	20.8	0	0
2021-04-15 17:28:26:063	37.5	20.7	0	0
2021-04-15 17:28:27:063	37.5	20.7	0	0
2021-04-15 17:28:28:063	37.5	20.7	0	0
2021-04-15 17:28:29:078	37.3	20.5	0	0
2021-04-15 17:28:30:078	37.1	20.5	0	0
2021-04-15 17:28:31:093	37.1	20.5	0	0
2021-04-15 17:28:32:078	37.1	20.5	0	0
2021-04-15 17:28:33:093	37.1	20.5	0	0
2021-04-15 17:28:34:093	37.3	20.5	0	0
2021-04-15 17:28:35:110	37.3	20.5	0	0
2021-04-15 17:28:37:109	37.3	20.5	0	0
2021-04-15 17:28:38:118	37.6	20.5	0	0
2021-04-15 17:28:39:126	37.6	20.6	0	0
2021-04-15 17:28:40:132	37.6	20.6	0	0
2021-04-15 17:28:41:123	37.3	20.5	0	0
2021-04-15 17:28:42:131	37.3	20.5	0	0
2021-04-15 17:28:43:139	37.3	20.5	0	0
2021-04-15 17:28:44:148	37.3	20.5	0	0
2021-04-15 17:28:45:138	37.6	20.5	0	0
2021-04-15 17:28:46:146	37.6	20.5	0	0
2021-04-15 17:28:47:155	37.3	20.5	0	0
2021-04-15 17:28:48:164	37.1	20.5	0	0
2021-04-15 17:28:50:163	37.1	20.5	0	0
2021-04-15 17:28:51:160	36.8	20.5	0	0
2021-04-15 17:28:52:175	36.6	20.5	0	0
2021-04-15 17:28:53:175	36.4	20.5	0	0
2021-04-15 17:28:54:175	36.4	20.5	0	0
2021-04-15 17:28:55:174	36.6	20.8	0	0
2021-04-15 17:28:56:190	36.9	20.8	0	0
2021-04-15 17:28:57:190	37.1	21	0	0
2021-04-15 17:28:58:189	36.9	21	0	0
2021-04-15 17:28:59:189	37.1	21	0	0
2021-04-15 17:29:00:204	37.3	21	0	0
2021-04-15 17:29:01:204	37.6	21	0	0
2021-04-15 17:29:03:204	37.6	20.8	0	0
2021-04-15 17:29:04:219	37.6	20.8	0	0
2021-04-15 17:29:05:219	37.6	20.6	0	0
2021-04-15 17:29:06:234	37.6	20.6	0	0
2021-04-15 17:29:07:221	37.6	20.6	0	0
2021-04-15 17:29:08:236	37.6	20.8	0	0
2021-04-15 17:29:09:235	37.6	20.8	0	0
2021-04-15 17:29:10:251	37.6	20.8	0	0
2021-04-15 17:29:11:235	37.3	20.8	0	0
2021-04-15 17:29:12:250	37.4	20.8	0	0
2021-04-15 17:29:13:250	37.4	20.8	0	0
2021-04-15 17:29:14:265	37.6	20.8	0	0
2021-04-15 17:29:16:265	37.3	20.5	0	0
2021-04-15 17:29:17:265	37.3	20.5	0	0
2021-04-15 17:29:18:280	37.4	20.8	0	0
2021-04-15 17:29:19:280	37.6	20.8	0	0
2021-04-15 17:29:20:280	37.6	20.8	0	0
2021-04-15 17:29:21:279	37.6	20.8	0	0
2021-04-15 17:29:22:295	37.6	21	0	0
2021-04-15 17:29:23:295	37.6	21	0	0
2021-04-15 17:29:24:293	37.8	0.2	0	0
2021-04-15 17:29:25:298	37.8	21.1	0	0
2021-04-15 17:29:26:313	37.8	20.8	0	0
2021-04-15 17:29:27:313	37.8	20.8	0	0
2021-04-15 17:29:28:329	37.8	20.8	0	0
2021-04-15 17:29:29:313	37.8	20.8	0	0
2021-04-15 17:29:30:316	37.8	20.6	0	0
2021-04-15 17:29:31:331	37.8	20.6	0	0
2021-04-15 17:29:32:331	37.6	20.6	0	0
2021-04-15 17:29:33:330	37.6	20.6	0	0
2021-04-15 17:29:34:330	37.6	20.6	0	0
2021-04-15 17:29:35:353	37.6	20.6	0	0
2021-04-15 17:29:36:359	37.6	20.6	0	0
2021-04-15 17:29:38:362	37.6	20.6	0	0
2021-04-15 17:29:39:368	37.6	20.9	0	0
2021-04-15 17:29:40:376	37.8	20.9	0	0
2021-04-15 17:29:41:384	37.6	20.8	0	0
2021-04-15 17:29:42:376	37.6	20.9	0	0
2021-04-15 17:29:43:382	37.6	20.9	0	0
2021-04-15 17:29:44:391	37.6	20.8	0	0
2021-04-15 17:29:45:398	37.6	20.8	0	0
2021-04-15 17:29:47:398	37.6	20.6	0	0
2021-04-15 17:29:48:405	37.4	20.6	0	0
2021-04-15 17:29:49:413	37.4	20.6	0	0
2021-04-15 17:29:50:422	37.4	20.6	0	0
2021-04-15 17:29:51:407	37.2	20.6	0	0
2021-04-15 17:29:52:407	37.2	20.6	0	0
2021-04-15 17:29:53:422	37.2	20.6	0	0
2021-04-15 17:29:54:422	37.2	20.6	0	0
2021-04-15 17:29:55:422	37.2	0.2	0	0
2021-04-15 17:29:56:421	37.4	21.1	0	0
2021-04-15 17:29:57:437	37.6	21.1	0	0
2021-04-15 17:29:58:452	37.6	21.1	0	0
2021-04-15 17:29:59:452	37.8	21.1	0	0
2021-04-15 17:30:00:451	37.8	21.1	0	0
2021-04-15 17:30:01:451	37.8	21.3	0	0
2021-04-15 17:30:02:466	37.8	21.3	0	0
2021-04-15 17:30:03:466	37.9	21.1	0	0
2021-04-15 17:30:04:465	37.9	20.8	0	0
2021-04-15 17:30:05:465	37.9	20.9	0	0
2021-04-15 17:30:06:480	37.9	20.9	0	0
2021-04-15 17:30:07:480	37.9	20.8	0	0
2021-04-15 17:30:09:473	37.9	20.6	0	0
2021-04-15 17:30:10:486	37.8	20.6	0	0
2021-04-15 17:30:11:500	37.8	20.6	0	0
2021-04-15 17:30:12:500	37.8	20.8	0	0
2021-04-15 17:30:13:499	37.8	21.1	0	0
2021-04-15 17:30:14:498	37.8	21.1	0	0
2021-04-15 17:30:15:514	37.8	21.1	0	0
2021-04-15 17:30:16:514	37.8	21.1	0	0
2021-04-15 17:30:17:513	37.6	21.1	0	0
2021-04-15 17:30:18:513	37.6	21.3	0	0
2021-04-15 17:30:19:529	37.4	21.3	0	0
2021-04-15 17:30:20:528	37.4	21.1	0	0
2021-04-15 17:30:22:528	37.4	20.8	0	0
2021-04-15 17:30:23:543	37.4	20.8	0	0
2021-04-15 17:30:24:543	37.4	20.8	0	0
2021-04-15 17:30:25:558	37.6	21.1	0	0
2021-04-15 17:30:26:552	37.6	20.8	0	0
2021-04-15 17:30:27:561	37.9	20.8	0	0
2021-04-15 17:30:28:559	37.6	20.8	0	0
2021-04-15 17:30:29:575	37.6	20.8	0	0
2021-04-15 17:30:30:571	37.6	20.8	0	0
2021-04-15 17:30:31:573	37.6	21.1	0	0
2021-04-15 17:30:32:572	37.6	21.1	0	0
2021-04-15 17:30:33:587	37.6	20.8	0	0
2021-04-15 17:30:34:587	37.6	21.1	0	0
2021-04-15 17:30:35:595	37.6	21.1	0	0
2021-04-15 17:30:36:604	37.9	21.3	0	0
2021-04-15 17:30:37:616	37.9	21.5	0	0
2021-04-15 17:30:38:619	37.6	21.5	0	0
2021-04-15 17:30:39:611	37.6	21.3	0	0
2021-04-15 17:30:40:618	37.6	21.3	0	0
2021-04-15 17:30:41:626	37.6	21.3	0	0
2021-04-15 17:30:42:634	37.6	21.1	0	0
2021-04-15 17:30:43:625	37.6	21.1	0	0
2021-04-15 17:30:44:634	37.6	20.8	0	0
2021-04-15 17:30:45:642	37.6	20.6	0	0
2021-04-15 17:30:46:650	37.9	20.6	0	0
2021-04-15 17:30:48:650	37.8	20.6	0	0
2021-04-15 17:30:49:656	37.8	20.6	0	0
2021-04-15 17:30:50:664	37.9	20.6	0	0
2021-04-15 17:30:51:667	37.9	20.6	0	0
2021-04-15 17:30:52:652	37.9	20.6	0	0
2021-04-15 17:30:53:660	37.9	20.6	0	0
2021-04-15 17:30:54:676	37.9	20.6	0	0
2021-04-15 17:30:55:676	37.9	20.8	0	0
2021-04-15 17:30:56:676	37.6	20.8	0	0
2021-04-15 17:30:57:675	37.6	20.8	0	0
2021-04-15 17:30:58:691	37.6	20.8	0	0
2021-04-15 17:30:59:690	37.6	20.8	0	0
2021-04-15 17:31:01:690	37.4	21.1	0	0
2021-04-15 17:31:02:705	37.4	21.3	0	0
2021-04-15 17:31:03:705	37.4	21.1	0	0
2021-04-15 17:31:04:719	37.6	21.3	0	0
2021-04-15 17:31:05:709	37.6	21.3	0	0
2021-04-15 17:31:06:711	37.6	21.3	0	0
2021-04-15 17:31:07:731	37.6	21.3	0	0
2021-04-15 17:31:08:731	37.6	21.3	0	0
2021-04-15 17:31:09:731	37.9	21.3	0	0
2021-04-15 17:31:10:731	37.9	21.1	0	0
2021-04-15 17:31:11:746	37.9	21.1	0	0
2021-04-15 17:31:12:746	37.9	20.8	0	0
2021-04-15 17:31:13:746	37.9	21.1	0	0
2021-04-15 17:31:14:745	37.9	21.1	0	0
2021-04-15 17:31:15:762	37.9	21.3	0	0
2021-04-15 17:31:16:770	37.9	21.1	0	0
2021-04-15 17:31:18:764	37.9	21.1	0	0
2021-04-15 17:31:19:764	37.9	21.1	0	0
2021-04-15 17:31:20:779	37.9	21.1	0	0
2021-04-15 17:31:21:779	37.9	21.1	0	0
2021-04-15 17:31:22:778	37.9	21.1	0	0
2021-04-15 17:31:23:778	37.9	21.1	0	0
2021-04-15 17:31:24:794	37.9	21.1	0	0
2021-04-15 17:31:25:793	37.9	21.1	0	0
2021-04-15 17:31:26:793	37.9	21.1	0	0
2021-04-15 17:31:27:809	37.9	21.1	0	0
2021-04-15 17:31:28:808	37.9	21.1	0	0
2021-04-15 17:31:29:808	37.9	21.1	0	0
2021-04-15 17:31:30:808	37.6	0.2	0	0
2021-04-15 17:31:31:823	37.4	20.9	0	0
2021-04-15 17:31:32:830	37.4	21.1	0	0
2021-04-15 17:31:33:830	37.4	21.1	0	0
2021-04-15 17:31:34:845	37.4	21.3	0	0
2021-04-15 17:31:35:838	37.4	21.3	0	0
2021-04-15 17:31:36:846	37.2	21.3	0	0
2021-04-15 17:31:37:854	37.2	21.1	0	0
2021-04-15 17:31:38:862	37.1	21.1	0	0
2021-04-15 17:31:39:854	37.4	21.1	0	0
2021-04-15 17:31:40:863	37.1	20.8	0	0
2021-04-15 17:31:41:870	37.1	20.8	0	0
2021-04-15 17:31:42:878	37.1	20.6	0	0
2021-04-15 17:31:43:870	37.2	20.6	0	0
2021-04-15 17:31:44:877	37.4	20.6	0	0
2021-04-15 17:31:45:884	37.4	20.6	0	0
2021-04-15 17:31:46:893	37.6	20.6	0	0
2021-04-15 17:31:48:892	37.9	20.5	0	0
2021-04-15 17:31:49:898	37.9	20.5	0	0
2021-04-15 17:31:50:908	37.6	20.6	0	0
2021-04-15 17:31:51:901	37.6	20.6	0	0
2021-04-15 17:31:52:901	37.6	20.6	0	0
2021-04-15 17:31:53:906	37.6	20.6	0	0
2021-04-15 17:31:54:922	37.7	20.8	0	0
2021-04-15 17:31:55:921	37.7	20.8	0	0
2021-04-15 17:31:56:921	37.6	21.1	0	0
2021-04-15 17:31:57:921	37.6	21.1	0	0
2021-04-15 17:31:58:930	37.9	21.3	0	0
2021-04-15 17:31:59:929	37.9	21.3	0	0
2021-04-15 17:32:01:937	37.9	21.3	0	0
2021-04-15 17:32:02:952	37.6	21.1	0	0
2021-04-15 17:32:03:952	37.6	21.1	0	0
2021-04-15 17:32:04:967	37.6	20.9	0	0
2021-04-15 17:32:05:951	37.6	20.9	0	0
2021-04-15 17:32:06:967	37.6	20.6	0	0
2021-04-15 17:32:07:967	37.6	20.6	0	0
2021-04-15 17:32:08:983	37.6	20.6	0	0
2021-04-15 17:32:09:968	37.4	20.6	0	0
2021-04-15 17:32:10:983	37.6	20.6	0	0
2021-04-15 17:32:11:983	37.4	20.6	0	0
2021-04-15 17:32:12:998	37.4	20.8	0	0
2021-04-15 17:32:14:998	37.2	20.8	0	0
2021-04-15 17:32:15:997	37.2	20.8	0	0
2021-04-15 17:32:17:013	37.2	20.8	0	0
2021-04-15 17:32:18:013	37.4	20.8	0	0
2021-04-15 17:32:19:012	37.4	20.8	0	0
2021-04-15 17:32:20:012	37.4	20.8	0	0
2021-04-15 17:32:21:027	37.2	20.6	0	0
2021-04-15 17:32:22:027	37.1	20.6	0	0
2021-04-15 17:32:23:027	37.4	20.6	0	0
2021-04-15 17:32:24:027	37.4	20.6	0	0
2021-04-15 17:32:25:042	37.4	20.6	0	0
2021-04-15 17:32:26:042	37.4	20.6	0	0
2021-04-15 17:32:27:059	37.4	20.6	0	0
2021-04-15 17:32:28:050	37.6	20.6	0	0
2021-04-15 17:32:29:045	37.9	20.6	0	0
2021-04-15 17:32:30:061	37.6	20.6	0	0
2021-04-15 17:32:31:060	37.6	20.6	0	0
2021-04-15 17:32:32:063	37.6	20.6	0	0
2021-04-15 17:32:33:067	37.6	20.9	0	0
2021-04-15 17:32:34:067	37.6	20.9	0	0
2021-04-15 17:32:35:090	37.6	20.9	0	0
2021-04-15 17:32:37:085	37.6	21.1	0	0
2021-04-15 17:32:38:093	37.9	21.1	0	0
2021-04-15 17:32:39:092	37.6	21.1	0	0
2021-04-15 17:32:40:108	37.4	21.1	0	0
2021-04-15 17:32:41:092	37.4	20.9	0	0
2021-04-15 17:32:42:107	37.2	20.9	0	0
2021-04-15 17:32:43:107	37.2	20.9	0	0
2021-04-15 17:32:44:123	37.2	21.1	0	0
2021-04-15 17:32:45:107	37.2	20.9	0	0
2021-04-15 17:32:46:122	37.2	21.1	0	0
2021-04-15 17:32:47:122	37.4	21.1	0	0
2021-04-15 17:32:48:141	37.6	21.3	0	0
2021-04-15 17:32:50:132	37.9	21.3	0	0
2021-04-15 17:32:51:148	37.9	21.3	0	0
2021-04-15 17:32:52:152	37.9	21.1	0	0
2021-04-15 17:32:53:152	37.9	21.1	0	0
2021-04-15 17:32:54:151	37.9	20.8	0	0
2021-04-15 17:32:55:151	37.6	20.8	0	0
2021-04-15 17:32:56:167	37.6	20.6	0	0
2021-04-15 17:32:57:166	37.6	20.6	0	0
2021-04-15 17:32:58:166	37.6	20.9	0	0
2021-04-15 17:32:59:181	37.6	21.1	0	0
2021-04-15 17:33:00:181	37.4	21.1	0	0
2021-04-15 17:33:01:181	37.2	21.1	0	0
2021-04-15 17:33:03:180	37.4	21.1	0	0
2021-04-15 17:33:04:196	37.4	21.1	0	0
2021-04-15 17:33:05:211	37.4	21.1	0	0
2021-04-15 17:33:06:211	37.4	20.9	0	0
2021-04-15 17:33:07:211	37.2	20.6	0	0
2021-04-15 17:33:08:211	37.2	20.6	0	0
2021-04-15 17:33:09:227	37.4	20.6	0	0
2021-04-15 17:33:10:226	37.4	20.6	0	0
2021-04-15 17:33:11:211	37.4	20.6	0	0
2021-04-15 17:33:12:226	37.4	20.6	0	0
2021-04-15 17:33:13:226	37.4	20.6	0	0
2021-04-15 17:33:14:241	37.4	20.6	0	0
2021-04-15 17:33:15:256	37.6	20.6	0	0
2021-04-15 17:33:16:241	37.6	20.6	0	0
2021-04-15 17:33:17:256	37.6	20.6	0	0
2021-04-15 17:33:18:256	37.6	20.6	0	0
2021-04-15 17:33:19:271	37.6	20.6	0	0
2021-04-15 17:33:20:255	37.4	20.6	0	0
2021-04-15 17:33:21:271	37.4	20.9	0	0
2021-04-15 17:33:22:271	37.4	20.9	0	0
2021-04-15 17:33:23:286	37.4	21.1	0	0
2021-04-15 17:33:24:270	37.7	21.1	0	0
2021-04-15 17:33:25:285	37.7	21.1	0	0
2021-04-15 17:33:26:285	37.7	21.1	0	0
2021-04-15 17:33:27:301	37.7	21.3	0	0
2021-04-15 17:33:28:300	37.9	21.3	0	0
2021-04-15 17:33:29:300	37.9	21.1	0	0
2021-04-15 17:33:30:300	37.9	21.1	0	0
2021-04-15 17:33:31:315	37.9	20.8	0	0
2021-04-15 17:33:32:315	37.9	20.8	0	0
2021-04-15 17:33:33:315	37.9	21.1	0	0
2021-04-15 17:33:34:315	37.9	21.1	0	0
2021-04-15 17:33:35:333	37.9	20.8	0	0
2021-04-15 17:33:36:341	37.9	20.8	0	0
2021-04-15 17:33:38:341	37.9	21	0	0
2021-04-15 17:33:39:348	37.7	21	0	0
2021-04-15 17:33:40:355	37.7	21	0	0
2021-04-15 17:33:41:365	37.4	20.8	0	0
2021-04-15 17:33:42:355	37.4	20.8	0	0
2021-04-15 17:33:43:364	37.1	20.8	0	0
2021-04-15 17:33:44:370	37.1	20.8	0	0
2021-04-15 17:33:45:379	36.9	20.8	0	0
2021-04-15 17:33:46:371	36.9	20.5	0	0
2021-04-15 17:33:47:378	37.1	20.5	0	0
2021-04-15 17:33:48:386	37.1	20.6	0	0
2021-04-15 17:33:49:394	37.2	20.6	0	0
2021-04-15 17:33:51:390	37.4	20.6	0	0
2021-04-15 17:33:52:390	37.4	20.6	0	0
2021-04-15 17:33:53:405	37.7	20.8	0	0
2021-04-15 17:33:54:405	37.7	20.8	0	0
2021-04-15 17:33:55:405	37.7	20.8	0	0
2021-04-15 17:33:56:405	37.7	20.8	0	0
2021-04-15 17:33:57:420	37.9	21.1	0	0
2021-04-15 17:33:58:420	37.9	21.1	0	0
2021-04-15 17:33:59:420	37.7	21.1	0	0
2021-04-15 17:34:00:419	37.7	21.1	0	0
2021-04-15 17:34:01:435	37.7	20.8	0	0
2021-04-15 17:34:02:434	37.7	20.9	0	0
2021-04-15 17:34:03:450	37.7	20.8	0	0
2021-04-15 17:34:04:434	37.4	20.8	0	0
2021-04-15 17:34:05:450	37.4	20.6	0	0
2021-04-15 17:34:06:449	37.4	20.6	0	0
2021-04-15 17:34:07:465	37.7	20.6	0	0
2021-04-15 17:34:08:449	37.7	20.6	0	0
2021-04-15 17:34:09:464	37.7	20.6	0	0
2021-04-15 17:34:10:464	37.7	20.6	0	0
2021-04-15 17:34:11:479	37.7	20.6	0	0
2021-04-15 17:34:13:479	37.9	20.8	0	0
2021-04-15 17:34:14:479	37.9	20.8	0	0
2021-04-15 17:34:15:494	37.9	21	0	0
2021-04-15 17:34:16:494	37.7	21	0	0
2021-04-15 17:34:17:494	37.4	21	0	0
2021-04-15 17:34:18:493	37.4	21.1	0	0
2021-04-15 17:34:19:509	37.4	21.1	0	0
2021-04-15 17:34:20:508	37.4	20.8	0	0
2021-04-15 17:34:21:508	37.4	2	0	0
2021-04-15 17:34:22:508	37.4	20.8	0	0
2021-04-15 17:34:23:523	37.4	20.6	0	0
2021-04-15 17:34:24:523	37.7	20.6	0	0
2021-04-15 17:34:25:539	37.7	20.6	0	0
2021-04-15 17:34:26:523	37.7	20.6	0	0
2021-04-15 17:34:27:538	37.7	20.6	0	0
2021-04-15 17:34:28:554	37.7	20.5	0	0
2021-04-15 17:34:29:553	37.7	20.5	0	0
2021-04-15 17:34:30:553	37.7	20.6	0	0
2021-04-15 17:34:31:553	37.7	20.6	0	0
2021-04-15 17:34:32:553	37.7	20.6	0	0
2021-04-15 17:34:33:574	37.9	20.8	0	0
2021-04-15 17:34:35:575	37.9	21.1	0	0
2021-04-15 17:34:36:583	37.9	21.1	0	0
2021-04-15 17:34:37:591	37.9	21.1	0	0
2021-04-15 17:34:38:597	37.9	21.1	0	0
2021-04-15 17:34:39:589	37.9	21.1	0	0
2021-04-15 17:34:40:598	37.9	21.1	0	0
2021-04-15 17:34:41:605	37.9	20.8	0	0
2021-04-15 17:34:42:614	37.9	20.6	0	0
2021-04-15 17:34:43:604	37.9	20.8	0	0
2021-04-15 17:34:44:614	37.9	20.8	0	0
2021-04-15 17:34:45:621	37.9	20.8	0	0
2021-04-15 17:34:46:628	37.9	20.8	0	0
2021-04-15 17:34:47:637	37.9	20.8	0	0
2021-04-15 17:34:48:631	37.7	20.8	0	0
2021-04-15 17:34:49:636	37.7	20.8	0	0
2021-04-15 17:34:50:646	37.7	21.1	0	0
2021-04-15 17:34:51:639	37.4	20.8	0	0
2021-04-15 17:34:52:639	37.4	20.8	0	0
2021-04-15 17:34:53:638	37.4	21.1	0	0
2021-04-15 17:34:54:654	37.2	21.1	0	0
2021-04-15 17:34:55:654	37.2	21.1	0	0
2021-04-15 17:34:57:653	37.2	21.1	0	0
2021-04-15 17:34:58:669	37.2	20.8	0	0
2021-04-15 17:34:59:668	37.2	20.8	0	0
2021-04-15 17:35:00:684	37.2	20.8	0	0
2021-04-15 17:35:01:668	37.2	20.8	0	0
2021-04-15 17:35:02:683	37.4	20.8	0	0
2021-04-15 17:35:03:699	37.2	20.8	0	0
2021-04-15 17:35:04:698	37.2	20.8	0	0
2021-04-15 17:35:06:698	37.2	20.9	0	0
2021-04-15 17:35:07:709	37.4	21.1	0	0
2021-04-15 17:35:08:719	37.4	21.1	0	0
2021-04-15 17:35:09:718	37.4	21.1	0	0
2021-04-15 17:35:10:718	37.4	21.1	0	0
2021-04-15 17:35:11:718	37.4	21.1	0	0
2021-04-15 17:35:12:733	37.7	21.1	0	0
2021-04-15 17:35:13:733	37.7	21.1	0	0
2021-04-15 17:35:14:731	37.4	21.1	0	0
2021-04-15 17:35:15:737	37.4	20.8	0	0
2021-04-15 17:35:16:736	37.4	20.8	0	0
2021-04-15 17:35:17:751	37.4	20.6	0	0
2021-04-15 17:35:18:751	37.4	20.6	0	0
2021-04-15 17:35:19:751	37.7	20.6	0	0
2021-04-15 17:35:20:751	37.7	20.6	0	0
2021-04-15 17:35:21:766	37.7	20.5	0	0
2021-04-15 17:35:22:766	37.9	20.6	0	0
2021-04-15 17:35:23:765	37.9	20.6	0	0
2021-04-15 17:35:24:773	37.9	20.6	0	0
2021-04-15 17:35:25:788	37.9	20.6	0	0
2021-04-15 17:35:26:788	37.9	20.6	0	0
2021-04-15 17:35:28:788	37.7	20.6	0	0
2021-04-15 17:35:29:788	37.7	20.6	0	0
2021-04-15 17:35:30:803	37.4	20.6	0	0
2021-04-15 17:35:31:818	37.4	20.8	0	0
2021-04-15 17:35:32:803	37.4	21.1	0	0
2021-04-15 17:35:33:802	37.4	21.1	0	0
2021-04-15 17:35:34:825	37.2	21.1	0	0
2021-04-15 17:35:35:823	37.2	21.1	0	0
2021-04-15 17:35:36:825	37.4	21.1	0	0
2021-04-15 17:35:37:824	37.2	21.1	0	0
2021-04-15 17:35:38:842	37.4	21.1	0	0
2021-04-15 17:35:39:847	37.4	20.9	0	0
2021-04-15 17:35:40:856	37.4	20.6	0	0
2021-04-15 17:35:41:840	37.4	20.6	0	0
2021-04-15 17:35:42:857	37.7	20.9	0	0
2021-04-15 17:35:43:864	37.7	21.1	0	0
2021-04-15 17:35:44:873	37.7	21.1	0	0
2021-04-15 17:35:45:863	37.9	21.1	0	0
2021-04-15 17:35:46:863	37.9	21.1	0	0
2021-04-15 17:35:47:874	37.9	21.4	0	0
2021-04-15 17:35:48:888	37.7	21.4	0	0
2021-04-15 17:35:50:885	37.7	21.1	0	0
2021-04-15 17:35:51:883	37.4	20.8	0	0
2021-04-15 17:35:52:901	37.4	20.8	0	0
2021-04-15 17:35:53:904	37.4	20.8	0	0
2021-04-15 17:35:54:901	37.4	20.8	0	0
2021-04-15 17:35:55:902	37.4	20.8	0	0
2021-04-15 17:35:56:918	37.7	20.8	0	0
2021-04-15 17:35:57:925	37.7	20.8	0	0
2021-04-15 17:35:59:926	37.9	20.8	0	0
2021-04-15 17:36:00:930	37.9	20.8	0	0
2021-04-15 17:36:01:941	37.9	20.8	0	0
2021-04-15 17:36:02:947	37.9	20.8	0	0
2021-04-15 17:36:03:940	37.9	20.8	0	0
2021-04-15 17:36:04:946	37.9	20.8	0	0
2021-04-15 17:36:05:953	37.9	21.1	0	0
2021-04-15 17:36:06:958	37.9	21.3	0	0
2021-04-15 17:36:08:964	37.7	21.3	0	0
2021-04-15 17:36:09:957	37.7	21.6	0	0
2021-04-15 17:36:10:977	37.7	21.6	0	0
2021-04-15 17:36:11:974	37.4	21.3	0	0
2021-04-15 17:36:12:971	37.4	21.6	0	0
2021-04-15 17:36:13:986	37.4	21.6	0	0
2021-04-15 17:36:14:990	37.4	21.3	0	0
2021-04-15 17:36:15:989	37.4	21.3	0	0
2021-04-15 17:36:17:005	37.7	21.6	0	0
2021-04-15 17:36:17:989	37.7	21.6	0	0
2021-04-15 17:36:19:005	37.4	21.6	0	0
2021-04-15 17:36:20:019	37.7	21.6	0	0
2021-04-15 17:36:21:023	37.7	21.4	0	0
2021-04-15 17:36:22:019	37.7	2.1	0	0
2021-04-15 17:36:23:021	37.7	21.1	0	0
2021-04-15 17:36:24:021	37.7	21.1	0	0
2021-04-15 17:36:25:036	37.7	20.9	0	0
2021-04-15 17:36:26:036	37.7	20.6	0	0
2021-04-15 17:36:27:036	37.9	20.6	0	0
2021-04-15 17:36:28:036	37.9	20.6	0	0
2021-04-15 17:36:29:051	37.9	20.6	0	0
2021-04-15 17:36:30:051	37.9	20.6	0	0
2021-04-15 17:36:32:050	37.9	20.6	0	0
2021-04-15 17:36:33:066	37.9	20.6	0	0
2021-04-15 17:36:34:070	37.9	20.6	0	0
2021-04-15 17:36:35:086	37.9	20.6	0	0
2021-04-15 17:36:36:077	37.9	20.6	0	0
2021-04-15 17:36:37:085	37.9	20.6	0	0
2021-04-15 17:36:38:094	37.9	20.6	0	0
2021-04-15 17:36:39:101	37.9	20.6	0	0
2021-04-15 17:36:40:109	37.9	20.6	0	0
2021-04-15 17:36:41:100	37.9	20.6	0	0
2021-04-15 17:36:42:108	37.9	20.6	0	0
2021-04-15 17:36:43:116	37.9	20.8	0	0
2021-04-15 17:36:44:124	37.7	20.9	0	0
2021-04-15 17:36:45:114	37.7	20.9	0	0
2021-04-15 17:36:46:123	37.7	20.9	0	0
2021-04-15 17:36:47:131	37.7	20.9	0	0
2021-04-15 17:36:48:138	37.7	20.8	0	0
2021-04-15 17:36:49:147	37.7	20.8	0	0
2021-04-15 17:36:50:139	37.7	20.8	0	0
2021-04-15 17:36:51:146	37.7	20.8	0	0
2021-04-15 17:36:52:156	37.9	21.1	0	0
2021-04-15 17:36:53:161	37.9	21.1	0	0
2021-04-15 17:36:54:145	37.9	21.1	0	0
2021-04-15 17:36:55:161	37.9	21.1	0	0
2021-04-15 17:36:56:169	37.7	21.1	0	0
2021-04-15 17:36:57:177	37.7	21.1	0	0
2021-04-15 17:36:59:176	37.7	21.1	0	0
2021-04-15 17:37:00:176	37.7	20.9	0	0
2021-04-15 17:37:01:192	37.7	20.9	0	0
2021-04-15 17:37:02:191	37.7	20.9	0	0
2021-04-15 17:37:03:191	37.7	20.9	0	0
2021-04-15 17:37:04:191	37.9	20.9	0	0
2021-04-15 17:37:05:206	37.7	20.9	0	0
2021-04-15 17:37:06:206	37.7	20.6	0	0
2021-04-15 17:37:07:205	37.7	2	0	0
2021-04-15 17:37:08:209	37.5	20.6	0	0
2021-04-15 17:37:09:209	37.5	20.6	0	0
2021-04-15 17:37:10:224	37.5	20.6	0	0
2021-04-15 17:37:11:224	37.5	20.7	0	0
2021-04-15 17:37:12:224	37.5	20.9	0	0
2021-04-15 17:37:13:224	37.7	20.9	0	0
2021-04-15 17:37:14:239	37.7	21.1	0	0
2021-04-15 17:37:15:239	37.7	21.1	0	0
2021-04-15 17:37:16:246	38	21.1	0	0
2021-04-15 17:37:17:251	38	21.1	0	0
2021-04-15 17:37:18:261	38	21.1	0	0
2021-04-15 17:37:19:263	37.7	21.1	0	0
2021-04-15 17:37:21:255	37.5	20.8	0	0
2021-04-15 17:37:22:270	37.2	20.6	0	0
2021-04-15 17:37:23:270	37.2	20.6	0	0
2021-04-15 17:37:24:285	37.2	20.6	0	0
2021-04-15 17:37:25:270	37	20.6	0	0
2021-04-15 17:37:26:285	37	20.6	0	0
2021-04-15 17:37:27:285	37.2	20.8	0	0
2021-04-15 17:37:28:300	37.5	20.8	0	0
2021-04-15 17:37:29:285	37.5	2	0	0
2021-04-15 17:37:30:300	37.7	20.8	0	0
2021-04-15 17:37:31:300	37.7	20.8	0	0
2021-04-15 17:37:32:316	37.7	20.8	0	0
2021-04-15 17:37:33:315	37.7	20.7	0	0
2021-04-15 17:37:34:315	37.7	20.7	0	0
2021-04-15 17:37:35:329	37.7	20.4	0	0
2021-04-15 17:37:36:335	37.7	20.4	0	0
2021-04-15 17:37:37:345	37.7	20.7	0	0
2021-04-15 17:37:38:336	37.7	20.7	0	0
2021-04-15 17:37:39:342	37.7	20.7	0	0
2021-04-15 17:37:40:351	37.7	20.7	0	0
2021-04-15 17:37:41:359	37.9	21	0	0
2021-04-15 17:37:42:367	37.9	21	0	0
2021-04-15 17:37:43:357	37.9	21	0	0
2021-04-15 17:37:44:365	37.7	21	0	0
2021-04-15 17:37:45:373	37.7	20.8	0	0
2021-04-15 17:37:46:382	37.7	21	0	0
2021-04-15 17:37:47:374	37.7	21	0	0
2021-04-15 17:37:48:381	37.6	21	0	0
2021-04-15 17:37:49:388	37.6	21	0	0
2021-04-15 17:37:50:397	37.7	21.1	0	0
2021-04-15 17:37:51:389	37.4	21.1	0	0
2021-04-15 17:37:52:397	37.7	21.1	0	0
2021-04-15 17:37:53:396	37.7	21.1	0	0
2021-04-15 17:37:54:411	37.7	20.9	0	0
2021-04-15 17:37:55:411	37.6	20.9	0	0
2021-04-15 17:37:56:411	37.6	20.9	0	0
2021-04-15 17:37:57:408	37.6	20.6	0	0
2021-04-15 17:37:58:426	37.6	20.6	0	0
2021-04-15 17:37:59:428	37.9	20.6	0	0
2021-04-15 17:38:00:427	37.9	20.8	0	0
2021-04-15 17:38:01:428	37.6	20.8	0	0
2021-04-15 17:38:02:428	37.6	20.8	0	0
2021-04-15 17:38:03:443	37.6	20.8	0	0
2021-04-15 17:38:04:427	37.6	20.8	0	0
2021-04-15 17:38:05:443	37.6	20.8	0	0
2021-04-15 17:38:06:458	37.6	20.8	0	0
2021-04-15 17:38:07:458	37.6	20.9	0	0
2021-04-15 17:38:08:473	37.6	20.6	0	0
2021-04-15 17:38:09:457	37.9	20.6	0	0
2021-04-15 17:38:10:473	37.9	20.6	0	0
2021-04-15 17:38:11:473	37.9	20.6	0	0
2021-04-15 17:38:12:472	37.9	20.6	0	0
2021-04-15 17:38:13:475	37.9	20.6	0	0
2021-04-15 17:38:14:478	37.6	20.7	0	0
2021-04-15 17:38:15:494	37.6	20.9	0	0
2021-04-15 17:38:16:503	37.6	20.9	0	0
2021-04-15 17:38:18:503	37.6	20.9	0	0
2021-04-15 17:38:19:502	37.4	20.9	0	0
2021-04-15 17:38:20:518	37.2	20.9	0	0
2021-04-15 17:38:21:518	37.2	20.9	0	0
2021-04-15 17:38:22:518	37.4	20.9	0	0
2021-04-15 17:38:23:568	37.4	20.9	0	0
2021-04-15 17:38:24:521	37.4	20.8	0	0
2021-04-15 17:38:25:536	37.4	20.8	0	0
2021-04-15 17:38:26:520	37.4	21.1	0	0
2021-04-15 17:38:27:536	37.6	21.1	0	0
2021-04-15 17:38:28:536	37.9	21.1	0	0
2021-04-15 17:38:29:551	37.9	21.1	0	0
2021-04-15 17:38:31:551	37.9	20.8	0	0
2021-04-15 17:38:32:564	37.9	20.8	0	0
2021-04-15 17:38:33:562	37.9	20.8	0	0
2021-04-15 17:38:34:578	37.9	20.8	0	0
2021-04-15 17:38:35:572	37.9	20.8	0	0
2021-04-15 17:38:36:578	37.9	20.9	0	0
2021-04-15 17:38:37:587	37.9	20.9	0	0
2021-04-15 17:38:38:593	37.9	21.1	0	0
2021-04-15 17:38:40:593	37.9	21.1	0	0
2021-04-15 17:38:41:603	37.9	21.1	0	0
2021-04-15 17:38:42:610	37.9	20.8	0	0
2021-04-15 17:38:43:618	37.6	20.8	0	0
2021-04-15 17:38:44:611	37.6	20.8	0	0
2021-04-15 17:38:45:616	37.6	20.8	0	0
2021-04-15 17:38:46:626	37.6	20.8	0	0
2021-04-15 17:38:47:631	37.6	20.8	0	0
2021-04-15 17:38:48:625	37.4	20.8	0	0
2021-04-15 17:38:49:632	37.4	20.8	0	0
2021-04-15 17:38:50:640	37.4	20.8	0	0
2021-04-15 17:38:51:646	37.4	20.8	0	0
2021-04-15 17:38:53:646	37.2	20.8	0	0
2021-04-15 17:38:54:646	37.1	20.6	0	0
2021-04-15 17:38:55:661	37.2	20.6	0	0
2021-04-15 17:38:56:661	37.4	20.6	0	0
2021-04-15 17:38:57:661	37.4	20.6	0	0
2021-04-15 17:38:58:660	37.4	20.6	0	0
2021-04-15 17:38:59:676	37.6	20.6	0	0
2021-04-15 17:39:00:676	37.9	20.6	0	0
2021-04-15 17:39:02:687	37.9	20.5	0	0
2021-04-15 17:39:03:691	37.9	20.5	0	0
2021-04-15 17:39:04:691	37.9	20.5	0	0
2021-04-15 17:39:05:706	37.9	20.5	0	0
2021-04-15 17:39:06:690	37.9	20.6	0	0
2021-04-15 17:39:07:706	37.9	20.8	0	0
2021-04-15 17:39:08:706	37.9	20.8	0	0
2021-04-15 17:39:09:721	37.9	20.8	0	0
2021-04-15 17:39:10:705	37.9	20.9	0	0
2021-04-15 17:39:11:718	37.9	20.9	0	0
2021-04-15 17:39:12:730	37.9	20.9	0	0
2021-04-15 17:39:13:725	37.9	20.9	0	0
2021-04-15 17:39:14:740	37.9	20.9	0	0
2021-04-15 17:39:15:724	37.9	20.9	0	0
2021-04-15 17:39:16:740	37.9	20.9	0	0
2021-04-15 17:39:17:739	37.9	20.8	0	0
2021-04-15 17:39:18:755	37.9	20.8	0	0
2021-04-15 17:39:19:755	37.9	20.7	0	0
2021-04-15 17:39:20:762	37.9	20.7	0	0
2021-04-15 17:39:21:755	37.9	20.7	0	0
2021-04-15 17:39:22:770	37.9	20.7	0	0
2021-04-15 17:39:24:770	37.6	20.4	0	0
2021-04-15 17:39:25:769	37.6	20.4	0	0
2021-04-15 17:39:26:785	37.6	20.5	0	0
2021-04-15 17:39:27:800	37.6	20.5	0	0
2021-04-15 17:39:28:785	37.6	20.5	0	0
2021-04-15 17:39:29:800	37.3	20.5	0	0
2021-04-15 17:39:30:800	37.3	20.5	0	0
2021-04-15 17:39:31:815	37.6	20.5	0	0
2021-04-15 17:39:32:799	37.6	20.5	0	0
2021-04-15 17:39:33:815	37.5	20.5	0	0
2021-04-15 17:39:34:814	37.5	20.4	0	0
2021-04-15 17:39:35:829	37.3	20.4	0	0
2021-04-15 17:39:36:837	37.3	20.5	0	0
2021-04-15 17:39:37:830	37.3	20.5	0	0
2021-04-15 17:39:38:837	37.3	20.5	0	0
2021-04-15 17:39:39:845	37.3	20.5	0	0
2021-04-15 17:39:40:853	37.3	20.5	0	0
2021-04-15 17:39:41:846	37.3	20.8	0	0
2021-04-15 17:39:42:852	37.3	20.8	0	0
2021-04-15 17:39:43:861	37.5	20.8	0	0
2021-04-15 17:39:44:869	37.3	20.8	0	0
2021-04-15 17:39:46:867	37.6	20.8	0	0
2021-04-15 17:39:47:875	37.6	20.8	0	0
2021-04-15 17:39:48:883	37.3	20.8	0	0
2021-04-15 17:39:49:891	37.3	20.6	0	0
2021-04-15 17:39:50:881	37.3	20.6	0	0
2021-04-15 17:39:51:884	37.1	20.6	0	0
2021-04-15 17:39:52:899	37.3	20.6	0	0
2021-04-15 17:39:53:894	37.3	20.6	0	0
2021-04-15 17:39:54:894	37.3	0.2	0	0
2021-04-15 17:39:55:894	37.1	20.6	0	0
2021-04-15 17:39:56:909	37.3	20.6	0	0
2021-04-15 17:39:57:909	37.3	20.6	0	0
2021-04-15 17:39:58:924	37.3	20.8	0	0
2021-04-15 17:39:59:908	37.3	20.8	0	0
2021-04-15 17:40:00:929	37.3	20.8	0	0
2021-04-15 17:40:01:925	37.1	20.9	0	0
2021-04-15 17:40:02:940	36.9	20.9	0	0
2021-04-15 17:40:03:931	37.1	21.1	0	0
2021-04-15 17:40:04:932	37.1	21.1	0	0
2021-04-15 17:40:05:951	37.1	21.1	0	0
2021-04-15 17:40:06:958	37.1	21.1	0	0
2021-04-15 17:40:08:958	37.3	21.1	0	0
2021-04-15 17:40:09:958	37.6	21.1	0	0
2021-04-15 17:40:10:973	37.6	21.1	0	0
2021-04-15 17:40:11:973	37.6	20.8	0	0
2021-04-15 17:40:12:973	37.6	20.8	0	0
2021-04-15 17:40:13:972	37.6	20.8	0	0
2021-04-15 17:40:14:988	37.6	20.6	0	0
2021-04-15 17:40:15:988	37.3	20.6	0	0
2021-04-15 17:40:16:987	37.3	20.6	0	0
2021-04-15 17:40:17:987	37.3	20.6	0	0
2021-04-15 17:40:19:003	37.5	20.6	0	0
2021-04-15 17:40:20:002	37.5	20.6	0	0
2021-04-15 17:40:21:019	37.5	20.6	0	0
2021-04-15 17:40:22:004	37.5	20.6	0	0
2021-04-15 17:40:23:019	37.3	20.6	0	0
2021-04-15 17:40:24:019	37.3	20.6	0	0
2021-04-15 17:40:25:035	37.1	20.6	0	0
2021-04-15 17:40:26:019	37.1	20.6	0	0
2021-04-15 17:40:27:034	37.1	20.6	0	0
2021-04-15 17:40:28:034	36.8	20.6	0	0
2021-04-15 17:40:29:049	36.8	20.6	0	0
2021-04-15 17:40:30:034	36.9	0.2	0	0
2021-04-15 17:40:31:049	37.1	20.8	0	0
2021-04-15 17:40:32:059	37.3	20.8	0	0
2021-04-15 17:40:33:052	37.6	20.8	0	0
2021-04-15 17:40:34:067	37.5	20.8	0	0
2021-04-15 17:40:35:066	37.6	20.8	0	0
2021-04-15 17:40:36:073	37.6	20.8	0	0
2021-04-15 17:40:37:080	37.6	20.8	0	0
2021-04-15 17:40:38:089	37.6	20.8	0	0
2021-04-15 17:40:39:081	37.6	20.6	0	0
2021-04-15 17:40:40:088	37.6	20.6	0	0
2021-04-15 17:40:41:097	37.6	20.8	0	0
2021-04-15 17:40:42:105	37.3	20.8	0	0
2021-04-15 17:40:44:104	37.5	20.8	0	0
2021-04-15 17:40:45:110	37.5	20.8	0	0
2021-04-15 17:40:46:118	37.5	20.8	0	0
2021-04-15 17:40:47:127	37.3	20.8	0	0
2021-04-15 17:40:48:118	37.3	20.8	0	0
2021-04-15 17:40:49:126	37.3	20.6	0	0
2021-04-15 17:40:50:134	37.5	20.6	0	0
2021-04-15 17:40:51:141	37.5	20.6	0	0
2021-04-15 17:40:52:133	37.5	20.6	0	0
2021-04-15 17:40:53:133	37.5	20.6	0	0
2021-04-15 17:40:54:149	37.5	20.6	0	0
2021-04-15 17:40:55:148	37.8	20.6	0	0
2021-04-15 17:40:56:164	37.8	20.6	0	0
2021-04-15 17:40:57:148	37.8	20.8	0	0
2021-04-15 17:40:58:163	37.8	20.8	0	0
2021-04-15 17:40:59:163	37.8	20.8	0	0
2021-04-15 17:41:00:179	37.8	20.8	0	0
2021-04-15 17:41:01:163	37.8	20.8	0	0
2021-04-15 17:41:02:178	37.8	20.8	0	0
2021-04-15 17:41:03:178	37.6	20.8	0	0
2021-04-15 17:41:04:193	37.6	20.8	0	0
2021-04-15 17:41:06:193	37.6	20.6	0	0
2021-04-15 17:41:07:193	37.6	20.6	0	0
2021-04-15 17:41:08:208	37.6	20.8	0	0
2021-04-15 17:41:09:208	37.6	21.1	0	0
2021-04-15 17:41:10:208	37.6	21.3	0	0
2021-04-15 17:41:11:207	37.6	21.3	0	0
2021-04-15 17:41:12:223	37.6	21.3	0	0
2021-04-15 17:41:13:223	37.6	21.3	0	0
2021-04-15 17:41:15:222	37.6	21.3	0	0
2021-04-15 17:41:16:237	37.6	21.3	0	0
2021-04-15 17:41:17:237	37.6	21.1	0	0
2021-04-15 17:41:18:253	37.6	20.8	0	0
2021-04-15 17:41:19:237	37.8	20.8	0	0
2021-04-15 17:41:20:252	37.8	20.8	0	0
2021-04-15 17:41:21:264	37.6	20.8	0	0
2021-04-15 17:41:22:267	37.4	20.8	0	0
2021-04-15 17:41:24:270	37.2	20.6	0	0
2021-04-15 17:41:25:270	37.2	20.6	0	0
2021-04-15 17:41:26:282	36.9	20.6	0	0
2021-04-15 17:41:27:282	36.9	20.6	0	0
2021-04-15 17:41:28:282	36.9	20.6	0	0
2021-04-15 17:41:29:282	37.1	20.6	0	0
2021-04-15 17:41:30:297	37.4	20.6	0	0
2021-04-15 17:41:31:297	37.4	20.6	0	0
2021-04-15 17:41:32:297	37.6	0.2	0	0
2021-04-15 17:41:33:296	37.6	20.6	0	0
2021-04-15 17:41:34:312	37.9	20.6	0	0
2021-04-15 17:41:35:324	37.9	20.6	0	0
2021-04-15 17:41:36:331	37.9	20.6	0	0
2021-04-15 17:41:37:325	37.8	20.9	0	0
2021-04-15 17:41:38:331	37.8	20.9	0	0
2021-04-15 17:41:39:339	37.8	20.8	0	0
2021-04-15 17:41:40:347	37.8	20.8	0	0
2021-04-15 17:41:41:337	37.8	20.8	0	0
2021-04-15 17:41:42:346	37.8	21	0	0
2021-04-15 17:41:43:353	37.8	21	0	0
2021-04-15 17:41:44:360	37.8	21.3	0	0
2021-04-15 17:41:46:362	37.9	21.1	0	0
2021-04-15 17:41:47:370	37.9	21.1	0	0
2021-04-15 17:41:48:376	37.9	21.1	0	0
2021-04-15 17:41:49:386	37.9	21.1	0	0
2021-04-15 17:41:50:375	37.9	21.1	0	0
2021-04-15 17:41:51:383	37.9	21.1	0	0
2021-04-15 17:41:52:388	37.9	21.1	0	0
2021-04-15 17:41:53:388	37.9	21.3	0	0
2021-04-15 17:41:55:387	37.9	21.3	0	0
2021-04-15 17:41:56:403	37.9	21.3	0	0
2021-04-15 17:41:57:402	37.9	21.4	0	0
2021-04-15 17:41:58:418	37.6	21.1	0	0
2021-04-15 17:41:59:402	37.6	21.1	0	0
2021-04-15 17:42:00:417	37.6	20.9	0	0
2021-04-15 17:42:01:416	37.4	20.7	0	0
2021-04-15 17:42:02:432	37.4	20.7	0	0
2021-04-15 17:42:03:416	37.4	20.7	0	0
2021-04-15 17:42:04:431	37.4	20.6	0	0
2021-04-15 17:42:05:431	37.4	20.6	0	0
2021-04-15 17:42:06:446	37.6	20.6	0	0
2021-04-15 17:42:08:446	37.6	20.9	0	0
2021-04-15 17:42:09:462	37.8	20.9	0	0
2021-04-15 17:42:10:461	37.8	20.9	0	0
2021-04-15 17:42:11:477	37.8	21.1	0	0
2021-04-15 17:42:12:461	37.9	21.1	0	0
2021-04-15 17:42:13:476	37.9	21.1	0	0
2021-04-15 17:42:14:476	37.9	21.1	0	0
2021-04-15 17:42:15:476	37.9	20.9	0	0
2021-04-15 17:42:17:491	37.9	20.9	0	0
2021-04-15 17:42:18:491	37.9	21.1	0	0
2021-04-15 17:42:19:506	37.9	20.9	0	0
2021-04-15 17:42:20:506	37.9	21.1	0	0
2021-04-15 17:42:21:506	37.9	21.1	0	0
2021-04-15 17:42:22:506	37.9	21.1	0	0
2021-04-15 17:42:23:521	37.6	21.1	0	0
2021-04-15 17:42:24:521	37.4	21.1	0	0
2021-04-15 17:42:25:521	37.4	2.1	0	0
2021-04-15 17:42:26:521	37.4	20.9	0	0
2021-04-15 17:42:27:536	37.4	21.1	0	0
2021-04-15 17:42:28:536	37.2	20.9	0	0
2021-04-15 17:42:29:551	37.2	20.9	0	0
2021-04-15 17:42:30:535	37.2	21.1	0	0
2021-04-15 17:42:31:551	37.4	21.1	0	0
2021-04-15 17:42:32:551	37.6	21.1	0	0
2021-04-15 17:42:33:566	37.6	21.3	0	0
2021-04-15 17:42:34:550	37.6	21.6	0	0
2021-04-15 17:42:35:566	37.6	21.3	0	0
2021-04-15 17:42:36:574	37.9	21.3	0	0
2021-04-15 17:42:37:583	37.9	21.3	0	0
2021-04-15 17:42:38:591	37.9	21.1	0	0
2021-04-15 17:42:39:581	37.9	21.1	0	0
2021-04-15 17:42:40:589	37.9	21.1	0	0
2021-04-15 17:42:41:600	37.9	20.9	0	0
2021-04-15 17:42:42:604	37.9	20.9	0	0
2021-04-15 17:42:43:597	37.9	20.9	0	0
2021-04-15 17:42:44:605	37.9	20.9	0	0
2021-04-15 17:42:45:612	37.9	20.9	0	0
2021-04-15 17:42:46:621	37.9	20.9	0	0
2021-04-15 17:42:48:619	37.9	20.9	0	0
2021-04-15 17:42:49:628	37.9	20.9	0	0
2021-04-15 17:42:50:636	37.9	20.7	0	0
2021-04-15 17:42:51:640	37.9	20.7	0	0
2021-04-15 17:42:52:625	37.9	20.7	0	0
2021-04-15 17:42:53:642	37.9	20.6	0	0
2021-04-15 17:42:54:642	37.9	20.7	0	0
2021-04-15 17:42:55:657	37.9	20.7	0	0
2021-04-15 17:42:56:648	37.9	20.6	0	0
2021-04-15 17:42:57:648	37.9	20.6	0	0
2021-04-15 17:42:58:663	37.9	20.6	0	0
2021-04-15 17:42:59:665	37.9	20.6	0	0
2021-04-15 17:43:00:677	37.9	20.6	0	0
2021-04-15 17:43:01:661	37.9	20.6	0	0
2021-04-15 17:43:02:677	37.9	20.7	0	0
2021-04-15 17:43:03:676	37.9	20.9	0	0
2021-04-15 17:43:04:692	37.9	20.9	0	0
2021-04-15 17:43:05:676	37.6	20.9	0	0
2021-04-15 17:43:06:691	37.6	20.9	0	0
2021-04-15 17:43:07:691	37.6	20.9	0	0
2021-04-15 17:43:08:707	37.6	20.9	0	0
2021-04-15 17:43:10:696	37.4	20.9	0	0
2021-04-15 17:43:11:711	37.4	20.6	0	0
2021-04-15 17:43:12:727	37.4	20.6	0	0
2021-04-15 17:43:13:726	37.6	20.6	0	0
2021-04-15 17:43:14:711	37.6	20.6	0	0
2021-04-15 17:43:15:726	37.4	20.6	0	0
2021-04-15 17:43:16:741	37.4	20.6	0	0
2021-04-15 17:43:17:741	37.4	20.6	0	0
2021-04-15 17:43:19:740	37.4	20.9	0	0
2021-04-15 17:43:20:743	37.4	20.9	0	0
2021-04-15 17:43:21:759	37.4	20.9	0	0
2021-04-15 17:43:22:759	37.4	20.9	0	0
2021-04-15 17:43:23:758	37.6	20.9	0	0
2021-04-15 17:43:24:758	37.6	20.9	0	0
2021-04-15 17:43:25:775	37.9	20.9	0	0
2021-04-15 17:43:26:775	37.9	20.7	0	0
2021-04-15 17:43:27:775	37.9	20.7	0	0
2021-04-15 17:43:28:775	37.9	20.7	0	0
2021-04-15 17:43:29:790	37.9	20.7	0	0
2021-04-15 17:43:30:800	37.9	20.7	0	0
2021-04-15 17:43:31:800	37.9	20.7	0	0
2021-04-15 17:43:32:800	37.9	20.6	0	0
2021-04-15 17:43:33:799	37.9	20.6	0	0
2021-04-15 17:43:34:815	37.9	20.6	0	0
2021-04-15 17:43:35:827	37.9	20.7	0	0
2021-04-15 17:43:36:817	37.9	20.7	0	0
2021-04-15 17:43:37:824	37.9	20.7	0	0
2021-04-15 17:43:38:832	37.9	20.7	0	0
2021-04-15 17:43:39:840	37.9	20.7	0	0
2021-04-15 17:43:40:849	37.9	20.7	0	0
2021-04-15 17:43:41:840	37.9	20.7	0	0
2021-04-15 17:43:42:847	37.6	20.7	0	0
2021-04-15 17:43:43:854	37.6	20.7	0	0
2021-04-15 17:43:44:864	37.4	20.7	0	0
2021-04-15 17:43:45:856	37.2	20.7	0	0
2021-04-15 17:43:46:862	37.2	20.7	0	0
2021-04-15 17:43:47:871	37.2	20.7	0	0
2021-04-15 17:43:48:879	37.2	20.7	0	0
2021-04-15 17:43:50:879	37.4	20.7	0	0
2021-04-15 17:43:51:873	37.4	20.7	0	0
2021-04-15 17:43:52:885	37.6	20.7	0	0
2021-04-15 17:43:53:892	37.9	20.7	0	0
2021-04-15 17:43:54:892	37.9	20.7	0	0
2021-04-15 17:43:55:890	37.9	20.7	0	0
2021-04-15 17:43:56:900	37.9	20.9	0	0
2021-04-15 17:43:57:915	37.9	20.9	0	0
2021-04-15 17:43:59:915	37.9	20.9	0	0
2021-04-15 17:44:00:915	37.9	20.9	0	0
2021-04-15 17:44:01:930	37.9	20.9	0	0
2021-04-15 17:44:02:930	37.6	20.9	0	0
2021-04-15 17:44:03:930	37.6	20.9	0	0
2021-04-15 17:44:04:939	37.6	20.7	0	0
2021-04-15 17:44:05:936	37.6	20.6	0	0
2021-04-15 17:44:06:948	37.6	20.9	0	0
2021-04-15 17:44:08:945	37.6	20.9	0	0
2021-04-15 17:44:09:947	37.6	20.9	0	0
2021-04-15 17:44:10:961	37.9	20.9	0	0
2021-04-15 17:44:11:977	37.9	20.9	0	0
2021-04-15 17:44:12:961	37.9	21.1	0	0
2021-04-15 17:44:13:976	37.9	21.1	0	0
2021-04-15 17:44:14:979	37.9	20.9	0	0
2021-04-15 17:44:15:979	37.9	20.9	0	0
2021-04-15 17:44:17:978	37.9	20.9	0	0
2021-04-15 17:44:18:994	37.9	20.9	0	0
2021-04-15 17:44:19:993	37.9	20.9	0	0
2021-04-15 17:44:21:009	37.9	20.7	0	0
2021-04-15 17:44:21:993	37.9	20.7	0	0
2021-04-15 17:44:23:008	37.9	20.9	0	0
2021-04-15 17:44:24:013	37.9	20.9	0	0
2021-04-15 17:44:25:024	37.9	20.9	0	0
2021-04-15 17:44:26:023	37.6	0.2	0	0
2021-04-15 17:44:27:023	37.6	20.9	0	0
2021-04-15 17:44:28:038	37.4	20.9	0	0
2021-04-15 17:44:29:038	37.4	20.9	0	0
2021-04-15 17:44:30:038	37.4	20.9	0	0
2021-04-15 17:44:31:038	37.4	20.6	0	0
2021-04-15 17:44:32:046	37.2	20.6	0	0
2021-04-15 17:44:33:046	36.9	20.6	0	0
2021-04-15 17:44:34:061	37.2	20.7	0	0
2021-04-15 17:44:35:061	37.2	20.7	0	0
2021-04-15 17:44:36:070	37.4	20.9	0	0
2021-04-15 17:44:37:077	37.4	20.9	0	0
2021-04-15 17:44:38:083	37.4	20.9	0	0
2021-04-15 17:44:39:091	37.4	20.9	0	0
2021-04-15 17:44:40:085	37.6	20.9	0	0
2021-04-15 17:44:41:092	37.9	20.9	0	0
2021-04-15 17:44:42:098	37.9	21.1	0	0
2021-04-15 17:44:43:107	37.9	21.1	0	0
2021-04-15 17:44:44:098	37.9	20.9	0	0
2021-04-15 17:44:45:105	37.9	20.9	0	0
2021-04-15 17:44:46:113	37.9	20.9	0	0
2021-04-15 17:44:47:122	37.9	20.9	0	0
2021-04-15 17:44:49:121	37.6	21.1	0	0
2021-04-15 17:44:50:129	37.4	20.9	0	0
2021-04-15 17:44:51:136	37.4	20.9	0	0
2021-04-15 17:44:52:142	37.4	20.9	0	0
2021-04-15 17:44:53:126	37.4	21.1	0	0
2021-04-15 17:44:54:142	37.4	21.1	0	0
2021-04-15 17:44:55:141	37.4	21.3	0	0
2021-04-15 17:44:56:157	37.4	21.1	0	0
2021-04-15 17:44:58:156	37.9	21.3	0	0
2021-04-15 17:44:59:156	37.9	21.4	0	0
2021-04-15 17:45:00:171	37.9	21.6	0	0
2021-04-15 17:45:01:171	37.9	21.6	0	0
2021-04-15 17:45:02:171	37.9	21.8	0	0
2021-04-15 17:45:03:171	37.9	21.6	0	0
2021-04-15 17:45:04:186	37.9	21.6	0	0
2021-04-15 17:45:05:186	37.9	21.6	0	0
2021-04-15 17:45:06:186	37.9	0.2	0	0
2021-04-15 17:45:07:185	37.9	21.8	0	0
2021-04-15 17:45:08:201	37.9	21.6	0	0
2021-04-15 17:45:09:201	37.9	21.4	0	0
2021-04-15 17:45:10:216	37.9	21.1	0	0
2021-04-15 17:45:11:200	37.9	21.1	0	0
2021-04-15 17:45:12:216	37.6	21.1	0	0
2021-04-15 17:45:13:215	37.6	20.9	0	0
2021-04-15 17:45:14:231	37.6	20.7	0	0
2021-04-15 17:45:15:246	37.6	20.7	0	0
2021-04-15 17:45:16:230	37.6	20.7	0	0
2021-04-15 17:45:17:230	37.4	20.7	0	0
2021-04-15 17:45:18:246	37.4	20.7	0	0
2021-04-15 17:45:20:250	37.6	20.7	0	0
2021-04-15 17:45:21:248	37.6	20.7	0	0
2021-04-15 17:45:22:255	37.6	20.7	0	0
2021-04-15 17:45:23:270	37.6	20.7	0	0
2021-04-15 17:45:24:254	37.6	20.9	0	0
2021-04-15 17:45:25:270	37.9	20.9	0	0
2021-04-15 17:45:26:270	37.9	21.1	0	0
2021-04-15 17:45:27:287	37.9	21.1	0	0
2021-04-15 17:45:28:271	37.6	0.2	0	0
2021-04-15 17:45:29:287	37.6	21.1	0	0
2021-04-15 17:45:30:286	37.4	21.1	0	0
2021-04-15 17:45:31:302	37.2	21.1	0	0
2021-04-15 17:45:32:302	37.2	20.9	0	0
2021-04-15 17:45:33:301	37.2	20.9	0	0
2021-04-15 17:45:34:301	36.9	20.6	0	0
2021-04-15 17:45:35:319	36.9	20.9	0	0
2021-04-15 17:45:36:328	37.2	21.1	0	0
2021-04-15 17:45:37:318	37.2	21.1	0	0
2021-04-15 17:45:38:328	37.4	21.1	0	0
2021-04-15 17:45:39:334	37.7	21.1	0	0
2021-04-15 17:45:40:343	37.7	21.1	0	0
2021-04-15 17:45:42:341	37.9	21.1	0	0
2021-04-15 17:45:43:348	37.9	20.9	0	0
2021-04-15 17:45:44:359	37.7	20.7	0	0
2021-04-15 17:45:45:366	37.7	20.7	0	0
2021-04-15 17:45:46:358	37.4	20.7	0	0
2021-04-15 17:45:47:364	37.4	20.6	0	0
2021-04-15 17:45:48:373	37.4	20.6	0	0
2021-04-15 17:45:49:382	37.4	20.9	0	0
2021-04-15 17:45:50:371	37.2	20.9	0	0
2021-04-15 17:45:51:380	37.2	20.9	0	0
2021-04-15 17:45:52:375	37.4	20.8	0	0
2021-04-15 17:45:53:391	37.4	20.8	0	0
2021-04-15 17:45:54:390	37.7	20.8	0	0
2021-04-15 17:45:55:390	37.7	20.8	0	0
2021-04-15 17:45:56:390	37.7	20.8	0	0
2021-04-15 17:45:57:405	37.7	20.6	0	0
2021-04-15 17:45:58:405	37.9	20.6	0	0
2021-04-15 17:45:59:405	37.9	20.6	0	0
2021-04-15 17:46:00:404	37.9	20.6	0	0
2021-04-15 17:46:01:420	37.9	20.6	0	0
2021-04-15 17:46:02:420	37.9	20.6	0	0
2021-04-15 17:46:04:419	37.9	20.6	0	0
2021-04-15 17:46:05:435	37.9	20.6	0	0
2021-04-15 17:46:06:434	37.9	20.6	0	0
2021-04-15 17:46:07:450	37.9	20.8	0	0
2021-04-15 17:46:08:434	37.9	21.1	0	0
2021-04-15 17:46:09:449	37.9	21.3	0	0
2021-04-15 17:46:10:465	37.9	21.6	0	0
2021-04-15 17:46:11:465	37.9	21.8	0	0
2021-04-15 17:46:12:449	37.9	21.8	0	0
2021-04-15 17:46:13:464	37.9	21.8	0	0
2021-04-15 17:46:14:464	37.7	21.8	0	0
2021-04-15 17:46:15:479	37.4	21.6	0	0
2021-04-15 17:46:17:479	37.4	21.1	0	0
2021-04-15 17:46:18:479	37.2	20.8	0	0
2021-04-15 17:46:19:494	37.2	20.6	0	0
2021-04-15 17:46:20:510	37.2	20.8	0	0
2021-04-15 17:46:21:494	37.2	20.8	0	0
2021-04-15 17:46:22:509	37.4	21.1	0	0
2021-04-15 17:46:23:509	37.7	21.1	0	0
2021-04-15 17:46:24:522	37.7	21.1	0	0
2021-04-15 17:46:25:506	37.7	21.1	0	0
2021-04-15 17:46:26:522	37.9	21.1	0	0
2021-04-15 17:46:27:521	37.9	21.1	0	0
2021-04-15 17:46:28:537	37.7	20.8	0	0
2021-04-15 17:46:29:536	37.7	20.8	0	0
2021-04-15 17:46:30:536	37.7	20.6	0	0
2021-04-15 17:46:31:536	37.7	20.6	0	0
2021-04-15 17:46:32:553	37.7	20.6	0	0
2021-04-15 17:46:33:553	37.7	20.6	0	0
2021-04-15 17:46:34:553	37.7	20.6	0	0
2021-04-15 17:46:35:563	37.7	20.6	0	0
2021-04-15 17:46:36:571	37.9	20.6	0	0
2021-04-15 17:46:37:577	37.9	20.6	0	0
2021-04-15 17:46:39:580	37.9	20.6	0	0
2021-04-15 17:46:40:587	37.9	20.6	0	0
2021-04-15 17:46:41:593	37.9	20.6	0	0
2021-04-15 17:46:42:602	37.9	20.6	0	0
2021-04-15 17:46:43:594	37.9	20.9	0	0
2021-04-15 17:46:44:601	37.9	20.9	0	0
2021-04-15 17:46:45:609	37.9	21.1	0	0
2021-04-15 17:46:46:616	37.9	21.1	0	0
2021-04-15 17:46:47:610	37.7	21.1	0	0
2021-04-15 17:46:48:615	37.7	21.1	0	0
2021-04-15 17:46:49:624	37.5	21.1	0	0
2021-04-15 17:46:50:631	37.5	21.1	0	0
2021-04-15 17:46:51:637	37.5	20.8	0	0
2021-04-15 17:46:52:627	37.5	21.1	0	0
2021-04-15 17:46:53:627	37.5	20.8	0	0
2021-04-15 17:46:54:642	37.5	20.9	0	0
2021-04-15 17:46:55:642	37.7	20.9	0	0
2021-04-15 17:46:56:639	37.4	20.8	0	0
2021-04-15 17:46:57:641	37.7	20.8	0	0
2021-04-15 17:46:58:656	37.7	20.8	0	0
2021-04-15 17:46:59:661	37.7	20.8	0	0
2021-04-15 17:47:01:664	37.4	20.8	0	0
2021-04-15 17:47:02:663	37.2	20.9	0	0
2021-04-15 17:47:03:679	37.2	20.9	0	0
2021-04-15 17:47:04:679	37.5	20.9	0	0
2021-04-15 17:47:05:679	37.5	20.9	0	0
2021-04-15 17:47:06:678	37.5	20.9	0	0
2021-04-15 17:47:07:694	37.5	20.9	0	0
2021-04-15 17:47:08:693	37.7	20.9	0	0
2021-04-15 17:47:09:694	37.7	20.7	0	0
2021-04-15 17:47:10:698	37.9	20.7	0	0
2021-04-15 17:47:11:713	37.9	20.7	0	0
2021-04-15 17:47:12:713	37.9	20.7	0	0
2021-04-15 17:47:14:712	37.9	20.9	0	0
2021-04-15 17:47:15:727	37.7	20.9	0	0
2021-04-15 17:47:16:727	37.7	21.1	0	0
2021-04-15 17:47:17:746	37.7	21.1	0	0
2021-04-15 17:47:18:729	37.7	21.1	0	0
2021-04-15 17:47:19:744	37.7	21.1	0	0
2021-04-15 17:47:20:744	37.7	21.1	0	0
2021-04-15 17:47:21:752	37.7	21.1	0	0
2021-04-15 17:47:22:753	37.7	20.9	0	0
2021-04-15 17:47:23:754	37.9	21.1	0	0
2021-04-15 17:47:24:769	37.9	21.1	0	0
2021-04-15 17:47:25:766	37.9	21.1	0	0
2021-04-15 17:47:27:762	37.7	21.1	0	0
2021-04-15 17:47:28:778	37.7	21.1	0	0
2021-04-15 17:47:29:787	37.7	21.1	0	0
2021-04-15 17:47:30:787	37.7	21.1	0	0
2021-04-15 17:47:31:789	37.7	20.9	0	0
2021-04-15 17:47:32:797	37.7	20.7	0	0
2021-04-15 17:47:33:797	37.7	20.9	0	0
2021-04-15 17:47:34:812	37.7	20.9	0	0
2021-04-15 17:47:35:804	37.7	2	0	0
2021-04-15 17:47:36:812	37.7	20.9	0	0
2021-04-15 17:47:37:819	37.7	20.9	0	0
2021-04-15 17:47:38:827	37.7	20.9	0	0
2021-04-15 17:47:39:835	37.7	20.9	0	0
2021-04-15 17:47:40:828	37.7	20.9	0	0
2021-04-15 17:47:41:835	37.7	20.6	0	0
2021-04-15 17:47:42:843	38	20.6	0	0
2021-04-15 17:47:43:851	38	20.6	0	0
2021-04-15 17:47:44:842	38	20.6	0	0
2021-04-15 17:47:45:853	38	20.9	0	0
2021-04-15 17:47:46:859	38	20.9	0	0
2021-04-15 17:47:47:867	38	20.9	0	0
2021-04-15 17:47:48:873	38	20.9	0	0
2021-04-15 17:47:49:865	38	20.9	0	0
2021-04-15 17:47:50:873	37.7	20.9	0	0
2021-04-15 17:47:51:881	37.7	20.9	0	0
2021-04-15 17:47:52:888	37.7	20.9	0	0
2021-04-15 17:47:53:880	37.7	20.7	0	0
2021-04-15 17:47:54:889	37.7	20.7	0	0
2021-04-15 17:47:55:896	37.7	20.7	0	0
2021-04-15 17:47:56:904	37.7	20.7	0	0
2021-04-15 17:47:58:903	37.7	20.7	0	0
2021-04-15 17:47:59:911	37.7	20.7	0	0
2021-04-15 17:48:00:918	37.5	20.7	0	0
2021-04-15 17:48:01:928	37.5	20.6	0	0
2021-04-15 17:48:02:919	37.5	20.6	0	0
2021-04-15 17:48:03:928	37.5	20.9	0	0
2021-04-15 17:48:04:934	37.5	20.9	0	0
2021-04-15 17:48:05:944	37.3	20.9	0	0
2021-04-15 17:48:06:935	37.5	20.9	0	0
2021-04-15 17:48:07:941	37.5	20.9	0	0
2021-04-15 17:48:08:950	37.7	21.1	0	0
2021-04-15 17:48:09:956	37.7	21.1	0	0
2021-04-15 17:48:11:956	37.5	20.9	0	0
2021-04-15 17:48:12:964	37.5	21.2	0	0
2021-04-15 17:48:13:977	37.7	21.1	0	0
2021-04-15 17:48:14:982	37.5	21.2	0	0
2021-04-15 17:48:15:971	37.5	21.2	0	0
2021-04-15 17:48:16:983	37.5	20.9	0	0
2021-04-15 17:48:17:990	37.5	20.9	0	0
2021-04-15 17:48:18:998	37.7	20.9	0	0
2021-04-15 17:48:19:987	37.7	0.2	0	0
2021-04-15 17:48:20:997	37.5	20.6	0	0
2021-04-15 17:48:22:002	37.5	20.6	0	0
2021-04-15 17:48:23:010	37.7	20.6	0	0
2021-04-15 17:48:24:020	37.5	20.6	0	0
2021-04-15 17:48:25:011	37.5	20.6	0	0
2021-04-15 17:48:26:020	37.2	20.6	0	0
2021-04-15 17:48:27:031	37.2	20.9	0	0
2021-04-15 17:48:28:034	37.2	20.9	0	0
2021-04-15 17:48:29:026	37.5	20.9	0	0
2021-04-15 17:48:30:033	37.2	20.9	0	0
2021-04-15 17:48:31:041	37.2	20.9	0	0
2021-04-15 17:48:32:049	37.2	20.9	0	0
2021-04-15 17:48:33:057	37.2	20.9	0	0
2021-04-15 17:48:34:050	37.5	20.9	0	0
2021-04-15 17:48:35:055	37.2	20.6	0	0
2021-04-15 17:48:36:066	37.2	20.6	0	0
2021-04-15 17:48:37:072	37.2	20.6	0	0
2021-04-15 17:48:38:064	37.5	20.6	0	0
2021-04-15 17:48:39:072	37.5	20.9	0	0
2021-04-15 17:48:40:078	37.7	20.9	0	0
2021-04-15 17:48:41:087	37.7	20.9	0	0
2021-04-15 17:48:42:080	37.7	0.2	0	0
2021-04-15 17:48:43:089	38	20.9	0	0
2021-04-15 17:48:44:095	38	20.9	0	0
2021-04-15 17:48:45:101	38	20.9	0	0
2021-04-15 17:48:46:109	38	20.9	0	0
2021-04-15 17:48:47:103	38	20.7	0	0
2021-04-15 17:48:48:110	38	20.7	0	0
2021-04-15 17:48:49:118	38	20.7	0	0
2021-04-15 17:48:50:124	38	20.7	0	0
2021-04-15 17:48:51:118	38	20.7	0	0
2021-04-15 17:48:52:123	38	20.7	0	0
2021-04-15 17:48:53:131	38	20.7	0	0
2021-04-15 17:48:54:142	37.7	20.7	0	0
2021-04-15 17:48:56:141	37.7	21.1	0	0
2021-04-15 17:48:57:148	37.5	21.1	0	0
2021-04-15 17:48:58:154	37.5	21.1	0	0
2021-04-15 17:48:59:162	37.5	21.4	0	0
2021-04-15 17:49:00:154	37.5	21.4	0	0
2021-04-15 17:49:01:161	37.5	21.4	0	0
2021-04-15 17:49:02:170	37.7	21.6	0	0
2021-04-15 17:49:03:177	37.7	21.6	0	0
2021-04-15 17:49:04:171	37.7	21.4	0	0
2021-04-15 17:49:05:183	38	21.4	0	0
2021-04-15 17:49:06:185	38	21.4	0	0
2021-04-15 17:49:07:194	38	21.4	0	0
2021-04-15 17:49:08:202	38	21.6	0	0
2021-04-15 17:49:09:195	38	21.9	0	0
2021-04-15 17:49:10:201	38	21.9	0	0
2021-04-15 17:49:11:210	38	21.6	0	0
2021-04-15 17:49:12:217	38	21.6	0	0
2021-04-15 17:49:13:208	38	21.6	0	0
2021-04-15 17:49:14:217	38	21.6	0	0
2021-04-15 17:49:15:225	37.7	21.4	0	0
2021-04-15 17:49:16:233	37.7	21.1	0	0
2021-04-15 17:49:17:226	37.5	20.9	0	0
2021-04-15 17:49:18:233	37.5	20.6	0	0
2021-04-15 17:49:19:238	37.5	20.6	0	0
2021-04-15 17:49:20:247	37.5	20.6	0	0
2021-04-15 17:49:21:255	37.5	20.7	0	0
2021-04-15 17:49:22:247	37.5	20.6	0	0
2021-04-15 17:49:23:254	37.7	20.6	0	0
2021-04-15 17:49:24:262	37.7	20.6	0	0
2021-04-15 17:49:25:271	37.7	20.6	0	0
2021-04-15 17:49:26:262	37.7	20.6	0	0
2021-04-15 17:49:27:268	37.7	20.6	0	0
2021-04-15 17:49:28:276	37.7	20.6	0	0
2021-04-15 17:49:29:284	37.7	20.6	0	0
2021-04-15 17:49:30:278	37.7	2	0	0
2021-04-15 17:49:31:283	37.7	20.9	0	0
2021-04-15 17:49:32:291	37.7	21.1	0	0
2021-04-15 17:49:33:298	37.7	21.1	0	0
2021-04-15 17:49:34:308	37.7	21.1	0	0
2021-04-15 17:49:35:299	37.7	21.4	0	0
2021-04-15 17:49:36:309	37.5	21.4	0	0
2021-04-15 17:49:37:315	37.5	21.6	0	0
2021-04-15 17:49:38:374	37.5	21.6	0	0
2021-04-15 17:49:39:315	37.2	21.4	0	0
2021-04-15 17:49:40:323	37.2	21.1	0	0
2021-04-15 17:49:41:331	37.2	21.1	0	0
2021-04-15 17:49:42:338	37.2	21.1	0	0
2021-04-15 17:49:43:345	37.2	20.9	0	0
2021-04-15 17:49:44:339	37.5	20.9	0	0
2021-04-15 17:49:45:345	37.5	20.9	0	0
2021-04-15 17:49:46:354	37.5	20.9	0	0
2021-04-15 17:49:47:364	37.7	20.9	0	0
2021-04-15 17:49:48:352	37.7	21.1	0	0
2021-04-15 17:49:49:359	38	21.1	0	0
2021-04-15 17:49:50:367	38	21.1	0	0
2021-04-15 17:49:51:375	38	21.1	0	0
2021-04-15 17:49:53:377	38	20.9	0	0
2021-04-15 17:49:54:382	38	20.9	0	0
2021-04-15 17:49:55:390	38	20.9	0	0
2021-04-15 17:49:56:399	38	20.6	0	0
2021-04-15 17:49:57:390	38	20.9	0	0
2021-04-15 17:49:58:400	38	21.1	0	0
2021-04-15 17:49:59:405	38	21.1	0	0
2021-04-15 17:50:00:415	38	21.4	0	0
2021-04-15 17:50:01:405	37.7	0.2	0	0
2021-04-15 17:50:02:415	37.7	21.4	0	0
2021-04-15 17:50:03:422	37.7	21.6	0	0
2021-04-15 17:50:04:429	37.7	21.6	0	0
2021-04-15 17:50:05:437	37.7	21.6	0	0
2021-04-15 17:50:06:429	37.7	21.4	0	0
2021-04-15 17:50:07:435	37.7	21.4	0	0
2021-04-15 17:50:08:444	37.7	21.1	0	0
2021-04-15 17:50:09:453	38	21.1	0	0
2021-04-15 17:50:10:444	38	21.4	0	0
2021-04-15 17:50:11:451	38	21.2	0	0
2021-04-15 17:50:12:459	37.7	21.2	0	0
2021-04-15 17:50:13:467	37.5	20.9	0	0
2021-04-15 17:50:14:474	37.5	20.9	0	0
2021-04-15 17:50:15:465	37.2	20.9	0	0
2021-04-15 17:50:16:474	37.2	20.9	0	0
2021-04-15 17:50:17:482	37.2	20.9	0	0
2021-04-15 17:50:18:489	37.2	20.6	0	0
2021-04-15 17:50:19:481	37.2	20.6	0	0
2021-04-15 17:50:20:491	37.5	20.6	0	0
2021-04-15 17:50:21:499	37.7	20.6	0	0
2021-04-15 17:50:22:505	37.7	20.6	0	0
2021-04-15 17:50:23:497	38	2	0	0
2021-04-15 17:50:24:503	38	20.7	0	0
2021-04-15 17:50:25:514	37.7	20.7	0	0
2021-04-15 17:50:26:521	37.5	20.7	0	0
2021-04-15 17:50:27:527	37.5	20.7	0	0
2021-04-15 17:50:28:519	37.5	20.7	0	0
2021-04-15 17:50:29:527	37.5	20.7	0	0
2021-04-15 17:50:30:536	37.5	20.9	0	0
2021-04-15 17:50:31:542	37.5	21.2	0	0
2021-04-15 17:50:32:534	37.5	21.2	0	0
2021-04-15 17:50:33:543	37.7	21.4	0	0
2021-04-15 17:50:34:553	38	21.4	0	0
2021-04-15 17:50:35:559	38	21.4	0	0
2021-04-15 17:50:36:551	38	21.4	0	0
2021-04-15 17:50:37:558	38	21.4	0	0
2021-04-15 17:50:38:566	38	21.1	0	0
2021-04-15 17:50:39:575	38	20.9	0	0
2021-04-15 17:50:40:581	38	20.9	0	0
2021-04-15 17:50:41:575	37.7	20.7	0	0
2021-04-15 17:50:42:581	37.7	20.7	0	0
2021-04-15 17:50:43:590	37.5	20.6	0	0
2021-04-15 17:50:44:595	37.5	20.6	0	0
2021-04-15 17:50:45:589	37.5	20.6	0	0
2021-04-15 17:50:46:595	37.5	20.6	0	0
2021-04-15 17:50:47:603	37.5	20.6	0	0
2021-04-15 17:50:48:612	37.5	20.6	0	0
2021-04-15 17:50:50:612	37.7	20.6	0	0
2021-04-15 17:50:51:619	38	20.6	0	0
2021-04-15 17:50:52:627	38	20.6	0	0
2021-04-15 17:50:53:635	38	20.6	0	0
2021-04-15 17:50:54:627	38	20.9	0	0
2021-04-15 17:50:55:633	38	20.9	0	0
2021-04-15 17:50:56:643	37.7	20.9	0	0
2021-04-15 17:50:57:649	37.7	21.1	0	0
2021-04-15 17:50:58:642	37.7	21.4	0	0
2021-04-15 17:50:59:649	37.7	21.4	0	0
2021-04-15 17:51:00:655	37.7	21.4	0	0
2021-04-15 17:51:01:667	37.7	21.6	0	0
2021-04-15 17:51:02:675	37.7	21.4	0	0
2021-04-15 17:51:03:665	37.5	21.4	0	0
2021-04-15 17:51:04:673	37.7	21.4	0	0
2021-04-15 17:51:05:680	37.7	21.1	0	0
2021-04-15 17:51:06:687	37.7	21.1	0	0
2021-04-15 17:51:07:679	37.7	21.4	0	0
2021-04-15 17:51:08:688	37.7	21.6	0	0
2021-04-15 17:51:09:696	37.5	21.4	0	0
2021-04-15 17:51:10:703	37.5	21.6	0	0
2021-04-15 17:51:11:695	37.7	0.2	0	0
2021-04-15 17:51:12:705	37.7	21.9	0	0
2021-04-15 17:51:13:710	37.7	21.9	0	0
2021-04-15 17:51:14:719	37.7	21.6	0	0
2021-04-15 17:51:15:727	37.7	21.4	0	0
2021-04-15 17:51:16:718	37.7	21.1	0	0
2021-04-15 17:51:17:727	38	21.4	0	0
2021-04-15 17:51:18:734	38	21.1	0	0
2021-04-15 17:51:19:742	38	21.1	0	0
2021-04-15 17:51:20:733	38	21.1	0	0
2021-04-15 17:51:21:740	38	21.1	0	0
2021-04-15 17:51:22:748	38	21.1	0	0
2021-04-15 17:51:23:756	38	21.1	0	0
2021-04-15 17:51:24:750	38	2.1	0	0
2021-04-15 17:51:25:757	37.7	20.9	0	0
2021-04-15 17:51:26:763	37.7	20.9	0	0
2021-04-15 17:51:27:772	37.7	20.6	0	0
2021-04-15 17:51:28:778	37.7	20.6	0	0
2021-04-15 17:51:29:771	37.7	20.9	0	0
2021-04-15 17:51:30:779	37.5	20.9	0	0
2021-04-15 17:51:31:786	37.5	20.9	0	0
2021-04-15 17:51:32:793	37.5	20.9	0	0
2021-04-15 17:51:33:786	37.5	20.9	0	0
2021-04-15 17:51:34:793	37.5	20.9	0	0
2021-04-15 17:51:35:802	37.5	20.9	0	0
2021-04-15 17:51:36:811	37.5	21.2	0	0
2021-04-15 17:51:38:809	37.8	21.4	0	0
2021-04-15 17:51:39:817	37.5	21.4	0	0
2021-04-15 17:51:40:825	37.5	21.7	0	0
2021-04-15 17:51:41:833	37.8	21.9	0	0
2021-04-15 17:51:42:823	37.8	21.9	0	0
2021-04-15 17:51:43:830	37.8	21.9	0	0
2021-04-15 17:51:44:840	37.8	21.9	0	0
2021-04-15 17:51:45:850	37.8	21.6	0	0
2021-04-15 17:51:46:837	37.8	21.4	0	0
2021-04-15 17:51:47:846	38	21.4	0	0
2021-04-15 17:51:48:857	38	21.1	0	0
2021-04-15 17:51:49:865	38	20.8	0	0
2021-04-15 17:51:50:868	38	20.8	0	0
2021-04-15 17:51:51:860	38	20.8	0	0
2021-04-15 17:51:52:870	38	20.6	0	0
2021-04-15 17:51:53:876	38	20.6	0	0
2021-04-15 17:51:54:884	38	20.5	0	0
2021-04-15 17:51:55:878	38	20.5	0	0
2021-04-15 17:51:56:885	38	20.5	0	0
2021-04-15 17:51:57:892	38	20.5	0	0
2021-04-15 17:51:58:900	38	20.5	0	0
2021-04-15 17:51:59:893	38	0.2	0	0
2021-04-15 17:52:00:900	38	20.5	0	0
2021-04-15 17:52:01:908	37.7	20.5	0	0
2021-04-15 17:52:02:917	37.7	20.6	0	0
2021-04-15 17:52:03:924	37.7	20.8	0	0
2021-04-15 17:52:04:916	37.5	20.8	0	0
2021-04-15 17:52:05:924	37.4	20.8	0	0
2021-04-15 17:52:06:932	37.4	21.1	0	0
2021-04-15 17:52:07:938	37.4	21.1	0	0
2021-04-15 17:52:08:931	37.2	21.1	0	0
2021-04-15 17:52:09:939	37.4	21.1	0	0
2021-04-15 17:52:10:945	37.4	21.1	0	0
2021-04-15 17:52:11:954	37.4	21.1	0	0
2021-04-15 17:52:13:954	37.7	21.4	0	0
2021-04-15 17:52:14:960	37.7	21.1	0	0
2021-04-15 17:52:15:969	37.7	21.1	0	0
2021-04-15 17:52:16:978	37.9	21.4	0	0
2021-04-15 17:52:17:970	37.9	21.4	0	0
2021-04-15 17:52:18:975	37.9	21.4	0	0
2021-04-15 17:52:19:985	37.9	21.1	0	0
2021-04-15 17:52:20:992	37.9	20.9	0	0
2021-04-15 17:52:22:991	37.9	20.9	0	0
2021-04-15 17:52:23:999	37.9	20.9	0	0
2021-04-15 17:52:25:007	37.9	20.7	0	0
2021-04-15 17:52:26:014	37.9	20.7	0	0
2021-04-15 17:52:27:006	37.9	20.7	0	0
2021-04-15 17:52:28:014	37.9	20.7	0	0
2021-04-15 17:52:29:022	37.9	20.7	0	0
2021-04-15 17:52:30:029	37.9	20.7	0	0
2021-04-15 17:52:31:021	37.9	20.7	0	0
2021-04-15 17:52:32:029	37.9	20.7	0	0
2021-04-15 17:52:33:036	37.9	20.7	0	0
2021-04-15 17:52:34:044	37.9	20.7	0	0
2021-04-15 17:52:35:053	37.9	20.7	0	0
2021-04-15 17:52:36:045	37.9	20.9	0	0
2021-04-15 17:52:37:052	37.9	20.9	0	0
2021-04-15 17:52:38:059	37.9	20.9	0	0
2021-04-15 17:52:39:068	37.9	21.2	0	0
2021-04-15 17:52:40:060	37.7	21.2	0	0
2021-04-15 17:52:41:068	37.7	21.4	0	0
2021-04-15 17:52:42:075	37.7	21.4	0	0
2021-04-15 17:52:43:084	37.4	21.4	0	0
2021-04-15 17:52:44:090	37.4	21.4	0	0
2021-04-15 17:52:45:081	37.4	21.4	0	0
2021-04-15 17:52:46:091	37.4	21.3	0	0
2021-04-15 17:52:47:099	37.4	21.1	0	0
2021-04-15 17:52:48:107	37.7	21.1	0	0
2021-04-15 17:52:49:098	37.7	20.8	0	0
2021-04-15 17:52:50:104	37.7	20.8	0	0
2021-04-15 17:52:51:114	37.9	21.1	0	0
2021-04-15 17:52:52:121	37.9	21.1	0	0
2021-04-15 17:52:53:129	37.9	21.1	0	0
2021-04-15 17:52:54:120	37.9	21.1	0	0
2021-04-15 17:52:55:129	37.7	21.1	0	0
2021-04-15 17:52:56:136	37.4	21.1	0	0
2021-04-15 17:52:57:142	37.4	21.1	0	0
2021-04-15 17:52:58:135	37.4	21.1	0	0
2021-04-15 17:52:59:145	37.4	20.8	0	0
2021-04-15 17:53:00:151	37.4	20.6	0	0
2021-04-15 17:53:01:157	37.4	20.6	0	0
2021-04-15 17:53:02:165	37.4	20.6	0	0
2021-04-15 17:53:03:157	37.6	20.6	0	0
2021-04-15 17:53:04:166	37.9	20.6	0	0
2021-04-15 17:53:05:175	37.9	20.6	0	0
2021-04-15 17:53:06:181	37.9	20.6	0	0
2021-04-15 17:53:07:175	37.6	20.6	0	0
2021-04-15 17:53:08:182	37.7	20.7	0	0
2021-04-15 17:53:09:190	37.7	20.7	0	0
2021-04-15 17:53:10:195	37.7	20.7	0	0
2021-04-15 17:53:12:196	37.7	20.7	0	0
2021-04-15 17:53:13:203	37.7	20.7	0	0
2021-04-15 17:53:14:212	37.7	20.9	0	0
2021-04-15 17:53:15:219	37.7	20.9	0	0
2021-04-15 17:53:16:212	37.4	20.9	0	0
2021-04-15 17:53:17:220	37.2	20.9	0	0
2021-04-15 17:53:18:225	37.2	20.9	0	0
2021-04-15 17:53:19:235	37.2	20.9	0	0
2021-04-15 17:53:20:230	37.2	20.8	0	0
2021-04-15 17:53:21:235	37.2	20.8	0	0
2021-04-15 17:53:22:243	37.2	20.6	0	0
2021-04-15 17:53:23:251	37.4	20.6	0	0
2021-04-15 17:53:25:250	37.9	20.6	0	0
2021-04-15 17:53:26:257	37.7	20.6	0	0
2021-04-15 17:53:27:266	37.6	20.8	0	0
2021-04-15 17:53:28:273	37.6	20.8	0	0
2021-04-15 17:53:29:265	37.6	20.8	0	0
2021-04-15 17:53:30:273	37.6	20.9	0	0
2021-04-15 17:53:31:281	37.7	20.8	0	0
2021-04-15 17:53:32:288	37.7	20.8	0	0
2021-04-15 17:53:33:279	37.7	20.8	0	0
2021-04-15 17:53:34:288	37.9	20.8	0	0
2021-04-15 17:53:35:293	37.9	20.6	0	0
2021-04-15 17:53:36:302	37.9	20.6	0	0
2021-04-15 17:53:38:302	37.9	20.6	0	0
2021-04-15 17:53:39:312	37.9	20.8	0	0
2021-04-15 17:53:40:320	37.7	20.8	0	0
2021-04-15 17:53:41:326	37.7	20.8	0	0
2021-04-15 17:53:42:318	37.7	20.9	0	0
2021-04-15 17:53:43:325	37.7	20.8	0	0
2021-04-15 17:53:44:332	37.7	21.1	0	0
2021-04-15 17:53:45:341	37.7	21.1	0	0
2021-04-15 17:53:46:333	37.7	21.1	0	0
2021-04-15 17:53:47:341	37.7	20.8	0	0
2021-04-15 17:53:48:349	37.9	20.8	0	0
2021-04-15 17:53:49:356	37.9	20.8	0	0
2021-04-15 17:53:50:364	37.9	20.9	0	0
2021-04-15 17:53:51:355	37.9	20.9	0	0
2021-04-15 17:53:52:362	37.9	20.6	0	0
2021-04-15 17:53:53:371	37.9	20.6	0	0
2021-04-15 17:53:54:380	37.9	20.6	0	0
2021-04-15 17:53:55:372	37.9	20.6	0	0
2021-04-15 17:53:56:377	37.9	20.6	0	0
2021-04-15 17:53:57:387	37.9	20.6	0	0
2021-04-15 17:53:58:393	37.9	20.6	0	0
2021-04-15 17:53:59:388	37.7	20.6	0	0
2021-04-15 17:54:00:394	37.7	20.6	0	0
2021-04-15 17:54:01:402	37.7	20.8	0	0
2021-04-15 17:54:02:409	37.7	20.8	0	0
2021-04-15 17:54:04:410	37.7	21.3	0	0
2021-04-15 17:54:05:416	37.7	21.3	0	0
2021-04-15 17:54:06:425	37.7	21.3	0	0
2021-04-15 17:54:07:431	37.7	21.3	0	0
2021-04-15 17:54:08:424	37.7	21.3	0	0
2021-04-15 17:54:09:432	37.7	21.1	0	0
2021-04-15 17:54:10:439	37.7	21.1	0	0
2021-04-15 17:54:11:448	37.7	20.9	0	0
2021-04-15 17:54:12:437	37.7	20.6	0	0
2021-04-15 17:54:13:447	37.7	20.9	0	0
2021-04-15 17:54:14:455	37.7	20.9	0	0
2021-04-15 17:54:15:465	37.9	20.9	0	0
2021-04-15 17:54:16:470	37.9	20.9	0	0
2021-04-15 17:54:17:461	37.7	20.8	0	0
2021-04-15 17:54:18:471	37.7	21.1	0	0
2021-04-15 17:54:19:479	37.7	21.1	0	0
2021-04-15 17:54:20:487	37.7	21.1	0	0
2021-04-15 17:54:21:477	37.7	21.1	0	0
2021-04-15 17:54:22:485	37.7	21.1	0	0
2021-04-15 17:54:23:493	37.7	21.1	0	0
2021-04-15 17:54:24:501	37.7	21.1	0	0
2021-04-15 17:54:25:492	37.9	21.1	0	0
2021-04-15 17:54:26:501	37.9	20.8	0	0
2021-04-15 17:54:27:508	37.9	20.8	0	0
2021-04-15 17:54:28:516	37.9	20.8	0	0
2021-04-15 17:54:30:516	37.7	20.6	0	0
2021-04-15 17:54:31:523	37.7	20.6	0	0
2021-04-15 17:54:32:532	37.7	20.8	0	0
2021-04-15 17:54:33:538	37.4	20.8	0	0
2021-04-15 17:54:34:530	37.4	20.8	0	0
2021-04-15 17:54:35:538	37.4	20.8	0	0
2021-04-15 17:54:36:545	37.4	20.8	0	0
2021-04-15 17:54:37:555	37.2	20.8	0	0
2021-04-15 17:54:38:544	37.4	20.8	0	0
2021-04-15 17:54:39:553	37.2	20.8	0	0
2021-04-15 17:54:40:562	37.2	20.6	0	0
2021-04-15 17:54:41:569	37.4	20.6	0	0
2021-04-15 17:54:42:562	37.2	20.6	0	0
2021-04-15 17:54:43:568	37.2	20.6	0	0
2021-04-15 17:54:44:576	37.2	20.6	0	0
2021-04-15 17:54:45:585	37.4	20.6	0	0
2021-04-15 17:54:46:591	37.4	20.6	0	0
2021-04-15 17:54:47:584	37.7	20.6	0	0
2021-04-15 17:54:48:592	37.7	20.6	0	0
2021-04-15 17:54:49:599	37.7	20.6	0	0
2021-04-15 17:54:50:607	37.9	20.6	0	0
2021-04-15 17:54:51:599	37.9	20.6	0	0
2021-04-15 17:54:52:608	37.9	20.9	0	0
2021-04-15 17:54:53:614	37.9	20.9	0	0
2021-04-15 17:54:54:622	37.9	20.9	0	0
2021-04-15 17:54:55:614	37.9	20.9	0	0
2021-04-15 17:54:56:622	37.9	20.9	0	0
2021-04-15 17:54:57:630	37.9	20.8	0	0
2021-04-15 17:54:58:637	37.9	20.8	0	0
2021-04-15 17:54:59:646	37.7	20.8	0	0
2021-04-15 17:55:00:638	37.7	20.8	0	0
2021-04-15 17:55:01:645	37.7	20.8	0	0
2021-04-15 17:55:02:652	37.7	20.8	0	0
2021-04-15 17:55:03:659	37.7	21.1	0	0
2021-04-15 17:55:04:652	37.7	21.1	0	0
2021-04-15 17:55:05:659	37.7	21.1	0	0
2021-04-15 17:55:06:667	37.7	21.1	0	0
2021-04-15 17:55:07:675	37.7	21.1	0	0
2021-04-15 17:55:08:668	37.7	20.9	0	0
2021-04-15 17:55:09:676	37.4	20.8	0	0
2021-04-15 17:55:10:683	37.4	20.9	0	0
2021-04-15 17:55:11:692	37.4	20.6	0	0
2021-04-15 17:55:13:691	37.2	20.6	0	0
2021-04-15 17:55:14:698	37.2	20.6	0	0
2021-04-15 17:55:15:707	37.4	20.6	0	0
2021-04-15 17:55:16:714	37.5	20.6	0	0
2021-04-15 17:55:17:706	37.7	20.6	0	0
2021-04-15 17:55:18:713	37.7	20.9	0	0
2021-04-15 17:55:19:721	37.7	20.8	0	0
2021-04-15 17:55:20:729	37.9	20.9	0	0
2021-04-15 17:55:21:720	37.9	20.9	0	0
2021-04-15 17:55:22:728	37.9	20.9	0	0
2021-04-15 17:55:23:735	37.9	20.9	0	0
2021-04-15 17:55:24:743	37.9	20.9	0	0
2021-04-15 17:55:26:742	37.9	20.6	0	0
2021-04-15 17:55:27:751	37.9	20.6	0	0
2021-04-15 17:55:28:759	37.9	20.6	0	0
2021-04-15 17:55:29:767	37.9	20.6	0	0
2021-04-15 17:55:31:385	37.9	20.6	0	0
2021-04-15 17:55:31:765	37.9	20.6	0	0
2021-04-15 17:55:32:774	37.9	20.6	0	0
2021-04-15 17:55:33:782	37.9	20.6	0	0
2021-04-15 17:55:34:773	37.9	20.6	0	0
2021-04-15 17:55:35:781	37.9	20.6	0	0
2021-04-15 17:55:36:790	37.7	20.6	0	0
2021-04-15 17:55:37:796	37.7	20.6	0	0
2021-04-15 17:55:38:789	37.7	20.6	0	0
2021-04-15 17:55:39:796	37.7	20.6	0	0
2021-04-15 17:55:40:804	37.7	20.6	0	0
2021-04-15 17:55:41:813	37.7	20.6	0	0
2021-04-15 17:55:43:810	37.7	20.6	0	0
2021-04-15 17:55:44:818	37.9	20.6	0	0
2021-04-15 17:55:45:828	37.9	20.9	0	0
2021-04-15 17:55:46:836	37.9	21.1	0	0
2021-04-15 17:55:47:828	37.9	21.4	0	0
2021-04-15 17:55:48:834	37.9	21.4	0	0
2021-04-15 17:55:49:842	37.9	21.4	0	0
2021-04-15 17:55:50:851	37.7	21.4	0	0
2021-04-15 17:55:51:844	37.4	21.4	0	0
2021-04-15 17:55:52:851	37.2	21.4	0	0
2021-04-15 17:55:53:858	37.2	21.1	0	0
2021-04-15 17:55:54:865	37.2	21.1	0	0
2021-04-15 17:55:55:856	37.2	20.9	0	0
2021-04-15 17:55:56:864	37.2	20.9	0	0
2021-04-15 17:55:57:872	37.2	20.9	0	0
2021-04-15 17:55:58:881	37.5	20.8	0	0
2021-04-15 17:56:00:879	37.9	20.8	0	0
2021-04-15 17:56:01:888	37.7	20.9	0	0
2021-04-15 17:56:02:896	37.5	20.6	0	0
2021-04-15 17:56:03:902	37.2	20.6	0	0
2021-04-15 17:56:04:896	37.2	20.9	0	0
2021-04-15 17:56:05:903	37.2	20.9	0	0
2021-04-15 17:56:06:910	37.2	20.9	0	0
2021-04-15 17:56:07:919	37.2	20.8	0	0
2021-04-15 17:56:08:909	37.2	21.1	0	0
2021-04-15 17:56:09:919	37.4	21.1	0	0
2021-04-15 17:56:10:926	37.4	21.1	0	0
2021-04-15 17:56:11:932	37.7	21.1	0	0
2021-04-15 17:56:12:926	37.7	20.8	0	0
2021-04-15 17:56:13:934	37.4	20.8	0	0
2021-04-15 17:56:14:942	37.2	20.8	0	0
2021-04-15 17:56:15:949	37.2	21.1	0	0
2021-04-15 17:56:16:957	37.2	20.8	0	0
2021-04-15 17:56:17:948	37.2	20.8	0	0
2021-04-15 17:56:18:957	37.4	20.9	0	0
2021-04-15 17:56:19:963	37.4	20.9	0	0
2021-04-15 17:56:20:972	37.4	20.9	0	0
2021-04-15 17:56:21:962	37.7	21.1	0	0
2021-04-15 17:56:22:972	37.9	21.1	0	0
2021-04-15 17:56:23:979	37.9	20.9	0	0
2021-04-15 17:56:24:987	37.9	20.9	0	0
2021-04-15 17:56:25:979	37.7	20.8	0	0
2021-04-15 17:56:26:984	37.7	20.8	0	0
2021-04-15 17:56:27:994	37.7	20.8	0	0
2021-04-15 17:56:29:002	37.7	20.8	0	0
2021-04-15 17:56:30:010	37.4	20.6	0	0
2021-04-15 17:56:31:001	37.4	20.6	0	0
2021-04-15 17:56:32:009	37.4	20.6	0	0
2021-04-15 17:56:33:016	37.4	20.6	0	0
2021-04-15 17:56:34:026	37.7	20.9	0	0
2021-04-15 17:56:35:016	37.7	20.9	0	0
2021-04-15 17:56:36:023	37.7	20.9	0	0
2021-04-15 17:56:37:032	37.7	20.9	0	0
2021-04-15 17:56:38:041	37.9	20.9	0	0
2021-04-15 17:56:39:031	37.9	20.9	0	0
2021-04-15 17:56:40:040	37.7	20.9	0	0
2021-04-15 17:56:41:048	37.4	20.9	0	0
2021-04-15 17:56:42:054	37.4	20.9	0	0
2021-04-15 17:56:44:055	37.4	21.1	0	0
2021-04-15 17:56:45:061	37.4	21.1	0	0
2021-04-15 17:56:46:070	37.4	21.1	0	0
2021-04-15 17:56:47:077	37.2	21.1	0	0
2021-04-15 17:56:48:070	37.4	21.1	0	0
2021-04-15 17:56:49:077	37.4	21.1	0	0
2021-04-15 17:56:50:086	37.5	21.1	0	0
2021-04-15 17:56:51:092	37.5	21.1	0	0
2021-04-15 17:56:52:085	37.4	20.9	0	0
2021-04-15 17:56:53:091	37.4	20.8	0	0
2021-04-15 17:56:54:100	37.5	20.8	0	0
2021-04-15 17:56:55:109	37.7	20.8	0	0
2021-04-15 17:56:56:100	37.7	2	0	0
2021-04-15 17:56:57:109	37.9	21.1	0	0
2021-04-15 17:56:58:116	37.9	20.8	0	0
2021-04-15 17:56:59:124	37.7	20.8	0	0
2021-04-15 17:57:00:131	37.7	20.8	0	0
2021-04-15 17:57:01:123	37.7	20.8	0	0
2021-04-15 17:57:02:130	37.7	20.8	0	0
2021-04-15 17:57:03:138	37.7	20.8	0	0
2021-04-15 17:57:04:152	37.7	20.8	0	0
2021-04-15 17:57:05:138	37.7	20.6	0	0
2021-04-15 17:57:06:144	37.7	20.6	0	0
2021-04-15 17:57:07:152	37.7	20.6	0	0
2021-04-15 17:57:08:161	37.7	20.6	0	0
2021-04-15 17:57:09:153	37.7	20.6	0	0
2021-04-15 17:57:10:162	37.7	20.6	0	0
2021-04-15 17:57:11:168	37.7	20.6	0	0
2021-04-15 17:57:12:175	37.7	20.6	0	0
2021-04-15 17:57:13:184	37.7	20.6	0	0
2021-04-15 17:57:14:174	37.7	20.6	0	0
2021-04-15 17:57:15:182	37.9	20.6	0	0
2021-04-15 17:57:16:192	37.9	20.9	0	0
2021-04-15 17:57:17:200	37.7	20.9	0	0
2021-04-15 17:57:18:192	37.7	20.9	0	0
2021-04-15 17:57:19:198	37.7	21.1	0	0
2021-04-15 17:57:20:206	37.7	21.1	0	0
2021-04-15 17:57:21:215	37.7	21.1	0	0
2021-04-15 17:57:22:206	37.7	21.3	0	0
2021-04-15 17:57:23:214	37.7	21.3	0	0
2021-04-15 17:57:24:223	37.7	21.1	0	0
2021-04-15 17:57:25:229	37.7	21.1	0	0
2021-04-15 17:57:26:240	37.4	21.1	0	0
2021-04-15 17:57:27:230	37.4	20.8	0	0
2021-04-15 17:57:28:239	37.4	20.9	0	0
2021-04-15 17:57:29:244	37.2	20.9	0	0
2021-04-15 17:57:30:254	37.2	20.6	0	0
2021-04-15 17:57:31:243	37.2	20.6	0	0
2021-04-15 17:57:32:253	37.2	20.9	0	0
2021-04-15 17:57:33:261	37.4	20.9	0	0
2021-04-15 17:57:34:268	37.7	20.9	0	0
2021-04-15 17:57:35:260	37.7	0.2	0	0
2021-04-15 17:57:36:271	37.4	20.9	0	0
2021-04-15 17:57:37:276	37.7	20.9	0	0
2021-04-15 17:57:38:284	37.7	20.9	0	0
2021-04-15 17:57:39:290	37.7	20.9	0	0
2021-04-15 17:57:40:281	37.7	20.6	0	0
2021-04-15 17:57:41:290	37.7	20.6	0	0
2021-04-15 17:57:42:297	37.7	20.6	0	0
2021-04-15 17:57:43:306	37.4	20.6	0	0
2021-04-15 17:57:44:298	37.7	20.8	0	0
2021-04-15 17:57:45:304	37.7	20.8	0	0
2021-04-15 17:57:46:313	37.7	21.1	0	0
2021-04-15 17:57:47:320	37.7	21.1	0	0
2021-04-15 17:57:49:320	37.7	21.1	0	0
2021-04-15 17:57:50:328	37.7	21.1	0	0
2021-04-15 17:57:51:336	37.9	21.1	0	0
2021-04-15 17:57:52:343	37.9	21.1	0	0
2021-04-15 17:57:53:336	37.7	21.1	0	0
2021-04-15 17:57:54:344	37.7	20.9	0	0
2021-04-15 17:57:55:351	37.7	20.9	0	0
2021-04-15 17:57:56:360	37.4	20.8	0	0
2021-04-15 17:57:57:351	37.4	20.9	0	0
2021-04-15 17:57:58:358	37.4	20.9	0	0
2021-04-15 17:57:59:367	37.2	20.9	0	0
2021-04-15 17:58:00:374	37.2	20.9	0	0
2021-04-15 17:58:02:375	37.2	21.1	0	0
2021-04-15 17:58:03:380	37.2	21.4	0	0
2021-04-15 17:58:04:389	37.2	21.4	0	0
2021-04-15 17:58:05:397	37.2	21.6	0	0
2021-04-15 17:58:06:390	37.2	21.6	0	0
2021-04-15 17:58:07:397	37.4	21.6	0	0
2021-04-15 17:58:08:404	37.4	21.4	0	0
2021-04-15 17:58:09:414	37.7	21.6	0	0
2021-04-15 17:58:10:404	37.7	21.4	0	0
2021-04-15 17:58:11:411	37.7	21.4	0	0
2021-04-15 17:58:12:418	37.9	21.4	0	0
2021-04-15 17:58:13:428	37.9	21.1	0	0
2021-04-15 17:58:15:426	37.9	21.1	0	0
2021-04-15 17:58:16:434	37.9	21.1	0	0
2021-04-15 17:58:17:441	37.9	20.9	0	0
2021-04-15 17:58:18:450	37.9	20.9	0	0
2021-04-15 17:58:19:443	37.9	20.7	0	0
2021-04-15 17:58:20:449	37.9	20.7	0	0
2021-04-15 17:58:21:459	37.9	20.9	0	0
2021-04-15 17:58:22:464	37.9	20.9	0	0
2021-04-15 17:58:23:456	37.9	20.9	0	0
2021-04-15 17:58:24:464	37.9	21.1	0	0
2021-04-15 17:58:25:474	37.9	21.1	0	0
2021-04-15 17:58:26:480	37.7	21.1	0	0
2021-04-15 17:58:28:480	37.7	21.4	0	0
2021-04-15 17:58:29:488	37.4	21.1	0	0
2021-04-15 17:58:30:495	37.4	21.1	0	0
2021-04-15 17:58:31:502	37.5	21.1	0	0
2021-04-15 17:58:32:493	37.2	20.9	0	0
2021-04-15 17:58:33:501	37.2	20.9	0	0
2021-04-15 17:58:34:512	37.5	20.9	0	0
2021-04-15 17:58:35:523	37.5	20.9	0	0
2021-04-15 17:58:36:512	37.4	20.7	0	0
2021-04-15 17:58:37:520	37.7	20.7	0	0
2021-04-15 17:58:38:527	37.7	20.7	0	0
2021-04-15 17:58:39:532	37.7	20.7	0	0
2021-04-15 17:58:41:531	37.9	20.6	0	0
2021-04-15 17:58:42:539	37.9	20.6	0	0
2021-04-15 17:58:43:548	37.9	20.6	0	0
2021-04-15 17:58:44:557	37.9	20.9	0	0
2021-04-15 17:58:45:548	37.7	20.9	0	0
2021-04-15 17:58:46:555	37.7	20.9	0	0
2021-04-15 17:58:47:562	37.7	20.9	0	0
2021-04-15 17:58:48:572	37.7	20.9	0	0
2021-04-15 17:58:49:563	37.7	20.9	0	0
2021-04-15 17:58:50:570	37.7	20.9	0	0
2021-04-15 17:58:51:579	37.7	20.9	0	0
2021-04-15 17:58:52:588	37.7	20.9	0	0
2021-04-15 17:58:54:586	37.9	20.9	0	0
2021-04-15 17:58:55:594	37.9	20.9	0	0
2021-04-15 17:58:56:602	37.9	20.9	0	0
2021-04-15 17:58:57:608	37.9	20.9	0	0
2021-04-15 17:58:58:603	37.9	20.9	0	0
2021-04-15 17:58:59:609	37.7	20.9	0	0
2021-04-15 17:59:00:617	37.7	20.6	0	0
2021-04-15 17:59:01:623	37.7	20.6	0	0
2021-04-15 17:59:02:615	37.4	20.6	0	0
2021-04-15 17:59:03:627	37.4	20.6	0	0
2021-04-15 17:59:04:630	37.4	20.6	0	0
2021-04-15 17:59:05:638	37.4	20.7	0	0
2021-04-15 17:59:07:641	37.4	20.6	0	0
2021-04-15 17:59:08:649	37.2	20.6	0	0
2021-04-15 17:59:09:653	37.2	20.6	0	0
2021-04-15 17:59:10:663	37.4	20.6	0	0
2021-04-15 17:59:11:654	37.2	20.6	0	0
2021-04-15 17:59:12:662	37.2	20.6	0	0
2021-04-15 17:59:13:670	37.2	20.6	0	0
2021-04-15 17:59:14:677	37.2	20.6	0	0
2021-04-15 17:59:15:670	37.4	20.9	0	0
2021-04-15 17:59:16:677	37.4	20.9	0	0
2021-04-15 17:59:17:685	37.2	20.9	0	0
2021-04-15 17:59:18:693	37.2	20.9	0	0
2021-04-15 17:59:19:702	37.4	21.1	0	0
2021-04-15 17:59:20:691	37.4	21.1	0	0
2021-04-15 17:59:21:700	37.4	21.1	0	0
2021-04-15 17:59:22:708	37.4	21.1	0	0
2021-04-15 17:59:23:714	37.4	21.1	0	0
2021-04-15 17:59:24:708	37.7	21.1	0	0
2021-04-15 17:59:25:716	37.9	21.1	0	0
2021-04-15 17:59:26:724	37.9	21.1	0	0
2021-04-15 17:59:27:729	37.9	20.9	0	0
2021-04-15 17:59:28:723	37.9	20.9	0	0
2021-04-15 17:59:29:731	37.9	21.1	0	0
2021-04-15 17:59:30:738	37.9	21.1	0	0
2021-04-15 17:59:31:747	37.9	20.9	0	0
2021-04-15 17:59:32:753	37.9	20.9	0	0
2021-04-15 17:59:33:744	37.9	21.1	0	0
2021-04-15 17:59:34:752	37.7	21.1	0	0
2021-04-15 17:59:35:760	37.7	21.1	0	0
2021-04-15 17:59:36:769	37.7	21.3	0	0
2021-04-15 17:59:37:761	37.7	21.1	0	0
2021-04-15 17:59:38:769	37.7	21.1	0	0
2021-04-15 17:59:39:775	37.7	21.1	0	0
2021-04-15 17:59:40:784	37.7	21.3	0	0
2021-04-15 17:59:41:776	37.7	0.2	0	0
2021-04-15 17:59:42:783	37.7	21.1	0	0
2021-04-15 17:59:43:792	37.4	21.1	0	0
2021-04-15 17:59:44:799	37.4	21.1	0	0
2021-04-15 17:59:45:807	37.4	21.1	0	0
2021-04-15 17:59:46:799	37.4	21.1	0	0
2021-04-15 17:59:47:807	37.2	21.1	0	0
2021-04-15 17:59:48:814	37.2	21.1	0	0
2021-04-15 17:59:49:822	37.2	21.1	0	0
2021-04-15 17:59:50:815	37.4	21.1	0	0
2021-04-15 17:59:51:822	37.7	21.1	0	0
2021-04-15 17:59:52:829	37.7	21.1	0	0
2021-04-15 17:59:53:838	37.4	21.1	0	0
2021-04-15 17:59:55:837	37.7	21.1	0	0
2021-04-15 17:59:56:846	37.7	20.8	0	0
2021-04-15 17:59:57:853	37.7	21.1	0	0
2021-04-15 17:59:58:861	37.7	21.3	0	0
2021-04-15 17:59:59:850	37.7	21.3	0	0
2021-04-15 18:00:00:860	37.7	21.1	0	0
2021-04-15 18:00:01:866	37.9	21.1	0	0
2021-04-15 18:00:02:874	37.9	21.1	0	0
2021-04-15 18:00:03:869	37.9	21.1	0	0
2021-04-15 18:00:04:873	37.9	21.4	0	0
2021-04-15 18:00:05:882	37.9	21.1	0	0
2021-04-15 18:00:06:891	37.9	20.9	0	0
2021-04-15 18:00:07:898	37.9	20.9	0	0
2021-04-15 18:00:08:891	37.9	20.9	0	0
2021-04-15 18:00:09:899	37.9	20.9	0	0
2021-04-15 18:00:10:905	37.7	20.9	0	0
2021-04-15 18:00:11:912	37.7	20.9	0	0
2021-04-15 18:00:12:903	37.7	20.6	0	0
2021-04-15 18:00:13:911	37.5	20.6	0	0
2021-04-15 18:00:14:920	37.5	20.9	0	0
2021-04-15 18:00:15:927	37.5	20.9	0	0
2021-04-15 18:00:16:939	37.5	20.9	0	0
2021-04-15 18:00:17:928	37.5	20.9	0	0
2021-04-15 18:00:18:936	37.7	20.9	0	0
2021-04-15 18:00:19:942	37.7	20.9	0	0
2021-04-15 18:00:20:950	37.7	20.9	0	0
2021-04-15 18:00:21:944	37.9	20.9	0	0
2021-04-15 18:00:22:952	37.9	20.9	0	0
2021-04-15 18:00:23:959	37.9	20.9	0	0
2021-04-15 18:00:24:965	37.7	20.9	0	0
2021-04-15 18:00:26:964	37.7	21.2	0	0
2021-04-15 18:00:27:975	37.7	21.1	0	0
2021-04-15 18:00:28:982	37.4	21.1	0	0
2021-04-15 18:00:29:990	37.4	21.4	0	0
2021-04-15 18:00:30:982	37.2	21.1	0	0
2021-04-15 18:00:31:988	37.2	21.1	0	0
2021-04-15 18:00:32:997	37.5	21.1	0	0
2021-04-15 18:00:34:005	37.5	21.1	0	0
2021-04-15 18:00:34:995	37.5	20.9	0	0
2021-04-15 18:00:36:002	37.5	20.8	0	0
2021-04-15 18:00:37:010	37.7	21.1	0	0
2021-04-15 18:00:38:018	37.7	20.9	0	0
2021-04-15 18:00:39:028	37.9	20.9	0	0
2021-04-15 18:00:40:018	37.7	20.8	0	0
2021-04-15 18:00:41:028	37.7	20.8	0	0
2021-04-15 18:00:42:034	37.7	20.9	0	0
2021-04-15 18:00:43:043	37.7	20.9	0	0
2021-04-15 18:00:44:035	37.7	20.9	0	0
2021-04-15 18:00:45:043	37.7	20.6	0	0
2021-04-15 18:00:46:048	37.7	20.6	0	0
2021-04-15 18:00:47:058	37.7	20.6	0	0
2021-04-15 18:00:49:056	37.9	20.6	0	0
2021-04-15 18:00:50:066	37.9	20.6	0	0
2021-04-15 18:00:51:071	37.9	20.6	0	0
2021-04-15 18:00:52:081	37.9	20.8	0	0
2021-04-15 18:00:53:072	37.9	20.8	0	0
2021-04-15 18:00:54:080	37.9	20.7	0	0
2021-04-15 18:00:55:088	37.9	20.7	0	0
2021-04-15 18:00:56:094	37.9	20.9	0	0
2021-04-15 18:00:57:086	37.9	21.2	0	0
2021-04-15 18:00:58:096	37.9	21.1	0	0
2021-04-15 18:00:59:104	37.9	21.2	0	0
2021-04-15 18:01:00:112	37.7	20.9	0	0
2021-04-15 18:01:01:121	37.4	21	0	0
2021-04-15 18:01:02:111	37.4	21.2	0	0
2021-04-15 18:01:03:118	37.4	21.3	0	0
2021-04-15 18:01:04:128	37.4	21	0	0
2021-04-15 18:01:05:135	37.4	20.7	0	0
2021-04-15 18:01:06:127	37.4	21	0	0
2021-04-15 18:01:07:132	37.4	21	0	0
2021-04-15 18:01:08:140	37.6	21	0	0
2021-04-15 18:01:09:149	37.9	21	0	0
2021-04-15 18:01:11:148	37.9	21	0	0
2021-04-15 18:01:12:156	37.9	21	0	0
2021-04-15 18:01:13:165	37.9	21.3	0	0
2021-04-15 18:01:14:173	37.9	21	0	0
2021-04-15 18:01:15:164	37.9	21	0	0
2021-04-15 18:01:16:171	37.9	21	0	0
2021-04-15 18:01:17:179	37.6	21	0	0
2021-04-15 18:01:18:188	37.6	21.1	0	0
2021-04-15 18:01:19:179	37.6	0.2	0	0
2021-04-15 18:01:20:187	37.6	20.8	0	0
2021-04-15 18:01:21:197	37.6	20.6	0	0
2021-04-15 18:01:22:201	37.6	20.6	0	0
2021-04-15 18:01:23:210	37.4	20.6	0	0
2021-04-15 18:01:24:202	37.4	20.6	0	0
2021-04-15 18:01:25:210	37.6	20.6	0	0
2021-04-15 18:01:26:216	37.7	20.6	0	0
2021-04-15 18:01:27:224	37.4	20.6	0	0
2021-04-15 18:01:28:218	37.4	20.6	0	0
2021-04-15 18:01:29:223	37.4	20.6	0	0
2021-04-15 18:01:30:231	37.4	20.6	0	0
2021-04-15 18:01:31:240	37.6	20.6	0	0
2021-04-15 18:01:32:247	37.6	20.6	0	0
2021-04-15 18:01:33:239	37.6	20.6	0	0
2021-04-15 18:01:34:247	37.6	20.6	0	0
2021-04-15 18:01:35:256	37.9	20.6	0	0
2021-04-15 18:01:36:263	37.9	20.6	0	0
2021-04-15 18:01:37:256	37.9	20.8	0	0
2021-04-15 18:01:38:261	37.9	20.8	0	0
2021-04-15 18:01:39:270	37.9	21.1	0	0
2021-04-15 18:01:40:278	37.9	21.1	0	0
2021-04-15 18:01:41:288	37.9	21.3	0	0
2021-04-15 18:01:42:279	37.9	21.6	0	0
2021-04-15 18:01:43:285	37.9	21.6	0	0
2021-04-15 18:01:44:293	37.9	21.6	0	0
2021-04-15 18:01:45:301	37.9	21.4	0	0
2021-04-15 18:01:46:292	37.9	21.4	0	0
2021-04-15 18:01:47:300	37.9	21.1	0	0
2021-04-15 18:01:48:310	37.9	21.2	0	0
2021-04-15 18:01:49:315	37.9	20.9	0	0
2021-04-15 18:01:51:317	37.9	20.7	0	0
2021-04-15 18:01:52:323	37.9	20.7	0	0
2021-04-15 18:01:53:331	37.9	20.7	0	0
2021-04-15 18:01:54:339	37.9	20.7	0	0
2021-04-15 18:01:55:330	37.9	20.7	0	0
2021-04-15 18:01:56:338	37.9	20.7	0	0
2021-04-15 18:01:57:346	37.9	20.7	0	0
2021-04-15 18:01:58:353	37.9	20.7	0	0
2021-04-15 18:01:59:345	37.9	20.7	0	0
2021-04-15 18:02:00:354	37.9	20.7	0	0
2021-04-15 18:02:01:361	37.9	20.7	0	0
2021-04-15 18:02:02:369	37.9	20.7	0	0
2021-04-15 18:02:03:376	37.9	20.7	0	0
2021-04-15 18:02:04:368	37.9	20.7	0	0
2021-04-15 18:02:05:377	37.9	20.7	0	0
2021-04-15 18:02:06:386	37.9	20.7	0	0
2021-04-15 18:02:07:391	37.9	20.7	0	0
2021-04-15 18:02:08:383	37.9	20.7	0	0
2021-04-15 18:02:09:392	37.9	20.7	0	0
2021-04-15 18:02:10:399	37.9	20.7	0	0
2021-04-15 18:02:11:407	37.7	20.6	0	0
2021-04-15 18:02:12:398	37.7	20.6	0	0
2021-04-15 18:02:13:408	37.7	20.9	0	0
2021-04-15 18:02:14:416	37.6	20.8	0	0
2021-04-15 18:02:15:422	37.6	20.9	0	0
2021-04-15 18:02:16:431	37.6	20.9	0	0
2021-04-15 18:02:17:423	37.4	20.9	0	0
2021-04-15 18:02:18:428	37.4	21.1	0	0
2021-04-15 18:02:19:436	37.6	21.4	0	0
2021-04-15 18:02:20:444	37.6	21.4	0	0
2021-04-15 18:02:21:437	37.6	21.1	0	0
2021-04-15 18:02:22:444	37.6	21.1	0	0
2021-04-15 18:02:23:451	37.6	21.2	0	0
2021-04-15 18:02:24:459	37.6	21.2	0	0
2021-04-15 18:02:26:460	37.6	20.9	0	0
2021-04-15 18:02:27:470	37.6	20.7	0	0
2021-04-15 18:02:28:474	37.6	20.7	0	0
2021-04-15 18:02:29:485	37.6	20.7	0	0
2021-04-15 18:02:30:475	37.6	20.7	0	0
2021-04-15 18:02:31:482	37.4	20.7	0	0
2021-04-15 18:02:32:492	37.4	20.7	0	0
2021-04-15 18:02:33:500	37.6	20.9	0	0
2021-04-15 18:02:34:489	37.6	20.9	0	0
2021-04-15 18:02:35:496	37.6	20.9	0	0
2021-04-15 18:02:36:505	37.6	20.9	0	0
2021-04-15 18:02:37:513	37.6	21.1	0	0
2021-04-15 18:02:39:512	37.9	21.1	0	0
2021-04-15 18:02:40:521	37.9	21.1	0	0
2021-04-15 18:02:41:529	37.9	20.9	0	0
2021-04-15 18:02:42:536	37.9	20.9	0	0
2021-04-15 18:02:43:529	37.9	20.9	0	0
2021-04-15 18:02:44:536	37.9	20.9	0	0
2021-04-15 18:02:45:545	37.9	20.7	0	0
2021-04-15 18:02:46:553	37.7	20.7	0	0
2021-04-15 18:02:47:542	37.7	20.7	0	0
2021-04-15 18:02:48:551	37.4	20.7	0	0
2021-04-15 18:02:49:558	37.2	20.7	0	0
2021-04-15 18:02:50:567	37.2	20.7	0	0
2021-04-15 18:02:51:559	37.2	2	0	0
2021-04-15 18:02:52:565	37.2	20.7	0	0
2021-04-15 18:02:53:574	37.2	20.7	0	0
2021-04-15 18:02:54:581	37.4	20.7	0	0
2021-04-15 18:02:55:590	37.4	20.7	0	0
2021-04-15 18:02:56:582	37.4	20.7	0	0
2021-04-15 18:02:57:590	37.6	20.7	0	0
2021-04-15 18:02:58:596	37.6	20.7	0	0
2021-04-15 18:02:59:605	37.6	20.9	0	0
2021-04-15 18:03:00:597	37.7	20.9	0	0
2021-04-15 18:03:01:604	37.7	20.9	0	0
2021-04-15 18:03:02:614	37.7	20.9	0	0
2021-04-15 18:03:03:629	37.7	20.9	0	0
2021-04-15 18:03:05:620	37.9	20.9	0	0
2021-04-15 18:03:06:628	37.9	20.9	0	0
2021-04-15 18:03:07:633	37.9	20.7	0	0
2021-04-15 18:03:08:642	37.9	20.7	0	0
2021-04-15 18:03:09:635	37.9	20.7	0	0
2021-04-15 18:03:10:642	37.9	20.7	0	0
2021-04-15 18:03:11:650	37.9	20.7	0	0
2021-04-15 18:03:12:661	37.9	20.7	0	0
2021-04-15 18:03:13:648	37.9	20.7	0	0
2021-04-15 18:03:14:656	37.9	20.7	0	0
2021-04-15 18:03:15:665	37.9	20.7	0	0
2021-04-15 18:03:16:672	37.9	20.7	0	0
2021-04-15 18:03:17:668	37.9	20.7	0	0
2021-04-15 18:03:18:672	37.9	20.7	0	0
2021-04-15 18:03:19:680	37.9	20.7	0	0
2021-04-15 18:03:20:689	37.6	20.7	0	0
2021-04-15 18:03:22:688	37.6	20.7	0	0
2021-04-15 18:03:23:696	37.6	20.9	0	0
2021-04-15 18:03:24:703	37.6	20.9	0	0
2021-04-15 18:03:25:712	37.6	21.1	0	0
2021-04-15 18:03:26:704	37.7	21.3	0	0
2021-04-15 18:03:27:710	37.4	21.3	0	0
2021-04-15 18:03:28:721	37.7	21.6	0	0
2021-04-15 18:03:29:726	37.7	21.6	0	0
2021-04-15 18:03:30:717	37.7	21.6	0	0
2021-04-15 18:03:31:724	37.4	21.4	0	0
2021-04-15 18:03:32:733	37.4	21.4	0	0
2021-04-15 18:03:33:740	37.2	21.1	0	0
2021-04-15 18:03:35:741	37.4	21.2	0	0
2021-04-15 18:03:36:747	37.4	20.9	0	0
2021-04-15 18:03:37:755	37.4	20.9	0	0
2021-04-15 18:03:38:762	37.4	20.9	0	0
2021-04-15 18:03:39:757	37.6	20.9	0	0
2021-04-15 18:03:40:765	37.4	20.9	0	0
2021-04-15 18:03:41:773	37.4	20.9	0	0
2021-04-15 18:03:42:778	37.4	20.9	0	0
2021-04-15 18:03:43:770	37.4	20.7	0	0
2021-04-15 18:03:44:779	37.4	20.7	0	0
2021-04-15 18:03:45:787	37.4	20.7	0	0
2021-04-15 18:03:46:793	37.4	20.7	0	0
2021-04-15 18:03:48:792	37.6	20.7	0	0
2021-04-15 18:03:49:801	37.9	20.7	0	0
2021-04-15 18:03:50:809	37.9	20.7	0	0
2021-04-15 18:03:51:816	37.9	20.9	0	0
2021-04-15 18:03:52:809	37.9	20.9	0	0
2021-04-15 18:03:53:815	37.9	20.9	0	0
2021-04-15 18:03:54:825	37.9	20.9	0	0
2021-04-15 18:03:55:833	37.9	21.1	0	0
2021-04-15 18:03:56:824	37.9	21.1	0	0
2021-04-15 18:03:57:832	37.9	21.1	0	0
2021-04-15 18:03:58:841	37.9	21.1	0	0
2021-04-15 18:03:59:849	37.9	20.9	0	0
2021-04-15 18:04:00:839	37.9	20.9	0	0
2021-04-15 18:04:01:846	37.9	21.1	0	0
2021-04-15 18:04:02:855	37.9	21.1	0	0
2021-04-15 18:04:03:864	37.9	20.9	0	0
2021-04-15 18:04:05:862	37.9	21.1	0	0
2021-04-15 18:04:06:872	37.9	21.1	0	0
2021-04-15 18:04:07:877	37.9	21.1	0	0
2021-04-15 18:04:08:885	37.9	21.3	0	0
2021-04-15 18:04:09:877	37.6	21.1	0	0
2021-04-15 18:04:10:950	37.6	21.4	0	0
2021-04-15 18:04:11:892	37.6	21.4	0	0
2021-04-15 18:04:12:899	37.6	21.3	0	0
2021-04-15 18:04:13:891	37.6	21.1	0	0
2021-04-15 18:04:14:899	37.6	21.1	0	0
2021-04-15 18:04:15:907	37.6	21.1	0	0
2021-04-15 18:04:16:916	37.4	20.8	0	0
2021-04-15 18:04:17:922	37.6	20.8	0	0
2021-04-15 18:04:18:915	37.6	20.6	0	0
2021-04-15 18:04:19:923	37.6	20.6	0	0
2021-04-15 18:04:20:929	37.6	20.8	0	0
2021-04-15 18:04:21:938	37.6	20.8	0	0
2021-04-15 18:04:22:931	37.6	20.8	0	0
2021-04-15 18:04:23:937	37.6	20.8	0	0
2021-04-15 18:04:24:948	37.9	20.9	0	0
2021-04-15 18:04:25:954	37.6	20.8	0	0
2021-04-15 18:04:26:948	37.4	2	0	0
2021-04-15 18:04:27:955	37.4	21.1	0	0
2021-04-15 18:04:28:962	37.4	20.8	0	0
2021-04-15 18:04:29:968	37.4	20.9	0	0
2021-04-15 18:04:30:975	37.4	20.9	0	0
2021-04-15 18:04:31:969	37.4	21.1	0	0
2021-04-15 18:04:32:975	37.4	21.1	0	0
2021-04-15 18:04:33:985	37.6	21.1	0	0
2021-04-15 18:04:34:991	37.9	21.1	0	0
2021-04-15 18:04:35:985	37.9	20.9	0	0
2021-04-15 18:04:36:991	37.9	20.9	0	0
2021-04-15 18:04:38:001	37.9	21.1	0	0
2021-04-15 18:04:39:008	37.9	21.1	0	0
2021-04-15 18:04:41:008	37.6	20.9	0	0
2021-04-15 18:04:42:013	37.7	21.1	0	0
2021-04-15 18:04:43:023	37.7	21.4	0	0
2021-04-15 18:04:44:029	37.7	21.4	0	0
2021-04-15 18:04:45:021	37.7	21.6	0	0
2021-04-15 18:04:46:030	37.7	21.6	0	0
2021-04-15 18:04:47:038	37.4	21.6	0	0
2021-04-15 18:04:48:046	37.7	21.6	0	0
2021-04-15 18:04:49:036	37.7	21.6	0	0
2021-04-15 18:04:50:045	37.7	21.3	0	0
2021-04-15 18:04:51:053	37.7	21.1	0	0
2021-04-15 18:04:52:060	37.4	21.1	0	0
2021-04-15 18:04:53:050	37.4	2.1	0	0
2021-04-15 18:04:54:061	37.4	20.9	0	0
2021-04-15 18:04:55:067	37.7	20.9	0	0
2021-04-15 18:04:56:075	37.7	20.9	0	0
2021-04-15 18:04:57:085	37.7	20.9	0	0
2021-04-15 18:04:58:075	37.7	20.9	0	0
2021-04-15 18:04:59:081	37.7	20.9	0	0
2021-04-15 18:05:00:091	37.9	20.9	0	0
2021-04-15 18:05:01:098	37.9	20.6	0	0
2021-04-15 18:05:02:091	37.9	20.9	0	0
2021-04-15 18:05:03:097	37.9	20.9	0	0
2021-04-15 18:05:04:104	37.7	20.9	0	0
2021-04-15 18:05:05:114	37.7	20.9	0	0
2021-04-15 18:05:06:104	37.7	20.9	0	0
2021-04-15 18:05:07:111	37.7	20.9	0	0
2021-04-15 18:05:08:120	37.7	20.9	0	0
2021-04-15 18:05:09:127	37.7	20.9	0	0
2021-04-15 18:05:10:137	37.7	20.6	0	0
2021-04-15 18:05:11:127	37.4	20.6	0	0
2021-04-15 18:05:12:137	37.7	20.9	0	0
2021-04-15 18:05:13:144	37.7	20.9	0	0
2021-04-15 18:05:14:151	37.7	20.9	0	0
2021-04-15 18:05:15:142	37.7	20.9	0	0
2021-04-15 18:05:16:151	37.7	20.9	0	0
2021-04-15 18:05:17:158	37.7	20.9	0	0
2021-04-15 18:05:18:166	37.7	20.9	0	0
2021-04-15 18:05:19:159	37.9	21.1	0	0
2021-04-15 18:05:20:167	37.9	20.9	0	0
2021-04-15 18:05:21:174	37.9	20.9	0	0
2021-04-15 18:05:22:182	37.9	20.9	0	0
2021-04-15 18:05:24:181	37.9	21.1	0	0
2021-04-15 18:05:25:191	37.9	21.3	0	0
2021-04-15 18:05:26:195	37.9	21.3	0	0
2021-04-15 18:05:27:205	37.9	21.1	0	0
2021-04-15 18:05:28:195	37.9	21.1	0	0
2021-04-15 18:05:29:205	37.7	21.1	0	0
2021-04-15 18:05:30:211	37.7	21.1	0	0
2021-04-15 18:05:31:218	37.7	21.1	0	0
2021-04-15 18:05:32:213	37.7	20.9	0	0
2021-04-15 18:05:33:220	37.4	20.6	0	0
2021-04-15 18:05:34:227	37.4	20.6	0	0
2021-04-15 18:05:35:234	37.4	20.6	0	0
2021-04-15 18:05:36:226	37.4	20.6	0	0
2021-04-15 18:05:37:234	37.6	20.6	0	0
2021-04-15 18:05:38:241	37.6	20.6	0	0
2021-04-15 18:05:39:250	37.6	20.6	0	0
2021-04-15 18:05:40:258	37.6	20.6	0	0
2021-04-15 18:05:41:250	37.9	20.6	0	0
2021-04-15 18:05:42:256	37.9	20.6	0	0
2021-04-15 18:05:43:265	37.7	20.6	0	0
2021-04-15 18:05:44:272	37.7	20.6	0	0
2021-04-15 18:05:45:263	37.7	20.6	0	0
2021-04-15 18:05:46:272	37.7	20.6	0	0
2021-04-15 18:05:47:281	37.4	20.6	0	0
2021-04-15 18:05:48:286	37.4	20.7	0	0
2021-04-15 18:05:49:279	37.4	20.7	0	0
2021-04-15 18:05:50:286	37.4	20.7	0	0
2021-04-15 18:05:51:294	37.7	20.7	0	0
2021-04-15 18:05:52:302	37.7	20.7	0	0
2021-04-15 18:05:54:302	37.7	20.7	0	0
2021-04-15 18:05:55:311	37.7	20.7	0	0
2021-04-15 18:05:56:320	37.7	20.9	0	0
2021-04-15 18:05:57:326	37.4	20.9	0	0
2021-04-15 18:05:58:317	37.4	20.9	0	0
2021-04-15 18:05:59:326	37.4	20.9	0	0
2021-04-15 18:06:00:332	37.4	20.9	0	0
2021-04-15 18:06:01:341	37.4	20.9	0	0
2021-04-15 18:06:02:334	37.4	20.9	0	0
2021-04-15 18:06:03:339	37.7	20.9	0	0
2021-04-15 18:06:04:350	37.4	20.6	0	0
2021-04-15 18:06:05:357	37.7	20.6	0	0
2021-04-15 18:06:06:349	37.7	0.2	0	0
2021-04-15 18:06:07:356	37.7	20.9	0	0
2021-04-15 18:06:08:364	37.7	20.9	0	0
2021-04-15 18:06:09:372	37.7	20.9	0	0
2021-04-15 18:06:10:379	37.4	20.9	0	0
2021-04-15 18:06:11:371	37.4	20.9	0	0
2021-04-15 18:06:12:381	37.7	20.9	0	0
2021-04-15 18:06:13:386	37.7	20.9	0	0
2021-04-15 18:06:14:393	37.7	20.9	0	0
2021-04-15 18:06:15:385	37.7	20.7	0	0
2021-04-15 18:06:16:393	37.7	20.7	0	0
2021-04-15 18:06:17:401	37.4	20.7	0	0
2021-04-15 18:06:18:410	37.7	20.7	0	0
2021-04-15 18:06:19:400	37.7	20.7	0	0
2021-04-15 18:06:20:409	37.7	20.9	0	0
2021-04-15 18:06:21:416	37.7	20.9	0	0
2021-04-15 18:06:22:423	37.7	21.1	0	0
2021-04-15 18:06:24:425	37.7	21.4	0	0
2021-04-15 18:06:25:430	37.9	21.4	0	0
2021-04-15 18:06:26:438	37.9	21.3	0	0
2021-04-15 18:06:27:446	37.9	21.3	0	0
2021-04-15 18:06:28:438	37.9	21.1	0	0
2021-04-15 18:06:29:446	37.9	21.1	0	0
2021-04-15 18:06:30:455	37.9	20.8	0	0
2021-04-15 18:06:31:462	37.9	20.9	0	0
2021-04-15 18:06:32:454	37.9	20.6	0	0
2021-04-15 18:06:33:463	37.9	20.9	0	0
2021-04-15 18:06:34:471	37.9	20.9	0	0
2021-04-15 18:06:35:477	37.9	20.9	0	0
2021-04-15 18:06:36:470	37.9	21.1	0	0
2021-04-15 18:06:37:477	37.9	21.1	0	0
2021-04-15 18:06:38:484	37.9	21.1	0	0
2021-04-15 18:06:39:491	37.7	21.1	0	0
2021-04-15 18:06:41:492	37.7	21.1	0	0
2021-04-15 18:06:42:499	37.7	21.3	0	0
2021-04-15 18:06:43:509	37.7	21.6	0	0
2021-04-15 18:06:44:514	37.7	21.4	0	0
2021-04-15 18:06:45:507	37.7	21.4	0	0
2021-04-15 18:06:46:515	37.7	21.4	0	0
2021-04-15 18:06:47:522	37.9	21.4	0	0
2021-04-15 18:06:48:530	37.9	21.4	0	0
2021-04-15 18:06:49:522	37.9	21.4	0	0
2021-04-15 18:06:50:532	37.9	21.1	0	0
2021-04-15 18:06:51:539	37.7	20.9	0	0
2021-04-15 18:06:52:546	37.7	20.9	0	0
2021-04-15 18:06:54:545	37.7	20.9	0	0
2021-04-15 18:06:55:553	37.7	20.9	0	0
2021-04-15 18:06:56:562	37.7	20.6	0	0
2021-04-15 18:06:57:567	37.7	20.9	0	0
2021-04-15 18:06:58:561	37.7	20.9	0	0
2021-04-15 18:06:59:568	37.9	20.9	0	0
2021-04-15 18:07:00:576	37.9	20.9	0	0
2021-04-15 18:07:01:584	37.9	20.9	0	0
2021-04-15 18:07:02:576	37.9	20.9	0	0
2021-04-15 18:07:03:582	37.9	20.9	0	0
2021-04-15 18:07:04:591	37.9	20.9	0	0
2021-04-15 18:07:05:598	37.9	20.6	0	0
2021-04-15 18:07:07:599	37.9	20.6	0	0
2021-04-15 18:07:08:606	37.9	20.6	0	0
2021-04-15 18:07:09:613	37.9	20.6	0	0
2021-04-15 18:07:10:621	37.9	20.6	0	0
2021-04-15 18:07:11:612	37.9	20.6	0	0
2021-04-15 18:07:12:622	37.9	20.6	0	0
2021-04-15 18:07:13:629	37.9	20.6	0	0
2021-04-15 18:07:14:636	37.9	20.9	0	0
2021-04-15 18:07:15:628	37.9	20.9	0	0
2021-04-15 18:07:16:636	37.9	20.9	0	0
2021-04-15 18:07:17:643	37.7	20.8	0	0
2021-04-15 18:07:18:651	37.4	20.8	0	0
2021-04-15 18:07:19:642	37.4	20.8	0	0
2021-04-15 18:07:20:653	37.2	20.8	0	0
2021-04-15 18:07:21:658	37.2	20.9	0	0
2021-04-15 18:07:22:668	37.2	20.6	0	0
2021-04-15 18:07:24:667	37.2	20.6	0	0
2021-04-15 18:07:25:676	37.5	20.6	0	0
2021-04-15 18:07:26:682	37.7	20.6	0	0
2021-04-15 18:07:27:689	37.5	20.6	0	0
2021-04-15 18:07:28:684	37.7	20.6	0	0
2021-04-15 18:07:29:689	37.7	20.6	0	0
2021-04-15 18:07:30:696	37.7	20.6	0	0
2021-04-15 18:07:31:704	37.7	20.9	0	0
2021-04-15 18:07:32:698	37.7	20.9	0	0
2021-04-15 18:07:33:704	37.7	20.9	0	0
2021-04-15 18:07:34:711	37.4	20.9	0	0
2021-04-15 18:07:35:719	37.7	20.9	0	0
2021-04-15 18:07:37:724	37.5	20.9	0	0
2021-04-15 18:07:38:729	37.5	21.1	0	0
2021-04-15 18:07:39:737	37.5	20.9	0	0
2021-04-15 18:07:40:745	37.5	20.9	0	0
2021-04-15 18:07:41:735	37.5	20.9	0	0
2021-04-15 18:07:42:741	37.7	20.9	0	0
2021-04-15 18:07:43:751	37.7	20.9	0	0
2021-04-15 18:07:44:758	37.9	20.9	0	0
2021-04-15 18:07:45:752	38	20.9	0	0
2021-04-15 18:07:46:759	38	20.9	0	0
2021-04-15 18:07:47:766	38	20.9	0	0
2021-04-15 18:07:48:772	38	20.9	0	0
2021-04-15 18:07:50:772	38	20.9	0	0
2021-04-15 18:07:51:782	37.7	20.9	0	0
2021-04-15 18:07:52:790	37.5	20.9	0	0
2021-04-15 18:07:53:795	37.5	20.9	0	0
2021-04-15 18:07:54:789	37.5	20.7	0	0
2021-04-15 18:07:55:796	37.5	20.6	0	0
2021-04-15 18:07:56:804	37.5	20.7	0	0
2021-04-15 18:07:57:810	37.5	20.7	0	0
2021-04-15 18:07:58:802	37.5	20.7	0	0
2021-04-15 18:07:59:811	37.5	20.7	0	0
2021-04-15 18:08:00:818	37.7	20.7	0	0
2021-04-15 18:08:01:828	37.7	20.6	0	0
2021-04-15 18:08:02:817	37.7	20.9	0	0
2021-04-15 18:08:03:827	37.7	20.9	0	0
2021-04-15 18:08:04:837	37.5	20.8	0	0
2021-04-15 18:08:05:842	37.5	20.8	0	0
2021-04-15 18:08:06:849	37.5	20.8	0	0
2021-04-15 18:08:07:842	37.7	20.8	0	0
2021-04-15 18:08:08:849	37.7	20.8	0	0
2021-04-15 18:08:09:859	37.7	21.1	0	0
2021-04-15 18:08:10:866	37.7	20.8	0	0
2021-04-15 18:08:11:858	37.7	21.1	0	0
2021-04-15 18:08:12:866	38	21.1	0	0
2021-04-15 18:08:13:873	37.7	21.1	0	0
2021-04-15 18:08:14:878	37.7	21.1	0	0
2021-04-15 18:08:15:870	37.7	0.2	0	0
2021-04-15 18:08:16:879	37.7	21.1	0	0
2021-04-15 18:08:17:889	37.7	20.9	0	0
2021-04-15 18:08:18:894	37.5	20.9	0	0
2021-04-15 18:08:19:901	37.5	20.6	0	0
2021-04-15 18:08:20:894	37.5	20.6	0	0
2021-04-15 18:08:21:904	37.7	20.9	0	0
2021-04-15 18:08:22:909	37.7	20.9	0	0
2021-04-15 18:08:23:918	37.7	20.9	0	0
2021-04-15 18:08:24:911	37.7	20.9	0	0
2021-04-15 18:08:25:917	37.7	20.9	0	0
2021-04-15 18:08:26:926	38	20.9	0	0
2021-04-15 18:08:27:934	38	21.1	0	0
2021-04-15 18:08:28:924	38	21.4	0	0
2021-04-15 18:08:29:932	37.7	21.1	0	0
2021-04-15 18:08:30:939	37.7	21.2	0	0
2021-04-15 18:08:31:948	37.7	21.2	0	0
2021-04-15 18:08:32:955	37.7	21.1	0	0
2021-04-15 18:08:33:947	37.7	21.1	0	0
2021-04-15 18:08:34:955	37.7	21.1	0	0
2021-04-15 18:08:35:965	37.5	20.9	0	0
2021-04-15 18:08:36:972	37.2	20.6	0	0
2021-04-15 18:08:37:962	37.2	20.6	0	0
2021-04-15 18:08:38:973	37	20.6	0	0
2021-04-15 18:08:39:979	37	20.9	0	0
2021-04-15 18:08:40:985	37	20.9	0	0
2021-04-15 18:08:41:977	37	20.9	0	0
2021-04-15 18:08:42:985	36.7	20.9	0	0
2021-04-15 18:08:43:992	37	20.9	0	0
2021-04-15 18:08:45:003	37.2	20.9	0	0
2021-04-15 18:08:47:002	37.7	20.9	0	0
2021-04-15 18:08:48:009	37.5	20.6	0	0
2021-04-15 18:08:49:015	37.5	20.6	0	0
2021-04-15 18:08:50:026	37.5	20.6	0	0
2021-04-15 18:08:51:016	37.7	20.7	0	0
2021-04-15 18:08:52:023	37.7	20.9	0	0
2021-04-15 18:08:53:032	37.7	21.1	0	0
2021-04-15 18:08:54:039	37.7	21.2	0	0
2021-04-15 18:08:55:032	37.5	21.2	0	0
2021-04-15 18:08:56:038	37.7	21.4	0	0
2021-04-15 18:08:57:047	37.5	21.4	0	0
2021-04-15 18:08:58:056	37.5	21.4	0	0
2021-04-15 18:08:59:049	37.5	0.2	0	0
2021-04-15 18:09:00:056	37.5	21.6	0	0
2021-04-15 18:09:01:063	37.5	21.4	0	0
2021-04-15 18:09:02:071	37.5	21.4	0	0
2021-04-15 18:09:03:077	37.7	21.6	0	0
2021-04-15 18:09:04:068	37.8	21.4	0	0
2021-04-15 18:09:05:076	38	21.6	0	0
2021-04-15 18:09:06:083	38	21.6	0	0
2021-04-15 18:09:07:095	38	21.6	0	0
2021-04-15 18:09:08:085	38	21.4	0	0
2021-04-15 18:09:09:093	38	21.4	0	0
2021-04-15 18:09:10:101	38	21.4	0	0
2021-04-15 18:09:11:109	38	21.1	0	0
2021-04-15 18:09:12:099	38	21.1	0	0
2021-04-15 18:09:13:107	38	20.9	0	0
2021-04-15 18:09:14:115	38	20.9	0	0
2021-04-15 18:09:15:124	38	20.6	0	0
2021-04-15 18:09:16:131	38	20.6	0	0
2021-04-15 18:09:17:122	38	20.6	0	0
2021-04-15 18:09:18:132	38	20.6	0	0
2021-04-15 18:09:19:138	38	20.6	0	0
2021-04-15 18:09:20:144	38	20.6	0	0
2021-04-15 18:09:21:141	37.7	20.6	0	0
2021-04-15 18:09:22:146	37.7	20.6	0	0
2021-04-15 18:09:23:153	37.7	20.6	0	0
2021-04-15 18:09:24:161	37.7	20.6	0	0
2021-04-15 18:09:25:154	37.7	0.2	0	0
2021-04-15 18:09:26:161	37.7	20.9	0	0
2021-04-15 18:09:27:168	37.7	20.9	0	0
2021-04-15 18:09:28:176	37.7	20.9	0	0
2021-04-15 18:09:29:186	38	20.9	0	0
2021-04-15 18:09:30:177	37.7	20.9	0	0
2021-04-15 18:09:31:185	37.7	21.1	0	0
2021-04-15 18:09:32:192	37.7	21.4	0	0
2021-04-15 18:09:33:200	37.5	21.4	0	0
2021-04-15 18:09:34:192	37.5	21.1	0	0
2021-04-15 18:09:35:198	37.5	21.1	0	0
2021-04-15 18:09:36:207	37.5	21.1	0	0
2021-04-15 18:09:37:214	37.5	21.1	0	0
2021-04-15 18:09:39:215	37.7	20.9	0	0
2021-04-15 18:09:40:220	37.7	20.7	0	0
2021-04-15 18:09:41:230	38	20.7	0	0
2021-04-15 18:09:42:236	38	20.7	0	0
2021-04-15 18:09:43:227	38	20.7	0	0
2021-04-15 18:09:44:236	38	20.7	0	0
2021-04-15 18:09:45:246	38	20.7	0	0
2021-04-15 18:09:46:254	38	20.7	0	0
2021-04-15 18:09:47:244	38	20.7	0	0
2021-04-15 18:09:48:252	38	20.7	0	0
2021-04-15 18:09:49:262	38	20.9	0	0
2021-04-15 18:09:50:268	37.7	20.9	0	0
2021-04-15 18:09:51:259	37.7	2.1	0	0
2021-04-15 18:09:52:268	37.7	21.1	0	0
2021-04-15 18:09:53:275	37.7	21.1	0	0
2021-04-15 18:09:54:282	37.5	21.1	0	0
2021-04-15 18:09:55:291	37.5	21.1	0	0
2021-04-15 18:09:56:282	37.5	21.1	0	0
2021-04-15 18:09:57:289	37.5	20.9	0	0
2021-04-15 18:09:58:296	37.5	20.9	0	0
2021-04-15 18:09:59:306	37.2	20.6	0	0
2021-04-15 18:10:00:297	37.2	20.6	0	0
2021-04-15 18:10:01:305	37.2	20.6	0	0
2021-04-15 18:10:02:313	37.5	20.6	0	0
2021-04-15 18:10:03:322	37.5	20.6	0	0
2021-04-15 18:10:04:311	37.5	2	0	0
2021-04-15 18:10:05:322	37.5	20.7	0	0
2021-04-15 18:10:06:329	37.7	20.7	0	0
2021-04-15 18:10:07:338	38	20.6	0	0
2021-04-15 18:10:08:344	38	20.9	0	0
2021-04-15 18:10:09:336	38	20.9	0	0
2021-04-15 18:10:10:344	38	20.9	0	0
2021-04-15 18:10:11:350	38	20.9	0	0
2021-04-15 18:10:12:357	38	20.9	0	0
2021-04-15 18:10:13:348	38	20.9	0	0
2021-04-15 18:10:14:358	38	20.9	0	0
2021-04-15 18:10:15:365	38	20.9	0	0
2021-04-15 18:10:16:374	38	20.6	0	0
2021-04-15 18:10:17:365	38	20.6	0	0
2021-04-15 18:10:18:376	37.7	20.7	0	0
2021-04-15 18:10:19:381	37.7	20.7	0	0
2021-04-15 18:10:20:389	37.5	20.7	0	0
2021-04-15 18:10:21:395	37.5	20.7	0	0
2021-04-15 18:10:22:389	37.5	20.7	0	0
2021-04-15 18:10:23:397	37.5	20.9	0	0
2021-04-15 18:10:24:404	37.5	20.9	0	0
2021-04-15 18:10:25:410	37.5	21.2	0	0
2021-04-15 18:10:26:404	37.5	21.2	0	0
2021-04-15 18:10:27:410	37.5	21.4	0	0
2021-04-15 18:10:28:420	37.7	21.4	0	0
2021-04-15 18:10:29:427	37.7	21.4	0	0
2021-04-15 18:10:30:420	37.7	21.4	0	0
2021-04-15 18:10:31:425	37.7	21.1	0	0
2021-04-15 18:10:32:433	37.5	21.1	0	0
2021-04-15 18:10:33:442	37.5	20.9	0	0
2021-04-15 18:10:34:436	37.7	0.2	0	0
2021-04-15 18:10:35:443	37.7	20.6	0	0
2021-04-15 18:10:36:448	37.7	20.6	0	0
2021-04-15 18:10:37:455	37.7	20.7	0	0
2021-04-15 18:10:38:463	37.7	20.7	0	0
2021-04-15 18:10:39:456	37.7	20.7	0	0
2021-04-15 18:10:40:464	37.7	20.7	0	0
2021-04-15 18:10:41:472	37.7	20.7	0	0
2021-04-15 18:10:42:481	37.7	20.7	0	0
2021-04-15 18:10:43:528	37.8	20.7	0	0
2021-04-15 18:10:44:480	37.8	20.7	0	0
2021-04-15 18:10:45:486	37.5	20.7	0	0
2021-04-15 18:10:46:497	37.5	20.7	0	0
2021-04-15 18:10:47:485	37.5	20.7	0	0
2021-04-15 18:10:48:496	37.8	20.7	0	0
2021-04-15 18:10:49:503	37.5	20.7	0	0
2021-04-15 18:10:50:509	37.3	20.7	0	0
2021-04-15 18:10:52:509	36.8	20.6	0	0
2021-04-15 18:10:53:518	37	20.6	0	0
2021-04-15 18:10:54:524	37	20.6	0	0
2021-04-15 18:10:55:531	37	20.6	0	0
2021-04-15 18:10:56:523	37	20.6	0	0
2021-04-15 18:10:57:532	37	20.6	0	0
2021-04-15 18:10:58:539	37	20.6	0	0
2021-04-15 18:10:59:549	37.3	20.6	0	0
2021-04-15 18:11:00:539	37.5	20.6	0	0
2021-04-15 18:11:01:547	37.5	20.7	0	0
2021-04-15 18:11:02:556	37.5	20.7	0	0
2021-04-15 18:11:03:563	37.5	20.7	0	0
2021-04-15 18:11:05:564	37.7	20.7	0	0
2021-04-15 18:11:06:572	37.8	20.7	0	0
2021-04-15 18:11:07:580	37.8	20.7	0	0
2021-04-15 18:11:08:586	37.8	20.7	0	0
2021-04-15 18:11:09:579	37.8	20.7	0	0
2021-04-15 18:11:10:584	37.8	20.7	0	0
2021-04-15 18:11:11:592	37.5	20.7	0	0
2021-04-15 18:11:12:602	37.5	20.7	0	0
2021-04-15 18:11:13:594	37.5	20.7	0	0
2021-04-15 18:11:14:601	37.7	20.7	0	0
2021-04-15 18:11:15:608	37.7	20.7	0	0
2021-04-15 18:11:16:616	37.5	20.7	0	0
2021-04-15 18:11:17:607	37.5	20.7	0	0
2021-04-15 18:11:18:616	37.5	20.7	0	0
2021-04-15 18:11:19:625	37.7	20.9	0	0
2021-04-15 18:11:20:633	37.5	20.9	0	0
2021-04-15 18:11:22:630	37.5	20.9	0	0
2021-04-15 18:11:23:639	37.5	20.9	0	0
2021-04-15 18:11:24:646	37.8	20.9	0	0
2021-04-15 18:11:25:653	37.8	20.9	0	0
2021-04-15 18:11:26:649	37.8	20.9	0	0
2021-04-15 18:11:27:656	37.5	20.6	0	0
2021-04-15 18:11:28:661	37.7	20.6	0	0
2021-04-15 18:11:29:670	37.7	20.7	0	0
2021-04-15 18:11:30:660	37.7	20.9	0	0
2021-04-15 18:11:31:669	37.7	20.9	0	0
2021-04-15 18:11:32:676	37.7	21.2	0	0
2021-04-15 18:11:33:686	37.7	21.2	0	0
2021-04-15 18:11:34:677	37.7	21.2	0	0
2021-04-15 18:11:35:684	38	21.2	0	0
2021-04-15 18:11:36:691	38	21.2	0	0
2021-04-15 18:11:37:700	38	21.1	0	0
2021-04-15 18:11:39:699	38	20.9	0	0
2021-04-15 18:11:40:706	38	20.7	0	0
2021-04-15 18:11:41:714	38	20.7	0	0
2021-04-15 18:11:42:727	38	20.9	0	0
2021-04-15 18:11:43:713	38	20.9	0	0
2021-04-15 18:11:44:721	38	20.9	0	0
2021-04-15 18:11:45:731	38	21.2	0	0
2021-04-15 18:11:46:739	38	21.4	0	0
2021-04-15 18:11:47:729	38	21.6	0	0
2021-04-15 18:11:48:737	38	21.6	0	0
2021-04-15 18:11:49:744	37.7	21.7	0	0
2021-04-15 18:11:50:752	37.7	21.6	0	0
2021-04-15 18:11:51:745	37.7	21.6	0	0
2021-04-15 18:11:52:751	37.7	21.6	0	0
2021-04-15 18:11:53:760	37.7	21.4	0	0
2021-04-15 18:11:54:769	37.7	21.2	0	0
2021-04-15 18:11:55:774	37.7	20.9	0	0
2021-04-15 18:11:56:768	37.7	20.9	0	0
2021-04-15 18:11:57:777	38	20.9	0	0
2021-04-15 18:11:58:782	38	20.6	0	0
2021-04-15 18:11:59:792	37.7	20.6	0	0
2021-04-15 18:12:00:784	37.5	20.6	0	0
2021-04-15 18:12:01:791	37.5	20.6	0	0
2021-04-15 18:12:02:797	37.2	20.6	0	0
2021-04-15 18:12:03:805	37.2	20.6	0	0
2021-04-15 18:12:04:798	37.2	20.6	0	0
2021-04-15 18:12:05:805	37.2	20.9	0	0
2021-04-15 18:12:06:813	37.2	20.9	0	0
2021-04-15 18:12:07:820	37.3	20.9	0	0
2021-04-15 18:12:09:822	37.5	20.9	0	0
2021-04-15 18:12:10:828	37.5	20.9	0	0
2021-04-15 18:12:11:837	37.5	20.9	0	0
2021-04-15 18:12:12:845	37.5	21.1	0	0
2021-04-15 18:12:13:834	37.5	20.9	0	0
2021-04-15 18:12:14:842	37.5	21.1	0	0
2021-04-15 18:12:15:852	37.7	21.1	0	0
2021-04-15 18:12:16:859	37.7	21.1	0	0
2021-04-15 18:12:17:852	37.5	21.1	0	0
2021-04-15 18:12:18:857	37.7	21.2	0	0
2021-04-15 18:12:19:865	37.7	21.2	0	0
2021-04-15 18:12:20:876	37.8	20.9	0	0
2021-04-15 18:12:21:881	37.8	20.9	0	0
2021-04-15 18:12:22:874	37.8	20.7	0	0
2021-04-15 18:12:23:882	37.8	20.9	0	0
2021-04-15 18:12:24:889	37.8	20.9	0	0
2021-04-15 18:12:25:898	38	20.9	0	0
2021-04-15 18:12:26:888	38	20.9	0	0
2021-04-15 18:12:27:897	38	20.9	0	0
2021-04-15 18:12:28:903	38	21.1	0	0
2021-04-15 18:12:29:911	38	21.1	0	0
2021-04-15 18:12:30:904	38	21.1	0	0
2021-04-15 18:12:31:911	38	20.9	0	0
2021-04-15 18:12:32:919	37.8	20.9	0	0
2021-04-15 18:12:33:927	37.8	20.9	0	0
2021-04-15 18:12:34:936	37.8	20.9	0	0
2021-04-15 18:12:35:926	37.8	20.9	0	0
2021-04-15 18:12:36:934	37.8	20.9	0	0
2021-04-15 18:12:37:943	37.5	20.9	0	0
2021-04-15 18:12:38:950	37.5	21.1	0	0
2021-04-15 18:12:39:941	37.5	21.4	0	0
2021-04-15 18:12:40:949	37.8	21.4	0	0
2021-04-15 18:12:41:957	37.8	21.4	0	0
2021-04-15 18:12:42:965	37.8	21.4	0	0
2021-04-15 18:12:43:956	37.6	2.1	0	0
2021-04-15 18:12:44:966	37.6	21.4	0	0
2021-04-15 18:12:45:973	37.8	21.7	0	0
2021-04-15 18:12:46:982	37.8	21.7	0	0
2021-04-15 18:12:47:987	37.8	21.7	0	0
2021-04-15 18:12:48:981	37.8	21.7	0	0
2021-04-15 18:12:49:988	37.8	21.7	0	0
2021-04-15 18:12:50:998	37.8	21.7	0	0
2021-04-15 18:12:52:002	38	21.7	0	0
2021-04-15 18:12:52:994	37.8	21.4	0	0
2021-04-15 18:12:54:002	37.8	21.2	0	0
2021-04-15 18:12:55:012	37.8	20.9	0	0
2021-04-15 18:12:56:019	37.8	20.7	0	0
2021-04-15 18:12:57:010	37.8	20.7	0	0
2021-04-15 18:12:58:017	37.8	20.7	0	0
2021-04-15 18:12:59:026	37.8	20.7	0	0
2021-04-15 18:13:00:032	37.8	20.7	0	0
2021-04-15 18:13:01:042	38	20.9	0	0
2021-04-15 18:13:02:032	38	20.9	0	0
2021-04-15 18:13:03:042	37.8	20.9	0	0
2021-04-15 18:13:04:049	37.8	20.9	0	0
2021-04-15 18:13:05:058	37.8	21.2	0	0
2021-04-15 18:13:06:048	37.5	21.2	0	0
2021-04-15 18:13:07:056	37.5	21.4	0	0
2021-04-15 18:13:08:064	37.5	21.4	0	0
2021-04-15 18:13:09:072	37.5	21.2	0	0
2021-04-15 18:13:10:065	37.5	21.2	0	0
2021-04-15 18:13:11:073	37.5	21.2	0	0
2021-04-15 18:13:12:080	37.5	21.2	0	0
2021-04-15 18:13:13:086	37.5	20.9	0	0
2021-04-15 18:13:14:095	37.8	20.9	0	0
2021-04-15 18:13:15:086	37.8	20.7	0	0
2021-04-15 18:13:16:095	37.8	20.7	0	0
2021-04-15 18:13:17:102	37.8	20.9	0	0
2021-04-15 18:13:18:109	37.8	20.9	0	0
2021-04-15 18:13:19:101	38	20.9	0	0
2021-04-15 18:13:20:108	38	21.2	0	0
2021-04-15 18:13:21:117	38	21.2	0	0
2021-04-15 18:13:22:125	38	21.2	0	0
2021-04-15 18:13:24:124	38	21.2	0	0
2021-04-15 18:13:25:132	38	20.9	0	0
2021-04-15 18:13:26:140	38	20.9	0	0
2021-04-15 18:13:27:147	38	20.9	0	0
2021-04-15 18:13:28:141	38	20.6	0	0
2021-04-15 18:13:29:147	37.8	20.6	0	0
2021-04-15 18:13:30:155	37.8	20.6	0	0
2021-04-15 18:13:31:163	37.8	20.6	0	0
2021-04-15 18:13:32:154	37.8	20.6	0	0
2021-04-15 18:13:33:164	37.8	20.6	0	0
2021-04-15 18:13:34:170	37.8	20.6	0	0
2021-04-15 18:13:35:180	37.5	20.6	0	0
2021-04-15 18:13:36:170	37.3	20.6	0	0
2021-04-15 18:13:37:179	37.5	20.6	0	0
2021-04-15 18:13:38:186	37.5	20.9	0	0
2021-04-15 18:13:39:193	37.5	20.9	0	0
2021-04-15 18:13:40:200	37.5	20.9	0	0
2021-04-15 18:13:41:192	37.5	20.9	0	0
2021-04-15 18:13:42:202	37.5	21.1	0	0
2021-04-15 18:13:43:210	37.8	21.1	0	0
2021-04-15 18:13:44:218	38	21.1	0	0
2021-04-15 18:13:45:209	38	21.4	0	0
2021-04-15 18:13:46:214	38	21.4	0	0
2021-04-15 18:13:47:224	38	21.4	0	0
2021-04-15 18:13:48:230	38	21.4	0	0
2021-04-15 18:13:49:222	38	21.4	0	0
2021-04-15 18:13:50:230	38	21.2	0	0
2021-04-15 18:13:51:241	37.8	21.2	0	0
2021-04-15 18:13:52:246	37.8	21.2	0	0
2021-04-15 18:13:54:244	37.8	20.7	0	0
2021-04-15 18:13:55:253	37.8	20.6	0	0
2021-04-15 18:13:56:261	37.8	20.6	0	0
2021-04-15 18:13:57:268	37.8	20.6	0	0
2021-04-15 18:13:58:262	37.5	20.6	0	0
2021-04-15 18:13:59:270	37.8	20.6	0	0
2021-04-15 18:14:00:276	37.8	20.9	0	0
2021-04-15 18:14:01:285	37.5	20.9	0	0
2021-04-15 18:14:02:277	37.5	20.9	0	0
2021-04-15 18:14:03:283	37.5	20.9	0	0
2021-04-15 18:14:04:292	37.5	20.9	0	0
2021-04-15 18:14:05:299	37.5	20.9	0	0
2021-04-15 18:14:06:293	37.8	20.9	0	0
2021-04-15 18:14:07:301	37.8	21.1	0	0
2021-04-15 18:14:08:308	37.8	20.9	0	0
2021-04-15 18:14:09:316	38	20.9	0	0
2021-04-15 18:14:11:314	38	20.9	0	0
2021-04-15 18:14:12:322	38	20.9	0	0
2021-04-15 18:14:13:329	38.1	20.9	0	0
2021-04-15 18:14:14:338	37.8	20.9	0	0
2021-04-15 18:14:15:329	37.8	20.6	0	0
2021-04-15 18:14:16:336	37.8	20.6	0	0
2021-04-15 18:14:17:346	37.8	20.6	0	0
2021-04-15 18:14:18:353	37.8	20.6	0	0
2021-04-15 18:14:19:343	37.8	20.9	0	0
2021-04-15 18:14:20:352	37.8	20.9	0	0
2021-04-15 18:14:21:360	37.8	20.9	0	0
2021-04-15 18:14:22:370	38.1	21.2	0	0
2021-04-15 18:14:23:374	38.1	21.2	0	0
2021-04-15 18:14:24:366	38.1	21.2	0	0
2021-04-15 18:14:25:375	38.1	21.2	0	0
2021-04-15 18:14:26:382	38.1	21.2	0	0
2021-04-15 18:14:27:391	38.1	20.9	0	0
2021-04-15 18:14:28:383	38.1	20.9	0	0
2021-04-15 18:14:29:391	38.1	20.9	0	0
2021-04-15 18:14:30:399	38.1	20.6	0	0
2021-04-15 18:14:31:406	38.1	20.6	0	0
2021-04-15 18:14:32:398	38.1	20.6	0	0
2021-04-15 18:14:33:404	38.1	20.9	0	0
2021-04-15 18:14:34:412	38.1	20.9	0	0
2021-04-15 18:14:35:420	38.1	21.1	0	0
2021-04-15 18:14:36:428	37.8	21.2	0	0
2021-04-15 18:14:37:421	37.5	21.2	0	0
2021-04-15 18:14:38:428	37.5	21.4	0	0
2021-04-15 18:14:39:437	37.5	21.4	0	0
2021-04-15 18:14:40:443	37.5	21.4	0	0
2021-04-15 18:14:41:436	37.5	21.1	0	0
2021-04-15 18:14:42:442	37.5	21.4	0	0
2021-04-15 18:14:43:451	37.3	21.2	0	0
2021-04-15 18:14:44:459	37.5	21.2	0	0
2021-04-15 18:14:45:452	37.8	21.2	0	0
2021-04-15 18:14:46:458	37.5	20.9	0	0
2021-04-15 18:14:47:465	37.5	20.9	0	0
2021-04-15 18:14:48:474	37.6	20.9	0	0
2021-04-15 18:14:49:482	37.6	20.9	0	0
2021-04-15 18:14:50:473	37.6	20.9	0	0
2021-04-15 18:14:51:482	37.8	20.9	0	0
2021-04-15 18:14:52:488	37.8	20.9	0	0
2021-04-15 18:14:53:497	37.6	20.9	0	0
2021-04-15 18:14:54:490	37.8	20.9	0	0
2021-04-15 18:14:55:498	37.8	20.9	0	0
2021-04-15 18:14:56:505	37.8	20.9	0	0
2021-04-15 18:14:57:513	37.8	20.9	0	0
2021-04-15 18:14:58:505	37.8	20.7	0	0
2021-04-15 18:14:59:510	37.6	20.7	0	0
2021-04-15 18:15:00:519	37.6	20.7	0	0
2021-04-15 18:15:01:529	37.8	20.7	0	0
2021-04-15 18:15:03:527	37.8	20.7	0	0
2021-04-15 18:15:04:533	37.8	20.7	0	0
2021-04-15 18:15:05:542	37.8	20.7	0	0
2021-04-15 18:15:06:550	37.8	20.7	0	0
2021-04-15 18:15:07:543	38.1	20.7	0	0
2021-04-15 18:15:08:549	38.1	20.7	0	0
2021-04-15 18:15:09:557	38.1	20.6	0	0
2021-04-15 18:15:10:565	38.1	20.9	0	0
2021-04-15 18:15:11:557	38.1	20.9	0	0
2021-04-15 18:15:12:566	37.8	20.9	0	0
2021-04-15 18:15:13:572	37.8	20.9	0	0
2021-04-15 18:15:14:580	37.8	20.9	0	0
2021-04-15 18:15:16:581	37.8	21.2	0	0
2021-04-15 18:15:17:587	37.8	21.2	0	0
2021-04-15 18:15:18:597	37.6	20.9	0	0
2021-04-15 18:15:19:602	37.6	20.9	0	0
2021-04-15 18:15:20:594	37.8	20.9	0	0
2021-04-15 18:15:21:602	37.8	20.9	0	0
2021-04-15 18:15:22:611	37.8	20.9	0	0
2021-04-15 18:15:23:618	37.8	20.9	0	0
2021-04-15 18:15:24:612	37.8	20.7	0	0
2021-04-15 18:15:25:620	37.8	20.9	0	0
2021-04-15 18:15:26:626	37.8	20.9	0	0
2021-04-15 18:15:27:633	37.8	21.2	0	0
2021-04-15 18:15:28:642	37.8	21.2	0	0
2021-04-15 18:15:29:633	37.8	21.2	0	0
2021-04-15 18:15:30:643	37.8	21.2	0	0
2021-04-15 18:15:31:649	37.8	21.2	0	0
2021-04-15 18:15:32:655	37.8	21.4	0	0
2021-04-15 18:15:33:647	37.8	21.2	0	0
2021-04-15 18:15:34:657	38.1	21.2	0	0
2021-04-15 18:15:35:666	38.1	20.9	0	0
2021-04-15 18:15:36:670	38.1	20.9	0	0
2021-04-15 18:15:38:670	38.1	20.9	0	0
2021-04-15 18:15:39:678	38.1	21.2	0	0
2021-04-15 18:15:40:687	38.1	20.9	0	0
2021-04-15 18:15:41:693	38.1	21.2	0	0
2021-04-15 18:15:42:685	38.1	21.2	0	0
2021-04-15 18:15:43:696	38.1	21.4	0	0
2021-04-15 18:15:44:702	38.1	21.4	0	0
2021-04-15 18:15:45:710	38.1	21.4	0	0
2021-04-15 18:15:47:711	37.6	21.2	0	0
2021-04-15 18:15:48:719	37.6	21.5	0	0
2021-04-15 18:15:49:726	37.3	21.2	0	0
2021-04-15 18:15:50:733	37.3	21.2	0	0
2021-04-15 18:15:51:723	37.3	21	0	0
2021-04-15 18:15:52:734	37.1	20.9	0	0
2021-04-15 18:15:53:741	36.8	20.9	0	0
2021-04-15 18:15:54:748	37.1	20.9	0	0
2021-04-15 18:15:55:740	37.1	0.2	0	0
2021-04-15 18:15:56:749	37.1	20.9	0	0
2021-04-15 18:15:57:754	37.3	20.9	0	0
2021-04-15 18:15:58:763	37.3	20.9	0	0
2021-04-15 18:15:59:771	37.3	21.2	0	0
2021-04-15 18:16:00:762	37.6	21.2	0	0
2021-04-15 18:16:01:769	37.8	21.2	0	0
2021-04-15 18:16:02:778	37.8	21.2	0	0
2021-04-15 18:16:03:787	38.1	21.2	0	0
2021-04-15 18:16:04:777	38.1	20.9	0	0
2021-04-15 18:16:05:786	38.1	20.9	0	0
2021-04-15 18:16:06:792	38.1	20.9	0	0
2021-04-15 18:16:07:803	38.1	20.7	0	0
2021-04-15 18:16:08:809	38.1	20.7	0	0
2021-04-15 18:16:09:801	38.1	20.7	0	0
2021-04-15 18:16:10:809	38.1	20.7	0	0
2021-04-15 18:16:11:817	37.8	20.7	0	0
2021-04-15 18:16:12:825	37.8	20.9	0	0
2021-04-15 18:16:13:816	37.8	20.9	0	0
2021-04-15 18:16:14:825	37.6	20.9	0	0
2021-04-15 18:16:15:833	37.5	20.9	0	0
2021-04-15 18:16:16:838	37.3	20.9	0	0
2021-04-15 18:16:18:838	37.3	20.9	0	0
2021-04-15 18:16:19:848	37.5	20.9	0	0
2021-04-15 18:16:20:855	37.5	20.9	0	0
2021-04-15 18:16:21:862	37.5	20.9	0	0
2021-04-15 18:16:22:856	37.6	20.9	0	0
2021-04-15 18:16:23:862	37.3	20.9	0	0
2021-04-15 18:16:24:871	37.6	21.2	0	0
2021-04-15 18:16:25:876	37.6	21.2	0	0
2021-04-15 18:16:26:869	37.6	21.2	0	0
2021-04-15 18:16:27:877	37.6	21.2	0	0
2021-04-15 18:16:28:885	37.6	21.2	0	0
2021-04-15 18:16:29:892	37.6	21.2	0	0
2021-04-15 18:16:30:901	37.8	21.2	0	0
2021-04-15 18:16:31:893	38.1	21.2	0	0
2021-04-15 18:16:32:901	38.1	20.9	0	0
2021-04-15 18:16:33:908	38.1	20.9	0	0
2021-04-15 18:16:34:916	38.1	21.2	0	0
2021-04-15 18:16:35:907	38.1	21.2	0	0
2021-04-15 18:16:36:915	38.1	21.2	0	0
2021-04-15 18:16:37:925	38.1	21.2	0	0
2021-04-15 18:16:38:931	38	21.2	0	0
2021-04-15 18:16:40:931	38	21.2	0	0
2021-04-15 18:16:41:938	38	21.2	0	0
2021-04-15 18:16:42:945	38	21.2	0	0
2021-04-15 18:16:43:953	38	21.2	0	0
2021-04-15 18:16:44:945	38	20.9	0	0
2021-04-15 18:16:45:953	38	20.9	0	0
2021-04-15 18:16:46:962	38	21.2	0	0
2021-04-15 18:16:47:968	37.8	21.2	0	0
2021-04-15 18:16:48:961	37.8	21.4	0	0
2021-04-15 18:16:49:967	37.8	21.7	0	0
2021-04-15 18:16:50:975	37.8	21.4	0	0
2021-04-15 18:16:51:982	37.8	21.4	0	0
2021-04-15 18:16:52:990	37.8	21.4	0	0
2021-04-15 18:16:53:983	37.8	21.4	0	0
2021-04-15 18:16:54:990	37.8	21.4	0	0
2021-04-15 18:16:55:998	38.1	21.4	0	0
2021-04-15 18:16:57:005	38.1	21.4	0	0
2021-04-15 18:16:57:998	37.8	21.2	0	0
2021-04-15 18:16:59:006	37.8	21.2	0	0
2021-04-15 18:17:00:013	37.8	21.2	0	0
2021-04-15 18:17:01:021	37.8	21.2	0	0
2021-04-15 18:17:02:012	37.8	21.2	0	0
2021-04-15 18:17:03:020	37.8	20.9	0	0
2021-04-15 18:17:04:030	37.5	20.9	0	0
2021-04-15 18:17:05:037	37.5	20.7	0	0
2021-04-15 18:17:06:044	37.8	20.7	0	0
2021-04-15 18:17:07:037	37.8	20.7	0	0
2021-04-15 18:17:08:044	37.8	20.7	0	0
2021-04-15 18:17:09:052	37.8	20.7	0	0
2021-04-15 18:17:10:059	37.8	20.7	0	0
2021-04-15 18:17:11:053	37.8	20.7	0	0
2021-04-15 18:17:12:060	38.1	20.7	0	0
2021-04-15 18:17:13:068	38.1	20.9	0	0
2021-04-15 18:17:14:075	38.1	20.9	0	0
2021-04-15 18:17:16:076	37.6	20.9	0	0
2021-04-15 18:17:17:083	37.6	21.2	0	0
2021-04-15 18:17:18:091	37.6	21.4	0	0
2021-04-15 18:17:19:100	37.6	21.4	0	0
2021-04-15 18:17:20:088	37.6	21.5	0	0
2021-04-15 18:17:21:099	37.6	21.2	0	0
2021-04-15 18:17:22:107	37.6	21.4	0	0
2021-04-15 18:17:23:113	37.8	21.4	0	0
2021-04-15 18:17:24:106	38.1	21.5	0	0
2021-04-15 18:17:25:112	38.1	21.2	0	0
2021-04-15 18:17:26:122	38.1	21	0	0
2021-04-15 18:17:27:128	37.8	20.9	0	0
2021-04-15 18:17:29:128	37.6	20.9	0	0
2021-04-15 18:17:30:136	37.6	20.7	0	0
2021-04-15 18:17:31:144	37.6	20.9	0	0
2021-04-15 18:17:32:149	37.5	20.9	0	0
2021-04-15 18:17:33:142	37.5	21.2	0	0
2021-04-15 18:17:34:150	37.5	21.2	0	0
2021-04-15 18:17:35:160	37.8	21.2	0	0
2021-04-15 18:17:36:167	38	21.2	0	0
2021-04-15 18:17:37:156	38	21.2	0	0
2021-04-15 18:17:38:165	38	21.2	0	0
2021-04-15 18:17:39:174	38	20.9	0	0
2021-04-15 18:17:40:182	38	21.2	0	0
2021-04-15 18:17:41:188	38	20.9	0	0
2021-04-15 18:17:42:183	38	21.2	0	0
2021-04-15 18:17:43:188	38	21.2	0	0
2021-04-15 18:17:44:195	38	21.2	0	0
2021-04-15 18:17:45:204	37.8	21.2	0	0
2021-04-15 18:17:46:196	37.8	21.2	0	0
2021-04-15 18:17:47:206	37.8	21.4	0	0
2021-04-15 18:17:48:210	37.5	21.1	0	0
2021-04-15 18:17:49:218	37.5	21.1	0	0
2021-04-15 18:17:51:219	37.5	20.9	0	0
2021-04-15 18:17:52:226	37.5	20.9	0	0
2021-04-15 18:17:53:235	37.8	20.9	0	0
2021-04-15 18:17:54:242	37.8	20.9	0	0
2021-04-15 18:17:55:236	37.8	20.7	0	0
2021-04-15 18:17:56:242	38.1	20.7	0	0
2021-04-15 18:17:57:248	38.1	20.7	0	0
2021-04-15 18:17:58:257	38.1	20.7	0	0
2021-04-15 18:18:00:257	38.1	20.7	0	0
2021-04-15 18:18:01:265	38.1	20.7	0	0
2021-04-15 18:18:02:271	38.1	20.7	0	0
2021-04-15 18:18:03:280	38.1	20.7	0	0
2021-04-15 18:18:04:272	38.1	20.7	0	0
2021-04-15 18:18:05:279	38.1	20.7	0	0
2021-04-15 18:18:06:289	38.1	20.7	0	0
2021-04-15 18:18:07:296	37.8	20.7	0	0
2021-04-15 18:18:08:285	37.8	20.7	0	0
2021-04-15 18:18:09:295	37.8	20.7	0	0
2021-04-15 18:18:10:303	37.8	20.7	0	0
2021-04-15 18:18:11:311	37.8	20.9	0	0
2021-04-15 18:18:12:319	37.8	20.9	0	0
2021-04-15 18:18:13:311	37.8	20.9	0	0
2021-04-15 18:18:14:317	37.8	21.2	0	0
2021-04-15 18:18:15:324	37.8	21.2	0	0
2021-04-15 18:18:16:332	37.8	21.2	0	0
2021-04-15 18:18:17:323	37.8	21.2	0	0
2021-04-15 18:18:18:333	37.5	21.2	0	0
2021-04-15 18:18:19:341	37.6	20.9	0	0
2021-04-15 18:18:20:348	37.6	20.9	0	0
2021-04-15 18:18:22:351	37.3	20.7	0	0
2021-04-15 18:18:23:354	37.6	20.7	0	0
2021-04-15 18:18:24:365	37.3	20.7	0	0
2021-04-15 18:18:25:374	37.3	20.7	0	0
2021-04-15 18:18:26:366	37.6	20.7	0	0
2021-04-15 18:18:27:372	37.3	20.7	0	0
2021-04-15 18:18:28:378	37.3	20.7	0	0
2021-04-15 18:18:29:387	37.6	20.7	0	0
2021-04-15 18:18:31:386	37.6	20.7	0	0
2021-04-15 18:18:32:395	37.8	20.7	0	0
2021-04-15 18:18:33:401	37.8	20.7	0	0
2021-04-15 18:18:34:408	37.8	20.7	0	0
2021-04-15 18:18:35:400	38.1	20.9	0	0
2021-04-15 18:18:36:409	38.1	21.2	0	0
2021-04-15 18:18:37:419	38.1	21.2	0	0
2021-04-15 18:18:38:423	38.1	21.4	0	0
2021-04-15 18:18:39:417	38.1	21.7	0	0
2021-04-15 18:18:40:424	37.8	21.7	0	0
2021-04-15 18:18:41:433	37.6	21.7	0	0
2021-04-15 18:18:42:439	37.6	21.7	0	0
2021-04-15 18:18:43:448	37.6	21.5	0	0
2021-04-15 18:18:44:438	37.3	21.2	0	0
2021-04-15 18:18:45:448	37.3	21.4	0	0
2021-04-15 18:18:46:454	37.3	21.2	0	0
2021-04-15 18:18:47:461	37.3	20.9	0	0
2021-04-15 18:18:48:455	37.6	20.9	0	0
2021-04-15 18:18:49:463	37.8	20.9	0	0
2021-04-15 18:18:50:469	37.8	21.2	0	0
2021-04-15 18:18:51:477	37.8	21.2	0	0
2021-04-15 18:18:53:478	38.1	21.2	0	0
2021-04-15 18:18:54:485	38.1	21.2	0	0
2021-04-15 18:18:55:491	38.1	21.2	0	0
2021-04-15 18:18:56:500	37.8	21.2	0	0
2021-04-15 18:18:57:491	37.8	21.2	0	0
2021-04-15 18:18:58:501	37.6	20.9	0	0
2021-04-15 18:18:59:508	37.6	20.9	0	0
2021-04-15 18:19:00:517	37.5	20.7	0	0
2021-04-15 18:19:01:506	37.3	20.7	0	0
2021-04-15 18:19:02:516	37.3	20.7	0	0
2021-04-15 18:19:03:522	37.3	21	0	0
2021-04-15 18:19:04:532	37.6	21.2	0	0
2021-04-15 18:19:05:540	37.3	21.2	0	0
2021-04-15 18:19:06:531	37.3	21.2	0	0
2021-04-15 18:19:07:540	37.3	21.2	0	0
2021-04-15 18:19:08:545	37.3	21.2	0	0
2021-04-15 18:19:09:555	37.6	21.2	0	0
2021-04-15 18:19:10:546	37.6	21.2	0	0
2021-04-15 18:19:11:552	37.3	20.9	0	0
2021-04-15 18:19:12:560	37.3	20.7	0	0
2021-04-15 18:19:13:571	37.6	20.7	0	0
2021-04-15 18:19:15:569	37.8	20.7	0	0
2021-04-15 18:19:16:576	37.8	20.7	0	0
2021-04-15 18:19:17:583	37.8	20.9	0	0
2021-04-15 18:19:18:593	37.6	20.9	0	0
2021-04-15 18:19:19:584	37.8	20.9	0	0
2021-04-15 18:19:20:592	37.6	20.9	0	0
2021-04-15 18:19:21:600	37.3	20.9	0	0
2021-04-15 18:19:22:607	37.3	20.9	0	0
2021-04-15 18:19:24:606	37.3	20.9	0	0
2021-04-15 18:19:25:615	37.3	20.7	0	0
2021-04-15 18:19:26:623	37.6	20.7	0	0
2021-04-15 18:19:27:628	37.6	20.7	0	0
2021-04-15 18:19:28:622	37.8	20.7	0	0
2021-04-15 18:19:29:628	38.1	20.7	0	0
2021-04-15 18:19:30:636	38.1	20.7	0	0
2021-04-15 18:19:31:643	38.1	20.7	0	0
2021-04-15 18:19:32:637	38.1	2	0	0
2021-04-15 18:19:33:646	38.1	20.7	0	0
2021-04-15 18:19:34:652	38.1	20.9	0	0
2021-04-15 18:19:35:658	38.1	21.2	0	0
2021-04-15 18:19:36:668	38.1	21.4	0	0
2021-04-15 18:19:37:660	38.1	21.4	0	0
2021-04-15 18:19:38:667	38.1	21.7	0	0
2021-04-15 18:19:39:677	38.1	21.7	0	0
2021-04-15 18:19:40:684	37.8	21.7	0	0
2021-04-15 18:19:41:673	37.8	21.9	0	0
2021-04-15 18:19:42:681	37.8	21.7	0	0
2021-04-15 18:19:43:689	37.8	21.4	0	0
2021-04-15 18:19:44:698	37.8	21.2	0	0
2021-04-15 18:19:45:707	37.8	21.2	0	0
2021-04-15 18:19:46:699	37.8	20.9	0	0
2021-04-15 18:19:47:705	37.8	20.9	0	0
2021-04-15 18:19:48:712	37.8	20.9	0	0
2021-04-15 18:19:49:720	37.8	20.7	0	0
2021-04-15 18:19:50:712	37.8	20.9	0	0
2021-04-15 18:19:51:721	37.8	20.9	0	0
2021-04-15 18:19:52:732	37.6	20.9	0	0
2021-04-15 18:19:53:736	37.6	20.9	0	0
2021-04-15 18:19:54:726	37.6	0.2	0	0
2021-04-15 18:19:55:737	37.6	20.9	0	0
2021-04-15 18:19:56:745	37.8	20.9	0	0
2021-04-15 18:19:57:750	37.8	20.9	0	0
2021-04-15 18:19:58:758	37.8	20.9	0	0
2021-04-15 18:19:59:750	37.8	20.9	0	0
2021-04-15 18:20:00:757	38.1	20.9	0	0
2021-04-15 18:20:01:767	37.8	20.9	0	0
2021-04-15 18:20:02:773	37.8	20.9	0	0
2021-04-15 18:20:03:767	37.8	20.9	0	0
2021-04-15 18:20:04:773	37.8	20.9	0	0
2021-04-15 18:20:05:780	37.8	20.9	0	0
2021-04-15 18:20:06:790	37.8	20.7	0	0
2021-04-15 18:20:08:790	37.8	20.9	0	0
2021-04-15 18:20:09:797	37.8	20.9	0	0
2021-04-15 18:20:10:804	37.8	21.2	0	0
2021-04-15 18:20:11:810	37.8	21.4	0	0
2021-04-15 18:20:12:803	37.6	21.4	0	0
2021-04-15 18:20:13:811	37.3	21.4	0	0
2021-04-15 18:20:14:818	37.3	21.7	0	0
2021-04-15 18:20:15:830	37	21.4	0	0
2021-04-15 18:20:16:818	37	2.1	0	0
2021-04-15 18:20:17:826	37.3	21.4	0	0
2021-04-15 18:20:18:835	37.3	21.2	0	0
2021-04-15 18:20:19:842	37.3	21.2	0	0
2021-04-15 18:20:20:849	37.6	21.2	0	0
2021-04-15 18:20:21:841	37.8	21.2	0	0
2021-04-15 18:20:22:849	37.8	20.9	0	0
2021-04-15 18:20:23:856	38.1	20.9	0	0
2021-04-15 18:20:24:864	37.8	20.9	0	0
2021-04-15 18:20:25:856	37.8	20.9	0	0
2021-04-15 18:20:26:863	37.8	20.9	0	0
2021-04-15 18:20:27:871	37.8	20.9	0	0
2021-04-15 18:20:28:879	37.8	20.9	0	0
2021-04-15 18:20:30:878	37.8	21.2	0	0
2021-04-15 18:20:31:886	37.8	21.2	0	0
2021-04-15 18:20:32:896	38.1	21.2	0	0
2021-04-15 18:20:33:902	38.1	21.2	0	0
2021-04-15 18:20:34:893	38.1	21.2	0	0
2021-04-15 18:20:35:903	38.1	20.9	0	0
2021-04-15 18:20:36:908	38.1	20.9	0	0
2021-04-15 18:20:37:917	38.1	20.7	0	0
2021-04-15 18:20:38:910	38.1	20.7	0	0
2021-04-15 18:20:39:920	38.1	20.7	0	0
2021-04-15 18:20:40:925	38.1	20.7	0	0
2021-04-15 18:20:41:934	38.1	20.9	0	0
2021-04-15 18:20:42:942	38.1	20.9	0	0
2021-04-15 18:20:43:933	38.1	20.9	0	0
2021-04-15 18:20:44:942	38.1	20.9	0	0
2021-04-15 18:20:45:949	38.1	20.9	0	0
2021-04-15 18:20:46:957	38.1	20.9	0	0
2021-04-15 18:20:47:950	38.1	21.2	0	0
2021-04-15 18:20:48:956	38.1	21.2	0	0
2021-04-15 18:20:49:964	38.1	20.9	0	0
2021-04-15 18:20:50:972	38.1	20.9	0	0
2021-04-15 18:20:51:963	37.8	20.9	0	0
2021-04-15 18:20:52:970	37.8	20.9	0	0
2021-04-15 18:20:53:979	37.8	20.9	0	0
2021-04-15 18:20:54:989	37.6	20.9	0	0
2021-04-15 18:20:56:987	37.6	20.7	0	0
2021-04-15 18:20:57:993	37.6	20.7	0	0
2021-04-15 18:20:59:002	37.6	20.9	0	0
2021-04-15 18:21:00:009	37.8	20.9	0	0
2021-04-15 18:21:01:000	37.8	20.9	0	0
2021-04-15 18:21:02:008	37.8	20.9	0	0
2021-04-15 18:21:03:016	37.8	20.9	0	0
2021-04-15 18:21:04:025	37.8	20.9	0	0
2021-04-15 18:21:05:015	37.8	20.9	0	0
2021-04-15 18:21:06:024	37.8	20.9	0	0
2021-04-15 18:21:07:036	37.8	20.7	0	0
2021-04-15 18:21:08:038	37.8	20.9	0	0
2021-04-15 18:21:10:041	37.6	20.9	0	0
2021-04-15 18:21:11:046	37.6	20.9	0	0
2021-04-15 18:21:12:054	37.6	21.2	0	0
2021-04-15 18:21:13:064	37.6	21.2	0	0
2021-04-15 18:21:14:055	37.6	21.2	0	0
2021-04-15 18:21:15:061	37.6	21.2	0	0
2021-04-15 18:21:16:069	37.6	20.9	0	0
2021-04-15 18:21:17:076	37.8	20.9	0	0
2021-04-15 18:21:18:068	37.8	21.2	0	0
2021-04-15 18:21:19:076	38.1	21.2	0	0
2021-04-15 18:21:20:084	38.1	20.9	0	0
2021-04-15 18:21:21:093	38.1	20.9	0	0
2021-04-15 18:21:23:092	38.1	20.9	0	0
2021-04-15 18:21:24:101	38.1	20.9	0	0
2021-04-15 18:21:25:108	38.1	20.9	0	0
2021-04-15 18:21:26:116	37.8	20.7	0	0
2021-04-15 18:21:27:107	37.8	20.7	0	0
2021-04-15 18:21:28:115	37.8	20.7	0	0
2021-04-15 18:21:29:123	37.8	20.7	0	0
2021-04-15 18:21:30:132	37.8	20.7	0	0
2021-04-15 18:21:31:122	37.8	20.7	0	0
2021-04-15 18:21:32:130	37.8	20.7	0	0
2021-04-15 18:21:33:137	37.8	20.7	0	0
2021-04-15 18:21:34:148	38.1	20.7	0	0
2021-04-15 18:21:36:144	38.1	20.7	0	0
2021-04-15 18:21:37:152	37.8	20.7	0	0
2021-04-15 18:21:38:160	37.8	20.7	0	0
2021-04-15 18:21:39:170	37.6	20.7	0	0
2021-04-15 18:21:40:162	37.5	20.9	0	0
2021-04-15 18:21:41:167	37.5	20.9	0	0
2021-04-15 18:21:42:177	37.5	20.9	0	0
2021-04-15 18:21:43:188	37.5	21.2	0	0
2021-04-15 18:21:44:175	37.5	21.4	0	0
2021-04-15 18:21:45:185	37.6	21.4	0	0
2021-04-15 18:21:46:192	37.6	21.4	0	0
2021-04-15 18:21:47:201	37.8	21.4	0	0
2021-04-15 18:21:48:192	37.8	0.2	0	0
2021-04-15 18:21:49:200	37.8	21.4	0	0
2021-04-15 18:21:50:205	37.8	21.4	0	0
2021-04-15 18:21:51:213	37.8	21.4	0	0
2021-04-15 18:21:52:223	37.8	21.2	0	0
2021-04-15 18:21:53:214	38.1	21.2	0	0
2021-04-15 18:21:54:222	38.1	21.2	0	0
2021-04-15 18:21:55:229	38.1	21.2	0	0
2021-04-15 18:21:56:237	38.1	21.2	0	0
2021-04-15 18:21:57:230	37.8	21.2	0	0
2021-04-15 18:21:58:235	37.8	21.2	0	0
2021-04-15 18:21:59:244	37.8	20.9	0	0
2021-04-15 18:22:00:252	37.8	20.9	0	0
2021-04-15 18:22:01:243	37.8	20.9	0	0
2021-04-15 18:22:02:252	37.8	20.9	0	0
2021-04-15 18:22:03:260	37.8	20.9	0	0
2021-04-15 18:22:04:268	37.6	20.7	0	0
2021-04-15 18:22:06:266	37.6	20.7	0	0
2021-04-15 18:22:07:276	37.3	20.7	0	0
2021-04-15 18:22:08:281	37.3	20.7	0	0
2021-04-15 18:22:09:289	37.3	20.7	0	0
2021-04-15 18:22:10:281	37.3	20.7	0	0
2021-04-15 18:22:11:289	37.1	20.7	0	0
2021-04-15 18:22:12:298	37.3	20.7	0	0
2021-04-15 18:22:13:306	37.3	20.9	0	0
2021-04-15 18:22:14:297	37.6	20.9	0	0
2021-04-15 18:22:15:307	37.6	20.9	0	0
2021-04-15 18:22:16:313	37.6	20.9	0	0
2021-04-15 18:22:17:319	37.6	20.9	0	0
2021-04-15 18:22:19:321	37.6	20.9	0	0
2021-04-15 18:22:20:327	37.6	20.9	0	0
2021-04-15 18:22:21:335	37.6	20.7	0	0
2021-04-15 18:22:22:344	37.6	20.7	0	0
2021-04-15 18:22:23:339	37.8	20.9	0	0
2021-04-15 18:22:24:346	37.8	20.9	0	0
2021-04-15 18:22:25:352	37.6	20.9	0	0
2021-04-15 18:22:26:357	37.8	20.9	0	0
2021-04-15 18:22:27:349	37.8	20.9	0	0
2021-04-15 18:22:28:357	37.8	20.9	0	0
2021-04-15 18:22:29:365	37.8	20.9	0	0
2021-04-15 18:22:30:375	37.8	20.9	0	0
2021-04-15 18:22:32:372	37.8	20.7	0	0
2021-04-15 18:22:33:380	38.1	20.7	0	0
2021-04-15 18:22:34:389	38.1	20.7	0	0
2021-04-15 18:22:35:398	38.1	20.7	0	0
2021-04-15 18:22:36:388	38.1	20.7	0	0
2021-04-15 18:22:37:398	38.1	20.7	0	0
2021-04-15 18:22:38:405	38.1	20.7	0	0
2021-04-15 18:22:39:411	38.1	20.7	0	0
2021-04-15 18:22:40:403	38.1	20.7	0	0
2021-04-15 18:22:41:412	38.1	20.7	0	0
2021-04-15 18:22:42:419	38.1	20.7	0	0
2021-04-15 18:22:43:428	38.1	20.9	0	0
2021-04-15 18:22:45:425	38.1	20.9	0	0
2021-04-15 18:22:46:434	38.1	20.9	0	0
2021-04-15 18:22:47:441	37.8	20.9	0	0
2021-04-15 18:22:48:448	37.8	20.9	0	0
2021-04-15 18:22:49:443	37.8	21	0	0
2021-04-15 18:22:50:451	37.8	20.9	0	0
2021-04-15 18:22:51:457	37.8	20.7	0	0
2021-04-15 18:22:52:464	37.8	20.9	0	0
2021-04-15 18:22:53:455	37.8	20.9	0	0
2021-04-15 18:22:54:463	37.8	21	0	0
2021-04-15 18:22:55:471	38.1	20.9	0	0
2021-04-15 18:22:56:479	38.1	20.9	0	0
2021-04-15 18:22:58:478	38.1	21	0	0
2021-04-15 18:22:59:488	38.1	21	0	0
2021-04-15 18:23:00:498	38.1	20.7	0	0
2021-04-15 18:23:01:502	37.8	20.7	0	0
2021-04-15 18:23:02:496	37.8	20.7	0	0
2021-04-15 18:23:03:501	37.8	20.7	0	0
2021-04-15 18:23:04:511	37.6	20.7	0	0
2021-04-15 18:23:05:517	37.6	20.7	0	0
2021-04-15 18:23:06:511	37.5	20.7	0	0
2021-04-15 18:23:07:519	37.3	20.7	0	0
2021-04-15 18:23:08:524	37.3	20.7	0	0
2021-04-15 18:23:09:534	37.5	20.7	0	0
2021-04-15 18:23:10:528	37.5	2	0	0
2021-04-15 18:23:11:533	37.5	20.7	0	0
2021-04-15 18:23:12:542	37.8	20.7	0	0
2021-04-15 18:23:13:549	37.8	20.9	0	0
2021-04-15 18:23:14:557	37.6	20.9	0	0
2021-04-15 18:23:15:547	37.8	21.2	0	0
2021-04-15 18:23:16:557	37.8	21.2	0	0
2021-04-15 18:23:17:565	37.6	21.2	0	0
2021-04-15 18:23:18:571	37.6	21.2	0	0
2021-04-15 18:23:19:563	37.6	21.2	0	0
2021-04-15 18:23:20:571	37.6	21.2	0	0
2021-04-15 18:23:21:579	37.6	20.9	0	0
2021-04-15 18:23:22:587	37.8	21.2	0	0
2021-04-15 18:23:23:579	37.8	21	0	0
2021-04-15 18:23:24:587	37.8	20.9	0	0
2021-04-15 18:23:25:596	38.1	20.9	0	0
2021-04-15 18:23:26:602	38.1	20.9	0	0
2021-04-15 18:23:27:609	38.1	20.9	0	0
2021-04-15 18:23:28:600	38	20.9	0	0
2021-04-15 18:23:29:608	38	21.2	0	0
2021-04-15 18:23:30:620	37.8	20.9	0	0
2021-04-15 18:23:31:623	37.8	20.9	0	0
2021-04-15 18:23:32:615	37.8	20.9	0	0
2021-04-15 18:23:33:624	37.8	20.9	0	0
2021-04-15 18:23:34:630	37.8	20.9	0	0
2021-04-15 18:23:35:639	37.5	20.9	0	0
2021-04-15 18:23:36:634	37.3	20.9	0	0
2021-04-15 18:23:37:638	37.3	20.6	0	0
2021-04-15 18:23:38:646	37.5	20.6	0	0
2021-04-15 18:23:39:655	37.5	20.6	0	0
2021-04-15 18:23:40:662	37.5	20.7	0	0
2021-04-15 18:23:41:654	37.5	20.7	0	0
2021-04-15 18:23:42:662	37.5	20.7	0	0
2021-04-15 18:23:43:669	37.5	20.7	0	0
2021-04-15 18:23:44:678	37.8	20.7	0	0
2021-04-15 18:23:45:671	37.8	20.7	0	0
2021-04-15 18:23:46:679	37.8	20.7	0	0
2021-04-15 18:23:47:685	37.8	20.7	0	0
2021-04-15 18:23:48:692	37.8	20.7	0	0
2021-04-15 18:23:50:693	37.8	20.7	0	0
2021-04-15 18:23:51:700	38.1	20.7	0	0
2021-04-15 18:23:52:709	38.1	20.7	0	0
2021-04-15 18:23:53:714	38.1	20.7	0	0
2021-04-15 18:23:54:706	38.1	20.7	0	0
2021-04-15 18:23:55:714	38.1	20.9	0	0
2021-04-15 18:23:56:722	38.1	20.9	0	0
2021-04-15 18:23:57:731	37.8	20.9	0	0
2021-04-15 18:23:58:724	37.8	20.9	0	0
2021-04-15 18:23:59:733	37.8	20.9	0	0
2021-04-15 18:24:00:739	37.8	20.9	0	0
2021-04-15 18:24:01:749	37.8	21.2	0	0
2021-04-15 18:24:02:754	37.6	21.2	0	0
2021-04-15 18:24:03:746	37.6	20.9	0	0
2021-04-15 18:24:04:755	37.3	20.9	0	0
2021-04-15 18:24:05:762	37.6	20.9	0	0
2021-04-15 18:24:06:767	37.6	21.2	0	0
2021-04-15 18:24:07:759	37.3	21.2	0	0
2021-04-15 18:24:08:767	37.3	21.5	0	0
2021-04-15 18:24:09:777	37.3	21.2	0	0
2021-04-15 18:24:10:785	37.6	21.5	0	0
2021-04-15 18:24:12:784	37.6	21.5	0	0
2021-04-15 18:24:13:790	37.6	21.5	0	0
2021-04-15 18:24:14:799	37.6	21.5	0	0
2021-04-15 18:24:15:807	37.8	21.5	0	0
2021-04-15 18:24:16:799	37.8	21.5	0	0
2021-04-15 18:24:17:807	37.8	21.4	0	0
2021-04-15 18:24:18:813	37.8	21.2	0	0
2021-04-15 18:24:19:822	37.8	21.2	0	0
2021-04-15 18:24:20:813	38.1	21.2	0	0
2021-04-15 18:24:21:823	38.1	21.2	0	0
2021-04-15 18:24:22:829	38.1	20.9	0	0
2021-04-15 18:24:23:835	38.1	20.9	0	0
2021-04-15 18:24:24:829	38.1	20.7	0	0
2021-04-15 18:24:25:838	37.8	20.7	0	0
2021-04-15 18:24:26:846	37.8	20.7	0	0
2021-04-15 18:24:27:852	37.8	20.7	0	0
2021-04-15 18:24:29:853	37.8	21.2	0	0
2021-04-15 18:24:30:858	37.5	21.2	0	0
2021-04-15 18:24:31:866	37.5	21.2	0	0
2021-04-15 18:24:32:876	37.3	21.2	0	0
2021-04-15 18:24:33:865	37.6	21.2	0	0
2021-04-15 18:24:34:873	37.6	21.2	0	0
2021-04-15 18:24:35:882	37.6	21.2	0	0
2021-04-15 18:24:36:889	37.6	21.2	0	0
2021-04-15 18:24:37:883	37.6	20.9	0	0
2021-04-15 18:24:38:891	37.8	20.9	0	0
2021-04-15 18:24:39:899	37.8	21.2	0	0
2021-04-15 18:24:40:907	37.8	21.2	0	0
2021-04-15 18:24:41:898	37.8	21.4	0	0
2021-04-15 18:24:42:904	37.8	21.4	0	0
2021-04-15 18:24:43:911	37.8	21.4	0	0
2021-04-15 18:24:44:919	37.8	21.2	0	0
2021-04-15 18:24:45:928	37.8	21.2	0	0
2021-04-15 18:24:46:920	37.8	21.2	0	0
2021-04-15 18:24:47:929	37.8	20.9	0	0
2021-04-15 18:24:48:938	38.1	21	0	0
2021-04-15 18:24:49:946	37.8	20.7	0	0
2021-04-15 18:24:50:937	37.6	20.7	0	0
2021-04-15 18:24:51:945	37.6	20.7	0	0
2021-04-15 18:24:52:952	37.6	20.7	0	0
2021-04-15 18:24:53:958	37.6	20.7	0	0
2021-04-15 18:24:54:950	37.6	0.2	0	0
2021-04-15 18:24:55:959	37.6	20.7	0	0
2021-04-15 18:24:56:966	37.6	20.9	0	0
2021-04-15 18:24:57:973	37.8	21.2	0	0
2021-04-15 18:24:58:983	38.1	21.2	0	0
2021-04-15 18:24:59:973	38.1	21.2	0	0
2021-04-15 18:25:00:980	38.1	21.2	0	0
2021-04-15 18:25:01:990	37.8	21.2	0	0
2021-04-15 18:25:02:998	37.8	21.2	0	0
2021-04-15 18:25:03:990	37.8	21.2	0	0
2021-04-15 18:25:04:997	37.8	20.9	0	0
2021-04-15 18:25:06:004	37.8	20.7	0	0
2021-04-15 18:25:07:012	37.6	20.7	0	0
2021-04-15 18:25:09:012	37.6	20.7	0	0
2021-04-15 18:25:10:018	37.8	20.7	0	0
2021-04-15 18:25:11:027	37.8	20.9	0	0
2021-04-15 18:25:12:033	37.8	20.9	0	0
2021-04-15 18:25:13:027	37.8	20.9	0	0
2021-04-15 18:25:14:035	37.8	20.9	0	0
2021-04-15 18:25:15:043	38.1	21.2	0	0
2021-04-15 18:25:16:049	38.1	21.2	0	0
2021-04-15 18:25:17:042	38.1	21.2	0	0
2021-04-15 18:25:18:051	38.1	21.2	0	0
2021-04-15 18:25:19:057	38.1	21.2	0	0
2021-04-15 18:25:20:065	38.1	21.2	0	0
2021-04-15 18:25:22:064	38.1	21.2	0	0
2021-04-15 18:25:23:073	38.1	21.2	0	0
2021-04-15 18:25:24:082	38.1	21.2	0	0
2021-04-15 18:25:25:088	38.1	21.2	0	0
2021-04-15 18:25:26:079	38.1	21.2	0	0
2021-04-15 18:25:27:089	38.1	20.9	0	0
2021-04-15 18:25:28:095	38.1	20.9	0	0
2021-04-15 18:25:29:102	38.1	20.9	0	0
2021-04-15 18:25:30:095	38.1	21.2	0	0
2021-04-15 18:25:31:103	38.1	20.9	0	0
2021-04-15 18:25:32:110	38.1	20.9	0	0
2021-04-15 18:25:33:118	38.1	20.9	0	0
2021-04-15 18:25:35:117	38.1	20.9	0	0
2021-04-15 18:25:36:125	37.8	21	0	0
2021-04-15 18:25:37:134	37.8	21	0	0
2021-04-15 18:25:38:140	37.8	20.7	0	0
2021-04-15 18:25:39:132	37.8	20.7	0	0
2021-04-15 18:25:40:141	37.9	20.7	0	0
2021-04-15 18:25:41:149	37.9	20.7	0	0
2021-04-15 18:25:42:156	37.9	20.7	0	0
2021-04-15 18:25:43:150	37.8	20.7	0	0
2021-04-15 18:25:44:156	37.8	20.7	0	0
2021-04-15 18:25:45:163	37.8	20.9	0	0
2021-04-15 18:25:46:171	37.8	20.9	0	0
2021-04-15 18:25:48:172	37.8	20.9	0	0
2021-04-15 18:25:49:181	37.8	20.9	0	0
2021-04-15 18:25:50:186	37.8	20.9	0	0
2021-04-15 18:25:51:195	37.9	20.9	0	0
2021-04-15 18:25:52:187	38.1	20.9	0	0
2021-04-15 18:25:53:195	38.1	20.7	0	0
2021-04-15 18:25:54:202	38.1	20.7	0	0
2021-04-15 18:25:55:211	38.1	20.9	0	0
2021-04-15 18:25:56:201	38.1	20.9	0	0
2021-04-15 18:25:57:209	38.1	20.9	0	0
2021-04-15 18:25:58:217	38.1	20.9	0	0
2021-04-15 18:25:59:225	38.1	20.9	0	0
2021-04-15 18:26:01:224	37.8	20.9	0	0
2021-04-15 18:26:02:233	37.8	21.2	0	0
2021-04-15 18:26:03:241	37.8	20.9	0	0
2021-04-15 18:26:04:249	37.6	20.9	0	0
2021-04-15 18:26:05:239	37.6	20.9	0	0
2021-04-15 18:26:06:247	37.6	20.9	0	0
2021-04-15 18:26:07:256	37.3	20.9	0	0
2021-04-15 18:26:08:263	37.6	20.9	0	0
2021-04-15 18:26:09:255	37.3	20.9	0	0
2021-04-15 18:26:10:263	37.1	20.7	0	0
2021-04-15 18:26:11:271	37.1	20.6	0	0
2021-04-15 18:26:12:278	37.3	20.6	0	0
2021-04-15 18:26:14:277	37.3	20.6	0	0
2021-04-15 18:26:15:287	37.6	20.9	0	0
2021-04-15 18:26:16:294	37.6	21.2	0	0
2021-04-15 18:26:17:303	37.8	21.2	0	0
2021-04-15 18:26:18:292	37.8	21.2	0	0
2021-04-15 18:26:19:300	37.8	21.2	0	0
2021-04-15 18:26:20:308	37.8	21.2	0	0
2021-04-15 18:26:21:316	37.8	21.2	0	0
2021-04-15 18:26:22:307	37.8	21.2	0	0
2021-04-15 18:26:23:316	37.8	20.9	0	0
2021-04-15 18:26:24:324	37.8	20.7	0	0
2021-04-15 18:26:25:331	37.6	20.7	0	0
2021-04-15 18:26:27:331	37.8	20.7	0	0
2021-04-15 18:26:28:338	37.8	20.7	0	0
2021-04-15 18:26:29:345	37.6	20.7	0	0
2021-04-15 18:26:30:354	37.6	20.7	0	0
2021-04-15 18:26:31:346	37.3	20.7	0	0
2021-04-15 18:26:32:353	37.3	20.7	0	0
2021-04-15 18:26:33:363	37.3	20.7	0	0
2021-04-15 18:26:34:370	37.3	20.7	0	0
2021-04-15 18:26:35:361	37.3	20.7	0	0
2021-04-15 18:26:36:369	37.3	21	0	0
2021-04-15 18:26:37:378	37.6	21	0	0
2021-04-15 18:26:38:384	37.6	21	0	0
2021-04-15 18:26:40:383	37.9	21	0	0
2021-04-15 18:26:41:391	37.9	21	0	0
2021-04-15 18:26:42:400	37.9	21	0	0
2021-04-15 18:26:43:407	37.9	21	0	0
2021-04-15 18:26:44:397	37.9	20.7	0	0
2021-04-15 18:26:45:405	37.9	20.7	0	0
2021-04-15 18:26:46:413	37.9	20.7	0	0
2021-04-15 18:26:47:420	37.6	20.7	0	0
2021-04-15 18:26:48:414	37.6	20.7	0	0
2021-04-15 18:26:49:421	37.8	20.7	0	0
2021-04-15 18:26:50:430	37.8	20.7	0	0
2021-04-15 18:26:51:438	37.8	20.7	0	0
2021-04-15 18:26:53:437	37.8	20.7	0	0
2021-04-15 18:26:54:444	37.6	20.7	0	0
2021-04-15 18:26:55:453	37.8	20.7	0	0
2021-04-15 18:26:56:460	37.8	20.7	0	0
2021-04-15 18:26:57:451	37.8	20.7	0	0
2021-04-15 18:26:58:460	37.8	20.7	0	0
2021-04-15 18:26:59:468	37.8	20.9	0	0
2021-04-15 18:27:00:478	37.8	21.2	0	0
2021-04-15 18:27:01:468	37.9	21.2	0	0
2021-04-15 18:27:02:474	38.1	21.2	0	0
2021-04-15 18:27:03:481	38.1	21.2	0	0
2021-04-15 18:27:04:489	38.1	21.2	0	0
2021-04-15 18:27:06:490	38.1	21.2	0	0
2021-04-15 18:27:07:497	38.1	20.9	0	0
2021-04-15 18:27:08:505	38.1	20.7	0	0
2021-04-15 18:27:09:513	38.1	20.7	0	0
2021-04-15 18:27:10:506	37.8	20.7	0	0
2021-04-15 18:27:11:513	37.8	20.7	0	0
2021-04-15 18:27:12:520	37.8	20.7	0	0
2021-04-15 18:27:13:529	37.8	20.9	0	0
2021-04-15 18:27:14:520	37.8	20.9	0	0
2021-04-15 18:27:15:527	37.9	20.9	0	0
2021-04-15 18:27:16:537	37.6	20.9	0	0
2021-04-15 18:27:17:544	37.6	20.9	0	0
2021-04-15 18:27:19:544	37.6	21	0	0
2021-04-15 18:27:20:551	37.3	21	0	0
2021-04-15 18:27:21:561	37.3	20.7	0	0
2021-04-15 18:27:22:566	37.3	20.7	0	0
2021-04-15 18:27:23:558	37.3	20.7	0	0
2021-04-15 18:27:24:567	37.6	20.7	0	0
2021-04-15 18:27:25:574	37.6	20.7	0	0
2021-04-15 18:27:26:582	37.6	20.7	0	0
2021-04-15 18:27:27:575	37.8	21	0	0
2021-04-15 18:27:28:581	38.1	21	0	0
2021-04-15 18:27:29:590	38.1	21	0	0
2021-04-15 18:27:30:595	38.1	21	0	0
2021-04-15 18:27:32:595	38.1	21	0	0
2021-04-15 18:27:33:602	38.1	21	0	0
2021-04-15 18:27:34:613	38.1	21	0	0
2021-04-15 18:27:35:621	37.8	20.7	0	0
2021-04-15 18:27:36:610	37.8	20.7	0	0
2021-04-15 18:27:37:620	37.8	20.7	0	0
2021-04-15 18:27:38:626	37.8	20.7	0	0
2021-04-15 18:27:39:634	37.8	20.7	0	0
2021-04-15 18:27:40:625	37.8	21	0	0
2021-04-15 18:27:41:633	37.8	21	0	0
2021-04-15 18:27:42:645	37.8	20.9	0	0
2021-04-15 18:27:43:650	38.1	20.9	0	0
2021-04-15 18:27:45:650	38.1	20.9	0	0
2021-04-15 18:27:46:657	38.1	21.2	0	0
2021-04-15 18:27:47:666	38.1	21.4	0	0
2021-04-15 18:27:48:673	38.1	21.4	0	0
2021-04-15 18:27:49:665	38.1	21.4	0	0
2021-04-15 18:27:50:671	37.8	21.4	0	0
2021-04-15 18:27:51:680	37.8	21.4	0	0
2021-04-15 18:27:52:687	37.8	21.4	0	0
2021-04-15 18:27:53:680	37.8	21.4	0	0
2021-04-15 18:27:54:686	37.6	21.2	0	0
2021-04-15 18:27:55:693	37.6	20.9	0	0
2021-04-15 18:27:56:702	37.6	20.7	0	0
2021-04-15 18:27:58:705	37.8	20.7	0	0
2021-04-15 18:27:59:710	37.8	20.7	0	0
2021-04-15 18:28:00:716	37.8	20.7	0	0
2021-04-15 18:28:01:725	37.8	20.7	0	0
2021-04-15 18:28:02:716	38.1	20.7	0	0
2021-04-15 18:28:03:734	38.1	20.7	0	0
2021-04-15 18:28:04:734	37.8	20.7	0	0
2021-04-15 18:28:05:740	37.8	20.7	0	0
2021-04-15 18:28:06:731	37.8	20.9	0	0
2021-04-15 18:28:07:741	37.8	20.9	0	0
2021-04-15 18:28:08:749	37.8	21.2	0	0
2021-04-15 18:28:09:754	37.6	21.2	0	0
2021-04-15 18:28:11:755	37.6	21.4	0	0
2021-04-15 18:28:12:764	37.8	21.4	0	0
2021-04-15 18:28:13:770	37.6	21.4	0	0
2021-04-15 18:28:14:777	37.6	21.2	0	0
2021-04-15 18:28:15:769	37.6	21.2	0	0
2021-04-15 18:28:16:777	37.6	20.9	0	0
2021-04-15 18:28:17:786	37.6	20.9	0	0
2021-04-15 18:28:18:794	37.6	20.9	0	0
2021-04-15 18:28:19:784	37.6	20.7	0	0
2021-04-15 18:28:20:793	37.6	20.9	0	0
2021-04-15 18:28:21:800	37.8	20.9	0	0
2021-04-15 18:28:22:808	37.8	20.9	0	0
2021-04-15 18:28:24:807	37.8	20.9	0	0
2021-04-15 18:28:25:815	38.1	20.9	0	0
2021-04-15 18:28:26:823	38.1	20.9	0	0
2021-04-15 18:28:27:834	38.1	20.9	0	0
2021-04-15 18:28:28:825	38.1	20.7	0	0
2021-04-15 18:28:29:831	38.1	20.7	0	0
2021-04-15 18:28:30:842	38.1	21	0	0
2021-04-15 18:28:31:848	38.1	21	0	0
2021-04-15 18:28:32:840	38.1	21	0	0
2021-04-15 18:28:33:849	38.1	21.2	0	0
2021-04-15 18:28:34:853	37.8	21.2	0	0
2021-04-15 18:28:35:861	37.8	21.2	0	0
2021-04-15 18:28:37:864	37.3	21.2	0	0
2021-04-15 18:28:38:872	37.3	21	0	0
2021-04-15 18:28:39:879	37.3	21	0	0
2021-04-15 18:28:40:885	37.3	21	0	0
2021-04-15 18:28:41:879	37.3	20.7	0	0
2021-04-15 18:28:42:886	37.6	20.7	0	0
2021-04-15 18:28:43:893	37.3	20.7	0	0
2021-04-15 18:28:44:902	37.6	20.7	0	0
2021-04-15 18:28:45:893	37.8	20.7	0	0
2021-04-15 18:28:46:901	37.6	20.7	0	0
2021-04-15 18:28:47:908	37.6	20.7	0	0
2021-04-15 18:28:48:916	37.6	20.7	0	0
2021-04-15 18:28:50:914	37.6	20.7	0	0
2021-04-15 18:28:51:922	37.8	20.7	0	0
2021-04-15 18:28:52:930	37.8	20.7	0	0
2021-04-15 18:28:53:938	37.8	20.7	0	0
2021-04-15 18:28:54:931	38.1	20.9	0	0
2021-04-15 18:28:55:938	38.1	20.9	0	0
2021-04-15 18:28:56:948	38.1	20.9	0	0
2021-04-15 18:28:57:954	38.1	20.9	0	0
2021-04-15 18:28:58:945	38.1	20.9	0	0
2021-04-15 18:28:59:952	38.1	20.9	0	0
2021-04-15 18:29:00:959	38.1	20.9	0	0
2021-04-15 18:29:01:968	38.1	20.9	0	0
2021-04-15 18:29:03:968	38.1	20.9	0	0
2021-04-15 18:29:04:977	38.1	21.2	0	0
2021-04-15 18:29:05:985	38.1	21.4	0	0
2021-04-15 18:29:06:992	37.8	21.4	0	0
2021-04-15 18:29:07:983	37.8	21.4	0	0
2021-04-15 18:29:08:992	37.6	21.4	0	0
2021-04-15 18:29:09:999	37.6	21.4	0	0
2021-04-15 18:29:11:008	37.6	21.2	0	0
2021-04-15 18:29:11:998	37.6	21.2	0	0
2021-04-15 18:29:13:007	37.5	20.9	0	0
2021-04-15 18:29:14:015	37.3	20.7	0	0
2021-04-15 18:29:15:023	37.5	20.7	0	0
2021-04-15 18:29:16:014	37.5	0.2	0	0
2021-04-15 18:29:17:024	37.8	20.7	0	0
2021-04-15 18:29:18:030	37.8	20.7	0	0
2021-04-15 18:29:19:037	37.8	20.7	0	0
2021-04-15 18:29:20:045	37.8	20.7	0	0
2021-04-15 18:29:21:036	37.6	20.7	0	0
2021-04-15 18:29:22:045	37.8	20.7	0	0
2021-04-15 18:29:23:053	37.6	20.7	0	0
2021-04-15 18:29:24:061	37.6	20.9	0	0
2021-04-15 18:29:25:053	37.6	20.9	0	0
2021-04-15 18:29:26:059	37.6	20.9	0	0
2021-04-15 18:29:27:067	37.6	20.9	0	0
2021-04-15 18:29:28:075	37.6	20.9	0	0
2021-04-15 18:29:30:075	37.8	20.9	0	0
2021-04-15 18:29:31:083	38.1	20.9	0	0
2021-04-15 18:29:32:089	38.1	20.7	0	0
2021-04-15 18:29:33:097	38.1	20.7	0	0
2021-04-15 18:29:34:089	38.1	20.7	0	0
2021-04-15 18:29:35:098	38.1	20.7	0	0
2021-04-15 18:29:36:104	38.1	20.9	0	0
2021-04-15 18:29:37:113	38.1	20.9	0	0
2021-04-15 18:29:38:106	38.1	21.2	0	0
2021-04-15 18:29:39:112	38.1	21.2	0	0
2021-04-15 18:29:40:122	38.1	21.5	0	0
2021-04-15 18:29:41:127	38.1	21.5	0	0
2021-04-15 18:29:43:126	38.1	21.5	0	0
2021-04-15 18:29:44:134	38.1	21.2	0	0
2021-04-15 18:29:45:143	38.1	21.2	0	0
2021-04-15 18:29:46:152	38.1	20.9	0	0
2021-04-15 18:29:47:145	38.1	20.9	0	0
2021-04-15 18:29:48:150	38.1	20.7	0	0
2021-04-15 18:29:49:157	38.1	20.7	0	0
2021-04-15 18:29:50:166	38.1	20.7	0	0
2021-04-15 18:29:51:156	38.1	20.7	0	0
2021-04-15 18:29:52:165	38.1	20.7	0	0
2021-04-15 18:29:53:173	38.1	20.7	0	0
2021-04-15 18:29:54:181	38.1	20.7	0	0
2021-04-15 18:29:56:183	37.8	20.7	0	0
2021-04-15 18:29:57:188	37.8	20.7	0	0
2021-04-15 18:29:58:196	37.8	20.7	0	0
2021-04-15 18:29:59:204	37.8	20.7	0	0
2021-04-15 18:30:00:196	37.8	20.7	0	0
2021-04-15 18:30:01:203	37.8	20.7	0	0
2021-04-15 18:30:02:212	37.8	20.7	0	0
2021-04-15 18:30:03:220	38.1	20.7	0	0
2021-04-15 18:30:04:211	38.1	20.7	0	0
2021-04-15 18:30:05:218	38.1	20.7	0	0
2021-04-15 18:30:06:225	38.1	20.9	0	0
2021-04-15 18:30:07:234	38.1	20.9	0	0
2021-04-15 18:30:08:231	37.8	21	0	0
2021-04-15 18:30:09:236	37.8	21	0	0
2021-04-15 18:30:10:240	37.8	21	0	0
2021-04-15 18:30:11:249	37.8	21	0	0
2021-04-15 18:30:12:256	37.8	21	0	0
2021-04-15 18:30:13:251	37.8	21	0	0
2021-04-15 18:30:14:259	37.8	20.7	0	0
2021-04-15 18:30:15:267	37.8	20.7	0	0
2021-04-15 18:30:16:273	38.1	20.7	0	0
2021-04-15 18:30:17:265	38.1	20.7	0	0
2021-04-15 18:30:18:273	38.1	20.9	0	0
2021-04-15 18:30:19:281	38.1	21	0	0
2021-04-15 18:30:20:293	38	20.9	0	0
2021-04-15 18:30:21:278	38	20.9	0	0
2021-04-15 18:30:22:289	38.1	21.2	0	0
2021-04-15 18:30:23:295	38.1	21.2	0	0
2021-04-15 18:30:24:301	38.1	21.4	0	0
2021-04-15 18:30:26:303	37.8	21.2	0	0
2021-04-15 18:30:27:309	37.8	21.4	0	0
2021-04-15 18:30:28:317	37.8	21.4	0	0
2021-04-15 18:30:29:325	37.8	21.5	0	0
2021-04-15 18:30:30:316	37.6	21.2	0	0
2021-04-15 18:30:31:329	37.6	21.2	0	0
2021-04-15 18:30:32:335	37.6	21	0	0
2021-04-15 18:30:33:342	37.6	21	0	0
2021-04-15 18:30:34:334	37.8	21	0	0
2021-04-15 18:30:35:342	37.8	20.7	0	0
2021-04-15 18:30:36:348	37.8	20.7	0	0
2021-04-15 18:30:37:357	37.8	20.7	0	0
2021-04-15 18:30:39:354	37.8	20.7	0	0
2021-04-15 18:30:40:364	37.8	21	0	0
2021-04-15 18:30:41:370	37.8	21	0	0
2021-04-15 18:30:42:378	37.8	21	0	0
2021-04-15 18:30:43:369	37.8	21	0	0
2021-04-15 18:30:44:377	37.8	21	0	0
2021-04-15 18:30:45:387	37.8	21	0	0
2021-04-15 18:30:46:392	37.6	21	0	0
2021-04-15 18:30:47:385	37.8	21.2	0	0
2021-04-15 18:30:48:392	37.8	21.2	0	0
2021-04-15 18:30:49:401	37.8	21.2	0	0
2021-04-15 18:30:50:408	37.8	21.2	0	0
2021-04-15 18:30:51:400	37.8	2.1	0	0
2021-04-15 18:30:52:408	37.8	21.7	0	0
2021-04-15 18:30:53:417	37.8	21.7	0	0
2021-04-15 18:30:54:423	38.1	21.7	0	0
2021-04-15 18:30:55:434	38	21.7	0	0
2021-04-15 18:30:56:423	37.8	21.5	0	0
2021-04-15 18:30:57:430	37.8	21.5	0	0
2021-04-15 18:30:58:442	37.8	21.7	0	0
2021-04-15 18:30:59:462	37.8	21.4	0	0
2021-04-15 18:31:00:437	37.8	21.4	0	0
2021-04-15 18:31:01:445	37.8	21.4	0	0
2021-04-15 18:31:02:454	37.8	21.7	0	0
2021-04-15 18:31:03:462	37.8	21.4	0	0
2021-04-15 18:31:04:453	38.1	0.2	0	0
2021-04-15 18:31:05:461	38.1	21.4	0	0
2021-04-15 18:31:06:468	38.1	21.4	0	0
2021-04-15 18:31:07:478	38.1	21.4	0	0
2021-04-15 18:31:08:484	37.8	21.2	0	0
2021-04-15 18:31:09:476	37.8	21.2	0	0
2021-04-15 18:31:10:483	37.5	20.9	0	0
2021-04-15 18:31:11:491	37.5	20.9	0	0
2021-04-15 18:31:12:501	37.5	20.9	0	0
2021-04-15 18:31:13:491	37.6	20.9	0	0
2021-04-15 18:31:14:501	37.6	20.9	0	0
2021-04-15 18:31:15:507	37.6	20.9	0	0
2021-04-15 18:31:16:516	37.8	20.9	0	0
2021-04-15 18:31:17:508	37.8	2	0	0
2021-04-15 18:31:18:517	38.1	20.9	0	0
2021-04-15 18:31:19:522	38.1	20.9	0	0
2021-04-15 18:31:20:531	37.8	20.9	0	0
2021-04-15 18:31:21:538	37.8	20.9	0	0
2021-04-15 18:31:22:531	37.8	20.7	0	0
2021-04-15 18:31:23:538	37.8	20.7	0	0
2021-04-15 18:31:24:546	37.8	20.7	0	0
2021-04-15 18:31:25:552	37.6	20.7	0	0
2021-04-15 18:31:26:544	37.6	20.7	0	0
2021-04-15 18:31:27:556	37.6	20.7	0	0
2021-04-15 18:31:28:560	37.8	20.7	0	0
2021-04-15 18:31:29:569	37.8	20.7	0	0
2021-04-15 18:31:30:560	37.8	0.2	0	0
2021-04-15 18:31:31:568	37.8	20.9	0	0
2021-04-15 18:31:32:574	37.8	21	0	0
2021-04-15 18:31:33:585	38.1	21	0	0
2021-04-15 18:31:34:596	38.1	21	0	0
2021-04-15 18:31:35:583	38.1	21	0	0
2021-04-15 18:31:36:590	38.1	21.2	0	0
2021-04-15 18:31:37:608	38.1	21.2	0	0
2021-04-15 18:31:38:606	38.1	21.2	0	0
2021-04-15 18:31:39:598	38.1	20.9	0	0
2021-04-15 18:31:40:605	37.8	20.9	0	0
2021-04-15 18:31:41:613	37.8	20.9	0	0
2021-04-15 18:31:42:622	37.8	20.9	0	0
2021-04-15 18:31:44:620	37.6	20.9	0	0
2021-04-15 18:31:45:628	37.6	20.9	0	0
2021-04-15 18:31:46:635	37.6	20.9	0	0
2021-04-15 18:31:47:643	37.6	21.2	0	0
2021-04-15 18:31:48:638	37.8	21.2	0	0
2021-04-15 18:31:49:644	37.6	21.2	0	0
2021-04-15 18:31:50:653	37.6	21.2	0	0
2021-04-15 18:31:51:659	37.8	21.2	0	0
2021-04-15 18:31:52:652	37.8	21.2	0	0
2021-04-15 18:31:53:660	37.8	21.2	0	0
2021-04-15 18:31:54:666	37.8	21.5	0	0
2021-04-15 18:31:55:676	37.8	21.2	0	0
2021-04-15 18:31:56:684	37.8	21.2	0	0
2021-04-15 18:31:57:675	38.1	21.2	0	0
2021-04-15 18:31:58:683	37.8	21.2	0	0
2021-04-15 18:31:59:690	37.8	21.2	0	0
2021-04-15 18:32:00:696	37.8	21	0	0
2021-04-15 18:32:01:690	37.8	21	0	0
2021-04-15 18:32:02:697	37.8	20.7	0	0
2021-04-15 18:32:03:705	37.8	20.7	0	0
2021-04-15 18:32:04:713	37.8	20.7	0	0
2021-04-15 18:32:06:714	38.1	20.7	0	0
2021-04-15 18:32:07:720	37.8	20.7	0	0
2021-04-15 18:32:08:731	37.8	21	0	0
2021-04-15 18:32:09:735	37.8	21	0	0
2021-04-15 18:32:10:728	37.6	21	0	0
2021-04-15 18:32:11:735	37.6	21	0	0
2021-04-15 18:32:12:744	37.6	21	0	0
2021-04-15 18:32:13:750	37.6	21.2	0	0
2021-04-15 18:32:14:742	37.6	21.2	0	0
2021-04-15 18:32:15:749	37.8	21.2	0	0
2021-04-15 18:32:16:761	37.8	21	0	0
2021-04-15 18:32:17:766	37.8	20.9	0	0
2021-04-15 18:32:19:764	38.1	20.9	0	0
2021-04-15 18:32:20:774	38.1	20.9	0	0
2021-04-15 18:32:21:782	37.8	20.7	0	0
2021-04-15 18:32:22:789	37.8	20.7	0	0
2021-04-15 18:32:23:781	37.6	20.7	0	0
2021-04-15 18:32:24:789	37.6	20.7	0	0
2021-04-15 18:32:25:796	37.6	20.7	0	0
2021-04-15 18:32:26:804	37.6	20.7	0	0
2021-04-15 18:32:27:795	37.6	20.9	0	0
2021-04-15 18:32:28:803	37.6	20.9	0	0
2021-04-15 18:32:29:812	37.8	20.9	0	0
2021-04-15 18:32:30:819	37.8	20.9	0	0
2021-04-15 18:32:32:820	38.1	20.9	0	0
2021-04-15 18:32:33:826	38.1	21	0	0
2021-04-15 18:32:34:834	38.1	20.9	0	0
2021-04-15 18:32:35:841	38.1	20.9	0	0
2021-04-15 18:32:36:833	38.1	20.9	0	0
2021-04-15 18:32:37:844	37.8	20.9	0	0
2021-04-15 18:32:38:848	37.6	20.9	0	0
2021-04-15 18:32:39:857	37.6	20.9	0	0
2021-04-15 18:32:40:850	37.6	20.9	0	0
2021-04-15 18:32:41:856	37.6	20.9	0	0
2021-04-15 18:32:42:866	37.6	20.9	0	0
2021-04-15 18:32:43:871	37.6	20.7	0	0
2021-04-15 18:32:45:875	37.8	20.9	0	0
2021-04-15 18:32:46:879	38.1	21.2	0	0
2021-04-15 18:32:47:889	38.1	21.4	0	0
2021-04-15 18:32:48:896	37.8	21.4	0	0
2021-04-15 18:32:49:885	37.8	21.4	0	0
2021-04-15 18:32:50:893	37.8	21.7	0	0
2021-04-15 18:32:51:902	37.8	22	0	0
2021-04-15 18:32:52:912	37.8	22	0	0
2021-04-15 18:32:53:905	37.8	21.7	0	0
2021-04-15 18:32:54:911	37.8	21.5	0	0
2021-04-15 18:32:55:921	37.6	21.2	0	0
2021-04-15 18:32:56:927	37.8	21.5	0	0
2021-04-15 18:32:57:916	37.8	0.2	0	0
2021-04-15 18:32:58:927	37.8	21.2	0	0
2021-04-15 18:32:59:934	37.8	20.9	0	0
2021-04-15 18:33:00:942	37.8	20.9	0	0
2021-04-15 18:33:01:950	37.8	20.9	0	0
2021-04-15 18:33:02:942	37.8	20.9	0	0
2021-04-15 18:33:03:950	38.1	21	0	0
2021-04-15 18:33:04:958	38.1	20.7	0	0
2021-04-15 18:33:05:965	37.8	20.7	0	0
2021-04-15 18:33:06:955	37.8	20.7	0	0
2021-04-15 18:33:07:964	37.8	20.7	0	0
2021-04-15 18:33:08:969	37.8	20.7	0	0
2021-04-15 18:33:09:979	37.8	20.7	0	0
2021-04-15 18:33:10:971	37.8	20.7	0	0
2021-04-15 18:33:11:978	37.8	20.7	0	0
2021-04-15 18:33:12:987	37.6	20.7	0	0
2021-04-15 18:33:13:992	37.8	20.7	0	0
2021-04-15 18:33:15:996	37.8	20.7	0	0
2021-04-15 18:33:17:000	37.8	21	0	0
2021-04-15 18:33:18:011	37.8	20.9	0	0
2021-04-15 18:33:19:016	37.8	20.9	0	0
2021-04-15 18:33:20:008	37.6	21	0	0
2021-04-15 18:33:21:019	37.8	21.2	0	0
2021-04-15 18:33:22:025	37.8	21.2	0	0
2021-04-15 18:33:23:033	37.6	21.2	0	0
2021-04-15 18:33:24:024	37.3	21.2	0	0
2021-04-15 18:33:25:031	37.3	21	0	0
2021-04-15 18:33:26:040	37.3	21	0	0
2021-04-15 18:33:27:046	37.3	21	0	0
2021-04-15 18:33:29:049	37.3	20.7	0	0
2021-04-15 18:33:30:053	37.4	20.7	0	0
2021-04-15 18:33:31:063	37.6	20.7	0	0
2021-04-15 18:33:32:071	37.9	20.7	0	0
2021-04-15 18:33:33:062	37.9	20.7	0	0
2021-04-15 18:33:34:070	37.8	20.7	0	0
2021-04-15 18:33:35:077	37.8	20.7	0	0
2021-04-15 18:33:36:086	38.1	20.7	0	0
2021-04-15 18:33:37:076	38.1	20.7	0	0
2021-04-15 18:33:38:084	37.9	20.7	0	0
2021-04-15 18:33:39:093	37.6	20.7	0	0
2021-04-15 18:33:40:101	37.6	20.7	0	0
2021-04-15 18:33:41:091	37.6	20.7	0	0
2021-04-15 18:33:42:099	37.6	20.7	0	0
2021-04-15 18:33:43:107	37.6	20.7	0	0
2021-04-15 18:33:44:115	37.6	20.7	0	0
2021-04-15 18:33:45:107	37.6	21	0	0
2021-04-15 18:33:46:116	37.9	21	0	0
2021-04-15 18:33:47:123	38.1	21	0	0
2021-04-15 18:33:48:131	38.1	21	0	0
2021-04-15 18:33:49:138	38.1	21.2	0	0
2021-04-15 18:33:50:131	38.1	21.2	0	0
2021-04-15 18:33:51:137	38.1	21.2	0	0
2021-04-15 18:33:52:146	38.1	21.2	0	0
2021-04-15 18:33:53:155	37.9	21	0	0
2021-04-15 18:33:54:147	37.9	21.2	0	0
2021-04-15 18:33:55:154	37.6	21.2	0	0
2021-04-15 18:33:56:159	37.6	21.2	0	0
2021-04-15 18:33:57:167	37.6	21	0	0
2021-04-15 18:33:58:160	37.6	21	0	0
2021-04-15 18:33:59:168	37.6	21	0	0
2021-04-15 18:34:00:176	37.6	21	0	0
2021-04-15 18:34:01:185	37.9	21	0	0
2021-04-15 18:34:02:192	37.9	20.7	0	0
2021-04-15 18:34:03:185	38.1	20.7	0	0
2021-04-15 18:34:04:189	38.1	20.7	0	0
2021-04-15 18:34:05:197	38.1	20.9	0	0
2021-04-15 18:34:06:206	38.1	21.2	0	0
2021-04-15 18:34:07:200	38.1	21.2	0	0
2021-04-15 18:34:08:206	38.1	21.2	0	0
2021-04-15 18:34:09:213	38.1	21.2	0	0
2021-04-15 18:34:10:220	38.1	21.2	0	0
2021-04-15 18:34:11:216	37.9	0.2	0	0
2021-04-15 18:34:12:223	37.9	21.2	0	0
2021-04-15 18:34:13:229	37.6	20.9	0	0
2021-04-15 18:34:14:236	37.6	20.9	0	0
2021-04-15 18:34:15:244	37.3	20.9	0	0
2021-04-15 18:34:16:235	37.3	20.9	0	0
2021-04-15 18:34:17:244	37.3	21	0	0
2021-04-15 18:34:18:251	37.4	20.9	0	0
2021-04-15 18:34:19:261	37.3	21	0	0
2021-04-15 18:34:20:253	37.3	21.2	0	0
2021-04-15 18:34:21:260	37.6	21.5	0	0
2021-04-15 18:34:22:269	37.6	21.2	0	0
2021-04-15 18:34:23:276	37.9	21.5	0	0
2021-04-15 18:34:24:268	37.9	0.2	0	0
2021-04-15 18:34:25:276	37.9	21.5	0	0
2021-04-15 18:34:26:280	37.9	21.5	0	0
2021-04-15 18:34:27:289	38.1	21.5	0	0
2021-04-15 18:34:28:297	38.1	21.2	0	0
2021-04-15 18:34:29:293	38.1	21	0	0
2021-04-15 18:34:30:296	38.1	21	0	0
2021-04-15 18:34:31:303	38.1	20.7	0	0
2021-04-15 18:34:32:312	38.1	20.7	0	0
2021-04-15 18:34:33:303	38.1	20.7	0	0
2021-04-15 18:34:34:313	38.1	20.7	0	0
2021-04-15 18:34:35:319	38.1	20.7	0	0
2021-04-15 18:34:36:326	38.1	20.7	0	0
2021-04-15 18:34:38:326	38.1	20.7	0	0
2021-04-15 18:34:39:334	38.1	20.7	0	0
2021-04-15 18:34:40:342	38.1	21	0	0
2021-04-15 18:34:41:351	38.1	20.9	0	0
2021-04-15 18:34:42:344	38.1	21	0	0
2021-04-15 18:34:43:350	38.1	20.9	0	0
2021-04-15 18:34:44:359	37.9	20.9	0	0
2021-04-15 18:34:45:365	37.9	20.9	0	0
2021-04-15 18:34:46:360	37.9	21	0	0
2021-04-15 18:34:47:367	37.9	21	0	0
2021-04-15 18:34:48:418	37.9	20.7	0	0
2021-04-15 18:34:49:380	37.9	21	0	0
2021-04-15 18:34:50:371	37.9	21	0	0
2021-04-15 18:34:51:381	37.9	21	0	0
2021-04-15 18:34:52:388	38.1	20.9	0	0
2021-04-15 18:34:53:395	38.1	21.2	0	0
2021-04-15 18:34:54:406	38.1	21.2	0	0
2021-04-15 18:34:55:397	38.1	21.2	0	0
2021-04-15 18:34:56:402	38.1	21.2	0	0
2021-04-15 18:34:57:410	37.9	20.9	0	0
2021-04-15 18:34:58:421	37.9	21	0	0
2021-04-15 18:34:59:412	37.6	21	0	0
2021-04-15 18:35:00:417	37.6	21	0	0
2021-04-15 18:35:01:428	37.6	20.7	0	0
2021-04-15 18:35:02:433	37.6	20.7	0	0
2021-04-15 18:35:03:425	37.6	21	0	0
2021-04-15 18:35:04:432	37.6	21	0	0
2021-04-15 18:35:05:443	37.9	21	0	0
2021-04-15 18:35:06:451	37.9	21	0	0
2021-04-15 18:35:08:449	38.1	21	0	0
2021-04-15 18:35:09:457	38.1	20.9	0	0
2021-04-15 18:35:10:465	38.1	20.9	0	0
2021-04-15 18:35:11:474	37.9	20.7	0	0
2021-04-15 18:35:12:464	37.9	20.7	0	0
2021-04-15 18:35:13:473	37.6	20.7	0	0
2021-04-15 18:35:14:480	37.4	20.7	0	0
2021-04-15 18:35:15:486	37.4	21	0	0
2021-04-15 18:35:16:479	37.1	21	0	0
2021-04-15 18:35:17:487	37.1	21.2	0	0
2021-04-15 18:35:18:493	37.1	21.2	0	0
2021-04-15 18:35:19:502	37.4	21.2	0	0
2021-04-15 18:35:20:495	37.1	21.2	0	0
2021-04-15 18:35:21:503	37.4	21.2	0	0
2021-04-15 18:35:22:510	37.6	21.2	0	0
2021-04-15 18:35:23:518	37.6	21	0	0
2021-04-15 18:35:25:520	37.9	20.7	0	0
2021-04-15 18:35:26:525	37.9	20.7	0	0
2021-04-15 18:35:27:533	37.6	20.7	0	0
2021-04-15 18:35:28:541	37.9	20.7	0	0
2021-04-15 18:35:29:532	37.9	20.7	0	0
2021-04-15 18:35:30:541	37.6	20.7	0	0
2021-04-15 18:35:31:548	37.6	20.7	0	0
2021-04-15 18:35:32:558	37.6	21	0	0
2021-04-15 18:35:33:549	37.6	21	0	0
2021-04-15 18:35:34:556	37.6	21	0	0
2021-04-15 18:35:35:562	37.9	21	0	0
2021-04-15 18:35:36:572	37.9	21	0	0
2021-04-15 18:35:37:564	37.9	2.1	0	0
2021-04-15 18:35:38:572	37.9	21	0	0
2021-04-15 18:35:39:579	37.9	21	0	0
2021-04-15 18:35:40:588	37.6	20.7	0	0
2021-04-15 18:35:41:592	37.6	20.7	0	0
2021-04-15 18:35:42:585	37.6	20.7	0	0
2021-04-15 18:35:43:593	37.3	20.7	0	0
2021-04-15 18:35:44:603	37.3	20.7	0	0
2021-04-15 18:35:45:608	37.3	20.7	0	0
2021-04-15 18:35:46:600	37.3	20.7	0	0
2021-04-15 18:35:47:608	37.3	20.7	0	0
2021-04-15 18:35:48:619	37.6	21	0	0
2021-04-15 18:35:49:624	37.3	21	0	0
2021-04-15 18:35:50:615	37.1	21	0	0
2021-04-15 18:35:51:622	37.1	21	0	0
2021-04-15 18:35:52:631	37.1	21	0	0
2021-04-15 18:35:53:639	37.1	21	0	0
2021-04-15 18:35:54:646	37.3	21	0	0
2021-04-15 18:35:55:638	37.3	21	0	0
2021-04-15 18:35:56:647	37.1	20.7	0	0
2021-04-15 18:35:57:655	37.4	20.7	0	0
2021-04-15 18:35:58:663	37.6	20.7	0	0
2021-04-15 18:35:59:655	37.9	20.7	0	0
2021-04-15 18:36:00:660	37.9	20.7	0	0
2021-04-15 18:36:01:669	37.9	20.7	0	0
2021-04-15 18:36:02:677	37.9	20.7	0	0
2021-04-15 18:36:03:669	37.9	20.7	0	0
2021-04-15 18:36:04:677	38.1	20.7	0	0
2021-04-15 18:36:05:687	38.1	20.7	0	0
2021-04-15 18:36:06:694	38.1	20.7	0	0
2021-04-15 18:36:08:690	38.1	20.7	0	0
2021-04-15 18:36:09:700	38.1	20.7	0	0
2021-04-15 18:36:10:708	37.9	20.7	0	0
2021-04-15 18:36:11:716	37.9	20.7	0	0
2021-04-15 18:36:12:705	37.9	20.7	0	0
2021-04-15 18:36:13:713	37.9	20.7	0	0
2021-04-15 18:36:14:721	37.6	20.7	0	0
2021-04-15 18:36:15:732	37.6	21	0	0
2021-04-15 18:36:16:724	37.6	21.2	0	0
2021-04-15 18:36:17:728	37.6	21.5	0	0
2021-04-15 18:36:18:736	37.9	21.7	0	0
2021-04-15 18:36:19:747	37.9	22	0	0
2021-04-15 18:36:21:744	37.9	22.3	0	0
2021-04-15 18:36:22:752	38.1	22.3	0	0
2021-04-15 18:36:23:759	38.1	22.3	0	0
2021-04-15 18:36:24:768	37.9	22	0	0
2021-04-15 18:36:25:761	37.6	21.8	0	0
2021-04-15 18:36:26:767	37.6	21.5	0	0
2021-04-15 18:36:27:780	37.4	21.2	0	0
2021-04-15 18:36:28:784	37.4	21.5	0	0
2021-04-15 18:36:29:775	37.1	21.3	0	0
2021-04-15 18:36:30:782	37.1	21.2	0	0
2021-04-15 18:36:31:793	37.1	21	0	0
2021-04-15 18:36:32:800	37.1	21	0	0
2021-04-15 18:36:34:798	37.4	21	0	0
2021-04-15 18:36:35:808	37.6	21	0	0
2021-04-15 18:36:36:812	37.6	20.7	0	0
2021-04-15 18:36:37:823	37.9	20.7	0	0
2021-04-15 18:36:38:815	37.9	20.7	0	0
2021-04-15 18:36:39:820	37.9	20.7	0	0
2021-04-15 18:36:40:830	38.1	20.7	0	0
2021-04-15 18:36:41:839	38.1	21	0	0
2021-04-15 18:36:42:828	37.9	21	0	0
2021-04-15 18:36:43:838	37.9	21.2	0	0
2021-04-15 18:36:44:844	37.9	21.2	0	0
2021-04-15 18:36:45:850	37.9	21.2	0	0
2021-04-15 18:36:47:851	37.9	21.2	0	0
2021-04-15 18:36:48:859	37.9	21.2	0	0
2021-04-15 18:36:49:869	37.9	21	0	0
2021-04-15 18:36:50:876	38.1	21	0	0
2021-04-15 18:36:51:865	38.1	21	0	0
2021-04-15 18:36:52:877	38.1	21	0	0
2021-04-15 18:36:53:882	38.1	21.2	0	0
2021-04-15 18:36:54:888	37.9	21.2	0	0
2021-04-15 18:36:55:882	37.6	21.2	0	0
2021-04-15 18:36:56:891	37.6	21.2	0	0
2021-04-15 18:36:57:897	37.6	21.2	0	0
2021-04-15 18:36:58:906	37.6	21.5	0	0
2021-04-15 18:36:59:895	37.6	0.2	0	0
2021-04-15 18:37:00:906	37.6	21.5	0	0
2021-04-15 18:37:01:913	37.6	21.2	0	0
2021-04-15 18:37:02:919	37.9	21.2	0	0
2021-04-15 18:37:03:927	38.1	21.2	0	0
2021-04-15 18:37:04:921	38.1	21.2	0	0
2021-04-15 18:37:05:926	38.1	21.2	0	0
2021-04-15 18:37:06:934	38.1	21	0	0
2021-04-15 18:37:07:943	38.1	21	0	0
2021-04-15 18:37:08:937	38.1	20.7	0	0
2021-04-15 18:37:09:943	38.1	20.7	0	0
2021-04-15 18:37:10:952	38.1	20.7	0	0
2021-04-15 18:37:11:962	38.1	21	0	0
2021-04-15 18:37:12:953	37.9	0.2	0	0
2021-04-15 18:37:13:960	37.9	21	0	0
2021-04-15 18:37:14:967	37.9	21	0	0
2021-04-15 18:37:15:974	37.9	21	0	0
2021-04-15 18:37:16:981	37.9	21	0	0
2021-04-15 18:37:17:974	37.9	21	0	0
2021-04-15 18:37:18:982	37.9	21	0	0
2021-04-15 18:37:19:989	37.9	21	0	0
2021-04-15 18:37:20:996	38.1	21	0	0
2021-04-15 18:37:21:990	38.1	21.2	0	0
2021-04-15 18:37:22:996	38.1	21.5	0	0
2021-04-15 18:37:24:004	37.9	21.5	0	0
2021-04-15 18:37:25:011	37.9	21.5	0	0
2021-04-15 18:37:27:011	37.9	22	0	0
2021-04-15 18:37:28:018	37.6	21.8	0	0
2021-04-15 18:37:29:027	37.6	22	0	0
2021-04-15 18:37:30:036	37.4	21.7	0	0
2021-04-15 18:37:31:027	37.4	21.5	0	0
2021-04-15 18:37:32:034	37.6	21.5	0	0
2021-04-15 18:37:33:041	37.6	21.5	0	0
2021-04-15 18:37:34:051	37.6	21.2	0	0
2021-04-15 18:37:35:041	37.6	21	0	0
2021-04-15 18:37:36:048	37.9	21	0	0
2021-04-15 18:37:37:057	37.9	20.7	0	0
2021-04-15 18:37:38:067	38.1	20.7	0	0
2021-04-15 18:37:39:057	38.1	20.7	0	0
2021-04-15 18:37:40:065	38.1	20.7	0	0
2021-04-15 18:37:41:072	38.1	20.7	0	0
2021-04-15 18:37:42:080	38.1	20.7	0	0
2021-04-15 18:37:44:079	38.1	20.7	0	0
2021-04-15 18:37:45:086	38.1	20.7	0	0
2021-04-15 18:37:46:096	37.9	20.7	0	0
2021-04-15 18:37:47:104	37.6	20.7	0	0
2021-04-15 18:37:48:095	37.4	20.7	0	0
2021-04-15 18:37:49:104	37.4	20.7	0	0
2021-04-15 18:37:50:111	37.1	20.7	0	0
2021-04-15 18:37:51:119	37.1	20.7	0	0
2021-04-15 18:37:52:110	37.1	20.7	0	0
2021-04-15 18:37:53:117	37.1	20.7	0	0
2021-04-15 18:37:54:124	37.1	20.7	0	0
2021-04-15 18:37:55:135	37.4	21	0	0
2021-04-15 18:37:57:134	37.6	21	0	0
2021-04-15 18:37:58:142	37.9	21	0	0
2021-04-15 18:37:59:148	37.9	21	0	0
2021-04-15 18:38:00:156	37.9	21	0	0
2021-04-15 18:38:01:149	37.9	21.2	0	0
2021-04-15 18:38:02:157	38.1	21.5	0	0
2021-04-15 18:38:03:163	38.1	21.5	0	0
2021-04-15 18:38:04:170	38.1	21.5	0	0
2021-04-15 18:38:05:163	38.1	21.5	0	0
2021-04-15 18:38:06:170	38.1	21.5	0	0
2021-04-15 18:38:07:177	38.1	21.5	0	0
2021-04-15 18:38:08:186	38.1	21.5	0	0
2021-04-15 18:38:09:179	38.1	2.1	0	0
2021-04-15 18:38:10:188	38.1	21.2	0	0
2021-04-15 18:38:11:194	38.1	20.9	0	0
2021-04-15 18:38:12:201	38.1	20.9	0	0
2021-04-15 18:38:13:208	38.1	20.9	0	0
2021-04-15 18:38:14:201	38.1	20.9	0	0
2021-04-15 18:38:15:209	38.1	20.9	0	0
2021-04-15 18:38:16:218	38.1	20.9	0	0
2021-04-15 18:38:17:226	38.1	21	0	0
2021-04-15 18:38:18:219	38.1	20.7	0	0
2021-04-15 18:38:19:224	38.1	20.7	0	0
2021-04-15 18:38:20:231	38.1	20.7	0	0
2021-04-15 18:38:21:239	38.1	20.7	0	0
2021-04-15 18:38:22:232	37.8	20.7	0	0
2021-04-15 18:38:23:241	37.8	21	0	0
2021-04-15 18:38:24:249	37.8	21.2	0	0
2021-04-15 18:38:25:255	37.8	21.2	0	0
2021-04-15 18:38:26:262	37.8	21.2	0	0
2021-04-15 18:38:27:255	37.8	21.2	0	0
2021-04-15 18:38:28:262	37.8	21.5	0	0
2021-04-15 18:38:29:271	37.8	21.7	0	0
2021-04-15 18:38:30:279	38.1	21.7	0	0
2021-04-15 18:38:31:268	38.1	21.7	0	0
2021-04-15 18:38:32:278	38.1	21.5	0	0
2021-04-15 18:38:33:285	38.1	21.5	0	0
2021-04-15 18:38:34:293	38.1	21.4	0	0
2021-04-15 18:38:35:285	38.1	21.4	0	0
2021-04-15 18:38:36:292	38.1	21.2	0	0
2021-04-15 18:38:37:299	38.1	20.9	0	0
2021-04-15 18:38:38:307	38.1	20.9	0	0
2021-04-15 18:38:39:317	37.8	20.7	0	0
2021-04-15 18:38:40:308	37.9	20.7	0	0
2021-04-15 18:38:41:316	37.9	20.7	0	0
2021-04-15 18:38:42:322	37.9	20.7	0	0
2021-04-15 18:38:43:331	37.6	20.7	0	0
2021-04-15 18:38:44:323	37.6	20.7	0	0
2021-04-15 18:38:45:329	37.6	20.7	0	0
2021-04-15 18:38:46:339	37.6	20.8	0	0
2021-04-15 18:38:47:346	37.9	20.8	0	0
2021-04-15 18:38:48:338	37.9	21.1	0	0
