:020000040800F2
:1000000000000320D99900082D9400082F940008BF
:100010003194000833940008359400080000000073
:10002000000000000000000000000000816F0008D8
:10003000379400080000000021700008399400087F
:10004000299A0008299A0008299A0008299A000884
:10005000299A0008299A0008299A0008299A000874
:10006000299A0008299A0008299A0008299A000864
:1000700045940008299A000855940008299A000818
:100080006594000875940008F9940008299A0008FE
:10009000299A0008299A0008299A0008299A000834
:1000A000299A0008299A0008299A0008299A000824
:1000B000299A0008299A0008299A0008299A000814
:1000C000299A0008299A0008299A0008299A000804
:1000D000299A0008559700088D970008D9970008BD
:1000E000299A0008299A0008299A0008299A0008E4
:1000F000299A0008299A0008299A0008299A0008D4
:10010000299A000885940008299A0008299A00086D
:10011000299A0008299A0008299A0008299A0008B3
:1001200095940008A5940008B5940008C5940008AB
:10013000299A0008D5940008299A0008299A0008ED
:10014000299A0008299A0008299A0008299A000883
:10015000299A0008D9940008E99400082598000815
:10016000299A0008299A0008299A0008299A000863
:10017000299A0008299A0008299A0008000000001E
:10018000299A0008299A000871980008299A0008FD
:10019000299A0008299A0008299A0008299A000833
:0C01A0000000000000000000299A000888
:1001B00010B5054C237833B9044B13B10448AFF3A1
:1001C00000800123237010BDE80100200000000022
:1001D000C0CC000808B5034B1BB103490348AFF37B
:1001E000008008BD00000000EC010020C0CC000829
:1001F00081F0004102E000BF83F0004330B54FEAD8
:1002000041044FEA430594EA050F08BF90EA020F44
:100210001FBF54EA000C55EA020C7FEA645C7FEAD7
:10022000655C00F0E2804FEA5454D4EB5555B8BFFA
:100230006D420CDD2C4480EA020281EA030382EA6B
:10024000000083EA010180EA020281EA0303362DFD
:1002500088BF30BD11F0004F4FEA01314FF4801CD0
:100260004CEA113102D0404261EB410113F0004FE2
:100270004FEA03334CEA133302D0524263EB430399
:1002800094EA050F00F0A780A4F10104D5F1200E37
:100290000DDB02FA0EFC22FA05F2801841F1000192
:1002A00003FA0EF2801843FA05F359410EE0A5F166
:1002B00020050EF1200E012A03FA0EFC28BF4CF097
:1002C000020C43FA05F3C01851EBE37101F000454D
:1002D00007D54FF0000EDCF1000C7EEB00006EEB5A
:1002E0000101B1F5801F1BD3B1F5001F0CD34908E4
:1002F0005FEA30004FEA3C0C04F101044FEA44523B
:1003000012F5800F80F09A80BCF1004F08BF5FEAC1
:10031000500C50F1000041EB045141EA050130BDA1
:100320005FEA4C0C404141EB010111F4801FA4F144
:100330000104E9D191F0000F04BF01460020B1FA99
:1003400081F308BF2033A3F10B03B3F120020CDAD1
:100350000C3208DD02F1140CC2F10C0201FA0CF0AF
:1003600021FA02F10CE002F11402D8BFC2F1200C14
:1003700001FA02F120FA0CFCDCBF41EA0C019040CA
:10038000E41AA2BF01EB0451294330BD6FEA040413
:100390001F3C1CDA0C340EDC04F11404C4F12002FE
:1003A00020FA04F001FA02F340EA030021FA04F310
:1003B00045EA030130BDC4F10C04C4F1200220FA67
:1003C00002F001FA04F340EA0300294630BD21FAA5
:1003D00004F0294630BD94F0000F83F4801306BF6B
:1003E00081F480110134013D4EE77FEA645C18BF5F
:1003F0007FEA655C29D094EA050F08BF90EA020FF6
:1004000005D054EA000C04BF1946104630BD91EAED
:10041000030F1EBF0021002030BD5FEA545C05D1F0
:100420004000494128BF41F0004130BD14F580042F
:100430003CBF01F5801130BD01F0004545F0FE41A3
:1004400041F470014FF0000030BD7FEA645C1ABFD8
:10045000194610467FEA655C1CBF0B46024650EA0F
:10046000013406BF52EA033591EA030F41F400213B
:1004700030BD00BF90F0000F04BF0021704730B5C1
:100480004FF4806404F132044FF000054FF0000196
:1004900050E700BF90F0000F04BF0021704730B557
:1004A0004FF4806404F1320410F0004548BF40422C
:1004B0004FF000013EE700BF42004FEAE2014FEA81
:1004C00031014FEA02701FBF12F07F4393F07F4F5C
:1004D00081F06051704732F07F4208BF704793F05F
:1004E0007F4F04BF41F40021704730B54FF4607472
:1004F00001F0004521F000411CE700BF50EA010275
:1005000008BF704730B54FF000050AE050EA01021D
:1005100008BF704730B511F0004502D5404261EB8D
:1005200041014FF4806404F132045FEA915C3FF4CE
:10053000D8AE4FF003025FEADC0C18BF03325FEA6B
:10054000DC0C18BF033202EBDC02C2F1200300FA1C
:1005500003FC20FA02F001FA03FE40EA0E0021FA41
:1005600002F11444BDE600BF70B54FF0FF0C4CF42F
:10057000E06C1CEA11541DBF1CEA135594EA0C0FE1
:1005800095EA0C0F00F0DEF82C4481EA030621EA1C
:100590004C5123EA4C5350EA013518BF52EA033557
:1005A00041F4801143F4801338D0A0FB02CE4FF009
:1005B0000005E1FB02E506F00042E0FB03E54FF039
:1005C0000006E1FB03569CF0000F18BF4EF0010E31
:1005D000A4F1FF04B6F5007F64F5407404D25FEA2D
:1005E0004E0E6D4146EB060642EAC62141EA5551E0
:1005F0004FEAC52040EA5E504FEACE2EB4F1FD0C22
:1006000088BFBCF5E06F1ED8BEF1004F08BF5FEA9F
:10061000500E50F1000041EB045170BD06F0004651
:1006200046EA010140EA020081EA0301B4EB5C04FE
:10063000C2BFD4EB0C0541EA045170BD41F48011F6
:100640004FF0000E013C00F3AB8014F1360FDEBF1B
:10065000002001F0004170BDC4F10004203C35DAF7
:100660000C341BDC04F11404C4F1200500FA05F37A
:1006700020FA04F001FA05F240EA020001F000421B
:1006800021F0004110EBD37021FA04F642EB060191
:100690005EEA430E08BF20EAD37070BDC4F10C04BB
:1006A000C4F1200500FA04F320FA05F001FA04F27F
:1006B00040EA020001F0004110EBD37041F100016B
:1006C0005EEA430E08BF20EAD37070BDC4F1200576
:1006D00000FA05F24EEA020E20FA04F301FA05F2DE
:1006E00043EA020321FA04F001F0004121FA04F286
:1006F00020EA020000EBD3705EEA430E08BF20EA56
:10070000D37070BD94F0000F0FD101F0004640008F
:1007100041EB010111F4801F08BF013CF7D041EA11
:10072000060195F0000F18BF704703F00046520015
:1007300043EB030313F4801F08BF013DF7D043EAE6
:100740000603704794EA0C0F0CEA135518BF95EA9C
:100750000C0F0CD050EA410618BF52EA4306D1D123
:1007600081EA030101F000414FF0000070BD50EA42
:10077000410606BF1046194652EA430619D094EACC
:100780000C0F02D150EA013613D195EA0C0F05D1B6
:1007900052EA03361CBF104619460AD181EA03010A
:1007A00001F0004141F0FE4141F470014FF00000C2
:1007B00070BD41F0FE4141F4780170BD70B54FF05D
:1007C000FF0C4CF4E06C1CEA11541DBF1CEA1355DD
:1007D00094EA0C0F95EA0C0F00F0A7F8A4EB0504BF
:1007E00081EA030E52EA03354FEA013100F08880B6
:1007F0004FEA03334FF0805545EA131343EA12637F
:100800004FEA022245EA111545EA10654FEA002633
:100810000EF000419D4208BF964244F1FD0404F5EC
:10082000407402D25B084FEA3202B61A65EB030548
:100830005B084FEA32024FF480104FF4002CB6EB05
:10084000020E75EB030E22BFB61A754640EA0C0085
:100850005B084FEA3202B6EB020E75EB030E22BFC5
:10086000B61A754640EA5C005B084FEA3202B6EB06
:10087000020E75EB030E22BFB61A754640EA9C00C5
:100880005B084FEA3202B6EB020E75EB030E22BF95
:10089000B61A754640EADC0055EA060E18D04FEA53
:1008A000051545EA16754FEA06164FEAC30343EAF3
:1008B00052734FEAC2025FEA1C1CC0D111F4801FC0
:1008C0000BD141EA00014FF000004FF0004CB6E7B9
:1008D00011F4801F04BF01430020B4F1FD0C88BF58
:1008E000BCF5E06F3FF6AFAEB5EB030C04BFB6EB63
:1008F000020C5FEA500C50F1000041EB045170BD56
:100900000EF0004E4EEA113114EB5C04C2BFD4EB82
:100910000C0541EA045170BD41F480114FF0000E06
:10092000013C90E645EA060E8DE60CEA135594EA82
:100930000C0F08BF95EA0C0F3FF43BAF94EA0C0F85
:100940000AD150EA01347FF434AF95EA0C0F7FF4FA
:1009500025AF104619462CE795EA0C0F06D152EA4E
:1009600003353FF4FDAE1046194622E750EA410632
:1009700018BF52EA43067FF4C5AE50EA41047FF443
:100980000DAF52EA43057FF4EBAE12E74FF0FF3CA8
:1009900006E000BF4FF0010C02E000BF4FF0010C79
:1009A0004DF804CD4FEA410C7FEA6C5C4FEA430CF2
:1009B00018BF7FEA6C5C1BD001B050EA410C0CBF41
:1009C00052EA430C91EA030F02BF90EA020F0020A3
:1009D000704710F1000F91EA030F58BF994208BF0A
:1009E00090422CBFD8176FEAE37040F001007047C7
:1009F0004FEA410C7FEA6C5C02D150EA013C07D11E
:100A00004FEA430C7FEA6C5CD6D152EA033CD3D068
:100A10005DF8040B704700BF8446104662468C4662
:100A20001946634600E000BF01B5FFF7B7FF002895
:100A300048BF10F1000F01BD4DF808EDFFF7F4FFBE
:100A40000CBF012000205DF808FB00BF4DF808ED49
:100A5000FFF7EAFF34BF012000205DF808FB00BF6C
:100A60004DF808EDFFF7E0FF94BF012000205DF88E
:100A700008FB00BF4DF808EDFFF7CEFF94BF012043
:100A800000205DF808FB00BF4DF808EDFFF7C4FF3C
:100A900034BF012000205DF808FB00BF4FEA41028F
:100AA000B2F1E04324BFB3F5001CDCF1FE5C0DD9CC
:100AB00001F0004C4FEAC0024CEA5070B2F1004F16
:100AC00040EB830008BF20F00100704711F0804F19
:100AD00021D113F13872BCBF01F00040704741F4DE
:100AE00080114FEA5252C2F11802C2F1200C10FAE2
:100AF0000CF320FA02F018BF40F001004FEAC123C6
:100B00004FEAD32303FA0CFC40EA0C0023FA02F369
:100B10004FEA4303CCE77FEA625307D150EA01333F
:100B20001EBF4FF0FE4040F44000704701F000400F
:100B300040F0FE4040F40000704700BF80F00040ED
:100B400002E000BF81F0004142001FBF5FEA4103A5
:100B500092EA030F7FEA226C7FEA236C6AD04FEAA5
:100B60001262D2EB1363C1BFD218414048404140EA
:100B7000B8BF5B42192B88BF704710F0004F40F49C
:100B8000000020F07F4018BF404211F0004F41F4B8
:100B9000000121F07F4118BF494292EA030F3FD084
:100BA000A2F1010241FA03FC10EB0C00C3F1200397
:100BB00001FA03F100F0004302D5494260EB400026
:100BC000B0F5000F13D3B0F1807F06D340084FEA91
:100BD000310102F10102FE2A51D2B1F1004F40EB86
:100BE000C25008BF20F0010040EA030070474900EE
:100BF00040EB000010F4000FA2F10102EDD1B0FAB9
:100C000080FCACF1080CB2EB0C0200FA0CF0AABFAD
:100C100000EBC25052421843BCBFD040184370474B
:100C200092F0000F81F4000106BF80F40000013251
:100C3000013BB5E74FEA41037FEA226C18BF7FEA28
:100C4000236C21D092EA030F04D092F0000F08BF6A
:100C50000846704790EA010F1CBF0020704712F051
:100C60007F4F04D1400028BF40F00040704712F190
:100C700000723CBF00F50000704700F0004343F0F5
:100C8000FE4040F4000070477FEA226216BF08462B
:100C90007FEA23630146420206BF5FEA412390EAEE
:100CA000010F40F4800070474FF0000304E000BFE4
:100CB00010F0004348BF40425FEA000C08BF704795
:100CC00043F0964301464FF000001CE050EA010259
:100CD00008BF70474FF000030AE000BF50EA01026E
:100CE00008BF704711F0004302D5404261EB41015B
:100CF0005FEA010C02BF84460146002043F0B64380
:100D000008BFA3F18053A3F50003BCFA8CF2083AA4
:100D1000A3EBC25310DB01FA02FC634400FA02FCAD
:100D2000C2F12002BCF1004F20FA02F243EB0200B4
:100D300008BF20F00100704702F1200201FA02FC16
:100D4000C2F1200250EA4C0021FA02F243EB020009
:100D500008BF20EADC70704753B94AB9002908BFC0
:100D600000281CBF4FF0FF314FF0FF3000F0A8B952
:100D7000ADF1080C6DE904CE00F03CF8DDF804E0BC
:100D8000DDE9022304B0704707EE900AF5EEC07A61
:100D9000F1EE10FA01D400F009B808B580F0004077
:100DA00000F004F8404261EB410108BDD0B5FFF707
:100DB00083FB00220D4B06460F46FFF7D5FB00F0E4
:100DC00081F90446FFF756FB0022094BFFF7CCFBE5
:100DD00002460B4630463946FFF70EFA00F072F92C
:100DE0000022234610431946D0BD00BF0000F03D4D
:100DF0000000F0412DE9F047089E04468846002B8C
:100E00004BD18A42154667D9B2FA82F24AB1C2F191
:100E1000200701FA02F320FA07F7954047EA030892
:100E200094404FEA154E230CB8FBFEF71FFA85FCE1
:100E30000EFB178843EA084307FB0CF1994209D9D6
:100E4000EB1807F1FF3080F01B81994240F21881C6
:100E5000023F2B445B1AA4B2B3FBFEF00EFB10332F
:100E600044EA034400FB0CFCA44509D92C1900F109
:100E7000FF3380F00781A44540F2048102382C44FE
:100E800040EA0740A4EB0C0400271EB1D440002325
:100E9000C6E900433946BDE8F0878B4209D9002EE8
:100EA00000F0EB800027C6E9000138463946BDE86E
:100EB000F087B3FA83F7002F47D18B4202D38242E7
:100EC00000F2FA80841A61EB030301209846002E99
:100ED000E0D0C6E90048DDE702B9FFDEB2FA82F2EF
:100EE000002A40F08F80491B4FEA154E1FFA85F803
:100EF0000127B1FBFEFC230C0EFB1C1143EA01434E
:100F000008FB0CF1994207D9EB180CF1FF3002D223
:100F1000994200F2CD808446591AA3B2B1FBFEF08B
:100F20000EFB101443EA044408FB00F8A04507D95F
:100F30002C1900F1FF3302D2A04500F2B68018460A
:100F4000A4EB080440EA0C409FE7C7F1200CBB402B
:100F500022FA0CFE4EEA030E01FA07F420FA0CF511
:100F600021FA0CF34FEA1E482543B3FBF8F92C0C89
:100F700008FB19331FFA8EFA44EA034309FB0AF40B
:100F80009C4202FA07F200FA07F10BD91EEB0303A9
:100F900009F1FF3080F087809C4240F28480A9F103
:100FA000020973441B1BADB2B3FBF8F008FB10330E
:100FB00045EA034400FB0AFAA24508D91EEB0404E3
:100FC00000F1FF336BD2A24569D90238744440EA7C
:100FD0000940A0FB0289A4EB0A044C45C2464B46DB
:100FE00054D351D0002E69D0B1EB0A0564EB030451
:100FF00004FA0CFCFD40FC404CEA0505C6E900542F
:10100000002747E7C2F1200320FA03F7954001FAD1
:1010100002F021FA03F34FEA154E3843010CB3FBFB
:10102000FEF71FFA85F80EFB173341EA034107FB71
:1010300008F38B4204FA02F407D9691807F1FF3C60
:101040002FD28B422DD9023F2944CB1A81B2B3FB58
:10105000FEF00EFB103341EA034100FB08F38B4224
:1010600007D9691800F1FF3C17D28B4215D9023815
:101070002944C91A40EA07473BE73746304609E7A3
:101080000746E7E61846FBE64145ABD2B8EB020A55
:1010900069EB0E0201381346A4E76046E9E71846FB
:1010A00095E76746D1E781467CE702382C4447E75D
:1010B000ACF1020C2B442FE7384608E73746E9E647
:1010C000704700BF4A0011D212F5001211D20DD59F
:1010D0006FF47873B3EB62520ED44FEAC12343F03E
:1010E000004343EA505323FA02F070474FF00000E8
:1010F000704750EA013002D14FF0FF3070474FF097
:1011000000007047034613F8012B002AFBD1181A80
:1011100001387047000000000000000000000000DF
:1011200001F0FF01102A2BDB10F0070F08D010F898
:10113000013B013A8B422DD010F0070F42B3F6D19C
:10114000F0B441EA012141EA014122F007047FF0B5
:1011500000070023F0E80256083C85EA010586EA0C
:10116000010685FA47F5A3FA87F586FA47F6A5FA48
:1011700087F68EB9EED1F0BC01F0FF0102F0070254
:1011800032B110F8013B013A83EA010313B1F8D1FF
:101190000020704701387047002D06BF35460338E0
:1011A000073815F0010F07D1013015F4807F02BF19
:1011B000013015F4C03F0130F0BC0138704700BF6A
:1011C0004FEA410C7FEA6C5C02D150EA013C0AD143
:1011D0004FEA430C7FEA6C5C02D152EA033C02D135
:1011E0004FF0000070474FF0010070474FEA410296
:1011F00012F5001215D211D56FF47873B3EB625269
:1012000012D94FEAC12343F0004343EA505311F08F
:10121000004F23FA02F018BF404270474FF0000021
:10122000704750EA013005D111F0004008BF6FF05F
:10123000004070474FF00000704700BF10B50446F3
:101240000E4B18784FF47A73B3FBF0F30C4A106826
:10125000B0FBF3F000F002FC68B90F2C01D90120BB
:101260000AE0002221464FF0FF3000F09BFB034BC9
:101270005C60002000E0012010BD00BF00000020E5
:101280001000002008B50B4B1A6842F400721A6077
:101290001A6842F480621A601A6842F480721A6016
:1012A000032000F061FB0F20FFF7C8FF07F038FEB6
:1012B000002008BD003C024010B504464E4B5A6861
:1012C00022F440325A605A6841680A435A60026800
:1012D000536823F48073536002685368016943EADA
:1012E000012353600268536823F04073536002681F
:1012F000536881680B4353600268936823F400636A
:10130000936002689368C1680B439360826A3B4BA9
:101310009A4259D00268936823F070639360026820
:101320009368816A0B4393600268936823F040538B
:10133000936002689368C16A0B4393602268936864
:1013400023F00203936022689368A16943EA410392
:101350009360236A002B48D0636A013B072B3ED879
:101360002268536843F4006353602268536823F48F
:101370006043536021684B68626A013A43EA423332
:101380004B602268D36A23F47003D3622168CB6A6E
:10139000E269013A43EA0253CB622268936823F47C
:1013A0000073936022689368216B43EA4123936042
:1013B0002268936823F4806393602268936861696C
:1013C00043EA8123936010BD0268936823F0706341
:1013D00093600268936823F040539360AEE740F255
:1013E0002761074807F034FBBAE72268536823F403
:1013F00000635360C5E700BF002301400100000FF8
:1014000064CD0008002800F0EB8010B504460368A6
:10141000744A93420CD002F58072934208D002F5D0
:101420008072934204D040F20B116F4807F010FB1A
:10143000636843B1B3F5803F05D0B3F5003F02D0F8
:10144000B3F5403F6FD1A36843B1B3F1807F05D0BE
:10145000B3F1007F02D0B3F1407F6AD12369012B41
:101460006DD8A369012B70D8A36A7BB3B3F1807FD9
:101470002CD0B3F1007F29D0B3F1407F26D0B3F157
:10148000806F23D0B3F1A06F20D0B3F1C06F1DD017
:10149000B3F1E06F1AD0B3F1006F17D0B3F1106F52
:1014A00014D0B3F1206F11D0B3F1306F0ED0B3F17F
:1014B000406F0BD0B3F1506F08D0B3F1606F05D01F
:1014C000B3F1706F02D0494A934244D1E36813B13B
:1014D000B3F5006F45D1E369013B0F2B47D8236B70
:1014E000012B4AD86369022B4DD8236A012B50D8AF
:1014F000A26A3E4B9A420AD0E36A43B1B3F1805FDD
:1015000005D0B3F1005F02D0B3F1405F47D1236C47
:10151000002B4AD0236C13F0100F4DD00120002374
:1015200084F83C3010BD4FF486712F4807F090FAD4
:1015300089E740F20D112C4807F08AFA8EE74FF444
:101540008771294807F084FA8BE740F20F1126488B
:1015500007F07EFA88E74FF48871234807F078FA9D
:10156000B4E740F21111204807F072FAB3E74FF4E4
:1015700089711D4807F06CFAB1E740F213111A485F
:1015800007F066FAAEE74FF48A71174807F060FA81
:10159000ABE740F21511144807F05AFAA8E740F2F9
:1015A0001911114807F054FAB1E7636484F83C302C
:1015B000204607F0FFFCADE7236C23F4885323F0AB
:1015C000020343F0020323642046FFF775FE002068
:1015D0006064236C23F0030343F0010323649EE75C
:1015E000012070470020014064CD00080100000F79
:1015F0000368D86C704770477047000038B50446E0
:101600008369012B00F29580E369013B0F2B00F207
:1016100096806369022B00F29880226811685368F3
:1016200003F0200311F0020F2DD063B3236C13F0ED
:10163000100F03D1236C43F400732364936813F0F9
:10164000405F19D1A369BBB9D36A13F4700F03D0FB
:10165000936813F4806F0FD1536823F02003536015
:10166000236C23F480732364236C13F4805F03D111
:10167000236C43F001032364204605F035FF236803
:101680006FF012021A60236819685A6802F080022B
:1016900011F0040F36D0002A34D0226C12F0100F53
:1016A00003D1226C42F4005222649A6812F4401F63
:1016B00021D19A6B12F4401F03D09A6812F4806F04
:1016C00019D15A6812F4806F15D19A6812F0405FF0
:1016D00011D1A2697AB95A6822F080025A60236C4B
:1016E00023F480532364236C13F4807F03D1236C91
:1016F00043F001032364204600F034F923686FF0BF
:101700000C021A6022681168536803F0400311F05C
:10171000010F04D01BB1136813F0010F1BD1226815
:101720001168536803F0806311F0200F00D0F3B903
:1017300038BD40F27331144807F08AF964E74FF47A
:101740005D71114807F084F963E740F275310E4886
:1017500007F07EF961E7236C43F48033236420466D
:10176000FFF749FF23686FF001021A60D7E7636C47
:1017700043F0020363646FF0200515602046FFF715
:101780003BFF23681D60D3E764CD000830B583B00C
:1017900005460C46002301930B68122B02D96B4AB5
:1017A00093424ED16368013B0F2B50D8A368072B9F
:1017B00053D895F83C30012B00F0C580012385F803
:1017C0003C302368092B4ED92868C2689BB203EBD2
:1017D00043031E3B072101FA03F322EA0303C3601C
:1017E0002868C268A168238803EB43031E3B01FA03
:1017F00003F31343C3606368062B4AD82868426B1F
:1018000003EB8303053B1F2101FA03F322EA0303E1
:1018100043632868426B636803EB8303053B2188BD
:1018200001FA03F3134343632A68494B9A4260D099
:101830002A68474B9A4265D0002085F83C0003B0E7
:1018400030BD40F21551434807F002F9AAE740F2D3
:101850001651404807F0FCF8A8E740F217513D4800
:1018600007F0F6F8A5E7286802699BB203EB43038B
:10187000072101FA03F322EA0303036128680269DE
:10188000A168238803EB430301FA03F313430361C5
:10189000B1E70C2B16D82868026B03EB8303233BBC
:1018A0001F2101FA03F322EA030303632868026B92
:1018B000636803EB8303233B218801FA03F313439B
:1018C0000363B1E72868C26A03EB8303413B1F212E
:1018D00001FA03F322EA0303C3622868C26A636859
:1018E00003EB8303413B218801FA03F31343C362F3
:1018F0009AE72368122B9BD1174A536843F480035D
:10190000536095E72368114A934201D0112B93D17C
:10191000114A536843F40003536022680B4B9A4208
:101920008AD10E4B1B680E4AA2FB03239B0C03EBD0
:1019300083035A00019202E0019B013B0193019B4A
:10194000002BF9D178E7022079E700BF12000010E0
:101950000020014064CD0008002301401000002059
:1019600083DE1B437047000010B50446C31E042BE2
:101970000FD80A4AD36823F4E0631B041B0C24022B
:1019800004F4E064234343F0BF6343F40033D360C3
:1019900010BDA221024807F05BF8EAE700ED00E085
:1019A0009CCD000870B505460C4616460F2A25D872
:1019B0000F2C28D81B4BDB68C3F30223C3F10702AB
:1019C000042A28BF0422191D062921D9033B4FF000
:1019D000FF3101FA02F224EA02049C4001FA03F307
:1019E00026EA03063443002D14DB2401E4B205F19A
:1019F000604505F5614585F8004370BDBA210A4888
:101A000007F026F8D4E7BB21074807F021F8D1E713
:101A10000023DCE705F00F052401E4B2034B5C551D
:101A2000EBE700BF00ED00E09CCD000814ED00E006
:101A300010B5041E08DB04F01F0264090123934063
:101A4000044A42F8243010BDCE21034807F000F8C4
:101A5000F1E700BF00E100E09CCD00080138B0F1E3
:101A6000807F0AD2064B5860064AF02182F8231084
:101A70000020986007221A6070470120704700BF5D
:101A800010E000E000ED00E010B50446042800D0AE
:101A900038B9042C0BD0094A136823F004031360EF
:101AA00010BD40F2D911064806F0D2FFF1E7034A13
:101AB000136843F004031360F2E700BF10E000E096
:101AC0009CCD000830B405682C6824F480242C6078
:101AD000046863608368402B05D0036899600368DD
:101AE000DA6030BC704703689A600368D960F8E731
:101AF0000268D3B2103B0B49A1FB03131B090A492F
:101B0000C95CC165032B06D822F47F7222F0030260
:101B10008265806D704722F47F7222F003020432E6
:101B20008265F6E7ABAAAAAAD8CC0008836A8269C4
:101B300092B9012B0AD01BB1022B01D000207047B3
:101B4000C36A13F0807F2CD100207047C36AB3F1C1
:101B5000C07F28D000207047B2F5005F05D0022B6F
:101B600029D9032B15D000207047032B03D8DFE8B9
:101B700003F01C041C0A00207047C36A13F0807F26
:101B800015D100207047C36AB3F1C07F11D0002087
:101B90007047C36A13F0807F01D001207047002096
:101BA00070470120704701207047012070470120D5
:101BB00070470120704701207047000070B504464F
:101BC00004F00AF8002C00F03881054623689C4A8E
:101BD000934231D0183293422ED0183293422BD0F8
:101BE0001832934228D01832934225D018329342AB
:101BF00022D0183293421FD0183293421CD002F5E3
:101C00005672934218D01832934215D0183293422C
:101C100012D0183293420FD0183293420CD018329F
:101C2000934209D01832934206D01832934203D01F
:101C3000C821844806F00CFF6368A3B1B3F1007FAC
:101C400011D0B3F1806F0ED0B3F1C06F0BD0B3F1F0
:101C5000006F08D0B3F1206F05D0B3F1406F02D010
:101C6000B3F1606F6DD1A3681BB1402B01D0802B05
:101C70006CD1E368B3F5007F01D0002B6BD12369F1
:101C8000B3F5806F01D0002B6AD163692BB1B3F536
:101C9000006F02D0B3F5805F67D1A3692BB1B3F5B4
:101CA000005F02D0B3F5804F64D1E36923B1B3F58F
:101CB000807F01D0202B62D1236A43B1B3F5803FEE
:101CC00005D0B3F5003F02D0B3F5403F5CD1636A65
:101CD0000BB1042B5DD1636AC3B1A36A032B5DD83A
:101CE000E36A43B1B3F5000F05D0B3F1807F02D0B2
:101CF000B3F1C07F57D1236B43B1B3F5001F05D0BB
:101D0000B3F5800F02D0B3F5C00F51D1002384F892
:101D10003430022384F835302268136823F001033D
:101D2000136023681A6812F0010F46D003F054FFC5
:101D3000401B0528F5D920236365032084F835006E
:101D400070BDC9213F4806F083FE8CE7CA213D489B
:101D500006F07EFE8DE7CB213A4806F079FE8EE74D
:101D6000CC21384806F074FE8FE7CD21354806F0C7
:101D70006FFE92E7CE21334806F06AFE95E7CF2149
:101D8000304806F065FE97E7D0212E4806F060FE49
:101D90009DE7D1212B4806F05BFE9CE7D621294820
:101DA00006F056FE9CE7D721264806F051FEA2E732
:101DB000D821244806F04CFEA8E71A6822481040B3
:101DC0006168A2680A43E1680A4321690A436169BC
:101DD0000A43A1690A43E1690A43216A0A430243AB
:101DE000616A04291ED01A602668756925F0070506
:101DF000636A1D43042B07D1A36A1D43E36A1BB129
:101E00002046FFF793FE90B975612046FFF770FEFC
:101E1000E26D3F239340836000206065012384F8D6
:101E200035308DE7E16A206B01430A43DBE740234D
:101E30006365012084F8350082E7012080E700BF58
:101E400010600240D8CD00083F8010F02DE9F0412D
:101E500004460F4690461D46866D5A1E4FF6FE7389
:101E60009A4211D894F83430012B3AD0012384F8E7
:101E7000343094F83530DBB2012B0BD0002384F8DA
:101E800034300220BDE8F0814FF4EA71164806F0C4
:101E9000DFFDE7E7022384F83530002363652B4636
:101EA000424639462046FFF70DFEE26D3F23934040
:101EB000B3602268136843F0160313602268536905
:101EC00043F080035361236C23B12268136843F00D
:101ED000080313602268136843F0010313600020B5
:101EE000D0E70220CEE700BFD8CD000890F835300B
:101EF000DBB2022B03D0802343650120704705230A
:101F000080F835300268136823F001031360002065
:101F100070470000F0B583B0044600230193724B74
:101F20001D68724BA3FB0535AD0A876D3E68C26D17
:101F300008239340334210D003681A6812F0040F4C
:101F40000BD01A6822F004021A60C26D0823934075
:101F5000BB60436D43F001034365E26D0123934091
:101F6000334209D02268526912F0800F04D0BB605E
:101F7000636D43F002036365E26D042393403342D3
:101F800009D02268126812F0020F04D0BB60636DA2
:101F900043F004036365E26D10239340334224D081
:101FA0002268126812F0080F1FD0BB6023681A68FD
:101FB00012F4802F0DD01B6813F4002F04D1236C72
:101FC0009BB12046984710E0A36C73B12046984718
:101FD0000BE01A6812F4807F03D11A6822F008021D
:101FE0001A60236C0BB120469847E26D2023934082
:101FF000334255D02268126812F0100F50D0BB60E7
:1020000094F83530DBB2052B0ED023681A6812F431
:10201000802F33D01B6813F4002F2AD1636C002B60
:102020003ED0204698473BE02268136823F0160311
:1020300013602268536923F080035361236CA3B1BA
:102040002268136823F008031360E26D3F23934076
:10205000BB60002384F83430012384F83530236DCD
:10206000002B3FD0204698473CE0A36C002BE7D1E3
:10207000EBE7E36BA3B12046984711E01A6812F42E
:10208000807F09D11A6822F010021A60002384F8B8
:102090003430012384F83530E36B0BB12046984788
:1020A000636DFBB1636D13F0010F17D0052384F846
:1020B00035302268136823F001031360019B01335C
:1020C0000193AB4204D823681B6813F0010FF5D1CC
:1020D000002384F83430012384F83530E36C0BB1ED
:1020E0002046984703B0F0BD10000020B5814E1B7C
:1020F0002DE9F04782B080460E46BE4B98422BD069
:1021000003F58063984227D003F58063984223D07B
:1021100003F5806398421FD003F5806398421BD07B
:1021200003F58063984217D003F58063984213D07B
:1021300003F5806398420FD003F5806398420BD07B
:1021400003F58063984207D003F58063984203D07B
:10215000C321A94806F07CFC33689AB212B11B0C6B
:102160001B041BB1C421A44806F072FC7368012B48
:102170001ED9112B1CD0022B1AD0122B18D09F4A1B
:10218000934215D002F58012934211D002F58012CD
:1021900093420DD0A2F5F812934209D002F58012B5
:1021A000934205D002F58012934201D0032B04D153
:1021B000B368022B06D8002445E0C5218E4806F0FE
:1021C00047FCF5E7C6218C4806F042FCF3E7EA211C
:1021D000894806F03DFC96E0092300E000238B408F
:1021E00003430232864941F82230864B1A68FB438A
:1021F00003EA0201706810F4803F01D047EA02014F
:10220000804A1160526803EA0201706810F4003FCE
:1022100001D047EA02017B4A5160926803EA020159
:10222000706810F4801F01D047EA0201754A91607E
:10223000D2681340716811F4001F01D047EA02030D
:10224000704AD36001340F2C00F2E2800125A540D2
:1022500037682F40BD42F5D17368022B01D0122B95
:1022600031D13369FBB1092B1DD0012B1BD0022BBF
:1022700019D0032B17D0042B15D0052B13D0062B08
:1022800011D0072B0FD0082B0DD00A2B0BD00B2B06
:1022900009D00C2B07D00D2B05D00F2B03D0D72145
:1022A000554806F0D5FBE208083258F8220004F041
:1022B000070399000F238B4020EA030033698B400A
:1022C000034348F82230D8F800204FEA440A4FF080
:1022D000030909FA0AF96FEA090909EA02027368AF
:1022E00003F0030303FA0AF31343C8F800307368DA
:1022F0005A1E012A03D9112B01D0122B18D1F368D1
:10230000032B3FF664AFD8F8082009EA0202F3680D
:1023100003FA0AF31343C8F80830D8F8042022EA75
:1023200005027368C3F30015A5401543C8F80450AF
:10233000D8F80C3009EA0309B36803FA0AF343EA50
:102340000903C8F80C30736813F0805F3FF47AAF6C
:10235000002301932C4B5A6C42F480425A645B6C0C
:1023600003F480430193019BA208911C244B53F872
:10237000210004F0030399000F238B4020EA03009F
:102380001C4B98453FF42AAF03F58063984522D053
:1023900003F58063984520D003F5806398451ED0EF
:1023A00003F5806398451CD003F5806398451AD0E7
:1023B00003F58063984518D003F58063984516D0DF
:1023C00003F58063984521D003F5806398453FF479
:1023D00003AF0A2303E7012301E70223FFE60323F8
:1023E000FDE60423FBE60523F9E60623F7E60723CB
:1023F000F5E600BF0000024010CE000800001110FA
:1024000000380140003C0140003802400823E6E665
:1024100002B0BDE8F08700BF38B505460C4621B1D3
:102420002B691C4207D1002038BD4FF4C771034807
:1024300006F00EFBF4E70120F6E700BF10CE00081F
:1024400070B5064615460C4629B1012D09D875B957
:102450002404B46170BD40F2AF11064806F0F8FAEA
:10246000F3E74FF4D871034806F0F2FAEFE7B461EE
:10247000F0E700BF10CE000803685A6912F4806FBD
:102480000DD06FF480625A61042303640023036358
:10249000202280F83D2080F83C3001207047002049
:1024A0007047F8B506460C4617461D461EE02DB18E
:1024B00003F092FB069BC01AA84217D9002333638E
:1024C000202286F83D2086F83E3086F83C300320F6
:1024D0001AE033685B6924EA03039BB2B3FA83F31F
:1024E0005B099F420FD1B5F1FF3FE0D1C4F3074331
:1024F000012BEED033689B6924EA03039BB2B3FA45
:1025000083F35B09EDE70020F8BDF8B504460D46FE
:1025100016461F4632E01A6842F400721A602368B9
:102520006FF480625A610423236400232363202212
:1025300084F83D2084F83C3001202DE026B103F0E2
:102540004BFBC01BB04219D900232363202284F81F
:102550003D2084F83C3003201EE023685B6925EAB7
:1025600003039BB2003318BF0123A3B123685A6948
:1025700012F4806FCFD1B6F1FF3FDFD1C5F307432F
:10258000012BEAD023689B6925EA03039BB2003341
:1025900018BF0123E9E70020F8BD70B504460D46D9
:1025A000164623685B6913F0800F19D12046FFF7A8
:1025B00063FFB8B9B5F1FF3FF3D025B103F00CFBD1
:1025C000801BA842EDD9236C43F020032364002331
:1025D0002363202284F83D2084F83C30032000E06F
:1025E000002070BD0120FCE72DE9F04184B00446D5
:1025F0000E46174698460B9D0268136843F4807395
:10260000136000950A9B00224FF00111FFF749FF6C
:10261000002847D1236806F0FE061E612B460A9A61
:1026200026492046FFF771FF20B1236C042B3ED1D1
:10263000012338E00023039323685A6903929B69BE
:102640000393039B2A460A992046FFF7A6FF0346F9
:1026500048B1236C042B2CD12268136843F4007317
:10266000136001231FE0B8F1010F13D023683A0A69
:102670001A612A460A992046FFF78FFF034668B180
:10268000236C042B17D12268136843F40073136082
:10269000012308E02268FFB2176104E02268FFB25C
:1026A000176100E00323184604B0BDE8F08103235E
:1026B000F9E70323F7E70323F5E700BF0200010072
:1026C0002DE9F04184B004460E46174698460B9D0E
:1026D0000268136843F4806313600268136843F46C
:1026E0008073136000950A9B00224FF00111FFF7E1
:1026F000D8FE002874D1F6B2236806F0FE021A61F3
:102700002B460A9A3F492046FFF7FFFE20B1236C73
:10271000042B6AD1012364E00023039323685A69E0
:1027200003929B690393039B2A460A992046FFF76D
:1027300034FF48B1236C042B59D12268136843F449
:102740000073136001234CE0B8F1010F12D123682C
:10275000FFB21F612A460A992046FFF71EFF00B309
:10276000236C042B47D12268136843F40073136071
:10277000012336E023683A0A1A612A460A9920465C
:10278000FFF70BFF48B1236C042B32D1226813688A
:1027900043F400731360012323E02368FFB21F6139
:1027A000D8E72268136843F48073136000950A9B8E
:1027B00000224FF001112046FFF773FEE8B92368AD
:1027C00046F001061E612B460A9A0E492046FFF785
:1027D0009CFE034628B1236C042B10D1012300E09A
:1027E0000323184604B0BDE8F0810323F9E703236F
:1027F000F7E70323F5E70323F3E70323F1E70323D5
:10280000EFE700BF0200010070B504460D46164612
:1028100023685B6913F0040F19D12046FFF72CFEE3
:10282000B8B9B5F1FF3FF3D025B103F0D5F9801B5E
:10283000A842EDD9236C43F02003236400232363D3
:10284000202284F83D2084F83C30032000E0002062
:1028500070BD0120FCE770B505460C4616462B6896
:102860005A6912F0400F22D15A6912F0100F11D19B
:1028700024B103F0B1F9801BA042F0D92B6C43F0D6
:1028800020032B64202385F83D30002385F83C305D
:10289000032070BD6FF010025A6100232B642B637C
:1028A000202285F83D2085F83C300120F1E700200A
:1028B000EFE70000002800F0EB8010B50446036845
:1028C000744A93420CD002F58062934208D002F51C
:1028D0008062934204D04FF4B7716F4806F0B8F8A5
:1028E0006368013B6D4A934267D8A36813B1B3F59F
:1028F000804F68D1E36823F47F7323F00303002B38
:1029000067D12369B3F5804F02D0B3F5404F66D14C
:102910006369012B69D8A36933F0FE036BD1E369C6
:102920000BB1402B6DD1236A0BB1802B6FD194F882
:102930003D30002B71D0242384F83D302268136889
:1029400023F00103136000F039FF554BA3FB002374
:102950009B0C226853606168524A914263D80133EC
:102960002268136263684F4A934266D85B00B0FBEB
:10297000F3F0C0F30B03032B00D804202368D861C5
:10298000E369216A22680B4313602369E1682268C6
:102990000B4393606369A16922680B43D36022688B
:1029A000136843F00103136000202064202384F89F
:1029B0003D30206384F83E0010BD40F26F11364870
:1029C00006F046F891E74FF4B871334806F040F846
:1029D00090E740F27111304806F03AF891E74FF471
:1029E000B9712D4806F034F892E740F273112A4885
:1029F00006F02EF88FE74FF4BA71274806F028F852
:102A00008DE740F27511244806F022F88BE74FF469
:102A1000BB71214806F01CF889E784F83C30204659
:102A200006F01AFB87E74FF4967202FB03F31E4A87
:102A3000A2FB03239B09013392E7A16889B903EB49
:102A40004302B0FBF2F2C2F30B02B2FA82F2520975
:102A5000E2B991B903EB4303B0FBF3F040F400405B
:102A60008CE703EB830202EB8202B0FBF2F2C2F3CB
:102A70000B02B2FA82F25209EAE703EB830303EB9B
:102A80008303B0FBF3F040F4404077E7012075E7A3
:102A900001207047005400404CCE00087F1A060009
:102AA00083DE1B43A0860100D34D62102DE9F04167
:102AB00082B004460F4690461E4603F08DF8054648
:102AC000012E01D0102E09D194F83D30DBB2202B1D
:102AD0000AD00223184602B0BDE8F08140F66B111F
:102AE000544805F0B5FFEFE700951923012252493C
:102AF0002046FFF7D6FC002840F0938094F83C3045
:102B0000012B00F09080012384F83C3023681A6880
:102B100012F0010F03D11A6842F001021A60226814
:102B2000136823F400631360212384F83D304023AD
:102B300084F83E3000232364089B6362BDF8243090
:102B400063853E4BE362638D238501950A9B009369
:102B50003346424639462046FFF746FDB0B1236C66
:102B6000042B04D1002384F83C300123B2E7002376
:102B700084F83C300323ADE7236C042B55D1226845
:102B8000136843F4007313600123A3E7238D002B24
:102B900028D02A460A992046FFF7FFFC0028EBD1EF
:102BA000636A5A1C626222681B781361238D013BA1
:102BB0009BB22385628D013A92B262852268516987
:102BC00011F0040FE2D0002BE0D0636A591C61625F
:102BD0001B781361238D013B2385638D013B9BB2E1
:102BE0006385D3E72A460A992046FFF70DFE034680
:102BF00048B1236C042B1AD12268136843F4007384
:102C00001360012366E721680A6842F400720A60D3
:102C1000202284F83D20002284F83E2084F83C20C5
:102C200058E7022356E7022354E7032352E703231E
:102C300050E700BF4CCE0008020010000000FFFF6C
:102C40002DE9F04186B004460F4690461E4602F03C
:102C5000C3FF0546012E01D0102E09D194F83D3056
:102C6000DBB2202B0AD00226304606B0BDE8F08148
:102C70004FF41F618E4805F0EBFEEFE70095192336
:102C800001228C492046FFF70CFC002840F04D81C2
:102C900094F83C30012B00F04A81012384F83C3049
:102CA00023681A6812F0010F03D11A6842F001027A
:102CB0001A602268136823F400631360222384F8E7
:102CC0003D30402384F83E30002323640C9B636234
:102CD000BDF834306385784BE362638D23850195BD
:102CE0000E9B00933346424639462046FFF7E8FCE8
:102CF000064660B1236C042B04D1002384F83C30D9
:102D00000126B1E7002384F83C300326ACE7238D8D
:102D10005BB9029323685A6902929A690292029AF5
:102D20001A6842F400721A6075E0012B0AD0022B77
:102D30001AD00023059323685A6905929B6905936D
:102D4000059B68E02268136823F480631360002306
:102D5000039323685A6903929A690392039A1A6843
:102D600042F400721A6056E02268136823F480630C
:102D700013602268136843F4006313600023049314
:102D800023685A6904929B690493049B43E02A4692
:102D90000E992046FFF75FFD68B923681A69636AD8
:102DA000591C61621A70238D013B2385638D013BA1
:102DB0009BB263852FE0236C202B01D0012653E7C3
:102DC000032651E700950E9B00223C492046FFF761
:102DD00068FB002840F0AD802268136843F400735C
:102DE000136023681A69636A591C61621A70238D23
:102DF000013B2385638D013B9BB2638523681A6980
:102E0000636A591C61621A70238D013B2385638DAF
:102E1000013B9BB26385238D002B7DD0032B4FD8C4
:102E2000012BB4D0022BCDD000950E9B002223495C
:102E30002046FFF736FB00287DD12268136823F473
:102E40008063136023681A69636A591C61621A708F
:102E5000238D013B2385638D013B9BB263850095E8
:102E60000E9B002215492046FFF71BFB002864D16A
:102E70002268136843F40073136023681A69636A55
:102E8000591C61621A70238D013B2385638D013BC0
:102E90009BB2638523681A69636A591C61621A7060
:102EA000238D013B2385638D013B9BB26385B2E794
:102EB0004CCE0008020010000000FFFF04000100DB
:102EC0002A460E992046FFF7C6FCF0B923681A6916
:102ED000636A591C61621A70238D013B2385638DDF
:102EE000013B9BB2638523685A6912F0040F92D0AC
:102EF0001A69636A591C61621A70238D013B23852C
:102F0000638D013B9BB2638585E7236C202B01D049
:102F10000126A9E60326A7E6202384F83D300023F6
:102F200084F83E3084F83C309EE602269CE6022679
:102F30009AE6032698E6032696E6032694E600BF63
:102F400000283AD038B5044602681D4B9A4203D097
:102F5000AD211C4805F07CFD6368062B1ED8A368D4
:102F6000B3F5805F1FD223684CF6CC421A60236809
:102F700045F255521A60236862685A602368A26855
:102F80009A6002F029FE05462368DA6882B102F0F1
:102F900023FE401B3028F7D903200DE0AE2109485D
:102FA00005F056FDDBE7AF21064805F051FDDAE7F5
:102FB0004AF6AA221A60002038BD0120704700BFDF
:102FC0000030004084CE000803684AF6AA221A6046
:102FD0000020704710B582B000230193194B1A6C82
:102FE00042F080521A641B6C03F080530193019BE2
:102FF000154B01221A6002F0EFFD0446134B5B688B
:1030000013F4803F08D102F0E7FD001BB0F57A7F92
:10301000F4D9032002B010BD0D4B01221A6002F05A
:10302000DBFD0446094B5B6813F4003F07D102F057
:10303000D3FD001BB0F57A7FF4D90320EAE7002026
:10304000E8E700BF0038024040000E420070004038
:1030500044000E42002800F03C8270B582B0044665
:1030600003680F2B39D8236813F0010F4DD0636824
:103070002BB1B3F5803F02D0B3F5A02F32D1A54BD1
:103080009B6803F00C03042B36D0A24B9B6803F023
:103090000C03082B2BD06368B3F5803F5FD0B3F5EA
:1030A000A02F62D09B4B1A6822F480321A601A68F3
:1030B00022F480221A606368002B60D002F08CFD3D
:1030C0000546944B1B6813F4003F1ED102F084FDAB
:1030D000401B6428F5D9032000E2F8218E4805F052
:1030E000B7FCC0E7FD218C4805F0B2FCC7E7894B6F
:1030F0005B6813F4800FCED0864B1B6813F4003F3F
:1031000003D06368002B00F0E681236813F0020F00
:1031100067D0E368012B41D823691F2B44D87D4B2E
:103120009B6813F00C0F4AD07A4B9B6803F00C039A
:10313000082B3FD0E368002B77D0784B01221A6030
:1031400002F04AFD0546734B1B6813F0020F63D172
:1031500002F042FD401B0228F5D90320BEE16D4A72
:10316000136843F480331360A5E76A4B1A6842F48E
:1031700080221A601A6842F480321A609BE702F0DB
:103180002BFD0546634B1B6813F4003FBDD002F0D6
:1031900023FD401B6428F5D903209FE140F22F1145
:1031A0005D4805F055FCB7E74FF498715A4805F0B3
:1031B0004FFCB4E7574B5B6813F4800FBAD1554B03
:1031C0001B6813F0020F04D0E368012B01D001202B
:1031D00084E1504A136823F0F803216943EAC103EC
:1031E0001360236813F0080F49D06369012B2ED8B0
:1031F000636993B34A4B01221A6002F0EDFC054665
:10320000444B5B6F13F0020F39D102F0E5FC401B19
:103210000228F5D9032061E13E4A136823F0F80340
:10322000216943EAC1031360DBE73C4B00221A60CB
:1032300002F0D2FC0546374B1B6813F0020FD0D0CA
:1032400002F0CAFC401B0228F5D9032046E14FF4E6
:10325000B871314805F0FCFBCAE7314B00221A6017
:1032600002F0BAFC05462B4B5B6F13F0020F06D041
:1032700002F0B2FC401B0228F5D903202EE123689E
:1032800013F0040F00F08780A368012B01D9052BF0
:1032900038D1204B1B6C13F0805F39D10023019390
:1032A0001C4B1A6C42F080521A641B6C03F0805362
:1032B0000193019B01251B4B1B6813F4807F33D0C6
:1032C000A368012B44D0052B48D0124B1A6F22F073
:1032D00001021A671A6F22F004021A67A368002B12
:1032E00046D002F079FC06460A4B1B6F13F0020F22
:1032F0004FD102F071FC801B41F288339842F3D920
:103300000320EBE04FF4CE71034805F0A1FBC0E7CA
:103310000025D0E700380240C0CE00080000474238
:10332000800E4742007000406E4A136843F4807379
:10333000136002F051FC06466A4B1B6813F4807F51
:10334000BED102F049FC801B0228F5D90320C5E05C
:10335000654A136F43F001031367BFE7624B1A6FAF
:1033600042F004021A671A6F42F001021A67B5E7C9
:1033700002F032FC06465C4B1B6F13F0020F08D0C4
:1033800002F02AFC801B41F288339842F3D90320D3
:10339000A4E0002D3BD1A369022B3ED8A369002BEA
:1033A00000F09B80504A926802F00C02082A00F05C
:1033B0009780022B79D1E36913B1B3F5800F32D135
:1033C000236A3F2B35D8636A323BB3F5BF7F36D8CB
:1033D000A36A022B05D0042B03D0062B01D0082BA7
:1033E00033D1E36A023B0D2B35D8404B00221A60E3
:1033F00002F0F2FB05463C4B1B6813F0007F30D017
:1034000002F0EAFB401B0228F5D9032066E0364AA9
:10341000136C23F080531364BDE740F2DF1134488E
:1034200005F016FBBAE74FF4F471314805F010FBD4
:10343000C6E740F2E9112E4805F00AFBC3E74FF456
:10344000F5712B4805F004FBC2E740F2EB11284868
:1034500005F0FEFAC5E74FF4F671254805F0F8FAD5
:10346000C3E7E369226A1343626A43EA8213A26AEA
:103470005208013A43EA0243E26A43EA02631A4A03
:1034800053601A4B01221A6002F0A6FB0446164B49
:103490001B6813F0007F06D102F09EFB001B022880
:1034A000F5D903201AE0002018E0104B00221A6022
:1034B00002F092FB04460C4B1B6813F0007F06D011
:1034C00002F08AFB001B0228F5D9032006E0002049
:1034D00004E001207047012000E0002002B070BD30
:1034E0000120FBE7007000400038024060004742C6
:1034F000C0CE0008264B9B6803F00C03042B44D07D
:10350000082B01D0234870472DE9F04B204B5A6817
:1035100002F03F025B6813F4800F13D01C4B596814
:10352000C1F3881100231C48A1FB0001FDF714FC26
:10353000174B5B68C3F3014301335B00B0FBF3F04F
:10354000BDE8F08B124B5B68C3F388131E4600275F
:103550005C010025E41A65EB0705A90141EA9461C5
:10356000A001001B61EB0501CB0043EA5073C400CE
:10357000A01943EB07018B0243EA905384022046D3
:1035800019460023FDF7E8FBD2E70348704700BF68
:10359000003802400024F40040787D01002800F04B
:1035A000F98070B504460D460368013B0E2B11D817
:1035B0000F2D15D8794B1B6803F00F03AB4215D2C2
:1035C000EBB2764A1370136803F00F03AB420DD0D1
:1035D000012070BD4FF41471714805F039FAE7E726
:1035E00040F251216E4805F033FAE3E7236813F007
:1035F000020F29D013F0040F04D06A4A936843F4F1
:10360000E0539360236813F0080F04D0654A936871
:1036100043F460439360A3687BB1802B0DD0902B63
:103620000BD0A02B09D0B02B07D0C02B05D0D02BAE
:1036300003D0E02B01D0F02B33D15A4A936823F00A
:10364000F003A1680B439360236813F0010F42D08D
:103650006368032B2BD86368012B2ED09A1E012A96
:1036600032D9504A126812F0020F00F095804D498D
:103670008A6822F0030213438B6002F0ADFA06461B
:10368000484B9B6803F00C036268B3EB820F22D0B7
:1036900002F0A2FA801B41F288339842F0D903204D
:1036A00097E74FF41D713E4805F0D2F9C5E740F2A7
:1036B0007B213B4805F0CCF9CDE73A4A126812F479
:1036C000003FD4D1012084E7364A126812F0007F0F
:1036D000CDD101207DE7314B1B6803F00F03AB42D6
:1036E00009D9EAB22D4B1A701B6803F00F03AB42E5
:1036F00001D001206DE7236813F0040F14D0E368B4
:103700005BB1B3F5805F08D0B3F5A05F05D0B3F52A
:10371000C05F02D0B3F5E05F30D1224A936823F452
:10372000E053E1680B439360236813F0080F15D052
:1037300023695BB1B3F5805F08D0B3F5A05F05D016
:10374000B3F5C05F02D0B3F5E05F1DD1154A9368B1
:1037500023F46043216943EAC1039360FFF7CAFE83
:10376000104B9B68C3F303130F4AD35CD8400F4B35
:1037700018600F20FDF762FD00202AE740F2B92112
:10378000074805F065F9C8E74FF43071044805F0C3
:103790005FF9DBE70120704701201AE7003C024097
:1037A000C0CE0008003802404CCD000810000020B8
:1037B000014B1868704700BF1000002008B5FFF7E4
:1037C000F7FF044B9B68C3F38223034AD35CD840C2
:1037D00008BD00BF003802405CCD000808B5FFF707
:1037E000E7FF044B9B68C3F34233034AD35CD840E2
:1037F00008BD00BF003802405CCD000830B583B082
:1038000004460368013B7E2B1BD8236813F0030F8B
:1038100079D06368323BB3F5BF7F18D8854B00225F
:103820001A6002F0D9F90546834B1B6813F0006F4C
:1038300013D002F0D1F9401B0228F5D9032003B0C0
:1038400030BD40F68B017D4805F002F9DDE740F61A
:1038500095017A4805F0FCF8E0E7236813F0010FC2
:103860000BD0A368023B052B3BD86268A3681B07FB
:1038700043EA8213704AC2F88430236813F0020FBF
:103880001DD0E368023B0D2B31D8E369013B1F2BB0
:1038900033D8694AD2F884106068E3681B0643EAAB
:1038A000801301F0E0410B43C2F88430D2F88C3031
:1038B00023F01F03E16901390B43C2F88C305D4BE3
:1038C00001221A6002F088F905465B4B1B6813F071
:1038D000006F18D102F080F9401B0228F5D90320AF
:1038E000ADE740F6AB01554805F0B2F8BDE740F64C
:1038F000B801524805F0ACF8C7E740F6B9014F48A7
:1039000005F0A6F8C5E7236813F00C0F00F09A80C5
:103910002369323BB3F5BF7F11D8494B00221A60AF
:1039200002F05AF90546444B1B6813F0005F0CD0B7
:1039300002F052F9401B0228F5D903207FE740F638
:10394000DE013E4805F084F8E7E7236813F0040F32
:103950001ED06369023B0D2B54D8236A013B1F2BF9
:1039600056D8354AD2F88810206963691B0643EAA5
:10397000801301F0E0410B43C2F88830D2F88C305C
:1039800023F4F853216A013943EA0123C2F88C3049
:10399000236813F0080F23D0A369023B052B3DD801
:1039A000636A43B1B3F5803F05D0B3F5003F02D061
:1039B000B3F5403F38D1204AD2F88830216903F06E
:1039C000706343EA8113A16943EA0173C2F8883046
:1039D000D2F88C3023F44033616A0B43C2F88C3048
:1039E000174B01221A6002F0F7F80546124B1B68CC
:1039F00013F0005F26D102F0EFF8401B0228F5D942
:103A000003201CE740F6F3010C4805F021F8A4E779
:103A100040F6F401094805F01BF8A2E740F603114F
:103A2000064805F015F8BBE740F60411034805F019
:103A30000FF8C0E76800474200380240F8CE00089F
:103A400070004742236813F0200F00F0CD80A36A76
:103A5000B3F5807F7ED0B3F5007F7BD0764A93426A
:103A600078D002F58032934274D002F580329342CE
:103A700070D002F5803293426CD002F580329342CE
:103A800068D002F58032934264D002F580329342CE
:103A900060D002F5803293425CD002F580329342CE
:103AA00058D002F58032934254D002F580329342CE
:103AB00050D002F5803293424CD002F580329342CE
:103AC00048D002F58032934244D002F580329342CE
:103AD00040D002F5803293423CD002F580329342CE
:103AE00038D002F58032934234D002F580329342CE
:103AF00030D002F5803293422CD002F580329342CE
:103B000028D002F58032934224D002F580329342CD
:103B100020D002F5803293421CD002F580329342CD
:103B200018D002F58032934214D002F580329342CD
:103B300010D002F5803293420CD002F580329342CD
:103B400008D002F58032934204D040F623113B485E
:103B500004F07EFF00230193394B1A6C42F080522F
:103B60001A641B6C03F080530193019B354A136860
:103B700043F48073136002F02FF80546314B1B6845
:103B800013F4807F06D102F027F8401B0228F5D9F4
:103B9000032054E62A4B1B6F13F4407312D0A26A21
:103BA00002F440729A420DD0254B1A6F22F44072F3
:103BB000254901200860002008601A671B6F13F078
:103BC000010F1BD1A36A03F44072B2F5407F26D0E7
:103BD0001B4A936823F4F813936019490B6FA26A88
:103BE000C2F30B0213430B67236813F0100F21D0AD
:103BF00094F82C20154B1A60002020E601F0ECFF11
:103C000005460F4B1B6F13F0020FDBD101F0E4FFF1
:103C1000401B41F288339842F3D903200FE608494C
:103C20008A6822F4F81223F0704323F4407313439C
:103C30008B60D2E7002002E600030200F8CE000805
:103C40000038024000700040400E4742E0114742F9
:103C500038B504460268D36823F0A003D36001F0AE
:103C6000BBFF05462368DB6813F0200F07D101F086
:103C7000B3FF401BB0F57A7FF4D9032000E00020A9
:103C800038BD38B50368DA6812F0400F01D0002063
:103C900038BD04464FF0FF32DA6001F09DFF054663
:103CA0002368DB6813F0400F07D101F095FF401B3C
:103CB000B0F57A7FF4D90320EAE70020E8E70000B6
:103CC00038B5002800F09D8004464368402B01D0A1
:103CD000002B5FD1A3687F2B61D8E368B3F5004F59
:103CE00062D2236943B1B3F5001F05D0B3F5800F4D
:103CF00002D0B3F5C00F5CD1636913B1B3F5801F77
:103D00005CD1A36913B1B3F5802F5CD1637F002B25
:103D10005ED0022363772368CA225A622368532243
:103D20005A622046FFF7ADFF0546002855D12268AC
:103D3000936823F4E00323F04003936021688A68CA
:103D40006368206903436069034313438B602368FE
:103D5000E2681A6122681369A16843EA01431361AA
:103D60002268D36823F08003D36023689B6813F034
:103D7000200F3AD02268136C23F480231364226846
:103D8000136CA1690B4313642368FF225A62012359
:103D9000637728E0D2211C4804F05AFE9AE7D32129
:103DA000194804F055FE98E7D421174804F050FE56
:103DB00097E7D521144804F04BFE9DE7D621124821
:103DC00004F046FE9DE7D7210F4804F041FE9DE731
:103DD0002377204605F06AF99BE72368FF225A62A1
:103DE000042363770125284638BD2046FFF730FFBE
:103DF0000028BFD02368FF225A620423637701257D
:103E0000F1E70125EFE700BF34CF0008030903EB1A
:103E100083035A0000F00F001044C0B27047000046
:103E2000F8B504460D461646012A28D823689B6A31
:103E30006B6023681B69C3F30E03AB6023681B68C8
:103E400003F07F3323F0FE431A0C02F03F0028708A
:103E5000C3F306276F7003F07F04AC7002F04002DA
:103E6000EA7056B9FFF7D2FF28703846FFF7CEFF49
:103E700068702046FFF7CAFFA8700020F8BD4FF415
:103E80001171024804F0E4FDD0E700BF34CF000810
:103E9000F8B506460C461546012A1ED833685B68FD
:103EA00023F07F4323F0C003180CE070C3F3042712
:103EB000677003F03F06A670C3F34233237055B911
:103EC000FFF7A4FFE0703846FFF7A0FF60703046B0
:103ED000FFF79CFFA0700020F8BD40F2DF210248F0
:103EE00004F0B6FDDAE700BF34CF0008836B1A6830
:103EF000D36B43F48073D363704770B582B00446CC
:103F000000230193006801F041FD054610B12846E9
:103F100002B070BD206801F04CFD064610B30023CE
:103F2000A3642E46DEB9019B5A1C01924FF6FF7224
:103F3000934244D00021206801F052FD002841D175
:103F40000021206801F064FD064600283DD10021D3
:103F5000206801F0F9FAC00FE4D00646E2E700233A
:103F60006364D4E70123A3640546EDB9019B5A1CA1
:103F700001924FF6FF7293422AD00021206801F08F
:103F80002FFD05460028C2D14FF08041206801F086
:103F90003FFD05460028BAD10021206801F0D4FA7F
:103FA000C30FE2D01D46E0E710F0804F03D100239D
:103FB00063643546ABE7012363643546A7E74FF0FA
:103FC0008075A4E74FF08055A1E74FF080559EE73C
:103FD0004FF080759BE770B50546866A002405E0C2
:103FE000286801F059FA46F824000134072CF7D963
:103FF000AB6A2033AB62002070BD70B50546066A1F
:10400000002405E006EB8401286801F048FA013439
:10401000072CF7D92B6A20332B62002070BD2DE9C5
:10402000F04188B004460F4601F0D6FD0646002355
:10403000009301930821206801F0FEFB054618B1AA
:10404000284608B0BDE8F081216D0904206801F020
:10405000C7FC05460028F3D14FF0FF330293082335
:104060000393302304930223059300230693012333
:10407000079302A9206801F07DFB206801F0F9FC9C
:1040800005460028DCD1804605E001F0A5FD801B37
:10409000B0F1FF3F43D02068426B40F22A431A42FE
:1040A0000AD1436B13F4001FEFD001F0F5F94DF87E
:1040B000280008F10108E8E7436B13F0080F25D149
:1040C000436B13F0020F24D1436B13F0200F23D165
:1040D00040F2FF538363009A130203F47F0343EA21
:1040E0000263110A01F47F410B4343EA12637B60D0
:1040F000019A130203F47F0343EA0263110A01F4F5
:104100007F410B4343EA12633B6099E708258563CF
:1041100096E70225856393E72025856390E74FF0B6
:1041200000458DE710B582B0044600210091019151
:10413000006801F009FA10F0007F16D169462046A8
:10414000FFF76DFF034690B9019B13F4802F11D048
:10415000216D0904206801F043FC034638B90221AF
:10416000206801F06EFC034601E04FF4006318463E
:1041700002B010BD4FF08063F9E710B582B004467D
:10418000002100910191006801F0DEF910F0007F3C
:1041900016D169462046FFF742FF034690B9019BBE
:1041A00013F4803F11D0216D0904206801F018FC40
:1041B000034638B90021206801F043FC034601E0C2
:1041C0004FF40063184602B010BD4FF08063F9E76A
:1041D00070B581B10D460446016D0904006801F017
:1041E000A2FC064608B1304670BD0021206801F0EF
:1041F000ABF92860F7E74FF00066F4E7F0B587B059
:10420000044699B115461E460A4690F83430DBB292
:10421000012B6FD100238363AB19C16D8B420BD986
:10422000836B43F000738363012064E0836B43F08E
:104230000063836301205EE0032380F83430036869
:104240000021D9620068C36B43F49573C363E36BC9
:104250002B48D863E36B2B48D864E36B196521685E
:104260007702BB088031E06BFDF7F0FD264B0122A1
:104270001A60636C934200D06D024FF0FF330093DD
:1042800001979023029302230393002304930123B5
:1042900005936946206801F06DFA4FF400712068BB
:1042A00001F0CAFA034698B9012E1CD98223236370
:1042B0002946206801F0F0FAF8B1236840F2FF5275
:1042C0009A63A36B1843A063012084F8340012E0C2
:1042D000226840F2FF519163A06B1843A063012054
:1042E00084F8340007E0812323632946206801F025
:1042F000BBFAE1E7022007B0F0BD0020FBE700BFFA
:1043000027440008A34900088C8525422DE9F04187
:1043100086B0044600293FD015461E460F4690F849
:104320003430DBB2012B73D1002383639319C26D48
:10433000934237D8032380F8343003680022DA62CE
:104340000168CB6B43F01A03CB63036C3249D9632A
:10435000036C3249D964036C1A65436C012B00D09D
:104360006D024FF40071206801F066FA0346F8B957
:10437000012E28D9A02323632946206801F0BCFA26
:1043800040B3236840F2FF529A63A36B1843A063C3
:10439000012084F834003CE0836B43F000638363C6
:1043A000012036E0836B43F000738363012030E02B
:1043B000226840F2FF519163A06B1843A063012073
:1043C00084F8340025E0902323632946206801F017
:1043D0007BFAD5E74FF00108114BC3F80080226843
:1043E0007602B30880323946206CFDF72FFD4FF07E
:1043F000FF330093019690230293002503950495C3
:10440000CDF814806946206801F0B4F9284600E030
:10441000022006B0BDE8F081ED3E0008A349000887
:104420008C852542704710B5846B236B822B0FD08F
:104430002268D36A23F00803D362236840F2FF5254
:104440009A63012384F83430204604F0EBFC10BD5D
:10445000206801F069FA03460028E9D0A06B1843F0
:10446000A0632046FFF7DEFFE2E7704730B4436EFB
:104470009A0F0A70C3F383624A70C3F301638B70AF
:1044800090F86630CB7090F865300B7190F864301E
:104490004B7190F86B301B01CB80B0F86A30CC8840
:1044A000C3F303122243CA8003F00F030B7290F888
:1044B0006930DA094A72C3F380128A72C3F3401278
:1044C000CA72C3F300120A7300224A73426C002AB4
:1044D00040F092809B0203F440630B61836E0A6993
:1044E0009B0003F47F7313430B61C36E0A6942EAB6
:1044F00093720A61C3F3C2620A75C3F302634B7518
:10450000C26EC2F30743C2F342548C75C2F38242B7
:10451000CA755B0003F006030B76C26EC2F3072375
:104520000C7EC2F3C03222430A760A690132426528
:104530000C7E023402FA04F444650A7AD5B20122F0
:10454000AA408265520A02FB04F2C2654FF400726F
:104550000266C3F380124A765B0003F07E038B761B
:10456000C36E8A7EC3F3C01422438A7603F07F03AE
:10457000CB76036F1A0EDC0F0C77C3F341744C77C4
:10458000C3F382638B77930003F00C03CB77036F45
:10459000CA7FC3F381542243CA77C3F3405281F8E0
:1045A0002020002281F82120C3F3004381F822302B
:1045B000036FC3F3C03481F82340C3F3803481F820
:1045C0002440C3F3403481F82540C3F3003481F81C
:1045D0002640C3F3812481F82740C3F3012381F8E7
:1045E0002830036FC3F3460381F82930012381F893
:1045F0002A30104630BC7047012A0CD0036840F2C4
:10460000FF529A63836B43F080538363012280F8E7
:1046100034201046EEE7836E1B0403F47C130B6119
:1046200090F86F200B6943EA02230B610A6990F846
:104630006E3013430B6190F86D300A6901329202BB
:104640004265C2654FF400728265026681E770B50B
:1046500090B004460123ADF81230006800F028FF46
:1046600000286AD0636C032B43D1636C032B5BD1AE
:10467000636C032B1DD0BDF812102165090420685E
:1046800001F024FA0546002859D10021206800F0E5
:104690005BFF60660421206800F056FFA0660821D9
:1046A000206800F051FFE0660C21206800F04CFF0C
:1046B00020670421206800F047FF000DE06405A991
:1046C0002046FFF7D3FE226D12040023206801F07C
:1046D00045F9054698BB234653F8106B93E807004D
:1046E0008DE80700043494E80E00304600F068FEC0
:1046F00025E0206801F0D5F9054600BB00212068BF
:1047000000F022FF60670421206800F01DFFA06711
:104710000821206800F018FFE0670C21206800F0F5
:1047200013FFC4F88000A0E70DF11201206801F02A
:10473000E2F9054600289BD001E04FF0806528464D
:1047400010B070BD70B58AB005460024049405947D
:10475000069407940894762309930AAB13E907009B
:104760008DE8070004AB0ECB286800F029FE124E3E
:104770003460286800F098FE01233360022001F0C5
:1047800031FA2846FFF7B9FB40B10246012085F80F
:104790003400AB6B1343AB630AB070BD2846FFF720
:1047A00056FF024630B1012085F83400AB6B13434D
:1047B000AB63F1E70020EFE7A0802542002862D03C
:1047C00010B504460268314B9A4204D04FF49E71F2
:1047D0002F4804F03DF9636813B1B3F5005F29D1A8
:1047E000A36813B1B3F5806F2AD1E36813B1B3F5B1
:1047F000007F2BD123692BB1B3F5006F02D0B3F545
:10480000805F29D1636913B1B3F5804F2AD1A369C1
:10481000FF2B2DD894F8343083B3032384F834303D
:104820002046FFF78FFF0020A0632063012384F858
:10483000343010BD40F23D11154804F009F9CFE7BE
:104840004FF49F71124804F003F9CEE740F23F1194
:104850000F4804F0FDF8CDE74FF4A0710C4804F0C8
:10486000F7F8CFE740F24111094804F0F1F8CEE73C
:104870004FF4A171064804F0EBF8CBE7237720460C
:1048800004F022FCC9E70120704700BF002C014062
:104890006CCF0008436C0B60836C4B60C36C8B6007
:1048A000036DCB60436D0B61836D4B61C36D8B6199
:1048B000036ECB610020704730B58BB004460D46C7
:1048C00029B1B1F5006F02D0B1F5805F11D103239A
:1048D00084F83430636C032B24D0B5F5805F0ED0A0
:1048E000B5F5006F10D0B5B1A36B43F00063A363BF
:1048F0001CE040F61F01204804F0AAF8E7E7A36B8C
:1049000043F08053A36311E02046FFF70BFCA36B39
:104910001843A0630AE02046FFF72FFCA36B18435F
:10492000A06303E0A36B43F08053A363A36B43B185
:10493000236840F2FF529A63012084F834000BB0E0
:1049400030BD63680493A3680593E36806930795F5
:1049500063690893A36909930AAB13E907008DE81B
:10496000070004AB0ECB206800F02AFD012384F879
:1049700034300020E3E700BF6CCF000810B582B0F0
:10498000044602A9002341F8043DFFF721FC18B1B9
:104990000346A06B1843A0630198C0F3432002B004
:1049A00010BD10B5846BE36B5B6D012B03D0236CE2
:1049B0005B6D012B16D1236840F2FF529A63226887
:1049C000D36B23F49D73D363A36B43F08043A36342
:1049D0002046FFF7D3FF0538C0B2012806D90123CE
:1049E00084F834302046FFF71DFD10BD206800F02C
:1049F0009BFFA36B1843A063F1E710B5846B236C96
:104A00000BB100232364E36B03B110BD2046FFF715
:104A1000B5FF0023A363012384F834300538C0B206
:104A20009842F2D8206800F07FFFA36B1843A06380
:104A3000A36B1BB92046FFF7F5FCE6E72046FFF71E
:104A400014FDE2E710B5846BE36B0BB10023E36365
:104A5000236C03B110BD2046FFF790FF0023A36332
:104A6000012384F834300538C0B29842F2D8206867
:104A700000F05AFFA36B1843A063A36B1BB9204639
:104A8000FFF7D0FCE6E72046FFF7EFFCE2E7000087
:104A900010B5044603685A6B12F4807F61D04FF45E
:104AA00080729A630268D36B23F44E7323F002037F
:104AB000D363036B13F0080F2AD0036B13F0020FBC
:104AC00003D1036B13F0200F04D0206800F02CFFFB
:104AD000034690B9236840F2FF529A63012384F899
:104AE0003430236B13F0010F03D1236B13F0020F4B
:104AF0000AD0204604F096F910BDA26B1343A363BD
:104B00002046FFF78FFCE5E7204604F085F9F3E740
:104B1000036B13F0800FEFD0036B13F0200F13D152
:104B2000236B13F0010FE7D1236B13F0020FE3D1D6
:104B30002268D36A23F00803D362012384F8343057
:104B4000204604F069F9D7E7006800F0EDFE03465F
:104B50000028E5D0A26B1343A3632046FFF762FC55
:104B6000DEE75A6B12F4804F4CD15A6B12F4004FAF
:104B70004ED1596B40F23A221142BDD05A6B12F01D
:104B8000020F03D0826B42F0020282635A6B12F072
:104B9000080F03D0A26B42F00802A2635A6B12F016
:104BA000200F03D0A26B42F02002A2635A6B12F0D6
:104BB000100F03D0A26B42F01002A2635A6B12F4E2
:104BC000007F03D0A26B42F00802A26340F2FF72A2
:104BD0009A632268D36B23F44E7323F00203D363EA
:104BE000236B13F0800F30D0236CBBB11D4A1A65C4
:104BF000206CFDF77BF900283FF47EAF206CFFF7B7
:104C0000FCFE79E74FF480429A63FFF7F6F973E709
:104C10004FF400429A63FFF7DEF96DE7E36B5BB197
:104C2000114A1A65E06BFDF761F900283FF464AFA3
:104C3000E06BFFF707FF5FE70023A363012384F81E
:104C400034302046FFF711FC56E7236B13F0080FB2
:104C50003FF452AF012384F834302046FFF7E2FBE3
:104C60004AE700BFFB490008454A00082DE9F84320
:104C700004464268B44B9A4200F29C80E3681BB140
:104C8000B3F5005F40F09C80236933B1B3F5806FCA
:104C900003D0B3F5C06F40F0998063694FF6F372AB
:104CA000134200D123B940F68811A84803F0D0FE82
:104CB00021680A6922F44052E36813430B612168BA
:104CC000CA6822F4164222F00C02A368206903434A
:104CD00060690343E06903431343CB6021684A6979
:104CE00022F44072A36913434B61E369B3F5004FAB
:104CF00072D02368964A934200F02E8102F58062BA
:104D0000934200F02981FEF759FD00EB800000EB93
:104D100080006568AD00B0FBF5F58E4FA7FB05354B
:104D20006D092E01FEF74AFD00EB800000EB8000CC
:104D30006568AD00B0FBF5F9FEF740FD00EB8000C3
:104D400000EB80006568AD00B0FBF5F5A7FB05350D
:104D50006D094FF0640808FB15952D013235A7FB4E
:104D600005356D0905F0F0053544FEF727FD00EB2C
:104D7000800000EB80006668B600B0FBF6F6FEF738
:104D80001DFD00EB800000EB800063689B00B0FB22
:104D9000F3F0A7FB0030400908FB10684FEA081841
:104DA00008F13208A7FB0837C7F3431723682F44DD
:104DB0009F6027E140F68511644803F049FE5DE7F6
:104DC00040F68611614803F043FE5DE740F6871127
:104DD0005E4803F03DFE60E723685D4A93425BD086
:104DE00002F58062934257D0FEF7E8FC00EB8000AA
:104DF00000EB800065686D00B0FBF5F5554FA7FB33
:104E000005356D092E01FEF7D9FC00EB800000EBA3
:104E1000800065686D00B0FBF5F9FEF7CFFC00EB94
:104E2000800000EB800065686D00B0FBF5F5A7FB26
:104E300005356D094FF0640808FB1595ED00323516
:104E4000A7FB05356D096D0005F4F8753544FEF7CF
:104E5000B5FC00EB800000EB800066687600B0FBDC
:104E6000F6F6FEF7ABFC00EB800000EB8000636819
:104E70005B00B0FBF3F3A7FB03235B0908FB13689C
:104E80004FEAC80808F13208A7FB0837C7F34217F2
:104E900023682F449F60B5E0FEF7A0FC00EB800084
:104EA00000EB800065686D00B0FBF5F5294FA7FBAE
:104EB00005356D092E01FEF791FC00EB800000EB3B
:104EC000800065686D00B0FBF5F9FEF787FC00EB2C
:104ED000800000EB800065686D00B0FBF5F5A7FB76
:104EE00005356D094FF0640808FB1595ED00323566
:104EF000A7FB05356D096D0005F4F8753544FEF71F
:104F00006DFC00EB800000EB800066687600B0FB73
:104F1000F6F6FEF763FC00EB800000EB80006368B0
:104F20005B00B0FBF3F3A7FB03235B0908FB1368EB
:104F30004FEAC80808F13208A7FB0837C7F3421741
:104F400023682F449F605DE0A037A000A4CF000835
:104F5000001001401F85EB51FEF740FC00EB800084
:104F600000EB80006568AD00B0FBF5F5264FA7FBB0
:104F700005356D092E01FEF731FC00EB800000EBDA
:104F800080006568AD00B0FBF5F9FEF727FC00EB8B
:104F9000800000EB80006568AD00B0FBF5F5A7FB75
:104FA00005356D094FF0640808FB15952D01323564
:104FB000A7FB05356D0905F0F0053544FEF70EFC3D
:104FC00000EB800000EB80006668B600B0FBF6F6F0
:104FD000FEF704FC00EB800000EB800063689B00A0
:104FE000B0FBF3F0A7FB0030400908FB10684FEA64
:104FF000081808F13208A7FB0837C7F343172368DE
:105000002F449F60BDE8F8831F85EB512DE9F041E7
:1050100005460F4616469846069C2B681B6837EADD
:1050200003030CBF01230023B3421DD1B4F1FF3FA2
:10503000F3D02CB100F0D0FDA0EB0800A042ECD9D9
:105040002A68D36823F4D073D3602A68536923F0A5
:1050500001035361202385F8393085F83A30002365
:1050600085F83830032000E00020BDE8F081000022
:10507000002800F0938010B504468369002B55D0BA
:105080000368474A934210D0A2F54C4293420CD099
:1050900002F58062934208D002F54C42934204D05C
:1050A0004FF480713F4803F0D3FCA36943B1B3F5DB
:1050B000807F05D0B3F5007F02D0B3F5407F2FD1BC
:1050C000A36813B1B3F5805F56D1E36913B1B3F5AB
:1050D000004F57D194F83930002B59D0242384F84D
:1050E00039302268D36823F40053D3602046FFF799
:1050F000BDFD2268136923F490431361226853694C
:1051000023F02A0353612268D36843F40053D36029
:105110000020E063202384F8393084F83A3010BD51
:1051200040F201111F4803F093FCC9E703681C4AD1
:105130009342C5D0A2F54C429342C1D002F58062A1
:105140009342BDD002F580629342B9D002F58062ED
:105150009342B5D002F544429342B1D0A2F51C422D
:105160009342ADD002F580629342A9D040F205117E
:105170000C4803F06DFCA3E740F20711094803F067
:1051800067FCA2E74FF48471064803F061FCA1E7D5
:1051900084F83830204604F04FF89FE7012070472C
:1051A00000100140A4CF00082DE9F04182B01E4656
:1051B00090F83930DBB2202B55D104460D4690468D
:1051C000002955D0002A55D090F83830012B53D003
:1051D000012380F838300023C363212380F839305D
:1051E00000F0FAFC0746A4F82480A4F8268010E01A
:1051F00000963B46002280212046FFF707FF00284B
:105200003CD12B882268C3F3080353602369C3B9D8
:105210000235E38C9BB2B3B1E38C013B9BB2E384D8
:10522000A368B3F5805FE3D000963B46002280215F
:105230002046FFF7EBFE18BB2A7823685A60013539
:10524000E7E70135E5E700963B460022402120468E
:10525000FFF7DCFE0346A8B9202284F8392000229B
:1052600084F8382000E00223184602B0BDE8F0813F
:105270000123F9E70123F7E70223F5E70323F3E727
:105280000323F1E70323EFE70C4B1B680C4AA2FB57
:1052900003235A0A41F2883303FB02F35A1E4BB12F
:1052A000416B134611F0800FF8D040F2FF53836337
:1052B000002070474FF00040704700BF10000020F2
:1052C000D34D6210144B1B68144AA2FB03235A0AE5
:1052D00041F2883303FB02F35A1ECBB1416B1346F4
:1052E00011F0450FF8D0436B13F0040F08D1436B56
:1052F00013F0010F08D140F2FF5383630020704781
:10530000042383631846704701238363184670475C
:105310004FF00040704700BF10000020D34D6210D6
:10532000104B1B68104AA2FB03235A0A41F2883330
:1053300003FB02F35A1E8BB1416B134611F0450F6C
:10534000F8D0436B13F0040F04D140F2FF53836392
:105350000020704704238363184670474FF00040D5
:10536000704700BF10000020D34D6210124B1B6825
:10537000124AA2FB03235A0A41F2883303FB02F3C9
:105380005A1EA3B1416B134611F0450FF8D0436B81
:1053900013F0040F07D1436B13F0400F0AD04023E2
:1053A00083630020704740238363042070474FF0DD
:1053B000004070470020704710000020D34D62105D
:1053C00084B02DE9F047064609A880E80E00304B6E
:1053D0009E4203D0ED212F4803F03AFBDDF82490E4
:1053E000B9F1000F02D0B9F5005F33D1DDF828A084
:1053F000BAF1000F02D0BAF5806F30D1DDF82C8001
:10540000B8F1000F02D0B8F5007F2DD10C9D2DB161
:10541000B5F5006F02D0B5F5805F2AD10D9F17B1A9
:10542000B7F5804F2AD10E9CFF2C2CD849EA0A09E7
:1054300048EA090845EA08053D432C43736823F40C
:10544000FD4323F07F031C4374600020BDE8F04758
:1054500004B07047EE210F4803F0FAFAC6E7EF21D7
:105460000C4803F0F5FAC9E7F0210A4803F0F0FA16
:10547000CCE7F121074803F0EBFACFE7F22105482A
:1054800003F0E6FACFE7F321024803F0E1FACDE7B3
:10549000002C0140E0CF0008D0F8800070470B6876
:1054A000C0F880300020704703230360002070475D
:1054B000006800F00300704738B505460C464B689D
:1054C0003F2B29D8A3681BB1402B01D0C02B29D179
:1054D000E3682BB1B3F5807F02D0B3F5007F27D10D
:1054E00023693BB1B3F5806F04D04FF4BE7113480C
:1054F00003F0AEFA2368AB606368A2681343E26806
:10550000134322691343EA6822F47F6222F00F02F8
:105510001343EB60002038BD40F27911074803F0D7
:1055200097FACFE74FF4BD71044803F091FACFE743
:1055300040F27B11014803F08BFAD1E7E0CF00087D
:105540000069C0B27047000030B583B00446002344
:1055500001930D4651B1042908D0082906D00C2921
:1055600004D04FF4D471054803F072FA14342C447B
:105570000194019B186803B030BD00BFE0CF000864
:1055800038B5514B1B68514CA4FB03435B0A02FB2B
:1055900003F2531E002A5ED0446B1A4614F0450FE6
:1055A000F7D0436B13F0040F07D1436B13F0010FD7
:1055B00007D00123836318464FE004238363184612
:1055C0004BE00D460446FFF7BBFFA84201D0012087
:1055D00043E040F2FF53A36300212046FFF7B4FFEE
:1055E0003B4B0340D3B300283ADB10F0804F3AD155
:1055F00010F0005F39D110F0805F38D110F0006FEB
:1056000038D110F0806F38D110F0807F38D110F48D
:10561000000F38D110F4800F38D110F4001F38D1AA
:1056200010F4801F38D110F4802F38D110F4003FCF
:1056300038D110F4803F38D110F4004F38D110F435
:10564000804F38D110F4005F38D110F0080F38D0F7
:105650004FF4000001E04FF0004038BD0020FCE7AF
:105660004FF00070F9E74020F7E78020F5E74FF4AE
:105670008070F2E74FF40070EFE74FF48060ECE7E2
:105680004FF40060E9E74FF48050E6E74FF4005034
:10569000E3E74FF48040E0E74FF40040DDE74FF4EC
:1056A0000030DAE74FF48020D7E74FF40020D4E74A
:1056B0004FF48010D1E74FF40010CEE74FF4800094
:1056C000CBE74FF48030C8E710000020D34D6210C4
:1056D00008E0FFFD70B5254B1B68254CA4FB034378
:1056E0005C0A41F2883303FB04F35C1EA3B3456BF1
:1056F000234615F0450FF8D0436B13F0040F07D184
:10570000436B13F0010F07D001238363184625E094
:1057100004238363184621E016460D460446FFF72E
:105720000FFFA84201D0012018E040F2FF53A3630D
:1057300000212046FFF708FF10F4604F08D010F456
:10574000804F0CD110F4004F0CD04FF4805005E086
:10575000000C3080002001E04FF0004070BD4FF49D
:105760000050FBE74FF48030F8E700BF1000002046
:10577000D34D621038B505460C464B68B3F1007F37
:105780003FD2A368DBB1102B19D0202B17D0302BC0
:1057900015D0402B13D0502B11D0602B0FD0702B75
:1057A0000DD0802B0BD0902B09D0A02B07D0B02B85
:1057B00005D0C02B03D0D02B01D0E02B27D1E3683C
:1057C0000BB1022B29D123690BB1042B2BD16369B7
:1057D000012B04D940F2C111164803F039F92368AE
:1057E0006B626368AB62A368E26813432269134388
:1057F00062691343EA6A22F0F7021343EB62002066
:1058000038BD40F2BD110B4803F022F9B9E74FF45F
:10581000DF71084803F01CF9D1E740F2BF110548D9
:1058200003F016F9CFE74FF4E071024803F010F9E6
:10583000CDE700BFE0CF000830B587B00546019145
:105840001024029440230393002304934FF48063B5
:10585000059301A9FFF730FE41F288322146284620
:10586000FFF78EFE07B030BD30B587B00546019119
:105870001124029440230393002304934FF4806384
:10588000059301A9FFF718FE41F288322146284608
:10589000FFF776FE07B030BD30B587B00546019101
:1058A0001224029440230393002304934FF4806353
:1058B000059301A9FFF700FE41F2883221462846F0
:1058C000FFF75EFE07B030BD30B587B005460191E9
:1058D0001824029440230393002304934FF480631D
:1058E000059301A9FFF7E8FD41F2883221462846D9
:1058F000FFF746FE07B030BD30B587B005460191D1
:105900001924029440230393002304934FF48063EB
:10591000059301A9FFF7D0FD41F2883221462846C0
:10592000FFF72EFE07B030BD30B587B00546002327
:1059300001930C2402944022039204934FF4806359
:10594000059301A9FFF7B8FD034A21462846FFF752
:1059500017FE07B030BD00BF00E1F50530B587B0D8
:1059600005460192072402944023039300230493E5
:105970004FF48063059301A9FFF79EFD41F2883241
:1059800021462846FFF7FCFD07B030BD10B586B0B4
:105990000446002301930293039304934FF480631E
:1059A000059301A9FFF788FD2046FFF76DFC06B0BF
:1059B00010BD10B586B004464FF4D573019308238B
:1059C000029340230393002304934FF480630593D1
:1059D00001A9FFF771FD2046FFF7C8FC06B010BD16
:1059E00030B587B0054601913724029440230393D4
:1059F000002304934FF48063059301A9FFF75CFD36
:105A000041F2883221462846FFF7BAFD07B030BD83
:105A100010B586B0044641F0004141F48011019177
:105A20002923029340230393002304934FF48063BC
:105A3000059301A9FFF740FD2046FFF771FC06B072
:105A400010BD30B587B0054601910624029440236D
:105A50000393002304934FF48063059301A9FFF798
:105A60002BFD41F2883221462846FFF789FD07B019
:105A700030BD30B587B0054600230193332402942E
:105A80004022039204934FF48063059301A9FFF72A
:105A900013FD41F2883221462846FFF771FD07B019
:105AA00030BD10B586B00446002301930222029255
:105AB000C022039204934FF48063059301A9FFF77A
:105AC000FBFC2046FFF7FEFB06B010BD10B586B00C
:105AD0000446019109230293C023039300230493F6
:105AE0004FF48063059301A9FFF7E6FC2046FFF71A
:105AF000E9FB06B010BD70B586B005460E46002322
:105B00000193032402944022039204934FF4806390
:105B1000059301A9FFF7D0FC324621462846FFF73E
:105B2000D9FD06B070BD30B587B0054601910D2492
:105B3000029440230393002304934FF4806305935E
:105B400001A9FFF7B9FC41F2883221462846FFF748
:105B500017FD07B030BD704738B51E4B9A6901324A
:105B60009A61DB691BB11B4AD369013BD3610024F5
:105B700001E00134E4B2174B1B78A34227D9254634
:105B8000144B03EB84035B68002BF2D01A7812F0FD
:105B9000020FEED09A680AB1013A9A600D4B03EBFE
:105BA000850358688368002BE3D1C368016998476F
:105BB000084B03EB85056B685A689A601A7812F0F7
:105BC000010FD6D11A786FF341021A70D1E7FFF7AF
:105BD000C2FF38BD04020020014B9869704700BF26
:105BE0000402002038B50446EFF305833BB174B1DD
:105BF000074B1B6813F4803FF9D0013CF7E7FFF730
:105C0000EBFF0546FFF7E8FF401BA042FAD338BD83
:105C100010E000E0104B5B7ADBB930B40E4B5D7ADC
:105C2000EDB200245C555D7A03EB85056860587A17
:105C3000184402725A7AD2B2501CC0B25872303232
:105C40000A703A234B702F238B70CC70204630BCE7
:105C500070470120704700BF2402002008B50022D1
:105C6000FFF7D8FF08BD842801D00330704700201B
:105C70007047EFF30580003018BF0120704708B56A
:105C800000F0B4FD002008BDF0B585B00F464468B3
:105C900005680669B0F90800FFF7E5FF03AB01935B
:105CA00000903B46B2B22946204600F06DFD012827
:105CB00002D1039805B0F0BD0020FBE708B503460C
:105CC00000B90123184600F0D9FE002008BD08B530
:105CD00000224168006800F0C5F908BD30B585B004
:105CE0000446019100230393154602B90125FFF7ED
:105CF000C0FF98B1002303AA01A9204600F094FA3E
:105D0000012818D1039BC3B10D4B4FF080521A608C
:105D1000BFF34F8FBFF36F8F002008E000232A46A8
:105D200001A9204600F0C2F9012802D1002005B0E7
:105D300030BDFF20FBE7FF20F9E70020F7E700BFB9
:105D400004ED00E070B584B0044602910023019395
:105D500049B10D46164600230393B2F1FF3F0BD025
:105D600062B91E460AE004AB802243F8102D93E886
:105D7000070084E807002BE04FF0FF36FFF779FFBC
:105D8000B0B103AA01A9284600F086FB01280CD077
:105D900000230093039BB3B1114B4FF080521A6064
:105DA000BFF34F8FBFF36F8F0DE010230093F1E728
:105DB0000023324601A9284600F09CFA01280AD0A7
:105DC00066B9002300936B4693E8070084E8070058
:105DD000204604B070BD10230093F4E74023F1E7A0
:105DE00004ED00E008B500F0ADFF012801D001F09E
:105DF00049F908BD00F1080343604FF0FF328260AB
:105E0000C360036100230360704700230361704790
:105E100043684B609A688A609A685160996008612B
:105E2000036801330360704730B40D68B5F1FF3F7C
:105E300002D000F1080202E0026904E01A46536849
:105E40001C68AC42FAD953684B6099608A60516013
:105E5000086103680133036030BC7047036942681E
:105E6000816891608268416851605A68824205D0B9
:105E700000220261186801381860704782685A6011
:105E8000F6E710B5044601F08DF8A26BE36B9A4279
:105E900004D0002401F0A8F8204610BD0124F9E741
:105EA00010B5044601F07EF8A36B23B1002401F085
:105EB0009BF8204610BD0124F9E770B5044616464C
:105EC000856B026C5AB903681BB100200135A563CC
:105ED00070BD406800F09CFF00236360F6E76EB978
:105EE000806804F093F9226CA3681344A36062688D
:105EF000934219D32368A3600020E7E7C06804F049
:105F000085F9226C5242E3681344E36021688B42B6
:105F100002D263681A44E260022E01D00020D5E765
:105F200025B1013D0020D1E70020CFE70020CDE7DB
:105F3000026C72B110B5C3681344C3604468A342D5
:105F400001D30368C3600C46C168204604F05EF9C3
:105F500010BD704738B5054601F024F895F8454066
:105F600064B203E000F0E6FE013C64B2002C08DD00
:105F70006B6A33B105F1240000F046FE0028F3D02F
:105F8000F0E7FF2385F8453001F02EF801F00AF81C
:105F900095F8444064B203E000F0CCFE013C64B2EA
:105FA000002C08DD2B6933B105F1100000F02CFE48
:105FB0000028F3D0F0E7FF2385F8443001F014F80F
:105FC00038BD000038B540B94FF0500383F3118855
:105FD000BFF36F8FBFF34F8FFEE704460D4600F00F
:105FE000E1FF2168E26B236C03FB0210606000207C
:105FF000A063A160013A02FB0313E360FF2384F86E
:10600000443084F84530A5B923691BB900F0ECFF92
:10601000012038BD04F1100000F0F6FD0028F5D095
:10602000084B4FF080521A60BFF34F8FBFF36F8F52
:10603000ECE704F11000FFF7DDFE04F12400FFF7A8
:10604000D9FEE3E704ED00E010B5029B0C4639B140
:106050001A60D8631C6401211846FFF7B3FF10BD16
:106060001B60F6E740B94FF0500383F31188BFF38C
:106070006F8FBFF34F8FFEE7F0B583B0054611B1C8
:1060800001FB00F000E0002017460C46483001F00C
:1060900015F9064638B100903B4600F1480221460A
:1060A0002846FFF7D1FF304603B0F0BDF0B585B00C
:1060B000019260B1044699B9026C8AB14FF0500365
:1060C00083F31188BFF36F8FBFF34F8FFEE74FF05D
:1060D000500383F31188BFF36F8FBFF34F8FFEE739
:1060E000022B0BD1E26B012A08D04FF0500383F34F
:1060F0001188BFF36F8FBFF34F8FFEE71E460F4629
:1061000000F020FE50B9019B53B14FF0500383F3D0
:106110001188BFF36F8FBFF34F8FFEE700253AE082
:10612000002538E0324639462046FFF7C6FE636A4E
:106130004BB9A8B13B4B4FF080521A60BFF34F8F61
:10614000BFF36F8F0CE004F1240000F05DFD38B167
:10615000344B4FF080521A60BFF34F8FBFF36F8FF5
:1061600000F042FF012005B0F0BD00F03DFF00202F
:10617000F9E702A800F08AFD012519E0002384F860
:10618000443021E0002384F8453023E02046FFF727
:10619000E1FE00F0FBFB00F005FFA26BE36B9A420F
:1061A000C0D3022EBED0019B002BDED0002DE0D04C
:1061B00000F01AFF00F054FB00F0F4FE94F84430B5
:1061C0005BB2B3F1FF3FD9D094F845305BB2B3F185
:1061D000FF3FD7D000F008FF01A902A800F06AFD38
:1061E000C8B92046FFF74DFE0028CFD0019904F131
:1061F000100000F0EFFC2046FFF7ACFE00F0C6FBFD
:106200000028C8D1074B4FF080521A60BFF34F8F60
:10621000BFF36F8FBFE72046FFF79CFE00F0B6FB91
:106220000020A0E704ED00E02DE9F84360B104464A
:1062300099B9006C88B14FF0500383F31188BFF314
:106240006F8FBFF34F8FFEE74FF0500383F311883A
:10625000BFF36F8FBFF34F8FFEE7022B0BD1E06BC5
:10626000012808D04FF0500383F31188BFF36F8FDC
:10627000BFF34F8FFEE71F469046894600F0A2FF0E
:10628000EFF311864FF0500383F31188BFF36F8F44
:10629000BFF34F8FA26BE36B9A4203D3022F01D05F
:1062A00000200FE094F845506DB23A46494620462A
:1062B000FFF703FEB5F1FF3F08D06B1C5BB284F81B
:1062C0004530012086F31188BDE8F883636A5BB12D
:1062D00004F1240000F098FC40B1B8F1000F07D0A1
:1062E0000120C8F80000EDE70120EBE70120E9E715
:1062F0000120E7E72DE9F04184B0019260B1044646
:1063000099B9026C8AB14FF0500383F31188BFF33F
:106310006F8FBFF34F8FFEE74FF0500383F3118869
:10632000BFF36F8FBFF34F8FFEE71F46884600F025
:1063300009FD50B9019B53B14FF0500383F311880D
:10634000BFF36F8FBFF34F8FFEE700265FE000269D
:106350005DE0E66841462046FFF7EAFDDFB9013D12
:10636000A563236813B900F0ABFD6060236963B1D6
:1063700004F1100000F048FC38B1464B4FF0805259
:106380001A60BFF34F8FBFF36F8F00F02DFE012017
:1063900004B0BDE8F081E660636A002BF5D004F13B
:1063A000240000F031FC0028EFD03A4B4FF080522F
:1063B0001A60BFF34F8FBFF36F8FE6E700F014FE54
:1063C0000020E5E702A800F061FC012629E0002397
:1063D00084F8443031E0002384F8453033E000F0A5
:1063E000E1FD606800F0BEFC00F0FEFD3BE02046F1
:1063F000FFF7B0FD00F0CAFA09E02046FFF7AAFD5A
:1064000000F0C4FA2046FFF74BFD002840D100F011
:10641000C9FDA56B002D9CD1019B002BCED0002E79
:10642000D0D000F0E1FD00F01BFA00F0BBFD94F8C5
:1064300044305BB2B3F1FF3FC9D094F845305BB252
:10644000B3F1FF3FC7D000F0CFFD01A902A800F0D3
:1064500031FC0028D1D12046FFF722FD0028C6D00C
:106460002368002BBBD0019904F1240000F0B2FB9B
:106470002046FFF76FFD00F089FA0028C7D1054BD1
:106480004FF080521A60BFF34F8FBFF36F8FBEE79C
:1064900000207DE704ED00E02DE9F84360B10446FB
:1064A00099B9036C8BB14FF0500383F31188BFF39C
:1064B0006F8FBFF34F8FFEE74FF0500383F31188C8
:1064C000BFF36F8FBFF34F8FFEE71746894600F08B
:1064D00079FEEFF311864FF0500383F31188BFF379
:1064E0006F8FBFF34F8FD4F83880B8F1000F1DD0F5
:1064F00094F844506DB249462046FFF719FD08F163
:10650000FF33A363B5F1FF3F05D06B1C5BB284F88A
:10651000443001200BE023696BB104F1100000F05E
:1065200073FB50B15FB10120386000E0002086F3BA
:106530001188BDE8F8830120F9E70120F7E7012081
:10654000F5E70000074B9B6A1B6833B1054B9A6A5D
:10655000D268D2685268DA627047024B4FF0FF325D
:10656000DA6270473002002010B50446006B00F07C
:106570001FFF204600F01CFF10BD2DE9F0478046AC
:106580009946089D099F0A9C266B02F18042013AB8
:1065900006EB820626F0070600230F2B07D8C85CFF
:1065A000E21882F83400CA5C0AB10133F5E700232F
:1065B00084F84330062D00D90625E56265644FF066
:1065C000000AC4F848A0201DFFF71FFC04F11800C2
:1065D000FFF71BFC2461C5F10705A5616462C4F8DF
:1065E0004CA084F850A04A464146304600F0ACFC2E
:1065F000206007B13C60BDE8F087000070B5002462
:1066000007E004EB8402930010481844FFF7F2FB04
:106610000134062CF5D90E4C04F1BC063046FFF7C8
:10662000E9FB04F1D0052846FFF7E4FB04F1140070
:10663000FFF7E0FB04F1E400FFF7DCFB2046FFF787
:10664000D9FBA662C4F8F85070BD00BF60020020FC
:106650003002002038B5054600F0A4FC264BD3F8E4
:10666000FC200132C3F8FC20D3F8003173B1224B77
:10667000D3F804318BB9204BD3F80031DA6AEB6AD6
:106680009A420AD81C4BC3F8005106E01A4BC3F8D3
:106690000051D3F8FC30012B2AD0174CD4F8083124
:1066A0000133C4F80831EB6A01229A40D4F80C1186
:1066B0000A43C4F80C2104F1300003EB83039A0071
:1066C000291D1044FFF7A4FB00F08EFCD4F8043120
:1066D0006BB1D4F80031DA6AEB6A9A4207D2074B01
:1066E0004FF080521A60BFF34F8FBFF36F8F38BDEA
:1066F000FFF784FFD1E700BF3002002004ED00E087
:1067000070B504460E461F4BD3F81051D3F8000164
:106710000430FFF7A3FB60B91A4BD3F80021D16A0C
:10672000012202FA01F1D3F80C2122EA0102C3F896
:106730000C21B4F1FF3F12D02C44124BD3F800319E
:106740005C60A54214D80F4DA86AD5F80011043139
:10675000FFF76AFBEB6AA34212D9EC6210E0002E4D
:10676000EAD00848D0F800110431FFF751FB07E0E8
:10677000044BD3F8F800D3F800110431FFF754FBB1
:1067800070BD00BF300200202DE9F04385B0074600
:10679000884615469946900000F090FDF8B10646EF
:1067A000542000F08BFD0446A8B10663D4B1002349
:1067B000039302940D9B01930C9B00934B462A4636
:1067C00041463846FFF7D9FE2046FFF743FF012038
:1067D00005B0BDE8F083304600F0EAFDE6E74FF093
:1067E000FF30F5E74FF0FF30F2E7000000B583B06F
:1067F000174B019300230093802216491648FFF798
:10680000C3FF012805D0B0F1FF3F17D003B05DF8FA
:1068100004FB4FF0500383F31188BFF36F8FBFF376
:106820004F8F0E4B4FF0FF32DA620122C3F8042182
:106830000022C3F8102100F051FCE7E74FF05003AD
:1068400083F31188BFF36F8FBFF34F8FFEE700BF55
:106850004C0300201CD000081D6B000830020020F3
:10686000034AD2F818310133C2F81831704700BF1B
:1068700030020020014BD3F8100170473002002095
:106880002DE9F041404BD3F81831002B6CD13E4B31
:10689000D3F810510135C3F81051CDB99B6A1B686C
:1068A00043B14FF0500383F31188BFF36F8FBFF3F1
:1068B0004F8FFEE7344B9A6AD3F8F8109962C3F809
:1068C000F820D3F820210132C3F82021FFF73AFE47
:1068D0002D4BDB6AAB423DD900242B4AD2F8003164
:1068E000DB6A03EB830399000A44136B012B42D943
:1068F000012440E00124244B9B6A1B6863B3224BB4
:106900009B6ADB68DE6873689D422AD306F104083F
:106910004046FFF7A3FAB36A1BB106F11800FFF770
:106920009DFAF36A01229A40174FD7F80C110A43D7
:10693000C7F80C2107F1300003EB83039A004146AE
:106940001044FFF765FAF26AD7F80031DB6A9A4221
:10695000D0D2D0E70024CEE70B4B4FF0FF32DA6203
:10696000BBE7094AD362B8E7074AD2F824310133BA
:10697000C2F824310024044BD3F8283103B1012498
:106980002046BDE8F08100BF30020020394BD3F82B
:10699000183143B94FF0500383F31188BFF36F8F61
:1069A000BFF34F8FFEE770B500F0FCFA314BD3F820
:1069B0001821013AC3F81821D3F81831002B54D10B
:1069C0002C4BD3F8FC3023B9002400F00DFB2046FB
:1069D00070BD0024274B5B692BB3264D2B6ADC6806
:1069E00004F11800FFF73AFA261D3046FFF736FA91
:1069F000E36A01229A40D5F80C110A43C5F80C212C
:106A000005F1300003EB83039A0031461044FFF791
:106A1000FFF9E26AD5F80031DB6A9A42DAD3012243
:106A2000C5F82821D6E70CB1FFF78CFD114BD3F840
:106A3000244164B1FFF724FF18B10E4B0122C3F8C3
:106A40002821013CF6D10B4B0022C3F82421094B2D
:106A5000D3F828315BB1084B4FF080521A60BFF376
:106A60004F8FBFF36F8F0124AFE70024ADE7002401
:106A7000ABE700BF3002002004ED00E010B5B0B17C
:106A800004460F4BD3F8183143B14FF0500383F352
:106A90001188BFF36F8FBFF34F8FFEE7FFF7E0FE64
:106AA00000212046FFF72CFEFFF770FF38B9054B99
:106AB0004FF080521A60BFF34F8FBFF36F8F10BD3E
:106AC0003002002004ED00E038B5134BD3F8143148
:106AD0000BB3FFF7C5FE104BD3F8E440FFF756FFAA
:106AE000002CF2D000F05EFA0B4CD4F8F030DD68E8
:106AF000281DFFF7B3F9D4F8FC30013BC4F8FC3093
:106B0000D4F81431013BC4F8143100F06DFA284672
:106B1000FFF72AFDD9E738BD3002002008B5FFF79E
:106B2000D3FF064B1B6B012BF9D9054B4FF080525D
:106B30001A60BFF34F8FBFF36F8FF0E73002002072
:106B400004ED00E0224BD3F8183123B1204B012291
:106B5000C3F8282170471E4A0023C2F82831D2F812
:106B60000C31B3FA83F3DBB2C3F11F0303EB8300F1
:106B700081000A44126B42B94FF0500383F311882D
:106B8000BFF36F8FBFF34F8FFEE710B4104A990029
:106B9000CC18A0001044446B64684463303219443C
:106BA00088000830024494420BD0094903EB830368
:106BB0009A000A44536BDB68C1F800315DF8044B5E
:106BC000704761680248142202FB03025163ECE73C
:106BD0003002002040B94FF0500383F31188BFF317
:106BE0006F8FBFF34F8FFEE710B50C46054BD3F800
:106BF00000111831FFF718F901212046FFF780FD39
:106C000010BD00BF3002002038B5C368DC6844B94D
:106C10004FF0500383F31188BFF36F8FBFF34F8F93
:106C2000FEE704F118052846FFF718F9154BD3F8CD
:106C3000183103BB251D2846FFF710F9E36A01212F
:106C40009940104AD2F80C010143C2F80C113032BD
:106C500003EB8303980029461044FFF7D9F8E26A52
:106C6000084BD3F80031DB6A9A4209D90120054B61
:106C7000C3F8280138BD29460348FFF7C9F8EEE7F5
:106C80000020F7E7300200204402002038B1084A13
:106C9000D2F820110160D2F81021426070474FF005
:106CA000500383F31188BFF36F8FBFF34F8FFEE75D
:106CB0003002002038B550B1044689B94FF0500376
:106CC00083F31188BFF36F8FBFF34F8FFEE74FF051
:106CD000500383F31188BFF36F8FBFF34F8FFEE72D
:106CE0000D4600F05FF9124BD3F810112B68B3F189
:106CF000FF3F19D020680E4AD2F82021904202D0DE
:106D000062688A4212D96268881A834204D80124D0
:106D100000F06AF9204638BD521A13442B60204611
:106D2000FFF7B4FF0024F3E70024F1E70124EFE7C5
:106D300030020020024B0122C3F82821704700BF17
:106D400030020020064BD3F804313BB1044BD3F89A
:106D500018310BB1002070470220704701207047A6
:106D60003002002000284DD038B50546C26A2649B9
:106D7000D1F80011C96A8A4216D28169002906DB5E
:106D80002149D1F80011C96AC1F10701816168691F
:106D900002EB820291001D4A0A44904205D01A4A31
:106DA000D2F80021D26AEA6238BD2C1D2046FFF7D6
:106DB00055F8A0B11448D0F80031DB6AEB6201222B
:106DC0009A40D0F80C110A43C0F80C21303003EB84
:106DD00083039A0021461044FFF71AF8E4E7EA6AB1
:106DE00002EB82039900084B0B441B6B002BE1D193
:106DF000012393400449D1F80C2122EA0302C1F88F
:106E00000C21D7E7704700BF30020020600200204D
:106E100000284DD038B50446284AD2F800218242D5
:106E200008D04FF0500383F31188BFF36F8FBFF387
:106E30004F8FFEE7826C42B94FF0500383F3118805
:106E4000BFF36F8FBFF34F8FFEE7013A8264C06AD2
:106E5000616C88422ED07ABB251D2846FEF7FEFFC6
:106E600078B9E26A1549142303FB02131B6B43B97B
:106E7000012303FA02F2D1F80C3123EA0203C1F82C
:106E80000C31626CE262C2F10703A361012404FACF
:106E900002F10A4BD3F80C010143C3F80C11303353
:106EA0002946142000FB0230FEF7B2FF204638BD11
:106EB000002070470020FAE70020F8E730020020A9
:106EC000064BD3F800312BB1044BD3F80021936C5F
:106ED00001339364014BD3F8000170473002002066
:106EE0000B4B1B68B3F1FF3F08D04FF0500383F307
:106EF0001188BFF36F8FBFF34F8FFEE74FF0500342
:106F000083F31188BFF36F8FBFF34F8FFEE700BF8E
:106F10000800002006480068006880F3088862B610
:106F200061B6BFF34F8FBFF36F8F00DF00BF00006C
:106F300008ED00E0DFF80C00016841F47001016029
:106F40007047000088ED00E04FF0807340F8043C8B
:106F500021F0010140F8081C054B40F80C3C40F8BA
:106F6000202C6FF0020340F8243C4438704700BFE7
:106F7000E16E0008000000000000000000000000BA
:106F8000074B19680868B0E8F04F80F30988BFF331
:106F90006F8F4FF0000080F311887047AFF30080CF
:106FA000300300204FF0500383F31188BFF36F8F3D
:106FB000BFF34F8F0A4A136801331360012B00D0CF
:106FC0007047084B1B6813F0FF0FF9D04FF05003C8
:106FD00083F31188BFF36F8FBFF34F8FFEE700BFBE
:106FE0000800002004ED00E0094B1B6843B94FF096
:106FF000500383F31188BFF36F8FBFF34F8FFEE70A
:10700000013B034A13600BB983F31188704700BF3B
:107010000800002000000000000000000000000048
:10702000EFF30980BFF36F8F154B1A681EF0100F36
:1070300008BF20ED108A20E9F04F10604DF8043DA4
:107040004FF0500080F31188BFF34F8FBFF36F8F65
:10705000FFF778FD4FF0000080F3118808BC196835
:107060000868B0E8F04F1EF0100F08BFB0EC108AAF
:1070700080F30988BFF36F8F704700BFAFF30080C4
:107080003003002008B54FF0500383F31188BFF39D
:107090006F8FBFF34F8FFFF7F3FB18B1034B4FF028
:1070A00080521A60002383F3118808BD04ED00E0CC
:1070B000064B1B68064AA2FB03239B09013B054ABA
:1070C0001360054B07221A60704700BF10000020B4
:1070D000D34D621014E000E010E000E0314B1A687C
:1070E000314B9A420DD02F4B1A68304B9A4211D136
:1070F0004FF0500383F31188BFF36F8FBFF34F8FAF
:10710000FEE74FF0500383F31188BFF36F8FBFF397
:107110004F8FFEE700B583B0254B1A78D2B20192AB
:10712000FF221A701B78DBB28DF803309DF8033014
:1071300003F050031F4A1370072353609DF8033078
:1071400013F0800F0AD01B4A5368013B53609DF82F
:1071500003305B00DBB28DF80330EFE7154A53686C
:107160001B0203F4E0635360019BDBB2104A13700F
:10717000114B1A6842F470021A601A6842F07042A9
:107180001A60FFF795FF0D4B00221A60FFF7D2FE41
:107190000B4A136843F040431360FFF7BBFEFFF751
:1071A0009FFE00BF00ED00E071C20F4170C20F41B1
:1071B00000E400E05C03002020ED00E00800002077
:1071C00034EF00E0EFF305830F2B0FD9104A9B5CDF
:1071D000DBB2104A12789A4208D94FF0500383F379
:1071E0001188BFF36F8FBFF34F8FFEE70A4B1B6809
:1071F00003F4E063074A5268934208D94FF0500302
:1072000083F31188BFF36F8FBFF34F8FFEE7704793
:10721000F0E300E05C0300200CED00E0104A12F007
:10722000070F1AD0D11D21F00701C1F57053134487
:107230000A460C490A60002048601344083B23F0CA
:1072400007038B6058601860981A50601360C8601C
:1072500008614FF000434B6170474FF47053E8E70B
:107260007C0300206403002010B4134B1A68824290
:107270001BD359685C18844203D1406801445960AB
:10728000184641684418A24213D10B4CA468A2428C
:107290000DD05268114441601A6812680260984229
:1072A00000D018605DF8044B70471346DEE70460B9
:1072B000F5E70260F3E700BF6403002070B5044601
:1072C000FFF7CEFA394B9B68BBB1384B5B691C4268
:1072D00062D1ACB1083414F0070F11D024F00704C8
:1072E000083404F007035BB14FF0500383F31188B7
:1072F000BFF36F8FBFF34F8FFEE7FFF78FFFE4E71A
:10730000002C4BD0294B1B69A34249D3274B1D6846
:1073100001E02B4615466A68A24202D22A68002A7A
:10732000F7D1224A9268AA423CD01E6808362A68E1
:107330001A606B681B1B102B10D9281910F0070F4F
:1073400008D04FF0500383F31188BFF36F8FBFF362
:107350004F8FFEE743606C60FFF786FF6968134A52
:1073600013695B1A1361D268934201D20F4AD3604A
:107370000E4B5B690B436B6000232B60FFF706FB32
:1073800016F0070F10D04FF0500383F31188BFF3AE
:107390006F8FBFF34F8FFEE70026EFE70026EDE784
:1073A0000026EBE70026E9E7304670BD64030020C5
:1073B00080B338B50446A0F1080550F8042C1649EE
:1073C00049690A4208D14FF0500383F31188BFF393
:1073D0006F8FBFF34F8FFEE750F8080C40B14FF0AE
:1073E000500383F31188BFF36F8FBFF34F8FFEE716
:1073F00022EA010244F8042CFFF732FA54F8041C84
:10740000054A13690B4413612846FFF72DFFFFF768
:10741000BDFA38BD704700BF6403002008B51346AD
:107420000A4601460248FCF7E9FE00B1012008BD0A
:107430007846012008B513460A4601460248FCF783
:1074400065FF00B1012008BD7846012008B503485A
:10745000FDF794FA043818BF012008BD78460120D2
:1074600008B501460148FDF715FA08BD7846012028
:1074700082B001238DF807309DF8070002B07047F5
:1074800010B5FFF7F5FF012802D00124204610BDFA
:107490000748FDF793F904460028F7D14FF400613F
:1074A0000348FDF709FA0028F0D00124EEE700BFF9
:1074B0007846012008B503490348FEF7CFFB034B8C
:1074C000187008BD7CC8002038CD000878C800209E
:1074D000884202D9401A01387047081A704708B527
:1074E0001220FAF7A5FA08BD0268074B9A4200D0AD
:1074F000704710B5054C012384F87C30FAF778F812
:10750000A4F87E0010BD00BF002001407C3F002099
:1075100010B5FFF7AFF904460146534B186BFFF760
:10752000D7FF642840F29E804F4B1C6393F84400C1
:1075300000287BD0002283F8442001204A4B93F896
:1075400048302BB1484B002283F8482040F002001D
:10755000454B93F856302BB1434B002283F856200D
:1075600040F0040001F0EAFA01F01AFB04463E4B39
:107570001B7F1BB13C4B5B7F834236D03A4B5C7721
:10758000C4F3C7121A70C4F38012DA70C4F3401245
:107590001A7114F0080F4ED00B22334BDA71C4F37A
:1075A00080029A7114F0100F47D104F003042E4B9F
:1075B0009C705C711A78002A43D04FF47A71A3F85A
:1075C0005C11294B9B79002B40D0274B322183F84B
:1075D0005411254C617F254803F030FB002384F8CB
:1075E0006431237F0BB90122227701F021FB1E4B6E
:1075F0009B7F1BB11C4BDB7F834203D01A4BD87798
:1076000001229A77184B93F853305BBB164B93F8D3
:10761000543003B3144A92F85530591E82F855106D
:1076200003BB1346002283F854201BE00E4B0122BB
:1076300083F8442082E70A22AFE70D4803F0FEFA00
:10764000B3E7094B012183F86511BAE7064B2821FE
:1076500083F85411BDE7044B012283F854200A2219
:1076600083F8552010BD00BF7C3F00203CD00008AF
:1076700024D0000808B50248FBF7A6FC08BD00BFEF
:107680000C4301202DE9F0472DED028B82B082469C
:107690000D4600230020002105E03AF91360F7179A
:1076A000801979410133AB42F7DBF9F717FB07EE9D
:1076B000905AF8EEE77A07EE100A87EE278A002440
:1076C000002600271CE03AF91400F8F7E3FE804694
:1076D000894618EE100AF8F7EFFE02460B464046C0
:1076E0004946F8F789FD02460B46F8F73DFF02468A
:1076F0000B4630463946F8F781FD06460F46013401
:10770000AC42E0DB2846F8F7C5FE02460B463046A1
:107710003946F9F753F8F9F7C1F900EE100A02F00B
:107720004DFAF0EE408AB0EE480A02F0B9F9194B72
:10773000C3F84001C3ED518AF1EE020A68EEA00AD7
:10774000B2EE080A02F072F902F0EAF904B20B2C68
:1077500000DC0C240F4BA3F84841002283F84A2197
:10776000C3F84C21C3F85021A3F8F02083F83C2142
:10777000D3F84051D3F84401F8F79EFE0094024636
:107780000B462946044803F059FA02B0BDEC028BBF
:10779000BDE8F0877C3F002098D00008F0B5A3B08A
:1077A00000238DF887308DF886308DF885304FF0C6
:1077B000FF330293012301930DF1870200924F22C0
:1077C0003C218148FBF73CFA9DF88710402908D0FE
:1077D0007E4803F033FA7E4B002283F8EE2023B07C
:1077E000F0BD7C4803F02AFA0123794A82F8EE3092
:1077F00022AA202102F8041D4FF0FF3102910193CB
:10780000009260223C217048FBF750F96420FEF79B
:10781000E9F94FF0FF330293012301930DF1860242
:10782000009260223C216848FBF70AFA0A20FEF722
:10783000D9F99DF8863013F0200FEAD122AB8022CF
:1078400003F8052D604E4FF0FF3702970125019593
:1078500000932B4660223C213046FBF727F922ABF0
:10786000112203F8062D0297019500932B46622200
:107870003C213046FBF71AF91FAB0024ADF87C40E1
:107880008DF87E4002970322019200932B466022DE
:107890003C213046FBF7D4F99DF87E309DF87D20E1
:1078A0009DF87C104C4803F0C9F9029701950DF141
:1078B000850300932B4667223C213046FBF7C0F935
:1078C0009DF88510454803F0B9F90494ADF81440CB
:1078D000FEF782F905465EE04FF0FF330293062380
:1078E000019304AB0093012368223C213648FBF747
:1078F000A7F99DF811301B021BB29DF8102013430D
:107900009DF81320120212B29DF812100A4307EEDE
:10791000102A9DF81520120212B29DF814100A4385
:1079200000EE102A661C07EE903AF8EEE77AB8EE01
:10793000C77AB8EEC00A67EEA77A27EE077A77EE25
:10794000877A20EE000A37EE800A02F037F902F05B
:10795000E7F822AB03EB440424F8700CFEF73CF983
:10796000044602211E48FAF757FD01280BD11D4895
:10797000FBF72AFBFEF730F9001B32281AD801204A
:10798000FEF730F9EDE73446FEF726F9401B41F2E9
:107990008833984210D8312C0EDC1248FBF714FBC8
:1079A00002210F48FAF738FD012895D00120FEF793
:1079B00019F9E9E73446E7E72146012CB8BF012170
:1079C00006A8FFF75FFE0AE7B8420120C4D000080E
:1079D0007C3F0020F4D0000820D1000850D10008DE
:1079E000000402400C430120F0B585B02C4C204629
:1079F00003F098F92B4803F095F92B4803F092F91E
:107A0000204603F08FF901F061FE01F023F8FFF743
:107A100066FD01F00DFA254C4FF4B67200212046A8
:107A200002F0FFFB282384F85431214D002204F199
:107A3000A8012846FCF7F4F9002204F1BC0128460D
:107A4000FCF726FA012384F86531002384F8EF302F
:107A5000FFF7A4FE174E184C06F1200735460FCD50
:107A600020606160A260E3602E461034BD42F5D113
:107A70002B8823800D4C104B029304F1B40393E840
:107A800003008DE8030004F1A8030ECBD4F8BC007A
:107A900001F0E4F9012384F8533005B0F0BD00BFD4
:107AA00070D1000898D10008BCD100087C3F0020AC
:107AB000B4450120D0D1000860E90020000000009A
:107AC000F0B52DED028B85B0FEF7D4FE2A4BD3F82E
:107AD0006C41041BC3F86C01B3F9EA2008EE102ACC
:107AE000B8EEC88AB3F9E80007EE900AF8EEE77A34
:107AF00017EE900AF8F7E0FC06460F4618EE100A5B
:107B0000F8F7DAFC47EC116B41EC100B02F054F87B
:107B100017A3D3E9002351EC100BF8F725FDF8F774
:107B2000BDFF07EE900AF5EEC07AF1EE10FA17D419
:107B3000114BB3F9E850B3F9EA60B3F9EC7017EE02
:107B4000900AF8F7B9FCCDE90201009733462A46BE
:107B500021460A4803F072F805B0BDEC028BF0BD77
:107B60009FED077A77EE877AE2E700BFAFF30080F8
:107B700000000000DCA54C407C3F00206CD20008D7
:107B80000000B44310B5FEF775FE04460146164BDF
:107B9000186CFFF79DFCB0F57A7F23D3124B1C6461
:107BA0003C2208E0511E104B581890F8F200134484
:107BB00083F8F2000A46002AF4DC0B4BB3F8F020FD
:107BC00083F8F2200021A3F8F0103C2305E0064AD8
:107BD0001A4492F8F2201144013B002BF7DC024BCF
:107BE000A3F82E1110BD00BF7C3F002038B5144D06
:107BF000FA220021284602F014FBAC1F7E2305F870
:107C0000063C072305F8053CC12305F8043C012583
:107C1000E57002232371032363710423A3710622F9
:107C20002946204601F0E2FCE0717F2323720922FD
:107C30002146284601F080FD024803F073F838BD64
:107C4000B63E0120C0D2000838B5144DFA220021FA
:107C5000284602F0E6FAAC1F7E2305F8063C07230F
:107C600005F8053CC22305F8043C0125E570022314
:107C70002371032363710423A3710622294620463E
:107C800001F0B4FCE0717F232372092221462846CB
:107C900001F052FD024803F045F838BDB63E012020
:107CA000D8D2000870B5FEF7E5FD0546154EFA225C
:107CB0000021304602F0B5FAB41F7E2306F8063CD8
:107CC000072306F8053CA12306F8043C2B0E06F812
:107CD000033C2B0C06F8023C2B0A06F8013CA5716C
:107CE00006220121204601F081FC70707F23B370D1
:107CF00009222146012001F01FFD034803F012F87C
:107D000070BD00BFB63E0120F0D2000870B5FEF78E
:107D1000B1FD0546154EFA220021304602F081FAE7
:107D2000B41F7E2306F8063C072306F8053CA22371
:107D300006F8043C2B0E06F8033C2B0C06F8023C1C
:107D40002B0A06F8013CA57106220121204601F00C
:107D50004DFC70707F23B37009222146012001F091
:107D6000EBFC034802F0DEFF70BD00BFB63E012011
:107D70000CD3000810B5CAB0FEF77CFD01F09EFDE3
:107D80000022644B196847A8FDF7DCFF14E0624B42
:107D9000012283F8DA20614802F0C4FFFFF754FFA4
:107DA0006C4600225B4B19682046FDF7CBFF94E838
:107DB00007004AAB03E90700479B102B40F0A8805F
:107DC00040F20912489904A802F020FA524B01220D
:107DD00083F856209DF81430A13B212BE0D801A256
:107DE00052F823F0817E0008957E0008A17D0008EE
:107DF000A17D0008A17D0008A17D0008A17D0008EB
:107E0000A17D0008A17D0008A17D0008A17D0008DA
:107E1000A17D0008A17D0008A17D0008A17D0008CA
:107E2000A17D0008D77E0008077F0008A17D00081B
:107E3000A17D0008A17D0008A17D0008A17D0008AA
:107E4000A17D0008A17D0008A17D0008A17D00089A
:107E5000A17D0008A17D0008A17D0008A17D00088A
:107E6000A17D00088F7D00086D7E00082C4802F07F
:107E700059FF294B012283F8CC20FFF713FF8FE72E
:107E8000284802F04FFFFFF741FF234B012283F800
:107E9000DA2085E79DF818209DF819301B0443EA85
:107EA00002639DF81A2043EA02239DF81B20134326
:107EB0001D4C2360FEF7DEFC02461C4B1860216857
:107EC0000B1A154CC4F83831194802F0B7FE0123DB
:107ED00084F8CC3064E79DF818309DF81910090437
:107EE00041EA03619DF81A3041EA03219DF81B30F5
:107EF0001943094CC4F834110E4802F09FFE0123C7
:107F000084F8DA304CE7044B012283F8CC2047E7B1
:107F10004AB010BD504501207C3F00202CD3000802
:107F200048D3000868D3000860EB0020AC3E012075
:107F300090D30008D8D300082DE9F041214E224CFF
:107F4000002206F1A8012046FBF76AFF002206F195
:107F5000BC012046FBF79CFFFEF78CFC8046D6F860
:107F600038510544194FFA220021384602F059F9D8
:107F7000BC1F7E2307F8063C072307F8053CB12306
:107F800007F8043C2B0E07F8033C2B0C07F8023CC7
:107F90002B0A07F8013CA57106220121204601F0B9
:107FA00025FB78707F23BB7009222146012001F058
:107FB000C3FB2B46D6F838214146054802F03EFE69
:107FC000BDE8F0817C3F0020B4450120B63E012091
:107FD00004D4000810B5184CF2220021204602F00B
:107FE00020F9A4F10E017E2304F80E3C0C234B7003
:107FF000D1238B70114BB3F9E8201012C8700A71AD
:10800000B3F9EA20101248718A71B3F9EC2010120A
:10801000C8710A72B3F82E21100A48728A7293F856
:108020003C31CB72FF230B737F234B730E22022054
:1080300001F082FB10BD00BFBE3E01207C3F00204E
:10804000F8B504460D46FEF715FC414BD3F84C310C
:1080500083422BD83E4BD3F85031834226D83C4B39
:10806000D3F840118BB2E31A9BB21FB2002F1EDB74
:10807000374B93F84A61A6B9B3F94831354A82FBC8
:1080800003C2A2EBE37212B2BA420ADD641A324BA7
:1080900083FB0423E417C4EBA3140C442C4BC3F858
:1080A00040413EB1012E12D0FFF794FFF8BD5B4274
:1080B0001FB2DDE7264BB3F94831BB42F4DC244B59
:1080C000012283F84A219630C3F84C01ECE7204B9B
:1080D000B3F94831BB42E7DD1D4B002283F84A214A
:1080E000B3F8F0200132A3F8F02000F59672C3F83F
:1080F0005021F5B1431B07EE903AF8EE677A9FEDF9
:10810000177A67EE877A9FED167AF4EEC77AF1EE6A
:1081100010FA0EDDF1EE046A86EEA77ADFED117A31
:1081200067EE277AFCEEE77A17EE903A084A82F873
:108130003C31074B1B7823B1054B0022C3F8342197
:10814000B2E7FFF7F9FE024B002283F8CD20ABE740
:108150007C3F002056555555D34D62106F12833A1F
:108160000AD7A33C6666664030B587B00023049307
:10817000ADF814302A4B93F8EE30002B4CD04FF072
:10818000FF3302930623019304AB0093012368227B
:108190003C212448FAF754FD9DF811209DF8103039
:1081A00043EA02231BB21E4CA4F8E8309DF81320CA
:1081B0009DF8121041EA022109B2A4F8EA109DF8D4
:1081C00015009DF8142042EA002212B2A4F8EC2017
:1081D00007EE903AF8EEE77A07EE101AB8EEC77A93
:1081E00006EE902AB8EEE60A67EEA77A27EE077A3F
:1081F00077EE877A20EE000A37EE800A01F0DEFC87
:1082000001F08EFC05B2FFF75BFCD4F83411284670
:10821000FFF716FF07B030BD034802F083FDF9E712
:108220007C3F0020B842012040D5000808B5FEF789
:1082300021FB02210448FAF7EFF8012800D008BD1D
:10824000FFF792FFFBE700BF0004024010B5FEF706
:1082500011FB0446194B93F8CC304BB90146174B30
:10826000D86AFFF735F940F6B733984220D810BDE9
:1082700002211348FAF7D0F8012812D00F4B93F8D7
:10828000CD30002BF3D121460C4BD86AFFF720F9F3
:108290004EF65F239842EAD9084BDC62FFF702FDF5
:1082A000E5E7FFF761FF054B012283F8CD20E5E705
:1082B000024BDC62FFF79AFCD9E700BF7C3F00204D
:1082C0000004024008B5054B1B7823B9FFF7BEFF39
:1082D000FFF758FC08BDFFF7A9FFF9E77C3F002036
:1082E000054B064A1A6000225A609A60DA601A61E9
:1082F0005A619A61704700BF78460120002C014006
:108300002DE9F0478EB0002400946C4B1A6B42F0BC
:1083100020021A631A6B02F020020092009A019464
:108320001A6B42F080021A631A6B02F0800201920B
:10833000019A02941A6B42F001021A631A6B02F05E
:1083400001020292029A03941A6B42F040021A63ED
:108350001A6B02F040020392039A04941A6B42F0E3
:1083600010021A631A6B02F010020492049A059428
:108370001A6B42F002021A631A6B02F002020592B3
:10838000059A06941A6B42F008021A631A6B02F0FF
:1083900008020692069A07941A6B42F004021A63C6
:1083A0001A6B02F004020792079A08945A6C42F47E
:1083B00080425A645B6C03F480430893089B404FEF
:1083C000224640F23F313846FAF73AF8DFF8FC909F
:1083D00022464CF2C8014846FAF732F8DFF8F0803E
:1083E000224647F6FC714046FAF72AF8354E2246F7
:1083F00080213046FAF724F840F23F3309930125F3
:108400000A950B940C9409A93846F9F771FE4FF4BC
:10841000784309930A940B9409A93846F9F768FE42
:10842000032309930A940B9409A94046F9F760FEC7
:108430004FF0800ACDF824A00A940B9409A9224891
:10844000F9F756FE402309930A950B940C9409A959
:108450003046F9F74DFE4CF2C80309930A950B9488
:108460000C9409A94846F9F743FE43F610430993D3
:108470000A940B9402270C9709A94846F9F738FE8D
:1084800047F6FC7309930A950B940C9409A940468E
:10849000F9F72EFECDF824A00A950B970C9409A9A4
:1084A0003046F9F725FE09970A940B950C9409A913
:1084B0003046F9F71DFE0EB0BDE8F08700380240E7
:1084C000001402400004024000100240000C024070
:1084D0000018024010B582B000240194114B1A6BB1
:1084E00042F480021A631B6B03F480030193019B27
:1084F000224605213820F9F755FA3820F9F798FA7D
:10850000224621463B20F9F74DFA3B20F9F790FA35
:10851000224621464520F9F745FA4520F9F788FA21
:1085200002B010BD0038024008B5FFF7A3F80120E3
:10853000FDF7C4FBF9E708B5FEF7EAFF0120FDF7F8
:10854000BDFBF9E708B5FFF7BDFE0120FDF7B6FB5F
:10855000F9E708B5FFF70EFC0120FDF7AFFBF9E7DF
:1085600000B583B002A941F8040D4FF6FF73012254
:108570000348FCF719FE019803B05DF804FB00BF47
:1085800010450120FEE7000000B585B02048214BD2
:1085900003604FF4803343604FF0807383600122A7
:1085A0000261002383610262C3621B498162C3606E
:1085B0000221C161416203634261F8F723FFB8B948
:1085C0000D23009301230193029369461048F9F7A4
:1085D000DDF890B904230093022301930123029351
:1085E00069460B48F9F7D2F860B905B05DF804FBAD
:1085F0004FF4B9710948FFF7C5FF40F27D110748F4
:10860000FFF7C0FF40F285110448FFF7BBFF00BF32
:10861000E0430120002001400100000FE8D50008E0
:1086200008B50A480A4B0360002343607F2282603A
:10863000FF22C260036143618361FBF741FB00B924
:1086400008BD40F2F1110348FFF79CFFB44501203B
:1086500000280040E8D5000808B50C480C4B036022
:108660000C4B436000238360C3604FF4804202617F
:1086700043618361C3610362FAF71CF900B908BD65
:1086800040F2C7110448FFF77DFF00BFB842012048
:1086900000540040801A0600E8D5000808B50E48CE
:1086A0000E4B03604FF41643436000238360C360A6
:1086B00003610C2242618361C361FCF7D9FC30B9CC
:1086C000054B1A68D36843F02003D36008BD4FF40C
:1086D00020710348FFF756FF1045012000100140AC
:1086E000E8D5000808B50F480F4B03604FF4E1339D
:1086F000436000238360C36003610C224261836195
:108700004FF40043C361FCF7B3FC30B9054B1A6862
:10871000D36843F02003D36008BD40F2952103489D
:10872000FFF730FF3C47012000440040E8D5000837
:1087300008B50F480F4B03604FF4E133436000234B
:108740008360C36003610C22426183614FF4004384
:10875000C361FCF78DFC30B9054B1A68D36843F050
:108760002003D36008BD40F2A9210348FFF70AFFA8
:108770007842012000480040E8D5000808B50F48BD
:108780000F4B03604FF41643436000238360C360C4
:1087900003610C22426183614FF40043C361FCF723
:1087A00067FC30B9054B1A68D36843F02003D360E7
:1087B00008BD40F2BD210348FFF7E4FEFC4601205E
:1087C00000140140E8D5000808B50F480F4B0360BE
:1087D0004FF41653436000238360C3600361042297
:1087E000426183614FF40043C361FCF741FC30B93F
:1087F000054B1A68D36843F02003D36008BD40F2EC
:10880000D1210348FFF7BEFED84101200078004087
:10881000E8D5000808B50848084B03600423436006
:1088200040F2FF738360FAF78BFB00B908BD40F29A
:10883000D5110348FFF7A6FE0C430120003000408D
:10884000E8D5000800B5A1B000220192364B196CA2
:1088500041F0805119641B6C03F080530193019B1C
:10886000029232490B6823F4404343F480430B6087
:108870000B6803F440430293029B0A2314930123E1
:10888000179310211891199302231A931B9208220F
:108890001C925A221D921E9304231F9314A8FAF7C8
:1088A000D9FB68BBFAF796FB78BB0F230F93022125
:1088B0001091002311934FF48052129213930FA83A
:1088C000FAF76CFE30BB202303934FF400730D9333
:1088D00003A8FAF793FF10BBFAF76AFF144BA3FB48
:1088E00000308009F9F7BAF80420F9F7CDF8002232
:1088F0000F214FF0FF30F9F755F821B05DF804FB78
:108900004FF498710B48FFF73DFE40F237110948CC
:10891000FFF738FE40F245110648FFF733FE4FF4EB
:10892000A6710448FFF72EFE003802400070004098
:10893000D34D6210E8D5000800B59BB0F8F7A2FC53
:10894000FFF780FFFFF7DCFCFFF7C4FDFFF71CFE1D
:10895000FFF766FEFFF780FEFFF7A0FEFFF7C2FEFF
:10896000FFF7E6FEFFF70AFFFFF72EFFFFF7B8FC61
:10897000FFF750FFFEF79EFDFFF736F82C4C15ADC4
:1089800026460FCE0FC533682B60002115A8FDF7D2
:108990007BF9284B186010AD04F114060FCE0FC5FB
:1089A00033682B60002110A8FDF76EF9224B186088
:1089B0000BAD04F128060FCE0FC533682B600021E4
:1089C0000BA8FDF761F91D4B186006AD04F13C06DC
:1089D0000FCE0FC533682B60002106A8FDF754F9B0
:1089E000174B186004AB503494E8030083E803008D
:1089F00000211846FDF76BF9124B186002AB94E8A2
:108A0000030083E8030000211846FDF760F90E4BD0
:108A100018606B4694E8030083E8030000211846C1
:108A2000FDF755F9094B1860FDF729F9FEE700BF7E
:108A3000E0CC0008104101207446012018430120B9
:108A4000D441012050450120E44701207C4701200A
:108A50007047000070B50025354B1D7065E0354E40
:108A6000012240213046F9F7EBFC012280213046FB
:108A7000F9F7E6FC304C01224FF400712046F9F77B
:108A8000DFFC01224FF480612046F9F7D9FC012276
:108A90004FF400612046F9F7D3FC01224FF48051D6
:108AA0002046F9F7CDFC01224FF400512046F9F79A
:108AB000C7FC01224FF480412046F9F7C1FC192080
:108AC000FDF790F8002240213046F9F7B9FC00226A
:108AD00080213046F9F7B4FC00224FF400712046A3
:108AE000F9F7AEFC00224FF480612046F9F7A8FCAC
:108AF00000224FF400612046F9F7A2FC00224FF457
:108B000080512046F9F79CFC00224FF4005120468A
:108B1000F9F796FC00224FF480412046F9F790FCCB
:108B20001920FDF75FF80135EDB2092D97D970BD19
:108B3000F8400020000C02400018024038B5164BE7
:108B40001B78834226D00446134B1870134D00F057
:108B5000010240212846F9F773FCC4F3400280214A
:108B60002846F9F76DFC05F54065C4F380024FF423
:108B700000712846F9F764FCC4F3C0024FF4806129
:108B80002846F9F75DFCC4F300124FF40061284653
:108B9000F9F756FC38BD00BFF8400020000C024039
:108BA00010B54FF400611F48F9F736FCB8B3002444
:108BB0004FF480511B48F9F72FFC08B944F0020428
:108BC0004FF400511748F9F727FC08B944F00404A2
:108BD0004FF480411348F9F71FFC08B944F008042A
:108BE0004FF400410F48F9F717FC08B944F010049E
:108BF00001210D48F9F710FC08B944F020040221C6
:108C00000948F9F709FC08B944F0400480210748F5
:108C1000F9F702FC08B944F08004204610BD012495
:108C2000C6E700BF001402400018024000100240D6
:108C300010B54FF480611448F9F7EEFB08B3002437
:108C40004FF400611048F9F7E7FB08B944F002045B
:108C50004FF480510C48F9F7DFFB08B944F00404E5
:108C60004FF400510848F9F7D7FB08B944F008045D
:108C700002210648F9F7D0FB08B944F080042046E9
:108C800010BD0124DCE700BF000C024000040240DC
:108C900008B5074B01221A70FEF7D8FB20B9044A29
:108CA000137803F0FE031370014B187808BD00BF62
:108CB0000C00002010B50446074B01221A70FEF785
:108CC000DFFB10B1044B187810BD2046FFF7E0FF22
:108CD000014B1870F6E700BF0C00002008B5FFF745
:108CE000D7FF08BD10B508461146184A0024146085
:108CF0001A46FEF793FB08B1012010BDFCF76CFF8C
:108D00000446124B1B6833B9FCF766FF001B47F2A1
:108D10002F539842F5D90D4B1B680BB90120ECE796
:108D20000A4B00221A60FCF757FF0446FCF754FF79
:108D3000001B47F22F53984205D8FEF787FB002807
:108D4000F4D10020D9E70120D7E700BFFC40002084
:108D500010B508461146184A002454601A46FEF71A
:108D600069FB08B1012010BDFCF736FF0446124B29
:108D70005B6833B9FCF730FF001B47F22F53984272
:108D8000F5D90D4B5B680BB90120ECE70A4B0022CB
:108D90005A60FCF721FF0446FCF71EFF001B47F258
:108DA0002F53984205D8FEF751FB0028F4D100203C
:108DB000D9E70120D7E700BFFC400020154B1B7806
:108DC00013F0010F21D110B588B0144603291ED825
:108DD000DFE801F002050C13002008B010BD684662
:108DE000FEF73EFB069B23600020F6E76846FEF791
:108DF00037FB079B23800020EFE76846FEF730FB38
:108E0000079B5B0A23600020E7E7032070470420EC
:108E1000E3E700BF0C000020014B01225A607047BD
:108E2000FC400020014B01221A607047FC400020EA
:108E3000074B00221A605A609A60DA601A61054B8B
:108E40000322DA701A71044A12785A71704700BF0F
:108E500064EB00205C59012078C8002084B02DE923
:108E6000F04387B0C0F3076EC0F30728C0F307498B
:108E700005900FAC84E80E00254E96F800C04FF424
:108E8000077707FB0CFC06EB0C05A86104350FCC3B
:108E90000FC523682B600CF1180030449DF83C305E
:108EA0009DF83D209DF83E10039102920193CDF86C
:108EB0000090434672461749073001F04BFF347863
:108EC00007FB04F41834344407341498F8F71AF9FB
:108ED00002461499204601F05DFF317807FB01F14D
:108EE0001831314407310C4801F0A8FE0B4801F05D
:108EF00019FF33780133DBB2337013F0800F04D1E4
:108F000007B0BDE8F04304B0704700223270F7E7C5
:108F10000441002070D6000898D600088CD30008C1
:108F200010B582B000240094214B5A6C42F4804268
:108F30005A645A6C02F480420092009A01941A6CAE
:108F400042F080521A641B6C03F080530193019B22
:108F50000320F8F709FD224621466FF00B00F8F7D1
:108F600021FD224621466FF00A00F8F71BFD22463C
:108F700021466FF00900F8F715FD224621466FF0F3
:108F80000400F8F70FFD224621466FF00300F8F7C2
:108F900009FD22460F216FF00100F8F703FD22467C
:108FA0000F214FF0FF30F8F7FDFC02B010BD00BFFD
:108FB000003802400268224B9A4200D0704770B5D8
:108FC00086B004460025009503F58C335A6C42F4B4
:108FD00080725A645B6C03F480730093009B0823D7
:108FE000019303260296039501A91648F9F780F824
:108FF000302301930296039501A91348F9F778F8F5
:109000001248134B03608560C5604FF480630361B1
:109010004FF4805343614FF4804383614FF4807376
:10902000C3610562F8F7CAFD20B9084BA3639C63CE
:1090300006B070BD9D210748FFF7A4FAF5E700BF11
:109040000020014000080240000002405445012079
:109050001064024050D700080268114B9A4200D0B9
:10906000704710B586B04FF44073019312230293FA
:109070000024039403230493042305930DEB0301BD
:109080000848F9F735F80094074B1A6C42F40012BF
:109090001A641B6C03F400130093009B06B010BD10
:1090A0000054004000040240003802400268044BB3
:1090B0009A4200D07047034B01221A60FAE700BFC2
:1090C000002800403C0E47420268534B9A4200D0B1
:1090D00070472DE9F04F87B004460025009503F551
:1090E00086335A6C42F400625A645B6C03F400638A
:1090F0000093009B4FF4706301934FF00208CDF88A
:1091000008804FF0010BCDF80CB0032604960C2715
:109110000597DFF8209101A94846F8F7E9FF4FF4D9
:10912000805ACDF804A0CDF80880039504960597E1
:1091300001A94846F8F7DCFF4FF00409CDF8049088
:10914000CDF80880CDF80CB0049605970DEB090119
:109150003248F8F7CDFF3248324B03604FF00063DE
:1091600043608560C5604FF480630361C0F814A05C
:109170004FF4804383612023C3610562C0F82490CB
:1091800086624FF40003C3624FF400130363F8F7E1
:1091900015FD002833D1224BE3639C632248234B07
:1091A00003604FF000634360402383600023C3608B
:1091B0004FF4806202614FF4805242614FF480426A
:1091C00082612022C261036204234362032383621B
:1091D0004FF40003C3624FF400130363F8F7EEFC8F
:1091E00098B9114B23649C63002211463120F8F793
:1091F000D9FB3120F8F71CFC07B0BDE8F08F40F236
:10920000C5110B48FFF7BEF9C5E74FF4ED710848EB
:10921000FFF7B8F9E5E700BF002C0140000C024061
:10922000B040012058640240D4450120A0640240AF
:1092300050D70008000802402DE9F0418AB00368C9
:109240006F4A934210D06F4A934230D06E4A934295
:109250005DD06E4A934200F08C806D4A934200F0DC
:10926000AB800AB0BDE8F08100240094694B5A6CD1
:1092700042F010025A645B6C03F010030093009BF1
:109280004FF4C063059302230693079403230893C6
:109290000723099305A96048F8F72AFF22460F2102
:1092A0002520F8F77FFB2520F8F7C2FBD9E700253A
:1092B0000195584B1A6C42F400321A641B6C03F48B
:1092C00000330193019B082305934FF00208CDF86A
:1092D000188001270797032408940726099605A9F3
:1092E0004D48F8F705FF20230593CDF81880079720
:1092F0000894099605A94948F8F7FAFE2A46214636
:109300002620F8F74FFB2620F8F792FBA9E7002567
:109310000295404B1A6C42F480221A641B6C03F4D1
:1093200080230293029B4FF4806305934FF0020861
:10933000CDF818800127079703240894072609967B
:1093400005A93748F8F7D4FE4FF400730593CDF81C
:10935000188007970894099605A93048F8F7C8FEC1
:109360002A4621462720F8F71DFB2720F8F760FB47
:1093700077E700250395274B5A6C42F020025A6488
:109380005B6C03F020030393039BC023059302232C
:10939000069301230793032408940823099305A93E
:1093A0002048F8F7A5FE2A4621464720F8F7FAFAA2
:1093B0004720F8F73DFB54E700250495154B1A6C40
:1093C00042F080421A641B6C03F080430493049BB8
:1093D000C0230593022306930123079303240894D3
:1093E0000823099305A91048F8F782FE2A4621466A
:1093F0005220F8F7D7FA5220F8F71AFB31E700BFEE
:1094000000100140004400400048004000140140AA
:10941000007800400038024000000240000C02408A
:109420000004024000080240001402407047FEE7BA
:10943000FEE7FEE7FEE7704708B5FCF78DFBFCF79B
:10944000D1FC08BD08B50248F8F764FD08BD00BFAF
:109450001842012008B50248F8F75CFD08BD00BFBE
:109460001C43012008B50248F8F754FD08BD00BFB1
:109470001441012008B50248F8F74CFD08BD00BFB3
:10948000B044012008B50248FBF702FB08BD00BF4D
:109490007846012008B50248F8F73CFD08BD00BF3A
:1094A0005445012008B50248F8F734FD08BD00BF57
:1094B0007441012008B50248F8F72CFD08BD00BF33
:1094C0005044012008B50248F8F724FD08BD00BF4C
:1094D000B04001207047000008B50248F8F71AFDB7
:1094E00008BD00BFD445012008B50248F8F712FDB9
:1094F00008BD00BF8043012008B50248F8F77EF898
:1095000008BD00BFE043012008B503460D4A1268BC
:1095100062B10C4A10680C4A12681268A2F5005237
:109520000344934206D8074A136008BD054A074919
:109530001160EEE700F038FE0C2303604FF0FF30BF
:10954000F3E700BF6CC8002008ED00E0D86E0120F2
:1095500070B51646002405E04D1C0878FFF700F8AA
:1095600001342946B442F7DB304670BD4FF0FF307E
:1095700070474FF400534B60002070470120704744
:109580000020704770B50D461646002404E0AFF386
:109590000080287001340135B442F8DB304670BDDC
:1095A0000F49D1F8883043F47003C1F888300D4B6F
:1095B0001A6842F001021A60002098601A6822F0CE
:1095C000847222F480321A60074A5A601A6822F4C0
:1095D00080221A60D8604FF000638B60704700BF34
:1095E00000ED00E0003802401030002430B40546A1
:1095F0000023184603E0CC182C5D604001339342F1
:10960000F9D330BC70470000F8B52A4801F08AFB56
:10961000294E4FF480620021304600F002FE06F52C
:10962000806740220021384600F0FBFD40F209121D
:109630000021224800F0F5FD214D41F6BA03EC5A15
:109640002246A6F60901304600F0E0FD22463146EA
:10965000384600F0DBFD013C224600213846FFF78A
:10966000C5FF2C4442F2C103E25CFF2A01D09042C4
:1096700013D1134B42F2C2029A5C10490A710122C3
:1096800081F8082103F5035303331B688B60002224
:109690000C4B1868FCF722FBF8BD01460A4801F0A4
:1096A000CDFA0649002281F80821064B1868FCF71C
:1096B00015FBF1E76CD7000825080120C86D0120D3
:1096C00064EB00205045012084D7000810B5144CED
:1096D00045F248320021204600F0A3FD114B2360E3
:1096E00041F2A803104AE25042F250130F4AE250EE
:1096F00043F2F8130E4AE25044F2A0230D4AE2501E
:109700000123237141F2AC02A35442F25412A35438
:1097100043F2FC12A35444F2A422A35410BD00BF90
:1097200064EB0020104501203C47012078420120D5
:10973000FC460120D841012010B541F2A80303FBEB
:1097400000F06423024C2058FBF72EFD10BD00BF33
:1097500064EB00200C4B1B79012B00D070470A4BA7
:109760001B681B68DA6812F0200FF7D05968C9B27D
:10977000054B5971B3F80C24501C1A449171C0F375
:109780000902A3F80C24E9E764EB0020114A41F236
:10979000AC03D35C012B00D0704741F2A803D3582F
:1097A0001B68DA6812F0200FF6D030B45968C9B2DD
:1097B000084B41F2AD02995441F2B4441A5B501C7B
:1097C0001A4441F2AE055155C0F309021A5330BC98
:1097D000704700BF64EB0020114A42F25413D35C7F
:1097E000012B00D0704742F25013D3581B68DA683F
:1097F00012F0200FF6D030B45968C9B2084B42F2CB
:109800005512995442F25C541A5B501C1A4442F2AD
:1098100056155155C0F309021A5330BC704700BFAA
:1098200064EB0020114A43F2FC13D35C012B00D0FF
:10983000704743F2F813D3581B68DA6812F0200F10
:10984000F6D030B45968C9B2084B43F2FD129954AE
:1098500043F204641A5B501C1A4443F2FE1551553E
:10986000C0F309021A5330BC704700BF64EB0020FC
:10987000114A44F2A423D35C012B00D0704744F278
:10988000A023D3581B68DA6812F0200FF6D030B44A
:109890005968C9B2084B44F2A522995444F2AC6409
:1098A0001A5B501C1A4444F2A6255155C0F3090214
:1098B0001A5330BC704700BF64EB002038B526E077
:1098C0007E281ED1434A013341F2AE415354002356
:1098D00041F2AF41535441F6B801535411E03D4AAF
:1098E00041F2AF44115D4D1C1555114441F2B8448D
:1098F0000855013841F6B8015054013341F2AE41E8
:109900005354344A41F2B043D35C012B4DD0314B18
:1099100041F2B4429A5A41F2B6415B5A9A4244D05B
:10992000591C2C4A134441F2AE00185CC1F30903E0
:1099300041F2B641535241F2AE43D35C032BE0D81F
:1099400001A252F823F000BFC1980008DF98000878
:1099500059990008879900081E4941F2AF440A5DF1
:10996000551C0D550A4441F2B844105541F6B80053
:109970000A5C013AD2B20A54002AC2D1013341F240
:10998000AE428B54BDE77F2805D0124A41F2AE4368
:109990000021D154B5E70F4B41F2B0420121995457
:1099A00041F2AE4200219954ABE70A4A41F2B0437A
:1099B000D35C03B938BD134641F2B042002199543B
:1099C00041F2AF42995C41F6BA029952FFF71CFE90
:1099D000F0E700BF64EB0020DFF834D0002103E0A3
:1099E0000C4B5B58435004310B480C4B42189A42C5
:1099F000F6D30B4A02E0002342F8043B094B9A429B
:109A0000F9D3FFF7CDFD00F0D5FBFEF795FF7047CA
:109A10000000032060DC000800000020E8010020B6
:109A2000E8010020D86E0120FEE7000008B52DED0A
:109A3000028BB0EE608AF0EE408A00F015F820B993
:109A4000B0EE480ABDEC028B08BDB0EE480A00F04B
:109A50000BF820B1F4EEC88AF1EE10FAF0DDB0EEAA
:109A6000680ABDEC028B08BD10EE103A33F00040DE
:109A70000ED0A0F50003B3F1FE4F0BD3074B421EEF
:109A80009A4209D9A0F1FF40B0FA80F0400970472E
:109A9000022070470420704703207047FEFF7F00BC
:109AA00010EE100A38B5C0F3C7530028A3F17F04A5
:109AB000B4BF4FF0FF3101213E2C19DC002C1ADB22
:109AC000C0F31602162C42F4000219DC4FF4800099
:109AD00020410244C4F1170422FA04F00023CD17F8
:109AE00001FB03F300FB0533A1FB0001194438BD62
:109AF000F7F74AF938BD01340FD10846C91738BD08
:109B0000A3F19600C0F12004B63B02FA03F322FA57
:109B100004F4234302FA00F0E1E70020002138BDFD
:109B200010B485B08DED010A019BC3F3C751A1F1BB
:109B30007F021E2A2DDC501C26DB162A4FEAD37426
:109B400031DC1C4BDDED017A03EB840393ED007AED
:109B500077EE277ACDED037ADDED037A77EEC77ADB
:109B600017EE903A33F000420ED0C3F31600C3F361
:109B7000C75340F40000C3F19603D8402CB14042D3
:109B800005B05DF8044B7047002005B05DF8044B4C
:109B90007047DDED017AFDEEE77A17EE900A05B029
:109BA0005DF8044B7047C3F3160040F4000096398B
:109BB0008840E3E738D9000800F056B810B52DED1D
:109BC000028B8AB0B0EE408A00F030F9244B93F952
:109BD0000040631C09D0B4EE488AF1EE10FA04D6B6
:109BE000B5EEC08AF1EE10FA03D40AB0BDEC028BD8
:109BF00010BD01231B4A009318EE100A00230192A6
:109C00000893F6F759FC0022CDE90401CDE90201E1
:109C10000023BCB110461946F6F7D0FD022CCDE961
:109C2000060111D100F0C0FA21230360089B8BB913
:109C3000DDE90601F6F732FF00EE100A0AB0BDECCE
:109C4000028B10BDCDE90623684600F0ABFA002870
:109C5000ECD1E7E700F0A8FA089B0360E8E700BF53
:109C60001400002040D9000851EC110B43422DE9AB
:109C7000F047034321F0004E6B4F4EEAD373BB42D3
:109C800055EC104B1ED86342234325F0004A4AEAA4
:109C9000D373BB42A94615D801F1404303F58013A5
:109CA00003433DD08E1706F002065AEA040346EA43
:109CB000D5760FD1022E52D0032E3CD148A1D1E946
:109CC000000103E022462B46F6F798FA41EC100B10
:109CD000BDE8F0875EEA000326D0BE452FD0BA4526
:109CE00022D0AAEB0E0E4FEA2E5EBEF13C0F3ADCFC
:109CF00000293CDA1EF13C0F39DA00200021012E48
:109D000051D0022E42D0002EE0D037A3D3E9002359
:109D1000F6F772FA36A3D3E90023F6F76DFAD5E722
:109D2000BDE8F04700F088B8B9F1000F13DB32A1AD
:109D3000D1E90001CAE710EE100A2946C6E7F2454C
:109D400035D0022E0BD0032EB8D0012E4FF00000DC
:109D500037D00021BAE72AA1D1E90001B6E724A152
:109D6000D1E90001B2E724A1D1E90001C7E7024629
:109D70000B4620462946F6F721FD41EC100B00F07A
:109D800007FA00F059F851EC100BB8E716A3D3E925
:109D90000023F6F731FA02460B4615A1D1E900017E
:109DA000F6F72AFA92E701F1004319468EE7022EF0
:109DB00012D0032E0CD0012E06D013A1D1E9000140
:109DC00084E74FF0004181E711A1D1E900017DE76F
:109DD00011A1D1E9000179E711A1D1E9000175E7ED
:109DE000182D4454FB2109C0075C143326A6A13C5E
:109DF000182D4454FB210940182D4454FB21F93FF0
:109E0000182D4454FB21F9BF182D4454FB21E93F80
:109E1000182D4454FB21E9BFD221337F7CD902C0E5
:109E2000D221337F7CD902400000F07FB1EEC00A1E
:109E3000704700BF000000002DE9F84F55EC104BB3
:109E4000C94B25F000469E42AA4610DDC74B9E42F4
:109E500000F3B58000F0B080BAF1000F40F3F98054
:109E6000A5A1D1E9000141EC100BBDE8F88FC04B72
:109E70009E4200F3C380A3F1DE739E4240F3A980AB
:109E80004FF0FF3B22462B4620462946F6F76CFB57
:109E900002460B4680468946F6F766FB98A3D3E94F
:109EA000002306460F46F6F75FFB97A3D3E900238E
:109EB000F6F7A4F932463B46F6F756FB94A3D3E9EE
:109EC0000023F6F79BF932463B46F6F74DFB92A38B
:109ED000D3E90023F6F792F932463B46F6F744FB06
:109EE0008FA3D3E90023F6F789F932463B46F6F70C
:109EF0003BFB8DA3D3E90023F6F780F942464B469E
:109F0000F6F732FB8AA3D3E9002380468946304620
:109F10003946F6F729FB88A3D3E90023F6F76CF955
:109F200032463B46F6F720FB85A3D3E90023F6F73C
:109F300063F932463B46F6F717FB83A3D3E90023C8
:109F4000F6F75AF932463B46F6F70EFB80A3D3E903
:109F50000023F6F751F932463B46F6F705FB024679
:109F60000B4640464946F6F749F922462B46F6F796
:109F7000FBFABBF1FF3F02460B466ED07D4B7E4E97
:109F80004FEACB0B5B44D3E90023F6F735F92246C1
:109F90002B46F6F731F9B34402460B46DBE90001E4
:109FA000F6F72AF9BAF1000F0FDA01F1004319466A
:109FB00041EC100BBDE8F88F002C3FF44DAF22466A
:109FC0002B4620462946F6F719F941EC100BBDE85F
:109FD000F88F61A3D3E9002310EE100A2946F6F7A3
:109FE0000DF90022654BF6F74FFD00283FF448AF0E
:109FF0002046294641EC100BBDE8F88F00F0C8F868
:10A000005F4B9E4255EC104B2FDCA3F550239E4234
:10A0100058DC10EE102A10EE100A2B462946F6F7EF
:10A02000EDF80022554BF6F7E7F8002206460F46FA
:10A030004FF0804320462946F6F7E0F802460B46EB
:10A0400030463946F6F7BAFB4FF0000B04460D4692
:10A0500018E743A1D1E90001B7E720462946F6F702
:10A06000CBF841EC100BBDE8F88F464B9E421DDC4F
:10A0700010EE100A0022444B2946F6F7BDF80022E4
:10A0800006460F46404B20462946F6F76DFA002259
:10A090003A4BF6F7B3F802460B4630463946F6F728
:10A0A0008DFB4FF0020B04460D46EBE62B4610EEFF
:10A0B000102A00203549F6F781FB4FF0030B0446C8
:10A0C0000D46DFE610EE100A00222C4B2946F6F76B
:10A0D00093F8002206460F46284B20462946F6F7FD
:10A0E0008DF802460B4630463946F6F767FB4FF0CF
:10A0F000010B04460D46C5E6182D4454FB21F93FDB
:10A1000011DA22E33AAD903FEB0D76244B7BA93F69
:10A11000513DD0A0660DB13F6E204CC5CD45B73F37
:10A12000FF8300922449C23F0D5555555555D53FE3
:10A130002F6C6A2C44B4A2BF9AFDDE522DDEAD3FD7
:10A140006D9A74AFF2B0B33F711623FEC671BC3F77
:10A15000C4EB98999999C93F9C7500883CE4377E77
:10A16000182D4454FB21F9BFFFFF0F440000F07F7E
:10A17000FFFFDB3F68D9000848D900080000F03F26
:10A18000FFFFF23FFF7F03400000F83F0000F0BFF9
:10A1900051EC100B10EE102A21F0004343EC102B71
:10A1A000704700BF00207047014B1868704700BF20
:10A1B0001800002070B50D4E0D4CA41BA4100025F6
:10A1C000A54209D10B4E0C4C02F07AFDA41BA41041
:10A1D0000025A54205D170BD56F8253098470135B8
:10A1E000EEE756F8253098470135F2E758DC0008CD
:10A1F00058DC000858DC00085CDC0008024B014613
:10A20000186800F065B800BF1800002010B5431EA4
:10A210000A44914200D110BD11F8014B03F8014FDF
:10A22000F7E702440346934200D1704703F8011B4D
:10A23000F9E7000038B50546002945D051F8043C3F
:10A240000C1F002BB8BFE41801F0BCFE1F4A1368B6
:10A25000104633B9636014602846BDE8384001F009
:10A26000B2BEA3420CD921686218934204BF1A6897
:10A270005B68636004BF521822600460ECE7134619
:10A280005A680AB1A242FAD919685818A0420BD1EB
:10A2900020680144581882421960DDD11068526864
:10A2A0005A6001441960D7E702D90C232B60D3E729
:10A2B000206821188A4204BF11685268626004BF96
:10A2C000091821605C60C7E738BD00BF70C8002076
:10A2D00070B5CD1C25F0030508350C2D38BF0C25B5
:10A2E000002D064601DBA94203D90C233360002070
:10A2F00070BD01F067FE214A1468214691B9204CD7
:10A3000023681BB9304600F015FD20602946304611
:10A3100000F010FD431C24D10C233360304601F0C3
:10A3200052FEE4E70B685B1B18D40B2B0FD90B60B4
:10A33000CD50CC18304601F046FE04F10B00231D31
:10A3400020F00700C31AD3D05A42E250D0E78C4223
:10A350004B6816BF636013600C46EBE70C46496818
:10A36000CCE7C41C24F00304A04205D0211A3046D7
:10A3700000F0E0FC0130CFD02560DBE770C80020A2
:10A3800074C800202DE9FF4755EC104B0D9FDDF8F8
:10A3900030A0002D0E4691461946B8BF22462B46E6
:10A3A00027F02007BBBF05F100431D4600232D23E6
:10A3B000B8BF1446462F0B7004D0452F00D101368C
:10A3C000022100E0032103AB019302AB009332466C
:10A3D000534645EC104B00F03FFE472F804602D11C
:10A3E00019F0010F26D0462F08EB060911D198F875
:10A3F0000030302B0AD10022002320462946F6F7F0
:10A400001BFB18B9C6F10106CAF80060DAF8003083
:10A4100099440022002320462946F6F70DFB38B95F
:10A420003022039B4B4505D2591C03911A70F8E763
:10A43000CDF80C90039B0E9AA3EB080340461360E3
:10A4400004B0BDE8F087F7B500290446BABF494219
:10A450002D232B23092904F8022B437020DD0DF155
:10A4600007031F460A2691FBF6F506FB151130314E
:10A47000092D03F8011C03F1FF32294609DC3031B4
:10A48000023B02F8011CBB42224604D3101A03B05F
:10A49000F0BD1346E7E713F8012B04F8012BF2E7B0
:10A4A000302319448370021DC170EFE72DE9F04F8E
:10A4B0008DB00C46DDF8588016461F46054601F063
:10A4C000FDFC036804931846F6F71CFE00230A936C
:10A4D000D8F800300590073323F0070303F1080292
:10A4E00094F818A0D4F800B0C8F80020D3E90023ED
:10A4F000C4E91223D4E9128929F000430793CDF867
:10A5000018804FF0FF32A74BDDE90601F6F758FE41
:10A5100070BB4FF0FF32A34BDDE90601F6F7A0FA5E
:10A5200030BB0022002340464946F6F78FFA10B1AF
:10A530002D2384F843309C4A9C4BBAF1470F8CBFC3
:10A540009046984603232BF00402236122604FF0CB
:10A550000009009733460BAA2146284600F0E6F989
:10A56000013040F08D804FF0FF300DB0BDE8F08F2E
:10A5700042464B4640464946F6F722FE10B18C4A09
:10A580008C4BDAE761684B1C4BF480620AA83ED121
:10A59000062363600023CDE9020309AB009349EC75
:10A5A000108B0DF123032260CDF804A061682846CA
:10A5B000FFF7E8FE0AF0DF03472B804609D1099B2D
:10A5C000D81C02DB6268934247DDAAF1020A5FFAF7
:10A5D0008AFABAF1650F099924D80139524604F173
:10A5E00050000991FFF72FFF0A9A1318012A81469C
:10A5F000236102DC2268D10701D5013323619DF874
:10A600002330002BA5D02D2384F84330A1E7BAF1E5
:10A61000670F00F07781BAF1470FBBD10029B9D19C
:10A620000123B6E7BAF1660F19D1002963680CDD82
:10A63000216113B92268D20702D501330B4423618B
:10A64000099BA3654FF00009D9E713B92268D00729
:10A6500001D50233F3E70123F1E74FF0670ADDE9A3
:10A660000932934205DB22682361D107E8D5013323
:10A67000E5E7002BD4BFC3F1020301231344DEE757
:10A6800023685A0507D42369424631462846B8470D
:10A6900001302BD167E7BAF1650F40F2DC80002270
:10A6A0000023D4E91201F6F7C7F9002833D00123BB
:10A6B000414A31462846B84701303FF454AFDDE9FE
:10A6C00009239A4202DB2368D8070FD5DDE904236A
:10A6D00031462846B84701303FF445AF4FF00008F7
:10A6E00004F11A090A9B013B434509DC23689B07D7
:10A6F00000F10381E0680B9B9842B8BF184634E72D
:10A7000001234A4631462846B84701303FF42BAF73
:10A7100008F10108E6E7099B002B2BDC0123264A00
:10A7200031462846B84701303FF41DAF099B23B995
:10A730000A9B13B92368D907D8D5DDE9042331462C
:10A740002846B84701303FF40EAF4FF0000904F13E
:10A750001A0A099B5B424B4501DC0A9B94E70123E3
:10A76000524631462846B84701303FF4FCAE09F165
:10A770000109EEE70A9AA36D9A42A8BF1A46002A79
:10A78000914607DD1346314642462846B847013018
:10A790003FF4E9AE04F11A034FF0000B29EAE9791E
:10A7A000069315E0FFFFEF7F90D900088CD90008D1
:10A7B00098D9000894D900089CD900080123069A6A
:10A7C00031462846B84701303FF4CDAE0BF1010BBE
:10A7D000D4F858A0AAEB09035B45EFDCDDE90923B7
:10A7E0009A42D04415DB2368DA0712D40A9B0999F0
:10A7F000A3EB0A02A3EB010A9245A8BF9246BAF165
:10A80000000F0EDC4FF000082AEAEA7A04F11A0978
:10A8100019E0DDE9042331462846B8470130E5D187
:10A82000A1E65346424631462846B8470130E9D1B1
:10A8300099E601234A4631462846B84701303FF49D
:10A8400092AE08F10108DDE909239B1AA3EB0A0384
:10A850004345EEDC4AE70A9A012A01DCDB073AD5D8
:10A860000123424631462846B84701303FF47BAECB
:10A87000DDE9042331462846B847013008F10108D4
:10A880003FF471AE0A9B002203F1FF3AD4E91201B2
:10A890000023F6F7D1F8C8B9534642463146284658
:10A8A000B84701300ED15EE60123524631462846B4
:10A8B000B84701303FF457AE08F101080A9B013B4D
:10A8C0004345F1DC4B4604F15002DEE64FF0000850
:10A8D00004F11A0AF2E70123DFE701234A46314671
:10A8E0002846B84701303FF43EAE08F10108E3685E
:10A8F0000B9A9B1A4345F0DCFCE64FF0000804F18C
:10A900001909F4E700293FF48BAE0023CDE90203D7
:10A9100009AB009349EC108B2260CDF804A00DF137
:10A9200023032846FFF72EFD804648E62DE9F04731
:10A9300091461F468A680B69DDF820809342B8BFB4
:10A940001346C9F8003091F8432006460C4612B170
:10A950000133C9F800302368990642BFD9F80030A6
:10A960000233C9F80030256815F0060507D104F157
:10A97000190AE368D9F800209B1AAB4228DC94F846
:10A9800043302268003318BF012392062DD404F10E
:10A99000430239463046C047013020D02368E5687D
:10A9A000D9F8002003F00603042B08BFAD1AA368F2
:10A9B00022690CBF25EAE57500259342C4BF9B1AA6
:10A9C000ED184FF000091A344D451AD1002008E067
:10A9D0000123524639463046C047013003D14FF07B
:10A9E000FF30BDE8F0870135C3E7E1185A1C30207D
:10A9F00081F84300224494F8451082F84310023352
:10AA0000C5E70123224639463046C0470130E6D02B
:10AA100009F10109D8E700002DE9F04301F1430CE9
:10AA20000C46097E85B06E291746064698460C9A54
:10AA300000F0B38022D8632936D00AD8002900F06C
:10AA4000B980582900F0838004F1420584F842104F
:10AA500032E0642901D06929F6D12068136805061F
:10AA600003F104012AD51B681160002B03DA2D22A3
:10AA70005B4284F843206F480A2239E0732900F0D2
:10AA80009D8008D86F2920D07029DDD1236843F03C
:10AA90002003236003E0752917D07829D4D17823C7
:10AAA00084F84530644855E01368191D1B6811602F
:10AAB00004F1420584F8423001238CE01B681160E8
:10AAC00010F0400F18BF1BB2CFE713682568181DA0
:10AAD0001060280601D51B6802E06806FBD51B88BC
:10AAE00054486F2914BF0A220822002184F8431019
:10AAF0006568A560002DC0F29580216821F00401F1
:10AB00002160002B3DD1002D40F08E806546082A43
:10AB10000BD12368DB0708D5236962689A42DEBF40
:10AB2000302305F8013C05F1FF35ACEB050323614B
:10AB3000CDF800803B4603AA21463046FFF7F6FEDB
:10AB400001304DD14FF0FF3005B0BDE8F0833948FA
:10AB500084F84510136821681D1D1B6815600A06DE
:10AB60000BD5CA0744BF41F0200121601BB9226800
:10AB700022F0200222601022B7E74D0648BF9BB2A8
:10AB8000EFE76546B3FBF2F102FB1133C35C05F856
:10AB9000013D0B460029F5D1B9E7136825686169C5
:10ABA000181D106028061B6801D5196002E06A06AE
:10ABB000FBD51980002323616546B9E71368191D89
:10ABC00011601D68626800212846F6F7A9FA08B1ED
:10ABD000401B606063682361002384F84330A7E76B
:10ABE00023692A4639463046C0470130AAD0236837
:10ABF0009B0713D4E068039B9842B8BF1846A3E7AD
:10AC000001234A4639463046C04701309AD00135C3
:10AC1000E368039A9B1AAB42F2DCEBE7002504F1F0
:10AC20001909F5E7002BACD1037884F8423004F120
:10AC300042056CE79ED90008AFD900080FB40A4B53
:10AC400013B51C6824B1A36913B9204601F0ACF810
:10AC500005AB049AA1680193204601F01BFE02B0E7
:10AC6000BDE8104004B070471800002070B50E46D3
:10AC7000054618B183690BB901F096F8AB69AC6869
:10AC800013B9284601F090F8234B9C4217D16C6809
:10AC9000A3891B071DD52369DBB1013EA36816F804
:10ACA000011F013BA360E9B9002B2EDA22460A21DD
:10ACB000284600F083F8013011D00A2011E0174B2C
:10ACC0009C4201D1AC68E3E7154B9C4208BFEC689D
:10ACD000DEE72146284600F0C3F80028DDD04FF01B
:10ACE000FF3070BD002B04DAA2699A4206DC0A2903
:10ACF00004D023685A1C22601970CFE722462846E8
:10AD000000F05CF80130C9D1E9E723680A205A1C39
:10AD100022601870E5E700BFF0D9000810DA0008DB
:10AD2000D0D90008024B01461868FFF79FBF00BF4B
:10AD30001800002038B5064C00230546084623605D
:10AD4000FEF7E2FB431C02D1236803B12B6038BD40
:10AD5000D46E01200EB400B59CB01DAB02900690DD
:10AD60006FF00041094807910491094953F8042BF9
:10AD700005910068019302A901F06AFC029B002280
:10AD80001A701CB05DF804EB03B070471800002087
:10AD90000802FFFF30B503461C785D1C44B912F170
:10ADA000FF3204D311F8014B03F8014B14B930BD45
:10ADB0002B46F1E7002AF2D11A70F0E7F8B50E46FB
:10ADC0001446054618B183690BB900F0EDFF214B1D
:10ADD0009C422AD16C68A369A360A3891A072ED567
:10ADE000236963B323692068C01A6369F6B283429A
:10ADF000374604DC2146284600F06CFF28BBA368D8
:10AE0000013BA36023685A1C22601E7063690130F5
:10AE1000834204D0A389DB0719D50A2E17D1214616
:10AE2000284600F057FF90B10FE00B4B9C4201D138
:10AE3000AC68D0E7094B9C4208BFEC68CBE72146E1
:10AE4000284600F00DF80028CCD04FF0FF373846E8
:10AE5000F8BD00BFF0D9000810DA0008D0D900080A
:10AE6000324B70B51D6806460C4625B1AB6913B967
:10AE7000284600F099FF2E4B9C420FD16C68B4F924
:10AE80000C309AB215072CD4D00611D409223260A6
:10AE900043F04003A3814FF0FF303EE0254B9C423E
:10AEA00001D1AC68EBE7244B9C4208BFEC68E6E7B5
:10AEB000510712D5616B41B104F14403994202D0AC
:10AEC0003046FFF7B7F900236363A38923F0240317
:10AED000A3810023636023692360A38943F00803EF
:10AEE000A38123694BB9A38903F42073B3F5007FD1
:10AEF00003D02146304601F013F8A28912F0010375
:10AF00000CD00023A36063695B42A361236953B93A
:10AF1000B4F90C3013F08000BAD170BD920758BF5D
:10AF20006369A360F2E70020F7E700BF1800002084
:10AF3000F0D9000810DA0008D0D900082DE9F74F41
:10AF400003690C69A3428046C0F28280013C01F192
:10AF500014074FEA840C00F1140657F8245056F8F1
:10AF6000240006EB0C03013507EB0C090193B0FB41
:10AF7000F5F595B34FF0000A3846B646D34650F87B
:10AF8000042B93B205FB03A34FEA134A9BB2ABEB2E
:10AF90000303120CDEF800B005FB02A213FA8BF3D8
:10AFA0004FEA124A1FFA82FBDEF80020CBEB124276
:10AFB00002EB23429BB243EA024381454FEA224B14
:10AFC0004EF8043BDBD256F80C3033B9019B043BFE
:10AFD0009E421A4630D3C8F81040404601F00AFAA3
:10AFE000002825DB013530464FF0000C57F8042BC4
:10AFF000D0F800E093B2ACEB0303120C13FA8EF31B
:10B00000C2EB1E4202EB23429BB243EA0243B94524
:10B010004FEA224C40F8043BE8D256F8242006EBD5
:10B0200084032AB9043B9E421A460BD3C8F8104049
:10B03000284603B0BDE8F08F1268043B002ACAD14D
:10B04000013CC5E71268043B002AEFD1013CEAE766
:10B050000020EEE7000000002DE9F04F57EC106BE8
:10B0600097B0456A069104460B921293DDF88080F2
:10B07000CDE900673DB91020FFF7C0F86062C0E974
:10B0800001550560C560636A196851B15A684A6024
:10B09000012393408B60204600F0CAFF636A0022C0
:10B0A0001A603B1EBBBF23F0004301930023012223
:10B0B000ACBFC8F80030C8F80020AF4BDDF8048002
:10B0C00033EA080314D1129A42F20F731360009B03
:10B0D00023B9C8F31300002800F04285219BDFF854
:10B0E000ACB2002B00F044850BF1030300F03EBD31
:10B0F000DDE900670022002330463946F5F79CFC65
:10B10000814668B1129A01231360219B002B00F045
:10B1100024859A4B219A03F1FF3B136000F028BD70
:10B1200014AA15A947EC106B204601F0DAF9C8F310
:10B130000A550490002D7CD0C7F3130343F07F5BC6
:10B14000B2464BF4401BA5F2FF35CDF84C900022DF
:10B150008B4B50465946F5F74FF881A3D3E90023AE
:10B16000F5F702FA80A3D3E90023F5F747F806467E
:10B1700028460F46F5F78EF97DA3D3E90023F5F7AE
:10B18000F3F902460B4630463946F5F737F80646DE
:10B190000F46F6F72BF80022824600233046394648
:10B1A000F5F754FC48B15046F5F774F932463B4682
:10B1B000F5F742FC08B90AF1FF3ABAF1160F59D86F
:10B1C000704901EBCA01DDE90023D1E90001F5F77F
:10B1D0005BFC002850D00AF1FF3A00230F93149B28
:10B1E0005D1BB5F1010849BFC5F1010300230593BB
:10B1F0004FF0000858BF0593BAF1000F3EDB002363
:10B20000D044CDF838A00793069B092B00F290801C
:10B21000052BC4BF043B0693069BA3F10203CCBFDE
:10B2200000250125032B00F28F80DFE803F07D7FEE
:10B230003171DDE914531D4405F23240202813DD3D
:10B24000C0F14000009B08FA00F805F2124023FA12
:10B2500000F048EA0000F5F70DF901238246A1F15C
:10B26000F87B013D139372E7009BC0F1200003FAC5
:10B2700000F0F0E70123B1E70F90B0E7059BA3EBE7
:10B280000A030593CAF10003079300230E93BBE75B
:10B2900001230A930B9B002B59DD02939946666AA2
:10B2A00000227260042202F114009842716853D99E
:10B2B000204600F089FE636A3060B9F10E0FD3F8C2
:10B2C00000B000F2E680002D00F0E3809DED007BF1
:10B2D000BAF1000F8DED107B74DD2A4A0AF00F03DE
:10B2E00002EBC30393ED007B4FEA2A16F0068DEDC7
:10B2F000087B65D5244BDDE91001D3E90823F5F778
:10B300005DFACDE9000106F00F0603251E4F4CE063
:10B3100001230A930B9B534403F1010902934B460B
:10B32000012BB8BF0123BAE70023B2E70023F0E7FF
:10B330000125002306930A954FF0FF3302939946A7
:10B34000002212230B92AAE701230A93F4E70123B8
:10B35000029399461A46F5E7013171605200A2E75F
:10B3600061436F63A787D23FB3C8608B288AC63F0B
:10B37000FB799F501344D33F0000F07F9DD9000814
:10B380000000F83F68DA000840DA0008C9D9000870
:10B39000F10708D5DDE90801D7E90023F5F7E4F85E
:10B3A000CDE90801013576100837002EF0D1DDE92E
:10B3B0000823DDE90001F5F701FACDE900011AE003
:10B3C0000225A3E700F0A080CAF100069F4BA04F22
:10B3D00006F00F0203EBC203D3E90023DDE91001FD
:10B3E000F5F7C2F8CDE90001361100230225002E41
:10B3F0007FD1002BE1D10F9B002B00F08780DDE98E
:10B4000000670022934B30463946F5F71FFB0028B2
:10B410007CD0B9F1000F79D0029B002B35DD0AF109
:10B42000FF330893394600228B4B3046F5F79CF8E2
:10B43000CDE90001029F01352846F5F72BF8DDE93B
:10B440000023F5F791F80022844BF4F7D7FE054668
:10B45000A1F15076002F5DD10022814BDDE9000182
:10B46000F4F7CAFE2A463346CDE90001F5F70CFB96
:10B47000002840F088822A4606F10043DDE90001F9
:10B48000F5F7E4FA002840F07C82DDE91023CDE9ED
:10B490000023159B002BC0F25081BAF10E0F00F370
:10B4A0004C816A4B03EBCA0393ED007B0B9B002B93
:10B4B0008DED027B80F2D880B9F1000F00F3D480CB
:10B4C00040F05E820022664B51EC170BF5F74CF80A
:10B4D000DDE90023F5F7CEFA4F464E46002840F04E
:10B4E000348231230BF101058BF800300AF1010A97
:10B4F0002FE2F20705D5D7E90023F5F735F8013536
:10B5000001237610083772E7022574E7CDF820A0F2
:10B510004F4691E74D4B03EBC70353E902010A9BEA
:10B52000002B47D002460B4600204E49F5F746F95E
:10B530002A463346F4F760FECDE90C015D46DDE9AD
:10B540000001F5F753FE0646F4F7A4FF02460B464A
:10B55000DDE90001F4F750FE303605F8016BDDE956
:10B560000C23CDE90001F5F771FA002863D1DDE97C
:10B57000002300203749F4F73FFEDDE90C23F5F7FF
:10B5800065FA002840F0B780A5EB0B039F427FF7D8
:10B590007CAF0022304BDDE90C01F4F7E5FF00221F
:10B5A000CDE90C012C4BDDE90001F4F7DDFFCDE91D
:10B5B0000001C4E72A463346F4F7D6FFCDE90C0173
:10B5C0000BEB07055E46DDE90001F5F70FFE0746C8
:10B5D000F4F760FF303702460B46DDE90001F4F76F
:10B5E0000BFE06F8017BAE42CDE900014FF00002F0
:10B5F00026D11C4BDDE90C01F4F700FE02460B4698
:10B60000DDE90001F5F740FA002874D1DDE90C23EB
:10B6100000201449F4F7F0FD02460B46DDE9000175
:10B62000F5F714FA00283FF430AF15F8013C302B41
:10B6300005F1FF3202D0DDF820A04AE01546F4E71C
:10B64000054BF4F791FFCDE90001BCE768DA00088B
:10B6500040DA00080000F03F0000244000001C40D9
:10B66000000014400000E03FDDE900675D46DDE9D1
:10B67000022330463946F5F7A1F8F5F7B7FD8046C5
:10B68000F4F708FFDDE90223F4F76EFF02460B46EC
:10B690003046394608F13006F4F7AEFD05F8016B87
:10B6A000A5EB0B06B14502460B4639D1F4F7A6FDD2
:10B6B000DDE9022306460F46F5F7E6F9C8B9DDE9EC
:10B6C000022330463946F5F7B7F910B118F0010FEB
:10B6D0000FD10499204600F0ABFC0023129A2B7086
:10B6E0000AF101031360219B002B00F041821D60D1
:10B6F0003EE2CDF820A015F8012C392A05F1FF33E0
:10B7000008D19B450AD1089B0133089330238BF85D
:10B7100000305B461A7801321A708CE71D46EAE762
:10B7200000229B4BF4F720FF0022002306460F4621
:10B73000F5F782F900289AD0CBE70A9A002A00F0A0
:10B740008B80069A012A6EDC139A002A67D003F2D6
:10B750003343079F059D059A01211A44204605920F
:10B76000984400F005FD0646002D0CDDB8F1000FF1
:10B7700009DD4545059A2B46A8BF4346D21A0592D6
:10B78000ED1AA8EB0308079BEBB10A9B002B67D0CF
:10B790008FB131463A46204600F08AFD049A0146B0
:10B7A0000646204600F0EDFC04990890204600F083
:10B7B0003FFC089B0493079BDA1B04D004992046A6
:10B7C00000F076FD04900121204600F0D1FC0E9B94
:10B7D0000746002B00F0D0811A460146204600F0B3
:10B7E00067FD069B012B074640DC009B002B39D1EF
:10B7F000019BC3F31303002B36D1019B23F00043BD
:10B800001B0D1B052BB1059B0133059308F10108A6
:10B81000012307930E9B002B2AD1012030E0149BBB
:10B82000C3F1360395E7079B09F1FF37BB42BFBF62
:10B83000079B0797FA1A0E9BBBBF9B180E93DF1B43
:10B840000027B9F1000FB5BF059B059DA3EB0905C6
:10B850004B46B8BF00237EE7079F059D0A9E83E7FE
:10B86000079AABE70023D4E7009BD2E700230793B6
:10B870003B6907EB8303186900F02CFCC0F1200042
:10B88000404410F01F0047D0C0F12003042B3BDDE3
:10B89000059BC0F11C000344059305448044059BAF
:10B8A000002B05DD1A460499204600F04FFD049058
:10B8B000B8F1000F05DD39464246204600F046FD4E
:10B8C00007460F9B53B33946049800F093FD0028B8
:10B8D00024DA00230A220499204600F0C0FB0A9BC8
:10B8E00004900AF1FF3A002B00F04D81002331460D
:10B8F0000A22204600F0B3FB029B002B06464FDCD9
:10B90000069B022B4CDD11E0C9D0059A1C331A446A
:10B9100005921D449844C2E70346F6E7B9F1000FCB
:10B9200038DC069B022B35DDCDF80890029B63B90D
:10B9300039460522204600F092FB0146074604984E
:10B9400000F058FD00283FF7CCAD0B9B5D466FEA39
:10B95000030A4FF000093946204600F069FB002E2B
:10B960003FF4B7AEB9F1000F05D0B14503D0494659
:10B97000204600F05DFB3146204600F059FBA8E66A
:10B9800000273E46E1E7DDF820A03E46A9E500BFDE
:10B99000000024400A9BCDF80890002B00F0FA80AC
:10B9A000002D05DD31462A46204600F0CFFC064634
:10B9B000079B002B4CD07168204600F005FB3269D4
:10B9C00002320546920006F10C010C30FEF71EFC17
:10B9D00001222946204600F0B9FC009BCDF814B0A6
:10B9E00003F00103B1460793064639460498FFF772
:10B9F000A5FA4946054600F13008049800F0FAFC23
:10BA0000324600903946204600F00EFDC3680246DB
:10BA100003BB01460890049800F0ECFC089A03462A
:10BA200011462046089300F003FB089BA3B9069A31
:10BA300092B9079A82B9B8F1390F29D0009B002B2F
:10BA400001DD05F13108059B5D1C83F8008082E76C
:10BA50003046C2E70123E3E7009A002A04DB25D140
:10BA6000069A1ABB079A0ABB002BECDD0122049947
:10BA7000204600F06BFC3946049000F0BBFC002827
:10BA800003DCE0D118F0010FDDD0B8F1390FD8D1C7
:10BA9000059B059A5D1C3923137015F8013C392B61
:10BAA00005F1FF324FD00133137054E7059A002B94
:10BAB00002F1010506DDB8F1390FE9D008F10108FE
:10BAC000059BC2E7029A05F8018CA5EB0B03934294
:10BAD00021D000230A220499204600F0C0FAB14583
:10BAE00004904FF000034FF00A024946204605D16A
:10BAF00000F0B5FA81460646059576E700F0AFFA04
:10BB00003146814600230A22204600F0A8FA064664
:10BB1000F2E74FF0000901220499204600F016FCDC
:10BB20003946049000F066FC0028B6DC02D118F01B
:10BB3000010FB2D115F8013C302B05F1FF327FF433
:10BB40000AAF1546F6E7934505D131230AF1010AFC
:10BB50008BF80030FFE615469FE7DFF864B007E09A
:10BB6000219BDFF860B01BB10BF10803219A136031
:10BB7000584617B0BDE8F08F069B012B7FF735AE16
:10BB80000E9B079349E6029B002B03DC069B022BCE
:10BB90003FF7CCAE5D4639460498FFF7CFF900F188
:10BBA000300805F8018B029AA5EB0B039A42B0DD31
:10BBB00000230A220499204600F051FA0490EAE793
:10BBC0009CD90008C0D900088A892DE9F0410546B2
:10BBD00010070C4658D44B68002B05DC0B6C002B6F
:10BBE00002DC0020BDE8F081E66A002EF9D00023D7
:10BBF00012F480522F68216A2B6032D0606DA389C5
:10BC00005A0705D56368C01A636B0BB1236CC01A61
:10BC100000230246E66A216A2846B047431CA389EE
:10BC200006D129681D2948D8294ACA40D60744D5D3
:10BC300000226260D9042269226004D5421C01D12D
:10BC40002B6803B96065616B2F600029C9D004F1CE
:10BC50004403994202D02846FEF7ECFA00206063C4
:10BC6000C0E701232846B047411CC8D12B68002BF0
:10BC7000C5D01D2B01D0162B01D12F60B1E7A389B0
:10BC800043F04003A381ADE70F69002FA9D09307CC
:10BC90000E6808BF4B690F6018BF0023A6EB0708AA
:10BCA0008B60B8F1000F9CDD43463A46216AA66AD4
:10BCB0002846B047002806DCA38943F04003A3814F
:10BCC0004FF0FF308EE70744A8EB0008E9E700BF1C
:10BCD0000100402038B50B6905460C46DBB118B1B0
:10BCE00083690BB900F060F80C4B9C4209D16C6879
:10BCF000B4F90C307BB121462846BDE83840FFF747
:10BD000063BF074B9C4201D1AC68F1E7054B9C42F5
:10BD100008BFEC68ECE7002038BD00BFF0D9000890
:10BD200010DA0008D0D90008002310B50446C0E995
:10BD30000033836081814366C281C0E9043383613B
:10BD4000194608225C30FEF76CFA054B6362054B1E
:10BD5000A362054BE362054B2462236310BD00BF61
:10BD6000C1CA0008E3CA00081BCB00083FCB00088B
:10BD7000014900F085B800BFD5BC000870B54A1E67
:10BD8000682555430E4605F17401FEF7A1FA0446F5
:10BD900040B10021C0E900160C30A06005F1680236
:10BDA000FEF73FFA204670BD836910B5044633BBE9
:10BDB000C0E912330365124B124A1B688262984233
:10BDC00004BF0123836100F01FF86060204600F08B
:10BDD0001BF8A060204600F017F80022E060042164
:10BDE0006068FFF7A1FF01220921A068FFF79CFF0F
:10BDF00002221221E068FFF797FF0123A36110BD23
:10BE000088D9000871BD0008F8B51B4B1E68B369DE
:10BE1000074613B93046FFF7C7FF4836D6E9013465
:10BE2000013B03D5336833B13668F7E7B4F90C50FA
:10BE30006DB16834F4E704213846FFF79FFF3060A6
:10BE40000028F1D10C233B6004462046F8BD0B4B83
:10BE50006566C4E90055A560C4E90335C4E9055524
:10BE60000822294604F15C00FEF7DBF9C4E90D5510
:10BE7000C4E91255E9E700BF88D900080100FFFFB7
:10BE80002DE9F8438046894600F14804002614B99C
:10BE90003046BDE8F883D4E90175013F01D5246837
:10BEA000F5E7AB89012B07D9B5F90E30013303D083
:10BEB00029464046C84706436835EEE7044B1B68F1
:10BEC000186A044B002808BF1846F030704700BFBE
:10BED000180000207C00002070B50E46B1F90E104D
:10BEE000002996B014461D4607DA00232B60B3895B
:10BEF0001A0610D44FF480630EE06A4600F052FE3A
:10BF00000028F2DB019A02F47042A2F500535A4273
:10BF10005A412A60EEE740230020236016B070BD2E
:10BF20008B8973B59D0706460C4607D504F1470378
:10BF3000236023610123636102B070BD01AB6A46D7
:10BF4000FFF7CAFF009905463046FEF7C1F948B928
:10BF5000B4F90C309A05EFD423F0030343F0020345
:10BF6000A381E3E70D4BB362A389206043F0800314
:10BF7000A381009B6361019B20615BB1B4F90E104A
:10BF8000304600F021FE28B1A38923F0030343F0DB
:10BF90000103A381A3891D43A581CDE771BD0008DD
:10BFA00082B001B901A942B14BB113780B6012788C
:10BFB000101C18BF012002B070471046FBE76FF05D
:10BFC0000100F8E77047704770B5456A04460E46B1
:10BFD0003DB91020FEF712F96062C0E90155056015
:10BFE000C560656AEB6883B1636ADB6853F8260055
:10BFF000B8B9012101FA06F56A1D9200204600F049
:10C00000BFFA60B1C0E901650EE02122042120469B
:10C0100000F0B6FA636AE860DB68002BE4D1002028
:10C0200070BD026843F826200023C0E90333F7E718
:10C0300070B5446A06460D463CB91020FEF7DEF89E
:10C040007062C0E901440460C4603DB1736A6A680B
:10C05000DB6853F82210296043F8225070BD2DE9A7
:10C06000F0410D691F4606460C4601F1140C0023F1
:10C07000DCF8000081B202FB01710F0C000C02FB26
:10C08000007089B2013301EB00419D424FEA104735
:10C090004CF8041BECDCD7B1A368AB4212DC61683E
:10C0A00030460131FFF790FF2269023204F10C01A2
:10C0B000804692000C30FEF7A9F821463046FFF783
:10C0C000B7FF444604EB850301355F6125612046D7
:10C0D000BDE8F081020C12040346B2B9030410203B
:10C0E00013F07F4F04BF1B02083013F0704F04BFE2
:10C0F0001B01043013F0404F04BF9B000230002BA3
:10C1000006DB5B0003D5013070470020E8E7202004
:10C110007047036813F0070201460BD0DA0723D4F7
:10C12000980749BF5B089B0801200B605CBF0B6050
:10C130000220704798B2A8B91B0C102013F0FF0F13
:10C1400004BF1B0A08301A0704BF1B0904309A07F2
:10C1500004BF9B080230DA0702D45B0806D0013026
:10C160000B6070471046E9E70020704720207047B9
:10C1700010B50C460121FFF727FF0122446102613F
:10C1800010BD2DE9F74F14460A6923699A42B8BFDA
:10C190000B468846BCBFA0461C46D8F81070D4F8A1
:10C1A0001090D8F80830D8F8041007EB0906B3420D
:10C1B000B8BF0131FFF708FF00F1140505EB860E4B
:10C1C0002B460022734516D304F1140208F1140122
:10C1D00002EB890301EB87070093009B01929342D6
:10C1E0000CD8002E03DD5EF8043D002B5DD0066107
:10C1F00003B0BDE8F08F43F8042BE3E7B2F800B0DA
:10C20000BBF1000F23D08946AC464FF0000859F827
:10C21000044BDCF800A0A3B21FFA8AFA0BFB03A3BD
:10C220004FEA144ADCF8004043444FEA14480BFB41
:10C230000A8404EB1344E2469BB243EA04434F45AD
:10C240004FEA14484AF8043B2BD8CCF80480019BF1
:10C25000B3F802A00432BAF1000F20D02B6889464F
:10C26000A8464FF0000BB9F800C0B8F802400AFB2E
:10C270000C445C44C4469BB243EA04434CF8043B80
:10C2800059F8043BB8F804B01B0C0AFB03B303EBEA
:10C2900014434F454FEA134B05D8C8F80430043512
:10C2A0009BE7D446B3E7E046DDE7013E99E70000AF
:10C2B0002DE9F843154612F0030206460F4607D053
:10C2C000013A214C002354F82220FFF7C8FE07460C
:10C2D000AD1035D0746A3CB91020FDF78FFF706245
:10C2E000C0E901440460C460D6F82480D8F808404E
:10C2F0004CB940F271213046FFF73AFF0023C8F8ED
:10C300000800044603604FF00008EB070AD53946E1
:10C3100022463046FFF735FF394681463046FFF763
:10C3200087FE4F466D100BD0206838B92246214653
:10C330003046FFF726FF2060C0F800800446E4E79F
:10C340003846BDE8F88300BF30DB00082DE9F04730
:10C350000C464FEA621A236949680AEB0309A3688D
:10C360000746164609F10105AB4232DB3846FFF7B6
:10C370002BFE0023804600F114011A4653452BDBA7
:10C3800020692AEAEA7A04F1140316F01F0201EB8D
:10C390008A0103EB800C25D0C2F1200E00201E681C
:10C3A0008A46964030434AF8040B53F8040B9C45E8
:10C3B00020FA0EF014D8486008B109F10205013DD9
:10C3C0003846C8F810502146FFF732FE4046BDE817
:10C3D000F08701315B00C7E741F823200133CDE747
:10C3E0005146DCE7043953F8042B41F8042F9C45EF
:10C3F000F9D8E4E703690A699B1A30B50CD19200B9
:10C40000143014318418114454F8045D51F8042D8B
:10C41000954203D005D30123184630BDA042F3D383
:10C42000FAE74FF0FF33F7E72DE9F0470D460746EF
:10C43000114628461446FFF7DDFF061E08D1314697
:10C440003846FFF7C1FD0123C0E90436BDE8F08797
:10C45000A4BF23462C4638466168A6BF1D46002669
:10C460000126FFF7B1FD2B69C660266905F11409A5
:10C4700004F1140202EB860709EB830800F11405AE
:10C480004FF0000E52F804AB59F8044B1EFA8AF133
:10C49000A3B2C91A230CC3EB1A4303EB214389B29D
:10C4A0004FEA234EC84541EA0343944645F8043B0E
:10C4B000E8D8BC4504D355F8043D83B10661C5E70F
:10C4C0005CF8041B1EFA81F31A1402EB11429BB2B2
:10C4D00043EA02434FEA224E45F8043BE9E7013EB6
:10C4E000E9E72DE9F7430E46012159EC108B15467B
:10C4F000FFF76AFDC9F30A540746C9F3130334BBB7
:10C500000193B8F1000327D002A840F8083DFFF7D7
:10C5100000FE0099F0B1019AC0F1200302FA03F382
:10C520000B43C2407B610192019BBB61002B14BF96
:10C53000022101213961C4B1A4F2334404443460BE
:10C54000C0F135002860384603B0BDE8F08343F4FD
:10C550008013D5E77961E7E701A8FFF7DAFD019BD2
:10C560007B61012139612030E5E707EB8103A0F20F
:10C57000324030601869FFF7ADFDC0EB4110E1E7D4
:10C5800038B502FB01F42146FDF7A2FE054618B1BD
:10C5900022460021FDF745FE284638BD2DE9F0472B
:10C5A0008E689E4282460C469046994637D88A89C4
:10C5B00012F4906F31D0256809696F1A65690223FA
:10C5C00005EB450595FBF3F509F101033B449D425D
:10C5D00038BF1D46530530D52946FDF779FE06467E
:10C5E00050B90C23CAF80030A38943F04003A3815B
:10C5F0004FF0FF30BDE8F0873A462169FDF706FEAF
:10C60000A38923F4906343F08003A38126616561CD
:10C610003E44ED1B2660A5604E464E4500D94E4671
:10C6200032464146206800F0F1FAA3689B1BA360E4
:10C6300023681E4426600020DCE72A4600F0FFFA4B
:10C6400006460028E2D121695046FDF7F3FDC8E710
:10C650002DE9F04F1D468B891F069DB080460C4684
:10C6600016460FD50B696BB94021FDF731FE2060EE
:10C67000206128B90C23C8F800304FF0FF30C8E023
:10C68000402363610023099320238DF82930302350
:10C690008DF82A3003954FF0010B37463D4615F8CB
:10C6A000013B0BB1252B3ED1B7EB060A0BD053460D
:10C6B000324621464046FFF771FF013000F0A4806A
:10C6C000099B534409933B78002B00F09D80002385
:10C6D0004FF0FF32CDE90523049307938DF85330D3
:10C6E0001A932F46052217F8011B5048F4F718FD3E
:10C6F000049BD0B9D90644BF20228DF853201A07D5
:10C7000044BF2B228DF853202A782A2A15D0079A65
:10C710002F4600200A25394611F8013B303B092BF2
:10C720004DD9B8B10FE02F46B8E7404A801A0BFA4E
:10C7300000F0184304903D46D3E7039A111D126898
:10C740000391002A01DB079204E0524243F0020306
:10C75000079204933B782E2B0CD17B782A2B33D174
:10C76000039B1A1D1B680392002BB8BF4FF0FF33C9
:10C77000023705932E4D397803222846F4F7D0FC72
:10C7800038B14023401B03FA00F0049B03430137F8
:10C790000493397827488DF8281006227E1CF4F778
:10C7A000BFFC002838D0244B13BB039B073323F076
:10C7B000070308330393099B4B4409936DE705FB7B
:10C7C000023201200F46A6E70023013705931946E0
:10C7D0000A25384610F8012B303A092A03D9002BD4
:10C7E000C8D00591C6E705FB012101230746F0E704
:10C7F00003AB00932246114B04A94046FDF756FEB9
:10C80000B0F1FF3F8146D6D1A3895B063FF535AF36
:10C8100009981DB0BDE8F08F03AB00932246074B8B
:10C8200004A94046FEF7F8F8EAE700BF3CDB000841
:10C8300042DB000846DB0008ADA400089DC50008E7
:10C840009368013B002B10B4936008DA9469A3420B
:10C8500001DB0A2903D15DF8044BFEF7AFBA136878
:10C86000581C1060197008465DF8044B7047F8B505
:10C8700006460F461446D518AC4201D1002007E009
:10C880003A4614F8011B3046FFF7DAFF431CF3D198
:10C89000F8BD00002DE9F04F0C469DB017461D462F
:10C8A000064618B183690BB9FFF77EFA7C4B9C42B0
:10C8B00058D17468A38918075ED52369002B5BD013
:10C8C0000023099320238DF8293030238DF82A3056
:10C8D00003954FF0010BB846454615F8013B0BB1E7
:10C8E000252B54D1B8EB070A0BD053463A462146C4
:10C8F0003046FFF7BCFF013000F0C280099B534473
:10C90000099398F80030002B00F0BA8000234FF014
:10C91000FF32CDE90523049307938DF853301A9322
:10C92000A846052218F8011B5E48F4F7F9FB049BA2
:10C9300078BBD90644BF20228DF853201A0744BF84
:10C940002B228DF853202A782A2A2AD0079AA84623
:10C9500000200A25414611F8013B303B092B69D9DB
:10C9600060B324E0504B9C4201D1B468A2E74F4B26
:10C970009C4208BFF4689DE721463046FEF770FAF6
:10C9800000289DD04FF0FF301DB0BDE8F08FA846C5
:10C99000A2E7444A801A0BFA00F018430490454677
:10C9A000BEE7039A111D12680391002A01DB07926A
:10C9B00004E0524243F002030792049398F80030D7
:10C9C0002E2B0ED198F801302A2B38D1039B1A1D3B
:10C9D0001B680392002BB8BF4FF0FF3308F1020829
:10C9E0000593334D98F8001003222846F4F798FB7E
:10C9F00040B14023401B03FA00F0049B034308F1BD
:10CA00000108049398F800102A488DF8281006228F
:10CA100008F10107F4F784FB002837D0264B1BBB35
:10CA2000039B073323F0070308330393099B4B440D
:10CA3000099350E705FB0232012088468AE700236C
:10CA400008F10108059319460A25404610F8012B04
:10CA5000303A092A03D9002BC3D00591C1E705FB61
:10CA6000012101238046F0E703AB00932246134BDC
:10CA700004A93046FDF71AFDB0F1FF3F8146D5D13C
:10CA8000A3895B063FF57EAF09987DE703AB009372
:10CA900022460A4B04A93046FDF7BEFFECE700BF73
:10CAA000F0D900083CDB000810DA0008D0D90008F3
:10CAB00042DB000846DB0008ADA400086FC8000890
:10CAC00010B50C46B1F90E1000F0E0F80028ABBF2D
:10CAD000636DA3891B1823F48053ACBF6365A381E6
:10CAE00010BD2DE9F0411F468B89DB0505460C463C
:10CAF000164605D502230022B1F90E1000F074F895
:10CB0000A389B4F90E1023F48053A38132463B4627
:10CB10002846BDE8F04100F023B810B50C46B1F945
:10CB20000E1000F061F8431CA38915BF606523F463
:10CB3000805343F48053A38118BFA38110BDB1F982
:10CB40000E1000F01FB849B1FF2A85BF8A23036089
:10CB50000A704FF0FF3098BF0120704708467047B9
:10CB600038B5074C054608461146002222601A4691
:10CB7000FCF7EEFC431C02D1236803B12B6038BDE7
:10CB8000D46E012038B5064C0023054608462360C4
:10CB9000FCF7ECFC431C02D1236803B12B6038BDC9
:10CBA000D46E012038B5074C0023054608461146CF
:10CBB0002360FCF7DEFC431C02D1236803B12B6029
:10CBC00038BD00BFD46E012038B5064C00230546A1
:10CBD00008462360FCF7D2FC431C02D1236803B152
:10CBE0002B6038BDD46E012038B5074C0546084689
:10CBF0001146002222601A46FCF7C2FC431C02D1F7
:10CC0000236803B12B6038BDD46E0120884210B573
:10CC100001EB020307D8421E99420AD011F8014BDA
:10CC200002F8014FF8E78342F5D98118D21AD342AE
:10CC300000D110BD13F8014D01F8014DF7E7F8B52B
:10CC4000074614460E4621B91146BDE8F840FDF7E7
:10CC50003FBB22B9FDF7EEFA25462846F8BD00F0A5
:10CC600027F8A0420FD221463846FDF731FB054692
:10CC70000028F2D031462246FDF7C8FA3146384640
:10CC8000FDF7D8FAE9E73546E7E7000038B5074C85
:10CC9000054608461146002222601A46FCF772FC3F
:10CCA000431C02D1236803B12B6038BDD46E012030
:10CCB00051F8043C181F002BBCBF0B58C01870471C
:10CCC000F8B500BFF8BC08BC9E467047F8B500BF79
:08CCD000F8BC08BC9E46704749
:10CCD80000061016000610161CD600082985000844
:10CCE80000000000000000000001000010D600084D
:10CCF8003785000800000000000000000001000067
:10CD080004D6000845850008010000000000000066
:10CD180000010000F8D50008538500080000000055
:10CD280000000000000100000800000004000000EE
:10CD3800B58C0008DD8C0008E58C0008518D0008D2
:10CD4800BD8D00080000000000000000010203047F
:10CD58000607080900000000010203042E2E2F44D4
:10CD68007269766572732F53544D3332463478782E
:10CD78005F48414C5F4472697665722F5372632F26
:10CD880073746D3332663478785F68616C5F6164A0
:10CD9800632E63002E2E2F447269766572732F53AB
:10CDA800544D3332463478785F48414C5F44726959
:10CDB8007665722F5372632F73746D3332663478CD
:10CDC800785F68616C5F636F727465782E630000CA
:10CDD8002E2E2F447269766572732F53544D333259
:10CDE800463478785F48414C5F4472697665722FA3
:10CDF8005372632F73746D3332663478785F686169
:10CE08006C5F646D612E63002E2E2F447269766507
:10CE180072732F53544D3332463478785F48414CFF
:10CE28005F4472697665722F5372632F73746D3322
:10CE380032663478785F68616C5F6770696F2E63FB
:10CE4800000000002E2E2F447269766572732F53EE
:10CE5800544D3332463478785F48414C5F447269A8
:10CE68007665722F5372632F73746D33326634781C
:10CE7800785F68616C5F6932632E63002E2E2F44E1
:10CE88007269766572732F53544D3332463478780D
:10CE98005F48414C5F4472697665722F5372632F05
:10CEA80073746D3332663478785F68616C5F697764
:10CEB80064672E63000000002E2E2F447269766589
:10CEC80072732F53544D3332463478785F48414C4F
:10CED8005F4472697665722F5372632F73746D3372
:10CEE80032663478785F68616C5F7263632E6300C2
:10CEF8002E2E2F447269766572732F53544D333238
:10CF0800463478785F48414C5F4472697665722F81
:10CF18005372632F73746D3332663478785F686147
:10CF28006C5F7263635F65782E6300002E2E2F445A
:10CF38007269766572732F53544D3332463478785C
:10CF48005F48414C5F4472697665722F5372632F54
:10CF580073746D3332663478785F68616C5F7274AD
:10CF6800632E63002E2E2F447269766572732F53D9
:10CF7800544D3332463478785F48414C5F44726987
:10CF88007665722F5372632F73746D3332663478FB
:10CF9800785F68616C5F73642E6300002E2E2F44E7
:10CFA8007269766572732F53544D333246347878EC
:10CFB8005F48414C5F4472697665722F5372632FE4
:10CFC80073746D3332663478785F68616C5F75614D
:10CFD80072742E63000000002E2E2F44726976654D
:10CFE80072732F53544D3332463478785F48414C2E
:10CFF8005F4472697665722F5372632F73746D3351
:10D0080032663478785F6C6C5F73646D6D632E6321
:10D018000000000049444C45000000005B554152A7
:10D0280054205D20504D532052657365740D0A20BD
:10D03800000000005B4C4F4749435D2044495020A5
:10D04800532F572056414C5545205B253032585DAB
:10D058005B253032645D0D0A000000005B4C4F47D1
:10D068004943205D20436F6D6D20446174612052F7
:10D07800656376204E616B5B253032785D5B2530C9
:10D0880032785D5B253032785D200D0A00000000A3
:10D098005B4D41475D2043616C6962207C427C3A6C
:10D0A800204D303D256C642C207369676D613D25EA
:10D0B8002E32662C20543D25640D0A005B455252E1
:10D0C8004F525D204C4953324D444C206E6F7420B2
:10D0D80064657465637465642E2057484F5F414DDD
:10D0E8005F493D3078253032580D0A005B4F4B5D63
:10D0F800204C4953324D444C20636F6E6E65637407
:10D1080065642E2057484F5F414D5F493D30782573
:10D118003032580D0A0000005B4346475D205245F7
:10D12800475F413D307825303258205245475F42AD
:10D138003D307825303258205245475F433D30789E
:10D14800253032580D0A00005B5354415455535D45
:10D15800205354415455535F5245473D307825304C
:10D1680032580D0A000000003D3D3D3D3D3D3D3D2E
:10D178003D3D3D3D3D3D3D3D3D3D3D3D3D3D3D3DD7
:10D188003D3D3D3D3D3D3D3D3D3D3D3D3D3D0D0034
:10D1980020204D61676E657469632053656E736FF7
:10D1A8007220436F6E74726F6C2076312E30200DB2
:10D1B8000000000020204C45444F20436F2C2E20B7
:10D1C8004C74642E200D0000204D61676E657469F3
:10D1D800632053656E736F7220436F6E74726F6C49
:10D1E800205374617274200D0A000000445244599F
:10D1F8002070696E206F757470757420697320458E
:10D208004E41424C45442E0D000000004452445902
:10D218002070696E206F757470757420697320446E
:10D22800495341424C45442E0D0000005B6C6F672A
:10D2380069635D205245475F413A20307825303296
:10D24800582C205245475F423A20307825303258D2
:10D258002C205245475F433A203078253032580D0C
:10D268000A0000005B6C6F6769635D20A5C45420E9
:10D278003D20256C75206D732C204D61676E65749B
:10D288006963206D61675F78203A2025642C206DE2
:10D2980061675F79203A2025642C206D61675F7A89
:10D2A800203A2025642C2068656164696E67203AFD
:10D2B8002025660D0A0000005B6C6F6769635D20BE
:10D2C80020436F6E6E6563745F5251200D0000003D
:10D2D8005B6C6F6769635D2020436F6E6E65637476
:10D2E8005F41434B200D00005B6C6F6769635D20F5
:10D2F800204D6167656E7469635F54696D655F523F
:10D3080051200D005B6C6F6769635D20204D61677C
:10D31800656E7469635F54696D655F41636B200D69
:10D32800000000005B6C6F6769635D20536C617679
:10D338006520436F6E6E6563742E2E2E21200D00BE
:10D348005B6C6F6769635D204D6173746572204320
:10D358006F6E6E6563742E2E2E21200D0000000066
:10D368005B6C6F6769635D20536C617665205469F7
:10D37800636B2054696D6520526571756573742EF1
:10D388002E2E21200D0000005B6C6F6769635D2005
:10D39800536C617665205469636B2054696D652010
:10D3A80052656376206D61737465725B25645D20D8
:10D3B800736C6176655B25645D207469636B5F6F70
:10D3C80066667365745B25645D200D0A00000000C5
:10D3D8005B6C6F6769635D20536C617665204D6196
:10D3E800676E657469632054696D6520526563765C
:10D3F800205B25645D200D0A000000005B6C6F67F0
:10D4080069635D20204D6167656E7469635F546967
:10D418006D655F53656E64206C6F63616C5B25643A
:10D428005D206F66667365745B25645D2073656E49
:10D43800645B25645D200D0A000000005B6C6F676B
:10D4480069635D20204D6167656E7469635F546927
:10D458006D655F52656376200D0000005B6C6F6739
:10D4680069635D204D61676E657469632053656EFD
:10D47800736F7220446973636F6E6E6563742E2ECA
:10D488002E2E21210D0000005B6C6F6769635D2003
:10D4980064543D256C75206D732C20583D256420FF
:10D4A800593D2564205A3D2564207C427C3D2564F5
:10D4B8002C2068656164696E673D252E31660D0A0A
:10D4C800000000005B6C6F6769635D206D617374B9
:10D4D8006572205469636B205B25645D20536C6121
:10D4E8007665205469636B205B25645D2044757202
:10D4F8006174696F6E205469636B205B25645D20DD
:10D508000D0A00005B544553544D4F44455D20536C
:10D5180070656564203D20252E3266206B6D2F686E
:10D528002028252E3266207365632C20252E32662E
:10D53800206D290D0A0000005B6C6F6769635D2030
:10D548004D61676E657469632053656E736F7220F1
:10D55800446973636F6E6E656374202E2E2E2E21C0
:10D56800210D00004C4F5700484947480000000073
:10D578005354415455535F524547203D2030782538
:10D588003032580D0A000000204D61676E657469DD
:10D598006320446174613A20583D25642C20593D2C
:10D5A80025642C205A3D25640D0A0000204E6F206A
:10D5B8006E6577206D61676E657469632064617458
:10D5C8006120617661696C61626C65207965742E91
:10D5D8000D00000044524459203D2025730D0A00D7
:10D5E8002E2E2F5372632F6D61696E2E630000001B
:10D5F800756172745461736B0000000070726F6320
:10D608005461736B00000000706572695461736B3C
:10D618000000000064656661756C745461736B008A
:10D6280072657320665F6F70656E203A2025303210
:10D63800580A0D00726573203D20256420665F72CC
:10D648006561646469720A0D000000002563256342
:10D658002563256320000000253130642000000088
:10D6680025732F25730A0D00323025322E32752F7F
:10D6780025322E32752F25322E32752025322E3244
:10D68800753A25322E32753A25322E32752C200005
:10D69800257300002F79792D25322E32752F4D4DA7
:10D6A80025322E32755F25322E32752E747874002D
:10D6B8002F79792D25322E32750000005B4C6F676B
:10D6C800536176655D20665F6D6B64697220457293
:10D6D800726F725B25645D2121210D0A0000000034
:10D6E8002F4D4D25322E32755F25322E32752E7410
:10D6F800787400005B53656E736F724C6F6753618B
:10D7080076655D20456E64205B25645D0D0A00002A
:10D718005B534420434152445D204D6F756E742025
:10D728004572726F725B25645D2121210D0A00002C
:10D738005B534420434152445D204D6F756E742005
:10D748004F4B2121210D00002E2E2F5372632F7372
:10D75800746D3332663478785F68616C5F6D7370AE
:10D768002E63000052465F526563765F44617461C0
:10D778005F5061727365200D000000000D0A5B4D5B
:10D788006F64656D5D205263765F4C52432045722D
:10D79800726F725B2532585D5B2532585D0D0A0049
:10D7A8000D0A5B554152545D205263765F4C5243DB
:10D7B800204572726F725B2532585D5B2532585D69
:10D7C8000D0A00005B55415254205D2053454E53CD
:10D7D8004F525F5263765F4F50434F444520457226
:10D7E800726F725B6F70636F6465203A2025585DB5
:10D7F8000D0A00002C000000244750524D43000041
:10D808005B496F5420524543565D202573200D0A0D
:10D8180000000000203E0D0A000000004255535948
:10D82800000000005B5541525420205D2050616388
:10D838006B65742053656E642052657472790D00AF
:10D84800727854696D654F75740000005B554152DC
:10D858005420205D205061636B65742053656E64AD
:10D8680020506F737369626C650D00004A4F494E12
:10D8780045443A59455300004A4F494E45443A4EAB
:10D888004F00000041542B5245435600200D0A001A
:10D898005B5541525420205D2052656376205061CB
:10D8A800636B657420457175616C200D0000000084
:10D8B8005B5541525420205D205041434B45542034
:10D8C8004C454E475448205A45524F200D00000001
:10D8D8005B5541525420205D205061794C6F616442
:10D8E8005F4C656E677468205A65726F0D000000A2
:10D8F8005B5541525420205D205041434B455420F4
:10D908004C454E475448204552524F525B253032C1
:10D91800645D5B253032645D0D0A000030313233BE
:10D928003435363738394142434445460000000013
:10D938000000004B000000CB737172746600000099
:10D948004FBB610567ACDD3F182D4454FB21E93F0F
:10D958009BF681D20B73EF3F182D4454FB21F93FFE
:10D96800E2652F227F2B7A3C075C143326A6813C84
:10D97800BDCBF07A8807703C075C143326A6913C2F
:10D988001C000020494E4600696E66004E414E005C
:10D998006E616E0030003031323334353637383905
:10D9A8004142434445460030313233343536373806
:10D9B8003961626364656600496E66696E69747987
:10D9C800004E614E00000000000000000000000052
:10D9D800000000000000000000000000000000003F
:10D9E800000000000000000000000000000000002F
:10D9F800000000000000000000000000000000001F
:10DA0800000000000000000000000000000000000E
:10DA180000000000000000000000000000000000FE
:10DA280000000000000000004300504F5349580018
:10DA38002E000000000000000080E03779C3414359
:10DA4800176E05B5B5B89346F5F93FE9034F384D5C
:10DA5800321D30F94877825A3CBF737FDD4F157508
:10DA6800000000000000F03F00000000000024401B
:10DA780000000000000059400000000000408F40F6
:10DA8800000000000088C34000000000006AF84061
:10DA98000000000080842E4100000000D012634185
:10DAA8000000000084D797410000000065CDCD41FB
:10DAB800000000205FA00242000000E876483742DC
:10DAC800000000A2941A6D42000040E59C30A2427A
:10DAD8000000901EC4BCD64200003426F56B0C43EF
:10DAE8000080E03779C3414300A0D8855734764396
:10DAF80000C84E676DC1AB43003D9160E458E143F7
:10DB0800408CB5781DAF154450EFE2D6E41A4B446B
:10DB180092D54D06CFF08044F64AE1C7022DB544B0
:10DB2800B49DD9794378EA44050000001900000043
:10DB38007D000000232D302B2000686C4C006566AA
:10DB4800674546470000202020202020202020284C
:10DB5800282828282020202020202020202020209D
:10DB680020202020202088101010101010101010D5
:10DB78001010101010100404040404040404040415
:10DB88001010101010101041414141414101010194
:10DB9800010101010101010101010101010101016D
:10DBA800011010101010104242424242420202027A
:10DBB800020202020202020202020202020202023D
:10DBC80002101010102000000000000000000000EB
:10DBD800000000000000000000000000000000003D
:10DBE800000000000000000000000000000000002D
:10DBF800000000000000000000000000000000001D
:10DC0800000000000000000000000000000000000C
:10DC180000000000000000000000000000000000FC
:10DC280000000000000000000000000000000000EC
:10DC380000000000000000000000000000000000DC
:08DC48000000000000000000D4
:08DC5000A431FF7F0100000078
:04DC5800D5010008EA
:04DC5C00B10100080A
:10DC60000100000010000000AAAAAAAA01000000FA
:10DC70000024F400010000001C000020000000004F
:10DC8000F0D9000810DA0008D0D900080000000020
:10DC90000000000000000000000000000000000084
:10DCA0000000000000000000000000000000000074
:10DCB0000000000000000000000000000000000064
:10DCC0000000000000000000000000000000000054
:10DCD0000000000000000000000000004300000001
:10DCE0000000000000000000000000000000000034
:10DCF00000000000000000000000000043000000E1
:10DD00000000000000000000000000000000000013
:10DD100000000000000000000000000043000000C0
:10DD200000000000000000000000000000000000F3
:10DD300000000000000000000000000043000000A0
:10DD400000000000000000000000000000000000D3
:10DD50000000000000000000000000004300000080
:10DD600000000000000000000000000000000000B3
:10DD70000000000000000000000000004300000060
:10DD80000000000000000000000000000000000093
:10DD90000000000000000000000000004300000040
:10DDA0000000000000000000000000000000000073
:10DDB00000000000000000000000000047CB000849
:10DDC000A1BF0008000000004DDB000838DA0008A1
:10DDD00041DB000841DB000841DB000841DB0008B3
:10DDE00041DB000841DB000841DB000841DB0008A3
:10DDF00041DB0008FFFFFFFFFFFFFFFFFFFFFFFF0B
:10DE0000FFFF0000010041534349490000000000AA
:10DE10000000000000000000000000000000000002
:10DE20000000000000004153434949000000000089
:10DE300000000000000000000000000000000000E2
:08DE40000000000000000000DA
:04000005080099D97D
:00000001FF
