:020000040800F2
:1000000000000320F5840008398100083B810008C6
:100010003D8100083F810008418100080000000088
:1000200000000000000000000000000071630008F4
:1000300043810008000000001164000845810008A9
:100040004585000845850008458500084585000868
:10005000458500084585000845850008158200088B
:100060004585000845850008458500084585000848
:100070005181000845850008618100084585000818
:10008000718100088181000805820008458500080B
:100090004585000845850008458500084585000818
:1000A0004585000845850008458500084585000808
:1000B00045850008458500084585000845850008F8
:1000C00045850008458500084585000845850008E8
:1000D000458500088D830008C58300081184000849
:1000E00045850008458500084585000845850008C8
:1000F00045850008458500084585000845850008B8
:10010000458500089181000845850008458500085F
:100110004585000845850008458500084585000897
:10012000A1810008B1810008C1810008D1810008C7
:1001300045850008E18100084585000845850008DF
:100140004585000845850008458500084585000867
:1001500045850008E5810008F58100085D840008F8
:100160004585000845850008458500084585000847
:100170004585000845850008458500080000000009
:100180004585000845850008A984000845850008C4
:100190004585000845850008458500084585000817
:0C01A00000000000000000004585000881
:1001B00010B5054C237833B9044B13B10448AFF3A1
:1001C00000800123237010BDE40100200000000026
:1001D00098B5000808B5034B1BB103490348AFF3BA
:1001E000008008BD00000000E801002098B500086C
:1001F00081F0004102E000BF83F0004330B54FEAD8
:1002000041044FEA430594EA050F08BF90EA020F44
:100210001FBF54EA000C55EA020C7FEA645C7FEAD7
:10022000655C00F0E2804FEA5454D4EB5555B8BFFA
:100230006D420CDD2C4480EA020281EA030382EA6B
:10024000000083EA010180EA020281EA0303362DFD
:1002500088BF30BD11F0004F4FEA01314FF4801CD0
:100260004CEA113102D0404261EB410113F0004FE2
:100270004FEA03334CEA133302D0524263EB430399
:1002800094EA050F00F0A780A4F10104D5F1200E37
:100290000DDB02FA0EFC22FA05F2801841F1000192
:1002A00003FA0EF2801843FA05F359410EE0A5F166
:1002B00020050EF1200E012A03FA0EFC28BF4CF097
:1002C000020C43FA05F3C01851EBE37101F000454D
:1002D00007D54FF0000EDCF1000C7EEB00006EEB5A
:1002E0000101B1F5801F1BD3B1F5001F0CD34908E4
:1002F0005FEA30004FEA3C0C04F101044FEA44523B
:1003000012F5800F80F09A80BCF1004F08BF5FEAC1
:10031000500C50F1000041EB045141EA050130BDA1
:100320005FEA4C0C404141EB010111F4801FA4F144
:100330000104E9D191F0000F04BF01460020B1FA99
:1003400081F308BF2033A3F10B03B3F120020CDAD1
:100350000C3208DD02F1140CC2F10C0201FA0CF0AF
:1003600021FA02F10CE002F11402D8BFC2F1200C14
:1003700001FA02F120FA0CFCDCBF41EA0C019040CA
:10038000E41AA2BF01EB0451294330BD6FEA040413
:100390001F3C1CDA0C340EDC04F11404C4F12002FE
:1003A00020FA04F001FA02F340EA030021FA04F310
:1003B00045EA030130BDC4F10C04C4F1200220FA67
:1003C00002F001FA04F340EA0300294630BD21FAA5
:1003D00004F0294630BD94F0000F83F4801306BF6B
:1003E00081F480110134013D4EE77FEA645C18BF5F
:1003F0007FEA655C29D094EA050F08BF90EA020FF6
:1004000005D054EA000C04BF1946104630BD91EAED
:10041000030F1EBF0021002030BD5FEA545C05D1F0
:100420004000494128BF41F0004130BD14F580042F
:100430003CBF01F5801130BD01F0004545F0FE41A3
:1004400041F470014FF0000030BD7FEA645C1ABFD8
:10045000194610467FEA655C1CBF0B46024650EA0F
:10046000013406BF52EA033591EA030F41F400213B
:1004700030BD00BF90F0000F04BF0021704730B5C1
:100480004FF4806404F132044FF000054FF0000196
:1004900050E700BF90F0000F04BF0021704730B557
:1004A0004FF4806404F1320410F0004548BF40422C
:1004B0004FF000013EE700BF42004FEAE2014FEA81
:1004C00031014FEA02701FBF12F07F4393F07F4F5C
:1004D00081F06051704732F07F4208BF704793F05F
:1004E0007F4F04BF41F40021704730B54FF4607472
:1004F00001F0004521F000411CE700BF50EA010275
:1005000008BF704730B54FF000050AE050EA01021D
:1005100008BF704730B511F0004502D5404261EB8D
:1005200041014FF4806404F132045FEA915C3FF4CE
:10053000D8AE4FF003025FEADC0C18BF03325FEA6B
:10054000DC0C18BF033202EBDC02C2F1200300FA1C
:1005500003FC20FA02F001FA03FE40EA0E0021FA41
:1005600002F11444BDE600BF70B54FF0FF0C4CF42F
:10057000E06C1CEA11541DBF1CEA135594EA0C0FE1
:1005800095EA0C0F00F0DEF82C4481EA030621EA1C
:100590004C5123EA4C5350EA013518BF52EA033557
:1005A00041F4801143F4801338D0A0FB02CE4FF009
:1005B0000005E1FB02E506F00042E0FB03E54FF039
:1005C0000006E1FB03569CF0000F18BF4EF0010E31
:1005D000A4F1FF04B6F5007F64F5407404D25FEA2D
:1005E0004E0E6D4146EB060642EAC62141EA5551E0
:1005F0004FEAC52040EA5E504FEACE2EB4F1FD0C22
:1006000088BFBCF5E06F1ED8BEF1004F08BF5FEA9F
:10061000500E50F1000041EB045170BD06F0004651
:1006200046EA010140EA020081EA0301B4EB5C04FE
:10063000C2BFD4EB0C0541EA045170BD41F48011F6
:100640004FF0000E013C00F3AB8014F1360FDEBF1B
:10065000002001F0004170BDC4F10004203C35DAF7
:100660000C341BDC04F11404C4F1200500FA05F37A
:1006700020FA04F001FA05F240EA020001F000421B
:1006800021F0004110EBD37021FA04F642EB060191
:100690005EEA430E08BF20EAD37070BDC4F10C04BB
:1006A000C4F1200500FA04F320FA05F001FA04F27F
:1006B00040EA020001F0004110EBD37041F100016B
:1006C0005EEA430E08BF20EAD37070BDC4F1200576
:1006D00000FA05F24EEA020E20FA04F301FA05F2DE
:1006E00043EA020321FA04F001F0004121FA04F286
:1006F00020EA020000EBD3705EEA430E08BF20EA56
:10070000D37070BD94F0000F0FD101F0004640008F
:1007100041EB010111F4801F08BF013CF7D041EA11
:10072000060195F0000F18BF704703F00046520015
:1007300043EB030313F4801F08BF013DF7D043EAE6
:100740000603704794EA0C0F0CEA135518BF95EA9C
:100750000C0F0CD050EA410618BF52EA4306D1D123
:1007600081EA030101F000414FF0000070BD50EA42
:10077000410606BF1046194652EA430619D094EACC
:100780000C0F02D150EA013613D195EA0C0F05D1B6
:1007900052EA03361CBF104619460AD181EA03010A
:1007A00001F0004141F0FE4141F470014FF00000C2
:1007B00070BD41F0FE4141F4780170BD70B54FF05D
:1007C000FF0C4CF4E06C1CEA11541DBF1CEA1355DD
:1007D00094EA0C0F95EA0C0F00F0A7F8A4EB0504BF
:1007E00081EA030E52EA03354FEA013100F08880B6
:1007F0004FEA03334FF0805545EA131343EA12637F
:100800004FEA022245EA111545EA10654FEA002633
:100810000EF000419D4208BF964244F1FD0404F5EC
:10082000407402D25B084FEA3202B61A65EB030548
:100830005B084FEA32024FF480104FF4002CB6EB05
:10084000020E75EB030E22BFB61A754640EA0C0085
:100850005B084FEA3202B6EB020E75EB030E22BFC5
:10086000B61A754640EA5C005B084FEA3202B6EB06
:10087000020E75EB030E22BFB61A754640EA9C00C5
:100880005B084FEA3202B6EB020E75EB030E22BF95
:10089000B61A754640EADC0055EA060E18D04FEA53
:1008A000051545EA16754FEA06164FEAC30343EAF3
:1008B00052734FEAC2025FEA1C1CC0D111F4801FC0
:1008C0000BD141EA00014FF000004FF0004CB6E7B9
:1008D00011F4801F04BF01430020B4F1FD0C88BF58
:1008E000BCF5E06F3FF6AFAEB5EB030C04BFB6EB63
:1008F000020C5FEA500C50F1000041EB045170BD56
:100900000EF0004E4EEA113114EB5C04C2BFD4EB82
:100910000C0541EA045170BD41F480114FF0000E06
:10092000013C90E645EA060E8DE60CEA135594EA82
:100930000C0F08BF95EA0C0F3FF43BAF94EA0C0F85
:100940000AD150EA01347FF434AF95EA0C0F7FF4FA
:1009500025AF104619462CE795EA0C0F06D152EA4E
:1009600003353FF4FDAE1046194622E750EA410632
:1009700018BF52EA43067FF4C5AE50EA41047FF443
:100980000DAF52EA43057FF4EBAE12E74FF0FF3CA8
:1009900006E000BF4FF0010C02E000BF4FF0010C79
:1009A0004DF804CD4FEA410C7FEA6C5C4FEA430CF2
:1009B00018BF7FEA6C5C1BD001B050EA410C0CBF41
:1009C00052EA430C91EA030F02BF90EA020F0020A3
:1009D000704710F1000F91EA030F58BF994208BF0A
:1009E00090422CBFD8176FEAE37040F001007047C7
:1009F0004FEA410C7FEA6C5C02D150EA013C07D11E
:100A00004FEA430C7FEA6C5CD6D152EA033CD3D068
:100A10005DF8040B704700BF8446104662468C4662
:100A20001946634600E000BF01B5FFF7B7FF002895
:100A300048BF10F1000F01BD4DF808EDFFF7F4FFBE
:100A40000CBF012000205DF808FB00BF4DF808ED49
:100A5000FFF7EAFF34BF012000205DF808FB00BF6C
:100A60004DF808EDFFF7E0FF94BF012000205DF88E
:100A700008FB00BF4DF808EDFFF7CEFF94BF012043
:100A800000205DF808FB00BF4DF808EDFFF7C4FF3C
:100A900034BF012000205DF808FB00BF4FEA41028F
:100AA000B2F1E04324BFB3F5001CDCF1FE5C0DD9CC
:100AB00001F0004C4FEAC0024CEA5070B2F1004F16
:100AC00040EB830008BF20F00100704711F0804F19
:100AD00021D113F13872BCBF01F00040704741F4DE
:100AE00080114FEA5252C2F11802C2F1200C10FAE2
:100AF0000CF320FA02F018BF40F001004FEAC123C6
:100B00004FEAD32303FA0CFC40EA0C0023FA02F369
:100B10004FEA4303CCE77FEA625307D150EA01333F
:100B20001EBF4FF0FE4040F44000704701F000400F
:100B300040F0FE4040F40000704700BF53B94AB98E
:100B4000002908BF00281CBF4FF0FF314FF0FF30D5
:100B500000F072B9ADF1080C6DE904CE00F006F8B2
:100B6000DDF804E0DDE9022304B070472DE9F04729
:100B7000089E04468846002B4BD18A42154667D909
:100B8000B2FA82F24AB1C2F1200701FA02F320FA66
:100B900007F7954047EA030894404FEA154E230CA7
:100BA000B8FBFEF71FFA85FC0EFB178843EA0843E3
:100BB00007FB0CF1994209D9EB1807F1FF3080F0DF
:100BC0001B81994240F21881023F2B445B1AA4B268
:100BD000B3FBFEF00EFB103344EA034400FB0CFCB5
:100BE000A44509D92C1900F1FF3380F00781A445F1
:100BF00040F2048102382C4440EA0740A4EB0C0484
:100C000000271EB1D4400023C6E900433946BDE8A1
:100C1000F0878B4209D9002E00F0EB800027C6E94F
:100C2000000138463946BDE8F087B3FA83F7002F54
:100C300047D18B4202D3824200F2FA80841A61EBE0
:100C4000030301209846002EE0D0C6E90048DDE706
:100C500002B9FFDEB2FA82F2002A40F08F80491B0F
:100C60004FEA154E1FFA85F80127B1FBFEFC230C55
:100C70000EFB1C1143EA014308FB0CF1994207D912
:100C8000EB180CF1FF3002D2994200F2CD8084467D
:100C9000591AA3B2B1FBFEF00EFB101443EA044450
:100CA00008FB00F8A04507D92C1900F1FF3302D248
:100CB000A04500F2B6801846A4EB080440EA0C40B8
:100CC0009FE7C7F1200CBB4022FA0CFE4EEA030E50
:100CD00001FA07F420FA0CF521FA0CF34FEA1E484A
:100CE0002543B3FBF8F92C0C08FB19331FFA8EFAD5
:100CF00044EA034309FB0AF49C4202FA07F200FAB1
:100D000007F10BD91EEB030309F1FF3080F0878058
:100D10009C4240F28480A9F1020973441B1BADB2CE
:100D2000B3FBF8F008FB103345EA034400FB0AFA72
:100D3000A24508D91EEB040400F1FF336BD2A24593
:100D400069D90238744440EA0940A0FB0289A4EB47
:100D50000A044C45C2464B4654D351D0002E69D0AC
:100D6000B1EB0A0564EB030404FA0CFCFD40FC4003
:100D70004CEA0505C6E90054002747E7C2F1200305
:100D800020FA03F7954001FA02F021FA03F34FEA43
:100D9000154E3843010CB3FBFEF71FFA85F80EFB26
:100DA000173341EA034107FB08F38B4204FA02F4CC
:100DB00007D9691807F1FF3C2FD28B422DD9023F8A
:100DC0002944CB1A81B2B3FBFEF00EFB103341EA8B
:100DD000034100FB08F38B4207D9691800F1FF3C7F
:100DE00017D28B4215D902382944C91A40EA07475D
:100DF0003BE73746304609E70746E7E61846FBE695
:100E00004145ABD2B8EB020A69EB0E02013813463A
:100E1000A4E76046E9E7184695E76746D1E78146CB
:100E20007CE702382C4447E7ACF1020C2B442FE757
:100E3000384608E73746E9E6704700BF034613F82F
:100E4000012B002AFBD1181A01387047000000005E
:100E500001F0FF01102A2BDB10F0070F08D010F86B
:100E6000013B013A8B422DD010F0070F42B3F6D16F
:100E7000F0B441EA012141EA014122F007047FF088
:100E800000070023F0E80256083C85EA010586EADF
:100E9000010685FA47F5A3FA87F586FA47F6A5FA1B
:100EA00087F68EB9EED1F0BC01F0FF0102F0070227
:100EB00032B110F8013B013A83EA010313B1F8D1D2
:100EC0000020704701387047002D06BF35460338B3
:100ED000073815F0010F07D1013015F4807F02BFEC
:100EE000013015F4C03F0130F0BC0138704700BF3D
:100EF0004FEA410C7FEA6C5C02D150EA013C0AD116
:100F00004FEA430C7FEA6C5C02D152EA033C02D107
:100F10004FF0000070474FF0010070474FEA410268
:100F200012F5001215D211D56FF47873B3EB62523B
:100F300012D94FEAC12343F0004343EA505311F062
:100F4000004F23FA02F018BF404270474FF00000F4
:100F5000704750EA013005D111F0004008BF6FF032
:100F6000004070474FF00000704700BF10B50446C6
:100F70000E4B18784FF47A73B3FBF0F30C4A1068F9
:100F8000B0FBF3F000F002FC68B90F2C01D901208E
:100F90000AE0002221464FF0FF3000F09BFB034B9C
:100FA0005C60002000E0012010BD00BF00000020B8
:100FB0001000002008B50B4B1A6842F400721A604A
:100FC0001A6842F480621A601A6842F480721A60E9
:100FD000032000F061FB0F20FFF7C8FF06F026FE9C
:100FE000002008BD003C024010B504464E4B5A6834
:100FF00022F440325A605A6841680A435A600268D3
:10100000536823F48073536002685368016943EAAC
:10101000012353600268536823F0407353600268F1
:10102000536881680B4353600268936823F400633C
:10103000936002689368C1680B439360826A3B4B7C
:101040009A4259D00268936823F0706393600268F3
:101050009368816A0B4393600268936823F040535E
:10106000936002689368C16A0B4393602268936837
:1010700023F00203936022689368A16943EA410365
:101080009360236A002B48D0636A013B072B3ED84C
:101090002268536843F4006353602268536823F462
:1010A0006043536021684B68626A013A43EA423305
:1010B0004B602268D36A23F47003D3622168CB6A41
:1010C000E269013A43EA0253CB622268936823F44F
:1010D0000073936022689368216B43EA4123936015
:1010E0002268936823F4806393602268936861693F
:1010F00043EA8123936010BD0268936823F0706314
:1011000093600268936823F040539360AEE740F227
:101110002761074806F022FBBAE72268536823F4E8
:1011200000635360C5E700BF002301400100000FCA
:1011300064B60008002800F0EB8010B50446036890
:10114000744A93420CD002F58072934208D002F5A3
:101150008072934204D040F20B116F4806F0FEFA01
:10116000636843B1B3F5803F05D0B3F5003F02D0CB
:10117000B3F5403F6FD1A36843B1B3F1807F05D091
:10118000B3F1007F02D0B3F1407F6AD12369012B14
:101190006DD8A369012B70D8A36A7BB3B3F1807FAC
:1011A0002CD0B3F1007F29D0B3F1407F26D0B3F12A
:1011B000806F23D0B3F1A06F20D0B3F1C06F1DD0EA
:1011C000B3F1E06F1AD0B3F1006F17D0B3F1106F25
:1011D00014D0B3F1206F11D0B3F1306F0ED0B3F152
:1011E000406F0BD0B3F1506F08D0B3F1606F05D0F2
:1011F000B3F1706F02D0494A934244D1E36813B10E
:10120000B3F5006F45D1E369013B0F2B47D8236B42
:10121000012B4AD86369022B4DD8236A012B50D881
:10122000A26A3E4B9A420AD0E36A43B1B3F1805FAF
:1012300005D0B3F1005F02D0B3F1405F47D1236C1A
:10124000002B4AD0236C13F0100F4DD00120002347
:1012500084F83C3010BD4FF486712F4806F07EFABA
:1012600089E740F20D112C4806F078FA8EE74FF42A
:101270008771294806F072FA8BE740F20F11264871
:1012800006F06CFA88E74FF48871234806F066FA96
:10129000B4E740F21111204806F060FAB3E74FF4CA
:1012A00089711D4806F05AFAB1E740F213111A4845
:1012B00006F054FAAEE74FF48A71174806F04EFA7A
:1012C000ABE740F21511144806F048FAA8E740F2DF
:1012D0001911114806F042FAB1E7636484F83C3012
:1012E000204606F0EDFCADE7236C23F4885323F091
:1012F000020343F0020323642046FFF775FE00203B
:101300006064236C23F0030343F0010323649EE72E
:10131000012070470020014064B600080100000F62
:101320000368D86C704770477047000038B50446B2
:101330008369012B00F29580E369013B0F2B00F2DA
:1013400096806369022B00F29880226811685368C6
:1013500003F0200311F0020F2DD063B3236C13F0C0
:10136000100F03D1236C43F400732364936813F0CC
:10137000405F19D1A369BBB9D36A13F4700F03D0CE
:10138000936813F4806F0FD1536823F020035360E8
:10139000236C23F480732364236C13F4805F03D1E4
:1013A000236C43F001032364204605F069FA2368A7
:1013B0006FF012021A60236819685A6802F08002FE
:1013C00011F0040F36D0002A34D0226C12F0100F26
:1013D00003D1226C42F4005222649A6812F4401F36
:1013E00021D19A6B12F4401F03D09A6812F4806FD7
:1013F00019D15A6812F4806F15D19A6812F0405FC3
:1014000011D1A2697AB95A6822F080025A60236C1D
:1014100023F480532364236C13F4807F03D1236C63
:1014200043F001032364204600F034F923686FF091
:101430000C021A6022681168536803F0400311F02F
:10144000010F04D01BB1136813F0010F1BD12268E8
:101450001168536803F0806311F0200F00D0F3B9D6
:1014600038BD40F27331144806F078F964E74FF460
:101470005D71114806F072F963E740F275310E486C
:1014800006F06CF961E7236C43F480332364204653
:10149000FFF749FF23686FF001021A60D7E7636C1A
:1014A00043F0020363646FF0200515602046FFF7E8
:1014B0003BFF23681D60D3E764B6000830B583B0F6
:1014C00005460C46002301930B68122B02D96B4A88
:1014D00093424ED16368013B0F2B50D8A368072B72
:1014E00053D895F83C30012B00F0C580012385F8D6
:1014F0003C302368092B4ED92868C2689BB203EBA5
:1015000043031E3B072101FA03F322EA0303C360EE
:101510002868C268A168238803EB43031E3B01FAD5
:1015200003F31343C3606368062B4AD82868426BF1
:1015300003EB8303053B1F2101FA03F322EA0303B4
:1015400043632868426B636803EB8303053B218890
:1015500001FA03F3134343632A68494B9A4260D06C
:101560002A68474B9A4265D0002085F83C0003B0BA
:1015700030BD40F21551434806F0F0F8AAE740F2BA
:101580001651404806F0EAF8A8E740F217513D48E6
:1015900006F0E4F8A5E7286802699BB203EB430371
:1015A000072101FA03F322EA0303036128680269B1
:1015B000A168238803EB430301FA03F31343036198
:1015C000B1E70C2B16D82868026B03EB8303233B8F
:1015D0001F2101FA03F322EA030303632868026B65
:1015E000636803EB8303233B218801FA03F313436E
:1015F0000363B1E72868C26A03EB8303413B1F2101
:1016000001FA03F322EA0303C3622868C26A63682B
:1016100003EB8303413B218801FA03F31343C362C5
:101620009AE72368122B9BD1174A536843F480032F
:10163000536095E72368114A934201D0112B93D14F
:10164000114A536843F40003536022680B4B9A42DB
:101650008AD10E4B1B680E4AA2FB03239B0C03EBA3
:1016600083035A00019202E0019B013B0193019B1D
:10167000002BF9D178E7022079E700BF12000010B3
:101680000020014064B60008002301401000002043
:1016900083DE1B437047000010B50446C31E042BB5
:1016A0000FD80A4AD36823F4E0631B041B0C2402FE
:1016B00004F4E064234343F0BF6343F40033D36096
:1016C00010BDA221024806F049F8EAE700ED00E06B
:1016D0009CB6000870B505460C4616460F2A25D85C
:1016E0000F2C28D81B4BDB68C3F30223C3F107027E
:1016F000042A28BF0422191D062921D9033B4FF0D3
:10170000FF3101FA02F224EA02049C4001FA03F3D9
:1017100026EA03063443002D14DB2401E4B205F16C
:10172000604505F5614585F8004370BDBA210A485A
:1017300006F014F8D4E7BB21074806F00FF8D1E70C
:101740000023DCE705F00F052401E4B2034B5C55F0
:10175000EBE700BF00ED00E09CB6000814ED00E0F0
:1017600010B5041E08DB04F01F0264090123934036
:10177000044A42F8243010BDCE21034805F0EEFFA4
:10178000F1E700BF00E100E09CB600080138B0F1CD
:10179000807F0AD2064B5860064AF02182F8231057
:1017A0000020986007221A6070470120704700BF30
:1017B00010E000E000ED00E010B50446042800D081
:1017C00038B9042C0BD0094A136823F004031360C2
:1017D00010BD40F2D911064805F0C0FFF1E7034AF9
:1017E000136843F004031360F2E700BF10E000E069
:1017F0009CB6000830B405682C6824F480242C6062
:10180000046863608368402B05D0036899600368AF
:10181000DA6030BC704703689A600368D960F8E703
:101820000268D3B2103B0B49A1FB03131B090A4901
:10183000C95CC165032B06D822F47F7222F0030233
:101840008265806D704722F47F7222F003020432B9
:101850008265F6E7ABAAAAAAB0B50008836A8269D6
:1018600092B9012B0AD01BB1022B01D00020704786
:10187000C36A13F0807F2CD100207047C36AB3F194
:10188000C07F28D000207047B2F5005F05D0022B42
:1018900029D9032B15D000207047032B03D8DFE88C
:1018A00003F01C041C0A00207047C36A13F0807FF9
:1018B00015D100207047C36AB3F1C07F11D000205A
:1018C0007047C36A13F0807F01D001207047002069
:1018D00070470120704701207047012070470120A8
:1018E00070470120704701207047000070B5044622
:1018F00004F018F8002C00F03881054623689C4A53
:10190000934231D0183293422ED0183293422BD0CA
:101910001832934228D01832934225D0183293427D
:1019200022D0183293421FD0183293421CD002F5B5
:101930005672934218D01832934215D018329342FF
:1019400012D0183293420FD0183293420CD0183272
:10195000934209D01832934206D01832934203D0F2
:10196000C821844805F0FAFE6368A3B1B3F1007F93
:1019700011D0B3F1806F0ED0B3F1C06F0BD0B3F1C3
:10198000006F08D0B3F1206F05D0B3F1406F02D0E3
:10199000B3F1606F6DD1A3681BB1402B01D0802BD8
:1019A0006CD1E368B3F5007F01D0002B6BD12369C4
:1019B000B3F5806F01D0002B6AD163692BB1B3F509
:1019C000006F02D0B3F5805F67D1A3692BB1B3F587
:1019D000005F02D0B3F5804F64D1E36923B1B3F562
:1019E000807F01D0202B62D1236A43B1B3F5803FC1
:1019F00005D0B3F5003F02D0B3F5403F5CD1636A38
:101A00000BB1042B5DD1636AC3B1A36A032B5DD80C
:101A1000E36A43B1B3F5000F05D0B3F1807F02D084
:101A2000B3F1C07F57D1236B43B1B3F5001F05D08D
:101A3000B3F5800F02D0B3F5C00F51D1002384F865
:101A40003430022384F835302268136823F0010310
:101A5000136023681A6812F0010F46D003F062FF8A
:101A6000401B0528F5D920236365032084F8350041
:101A700070BDC9213F4805F071FE8CE7CA213D4881
:101A800005F06CFE8DE7CB213A4805F067FE8EE746
:101A9000CC21384805F062FE8FE7CD21354805F0AE
:101AA0005DFE92E7CE21334805F058FE95E7CF2141
:101AB000304805F053FE97E7D0212E4805F04EFE42
:101AC0009DE7D1212B4805F049FE9CE7D621294806
:101AD00005F044FE9CE7D721264805F03FFEA2E72B
:101AE000D821244805F03AFEA8E71A682248104099
:101AF0006168A2680A43E1680A4321690A4361698F
:101B00000A43A1690A43E1690A43216A0A4302437D
:101B1000616A04291ED01A602668756925F00705D8
:101B2000636A1D43042B07D1A36A1D43E36A1BB1FB
:101B30002046FFF793FE90B975612046FFF770FECF
:101B4000E26D3F239340836000206065012384F8A9
:101B500035308DE7E16A206B01430A43DBE7402320
:101B60006365012084F8350082E7012080E700BF2B
:101B700010600240D8B600083F8010F02DE9F04117
:101B800004460F4690461D46866D5A1E4FF6FE735C
:101B90009A4211D894F83430012B3AD0012384F8BA
:101BA000343094F83530DBB2012B0BD0002384F8AD
:101BB00034300220BDE8F0814FF4EA71164805F098
:101BC000CDFDE7E7022384F83530002363652B461B
:101BD000424639462046FFF70DFEE26D3F23934013
:101BE000B3602268136843F01603136022685369D8
:101BF00043F080035361236C23B12268136843F0E0
:101C0000080313602268136843F001031360002087
:101C1000D0E70220CEE700BFD8B6000890F83530F4
:101C2000DBB2022B03D080234365012070470523DC
:101C300080F835300268136823F001031360002038
:101C400070470000F0B583B0044600230193724B47
:101C50001D68724BA3FB0535AD0A876D3E68C26DEA
:101C600008239340334210D003681A6812F0040F1F
:101C70000BD01A6822F004021A60C26D0823934048
:101C8000BB60436D43F001034365E26D0123934064
:101C9000334209D02268526912F0800F04D0BB6031
:101CA000636D43F002036365E26D042393403342A6
:101CB00009D02268126812F0020F04D0BB60636D75
:101CC00043F004036365E26D10239340334224D054
:101CD0002268126812F0080F1FD0BB6023681A68D0
:101CE00012F4802F0DD01B6813F4002F04D1236C45
:101CF0009BB12046984710E0A36C73B120469847EB
:101D00000BE01A6812F4807F03D11A6822F00802EF
:101D10001A60236C0BB120469847E26D2023934054
:101D2000334255D02268126812F0100F50D0BB60B9
:101D300094F83530DBB2052B0ED023681A6812F404
:101D4000802F33D01B6813F4002F2AD1636C002B33
:101D50003ED0204698473BE02268136823F01603E4
:101D600013602268536923F080035361236CA3B18D
:101D70002268136823F008031360E26D3F23934049
:101D8000BB60002384F83430012384F83530236DA0
:101D9000002B3FD0204698473CE0A36C002BE7D1B6
:101DA000EBE7E36BA3B12046984711E01A6812F401
:101DB000807F09D11A6822F010021A60002384F88B
:101DC0003430012384F83530E36B0BB1204698475B
:101DD000636DFBB1636D13F0010F17D0052384F819
:101DE00035302268136823F001031360019B01332F
:101DF0000193AB4204D823681B6813F0010FF5D19F
:101E0000002384F83430012384F83530E36C0BB1BF
:101E10002046984703B0F0BD10000020B5814E1B4E
:101E20002DE9F04782B080460E46BE4B98422BD03B
:101E300003F58063984227D003F58063984223D04E
:101E400003F5806398421FD003F5806398421BD04E
:101E500003F58063984217D003F58063984213D04E
:101E600003F5806398420FD003F5806398420BD04E
:101E700003F58063984207D003F58063984203D04E
:101E8000C321A94805F06AFC33689AB212B11B0C51
:101E90001B041BB1C421A44805F060FC7368012B2E
:101EA0001ED9112B1CD0022B1AD0122B18D09F4AEE
:101EB000934215D002F58012934211D002F58012A0
:101EC00093420DD0A2F5F812934209D002F5801288
:101ED000934205D002F58012934201D0032B04D126
:101EE000B368022B06D8002445E0C5218E4805F0D2
:101EF00035FCF5E7C6218C4805F030FCF3E7EA2114
:101F0000894805F02BFC96E0092300E000238B4074
:101F100003430232864941F82230864B1A68FB435C
:101F200003EA0201706810F4803F01D047EA020121
:101F3000804A1160526803EA0201706810F4003FA1
:101F400001D047EA02017B4A5160926803EA02012C
:101F5000706810F4801F01D047EA0201754A916051
:101F6000D2681340716811F4001F01D047EA0203E0
:101F7000704AD36001340F2C00F2E2800125A540A5
:101F800037682F40BD42F5D17368022B01D0122B68
:101F900031D13369FBB1092B1DD0012B1BD0022B92
:101FA00019D0032B17D0042B15D0052B13D0062BDB
:101FB00011D0072B0FD0082B0DD00A2B0BD00B2BD9
:101FC00009D00C2B07D00D2B05D00F2B03D0D72118
:101FD000554805F0C3FBE208083258F8220004F027
:101FE000070399000F238B4020EA030033698B40DD
:101FF000034348F82230D8F800204FEA440A4FF053
:10200000030909FA0AF96FEA090909EA0202736881
:1020100003F0030303FA0AF31343C8F800307368AC
:102020005A1E012A03D9112B01D0122B18D1F368A3
:10203000032B3FF664AFD8F8082009EA0202F368E0
:1020400003FA0AF31343C8F80830D8F8042022EA48
:1020500005027368C3F30015A5401543C8F8045082
:10206000D8F80C3009EA0309B36803FA0AF343EA23
:102070000903C8F80C30736813F0805F3FF47AAF3F
:10208000002301932C4B5A6C42F480425A645B6CDF
:1020900003F480430193019BA208911C244B53F845
:1020A000210004F0030399000F238B4020EA030072
:1020B0001C4B98453FF42AAF03F58063984522D026
:1020C00003F58063984520D003F5806398451ED0C2
:1020D00003F5806398451CD003F5806398451AD0BA
:1020E00003F58063984518D003F58063984516D0B2
:1020F00003F58063984521D003F5806398453FF44C
:1021000003AF0A2303E7012301E70223FFE60323CA
:10211000FDE60423FBE60523F9E60623F7E607239D
:10212000F5E600BF0000024010B7000800001110E3
:1021300000380140003C0140003802400823E6E638
:1021400002B0BDE8F08700BF38B505460C4621B1A6
:102150002B691C4207D1002038BD4FF4C7710348DA
:1021600005F0FCFAF4E70120F6E700BF10B700081D
:1021700070B5064615460C4629B1012D09D875B92A
:102180002404B46170BD40F2AF11064805F0E6FAD0
:10219000F3E74FF4D871034805F0E0FAEFE7B461D4
:1021A000F0E700BF10B7000808B5054B5B690342B4
:1021B00000D108BD024B586104F0DCFEF9E700BF16
:1021C000003C014003685A6912F4806F0DD06FF42F
:1021D00080625A610423036400230363202280F891
:1021E0003D2080F83C300120704700207047F8B552
:1021F00006460C4617461D461EE02DB103F092FB25
:10220000069BC01AA84217D900233363202286F800
:102210003D2086F83E3086F83C3003201AE03368D3
:102220005B6924EA03039BB2B3FA83F35B099F4221
:102230000FD1B5F1FF3FE0D1C4F30743012BEED03E
:1022400033689B6924EA03039BB2B3FA83F35B0907
:10225000EDE70020F8BDF8B504460D4616461F46CA
:1022600032E01A6842F400721A6023686FF48062E8
:102270005A610423236400232363202284F83D2031
:1022800084F83C3001202DE026B103F04BFBC01B4D
:10229000B04219D900232363202284F83D2084F81A
:1022A0003C3003201EE023685B6925EA03039BB2F0
:1022B000003318BF0123A3B123685A6912F4806F59
:1022C000CFD1B6F1FF3FDFD1C5F30743012BEAD0F1
:1022D00023689B6925EA03039BB2003318BF0123DF
:1022E000E9E70020F8BD70B504460D4616462368A0
:1022F0005B6913F0800F19D12046FFF763FFB8B96F
:10230000B5F1FF3FF3D025B103F00CFB801BA842D1
:10231000EDD9236C43F020032364002323632022A0
:1023200084F83D2084F83C30032000E0002070BD9C
:102330000120FCE72DE9F04184B004460E46174623
:1023400098460B9D0268136843F4807313600095F0
:102350000A9B00224FF00111FFF749FF002847D1E7
:10236000236806F0FE061E612B460A9A264920467F
:10237000FFF771FF20B1236C042B3ED1012338E01D
:102380000023039323685A6903929B690393039B79
:102390002A460A992046FFF7A6FF034648B1236C58
:1023A000042B2CD12268136843F4007313600123BB
:1023B0001FE0B8F1010F13D023683A0A1A612A46C8
:1023C0000A992046FFF78FFF034668B1236C042B60
:1023D00017D12268136843F400731360012308E0E7
:1023E0002268FFB2176104E02268FFB2176100E0C3
:1023F0000323184604B0BDE8F0810323F9E7032363
:10240000F7E70323F5E700BF020001002DE9F041E3
:1024100084B004460E46174698460B9D0268136822
:1024200043F4806313600268136843F4807313609D
:1024300000950A9B00224FF00111FFF7D8FE0028FB
:1024400074D1F6B2236806F0FE021A612B460A9A8E
:102450003F492046FFF7FFFE20B1236C042B6AD1D1
:10246000012364E00023039323685A6903929B6964
:102470000393039B2A460A992046FFF734FF48B18D
:10248000236C042B59D12268136843F40073136042
:1024900001234CE0B8F1010F12D12368FFB21F6194
:1024A0002A460A992046FFF71EFF00B3236C042B2F
:1024B00047D12268136843F400731360012336E0A8
:1024C00023683A0A1A612A460A992046FFF70BFF49
:1024D00048B1236C042B32D12268136843F4007393
:1024E0001360012323E02368FFB21F61D8E722684D
:1024F000136843F48073136000950A9B00224FF029
:1025000001112046FFF773FEE8B9236846F0010683
:102510001E612B460A9A0E492046FFF79CFE034691
:1025200028B1236C042B10D1012300E003231846AB
:1025300004B0BDE8F0810323F9E70323F7E70323A1
:10254000F5E70323F3E70323F1E70323EFE700BFF6
:102550000200010070B504460D46164623685B690B
:1025600013F0040F19D12046FFF72CFEB8B9B5F1CE
:10257000FF3FF3D025B103F0D5F9801BA842EDD978
:10258000236C43F02003236400232363202284F878
:102590003D2084F83C30032000E0002070BD012085
:1025A000FCE770B505460C4616462B685A6912F0D2
:1025B000400F22D15A6912F0100F11D124B103F04B
:1025C000B1F9801BA042F0D92B6C43F020032B649F
:1025D000202385F83D30002385F83C30032070BD72
:1025E0006FF010025A6100232B642B63202285F8C0
:1025F0003D2085F83C300120F1E70020EFE70000A6
:10260000002800F0EB8010B504460368744A93423A
:102610000CD002F58062934208D002F580629342AA
:1026200004D04FF4B7716F4805F098F86368013B28
:102630006D4A934267D8A36813B1B3F5804F68D150
:10264000E36823F47F7323F00303002B67D123692E
:10265000B3F5804F02D0B3F5404F66D16369012BCB
:1026600069D8A36933F0FE036BD1E3690BB1402B4A
:102670006DD1236A0BB1802B6FD194F83D30002BC4
:1026800071D0242384F83D302268136823F00103BD
:10269000136000F039FF554BA3FB00239B0C22680D
:1026A00053606168524A914263D8013322681362D1
:1026B00063684F4A934266D85B00B0FBF3F0C0F307
:1026C0000B03032B00D804202368D861E369216A37
:1026D00022680B4313602369E16822680B4393600F
:1026E0006369A16922680B43D3602268136843F0D1
:1026F0000103136000202064202384F83D30206310
:1027000084F83E0010BD40F26F11364805F026F8FF
:1027100091E74FF4B871334805F020F890E740F2A4
:102720007111304805F01AF891E74FF4B9712D484E
:1027300005F014F892E740F273112A4805F00EF8FC
:102740008FE74FF4BA71274805F008F88DE740F29B
:102750007511244805F002F88BE74FF4BB7121484E
:1027600004F0FCFF89E784F83C30204605F0FAFAD3
:1027700087E74FF4967202FB03F31E4AA2FB032382
:102780009B09013392E7A16889B903EB4302B0FBCF
:10279000F2F2C2F30B02B2FA82F25209E2B991B933
:1027A00003EB4303B0FBF3F040F400408CE703EB92
:1027B000830202EB8202B0FBF2F2C2F30B02B2FA26
:1027C00082F25209EAE703EB830303EB8303B0FBD6
:1027D000F3F040F4404077E7012075E701207047AF
:1027E000005400404CB700087F1A060083DE1B43EC
:1027F000A0860100D34D62102DE9F04182B004465D
:102800000F4690461E4603F08DF80546012E01D076
:10281000102E09D194F83D30DBB2202B0AD00223D0
:10282000184602B0BDE8F08140F66B11544804F040
:1028300095FFEFE700951923012252492046FFF743
:10284000D6FC002840F0938094F83C30012B00F037
:102850009080012384F83C3023681A6812F0010F3D
:1028600003D11A6842F001021A602268136823F447
:1028700000631360212384F83D30402384F83E3008
:1028800000232364089B6362BDF8243063853E4BBC
:10289000E362638D238501950A9B0093334642468C
:1028A00039462046FFF746FDB0B1236C042B04D116
:1028B000002384F83C300123B2E7002384F83C3045
:1028C0000323ADE7236C042B55D12268136843F42E
:1028D000007313600123A3E7238D002B28D02A4621
:1028E0000A992046FFF7FFFC0028EBD1636A5A1CC7
:1028F000626222681B781361238D013B9BB22385A2
:10290000628D013A92B262852268516911F0040F1A
:10291000E2D0002BE0D0636A591C61621B7813611E
:10292000238D013B2385638D013B9BB26385D3E7F8
:102930002A460A992046FFF70DFE034648B1236C4C
:10294000042B1AD12268136843F400731360012327
:1029500066E721680A6842F400720A60202284F85F
:102960003D20002284F83E2084F83C2058E70223D2
:1029700056E7022354E7032352E7032350E700BF3F
:102980004CB70008020010000000FFFF2DE9F041E5
:1029900086B004460F4690461E4602F0C3FF054629
:1029A000012E01D0102E09D194F83D30DBB2202B3E
:1029B0000AD00226304606B0BDE8F0814FF41F6110
:1029C0008E4804F0CBFEEFE70095192301228C49D5
:1029D0002046FFF70CFC002840F04D8194F83C3075
:1029E000012B00F04A81012384F83C3023681A68E7
:1029F00012F0010F03D11A6842F001021A60226836
:102A0000136823F400631360222384F83D304023CD
:102A100084F83E30002323640C9B6362BDF834309D
:102A20006385784BE362638D238501950E9B00934C
:102A30003346424639462046FFF7E8FC064660B179
:102A4000236C042B04D1002384F83C300126B1E729
:102A5000002384F83C300326ACE7238D5BB9029356
:102A600023685A6902929A690292029A1A6842F499
:102A700000721A6075E0012B0AD0022B1AD00023D5
:102A8000059323685A6905929B690593059B68E045
:102A90002268136823F48063136000230393236880
:102AA0005A6903929A690392039A1A6842F400726F
:102AB0001A6056E02268136823F48063136022686A
:102AC000136843F4006313600023049323685A6976
:102AD00004929B690493049B43E02A460E99204686
:102AE000FFF75FFD68B923681A69636A591C616260
:102AF0001A70238D013B2385638D013B9BB2638557
:102B00002FE0236C202B01D0012653E7032651E749
:102B100000950E9B00223C492046FFF768FB0028E9
:102B200040F0AD802268136843F40073136023689B
:102B30001A69636A591C61621A70238D013B2385EF
:102B4000638D013B9BB2638523681A69636A591CD4
:102B500061621A70238D013B2385638D013B9BB21B
:102B60006385238D002B7DD0032B4FD8012BB4D050
:102B7000022BCDD000950E9B002223492046FFF763
:102B800036FB00287DD12268136823F4806313602C
:102B900023681A69636A591C61621A70238D013BAC
:102BA0002385638D013B9BB2638500950E9B0022BC
:102BB00015492046FFF71BFB002864D122681368E3
:102BC00043F40073136023681A69636A591C6162D5
:102BD0001A70238D013B2385638D013B9BB2638576
:102BE00023681A69636A591C61621A70238D013B5C
:102BF0002385638D013B9BB26385B2E74CB7000828
:102C0000020010000000FFFF040001002A460E9998
:102C10002046FFF7C6FCF0B923681A69636A591C9D
:102C200061621A70238D013B2385638D013B9BB24A
:102C3000638523685A6912F0040F92D01A69636A97
:102C4000591C61621A70238D013B2385638D013B02
:102C50009BB2638585E7236C202B01D00126A9E672
:102C60000326A7E6202384F83D30002384F83E3075
:102C700084F83C309EE602269CE602269AE603266D
:102C800098E6032696E6032694E600BF00283AD08D
:102C900038B5044602681D4B9A4203D0AD211C484A
:102CA00004F05CFD6368062B1ED8A368B3F5805F53
:102CB0001FD223684CF6CC421A60236845F2555265
:102CC0001A60236862685A602368A2689A6002F0FA
:102CD00029FE05462368DA6882B102F023FE401B14
:102CE0003028F7D903200DE0AE21094804F036FD65
:102CF000DBE7AF21064804F031FDDAE74AF6AA2205
:102D00001A60002038BD0120704700BF003000402D
:102D100084B7000803684AF6AA221A6000207047A8
:102D200010B582B000230193194B1A6C42F0805207
:102D30001A641B6C03F080530193019B154B012215
:102D40001A6002F0EFFD0446134B5B6813F4803FFA
:102D500008D102F0E7FD001BB0F57A7FF4D903201B
:102D600002B010BD0D4B01221A6002F0DBFD0446DB
:102D7000094B5B6813F4003F07D102F0D3FD001B41
:102D8000B0F57A7FF4D90320EAE70020E8E700BF36
:102D90000038024040000E420070004044000E42E5
:102DA000002800F03C8270B582B0044603680F2B07
:102DB00039D8236813F0010F4DD063682BB1B3F5F8
:102DC000803F02D0B3F5A02F32D1A54B9B6803F012
:102DD0000C03042B36D0A24B9B6803F00C03082B8A
:102DE0002BD06368B3F5803F5FD0B3F5A02F62D0DE
:102DF0009B4B1A6822F480321A601A6822F48022EF
:102E00001A606368002B60D002F08CFD0546944B7D
:102E10001B6813F4003F1ED102F084FD401B6428A0
:102E2000F5D9032000E2F8218E4804F097FCC0E7B2
:102E3000FD218C4804F092FCC7E7894B5B6813F4D2
:102E4000800FCED0864B1B6813F4003F03D063681D
:102E5000002B00F0E681236813F0020F67D0E368CF
:102E6000012B41D823691F2B44D87D4B9B6813F05D
:102E70000C0F4AD07A4B9B6803F00C03082B3FD011
:102E8000E368002B77D0784B01221A6002F04AFDEC
:102E90000546734B1B6813F0020F63D102F042FD2D
:102EA000401B0228F5D90320BEE16D4A136843F4A4
:102EB00080331360A5E76A4B1A6842F480221A60D7
:102EC0001A6842F480321A609BE702F02BFD054637
:102ED000634B1B6813F4003FBDD002F023FD401B81
:102EE0006428F5D903209FE140F22F115D4804F0DA
:102EF00035FCB7E74FF498715A4804F02FFCB4E75B
:102F0000574B5B6813F4800FBAD1554B1B6813F015
:102F1000020F04D0E368012B01D0012084E1504A64
:102F2000136823F0F803216943EAC103136023689F
:102F300013F0080F49D06369012B2ED8636993B34E
:102F40004A4B01221A6002F0EDFC0546444B5B6FD0
:102F500013F0020F39D102F0E5FC401B0228F5D92D
:102F6000032061E13E4A136823F0F803216943EA34
:102F7000C1031360DBE73C4B00221A6002F0D2FC75
:102F80000546374B1B6813F0020FD0D002F0CAFC85
:102F9000401B0228F5D9032046E14FF4B8713148AF
:102FA00004F0DCFBCAE7314B00221A6002F0BAFCE5
:102FB00005462B4B5B6F13F0020F06D002F0B2FCFC
:102FC000401B0228F5D903202EE1236813F0040FDB
:102FD00000F08780A368012B01D9052B38D1204B45
:102FE0001B6C13F0805F39D1002301931C4B1A6CCA
:102FF00042F080521A641B6C03F080530193019BD2
:1030000001251B4B1B6813F4807F33D0A368012B71
:1030100044D0052B48D0124B1A6F22F001021A67D8
:103020001A6F22F004021A67A368002B46D002F040
:1030300079FC06460A4B1B6F13F0020F4FD102F0CA
:1030400071FC801B41F288339842F3D90320EBE0F6
:103050004FF4CE71034804F081FBC0E70025D0E7B0
:1030600000380240C0B7000800004742800E4742C7
:10307000007000406E4A136843F48073136002F0DE
:1030800051FC06466A4B1B6813F4807FBED102F0E8
:1030900049FC801B0228F5D90320C5E0654A136F5F
:1030A00043F001031367BFE7624B1A6F42F004025B
:1030B0001A671A6F42F001021A67B5E702F032FC94
:1030C00006465C4B1B6F13F0020F08D002F02AFC7F
:1030D000801B41F288339842F3D90320A4E0002DED
:1030E0003BD1A369022B3ED8A369002B00F09B8043
:1030F000504A926802F00C02082A00F09780022BD6
:1031000079D1E36913B1B3F5800F32D1236A3F2B34
:1031100035D8636A323BB3F5BF7F36D8A36A022B3A
:1031200005D0042B03D0062B01D0082B33D1E36A42
:10313000023B0D2B35D8404B00221A6002F0F2FB07
:1031400005463C4B1B6813F0007F30D002F0EAFBD1
:10315000401B0228F5D9032066E0364A136C23F0A1
:1031600080531364BDE740F2DF11344804F0F6FAEF
:10317000BAE74FF4F471314804F0F0FAC6E740F2D0
:10318000E9112E4804F0EAFAC3E74FF4F5712B4831
:1031900004F0E4FAC2E740F2EB11284804F0DEFA4A
:1031A000C5E74FF4F671254804F0D8FAC3E7E369A0
:1031B000226A1343626A43EA8213A26A5208013AFE
:1031C00043EA0243E26A43EA02631A4A53601A4B33
:1031D00001221A6002F0A6FB0446164B1B6813F08E
:1031E000007F06D102F09EFB001B0228F5D90320C8
:1031F0001AE0002018E0104B00221A6002F092FB47
:1032000004460C4B1B6813F0007F06D002F08AFBCB
:10321000001B0228F5D9032006E0002004E001206D
:103220007047012000E0002002B070BD0120FBE7E4
:10323000007000400038024060004742C0B70008FC
:10324000264B9B6803F00C03042B44D0082B01D0C1
:10325000234870472DE9F04B204B5A6802F03F029B
:103260005B6813F4800F13D01C4B5968C1F38811AD
:1032700000231C48A1FB0001FDF760FC174B5B68B5
:10328000C3F3014301335B00B0FBF3F0BDE8F08B07
:10329000124B5B68C3F388131E4600275C010025B0
:1032A000E41A65EB0705A90141EA9461A001001B3E
:1032B00061EB0501CB0043EA5073C400A01943EB56
:1032C00007018B0243EA90538402204619460023EB
:1032D000FDF734FCD2E70348704700BF00380240D6
:1032E0000024F40040787D01002800F0F98070B5DA
:1032F00004460D460368013B0E2B11D80F2D15D83F
:10330000794B1B6803F00F03AB4215D2EBB2764A40
:103310001370136803F00F03AB420DD0012070BD92
:103320004FF41471714804F019FAE7E740F25121A3
:103330006E4804F013FAE3E7236813F0020F29D074
:1033400013F0040F04D06A4A936843F4E053936087
:10335000236813F0080F04D0654A936843F4604370
:103360009360A3687BB1802B0DD0902B0BD0A02B4A
:1033700009D0B02B07D0C02B05D0D02B03D0E02B29
:1033800001D0F02B33D15A4A936823F0F003A1689F
:103390000B439360236813F0010F42D06368032B43
:1033A0002BD86368012B2ED09A1E012A32D9504A9D
:1033B000126812F0020F00F095804D498A6822F0E1
:1033C000030213438B6002F0ADFA0646484B9B683C
:1033D00003F00C036268B3EB820F22D002F0A2FA72
:1033E000801B41F288339842F0D9032097E74FF4CD
:1033F0001D713E4804F0B2F9C5E740F27B213B481D
:1034000004F0ACF9CDE73A4A126812F4003FD4D187
:10341000012084E7364A126812F0007FCDD10120E6
:103420007DE7314B1B6803F00F03AB4209D9EAB2C9
:103430002D4B1A701B6803F00F03AB4201D0012023
:103440006DE7236813F0040F14D0E3685BB1B3F5A4
:10345000805F08D0B3F5A05F05D0B3F5C05F02D0A0
:10346000B3F5E05F30D1224A936823F4E053E1687A
:103470000B439360236813F0080F15D023695BB1E9
:10348000B3F5805F08D0B3F5A05F05D0B3F5C05F9A
:1034900002D0B3F5E05F1DD1154A936823F4604371
:1034A000216943EAC1039360FFF7CAFE104B9B6892
:1034B000C3F303130F4AD35CD8400F4B18600F209F
:1034C000FDF754FD00202AE740F2B921074804F037
:1034D00045F9C8E74FF43071044804F03FF9DBE7E1
:1034E0000120704701201AE7003C0240C0B70008E5
:1034F000003802404CB6000810000020014B18684C
:10350000704700BF1000002008B5FFF7F7FF044B1D
:103510009B68C3F38223034AD35CD84008BD00BF35
:10352000003802405CB6000808B5FFF7E7FF044B1F
:103530009B68C3F34233034AD35CD84008BD00BF45
:10354000003802405CB6000830B583B0044603681A
:10355000013B7E2B1BD8236813F0030F79D06368DF
:10356000323BB3F5BF7F18D8854B00221A6002F0BA
:10357000D9F90546834B1B6813F0006F13D002F096
:10358000D1F9401B0228F5D9032003B030BD40F625
:103590008B017D4804F0E2F8DDE740F695017A48BA
:1035A00004F0DCF8E0E7236813F0010F0BD0A36808
:1035B000023B052B3BD86268A3681B0743EA8213D2
:1035C000704AC2F88430236813F0020F1DD0E368FC
:1035D000023B0D2B31D8E369013B1F2B33D8694ADD
:1035E000D2F884106068E3681B0643EA801301F098
:1035F000E0410B43C2F88430D2F88C3023F01F0333
:10360000E16901390B43C2F88C305D4B01221A602D
:1036100002F088F905465B4B1B6813F0006F18D168
:1036200002F080F9401B0228F5D90320ADE740F6EF
:10363000AB01554804F092F8BDE740F6B801524896
:1036400004F08CF8C7E740F6B9014F4804F086F85B
:10365000C5E7236813F00C0F00F09A802369323B12
:10366000B3F5BF7F11D8494B00221A6002F05AF916
:103670000546444B1B6813F0005F0CD002F052F972
:10368000401B0228F5D903207FE740F6DE013E48C3
:1036900004F064F8E7E7236813F0040F1ED06369B1
:1036A000023B0D2B54D8236A013B1F2B56D8354AB9
:1036B000D2F88810206963691B0643EA801301F081
:1036C000E0410B43C2F88830D2F88C3023F4F85331
:1036D000216A013943EA0123C2F88C30236813F0D0
:1036E000080F23D0A369023B052B3DD8636A43B181
:1036F000B3F5803F05D0B3F5003F02D0B3F5403FAE
:1037000038D1204AD2F88830216903F0706343EA47
:103710008113A16943EA0173C2F88830D2F88C3072
:1037200023F44033616A0B43C2F88C30174B0122FB
:103730001A6002F0F7F80546124B1B6813F0005FA1
:1037400026D102F0EFF8401B0228F5D903201CE730
:1037500040F6F3010C4804F001F8A4E740F6F40148
:10376000094803F0FBFFA2E740F60311064803F007
:10377000F5FFBBE740F60411034803F0EFFFC0E795
:103780006800474200380240F8B70008700047421E
:10379000236813F0200F00F0CD80A36AB3F5807F7B
:1037A0007ED0B3F5007F7BD0764A934278D002F585
:1037B0008032934274D002F58032934270D002F589
:1037C000803293426CD002F58032934268D002F589
:1037D0008032934264D002F58032934260D002F589
:1037E000803293425CD002F58032934258D002F589
:1037F0008032934254D002F58032934250D002F589
:10380000803293424CD002F58032934248D002F588
:103810008032934244D002F58032934240D002F588
:10382000803293423CD002F58032934238D002F588
:103830008032934234D002F58032934230D002F588
:10384000803293422CD002F58032934228D002F588
:103850008032934224D002F58032934220D002F588
:10386000803293421CD002F58032934218D002F588
:103870008032934214D002F58032934210D002F588
:10388000803293420CD002F58032934208D002F588
:103890008032934204D040F623113B4803F05EFF90
:1038A00000230193394B1A6C42F080521A641B6C4E
:1038B00003F080530193019B354A136843F48073EE
:1038C000136002F02FF80546314B1B6813F4807F1C
:1038D00006D102F027F8401B0228F5D9032054E650
:1038E0002A4B1B6F13F4407312D0A26A02F4407289
:1038F0009A420DD0254B1A6F22F4407225490120BF
:103900000860002008601A671B6F13F0010F1BD1BD
:10391000A36A03F44072B2F5407F26D01B4A936835
:1039200023F4F813936019490B6FA26AC2F30B02D8
:1039300013430B67236813F0100F21D094F82C2049
:10394000154B1A60002020E601F0ECFF05460F4BF6
:103950001B6F13F0020FDBD101F0E4FF401B41F2BB
:1039600088339842F3D903200FE608498A6822F485
:10397000F81223F0704323F4407313438B60D2E7B3
:10398000002002E600030200F8B7000800380240F9
:1039900000700040400E4742E011474238B50446EF
:1039A0000268D36823F0A003D36001F0BBFF054693
:1039B0002368DB6813F0200F07D101F0B3FF401B31
:1039C000B0F57A7FF4D9032000E0002038BD38B587
:1039D0000368DA6812F0400F01D0002038BD0446B9
:1039E0004FF0FF32DA6001F09DFF05462368DB6887
:1039F00013F0400F07D101F095FF401BB0F57A7F1F
:103A0000F4D90320EAE70020E8E7000038B50028F1
:103A100000F09D8004464368402B01D0002B5FD10D
:103A2000A3687F2B61D8E368B3F5004F62D22369A6
:103A300043B1B3F5001F05D0B3F5800F02D0B3F545
:103A4000C00F5CD1636913B1B3F5801F5CD1A3696A
:103A500013B1B3F5802F5CD1637F002B5ED00223BE
:103A600063772368CA225A62236853225A62204627
:103A7000FFF7ADFF0546002855D12268936823F46F
:103A8000E00323F04003936021688A68636820693B
:103A900003436069034313438B602368E2681A6140
:103AA00022681369A16843EA014313612268D3685D
:103AB00023F08003D36023689B6813F0200F3AD073
:103AC0002268136C23F4802313642268136CA169A9
:103AD0000B4313642368FF225A620123637728E0B3
:103AE000D2211C4803F03AFE9AE7D321194803F08B
:103AF00035FE98E7D421174803F030FE97E7D5212B
:103B0000144803F02BFE9DE7D621124803F026FE51
:103B10009DE7D7210F4803F021FE9DE7237720463C
:103B200004F04AF99BE72368FF225A620423637773
:103B30000125284638BD2046FFF730FF0028BFD0BA
:103B40002368FF225A62042363770125F1E70125E8
:103B5000EFE700BF34B80008030903EB83035A0002
:103B600000F00F001044C0B270470000F8B50446E2
:103B70000D461646012A28D823689B6A6B60236885
:103B80001B69C3F30E03AB6023681B6803F07F332C
:103B900023F0FE431A0C02F03F002870C3F30627FF
:103BA0006F7003F07F04AC7002F04002EA7056B907
:103BB000FFF7D2FF28703846FFF7CEFF6870204627
:103BC000FFF7CAFFA8700020F8BD4FF4117102483A
:103BD00003F0C4FDD0E700BF34B80008F8B50646CE
:103BE0000C461546012A1ED833685B6823F07F43D4
:103BF00023F0C003180CE070C3F30427677003F0D0
:103C00003F06A670C3F34233237055B9FFF7A4FFF4
:103C1000E0703846FFF7A0FF60703046FFF79CFF6A
:103C2000A0700020F8BD40F2DF21024803F096FDAD
:103C3000DAE700BF34B80008836B1A68D36B43F42B
:103C40008073D363704770B582B00446002301933C
:103C5000006801F041FD054610B1284602B070BD74
:103C6000206801F04CFD064610B30023A3642E46E5
:103C7000DEB9019B5A1C01924FF6FF72934244D069
:103C80000021206801F052FD002841D10021206868
:103C900001F064FD064600283DD10021206801F0B6
:103CA000F9FAC00FE4D00646E2E700236364D4E7E4
:103CB0000123A3640546EDB9019B5A1C01924FF6FE
:103CC000FF7293422AD00021206801F02FFD0546A3
:103CD0000028C2D14FF08041206801F03FFD054629
:103CE0000028BAD10021206801F0D4FAC30FE2D035
:103CF0001D46E0E710F0804F03D100236364354692
:103D0000ABE7012363643546A7E74FF08075A4E76E
:103D10004FF08055A1E74FF080559EE74FF080753A
:103D20009BE770B50546866A002405E0286801F027
:103D300059FA46F824000134072CF7D9AB6A20332E
:103D4000AB62002070BD70B50546066A002405E030
:103D500006EB8401286801F048FA0134072CF7D9F2
:103D60002B6A20332B62002070BD2DE9F04188B012
:103D700004460F4601F0D6FD06460023009301934A
:103D80000821206801F0FEFB054618B1284608B05E
:103D9000BDE8F081216D0904206801F0C7FC0546EB
:103DA0000028F3D14FF0FF3302930823039330230D
:103DB000049302230593002306930123079302A98A
:103DC000206801F07DFB206801F0F9FC0546002821
:103DD000DCD1804605E001F0A5FD801BB0F1FF3F7E
:103DE00043D02068426B40F22A431A420AD1436B07
:103DF00013F4001FEFD001F0F5F94DF8280008F199
:103E00000108E8E7436B13F0080F25D1436B13F06B
:103E1000020F24D1436B13F0200F23D140F2FF5344
:103E20008363009A130203F47F0343EA0263110AD7
:103E300001F47F410B4343EA12637B60019A130252
:103E400003F47F0343EA0263110A01F47F410B4349
:103E500043EA12633B6099E70825856396E70225EC
:103E6000856393E72025856390E74FF000458DE754
:103E700010B582B00446002100910191006801F064
:103E800009FA10F0007F16D169462046FFF76DFF52
:103E9000034690B9019B13F4802F11D0216D0904C2
:103EA000206801F043FC034638B90221206801F084
:103EB0006EFC034601E04FF40063184602B010BDEB
:103EC0004FF08063F9E710B582B0044600210091FD
:103ED0000191006801F0DEF910F0007F16D169460B
:103EE0002046FFF742FF034690B9019B13F4803F41
:103EF00011D0216D0904206801F018FC034638B97F
:103F00000021206801F043FC034601E04FF4006308
:103F1000184602B010BD4FF08063F9E770B581B16B
:103F20000D460446016D0904006801F0A2FC064636
:103F300008B1304670BD0021206801F0ABF928605F
:103F4000F7E74FF00066F4E7F0B587B0044699B1A3
:103F500015461E460A4690F83430DBB2012B6FD16D
:103F600000238363AB19C16D8B420BD9836B43F084
:103F700000738363012064E0836B43F00063836319
:103F800001205EE0032380F8343003680021D96209
:103F90000068C36B43F49573C363E36B2B48D8632A
:103FA000E36B2B48D864E36B196521687702BB0883
:103FB0008031E06BFDF7E2FD264B01221A60636C55
:103FC000934200D06D024FF0FF330093019790238E
:103FD000029302230393002304930123059369466C
:103FE000206801F06DFA4FF40071206801F0CAFA00
:103FF000034698B9012E1CD98223236329462068E1
:1040000001F0F0FAF8B1236840F2FF529A63A36B13
:104010001843A063012084F8340012E0226840F2C3
:10402000FF519163A06B1843A063012084F8340012
:1040300007E0812323632946206801F0BBFAE1E70A
:10404000022007B0F0BD0020FBE700BF734100086D
:10405000EF4600088C8525422DE9F04186B00446E4
:1040600000293FD015461E460F4690F83430DBB28B
:10407000012B73D1002383639319C26D934237D808
:10408000032380F8343003680022DA620168CB6BC6
:1040900043F01A03CB63036C3249D963036C324992
:1040A000D964036C1A65436C012B00D06D024FF488
:1040B0000071206801F066FA0346F8B9012E28D98C
:1040C000A02323632946206801F0BCFA40B323688B
:1040D00040F2FF529A63A36B1843A063012084F857
:1040E00034003CE0836B43F000638363012036E0DF
:1040F000836B43F000738363012030E0226840F259
:10410000FF519163A06B1843A063012084F8340031
:1041100025E0902323632946206801F07BFAD5E748
:104120004FF00108114BC3F8008022687602B308F3
:1041300080323946206CFDF721FD4FF0FF330093AC
:10414000019690230293002503950495CDF81480E1
:104150006946206801F0B4F9284600E0022006B064
:10416000BDE8F081393C0008EF4600088C85254207
:10417000704710B5846B236B822B0FD02268D36AF3
:1041800023F00803D362236840F2FF529A630123AD
:1041900084F83430204603F0CBFC10BD206801F0D9
:1041A00069FA03460028E9D0A06B1843A0632046B3
:1041B000FFF7DEFFE2E7704730B4436E9A0F0A70F4
:1041C000C3F383624A70C3F301638B7090F8663067
:1041D000CB7090F865300B7190F864304B7190F8AB
:1041E0006B301B01CB80B0F86A30CC88C3F303126C
:1041F0002243CA8003F00F030B7290F86930DA098A
:104200004A72C3F380128A72C3F34012CA72C3F3B4
:1042100000120A7300224A73426C002A40F0928016
:104220009B0203F440630B61836E0A699B0003F4F5
:104230007F7313430B61C36E0A6942EA93720A618A
:10424000C3F3C2620A75C3F302634B75C26EC2F355
:104250000743C2F342548C75C2F38242CA755B00B5
:1042600003F006030B76C26EC2F307230C7EC2F383
:10427000C03222430A760A69013242650C7E02345A
:1042800002FA04F444650A7AD5B20122AA40826592
:10429000520A02FB04F2C2654FF400720266C3F3D5
:1042A00080124A765B0003F07E038B76C36E8A7EB3
:1042B000C3F3C01422438A7603F07F03CB76036FE7
:1042C0001A0EDC0F0C77C3F341744C77C3F382638F
:1042D0008B77930003F00C03CB77036FCA7FC3F394
:1042E00081542243CA77C3F3405281F82020002230
:1042F00081F82120C3F3004381F82230036FC3F318
:10430000C03481F82340C3F3803481F82440C3F3E0
:10431000403481F82540C3F3003481F82640C3F3CC
:10432000812481F82740C3F3012381F82830036FEB
:10433000C3F3460381F82930012381F82A3010465F
:1043400030BC7047012A0CD0036840F2FF529A63D8
:10435000836B43F080538363012280F8342010463E
:10436000EEE7836E1B0403F47C130B6190F86F205F
:104370000B6943EA02230B610A6990F86E3013431C
:104380000B6190F86D300A69013292024265C26594
:104390004FF400728265026681E770B590B0044602
:1043A0000123ADF81230006800F028FF00286AD021
:1043B000636C032B43D1636C032B5BD1636C032BC6
:1043C0001DD0BDF8121021650904206801F024FAFF
:1043D0000546002859D10021206800F05BFF606687
:1043E0000421206800F056FFA0660821206800F034
:1043F00051FFE0660C21206800F04CFF206704218B
:10440000206800F047FF000DE06405A92046FFF793
:10441000D3FE226D12040023206801F045F9054601
:1044200098BB234653F8106B93E807008DE807000C
:10443000043494E80E00304600F068FE25E0206861
:1044400001F0D5F9054600BB0021206800F022FFED
:1044500060670421206800F01DFFA0670821206824
:1044600000F018FFE0670C21206800F013FFC4F88B
:104470008000A0E70DF11201206801F0E2F9054685
:1044800000289BD001E04FF08065284610B070BD39
:1044900070B58AB0054600240494059406940794E8
:1044A0000894762309930AAB13E907008DE8070007
:1044B00004AB0ECB286800F029FE124E3460286849
:1044C00000F098FE01233360022001F031FA284603
:1044D000FFF7B9FB40B10246012085F83400AB6B11
:1044E0001343AB630AB070BD2846FFF756FF024680
:1044F00030B1012085F83400AB6B1343AB63F1E7B7
:104500000020EFE7A0802542002862D010B50446C5
:104510000268314B9A4204D04FF49E712F4803F049
:104520001DF9636813B1B3F5005F29D1A36813B116
:10453000B3F5806F2AD1E36813B1B3F5007F2BD1B7
:1045400023692BB1B3F5006F02D0B3F5805F29D199
:10455000636913B1B3F5804F2AD1A369FF2B2DD81E
:1045600094F8343083B3032384F834302046FFF7C3
:104570008FFF0020A0632063012384F8343010BD36
:1045800040F23D11154803F0E9F8CFE74FF49F7171
:10459000124803F0E3F8CEE740F23F110F4803F072
:1045A000DDF8CDE74FF4A0710C4803F0D7F8CFE762
:1045B00040F24111094803F0D1F8CEE74FF4A17160
:1045C000064803F0CBF8CBE72377204603F002FC44
:1045D000C9E70120704700BF002C01406CB80008FB
:1045E000436C0B60836C4B60C36C8B60036DCB6062
:1045F000436D0B61836D4B61C36D8B61036ECB614A
:104600000020704730B58BB004460D4629B1B1F596
:10461000006F02D0B1F5805F11D1032384F83430EC
:10462000636C032B24D0B5F5805F0ED0B5F5006F19
:1046300010D0B5B1A36B43F00063A3631CE040F658
:104640001F01204803F08AF8E7E7A36B43F080538B
:10465000A36311E02046FFF70BFCA36B1843A06394
:104660000AE02046FFF72FFCA36B1843A06303E08A
:10467000A36B43F08053A363A36B43B1236840F261
:10468000FF529A63012084F834000BB030BD636898
:104690000493A3680593E3680693079563690893F9
:1046A000A36909930AAB13E907008DE8070004AB7F
:1046B0000ECB206800F02AFD012384F8343000205E
:1046C000E3E700BF6CB8000810B582B0044602A949
:1046D000002341F8043DFFF721FC18B10346A06B0D
:1046E0001843A0630198C0F3432002B010BD10B579
:1046F000846BE36B5B6D012B03D0236C5B6D012B33
:1047000016D1236840F2FF529A632268D36B23F4D8
:104710009D73D363A36B43F08043A3632046FFF7ED
:10472000D3FF0538C0B2012806D9012384F83430FC
:104730002046FFF71DFD10BD206800F09BFFA36B16
:104740001843A063F1E710B5846B236C0BB1002311
:104750002364E36B03B110BD2046FFF7B5FF0023D0
:10476000A363012384F834300538C0B29842F2D8EC
:10477000206800F07FFFA36B1843A063A36B1BB9F5
:104780002046FFF7F5FCE6E72046FFF714FDE2E7D9
:1047900010B5846BE36B0BB10023E363236C03B1AF
:1047A00010BD2046FFF790FF0023A363012384F888
:1047B00034300538C0B29842F2D8206800F05AFF71
:1047C000A36B1843A063A36B1BB92046FFF7D0FC73
:1047D000E6E72046FFF7EFFCE2E7000010B50446ED
:1047E00003685A6B12F4807F61D04FF480729A6331
:1047F0000268D36B23F44E7323F00203D363036B7D
:1048000013F0080F2AD0036B13F0020F03D1036BD0
:1048100013F0200F04D0206800F02CFF034690B95D
:10482000236840F2FF529A63012384F83430236BEB
:1048300013F0010F03D1236B13F0020F0AD02046AF
:1048400003F076F910BDA26B1343A3632046FFF774
:104850008FFCE5E7204603F065F9F3E7036B13F0FF
:10486000800FEFD0036B13F0200F13D1236B13F0E5
:10487000010FE7D1236B13F0020FE3D12268D36A53
:1048800023F00803D362012384F83430204603F078
:1048900049F9D7E7006800F0EDFE03460028E5D0AF
:1048A000A26B1343A3632046FFF762FCDEE75A6B5B
:1048B00012F4804F4CD15A6B12F4004F4ED1596B09
:1048C00040F23A221142BDD05A6B12F0020F03D0CF
:1048D000826B42F0020282635A6B12F0080F03D01F
:1048E000A26B42F00802A2635A6B12F0200F03D0B1
:1048F000A26B42F02002A2635A6B12F0100F03D099
:10490000A26B42F01002A2635A6B12F4007F03D034
:10491000A26B42F00802A26340F2FF729A6322681F
:10492000D36B23F44E7323F00203D363236B13F092
:10493000800F30D0236CBBB11D4A1A65206CFDF787
:104940006DF900283FF47EAF206CFFF7FCFE79E79D
:104950004FF480429A63FFF7F6F973E74FF4004291
:104960009A63FFF7DEF96DE7E36B5BB1114A1A65F5
:10497000E06BFDF753F900283FF464AFE06BFFF7FD
:1049800007FF5FE70023A363012384F83430204648
:10499000FFF711FC56E7236B13F0080F3FF452AFFB
:1049A000012384F834302046FFF7E2FB4AE700BFDA
:1049B00047470008914700082DE9F843044642683C
:1049C000B44B9A4200F29C80E3681BB1B3F5005FE0
:1049D00040F09C80236933B1B3F5806F03D0B3F509
:1049E000C06F40F0998063694FF6F372134200D1B3
:1049F00023B940F68811A84802F0B0FE21680A6980
:104A000022F44052E36813430B612168CA6822F420
:104A1000164222F00C02A368206903436069034335
:104A2000E06903431343CB6021684A6922F4407272
:104A3000A36913434B61E369B3F5004F72D0236858
:104A4000964A934200F02E8102F58062934200F074
:104A50002981FEF759FD00EB800000EB80006568BE
:104A6000AD00B0FBF5F58E4FA7FB05356D092E01A6
:104A7000FEF74AFD00EB800000EB80006568AD00AA
:104A8000B0FBF5F9FEF740FD00EB800000EB800085
:104A90006568AD00B0FBF5F5A7FB05356D094FF076
:104AA000640808FB15952D013235A7FB05356D0906
:104AB00005F0F0053544FEF727FD00EB800000EB24
:104AC00080006668B600B0FBF6F6FEF71DFD00EB51
:104AD000800000EB800063689B00B0FBF3F0A7FB55
:104AE0000030400908FB10684FEA081808F1320846
:104AF000A7FB0837C7F3431723682F449F6027E1BC
:104B000040F68511644802F029FE5DE740F6861103
:104B1000614802F023FE5DE740F687115E4802F02F
:104B20001DFE60E723685D4A93425BD002F5806218
:104B3000934257D0FEF7E8FC00EB800000EB8000CA
:104B400065686D00B0FBF5F5554FA7FB05356D09A0
:104B50002E01FEF7D9FC00EB800000EB80006568B9
:104B60006D00B0FBF5F9FEF7CFFC00EB800000EB29
:104B7000800065686D00B0FBF5F5A7FB05356D0994
:104B80004FF0640808FB1595ED003235A7FB05359D
:104B90006D096D0005F4F8753544FEF7B5FC00EBC2
:104BA000800000EB800066687600B0FBF6F6FEF74A
:104BB000ABFC00EB800000EB800063685B00B0FBA7
:104BC000F3F3A7FB03235B0908FB13684FEAC8084C
:104BD00008F13208A7FB0837C7F3421723682F44B0
:104BE0009F60B5E0FEF7A0FC00EB800000EB8000CA
:104BF00065686D00B0FBF5F5294FA7FB05356D091C
:104C00002E01FEF791FC00EB800000EB8000656850
:104C10006D00B0FBF5F9FEF787FC00EB800000EBC0
:104C2000800065686D00B0FBF5F5A7FB05356D09E3
:104C30004FF0640808FB1595ED003235A7FB0535EC
:104C40006D096D0005F4F8753544FEF76DFC00EB59
:104C5000800000EB800066687600B0FBF6F6FEF799
:104C600063FC00EB800000EB800063685B00B0FB3E
:104C7000F3F3A7FB03235B0908FB13684FEAC8089B
:104C800008F13208A7FB0837C7F3421723682F44FF
:104C90009F605DE0A037A000A4B8000800100140AC
:104CA0001F85EB51FEF740FC00EB800000EB80001D
:104CB0006568AD00B0FBF5F5264FA7FB05356D091E
:104CC0002E01FEF731FC00EB800000EB80006568F0
:104CD000AD00B0FBF5F9FEF727FC00EB800000EB20
:104CE00080006568AD00B0FBF5F5A7FB05356D09E3
:104CF0004FF0640808FB15952D013235A7FB0535EB
:104D00006D0905F0F0053544FEF70EFC00EB800060
:104D100000EB80006668B600B0FBF6F6FEF704FC18
:104D200000EB800000EB800063689B00B0FBF3F0B9
:104D3000A7FB0030400908FB10684FEA081808F18B
:104D40003208A7FB0837C7F3431723682F449F6037
:104D5000BDE8F8831F85EB512DE9F04105460F466C
:104D600016469846069C2B681B6837EA03030CBF5F
:104D700001230023B3421DD1B4F1FF3FF3D02CB186
:104D800000F0D0FDA0EB0800A042ECD92A68D3685F
:104D900023F4D073D3602A68536923F0010353616D
:104DA000202385F8393085F83A30002385F83830EB
:104DB000032000E00020BDE8F0810000002800F0A2
:104DC000938010B504468369002B55D00368474A89
:104DD000934210D0A2F54C4293420CD002F580626F
:104DE000934208D002F54C42934204D04FF48071B4
:104DF0003F4802F0B3FCA36943B1B3F5807F05D00F
:104E0000B3F5007F02D0B3F5407F2FD1A36813B173
:104E1000B3F5805F56D1E36913B1B3F5004F57D1B5
:104E200094F83930002B59D0242384F83930226883
:104E3000D36823F40053D3602046FFF7BDFD2268FA
:104E4000136923F4904313612268536923F02A0302
:104E500053612268D36843F40053D3600020E063B9
:104E6000202384F8393084F83A3010BD40F2011123
:104E70001F4802F073FCC9E703681C4A9342C5D07F
:104E8000A2F54C429342C1D002F580629342BDD05C
:104E900002F580629342B9D002F580629342B5D0A8
:104EA00002F544429342B1D0A2F51C429342ADD0E8
:104EB00002F580629342A9D040F205110C4802F03D
:104EC0004DFCA3E740F20711094802F047FCA2E7B6
:104ED0004FF48471064802F041FCA1E784F83830B1
:104EE000204603F02FF89FE7012070470010014093
:104EF000A4B800082DE9F04182B01E4690F8393080
:104F0000DBB2202B55D104460D469046002955D0E2
:104F1000002A55D090F83830012B53D0012380F867
:104F200038300023C363212380F8393000F0FAFCC5
:104F30000746A4F82480A4F8268010E000963B469B
:104F4000002280212046FFF707FF00283CD12B8854
:104F50002268C3F3080353602369C3B90235E38CA5
:104F60009BB2B3B1E38C013B9BB2E384A368B3F57E
:104F7000805FE3D000963B46002280212046FFF769
:104F8000EBFE18BB2A7823685A600135E7E7013544
:104F9000E5E700963B46002240212046FFF7DCFE75
:104FA0000346A8B9202284F83920002284F838204A
:104FB00000E00223184602B0BDE8F0810123F9E7C2
:104FC0000123F7E70223F5E70323F3E70323F1E7E0
:104FD0000323EFE70C4B1B680C4AA2FB03235A0A7E
:104FE00041F2883303FB02F35A1E4BB1416B134667
:104FF00011F0800FF8D040F2FF5383630020704718
:105000004FF00040704700BF10000020D34D6210E9
:10501000144B1B68144AA2FB03235A0A41F288333B
:1050200003FB02F35A1ECBB1416B134611F0450F3F
:10503000F8D0436B13F0040F08D1436B13F0010F4A
:1050400008D140F2FF538363002070470423836339
:105050001846704701238363184670474FF000409D
:10506000704700BF10000020D34D6210104B1B682A
:10507000104AA2FB03235A0A41F2883303FB02F3CE
:105080005A1E8BB1416B134611F0450FF8D0436B9C
:1050900013F0040F04D140F2FF53836300207047E4
:1050A00004238363184670474FF00040704700BFE9
:1050B00010000020D34D6210124B1B68124AA2FB55
:1050C00003235A0A41F2883303FB02F35A1EA3B1A9
:1050D000416B134611F0450FF8D0436B13F0040FEA
:1050E00007D1436B13F0400F0AD0402383630020A5
:1050F000704740238363042070474FF0004070479F
:105100000020704710000020D34D621084B02DE9BC
:10511000F047064609A880E80E00304B9E4203D0B7
:10512000ED212F4802F01AFBDDF82490B9F1000FB1
:1051300002D0B9F5005F33D1DDF828A0BAF1000F35
:1051400002D0BAF5806F30D1DDF82C80B8F1000FB5
:1051500002D0B8F5007F2DD10C9D2DB1B5F5006FB3
:1051600002D0B5F5805F2AD10D9F17B1B7F5804FFA
:105170002AD10E9CFF2C2CD849EA0A0948EA0908D2
:1051800045EA08053D432C43736823F4FD4323F0AF
:105190007F031C4374600020BDE8F04704B07047F3
:1051A000EE210F4802F0DAFAC6E7EF210C4802F0D0
:1051B000D5FAC9E7F0210A4802F0D0FACCE7F1218C
:1051C000074802F0CBFACFE7F221054802F0C6FA11
:1051D000CFE7F321024802F0C1FACDE7002C0140ED
:1051E000E0B80008D0F8800070470B68C0F8803045
:1051F000002070470323036000207047006800F020
:105200000300704738B505460C464B683F2B29D83C
:10521000A3681BB1402B01D0C02B29D1E3682BB16F
:10522000B3F5807F02D0B3F5007F27D123693BB16E
:10523000B3F5806F04D04FF4BE71134802F08EFABC
:105240002368AB606368A2681343E2681343226972
:105250001343EA6822F47F6222F00F021343EB60EB
:10526000002038BD40F27911074802F077FACFE705
:105270004FF4BD71044802F071FACFE740F27B11A0
:10528000014802F06BFAD1E7E0B800080069C0B24B
:105290007047000030B583B00446002301930D46EB
:1052A00051B1042908D0082906D00C2904D04FF4A4
:1052B000D471054802F052FA14342C440194019B35
:1052C000186803B030BD00BFE0B8000838B5514BD6
:1052D0001B68514CA4FB03435B0A02FB03F2531E01
:1052E000002A5ED0446B1A4614F0450FF7D0436B8A
:1052F00013F0040F07D1436B13F0010F07D0012304
:10530000836318464FE00423836318464BE00D4641
:105310000446FFF7BBFFA84201D0012043E040F262
:10532000FF53A36300212046FFF7B4FF3B4B03402C
:10533000D3B300283ADB10F0804F3AD110F0005F71
:1053400039D110F0805F38D110F0006F38D110F0F3
:10535000806F38D110F0807F38D110F4000F38D131
:1053600010F4800F38D110F4001F38D110F4801FD2
:1053700038D110F4802F38D110F4003F38D110F418
:10538000803F38D110F4004F38D110F4804F38D11D
:1053900010F4005F38D110F0080F38D04FF400003F
:1053A00001E04FF0004038BD0020FCE74FF00070F6
:1053B000F9E74020F7E78020F5E74FF48070F2E747
:1053C0004FF40070EFE74FF48060ECE74FF40060BB
:1053D000E9E74FF48050E6E74FF40050E3E74FF47D
:1053E0008040E0E74FF40040DDE74FF40030DAE7BB
:1053F0004FF48020D7E74FF40020D4E74FF480101B
:10540000D1E74FF40010CEE74FF48000CBE74FF424
:105410008030C8E710000020D34D621008E0FFFD87
:1054200070B5254B1B68254CA4FB03435C0A41F275
:10543000883303FB04F35C1EA3B3456B234615F0CE
:10544000450FF8D0436B13F0040F07D1436B13F0F3
:10545000010F07D001238363184625E004238363EB
:10546000184621E016460D460446FFF70FFFA842F6
:1054700001D0012018E040F2FF53A3630021204631
:10548000FFF708FF10F4604F08D010F4804F0CD1E4
:1054900010F4004F0CD04FF4805005E0000C308029
:1054A000002001E04FF0004070BD4FF40050FBE7DA
:1054B0004FF48030F8E700BF10000020D34D621099
:1054C00038B505460C464B68B3F1007F3FD2A36860
:1054D000DBB1102B19D0202B17D0302B15D0402B3F
:1054E00013D0502B11D0602B0FD0702B0DD0802BF0
:1054F0000BD0902B09D0A02B07D0B02B05D0C02B00
:1055000003D0D02B01D0E02B27D1E3680BB1022BC5
:1055100029D123690BB1042B2BD16369012B04D949
:1055200040F2C111164802F019F923686B626368F2
:10553000AB62A368E26813432269134362691343B1
:10554000EA6A22F0F7021343EB62002038BD40F212
:10555000BD110B4802F002F9B9E74FF4DF710848BA
:1055600002F0FCF8D1E740F2BF11054802F0F6F86E
:10557000CFE74FF4E071024802F0F0F8CDE700BF4A
:10558000E0B8000830B587B00546019110240294B8
:1055900040230393002304934FF48063059301A9F0
:1055A000FFF730FE41F2883221462846FFF78EFE93
:1055B00007B030BD30B587B0054601911124029483
:1055C00040230393002304934FF48063059301A9C0
:1055D000FFF718FE41F2883221462846FFF776FE93
:1055E00007B030BD30B587B0054601911224029452
:1055F00040230393002304934FF48063059301A990
:10560000FFF700FE41F2883221462846FFF75EFE92
:1056100007B030BD30B587B005460191182402941B
:1056200040230393002304934FF48063059301A95F
:10563000FFF7E8FD41F2883221462846FFF746FE93
:1056400007B030BD30B587B00546019119240294EA
:1056500040230393002304934FF48063059301A92F
:10566000FFF7D0FD41F2883221462846FFF72EFE93
:1056700007B030BD30B587B00546002301930C2438
:1056800002944022039204934FF48063059301A98E
:10569000FFF7B8FD034A21462846FFF717FE07B07B
:1056A00030BD00BF00E1F50530B587B00546019279
:1056B0000724029440230393002304934FF4806350
:1056C000059301A9FFF79EFD41F288322146284645
:1056D000FFF7FCFD07B030BD10B586B004460023CF
:1056E00001930293039304934FF48063059301A9FC
:1056F000FFF788FD2046FFF76DFC06B010BD10B522
:1057000086B004464FF4D5730193082302934023D7
:105710000393002304934FF48063059301A9FFF7DB
:1057200071FD2046FFF7C8FC06B010BD30B587B04C
:1057300005460191372402944023039300230493E8
:105740004FF48063059301A9FFF75CFD41F28832B5
:1057500021462846FFF7BAFD07B030BD10B586B028
:10576000044641F0004141F4801101912923029344
:1057700040230393002304934FF48063059301A90E
:10578000FFF740FD2046FFF771FC06B010BD30B5B5
:1057900087B0054601910624029440230393002319
:1057A00004934FF48063059301A9FFF72BFD41F2A9
:1057B000883221462846FFF789FD07B030BD30B555
:1057C00087B00546002301933324029440220392BC
:1057D00004934FF48063059301A9FFF713FD41F291
:1057E000883221462846FFF771FD07B030BD10B55D
:1057F00086B004460023019302220292C022039243
:1058000004934FF48063059301A9FFF7FBFC204646
:10581000FFF7FEFB06B010BD10B586B0044601913F
:1058200009230293C0230393002304934FF480635E
:10583000059301A9FFF7E6FC2046FFF7E9FB06B058
:1058400010BD70B586B005460E46002301930324B3
:1058500002944022039204934FF48063059301A9BC
:10586000FFF7D0FC324621462846FFF7D9FD06B0A7
:1058700070BD30B587B0054601910D2402944023D8
:105880000393002304934FF48063059301A9FFF76A
:10589000B9FC41F2883221462846FFF717FD07B0D0
:1058A00030BD704738B51E4B9A6901329A61DB6989
:1058B0001BB11B4AD369013BD361002401E00134D1
:1058C000E4B2174B1B78A34227D92546144B03EBB0
:1058D00084035B68002BF2D01A7812F0020FEED02E
:1058E0009A680AB1013A9A600D4B03EB8503586838
:1058F0008368002BE3D1C36801699847084B03EB29
:1059000085056B685A689A601A7812F0010FD6D133
:105910001A786FF341021A70D1E7FFF7C2FF38BD62
:1059200000020020014B9869704700BF0002002070
:1059300038B50446EFF305833BB174B1074B1B68E0
:1059400013F4803FF9D0013CF7E7FFF7EBFF054682
:10595000FFF7E8FF401BA042FAD338BD10E000E09B
:10596000104B5B7ADBB930B40E4B5D7AEDB200249C
:105970005C555D7A03EB85056860587A18440272BD
:105980005A7AD2B2501CC0B2587230320A703A23DE
:105990004B702F238B70CC70204630BC7047012099
:1059A000704700BF2002002008B50022FFF7D8FF93
:1059B00008BD842801D0033070470020704708B527
:1059C00000F044FA002008BDF0B585B00F464468E9
:1059D00005680669B0F90800FFF7EBFF03AB019318
:1059E00000903B46B2B22946204600F0FDF901285E
:1059F00002D1039805B0F0BD0020FBE708B50346CF
:105A000000B90123184600F069FB002008BD08B565
:105A100000224168006800F0A1F808BD08B500F058
:105A20004BFC012801D000F025FD08BD00F1080362
:105A300043604FF0FF328260C36003610023036064
:105A4000704700230361704743684B609A688A601F
:105A50009A68516099600861036801330360704778
:105A600030B40D68B5F1FF3F02D000F1080202E04A
:105A7000026904E01A4653681C68AC42FAD95368BC
:105A80004B6099608A60516008610368013303606C
:105A900030BC7047036942688168916082684168E0
:105AA00051605A68824205D00022026118680138AC
:105AB0001860704782685A60F6E7000038B540B950
:105AC0004FF0500383F31188BFF36F8FBFF34F8FF5
:105AD000FEE704460D4600F05DFC2168E26B236C96
:105AE00003FB021060600020A063A160013A02FB8A
:105AF0000313E360FF2384F8443084F84530A5B9EC
:105B000023691BB900F068FC012038BD04F11000C6
:105B100000F090FB0028F5D0084B4FF080521A603F
:105B2000BFF34F8FBFF36F8FECE704F11000FFF767
:105B30007DFF04F12400FFF779FFE3E704ED00E0C7
:105B400010B5029B0C4639B11A60D8631C64012160
:105B50001846FFF7B3FF10BD1B60F6E740B94FF0E2
:105B6000500383F31188BFF36F8FBFF34F8FFEE7AE
:105B7000F0B583B0054611B101FB00F000E0002054
:105B800017460C46483000F065FD064638B10090D7
:105B90003B4600F1480221462846FFF7D1FF304638
:105BA00003B0F0BD074B9B6A1B6833B1054B9A6A83
:105BB000D268D2685268DA627047024B4FF0FF3207
:105BC000DA6270472C02002010B50446006B00F02A
:105BD000BBFD204600F0B8FD10BD2DE9F047804622
:105BE0009946089D099F0A9C266B02F18042013A62
:105BF00006EB820626F0070600230F2B07D8C85CA9
:105C0000E21882F83400CA5C0AB10133F5E70023D8
:105C100084F84330062D00D90625E56265644FF00F
:105C2000000AC4F848A0201DFFF70BFF04F118007C
:105C3000FFF707FF2461C5F10705A5616462C4F899
:105C40004CA084F850A04A464146304600F078FB0C
:105C5000206007B13C60BDE8F087000070B500240B
:105C600007E004EB8402930010481844FFF7DEFEBF
:105C70000134062CF5D90E4C04F1BC063046FFF772
:105C8000D5FE04F1D0052846FFF7D0FE04F114003C
:105C9000FFF7CCFE04F1E400FFF7C8FE2046FFF753
:105CA000C5FEA662C4F8F85070BD00BF5C020020BB
:105CB0002C02002038B5054600F06CFB264BD3F8CB
:105CC000FC200132C3F8FC20D3F8003173B1224B21
:105CD000D3F804318BB9204BD3F80031DA6AEB6A80
:105CE0009A420AD81C4BC3F8005106E01A4BC3F87D
:105CF0000051D3F8FC30012B2AD0174CD4F80831CE
:105D00000133C4F80831EB6A01229A40D4F80C112F
:105D10000A43C4F80C2104F1300003EB83039A001A
:105D2000291D1044FFF790FE00F056FBD4F8043113
:105D30006BB1D4F80031DA6AEB6A9A4207D2074BAA
:105D40004FF080521A60BFF34F8FBFF36F8F38BD93
:105D5000FFF784FFD1E700BF2C02002004ED00E034
:105D600070B504460E461F4BD3F81051D3F800010E
:105D70000430FFF78FFE60B91A4BD3F80021D16AC7
:105D8000012202FA01F1D3F80C2122EA0102C3F840
:105D90000C21B4F1FF3F12D02C44124BD3F8003148
:105DA0005C60A54214D80F4DA86AD5F800110431E3
:105DB000FFF756FEEB6AA34212D9EC6210E0002E08
:105DC000EAD00848D0F800110431FFF73DFE07E0A3
:105DD000044BD3F8F800D3F800110431FFF740FE6C
:105DE00070BD00BF2C0200202DE9F04385B00746AE
:105DF000884615469946900000F02CFCF8B10646FE
:105E0000542000F027FC0446A8B10663D4B1002357
:105E1000039302940D9B01930C9B00934B462A46DF
:105E200041463846FFF7D9FE2046FFF743FF0120E1
:105E300005B0BDE8F083304600F086FCE6E74FF0A1
:105E4000FF30F5E74FF0FF30F2E7000000B583B018
:105E5000174B019300230093802216491648FFF741
:105E6000C3FF012805D0B0F1FF3F17D003B05DF8A4
:105E700004FB4FF0500383F31188BFF36F8FBFF320
:105E80004F8F0E4B4FF0FF32DA620122C3F804212C
:105E90000022C3F8102100F019FBE7E74FF0500390
:105EA00083F31188BFF36F8FBFF34F8FFEE700BFFF
:105EB000480300201CB900087D6100082C02002066
:105EC000034AD2F818310133C2F81831704700BFC5
:105ED0002C020020014BD3F8100170472C02002047
:105EE0002DE9F041404BD3F81831002B6CD13E4BDB
:105EF000D3F810510135C3F81051CDB99B6A1B6816
:105F000043B14FF0500383F31188BFF36F8FBFF39A
:105F10004F8FFEE7344B9A6AD3F8F8109962C3F8B2
:105F2000F820D3F820210132C3F82021FFF73AFEF0
:105F30002D4BDB6AAB423DD900242B4AD2F800310D
:105F4000DB6A03EB830399000A44136B012B42D9EC
:105F5000012440E00124244B9B6A1B6863B3224B5D
:105F60009B6ADB68DE6873689D422AD306F10408E9
:105F70004046FFF78FFDB36A1BB106F11800FFF72B
:105F800089FDF36A01229A40174FD7F80C110A4392
:105F9000C7F80C2107F1300003EB83039A00414658
:105FA0001044FFF751FDF26AD7F80031DB6A9A42DC
:105FB000D0D2D0E70024CEE70B4B4FF0FF32DA62AD
:105FC000BBE7094AD362B8E7074AD2F82431013364
:105FD000C2F824310024044BD3F8283103B1012442
:105FE0002046BDE8F08100BF2C020020394BD3F8D9
:105FF000183143B94FF0500383F31188BFF36F8F0B
:10600000BFF34F8FFEE770B500F0C4F9314BD3F802
:106010001821013AC3F81821D3F81831002B54D1B4
:106020002C4BD3F8FC3023B9002400F0D5F92046DE
:1060300070BD0024274B5B692BB3264D2B6ADC68AF
:1060400004F11800FFF726FD261D3046FFF722FD5C
:10605000E36A01229A40D5F80C110A43C5F80C21D5
:1060600005F1300003EB83039A0031461044FFF73B
:10607000EBFCE26AD5F80031DB6A9A42DAD30122FE
:10608000C5F82821D6E70CB1FFF78CFD114BD3F8EA
:10609000244164B1FFF724FF18B10E4B0122C3F86D
:1060A0002821013CF6D10B4B0022C3F82421094BD7
:1060B000D3F828315BB1084B4FF080521A60BFF320
:1060C0004F8FBFF36F8F0124AFE70024ADE70024AB
:1060D000ABE700BF2C02002004ED00E010B5B0B12A
:1060E00004460F4BD3F8183143B14FF0500383F3FC
:1060F0001188BFF36F8FBFF34F8FFEE7FFF7E0FE0E
:1061000000212046FFF72CFEFFF770FF38B9054B42
:106110004FF080521A60BFF34F8FBFF36F8F10BDE7
:106120002C02002004ED00E038B5134BD3F81431F5
:106130000BB3FFF7C5FE104BD3F8E440FFF756FF53
:10614000002CF2D000F026F90B4CD4F8F030DD68CA
:10615000281DFFF79FFCD4F8FC30013BC4F8FC304D
:10616000D4F81431013BC4F8143100F035F9284655
:10617000FFF72AFDD9E738BD2C02002008B5FFF74C
:10618000D3FF064B1B6B012BF9D9054B4FF0805207
:106190001A60BFF34F8FBFF36F8FF0E72C02002020
:1061A00004ED00E0224BD3F8183123B1204B01223B
:1061B000C3F8282170471E4A0023C2F82831D2F8BC
:1061C0000C31B3FA83F3DBB2C3F11F0303EB83009B
:1061D00081000A44126B42B94FF0500383F31188D7
:1061E000BFF36F8FBFF34F8FFEE710B4104A9900D3
:1061F000CC18A0001044446B6468446330321944E6
:1062000088000830024494420BD0094903EB830311
:106210009A000A44536BDB68C1F800315DF8044B07
:10622000704761680248142202FB03025163ECE7E5
:106230002C02002038B5C368DC6844B94FF0500325
:1062400083F31188BFF36F8FBFF34F8FFEE704F125
:1062500018052846FFF71EFC154BD3F8183103BB71
:10626000251D2846FFF716FCE36A01219940104AD4
:10627000D2F80C010143C2F80C11303203EB830356
:10628000980029461044FFF7DFFBE26A084BD3F879
:106290000031DB6A9A4209D90120054BC3F8280175
:1062A00038BD29460348FFF7CFFBEEE70020F7E7AC
:1062B0002C02002040020020064BD3F804313BB1F1
:1062C000044BD3F818310BB10020704702207047FF
:1062D000012070472C0200200B4B1B68B3F1FF3FDD
:1062E00008D04FF0500383F31188BFF36F8FBFF3D3
:1062F0004F8FFEE74FF0500383F31188BFF36F8F8A
:10630000BFF34F8FFEE700BF08000020064800687B
:10631000006880F3088862B661B6BFF34F8FBFF3A1
:106320006F8F00DF00BF000008ED00E0DFF80C0019
:10633000016841F4700101607047000088ED00E0E1
:106340004FF0807340F8043C21F0010140F8081C34
:10635000054B40F80C3C40F8202C6FF0020340F84D
:10636000243C4438704700BFD96200080000000098
:10637000074B19680868B0E8F04F80F30988BFF34D
:106380006F8F4FF0000080F311887047AFF30080EB
:106390002C0300204FF0500383F31188BFF36F8F5D
:1063A000BFF34F8F0A4A136801331360012B00D0EB
:1063B0007047084B1B6813F0FF0FF9D04FF05003E4
:1063C00083F31188BFF36F8FBFF34F8FFEE700BFDA
:1063D0000800002004ED00E0094B1B6843B94FF0B2
:1063E000500383F31188BFF36F8FBFF34F8FFEE726
:1063F000013B034A13600BB983F31188704700BF58
:106400000800002000000000000000000000000064
:10641000EFF30980BFF36F8F154B1A681EF0100F52
:1064200008BF20ED108A20E9F04F10604DF8043DC0
:106430004FF0500080F31188BFF34F8FBFF36F8F81
:10644000FFF7B0FE4FF0000080F3118808BC196818
:106450000868B0E8F04F1EF0100F08BFB0EC108ACB
:1064600080F30988BFF36F8F704700BFAFF30080E0
:106470002C03002008B54FF0500383F31188BFF3BD
:106480006F8FBFF34F8FFFF72BFD18B1034B4FF00A
:1064900080521A60002383F3118808BD04ED00E0E8
:1064A000064B1B68064AA2FB03239B09013B054AD6
:1064B0001360054B07221A60704700BF10000020D0
:1064C000D34D621014E000E010E000E0314B1A6898
:1064D000314B9A420DD02F4B1A68304B9A4211D152
:1064E0004FF0500383F31188BFF36F8FBFF34F8FCB
:1064F000FEE74FF0500383F31188BFF36F8FBFF3B4
:106500004F8FFEE700B583B0254B1A78D2B20192C7
:10651000FF221A701B78DBB28DF803309DF8033030
:1065200003F050031F4A1370072353609DF8033094
:1065300013F0800F0AD01B4A5368013B53609DF84B
:1065400003305B00DBB28DF80330EFE7154A536888
:106550001B0203F4E0635360019BDBB2104A13702B
:10656000114B1A6842F470021A601A6842F07042C5
:106570001A60FFF795FF0D4B00221A60FFF7D6FE59
:106580000B4A136843F040431360FFF7BFFEFFF769
:10659000A3FE00BF00ED00E071C20F4170C20F41C9
:1065A00000E400E05803002020ED00E00800002097
:1065B00034EF00E0104A12F0070F1AD0D11D21F07D
:1065C0000701C1F5705313440A460C490A600020C4
:1065D00048601344083B23F007038B605860186041
:1065E000981A50601360C86008614FF000434B6117
:1065F00070474FF47053E8E77803002060030020F1
:1066000010B4134B1A6882421BD359685C18844239
:1066100003D1406801445960184641684418A242B9
:1066200013D10B4CA468A2420DD0526811444160B2
:106630001A6812680260984200D018605DF8044B36
:1066400070471346DEE70460F5E70260F3E700BF3A
:106650006003002070B50446FFF732FC394B9B689D
:10666000BBB1384B5B691C4262D1ACB1083414F049
:10667000070F11D024F00704083404F007035BB1BE
:106680004FF0500383F31188BFF36F8FBFF34F8F29
:10669000FEE7FFF78FFFE4E7002C4BD0294B1B6987
:1066A000A34249D3274B1D6801E02B4615466A6873
:1066B000A24202D22A68002AF7D1224A9268AA424C
:1066C0003CD01E6808362A681A606B681B1B102BAA
:1066D00010D9281910F0070F08D04FF0500383F39A
:1066E0001188BFF36F8FBFF34F8FFEE743606C607D
:1066F000FFF786FF6968134A13695B1A1361D26852
:10670000934201D20F4AD3600E4B5B690B436B601F
:1067100000232B60FFF76AFC16F0070F10D04FF034
:10672000500383F31188BFF36F8FBFF34F8FFEE7E2
:106730000026EFE70026EDE70026EBE70026E9E775
:10674000304670BD6003002080B338B50446A0F128
:10675000080550F8042C164949690A4208D14FF03F
:10676000500383F31188BFF36F8FBFF34F8FFEE7A2
:1067700050F8080C40B14FF0500383F31188BFF379
:106780006F8FBFF34F8FFEE722EA010244F8042C1B
:10679000FFF796FB54F8041C054A13690B44136178
:1067A0002846FFF72DFFFFF721FC38BD704700BFDB
:1067B0006003002008B513460A4601460248FDF76B
:1067C000C3FB00B1012008BDF845012008B5134600
:1067D0000A4601460248FDF73FFC00B1012008BD12
:1067E000F845012008B50348FDF76EFF043818BFCF
:1067F000012008BDF845012008B501460148FDF714
:10680000EFFE08BDF845012082B001238DF8073066
:106810009DF8070002B0704710B5FFF7F5FF01289B
:1068200002D00124204610BD0748FDF76DFE044646
:106830000028F7D14FF400610348FDF7E3FE00287C
:10684000F0D00124EEE700BFF845012008B5034968
:106850000348FFF7A9F8034B187008BD04C80020CF
:1068600038B6000800C80020884202D9401A013812
:106870007047081A704708B51220FAF771FF08BD73
:106880000268074B9A4200D0704710B5054C0123AF
:1068900084F87430FAF744FDA4F8760010BD00BF08
:1068A00000200140783F002008B50248FCF732FA8A
:1068B00008BD00BF8C42012038B505460E4CFC22B5
:1068C0000021204602F01BF9211F7E2304F8043C1E
:1068D0000A234B70C1238B701123CB700D710923D8
:1068E000CB7178230B72FF238B727F23CB720C2228
:1068F000012001F03DFD38BD343E012010B51648A1
:1069000002F07EFE154CF8220021204602F0F7F836
:106910007E2204F8082C062204F8072CD12204F861
:10692000062C032204F8052CFF2204F8042C302145
:1069300004F8031C04F8022C7F2204F8012C084BF5
:1069400093F84B30012B00D010BD0822A4F10801B0
:10695000012001F00DFDF7E710BE0008383E0120D0
:10696000783F002010B5FFF7B5FA04460146584BB2
:10697000186BFFF779FF642840F28380544B1C6347
:1069800093F83C0000287DD0002283F83C200120B1
:106990004F4B93F840302BB14D4B002283F84020F1
:1069A00040F002004A4B93F84E302BB1484B002286
:1069B00083F84E2040F0040000F046FF00F076FF20
:1069C0000446434B1B7F1BB1414B5B7F834238D056
:1069D0003F4B5C77C4F3C7121A70C4F38012DA70AD
:1069E000C4F340121A7114F0080F50D00B22384B28
:1069F000DA71C4F380029A7114F0100F49D104F0D7
:106A00000304334B9C705C711A78002A47D04FF412
:106A10007A71A3F8EC102E4B9B79002B44D02C4BB1
:106A2000322183F8E4102A4C617F2A4802F074FD79
:106A3000002384F8F430237F002B3AD0244B01222A
:106A40001A7700F07BFF224B9B7F1BB1204BDB7F33
:106A5000834203D01E4BD87701229A771C4B93F8C0
:106A60004B3073B91A4B93F84C3033B3184A92F841
:106A70004D30591E82F84D101BB91346002283F881
:106A80004C2010BD124B012283F83C2080E70A22E3
:106A9000ADE7114802F040FDFFF730FFAFE70C4BC8
:106AA000012183F8F510B6E7094B282183F8E4109B
:106AB000B9E7E079FFF700FFC0E7054B012283F853
:106AC0004C200A2283F84D20D879FFF7F5FED8E74D
:106AD000783F00204CBE000834BE000800B587B0E7
:106AE0000023ADF814308DF816304FF0FF330293C9
:106AF000012301930DF11702009262223C211F48ED
:106B0000FBF744FF9DF8173013F0010F20D09DF8DC
:106B1000173013F0010F2CD1194802F071FD4FF01E
:106B2000FF3302930323019305AB009301236022FB
:106B30003C211248FBF72AFF9DF816309DF81520DE
:106B40009DF814100F4802F0E7FC07B05DF804FB55
:106B500043F0010306AA02F8013D4FF0FF33029310
:106B600001230193009262223C210448FBF744FE7A
:106B7000CDE7054802F044FDD1E700BF38420120CF
:106B800078C1000898C1000858C1000870B588B0E5
:106B900000228DF81F2080238DF81E3001238DF8F0
:106BA0001D308DF81C208DF81B20ADF818208DF8B5
:106BB0001A204FF0FF32029201930DF11F02009252
:106BC0004F223C214048FBF7E1FE9DF81F10402971
:106BD00008D03E4802F0A0FC3D4B002283F8E220A2
:106BE00008B070BD3B4802F097FC0123384A82F898
:106BF000E23008AA202102F8091D4FF0FF3102916E
:106C00000193009260223C212F48FBF7F5FD6420A0
:106C1000FEF78EFE4FF0FF3302930123019307AA84
:106C2000009260223C212848FBF7B0FE0A20FEF7C4
:106C30007FFE9DF81C3013F0200FEBD1224D4FF05A
:106C4000FF360296012401940DF11E0300932346A2
:106C500060223C212846FBF7CFFD029601940DF1FE
:106C60001D030093234662223C212846FBF7C4FD06
:106C700002960323019306AB0093234660223C2136
:106C80002846FBF783FE9DF81A309DF819209DF8E1
:106C90001810114802F040FC029601940DF11B03FC
:106CA0000093234667223C212846FBF76FFE9DF8A0
:106CB0001B100A4802F030FC9DF91A30002B8FDBC4
:106CC000FFF70CFF8CE700BF38420120D4C1000859
:106CD000783F002008C2000834C2000868C20008DB
:106CE000F0B585B02A4C204602F08AFC294802F013
:106CF00087FC294802F084FC204602F081FC01F068
:106D000001FB00F02DFDFFF7B6FD00F017FF234C4F
:106D1000FC220021204601F0F2FE282384F8E43012
:106D20001F4D002204F1A0012846FCF71FFF00229E
:106D300004F1B4012846FCF751FF012384F8F53033
:106D4000FFF724FF174E184C06F1200735460FCDEC
:106D500020606160A260E3602E461034BD42F5D130
:106D60002B8823800D4C104B029304F1AC0393E865
:106D700003008DE8030004F1A0030ECBD4F8B400A7
:106D800000F0F2FE012384F84B3005B0F0BD00BFE7
:106D900098C20008C0C20008E4C20008783F002082
:106DA00034450120F8C20008E8E8002038B5044660
:106DB000154DFE220021284601F0A1FEAB1E7E22C9
:106DC00005F8022C092205F8012CD1229A702278AC
:106DD0006A706278AA70A278EA70E2782A712279E1
:106DE0006A716279AA71FF22EA717F222A72074BC7
:106DF00093F84B30012B00D038BD0B22A91E032085
:106E000001F0B6FAF8E700BF323E0120783F0020DB
:106E1000F0B52DED028B87B0FFF75CF800230493EB
:106E2000ADF814304E4B93F8E230002B00F08A801E
:106E300005464FF0FF3302930623019304AB009302
:106E4000012368223C214748FBF7A0FD9DF8113043
:106E50009DF8100040EA032000B24149A1F8DC008F
:106E60009DF813209DF8123043EA02231BB2A1F8CB
:106E7000DE309DF815409DF8142042EA042212B23B
:106E8000A1F8E020B1F9FC10884204D13449B1F9ED
:106E9000FE108B424BD0324CD4F80461AE1BC4F8C8
:106EA0000451A4F8FC00A4F8FE30A4F8002107EE79
:106EB000903AB8EEE78A07EE900AF8EEE77A17EE16
:106EC000900AF9F7F9FA04460D4618EE100AF9F798
:106ED000F3FA45EC114B41EC100B01F035FB1EA30E
:106EE000D3E9002351EC100BF9F73EFBF9F7D6FD7F
:106EF00007EE900AF5EEC07AF1EE10FA1DD4184BA9
:106F0000B3F9DC40B3F9DE50B3F9E07017EE900A44
:106F1000F9F7D2FACDE9020100972B462246314615
:106F2000114802F0F9FA04A8FFF740FF0DE00C4900
:106F3000B1F900118A42AED107E09FED0C7A77EEED
:106F4000877ADCE70A4802F05BFB07B0BDEC028BF6
:106F5000F0BD00BFAFF3008000000000DCA54C4096
:106F6000783F0020384201201CC300080000B443D1
:106F700070C30008022800D0704708B5FFF748FF2B
:106F800008BD7047054B064A1A6000225A609A6095
:106F9000DA601A615A619A61704700BFF8450120B2
:106FA000002C01402DE9F04F8FB000240094724B6B
:106FB0001A6B42F020021A631A6B02F02002009250
:106FC000009A01941A6B42F080021A631A6B02F065
:106FD00080020192019A02941A6B42F001021A6334
:106FE0001A6B02F001020292029A03941A6B42F0A9
:106FF00040021A631A6B02F040020392039A04944F
:107000001A6B42F010021A631A6B02F0100204921B
:10701000049A05941A6B42F002021A631A6B02F08A
:1070200002020592059A06941A6B42F008021A634E
:107030001A6B02F008020692069A07941A6B42F045
:1070400004021A631A6B02F004020792079A08946A
:107050005A6C42F480425A645B6C03F48043089398
:10706000089B464F224640F23F313846FBF780F8F6
:10707000DFF8189122464CF2C8014846FBF778F831
:10708000DFF80C81224647F6FC714046FBF770F8AA
:107090003B4E224680213046FBF76AF840F23F33F0
:1070A000099301250A950B940C9409A93846FAF71F
:1070B000B7FE4FF4784309930A940B9409A9384614
:1070C000FAF7AEFE4FF0030ACDF824A00A940B9411
:1070D00009A94046FAF7A4FE4FF0800BCDF824B082
:1070E0000A940B9409A92748FAF79AFE40230993BA
:1070F0000A950B940C9409A93046FAF791FE4CF2CC
:10710000C80309930A950B940C9409A94846FAF709
:1071100087FE43F6104309930A940B9402270C97B9
:1071200009A94846FAF77CFE47F6FC7309930A95CD
:107130000B940C9409A94046FAF772FECDF824B0DE
:107140000A950B970C9409A93046FAF769FE09973E
:107150000D4B0A930B95CDF830A009A93046FAF7EC
:107160005FFE224605210720FAF7B4FA0720FAF756
:10717000F7FA0FB0BDE8F08F00380240001402406B
:10718000000402400010024000001110000C0240F8
:107190000018024010B582B000240194114B1A6B04
:1071A00042F480021A631B6B03F480030193019B7A
:1071B000224605213820FAF78DFA3820FAF7D0FA5E
:1071C000224621463B20FAF785FA3B20FAF7C8FA17
:1071D000224621464520FAF77DFA4520FAF7C0FA03
:1071E00002B010BD0038024008B5FFF75DFB01207A
:1071F000FEF704FCF9E708B50120FEF7FFFBFBE70B
:1072000008B50120FEF7FAFBFBE708B50120FEF701
:10721000F5FBFBE708B5FFF7A5FB0120FEF7EEFB4A
:10722000F9E708B5FFF7ADFE0120FEF7E7FBF9E748
:1072300000B583B002A941F8040D4FF6FF73012297
:107240000348FDF757FE019803B05DF804FB00BF4B
:1072500090440120FEE7000000B585B02048214B96
:1072600003604FF4803343604FF0807383600122EA
:107270000261002383610262C3621B498162C360B1
:107280000221C161416203634261F9F753FFB8B95A
:107290000D23009301230193029369461048FAF7E6
:1072A0000DF990B904230093022301930123029363
:1072B00069460B48FAF702F960B905B05DF804FBBE
:1072C0004FF4B8710948FFF7C5FF40F27B1107483A
:1072D000FFF7C0FF40F283110448FFF7BBFF00BF78
:1072E00060430120002001400100000F18C4000885
:1072F00008B50A480A4B0360002343607F2282607E
:10730000FF22C260036143618361FCF77FFB00B928
:1073100008BD40F2EF110348FFF79CFF3445012000
:107320000028004018C4000808B50C480C4B036046
:107330000C4B436000238360C3604FF480420261C2
:1073400043618361C3610362FBF75AF900B908BD69
:1073500040F2C5110448FFF77DFF00BF384201200D
:1073600000540040801A060018C4000808B50E48F2
:107370000E4B03604FF41643436000238360C360E9
:1073800003610C2242618361C361FDF717FD30B9CF
:10739000054B1A68D36843F02003D36008BD40F260
:1073A0007E210348FFF756FF904401200010014062
:1073B00018C4000808B50F480F4B03604FF4E133C1
:1073C000436000238360C36003610C2242618361D8
:1073D0004FF40043C361FDF7F1FC30B9054B1A6867
:1073E000D36843F02003D36008BD40F293210348E3
:1073F000FFF730FFBC4601200044004018C40008DD
:1074000008B50F480F4B03604FF4E133436000238E
:107410008360C36003610C22426183614FF40043C7
:10742000C361FDF7CBFC30B9054B1A68D36843F054
:107430002003D36008BD40F2A7210348FFF70AFFED
:10744000F84101200048004018C4000808B50F4862
:107450000F4B03604FF41643436000238360C36007
:1074600003610C22426183614FF40043C361FDF765
:10747000A5FC30B9054B1A68D36843F02003D360EC
:1074800008BD40F2BB210348FFF7E4FE7C46012023
:107490000014014018C4000808B50F480F4B0360E2
:1074A0004FF41653436000238360C36003610422DA
:1074B000426183614FF40043C361FDF77FFC30B943
:1074C000054B1A68D36843F02003D36008BD40F22F
:1074D000CF210348FFF7BEFE58410120007800404D
:1074E00018C4000808B50848084B0360042343602B
:1074F00040F2FF738360FBF7C9FB00B908BD40F29F
:10750000D3110348FFF7A6FE8C4201200030004053
:1075100018C4000800B5A1B000220192364B196CC6
:1075200041F0805119641B6C03F080530193019B5F
:10753000029232490B6823F4404343F480430B60CA
:107540000B6803F440430293029B0A231493012324
:10755000179310211891199302231A931B92082252
:107560001C925A221D921E9304231F9314A8FBF70A
:1075700017FC68BBFBF7D4FB78BB0F230F930221EA
:107580001091002311934FF48052129213930FA87D
:10759000FBF7AAFE30BB202303934FF400730D9337
:1075A00003A8FBF7D1FF10BBFBF7A8FF144BA3FB0D
:1075B00000308009FAF7EAF80420FAF7FDF8002213
:1075C0000F214FF0FF30FAF785F821B05DF804FB8A
:1075D0004FF497710B48FFF73DFE40F23511094813
:1075E000FFF738FE40F243110648FFF733FE4FF431
:1075F000A5710448FFF72EFE0038024000700040DD
:10760000D34D621018C4000800B5A5B0F9F7D2FC3C
:10761000FFF780FFFFF7C6FCFFF7BCFDFFF71CFE7E
:10762000FFF766FEFFF780FEFFF7A0FEFFF7C2FE42
:10763000FFF7E6FEFFF70AFFFFF72EFFFFF7A2FCBA
:10764000FFF750FFFFF702F9FFF74AFB394C1FAD78
:1076500026460FCE0FC533682B6000211FA8FEF70A
:10766000B3F9354B18601AAD04F114060FCE0FC5EF
:1076700033682B6000211AA8FEF7A6F92F4B18607B
:1076800015AD04F128060FCE0FC533682B6000211D
:1076900015A8FEF799F92A4B186010AD04F13C06C5
:1076A0000FCE0FC533682B60002110A8FEF78CF9B0
:1076B000244B18600BAD04F150060FCE0FC5336894
:1076C0002B6000210BA8FEF77FF91F4B186006AD59
:1076D00004F164060FCE0FC533682B60002106A8A5
:1076E000FEF772F9194B186004AB783494E8030084
:1076F00083E8030000211846FEF789F9144B18604F
:1077000002AB94E8030083E8030000211846FEF76B
:107710007EF9104B18606B4694E8030083E8030081
:1077200000211846FEF773F90B4B1860FEF747F976
:10773000FEE700BFB8B5000890400120F4450120E5
:10774000B44501209842012054410120FC4201200F
:10775000D044012064470120FC460120704700000E
:1077600070B50025354B1D7065E0354E0122402176
:107770003046FAF7FDFC012280213046FAF7F8FC8A
:10778000304C01224FF400712046FAF7F1FC01223F
:107790004FF480612046FAF7EBFC01224FF40061C0
:1077A0002046FAF7E5FC01224FF480512046FAF713
:1077B000DFFC01224FF400512046FAF7D9FC0122E8
:1077C0004FF480412046FAF7D3FC1920FEF7B0F8B9
:1077D000002240213046FAF7CBFC002280213046BF
:1077E000FAF7C6FC00224FF400712046FAF7C0FCFD
:1077F00000224FF480612046FAF7BAFC00224FF4D1
:1078000000612046FAF7B4FC00224FF48051204674
:10781000FAF7AEFC00224FF400512046FAF7A8FC1C
:1078200000224FF480412046FAF7A2FC1920FEF70F
:107830007FF80135EDB2092D97D970BD8040002049
:10784000000C02400018024038B5164B1B788342EA
:1078500026D00446134B1870134D00F0010240214E
:107860002846FAF785FCC4F3400280212846FAF73F
:107870007FFC05F54065C4F380024FF40071284693
:10788000FAF776FCC4F3C0024FF480612846FAF799
:107890006FFCC4F300124FF400612846FAF768FC4D
:1078A00038BD00BF80400020000C024010B54FF4EE
:1078B00000611F48FAF748FCB8B300244FF4805128
:1078C0001B48FAF741FC08B944F002044FF4005198
:1078D0001748FAF739FC08B944F004044FF4804122
:1078E0001348FAF731FC08B944F008044FF400419A
:1078F0000F48FAF729FC08B944F0100401210D489B
:10790000FAF722FC08B944F0200402210948FAF7EA
:107910001BFC08B944F0400480210748FAF714FC26
:1079200008B944F08004204610BD0124C6E700BF1A
:1079300000140240001802400010024010B54FF43D
:1079400080611448FAF700FC08B300244FF400618A
:107950001048FAF7F9FB08B944F002044FF48051DB
:107960000C48FAF7F1FB08B944F004044FF4005155
:107970000848FAF7E9FB08B944F008040221064870
:10798000FAF7E2FB08B944F08004204610BD012458
:10799000DCE700BF000C02400004024008B5074BC2
:1079A00001221A70FEF71EFF20B9044A137803F073
:1079B000FE031370014B187808BD00BF0C000020B7
:1079C00010B50446074B01221A70FEF725FF10B1CF
:1079D000044B187810BD2046FFF7E0FF014B1870EC
:1079E000F6E700BF0C00002008B5FFF7D7FF08BD81
:1079F00010B508461146184A002414601A46FEF7CE
:107A0000D9FE08B1012010BDFDF78CFF0446124BD2
:107A10001B6833B9FDF786FF001B47F22F539842CE
:107A2000F5D90D4B1B680BB90120ECE70A4B00227E
:107A30001A60FDF777FF0446FDF774FF001B47F25D
:107A40002F53984205D8FEF7CDFE0028F4D1002030
:107A5000D9E70120D7E700BF8440002010B50846D1
:107A60001146184A002454601A46FEF7AFFE08B1CA
:107A7000012010BDFDF756FF0446124B5B6833B979
:107A8000FDF750FF001B47F22F539842F5D90D4BDD
:107A90005B680BB90120ECE70A4B00225A60FDF746
:107AA00041FF0446FDF73EFF001B47F22F5398426B
:107AB00005D8FEF797FE0028F4D10020D9E7012071
:107AC000D7E700BF84400020154B1B7813F0010F4F
:107AD00021D110B588B0144603291ED8DFE801F083
:107AE00002050C13002008B010BD6846FEF784FEA6
:107AF000069B23600020F6E76846FEF77DFE079BA5
:107B000023800020EFE76846FEF776FE079B5B0ABE
:107B100023600020E7E7032070470420E3E700BF6D
:107B20000C000020014B01225A6070478440002065
:107B3000014B01221A60704784400020074B00224D
:107B40001A605A609A60DA601A61054B0322DA7093
:107B50001A71044A12785A71704700BFE8EA00208F
:107B6000DC58012000C8002084B02DE9F04387B024
:107B7000C0F3076EC0F30728C0F3074905900FACA8
:107B800084E80E00254E96F800C04FF4077707FBF7
:107B90000CFC06EB0C05A86104350FCC0FC523685F
:107BA0002B600CF1180030449DF83C309DF83D20CE
:107BB0009DF83E10039102920193CDF80090434648
:107BC00072461749073001F033FD347807FB04F49F
:107BD0001834344407341498F9F730F902461499EC
:107BE000204601F045FD317807FB01F118313144A1
:107BF00007310C4801F090FC0B4801F001FD33788F
:107C00000133DBB2337013F0800F04D107B0BDE84D
:107C1000F04304B0704700223270F7E78C40002038
:107C2000B4C40008DCC4000894C1000810B582B0D8
:107C300000240094214B5A6C42F480425A645A6CDE
:107C400002F480420092009A01941A6C42F0805231
:107C50001A641B6C03F080530193019B0320F9F716
:107C60001BFD224621466FF00B00F9F733FD22463B
:107C700021466FF00A00F9F72DFD224621466FF0EC
:107C80000900F9F727FD224621466FF00400F9F7B5
:107C900021FD224621466FF00300F9F71BFD224625
:107CA0000F216FF00100F9F715FD22460F214FF06B
:107CB000FF30F9F70FFD02B010BD00BF00380240E1
:107CC0000268224B9A4200D0704770B586B00446D5
:107CD0000025009503F58C335A6C42F480725A6487
:107CE0005B6C03F480730093009B082301930326CD
:107CF0000296039501A91648FAF792F830230193EA
:107D00000296039501A91348FAF78AF81248134B13
:107D100003608560C5604FF4806303614FF4805356
:107D200043614FF4804383614FF48073C361056204
:107D3000F9F7DCFD20B9084BA3639C6306B070BD66
:107D40009D210748FFF786FAF5E700BF00200140B4
:107D50000008024000000240D444012010640240A8
:107D600094C500080268114B9A4200D0704710B5C4
:107D700086B04FF4407301931223029300240394BE
:107D800003230493042305930DEB03010848FAF73A
:107D900047F80094074B1A6C42F400121A641B6CEB
:107DA00003F400130093009B06B010BD0054004084
:107DB00000040240003802400268044B9A4200D09E
:107DC0007047034B01221A60FAE700BF0028004009
:107DD0003C0E47420268534B9A4200D070472DE94F
:107DE000F04F87B004460025009503F586335A6CA2
:107DF00042F400625A645B6C03F400630093009BDE
:107E00004FF4706301934FF00208CDF808804FF0F3
:107E1000010BCDF80CB0032604960C270597DFF86C
:107E2000209101A94846F9F7FBFF4FF4805ACDF89D
:107E300004A0CDF8088003950496059701A948464B
:107E4000F9F7EEFF4FF00409CDF80490CDF8088063
:107E5000CDF80CB0049605970DEB09013248F9F7FF
:107E6000DFFF3248324B03604FF0006343608560B0
:107E7000C5604FF480630361C0F814A04FF48043E1
:107E800083612023C3610562C0F8249086624FF4A9
:107E90000003C3624FF400130363F9F727FD0028C2
:107EA00033D1224BE3639C632248234B03604FF0A2
:107EB00000634360402383600023C3604FF480620B
:107EC00002614FF4805242614FF48042826120226D
:107ED000C261036204234362032383624FF40003FD
:107EE000C3624FF400130363F9F700FD98B9114B17
:107EF00023649C63002211463120F9F7EBFB31200B
:107F0000F9F72EFC07B0BDE8F08F40F2C5110B4821
:107F1000FFF7A0F9C5E74FF4ED710848FFF79AF9AC
:107F2000E5E700BF002C0140000C0240304001207A
:107F30005864024054450120A064024094C50008E2
:107F4000000802402DE9F0418AB003686F4A93426D
:107F500010D06F4A934230D06E4A93425DD06E4A41
:107F6000934200F08C806D4A934200F0AB800AB0DF
:107F7000BDE8F08100240094694B5A6C42F0100275
:107F80005A645B6C03F010030093009B4FF4C063D2
:107F90000593022306930794032308930723099369
:107FA00005A96048F9F73CFF22460F212520F9F783
:107FB00091FB2520F9F7D4FBD9E700250195584B13
:107FC0001A6C42F400321A641B6C03F40033019300
:107FD000019B082305934FF00208CDF81880012774
:107FE0000797032408940726099605A94D48F9F731
:107FF00017FF20230593CDF818800797089409965A
:1080000005A94948F9F70CFF2A4621462620F9F729
:1080100061FB2620F9F7A4FBA9E700250295404B58
:108020001A6C42F480221A641B6C03F480230293BE
:10803000029B4FF4806305934FF00208CDF818803F
:1080400001270797032408940726099605A93748AE
:10805000F9F7E6FE4FF400730593CDF81880079703
:108060000894099605A93048F9F7DAFE2A46214610
:108070002720F9F72FFB2720F9F772FB77E7002578
:108080000395274B5A6C42F020025A645B6C03F054
:1080900020030393039BC02305930223069301232C
:1080A0000793032408940823099305A92048F9F7A6
:1080B000B7FE2A4621464720F9F70CFB4720F9F77F
:1080C0004FFB54E700250495154B1A6C42F0804293
:1080D0001A641B6C03F080430493049BC023059334
:1080E000022306930123079303240894082309938A
:1080F00005A91048F9F794FE2A4621465220F9F7BF
:10810000E9FA5220F9F72CFB31E700BF00100140DB
:108110000044004000480040001401400078004046
:108120000038024000000240000C024000040240FF
:1081300000080240001402407047FEE7FEE7FEE739
:10814000FEE7704708B5FDF7ADFBFDF767FC08BD1E
:1081500008B50248F9F776FD08BD00BF9841012037
:1081600008B50248F9F76EFD08BD00BF9C4201202A
:1081700008B50248F9F766FD08BD00BF944001202C
:1081800008B50248F9F75EFD08BD00BF3044012084
:1081900008B50248FCF722FB08BD00BFF8450120E6
:1081A00008B50248F9F74EFD08BD00BFD4440120D0
:1081B00008B50248F9F746FD08BD00BFF4400120AC
:1081C00008B50248F9F73EFD08BD00BFD0430120C5
:1081D00008B50248F9F736FD08BD00BF3040012060
:1081E0007047000008B50248F9F72CFD08BD00BF34
:1081F0005445012008B50248F9F724FD08BD00BF29
:108200000043012008B50248F9F790F808BD00BF07
:108210006043012008B50220F9F7C6FF08BD000041
:1082200008B503460D4A126862B10C4A10680C4A40
:1082300012681268A2F500520344934206D8074A16
:10824000136008BD054A07491160EEE700F01AFC0B
:108250000C2303604FF0FF30F3E700BFF4C70020AA
:1082600008ED00E0406C012070B51646002405E0E2
:108270004D1C0878FEF7DCFF01342946B442F7DBD9
:10828000304670BD4FF0FF3070474FF400534B60E5
:1082900000207047012070470020704770B50D46E0
:1082A0001646002404E0AFF3008028700134013545
:1082B000B442F8DB304670BD0F49D1F8883043F442
:1082C0007003C1F888300D4B1A6842F001021A6041
:1082D000002098601A6822F0847222F480321A60BA
:1082E000074A5A601A6822F480221A60D8604FF058
:1082F00000638B60704700BF00ED00E00038024073
:108300001030002410B5144C45F2483200212046AC
:1083100000F0F5FB114B236041F2A803104AE25034
:1083200042F250130F4AE25043F2F8130E4AE25061
:1083300044F2A0230D4AE2500123237141F2AC0222
:10834000A35442F25412A35443F2FC12A35444F235
:10835000A422A35410BD00BFE8EA002090440120ED
:10836000BC460120F84101207C46012058410120F3
:1083700010B541F2A80303FB00F06423024C20581F
:10838000FCF7B8FD10BD00BFE8EA00200C4B1B79DC
:10839000012B00D070470A4B1B681B68DA6812F08B
:1083A000200FF7D05968C9B2054B5971B3F80C24A6
:1083B000501C1A449171C0F30902A3F80C24E9E798
:1083C000E8EA0020114A41F2AC03D35C012B00D053
:1083D000704741F2A803D3581B68DA6812F0200FE7
:1083E000F6D030B45968C9B2084B41F2AD02995485
:1083F00041F2B4441A5B501C1A4441F2AE05515587
:10840000C0F309021A5330BC704700BFE8EA0020ED
:10841000114A42F25413D35C012B00D0704742F250
:108420005013D3581B68DA6812F0200FF6D030B41E
:108430005968C9B2084B42F25512995442F25C5441
:108440001A5B501C1A4442F256155155C0F30902EA
:108450001A5330BC704700BFE8EA0020114A43F2CB
:10846000FC13D35C012B00D0704743F2F813D358B0
:108470001B68DA6812F0200FF6D030B45968C9B220
:10848000084B43F2FD12995443F204641A5B501CEA
:108490001A4443F2FE155155C0F309021A5330BC79
:1084A000704700BFE8EA0020114A44F2A423D35CDD
:1084B000012B00D0704744F2A023D3581B68DA6820
:1084C00012F0200FF6D030B45968C9B2084B44F20C
:1084D000A522995444F2AC641A5B501C1A4444F22D
:1084E000A6255155C0F309021A5330BC704700BF8E
:1084F000E8EA0020DFF834D0002103E00C4B5B58A1
:10850000435004310B480C4B42189A42F6D30B4AA5
:1085100002E0002342F8043B094B9A42F9D3FFF7EB
:10852000CBFE00F0B5FAFFF76FF8704700000320AC
:10853000C8C8000800000020E4010020E401002079
:10854000406C0120FEE7000000F002B800000000CF
:1085500051EC110B43422DE9F047034321F0004E4B
:108560006B4F4EEAD373BB4255EC104B1ED863429F
:10857000234325F0004A4AEAD373BB42A94615D8E3
:1085800001F1404303F5801303433DD08E1706F0FD
:1085900002065AEA040346EAD5760FD1022E52D0DB
:1085A000032E3CD148A1D1E9000103E022462B462D
:1085B000F7F724FE41EC100BBDE8F0875EEA0003FC
:1085C00026D0BE452FD0BA4522D0AAEB0E0E4FEAD8
:1085D0002E5EBEF13C0F3ADC00293CDA1EF13C0F66
:1085E00039DA00200021012E51D0022E42D0002E77
:1085F000E0D037A3D3E90023F7F7FEFD36A3D3E994
:108600000023F7F7F9FDD5E7BDE8F04700F084B89F
:10861000B9F1000F13DB32A1D1E90001CAE710EE76
:10862000100A2946C6E7F24535D0022E0BD0032E9C
:10863000B8D0012E4FF0000037D00021BAE72AA1B0
:10864000D1E90001B6E724A1D1E90001B2E724A1F4
:10865000D1E90001C7E702460B4620462946F8F754
:10866000ADF841EC100B00F003FA00F055F851ECB6
:10867000100BB8E716A3D3E90023F7F7BDFD0246B8
:108680000B4615A1D1E90001F7F7B6FD92E701F11C
:10869000004319468EE7022E12D0032E0CD0012E75
:1086A00006D013A1D1E9000184E74FF0004181E732
:1086B00011A1D1E900017DE711A1D1E9000179E71C
:1086C00011A1D1E9000175E7182D4454FB2109C01F
:1086D000075C143326A6A13C182D4454FB21094005
:1086E000182D4454FB21F93F182D4454FB21F9BFA8
:1086F000182D4454FB21E93F182D4454FB21E9BFB8
:10870000D221337F7CD902C0D221337F7CD9024071
:108710000000F07F000000002DE9F84F55EC104BF1
:10872000C94B25F000469E42AA4610DDC74B9E422B
:1087300000F3B58000F0B080BAF1000F40F3F9808B
:10874000A5A1D1E9000141EC100BBDE8F88FC04BA9
:108750009E4200F3C380A3F1DE739E4240F3A980E2
:108760004FF0FF3B22462B4620462946F7F7FCFEFA
:1087700002460B4680468946F7F7F6FE98A3D3E9F2
:10878000002306460F46F7F7EFFE97A3D3E9002331
:10879000F7F734FD32463B46F7F7E6FE94A3D3E9FC
:1087A0000023F7F72BFD32463B46F7F7DDFE92A399
:1087B000D3E90023F7F722FD32463B46F7F7D4FE14
:1087C0008FA3D3E90023F7F719FD32463B46F7F7AD
:1087D000CBFE8DA3D3E90023F7F710FD42464B46AD
:1087E000F7F7C2FE8AA3D3E90023804689463046C4
:1087F0003946F7F7B9FE88A3D3E90023F7F7FCFC65
:1088000032463B46F7F7B0FE85A3D3E90023F7F7DE
:10881000F3FC32463B46F7F7A7FE83A3D3E90023D8
:10882000F7F7EAFC32463B46F7F79EFE80A3D3E912
:108830000023F7F7E1FC32463B46F7F795FE024688
:108840000B4640464946F7F7D9FC22462B46F7F738
:108850008BFEBBF1FF3F02460B466ED07D4B7E4E3A
:108860004FEACB0B5B44D3E90023F7F7C5FC224664
:108870002B46F7F7C1FCB34402460B46DBE9000187
:10888000F7F7BAFCBAF1000F0FDA01F1004319460D
:1088900041EC100BBDE8F88F002C3FF44DAF2246A1
:1088A0002B4620462946F7F7A9FC41EC100BBDE802
:1088B000F88F61A3D3E9002310EE100A2946F7F7D9
:1088C0009DFC0022654BF8F7DFF800283FF448AF25
:1088D0002046294641EC100BBDE8F88F00F0C8F89F
:1088E0005F4B9E4255EC104B2FDCA3F550239E426C
:1088F00058DC10EE102A10EE100A2B462946F7F726
:108900007DFC0022554BF7F777FC002206460F4608
:108910004FF0804320462946F7F770FC02460B468D
:1089200030463946F7F74AFF4FF0000B04460D4634
:1089300018E743A1D1E90001B7E720462946F7F738
:108940005BFC41EC100BBDE8F88F464B9E421DDCF2
:1089500010EE100A0022444B2946F7F74DFC002286
:1089600006460F46404B20462946F7F7FDFD0022FC
:108970003A4BF7F743FC02460B4630463946F7F7C9
:108980001DFF4FF0020B04460D46EBE62B4610EEA2
:10899000102A00203549F7F711FF4FF0030B04466A
:1089A0000D46DFE610EE100A00222C4B2946F7F7A1
:1089B00023FC002206460F46284B20462946F7F79F
:1089C0001DFC02460B4630463946F7F7F7FE4FF0DE
:1089D000010B04460D46C5E6182D4454FB21F93F12
:1089E00011DA22E33AAD903FEB0D76244B7BA93FA1
:1089F000513DD0A0660DB13F6E204CC5CD45B73F6F
:108A0000FF8300922449C23F0D5555555555D53F1A
:108A10002F6C6A2C44B4A2BF9AFDDE522DDEAD3F0E
:108A20006D9A74AFF2B0B33F711623FEC671BC3FAE
:108A3000C4EB98999999C93F9C7500883CE4377EAE
:108A4000182D4454FB21F9BFFFFF0F440000F07FB5
:108A5000FFFFDB3FD0C50008B0C500080000F03FB5
:108A6000FFFFF23FFF7F03400000F83F0000F0BF30
:108A700051EC100B10EE102A21F0004343EC102BA8
:108A8000704700BF014B1868704700BF14000020FA
:108A900070B50D4E0D4CA41BA4100025A54209D1A4
:108AA0000B4E0C4C02F078FDA41BA4100025A5422F
:108AB00005D170BD56F8253098470135EEE756F8D8
:108AC000253098470135F2E7C0C80008C0C8000843
:108AD000C0C80008C4C80008024B0146186800F06E
:108AE00065B800BF1400002010B5431E0A4491422F
:108AF00000D110BD11F8014B03F8014FF7E7024414
:108B00000346934200D1704703F8011BF9E70000C8
:108B100038B50546002945D051F8043C0C1F002B00
:108B2000B8BFE41801F0BAFE1F4A1368104633B903
:108B3000636014602846BDE8384001F0B0BEA3422F
:108B40000CD921686218934204BF1A685B6863609D
:108B500004BF521822600460ECE713465A680AB159
:108B6000A242FAD919685818A0420BD120680144D2
:108B7000581882421960DDD1106852685A60014469
:108B80001960D7E702D90C232B60D3E7206821189E
:108B90008A4204BF11685268626004BF09182160EC
:108BA0005C60C7E738BD00BFF8C7002070B5CD1CBA
:108BB00025F0030508350C2D38BF0C25002D064681
:108BC00001DBA94203D90C233360002070BD01F002
:108BD00065FE214A1468214691B9204C23681BB9CF
:108BE000304600F015FD20602946304600F010FDAB
:108BF000431C24D10C233360304601F050FEE4E7DF
:108C00000B685B1B18D40B2B0FD90B60CD50CC1805
:108C1000304601F044FE04F10B00231D20F0070054
:108C2000C31AD3D05A42E250D0E78C424B6816BFE9
:108C3000636013600C46EBE70C464968CCE7C41C44
:108C400024F00304A04205D0211A304600F0E0FCD5
:108C50000130CFD02560DBE7F8C70020FCC700203B
:108C60002DE9FF4755EC104B0D9FDDF830A0002D8E
:108C70000E4691461946B8BF22462B4627F02007DC
:108C8000BBBF05F100431D4600232D23B8BF14468A
:108C9000462F0B7004D0452F00D10136022100E091
:108CA000032103AB019302AB00933246534645ECDC
:108CB000104B00F03DFE472F804602D119F0010F06
:108CC00026D0462F08EB060911D198F80030302B3A
:108CD0000AD10022002320462946F7F7ADFE18B935
:108CE000C6F10106CAF80060DAF8003099440022A3
:108CF000002320462946F7F79FFE38B93022039B10
:108D00004B4505D2591C03911A70F8E7CDF80C9029
:108D1000039B0E9AA3EB08034046136004B0BDE822
:108D2000F087F7B500290446BABF49422D232B230B
:108D3000092904F8022B437020DD0DF107031F46BB
:108D40000A2691FBF6F506FB15113031092D03F8C3
:108D5000011C03F1FF32294609DC3031023B02F8E5
:108D6000011CBB42224604D3101A03B0F0BD1346C7
:108D7000E7E713F8012B04F8012BF2E7302319443D
:108D80008370021DC170EFE72DE9F04F8DB00C46E6
:108D9000DDF8588016461F46054601F0FBFC0368C7
:108DA00004931846F8F74AF800230A93D8F80030DD
:108DB0000590073323F0070303F1080294F818A085
:108DC000D4F800B0C8F80020D3E90023C4E9122386
:108DD000D4E9128929F000430793CDF818804FF0A9
:108DE000FF32A74BDDE90601F8F782F870BB4FF0C0
:108DF000FF32A34BDDE90601F7F732FE30BB00225C
:108E0000002340464946F7F721FE10B12D2384F890
:108E100043309C4A9C4BBAF1470F8CBF9046984612
:108E200003232BF00402236122604FF00009009716
:108E300033460BAA2146284600F0E6F9013040F0FF
:108E40008D804FF0FF300DB0BDE8F08F42464B46AD
:108E500040464946F8F74CF810B18C4A8C4BDAE79B
:108E600061684B1C4BF480620AA83ED10623636004
:108E70000023CDE9020309AB009349EC108B0DF1FF
:108E800023032260CDF804A061682846FFF7E8FEBE
:108E90000AF0DF03472B804609D1099BD81C02DB6F
:108EA0006268934247DDAAF1020A5FFA8AFABAF1D0
:108EB000650F099924D80139524604F150000991EF
:108EC000FFF72FFF0A9A1318012A8146236102DC5B
:108ED0002268D10701D5013323619DF82330002B8F
:108EE000A5D02D2384F84330A1E7BAF1670F00F035
:108EF0007781BAF1470FBBD10029B9D10123B6E779
:108F0000BAF1660F19D1002963680CDD216113B92C
:108F10002268D20702D501330B442361099BA36564
:108F20004FF00009D9E713B92268D00701D5023301
:108F3000F3E70123F1E74FF0670ADDE909329342D5
:108F400005DB22682361D107E8D50133E5E7002B73
:108F5000D4BFC3F1020301231344DEE723685A059B
:108F600007D42369424631462846B84701302BD101
:108F700067E7BAF1650F40F2DC8000220023D4E9F4
:108F80001201F7F759FD002833D00123414A314639
:108F90002846B84701303FF454AFDDE909239A422F
:108FA00002DB2368D8070FD5DDE9042331462846C4
:108FB000B84701303FF445AF4FF0000804F11A09FB
:108FC0000A9B013B434509DC23689B0700F10381B1
:108FD000E0680B9B9842B8BF184634E701234A4625
:108FE00031462846B84701303FF42BAF08F101085D
:108FF000E6E7099B002B2BDC0123264A3146284655
:10900000B84701303FF41DAF099B23B90A9B13B940
:109010002368D907D8D5DDE9042331462846B84767
:1090200001303FF40EAF4FF0000904F11A0A099B1A
:109030005B424B4501DC0A9B94E7012352463146D3
:109040002846B84701303FF4FCAE09F10109EEE7CC
:109050000A9AA36D9A42A8BF1A46002A914607DDD4
:109060001346314642462846B84701303FF4E9AE40
:1090700004F11A034FF0000B29EAE979069315E091
:10908000FFFFEF7FF8C50008F4C5000800C6000820
:10909000FCC5000804C600080123069A314628468C
:1090A000B84701303FF4CDAE0BF1010BD4F858A016
:1090B000AAEB09035B45EFDCDDE909239A42D044C2
:1090C00015DB2368DA0712D40A9B0999A3EB0A027D
:1090D000A3EB010A9245A8BF9246BAF1000F0EDC3D
:1090E0004FF000082AEAEA7A04F11A0919E0DDE9EA
:1090F000042331462846B8470130E5D1A1E653465E
:10910000424631462846B8470130E9D199E6012365
:109110004A4631462846B84701303FF492AE08F13E
:109120000108DDE909239B1AA3EB0A034345EEDCA2
:109130004AE70A9A012A01DCDB073AD501234246B5
:1091400031462846B84701303FF47BAEDDE90423C1
:1091500031462846B847013008F101083FF471AEA6
:109160000A9B002203F1FF3AD4E912010023F7F72A
:1091700063FCC8B95346424631462846B8470130D9
:109180000ED15EE60123524631462846B8470130EB
:109190003FF457AE08F101080A9B013B4345F1DC5F
:1091A0004B4604F15002DEE64FF0000804F11A0AC3
:1091B000F2E70123DFE701234A4631462846B84754
:1091C00001303FF43EAE08F10108E3680B9A9B1AA8
:1091D0004345F0DCFCE64FF0000804F11909F4E720
:1091E00000293FF48BAE0023CDE9020309AB0093C5
:1091F00049EC108B2260CDF804A00DF12303284622
:10920000FFF72EFD804648E62DE9F04791461F46C0
:109210008A680B69DDF820809342B8BF1346C9F80D
:10922000003091F8432006460C4612B10133C9F8CC
:1092300000302368990642BFD9F800300233C9F8DC
:109240000030256815F0060507D104F1190AE36816
:10925000D9F800209B1AAB4228DC94F843302268EE
:10926000003318BF012392062DD404F1430239467E
:109270003046C047013020D02368E568D9F8002087
:1092800003F00603042B08BFAD1AA36822690CBFC4
:1092900025EAE57500259342C4BF9B1AED184FF0EF
:1092A00000091A344D451AD1002008E00123524626
:1092B00039463046C047013003D14FF0FF30BDE89A
:1092C000F0870135C3E7E1185A1C302081F84300CC
:1092D000224494F8451082F843100233C5E7012375
:1092E000224639463046C0470130E6D009F101092F
:1092F000D8E700002DE9F04301F1430C0C46097E4C
:1093000085B06E291746064698460C9A00F0B38041
:1093100022D8632936D00AD8002900F0B98058290C
:1093200000F0838004F1420584F8421032E06429A1
:1093300001D06929F6D120681368050603F10401FC
:109340002AD51B681160002B03DA2D225B4284F8BA
:1093500043206F480A2239E0732900F09D8008D825
:109360006F2920D07029DDD1236843F020032360CA
:1093700003E0752917D07829D4D1782384F84530B3
:10938000644855E01368191D1B68116004F142051B
:1093900084F8423001238CE01B68116010F0400F0C
:1093A00018BF1BB2CFE713682568181D1060280688
:1093B00001D51B6802E06806FBD51B8854486F295D
:1093C00014BF0A220822002184F843106568A560B2
:1093D000002DC0F29580216821F004012160002B4E
:1093E0003DD1002D40F08E806546082A0BD12368C0
:1093F000DB0708D5236962689A42DEBF302305F88F
:10940000013C05F1FF35ACEB05032361CDF800808D
:109410003B4603AA21463046FFF7F6FE01304DD108
:109420004FF0FF3005B0BDE8F083394884F84510AF
:10943000136821681D1D1B6815600A060BD5CA0735
:1094400044BF41F0200121601BB9226822F02002B4
:1094500022601022B7E74D0648BF9BB2EFE7654692
:10946000B3FBF2F102FB1133C35C05F8013D0B467F
:109470000029F5D1B9E7136825686169181D1060E6
:1094800028061B6801D5196002E06A06FBD5198021
:10949000002323616546B9E71368191D11601D6833
:1094A000626800212846F7F7D3FC08B1401B6060D2
:1094B00063682361002384F84330A7E723692A46C1
:1094C00039463046C0470130AAD023689B0713D4E1
:1094D000E068039B9842B8BF1846A3E701234A46B9
:1094E00039463046C04701309AD00135E368039AC7
:1094F0009B1AAB42F2DCEBE7002504F11909F5E712
:10950000002BACD1037884F8423004F142056CE7BB
:1095100006C6000817C600080FB40A4B13B51C682E
:1095200024B1A36913B9204601F0AAF805AB049A47
:10953000A1680193204601F019FE02B0BDE8104079
:1095400004B070471400002070B50E46054618B1EF
:1095500083690BB901F094F8AB69AC6813B928467C
:1095600001F08EF8234B9C4217D16C68A3891B072E
:109570001DD52369DBB1013EA36816F8011F013B2D
:10958000A360E9B9002B2EDA22460A21284600F012
:1095900083F8013011D00A2011E0174B9C4201D111
:1095A000AC68E3E7154B9C4208BFEC68DEE7214658
:1095B000284600F0C3F80028DDD04FF0FF3070BD22
:1095C000002B04DAA2699A4206DC0A2904D0236837
:1095D0005A1C22601970CFE72246284600F05CF83A
:1095E0000130C9D1E9E723680A205A1C22601870AB
:1095F000E5E700BF58C6000878C6000838C600086E
:10960000024B01461868FFF79FBF00BF14000020FF
:1096100038B5064C0023054608462360FEF700FED9
:10962000431C02D1236803B12B6038BD3C6C012080
:109630000EB400B59CB01DAB029006906FF00041D7
:10964000094807910491094953F8042B05910068D2
:10965000019302A901F068FC029B00221A701CB061
:109660005DF804EB03B07047140000200802FFFF10
:1096700030B503461C785D1C44B912F1FF3204D3A7
:1096800011F8014B03F8014B14B930BD2B46F1E73B
:10969000002AF2D11A70F0E7F8B50E4614460546D6
:1096A00018B183690BB900F0EBFF214B9C422AD122
:1096B0006C68A369A360A3891A072ED5236963B3D5
:1096C00023692068C01A6369F6B28342374604DC16
:1096D0002146284600F06AFF28BBA368013BA3602F
:1096E00023685A1C22601E7063690130834204D0D3
:1096F000A389DB0719D50A2E17D12146284600F089
:1097000055FF90B10FE00B4B9C4201D1AC68D0E704
:10971000094B9C4208BFEC68CBE72146284600F085
:109720000DF80028CCD04FF0FF373846F8BD00BF09
:1097300058C6000878C6000838C60008324B70B515
:109740001D6806460C4625B1AB6913B9284600F0E2
:1097500097FF2E4B9C420FD16C68B4F90C309AB233
:1097600015072CD4D00611D40922326043F04003EF
:10977000A3814FF0FF303EE0254B9C4201D1AC6805
:10978000EBE7244B9C4208BFEC68E6E7510712D593
:10979000616B41B104F14403994202D03046FFF7B6
:1097A000B7F900236363A38923F02403A381002373
:1097B000636023692360A38943F00803A3812369BD
:1097C0004BB9A38903F42073B3F5007F03D021467E
:1097D000304601F011F8A28912F001030CD00023E9
:1097E000A36063695B42A361236953B9B4F90C3088
:1097F00013F08000BAD170BD920758BF6369A360AF
:10980000F2E70020F7E700BF1400002058C6000868
:1098100078C6000838C600082DE9F74F03690C69BF
:10982000A3428046C0F28280013C01F114074FEA56
:10983000840C00F1140657F8245056F8240006EB67
:109840000C03013507EB0C090193B0FBF5F595B35B
:109850004FF0000A3846B646D34650F8042B93B270
:1098600005FB03A34FEA134A9BB2ABEB0303120CB5
:10987000DEF800B005FB02A213FA8BF34FEA124A9E
:109880001FFA82FBDEF80020CBEB124202EB2342F0
:109890009BB243EA024381454FEA224B4EF8043B18
:1098A000DBD256F80C3033B9019B043B9E421A467A
:1098B00030D3C8F81040404601F008FA002825DBF4
:1098C000013530464FF0000C57F8042BD0F800E07B
:1098D00093B2ACEB0303120C13FA8EF3C2EB1E42ED
:1098E00002EB23429BB243EA0243B9454FEA224CC2
:1098F00040F8043BE8D256F8242006EB84032AB94A
:10990000043B9E421A460BD3C8F81040284603B0C9
:10991000BDE8F08F1268043B002ACAD1013CC5E7BC
:109920001268043B002AEFD1013CEAE70020EEE791
:109930002DE9F04F57EC106B97B0456A069104463D
:109940000B921293DDF88080CDE900673DB91020BD
:10995000FFF7C2F86062C0E901550560C560636A3F
:10996000196851B15A684A60012393408B602046C0
:1099700000F0CAFF636A00221A603B1EBBBF23F0DF
:109980000043019300230122ACBFC8F80030C8F89F
:109990000020AF4BDDF8048033EA080314D1129A9B
:1099A00042F20F731360009B23B9C8F31300002821
:1099B00000F04285219BDFF8ACB2002B00F044851B
:1099C0000BF1030300F03EBDDDE900670022002338
:1099D00030463946F7F730F8814668B1129A0123CC
:1099E0001360219B002B00F024859A4B219A03F1F0
:1099F000FF3B136000F028BD14AA15A947EC106BBB
:109A0000204601F0DAF9C8F30A550490002D7CD005
:109A1000C7F3130343F07F5BB2464BF4401BA5F240
:109A2000FF35CDF84C9000228B4B50465946F6F747
:109A3000E3FB81A3D3E90023F6F796FD80A3D3E9E6
:109A40000023F6F7DBFB064628460F46F6F722FD15
:109A50007DA3D3E90023F6F787FD02460B46304687
:109A60003946F6F7CBFB06460F46F7F757FA0022C2
:109A70008246002330463946F6F7E8FF48B15046A3
:109A8000F6F708FD32463B46F6F7D6FF08B90AF16D
:109A9000FF3ABAF1160F59D8704901EBCA01DDE956
:109AA0000023D1E90001F6F7EFFF002850D00AF1BA
:109AB000FF3A00230F93149B5D1BB5F1010849BFCA
:109AC000C5F10103002305934FF0000858BF05932B
:109AD000BAF1000F3EDB0023D044CDF838A0079345
:109AE000069B092B00F29080052BC4BF043B069314
:109AF000069BA3F10203CCBF00250125032B00F236
:109B00008F80DFE803F07D7F3171DDE914531D4460
:109B100005F23240202813DDC0F14000009B08FA16
:109B200000F805F2124023FA00F048EA0000F6F7C8
:109B3000A1FC01238246A1F1F87B013D139372E75A
:109B4000009BC0F1200003FA00F0F0E70123B1E729
:109B50000F90B0E7059BA3EB0A030593CAF100033E
:109B6000079300230E93BBE701230A930B9B002B63
:109B700059DD02939946666A00227260042202F15E
:109B800014009842716853D9204600F089FE636A38
:109B90003060B9F10E0FD3F800B000F2E680002D6E
:109BA00000F0E3809DED007BBAF1000F8DED107B9E
:109BB00074DD2A4A0AF00F0302EBC30393ED007B26
:109BC0004FEA2A16F0068DED087B65D5244BDDE9BA
:109BD0001001D3E90823F6F7F1FDCDE9000106F005
:109BE0000F0603251E4F4CE001230A930B9B5344A1
:109BF00003F1010902934B46012BB8BF0123BAE7D9
:109C00000023B2E70023F0E70125002306930A951D
:109C10004FF0FF3302939946002212230B92AAE7DA
:109C200001230A93F4E70123029399461A46F5E7C4
:109C3000013171605200A2E761436F63A787D23F91
:109C4000B3C8608B288AC63FFB799F501344D33F2B
:109C50000000F07F05C600080000F83FD0C60008ED
:109C6000A8C6000831C60008F10708D5DDE90801DB
:109C7000D7E90023F6F778FCCDE908010135761025
:109C80000837002EF0D1DDE90823DDE90001F6F701
:109C900095FDCDE900011AE00225A3E700F0A080C0
:109CA000CAF100069F4BA04F06F00F0203EBC20360
:109CB000D3E90023DDE91001F6F756FCCDE90001F8
:109CC000361100230225002E7FD1002BE1D10F9BFE
:109CD000002B00F08780DDE900670022934B3046BF
:109CE0003946F6F7B3FE00287CD0B9F1000F79D0E1
:109CF000029B002B35DD0AF1FF3308933946002221
:109D00008B4B3046F6F730FCCDE90001029F013560
:109D10002846F6F7BFFBDDE90023F6F725FC002215
:109D2000844BF6F76BFA0546A1F15076002F5DD112
:109D30000022814BDDE90001F6F75EFA2A46334640
:109D4000CDE90001F6F7A0FE002840F088822A46FF
:109D500006F10043DDE90001F6F778FE002840F047
:109D60007C82DDE91023CDE90023159B002BC0F296
:109D70005081BAF10E0F00F34C816A4B03EBCA031A
:109D800093ED007B0B9B002B8DED027B80F2D88046
:109D9000B9F1000F00F3D48040F05E820022664BE0
:109DA00051EC170BF6F7E0FBDDE90023F6F762FE56
:109DB0004F464E46002840F0348231230BF1010516
:109DC0008BF800300AF1010A2FE2F20705D5D7E936
:109DD0000023F6F7C9FB013501237610083772E737
:109DE000022574E7CDF820A04F4691E74D4B03EBD9
:109DF000C70353E902010A9B002B47D002460B46DA
:109E000000204E49F6F7DAFC2A463346F6F7F4F915
:109E1000CDE90C015D46DDE90001F7F77FF8064664
:109E2000F6F738FB02460B46DDE90001F6F7E4F9E8
:109E3000303605F8016BDDE90C23CDE90001F6F7BA
:109E400005FE002863D1DDE9002300203749F6F73D
:109E5000D3F9DDE90C23F6F7F9FD002840F0B780CF
:109E6000A5EB0B039F427FF77CAF0022304BDDE96F
:109E70000C01F6F779FB0022CDE90C012C4BDDE952
:109E80000001F6F771FBCDE90001C4E72A4633462D
:109E9000F6F76AFBCDE90C010BEB07055E46DDE941
:109EA0000001F7F73BF80746F6F7F4FA30370246B9
:109EB0000B46DDE90001F6F79FF906F8017BAE429B
:109EC000CDE900014FF0000226D11C4BDDE90C0169
:109ED000F6F794F902460B46DDE90001F6F7D4FDEA
:109EE000002874D1DDE90C2300201449F6F784F929
:109EF00002460B46DDE90001F6F7A8FD00283FF415
:109F000030AF15F8013C302B05F1FF3202D0DDF8FF
:109F100020A04AE01546F4E7054BF6F725FBCDE90E
:109F20000001BCE7D0C60008A8C600080000F03F4A
:109F30000000244000001C40000014400000E03FEE
:109F4000DDE900675D46DDE9022330463946F6F774
:109F500035FCF6F7E3FF8046F6F79CFADDE90223CD
:109F6000F6F702FB02460B463046394608F130064A
:109F7000F6F742F905F8016BA5EB0B06B145024671
:109F80000B4639D1F6F73AF9DDE9022306460F46CA
:109F9000F6F77AFDC8B9DDE9022330463946F6F70F
:109FA0004BFD10B118F0010F0FD10499204600F0BD
:109FB000ABFC0023129A2B700AF101031360219B62
:109FC000002B00F041821D603EE2CDF820A015F884
:109FD000012C392A05F1FF3308D19B450AD1089B92
:109FE0000133089330238BF800305B461A78013236
:109FF0001A708CE71D46EAE700229B4BF6F7B4FA8D
:10A000000022002306460F46F6F716FD00289AD0D8
:10A01000CBE70A9A002A00F08B80069A012A6EDCB0
:10A02000139A002A67D003F23343079F059D059AD0
:10A0300001211A4420460592984400F005FD064689
:10A04000002D0CDDB8F1000F09DD4545059A2B46C2
:10A05000A8BF4346D21A0592ED1AA8EB0308079B46
:10A06000EBB10A9B002B67D08FB131463A462046B0
:10A0700000F08AFD049A01460646204600F0EDFCF9
:10A0800004990890204600F03FFC089B0493079B2E
:10A09000DA1B04D00499204600F076FD04900121DB
:10A0A000204600F0D1FC0E9B0746002B00F0D0812B
:10A0B0001A460146204600F067FD069B012B074625
:10A0C00040DC009B002B39D1019BC3F31303002B11
:10A0D00036D1019B23F000431B0D1B052BB1059BC3
:10A0E0000133059308F10108012307930E9B002B10
:10A0F0002AD1012030E0149BC3F1360395E7079B7A
:10A1000009F1FF37BB42BFBF079B0797FA1A0E9BA7
:10A11000BBBF9B180E93DF1B0027B9F1000FB5BF23
:10A12000059B059DA3EB09054B46B8BF00237EE7C1
:10A13000079F059D0A9E83E7079AABE70023D4E7B4
:10A14000009BD2E7002307933B6907EB8303186961
:10A1500000F02CFCC0F12000404410F01F0047D05C
:10A16000C0F12003042B3BDD059BC0F11C00034420
:10A17000059305448044059B002B05DD1A46049990
:10A18000204600F04FFD0490B8F1000F05DD394680
:10A190004246204600F046FD07460F9B53B3394622
:10A1A000049800F093FD002824DA00230A22049981
:10A1B000204600F0C0FB0A9B04900AF1FF3A002BF6
:10A1C00000F04D81002331460A22204600F0B3FB07
:10A1D000029B002B06464FDC069B022B4CDD11E058
:10A1E000C9D0059A1C331A4405921D449844C2E70D
:10A1F0000346F6E7B9F1000F38DC069B022B35DD8C
:10A20000CDF80890029B63B939460522204600F03C
:10A2100092FB01460746049800F058FD00283FF7DE
:10A22000CCAD0B9B5D466FEA030A4FF0000939463F
:10A23000204600F069FB002E3FF4B7AEB9F1000FE5
:10A2400005D0B14503D04946204600F05DFB3146BC
:10A25000204600F059FBA8E600273E46E1E7DDF87E
:10A2600020A03E46A9E500BF000024400A9BCDF88F
:10A270000890002B00F0FA80002D05DD31462A46BB
:10A28000204600F0CFFC0646079B002B4CD071689F
:10A29000204600F005FB326902320546920006F1C5
:10A2A0000C010C30FEF720FC01222946204600F06C
:10A2B000B9FC009BCDF814B003F00103B14607933D
:10A2C000064639460498FFF7A7FA4946054600F1C5
:10A2D0003008049800F0FAFC3246009039462046D7
:10A2E00000F00EFDC368024603BB014608900498C7
:10A2F00000F0ECFC089A034611462046089300F053
:10A3000003FB089BA3B9069A92B9079A82B9B8F1E0
:10A31000390F29D0009B002B01DD05F13108059B89
:10A320005D1C83F8008082E73046C2E70123E3E743
:10A33000009A002A04DB25D1069A1ABB079A0ABBA9
:10A34000002BECDD01220499204600F06BFC39461D
:10A35000049000F0BBFC002803DCE0D118F0010FF2
:10A36000DDD0B8F1390FD8D1059B059A5D1C392392
:10A37000137015F8013C392B05F1FF324FD0013332
:10A38000137054E7059A002B02F1010506DDB8F1C0
:10A39000390FE9D008F10108059BC2E7029A05F8D8
:10A3A000018CA5EB0B03934221D000230A220499D0
:10A3B000204600F0C0FAB14504904FF000034FF082
:10A3C0000A024946204605D100F0B5FA8146064604
:10A3D000059576E700F0AFFA3146814600230A2260
:10A3E000204600F0A8FA0646F2E74FF000090122E5
:10A3F0000499204600F016FC3946049000F066FCF3
:10A400000028B6DC02D118F0010FB2D115F8013CDA
:10A41000302B05F1FF327FF40AAF1546F6E793457E
:10A4200005D131230AF1010A8BF80030FFE6154609
:10A430009FE7DFF864B007E0219BDFF860B01BB155
:10A440000BF10803219A1360584617B0BDE8F08F4E
:10A45000069B012B7FF735AE0E9B079349E6029BC7
:10A46000002B03DC069B022B3FF7CCAE5D46394642
:10A470000498FFF7D1F900F1300805F8018B029A32
:10A48000A5EB0B039A42B0DD00230A220499204673
:10A4900000F051FA0490EAE704C6000828C6000854
:10A4A0008A892DE9F041054610070C4658D44B68BF
:10A4B000002B05DC0B6C002B02DC0020BDE8F081DA
:10A4C000E66A002EF9D0002312F480522F68216A28
:10A4D0002B6032D0606DA3895A0705D56368C01A16
:10A4E000636B0BB1236CC01A00230246E66A216A33
:10A4F0002846B047431CA38906D129681D2948D89E
:10A50000294ACA40D60744D500226260D90422698C
:10A51000226004D5421C01D12B6803B96065616BD0
:10A520002F600029C9D004F14403994202D0284683
:10A53000FEF7EEFA00206063C0E701232846B0472B
:10A54000411CC8D12B68002BC5D01D2B01D0162B68
:10A5500001D12F60B1E7A38943F04003A381ADE7A8
:10A560000F69002FA9D093070E6808BF4B690F60D1
:10A5700018BF0023A6EB07088B60B8F1000F9CDD25
:10A5800043463A46216AA66A2846B047002806DCB8
:10A59000A38943F04003A3814FF0FF308EE70744C7
:10A5A000A8EB0008E9E700BF0100402038B50B69BF
:10A5B00005460C46DBB118B183690BB900F060F8B1
:10A5C0000C4B9C4209D16C68B4F90C307BB121462C
:10A5D0002846BDE83840FFF763BF074B9C4201D1D6
:10A5E000AC68F1E7054B9C4208BFEC68ECE7002043
:10A5F00038BD00BF58C6000878C6000838C6000835
:10A60000002310B50446C0E90033836081814366AE
:10A61000C281C0E904338361194608225C30FEF729
:10A620006EFA054B6362054BA362054BE362054B73
:10A630002462236310BD00BF99B30008BBB30008B8
:10A64000F3B3000817B40008014900F085B800BF53
:10A65000ADA5000870B54A1E682555430E4605F1A4
:10A660007401FEF7A3FA044640B10021C0E90016C8
:10A670000C30A06005F16802FEF741FA204670BD7B
:10A68000836910B5044633BBC0E912330365124B2E
:10A69000124A1B688262984204BF0123836100F062
:10A6A0001FF86060204600F01BF8A060204600F014
:10A6B00017F80022E06004216068FFF7A1FF012283
:10A6C0000921A068FFF79CFF02221221E068FFF732
:10A6D00097FF0123A36110BDF0C5000849A600083B
:10A6E000F8B51B4B1E68B369074613B93046FFF730
:10A6F000C7FF4836D6E90134013B03D5336833B18F
:10A700003668F7E7B4F90C506DB16834F4E704210A
:10A710003846FFF79FFF30600028F1D10C233B60E3
:10A7200004462046F8BD0B4B6566C4E90055A5609C
:10A73000C4E90335C4E905550822294604F15C0043
:10A74000FEF7DDF9C4E90D55C4E91255E9E700BF8C
:10A75000F0C500080100FFFF2DE9F8438046894657
:10A7600000F14804002614B93046BDE8F883D4E966
:10A770000175013F01D52468F5E7AB89012B07D9A5
:10A78000B5F90E30013303D029464046C847064389
:10A790006835EEE7044B1B68186A044B002808BFB5
:10A7A0001846F030704700BF1400002078000020E9
:10A7B00070B50E46B1F90E10002996B014461D462C
:10A7C00007DA00232B60B3891A0610D44FF4806394
:10A7D0000EE06A4600F052FE0028F2DB019A02F415
:10A7E0007042A2F500535A425A412A60EEE74023D4
:10A7F0000020236016B070BD8B8973B59D07064697
:10A800000C4607D504F147032360236101236361EC
:10A8100002B070BD01AB6A46FFF7CAFF009905465A
:10A820003046FEF7C3F948B9B4F90C309A05EFD4B5
:10A8300023F0030343F00203A381E3E70D4BB3626C
:10A84000A389206043F08003A381009B6361019B87
:10A8500020615BB1B4F90E10304600F021FE28B142
:10A86000A38923F0030343F00103A381A3891D43BC
:10A87000A581CDE749A6000882B001B901A942B17E
:10A880004BB113780B601278101C18BF012002B076
:10A8900070471046FBE76FF00100F8E7704770471C
:10A8A00070B5456A04460E463DB91020FEF714F90E
:10A8B0006062C0E901550560C560656AEB6883B1F7
:10A8C000636ADB6853F82600B8B9012101FA06F57E
:10A8D0006A1D9200204600F0BFFA60B1C0E9016530
:10A8E0000EE021220421204600F0B6FA636AE860F7
:10A8F000DB68002BE4D1002070BD026843F82620FD
:10A900000023C0E90333F7E770B5446A06460D46F5
:10A910003CB91020FEF7E0F87062C0E90144046021
:10A92000C4603DB1736A6A68DB6853F8221029601D
:10A9300043F8225070BD2DE9F0410D691F460646CF
:10A940000C4601F1140C0023DCF8000081B202FB7C
:10A9500001710F0C000C02FB007089B2013301EB96
:10A9600000419D424FEA10474CF8041BECDCD7B184
:10A97000A368AB4212DC616830460131FFF790FFFB
:10A980002269023204F10C01804692000C30FEF77D
:10A99000ABF821463046FFF7B7FF444604EB85038A
:10A9A00001355F6125612046BDE8F081020C12048B
:10A9B0000346B2B90304102013F07F4F04BF1B02FB
:10A9C000083013F0704F04BF1B01043013F0404FE8
:10A9D00004BF9B000230002B06DB5B0003D5013077
:10A9E00070470020E8E720207047036813F0070253
:10A9F00001460BD0DA0723D4980749BF5B089B08B0
:10AA000001200B605CBF0B600220704798B2A8B9B0
:10AA10001B0C102013F0FF0F04BF1B0A08301A078D
:10AA200004BF1B0904309A0704BF9B080230DA07F1
:10AA300002D45B0806D001300B6070471046E9E78E
:10AA4000002070472020704710B50C460121FFF709
:10AA500027FF01224461026110BD2DE9F74F144622
:10AA60000A6923699A42B8BF0B468846BCBFA04614
:10AA70001C46D8F81070D4F81090D8F80830D8F8E0
:10AA8000041007EB0906B342B8BF0131FFF708FF16
:10AA900000F1140505EB860E2B460022734516D3F4
:10AAA00004F1140208F1140102EB890301EB87079A
:10AAB0000093009B019293420CD8002E03DD5EF8B8
:10AAC000043D002B5DD0066103B0BDE8F08F43F874
:10AAD000042BE3E7B2F800B0BBF1000F23D08946A6
:10AAE000AC464FF0000859F8044BDCF800A0A3B2C4
:10AAF0001FFA8AFA0BFB03A34FEA144ADCF8004062
:10AB000043444FEA14480BFB0A8404EB1344E24627
:10AB10009BB243EA04434F454FEA14484AF8043BCA
:10AB20002BD8CCF80480019BB3F802A00432BAF110
:10AB3000000F20D02B688946A8464FF0000BB9F8CB
:10AB400000C0B8F802400AFB0C445C44C4469BB207
:10AB500043EA04434CF8043B59F8043BB8F804B00A
:10AB60001B0C0AFB03B303EB14434F454FEA134B93
:10AB700005D8C8F8043004359BE7D446B3E7E0466F
:10AB8000DDE7013E99E700002DE9F843154612F094
:10AB9000030206460F4607D0013A214C002354F821
:10ABA0002220FFF7C8FE0746AD1035D0746A3CB9C5
:10ABB0001020FDF791FF7062C0E901440460C46099
:10ABC000D6F82480D8F808404CB940F271213046BC
:10ABD000FFF73AFF0023C8F80800044603604FF06F
:10ABE0000008EB070AD5394622463046FFF735FF05
:10ABF000394681463046FFF787FE4F466D100BD031
:10AC0000206838B9224621463046FFF726FF2060EB
:10AC1000C0F800800446E4E73846BDE8F88300BF8A
:10AC200098C700082DE9F0470C464FEA621A2369DD
:10AC300049680AEB0309A3680746164609F10105AE
:10AC4000AB4232DB3846FFF72BFE0023804600F193
:10AC500014011A4653452BDB20692AEAEA7A04F1EB
:10AC6000140316F01F0201EB8A0103EB800C25D0C0
:10AC7000C2F1200E00201E688A46964030434AF8F2
:10AC8000040B53F8040B9C4520FA0EF014D84860CE
:10AC900008B109F10205013D3846C8F810502146B7
:10ACA000FFF732FE4046BDE8F08701315B00C7E7A1
:10ACB00041F823200133CDE75146DCE7043953F84E
:10ACC000042B41F8042F9C45F9D8E4E703690A698D
:10ACD0009B1A30B50CD192001430143184181144F1
:10ACE00054F8045D51F8042D954203D005D3012397
:10ACF000184630BDA042F3D3FAE74FF0FF33F7E731
:10AD00002DE9F0470D460746114628461446FFF741
:10AD1000DDFF061E08D131463846FFF7C1FD01238D
:10AD2000C0E90436BDE8F087A4BF23462C46384668
:10AD30006168A6BF1D4600260126FFF7B1FD2B69FD
:10AD4000C660266905F1140904F1140202EB8607B6
:10AD500009EB830800F114054FF0000E52F804AB24
:10AD600059F8044B1EFA8AF1A3B2C91A230CC3EB9B
:10AD70001A4303EB214389B24FEA234EC84541EA07
:10AD80000343944645F8043BE8D8BC4504D355F842
:10AD9000043D83B10661C5E75CF8041B1EFA81F32C
:10ADA0001A1402EB11429BB243EA02434FEA224ECD
:10ADB00045F8043BE9E7013EE9E72DE9F7430E4694
:10ADC000012159EC108B1546FFF76AFDC9F30A54AF
:10ADD0000746C9F3130334BB0193B8F1000327D02E
:10ADE00002A840F8083DFFF700FE0099F0B1019A73
:10ADF000C0F1200302FA03F30B43C2407B610192CE
:10AE0000019BBB61002B14BF022101213961C4B138
:10AE1000A4F2334404443460C0F13500286038465D
:10AE200003B0BDE8F08343F48013D5E77961E7E729
:10AE300001A8FFF7DAFD019B7B6101213961203018
:10AE4000E5E707EB8103A0F2324030601869FFF7B5
:10AE5000ADFDC0EB4110E1E738B502FB01F421463E
:10AE6000FDF7A4FE054618B122460021FDF747FE76
:10AE7000284638BD2DE9F0478E689E4282460C4632
:10AE80009046994637D88A8912F4906F31D0256858
:10AE900009696F1A6569022305EB450595FBF3F512
:10AEA00009F101033B449D4238BF1D46530530D58F
:10AEB0002946FDF77BFE064650B90C23CAF8003040
:10AEC000A38943F04003A3814FF0FF30BDE8F08732
:10AED0003A462169FDF708FEA38923F4906343F005
:10AEE0008003A381266165613E44ED1B2660A56059
:10AEF0004E464E4500D94E4632464146206800F047
:10AF0000F1FAA3689B1BA36023681E4426600020FF
:10AF1000DCE72A4600F0FFFA06460028E2D1216964
:10AF20005046FDF7F5FDC8E72DE9F04F1D468B892A
:10AF30001F069DB080460C4616460FD50B696BB9AF
:10AF40004021FDF733FE2060206128B90C23C8F8AA
:10AF500000304FF0FF30C8E04023636100230993C5
:10AF600020238DF8293030238DF82A3003954FF0B7
:10AF7000010B37463D4615F8013B0BB1252B3ED161
:10AF8000B7EB060A0BD05346324621464046FFF740
:10AF900071FF013000F0A480099B534409933B7872
:10AFA000002B00F09D8000234FF0FF32CDE90523F8
:10AFB000049307938DF853301A932F46052217F800
:10AFC000011B5048F5F744FF049BD0B9D90644BF94
:10AFD00020228DF853201A0744BF2B228DF85320CE
:10AFE0002A782A2A15D0079A2F4600200A253946A2
:10AFF00011F8013B303B092B4DD9B8B10FE02F467A
:10B00000B8E7404A801A0BFA00F0184304903D4616
:10B01000D3E7039A111D12680391002A01DB0792FE
:10B0200004E0524243F00203079204933B782E2B34
:10B030000CD17B782A2B33D1039B1A1D1B680392FA
:10B04000002BB8BF4FF0FF33023705932E4D3978F0
:10B0500003222846F5F7FCFE38B14023401B03FAD3
:10B0600000F0049B034301370493397827488DF897
:10B07000281006227E1CF5F7EBFE002838D0244B62
:10B0800013BB039B073323F0070308330393099B88
:10B090004B4409936DE705FB023201200F46A6E7FA
:10B0A00000230137059319460A25384610F8012B6D
:10B0B000303A092A03D9002BC8D00591C6E705FB11
:10B0C000012101230746F0E703AB00932246114B11
:10B0D00004A94046FDF758FEB0F1FF3F8146D6D1A6
:10B0E000A3895B063FF535AF09981DB0BDE8F08F29
:10B0F00003AB00932246074B04A94046FEF7FAF83B
:10B10000EAE700BFA4C70008AAC70008AEC7000846
:10B11000898D000875AE00089368013B002B10B4C0
:10B12000936008DA9469A34201DB0A2903D15DF830
:10B13000044BFEF7B1BA1368581C1060197008462A
:10B140005DF8044B7047F8B506460F461446D5180F
:10B15000AC4201D1002007E03A4614F8011B30460A
:10B16000FFF7DAFF431CF3D1F8BD00002DE9F04FE3
:10B170000C469DB017461D46064618B183690BB9AB
:10B18000FFF77EFA7C4B9C4258D17468A38918075C
:10B190005ED52369002B5BD00023099320238DF813
:10B1A000293030238DF82A3003954FF0010BB84633
:10B1B000454615F8013B0BB1252B54D1B8EB070AD6
:10B1C0000BD053463A4621463046FFF7BCFF0130CC
:10B1D00000F0C280099B5344099398F80030002B7B
:10B1E00000F0BA8000234FF0FF32CDE9052304932D
:10B1F00007938DF853301A93A846052218F8011BBF
:10B200005E48F5F725FE049B78BBD90644BF202293
:10B210008DF853201A0744BF2B228DF853202A782B
:10B220002A2A2AD0079AA84600200A25414611F862
:10B23000013B303B092B69D960B324E0504B9C4261
:10B2400001D1B468A2E74F4B9C4208BFF4689DE768
:10B2500021463046FEF772FA00289DD04FF0FF30AD
:10B260001DB0BDE8F08FA846A2E7444A801A0BFA49
:10B2700000F0184304904546BEE7039A111D12687A
:10B280000391002A01DB079204E0524243F00203DB
:10B290000792049398F800302E2B0ED198F80130C5
:10B2A0002A2B38D1039B1A1D1B680392002BB8BFB1
:10B2B0004FF0FF3308F102080593334D98F8001062
:10B2C00003222846F5F7C4FD40B14023401B03FA92
:10B2D00000F0049B034308F10108049398F8001060
:10B2E0002A488DF82810062208F10107F5F7B0FD6D
:10B2F000002837D0264B1BBB039B073323F00703E3
:10B3000008330393099B4B44099350E705FB023232
:10B31000012088468AE7002308F1010805931946B1
:10B320000A25404610F8012B303A092A03D9002B90
:10B33000C3D00591C1E705FB012101238046F0E759
:10B3400003AB00932246134B04A93046FDF71CFDC6
:10B35000B0F1FF3F8146D5D1A3895B063FF57EAFB3
:10B3600009987DE703AB009322460A4B04A93046B7
:10B37000FDF7C0FFECE700BF58C60008A4C70008EF
:10B3800078C6000838C60008AAC70008AEC700087B
:10B39000898D000847B1000810B50C46B1F90E10B0
:10B3A00000F0E0F80028ABBF636DA3891B1823F4FD
:10B3B0008053ACBF6365A38110BD2DE9F0411F46EA
:10B3C0008B89DB0505460C46164605D5022300226F
:10B3D000B1F90E1000F074F8A389B4F90E1023F43B
:10B3E0008053A38132463B462846BDE8F04100F039
:10B3F00023B810B50C46B1F90E1000F061F8431CEB
:10B40000A38915BF606523F4805343F48053A3815F
:10B4100018BFA38110BDB1F90E1000F01FB849B1DB
:10B42000FF2A85BF8A2303600A704FF0FF3098BF60
:10B43000012070470846704738B5074C0546084656
:10B440001146002222601A46FCF70EFF431C02D16F
:10B45000236803B12B6038BD3C6C012038B5064C25
:10B460000023054608462360FCF70CFF431C02D16D
:10B47000236803B12B6038BD3C6C012038B5074C04
:10B4800000230546084611462360FCF7FEFE431CD8
:10B4900002D1236803B12B6038BD00BF3C6C012092
:10B4A00038B5064C0023054608462360FCF7F2FE3B
:10B4B000431C02D1236803B12B6038BD3C6C0120D2
:10B4C00038B5074C054608461146002222601A4648
:10B4D000FCF7E2FE431C02D1236803B12B6038BDA8
:10B4E0003C6C0120884210B501EB020307D8421ED4
:10B4F00099420AD011F8014B02F8014FF8E7834254
:10B50000F5D98118D21AD34200D110BD13F8014DDC
:10B5100001F8014DF7E7F8B5074614460E4621B984
:10B520001146BDE8F840FDF741BB22B9FDF7F0FA3E
:10B5300025462846F8BD00F027F8A0420FD2214644
:10B540003846FDF733FB05460028F2D03146224647
:10B55000FDF7CAFA31463846FDF7DAFAE9E735462B
:10B56000E7E7000038B5074C0546084611460022BB
:10B5700022601A46FCF792FE431C02D1236803B1F5
:10B580002B6038BD3C6C012051F8043C181F002B87
:10B59000BCBF0B58C0187047F8B500BFF8BC08BC5A
:10B5A0009E467047F8B500BFF8BC08BC9E46704781
:10B5B000000610160006101660C40008E9710008A5
:10B5C00000000000000000000001000054C400085A
:10B5D00015720008000000000000000000010000DB
:10B5E00048C40008F77100080000000000000000D7
:10B5F000000100003CC400082372000800000000A5
:10B60000000000000001000030C4000801720008C2
:10B6100000000000000000000001000028C4000835
:10B620000B72000800000000000000000001000094
:10B630000800000004000000C1790008E979000852
:10B64000F17900085D7A0008C97A0008000000005E
:10B6500000000000010203040607080900000000C2
:10B66000010203042E2E2F447269766572732F53E4
:10B67000544D3332463478785F48414C5F447269A8
:10B680007665722F5372632F73746D33326634781C
:10B69000785F68616C5F6164632E63002E2E2F44B7
:10B6A0007269766572732F53544D3332463478780D
:10B6B0005F48414C5F4472697665722F5372632F05
:10B6C00073746D3332663478785F68616C5F636F72
:10B6D000727465782E6300002E2E2F447269766591
:10B6E00072732F53544D3332463478785F48414C4F
:10B6F0005F4472697665722F5372632F73746D3372
:10B7000032663478785F68616C5F646D612E6300C7
:10B710002E2E2F447269766572732F53544D333237
:10B72000463478785F48414C5F4472697665722F81
:10B730005372632F73746D3332663478785F686147
:10B740006C5F6770696F2E63000000002E2E2F441F
:10B750007269766572732F53544D3332463478785C
:10B760005F48414C5F4472697665722F5372632F54
:10B7700073746D3332663478785F68616C5F6932F8
:10B78000632E63002E2E2F447269766572732F53D9
:10B79000544D3332463478785F48414C5F44726987
:10B7A0007665722F5372632F73746D3332663478FB
:10B7B000785F68616C5F697764672E6300000000E2
:10B7C0002E2E2F447269766572732F53544D333287
:10B7D000463478785F48414C5F4472697665722FD1
:10B7E0005372632F73746D3332663478785F686197
:10B7F0006C5F7263632E63002E2E2F447269766530
:10B8000072732F53544D3332463478785F48414C2D
:10B810005F4472697665722F5372632F73746D3350
:10B8200032663478785F68616C5F7263635F6578F5
:10B830002E6300002E2E2F447269766572732F538B
:10B84000544D3332463478785F48414C5F447269D6
:10B850007665722F5372632F73746D33326634784A
:10B86000785F68616C5F7274632E63002E2E2F44C4
:10B870007269766572732F53544D3332463478783B
:10B880005F48414C5F4472697665722F5372632F33
:10B8900073746D3332663478785F68616C5F73649B
:10B8A0002E6300002E2E2F447269766572732F531B
:10B8B000544D3332463478785F48414C5F44726966
:10B8C0007665722F5372632F73746D3332663478DA
:10B8D000785F68616C5F756172742E6300000000B0
:10B8E0002E2E2F447269766572732F53544D333266
:10B8F000463478785F48414C5F4472697665722FB0
:10B900005372632F73746D3332663478785F6C6C66
:10B910005F73646D6D632E630000000049444C4505
:10B92000000000005B4C4F474943205D20414443E9
:10B93000205B2534645D5B2534645D204252545B9A
:10B940002534645D20424154545B2534642F2564C2
:10B950002025255D0D0A00005B4C4F4749435D20C3
:10B9600053656E736F722054696D654F75740D0069
:10B970005B4C4F474943205D20436F6D6D20446110
:10B9800074612052656376204E616B5B253032789E
:10B990005D5B253032785D5B253032785D200D0AA5
:10B9A000000000005B4C4F474943205D2053454E4B
:10B9B000534F52205370656564284176672F4D615F
:10B9C00078295B2533642F2533645D5B25645D5BDB
:10B9D0004F6E203A202533645D5B4F6666203A2027
:10B9E0002533645D0D0A00005B4C6F6769635D5B26
:10B9F00047707320205D20253032642D253032645D
:10BA00002D2530326420253032643A253032643AB4
:10BA100025303264200D0A005B4C6F6769635D5B03
:10BA2000496F5420205D20496F54204A6F696E642D
:10BA300020436865636B20526573756C745B256485
:10BA40005D0D0A0041542B4C4F47202531640A00FC
:10BA500041542B43464D202531640A0041542B4A62
:10BA60004F494E45443F0A0041542B5253540A005B
:10BA700041542B444556540A000000005B6C6F672C
:10BA800069632E635D2053656E645F636F6D6D61E6
:10BA90006E64202D2025730D0A00000041542B53A5
:10BAA000454E442030783032200000005B6C6F67D8
:10BAB00069632E635D20526563765F5273706F6EAB
:10BAC0007365202D202573200D0A00005B4C4F4725
:10BAD00049435D204D6F64656D2053656E645F4D15
:10BAE0006F64656D5F52657365742043616C6C0DA6
:10BAF000000000005B4C4F4749435D2053656E6476
:10BB00005F4D6F64656D5F446973706C61794D6FF3
:10BB100064652054657374205B25645D205B256437
:10BB20005D0D0A005B4C4F4749435D2053706565CE
:10BB300064205B253364206B6D2F685D204F6E435E
:10BB40006F756E745B253032645D0D0A0000000075
:10BB50005B4C4F4749435D2056656869636C6520BF
:10BB600053706565645B2533645D20506163655384
:10BB700070656564205B2533645D204F6E436F758F
:10BB80006E745B253032645D0D0A0000504D532009
:10BB90004D616E75616C204F6E20506163654D6123
:10BBA0006B6572537065656420253364206B6D2F5F
:10BBB000680D0A00504D53204F4646202D205665F3
:10BBC0006869636C65205370656564202533642063
:10BBD0006B6D2F68200D0A005B4C4F4749435D2079
:10BBE00053656E645F4D6F64656D5F446973706C1F
:10BBF00061795F4F66660D00504D53204F6E202DCA
:10BC00002056656869636C652053706565642025FE
:10BC10003364206B6D2F6820506163654D616B65E7
:10BC200072537065656420253364206B6D2F680D39
:10BC30000A0000000D0A5B4C6F6769635D204D6F61
:10BC400064656D204F505F434F4445205B25645D24
:10BC50005B2532585D0D0A005B4C4F4749435D2020
:10BC60004D6F64656D20426F6F74205B532D4944A6
:10BC7000203A2025645D5B442D4944203A20256408
:10BC80005D0D0A005B4C4F4749435D203D3D3D3D06
:10BC90003D3D3D3D3D3D3D3D3D4D6F64656D5B250D
:10BCA000645D2052656769737465723D3D3D3D3D3D
:10BCB0003D3D3D3D3D3D3D0D0A0000005B4C4F4785
:10BCC00049435D20312E2053746174757320202008
:10BCD0002020203A205B2025303278205D0D0A009C
:10BCE0005B4C4F4749435D20322E20536563746996
:10BCF0006F6E20494420203A205B20253032782086
:10BD00005D0D0A005B4C4F4749435D20332E2044B4
:10BD100065766963652049442020203A205B202510
:10BD2000303278205D0D0A005B4C4F4749435D205F
:10BD3000342E205246204368616E6E656C20203A96
:10BD4000205B2025303278205D0D0A005B4C4F4788
:10BD500049435D20352E20545820506F776572205E
:10BD60002020203A205B2025303278205D0D0A000B
:10BD70005B4C4F4749435D20362E20547820525368
:10BD800053492864426D293A205B202530327820BF
:10BD90005D0D0A005B4C4F4749435D20372E204420
:10BDA0006F75626C652053656E64203A205B2025B8
:10BDB000303278205D0D0A005B4C4F4749435D20CF
:10BDC000382E204C45442054494D454F5554203A77
:10BDD000205B2025303278205D0D0A005B4C4F47F8
:10BDE00049435D203D3D3D3D3D3D3D3D3D3D3D3D6E
:10BDF0003D3D3D3D3D3D3D3D3D3D3D3D3D3D3D3D73
:10BE00003D3D3D3D3D3D3D3D3D3D3D0D0000000086
:10BE10005B4C4F4749435D2053656E645F4D6F64D3
:10BE2000656D5F446973706C61795F5265736574A9
:10BE30000D0000005B55415254205D20504D5320B1
:10BE400052657365740D0A20000000005B4C4F477B
:10BE500049435D2044495020532F572056414C55AB
:10BE600045205B253032585D5B253032645D0D0A1C
:10BE7000000000004D616E75616C00004175746FCB
:10BE8000000000005B4C6F6769635D5B44425F5379
:10BE90006176655D204D6F646528303A4175746F39
:10BEA0002C20313A4D616E75616C29203A5B256416
:10BEB0005D5B25735D200D0A000000005B4C6F6721
:10BEC00069635D5B44425F536176655D20537065D5
:10BED00065642853746172742F456E6429093A5B56
:10BEE0002533642F2533645D206B6D2F68200D0A88
:10BEF000000000005B4C6F6769635D5B44425F5309
:10BF00006176655D205061636553706565640909FC
:10BF1000093A5B2533645D206B6D2F68200D0A00A4
:10BF20005B4C6F6769635D5B44425F536176655D3F
:10BF3000204475726174696F6E20200909093A5BAB
:10BF40002535645D20736563200D0A005B4C4F4707
:10BF50004943205D20496F54517565756548616E90
:10BF6000646C655B2532645D200D0A005B4C4F47B5
:10BF70004943205D205B496F545D205B25642F257C
:10BF8000645D5B253032585D0D0A00005B4C4F4705
:10BF90004943205D205B496F545D2050726F746F80
:10BFA000636F6C2056657273696F6E205B25645DEC
:10BFB000200D0A005B4C4F474943205D205B496FD1
:10BFC000545D205265626F6F74696E67205B2564F3
:10BFD0005D200D0A000000005B4C4F474943205D87
:10BFE000205B496F545D205472616E736D69737389
:10BFF000696F6E204475726174696F6E205B256491
:10C000005D200D0A000000005B4C4F474943205D56
:10C01000205B496F545D204D6F6465205B25645D36
:10C02000200D0A005B4C4F474943205D205B496F60
:10C03000545D2054797065204572726F72205B25C3
:10C04000645D200D0A0000005B4C6F6769635D5BF7
:10C05000496F5420205D20496F54204A6F696E64F7
:10C0600020436865636B5B25645D0D0A000000007A
:10C070005B4C6F6769635D5B496F5420205D2049AD
:10C080006F542053656E64205061636B65740D00BE
:10C090005B4C6F6769635D5B44425F526561645DE1
:10C0A000204D6F646528303A4175746F2C20313A09
:10C0B0004D616E75616C29203A5B25645D5B25736B
:10C0C0005D200D0A000000005B4C6F6769635D5BDB
:10C0D00044425F526561645D205370656564285316
:10C0E000746172742F456E6429093A5B2533642F9D
:10C0F0002533645D206B6D2F68200D0A0000000061
:10C100005B4C6F6769635D5B44425F526561645D70
:10C11000205061636553706565640909093A5B25C0
:10C1200033645D206B6D2F68200D0A005B4C6F67D8
:10C1300069635D5B44425F526561645D2044757272
:10C140006174696F6E20200909093A5B2535645DC9
:10C1500020736563200D0A00445244592070696EB3
:10C16000206F757470757420697320454E41424C80
:10C1700045442E0D00000000445244592070696E61
:10C18000206F75747075742069732044495341425F
:10C190004C45442E0D0000005B4452445920736509
:10C1A000745D205245475F413A203078253032583F
:10C1B0002C205245475F423A203078253032582CA7
:10C1C000205245475F433A203078253032580D0AD7
:10C1D000000000005B4552524F525D204C495332E3
:10C1E0004D444C206E6F742064657465637465649F
:10C1F0002E2057484F5F414D5F49203D2030782524
:10C200003032580D0A0000005B4F4B5D204C495303
:10C21000324D444C20636F6E6E65637465642E20EE
:10C2200057484F5F414D5F49203D203078253032DF
:10C23000580D0A005B4346475D205245475F413A2F
:10C24000203078253032582C205245475F423A2022
:10C250003078253032582C205245475F433A203001
:10C2600078253032580D0A005B5354415455535DC4
:10C27000204D61676E657469632073656E736F72BC
:10C28000205354415455535F5245473A2030782546
:10C290003032580D0A0000003D3D3D3D3D3D3D3DE5
:10C2A0003D3D3D3D3D3D3D3D3D3D3D3D3D3D3D3DBE
:10C2B0003D3D3D3D3D3D3D3D3D3D3D3D3D3D0D001B
:10C2C00020204D61676E657469632053656E736FDE
:10C2D0007220436F6E74726F6C2076312E30200D99
:10C2E0000000000020204C45444F20436F2C2E209E
:10C2F0004C74642E200D0000204D61676E657469DA
:10C30000632053656E736F7220436F6E74726F6C2F
:10C31000205374617274200D0A0000005B6C6F671B
:10C3200069635D20A5C454203D20256C75206D7384
:10C330002C204D61676E65746963206D61675F785D
:10C34000203A2025642C206D61675F79203A2025F2
:10C35000642C206D61675F7A203A2025642C206868
:10C36000656164696E67203A2025660D0A00000049
:10C370005B6C6F6769635D204D61676E65746963AF
:10C380002053656E736F7220446973636F6E6E65C0
:10C3900063742E2E2E2E2121200D00004C4F5700AD
:10C3A00048494748000000005354415455535F52D8
:10C3B0004547203D203078253032580D0A000000D6
:10C3C000204D61676E6574696320446174613A2031
:10C3D000583D25642C20593D25642C205A3D256468
:10C3E0000D0A0000204E6F206E6577206D61676E2C
:10C3F00065746963206461746120617661696C6150
:10C40000626C65207965742E0D0000004452445919
:10C41000203D2025730D0A002E2E2F5372632F6DA1
:10C4200061696E2E63000000696F745461736B0064
:10C43000756172745461736B0000000070726F63F9
:10C440005461736B000000006C6F67696354617323
:10C450006B000000706572695461736B000000002E
:10C4600064656661756C745461736B0072657320EA
:10C47000665F6F70656E203A20253032580A0D00D5
:10C48000726573203D20256420665F726561646477
:10C4900069720A0D0000000025632563256325638A
:10C4A00020000000253130642000000025732F2576
:10C4B000730A0D00323025322E32752F25322E327E
:10C4C000752F25322E32752025322E32753A2532BF
:10C4D0002E32753A25322E32752C2000257300003D
:10C4E0002F79792D25322E32752F4D4D25322E3252
:10C4F000755F25322E32752E747874002F79792D60
:10C5000025322E32750000005B4C6F6753617665F3
:10C510005D20665F6D6B646972204572726F725B3D
:10C5200025645D2121210D0A000000002F4D4D25BD
:10C53000322E32755F25322E32752E7478740000DB
:10C540005B53656E736F724C6F67536176655D20E8
:10C55000456E64205B25645D0D0A00005B5344203A
:10C56000434152445D204D6F756E74204572726F69
:10C57000725B25645D2121210D0A00005B5344207C
:10C58000434152445D204D6F756E74204F4B212105
:10C59000210D00002E2E2F5372632F73746D3332D2
:10C5A000663478785F68616C5F6D73702E6300002D
:10C5B0004FBB610567ACDD3F182D4454FB21E93FBB
:10C5C0009BF681D20B73EF3F182D4454FB21F93FAA
:10C5D000E2652F227F2B7A3C075C143326A6813C30
:10C5E000BDCBF07A8807703C075C143326A6913CDB
:10C5F00018000020494E4600696E66004E414E000C
:10C600006E616E00300030313233343536373839B0
:10C6100041424344454600303132333435363738B1
:10C620003961626364656600496E66696E69747932
:10C63000004E614E000000000000000000000000FD
:10C6400000000000000000000000000000000000EA
:10C6500000000000000000000000000000000000DA
:10C6600000000000000000000000000000000000CA
:10C6700000000000000000000000000000000000BA
:10C6800000000000000000000000000000000000AA
:10C6900000000000000000004300504F53495800C4
:10C6A0002E000000000000000080E03779C3414305
:10C6B000176E05B5B5B89346F5F93FE9034F384D08
:10C6C000321D30F94877825A3CBF737FDD4F1575B4
:10C6D000000000000000F03F0000000000002440C7
:10C6E00000000000000059400000000000408F40A2
:10C6F000000000000088C34000000000006AF8400D
:10C700000000000080842E4100000000D012634130
:10C710000000000084D797410000000065CDCD41A6
:10C72000000000205FA00242000000E87648374287
:10C73000000000A2941A6D42000040E59C30A24225
:10C740000000901EC4BCD64200003426F56B0C439A
:10C750000080E03779C3414300A0D8855734764341
:10C7600000C84E676DC1AB43003D9160E458E143A2
:10C77000408CB5781DAF154450EFE2D6E41A4B4417
:10C7800092D54D06CFF08044F64AE1C7022DB5445C
:10C79000B49DD9794378EA440500000019000000EF
:10C7A0007D000000232D302B2000686C4C00656656
:10C7B00067454647000020202020202020202028F8
:10C7C0002828282820202020202020202020202049
:10C7D0002020202020208810101010101010101081
:10C7E00010101010101004040404040404040404C1
:10C7F0001010101010101041414141414101010140
:10C800000101010101010101010101010101010118
:10C810000110101010101042424242424202020225
:10C8200002020202020202020202020202020202E8
:10C830000210101010200000000000000000000096
:10C8400000000000000000000000000000000000E8
:10C8500000000000000000000000000000000000D8
:10C8600000000000000000000000000000000000C8
:10C8700000000000000000000000000000000000B8
:10C8800000000000000000000000000000000000A8
:10C890000000000000000000000000000000000098
:10C8A0000000000000000000000000000000000088
:08C8B000000000000000000080
:08C8B800B442FF7F0100000003
:04C8C000D501000896
:04C8C400B1010008B6
:10C8C8000100000010000000AAAAAAAA01000000A6
:10C8D8000024F400180000200000000058C60008DA
:10C8E80078C6000838C600080000000000000000F4
:10C8F8000000000000000000000000000000000030
:10C90800000000000000000000000000000000001F
:10C91800000000000000000000000000000000000F
:10C9280000000000000000000000000000000000FF
:10C9380000000000000000004300000000000000AC
:10C9480000000000000000000000000000000000DF
:10C95800000000000000000043000000000000008C
:10C9680000000000000000000000000000000000BF
:10C97800000000000000000043000000000000006C
:10C98800000000000000000000000000000000009F
:10C99800000000000000000043000000000000004C
:10C9A800000000000000000000000000000000007F
:10C9B800000000000000000043000000000000002C
:10C9C800000000000000000000000000000000005F
:10C9D800000000000000000043000000000000000C
:10C9E800000000000000000000000000000000003F
:10C9F80000000000000000004300000000000000EC
:10CA0800000000000000000000000000000000001E
:10CA180000000000000000001FB4000879A800080A
:10CA280000000000B5C70008A0C60008A9C7000894
:10CA3800A9C70008A9C70008A9C70008A9C700080E
:10CA4800A9C70008A9C70008A9C70008A9C70008FE
:10CA5800FFFFFFFFFFFFFFFFFFFFFFFFFFFF0000DC
:10CA68000100415343494900000000000000000054
:10CA780000000000000000000000000000000000AE
:10CA88000000415343494900000000000000000035
:10CA9800000000000000000000000000000000008E
:04CAA800000000008A
:04000005080084F576
:00000001FF
