Road Temp Monitoring Program V1.0
회 사 명 : (주)레도
작성일자 : 2021년 04월 21일 11:23:55


날짜/시간 	 #1주변온도 	 #1물체온도 	 #2주변온도 	 #2물체온도 
2021-04-21 11:23:55:935	-235	-234.3	0	0
2021-04-21 11:23:56:904	-196.8	-195.5	0	0
2021-04-21 11:23:57:919	-158.7	-156.7	0	0
2021-04-21 11:23:58:919	-120.6	-117.9	0	0
2021-04-21 11:23:59:919	-82.4	-79.1	0	0
2021-04-21 11:24:00:919	-44.3	-40.5	0	0
2021-04-21 11:24:01:934	-6.1	-1.9	0	0
2021-04-21 11:24:02:934	31.9	36.7	0	0
2021-04-21 11:24:03:934	32	3.6	0	0
2021-04-21 11:24:04:934	32	36.6	0	0
2021-04-21 11:24:05:950	32	36.4	0	0
2021-04-21 11:24:06:950	32.1	36.3	0	0
2021-04-21 11:24:07:965	32.1	36.4	0	0
2021-04-21 11:24:08:949	32.2	36.5	0	0
2021-04-21 11:24:09:964	32.2	36.8	0	0
2021-04-21 11:24:10:964	32.3	36.8	0	0
2021-04-21 11:24:11:979	32.3	36.7	0	0
2021-04-21 11:24:12:964	32.4	36.7	0	0
2021-04-21 11:24:13:979	32.3	36.7	0	0
2021-04-21 11:24:14:979	32.1	36.7	0	0
2021-04-21 11:24:15:994	32.2	36.5	0	0
2021-04-21 11:24:16:994	32.2	36.4	0	0
2021-04-21 11:24:17:994	32.3	36.2	0	0
2021-04-21 11:24:19:056	32.4	36.1	0	0
2021-04-21 11:24:20:009	32.4	36.1	0	0
2021-04-21 11:24:21:009	32.5	36	0	0
2021-04-21 11:24:22:024	32.7	36.3	0	0
2021-04-21 11:24:23:024	33	36.6	0	0
2021-04-21 11:24:24:024	33.1	36.4	0	0
2021-04-21 11:24:25:029	33.2	36.2	0	0
2021-04-21 11:24:26:045	33.2	36	0	0
2021-04-21 11:24:28:044	33.3	35.7	0	0
2021-04-21 11:24:29:044	32.9	35.6	0	0
2021-04-21 11:24:30:060	33	35.1	0	0
2021-04-21 11:24:31:059	33	34.7	0	0
2021-04-21 11:24:32:059	33.1	35.2	0	0
2021-04-21 11:24:33:059	33.2	35.2	0	0
2021-04-21 11:24:34:074	33.2	35.2	0	0
2021-04-21 11:24:35:074	33.4	35.2	0	0
2021-04-21 11:24:36:089	33.4	35.1	0	0
2021-04-21 11:24:37:073	34.1	35.1	0	0
2021-04-21 11:24:38:089	34.3	35.2	0	0
2021-04-21 11:24:39:089	34.3	35.1	0	0
2021-04-21 11:24:40:104	34.4	34.5	0	0
2021-04-21 11:24:41:104	34.4	34.5	0	0
2021-04-21 11:24:42:104	34.5	34.5	0	0
2021-04-21 11:24:43:103	34.5	34.3	0	0
2021-04-21 11:24:44:119	34.6	34.3	0	0
2021-04-21 11:24:45:119	34.5	34.3	0	0
2021-04-21 11:24:46:134	34.5	34.3	0	0
2021-04-21 11:24:47:118	34.5	34.4	0	0
2021-04-21 11:24:48:134	34.6	34.5	0	0
2021-04-21 11:24:49:134	34.6	34.6	0	0
2021-04-21 11:24:50:149	34.7	34.7	0	0
2021-04-21 11:24:51:149	34.8	35	0	0
2021-04-21 11:24:52:149	34.8	35.1	0	0
2021-04-21 11:24:53:149	34.9	35.2	0	0
2021-04-21 11:24:54:164	35	35.2	0	0
2021-04-21 11:24:55:170	35.1	35.3	0	0
2021-04-21 11:24:56:170	35.2	35.4	0	0
2021-04-21 11:24:57:170	35.2	3.5	0	0
2021-04-21 11:24:58:185	35.2	35.5	0	0
2021-04-21 11:24:59:185	35.3	35.5	0	0
2021-04-21 11:25:00:185	35.3	35.5	0	0
2021-04-21 11:25:01:200	35.3	35.6	0	0
2021-04-21 11:25:02:200	35.3	35.5	0	0
2021-04-21 11:25:03:200	35.4	35.6	0	0
2021-04-21 11:25:04:215	35.4	35.6	0	0
2021-04-21 11:25:05:215	35.5	35.6	0	0
2021-04-21 11:25:06:215	35.5	35.6	0	0
2021-04-21 11:25:07:230	35.6	35.5	0	0
2021-04-21 11:25:08:215	35.6	35.5	0	0
2021-04-21 11:25:09:230	35.7	35.4	0	0
2021-04-21 11:25:10:245	35.7	35.1	0	0
2021-04-21 11:25:11:245	35.7	34.8	0	0
2021-04-21 11:25:12:260	36.1	34.6	0	0
2021-04-21 11:25:13:261	36.1	34.4	0	0
2021-04-21 11:25:14:260	36.2	34.1	0	0
2021-04-21 11:25:15:260	36.2	33.7	0	0
2021-04-21 11:25:16:260	36.2	33.2	0	0
2021-04-21 11:25:17:275	36.3	32.7	0	0
2021-04-21 11:25:18:291	36.3	32.4	0	0
2021-04-21 11:25:19:291	36.3	32	0	0
2021-04-21 11:25:20:290	36	31.8	0	0
2021-04-21 11:25:21:290	36.1	31.6	0	0
2021-04-21 11:25:22:306	36.1	31.4	0	0
2021-04-21 11:25:23:305	36.1	31.4	0	0
2021-04-21 11:25:24:321	36.2	31.5	0	0
2021-04-21 11:25:26:311	36.3	31.7	0	0
2021-04-21 11:25:27:326	36.3	31.9	0	0
2021-04-21 11:25:28:326	36.4	31.9	0	0
2021-04-21 11:25:29:342	36.4	32	0	0
2021-04-21 11:25:30:341	36.5	32.3	0	0
2021-04-21 11:25:31:341	36.5	3.2	0	0
2021-04-21 11:25:32:346	36.5	32.9	0	0
2021-04-21 11:25:33:361	36.6	33.1	0	0
2021-04-21 11:25:34:362	36.9	33.4	0	0
2021-04-21 11:25:35:377	36.9	33.8	0	0
2021-04-21 11:25:36:377	37	34.1	0	0
2021-04-21 11:25:37:362	37	34.4	0	0
2021-04-21 11:25:38:377	36.8	34.4	0	0
2021-04-21 11:25:39:377	36.8	34.5	0	0
2021-04-21 11:25:40:392	36.9	34.5	0	0
2021-04-21 11:25:41:392	36.9	34.7	0	0
2021-04-21 11:25:42:407	36.5	34.8	0	0
2021-04-21 11:25:43:407	36.5	0.3	0	0
2021-04-21 11:25:44:407	36.3	34.9	0	0
2021-04-21 11:25:45:423	36.3	34.9	0	0
2021-04-21 11:25:46:423	36.6	34.9	0	0
2021-04-21 11:25:47:438	36.6	34.9	0	0
2021-04-21 11:25:48:438	36.7	34.9	0	0
2021-04-21 11:25:50:438	36.9	34.8	0	0
2021-04-21 11:25:51:454	36.6	34.8	0	0
2021-04-21 11:25:52:454	36.6	34.8	0	0
2021-04-21 11:25:53:454	36.6	34.9	0	0
2021-04-21 11:25:54:468	36.3	34.9	0	0
2021-04-21 11:25:56:468	36.4	35.5	0	0
2021-04-21 11:25:57:483	36.4	35.5	0	0
2021-04-21 11:25:58:483	36.5	35.9	0	0
2021-04-21 11:25:59:499	36.9	35.8	0	0
2021-04-21 11:26:00:499	37.2	36.2	0	0
2021-04-21 11:26:01:514	37.3	36.5	0	0
2021-04-21 11:26:02:498	37.6	36.4	0	0
2021-04-21 11:26:03:498	37.6	36	0	0
2021-04-21 11:26:04:514	37.7	35.7	0	0
2021-04-21 11:26:05:513	37.7	35.7	0	0
2021-04-21 11:26:06:529	37.7	35.3	0	0
2021-04-21 11:26:07:528	37.4	35.4	0	0
2021-04-21 11:26:08:528	37.4	35.1	0	0
2021-04-21 11:26:09:544	37.4	34.7	0	0
2021-04-21 11:26:10:543	37.5	34.8	0	0
2021-04-21 11:26:11:559	37.5	34.8	0	0
2021-04-21 11:26:12:559	37.5	34.8	0	0
2021-04-21 11:26:13:562	37.5	34.7	0	0
2021-04-21 11:26:14:561	37.1	3.4	0	0
2021-04-21 11:26:15:562	37.5	34.6	0	0
2021-04-21 11:26:16:577	37.5	34.6	0	0
2021-04-21 11:26:17:577	37.5	34.6	0	0
2021-04-21 11:26:18:592	37.6	34.5	0	0
2021-04-21 11:26:19:592	37.6	34.5	0	0
2021-04-21 11:26:20:608	37.6	34.5	0	0
2021-04-21 11:26:21:608	37.6	35	0	0
2021-04-21 11:26:22:608	38.1	35	0	0
2021-04-21 11:26:23:608	38.1	35	0	0
2021-04-21 11:26:24:625	38.2	35	0	0
2021-04-21 11:26:25:625	37.7	35	0	0
2021-04-21 11:26:26:640	37.7	35.5	0	0
2021-04-21 11:26:27:624	37.4	3.5	0	0
2021-04-21 11:26:28:640	37.4	35.7	0	0
2021-04-21 11:26:29:640	37.5	35.7	0	0
2021-04-21 11:26:30:655	37.1	35.7	0	0
2021-04-21 11:26:31:655	37.1	35.7	0	0
2021-04-21 11:26:32:670	37.1	35.7	0	0
2021-04-21 11:26:33:686	37.6	36.1	0	0
2021-04-21 11:26:34:670	37.6	35.6	0	0
2021-04-21 11:26:35:685	38	35.4	0	0
2021-04-21 11:26:36:685	38	35.2	0	0
2021-04-21 11:26:37:700	38.1	34.7	0	0
2021-04-21 11:26:38:700	38.5	35.2	0	0
2021-04-21 11:26:39:700	38.5	35.2	0	0
2021-04-21 11:26:40:715	38	35.1	0	0
2021-04-21 11:26:41:715	38.1	34.6	0	0
2021-04-21 11:26:42:715	38.1	34.6	0	0
2021-04-21 11:26:43:730	38.1	34.8	0	0
2021-04-21 11:26:44:730	38.2	34.9	0	0
2021-04-21 11:26:45:745	38.1	34.9	0	0
2021-04-21 11:26:46:745	38.1	34.4	0	0
2021-04-21 11:26:47:761	38.1	34.9	0	0
2021-04-21 11:26:48:745	38.7	34.9	0	0
2021-04-21 11:26:49:760	38.1	34.9	0	0
2021-04-21 11:26:50:760	38.1	34.9	0	0
2021-04-21 11:26:51:775	38.1	34.9	0	0
2021-04-21 11:26:52:775	37.6	34.8	0	0
2021-04-21 11:26:53:790	37.6	34.8	0	0
2021-04-21 11:26:55:781	37.6	34.2	0	0
2021-04-21 11:26:56:797	37.7	34.8	0	0
2021-04-21 11:26:57:797	38.3	35.5	0	0
2021-04-21 11:26:58:812	38.3	35.5	0	0
2021-04-21 11:26:59:812	38.3	35.5	0	0
2021-04-21 11:27:00:827	38.9	35.5	0	0
2021-04-21 11:27:01:827	38.9	35.5	0	0
2021-04-21 11:27:02:827	38.3	35.5	0	0
2021-04-21 11:27:03:827	38.3	36.1	0	0
2021-04-21 11:27:04:842	38.3	35.6	0	0
2021-04-21 11:27:05:842	37.8	35.1	0	0
2021-04-21 11:27:06:857	37.3	35.1	0	0
2021-04-21 11:27:07:857	37.3	35.1	0	0
2021-04-21 11:27:08:873	36.7	35	0	0
2021-04-21 11:27:09:857	36.7	35	0	0
2021-04-21 11:27:10:872	37.3	35	0	0
2021-04-21 11:27:11:872	37.4	34.4	0	0
2021-04-21 11:27:12:887	37.4	34.5	0	0
2021-04-21 11:27:13:887	37.9	34.4	0	0
2021-04-21 11:27:14:903	38.5	34.5	0	0
2021-04-21 11:27:15:905	38.5	34.5	0	0
2021-04-21 11:27:16:905	39.1	34.6	0	0
2021-04-21 11:27:17:905	39.1	34.6	0	0
2021-04-21 11:27:18:920	39.1	34.7	0	0
2021-04-21 11:27:19:920	39.1	34.6	0	0
2021-04-21 11:27:20:936	39.2	34.6	0	0
2021-04-21 11:29:52:793	40.7	35	0	0
2021-04-21 11:29:53:793	40.7	35	0	0
2021-04-21 11:29:54:800	40.7	35	0	0
2021-04-21 11:29:55:800	40.7	35	0	0
2021-04-21 11:29:56:816	40.7	35	0	0
2021-04-21 11:29:57:831	40.7	35	0	0
2021-04-21 11:29:58:831	40.8	35.1	0	0
2021-04-21 11:29:59:830	40.8	35.2	0	0
2021-04-21 11:30:00:830	40.6	35.1	0	0
2021-04-21 11:30:01:846	40.7	35.1	0	0
2021-04-21 11:30:02:845	40.7	35	0	0
2021-04-21 11:30:03:861	40.6	35	0	0
2021-04-21 11:30:04:861	40.6	34.9	0	0
2021-04-21 11:30:05:876	40.6	35	0	0
2021-04-21 11:30:06:876	40.5	34.9	0	0
2021-04-21 11:30:07:891	40.5	34.8	0	0
2021-04-21 11:30:08:875	40.6	34.9	0	0
2021-04-21 11:30:09:890	40.6	35	0	0
2021-04-21 11:30:10:890	40.7	35.1	0	0
2021-04-21 11:30:11:906	40.8	35.1	0	0
2021-04-21 11:30:12:906	40.8	35.1	0	0
2021-04-21 11:30:13:921	40.9	34.9	0	0
2021-04-21 11:30:14:921	41	34.8	0	0
2021-04-21 11:30:15:936	41	34.8	0	0
2021-04-21 11:30:17:936	41.1	34.8	0	0
2021-04-21 11:30:18:935	41.1	34.8	0	0
2021-04-21 11:30:19:951	41	34.8	0	0
2021-04-21 11:30:20:951	41	34.9	0	0
2021-04-21 11:30:21:966	41	34.9	0	0
2021-04-21 11:30:22:966	41	35.1	0	0
2021-04-21 11:30:23:981	41	35.2	0	0
2021-04-21 11:30:24:988	41	35	0	0
2021-04-21 11:30:27:019	41.1	34.9	0	0
2021-04-21 11:30:27:988	41.2	34.9	0	0
2021-04-21 11:30:29:003	41.2	35	0	0
2021-04-21 11:30:30:003	41.2	35	0	0
2021-04-21 11:30:31:018	41.1	34.9	0	0
2021-04-21 11:30:32:018	41.1	34.9	0	0
2021-04-21 11:30:33:033	41.1	34.9	0	0
2021-04-21 11:30:34:033	41.1	34.9	0	0
2021-04-21 11:30:36:033	40.9	35	0	0
2021-04-21 11:30:37:048	40.8	34.8	0	0
2021-04-21 11:30:38:048	40.8	34.8	0	0
2021-04-21 11:30:39:063	40.8	34.7	0	0
2021-04-21 11:30:40:063	40.6	34.7	0	0
2021-04-21 11:30:41:079	40.4	34.7	0	0
2021-04-21 11:30:42:078	40.4	34.7	0	0
2021-04-21 11:30:43:094	40.6	34.6	0	0
2021-04-21 11:30:45:093	40.8	34.6	0	0
2021-04-21 11:30:46:108	40.8	34.7	0	0
2021-04-21 11:30:47:108	41	34.9	0	0
2021-04-21 11:30:48:124	41.2	34.9	0	0
2021-04-21 11:30:49:123	41.5	35	0	0
2021-04-21 11:30:50:139	41.3	35	0	0
2021-04-21 11:30:51:139	41.3	35	0	0
2021-04-21 11:30:52:154	41.3	35	0	0
2021-04-21 11:30:53:154	41.3	35	0	0
2021-04-21 11:30:54:153	41.1	34.9	0	0
2021-04-21 11:30:55:160	40.9	34.6	0	0
2021-04-21 11:30:56:160	40.9	34.5	0	0
2021-04-21 11:30:57:176	41.2	34.4	0	0
2021-04-21 11:30:58:176	41.4	34.3	0	0
2021-04-21 11:30:59:191	41.4	34.5	0	0
2021-04-21 11:31:00:191	41.4	34.5	0	0
2021-04-21 11:31:01:206	41.4	34.4	0	0
2021-04-21 11:31:02:206	41.6	34.4	0	0
2021-04-21 11:31:04:205	41.6	34.7	0	0
2021-04-21 11:31:05:221	41.4	34.8	0	0
2021-04-21 11:31:06:220	41.4	34.9	0	0
2021-04-21 11:31:07:236	41.4	34.7	0	0
2021-04-21 11:31:08:236	41.4	35	0	0
2021-04-21 11:31:09:251	41.2	35.1	0	0
2021-04-21 11:31:10:251	41.2	35.4	0	0
2021-04-21 11:31:11:266	41.5	35.3	0	0
2021-04-21 11:31:13:266	41.5	34.8	0	0
2021-04-21 11:31:14:265	41.8	34.8	0	0
2021-04-21 11:31:15:281	41.8	35	0	0
2021-04-21 11:31:16:280	41.8	34.8	0	0
2021-04-21 11:31:17:296	42	34.6	0	0
2021-04-21 11:31:18:296	42	34.4	0	0
2021-04-21 11:31:19:311	42	34.4	0	0
2021-04-21 11:31:20:321	42	34.5	0	0
2021-04-21 11:31:21:322	41.8	34.9	0	0
2021-04-21 11:31:22:321	41.5	34.9	0	0
2021-04-21 11:31:23:321	41.5	34.7	0	0
2021-04-21 11:31:24:337	41.5	34.9	0	0
2021-04-21 11:31:25:333	41.5	35.2	0	0
2021-04-21 11:31:26:349	41.5	35.5	0	0
2021-04-21 11:31:27:349	41.5	35.4	0	0
2021-04-21 11:31:28:364	41.5	35.4	0	0
2021-04-21 11:31:29:364	41.7	35.7	0	0
2021-04-21 11:31:30:379	41.7	35.3	0	0
2021-04-21 11:31:31:364	41.7	35.5	0	0
2021-04-21 11:31:32:379	41.7	35.2	0	0
2021-04-21 11:31:33:379	41.7	34.9	0	0
2021-04-21 11:31:34:394	41.7	34.6	0	0
2021-04-21 11:31:35:395	41.7	34.4	0	0
2021-04-21 11:31:36:410	41.7	34.7	0	0
2021-04-21 11:31:37:425	41.7	34.4	0	0
2021-04-21 11:31:38:425	41.7	34.8	0	0
2021-04-21 11:31:39:441	41.5	34.6	0	0
2021-04-21 11:31:41:441	41.5	34.7	0	0
2021-04-21 11:31:42:441	41.5	35	0	0
2021-04-21 11:31:43:457	41.5	35.1	0	0
2021-04-21 11:31:44:456	41.5	34.4	0	0
2021-04-21 11:31:45:472	41.5	34.3	0	0
2021-04-21 11:31:46:472	41.5	34.2	0	0
2021-04-21 11:31:47:487	41.7	34	0	0
2021-04-21 11:31:48:487	41.7	33.6	0	0
2021-04-21 11:31:50:487	41.6	32.6	0	0
2021-04-21 11:31:51:497	41.6	32.4	0	0
2021-04-21 11:31:52:497	41.6	32.7	0	0
2021-04-21 11:31:53:513	41.6	32.7	0	0
2021-04-21 11:31:54:521	41.5	32.5	0	0
2021-04-21 11:31:55:522	41.5	32.7	0	0
2021-04-21 11:31:56:537	41.5	33.4	0	0
2021-04-21 11:31:57:537	41.5	33.9	0	0
2021-04-21 11:31:58:552	41.5	34.3	0	0
2021-04-21 11:31:59:537	41.5	34.5	0	0
2021-04-21 11:32:00:552	41.5	34.4	0	0
2021-04-21 11:32:01:552	41.5	34.2	0	0
2021-04-21 11:32:02:567	41.5	34.1	0	0
2021-04-21 11:32:03:567	41.6	33.8	0	0
2021-04-21 11:32:04:582	41.6	33.4	0	0
2021-04-21 11:32:05:582	41.6	32.7	0	0
2021-04-21 11:32:06:597	41.5	32.5	0	0
2021-04-21 11:32:07:597	41.7	32.4	0	0
2021-04-21 11:32:09:597	41.7	32.2	0	0
2021-04-21 11:32:10:612	41.7	32.2	0	0
2021-04-21 11:32:11:612	41.6	32.3	0	0
2021-04-21 11:32:12:627	41.5	32.3	0	0
2021-04-21 11:32:13:627	41.5	32.3	0	0
2021-04-21 11:32:14:642	41.5	32.4	0	0
2021-04-21 11:32:15:642	41.3	32.4	0	0
2021-04-21 11:32:16:658	41.3	32.6	0	0
2021-04-21 11:32:17:673	41.3	32.4	0	0
2021-04-21 11:32:18:658	41.3	32.5	0	0
2021-04-21 11:32:19:657	41.3	32.7	0	0
2021-04-21 11:32:20:673	41.3	33.1	0	0
2021-04-21 11:32:21:672	41.3	33.1	0	0
2021-04-21 11:32:22:688	41.3	32.9	0	0
2021-04-21 11:32:23:703	41.3	32.9	0	0
2021-04-21 11:32:24:709	41.3	32.6	0	0
2021-04-21 11:32:25:709	41.4	33.1	0	0
2021-04-21 11:32:26:725	41.4	33.2	0	0
2021-04-21 11:32:27:724	41.4	33.3	0	0
2021-04-21 11:32:28:724	41.4	33.1	0	0
2021-04-21 11:32:29:724	41.4	33.5	0	0
2021-04-21 11:32:30:739	41.4	33.9	0	0
2021-04-21 11:32:31:739	41.5	34.1	0	0
2021-04-21 11:32:32:754	41.5	34.5	0	0
2021-04-21 11:32:33:754	41.5	34.5	0	0
2021-04-21 11:32:34:770	41.5	34.6	0	0
2021-04-21 11:32:35:769	41.3	34.6	0	0
2021-04-21 11:32:36:785	41.4	34.6	0	0
2021-04-21 11:32:37:769	41.4	3.4	0	0
2021-04-21 11:32:38:784	41.4	34.8	0	0
2021-04-21 11:32:39:784	41.4	34.8	0	0
2021-04-21 11:32:40:799	41.2	34.8	0	0
2021-04-21 11:32:41:799	41	34.8	0	0
2021-04-21 11:32:42:815	41	34.7	0	0
2021-04-21 11:32:43:815	41.2	34.9	0	0
2021-04-21 11:32:44:830	41.2	34.9	0	0
2021-04-21 11:32:45:830	41.2	35	0	0
2021-04-21 11:32:46:845	41.2	34.8	0	0
2021-04-21 11:32:47:830	41.2	34.8	0	0
2021-04-21 11:32:48:845	41.5	34.8	0	0
2021-04-21 11:32:49:845	41.8	34.8	0	0
2021-04-21 11:32:50:860	41.8	34.8	0	0
2021-04-21 11:32:51:860	41.5	34.5	0	0
2021-04-21 11:32:52:875	41.5	34.4	0	0
2021-04-21 11:32:53:875	41.5	34.4	0	0
2021-04-21 11:32:54:882	41.5	34.4	0	0
2021-04-21 11:32:55:897	41.6	34.4	0	0
2021-04-21 11:32:57:897	41.6	34.1	0	0
2021-04-21 11:32:58:912	41.6	34.2	0	0
2021-04-21 11:32:59:912	41.9	34.2	0	0
2021-04-21 11:33:00:927	41.9	34.3	0	0
2021-04-21 11:33:01:927	41.9	34.3	0	0
2021-04-21 11:33:02:942	41.9	34.2	0	0
2021-04-21 11:33:03:942	41.6	34.2	0	0
2021-04-21 11:33:04:942	41.6	34.2	0	0
2021-04-21 11:33:05:957	41.4	34.6	0	0
2021-04-21 11:33:06:957	41.4	34.6	0	0
2021-04-21 11:33:07:957	41.4	34.6	0	0
2021-04-21 11:33:08:957	41.4	34.6	0	0
2021-04-21 11:33:09:972	41.4	34.6	0	0
2021-04-21 11:33:10:972	41.1	34.7	0	0
2021-04-21 11:33:11:987	41.5	34.6	0	0
2021-04-21 11:33:13:003	41.5	34.5	0	0
2021-04-21 11:33:14:003	41.7	34.7	0	0
2021-04-21 11:33:15:018	41.7	34.7	0	0
2021-04-21 11:33:17:018	41.4	34.7	0	0
2021-04-21 11:33:18:017	41.4	34.7	0	0
2021-04-21 11:33:19:033	41.4	34.7	0	0
2021-04-21 11:33:20:033	41.4	35	0	0
2021-04-21 11:33:21:048	41.4	35.1	0	0
2021-04-21 11:33:22:048	41.5	34.8	0	0
2021-04-21 11:33:23:064	41.5	34.8	0	0
2021-04-21 11:33:24:063	41.8	34.8	0	0
2021-04-21 11:33:25:070	41.8	34.7	0	0
2021-04-21 11:33:26:070	41.8	34.7	0	0
2021-04-21 11:33:27:070	42.1	34.7	0	0
2021-04-21 11:33:28:085	42.1	34.5	0	0
2021-04-21 11:33:29:085	41.8	34.5	0	0
2021-04-21 11:33:30:100	41.8	34.5	0	0
2021-04-21 11:33:31:100	41.8	34.5	0	0
2021-04-21 11:33:32:116	41.8	34.5	0	0
2021-04-21 11:33:33:115	41.8	34.5	0	0
2021-04-21 11:33:34:131	41.8	34.3	0	0
2021-04-21 11:33:35:115	41.8	3.4	0	0
2021-04-21 11:33:36:130	41.7	34.1	0	0
2021-04-21 11:33:37:146	42	34	0	0
2021-04-21 11:33:38:145	42	33.9	0	0
2021-04-21 11:33:39:145	42	33.8	0	0
2021-04-21 11:33:40:161	42	33.8	0	0
2021-04-21 11:33:41:160	42	34.2	0	0
2021-04-21 11:33:42:176	42	34.6	0	0
2021-04-21 11:33:43:175	42	34.7	0	0
2021-04-21 11:33:45:175	42	34.8	0	0
2021-04-21 11:33:46:191	42	34.8	0	0
2021-04-21 11:33:47:190	42	34.8	0	0
2021-04-21 11:33:48:206	42	34.8	0	0
2021-04-21 11:33:49:221	42	34.5	0	0
2021-04-21 11:33:50:221	42	34.2	0	0
2021-04-21 11:33:51:236	42	34.2	0	0
2021-04-21 11:33:52:236	42	34.2	0	0
2021-04-21 11:33:53:236	42	34.2	0	0
2021-04-21 11:33:54:236	42	34.3	0	0
2021-04-21 11:33:55:242	42.1	34.3	0	0
2021-04-21 11:33:56:257	42.1	34.6	0	0
2021-04-21 11:33:57:257	42.1	34.9	0	0
2021-04-21 11:33:58:273	41.7	34.9	0	0
2021-04-21 11:33:59:273	41.7	34.8	0	0
2021-04-21 11:34:00:288	41.7	34.9	0	0
2021-04-21 11:34:01:288	41.7	34.9	0	0
2021-04-21 11:34:02:303	41.7	35.2	0	0
2021-04-21 11:34:04:303	41.4	35.2	0	0
2021-04-21 11:34:05:302	41.4	35	0	0
2021-04-21 11:34:06:318	41.7	35.3	0	0
2021-04-21 11:34:07:318	41.7	35.4	0	0
2021-04-21 11:34:08:333	41.7	35.4	0	0
2021-04-21 11:34:09:333	41.7	35.5	0	0
2021-04-21 11:34:10:348	41.7	35.2	0	0
2021-04-21 11:34:11:348	42.1	35.5	0	0
2021-04-21 11:34:12:363	42.1	35.2	0	0
2021-04-21 11:34:14:363	41.7	34.9	0	0
2021-04-21 11:34:15:363	41.7	35.2	0	0
2021-04-21 11:34:16:378	41.7	35.2	0	0
2021-04-21 11:34:17:378	41.7	35.2	0	0
2021-04-21 11:34:18:393	41.5	35.2	0	0
2021-04-21 11:34:19:393	41.5	34.9	0	0
2021-04-21 11:34:20:408	41.5	35	0	0
2021-04-21 11:34:21:408	41.5	35	0	0
2021-04-21 11:34:22:424	41.5	35	0	0
2021-04-21 11:34:23:408	41.3	34.6	0	0
2021-04-21 11:34:24:423	41.3	34.5	0	0
2021-04-21 11:34:25:430	41.3	34.5	0	0
2021-04-21 11:34:26:430	41.2	34.5	0	0
2021-04-21 11:34:27:446	41.2	34.5	0	0
2021-04-21 11:34:28:446	40.9	34.5	0	0
2021-04-21 11:34:29:461	41.2	34.5	0	0
2021-04-21 11:34:30:461	41.2	34.5	0	0
2021-04-21 11:34:31:476	41.5	34.6	0	0
2021-04-21 11:34:32:476	41.5	34.7	0	0
2021-04-21 11:34:34:491	41.8	34.8	0	0
2021-04-21 11:34:35:491	41.8	34.8	0	0
2021-04-21 11:34:36:506	42.1	34.8	0	0
2021-04-21 11:34:37:506	42.1	34.7	0	0
2021-04-21 11:34:38:521	42.1	34.7	0	0
2021-04-21 11:34:39:521	42.1	34.7	0	0
2021-04-21 11:34:40:536	42.1	34.7	0	0
2021-04-21 11:34:41:537	42.1	34.7	0	0
2021-04-21 11:34:42:552	42.1	34.7	0	0
2021-04-21 11:34:44:552	41.9	34.7	0	0
2021-04-21 11:34:45:552	41.9	34.8	0	0
2021-04-21 11:34:46:567	41.9	34.8	0	0
2021-04-21 11:34:47:567	41.9	34.8	0	0
2021-04-21 11:34:48:582	41.9	34.8	0	0
2021-04-21 11:34:49:582	41.9	34.9	0	0
2021-04-21 11:34:50:597	41.9	34.9	0	0
2021-04-21 11:34:51:597	42.2	34.9	0	0
2021-04-21 11:34:52:612	42.2	35	0	0
2021-04-21 11:34:54:603	42.2	35.1	0	0
2021-04-21 11:34:55:618	42.2	35.1	0	0
2021-04-21 11:34:56:618	42.2	35.2	0	0
2021-04-21 11:34:57:633	42	35.3	0	0
2021-04-21 11:34:58:633	42	35.3	0	0
2021-04-21 11:34:59:648	42	35.3	0	0
2021-04-21 11:35:00:648	42	35.2	0	0
2021-04-21 11:35:01:664	42	35.2	0	0
2021-04-21 11:35:02:663	42	35.2	0	0
2021-04-21 11:35:03:663	42	35.2	0	0
2021-04-21 11:35:04:663	42	35.1	0	0
2021-04-21 11:35:05:678	42.2	35	0	0
2021-04-21 11:35:06:678	42.2	34.9	0	0
2021-04-21 11:35:07:693	42.2	35.1	0	0
2021-04-21 11:35:08:709	41.9	35	0	0
2021-04-21 11:35:09:708	41.9	34.9	0	0
2021-04-21 11:35:10:708	41.9	34.8	0	0
2021-04-21 11:35:11:724	41.9	34.8	0	0
2021-04-21 11:35:12:724	41.9	34.7	0	0
2021-04-21 11:35:13:739	41.9	34.7	0	0
2021-04-21 11:35:14:723	41.9	34.6	0	0
2021-04-21 11:35:15:739	41.9	34.3	0	0
2021-04-21 11:35:16:754	42.3	34.4	0	0
2021-04-21 11:35:17:754	42.3	34.5	0	0
2021-04-21 11:35:18:769	42.3	34.6	0	0
2021-04-21 11:35:19:769	42	34.7	0	0
2021-04-21 11:35:20:784	42	34.8	0	0
2021-04-21 11:35:21:784	41.8	35	0	0
2021-04-21 11:35:22:800	41.8	35.2	0	0
2021-04-21 11:35:23:784	41.8	35.2	0	0
2021-04-21 11:35:24:790	41.8	35.2	0	0
2021-04-21 11:35:25:806	41.8	35.2	0	0
2021-04-21 11:35:26:806	41.8	35.2	0	0
2021-04-21 11:35:27:821	42.1	35.1	0	0
2021-04-21 11:35:28:821	42.1	35.1	0	0
2021-04-21 11:35:29:836	42.1	35.1	0	0
2021-04-21 11:35:30:836	42.1	35.1	0	0
2021-04-21 11:35:31:851	42.1	35.1	0	0
2021-04-21 11:35:32:851	41.8	35	0	0
2021-04-21 11:35:34:851	41.6	35.1	0	0
2021-04-21 11:35:35:866	41.6	35.1	0	0
2021-04-21 11:35:36:866	41.6	35.1	0	0
2021-04-21 11:35:37:882	41.8	35.1	0	0
2021-04-21 11:35:38:882	41.8	35.1	0	0
2021-04-21 11:35:39:897	41.8	35.4	0	0
2021-04-21 11:35:40:897	42.1	35.3	0	0
2021-04-21 11:35:41:912	42.3	35.3	0	0
2021-04-21 11:35:42:912	42.4	35.6	0	0
2021-04-21 11:35:43:928	42.1	35.5	0	0
2021-04-21 11:35:44:912	42.1	0.3	0	0
2021-04-21 11:35:45:927	42.1	35.6	0	0
2021-04-21 11:35:46:927	42.1	35.7	0	0
2021-04-21 11:35:47:942	42.1	35.5	0	0
2021-04-21 11:35:48:942	42.1	35.5	0	0
2021-04-21 11:35:49:957	42.1	35.8	0	0
2021-04-21 11:35:50:957	42.1	35.6	0	0
2021-04-21 11:35:51:973	42.4	35.6	0	0
2021-04-21 11:35:52:973	42.4	35.6	0	0
2021-04-21 11:35:53:988	42.4	35.6	0	0
2021-04-21 11:35:54:994	42.4	35.6	0	0
2021-04-21 11:35:55:978	42.4	0.3	0	0
2021-04-21 11:35:56:994	42.4	35.9	0	0
2021-04-21 11:35:58:009	42.4	35.6	0	0
2021-04-21 11:35:59:009	42.1	35.5	0	0
2021-04-21 11:36:00:009	42.1	35.5	0	0
2021-04-21 11:36:01:024	41.9	35.5	0	0
2021-04-21 11:36:02:039	41.9	35.5	0	0
2021-04-21 11:36:03:039	41.7	35.5	0	0
2021-04-21 11:36:04:055	41.7	35.5	0	0
2021-04-21 11:36:05:055	41.7	35.2	0	0
2021-04-21 11:36:06:070	41.7	35.2	0	0
2021-04-21 11:36:07:055	42	35.2	0	0
2021-04-21 11:36:08:070	42	35.2	0	0
2021-04-21 11:36:09:070	42.3	35.2	0	0
2021-04-21 11:36:10:070	42.3	35.2	0	0
2021-04-21 11:36:11:085	42.5	35.2	0	0
2021-04-21 11:36:12:100	42.5	35.2	0	0
2021-04-21 11:36:13:100	42.5	35.5	0	0
2021-04-21 11:36:14:116	42.5	35.6	0	0
2021-04-21 11:36:15:115	42.5	35.7	0	0
2021-04-21 11:36:16:131	42.5	35.6	0	0
2021-04-21 11:36:17:131	42.5	35.6	0	0
2021-04-21 11:36:19:130	42.6	35.8	0	0
2021-04-21 11:36:20:145	42.6	35.7	0	0
2021-04-21 11:36:21:145	42.6	35.3	0	0
2021-04-21 11:36:22:161	42.6	35.2	0	0
2021-04-21 11:36:23:160	42.6	35.1	0	0
2021-04-21 11:36:24:176	42.6	35	0	0
2021-04-21 11:36:25:182	42.2	35	0	0
2021-04-21 11:36:26:182	42.2	34.6	0	0
2021-04-21 11:36:27:197	42.2	34.5	0	0
2021-04-21 11:36:28:197	42.2	34.4	0	0
2021-04-21 11:36:29:212	42.2	34.5	0	0
2021-04-21 11:36:31:212	42.2	34.5	0	0
2021-04-21 11:36:32:212	42.2	34.6	0	0
2021-04-21 11:36:33:227	42.6	34.6	0	0
2021-04-21 11:36:34:227	42.6	34.6	0	0
2021-04-21 11:36:35:242	42.6	34.7	0	0
2021-04-21 11:36:36:258	42.3	34.8	0	0
2021-04-21 11:36:37:258	42.3	34.8	0	0
2021-04-21 11:36:38:257	42.3	34.8	0	0
2021-04-21 11:36:39:273	42.3	34.8	0	0
2021-04-21 11:36:40:288	42.3	35.2	0	0
2021-04-21 11:36:41:288	42.3	35.5	0	0
2021-04-21 11:36:42:303	42.3	35.9	0	0
2021-04-21 11:36:44:303	42.3	35.8	0	0
2021-04-21 11:36:45:303	42.3	35.8	0	0
2021-04-21 11:36:46:302	42.3	35.6	0	0
2021-04-21 11:36:47:318	42.3	35.6	0	0
2021-04-21 11:36:48:333	42.3	35.6	0	0
2021-04-21 11:36:49:333	42	35.2	0	0
2021-04-21 11:36:50:348	41.7	34.9	0	0
2021-04-21 11:36:51:874	41.7	34.9	0	0
2021-04-21 11:36:52:359	42	34.7	0	0
2021-04-21 11:36:53:359	42	34.4	0	0
2021-04-21 11:36:54:369	42	34.3	0	0
2021-04-21 11:36:55:386	42	34.1	0	0
2021-04-21 11:36:56:689	42	33.6	0	0
2021-04-21 11:36:57:376	42.3	33.6	0	0
2021-04-21 11:36:58:387	42.7	33.5	0	0
2021-04-21 11:36:59:397	42.7	33.4	0	0
2021-04-21 11:37:00:407	42.6	33.7	0	0
2021-04-21 11:37:01:417	42.6	33.8	0	0
2021-04-21 11:37:02:428	42.6	34	0	0
2021-04-21 11:37:03:423	42.7	34.7	0	0
2021-04-21 11:37:04:433	42.7	34.8	0	0
2021-04-21 11:37:05:443	42.7	34.8	0	0
2021-04-21 11:37:06:454	42.4	34.9	0	0
2021-04-21 11:37:07:464	42.4	34.9	0	0
2021-04-21 11:37:08:443	42.4	35	0	0
2021-04-21 11:37:09:454	42.1	35.2	0	0
2021-04-21 11:37:10:464	42.1	35.3	0	0
2021-04-21 11:37:11:475	42.1	34.9	0	0
2021-04-21 11:37:12:485	42.1	35	0	0
2021-04-21 11:37:13:496	41.8	35.1	0	0
2021-04-21 11:37:14:491	42.2	35.1	0	0
2021-04-21 11:37:15:501	42.2	35.2	0	0
2021-04-21 11:37:16:511	42.2	35.2	0	0
2021-04-21 11:37:17:522	42.6	35.5	0	0
2021-04-21 11:37:18:532	42.6	35.5	0	0
2021-04-21 11:37:19:542	42.6	35.5	0	0
2021-04-21 11:37:20:522	42.6	0.3	0	0
2021-04-21 11:37:21:532	43	35.2	0	0
2021-04-21 11:37:22:542	43	35.2	0	0
2021-04-21 11:37:23:553	43	35.1	0	0
2021-04-21 11:37:24:558	42.6	35.1	0	0
2021-04-21 11:37:25:569	42.2	34.5	0	0
2021-04-21 11:37:26:579	42.2	34.5	0	0
2021-04-21 11:37:27:590	42.2	34.3	0	0
2021-04-21 11:37:28:584	42.2	34.4	0	0
2021-04-21 11:37:29:595	42.2	34.2	0	0
2021-04-21 11:37:30:605	42.2	34.1	0	0
2021-04-21 11:37:31:615	41.7	33.9	0	0
2021-04-21 11:37:32:610	42.1	0.3	0	0
2021-04-21 11:37:33:621	42.6	33.8	0	0
2021-04-21 11:37:34:616	42.1	33.7	0	0
2021-04-21 11:37:35:626	42.1	33.7	0	0
2021-04-21 11:37:36:636	42.1	33.7	0	0
2021-04-21 11:37:37:647	42.1	33.8	0	0
2021-04-21 11:37:38:657	42.1	33.8	0	0
2021-04-21 11:37:39:667	42.6	34	0	0
2021-04-21 11:37:40:662	42.6	34	0	0
2021-04-21 11:37:41:673	42.6	34	0	0
2021-04-21 11:37:42:683	43.1	34.1	0	0
2021-04-21 11:37:43:694	43.1	34.2	0	0
2021-04-21 11:37:44:688	42.6	34.1	0	0
2021-04-21 11:37:45:683	42.6	34.1	0	0
2021-04-21 11:37:46:693	42.6	34.1	0	0
2021-04-21 11:37:47:704	42.6	34.1	0	0
2021-04-21 11:37:48:714	42.6	34.7	0	0
2021-04-21 11:37:49:724	42.6	34.7	0	0
2021-04-21 11:37:50:735	42.6	34.7	0	0
2021-04-21 11:37:51:730	42.6	34.7	0	0
2021-04-21 11:37:52:740	43.1	34.9	0	0
2021-04-21 11:37:53:751	43.1	35.4	0	0
2021-04-21 11:37:54:762	43.1	35.3	0	0
2021-04-21 11:37:55:773	43.1	35.1	0	0
2021-04-21 11:37:56:767	43.1	34.6	0	0
2021-04-21 11:37:57:762	43.1	34.6	0	0
2021-04-21 11:37:58:773	42.6	34.5	0	0
2021-04-21 11:37:59:783	42.6	34.5	0	0
2021-04-21 11:38:00:793	42.8	34.3	0	0
2021-04-21 11:38:01:804	42.8	33.6	0	0
2021-04-21 11:38:02:814	42.8	33.6	0	0
2021-04-21 11:38:03:809	42.7	33.7	0	0
2021-04-21 11:38:04:820	42.7	33.6	0	0
2021-04-21 11:38:05:830	42.7	33.4	0	0
2021-04-21 11:38:06:840	43.2	33.3	0	0
2021-04-21 11:38:08:845	43.1	33.2	0	0
2021-04-21 11:38:09:840	43.1	33.2	0	0
2021-04-21 11:38:10:850	43	33.1	0	0
2021-04-21 11:38:11:860	43	33.1	0	0
2021-04-21 11:38:12:871	43.1	33.1	0	0
2021-04-21 11:38:13:881	43.1	33.2	0	0
2021-04-21 11:38:14:892	43.1	33.3	0	0
2021-04-21 11:38:15:886	43.1	33.3	0	0
2021-04-21 11:38:16:897	43.1	33.3	0	0
2021-04-21 11:38:17:907	43.1	33.3	0	0
2021-04-21 11:38:19:912	43.1	33.3	0	0
2021-04-21 11:38:20:907	43.1	33.3	0	0
2021-04-21 11:38:21:917	43.1	33.2	0	0
2021-04-21 11:38:22:928	43.1	33.1	0	0
2021-04-21 11:38:23:938	43.1	33.1	0	0
2021-04-21 11:38:24:950	43.1	33.2	0	0
2021-04-21 11:38:25:961	43.2	33.2	0	0
2021-04-21 11:38:26:956	43.2	33.4	0	0
2021-04-21 11:38:27:966	43.2	33.4	0	0
2021-04-21 11:38:28:976	43.1	33.4	0	0
2021-04-21 11:38:30:982	43.1	33.4	0	0
2021-04-21 11:38:31:976	43.1	33.4	0	0
2021-04-21 11:38:32:987	43.2	33.4	0	0
2021-04-21 11:38:33:997	43.2	33.3	0	0
2021-04-21 11:38:35:007	43.2	33.3	0	0
2021-04-21 11:38:36:018	43.2	33.3	0	0
2021-04-21 11:38:37:028	43.2	33.3	0	0
2021-04-21 11:38:38:038	43.2	33.5	0	0
2021-04-21 11:38:39:033	43.2	33.4	0	0
2021-04-21 11:38:40:044	43.2	33.3	0	0
2021-04-21 11:38:42:049	42.9	33.4	0	0
2021-04-21 11:38:43:060	42.9	33.3	0	0
2021-04-21 11:38:44:055	42.9	33.4	0	0
2021-04-21 11:38:45:065	42.9	33.5	0	0
2021-04-21 11:38:46:075	43	33.5	0	0
2021-04-21 11:38:47:086	43	33.6	0	0
2021-04-21 11:38:48:096	43	33.6	0	0
2021-04-21 11:38:49:106	43	33.6	0	0
2021-04-21 11:38:50:101	43	33.6	0	0
2021-04-21 11:38:52:106	43	33.6	0	0
2021-04-21 11:38:53:117	43	33.6	0	0
2021-04-21 11:38:54:127	42.8	33.6	0	0
2021-04-21 11:38:55:138	43	33.6	0	0
2021-04-21 11:38:56:133	43	33.6	0	0
2021-04-21 11:38:57:144	43	33.7	0	0
2021-04-21 11:38:58:154	43	33.8	0	0
2021-04-21 11:38:59:164	43	33.9	0	0
2021-04-21 11:39:00:175	43	33.9	0	0
2021-04-21 11:39:01:185	43	34	0	0
2021-04-21 11:39:03:175	42.4	34	0	0
2021-04-21 11:39:04:185	42.4	34	0	0
2021-04-21 11:39:05:196	42.4	34	0	0
2021-04-21 11:39:06:206	42.4	33.8	0	0
2021-04-21 11:39:07:216	42.5	33.8	0	0
2021-04-21 11:39:08:211	42.5	33.8	0	0
2021-04-21 11:39:09:222	42.5	33.8	0	0
2021-04-21 11:39:10:232	43	33.7	0	0
2021-04-21 11:39:11:242	43	33.7	0	0
2021-04-21 11:39:12:253	42.9	33.7	0	0
2021-04-21 11:39:14:242	42.9	33.9	0	0
2021-04-21 11:39:15:253	42.8	33.9	0	0
2021-04-21 11:39:16:263	42.8	33.8	0	0
2021-04-21 11:39:17:273	42.8	33.8	0	0
2021-04-21 11:39:18:284	42.8	33.9	0	0
2021-04-21 11:39:19:294	42.3	33.9	0	0
2021-04-21 11:39:20:289	42.3	33.9	0	0
2021-04-21 11:39:21:299	42.3	33.8	0	0
2021-04-21 11:39:22:310	42.3	33.8	0	0
2021-04-21 11:39:23:320	42.3	33.7	0	0
2021-04-21 11:39:24:315	42.3	33.7	0	0
2021-04-21 11:39:25:310	42.3	33.7	0	0
2021-04-21 11:39:26:321	42.4	33.5	0	0
2021-04-21 11:39:27:331	42.9	33.5	0	0
2021-04-21 11:39:28:341	42.8	33.5	0	0
2021-04-21 11:39:29:352	42.8	33.5	0	0
2021-04-21 11:39:30:362	42.8	33.6	0	0
2021-04-21 11:39:31:357	42.8	33.5	0	0
2021-04-21 11:39:32:368	42.8	34	0	0
2021-04-21 11:39:33:378	42.8	34.1	0	0
2021-04-21 11:39:34:373	42.7	0.3	0	0
2021-04-21 11:39:35:383	42.7	34.1	0	0
2021-04-21 11:39:36:378	42.7	34.1	0	0
2021-04-21 11:39:37:388	42.7	34.1	0	0
2021-04-21 11:39:38:399	42.7	34.1	0	0
2021-04-21 11:39:39:409	42.7	34.7	0	0
2021-04-21 11:39:40:420	42.7	34.3	0	0
2021-04-21 11:39:41:430	42.3	34.3	0	0
2021-04-21 11:39:42:440	42.3	34.3	0	0
2021-04-21 11:39:43:435	42.3	34.6	0	0
2021-04-21 11:39:45:441	42.3	34.6	0	0
2021-04-21 11:39:46:451	42.3	34.6	0	0
2021-04-21 11:39:47:462	42.3	34.2	0	0
2021-04-21 11:39:48:457	41.8	34.2	0	0
2021-04-21 11:39:49:467	41.8	34.2	0	0
2021-04-21 11:39:50:478	41.4	34.2	0	0
2021-04-21 11:39:51:488	41.4	34.2	0	0
2021-04-21 11:39:52:498	41	34.1	0	0
2021-04-21 11:39:53:509	41	33.9	0	0
2021-04-21 11:39:55:509	41	33.9	0	0
2021-04-21 11:39:56:504	41.4	33.9	0	0
2021-04-21 11:39:57:515	41.8	34.3	0	0
2021-04-21 11:39:58:525	42.2	34.3	0	0
2021-04-21 11:39:59:535	42.2	34.7	0	0
2021-04-21 11:40:00:546	42.7	34.8	0	0
2021-04-21 11:40:01:556	42.7	35	0	0
2021-04-21 11:40:02:551	42.7	35.1	0	0
2021-04-21 11:40:03:562	42.6	35.1	0	0
2021-04-21 11:40:04:564	42.3	35.2	0	0
2021-04-21 11:40:05:564	42.2	34.8	0	0
2021-04-21 11:43:05:722	42.8	31.8	0	0
2021-04-21 11:43:06:722	42.8	31.6	0	0
2021-04-21 11:43:07:737	42.7	31.2	0	0
2021-04-21 11:43:08:752	42.7	31.3	0	0
2021-04-21 11:43:09:737	42.8	31.3	0	0
2021-04-21 11:43:10:752	42.5	31.3	0	0
2021-04-21 11:43:11:751	42.3	31.2	0	0
2021-04-21 11:43:12:767	42.3	30.5	0	0
2021-04-21 11:43:13:767	42.3	29.9	0	0
2021-04-21 11:43:14:782	42.2	30.1	0	0
2021-04-21 11:43:15:782	42.1	30.5	0	0
2021-04-21 11:43:16:797	42.1	30.5	0	0
2021-04-21 11:43:17:797	42	30.6	0	0
2021-04-21 11:43:18:813	42.2	30.6	0	0
2021-04-21 11:43:19:813	42.3	30.2	0	0
2021-04-21 11:43:20:828	42.3	30.3	0	0
2021-04-21 11:43:21:828	42.2	30.2	0	0
2021-04-21 11:43:23:827	42.2	29.1	0	0
2021-04-21 11:43:24:846	42.1	29	0	0
2021-04-21 11:43:25:846	42.1	28.7	0	0
2021-04-21 11:43:26:861	42	28.6	0	0
2021-04-21 11:43:27:861	41.9	29.1	0	0
2021-04-21 11:43:28:876	41.9	29.2	0	0
2021-04-21 11:43:29:876	42.1	29.3	0	0
2021-04-21 11:43:30:891	42.1	29.2	0	0
2021-04-21 11:43:31:891	42	29.3	0	0
2021-04-21 11:43:32:907	41.9	29	0	0
2021-04-21 11:43:33:907	41.6	28.9	0	0
2021-04-21 11:43:34:922	41.6	28.8	0	0
2021-04-21 11:43:36:921	41.5	28.4	0	0
2021-04-21 11:43:37:921	41.1	28.2	0	0
2021-04-21 11:43:38:937	41	28.4	0	0
2021-04-21 11:43:39:936	41	28.5	0	0
2021-04-21 11:43:40:952	40.9	28.6	0	0
2021-04-21 11:43:41:951	41.2	28.1	0	0
2021-04-21 11:43:42:967	41.1	27.8	0	0
2021-04-21 11:43:43:967	41.1	27.5	0	0
2021-04-21 11:43:44:982	41	27.3	0	0
2021-04-21 11:43:45:982	41	27.4	0	0
2021-04-21 11:43:46:997	40.9	27.4	0	0
2021-04-21 11:43:47:997	40.9	27.3	0	0
2021-04-21 11:43:48:997	41.2	27.1	0	0
2021-04-21 11:43:49:996	41.2	27.5	0	0
2021-04-21 11:43:51:012	41.1	27.9	0	0
2021-04-21 11:43:52:012	41.1	28.2	0	0
2021-04-21 11:43:53:027	40.9	28.6	0	0
2021-04-21 11:43:54:030	40.9	29	0	0
2021-04-21 11:43:55:034	40.9	29.2	0	0
2021-04-21 11:43:56:050	40.8	29.5	0	0
2021-04-21 11:43:57:049	40.4	29.9	0	0
2021-04-21 11:43:58:065	40.4	30.1	0	0
2021-04-21 11:43:59:065	40.4	30.3	0	0
2021-04-21 11:44:00:081	40.4	30.4	0	0
2021-04-21 11:44:01:065	40.6	3	0	0
2021-04-21 11:44:02:080	40.6	30.5	0	0
2021-04-21 11:44:03:080	40.6	30.5	0	0
2021-04-21 11:44:04:096	40.6	30.4	0	0
2021-04-21 11:44:05:096	40.6	30.4	0	0
2021-04-21 11:44:06:111	40.6	30.4	0	0
2021-04-21 11:44:07:111	40.6	30.4	0	0
2021-04-21 11:44:08:127	40.6	30.5	0	0
2021-04-21 11:44:09:126	40.6	30.6	0	0
2021-04-21 11:44:10:142	40.7	30.7	0	0
2021-04-21 11:44:11:142	40.7	30.7	0	0
2021-04-21 11:44:12:157	40.7	30.8	0	0
2021-04-21 11:44:13:151	40.7	0.3	0	0
2021-04-21 11:44:14:151	40.7	30.8	0	0
2021-04-21 11:44:15:167	40.7	30.8	0	0
2021-04-21 11:44:16:167	40.7	30.9	0	0
2021-04-21 11:44:17:182	40.8	31	0	0
2021-04-21 11:44:18:182	40.8	31.2	0	0
2021-04-21 11:44:19:198	41	31.3	0	0
2021-04-21 11:44:20:198	41.2	31.5	0	0
2021-04-21 11:44:21:213	41.2	31.7	0	0
2021-04-21 11:44:22:213	41.2	31.8	0	0
2021-04-21 11:44:23:229	41.2	32	0	0
2021-04-21 11:44:24:228	41.3	32	0	0
2021-04-21 11:44:25:222	41.3	32	0	0
2021-04-21 11:44:26:238	41.3	32	0	0
2021-04-21 11:44:27:238	41.1	32	0	0
2021-04-21 11:44:28:253	41	31.9	0	0
2021-04-21 11:44:29:253	41	31.9	0	0
2021-04-21 11:44:30:268	41	32	0	0
2021-04-21 11:44:31:268	41	32.1	0	0
2021-04-21 11:44:32:283	41	32	0	0
2021-04-21 11:44:33:283	41.1	32	0	0
2021-04-21 11:44:34:299	41.3	32.1	0	0
2021-04-21 11:44:35:298	41.3	32.2	0	0
2021-04-21 11:44:37:298	41.4	32.4	0	0
2021-04-21 11:44:38:313	41.4	32.4	0	0
2021-04-21 11:44:39:313	41.4	32.2	0	0
2021-04-21 11:44:40:328	41.4	32.5	0	0
2021-04-21 11:44:41:328	41.7	32.4	0	0
2021-04-21 11:44:42:344	41.6	32.2	0	0
2021-04-21 11:44:43:344	41.6	32	0	0
2021-04-21 11:44:44:359	41.6	32	0	0
2021-04-21 11:44:45:359	41.6	32.1	0	0
2021-04-21 11:44:46:374	41.6	31.8	0	0
2021-04-21 11:44:47:374	41.5	31.7	0	0
2021-04-21 11:44:48:374	41.5	31.3	0	0
2021-04-21 11:44:49:373	41.3	31.1	0	0
2021-04-21 11:44:50:389	41.1	31	0	0
2021-04-21 11:44:51:389	41.1	30.8	0	0
2021-04-21 11:44:52:404	41.1	30.7	0	0
2021-04-21 11:44:53:419	41.1	30.6	0	0
2021-04-21 11:44:54:419	41.1	30.6	0	0
2021-04-21 11:44:55:426	41.2	30.7	0	0
2021-04-21 11:44:56:441	41.1	30.8	0	0
2021-04-21 11:44:57:441	41	30.8	0	0
2021-04-21 11:44:58:457	41	30.9	0	0
2021-04-21 11:44:59:441	41	31.2	0	0
2021-04-21 11:45:00:456	41	31.2	0	0
2021-04-21 11:45:01:456	41.1	31.2	0	0
2021-04-21 11:45:02:471	41.1	31.5	0	0
2021-04-21 11:45:03:471	41.1	31.6	0	0
2021-04-21 11:45:04:487	41.1	31.8	0	0
2021-04-21 11:45:05:486	41.2	32	0	0
2021-04-21 11:45:06:502	41.2	32.1	0	0
2021-04-21 11:45:07:501	41.2	32	0	0
2021-04-21 11:45:08:517	41.2	32	0	0
2021-04-21 11:45:10:516	41.1	31.9	0	0
2021-04-21 11:45:11:516	41.3	31.8	0	0
2021-04-21 11:45:12:531	41.3	31.9	0	0
2021-04-21 11:45:13:531	41.3	32	0	0
2021-04-21 11:45:14:547	41.4	32	0	0
2021-04-21 11:45:15:546	41.4	32.1	0	0
2021-04-21 11:45:16:562	41.4	32.4	0	0
2021-04-21 11:45:17:562	41.4	32.6	0	0
2021-04-21 11:45:18:577	41.4	32.8	0	0
2021-04-21 11:45:19:577	41.3	32.6	0	0
2021-04-21 11:45:21:576	41.5	32.5	0	0
2021-04-21 11:45:22:592	41.7	32.6	0	0
2021-04-21 11:45:23:592	41.8	32.7	0	0
2021-04-21 11:45:24:599	42.1	32.7	0	0
2021-04-21 11:45:25:614	42.1	32.6	0	0
2021-04-21 11:45:26:614	42.1	32.6	0	0
2021-04-21 11:45:27:629	42.1	32.8	0	0
2021-04-21 11:45:28:629	41.9	32.9	0	0
2021-04-21 11:45:29:644	42	32.9	0	0
2021-04-21 11:45:30:660	41.7	32.7	0	0
2021-04-21 11:45:31:660	41.7	32.5	0	0
2021-04-21 11:45:32:659	41.4	32.3	0	0
2021-04-21 11:45:33:659	41.4	32.1	0	0
2021-04-21 11:45:34:674	41.4	31.9	0	0
2021-04-21 11:45:35:674	41.4	31.6	0	0
2021-04-21 11:45:36:689	41.3	31.5	0	0
2021-04-21 11:45:37:689	41.3	31.5	0	0
2021-04-21 11:45:38:705	41.3	31.6	0	0
2021-04-21 11:45:39:705	41.5	31.6	0	0
2021-04-21 11:45:40:720	41.5	31.6	0	0
2021-04-21 11:45:41:720	41.5	31.6	0	0
2021-04-21 11:45:42:735	41.5	31.6	0	0
2021-04-21 11:45:43:719	41.5	31.7	0	0
2021-04-21 11:45:44:734	41.5	31.6	0	0
2021-04-21 11:45:45:734	41.5	31.5	0	0
2021-04-21 11:45:46:750	41.4	31.2	0	0
2021-04-21 11:45:47:750	41.2	31.2	0	0
2021-04-21 11:45:48:765	41.2	31.5	0	0
2021-04-21 11:45:49:765	41.2	31.8	0	0
2021-04-21 11:45:50:780	41.1	31.7	0	0
2021-04-21 11:45:51:780	41.1	31.7	0	0
2021-04-21 11:45:52:795	41.1	31.9	0	0
2021-04-21 11:45:53:795	41.1	31.9	0	0
2021-04-21 11:45:54:787	41.2	3.2	0	0
2021-04-21 11:45:55:802	41.2	32.1	0	0
2021-04-21 11:45:56:802	41.2	31.9	0	0
2021-04-21 11:45:57:817	41.2	31.9	0	0
2021-04-21 11:45:58:817	41.6	32.2	0	0
2021-04-21 11:45:59:832	41.6	32.2	0	0
2021-04-21 11:46:00:832	41.8	32.3	0	0
2021-04-21 11:46:01:848	41.9	32.6	0	0
2021-04-21 11:46:02:847	42.1	32.7	0	0
2021-04-21 11:46:03:863	42.2	32.8	0	0
2021-04-21 11:46:04:863	42.2	33	0	0
2021-04-21 11:46:06:862	41.9	32.8	0	0
2021-04-21 11:46:07:877	41.9	33	0	0
2021-04-21 11:46:08:877	41.7	33	0	0
2021-04-21 11:46:09:893	42	32.9	0	0
2021-04-21 11:46:10:893	41.7	32.5	0	0
2021-04-21 11:46:11:908	41.8	32.7	0	0
2021-04-21 11:46:12:908	41.8	32.7	0	0
2021-04-21 11:46:13:923	41.8	32.6	0	0
2021-04-21 11:46:14:923	41.8	32.5	0	0
2021-04-21 11:46:15:938	41.9	32.5	0	0
2021-04-21 11:46:16:938	41.9	32.5	0	0
2021-04-21 11:46:17:938	42	3.2	0	0
2021-04-21 11:46:18:953	42	32.7	0	0
2021-04-21 11:46:19:953	42	32.5	0	0
2021-04-21 11:46:20:969	42	32.6	0	0
2021-04-21 11:46:21:968	42	32.7	0	0
2021-04-21 11:46:22:984	42	32.5	0	0
2021-04-21 11:46:23:984	41.8	32.4	0	0
2021-04-21 11:46:24:990	41.8	32.3	0	0
2021-04-21 11:46:26:005	41.6	32.3	0	0
2021-04-21 11:46:27:005	41.6	32.5	0	0
2021-04-21 11:46:28:021	41.6	32.7	0	0
2021-04-21 11:46:29:005	41.6	3.2	0	0
2021-04-21 11:46:30:020	41.6	32.9	0	0
2021-04-21 11:46:31:020	41.6	33.2	0	0
2021-04-21 11:46:32:036	41.8	33.4	0	0
2021-04-21 11:46:33:036	41.9	33.6	0	0
2021-04-21 11:46:34:051	41.9	33.7	0	0
2021-04-21 11:46:35:051	41.9	33.8	0	0
2021-04-21 11:46:36:066	41.6	33.8	0	0
2021-04-21 11:46:37:066	41.6	33.8	0	0
2021-04-21 11:46:38:081	41.6	33.9	0	0
2021-04-21 11:46:39:081	41.7	34.3	0	0
2021-04-21 11:46:41:081	41.4	34.3	0	0
2021-04-21 11:46:42:096	41.1	34.1	0	0
2021-04-21 11:46:43:096	41.1	33.9	0	0
2021-04-21 11:46:44:112	41.4	33.7	0	0
2021-04-21 11:46:45:111	41.4	33.7	0	0
2021-04-21 11:46:46:127	41.4	33.7	0	0
2021-04-21 11:46:47:127	41.4	33.3	0	0
2021-04-21 11:46:48:142	41.8	33.4	0	0
2021-04-21 11:46:49:142	41.8	33.7	0	0
2021-04-21 11:46:50:157	41.8	33.9	0	0
2021-04-21 11:46:51:157	41.8	34.2	0	0
2021-04-21 11:46:52:157	41.8	34.5	0	0
2021-04-21 11:46:53:157	41.8	34.6	0	0
2021-04-21 11:46:54:172	41.6	34.7	0	0
2021-04-21 11:46:55:178	41.6	34.8	0	0
2021-04-21 11:46:56:178	41.3	34.8	0	0
2021-04-21 11:46:57:193	41.3	34.5	0	0
2021-04-21 11:46:58:208	41.7	34.4	0	0
2021-04-21 11:46:59:208	41.9	34.4	0	0
2021-04-21 11:47:00:224	42	34.3	0	0
2021-04-21 11:47:01:223	42	34.3	0	0
2021-04-21 11:47:02:239	42.2	34.2	0	0
2021-04-21 11:47:03:223	42.3	33.9	0	0
2021-04-21 11:47:04:238	42.3	34.2	0	0
2021-04-21 11:47:05:238	42.3	34.2	0	0
2021-04-21 11:47:06:253	42.3	34.3	0	0
2021-04-21 11:47:07:253	42.1	34.4	0	0
2021-04-21 11:47:08:269	42.1	34.3	0	0
2021-04-21 11:47:09:268	42.1	34.2	0	0
2021-04-21 11:47:10:284	42.1	34	0	0
2021-04-21 11:47:11:283	42.1	34	0	0
2021-04-21 11:47:12:299	42.1	33.5	0	0
2021-04-21 11:47:13:299	42.1	33.3	0	0
2021-04-21 11:47:14:299	42.1	32.9	0	0
2021-04-21 11:47:15:299	42.1	32.6	0	0
2021-04-21 11:47:16:314	42.1	32.5	0	0
2021-04-21 11:47:17:314	42	32.4	0	0
2021-04-21 11:47:18:329	42	32.2	0	0
2021-04-21 11:47:19:329	42	32.2	0	0
2021-04-21 11:47:20:344	42	32.2	0	0
2021-04-21 11:47:21:344	42.2	32.3	0	0
2021-04-21 11:47:22:359	42.1	32.6	0	0
2021-04-21 11:47:23:359	42.1	32.9	0	0
2021-04-21 11:47:25:366	42.1	33.2	0	0
2021-04-21 11:47:26:366	42.2	33.4	0	0
2021-04-21 11:47:27:381	42.2	33.5	0	0
2021-04-21 11:47:28:381	42.2	33.4	0	0
2021-04-21 11:47:29:396	42	33.4	0	0
2021-04-21 11:47:30:396	42	33.1	0	0
2021-04-21 11:47:31:412	42	33.1	0	0
2021-04-21 11:47:32:411	42	32.9	0	0
2021-04-21 11:47:33:427	42	33	0	0
2021-04-21 11:47:34:426	42	33	0	0
2021-04-21 11:47:36:426	42	33.4	0	0
2021-04-21 11:47:37:441	42	33.4	0	0
2021-04-21 11:47:38:441	42	33.6	0	0
2021-04-21 11:47:39:456	42	33.6	0	0
2021-04-21 11:47:40:456	42	33.7	0	0
2021-04-21 11:47:41:472	42	33.6	0	0
2021-04-21 11:47:42:487	42	33.5	0	0
2021-04-21 11:47:43:487	42	33.4	0	0
2021-04-21 11:47:44:502	42.1	33.4	0	0
2021-04-21 11:47:45:502	42.3	33.4	0	0
2021-04-21 11:47:47:501	42.3	33.2	0	0
2021-04-21 11:47:48:517	42.3	33	0	0
2021-04-21 11:47:49:517	42.3	32.7	0	0
2021-04-21 11:47:50:532	42.3	32.5	0	0
2021-04-21 11:47:51:532	42.3	32.3	0	0
2021-04-21 11:47:52:547	42.1	32.1	0	0
2021-04-21 11:47:53:547	41.9	31.9	0	0
2021-04-21 11:47:54:554	41.9	31.7	0	0
2021-04-21 11:47:55:570	41.9	31.8	0	0
2021-04-21 11:47:56:569	41.8	31.8	0	0
2021-04-21 11:47:58:569	41.8	31.9	0	0
2021-04-21 11:47:59:584	41.7	31.8	0	0
2021-04-21 11:48:00:584	41.7	31.8	0	0
2021-04-21 11:48:01:600	41.7	31.7	0	0
2021-04-21 11:48:02:599	41.6	31.5	0	0
2021-04-21 11:48:03:615	41.5	31.6	0	0
2021-04-21 11:48:04:615	41.5	31.8	0	0
2021-04-21 11:48:05:630	41.7	32	0	0
2021-04-21 11:48:06:630	41.7	32.2	0	0
2021-04-21 11:48:07:645	41.7	32.3	0	0
2021-04-21 11:48:09:645	41.7	32.5	0	0
2021-04-21 11:48:10:645	41.7	32.6	0	0
2021-04-21 11:48:11:660	41.7	32.6	0	0
2021-04-21 11:48:12:660	41.7	32.7	0	0
2021-04-21 11:48:13:676	41.5	32.9	0	0
2021-04-21 11:48:14:675	41.5	33.1	0	0
2021-04-21 11:48:15:691	41.6	33.2	0	0
2021-04-21 11:48:16:691	41.6	33.4	0	0
2021-04-21 11:48:17:706	41.6	33.5	0	0
2021-04-21 11:48:18:706	41.6	33.4	0	0
2021-04-21 11:48:19:721	41.9	33.4	0	0
2021-04-21 11:48:20:705	41.9	33.1	0	0
2021-04-21 11:48:21:721	41.9	32.7	0	0
2021-04-21 11:48:22:720	41.9	32.3	0	0
2021-04-21 11:48:23:736	41.9	32.1	0	0
2021-04-21 11:48:24:742	41.9	32	0	0
2021-04-21 11:48:25:758	41.8	31.7	0	0
2021-04-21 11:48:26:758	41.8	31.7	0	0
2021-04-21 11:48:27:773	41.6	31.5	0	0
2021-04-21 11:48:28:773	41.6	31.5	0	0
2021-04-21 11:48:29:788	41.5	31.3	0	0
2021-04-21 11:48:30:788	41.5	31.1	0	0
2021-04-21 11:48:31:787	41.5	30.8	0	0
2021-04-21 11:48:32:788	41.4	30.8	0	0
2021-04-21 11:48:33:803	41.4	31	0	0
2021-04-21 11:48:34:803	41.6	31.2	0	0
2021-04-21 11:48:35:818	41.6	31.3	0	0
2021-04-21 11:48:36:818	41.6	31.4	0	0
2021-04-21 11:48:37:833	41.8	31.7	0	0
2021-04-21 11:48:38:833	41.8	31.8	0	0
2021-04-21 11:48:39:848	41.8	32.1	0	0
2021-04-21 11:48:40:848	41.9	32.2	0	0
2021-04-21 11:48:41:864	41.9	32.1	0	0
2021-04-21 11:48:43:863	41.7	32.6	0	0
2021-04-21 11:48:44:863	41.7	32.7	0	0
2021-04-21 11:48:45:878	41.5	32.9	0	0
2021-04-21 11:48:46:878	41.6	33.2	0	0
2021-04-21 11:48:47:893	41.9	33.3	0	0
2021-04-21 11:48:48:893	41.9	33.2	0	0
2021-04-21 11:48:49:909	41.9	33	0	0
2021-04-21 11:48:50:908	41.9	32.8	0	0
2021-04-21 11:48:51:924	41.9	32.7	0	0
2021-04-21 11:48:52:923	42	32.7	0	0
2021-04-21 11:48:53:939	42.3	32.6	0	0
2021-04-21 11:48:54:930	42.3	3.2	0	0
2021-04-21 11:48:55:930	42	32.5	0	0
2021-04-21 11:48:56:945	42	32.8	0	0
2021-04-21 11:48:57:945	42	33.1	0	0
2021-04-21 11:48:58:961	42.3	33.2	0	0
2021-04-21 11:48:59:960	42.4	33.2	0	0
2021-04-21 11:49:00:976	42.4	33.2	0	0
2021-04-21 11:49:01:976	42.1	33.2	0	0
2021-04-21 11:49:02:991	42.2	33.2	0	0
2021-04-21 11:49:03:991	42.2	33.1	0	0
2021-04-21 11:49:05:006	42.2	33.1	0	0
2021-04-21 11:49:06:006	42.2	33.2	0	0
2021-04-21 11:49:07:006	41.9	33.5	0	0
2021-04-21 11:49:08:021	42	33.7	0	0
2021-04-21 11:49:09:021	42	33.8	0	0
2021-04-21 11:49:10:036	42	34	0	0
2021-04-21 11:49:11:036	42	34.4	0	0
2021-04-21 11:49:12:052	42.1	34.6	0	0
2021-04-21 11:49:13:052	42.1	35	0	0
2021-04-21 11:49:14:067	42.1	35.1	0	0
2021-04-21 11:49:15:067	42.2	35.1	0	0
2021-04-21 11:49:16:067	42.2	35.1	0	0
2021-04-21 11:49:17:082	42.2	35.1	0	0
2021-04-21 11:49:19:202	42.3	35.1	0	0
2021-04-21 11:49:20:093	42.3	35.1	0	0
2021-04-21 11:49:21:092	42.4	34.8	0	0
2021-04-21 11:49:22:108	42.4	34.8	0	0
2021-04-21 11:49:23:108	42.4	34.8	0	0
2021-04-21 11:49:24:119	42.5	34.8	0	0
2021-04-21 11:49:25:915	42.5	34.8	0	0
2021-04-21 11:49:26:134	42.5	34.8	0	0
2021-04-21 11:49:27:149	42.2	34.9	0	0
2021-04-21 11:49:28:149	42	34.9	0	0
2021-04-21 11:49:29:159	42	35	0	0
2021-04-21 11:49:30:154	42	35	0	0
2021-04-21 11:49:31:154	42	35	0	0
2021-04-21 11:49:32:169	42	35.1	0	0
2021-04-21 11:49:33:180	42.1	35.1	0	0
2021-04-21 11:49:34:174	42.1	35.1	0	0
2021-04-21 11:49:35:190	42.4	35	0	0
2021-04-21 11:49:36:200	42.7	34.9	0	0
2021-04-21 11:49:37:211	42.7	34.7	0	0
2021-04-21 11:49:38:211	42.7	34.6	0	0
2021-04-21 11:49:39:226	42.8	34.3	0	0
2021-04-21 11:49:40:226	42.8	34.1	0	0
2021-04-21 11:49:41:225	42.7	33.9	0	0
2021-04-21 11:49:42:225	42.7	33.8	0	0
2021-04-21 11:49:43:241	42.7	33.7	0	0
2021-04-21 11:49:44:240	42.7	33.5	0	0
2021-04-21 11:49:45:256	42.7	33.5	0	0
2021-04-21 11:49:46:256	42.7	33.6	0	0
2021-04-21 11:49:47:271	42.2	33.8	0	0
2021-04-21 11:49:48:271	42.2	33.9	0	0
2021-04-21 11:49:49:286	42.2	34	0	0
2021-04-21 11:49:50:297	42.2	34.2	0	0
2021-04-21 11:49:51:291	42.2	34.2	0	0
2021-04-21 11:49:53:291	42.2	34.4	0	0
2021-04-21 11:49:54:306	42.2	34.4	0	0
2021-04-21 11:49:55:306	42.7	34.4	0	0
2021-04-21 11:49:56:321	42.7	34.3	0	0
2021-04-21 11:49:57:337	42.7	34.7	0	0
2021-04-21 11:49:58:336	42.7	34.6	0	0
2021-04-21 11:49:59:352	42.7	34.6	0	0
2021-04-21 11:50:00:352	42.7	34.6	0	0
2021-04-21 11:50:01:352	42.7	34.5	0	0
2021-04-21 11:50:02:367	42.7	34.6	0	0
2021-04-21 11:50:03:382	42.7	34.7	0	0
2021-04-21 11:50:05:382	42.8	34.3	0	0
2021-04-21 11:50:06:382	42.8	34.4	0	0
2021-04-21 11:50:07:397	42.4	34.5	0	0
2021-04-21 11:50:08:397	42.4	34.5	0	0
2021-04-21 11:50:09:412	42.4	34.6	0	0
2021-04-21 11:50:10:412	42.4	34.6	0	0
2021-04-21 11:50:11:427	42.4	34.6	0	0
2021-04-21 11:50:12:427	42.4	34.6	0	0
2021-04-21 11:50:13:443	42.1	34.7	0	0
2021-04-21 11:50:14:442	41.7	34.7	0	0
2021-04-21 11:50:15:458	42.1	34.6	0	0
2021-04-21 11:50:17:458	41.7	34.7	0	0
2021-04-21 11:50:18:457	41.7	34.7	0	0
2021-04-21 11:50:19:473	41.7	34.7	0	0
2021-04-21 11:50:20:472	41.7	34.7	0	0
2021-04-21 11:50:21:488	42.1	35.1	0	0
2021-04-21 11:50:22:488	42.5	35.2	0	0
2021-04-21 11:50:23:503	42.5	35.3	0	0
2021-04-21 11:50:24:509	42.9	35.3	0	0
2021-04-21 11:50:25:509	43	35.4	0	0
2021-04-21 11:50:26:519	42.6	35.5	0	0
2021-04-21 11:50:27:530	42.6	35.5	0	0
2021-04-21 11:50:28:545	42.7	35.9	0	0
2021-04-21 11:50:29:529	42.4	35.6	0	0
2021-04-21 11:50:30:545	42.4	35.7	0	0
2021-04-21 11:50:31:545	42.4	36	0	0
2021-04-21 11:50:32:555	42.1	36	0	0
2021-04-21 11:50:33:555	41.8	36.4	0	0
2021-04-21 11:50:34:565	42.1	36.1	0	0
2021-04-21 11:50:35:580	42.1	36	0	0
2021-04-21 11:50:36:591	42.1	35.5	0	0
2021-04-21 11:50:37:586	42.4	35.3	0	0
2021-04-21 11:50:38:601	42.4	35.1	0	0
2021-04-21 11:50:39:601	42.4	34.7	0	0
2021-04-21 11:50:40:616	42.7	34.7	0	0
2021-04-21 11:50:42:616	43.1	34.8	0	0
2021-04-21 11:50:43:616	43.1	34.8	0	0
2021-04-21 11:50:44:631	43.1	34.6	0	0
2021-04-21 11:50:45:646	43.1	35.1	0	0
2021-04-21 11:50:46:646	43.1	35.2	0	0
2021-04-21 11:50:47:661	43.1	35.3	0	0
2021-04-21 11:50:48:662	43.1	35.3	0	0
2021-04-21 11:50:49:677	43.1	35.1	0	0
2021-04-21 11:50:50:677	43.1	34.6	0	0
2021-04-21 11:50:51:692	43.1	34.4	0	0
2021-04-21 11:50:52:692	43.1	34.5	0	0
2021-04-21 11:50:53:707	43.2	33.9	0	0
2021-04-21 11:50:54:713	43.2	33.5	0	0
2021-04-21 11:50:55:697	43.2	33	0	0
2021-04-21 11:50:56:708	43.2	32.7	0	0
2021-04-21 11:50:57:718	43.2	32.6	0	0
2021-04-21 11:50:58:718	43.2	32.5	0	0
2021-04-21 11:50:59:734	43.2	32.5	0	0
2021-04-21 11:51:00:734	43.1	32.3	0	0
2021-04-21 11:51:01:749	43	32.2	0	0
2021-04-21 11:51:02:760	42.9	32.3	0	0
2021-04-21 11:51:03:770	42.9	32.6	0	0
2021-04-21 11:51:04:770	42.9	32.8	0	0
2021-04-21 11:51:05:785	42.9	32.9	0	0
2021-04-21 11:51:06:785	42.9	33.2	0	0
2021-04-21 11:51:07:800	42.9	33.4	0	0
2021-04-21 11:51:08:785	42.5	0.3	0	0
2021-04-21 11:51:09:795	42.5	33.8	0	0
2021-04-21 11:51:10:805	42.1	34	0	0
2021-04-21 11:51:11:816	42.1	34.7	0	0
2021-04-21 11:51:12:811	42	34.8	0	0
2021-04-21 11:51:13:821	42.1	34.8	0	0
2021-04-21 11:51:14:832	41.7	34.6	0	0
2021-04-21 11:51:15:847	41.7	34.6	0	0
2021-04-21 11:51:16:847	42.1	34.5	0	0
2021-04-21 11:51:17:862	42.1	34.4	0	0
2021-04-21 11:51:18:862	42.6	34.2	0	0
2021-04-21 11:51:19:877	42.6	33.5	0	0
2021-04-21 11:51:20:877	42.3	33.1	0	0
2021-04-21 11:51:21:892	42.3	32.9	0	0
2021-04-21 11:51:23:892	42.6	33.2	0	0
2021-04-21 11:51:24:900	42.6	33.3	0	0
2021-04-21 11:51:25:900	42.6	33.4	0	0
2021-04-21 11:51:26:916	42.6	33.3	0	0
2021-04-21 11:51:27:916	42.6	33.2	0	0
2021-04-21 11:51:28:931	42.7	33.5	0	0
2021-04-21 11:51:29:931	42.7	33.6	0	0
2021-04-21 11:51:30:946	42.7	33.6	0	0
2021-04-21 11:51:31:946	42.7	32.9	0	0
2021-04-21 11:51:32:962	42.7	32.7	0	0
2021-04-21 11:51:33:961	42.7	32.6	0	0
2021-04-21 11:51:34:977	42.6	32.4	0	0
2021-04-21 11:51:35:976	42.6	32.4	0	0
2021-04-21 11:51:37:976	42.6	32.1	0	0
2021-04-21 11:51:38:991	42.6	32.1	0	0
2021-04-21 11:51:39:991	42.6	32	0	0
2021-04-21 11:51:41:002	42.5	32	0	0
2021-04-21 11:51:42:017	42.5	32.1	0	0
2021-04-21 11:51:43:012	42.5	32.4	0	0
2021-04-21 11:51:44:027	42.5	32.6	0	0
2021-04-21 11:51:45:027	42.5	32.9	0	0
2021-04-21 11:51:46:042	42.5	33	0	0
2021-04-21 11:51:47:053	42.5	33.2	0	0
2021-04-21 11:51:48:063	42.7	33.5	0	0
2021-04-21 11:51:49:063	42.7	33.7	0	0
2021-04-21 11:51:50:078	42.8	33.9	0	0
2021-04-21 11:51:52:078	42.8	34.1	0	0
2021-04-21 11:51:53:078	42.8	34	0	0
2021-04-21 11:51:54:088	42.8	34	0	0
2021-04-21 11:51:55:088	42.8	34	0	0
2021-04-21 11:51:56:104	42.7	33.9	0	0
2021-04-21 11:51:57:114	42.7	33.8	0	0
2021-04-21 11:51:58:114	42.7	33.6	0	0
2021-04-21 11:51:59:129	42.7	33.5	0	0
2021-04-21 11:52:00:129	42.7	33.5	0	0
2021-04-21 11:52:01:144	42.7	33.5	0	0
2021-04-21 11:52:02:144	42.7	33.6	0	0
2021-04-21 11:52:03:159	42.7	33.6	0	0
2021-04-21 11:52:04:159	42.8	33.6	0	0
2021-04-21 11:52:05:175	42.8	33.7	0	0
2021-04-21 11:52:06:159	42.8	33.9	0	0
2021-04-21 11:52:07:174	42.8	33.8	0	0
2021-04-21 11:52:08:174	42.8	33.6	0	0
2021-04-21 11:52:09:189	42.8	33.5	0	0
2021-04-21 11:52:10:189	42.8	33.4	0	0
2021-04-21 11:52:11:204	42.8	33.3	0	0
2021-04-21 11:52:12:220	42.8	33.2	0	0
2021-04-21 11:52:13:220	42.8	33	0	0
2021-04-21 11:52:14:230	42.8	33	0	0
2021-04-21 11:52:15:230	42.9	33.1	0	0
2021-04-21 11:52:16:240	42.9	33.2	0	0
2021-04-21 11:52:17:256	42.5	33.3	0	0
2021-04-21 11:52:18:255	42.5	33.5	0	0
2021-04-21 11:52:20:255	42.5	34	0	0
2021-04-21 11:52:21:265	42.5	34.2	0	0
2021-04-21 11:52:22:275	42.1	34.3	0	0
2021-04-21 11:52:23:275	42	34.4	0	0
2021-04-21 11:52:24:286	42	34.5	0	0
2021-04-21 11:52:25:292	42.5	34.5	0	0
2021-04-21 11:52:26:303	42.5	34.5	0	0
2021-04-21 11:52:27:318	42.5	34.5	0	0
2021-04-21 11:52:28:318	42.5	34.5	0	0
2021-04-21 11:52:29:333	42.6	34.4	0	0
2021-04-21 11:52:30:333	43	34.4	0	0
2021-04-21 11:52:31:343	43	34.4	0	0
2021-04-21 11:52:32:359	43	34.5	0	0
2021-04-21 11:52:34:358	43	34.5	0	0
2021-04-21 11:52:35:358	43	34.9	0	0
2021-04-21 11:52:36:373	42.6	34.9	0	0
2021-04-21 11:52:37:368	42.7	35	0	0
2021-04-21 11:52:38:378	42.7	35	0	0
2021-04-21 11:52:39:394	42.7	34.9	0	0
2021-04-21 11:52:40:404	42.7	34.8	0	0
2021-04-21 11:52:41:404	42.7	34.7	0	0
2021-04-21 11:52:42:419	42.7	34.6	0	0
2021-04-21 11:52:43:419	42.7	33.9	0	0
2021-04-21 11:52:44:435	43.1	33.7	0	0
2021-04-21 11:52:45:434	43	33.4	0	0
2021-04-21 11:52:46:445	43	33.1	0	0
2021-04-21 11:52:47:445	43	32.9	0	0
2021-04-21 11:52:48:444	42.9	0.3	0	0
2021-04-21 11:52:49:455	42.9	32.1	0	0
2021-04-21 11:52:50:465	42.8	31.8	0	0
2021-04-21 11:52:51:465	42.8	31.7	0	0
2021-04-21 11:52:52:480	42.7	31.5	0	0
2021-04-21 11:52:53:480	42.6	31.5	0	0
2021-04-21 11:52:54:496	42.6	31.6	0	0
2021-04-21 11:52:55:496	42.5	31.7	0	0
2021-04-21 11:52:56:511	42.5	32	0	0
2021-04-21 11:52:57:521	42.5	32.4	0	0
2021-04-21 11:52:58:516	42.4	32.6	0	0
2021-04-21 11:52:59:532	42.4	32.8	0	0
2021-04-21 11:53:00:531	42.4	33	0	0
2021-04-21 11:53:01:542	42.6	33.1	0	0
2021-04-21 11:53:03:552	42.6	33.1	0	0
2021-04-21 11:53:04:552	42.6	33.1	0	0
2021-04-21 11:53:05:567	42.6	32.9	0	0
2021-04-21 11:53:06:567	42.6	32.6	0	0
2021-04-21 11:53:07:567	42.6	32.6	0	0
2021-04-21 11:53:08:583	42.6	32.3	0	0
2021-04-21 11:53:09:598	42.5	32.2	0	0
2021-04-21 11:53:10:598	42.3	31.8	0	0
2021-04-21 11:53:11:613	42.2	31.5	0	0
2021-04-21 11:53:12:613	42.1	31.2	0	0
2021-04-21 11:53:13:628	42.1	31.1	0	0
2021-04-21 11:53:14:628	42	31	0	0
2021-04-21 11:53:15:908	41.9	30.9	0	0
2021-04-21 11:53:16:648	41.9	30.9	0	0
2021-04-21 11:53:17:643	41.8	3	0	0
2021-04-21 11:53:18:643	42	30.9	0	0
2021-04-21 11:53:19:659	41.9	31	0	0
2021-04-21 11:53:20:690	41.8	31	0	0
2021-04-21 11:53:21:675	41.7	30.8	0	0
2021-04-21 11:53:22:674	41.6	31	0	0
2021-04-21 11:53:23:690	41.6	31	0	0
2021-04-21 11:53:24:684	41.6	31.1	0	0
2021-04-21 11:57:22:266	44.4	0.3	0	0
2021-04-21 11:57:23:266	44.7	36	0	0
2021-04-21 11:57:24:281	44.7	36	0	0
2021-04-21 11:57:25:281	44.7	36	0	0
2021-04-21 11:57:26:297	44.7	36	0	0
2021-04-21 11:57:27:297	44.7	36	0	0
2021-04-21 11:57:28:312	44.7	36	0	0
2021-04-21 11:57:29:312	44.7	36.3	0	0
2021-04-21 11:57:30:327	44.7	36.4	0	0
2021-04-21 11:57:31:327	44.5	36.3	0	0
2021-04-21 11:57:32:342	44.8	36.3	0	0
2021-04-21 11:57:33:342	45.1	36.1	0	0
2021-04-21 11:57:34:357	45.1	36.1	0	0
2021-04-21 11:57:35:357	45.3	35.9	0	0
2021-04-21 11:57:36:373	45.6	35.6	0	0
2021-04-21 11:57:37:372	45.6	35.6	0	0
2021-04-21 11:57:38:388	45.6	35.6	0	0
2021-04-21 11:57:40:387	45.4	35.4	0	0
2021-04-21 11:57:41:387	45.2	35.6	0	0
2021-04-21 11:57:42:403	45.2	35.6	0	0
2021-04-21 11:57:43:418	44.9	35.6	0	0
2021-04-21 11:57:44:418	44.7	35.7	0	0
2021-04-21 11:57:45:433	44.7	35.6	0	0
2021-04-21 11:57:46:433	44.7	35.5	0	0
2021-04-21 11:57:47:449	44.7	35.2	0	0
2021-04-21 11:57:48:449	44.7	35.2	0	0
2021-04-21 11:57:49:464	44.7	35.1	0	0
2021-04-21 11:57:50:464	44.7	35.1	0	0
2021-04-21 11:57:51:479	44.7	35.3	0	0
2021-04-21 11:57:52:479	44.7	35.3	0	0
2021-04-21 11:57:53:494	44.7	35.3	0	0
2021-04-21 11:57:54:501	44.7	35.2	0	0
2021-04-21 11:57:55:501	44.9	35.4	0	0
2021-04-21 11:57:57:500	44.9	35.7	0	0
2021-04-21 11:57:58:515	44.9	35.5	0	0
2021-04-21 11:57:59:515	44.9	35.6	0	0
2021-04-21 11:58:00:531	44.9	35.7	0	0
2021-04-21 11:58:01:530	44.9	35.7	0	0
2021-04-21 11:58:02:546	44.9	35.9	0	0
2021-04-21 11:58:03:546	45	35.9	0	0
2021-04-21 11:58:04:561	45	35.9	0	0
2021-04-21 11:58:05:561	45	35.7	0	0
2021-04-21 11:58:06:576	45	36	0	0
2021-04-21 11:58:07:576	45	36	0	0
2021-04-21 11:58:08:591	45	35.9	0	0
2021-04-21 11:58:09:591	45	35.9	0	0
2021-04-21 11:58:10:606	45.1	35.8	0	0
2021-04-21 11:58:11:653	44.8	35.8	0	0
2021-04-21 11:58:12:622	45	35.8	0	0
2021-04-21 11:58:13:606	45	36	0	0
2021-04-21 11:58:14:621	45.2	35.8	0	0
2021-04-21 11:58:15:621	45.2	35.8	0	0
2021-04-21 11:58:16:636	45.3	35.6	0	0
2021-04-21 11:58:17:649	45.3	35.6	0	0
2021-04-21 11:58:18:649	45.3	35.6	0	0
2021-04-21 11:58:19:664	45.3	35.4	0	0
2021-04-21 11:58:20:664	45.1	35.3	0	0
2021-04-21 11:58:21:680	45.1	35.2	0	0
2021-04-21 11:58:22:680	44.9	35.2	0	0
2021-04-21 11:58:23:696	44.9	35.1	0	0
2021-04-21 11:58:24:704	44.9	35.2	0	0
2021-04-21 11:58:25:704	44.9	35.1	0	0
2021-04-21 11:58:26:719	44.9	35	0	0
2021-04-21 11:58:27:719	44.9	35.1	0	0
2021-04-21 11:58:28:734	44.9	35.1	0	0
2021-04-21 11:58:30:734	44.9	35.4	0	0
2021-04-21 11:58:31:734	44.9	35.6	0	0
2021-04-21 11:58:32:749	44.9	35.7	0	0
2021-04-21 11:58:33:749	45.1	36	0	0
2021-04-21 11:58:34:765	45.4	36	0	0
2021-04-21 11:58:35:764	45.4	36	0	0
2021-04-21 11:58:36:780	45.4	36	0	0
2021-04-21 11:58:37:779	45.4	36	0	0
2021-04-21 11:58:38:795	45.6	36.1	0	0
2021-04-21 11:58:39:795	45.6	36.1	0	0
2021-04-21 11:58:40:810	45.7	36.1	0	0
2021-04-21 11:58:41:810	45.5	36.1	0	0
2021-04-21 11:58:42:825	45.5	36.3	0	0
2021-04-21 11:58:43:825	45.5	36.2	0	0
2021-04-21 11:58:44:841	45.6	36.4	0	0
2021-04-21 11:58:45:825	45.6	3.6	0	0
2021-04-21 11:58:46:840	45.5	36.4	0	0
2021-04-21 11:58:47:849	45.5	36.3	0	0
2021-04-21 11:58:48:848	45.5	36.3	0	0
2021-04-21 11:58:49:864	45.5	36.3	0	0
2021-04-21 11:58:50:864	45.3	36.2	0	0
2021-04-21 11:58:51:879	45.3	36.2	0	0
2021-04-21 11:58:52:879	45.2	36.2	0	0
2021-04-21 11:58:53:895	45.2	36.2	0	0
2021-04-21 11:58:54:892	45.2	36.2	0	0
2021-04-21 11:58:55:908	45.2	36.2	0	0
2021-04-21 11:58:56:908	45.2	36.1	0	0
2021-04-21 11:58:58:001	45.2	36.1	0	0
2021-04-21 11:58:58:923	45.2	36	0	0
2021-04-21 11:58:59:938	45.2	36	0	0
2021-04-21 11:59:01:938	45.4	35.9	0	0
2021-04-21 11:59:02:938	45.4	35.9	0	0
2021-04-21 11:59:03:953	45.4	35.8	0	0
2021-04-21 11:59:04:959	45.5	35.9	0	0
2021-04-21 11:59:05:975	45.6	35.8	0	0
2021-04-21 11:59:06:975	45.6	35.9	0	0
2021-04-21 11:59:07:975	45.6	35.8	0	0
2021-04-21 11:59:08:990	45.6	35.8	0	0
2021-04-21 11:59:10:006	45.5	35.9	0	0
2021-04-21 11:59:11:162	45.5	35.9	0	0
2021-04-21 11:59:12:209	45.5	35.9	0	0
2021-04-21 11:59:13:021	45.5	36	0	0
2021-04-21 11:59:14:333	45.4	36	0	0
2021-04-21 11:59:15:395	45.4	36.1	0	0
2021-04-21 11:59:16:083	45.4	36.1	0	0
2021-04-21 11:59:17:114	45.4	36.2	0	0
2021-04-21 11:59:18:051	45.4	36.3	0	0
2021-04-21 11:59:19:051	45.4	36.3	0	0
2021-04-21 11:59:20:066	45.5	36.4	0	0
2021-04-21 11:59:21:066	45.3	36.4	0	0
2021-04-21 11:59:22:081	45.3	36.4	0	0
2021-04-21 11:59:23:081	45.3	36.4	0	0
2021-04-21 11:59:24:097	45.4	36.5	0	0
2021-04-21 11:59:25:096	45.4	36.5	0	0
2021-04-21 11:59:26:111	45.4	36.5	0	0
2021-04-21 11:59:27:111	45.4	36.6	0	0
2021-04-21 11:59:28:127	45.4	36.6	0	0
2021-04-21 11:59:29:126	45.4	36.6	0	0
2021-04-21 11:59:30:142	45.4	36.7	0	0
2021-04-21 11:59:31:142	45.6	36.7	0	0
2021-04-21 11:59:32:157	45.6	36.7	0	0
2021-04-21 11:59:33:157	45.8	36.5	0	0
2021-04-21 11:59:35:156	45.8	36.4	0	0
2021-04-21 11:59:36:172	45.9	36.3	0	0
2021-04-21 11:59:37:171	45.9	36.2	0	0
2021-04-21 11:59:38:187	45.9	36.2	0	0
2021-04-21 11:59:39:202	45.7	36	0	0
2021-04-21 11:59:40:202	45.7	35.9	0	0
2021-04-21 11:59:41:217	45.5	36	0	0
2021-04-21 11:59:42:217	45.6	36.1	0	0
2021-04-21 11:59:43:217	45.6	36.1	0	0
2021-04-21 11:59:44:232	45.6	36.1	0	0
2021-04-21 11:59:45:248	45.8	36	0	0
2021-04-21 11:59:46:248	45.8	36.1	0	0
2021-04-21 11:59:47:263	45.8	36.2	0	0
2021-04-21 11:59:48:263	45.9	36.3	0	0
2021-04-21 11:59:49:278	45.9	36.3	0	0
2021-04-21 11:59:50:278	45.8	36.3	0	0
2021-04-21 11:59:52:277	45.9	36.3	0	0
2021-04-21 11:59:53:293	45.7	36.4	0	0
2021-04-21 11:59:54:293	45.9	36.4	0	0
2021-04-21 11:59:55:300	45.9	36.4	0	0
2021-04-21 11:59:56:315	45.8	36.4	0	0
2021-04-21 11:59:57:315	45.8	36.4	0	0
2021-04-21 11:59:58:330	45.9	36.4	0	0
2021-04-21 11:59:59:330	45.9	36.4	0	0
2021-04-21 12:00:00:345	45.9	36.4	0	0
2021-04-21 12:00:01:345	46.1	36.5	0	0
2021-04-21 12:00:02:361	46	36.5	0	0
2021-04-21 12:00:03:360	46	36.5	0	0
2021-04-21 12:00:04:376	46.1	36.4	0	0
2021-04-21 12:00:05:375	46.1	36.4	0	0
2021-04-21 12:00:06:391	46.1	36.4	0	0
2021-04-21 12:00:07:391	46.1	36.4	0	0
2021-04-21 12:00:08:406	46.1	36.4	0	0
2021-04-21 12:00:09:406	46.1	36.3	0	0
2021-04-21 12:00:11:406	46.1	36.3	0	0
2021-04-21 12:00:12:421	46	36.5	0	0
2021-04-21 12:00:13:421	46.2	36.5	0	0
2021-04-21 12:00:14:436	46.1	36.5	0	0
2021-04-21 12:00:15:436	46.1	36.3	0	0
2021-04-21 12:00:16:452	46.2	36.2	0	0
2021-04-21 12:00:17:451	46.1	36.4	0	0
2021-04-21 12:00:18:467	46.1	36.2	0	0
2021-04-21 12:00:19:467	46.2	36.2	0	0
2021-04-21 12:00:20:482	46.2	36.2	0	0
2021-04-21 12:00:21:482	46.1	36.1	0	0
2021-04-21 12:00:22:497	46.1	36.1	0	0
2021-04-21 12:00:23:497	46.3	36.1	0	0
2021-04-21 12:00:24:519	46.2	36.2	0	0
2021-04-21 12:00:25:519	46.2	36.2	0	0
2021-04-21 12:00:26:519	46.2	36.3	0	0
2021-04-21 12:00:27:534	46	36.3	0	0
2021-04-21 12:00:28:549	46.1	36.4	0	0
2021-04-21 12:00:29:549	46.1	36.5	0	0
2021-04-21 12:00:30:564	46.1	36.4	0	0
2021-04-21 12:00:32:564	46	36.5	0	0
2021-04-21 12:00:33:564	46	36.4	0	0
2021-04-21 12:00:34:579	46	36.3	0	0
2021-04-21 12:00:35:579	46	36.2	0	0
2021-04-21 12:00:36:594	46	36.2	0	0
2021-04-21 12:00:37:594	46	36.1	0	0
2021-04-21 12:00:38:609	46	36	0	0
2021-04-21 12:00:39:609	46	35.9	0	0
2021-04-21 12:00:40:625	46	35.9	0	0
2021-04-21 12:00:41:624	46	36.1	0	0
2021-04-21 12:00:42:640	46	36.1	0	0
2021-04-21 12:00:43:640	46	36.2	0	0
2021-04-21 12:00:44:655	46	36.2	0	0
2021-04-21 12:00:45:655	46	36.2	0	0
2021-04-21 12:00:46:670	46	36.2	0	0
2021-04-21 12:00:47:670	46	36.4	0	0
2021-04-21 12:00:48:685	46	36.4	0	0
2021-04-21 12:00:49:685	46	36.4	0	0
2021-04-21 12:00:50:701	46.1	36.4	0	0
2021-04-21 12:00:51:700	46.1	36.4	0	0
2021-04-21 12:00:52:716	46.1	36.5	0	0
2021-04-21 12:00:53:715	46.1	36.5	0	0
2021-04-21 12:00:55:722	46.2	36.5	0	0
2021-04-21 12:00:56:722	46.2	36.4	0	0
2021-04-21 12:00:57:738	46.2	36.4	0	0
2021-04-21 12:00:58:737	46.3	36.4	0	0
2021-04-21 12:00:59:753	46.3	36.4	0	0
2021-04-21 12:01:00:752	46.4	36.4	0	0
2021-04-21 12:01:01:768	46.4	36.4	0	0
2021-04-21 12:01:02:768	46.4	36.5	0	0
2021-04-21 12:01:03:783	46.3	36.6	0	0
2021-04-21 12:01:04:798	46.5	36.7	0	0
2021-04-21 12:01:05:798	46.5	36.7	0	0
2021-04-21 12:01:06:814	46.4	36.8	0	0
2021-04-21 12:01:07:814	46.4	36.7	0	0
2021-04-21 12:01:08:829	46.4	36.7	0	0
2021-04-21 12:01:09:829	46.5	36.7	0	0
2021-04-21 12:01:10:844	46.5	36.7	0	0
2021-04-21 12:01:11:844	46.5	36.7	0	0
2021-04-21 12:01:12:859	46.4	36.7	0	0
2021-04-21 12:01:13:859	46.4	36.7	0	0
2021-04-21 12:01:14:874	46.4	36.6	0	0
2021-04-21 12:01:15:874	46.5	36.7	0	0
2021-04-21 12:01:16:890	46.5	36.7	0	0
2021-04-21 12:01:18:889	46.5	36.7	0	0
2021-04-21 12:01:19:889	46.5	36.8	0	0
2021-04-21 12:01:20:904	46.5	36.8	0	0
2021-04-21 12:01:21:904	46.5	36.8	0	0
2021-04-21 12:01:22:919	46.5	36.9	0	0
2021-04-21 12:01:23:919	46.5	36.9	0	0
2021-04-21 12:01:24:926	46.6	36.8	0	0
2021-04-21 12:01:25:942	46.6	36.8	0	0
2021-04-21 12:01:26:941	46.6	36.8	0	0
2021-04-21 12:01:27:957	46.6	36.7	0	0
2021-04-21 12:01:28:957	46.6	36.5	0	0
2021-04-21 12:01:29:972	46.6	36.4	0	0
2021-04-21 12:01:30:972	46.6	36	0	0
2021-04-21 12:01:32:315	46.5	36	0	0
2021-04-21 12:01:32:987	46.3	35.7	0	0
2021-04-21 12:01:34:002	46.3	35.5	0	0
2021-04-21 12:01:35:002	46.2	35.4	0	0
2021-04-21 12:01:36:017	46.2	35.4	0	0
2021-04-21 12:01:37:017	46.2	35.4	0	0
2021-04-21 12:01:38:032	46.2	35.2	0	0
2021-04-21 12:01:39:032	46.2	35.3	0	0
2021-04-21 12:01:40:048	46.1	35.1	0	0
2021-04-21 12:01:41:047	46.3	35.1	0	0
2021-04-21 12:01:42:063	46.1	35.2	0	0
2021-04-21 12:01:45:062	46.1	35.1	0	0
2021-04-21 12:01:46:077	46.1	35	0	0
2021-04-21 12:01:47:093	46.1	35.1	0	0
2021-04-21 12:01:48:093	46.1	35.3	0	0
2021-04-21 12:01:49:108	46.1	35.5	0	0
2021-04-21 12:01:50:108	46.3	35.6	0	0
2021-04-21 12:01:51:123	46.3	35.6	0	0
2021-04-21 12:01:52:123	46.2	35.7	0	0
2021-04-21 12:01:53:138	46.2	35.8	0	0
2021-04-21 12:01:54:138	46.2	35.9	0	0
2021-04-21 12:01:55:145	46.3	35.9	0	0
2021-04-21 12:01:56:161	46.3	35.9	0	0
2021-04-21 12:01:57:161	46.3	35.8	0	0
2021-04-21 12:01:58:176	46.3	35.9	0	0
2021-04-21 12:01:59:176	46.3	35.9	0	0
2021-04-21 12:02:00:191	46.3	35.9	0	0
2021-04-21 12:02:01:191	46.4	35.9	0	0
2021-04-21 12:02:02:207	46.4	35.9	0	0
2021-04-21 12:02:03:206	46.4	35.9	0	0
2021-04-21 12:02:04:222	46.4	36	0	0
2021-04-21 12:02:05:222	46.4	36.1	0	0
2021-04-21 12:02:06:252	46.4	36	0	0
2021-04-21 12:02:07:237	46.4	35.9	0	0
2021-04-21 12:02:08:252	46.4	35.8	0	0
2021-04-21 12:02:11:252	46.3	34.9	0	0
2021-04-21 12:02:12:267	46.3	34.7	0	0
2021-04-21 12:02:13:267	46.2	34.5	0	0
2021-04-21 12:02:14:282	46.2	34.4	0	0
2021-04-21 12:02:15:298	46.2	34.3	0	0
2021-04-21 12:02:16:298	46.2	34.3	0	0
2021-04-21 12:02:17:297	46.3	34.2	0	0
2021-04-21 12:02:18:313	46.3	34	0	0
2021-04-21 12:02:19:313	46.3	34.2	0	0
2021-04-21 12:02:20:328	46.2	34.2	0	0
2021-04-21 12:02:21:328	46.2	34	0	0
2021-04-21 12:02:22:343	46.2	34.1	0	0
2021-04-21 12:02:23:343	46.1	33.9	0	0
2021-04-21 12:02:24:358	46.1	33.4	0	0
2021-04-21 12:02:25:365	46	33.4	0	0
2021-04-21 12:02:26:364	46	33.6	0	0
2021-04-21 12:02:27:380	46	33.6	0	0
2021-04-21 12:02:28:395	45.9	33.7	0	0
2021-04-21 12:02:29:395	45.9	33.9	0	0
2021-04-21 12:02:30:410	45.9	34	0	0
2021-04-21 12:02:31:410	46	34.2	0	0
2021-04-21 12:02:32:425	46	34.8	0	0
2021-04-21 12:02:33:425	46	35	0	0
2021-04-21 12:02:34:441	46	35.1	0	0
2021-04-21 12:02:35:441	46	35.2	0	0
2021-04-21 12:02:37:440	46.1	3.5	0	0
2021-04-21 12:02:38:455	46.1	35.1	0	0
2021-04-21 12:02:39:455	46.1	35.1	0	0
2021-04-21 12:02:40:471	46.1	35.2	0	0
2021-04-21 12:02:41:471	46.1	35.1	0	0
2021-04-21 12:02:42:486	46.1	35.2	0	0
2021-04-21 12:02:43:486	46.1	35.1	0	0
2021-04-21 12:02:44:501	46.1	34.6	0	0
2021-04-21 12:02:45:501	46.5	34.5	0	0
2021-04-21 12:02:47:048	46.5	34.4	0	0
2021-04-21 12:02:47:516	46.5	34.3	0	0
2021-04-21 12:02:48:672	46.5	34.1	0	0
2021-04-21 12:02:49:531	46.5	34.1	0	0
2021-04-21 12:02:50:547	46.3	34.1	0	0
2021-04-21 12:02:51:547	46.3	34.1	0	0
2021-04-21 12:02:52:562	46.3	34.7	0	0
2021-04-21 12:02:53:562	45.9	34.7	0	0
2021-04-21 12:02:54:568	45.8	34.8	0	0
2021-04-21 12:02:55:584	45.8	34.9	0	0
2021-04-21 12:02:56:599	45.8	35	0	0
2021-04-21 12:02:57:599	45.8	35	0	0
2021-04-21 12:02:58:614	45.8	34.7	0	0
2021-04-21 12:02:59:614	45.8	34.3	0	0
2021-04-21 12:03:01:614	45.7	33.6	0	0
2021-04-21 12:03:02:629	46.1	33	0	0
2021-04-21 12:03:03:629	46	32.5	0	0
2021-04-21 12:03:04:644	46.1	32	0	0
2021-04-21 12:03:05:644	46	31.7	0	0
2021-04-21 12:03:06:659	46.1	31.6	0	0
2021-04-21 12:03:07:659	46.1	31.8	0	0
2021-04-21 12:03:08:675	46	32.4	0	0
2021-04-21 12:03:09:675	46	32	0	0
2021-04-21 12:03:10:690	45.6	32.5	0	0
2021-04-21 12:03:11:690	45.6	32.9	0	0
2021-04-21 12:03:12:705	45.5	33.4	0	0
2021-04-21 12:03:14:408	45.5	33.8	0	0
2021-04-21 12:03:14:720	45.5	33.9	0	0
2021-04-21 12:03:15:720	45.5	34	0	0
2021-04-21 12:03:16:736	45.9	33.3	0	0
2021-04-21 12:03:17:735	45.9	33.6	0	0
2021-04-21 12:03:18:751	45.9	33.4	0	0
2021-04-21 12:03:19:751	45.9	33.3	0	0
2021-04-21 12:03:20:985	45.9	33.2	0	0
2021-04-21 12:03:21:766	45.8	33.1	0	0
2021-04-21 12:03:22:781	45.8	33	0	0
2021-04-21 12:03:23:781	45.8	33.1	0	0
2021-04-21 12:03:24:787	45.8	33.5	0	0
2021-04-21 12:03:25:803	45.8	33.8	0	0
2021-04-21 12:03:28:802	45.8	34	0	0
2021-04-21 12:03:29:817	45.9	34.1	0	0
2021-04-21 12:03:30:817	45.9	34.2	0	0
2021-04-21 12:03:31:833	45.9	34.3	0	0
2021-04-21 12:03:32:832	45.5	34.5	0	0
2021-04-21 12:03:33:848	45.5	34.6	0	0
2021-04-21 12:03:34:847	45.5	34.8	0	0
2021-04-21 12:03:35:863	45.6	35.1	0	0
2021-04-21 12:03:36:863	45.6	35.3	0	0
2021-04-21 12:03:37:878	45.6	35.5	0	0
2021-04-21 12:03:38:893	45.7	35.6	0	0
2021-04-21 12:03:39:893	45.7	35.7	0	0
2021-04-21 12:03:40:893	45.7	35.7	0	0
2021-04-21 12:03:41:909	45.8	35.7	0	0
2021-04-21 12:03:42:924	45.8	35.6	0	0
2021-04-21 12:03:43:924	45.7	35.6	0	0
2021-04-21 12:03:44:939	45.8	35.5	0	0
2021-04-21 12:03:45:939	45.8	35.5	0	0
2021-04-21 12:03:46:954	45.8	35.6	0	0
2021-04-21 12:03:47:954	45.8	35.6	0	0
2021-04-21 12:03:48:969	45.8	35.7	0	0
2021-04-21 12:03:49:969	45.8	35.8	0	0
2021-04-21 12:03:50:984	45.9	35.8	0	0
2021-04-21 12:03:51:984	45.9	35.8	0	0
2021-04-21 12:03:53:000	45.9	35.8	0	0
2021-04-21 12:03:53:999	45.9	35.8	0	0
2021-04-21 12:03:57:006	45.9	35.6	0	0
2021-04-21 12:03:58:021	45.9	35.6	0	0
2021-04-21 12:03:59:021	45.9	35.6	0	0
2021-04-21 12:04:00:037	45.9	35.4	0	0
2021-04-21 12:04:01:036	45.8	35.3	0	0
2021-04-21 12:04:02:052	45.8	35.3	0	0
2021-04-21 12:04:03:051	45.8	35.3	0	0
2021-04-21 12:04:04:067	45.8	35.3	0	0
2021-04-21 12:04:05:067	45.8	35.3	0	0
2021-04-21 12:04:06:082	45.8	35.3	0	0
2021-04-21 12:04:07:082	45.8	35.4	0	0
2021-04-21 12:04:08:097	45.8	35.5	0	0
2021-04-21 12:04:09:097	45.9	35.7	0	0
2021-04-21 12:04:10:113	45.9	35.7	0	0
2021-04-21 12:04:11:112	45.9	35.8	0	0
2021-04-21 12:04:12:128	45.9	35.8	0	0
2021-04-21 12:04:13:127	46	35.8	0	0
2021-04-21 12:04:14:143	46	35.9	0	0
2021-04-21 12:04:15:684	46	35.9	0	0
2021-04-21 12:04:16:153	46	35.9	0	0
2021-04-21 12:04:17:164	46	35.8	0	0
2021-04-21 12:04:18:174	46	35.8	0	0
2021-04-21 12:04:19:184	46	35.8	0	0
2021-04-21 12:04:20:537	46	35.8	0	0
2021-04-21 12:04:21:201	46	35.9	0	0
2021-04-21 12:04:22:941	46	35.9	0	0
2021-04-21 12:04:23:201	46	36	0	0
2021-04-21 12:04:24:212	46	36	0	0
2021-04-21 12:04:25:226	46	36	0	0
2021-04-21 12:04:26:236	46	36.1	0	0
2021-04-21 12:04:27:246	46.1	36.1	0	0
2021-04-21 12:04:28:241	46.1	36.1	0	0
2021-04-21 12:04:29:252	46.1	36.2	0	0
2021-04-21 12:04:30:262	46.1	36.2	0	0
2021-04-21 12:04:31:272	46.2	36.3	0	0
2021-04-21 12:04:32:283	46.2	36.4	0	0
2021-04-21 12:04:33:278	46.2	36.4	0	0
2021-04-21 12:04:34:288	46.3	36.3	0	0
2021-04-21 12:04:37:304	46.2	36.4	0	0
2021-04-21 12:04:38:299	46.2	36.4	0	0
2021-04-21 12:04:39:309	46.2	36.4	0	0
2021-04-21 12:04:40:320	46.2	36.4	0	0
2021-04-21 12:04:41:330	46.3	36.5	0	0
2021-04-21 12:04:42:340	46.3	36.6	0	0
2021-04-21 12:04:43:351	46.3	36.6	0	0
2021-04-21 12:04:44:346	46.3	36.7	0	0
2021-04-21 12:04:45:356	46.3	36.7	0	0
2021-04-21 12:04:46:367	46.3	36.7	0	0
2021-04-21 12:04:47:377	46.4	36.6	0	0
2021-04-21 12:04:48:387	46.4	36.7	0	0
2021-04-21 12:04:49:398	46.3	36.6	0	0
2021-04-21 12:04:50:392	46.3	36.5	0	0
2021-04-21 12:04:51:403	46.3	36.6	0	0
2021-04-21 12:04:52:413	46.4	36.5	0	0
2021-04-21 12:04:53:424	46.4	36.5	0	0
2021-04-21 12:04:54:434	46.4	36.6	0	0
2021-04-21 12:04:55:445	46.4	36.6	0	0
2021-04-21 12:04:56:440	46.4	36.5	0	0
2021-04-21 12:04:57:450	46.4	36.5	0	0
2021-04-21 12:04:58:460	46.5	36.4	0	0
2021-04-21 12:04:59:471	46.4	36.3	0	0
2021-04-21 12:05:00:481	46.4	36.4	0	0
2021-04-21 12:05:01:491	46.4	36.3	0	0
2021-04-21 12:05:02:486	46.5	36.3	0	0
2021-04-21 12:05:03:496	46.5	36.2	0	0
2021-04-21 12:05:04:507	46.5	36.3	0	0
2021-04-21 12:05:05:517	46.5	36.3	0	0
2021-04-21 12:05:06:528	46.5	36.4	0	0
2021-04-21 12:05:07:538	46.5	36.5	0	0
2021-04-21 12:05:08:533	46.5	36.5	0	0
2021-04-21 12:05:09:544	46.5	36.6	0	0
2021-04-21 12:05:12:560	46.6	36.7	0	0
2021-04-21 12:05:13:570	46.6	36.7	0	0
2021-04-21 12:05:14:565	46.6	36.7	0	0
2021-04-21 12:05:15:575	46.6	36.7	0	0
2021-04-21 12:05:16:585	46.6	36.7	0	0
2021-04-21 12:05:17:596	46.6	36.7	0	0
2021-04-21 12:05:18:606	46.6	36.7	0	0
2021-04-21 12:05:19:616	46.6	36.8	0	0
2021-04-21 12:05:20:611	46.5	36.8	0	0
2021-04-21 12:05:21:622	46.5	36.7	0	0
2021-04-21 12:05:22:632	46.5	36.8	0	0
2021-04-21 12:05:23:642	46.6	36.7	0	0
2021-04-21 12:05:24:649	46.7	36.7	0	0
2021-04-21 12:05:25:660	46.7	36.8	0	0
2021-04-21 12:05:26:670	46.7	36.7	0	0
2021-04-21 12:05:27:665	46.7	36.6	0	0
2021-04-21 12:05:28:675	46.7	36.5	0	0
2021-04-21 12:05:29:686	46.7	36.5	0	0
2021-04-21 12:05:30:696	46.7	36.4	0	0
2021-04-21 12:05:31:706	46.6	36.4	0	0
2021-04-21 12:05:32:717	46.5	36.5	0	0
2021-04-21 12:05:33:711	46.5	36.4	0	0
2021-04-21 12:05:34:722	46.5	36.3	0	0
2021-04-21 12:05:35:732	46.5	36.4	0	0
2021-04-21 12:05:36:743	46.5	36.5	0	0
2021-04-21 12:05:37:753	46.5	36.7	0	0
2021-04-21 12:05:38:763	46.5	36.8	0	0
2021-04-21 12:05:39:758	46.6	36.8	0	0
2021-04-21 12:05:40:769	46.6	36.8	0	0
2021-04-21 12:05:41:779	46.6	36.9	0	0
2021-04-21 12:05:43:784	46.6	36.9	0	0
2021-04-21 12:05:44:795	46.6	36.9	0	0
2021-04-21 12:05:45:790	46.6	36.8	0	0
2021-04-21 12:05:46:800	46.7	36.7	0	0
2021-04-21 12:05:47:811	46.6	36.7	0	0
2021-04-21 12:05:48:821	46.6	36.6	0	0
2021-04-21 12:05:49:831	46.6	36.6	0	0
2021-04-21 12:05:50:842	46.7	36.7	0	0
2021-04-21 12:05:51:837	46.6	36.7	0	0
2021-04-21 12:05:52:848	46.7	36.6	0	0
2021-04-21 12:05:53:858	46.7	36.6	0	0
2021-04-21 12:05:54:868	46.5	36.7	0	0
2021-04-21 12:05:55:879	46.6	36.7	0	0
2021-04-21 12:05:56:889	46.6	36.8	0	0
2021-04-21 12:05:57:884	46.6	36.7	0	0
2021-04-21 12:05:58:894	46.6	36.5	0	0
2021-04-21 12:05:59:904	46.6	36.3	0	0
2021-04-21 12:06:00:915	46.4	36.1	0	0
2021-04-21 12:06:01:925	46.3	36	0	0
2021-04-21 12:06:02:935	46.3	35.9	0	0
2021-04-21 12:06:03:930	46.3	35.8	0	0
2021-04-21 12:06:04:941	46.2	35.7	0	0
2021-04-21 12:06:05:951	46.2	35.7	0	0
2021-04-21 12:06:06:961	46.2	35.8	0	0
2021-04-21 12:06:07:972	46.2	35.9	0	0
2021-04-21 12:06:08:982	46.4	35.9	0	0
2021-04-21 12:06:09:977	46.4	36	0	0
2021-04-21 12:06:10:998	46.4	36	0	0
2021-04-21 12:06:12:993	46.4	36	0	0
2021-04-21 12:06:14:003	46.4	36	0	0
2021-04-21 12:06:14:998	46.4	36	0	0
2021-04-21 12:06:16:008	46.4	36	0	0
2021-04-21 12:06:17:019	46.4	36	0	0
2021-04-21 12:06:18:029	46.4	36.1	0	0
2021-04-21 12:06:19:039	46.5	36.2	0	0
2021-04-21 12:06:20:050	46.5	36.2	0	0
2021-04-21 12:06:21:060	46.5	36.3	0	0
2021-04-21 12:06:22:055	46.5	36.4	0	0
2021-04-21 12:06:23:066	46.5	36.5	0	0
2021-04-21 12:06:24:076	46.5	36.7	0	0
2021-04-21 12:06:25:087	46.5	36.7	0	0
2021-04-21 12:06:26:097	46.5	36.7	0	0
2021-04-21 12:06:27:092	46.4	36.7	0	0
2021-04-21 12:06:28:102	46.4	36.7	0	0
2021-04-21 12:06:29:113	46.4	36.6	0	0
2021-04-21 12:06:30:124	46.4	36.5	0	0
2021-04-21 12:06:31:134	46.4	36.5	0	0
2021-04-21 12:06:32:145	46.4	36.4	0	0
2021-04-21 12:06:33:140	46.4	36.4	0	0
2021-04-21 12:06:34:150	46.4	36.4	0	0
2021-04-21 12:06:35:161	46.5	36.4	0	0
2021-04-21 12:06:36:171	46.5	36.4	0	0
2021-04-21 12:06:37:181	46.5	36.4	0	0
2021-04-21 12:06:38:185	46.5	36.4	0	0
2021-04-21 12:06:39:185	46.5	36.5	0	0
2021-04-21 12:06:40:197	46.5	36.5	0	0
2021-04-21 12:06:41:197	46.5	36.6	0	0
2021-04-21 12:06:42:634	46.5	36.7	0	0
2021-04-21 12:06:43:212	46.4	36.8	0	0
2021-04-21 12:06:44:211	46.6	36.9	0	0
2021-04-21 12:06:45:221	46.6	36.8	0	0
2021-04-21 12:06:46:237	46.6	36.8	0	0
2021-04-21 12:06:47:237	46.6	36.7	0	0
2021-04-21 12:06:48:252	46.6	36.6	0	0
2021-04-21 12:06:49:252	46.6	36.5	0	0
2021-04-21 12:06:50:267	46.6	36.3	0	0
2021-04-21 12:06:51:267	46.5	36.2	0	0
2021-04-21 12:06:52:282	46.4	36.1	0	0
2021-04-21 12:06:53:282	46.4	36.1	0	0
2021-04-21 12:06:54:298	46.4	36.2	0	0
2021-04-21 12:06:55:306	46.4	36.2	0	0
2021-04-21 12:06:56:306	46.4	36.2	0	0
2021-04-21 12:06:57:321	46.4	36.2	0	0
2021-04-21 12:06:58:321	46.4	36.3	0	0
2021-04-21 12:06:59:336	46.5	36.2	0	0
2021-04-21 12:07:00:336	46.4	36.1	0	0
2021-04-21 12:07:01:352	46.4	36	0	0
2021-04-21 12:07:02:351	46.4	35.9	0	0
2021-04-21 12:07:03:367	46.4	35.7	0	0
2021-04-21 12:07:04:367	46.4	35.5	0	0
2021-04-21 12:07:05:382	46.2	35.3	0	0
2021-04-21 12:07:06:382	46.2	35.3	0	0
2021-04-21 12:07:07:397	46.2	35.3	0	0
2021-04-21 12:07:10:397	46.1	35.5	0	0
2021-04-21 12:07:11:412	46.1	35.8	0	0
2021-04-21 12:07:12:427	46.1	36	0	0
2021-04-21 12:07:13:427	46.3	36.2	0	0
2021-04-21 12:07:14:427	46.3	36.2	0	0
2021-04-21 12:07:15:442	46.3	36.2	0	0
2021-04-21 12:07:16:457	46.3	36.1	0	0
2021-04-21 12:07:17:457	46.3	36	0	0
2021-04-21 12:07:18:473	46.3	35.9	0	0
2021-04-21 12:07:19:473	46.3	35.7	0	0
2021-04-21 12:07:20:488	46.3	35.6	0	0
2021-04-21 12:07:21:488	46.2	35.6	0	0
2021-04-21 12:07:22:503	46.2	35.7	0	0
2021-04-21 12:07:23:503	46.2	35.7	0	0
2021-04-21 12:07:24:510	46.2	35.7	0	0
2021-04-21 12:07:25:525	46.2	35.8	0	0
2021-04-21 12:07:26:525	46.2	35.9	0	0
2021-04-21 12:07:27:540	46.2	36	0	0
2021-04-21 12:07:28:540	46.2	36.2	0	0
2021-04-21 12:07:29:556	46.2	36.2	0	0
2021-04-21 12:07:30:562	46.3	36.2	0	0
2021-04-21 12:07:31:562	46.3	36.2	0	0
2021-04-21 12:07:32:577	46.3	36.3	0	0
2021-04-21 12:07:33:577	46.3	36.4	0	0
2021-04-21 12:08:35:023	46.5	36.1	0	0
2021-04-21 12:08:36:038	46.6	36.1	0	0
2021-04-21 12:08:37:038	46.6	35.9	0	0
2021-04-21 12:08:38:038	46.5	35.9	0	0
2021-04-21 12:08:39:054	46.4	35.9	0	0
2021-04-21 12:08:40:069	46.4	36	0	0
2021-04-21 12:08:41:069	46.4	36.1	0	0
2021-04-21 12:08:42:084	46.3	36.1	0	0
2021-04-21 12:08:44:084	46.3	36.3	0	0
2021-04-21 12:08:45:083	46.3	36.5	0	0
2021-04-21 12:08:46:099	46.4	36.5	0	0
2021-04-21 12:08:47:099	46.5	36.5	0	0
2021-04-21 12:08:48:114	46.5	36.6	0	0
2021-04-21 12:08:49:114	46.5	36.6	0	0
2021-04-21 12:08:50:129	46.5	36.6	0	0
2021-04-21 12:08:51:130	46.6	36.5	0	0
2021-04-21 12:08:52:145	46.6	36.5	0	0
2021-04-21 12:08:53:145	46.6	36.5	0	0
2021-04-21 12:08:54:160	46.6	36.5	0	0
2021-04-21 12:08:55:167	46.6	36.5	0	0
2021-04-21 12:08:56:167	46.6	36.6	0	0
2021-04-21 12:08:57:182	46.6	36.6	0	0
2021-04-21 12:08:58:182	46.6	36.6	0	0
2021-04-21 12:08:59:198	46.6	36.6	0	0
2021-04-21 12:09:00:197	46.6	36.5	0	0
2021-04-21 12:09:01:213	46.6	36.5	0	0
2021-04-21 12:09:02:212	46.6	36.6	0	0
2021-04-21 12:09:03:228	46.6	36.5	0	0
2021-04-21 12:09:04:228	46.6	36.4	0	0
2021-04-21 12:09:05:243	46.6	36.4	0	0
2021-04-21 12:09:06:243	46.6	36.3	0	0
2021-04-21 12:09:08:242	46.5	0.3	0	0
2021-04-21 12:09:09:258	46.5	36.2	0	0
2021-04-21 12:09:10:258	46.5	36.2	0	0
2021-04-21 12:09:11:273	46.5	36.2	0	0
2021-04-21 12:09:12:273	46.5	36.3	0	0
2021-04-21 12:09:13:288	46.5	36.3	0	0
2021-04-21 12:09:14:288	46.5	36.4	0	0
2021-04-21 12:09:15:303	46.5	36.4	0	0
2021-04-21 12:09:16:303	46.5	36.4	0	0
2021-04-21 12:09:17:319	46.5	36.4	0	0
2021-04-21 12:09:18:318	46.6	36.4	0	0
2021-04-21 12:09:19:334	46.6	36.4	0	0
2021-04-21 12:09:20:334	46.6	36.4	0	0
2021-04-21 12:09:21:349	46.6	36.5	0	0
2021-04-21 12:09:22:349	46.6	36.5	0	0
2021-04-21 12:09:23:364	46.6	36.6	0	0
2021-04-21 12:09:24:379	46.6	36.7	0	0
2021-04-21 12:09:25:386	46.7	36.7	0	0
2021-04-21 12:09:26:386	46.7	36.8	0	0
2021-04-21 12:09:27:402	46.7	36.8	0	0
2021-04-21 12:09:28:402	46.7	36.7	0	0
2021-04-21 12:09:29:417	46.8	36.7	0	0
2021-04-21 12:09:30:417	46.8	36.8	0	0
2021-04-21 12:09:31:432	46.8	36.8	0	0
2021-04-21 12:09:32:432	46.8	36.8	0	0
2021-04-21 12:09:33:447	46.8	36.7	0	0
2021-04-21 12:09:34:447	46.8	36.7	0	0
2021-04-21 12:09:37:462	46.7	36.4	0	0
2021-04-21 12:09:38:462	46.7	36.3	0	0
2021-04-21 12:09:39:477	46.7	36.2	0	0
2021-04-21 12:09:40:477	46.6	36	0	0
2021-04-21 12:09:41:492	46.5	35.5	0	0
2021-04-21 12:09:42:492	46.5	35.2	0	0
2021-04-21 12:09:43:508	46.5	34.6	0	0
2021-04-21 12:09:44:507	46.5	34.4	0	0
2021-04-21 12:09:45:523	46.8	34.1	0	0
2021-04-21 12:09:46:523	46.7	33.6	0	0
2021-04-21 12:09:47:538	46.7	33.3	0	0
2021-04-21 12:09:48:538	46.8	33.1	0	0
2021-04-21 12:09:49:553	46.7	32.8	0	0
2021-04-21 12:09:50:553	46.7	32.7	0	0
2021-04-21 12:09:51:568	46.6	33	0	0
2021-04-21 12:09:52:568	46.6	32.7	0	0
2021-04-21 12:09:53:583	46.2	32.5	0	0
2021-04-21 12:09:54:591	46.1	32.3	0	0
2021-04-21 12:09:55:606	46	31.9	0	0
2021-04-21 12:09:56:606	46	31.4	0	0
2021-04-21 12:09:57:621	45.9	31.2	0	0
2021-04-21 12:09:58:621	45.8	30.7	0	0
2021-04-21 12:09:59:621	45.7	30.3	0	0
2021-04-21 12:10:00:636	45.7	30	0	0
2021-04-21 12:10:01:651	45.6	29.5	0	0
2021-04-21 12:10:02:651	45.5	29.5	0	0
2021-04-21 12:10:03:666	45.4	29.2	0	0
2021-04-21 12:10:04:666	45.8	29.2	0	0
2021-04-21 12:10:06:666	45.6	0.2	0	0
2021-04-21 12:10:07:681	45.6	29.7	0	0
2021-04-21 12:10:08:681	45.6	30.1	0	0
2021-04-21 12:10:09:696	45.5	30.2	0	0
2021-04-21 12:10:10:696	45.5	30.2	0	0
2021-04-21 12:10:11:712	45.4	30.5	0	0
2021-04-21 12:10:12:712	44.8	30.4	0	0
2021-04-21 12:10:13:727	44.8	30.4	0	0
2021-04-21 12:10:14:727	44.8	30.6	0	0
2021-04-21 12:10:15:742	44.6	30.4	0	0
2021-04-21 12:10:16:742	44.6	30.1	0	0
2021-04-21 12:10:17:757	44.5	30.1	0	0
2021-04-21 12:10:18:757	44.5	30.1	0	0
2021-04-21 12:10:19:772	44.5	30.2	0	0
2021-04-21 12:10:20:772	44.4	30.1	0	0
2021-04-21 12:10:21:788	44.6	30.3	0	0
2021-04-21 12:10:22:787	44.6	30.4	0	0
2021-04-21 12:10:23:803	44.6	30.8	0	0
2021-04-21 12:10:24:810	44.5	31.3	0	0
2021-04-21 12:10:25:810	44.5	31.6	0	0
2021-04-21 12:10:26:825	44.5	31.6	0	0
2021-04-21 12:10:27:825	44.5	31.5	0	0
2021-04-21 12:10:28:841	44.5	31.6	0	0
2021-04-21 12:10:29:840	44.3	31.4	0	0
2021-04-21 12:10:30:856	44.2	31.1	0	0
2021-04-21 12:10:31:855	43.8	31.2	0	0
2021-04-21 12:10:32:871	43.7	31.2	0	0
2021-04-21 12:10:33:871	43.7	31	0	0
2021-04-21 12:10:35:886	43.6	3.1	0	0
2021-04-21 12:10:36:886	43.5	30.9	0	0
2021-04-21 12:10:37:885	43.5	30.7	0	0
2021-04-21 12:10:38:901	43.4	30.5	0	0
2021-04-21 12:10:39:900	43.8	30.5	0	0
2021-04-21 12:10:40:916	43.3	30	0	0
2021-04-21 12:10:41:931	43.3	30.1	0	0
2021-04-21 12:10:42:931	43.2	29.8	0	0
2021-04-21 12:10:43:931	43.2	29.9	0	0
2021-04-21 12:10:44:947	43.2	30.3	0	0
2021-04-21 12:10:45:946	43.2	30.9	0	0
2021-04-21 12:10:46:962	43.2	31.3	0	0
2021-04-21 12:10:47:977	43.1	31.3	0	0
2021-04-21 12:10:48:977	43.6	31.7	0	0
2021-04-21 12:10:49:977	43.6	32.1	0	0
2021-04-21 12:10:50:992	43.7	32.9	0	0
2021-04-21 12:10:52:007	43.7	33.5	0	0
2021-04-21 12:10:53:007	43.7	33.8	0	0
2021-04-21 12:10:54:023	43.8	34	0	0
2021-04-21 12:10:55:029	43.8	34.3	0	0
2021-04-21 12:10:56:029	43.4	34.6	0	0
2021-04-21 12:10:57:044	43.5	35.3	0	0
2021-04-21 12:10:59:044	43.6	0.3	0	0
2021-04-21 12:11:00:044	43.7	35.6	0	0
2021-04-21 12:11:01:059	43.7	35.7	0	0
2021-04-21 12:11:02:059	43.8	35.6	0	0
2021-04-21 12:11:03:074	44.1	35.7	0	0
2021-04-21 12:11:04:074	44.6	35.7	0	0
2021-04-21 12:11:05:090	44.6	35.2	0	0
2021-04-21 12:11:06:089	44.7	35.3	0	0
2021-04-21 12:11:07:105	44.7	35.4	0	0
2021-04-21 12:11:08:105	44.9	35.3	0	0
2021-04-21 12:11:09:120	45	35.3	0	0
2021-04-21 12:11:10:120	45	35.5	0	0
2021-04-21 12:11:11:136	44.9	35.5	0	0
2021-04-21 12:11:12:135	44.9	35.6	0	0
2021-04-21 12:11:13:151	45.1	35.5	0	0
2021-04-21 12:11:14:150	45.4	35.4	0	0
2021-04-21 12:11:15:166	45.4	35.3	0	0
2021-04-21 12:11:16:166	45.3	35.4	0	0
2021-04-21 12:11:17:181	45.4	35.4	0	0
2021-04-21 12:11:19:181	45.5	35.4	0	0
2021-04-21 12:11:20:180	45.5	35.4	0	0
2021-04-21 12:11:21:196	45.4	35.6	0	0
2021-04-21 12:11:22:195	45.2	35.8	0	0
2021-04-21 12:11:23:211	45.3	36	0	0
2021-04-21 12:11:24:226	45.4	35.9	0	0
2021-04-21 12:11:25:248	45.3	36	0	0
2021-04-21 12:11:26:233	45.3	36	0	0
2021-04-21 12:11:27:248	45.4	36.1	0	0
2021-04-21 12:11:28:248	45.4	36	0	0
2021-04-21 12:11:29:248	45.4	36	0	0
2021-04-21 12:11:30:263	45.4	36	0	0
2021-04-21 12:11:31:263	45.5	36	0	0
2021-04-21 12:11:32:278	45.3	36.2	0	0
2021-04-21 12:11:33:294	45.3	36.2	0	0
2021-04-21 12:11:34:294	45.3	36.2	0	0
2021-04-21 12:11:35:309	45.4	36.2	0	0
2021-04-21 12:11:36:309	45.4	36.3	0	0
2021-04-21 12:11:38:308	45.6	36.2	0	0
2021-04-21 12:11:39:324	45.6	36.2	0	0
2021-04-21 12:11:40:323	45.6	36.2	0	0
2021-04-21 12:11:41:339	45.6	36	0	0
2021-04-21 12:11:42:339	45.6	36	0	0
2021-04-21 12:11:43:354	45.6	35.9	0	0
2021-04-21 12:11:44:354	45.6	35.9	0	0
2021-04-21 12:11:45:369	45.6	35.9	0	0
2021-04-21 12:11:46:369	45.5	35.9	0	0
2021-04-21 12:11:47:385	45.5	35.9	0	0
2021-04-21 12:11:48:384	45.5	36	0	0
2021-04-21 12:11:49:400	45.5	36.1	0	0
2021-04-21 12:11:50:399	45.5	36.2	0	0
2021-04-21 12:11:51:415	45.5	36.3	0	0
2021-04-21 12:11:52:415	45.5	36.3	0	0
2021-04-21 12:11:53:430	45.5	36.3	0	0
2021-04-21 12:11:54:430	45.5	36.5	0	0
2021-04-21 12:11:56:436	45.5	36.5	0	0
2021-04-21 12:11:57:436	45.5	36.5	0	0
2021-04-21 12:11:58:452	45.6	36.6	0	0
2021-04-21 12:11:59:451	45.7	36.4	0	0
2021-04-21 12:12:00:467	45.7	36.4	0	0
2021-04-21 12:12:01:467	45.7	36.5	0	0
2021-04-21 12:12:02:482	45.7	36.3	0	0
2021-04-21 12:12:03:482	45.7	36.3	0	0
2021-04-21 12:12:04:497	45.7	36.4	0	0
2021-04-21 12:12:05:497	45.7	36.3	0	0
2021-04-21 12:12:06:512	45.7	36.3	0	0
2021-04-21 12:12:07:528	45.6	36.5	0	0
2021-04-21 12:12:08:528	45.6	36.5	0	0
2021-04-21 12:12:09:543	45.6	36.5	0	0
2021-04-21 12:12:10:543	45.6	36.5	0	0
2021-04-21 12:12:11:558	45.6	36.5	0	0
2021-04-21 12:12:13:558	45.6	36.5	0	0
2021-04-21 12:12:14:557	45.6	36.4	0	0
2021-04-21 12:12:15:573	45.6	36.4	0	0
2021-04-21 12:12:16:573	45.6	36.4	0	0
2021-04-21 12:12:17:588	45.6	36.4	0	0
2021-04-21 12:12:18:588	45.6	36.6	0	0
2021-04-21 12:12:19:603	45.6	36.7	0	0
2021-04-21 12:12:20:603	45.8	36.7	0	0
2021-04-21 12:12:21:618	45.8	36.7	0	0
2021-04-21 12:12:22:618	45.8	36.9	0	0
2021-04-21 12:12:23:634	45.8	36.9	0	0
2021-04-21 12:12:24:640	45.8	36.9	0	0
2021-04-21 12:12:25:640	45.8	36.9	0	0
2021-04-21 12:12:26:655	46	36.8	0	0
2021-04-21 12:12:27:655	46	36.8	0	0
2021-04-21 12:12:28:671	45.8	36.8	0	0
2021-04-21 12:12:30:670	45.8	36.7	0	0
2021-04-21 12:12:31:670	45.9	36.6	0	0
2021-04-21 12:12:32:685	45.9	36.4	0	0
2021-04-21 12:12:33:685	45.9	36.4	0	0
2021-04-21 12:12:34:700	45.9	36.2	0	0
2021-04-21 12:12:35:700	45.9	36.2	0	0
2021-04-21 12:12:36:716	46	36.2	0	0
2021-04-21 12:12:37:716	46	36	0	0
2021-04-21 12:12:38:731	46.2	35.9	0	0
2021-04-21 12:12:39:746	46.1	36	0	0
2021-04-21 12:12:40:746	46	36.2	0	0
2021-04-21 12:12:41:761	46.2	36.2	0	0
2021-04-21 12:12:42:761	46.1	36.4	0	0
2021-04-21 12:12:43:761	46.1	36.4	0	0
2021-04-21 12:12:44:777	46	36.4	0	0
2021-04-21 12:12:45:776	46	36.6	0	0
2021-04-21 12:12:47:791	45.8	36.5	0	0
2021-04-21 12:12:48:791	45.8	36.5	0	0
2021-04-21 12:12:49:806	45.6	36.3	0	0
2021-04-21 12:12:50:807	45.6	36.2	0	0
2021-04-21 12:12:51:822	45.6	36.2	0	0
2021-04-21 12:12:52:822	45.6	36.1	0	0
2021-04-21 12:12:53:837	45.6	36	0	0
2021-04-21 12:12:54:844	45.7	36	0	0
2021-04-21 12:12:55:844	45.7	36.1	0	0
2021-04-21 12:12:56:859	45.7	36.1	0	0
2021-04-21 12:12:57:859	45.7	36.2	0	0
2021-04-21 12:12:58:874	45.7	36.1	0	0
2021-04-21 12:12:59:874	45.7	36.2	0	0
2021-04-21 12:13:00:889	45.6	36.2	0	0
2021-04-21 12:13:01:889	45.7	36.3	0	0
2021-04-21 12:13:02:905	45.6	36.3	0	0
2021-04-21 12:13:03:904	45.7	36.4	0	0
2021-04-21 12:13:04:920	45.7	36.5	0	0
2021-04-21 12:13:05:904	45.7	0.3	0	0
2021-04-21 12:13:06:919	45.7	36.5	0	0
2021-04-21 12:13:07:919	45.7	36.6	0	0
2021-04-21 12:13:08:934	45.7	36.5	0	0
2021-04-21 12:13:09:934	45.8	36.4	0	0
2021-04-21 12:13:10:949	45.9	36.3	0	0
2021-04-21 12:13:11:948	45.7	36.2	0	0
2021-04-21 12:13:12:964	45.7	36.1	0	0
2021-04-21 12:13:13:964	45.7	36.2	0	0
2021-04-21 12:13:14:980	45.8	36.2	0	0
2021-04-21 12:13:15:980	45.8	36.1	0	0
2021-04-21 12:13:16:995	45.8	35.9	0	0
2021-04-21 12:13:17:995	45.8	35.9	0	0
2021-04-21 12:13:19:011	45.7	35.8	0	0
2021-04-21 12:13:20:011	45.6	35.8	0	0
2021-04-21 12:13:21:026	45.6	35.5	0	0
2021-04-21 12:13:22:026	45.6	35.3	0	0
2021-04-21 12:13:23:041	45.5	35.2	0	0
2021-04-21 12:13:25:032	45.5	34.9	0	0
2021-04-21 12:13:26:047	45.4	34.8	0	0
2021-04-21 12:13:27:047	45.4	34.8	0	0
2021-04-21 12:13:28:063	45.4	34.8	0	0
2021-04-21 12:13:29:078	45.4	35	0	0
2021-04-21 12:13:30:495	45.4	34.9	0	0
2021-04-21 12:13:31:088	45.3	34.9	0	0
2021-04-21 12:13:32:088	45.3	34.9	0	0
2021-04-21 12:13:33:099	45.3	35	0	0
2021-04-21 12:13:34:109	45.2	35.1	0	0
2021-04-21 12:13:35:342	45.2	35.2	0	0
2021-04-21 12:13:37:751	45.2	35.2	0	0
2021-04-21 12:13:37:766	45.2	35.3	0	0
2021-04-21 12:13:38:136	45.1	35.5	0	0
2021-04-21 12:13:39:147	45.1	35.6	0	0
2021-04-21 12:13:40:157	45.2	35.7	0	0
2021-04-21 12:13:41:168	45.2	35.7	0	0
2021-04-21 12:13:42:178	45.2	35.6	0	0
2021-04-21 12:13:44:168	45.3	35.2	0	0
2021-04-21 12:13:45:178	45.3	35.2	0	0
2021-04-21 12:13:46:189	45.3	35	0	0
2021-04-21 12:13:47:199	45.3	34.9	0	0
2021-04-21 12:13:48:209	45.3	34.8	0	0
2021-04-21 12:13:49:204	45.2	34.7	0	0
2021-04-21 12:13:50:215	45.2	34.7	0	0
2021-04-21 12:13:51:225	45.2	34.7	0	0
2021-04-21 12:13:52:235	45.2	34.7	0	0
2021-04-21 12:13:53:246	45.2	34.6	0	0
2021-04-21 12:13:54:256	45.2	34.5	0	0
2021-04-21 12:13:55:251	45.1	34.5	0	0
2021-04-21 12:13:56:262	45.1	34.5	0	0
2021-04-21 12:13:57:272	45.1	34.5	0	0
2021-04-21 12:13:58:282	45.1	34.4	0	0
2021-04-21 12:13:59:293	45.1	34.4	0	0
2021-04-21 12:14:00:303	45	34.3	0	0
2021-04-21 12:14:01:298	45	34.5	0	0
2021-04-21 12:14:02:319	45	34.7	0	0
2021-04-21 12:14:03:303	45	0.3	0	0
2021-04-21 12:14:04:314	45	34.7	0	0
2021-04-21 12:14:05:324	45.1	34.7	0	0
2021-04-21 12:14:06:319	45.1	34.8	0	0
2021-04-21 12:14:07:329	45.1	35	0	0
2021-04-21 12:14:08:340	45.1	35.1	0	0
2021-04-21 12:14:09:350	45.1	35.2	0	0
2021-04-21 12:14:10:360	45.1	35.3	0	0
2021-04-21 12:14:11:371	45.1	35.5	0	0
2021-04-21 12:14:12:381	45.1	35.6	0	0
2021-04-21 12:14:13:376	45.2	35.6	0	0
2021-04-21 12:14:14:386	45.2	35.6	0	0
2021-04-21 12:14:15:397	45.2	35.6	0	0
2021-04-21 12:14:16:407	45.2	35.6	0	0
2021-04-21 12:14:17:417	45.2	35.5	0	0
2021-04-21 12:14:18:412	45.2	35.5	0	0
2021-04-21 12:14:19:423	45.2	35.6	0	0
2021-04-21 12:14:20:433	45.2	35.7	0	0
2021-04-21 12:14:22:439	45.2	36	0	0
2021-04-21 12:14:23:449	45.2	36.1	0	0
2021-04-21 12:14:24:459	45.3	36.2	0	0
2021-04-21 12:14:25:455	45.3	36.2	0	0
2021-04-21 12:14:26:465	45.3	36.1	0	0
2021-04-21 12:14:27:476	45.3	36	0	0
2021-04-21 12:14:28:486	45.3	35.9	0	0
2021-04-21 12:14:29:496	45.3	35.9	0	0
2021-04-21 12:14:30:491	45.3	35.8	0	0
2021-04-21 12:14:31:502	45.4	35.6	0	0
2021-04-21 12:14:32:512	45.4	35.6	0	0
2021-04-21 12:14:33:522	45.4	35.6	0	0
2021-04-21 12:14:34:532	45.5	35.6	0	0
2021-04-21 12:14:35:600	45.5	35.6	0	0
2021-04-21 12:14:36:549	45.5	35.5	0	0
2021-04-21 12:14:37:545	45.5	35.4	0	0
2021-04-21 12:14:38:560	45.5	35.4	0	0
2021-04-21 12:14:39:560	45.4	35.3	0	0
2021-04-21 12:14:40:576	45.4	35.1	0	0
2021-04-21 12:14:41:576	45.4	35.1	0	0
2021-04-21 12:14:42:591	45.3	35.1	0	0
2021-04-21 12:14:43:591	45.3	35.2	0	0
2021-04-21 12:14:45:590	45.3	35.3	0	0
2021-04-21 12:14:46:606	45.3	35.3	0	0
2021-04-21 12:14:47:606	45.3	35.4	0	0
2021-04-21 12:14:48:621	45.3	35.5	0	0
2021-04-21 12:14:49:621	45.4	35.6	0	0
2021-04-21 12:14:50:636	45.4	35.5	0	0
2021-04-21 12:14:51:636	45.4	35.6	0	0
2021-04-21 12:14:52:652	45.4	35.5	0	0
2021-04-21 12:14:53:652	45.4	35.5	0	0
2021-04-21 12:14:54:659	45.4	35.6	0	0
2021-04-21 12:14:55:674	45.5	35.5	0	0
2021-04-21 12:14:56:674	45.5	35.4	0	0
2021-04-21 12:14:57:689	45.4	35.4	0	0
2021-04-21 12:14:58:689	45.4	35.6	0	0
2021-04-21 12:14:59:704	45.4	35.7	0	0
2021-04-21 12:15:00:704	45.6	35.6	0	0
2021-04-21 12:15:02:704	45.6	35.6	0	0
2021-04-21 12:15:03:719	45.5	35.6	0	0
2021-04-21 12:15:04:719	45.5	35.7	0	0
2021-04-21 12:15:05:734	45.5	35.7	0	0
2021-04-21 12:15:06:734	45.5	35.6	0	0
2021-04-21 12:15:07:749	45.5	35.6	0	0
2021-04-21 12:15:08:749	45.4	35.8	0	0
2021-04-21 12:15:09:764	45.4	35.8	0	0
2021-04-21 12:15:10:764	45.4	35.8	0	0
2021-04-21 12:15:11:780	45.4	36.1	0	0
2021-04-21 12:15:12:779	45.4	36.3	0	0
2021-04-21 12:15:13:795	45.4	36.4	0	0
2021-04-21 12:15:14:810	45.4	36.4	0	0
2021-04-21 12:15:15:810	45.4	36.4	0	0
2021-04-21 12:15:16:825	45.4	36.4	0	0
2021-04-21 12:15:17:825	45.4	36.5	0	0
2021-04-21 12:15:18:840	45.5	36.5	0	0
2021-04-21 12:15:19:840	45.5	36.4	0	0
2021-04-21 12:15:20:840	45.5	3.6	0	0
2021-04-21 12:15:21:840	45.5	36.4	0	0
2021-04-21 12:15:22:855	45.5	36.2	0	0
2021-04-21 12:15:23:855	45.5	36.2	0	0
2021-04-21 12:15:24:862	45.5	36.2	0	0
2021-04-21 12:15:25:877	45.5	36.2	0	0
2021-04-21 12:15:26:877	45.5	36.3	0	0
2021-04-21 12:15:27:892	45.5	36.2	0	0
2021-04-21 12:15:28:892	45.6	36.2	0	0
2021-04-21 12:15:29:908	45.7	36.3	0	0
2021-04-21 12:15:30:907	45.9	36.3	0	0
2021-04-21 12:15:31:923	45.9	36.4	0	0
2021-04-21 12:15:32:923	45.9	36.5	0	0
2021-04-21 12:15:33:938	45.9	36.6	0	0
2021-04-21 12:15:34:938	45.9	36.7	0	0
2021-04-21 12:15:35:953	45.9	36.9	0	0
2021-04-21 12:15:36:953	45.8	36.9	0	0
2021-04-21 12:15:37:968	46.1	36.7	0	0
2021-04-21 12:15:38:968	45.9	36.9	0	0
2021-04-21 12:15:39:968	45.9	3.6	0	0
2021-04-21 12:15:40:967	45.9	36.7	0	0
2021-04-21 12:15:41:983	45.9	36.6	0	0
2021-04-21 12:15:42:983	45.9	36.7	0	0
2021-04-21 12:15:43:998	45.9	36.6	0	0
2021-04-21 12:15:44:998	45.9	36.6	0	0
2021-04-21 12:15:46:013	45.7	36.7	0	0
2021-04-21 12:15:47:013	45.7	36.6	0	0
2021-04-21 12:15:48:029	45.8	36.6	0	0
2021-04-21 12:15:49:029	45.8	36.7	0	0
2021-04-21 12:15:50:044	45.9	36.6	0	0
2021-04-21 12:15:51:044	45.9	36.4	0	0
2021-04-21 12:15:52:059	45.9	36.1	0	0
2021-04-21 12:15:53:059	45.9	36.1	0	0
2021-04-21 12:15:54:074	45.9	36	0	0
2021-04-21 12:15:55:081	45.9	36	0	0
2021-04-21 12:15:56:096	45.9	36	0	0
2021-04-21 12:15:57:081	45.8	0.3	0	0
2021-04-21 12:15:58:096	45.7	36.1	0	0
2021-04-21 12:15:59:096	45.7	36.2	0	0
2021-04-21 12:16:00:096	45.7	36.4	0	0
2021-04-21 12:16:01:111	45.9	36.4	0	0
2021-04-21 12:16:02:142	45.9	36.4	0	0
2021-04-21 12:16:03:126	45.9	36.4	0	0
2021-04-21 12:16:04:142	45.9	36.5	0	0
2021-04-21 12:16:05:142	45.9	36.4	0	0
2021-04-21 12:16:06:157	45.9	36.4	0	0
2021-04-21 12:16:07:157	45.9	36.4	0	0
2021-04-21 12:16:08:172	46.1	36.4	0	0
2021-04-21 12:16:09:172	45.9	36.6	0	0
2021-04-21 12:16:10:187	45.9	36.6	0	0
2021-04-21 12:16:11:187	45.9	36.6	0	0
2021-04-21 12:16:12:202	45.9	36.6	0	0
2021-04-21 12:16:14:202	46.1	36.6	0	0
2021-04-21 12:16:15:202	46.1	36.6	0	0
2021-04-21 12:16:16:217	45.9	36.6	0	0
2021-04-21 12:16:17:217	45.9	36.5	0	0
2021-04-21 12:16:18:232	45.9	36.5	0	0
2021-04-21 12:16:19:232	45.9	36.4	0	0
2021-04-21 12:16:20:247	45.9	36.3	0	0
2021-04-21 12:16:21:247	45.8	36.4	0	0
2021-04-21 12:16:22:263	45.8	36.4	0	0
2021-04-21 12:16:23:263	45.8	36.5	0	0
2021-04-21 12:16:24:278	45.8	36.4	0	0
2021-04-21 12:16:25:285	45.9	36.4	0	0
2021-04-21 12:16:26:284	45.9	36.4	0	0
2021-04-21 12:16:27:300	45.9	36.5	0	0
2021-04-21 12:16:29:299	45.9	36.4	0	0
2021-04-21 12:16:30:299	45.9	36.3	0	0
2021-04-21 12:16:31:314	45.9	36.2	0	0
2021-04-21 12:16:33:189	45.9	36.2	0	0
2021-04-21 12:16:33:330	45.8	36.3	0	0
2021-04-21 12:16:34:345	45.8	36.2	0	0
2021-04-21 12:16:35:345	45.8	36.1	0	0
2021-04-21 12:16:36:344	45.8	36.2	0	0
2021-04-21 12:16:37:360	45.8	36.2	0	0
2021-04-21 12:16:38:375	45.8	36.2	0	0
2021-04-21 12:16:39:375	45.8	36.2	0	0
2021-04-21 12:16:40:390	45.9	36.1	0	0
2021-04-21 12:16:41:391	45.9	36.1	0	0
2021-04-21 12:16:42:390	45.9	0.3	0	0
2021-04-21 12:16:43:391	45.9	36.1	0	0
2021-04-21 12:16:44:390	45.9	36.1	0	0
2021-04-21 12:16:45:406	45.9	36	0	0
2021-04-21 12:16:46:421	45.8	36	0	0
2021-04-21 12:16:47:421	45.8	35.8	0	0
2021-04-21 12:16:48:436	45.8	35.6	0	0
2021-04-21 12:16:49:436	45.7	35.5	0	0
2021-04-21 12:16:50:451	45.7	35.4	0	0
2021-04-21 12:16:51:451	45.7	35.4	0	0
2021-04-21 12:16:52:467	45.7	35.4	0	0
2021-04-21 12:16:53:466	45.7	35.4	0	0
2021-04-21 12:16:54:482	45.7	35.4	0	0
2021-04-21 12:16:55:488	45.7	35.6	0	0
2021-04-21 12:16:57:488	45.7	36	0	0
2021-04-21 12:16:58:488	45.7	36.1	0	0
2021-04-21 12:16:59:503	45.7	36.2	0	0
2021-04-21 12:17:00:503	45.7	36.2	0	0
2021-04-21 12:17:01:518	45.7	36.3	0	0
2021-04-21 12:17:02:518	45.7	36.3	0	0
2021-04-21 12:17:03:534	45.9	36.2	0	0
2021-04-21 12:17:04:533	45.8	36.2	0	0
2021-04-21 12:17:05:549	45.8	36.3	0	0
2021-04-21 12:17:06:548	45.8	36.3	0	0
2021-04-21 12:17:07:564	45.8	36.3	0	0
2021-04-21 12:17:08:564	45.9	36.3	0	0
2021-04-21 12:17:09:579	45.9	36.3	0	0
2021-04-21 12:17:11:579	45.8	36.5	0	0
2021-04-21 12:17:12:578	45.8	36.5	0	0
2021-04-21 12:17:13:594	45.9	36.4	0	0
2021-04-21 12:17:14:593	45.9	36.4	0	0
2021-04-21 12:17:15:609	45.9	36.4	0	0
2021-04-21 12:17:16:609	45.9	36.4	0	0
2021-04-21 12:17:17:624	45.9	36.4	0	0
2021-04-21 12:17:18:624	45.9	36.4	0	0
2021-04-21 12:17:19:639	45.9	36.5	0	0
2021-04-21 12:17:20:639	45.9	36.5	0	0
2021-04-21 12:17:21:654	45.8	36.5	0	0
2021-04-21 12:17:22:670	45.8	36.5	0	0
2021-04-21 12:17:23:670	45.8	36.5	0	0
2021-04-21 12:17:25:676	45.7	36.5	0	0
2021-04-21 12:17:26:676	45.7	36.4	0	0
2021-04-21 12:17:27:692	45.7	36.4	0	0
2021-04-21 12:17:28:692	45.7	36.4	0	0
2021-04-21 12:17:29:707	45.7	36.2	0	0
2021-04-21 12:17:30:707	45.7	36.2	0	0
2021-04-21 12:17:31:722	45.7	36.1	0	0
2021-04-21 12:17:32:722	45.7	36.1	0	0
2021-04-21 12:17:33:737	45.9	36	0	0
2021-04-21 12:17:34:737	45.9	36	0	0
2021-04-21 12:17:35:753	45.9	36	0	0
2021-04-21 12:17:36:752	45.8	35.9	0	0
2021-04-21 12:17:38:752	45.8	36	0	0
2021-04-21 12:17:39:767	45.7	36.1	0	0
2021-04-21 12:17:40:767	45.8	36.2	0	0
2021-04-21 12:17:41:782	45.6	36.3	0	0
2021-04-21 12:17:42:782	45.6	36.2	0	0
2021-04-21 12:17:43:798	45.6	36.2	0	0
2021-04-21 12:17:44:797	45.6	36.1	0	0
2021-04-21 12:17:45:813	45.6	36	0	0
2021-04-21 12:17:46:813	45.6	36	0	0
2021-04-21 12:17:47:828	45.6	36	0	0
2021-04-21 12:17:48:828	45.6	35.9	0	0
2021-04-21 12:17:49:843	45.6	35.8	0	0
2021-04-21 12:17:50:843	45.6	35.9	0	0
2021-04-21 12:17:52:842	45.6	35.9	0	0
2021-04-21 12:17:53:858	45.6	35.9	0	0
2021-04-21 12:17:54:865	45.6	35.8	0	0
2021-04-21 12:17:55:865	45.6	35.8	0	0
2021-04-21 12:17:56:880	45.6	35.8	0	0
2021-04-21 12:17:57:880	45.6	35.8	0	0
2021-04-21 12:17:58:895	45.6	35.8	0	0
2021-04-21 12:17:59:910	45.6	35.9	0	0
2021-04-21 12:18:00:910	45.6	36	0	0
2021-04-21 12:18:01:926	45.5	36.1	0	0
2021-04-21 12:18:02:925	45.5	36.1	0	0
2021-04-21 12:18:03:941	45.5	36.2	0	0
2021-04-21 12:18:05:940	45.5	36.4	0	0
2021-04-21 12:18:06:940	45.5	36.4	0	0
2021-04-21 12:18:07:956	45.5	36.3	0	0
2021-04-21 12:18:08:955	45.5	36.1	0	0
2021-04-21 12:18:09:971	45.5	36.1	0	0
2021-04-21 12:18:10:971	45.5	36.2	0	0
2021-04-21 12:18:11:986	45.5	36.2	0	0
2021-04-21 12:18:12:986	45.5	36.1	0	0
2021-04-21 12:18:14:001	45.5	36.1	0	0
2021-04-21 12:18:15:001	45.5	36	0	0
2021-04-21 12:18:16:016	45.7	36.1	0	0
2021-04-21 12:18:17:016	45.7	36.3	0	0
2021-04-21 12:18:18:016	45.7	3.6	0	0
2021-04-21 12:18:19:016	45.8	36.3	0	0
2021-04-21 12:18:20:031	46	36.3	0	0
2021-04-21 12:18:21:031	46	36.5	0	0
2021-04-21 12:18:22:046	46	36.6	0	0
2021-04-21 12:18:23:046	46.2	36.5	0	0
2021-04-21 12:18:24:061	46.1	36.6	0	0
2021-04-21 12:18:25:068	46.1	36.6	0	0
2021-04-21 12:18:26:068	46.3	36.6	0	0
2021-04-21 12:18:27:084	46.2	36.4	0	0
2021-04-21 12:18:28:083	46.1	36.3	0	0
2021-04-21 12:18:29:099	46.1	36.1	0	0
2021-04-21 12:18:30:099	46.1	36	0	0
2021-04-21 12:18:32:098	45.8	36	0	0
2021-04-21 12:18:33:114	45.8	35.9	0	0
2021-04-21 12:18:34:113	45.7	35.9	0	0
2021-04-21 12:18:35:129	45.7	36	0	0
2021-04-21 12:18:36:128	45.7	36.1	0	0
2021-04-21 12:18:37:144	45.7	36.3	0	0
2021-04-21 12:18:38:144	45.7	36.5	0	0
2021-04-21 12:18:39:157	45.7	36.6	0	0
2021-04-21 12:21:32:289	44.6	34.4	0	0
2021-04-21 12:21:33:289	44.6	34.4	0	0
2021-04-21 12:21:34:289	44.6	0.3	0	0
2021-04-21 12:21:35:289	44.5	34.5	0	0
2021-04-21 12:21:36:293	44.5	34.6	0	0
2021-04-21 12:21:37:308	44.5	34.6	0	0
2021-04-21 12:21:38:323	44.6	34.6	0	0
2021-04-21 12:21:39:324	44.6	34.7	0	0
2021-04-21 12:21:40:339	44.6	34.7	0	0
2021-04-21 12:21:41:339	44.6	34.8	0	0
2021-04-21 12:21:42:355	44.7	34.8	0	0
2021-04-21 12:21:43:355	44.7	34.9	0	0
2021-04-21 12:21:44:370	44.7	34.9	0	0
2021-04-21 12:21:45:370	44.7	34.9	0	0
2021-04-21 12:21:46:370	44.6	34.8	0	0
2021-04-21 12:21:47:370	44.6	34.9	0	0
2021-04-21 12:21:48:385	44.6	34.9	0	0
2021-04-21 12:21:49:385	44.6	34.9	0	0
2021-04-21 12:21:50:400	44.6	34.9	0	0
2021-04-21 12:21:51:400	44.6	34.9	0	0
2021-04-21 12:21:52:416	44.6	34.9	0	0
2021-04-21 12:21:53:416	44.6	35	0	0
2021-04-21 12:21:54:431	44.7	34.9	0	0
2021-04-21 12:21:55:431	44.7	34.9	0	0
2021-04-21 12:21:56:446	44.7	34.9	0	0
2021-04-21 12:21:57:446	44.8	34.9	0	0
2021-04-21 12:21:58:461	44.8	34.9	0	0
2021-04-21 12:22:00:461	44.8	35	0	0
2021-04-21 12:22:01:461	44.8	35	0	0
2021-04-21 12:22:02:477	44.7	35.1	0	0
2021-04-21 12:22:03:476	44.8	35.2	0	0
2021-04-21 12:22:04:492	44.8	35.1	0	0
2021-04-21 12:22:05:492	44.8	35	0	0
2021-04-21 12:22:06:507	44.8	35	0	0
2021-04-21 12:22:07:507	44.8	34.9	0	0
2021-04-21 12:22:08:522	44.8	34.1	0	0
2021-04-21 12:22:09:522	44.8	33.9	0	0
2021-04-21 12:22:10:537	44.8	33.7	0	0
2021-04-21 12:22:11:537	44.7	33.5	0	0
2021-04-21 12:22:12:537	44.7	0.3	0	0
2021-04-21 12:22:13:537	44.7	33.1	0	0
2021-04-21 12:22:14:552	44.7	33	0	0
2021-04-21 12:22:15:552	44.7	32.9	0	0
2021-04-21 12:22:16:567	44.7	33.6	0	0
2021-04-21 12:22:17:567	44.8	33.7	0	0
2021-04-21 12:22:18:583	44.8	33.9	0	0
2021-04-21 12:22:19:583	44.8	34.1	0	0
2021-04-21 12:22:20:598	44.8	34.3	0	0
2021-04-21 12:22:21:598	44.8	34.6	0	0
2021-04-21 12:22:22:613	44.8	34.8	0	0
2021-04-21 12:22:23:613	44.8	34.9	0	0
2021-04-21 12:22:25:619	44.8	35	0	0
2021-04-21 12:22:26:619	44.8	35	0	0
2021-04-21 12:22:27:634	44.8	34.9	0	0
2021-04-21 12:22:28:634	44.8	34.9	0	0
2021-04-21 12:22:29:650	44.8	34.8	0	0
2021-04-21 12:22:30:649	44.8	34.8	0	0
2021-04-21 12:22:31:665	44.8	34.8	0	0
2021-04-21 12:22:32:665	44.8	34.9	0	0
2021-04-21 12:22:33:680	44.9	34.8	0	0
2021-04-21 12:22:34:684	44.9	34.9	0	0
2021-04-21 12:22:35:699	44.9	35	0	0
2021-04-21 12:22:36:699	44.9	35	0	0
2021-04-21 12:22:37:698	45	35.1	0	0
2021-04-21 12:22:38:698	45	35.2	0	0
2021-04-21 12:22:39:714	44.9	35.2	0	0
2021-04-21 12:22:40:714	45	35.1	0	0
2021-04-21 12:22:41:730	45	35.1	0	0
2021-04-21 12:22:42:729	45	35.1	0	0
2021-04-21 12:22:43:749	45	35	0	0
2021-04-21 12:22:44:750	45	35	0	0
2021-04-21 12:22:45:765	45	35.1	0	0
2021-04-21 12:22:46:765	45.1	35	0	0
2021-04-21 12:22:47:780	45.1	35	0	0
2021-04-21 12:22:48:780	45.2	35.1	0	0
2021-04-21 12:22:49:796	45.3	35.2	0	0
2021-04-21 12:22:50:780	45.3	35.2	0	0
2021-04-21 12:22:51:780	45.3	35.2	0	0
2021-04-21 12:22:52:798	45.2	35.3	0	0
2021-04-21 12:22:53:814	45.2	35.2	0	0
2021-04-21 12:22:54:807	45.1	35.3	0	0
2021-04-21 12:22:55:823	45.1	35.3	0	0
2021-04-21 12:22:56:823	45	35.3	0	0
2021-04-21 12:22:57:838	44.9	35.3	0	0
2021-04-21 12:22:58:838	44.9	35.2	0	0
2021-04-21 12:22:59:853	45	35.2	0	0
2021-04-21 12:23:00:853	45	35.2	0	0
2021-04-21 12:23:01:869	45	35.2	0	0
2021-04-21 12:23:02:869	45	35.2	0	0
2021-04-21 12:23:03:868	45	35.2	0	0
2021-04-21 12:23:04:868	45	35.2	0	0
2021-04-21 12:23:05:884	45	35.2	0	0
2021-04-21 12:23:06:884	45	35.2	0	0
2021-04-21 12:23:07:899	45	35.3	0	0
2021-04-21 12:23:08:914	45	35.3	0	0
2021-04-21 12:23:09:915	45	35.3	0	0
2021-04-21 12:23:10:915	45	35.3	0	0
2021-04-21 12:23:11:930	45	35.3	0	0
2021-04-21 12:23:12:930	45	35.2	0	0
2021-04-21 12:23:13:945	45	35.2	0	0
2021-04-21 12:23:14:945	45	35.1	0	0
2021-04-21 12:23:15:960	45	35.1	0	0
2021-04-21 12:23:16:945	45	35.1	0	0
2021-04-21 12:23:17:960	45	35	0	0
2021-04-21 12:23:18:960	45	35	0	0
2021-04-21 12:23:19:975	45	35	0	0
2021-04-21 12:23:20:975	45	34.9	0	0
2021-04-21 12:23:21:990	45	34.8	0	0
2021-04-21 12:23:22:990	45	34.7	0	0
2021-04-21 12:23:24:005	45	34.7	0	0
2021-04-21 12:23:25:011	45	34.7	0	0
2021-04-21 12:23:26:026	45	34.7	0	0
2021-04-21 12:23:27:026	45	34.6	0	0
2021-04-21 12:23:28:042	45	34.7	0	0
2021-04-21 12:23:29:026	45	34.6	0	0
2021-04-21 12:23:30:041	45	34.6	0	0
2021-04-21 12:23:31:041	45	34.7	0	0
2021-04-21 12:23:32:056	45	34.7	0	0
2021-04-21 12:23:33:056	44.9	34.6	0	0
2021-04-21 12:23:34:072	44.9	34.6	0	0
2021-04-21 12:23:35:071	44.9	34.6	0	0
2021-04-21 12:23:36:087	44.9	34.6	0	0
2021-04-21 12:23:37:087	44.9	34.6	0	0
2021-04-21 12:23:38:102	44.9	34.6	0	0
2021-04-21 12:23:39:102	44.9	34.6	0	0
2021-04-21 12:23:41:102	44.9	34.6	0	0
2021-04-21 12:23:42:117	44.8	34.5	0	0
2021-04-21 12:23:43:117	44.8	34.5	0	0
2021-04-21 12:23:44:132	44.8	34.6	0	0
2021-04-21 12:23:45:132	44.8	34.6	0	0
2021-04-21 12:23:46:147	44.8	34.6	0	0
2021-04-21 12:23:47:147	44.8	34.7	0	0
2021-04-21 12:23:48:162	44.8	34.7	0	0
2021-04-21 12:23:49:162	44.9	34.8	0	0
2021-04-21 12:23:50:178	44.9	34.9	0	0
2021-04-21 12:23:51:177	44.9	34.9	0	0
2021-04-21 12:23:52:177	44.9	34.8	0	0
2021-04-21 12:23:53:177	44.8	34.8	0	0
2021-04-21 12:23:54:192	44.8	34.8	0	0
2021-04-21 12:23:55:199	44.8	34.9	0	0
2021-04-21 12:23:56:199	44.8	34.8	0	0
2021-04-21 12:23:57:214	44.8	34.7	0	0
2021-04-21 12:23:58:229	44.8	34.6	0	0
2021-04-21 12:23:59:229	44.8	34.6	0	0
2021-04-21 12:24:00:229	44.8	34.7	0	0
2021-04-21 12:24:01:245	44.8	34.6	0	0
2021-04-21 12:24:02:261	44.8	34.5	0	0
2021-04-21 12:24:04:260	44.7	34.5	0	0
2021-04-21 12:24:05:260	44.7	34.5	0	0
2021-04-21 12:24:06:260	44.7	34.5	0	0
2021-04-21 12:24:07:275	44.7	34.5	0	0
2021-04-21 12:24:08:290	44.7	34.5	0	0
2021-04-21 12:24:09:290	44.7	34.5	0	0
2021-04-21 12:24:10:306	44.7	34.4	0	0
2021-04-21 12:24:11:306	44.7	34.4	0	0
2021-04-21 12:24:12:321	44.6	34.3	0	0
2021-04-21 12:24:13:321	44.6	34.2	0	0
2021-04-21 12:24:14:336	44.6	34.1	0	0
2021-04-21 12:24:16:336	45.2	33.4	0	0
2021-04-21 12:24:17:335	45.2	33.3	0	0
2021-04-21 12:24:18:351	45.1	32.7	0	0
2021-04-21 12:24:19:351	45.1	32.7	0	0
2021-04-21 12:24:20:366	45.1	32.7	0	0
2021-04-21 12:24:21:366	45.7	32.1	0	0
2021-04-21 12:24:22:381	45.7	31.6	0	0
2021-04-21 12:24:23:381	46.3	31.6	0	0
2021-04-21 12:24:24:396	45.7	31.5	0	0
2021-04-21 12:24:25:403	45.7	31.5	0	0
2021-04-21 12:24:26:403	45.6	32	0	0
2021-04-21 12:24:28:402	45.6	32	0	0
2021-04-21 12:24:29:418	45	32.5	0	0
2021-04-21 12:24:30:417	45	33.1	0	0
2021-04-21 12:24:31:433	44.4	33.1	0	0
2021-04-21 12:24:32:651	44.4	33.1	0	0
2021-04-21 12:24:33:448	44.3	33.1	0	0
2021-04-21 12:24:34:448	44.3	33.2	0	0
2021-04-21 12:24:35:463	44.3	33.2	0	0
2021-04-21 12:24:36:463	44.3	33.1	0	0
2021-04-21 12:24:37:478	44.3	33.8	0	0
2021-04-21 12:24:38:494	44.2	33.9	0	0
2021-04-21 12:24:39:478	44.2	34.5	0	0
2021-04-21 12:24:40:478	44.2	35.2	0	0
2021-04-21 12:24:41:493	44.2	35.2	0	0
2021-04-21 12:24:42:493	44.2	35.2	0	0
2021-04-21 12:24:43:508	44.2	35.3	0	0
2021-04-21 12:24:44:523	44.1	35.3	0	0
2021-04-21 12:24:45:570	44.1	34.6	0	0
2021-04-21 12:24:46:539	44.1	34.7	0	0
2021-04-21 12:24:47:539	44.1	34.8	0	0
2021-04-21 12:24:48:554	44.1	34.8	0	0
2021-04-21 12:24:49:554	44.1	34.7	0	0
2021-04-21 12:24:50:553	44.1	34.6	0	0
2021-04-21 12:24:51:553	44.1	34.6	0	0
2021-04-21 12:24:52:568	44	34.7	0	0
2021-04-21 12:24:53:568	44	34.8	0	0
2021-04-21 12:24:54:575	44	34.8	0	0
2021-04-21 12:24:55:590	44	34.6	0	0
2021-04-21 12:24:56:590	44	34	0	0
2021-04-21 12:24:57:606	44	34.1	0	0
2021-04-21 12:24:58:605	43.4	34.2	0	0
2021-04-21 12:24:59:621	43.4	34.3	0	0
2021-04-21 12:25:00:620	42.8	34.3	0	0
2021-04-21 12:25:01:620	42.8	0.3	0	0
2021-04-21 12:25:02:620	42.3	34.3	0	0
2021-04-21 12:25:03:636	42.3	34.4	0	0
2021-04-21 12:25:04:635	42.3	34.5	0	0
2021-04-21 12:25:05:651	42.3	34.5	0	0
2021-04-21 12:25:06:651	42.9	34.5	0	0
2021-04-21 12:25:07:666	42.9	34.6	0	0
2021-04-21 12:25:08:666	43.4	35.1	0	0
2021-04-21 12:25:09:681	43.4	35.1	0	0
2021-04-21 12:25:10:681	43.9	35.2	0	0
2021-04-21 12:25:11:697	43.9	35.2	0	0
2021-04-21 12:25:13:696	43.9	35.8	0	0
2021-04-21 12:25:14:696	43.9	35.9	0	0
2021-04-21 12:25:15:711	43.9	35.8	0	0
2021-04-21 12:25:16:711	43.3	35.3	0	0
2021-04-21 12:25:17:726	43.4	35.3	0	0
2021-04-21 12:25:18:726	43.4	35.3	0	0
2021-04-21 12:25:19:742	43.3	35.3	0	0
2021-04-21 12:25:20:741	42.9	34.8	0	0
2021-04-21 12:25:21:757	42.9	35.3	0	0
2021-04-21 12:25:22:772	42.8	35.3	0	0
2021-04-21 12:25:23:772	42.8	35.3	0	0
2021-04-21 12:25:25:778	43.4	35.7	0	0
2021-04-21 12:25:26:778	43.4	35.6	0	0
2021-04-21 12:25:27:793	43.4	35.6	0	0
2021-04-21 12:25:28:793	43.3	35.5	0	0
2021-04-21 12:25:29:809	43.3	35	0	0
2021-04-21 12:25:30:809	43.3	35	0	0
2021-04-21 12:25:31:824	43.3	34.9	0	0
2021-04-21 12:25:32:824	43.3	34.9	0	0
2021-04-21 12:25:33:839	43.3	34.9	0	0
2021-04-21 12:25:34:839	43.3	35	0	0
2021-04-21 12:25:35:839	43.3	0.3	0	0
2021-04-21 12:25:36:838	43.8	35.5	0	0
2021-04-21 12:25:37:854	43.8	35.5	0	0
2021-04-21 12:25:38:854	43.2	35.4	0	0
2021-04-21 12:25:39:869	43.2	35.4	0	0
2021-04-21 12:25:40:869	43.2	36	0	0
2021-04-21 12:25:41:884	43.2	35.5	0	0
2021-04-21 12:25:42:884	43.2	35.4	0	0
2021-04-21 12:25:43:899	43.2	34.9	0	0
2021-04-21 12:25:44:899	43.2	34.9	0	0
2021-04-21 12:25:45:915	43.2	34.9	0	0
2021-04-21 12:25:46:899	43.8	35	0	0
2021-04-21 12:25:47:914	43.8	34.9	0	0
2021-04-21 12:25:48:914	43.7	34.3	0	0
2021-04-21 12:25:49:929	43.8	34.3	0	0
2021-04-21 12:25:50:929	43.8	34.2	0	0
2021-04-21 12:25:51:944	43.7	34.2	0	0
2021-04-21 12:25:52:944	43.7	34.2	0	0
2021-04-21 12:25:53:960	43.7	34.3	0	0
2021-04-21 12:25:54:967	43.3	34.3	0	0
2021-04-21 12:25:55:966	43.3	34.4	0	0
2021-04-21 12:25:57:966	43.2	34.6	0	0
2021-04-21 12:25:58:981	43.2	34.7	0	0
2021-04-21 12:25:59:981	43.2	34.7	0	0
2021-04-21 12:26:00:996	43.2	34.6	0	0
2021-04-21 12:26:01:996	43.2	34.5	0	0
2021-04-21 12:26:03:012	43.1	34.5	0	0
2021-04-21 12:26:04:012	42.6	34.5	0	0
2021-04-21 12:26:05:027	42.6	34.4	0	0
2021-04-21 12:26:06:027	42.1	34.2	0	0
2021-04-21 12:26:07:042	42.1	34.2	0	0
2021-04-21 12:26:09:042	41.6	34.2	0	0
2021-04-21 12:26:10:057	41.6	34.1	0	0
2021-04-21 12:26:11:057	41.6	34.1	0	0
2021-04-21 12:26:12:072	42.1	34.2	0	0
2021-04-21 12:26:13:072	42.1	34.3	0	0
2021-04-21 12:26:14:088	42.6	34.5	0	0
2021-04-21 12:26:15:088	42.6	34.6	0	0
2021-04-21 12:26:16:103	42.6	34.7	0	0
2021-04-21 12:26:17:103	43.1	34.8	0	0
2021-04-21 12:26:18:118	43.1	34.8	0	0
2021-04-21 12:26:19:102	43.7	34.9	0	0
2021-04-21 12:26:20:118	43.2	35	0	0
2021-04-21 12:26:21:118	43.2	35	0	0
2021-04-21 12:26:22:133	43.2	35	0	0
2021-04-21 12:26:23:133	43.2	34.9	0	0
2021-04-21 12:26:24:148	43.2	34.8	0	0
2021-04-21 12:26:25:155	43.2	34.7	0	0
2021-04-21 12:26:26:154	43.2	34.7	0	0
2021-04-21 12:26:27:170	43.2	35.2	0	0
2021-04-21 12:26:28:169	43.6	35.1	0	0
2021-04-21 12:26:29:185	43.6	35.5	0	0
2021-04-21 12:26:30:169	43.1	35.4	0	0
2021-04-21 12:26:31:184	42.6	35.6	0	0
2021-04-21 12:26:32:184	42.6	35.7	0	0
2021-04-21 12:26:33:200	42.6	35.8	0	0
2021-04-21 12:26:34:199	42.6	35.9	0	0
2021-04-21 12:26:35:215	42.2	35.5	0	0
2021-04-21 12:26:36:215	42.2	35.5	0	0
2021-04-21 12:26:37:230	42.2	35.1	0	0
2021-04-21 12:26:38:230	42.7	35.2	0	0
2021-04-21 12:26:39:245	43.2	35.2	0	0
2021-04-21 12:26:40:245	42.8	35.2	0	0
2021-04-21 12:26:41:245	42.8	35.3	0	0
2021-04-21 12:26:42:245	42.8	35.2	0	0
2021-04-21 12:26:43:260	43.2	35.2	0	0
2021-04-21 12:26:44:260	43.2	35.7	0	0
2021-04-21 12:26:45:275	42.8	35.7	0	0
2021-04-21 12:26:46:275	42.8	35.7	0	0
2021-04-21 12:26:47:291	42.8	36.1	0	0
2021-04-21 12:26:48:290	43.2	36.2	0	0
2021-04-21 12:26:49:306	43.2	36.2	0	0
2021-04-21 12:26:50:305	43.2	36.2	0	0
2021-04-21 12:26:52:321	42.8	35.8	0	0
2021-04-21 12:26:53:321	43.3	35.8	0	0
2021-04-21 12:26:54:320	43.3	35.8	0	0
2021-04-21 12:26:55:342	43.3	35.4	0	0
2021-04-21 12:26:56:342	42.9	35.4	0	0
2021-04-21 12:26:57:358	42.9	35.4	0	0
2021-04-21 12:26:58:358	42.5	35.4	0	0
2021-04-21 12:26:59:373	42.5	35.4	0	0
2021-04-21 12:27:00:373	42.5	35.3	0	0
2021-04-21 12:27:01:373	42.5	35.3	0	0
2021-04-21 12:27:02:373	42.1	35.3	0	0
2021-04-21 12:27:03:388	42.1	35.2	0	0
2021-04-21 12:27:04:388	42.4	35.6	0	0
2021-04-21 12:27:05:403	42	36	0	0
2021-04-21 12:27:06:403	42.4	36	0	0
2021-04-21 12:27:07:418	42.8	36	0	0
2021-04-21 12:27:08:418	42.4	36.4	0	0
2021-04-21 12:27:09:433	42.4	36.4	0	0
2021-04-21 12:27:10:433	42.8	36.4	0	0
2021-04-21 12:27:11:449	42.4	36.3	0	0
2021-04-21 12:27:12:433	42.4	35.8	0	0
2021-04-21 12:27:13:448	42.8	35.8	0	0
2021-04-21 12:27:14:448	42.3	35.8	0	0
2021-04-21 12:27:15:463	42.3	35.8	0	0
2021-04-21 12:27:16:467	42.7	35.3	0	0
2021-04-21 12:27:17:470	42.2	35.3	0	0
2021-04-21 12:27:18:485	42.2	35.7	0	0
2021-04-21 12:27:19:485	42.7	35.7	0	0
2021-04-21 12:27:20:500	42.7	35.7	0	0
2021-04-21 12:27:22:500	42.7	35.2	0	0
2021-04-21 12:27:23:499	42.7	35.2	0	0
2021-04-21 12:27:24:515	42.7	35.1	0	0
2021-04-21 12:27:25:515	43.1	35.1	0	0
2021-04-21 12:27:26:530	43.1	34.6	0	0
2021-04-21 12:27:27:530	43.1	34.6	0	0
2021-04-21 12:27:28:545	42.7	34.7	0	0
2021-04-21 12:27:29:561	42.6	35.1	0	0
2021-04-21 12:27:30:561	43.1	35.1	0	0
2021-04-21 12:27:31:545	43.1	35.2	0	0
2021-04-21 12:27:32:560	43.1	35.2	0	0
2021-04-21 12:27:33:576	43.1	35.1	0	0
2021-04-21 12:27:34:575	43.1	35.1	0	0
2021-04-21 12:27:35:591	43.1	35	0	0
2021-04-21 12:27:36:591	43	34.9	0	0
2021-04-21 12:27:37:591	43	34.5	0	0
2021-04-21 12:27:38:606	42.6	34.5	0	0
2021-04-21 12:27:39:621	42.6	34.5	0	0
2021-04-21 12:27:40:621	42.6	34.6	0	0
2021-04-21 12:27:41:621	42.6	34.7	0	0
2021-04-21 12:27:42:621	42.6	34.7	0	0
2021-04-21 12:27:43:636	42.6	34.8	0	0
2021-04-21 12:27:44:636	43	34.8	0	0
2021-04-21 12:27:45:651	43	34.9	0	0
2021-04-21 12:27:46:651	43.5	35.3	0	0
2021-04-21 12:27:47:666	43.5	35.7	0	0
2021-04-21 12:27:48:666	43.5	35.8	0	0
2021-04-21 12:27:49:682	43.5	35.8	0	0
2021-04-21 12:27:50:666	43.5	35.8	0	0
2021-04-21 12:27:51:681	43.5	35.9	0	0
2021-04-21 12:27:52:681	43.5	35.9	0	0
2021-04-21 12:27:53:697	43.5	35.9	0	0
2021-04-21 12:27:54:703	43.5	35.4	0	0
2021-04-21 12:27:55:703	43	35	0	0
2021-04-21 12:27:56:718	43	35.4	0	0
2021-04-21 12:27:57:718	43	35.8	0	0
2021-04-21 12:27:58:733	43	35.9	0	0
2021-04-21 12:28:00:733	42.7	36.3	0	0
2021-04-21 12:28:01:733	42.7	36.3	0	0
2021-04-21 12:28:02:749	42.7	36.3	0	0
2021-04-21 12:28:03:749	43.1	36.2	0	0
2021-04-21 12:28:04:764	43.1	36.2	0	0
2021-04-21 12:28:05:764	43.1	35.7	0	0
2021-04-21 12:28:06:779	43.1	35.7	0	0
2021-04-21 12:28:07:779	43.5	35.2	0	0
2021-04-21 12:28:08:794	43.5	35.2	0	0
2021-04-21 12:28:09:778	43.5	0.3	0	0
2021-04-21 12:28:10:820	43.5	35.3	0	0
2021-04-21 12:28:11:796	43.5	35.4	0	0
2021-04-21 12:28:12:801	43.5	35.4	0	0
2021-04-21 12:28:13:813	43.5	35.5	0	0
2021-04-21 12:28:14:828	43.5	35.5	0	0
2021-04-21 12:28:15:828	43.5	35.9	0	0
2021-04-21 12:28:16:844	43.5	36.4	0	0
2021-04-21 12:28:17:843	43.5	36.4	0	0
2021-04-21 12:28:18:859	43.1	36.4	0	0
2021-04-21 12:28:19:843	43.1	3.6	0	0
2021-04-21 12:28:20:859	43.1	36.4	0	0
2021-04-21 12:28:21:858	42.7	36.4	0	0
2021-04-21 12:28:22:874	42.7	36.4	0	0
2021-04-21 12:28:23:873	42.3	36.1	0	0
2021-04-21 12:28:24:890	42	35.7	0	0
2021-04-21 12:28:25:890	42	35.7	0	0
2021-04-21 12:28:26:906	42.4	35.7	0	0
2021-04-21 12:28:27:906	42.4	35.2	0	0
2021-04-21 12:28:28:921	42.4	35.2	0	0
2021-04-21 12:28:29:905	42.8	35.6	0	0
2021-04-21 12:28:30:921	42.8	35.5	0	0
2021-04-21 12:28:31:920	43.1	35.9	0	0
2021-04-21 12:28:32:936	43.5	35.9	0	0
2021-04-21 12:28:33:936	43.5	35.8	0	0
2021-04-21 12:28:34:951	43.1	35.8	0	0
2021-04-21 12:28:35:951	43.1	35.8	0	0
2021-04-21 12:28:36:966	43.1	35.8	0	0
2021-04-21 12:28:37:966	43.1	35.4	0	0
2021-04-21 12:28:38:981	43.1	35.4	0	0
2021-04-21 12:28:40:981	43.1	35.1	0	0
2021-04-21 12:28:41:980	43.1	35.1	0	0
2021-04-21 12:28:42:996	43.5	35.1	0	0
2021-04-21 12:28:43:996	43.5	35.1	0	0
2021-04-21 12:28:45:011	43.5	35.1	0	0
2021-04-21 12:28:46:011	43.5	35.1	0	0
2021-04-21 12:28:47:026	43.5	35.1	0	0
2021-04-21 12:28:48:026	43.5	35.1	0	0
2021-04-21 12:28:49:041	43.1	35.1	0	0
2021-04-21 12:28:51:041	43.1	35.5	0	0
2021-04-21 12:28:52:041	43.1	35.5	0	0
2021-04-21 12:28:53:056	43.1	35.5	0	0
2021-04-21 12:28:54:056	42.7	35.5	0	0
2021-04-21 12:28:55:063	42.7	35.9	0	0
2021-04-21 12:28:56:078	42.7	35.9	0	0
2021-04-21 12:28:57:078	43.1	35.9	0	0
2021-04-21 12:28:58:093	43.1	36	0	0
2021-04-21 12:28:59:109	43.1	35.6	0	0
2021-04-21 12:29:01:093	43.1	36.1	0	0
2021-04-21 12:29:02:108	43.6	36.1	0	0
2021-04-21 12:29:03:123	43.6	35.7	0	0
2021-04-21 12:29:04:123	43.2	35.7	0	0
2021-04-21 12:29:05:138	43.2	35.7	0	0
2021-04-21 12:29:06:138	43.2	35.7	0	0
2021-04-21 12:29:07:154	43.2	35.6	0	0
2021-04-21 12:29:08:154	43.2	35.6	0	0
2021-04-21 12:29:09:169	43.2	35.2	0	0
2021-04-21 12:29:10:169	43.2	35.1	0	0
2021-04-21 12:29:12:169	43.1	35	0	0
2021-04-21 12:29:13:184	43.1	35	0	0
2021-04-21 12:29:14:184	43.1	35.4	0	0
2021-04-21 12:29:15:199	42.7	35.4	0	0
2021-04-21 12:29:16:199	42.7	35.3	0	0
2021-04-21 12:29:17:215	42.7	35.4	0	0
2021-04-21 12:29:18:214	42.7	35.4	0	0
2021-04-21 12:29:19:230	43.1	35.8	0	0
2021-04-21 12:29:20:229	43.1	35.8	0	0
2021-04-21 12:29:21:245	43.1	35.9	0	0
2021-04-21 12:29:22:229	43.1	35.9	0	0
2021-04-21 12:29:23:245	43.1	35.9	0	0
2021-04-21 12:29:24:244	43.1	35.8	0	0
2021-04-21 12:29:25:251	43.1	35.8	0	0
2021-04-21 12:29:26:266	43.1	35.8	0	0
2021-04-21 12:29:27:266	43.1	35.4	0	0
2021-04-21 12:29:28:281	43.1	35.3	0	0
2021-04-21 12:29:29:281	43.1	35.3	0	0
2021-04-21 12:29:30:297	42.6	34.8	0	0
2021-04-21 12:29:31:296	43.1	34.8	0	0
2021-04-21 12:29:32:296	43	34.8	0	0
2021-04-21 12:29:33:296	43	34.8	0	0
2021-04-21 12:29:34:311	43	34.8	0	0
2021-04-21 12:29:35:311	43	34.7	0	0
2021-04-21 12:29:36:327	43	34.7	0	0
2021-04-21 12:29:37:326	43	34.8	0	0
2021-04-21 12:29:38:342	43.5	34.8	0	0
2021-04-21 12:29:39:341	43.5	34.8	0	0
2021-04-21 12:29:40:357	43.5	34.9	0	0
2021-04-21 12:29:41:357	43.5	34.9	0	0
2021-04-21 12:29:42:357	43.5	3.4	0	0
2021-04-21 12:29:43:372	43.4	34.9	0	0
2021-04-21 12:29:44:372	43	34.9	0	0
2021-04-21 12:29:45:372	43	34.8	0	0
2021-04-21 12:29:46:387	43	34.7	0	0
2021-04-21 12:29:47:387	43	34.6	0	0
2021-04-21 12:29:48:402	42.4	34.4	0	0
2021-04-21 12:29:49:402	42.4	34.4	0	0
2021-04-21 12:29:50:418	42.4	34.3	0	0
2021-04-21 12:29:51:433	42.4	34.3	0	0
2021-04-21 12:29:53:433	42.4	34.9	0	0
2021-04-21 12:29:54:433	42.4	34.9	0	0
2021-04-21 12:29:55:439	42.4	35.5	0	0
2021-04-21 12:29:56:454	42.9	36	0	0
2021-04-21 12:29:57:454	42.6	36.1	0	0
2021-04-21 12:29:58:469	42.5	36.2	0	0
2021-04-21 12:29:59:469	42.5	36.3	0	0
2021-04-21 12:30:00:484	42.5	35.9	0	0
2021-04-21 12:30:01:484	42.6	35.9	0	0
2021-04-21 12:30:03:484	42.6	35.6	0	0
2021-04-21 12:30:04:499	42.2	35.2	0	0
2021-04-21 12:30:05:499	42.6	35.2	0	0
2021-04-21 12:30:06:514	42.6	35.2	0	0
2021-04-21 12:30:07:514	42.6	35.2	0	0
2021-04-21 12:30:08:530	42.6	35.3	0	0
2021-04-21 12:30:09:531	42.6	35.3	0	0
2021-04-21 12:30:10:546	42.3	35.4	0	0
2021-04-21 12:30:11:546	42.3	35.7	0	0
2021-04-21 12:30:12:561	42.6	35.8	0	0
2021-04-21 12:30:13:546	42.6	35.8	0	0
2021-04-21 12:30:14:561	42.6	35.8	0	0
2021-04-21 12:30:15:561	42.6	36.2	0	0
2021-04-21 12:30:16:576	42.6	36.2	0	0
2021-04-21 12:30:17:576	42.7	36.2	0	0
2021-04-21 12:30:18:591	43	36.2	0	0
2021-04-21 12:30:19:591	42.6	35.8	0	0
2021-04-21 12:30:20:606	42.6	35.8	0	0
2021-04-21 12:30:21:606	42.6	35.7	0	0
2021-04-21 12:30:22:627	42.6	35.7	0	0
2021-04-21 12:30:23:611	42.6	3.5	0	0
2021-04-21 12:30:24:627	42.6	35.6	0	0
2021-04-21 12:30:25:626	42.6	35.5	0	0
2021-04-21 12:30:26:642	42.6	35.4	0	0
2021-04-21 12:30:27:642	42.5	35.4	0	0
2021-04-21 12:30:28:657	42.5	35.4	0	0
2021-04-21 12:30:29:657	42.5	35.3	0	0
2021-04-21 12:30:30:672	42.5	35.3	0	0
2021-04-21 12:30:31:672	42.1	35.3	0	0
2021-04-21 12:30:32:687	41.6	34.8	0	0
2021-04-21 12:30:33:671	42	34.8	0	0
2021-04-21 12:30:34:687	42	34.8	0	0
2021-04-21 12:30:35:687	42.4	34.8	0	0
2021-04-21 12:30:36:702	42.4	35.2	0	0
2021-04-21 12:30:37:702	42.4	35.2	0	0
2021-04-21 12:30:38:718	42.4	35.2	0	0
2021-04-21 12:30:39:718	42.8	35.2	0	0
2021-04-21 12:30:40:733	43.2	35.2	0	0
2021-04-21 12:30:41:733	43.2	35.6	0	0
2021-04-21 12:30:42:732	43.2	35.7	0	0
2021-04-21 12:30:43:732	42.8	35.7	0	0
2021-04-21 12:30:44:748	42.8	35.3	0	0
2021-04-21 12:30:45:748	42.4	35.2	0	0
2021-04-21 12:30:46:763	42.4	35.1	0	0
2021-04-21 12:30:47:763	42.4	35.1	0	0
2021-04-21 12:30:48:778	42.4	34.9	0	0
2021-04-21 12:30:49:778	42.4	34.4	0	0
2021-04-21 12:30:50:793	42.4	34.3	0	0
2021-04-21 12:30:51:777	42.8	34	0	0
2021-04-21 12:30:52:793	42.8	33.8	0	0
2021-04-21 12:30:53:793	43.1	33.7	0	0
2021-04-21 12:30:54:799	43.1	33.5	0	0
2021-04-21 12:30:55:815	43	33.5	0	0
2021-04-21 12:30:56:814	43	33.3	0	0
2021-04-21 12:30:57:830	42.9	33.1	0	0
2021-04-21 12:30:58:829	42.9	32.8	0	0
2021-04-21 12:31:00:829	42.8	32.2	0	0
2021-04-21 12:31:01:844	42.7	32.1	0	0
2021-04-21 12:31:02:844	42.7	32	0	0
2021-04-21 12:31:03:860	42.7	32	0	0
2021-04-21 12:31:04:860	42.8	32.1	0	0
2021-04-21 12:31:05:875	42.8	32.2	0	0
2021-04-21 12:31:06:875	42.8	32.5	0	0
2021-04-21 12:31:07:890	42.7	32.7	0	0
2021-04-21 12:31:09:890	42.7	33.2	0	0
2021-04-21 12:31:10:890	42.7	33.1	0	0
2021-04-21 12:31:11:905	42.6	32.9	0	0
2021-04-21 12:31:12:905	42.5	32.8	0	0
2021-04-21 12:31:13:921	42.3	32.7	0	0
2021-04-21 12:31:14:936	42.5	32.5	0	0
2021-04-21 12:31:15:936	42.4	32.2	0	0
2021-04-21 12:31:16:951	42.4	32	0	0
2021-04-21 12:31:17:951	42.3	32	0	0
2021-04-21 12:31:18:950	42.3	32	0	0
2021-04-21 12:31:19:950	42.2	31.8	0	0
2021-04-21 12:31:20:966	42.1	31.8	0	0
2021-04-21 12:31:21:966	42.1	31.5	0	0
2021-04-21 12:31:22:981	41.9	31.4	0	0
2021-04-21 12:31:23:981	41.8	31.5	0	0
2021-04-21 12:31:24:987	41.8	31.4	0	0
2021-04-21 12:31:26:002	41.7	31.6	0	0
2021-04-21 12:31:27:002	41.7	31.6	0	0
2021-04-21 12:31:29:002	41.8	31.8	0	0
2021-04-21 12:31:30:017	41.8	32	0	0
2021-04-21 12:31:31:017	41.8	31.9	0	0
2021-04-21 12:31:32:032	41.7	31.9	0	0
2021-04-21 12:31:33:032	41.8	32	0	0
2021-04-21 12:31:34:048	41.9	31.9	0	0
2021-04-21 12:31:35:047	41.9	32.1	0	0
2021-04-21 12:31:36:063	41.9	32.3	0	0
2021-04-21 12:31:37:074	41.9	32.6	0	0
2021-04-21 12:31:39:073	42.2	33.3	0	0
